4000
1 2 3 4 5 6 7 8 
2 9 10 3 6 11 12 7 
9 13 14 10 11 15 16 12 
13 17 18 14 15 19 20 16 
17 21 22 18 19 23 24 20 
21 25 26 22 23 27 28 24 
25 29 30 26 27 31 32 28 
29 33 34 30 31 35 36 32 
33 37 38 34 35 39 40 36 
37 41 42 38 39 43 44 40 
4 3 45 46 8 7 47 48 
3 10 49 45 7 12 50 47 
10 14 51 49 12 16 52 50 
14 18 53 51 16 20 54 52 
18 22 55 53 20 24 56 54 
22 26 57 55 24 28 58 56 
26 30 59 57 28 32 60 58 
30 34 61 59 32 36 62 60 
34 38 63 61 36 40 64 62 
38 42 65 63 40 44 66 64 
46 45 67 68 48 47 69 70 
45 49 71 67 47 50 72 69 
49 51 73 71 50 52 74 72 
51 53 75 73 52 54 76 74 
53 55 77 75 54 56 78 76 
55 57 79 77 56 58 80 78 
57 59 81 79 58 60 82 80 
59 61 83 81 60 62 84 82 
61 63 85 83 62 64 86 84 
63 65 87 85 64 66 88 86 
68 67 89 90 70 69 91 92 
67 71 93 89 69 72 94 91 
71 73 95 93 72 74 96 94 
73 75 97 95 74 76 98 96 
75 77 99 97 76 78 100 98 
77 79 101 99 78 80 102 100 
79 81 103 101 80 82 104 102 
81 83 105 103 82 84 106 104 
83 85 107 105 84 86 108 106 
85 87 109 107 86 88 110 108 
90 89 111 112 92 91 113 114 
89 93 115 111 91 94 116 113 
93 95 117 115 94 96 118 116 
95 97 119 117 96 98 120 118 
97 99 121 119 98 100 122 120 
99 101 123 121 100 102 124 122 
101 103 125 123 102 104 126 124 
103 105 127 125 104 106 128 126 
105 107 129 127 106 108 130 128 
107 109 131 129 108 110 132 130 
112 111 133 134 114 113 135 136 
111 115 137 133 113 116 138 135 
115 117 139 137 116 118 140 138 
117 119 141 139 118 120 142 140 
119 121 143 141 120 122 144 142 
121 123 145 143 122 124 146 144 
123 125 147 145 124 126 148 146 
125 127 149 147 126 128 150 148 
127 129 151 149 128 130 152 150 
129 131 153 151 130 132 154 152 
134 133 155 156 136 135 157 158 
133 137 159 155 135 138 160 157 
137 139 161 159 138 140 162 160 
139 141 163 161 140 142 164 162 
141 143 165 163 142 144 166 164 
143 145 167 165 144 146 168 166 
145 147 169 167 146 148 170 168 
147 149 171 169 148 150 172 170 
149 151 173 171 150 152 174 172 
151 153 175 173 152 154 176 174 
156 155 177 178 158 157 179 180 
155 159 181 177 157 160 182 179 
159 161 183 181 160 162 184 182 
161 163 185 183 162 164 186 184 
163 165 187 185 164 166 188 186 
165 167 189 187 166 168 190 188 
167 169 191 189 168 170 192 190 
169 171 193 191 170 172 194 192 
171 173 195 193 172 174 196 194 
173 175 197 195 174 176 198 196 
178 177 199 200 180 179 201 202 
177 181 203 199 179 182 204 201 
181 183 205 203 182 184 206 204 
183 185 207 205 184 186 208 206 
185 187 209 207 186 188 210 208 
187 189 211 209 188 190 212 210 
189 191 213 211 190 192 214 212 
191 193 215 213 192 194 216 214 
193 195 217 215 194 196 218 216 
195 197 219 217 196 198 220 218 
200 199 221 222 202 201 223 224 
199 203 225 221 201 204 226 223 
203 205 227 225 204 206 228 226 
205 207 229 227 206 208 230 228 
207 209 231 229 208 210 232 230 
209 211 233 231 210 212 234 232 
211 213 235 233 212 214 236 234 
213 215 237 235 214 216 238 236 
215 217 239 237 216 218 240 238 
217 219 241 239 218 220 242 240 
222 221 243 244 224 223 245 246 
221 225 247 243 223 226 248 245 
225 227 249 247 226 228 250 248 
227 229 251 249 228 230 252 250 
229 231 253 251 230 232 254 252 
231 233 255 253 232 234 256 254 
233 235 257 255 234 236 258 256 
235 237 259 257 236 238 260 258 
237 239 261 259 238 240 262 260 
239 241 263 261 240 242 264 262 
244 243 265 266 246 245 267 268 
243 247 269 265 245 248 270 267 
247 249 271 269 248 250 272 270 
249 251 273 271 250 252 274 272 
251 253 275 273 252 254 276 274 
253 255 277 275 254 256 278 276 
255 257 279 277 256 258 280 278 
257 259 281 279 258 260 282 280 
259 261 283 281 260 262 284 282 
261 263 285 283 262 264 286 284 
266 265 287 288 268 267 289 290 
265 269 291 287 267 270 292 289 
269 271 293 291 270 272 294 292 
271 273 295 293 272 274 296 294 
273 275 297 295 274 276 298 296 
275 277 299 297 276 278 300 298 
277 279 301 299 278 280 302 300 
279 281 303 301 280 282 304 302 
281 283 305 303 282 284 306 304 
283 285 307 305 284 286 308 306 
288 287 309 310 290 289 311 312 
287 291 313 309 289 292 314 311 
291 293 315 313 292 294 316 314 
293 295 317 315 294 296 318 316 
295 297 319 317 296 298 320 318 
297 299 321 319 298 300 322 320 
299 301 323 321 300 302 324 322 
301 303 325 323 302 304 326 324 
303 305 327 325 304 306 328 326 
305 307 329 327 306 308 330 328 
310 309 331 332 312 311 333 334 
309 313 335 331 311 314 336 333 
313 315 337 335 314 316 338 336 
315 317 339 337 316 318 340 338 
317 319 341 339 318 320 342 340 
319 321 343 341 320 322 344 342 
321 323 345 343 322 324 346 344 
323 325 347 345 324 326 348 346 
325 327 349 347 326 328 350 348 
327 329 351 349 328 330 352 350 
332 331 353 354 334 333 355 356 
331 335 357 353 333 336 358 355 
335 337 359 357 336 338 360 358 
337 339 361 359 338 340 362 360 
339 341 363 361 340 342 364 362 
341 343 365 363 342 344 366 364 
343 345 367 365 344 346 368 366 
345 347 369 367 346 348 370 368 
347 349 371 369 348 350 372 370 
349 351 373 371 350 352 374 372 
354 353 375 376 356 355 377 378 
353 357 379 375 355 358 380 377 
357 359 381 379 358 360 382 380 
359 361 383 381 360 362 384 382 
361 363 385 383 362 364 386 384 
363 365 387 385 364 366 388 386 
365 367 389 387 366 368 390 388 
367 369 391 389 368 370 392 390 
369 371 393 391 370 372 394 392 
371 373 395 393 372 374 396 394 
376 375 397 398 378 377 399 400 
375 379 401 397 377 380 402 399 
379 381 403 401 380 382 404 402 
381 383 405 403 382 384 406 404 
383 385 407 405 384 386 408 406 
385 387 409 407 386 388 410 408 
387 389 411 409 388 390 412 410 
389 391 413 411 390 392 414 412 
391 393 415 413 392 394 416 414 
393 395 417 415 394 396 418 416 
398 397 419 420 400 399 421 422 
397 401 423 419 399 402 424 421 
401 403 425 423 402 404 426 424 
403 405 427 425 404 406 428 426 
405 407 429 427 406 408 430 428 
407 409 431 429 408 410 432 430 
409 411 433 431 410 412 434 432 
411 413 435 433 412 414 436 434 
413 415 437 435 414 416 438 436 
415 417 439 437 416 418 440 438 
420 419 441 442 422 421 443 444 
419 423 445 441 421 424 446 443 
423 425 447 445 424 426 448 446 
425 427 449 447 426 428 450 448 
427 429 451 449 428 430 452 450 
429 431 453 451 430 432 454 452 
431 433 455 453 432 434 456 454 
433 435 457 455 434 436 458 456 
435 437 459 457 436 438 460 458 
437 439 461 459 438 440 462 460 
5 6 7 8 463 464 465 466 
6 11 12 7 464 467 468 465 
11 15 16 12 467 469 470 468 
15 19 20 16 469 471 472 470 
19 23 24 20 471 473 474 472 
23 27 28 24 473 475 476 474 
27 31 32 28 475 477 478 476 
31 35 36 32 477 479 480 478 
35 39 40 36 479 481 482 480 
39 43 44 40 481 483 484 482 
8 7 47 48 466 465 485 486 
7 12 50 47 465 468 487 485 
12 16 52 50 468 470 488 487 
16 20 54 52 470 472 489 488 
20 24 56 54 472 474 490 489 
24 28 58 56 474 476 491 490 
28 32 60 58 476 478 492 491 
32 36 62 60 478 480 493 492 
36 40 64 62 480 482 494 493 
40 44 66 64 482 484 495 494 
48 47 69 70 486 485 496 497 
47 50 72 69 485 487 498 496 
50 52 74 72 487 488 499 498 
52 54 76 74 488 489 500 499 
54 56 78 76 489 490 501 500 
56 58 80 78 490 491 502 501 
58 60 82 80 491 492 503 502 
60 62 84 82 492 493 504 503 
62 64 86 84 493 494 505 504 
64 66 88 86 494 495 506 505 
70 69 91 92 497 496 507 508 
69 72 94 91 496 498 509 507 
72 74 96 94 498 499 510 509 
74 76 98 96 499 500 511 510 
76 78 100 98 500 501 512 511 
78 80 102 100 501 502 513 512 
80 82 104 102 502 503 514 513 
82 84 106 104 503 504 515 514 
84 86 108 106 504 505 516 515 
86 88 110 108 505 506 517 516 
92 91 113 114 508 507 518 519 
91 94 116 113 507 509 520 518 
94 96 118 116 509 510 521 520 
96 98 120 118 510 511 522 521 
98 100 122 120 511 512 523 522 
100 102 124 122 512 513 524 523 
102 104 126 124 513 514 525 524 
104 106 128 126 514 515 526 525 
106 108 130 128 515 516 527 526 
108 110 132 130 516 517 528 527 
114 113 135 136 519 518 529 530 
113 116 138 135 518 520 531 529 
116 118 140 138 520 521 532 531 
118 120 142 140 521 522 533 532 
120 122 144 142 522 523 534 533 
122 124 146 144 523 524 535 534 
124 126 148 146 524 525 536 535 
126 128 150 148 525 526 537 536 
128 130 152 150 526 527 538 537 
130 132 154 152 527 528 539 538 
136 135 157 158 530 529 540 541 
135 138 160 157 529 531 542 540 
138 140 162 160 531 532 543 542 
140 142 164 162 532 533 544 543 
142 144 166 164 533 534 545 544 
144 146 168 166 534 535 546 545 
146 148 170 168 535 536 547 546 
148 150 172 170 536 537 548 547 
150 152 174 172 537 538 549 548 
152 154 176 174 538 539 550 549 
158 157 179 180 541 540 551 552 
157 160 182 179 540 542 553 551 
160 162 184 182 542 543 554 553 
162 164 186 184 543 544 555 554 
164 166 188 186 544 545 556 555 
166 168 190 188 545 546 557 556 
168 170 192 190 546 547 558 557 
170 172 194 192 547 548 559 558 
172 174 196 194 548 549 560 559 
174 176 198 196 549 550 561 560 
180 179 201 202 552 551 562 563 
179 182 204 201 551 553 564 562 
182 184 206 204 553 554 565 564 
184 186 208 206 554 555 566 565 
186 188 210 208 555 556 567 566 
188 190 212 210 556 557 568 567 
190 192 214 212 557 558 569 568 
192 194 216 214 558 559 570 569 
194 196 218 216 559 560 571 570 
196 198 220 218 560 561 572 571 
202 201 223 224 563 562 573 574 
201 204 226 223 562 564 575 573 
204 206 228 226 564 565 576 575 
206 208 230 228 565 566 577 576 
208 210 232 230 566 567 578 577 
210 212 234 232 567 568 579 578 
212 214 236 234 568 569 580 579 
214 216 238 236 569 570 581 580 
216 218 240 238 570 571 582 581 
218 220 242 240 571 572 583 582 
224 223 245 246 574 573 584 585 
223 226 248 245 573 575 586 584 
226 228 250 248 575 576 587 586 
228 230 252 250 576 577 588 587 
230 232 254 252 577 578 589 588 
232 234 256 254 578 579 590 589 
234 236 258 256 579 580 591 590 
236 238 260 258 580 581 592 591 
238 240 262 260 581 582 593 592 
240 242 264 262 582 583 594 593 
246 245 267 268 585 584 595 596 
245 248 270 267 584 586 597 595 
248 250 272 270 586 587 598 597 
250 252 274 272 587 588 599 598 
252 254 276 274 588 589 600 599 
254 256 278 276 589 590 601 600 
256 258 280 278 590 591 602 601 
258 260 282 280 591 592 603 602 
260 262 284 282 592 593 604 603 
262 264 286 284 593 594 605 604 
268 267 289 290 596 595 606 607 
267 270 292 289 595 597 608 606 
270 272 294 292 597 598 609 608 
272 274 296 294 598 599 610 609 
274 276 298 296 599 600 611 610 
276 278 300 298 600 601 612 611 
278 280 302 300 601 602 613 612 
280 282 304 302 602 603 614 613 
282 284 306 304 603 604 615 614 
284 286 308 306 604 605 616 615 
290 289 311 312 607 606 617 618 
289 292 314 311 606 608 619 617 
292 294 316 314 608 609 620 619 
294 296 318 316 609 610 621 620 
296 298 320 318 610 611 622 621 
298 300 322 320 611 612 623 622 
300 302 324 322 612 613 624 623 
302 304 326 324 613 614 625 624 
304 306 328 326 614 615 626 625 
306 308 330 328 615 616 627 626 
312 311 333 334 618 617 628 629 
311 314 336 333 617 619 630 628 
314 316 338 336 619 620 631 630 
316 318 340 338 620 621 632 631 
318 320 342 340 621 622 633 632 
320 322 344 342 622 623 634 633 
322 324 346 344 623 624 635 634 
324 326 348 346 624 625 636 635 
326 328 350 348 625 626 637 636 
328 330 352 350 626 627 638 637 
334 333 355 356 629 628 639 640 
333 336 358 355 628 630 641 639 
336 338 360 358 630 631 642 641 
338 340 362 360 631 632 643 642 
340 342 364 362 632 633 644 643 
342 344 366 364 633 634 645 644 
344 346 368 366 634 635 646 645 
346 348 370 368 635 636 647 646 
348 350 372 370 636 637 648 647 
350 352 374 372 637 638 649 648 
356 355 377 378 640 639 650 651 
355 358 380 377 639 641 652 650 
358 360 382 380 641 642 653 652 
360 362 384 382 642 643 654 653 
362 364 386 384 643 644 655 654 
364 366 388 386 644 645 656 655 
366 368 390 388 645 646 657 656 
368 370 392 390 646 647 658 657 
370 372 394 392 647 648 659 658 
372 374 396 394 648 649 660 659 
378 377 399 400 651 650 661 662 
377 380 402 399 650 652 663 661 
380 382 404 402 652 653 664 663 
382 384 406 404 653 654 665 664 
384 386 408 406 654 655 666 665 
386 388 410 408 655 656 667 666 
388 390 412 410 656 657 668 667 
390 392 414 412 657 658 669 668 
392 394 416 414 658 659 670 669 
394 396 418 416 659 660 671 670 
400 399 421 422 662 661 672 673 
399 402 424 421 661 663 674 672 
402 404 426 424 663 664 675 674 
404 406 428 426 664 665 676 675 
406 408 430 428 665 666 677 676 
408 410 432 430 666 667 678 677 
410 412 434 432 667 668 679 678 
412 414 436 434 668 669 680 679 
414 416 438 436 669 670 681 680 
416 418 440 438 670 671 682 681 
422 421 443 444 673 672 683 684 
421 424 446 443 672 674 685 683 
424 426 448 446 674 675 686 685 
426 428 450 448 675 676 687 686 
428 430 452 450 676 677 688 687 
430 432 454 452 677 678 689 688 
432 434 456 454 678 679 690 689 
434 436 458 456 679 680 691 690 
436 438 460 458 680 681 692 691 
438 440 462 460 681 682 693 692 
463 464 465 466 694 695 696 697 
464 467 468 465 695 698 699 696 
467 469 470 468 698 700 701 699 
469 471 472 470 700 702 703 701 
471 473 474 472 702 704 705 703 
473 475 476 474 704 706 707 705 
475 477 478 476 706 708 709 707 
477 479 480 478 708 710 711 709 
479 481 482 480 710 712 713 711 
481 483 484 482 712 714 715 713 
466 465 485 486 697 696 716 717 
465 468 487 485 696 699 718 716 
468 470 488 487 699 701 719 718 
470 472 489 488 701 703 720 719 
472 474 490 489 703 705 721 720 
474 476 491 490 705 707 722 721 
476 478 492 491 707 709 723 722 
478 480 493 492 709 711 724 723 
480 482 494 493 711 713 725 724 
482 484 495 494 713 715 726 725 
486 485 496 497 717 716 727 728 
485 487 498 496 716 718 729 727 
487 488 499 498 718 719 730 729 
488 489 500 499 719 720 731 730 
489 490 501 500 720 721 732 731 
490 491 502 501 721 722 733 732 
491 492 503 502 722 723 734 733 
492 493 504 503 723 724 735 734 
493 494 505 504 724 725 736 735 
494 495 506 505 725 726 737 736 
497 496 507 508 728 727 738 739 
496 498 509 507 727 729 740 738 
498 499 510 509 729 730 741 740 
499 500 511 510 730 731 742 741 
500 501 512 511 731 732 743 742 
501 502 513 512 732 733 744 743 
502 503 514 513 733 734 745 744 
503 504 515 514 734 735 746 745 
504 505 516 515 735 736 747 746 
505 506 517 516 736 737 748 747 
508 507 518 519 739 738 749 750 
507 509 520 518 738 740 751 749 
509 510 521 520 740 741 752 751 
510 511 522 521 741 742 753 752 
511 512 523 522 742 743 754 753 
512 513 524 523 743 744 755 754 
513 514 525 524 744 745 756 755 
514 515 526 525 745 746 757 756 
515 516 527 526 746 747 758 757 
516 517 528 527 747 748 759 758 
519 518 529 530 750 749 760 761 
518 520 531 529 749 751 762 760 
520 521 532 531 751 752 763 762 
521 522 533 532 752 753 764 763 
522 523 534 533 753 754 765 764 
523 524 535 534 754 755 766 765 
524 525 536 535 755 756 767 766 
525 526 537 536 756 757 768 767 
526 527 538 537 757 758 769 768 
527 528 539 538 758 759 770 769 
530 529 540 541 761 760 771 772 
529 531 542 540 760 762 773 771 
531 532 543 542 762 763 774 773 
532 533 544 543 763 764 775 774 
533 534 545 544 764 765 776 775 
534 535 546 545 765 766 777 776 
535 536 547 546 766 767 778 777 
536 537 548 547 767 768 779 778 
537 538 549 548 768 769 780 779 
538 539 550 549 769 770 781 780 
541 540 551 552 772 771 782 783 
540 542 553 551 771 773 784 782 
542 543 554 553 773 774 785 784 
543 544 555 554 774 775 786 785 
544 545 556 555 775 776 787 786 
545 546 557 556 776 777 788 787 
546 547 558 557 777 778 789 788 
547 548 559 558 778 779 790 789 
548 549 560 559 779 780 791 790 
549 550 561 560 780 781 792 791 
552 551 562 563 783 782 793 794 
551 553 564 562 782 784 795 793 
553 554 565 564 784 785 796 795 
554 555 566 565 785 786 797 796 
555 556 567 566 786 787 798 797 
556 557 568 567 787 788 799 798 
557 558 569 568 788 789 800 799 
558 559 570 569 789 790 801 800 
559 560 571 570 790 791 802 801 
560 561 572 571 791 792 803 802 
563 562 573 574 794 793 804 805 
562 564 575 573 793 795 806 804 
564 565 576 575 795 796 807 806 
565 566 577 576 796 797 808 807 
566 567 578 577 797 798 809 808 
567 568 579 578 798 799 810 809 
568 569 580 579 799 800 811 810 
569 570 581 580 800 801 812 811 
570 571 582 581 801 802 813 812 
571 572 583 582 802 803 814 813 
574 573 584 585 805 804 815 816 
573 575 586 584 804 806 817 815 
575 576 587 586 806 807 818 817 
576 577 588 587 807 808 819 818 
577 578 589 588 808 809 820 819 
578 579 590 589 809 810 821 820 
579 580 591 590 810 811 822 821 
580 581 592 591 811 812 823 822 
581 582 593 592 812 813 824 823 
582 583 594 593 813 814 825 824 
585 584 595 596 816 815 826 827 
584 586 597 595 815 817 828 826 
586 587 598 597 817 818 829 828 
587 588 599 598 818 819 830 829 
588 589 600 599 819 820 831 830 
589 590 601 600 820 821 832 831 
590 591 602 601 821 822 833 832 
591 592 603 602 822 823 834 833 
592 593 604 603 823 824 835 834 
593 594 605 604 824 825 836 835 
596 595 606 607 827 826 837 838 
595 597 608 606 826 828 839 837 
597 598 609 608 828 829 840 839 
598 599 610 609 829 830 841 840 
599 600 611 610 830 831 842 841 
600 601 612 611 831 832 843 842 
601 602 613 612 832 833 844 843 
602 603 614 613 833 834 845 844 
603 604 615 614 834 835 846 845 
604 605 616 615 835 836 847 846 
607 606 617 618 838 837 848 849 
606 608 619 617 837 839 850 848 
608 609 620 619 839 840 851 850 
609 610 621 620 840 841 852 851 
610 611 622 621 841 842 853 852 
611 612 623 622 842 843 854 853 
612 613 624 623 843 844 855 854 
613 614 625 624 844 845 856 855 
614 615 626 625 845 846 857 856 
615 616 627 626 846 847 858 857 
618 617 628 629 849 848 859 860 
617 619 630 628 848 850 861 859 
619 620 631 630 850 851 862 861 
620 621 632 631 851 852 863 862 
621 622 633 632 852 853 864 863 
622 623 634 633 853 854 865 864 
623 624 635 634 854 855 866 865 
624 625 636 635 855 856 867 866 
625 626 637 636 856 857 868 867 
626 627 638 637 857 858 869 868 
629 628 639 640 860 859 870 871 
628 630 641 639 859 861 872 870 
630 631 642 641 861 862 873 872 
631 632 643 642 862 863 874 873 
632 633 644 643 863 864 875 874 
633 634 645 644 864 865 876 875 
634 635 646 645 865 866 877 876 
635 636 647 646 866 867 878 877 
636 637 648 647 867 868 879 878 
637 638 649 648 868 869 880 879 
640 639 650 651 871 870 881 882 
639 641 652 650 870 872 883 881 
641 642 653 652 872 873 884 883 
642 643 654 653 873 874 885 884 
643 644 655 654 874 875 886 885 
644 645 656 655 875 876 887 886 
645 646 657 656 876 877 888 887 
646 647 658 657 877 878 889 888 
647 648 659 658 878 879 890 889 
648 649 660 659 879 880 891 890 
651 650 661 662 882 881 892 893 
650 652 663 661 881 883 894 892 
652 653 664 663 883 884 895 894 
653 654 665 664 884 885 896 895 
654 655 666 665 885 886 897 896 
655 656 667 666 886 887 898 897 
656 657 668 667 887 888 899 898 
657 658 669 668 888 889 900 899 
658 659 670 669 889 890 901 900 
659 660 671 670 890 891 902 901 
662 661 672 673 893 892 903 904 
661 663 674 672 892 894 905 903 
663 664 675 674 894 895 906 905 
664 665 676 675 895 896 907 906 
665 666 677 676 896 897 908 907 
666 667 678 677 897 898 909 908 
667 668 679 678 898 899 910 909 
668 669 680 679 899 900 911 910 
669 670 681 680 900 901 912 911 
670 671 682 681 901 902 913 912 
673 672 683 684 904 903 914 915 
672 674 685 683 903 905 916 914 
674 675 686 685 905 906 917 916 
675 676 687 686 906 907 918 917 
676 677 688 687 907 908 919 918 
677 678 689 688 908 909 920 919 
678 679 690 689 909 910 921 920 
679 680 691 690 910 911 922 921 
680 681 692 691 911 912 923 922 
681 682 693 692 912 913 924 923 
694 695 696 697 925 926 927 928 
695 698 699 696 926 929 930 927 
698 700 701 699 929 931 932 930 
700 702 703 701 931 933 934 932 
702 704 705 703 933 935 936 934 
704 706 707 705 935 937 938 936 
706 708 709 707 937 939 940 938 
708 710 711 709 939 941 942 940 
710 712 713 711 941 943 944 942 
712 714 715 713 943 945 946 944 
697 696 716 717 928 927 947 948 
696 699 718 716 927 930 949 947 
699 701 719 718 930 932 950 949 
701 703 720 719 932 934 951 950 
703 705 721 720 934 936 952 951 
705 707 722 721 936 938 953 952 
707 709 723 722 938 940 954 953 
709 711 724 723 940 942 955 954 
711 713 725 724 942 944 956 955 
713 715 726 725 944 946 957 956 
717 716 727 728 948 947 958 959 
716 718 729 727 947 949 960 958 
718 719 730 729 949 950 961 960 
719 720 731 730 950 951 962 961 
720 721 732 731 951 952 963 962 
721 722 733 732 952 953 964 963 
722 723 734 733 953 954 965 964 
723 724 735 734 954 955 966 965 
724 725 736 735 955 956 967 966 
725 726 737 736 956 957 968 967 
728 727 738 739 959 958 969 970 
727 729 740 738 958 960 971 969 
729 730 741 740 960 961 972 971 
730 731 742 741 961 962 973 972 
731 732 743 742 962 963 974 973 
732 733 744 743 963 964 975 974 
733 734 745 744 964 965 976 975 
734 735 746 745 965 966 977 976 
735 736 747 746 966 967 978 977 
736 737 748 747 967 968 979 978 
739 738 749 750 970 969 980 981 
738 740 751 749 969 971 982 980 
740 741 752 751 971 972 983 982 
741 742 753 752 972 973 984 983 
742 743 754 753 973 974 985 984 
743 744 755 754 974 975 986 985 
744 745 756 755 975 976 987 986 
745 746 757 756 976 977 988 987 
746 747 758 757 977 978 989 988 
747 748 759 758 978 979 990 989 
750 749 760 761 981 980 991 992 
749 751 762 760 980 982 993 991 
751 752 763 762 982 983 994 993 
752 753 764 763 983 984 995 994 
753 754 765 764 984 985 996 995 
754 755 766 765 985 986 997 996 
755 756 767 766 986 987 998 997 
756 757 768 767 987 988 999 998 
757 758 769 768 988 989 1000 999 
758 759 770 769 989 990 1001 1000 
761 760 771 772 992 991 1002 1003 
760 762 773 771 991 993 1004 1002 
762 763 774 773 993 994 1005 1004 
763 764 775 774 994 995 1006 1005 
764 765 776 775 995 996 1007 1006 
765 766 777 776 996 997 1008 1007 
766 767 778 777 997 998 1009 1008 
767 768 779 778 998 999 1010 1009 
768 769 780 779 999 1000 1011 1010 
769 770 781 780 1000 1001 1012 1011 
772 771 782 783 1003 1002 1013 1014 
771 773 784 782 1002 1004 1015 1013 
773 774 785 784 1004 1005 1016 1015 
774 775 786 785 1005 1006 1017 1016 
775 776 787 786 1006 1007 1018 1017 
776 777 788 787 1007 1008 1019 1018 
777 778 789 788 1008 1009 1020 1019 
778 779 790 789 1009 1010 1021 1020 
779 780 791 790 1010 1011 1022 1021 
780 781 792 791 1011 1012 1023 1022 
783 782 793 794 1014 1013 1024 1025 
782 784 795 793 1013 1015 1026 1024 
784 785 796 795 1015 1016 1027 1026 
785 786 797 796 1016 1017 1028 1027 
786 787 798 797 1017 1018 1029 1028 
787 788 799 798 1018 1019 1030 1029 
788 789 800 799 1019 1020 1031 1030 
789 790 801 800 1020 1021 1032 1031 
790 791 802 801 1021 1022 1033 1032 
791 792 803 802 1022 1023 1034 1033 
794 793 804 805 1025 1024 1035 1036 
793 795 806 804 1024 1026 1037 1035 
795 796 807 806 1026 1027 1038 1037 
796 797 808 807 1027 1028 1039 1038 
797 798 809 808 1028 1029 1040 1039 
798 799 810 809 1029 1030 1041 1040 
799 800 811 810 1030 1031 1042 1041 
800 801 812 811 1031 1032 1043 1042 
801 802 813 812 1032 1033 1044 1043 
802 803 814 813 1033 1034 1045 1044 
805 804 815 816 1036 1035 1046 1047 
804 806 817 815 1035 1037 1048 1046 
806 807 818 817 1037 1038 1049 1048 
807 808 819 818 1038 1039 1050 1049 
808 809 820 819 1039 1040 1051 1050 
809 810 821 820 1040 1041 1052 1051 
810 811 822 821 1041 1042 1053 1052 
811 812 823 822 1042 1043 1054 1053 
812 813 824 823 1043 1044 1055 1054 
813 814 825 824 1044 1045 1056 1055 
816 815 826 827 1047 1046 1057 1058 
815 817 828 826 1046 1048 1059 1057 
817 818 829 828 1048 1049 1060 1059 
818 819 830 829 1049 1050 1061 1060 
819 820 831 830 1050 1051 1062 1061 
820 821 832 831 1051 1052 1063 1062 
821 822 833 832 1052 1053 1064 1063 
822 823 834 833 1053 1054 1065 1064 
823 824 835 834 1054 1055 1066 1065 
824 825 836 835 1055 1056 1067 1066 
827 826 837 838 1058 1057 1068 1069 
826 828 839 837 1057 1059 1070 1068 
828 829 840 839 1059 1060 1071 1070 
829 830 841 840 1060 1061 1072 1071 
830 831 842 841 1061 1062 1073 1072 
831 832 843 842 1062 1063 1074 1073 
832 833 844 843 1063 1064 1075 1074 
833 834 845 844 1064 1065 1076 1075 
834 835 846 845 1065 1066 1077 1076 
835 836 847 846 1066 1067 1078 1077 
838 837 848 849 1069 1068 1079 1080 
837 839 850 848 1068 1070 1081 1079 
839 840 851 850 1070 1071 1082 1081 
840 841 852 851 1071 1072 1083 1082 
841 842 853 852 1072 1073 1084 1083 
842 843 854 853 1073 1074 1085 1084 
843 844 855 854 1074 1075 1086 1085 
844 845 856 855 1075 1076 1087 1086 
845 846 857 856 1076 1077 1088 1087 
846 847 858 857 1077 1078 1089 1088 
849 848 859 860 1080 1079 1090 1091 
848 850 861 859 1079 1081 1092 1090 
850 851 862 861 1081 1082 1093 1092 
851 852 863 862 1082 1083 1094 1093 
852 853 864 863 1083 1084 1095 1094 
853 854 865 864 1084 1085 1096 1095 
854 855 866 865 1085 1086 1097 1096 
855 856 867 866 1086 1087 1098 1097 
856 857 868 867 1087 1088 1099 1098 
857 858 869 868 1088 1089 1100 1099 
860 859 870 871 1091 1090 1101 1102 
859 861 872 870 1090 1092 1103 1101 
861 862 873 872 1092 1093 1104 1103 
862 863 874 873 1093 1094 1105 1104 
863 864 875 874 1094 1095 1106 1105 
864 865 876 875 1095 1096 1107 1106 
865 866 877 876 1096 1097 1108 1107 
866 867 878 877 1097 1098 1109 1108 
867 868 879 878 1098 1099 1110 1109 
868 869 880 879 1099 1100 1111 1110 
871 870 881 882 1102 1101 1112 1113 
870 872 883 881 1101 1103 1114 1112 
872 873 884 883 1103 1104 1115 1114 
873 874 885 884 1104 1105 1116 1115 
874 875 886 885 1105 1106 1117 1116 
875 876 887 886 1106 1107 1118 1117 
876 877 888 887 1107 1108 1119 1118 
877 878 889 888 1108 1109 1120 1119 
878 879 890 889 1109 1110 1121 1120 
879 880 891 890 1110 1111 1122 1121 
882 881 892 893 1113 1112 1123 1124 
881 883 894 892 1112 1114 1125 1123 
883 884 895 894 1114 1115 1126 1125 
884 885 896 895 1115 1116 1127 1126 
885 886 897 896 1116 1117 1128 1127 
886 887 898 897 1117 1118 1129 1128 
887 888 899 898 1118 1119 1130 1129 
888 889 900 899 1119 1120 1131 1130 
889 890 901 900 1120 1121 1132 1131 
890 891 902 901 1121 1122 1133 1132 
893 892 903 904 1124 1123 1134 1135 
892 894 905 903 1123 1125 1136 1134 
894 895 906 905 1125 1126 1137 1136 
895 896 907 906 1126 1127 1138 1137 
896 897 908 907 1127 1128 1139 1138 
897 898 909 908 1128 1129 1140 1139 
898 899 910 909 1129 1130 1141 1140 
899 900 911 910 1130 1131 1142 1141 
900 901 912 911 1131 1132 1143 1142 
901 902 913 912 1132 1133 1144 1143 
904 903 914 915 1135 1134 1145 1146 
903 905 916 914 1134 1136 1147 1145 
905 906 917 916 1136 1137 1148 1147 
906 907 918 917 1137 1138 1149 1148 
907 908 919 918 1138 1139 1150 1149 
908 909 920 919 1139 1140 1151 1150 
909 910 921 920 1140 1141 1152 1151 
910 911 922 921 1141 1142 1153 1152 
911 912 923 922 1142 1143 1154 1153 
912 913 924 923 1143 1144 1155 1154 
925 926 927 928 1156 1157 1158 1159 
926 929 930 927 1157 1160 1161 1158 
929 931 932 930 1160 1162 1163 1161 
931 933 934 932 1162 1164 1165 1163 
933 935 936 934 1164 1166 1167 1165 
935 937 938 936 1166 1168 1169 1167 
937 939 940 938 1168 1170 1171 1169 
939 941 942 940 1170 1172 1173 1171 
941 943 944 942 1172 1174 1175 1173 
943 945 946 944 1174 1176 1177 1175 
928 927 947 948 1159 1158 1178 1179 
927 930 949 947 1158 1161 1180 1178 
930 932 950 949 1161 1163 1181 1180 
932 934 951 950 1163 1165 1182 1181 
934 936 952 951 1165 1167 1183 1182 
936 938 953 952 1167 1169 1184 1183 
938 940 954 953 1169 1171 1185 1184 
940 942 955 954 1171 1173 1186 1185 
942 944 956 955 1173 1175 1187 1186 
944 946 957 956 1175 1177 1188 1187 
948 947 958 959 1179 1178 1189 1190 
947 949 960 958 1178 1180 1191 1189 
949 950 961 960 1180 1181 1192 1191 
950 951 962 961 1181 1182 1193 1192 
951 952 963 962 1182 1183 1194 1193 
952 953 964 963 1183 1184 1195 1194 
953 954 965 964 1184 1185 1196 1195 
954 955 966 965 1185 1186 1197 1196 
955 956 967 966 1186 1187 1198 1197 
956 957 968 967 1187 1188 1199 1198 
959 958 969 970 1190 1189 1200 1201 
958 960 971 969 1189 1191 1202 1200 
960 961 972 971 1191 1192 1203 1202 
961 962 973 972 1192 1193 1204 1203 
962 963 974 973 1193 1194 1205 1204 
963 964 975 974 1194 1195 1206 1205 
964 965 976 975 1195 1196 1207 1206 
965 966 977 976 1196 1197 1208 1207 
966 967 978 977 1197 1198 1209 1208 
967 968 979 978 1198 1199 1210 1209 
970 969 980 981 1201 1200 1211 1212 
969 971 982 980 1200 1202 1213 1211 
971 972 983 982 1202 1203 1214 1213 
972 973 984 983 1203 1204 1215 1214 
973 974 985 984 1204 1205 1216 1215 
974 975 986 985 1205 1206 1217 1216 
975 976 987 986 1206 1207 1218 1217 
976 977 988 987 1207 1208 1219 1218 
977 978 989 988 1208 1209 1220 1219 
978 979 990 989 1209 1210 1221 1220 
981 980 991 992 1212 1211 1222 1223 
980 982 993 991 1211 1213 1224 1222 
982 983 994 993 1213 1214 1225 1224 
983 984 995 994 1214 1215 1226 1225 
984 985 996 995 1215 1216 1227 1226 
985 986 997 996 1216 1217 1228 1227 
986 987 998 997 1217 1218 1229 1228 
987 988 999 998 1218 1219 1230 1229 
988 989 1000 999 1219 1220 1231 1230 
989 990 1001 1000 1220 1221 1232 1231 
992 991 1002 1003 1223 1222 1233 1234 
991 993 1004 1002 1222 1224 1235 1233 
993 994 1005 1004 1224 1225 1236 1235 
994 995 1006 1005 1225 1226 1237 1236 
995 996 1007 1006 1226 1227 1238 1237 
996 997 1008 1007 1227 1228 1239 1238 
997 998 1009 1008 1228 1229 1240 1239 
998 999 1010 1009 1229 1230 1241 1240 
999 1000 1011 1010 1230 1231 1242 1241 
1000 1001 1012 1011 1231 1232 1243 1242 
1003 1002 1013 1014 1234 1233 1244 1245 
1002 1004 1015 1013 1233 1235 1246 1244 
1004 1005 1016 1015 1235 1236 1247 1246 
1005 1006 1017 1016 1236 1237 1248 1247 
1006 1007 1018 1017 1237 1238 1249 1248 
1007 1008 1019 1018 1238 1239 1250 1249 
1008 1009 1020 1019 1239 1240 1251 1250 
1009 1010 1021 1020 1240 1241 1252 1251 
1010 1011 1022 1021 1241 1242 1253 1252 
1011 1012 1023 1022 1242 1243 1254 1253 
1014 1013 1024 1025 1245 1244 1255 1256 
1013 1015 1026 1024 1244 1246 1257 1255 
1015 1016 1027 1026 1246 1247 1258 1257 
1016 1017 1028 1027 1247 1248 1259 1258 
1017 1018 1029 1028 1248 1249 1260 1259 
1018 1019 1030 1029 1249 1250 1261 1260 
1019 1020 1031 1030 1250 1251 1262 1261 
1020 1021 1032 1031 1251 1252 1263 1262 
1021 1022 1033 1032 1252 1253 1264 1263 
1022 1023 1034 1033 1253 1254 1265 1264 
1025 1024 1035 1036 1256 1255 1266 1267 
1024 1026 1037 1035 1255 1257 1268 1266 
1026 1027 1038 1037 1257 1258 1269 1268 
1027 1028 1039 1038 1258 1259 1270 1269 
1028 1029 1040 1039 1259 1260 1271 1270 
1029 1030 1041 1040 1260 1261 1272 1271 
1030 1031 1042 1041 1261 1262 1273 1272 
1031 1032 1043 1042 1262 1263 1274 1273 
1032 1033 1044 1043 1263 1264 1275 1274 
1033 1034 1045 1044 1264 1265 1276 1275 
1036 1035 1046 1047 1267 1266 1277 1278 
1035 1037 1048 1046 1266 1268 1279 1277 
1037 1038 1049 1048 1268 1269 1280 1279 
1038 1039 1050 1049 1269 1270 1281 1280 
1039 1040 1051 1050 1270 1271 1282 1281 
1040 1041 1052 1051 1271 1272 1283 1282 
1041 1042 1053 1052 1272 1273 1284 1283 
1042 1043 1054 1053 1273 1274 1285 1284 
1043 1044 1055 1054 1274 1275 1286 1285 
1044 1045 1056 1055 1275 1276 1287 1286 
1047 1046 1057 1058 1278 1277 1288 1289 
1046 1048 1059 1057 1277 1279 1290 1288 
1048 1049 1060 1059 1279 1280 1291 1290 
1049 1050 1061 1060 1280 1281 1292 1291 
1050 1051 1062 1061 1281 1282 1293 1292 
1051 1052 1063 1062 1282 1283 1294 1293 
1052 1053 1064 1063 1283 1284 1295 1294 
1053 1054 1065 1064 1284 1285 1296 1295 
1054 1055 1066 1065 1285 1286 1297 1296 
1055 1056 1067 1066 1286 1287 1298 1297 
1058 1057 1068 1069 1289 1288 1299 1300 
1057 1059 1070 1068 1288 1290 1301 1299 
1059 1060 1071 1070 1290 1291 1302 1301 
1060 1061 1072 1071 1291 1292 1303 1302 
1061 1062 1073 1072 1292 1293 1304 1303 
1062 1063 1074 1073 1293 1294 1305 1304 
1063 1064 1075 1074 1294 1295 1306 1305 
1064 1065 1076 1075 1295 1296 1307 1306 
1065 1066 1077 1076 1296 1297 1308 1307 
1066 1067 1078 1077 1297 1298 1309 1308 
1069 1068 1079 1080 1300 1299 1310 1311 
1068 1070 1081 1079 1299 1301 1312 1310 
1070 1071 1082 1081 1301 1302 1313 1312 
1071 1072 1083 1082 1302 1303 1314 1313 
1072 1073 1084 1083 1303 1304 1315 1314 
1073 1074 1085 1084 1304 1305 1316 1315 
1074 1075 1086 1085 1305 1306 1317 1316 
1075 1076 1087 1086 1306 1307 1318 1317 
1076 1077 1088 1087 1307 1308 1319 1318 
1077 1078 1089 1088 1308 1309 1320 1319 
1080 1079 1090 1091 1311 1310 1321 1322 
1079 1081 1092 1090 1310 1312 1323 1321 
1081 1082 1093 1092 1312 1313 1324 1323 
1082 1083 1094 1093 1313 1314 1325 1324 
1083 1084 1095 1094 1314 1315 1326 1325 
1084 1085 1096 1095 1315 1316 1327 1326 
1085 1086 1097 1096 1316 1317 1328 1327 
1086 1087 1098 1097 1317 1318 1329 1328 
1087 1088 1099 1098 1318 1319 1330 1329 
1088 1089 1100 1099 1319 1320 1331 1330 
1091 1090 1101 1102 1322 1321 1332 1333 
1090 1092 1103 1101 1321 1323 1334 1332 
1092 1093 1104 1103 1323 1324 1335 1334 
1093 1094 1105 1104 1324 1325 1336 1335 
1094 1095 1106 1105 1325 1326 1337 1336 
1095 1096 1107 1106 1326 1327 1338 1337 
1096 1097 1108 1107 1327 1328 1339 1338 
1097 1098 1109 1108 1328 1329 1340 1339 
1098 1099 1110 1109 1329 1330 1341 1340 
1099 1100 1111 1110 1330 1331 1342 1341 
1102 1101 1112 1113 1333 1332 1343 1344 
1101 1103 1114 1112 1332 1334 1345 1343 
1103 1104 1115 1114 1334 1335 1346 1345 
1104 1105 1116 1115 1335 1336 1347 1346 
1105 1106 1117 1116 1336 1337 1348 1347 
1106 1107 1118 1117 1337 1338 1349 1348 
1107 1108 1119 1118 1338 1339 1350 1349 
1108 1109 1120 1119 1339 1340 1351 1350 
1109 1110 1121 1120 1340 1341 1352 1351 
1110 1111 1122 1121 1341 1342 1353 1352 
1113 1112 1123 1124 1344 1343 1354 1355 
1112 1114 1125 1123 1343 1345 1356 1354 
1114 1115 1126 1125 1345 1346 1357 1356 
1115 1116 1127 1126 1346 1347 1358 1357 
1116 1117 1128 1127 1347 1348 1359 1358 
1117 1118 1129 1128 1348 1349 1360 1359 
1118 1119 1130 1129 1349 1350 1361 1360 
1119 1120 1131 1130 1350 1351 1362 1361 
1120 1121 1132 1131 1351 1352 1363 1362 
1121 1122 1133 1132 1352 1353 1364 1363 
1124 1123 1134 1135 1355 1354 1365 1366 
1123 1125 1136 1134 1354 1356 1367 1365 
1125 1126 1137 1136 1356 1357 1368 1367 
1126 1127 1138 1137 1357 1358 1369 1368 
1127 1128 1139 1138 1358 1359 1370 1369 
1128 1129 1140 1139 1359 1360 1371 1370 
1129 1130 1141 1140 1360 1361 1372 1371 
1130 1131 1142 1141 1361 1362 1373 1372 
1131 1132 1143 1142 1362 1363 1374 1373 
1132 1133 1144 1143 1363 1364 1375 1374 
1135 1134 1145 1146 1366 1365 1376 1377 
1134 1136 1147 1145 1365 1367 1378 1376 
1136 1137 1148 1147 1367 1368 1379 1378 
1137 1138 1149 1148 1368 1369 1380 1379 
1138 1139 1150 1149 1369 1370 1381 1380 
1139 1140 1151 1150 1370 1371 1382 1381 
1140 1141 1152 1151 1371 1372 1383 1382 
1141 1142 1153 1152 1372 1373 1384 1383 
1142 1143 1154 1153 1373 1374 1385 1384 
1143 1144 1155 1154 1374 1375 1386 1385 
1156 1157 1158 1159 1387 1388 1389 1390 
1157 1160 1161 1158 1388 1391 1392 1389 
1160 1162 1163 1161 1391 1393 1394 1392 
1162 1164 1165 1163 1393 1395 1396 1394 
1164 1166 1167 1165 1395 1397 1398 1396 
1166 1168 1169 1167 1397 1399 1400 1398 
1168 1170 1171 1169 1399 1401 1402 1400 
1170 1172 1173 1171 1401 1403 1404 1402 
1172 1174 1175 1173 1403 1405 1406 1404 
1174 1176 1177 1175 1405 1407 1408 1406 
1159 1158 1178 1179 1390 1389 1409 1410 
1158 1161 1180 1178 1389 1392 1411 1409 
1161 1163 1181 1180 1392 1394 1412 1411 
1163 1165 1182 1181 1394 1396 1413 1412 
1165 1167 1183 1182 1396 1398 1414 1413 
1167 1169 1184 1183 1398 1400 1415 1414 
1169 1171 1185 1184 1400 1402 1416 1415 
1171 1173 1186 1185 1402 1404 1417 1416 
1173 1175 1187 1186 1404 1406 1418 1417 
1175 1177 1188 1187 1406 1408 1419 1418 
1179 1178 1189 1190 1410 1409 1420 1421 
1178 1180 1191 1189 1409 1411 1422 1420 
1180 1181 1192 1191 1411 1412 1423 1422 
1181 1182 1193 1192 1412 1413 1424 1423 
1182 1183 1194 1193 1413 1414 1425 1424 
1183 1184 1195 1194 1414 1415 1426 1425 
1184 1185 1196 1195 1415 1416 1427 1426 
1185 1186 1197 1196 1416 1417 1428 1427 
1186 1187 1198 1197 1417 1418 1429 1428 
1187 1188 1199 1198 1418 1419 1430 1429 
1190 1189 1200 1201 1421 1420 1431 1432 
1189 1191 1202 1200 1420 1422 1433 1431 
1191 1192 1203 1202 1422 1423 1434 1433 
1192 1193 1204 1203 1423 1424 1435 1434 
1193 1194 1205 1204 1424 1425 1436 1435 
1194 1195 1206 1205 1425 1426 1437 1436 
1195 1196 1207 1206 1426 1427 1438 1437 
1196 1197 1208 1207 1427 1428 1439 1438 
1197 1198 1209 1208 1428 1429 1440 1439 
1198 1199 1210 1209 1429 1430 1441 1440 
1201 1200 1211 1212 1432 1431 1442 1443 
1200 1202 1213 1211 1431 1433 1444 1442 
1202 1203 1214 1213 1433 1434 1445 1444 
1203 1204 1215 1214 1434 1435 1446 1445 
1204 1205 1216 1215 1435 1436 1447 1446 
1205 1206 1217 1216 1436 1437 1448 1447 
1206 1207 1218 1217 1437 1438 1449 1448 
1207 1208 1219 1218 1438 1439 1450 1449 
1208 1209 1220 1219 1439 1440 1451 1450 
1209 1210 1221 1220 1440 1441 1452 1451 
1212 1211 1222 1223 1443 1442 1453 1454 
1211 1213 1224 1222 1442 1444 1455 1453 
1213 1214 1225 1224 1444 1445 1456 1455 
1214 1215 1226 1225 1445 1446 1457 1456 
1215 1216 1227 1226 1446 1447 1458 1457 
1216 1217 1228 1227 1447 1448 1459 1458 
1217 1218 1229 1228 1448 1449 1460 1459 
1218 1219 1230 1229 1449 1450 1461 1460 
1219 1220 1231 1230 1450 1451 1462 1461 
1220 1221 1232 1231 1451 1452 1463 1462 
1223 1222 1233 1234 1454 1453 1464 1465 
1222 1224 1235 1233 1453 1455 1466 1464 
1224 1225 1236 1235 1455 1456 1467 1466 
1225 1226 1237 1236 1456 1457 1468 1467 
1226 1227 1238 1237 1457 1458 1469 1468 
1227 1228 1239 1238 1458 1459 1470 1469 
1228 1229 1240 1239 1459 1460 1471 1470 
1229 1230 1241 1240 1460 1461 1472 1471 
1230 1231 1242 1241 1461 1462 1473 1472 
1231 1232 1243 1242 1462 1463 1474 1473 
1234 1233 1244 1245 1465 1464 1475 1476 
1233 1235 1246 1244 1464 1466 1477 1475 
1235 1236 1247 1246 1466 1467 1478 1477 
1236 1237 1248 1247 1467 1468 1479 1478 
1237 1238 1249 1248 1468 1469 1480 1479 
1238 1239 1250 1249 1469 1470 1481 1480 
1239 1240 1251 1250 1470 1471 1482 1481 
1240 1241 1252 1251 1471 1472 1483 1482 
1241 1242 1253 1252 1472 1473 1484 1483 
1242 1243 1254 1253 1473 1474 1485 1484 
1245 1244 1255 1256 1476 1475 1486 1487 
1244 1246 1257 1255 1475 1477 1488 1486 
1246 1247 1258 1257 1477 1478 1489 1488 
1247 1248 1259 1258 1478 1479 1490 1489 
1248 1249 1260 1259 1479 1480 1491 1490 
1249 1250 1261 1260 1480 1481 1492 1491 
1250 1251 1262 1261 1481 1482 1493 1492 
1251 1252 1263 1262 1482 1483 1494 1493 
1252 1253 1264 1263 1483 1484 1495 1494 
1253 1254 1265 1264 1484 1485 1496 1495 
1256 1255 1266 1267 1487 1486 1497 1498 
1255 1257 1268 1266 1486 1488 1499 1497 
1257 1258 1269 1268 1488 1489 1500 1499 
1258 1259 1270 1269 1489 1490 1501 1500 
1259 1260 1271 1270 1490 1491 1502 1501 
1260 1261 1272 1271 1491 1492 1503 1502 
1261 1262 1273 1272 1492 1493 1504 1503 
1262 1263 1274 1273 1493 1494 1505 1504 
1263 1264 1275 1274 1494 1495 1506 1505 
1264 1265 1276 1275 1495 1496 1507 1506 
1267 1266 1277 1278 1498 1497 1508 1509 
1266 1268 1279 1277 1497 1499 1510 1508 
1268 1269 1280 1279 1499 1500 1511 1510 
1269 1270 1281 1280 1500 1501 1512 1511 
1270 1271 1282 1281 1501 1502 1513 1512 
1271 1272 1283 1282 1502 1503 1514 1513 
1272 1273 1284 1283 1503 1504 1515 1514 
1273 1274 1285 1284 1504 1505 1516 1515 
1274 1275 1286 1285 1505 1506 1517 1516 
1275 1276 1287 1286 1506 1507 1518 1517 
1278 1277 1288 1289 1509 1508 1519 1520 
1277 1279 1290 1288 1508 1510 1521 1519 
1279 1280 1291 1290 1510 1511 1522 1521 
1280 1281 1292 1291 1511 1512 1523 1522 
1281 1282 1293 1292 1512 1513 1524 1523 
1282 1283 1294 1293 1513 1514 1525 1524 
1283 1284 1295 1294 1514 1515 1526 1525 
1284 1285 1296 1295 1515 1516 1527 1526 
1285 1286 1297 1296 1516 1517 1528 1527 
1286 1287 1298 1297 1517 1518 1529 1528 
1289 1288 1299 1300 1520 1519 1530 1531 
1288 1290 1301 1299 1519 1521 1532 1530 
1290 1291 1302 1301 1521 1522 1533 1532 
1291 1292 1303 1302 1522 1523 1534 1533 
1292 1293 1304 1303 1523 1524 1535 1534 
1293 1294 1305 1304 1524 1525 1536 1535 
1294 1295 1306 1305 1525 1526 1537 1536 
1295 1296 1307 1306 1526 1527 1538 1537 
1296 1297 1308 1307 1527 1528 1539 1538 
1297 1298 1309 1308 1528 1529 1540 1539 
1300 1299 1310 1311 1531 1530 1541 1542 
1299 1301 1312 1310 1530 1532 1543 1541 
1301 1302 1313 1312 1532 1533 1544 1543 
1302 1303 1314 1313 1533 1534 1545 1544 
1303 1304 1315 1314 1534 1535 1546 1545 
1304 1305 1316 1315 1535 1536 1547 1546 
1305 1306 1317 1316 1536 1537 1548 1547 
1306 1307 1318 1317 1537 1538 1549 1548 
1307 1308 1319 1318 1538 1539 1550 1549 
1308 1309 1320 1319 1539 1540 1551 1550 
1311 1310 1321 1322 1542 1541 1552 1553 
1310 1312 1323 1321 1541 1543 1554 1552 
1312 1313 1324 1323 1543 1544 1555 1554 
1313 1314 1325 1324 1544 1545 1556 1555 
1314 1315 1326 1325 1545 1546 1557 1556 
1315 1316 1327 1326 1546 1547 1558 1557 
1316 1317 1328 1327 1547 1548 1559 1558 
1317 1318 1329 1328 1548 1549 1560 1559 
1318 1319 1330 1329 1549 1550 1561 1560 
1319 1320 1331 1330 1550 1551 1562 1561 
1322 1321 1332 1333 1553 1552 1563 1564 
1321 1323 1334 1332 1552 1554 1565 1563 
1323 1324 1335 1334 1554 1555 1566 1565 
1324 1325 1336 1335 1555 1556 1567 1566 
1325 1326 1337 1336 1556 1557 1568 1567 
1326 1327 1338 1337 1557 1558 1569 1568 
1327 1328 1339 1338 1558 1559 1570 1569 
1328 1329 1340 1339 1559 1560 1571 1570 
1329 1330 1341 1340 1560 1561 1572 1571 
1330 1331 1342 1341 1561 1562 1573 1572 
1333 1332 1343 1344 1564 1563 1574 1575 
1332 1334 1345 1343 1563 1565 1576 1574 
1334 1335 1346 1345 1565 1566 1577 1576 
1335 1336 1347 1346 1566 1567 1578 1577 
1336 1337 1348 1347 1567 1568 1579 1578 
1337 1338 1349 1348 1568 1569 1580 1579 
1338 1339 1350 1349 1569 1570 1581 1580 
1339 1340 1351 1350 1570 1571 1582 1581 
1340 1341 1352 1351 1571 1572 1583 1582 
1341 1342 1353 1352 1572 1573 1584 1583 
1344 1343 1354 1355 1575 1574 1585 1586 
1343 1345 1356 1354 1574 1576 1587 1585 
1345 1346 1357 1356 1576 1577 1588 1587 
1346 1347 1358 1357 1577 1578 1589 1588 
1347 1348 1359 1358 1578 1579 1590 1589 
1348 1349 1360 1359 1579 1580 1591 1590 
1349 1350 1361 1360 1580 1581 1592 1591 
1350 1351 1362 1361 1581 1582 1593 1592 
1351 1352 1363 1362 1582 1583 1594 1593 
1352 1353 1364 1363 1583 1584 1595 1594 
1355 1354 1365 1366 1586 1585 1596 1597 
1354 1356 1367 1365 1585 1587 1598 1596 
1356 1357 1368 1367 1587 1588 1599 1598 
1357 1358 1369 1368 1588 1589 1600 1599 
1358 1359 1370 1369 1589 1590 1601 1600 
1359 1360 1371 1370 1590 1591 1602 1601 
1360 1361 1372 1371 1591 1592 1603 1602 
1361 1362 1373 1372 1592 1593 1604 1603 
1362 1363 1374 1373 1593 1594 1605 1604 
1363 1364 1375 1374 1594 1595 1606 1605 
1366 1365 1376 1377 1597 1596 1607 1608 
1365 1367 1378 1376 1596 1598 1609 1607 
1367 1368 1379 1378 1598 1599 1610 1609 
1368 1369 1380 1379 1599 1600 1611 1610 
1369 1370 1381 1380 1600 1601 1612 1611 
1370 1371 1382 1381 1601 1602 1613 1612 
1371 1372 1383 1382 1602 1603 1614 1613 
1372 1373 1384 1383 1603 1604 1615 1614 
1373 1374 1385 1384 1604 1605 1616 1615 
1374 1375 1386 1385 1605 1606 1617 1616 
1387 1388 1389 1390 1618 1619 1620 1621 
1388 1391 1392 1389 1619 1622 1623 1620 
1391 1393 1394 1392 1622 1624 1625 1623 
1393 1395 1396 1394 1624 1626 1627 1625 
1395 1397 1398 1396 1626 1628 1629 1627 
1397 1399 1400 1398 1628 1630 1631 1629 
1399 1401 1402 1400 1630 1632 1633 1631 
1401 1403 1404 1402 1632 1634 1635 1633 
1403 1405 1406 1404 1634 1636 1637 1635 
1405 1407 1408 1406 1636 1638 1639 1637 
1390 1389 1409 1410 1621 1620 1640 1641 
1389 1392 1411 1409 1620 1623 1642 1640 
1392 1394 1412 1411 1623 1625 1643 1642 
1394 1396 1413 1412 1625 1627 1644 1643 
1396 1398 1414 1413 1627 1629 1645 1644 
1398 1400 1415 1414 1629 1631 1646 1645 
1400 1402 1416 1415 1631 1633 1647 1646 
1402 1404 1417 1416 1633 1635 1648 1647 
1404 1406 1418 1417 1635 1637 1649 1648 
1406 1408 1419 1418 1637 1639 1650 1649 
1410 1409 1420 1421 1641 1640 1651 1652 
1409 1411 1422 1420 1640 1642 1653 1651 
1411 1412 1423 1422 1642 1643 1654 1653 
1412 1413 1424 1423 1643 1644 1655 1654 
1413 1414 1425 1424 1644 1645 1656 1655 
1414 1415 1426 1425 1645 1646 1657 1656 
1415 1416 1427 1426 1646 1647 1658 1657 
1416 1417 1428 1427 1647 1648 1659 1658 
1417 1418 1429 1428 1648 1649 1660 1659 
1418 1419 1430 1429 1649 1650 1661 1660 
1421 1420 1431 1432 1652 1651 1662 1663 
1420 1422 1433 1431 1651 1653 1664 1662 
1422 1423 1434 1433 1653 1654 1665 1664 
1423 1424 1435 1434 1654 1655 1666 1665 
1424 1425 1436 1435 1655 1656 1667 1666 
1425 1426 1437 1436 1656 1657 1668 1667 
1426 1427 1438 1437 1657 1658 1669 1668 
1427 1428 1439 1438 1658 1659 1670 1669 
1428 1429 1440 1439 1659 1660 1671 1670 
1429 1430 1441 1440 1660 1661 1672 1671 
1432 1431 1442 1443 1663 1662 1673 1674 
1431 1433 1444 1442 1662 1664 1675 1673 
1433 1434 1445 1444 1664 1665 1676 1675 
1434 1435 1446 1445 1665 1666 1677 1676 
1435 1436 1447 1446 1666 1667 1678 1677 
1436 1437 1448 1447 1667 1668 1679 1678 
1437 1438 1449 1448 1668 1669 1680 1679 
1438 1439 1450 1449 1669 1670 1681 1680 
1439 1440 1451 1450 1670 1671 1682 1681 
1440 1441 1452 1451 1671 1672 1683 1682 
1443 1442 1453 1454 1674 1673 1684 1685 
1442 1444 1455 1453 1673 1675 1686 1684 
1444 1445 1456 1455 1675 1676 1687 1686 
1445 1446 1457 1456 1676 1677 1688 1687 
1446 1447 1458 1457 1677 1678 1689 1688 
1447 1448 1459 1458 1678 1679 1690 1689 
1448 1449 1460 1459 1679 1680 1691 1690 
1449 1450 1461 1460 1680 1681 1692 1691 
1450 1451 1462 1461 1681 1682 1693 1692 
1451 1452 1463 1462 1682 1683 1694 1693 
1454 1453 1464 1465 1685 1684 1695 1696 
1453 1455 1466 1464 1684 1686 1697 1695 
1455 1456 1467 1466 1686 1687 1698 1697 
1456 1457 1468 1467 1687 1688 1699 1698 
1457 1458 1469 1468 1688 1689 1700 1699 
1458 1459 1470 1469 1689 1690 1701 1700 
1459 1460 1471 1470 1690 1691 1702 1701 
1460 1461 1472 1471 1691 1692 1703 1702 
1461 1462 1473 1472 1692 1693 1704 1703 
1462 1463 1474 1473 1693 1694 1705 1704 
1465 1464 1475 1476 1696 1695 1706 1707 
1464 1466 1477 1475 1695 1697 1708 1706 
1466 1467 1478 1477 1697 1698 1709 1708 
1467 1468 1479 1478 1698 1699 1710 1709 
1468 1469 1480 1479 1699 1700 1711 1710 
1469 1470 1481 1480 1700 1701 1712 1711 
1470 1471 1482 1481 1701 1702 1713 1712 
1471 1472 1483 1482 1702 1703 1714 1713 
1472 1473 1484 1483 1703 1704 1715 1714 
1473 1474 1485 1484 1704 1705 1716 1715 
1476 1475 1486 1487 1707 1706 1717 1718 
1475 1477 1488 1486 1706 1708 1719 1717 
1477 1478 1489 1488 1708 1709 1720 1719 
1478 1479 1490 1489 1709 1710 1721 1720 
1479 1480 1491 1490 1710 1711 1722 1721 
1480 1481 1492 1491 1711 1712 1723 1722 
1481 1482 1493 1492 1712 1713 1724 1723 
1482 1483 1494 1493 1713 1714 1725 1724 
1483 1484 1495 1494 1714 1715 1726 1725 
1484 1485 1496 1495 1715 1716 1727 1726 
1487 1486 1497 1498 1718 1717 1728 1729 
1486 1488 1499 1497 1717 1719 1730 1728 
1488 1489 1500 1499 1719 1720 1731 1730 
1489 1490 1501 1500 1720 1721 1732 1731 
1490 1491 1502 1501 1721 1722 1733 1732 
1491 1492 1503 1502 1722 1723 1734 1733 
1492 1493 1504 1503 1723 1724 1735 1734 
1493 1494 1505 1504 1724 1725 1736 1735 
1494 1495 1506 1505 1725 1726 1737 1736 
1495 1496 1507 1506 1726 1727 1738 1737 
1498 1497 1508 1509 1729 1728 1739 1740 
1497 1499 1510 1508 1728 1730 1741 1739 
1499 1500 1511 1510 1730 1731 1742 1741 
1500 1501 1512 1511 1731 1732 1743 1742 
1501 1502 1513 1512 1732 1733 1744 1743 
1502 1503 1514 1513 1733 1734 1745 1744 
1503 1504 1515 1514 1734 1735 1746 1745 
1504 1505 1516 1515 1735 1736 1747 1746 
1505 1506 1517 1516 1736 1737 1748 1747 
1506 1507 1518 1517 1737 1738 1749 1748 
1509 1508 1519 1520 1740 1739 1750 1751 
1508 1510 1521 1519 1739 1741 1752 1750 
1510 1511 1522 1521 1741 1742 1753 1752 
1511 1512 1523 1522 1742 1743 1754 1753 
1512 1513 1524 1523 1743 1744 1755 1754 
1513 1514 1525 1524 1744 1745 1756 1755 
1514 1515 1526 1525 1745 1746 1757 1756 
1515 1516 1527 1526 1746 1747 1758 1757 
1516 1517 1528 1527 1747 1748 1759 1758 
1517 1518 1529 1528 1748 1749 1760 1759 
1520 1519 1530 1531 1751 1750 1761 1762 
1519 1521 1532 1530 1750 1752 1763 1761 
1521 1522 1533 1532 1752 1753 1764 1763 
1522 1523 1534 1533 1753 1754 1765 1764 
1523 1524 1535 1534 1754 1755 1766 1765 
1524 1525 1536 1535 1755 1756 1767 1766 
1525 1526 1537 1536 1756 1757 1768 1767 
1526 1527 1538 1537 1757 1758 1769 1768 
1527 1528 1539 1538 1758 1759 1770 1769 
1528 1529 1540 1539 1759 1760 1771 1770 
1531 1530 1541 1542 1762 1761 1772 1773 
1530 1532 1543 1541 1761 1763 1774 1772 
1532 1533 1544 1543 1763 1764 1775 1774 
1533 1534 1545 1544 1764 1765 1776 1775 
1534 1535 1546 1545 1765 1766 1777 1776 
1535 1536 1547 1546 1766 1767 1778 1777 
1536 1537 1548 1547 1767 1768 1779 1778 
1537 1538 1549 1548 1768 1769 1780 1779 
1538 1539 1550 1549 1769 1770 1781 1780 
1539 1540 1551 1550 1770 1771 1782 1781 
1542 1541 1552 1553 1773 1772 1783 1784 
1541 1543 1554 1552 1772 1774 1785 1783 
1543 1544 1555 1554 1774 1775 1786 1785 
1544 1545 1556 1555 1775 1776 1787 1786 
1545 1546 1557 1556 1776 1777 1788 1787 
1546 1547 1558 1557 1777 1778 1789 1788 
1547 1548 1559 1558 1778 1779 1790 1789 
1548 1549 1560 1559 1779 1780 1791 1790 
1549 1550 1561 1560 1780 1781 1792 1791 
1550 1551 1562 1561 1781 1782 1793 1792 
1553 1552 1563 1564 1784 1783 1794 1795 
1552 1554 1565 1563 1783 1785 1796 1794 
1554 1555 1566 1565 1785 1786 1797 1796 
1555 1556 1567 1566 1786 1787 1798 1797 
1556 1557 1568 1567 1787 1788 1799 1798 
1557 1558 1569 1568 1788 1789 1800 1799 
1558 1559 1570 1569 1789 1790 1801 1800 
1559 1560 1571 1570 1790 1791 1802 1801 
1560 1561 1572 1571 1791 1792 1803 1802 
1561 1562 1573 1572 1792 1793 1804 1803 
1564 1563 1574 1575 1795 1794 1805 1806 
1563 1565 1576 1574 1794 1796 1807 1805 
1565 1566 1577 1576 1796 1797 1808 1807 
1566 1567 1578 1577 1797 1798 1809 1808 
1567 1568 1579 1578 1798 1799 1810 1809 
1568 1569 1580 1579 1799 1800 1811 1810 
1569 1570 1581 1580 1800 1801 1812 1811 
1570 1571 1582 1581 1801 1802 1813 1812 
1571 1572 1583 1582 1802 1803 1814 1813 
1572 1573 1584 1583 1803 1804 1815 1814 
1575 1574 1585 1586 1806 1805 1816 1817 
1574 1576 1587 1585 1805 1807 1818 1816 
1576 1577 1588 1587 1807 1808 1819 1818 
1577 1578 1589 1588 1808 1809 1820 1819 
1578 1579 1590 1589 1809 1810 1821 1820 
1579 1580 1591 1590 1810 1811 1822 1821 
1580 1581 1592 1591 1811 1812 1823 1822 
1581 1582 1593 1592 1812 1813 1824 1823 
1582 1583 1594 1593 1813 1814 1825 1824 
1583 1584 1595 1594 1814 1815 1826 1825 
1586 1585 1596 1597 1817 1816 1827 1828 
1585 1587 1598 1596 1816 1818 1829 1827 
1587 1588 1599 1598 1818 1819 1830 1829 
1588 1589 1600 1599 1819 1820 1831 1830 
1589 1590 1601 1600 1820 1821 1832 1831 
1590 1591 1602 1601 1821 1822 1833 1832 
1591 1592 1603 1602 1822 1823 1834 1833 
1592 1593 1604 1603 1823 1824 1835 1834 
1593 1594 1605 1604 1824 1825 1836 1835 
1594 1595 1606 1605 1825 1826 1837 1836 
1597 1596 1607 1608 1828 1827 1838 1839 
1596 1598 1609 1607 1827 1829 1840 1838 
1598 1599 1610 1609 1829 1830 1841 1840 
1599 1600 1611 1610 1830 1831 1842 1841 
1600 1601 1612 1611 1831 1832 1843 1842 
1601 1602 1613 1612 1832 1833 1844 1843 
1602 1603 1614 1613 1833 1834 1845 1844 
1603 1604 1615 1614 1834 1835 1846 1845 
1604 1605 1616 1615 1835 1836 1847 1846 
1605 1606 1617 1616 1836 1837 1848 1847 
1618 1619 1620 1621 1849 1850 1851 1852 
1619 1622 1623 1620 1850 1853 1854 1851 
1622 1624 1625 1623 1853 1855 1856 1854 
1624 1626 1627 1625 1855 1857 1858 1856 
1626 1628 1629 1627 1857 1859 1860 1858 
1628 1630 1631 1629 1859 1861 1862 1860 
1630 1632 1633 1631 1861 1863 1864 1862 
1632 1634 1635 1633 1863 1865 1866 1864 
1634 1636 1637 1635 1865 1867 1868 1866 
1636 1638 1639 1637 1867 1869 1870 1868 
1621 1620 1640 1641 1852 1851 1871 1872 
1620 1623 1642 1640 1851 1854 1873 1871 
1623 1625 1643 1642 1854 1856 1874 1873 
1625 1627 1644 1643 1856 1858 1875 1874 
1627 1629 1645 1644 1858 1860 1876 1875 
1629 1631 1646 1645 1860 1862 1877 1876 
1631 1633 1647 1646 1862 1864 1878 1877 
1633 1635 1648 1647 1864 1866 1879 1878 
1635 1637 1649 1648 1866 1868 1880 1879 
1637 1639 1650 1649 1868 1870 1881 1880 
1641 1640 1651 1652 1872 1871 1882 1883 
1640 1642 1653 1651 1871 1873 1884 1882 
1642 1643 1654 1653 1873 1874 1885 1884 
1643 1644 1655 1654 1874 1875 1886 1885 
1644 1645 1656 1655 1875 1876 1887 1886 
1645 1646 1657 1656 1876 1877 1888 1887 
1646 1647 1658 1657 1877 1878 1889 1888 
1647 1648 1659 1658 1878 1879 1890 1889 
1648 1649 1660 1659 1879 1880 1891 1890 
1649 1650 1661 1660 1880 1881 1892 1891 
1652 1651 1662 1663 1883 1882 1893 1894 
1651 1653 1664 1662 1882 1884 1895 1893 
1653 1654 1665 1664 1884 1885 1896 1895 
1654 1655 1666 1665 1885 1886 1897 1896 
1655 1656 1667 1666 1886 1887 1898 1897 
1656 1657 1668 1667 1887 1888 1899 1898 
1657 1658 1669 1668 1888 1889 1900 1899 
1658 1659 1670 1669 1889 1890 1901 1900 
1659 1660 1671 1670 1890 1891 1902 1901 
1660 1661 1672 1671 1891 1892 1903 1902 
1663 1662 1673 1674 1894 1893 1904 1905 
1662 1664 1675 1673 1893 1895 1906 1904 
1664 1665 1676 1675 1895 1896 1907 1906 
1665 1666 1677 1676 1896 1897 1908 1907 
1666 1667 1678 1677 1897 1898 1909 1908 
1667 1668 1679 1678 1898 1899 1910 1909 
1668 1669 1680 1679 1899 1900 1911 1910 
1669 1670 1681 1680 1900 1901 1912 1911 
1670 1671 1682 1681 1901 1902 1913 1912 
1671 1672 1683 1682 1902 1903 1914 1913 
1674 1673 1684 1685 1905 1904 1915 1916 
1673 1675 1686 1684 1904 1906 1917 1915 
1675 1676 1687 1686 1906 1907 1918 1917 
1676 1677 1688 1687 1907 1908 1919 1918 
1677 1678 1689 1688 1908 1909 1920 1919 
1678 1679 1690 1689 1909 1910 1921 1920 
1679 1680 1691 1690 1910 1911 1922 1921 
1680 1681 1692 1691 1911 1912 1923 1922 
1681 1682 1693 1692 1912 1913 1924 1923 
1682 1683 1694 1693 1913 1914 1925 1924 
1685 1684 1695 1696 1916 1915 1926 1927 
1684 1686 1697 1695 1915 1917 1928 1926 
1686 1687 1698 1697 1917 1918 1929 1928 
1687 1688 1699 1698 1918 1919 1930 1929 
1688 1689 1700 1699 1919 1920 1931 1930 
1689 1690 1701 1700 1920 1921 1932 1931 
1690 1691 1702 1701 1921 1922 1933 1932 
1691 1692 1703 1702 1922 1923 1934 1933 
1692 1693 1704 1703 1923 1924 1935 1934 
1693 1694 1705 1704 1924 1925 1936 1935 
1696 1695 1706 1707 1927 1926 1937 1938 
1695 1697 1708 1706 1926 1928 1939 1937 
1697 1698 1709 1708 1928 1929 1940 1939 
1698 1699 1710 1709 1929 1930 1941 1940 
1699 1700 1711 1710 1930 1931 1942 1941 
1700 1701 1712 1711 1931 1932 1943 1942 
1701 1702 1713 1712 1932 1933 1944 1943 
1702 1703 1714 1713 1933 1934 1945 1944 
1703 1704 1715 1714 1934 1935 1946 1945 
1704 1705 1716 1715 1935 1936 1947 1946 
1707 1706 1717 1718 1938 1937 1948 1949 
1706 1708 1719 1717 1937 1939 1950 1948 
1708 1709 1720 1719 1939 1940 1951 1950 
1709 1710 1721 1720 1940 1941 1952 1951 
1710 1711 1722 1721 1941 1942 1953 1952 
1711 1712 1723 1722 1942 1943 1954 1953 
1712 1713 1724 1723 1943 1944 1955 1954 
1713 1714 1725 1724 1944 1945 1956 1955 
1714 1715 1726 1725 1945 1946 1957 1956 
1715 1716 1727 1726 1946 1947 1958 1957 
1718 1717 1728 1729 1949 1948 1959 1960 
1717 1719 1730 1728 1948 1950 1961 1959 
1719 1720 1731 1730 1950 1951 1962 1961 
1720 1721 1732 1731 1951 1952 1963 1962 
1721 1722 1733 1732 1952 1953 1964 1963 
1722 1723 1734 1733 1953 1954 1965 1964 
1723 1724 1735 1734 1954 1955 1966 1965 
1724 1725 1736 1735 1955 1956 1967 1966 
1725 1726 1737 1736 1956 1957 1968 1967 
1726 1727 1738 1737 1957 1958 1969 1968 
1729 1728 1739 1740 1960 1959 1970 1971 
1728 1730 1741 1739 1959 1961 1972 1970 
1730 1731 1742 1741 1961 1962 1973 1972 
1731 1732 1743 1742 1962 1963 1974 1973 
1732 1733 1744 1743 1963 1964 1975 1974 
1733 1734 1745 1744 1964 1965 1976 1975 
1734 1735 1746 1745 1965 1966 1977 1976 
1735 1736 1747 1746 1966 1967 1978 1977 
1736 1737 1748 1747 1967 1968 1979 1978 
1737 1738 1749 1748 1968 1969 1980 1979 
1740 1739 1750 1751 1971 1970 1981 1982 
1739 1741 1752 1750 1970 1972 1983 1981 
1741 1742 1753 1752 1972 1973 1984 1983 
1742 1743 1754 1753 1973 1974 1985 1984 
1743 1744 1755 1754 1974 1975 1986 1985 
1744 1745 1756 1755 1975 1976 1987 1986 
1745 1746 1757 1756 1976 1977 1988 1987 
1746 1747 1758 1757 1977 1978 1989 1988 
1747 1748 1759 1758 1978 1979 1990 1989 
1748 1749 1760 1759 1979 1980 1991 1990 
1751 1750 1761 1762 1982 1981 1992 1993 
1750 1752 1763 1761 1981 1983 1994 1992 
1752 1753 1764 1763 1983 1984 1995 1994 
1753 1754 1765 1764 1984 1985 1996 1995 
1754 1755 1766 1765 1985 1986 1997 1996 
1755 1756 1767 1766 1986 1987 1998 1997 
1756 1757 1768 1767 1987 1988 1999 1998 
1757 1758 1769 1768 1988 1989 2000 1999 
1758 1759 1770 1769 1989 1990 2001 2000 
1759 1760 1771 1770 1990 1991 2002 2001 
1762 1761 1772 1773 1993 1992 2003 2004 
1761 1763 1774 1772 1992 1994 2005 2003 
1763 1764 1775 1774 1994 1995 2006 2005 
1764 1765 1776 1775 1995 1996 2007 2006 
1765 1766 1777 1776 1996 1997 2008 2007 
1766 1767 1778 1777 1997 1998 2009 2008 
1767 1768 1779 1778 1998 1999 2010 2009 
1768 1769 1780 1779 1999 2000 2011 2010 
1769 1770 1781 1780 2000 2001 2012 2011 
1770 1771 1782 1781 2001 2002 2013 2012 
1773 1772 1783 1784 2004 2003 2014 2015 
1772 1774 1785 1783 2003 2005 2016 2014 
1774 1775 1786 1785 2005 2006 2017 2016 
1775 1776 1787 1786 2006 2007 2018 2017 
1776 1777 1788 1787 2007 2008 2019 2018 
1777 1778 1789 1788 2008 2009 2020 2019 
1778 1779 1790 1789 2009 2010 2021 2020 
1779 1780 1791 1790 2010 2011 2022 2021 
1780 1781 1792 1791 2011 2012 2023 2022 
1781 1782 1793 1792 2012 2013 2024 2023 
1784 1783 1794 1795 2015 2014 2025 2026 
1783 1785 1796 1794 2014 2016 2027 2025 
1785 1786 1797 1796 2016 2017 2028 2027 
1786 1787 1798 1797 2017 2018 2029 2028 
1787 1788 1799 1798 2018 2019 2030 2029 
1788 1789 1800 1799 2019 2020 2031 2030 
1789 1790 1801 1800 2020 2021 2032 2031 
1790 1791 1802 1801 2021 2022 2033 2032 
1791 1792 1803 1802 2022 2023 2034 2033 
1792 1793 1804 1803 2023 2024 2035 2034 
1795 1794 1805 1806 2026 2025 2036 2037 
1794 1796 1807 1805 2025 2027 2038 2036 
1796 1797 1808 1807 2027 2028 2039 2038 
1797 1798 1809 1808 2028 2029 2040 2039 
1798 1799 1810 1809 2029 2030 2041 2040 
1799 1800 1811 1810 2030 2031 2042 2041 
1800 1801 1812 1811 2031 2032 2043 2042 
1801 1802 1813 1812 2032 2033 2044 2043 
1802 1803 1814 1813 2033 2034 2045 2044 
1803 1804 1815 1814 2034 2035 2046 2045 
1806 1805 1816 1817 2037 2036 2047 2048 
1805 1807 1818 1816 2036 2038 2049 2047 
1807 1808 1819 1818 2038 2039 2050 2049 
1808 1809 1820 1819 2039 2040 2051 2050 
1809 1810 1821 1820 2040 2041 2052 2051 
1810 1811 1822 1821 2041 2042 2053 2052 
1811 1812 1823 1822 2042 2043 2054 2053 
1812 1813 1824 1823 2043 2044 2055 2054 
1813 1814 1825 1824 2044 2045 2056 2055 
1814 1815 1826 1825 2045 2046 2057 2056 
1817 1816 1827 1828 2048 2047 2058 2059 
1816 1818 1829 1827 2047 2049 2060 2058 
1818 1819 1830 1829 2049 2050 2061 2060 
1819 1820 1831 1830 2050 2051 2062 2061 
1820 1821 1832 1831 2051 2052 2063 2062 
1821 1822 1833 1832 2052 2053 2064 2063 
1822 1823 1834 1833 2053 2054 2065 2064 
1823 1824 1835 1834 2054 2055 2066 2065 
1824 1825 1836 1835 2055 2056 2067 2066 
1825 1826 1837 1836 2056 2057 2068 2067 
1828 1827 1838 1839 2059 2058 2069 2070 
1827 1829 1840 1838 2058 2060 2071 2069 
1829 1830 1841 1840 2060 2061 2072 2071 
1830 1831 1842 1841 2061 2062 2073 2072 
1831 1832 1843 1842 2062 2063 2074 2073 
1832 1833 1844 1843 2063 2064 2075 2074 
1833 1834 1845 1844 2064 2065 2076 2075 
1834 1835 1846 1845 2065 2066 2077 2076 
1835 1836 1847 1846 2066 2067 2078 2077 
1836 1837 1848 1847 2067 2068 2079 2078 
1849 1850 1851 1852 2080 2081 2082 2083 
1850 1853 1854 1851 2081 2084 2085 2082 
1853 1855 1856 1854 2084 2086 2087 2085 
1855 1857 1858 1856 2086 2088 2089 2087 
1857 1859 1860 1858 2088 2090 2091 2089 
1859 1861 1862 1860 2090 2092 2093 2091 
1861 1863 1864 1862 2092 2094 2095 2093 
1863 1865 1866 1864 2094 2096 2097 2095 
1865 1867 1868 1866 2096 2098 2099 2097 
1867 1869 1870 1868 2098 2100 2101 2099 
1852 1851 1871 1872 2083 2082 2102 2103 
1851 1854 1873 1871 2082 2085 2104 2102 
1854 1856 1874 1873 2085 2087 2105 2104 
1856 1858 1875 1874 2087 2089 2106 2105 
1858 1860 1876 1875 2089 2091 2107 2106 
1860 1862 1877 1876 2091 2093 2108 2107 
1862 1864 1878 1877 2093 2095 2109 2108 
1864 1866 1879 1878 2095 2097 2110 2109 
1866 1868 1880 1879 2097 2099 2111 2110 
1868 1870 1881 1880 2099 2101 2112 2111 
1872 1871 1882 1883 2103 2102 2113 2114 
1871 1873 1884 1882 2102 2104 2115 2113 
1873 1874 1885 1884 2104 2105 2116 2115 
1874 1875 1886 1885 2105 2106 2117 2116 
1875 1876 1887 1886 2106 2107 2118 2117 
1876 1877 1888 1887 2107 2108 2119 2118 
1877 1878 1889 1888 2108 2109 2120 2119 
1878 1879 1890 1889 2109 2110 2121 2120 
1879 1880 1891 1890 2110 2111 2122 2121 
1880 1881 1892 1891 2111 2112 2123 2122 
1883 1882 1893 1894 2114 2113 2124 2125 
1882 1884 1895 1893 2113 2115 2126 2124 
1884 1885 1896 1895 2115 2116 2127 2126 
1885 1886 1897 1896 2116 2117 2128 2127 
1886 1887 1898 1897 2117 2118 2129 2128 
1887 1888 1899 1898 2118 2119 2130 2129 
1888 1889 1900 1899 2119 2120 2131 2130 
1889 1890 1901 1900 2120 2121 2132 2131 
1890 1891 1902 1901 2121 2122 2133 2132 
1891 1892 1903 1902 2122 2123 2134 2133 
1894 1893 1904 1905 2125 2124 2135 2136 
1893 1895 1906 1904 2124 2126 2137 2135 
1895 1896 1907 1906 2126 2127 2138 2137 
1896 1897 1908 1907 2127 2128 2139 2138 
1897 1898 1909 1908 2128 2129 2140 2139 
1898 1899 1910 1909 2129 2130 2141 2140 
1899 1900 1911 1910 2130 2131 2142 2141 
1900 1901 1912 1911 2131 2132 2143 2142 
1901 1902 1913 1912 2132 2133 2144 2143 
1902 1903 1914 1913 2133 2134 2145 2144 
1905 1904 1915 1916 2136 2135 2146 2147 
1904 1906 1917 1915 2135 2137 2148 2146 
1906 1907 1918 1917 2137 2138 2149 2148 
1907 1908 1919 1918 2138 2139 2150 2149 
1908 1909 1920 1919 2139 2140 2151 2150 
1909 1910 1921 1920 2140 2141 2152 2151 
1910 1911 1922 1921 2141 2142 2153 2152 
1911 1912 1923 1922 2142 2143 2154 2153 
1912 1913 1924 1923 2143 2144 2155 2154 
1913 1914 1925 1924 2144 2145 2156 2155 
1916 1915 1926 1927 2147 2146 2157 2158 
1915 1917 1928 1926 2146 2148 2159 2157 
1917 1918 1929 1928 2148 2149 2160 2159 
1918 1919 1930 1929 2149 2150 2161 2160 
1919 1920 1931 1930 2150 2151 2162 2161 
1920 1921 1932 1931 2151 2152 2163 2162 
1921 1922 1933 1932 2152 2153 2164 2163 
1922 1923 1934 1933 2153 2154 2165 2164 
1923 1924 1935 1934 2154 2155 2166 2165 
1924 1925 1936 1935 2155 2156 2167 2166 
1927 1926 1937 1938 2158 2157 2168 2169 
1926 1928 1939 1937 2157 2159 2170 2168 
1928 1929 1940 1939 2159 2160 2171 2170 
1929 1930 1941 1940 2160 2161 2172 2171 
1930 1931 1942 1941 2161 2162 2173 2172 
1931 1932 1943 1942 2162 2163 2174 2173 
1932 1933 1944 1943 2163 2164 2175 2174 
1933 1934 1945 1944 2164 2165 2176 2175 
1934 1935 1946 1945 2165 2166 2177 2176 
1935 1936 1947 1946 2166 2167 2178 2177 
1938 1937 1948 1949 2169 2168 2179 2180 
1937 1939 1950 1948 2168 2170 2181 2179 
1939 1940 1951 1950 2170 2171 2182 2181 
1940 1941 1952 1951 2171 2172 2183 2182 
1941 1942 1953 1952 2172 2173 2184 2183 
1942 1943 1954 1953 2173 2174 2185 2184 
1943 1944 1955 1954 2174 2175 2186 2185 
1944 1945 1956 1955 2175 2176 2187 2186 
1945 1946 1957 1956 2176 2177 2188 2187 
1946 1947 1958 1957 2177 2178 2189 2188 
1949 1948 1959 1960 2180 2179 2190 2191 
1948 1950 1961 1959 2179 2181 2192 2190 
1950 1951 1962 1961 2181 2182 2193 2192 
1951 1952 1963 1962 2182 2183 2194 2193 
1952 1953 1964 1963 2183 2184 2195 2194 
1953 1954 1965 1964 2184 2185 2196 2195 
1954 1955 1966 1965 2185 2186 2197 2196 
1955 1956 1967 1966 2186 2187 2198 2197 
1956 1957 1968 1967 2187 2188 2199 2198 
1957 1958 1969 1968 2188 2189 2200 2199 
1960 1959 1970 1971 2191 2190 2201 2202 
1959 1961 1972 1970 2190 2192 2203 2201 
1961 1962 1973 1972 2192 2193 2204 2203 
1962 1963 1974 1973 2193 2194 2205 2204 
1963 1964 1975 1974 2194 2195 2206 2205 
1964 1965 1976 1975 2195 2196 2207 2206 
1965 1966 1977 1976 2196 2197 2208 2207 
1966 1967 1978 1977 2197 2198 2209 2208 
1967 1968 1979 1978 2198 2199 2210 2209 
1968 1969 1980 1979 2199 2200 2211 2210 
1971 1970 1981 1982 2202 2201 2212 2213 
1970 1972 1983 1981 2201 2203 2214 2212 
1972 1973 1984 1983 2203 2204 2215 2214 
1973 1974 1985 1984 2204 2205 2216 2215 
1974 1975 1986 1985 2205 2206 2217 2216 
1975 1976 1987 1986 2206 2207 2218 2217 
1976 1977 1988 1987 2207 2208 2219 2218 
1977 1978 1989 1988 2208 2209 2220 2219 
1978 1979 1990 1989 2209 2210 2221 2220 
1979 1980 1991 1990 2210 2211 2222 2221 
1982 1981 1992 1993 2213 2212 2223 2224 
1981 1983 1994 1992 2212 2214 2225 2223 
1983 1984 1995 1994 2214 2215 2226 2225 
1984 1985 1996 1995 2215 2216 2227 2226 
1985 1986 1997 1996 2216 2217 2228 2227 
1986 1987 1998 1997 2217 2218 2229 2228 
1987 1988 1999 1998 2218 2219 2230 2229 
1988 1989 2000 1999 2219 2220 2231 2230 
1989 1990 2001 2000 2220 2221 2232 2231 
1990 1991 2002 2001 2221 2222 2233 2232 
1993 1992 2003 2004 2224 2223 2234 2235 
1992 1994 2005 2003 2223 2225 2236 2234 
1994 1995 2006 2005 2225 2226 2237 2236 
1995 1996 2007 2006 2226 2227 2238 2237 
1996 1997 2008 2007 2227 2228 2239 2238 
1997 1998 2009 2008 2228 2229 2240 2239 
1998 1999 2010 2009 2229 2230 2241 2240 
1999 2000 2011 2010 2230 2231 2242 2241 
2000 2001 2012 2011 2231 2232 2243 2242 
2001 2002 2013 2012 2232 2233 2244 2243 
2004 2003 2014 2015 2235 2234 2245 2246 
2003 2005 2016 2014 2234 2236 2247 2245 
2005 2006 2017 2016 2236 2237 2248 2247 
2006 2007 2018 2017 2237 2238 2249 2248 
2007 2008 2019 2018 2238 2239 2250 2249 
2008 2009 2020 2019 2239 2240 2251 2250 
2009 2010 2021 2020 2240 2241 2252 2251 
2010 2011 2022 2021 2241 2242 2253 2252 
2011 2012 2023 2022 2242 2243 2254 2253 
2012 2013 2024 2023 2243 2244 2255 2254 
2015 2014 2025 2026 2246 2245 2256 2257 
2014 2016 2027 2025 2245 2247 2258 2256 
2016 2017 2028 2027 2247 2248 2259 2258 
2017 2018 2029 2028 2248 2249 2260 2259 
2018 2019 2030 2029 2249 2250 2261 2260 
2019 2020 2031 2030 2250 2251 2262 2261 
2020 2021 2032 2031 2251 2252 2263 2262 
2021 2022 2033 2032 2252 2253 2264 2263 
2022 2023 2034 2033 2253 2254 2265 2264 
2023 2024 2035 2034 2254 2255 2266 2265 
2026 2025 2036 2037 2257 2256 2267 2268 
2025 2027 2038 2036 2256 2258 2269 2267 
2027 2028 2039 2038 2258 2259 2270 2269 
2028 2029 2040 2039 2259 2260 2271 2270 
2029 2030 2041 2040 2260 2261 2272 2271 
2030 2031 2042 2041 2261 2262 2273 2272 
2031 2032 2043 2042 2262 2263 2274 2273 
2032 2033 2044 2043 2263 2264 2275 2274 
2033 2034 2045 2044 2264 2265 2276 2275 
2034 2035 2046 2045 2265 2266 2277 2276 
2037 2036 2047 2048 2268 2267 2278 2279 
2036 2038 2049 2047 2267 2269 2280 2278 
2038 2039 2050 2049 2269 2270 2281 2280 
2039 2040 2051 2050 2270 2271 2282 2281 
2040 2041 2052 2051 2271 2272 2283 2282 
2041 2042 2053 2052 2272 2273 2284 2283 
2042 2043 2054 2053 2273 2274 2285 2284 
2043 2044 2055 2054 2274 2275 2286 2285 
2044 2045 2056 2055 2275 2276 2287 2286 
2045 2046 2057 2056 2276 2277 2288 2287 
2048 2047 2058 2059 2279 2278 2289 2290 
2047 2049 2060 2058 2278 2280 2291 2289 
2049 2050 2061 2060 2280 2281 2292 2291 
2050 2051 2062 2061 2281 2282 2293 2292 
2051 2052 2063 2062 2282 2283 2294 2293 
2052 2053 2064 2063 2283 2284 2295 2294 
2053 2054 2065 2064 2284 2285 2296 2295 
2054 2055 2066 2065 2285 2286 2297 2296 
2055 2056 2067 2066 2286 2287 2298 2297 
2056 2057 2068 2067 2287 2288 2299 2298 
2059 2058 2069 2070 2290 2289 2300 2301 
2058 2060 2071 2069 2289 2291 2302 2300 
2060 2061 2072 2071 2291 2292 2303 2302 
2061 2062 2073 2072 2292 2293 2304 2303 
2062 2063 2074 2073 2293 2294 2305 2304 
2063 2064 2075 2074 2294 2295 2306 2305 
2064 2065 2076 2075 2295 2296 2307 2306 
2065 2066 2077 2076 2296 2297 2308 2307 
2066 2067 2078 2077 2297 2298 2309 2308 
2067 2068 2079 2078 2298 2299 2310 2309 
2080 2081 2082 2083 2311 2312 2313 2314 
2081 2084 2085 2082 2312 2315 2316 2313 
2084 2086 2087 2085 2315 2317 2318 2316 
2086 2088 2089 2087 2317 2319 2320 2318 
2088 2090 2091 2089 2319 2321 2322 2320 
2090 2092 2093 2091 2321 2323 2324 2322 
2092 2094 2095 2093 2323 2325 2326 2324 
2094 2096 2097 2095 2325 2327 2328 2326 
2096 2098 2099 2097 2327 2329 2330 2328 
2098 2100 2101 2099 2329 2331 2332 2330 
2083 2082 2102 2103 2314 2313 2333 2334 
2082 2085 2104 2102 2313 2316 2335 2333 
2085 2087 2105 2104 2316 2318 2336 2335 
2087 2089 2106 2105 2318 2320 2337 2336 
2089 2091 2107 2106 2320 2322 2338 2337 
2091 2093 2108 2107 2322 2324 2339 2338 
2093 2095 2109 2108 2324 2326 2340 2339 
2095 2097 2110 2109 2326 2328 2341 2340 
2097 2099 2111 2110 2328 2330 2342 2341 
2099 2101 2112 2111 2330 2332 2343 2342 
2103 2102 2113 2114 2334 2333 2344 2345 
2102 2104 2115 2113 2333 2335 2346 2344 
2104 2105 2116 2115 2335 2336 2347 2346 
2105 2106 2117 2116 2336 2337 2348 2347 
2106 2107 2118 2117 2337 2338 2349 2348 
2107 2108 2119 2118 2338 2339 2350 2349 
2108 2109 2120 2119 2339 2340 2351 2350 
2109 2110 2121 2120 2340 2341 2352 2351 
2110 2111 2122 2121 2341 2342 2353 2352 
2111 2112 2123 2122 2342 2343 2354 2353 
2114 2113 2124 2125 2345 2344 2355 2356 
2113 2115 2126 2124 2344 2346 2357 2355 
2115 2116 2127 2126 2346 2347 2358 2357 
2116 2117 2128 2127 2347 2348 2359 2358 
2117 2118 2129 2128 2348 2349 2360 2359 
2118 2119 2130 2129 2349 2350 2361 2360 
2119 2120 2131 2130 2350 2351 2362 2361 
2120 2121 2132 2131 2351 2352 2363 2362 
2121 2122 2133 2132 2352 2353 2364 2363 
2122 2123 2134 2133 2353 2354 2365 2364 
2125 2124 2135 2136 2356 2355 2366 2367 
2124 2126 2137 2135 2355 2357 2368 2366 
2126 2127 2138 2137 2357 2358 2369 2368 
2127 2128 2139 2138 2358 2359 2370 2369 
2128 2129 2140 2139 2359 2360 2371 2370 
2129 2130 2141 2140 2360 2361 2372 2371 
2130 2131 2142 2141 2361 2362 2373 2372 
2131 2132 2143 2142 2362 2363 2374 2373 
2132 2133 2144 2143 2363 2364 2375 2374 
2133 2134 2145 2144 2364 2365 2376 2375 
2136 2135 2146 2147 2367 2366 2377 2378 
2135 2137 2148 2146 2366 2368 2379 2377 
2137 2138 2149 2148 2368 2369 2380 2379 
2138 2139 2150 2149 2369 2370 2381 2380 
2139 2140 2151 2150 2370 2371 2382 2381 
2140 2141 2152 2151 2371 2372 2383 2382 
2141 2142 2153 2152 2372 2373 2384 2383 
2142 2143 2154 2153 2373 2374 2385 2384 
2143 2144 2155 2154 2374 2375 2386 2385 
2144 2145 2156 2155 2375 2376 2387 2386 
2147 2146 2157 2158 2378 2377 2388 2389 
2146 2148 2159 2157 2377 2379 2390 2388 
2148 2149 2160 2159 2379 2380 2391 2390 
2149 2150 2161 2160 2380 2381 2392 2391 
2150 2151 2162 2161 2381 2382 2393 2392 
2151 2152 2163 2162 2382 2383 2394 2393 
2152 2153 2164 2163 2383 2384 2395 2394 
2153 2154 2165 2164 2384 2385 2396 2395 
2154 2155 2166 2165 2385 2386 2397 2396 
2155 2156 2167 2166 2386 2387 2398 2397 
2158 2157 2168 2169 2389 2388 2399 2400 
2157 2159 2170 2168 2388 2390 2401 2399 
2159 2160 2171 2170 2390 2391 2402 2401 
2160 2161 2172 2171 2391 2392 2403 2402 
2161 2162 2173 2172 2392 2393 2404 2403 
2162 2163 2174 2173 2393 2394 2405 2404 
2163 2164 2175 2174 2394 2395 2406 2405 
2164 2165 2176 2175 2395 2396 2407 2406 
2165 2166 2177 2176 2396 2397 2408 2407 
2166 2167 2178 2177 2397 2398 2409 2408 
2169 2168 2179 2180 2400 2399 2410 2411 
2168 2170 2181 2179 2399 2401 2412 2410 
2170 2171 2182 2181 2401 2402 2413 2412 
2171 2172 2183 2182 2402 2403 2414 2413 
2172 2173 2184 2183 2403 2404 2415 2414 
2173 2174 2185 2184 2404 2405 2416 2415 
2174 2175 2186 2185 2405 2406 2417 2416 
2175 2176 2187 2186 2406 2407 2418 2417 
2176 2177 2188 2187 2407 2408 2419 2418 
2177 2178 2189 2188 2408 2409 2420 2419 
2180 2179 2190 2191 2411 2410 2421 2422 
2179 2181 2192 2190 2410 2412 2423 2421 
2181 2182 2193 2192 2412 2413 2424 2423 
2182 2183 2194 2193 2413 2414 2425 2424 
2183 2184 2195 2194 2414 2415 2426 2425 
2184 2185 2196 2195 2415 2416 2427 2426 
2185 2186 2197 2196 2416 2417 2428 2427 
2186 2187 2198 2197 2417 2418 2429 2428 
2187 2188 2199 2198 2418 2419 2430 2429 
2188 2189 2200 2199 2419 2420 2431 2430 
2191 2190 2201 2202 2422 2421 2432 2433 
2190 2192 2203 2201 2421 2423 2434 2432 
2192 2193 2204 2203 2423 2424 2435 2434 
2193 2194 2205 2204 2424 2425 2436 2435 
2194 2195 2206 2205 2425 2426 2437 2436 
2195 2196 2207 2206 2426 2427 2438 2437 
2196 2197 2208 2207 2427 2428 2439 2438 
2197 2198 2209 2208 2428 2429 2440 2439 
2198 2199 2210 2209 2429 2430 2441 2440 
2199 2200 2211 2210 2430 2431 2442 2441 
2202 2201 2212 2213 2433 2432 2443 2444 
2201 2203 2214 2212 2432 2434 2445 2443 
2203 2204 2215 2214 2434 2435 2446 2445 
2204 2205 2216 2215 2435 2436 2447 2446 
2205 2206 2217 2216 2436 2437 2448 2447 
2206 2207 2218 2217 2437 2438 2449 2448 
2207 2208 2219 2218 2438 2439 2450 2449 
2208 2209 2220 2219 2439 2440 2451 2450 
2209 2210 2221 2220 2440 2441 2452 2451 
2210 2211 2222 2221 2441 2442 2453 2452 
2213 2212 2223 2224 2444 2443 2454 2455 
2212 2214 2225 2223 2443 2445 2456 2454 
2214 2215 2226 2225 2445 2446 2457 2456 
2215 2216 2227 2226 2446 2447 2458 2457 
2216 2217 2228 2227 2447 2448 2459 2458 
2217 2218 2229 2228 2448 2449 2460 2459 
2218 2219 2230 2229 2449 2450 2461 2460 
2219 2220 2231 2230 2450 2451 2462 2461 
2220 2221 2232 2231 2451 2452 2463 2462 
2221 2222 2233 2232 2452 2453 2464 2463 
2224 2223 2234 2235 2455 2454 2465 2466 
2223 2225 2236 2234 2454 2456 2467 2465 
2225 2226 2237 2236 2456 2457 2468 2467 
2226 2227 2238 2237 2457 2458 2469 2468 
2227 2228 2239 2238 2458 2459 2470 2469 
2228 2229 2240 2239 2459 2460 2471 2470 
2229 2230 2241 2240 2460 2461 2472 2471 
2230 2231 2242 2241 2461 2462 2473 2472 
2231 2232 2243 2242 2462 2463 2474 2473 
2232 2233 2244 2243 2463 2464 2475 2474 
2235 2234 2245 2246 2466 2465 2476 2477 
2234 2236 2247 2245 2465 2467 2478 2476 
2236 2237 2248 2247 2467 2468 2479 2478 
2237 2238 2249 2248 2468 2469 2480 2479 
2238 2239 2250 2249 2469 2470 2481 2480 
2239 2240 2251 2250 2470 2471 2482 2481 
2240 2241 2252 2251 2471 2472 2483 2482 
2241 2242 2253 2252 2472 2473 2484 2483 
2242 2243 2254 2253 2473 2474 2485 2484 
2243 2244 2255 2254 2474 2475 2486 2485 
2246 2245 2256 2257 2477 2476 2487 2488 
2245 2247 2258 2256 2476 2478 2489 2487 
2247 2248 2259 2258 2478 2479 2490 2489 
2248 2249 2260 2259 2479 2480 2491 2490 
2249 2250 2261 2260 2480 2481 2492 2491 
2250 2251 2262 2261 2481 2482 2493 2492 
2251 2252 2263 2262 2482 2483 2494 2493 
2252 2253 2264 2263 2483 2484 2495 2494 
2253 2254 2265 2264 2484 2485 2496 2495 
2254 2255 2266 2265 2485 2486 2497 2496 
2257 2256 2267 2268 2488 2487 2498 2499 
2256 2258 2269 2267 2487 2489 2500 2498 
2258 2259 2270 2269 2489 2490 2501 2500 
2259 2260 2271 2270 2490 2491 2502 2501 
2260 2261 2272 2271 2491 2492 2503 2502 
2261 2262 2273 2272 2492 2493 2504 2503 
2262 2263 2274 2273 2493 2494 2505 2504 
2263 2264 2275 2274 2494 2495 2506 2505 
2264 2265 2276 2275 2495 2496 2507 2506 
2265 2266 2277 2276 2496 2497 2508 2507 
2268 2267 2278 2279 2499 2498 2509 2510 
2267 2269 2280 2278 2498 2500 2511 2509 
2269 2270 2281 2280 2500 2501 2512 2511 
2270 2271 2282 2281 2501 2502 2513 2512 
2271 2272 2283 2282 2502 2503 2514 2513 
2272 2273 2284 2283 2503 2504 2515 2514 
2273 2274 2285 2284 2504 2505 2516 2515 
2274 2275 2286 2285 2505 2506 2517 2516 
2275 2276 2287 2286 2506 2507 2518 2517 
2276 2277 2288 2287 2507 2508 2519 2518 
2279 2278 2289 2290 2510 2509 2520 2521 
2278 2280 2291 2289 2509 2511 2522 2520 
2280 2281 2292 2291 2511 2512 2523 2522 
2281 2282 2293 2292 2512 2513 2524 2523 
2282 2283 2294 2293 2513 2514 2525 2524 
2283 2284 2295 2294 2514 2515 2526 2525 
2284 2285 2296 2295 2515 2516 2527 2526 
2285 2286 2297 2296 2516 2517 2528 2527 
2286 2287 2298 2297 2517 2518 2529 2528 
2287 2288 2299 2298 2518 2519 2530 2529 
2290 2289 2300 2301 2521 2520 2531 2532 
2289 2291 2302 2300 2520 2522 2533 2531 
2291 2292 2303 2302 2522 2523 2534 2533 
2292 2293 2304 2303 2523 2524 2535 2534 
2293 2294 2305 2304 2524 2525 2536 2535 
2294 2295 2306 2305 2525 2526 2537 2536 
2295 2296 2307 2306 2526 2527 2538 2537 
2296 2297 2308 2307 2527 2528 2539 2538 
2297 2298 2309 2308 2528 2529 2540 2539 
2298 2299 2310 2309 2529 2530 2541 2540 
2311 2312 2313 2314 2542 2543 2544 2545 
2312 2315 2316 2313 2543 2546 2547 2544 
2315 2317 2318 2316 2546 2548 2549 2547 
2317 2319 2320 2318 2548 2550 2551 2549 
2319 2321 2322 2320 2550 2552 2553 2551 
2321 2323 2324 2322 2552 2554 2555 2553 
2323 2325 2326 2324 2554 2556 2557 2555 
2325 2327 2328 2326 2556 2558 2559 2557 
2327 2329 2330 2328 2558 2560 2561 2559 
2329 2331 2332 2330 2560 2562 2563 2561 
2314 2313 2333 2334 2545 2544 2564 2565 
2313 2316 2335 2333 2544 2547 2566 2564 
2316 2318 2336 2335 2547 2549 2567 2566 
2318 2320 2337 2336 2549 2551 2568 2567 
2320 2322 2338 2337 2551 2553 2569 2568 
2322 2324 2339 2338 2553 2555 2570 2569 
2324 2326 2340 2339 2555 2557 2571 2570 
2326 2328 2341 2340 2557 2559 2572 2571 
2328 2330 2342 2341 2559 2561 2573 2572 
2330 2332 2343 2342 2561 2563 2574 2573 
2334 2333 2344 2345 2565 2564 2575 2576 
2333 2335 2346 2344 2564 2566 2577 2575 
2335 2336 2347 2346 2566 2567 2578 2577 
2336 2337 2348 2347 2567 2568 2579 2578 
2337 2338 2349 2348 2568 2569 2580 2579 
2338 2339 2350 2349 2569 2570 2581 2580 
2339 2340 2351 2350 2570 2571 2582 2581 
2340 2341 2352 2351 2571 2572 2583 2582 
2341 2342 2353 2352 2572 2573 2584 2583 
2342 2343 2354 2353 2573 2574 2585 2584 
2345 2344 2355 2356 2576 2575 2586 2587 
2344 2346 2357 2355 2575 2577 2588 2586 
2346 2347 2358 2357 2577 2578 2589 2588 
2347 2348 2359 2358 2578 2579 2590 2589 
2348 2349 2360 2359 2579 2580 2591 2590 
2349 2350 2361 2360 2580 2581 2592 2591 
2350 2351 2362 2361 2581 2582 2593 2592 
2351 2352 2363 2362 2582 2583 2594 2593 
2352 2353 2364 2363 2583 2584 2595 2594 
2353 2354 2365 2364 2584 2585 2596 2595 
2356 2355 2366 2367 2587 2586 2597 2598 
2355 2357 2368 2366 2586 2588 2599 2597 
2357 2358 2369 2368 2588 2589 2600 2599 
2358 2359 2370 2369 2589 2590 2601 2600 
2359 2360 2371 2370 2590 2591 2602 2601 
2360 2361 2372 2371 2591 2592 2603 2602 
2361 2362 2373 2372 2592 2593 2604 2603 
2362 2363 2374 2373 2593 2594 2605 2604 
2363 2364 2375 2374 2594 2595 2606 2605 
2364 2365 2376 2375 2595 2596 2607 2606 
2367 2366 2377 2378 2598 2597 2608 2609 
2366 2368 2379 2377 2597 2599 2610 2608 
2368 2369 2380 2379 2599 2600 2611 2610 
2369 2370 2381 2380 2600 2601 2612 2611 
2370 2371 2382 2381 2601 2602 2613 2612 
2371 2372 2383 2382 2602 2603 2614 2613 
2372 2373 2384 2383 2603 2604 2615 2614 
2373 2374 2385 2384 2604 2605 2616 2615 
2374 2375 2386 2385 2605 2606 2617 2616 
2375 2376 2387 2386 2606 2607 2618 2617 
2378 2377 2388 2389 2609 2608 2619 2620 
2377 2379 2390 2388 2608 2610 2621 2619 
2379 2380 2391 2390 2610 2611 2622 2621 
2380 2381 2392 2391 2611 2612 2623 2622 
2381 2382 2393 2392 2612 2613 2624 2623 
2382 2383 2394 2393 2613 2614 2625 2624 
2383 2384 2395 2394 2614 2615 2626 2625 
2384 2385 2396 2395 2615 2616 2627 2626 
2385 2386 2397 2396 2616 2617 2628 2627 
2386 2387 2398 2397 2617 2618 2629 2628 
2389 2388 2399 2400 2620 2619 2630 2631 
2388 2390 2401 2399 2619 2621 2632 2630 
2390 2391 2402 2401 2621 2622 2633 2632 
2391 2392 2403 2402 2622 2623 2634 2633 
2392 2393 2404 2403 2623 2624 2635 2634 
2393 2394 2405 2404 2624 2625 2636 2635 
2394 2395 2406 2405 2625 2626 2637 2636 
2395 2396 2407 2406 2626 2627 2638 2637 
2396 2397 2408 2407 2627 2628 2639 2638 
2397 2398 2409 2408 2628 2629 2640 2639 
2400 2399 2410 2411 2631 2630 2641 2642 
2399 2401 2412 2410 2630 2632 2643 2641 
2401 2402 2413 2412 2632 2633 2644 2643 
2402 2403 2414 2413 2633 2634 2645 2644 
2403 2404 2415 2414 2634 2635 2646 2645 
2404 2405 2416 2415 2635 2636 2647 2646 
2405 2406 2417 2416 2636 2637 2648 2647 
2406 2407 2418 2417 2637 2638 2649 2648 
2407 2408 2419 2418 2638 2639 2650 2649 
2408 2409 2420 2419 2639 2640 2651 2650 
2411 2410 2421 2422 2642 2641 2652 2653 
2410 2412 2423 2421 2641 2643 2654 2652 
2412 2413 2424 2423 2643 2644 2655 2654 
2413 2414 2425 2424 2644 2645 2656 2655 
2414 2415 2426 2425 2645 2646 2657 2656 
2415 2416 2427 2426 2646 2647 2658 2657 
2416 2417 2428 2427 2647 2648 2659 2658 
2417 2418 2429 2428 2648 2649 2660 2659 
2418 2419 2430 2429 2649 2650 2661 2660 
2419 2420 2431 2430 2650 2651 2662 2661 
2422 2421 2432 2433 2653 2652 2663 2664 
2421 2423 2434 2432 2652 2654 2665 2663 
2423 2424 2435 2434 2654 2655 2666 2665 
2424 2425 2436 2435 2655 2656 2667 2666 
2425 2426 2437 2436 2656 2657 2668 2667 
2426 2427 2438 2437 2657 2658 2669 2668 
2427 2428 2439 2438 2658 2659 2670 2669 
2428 2429 2440 2439 2659 2660 2671 2670 
2429 2430 2441 2440 2660 2661 2672 2671 
2430 2431 2442 2441 2661 2662 2673 2672 
2433 2432 2443 2444 2664 2663 2674 2675 
2432 2434 2445 2443 2663 2665 2676 2674 
2434 2435 2446 2445 2665 2666 2677 2676 
2435 2436 2447 2446 2666 2667 2678 2677 
2436 2437 2448 2447 2667 2668 2679 2678 
2437 2438 2449 2448 2668 2669 2680 2679 
2438 2439 2450 2449 2669 2670 2681 2680 
2439 2440 2451 2450 2670 2671 2682 2681 
2440 2441 2452 2451 2671 2672 2683 2682 
2441 2442 2453 2452 2672 2673 2684 2683 
2444 2443 2454 2455 2675 2674 2685 2686 
2443 2445 2456 2454 2674 2676 2687 2685 
2445 2446 2457 2456 2676 2677 2688 2687 
2446 2447 2458 2457 2677 2678 2689 2688 
2447 2448 2459 2458 2678 2679 2690 2689 
2448 2449 2460 2459 2679 2680 2691 2690 
2449 2450 2461 2460 2680 2681 2692 2691 
2450 2451 2462 2461 2681 2682 2693 2692 
2451 2452 2463 2462 2682 2683 2694 2693 
2452 2453 2464 2463 2683 2684 2695 2694 
2455 2454 2465 2466 2686 2685 2696 2697 
2454 2456 2467 2465 2685 2687 2698 2696 
2456 2457 2468 2467 2687 2688 2699 2698 
2457 2458 2469 2468 2688 2689 2700 2699 
2458 2459 2470 2469 2689 2690 2701 2700 
2459 2460 2471 2470 2690 2691 2702 2701 
2460 2461 2472 2471 2691 2692 2703 2702 
2461 2462 2473 2472 2692 2693 2704 2703 
2462 2463 2474 2473 2693 2694 2705 2704 
2463 2464 2475 2474 2694 2695 2706 2705 
2466 2465 2476 2477 2697 2696 2707 2708 
2465 2467 2478 2476 2696 2698 2709 2707 
2467 2468 2479 2478 2698 2699 2710 2709 
2468 2469 2480 2479 2699 2700 2711 2710 
2469 2470 2481 2480 2700 2701 2712 2711 
2470 2471 2482 2481 2701 2702 2713 2712 
2471 2472 2483 2482 2702 2703 2714 2713 
2472 2473 2484 2483 2703 2704 2715 2714 
2473 2474 2485 2484 2704 2705 2716 2715 
2474 2475 2486 2485 2705 2706 2717 2716 
2477 2476 2487 2488 2708 2707 2718 2719 
2476 2478 2489 2487 2707 2709 2720 2718 
2478 2479 2490 2489 2709 2710 2721 2720 
2479 2480 2491 2490 2710 2711 2722 2721 
2480 2481 2492 2491 2711 2712 2723 2722 
2481 2482 2493 2492 2712 2713 2724 2723 
2482 2483 2494 2493 2713 2714 2725 2724 
2483 2484 2495 2494 2714 2715 2726 2725 
2484 2485 2496 2495 2715 2716 2727 2726 
2485 2486 2497 2496 2716 2717 2728 2727 
2488 2487 2498 2499 2719 2718 2729 2730 
2487 2489 2500 2498 2718 2720 2731 2729 
2489 2490 2501 2500 2720 2721 2732 2731 
2490 2491 2502 2501 2721 2722 2733 2732 
2491 2492 2503 2502 2722 2723 2734 2733 
2492 2493 2504 2503 2723 2724 2735 2734 
2493 2494 2505 2504 2724 2725 2736 2735 
2494 2495 2506 2505 2725 2726 2737 2736 
2495 2496 2507 2506 2726 2727 2738 2737 
2496 2497 2508 2507 2727 2728 2739 2738 
2499 2498 2509 2510 2730 2729 2740 2741 
2498 2500 2511 2509 2729 2731 2742 2740 
2500 2501 2512 2511 2731 2732 2743 2742 
2501 2502 2513 2512 2732 2733 2744 2743 
2502 2503 2514 2513 2733 2734 2745 2744 
2503 2504 2515 2514 2734 2735 2746 2745 
2504 2505 2516 2515 2735 2736 2747 2746 
2505 2506 2517 2516 2736 2737 2748 2747 
2506 2507 2518 2517 2737 2738 2749 2748 
2507 2508 2519 2518 2738 2739 2750 2749 
2510 2509 2520 2521 2741 2740 2751 2752 
2509 2511 2522 2520 2740 2742 2753 2751 
2511 2512 2523 2522 2742 2743 2754 2753 
2512 2513 2524 2523 2743 2744 2755 2754 
2513 2514 2525 2524 2744 2745 2756 2755 
2514 2515 2526 2525 2745 2746 2757 2756 
2515 2516 2527 2526 2746 2747 2758 2757 
2516 2517 2528 2527 2747 2748 2759 2758 
2517 2518 2529 2528 2748 2749 2760 2759 
2518 2519 2530 2529 2749 2750 2761 2760 
2521 2520 2531 2532 2752 2751 2762 2763 
2520 2522 2533 2531 2751 2753 2764 2762 
2522 2523 2534 2533 2753 2754 2765 2764 
2523 2524 2535 2534 2754 2755 2766 2765 
2524 2525 2536 2535 2755 2756 2767 2766 
2525 2526 2537 2536 2756 2757 2768 2767 
2526 2527 2538 2537 2757 2758 2769 2768 
2527 2528 2539 2538 2758 2759 2770 2769 
2528 2529 2540 2539 2759 2760 2771 2770 
2529 2530 2541 2540 2760 2761 2772 2771 
2542 2543 2544 2545 2773 2774 2775 2776 
2543 2546 2547 2544 2774 2777 2778 2775 
2546 2548 2549 2547 2777 2779 2780 2778 
2548 2550 2551 2549 2779 2781 2782 2780 
2550 2552 2553 2551 2781 2783 2784 2782 
2552 2554 2555 2553 2783 2785 2786 2784 
2554 2556 2557 2555 2785 2787 2788 2786 
2556 2558 2559 2557 2787 2789 2790 2788 
2558 2560 2561 2559 2789 2791 2792 2790 
2560 2562 2563 2561 2791 2793 2794 2792 
2545 2544 2564 2565 2776 2775 2795 2796 
2544 2547 2566 2564 2775 2778 2797 2795 
2547 2549 2567 2566 2778 2780 2798 2797 
2549 2551 2568 2567 2780 2782 2799 2798 
2551 2553 2569 2568 2782 2784 2800 2799 
2553 2555 2570 2569 2784 2786 2801 2800 
2555 2557 2571 2570 2786 2788 2802 2801 
2557 2559 2572 2571 2788 2790 2803 2802 
2559 2561 2573 2572 2790 2792 2804 2803 
2561 2563 2574 2573 2792 2794 2805 2804 
2565 2564 2575 2576 2796 2795 2806 2807 
2564 2566 2577 2575 2795 2797 2808 2806 
2566 2567 2578 2577 2797 2798 2809 2808 
2567 2568 2579 2578 2798 2799 2810 2809 
2568 2569 2580 2579 2799 2800 2811 2810 
2569 2570 2581 2580 2800 2801 2812 2811 
2570 2571 2582 2581 2801 2802 2813 2812 
2571 2572 2583 2582 2802 2803 2814 2813 
2572 2573 2584 2583 2803 2804 2815 2814 
2573 2574 2585 2584 2804 2805 2816 2815 
2576 2575 2586 2587 2807 2806 2817 2818 
2575 2577 2588 2586 2806 2808 2819 2817 
2577 2578 2589 2588 2808 2809 2820 2819 
2578 2579 2590 2589 2809 2810 2821 2820 
2579 2580 2591 2590 2810 2811 2822 2821 
2580 2581 2592 2591 2811 2812 2823 2822 
2581 2582 2593 2592 2812 2813 2824 2823 
2582 2583 2594 2593 2813 2814 2825 2824 
2583 2584 2595 2594 2814 2815 2826 2825 
2584 2585 2596 2595 2815 2816 2827 2826 
2587 2586 2597 2598 2818 2817 2828 2829 
2586 2588 2599 2597 2817 2819 2830 2828 
2588 2589 2600 2599 2819 2820 2831 2830 
2589 2590 2601 2600 2820 2821 2832 2831 
2590 2591 2602 2601 2821 2822 2833 2832 
2591 2592 2603 2602 2822 2823 2834 2833 
2592 2593 2604 2603 2823 2824 2835 2834 
2593 2594 2605 2604 2824 2825 2836 2835 
2594 2595 2606 2605 2825 2826 2837 2836 
2595 2596 2607 2606 2826 2827 2838 2837 
2598 2597 2608 2609 2829 2828 2839 2840 
2597 2599 2610 2608 2828 2830 2841 2839 
2599 2600 2611 2610 2830 2831 2842 2841 
2600 2601 2612 2611 2831 2832 2843 2842 
2601 2602 2613 2612 2832 2833 2844 2843 
2602 2603 2614 2613 2833 2834 2845 2844 
2603 2604 2615 2614 2834 2835 2846 2845 
2604 2605 2616 2615 2835 2836 2847 2846 
2605 2606 2617 2616 2836 2837 2848 2847 
2606 2607 2618 2617 2837 2838 2849 2848 
2609 2608 2619 2620 2840 2839 2850 2851 
2608 2610 2621 2619 2839 2841 2852 2850 
2610 2611 2622 2621 2841 2842 2853 2852 
2611 2612 2623 2622 2842 2843 2854 2853 
2612 2613 2624 2623 2843 2844 2855 2854 
2613 2614 2625 2624 2844 2845 2856 2855 
2614 2615 2626 2625 2845 2846 2857 2856 
2615 2616 2627 2626 2846 2847 2858 2857 
2616 2617 2628 2627 2847 2848 2859 2858 
2617 2618 2629 2628 2848 2849 2860 2859 
2620 2619 2630 2631 2851 2850 2861 2862 
2619 2621 2632 2630 2850 2852 2863 2861 
2621 2622 2633 2632 2852 2853 2864 2863 
2622 2623 2634 2633 2853 2854 2865 2864 
2623 2624 2635 2634 2854 2855 2866 2865 
2624 2625 2636 2635 2855 2856 2867 2866 
2625 2626 2637 2636 2856 2857 2868 2867 
2626 2627 2638 2637 2857 2858 2869 2868 
2627 2628 2639 2638 2858 2859 2870 2869 
2628 2629 2640 2639 2859 2860 2871 2870 
2631 2630 2641 2642 2862 2861 2872 2873 
2630 2632 2643 2641 2861 2863 2874 2872 
2632 2633 2644 2643 2863 2864 2875 2874 
2633 2634 2645 2644 2864 2865 2876 2875 
2634 2635 2646 2645 2865 2866 2877 2876 
2635 2636 2647 2646 2866 2867 2878 2877 
2636 2637 2648 2647 2867 2868 2879 2878 
2637 2638 2649 2648 2868 2869 2880 2879 
2638 2639 2650 2649 2869 2870 2881 2880 
2639 2640 2651 2650 2870 2871 2882 2881 
2642 2641 2652 2653 2873 2872 2883 2884 
2641 2643 2654 2652 2872 2874 2885 2883 
2643 2644 2655 2654 2874 2875 2886 2885 
2644 2645 2656 2655 2875 2876 2887 2886 
2645 2646 2657 2656 2876 2877 2888 2887 
2646 2647 2658 2657 2877 2878 2889 2888 
2647 2648 2659 2658 2878 2879 2890 2889 
2648 2649 2660 2659 2879 2880 2891 2890 
2649 2650 2661 2660 2880 2881 2892 2891 
2650 2651 2662 2661 2881 2882 2893 2892 
2653 2652 2663 2664 2884 2883 2894 2895 
2652 2654 2665 2663 2883 2885 2896 2894 
2654 2655 2666 2665 2885 2886 2897 2896 
2655 2656 2667 2666 2886 2887 2898 2897 
2656 2657 2668 2667 2887 2888 2899 2898 
2657 2658 2669 2668 2888 2889 2900 2899 
2658 2659 2670 2669 2889 2890 2901 2900 
2659 2660 2671 2670 2890 2891 2902 2901 
2660 2661 2672 2671 2891 2892 2903 2902 
2661 2662 2673 2672 2892 2893 2904 2903 
2664 2663 2674 2675 2895 2894 2905 2906 
2663 2665 2676 2674 2894 2896 2907 2905 
2665 2666 2677 2676 2896 2897 2908 2907 
2666 2667 2678 2677 2897 2898 2909 2908 
2667 2668 2679 2678 2898 2899 2910 2909 
2668 2669 2680 2679 2899 2900 2911 2910 
2669 2670 2681 2680 2900 2901 2912 2911 
2670 2671 2682 2681 2901 2902 2913 2912 
2671 2672 2683 2682 2902 2903 2914 2913 
2672 2673 2684 2683 2903 2904 2915 2914 
2675 2674 2685 2686 2906 2905 2916 2917 
2674 2676 2687 2685 2905 2907 2918 2916 
2676 2677 2688 2687 2907 2908 2919 2918 
2677 2678 2689 2688 2908 2909 2920 2919 
2678 2679 2690 2689 2909 2910 2921 2920 
2679 2680 2691 2690 2910 2911 2922 2921 
2680 2681 2692 2691 2911 2912 2923 2922 
2681 2682 2693 2692 2912 2913 2924 2923 
2682 2683 2694 2693 2913 2914 2925 2924 
2683 2684 2695 2694 2914 2915 2926 2925 
2686 2685 2696 2697 2917 2916 2927 2928 
2685 2687 2698 2696 2916 2918 2929 2927 
2687 2688 2699 2698 2918 2919 2930 2929 
2688 2689 2700 2699 2919 2920 2931 2930 
2689 2690 2701 2700 2920 2921 2932 2931 
2690 2691 2702 2701 2921 2922 2933 2932 
2691 2692 2703 2702 2922 2923 2934 2933 
2692 2693 2704 2703 2923 2924 2935 2934 
2693 2694 2705 2704 2924 2925 2936 2935 
2694 2695 2706 2705 2925 2926 2937 2936 
2697 2696 2707 2708 2928 2927 2938 2939 
2696 2698 2709 2707 2927 2929 2940 2938 
2698 2699 2710 2709 2929 2930 2941 2940 
2699 2700 2711 2710 2930 2931 2942 2941 
2700 2701 2712 2711 2931 2932 2943 2942 
2701 2702 2713 2712 2932 2933 2944 2943 
2702 2703 2714 2713 2933 2934 2945 2944 
2703 2704 2715 2714 2934 2935 2946 2945 
2704 2705 2716 2715 2935 2936 2947 2946 
2705 2706 2717 2716 2936 2937 2948 2947 
2708 2707 2718 2719 2939 2938 2949 2950 
2707 2709 2720 2718 2938 2940 2951 2949 
2709 2710 2721 2720 2940 2941 2952 2951 
2710 2711 2722 2721 2941 2942 2953 2952 
2711 2712 2723 2722 2942 2943 2954 2953 
2712 2713 2724 2723 2943 2944 2955 2954 
2713 2714 2725 2724 2944 2945 2956 2955 
2714 2715 2726 2725 2945 2946 2957 2956 
2715 2716 2727 2726 2946 2947 2958 2957 
2716 2717 2728 2727 2947 2948 2959 2958 
2719 2718 2729 2730 2950 2949 2960 2961 
2718 2720 2731 2729 2949 2951 2962 2960 
2720 2721 2732 2731 2951 2952 2963 2962 
2721 2722 2733 2732 2952 2953 2964 2963 
2722 2723 2734 2733 2953 2954 2965 2964 
2723 2724 2735 2734 2954 2955 2966 2965 
2724 2725 2736 2735 2955 2956 2967 2966 
2725 2726 2737 2736 2956 2957 2968 2967 
2726 2727 2738 2737 2957 2958 2969 2968 
2727 2728 2739 2738 2958 2959 2970 2969 
2730 2729 2740 2741 2961 2960 2971 2972 
2729 2731 2742 2740 2960 2962 2973 2971 
2731 2732 2743 2742 2962 2963 2974 2973 
2732 2733 2744 2743 2963 2964 2975 2974 
2733 2734 2745 2744 2964 2965 2976 2975 
2734 2735 2746 2745 2965 2966 2977 2976 
2735 2736 2747 2746 2966 2967 2978 2977 
2736 2737 2748 2747 2967 2968 2979 2978 
2737 2738 2749 2748 2968 2969 2980 2979 
2738 2739 2750 2749 2969 2970 2981 2980 
2741 2740 2751 2752 2972 2971 2982 2983 
2740 2742 2753 2751 2971 2973 2984 2982 
2742 2743 2754 2753 2973 2974 2985 2984 
2743 2744 2755 2754 2974 2975 2986 2985 
2744 2745 2756 2755 2975 2976 2987 2986 
2745 2746 2757 2756 2976 2977 2988 2987 
2746 2747 2758 2757 2977 2978 2989 2988 
2747 2748 2759 2758 2978 2979 2990 2989 
2748 2749 2760 2759 2979 2980 2991 2990 
2749 2750 2761 2760 2980 2981 2992 2991 
2752 2751 2762 2763 2983 2982 2993 2994 
2751 2753 2764 2762 2982 2984 2995 2993 
2753 2754 2765 2764 2984 2985 2996 2995 
2754 2755 2766 2765 2985 2986 2997 2996 
2755 2756 2767 2766 2986 2987 2998 2997 
2756 2757 2768 2767 2987 2988 2999 2998 
2757 2758 2769 2768 2988 2989 3000 2999 
2758 2759 2770 2769 2989 2990 3001 3000 
2759 2760 2771 2770 2990 2991 3002 3001 
2760 2761 2772 2771 2991 2992 3003 3002 
2773 2774 2775 2776 3004 3005 3006 3007 
2774 2777 2778 2775 3005 3008 3009 3006 
2777 2779 2780 2778 3008 3010 3011 3009 
2779 2781 2782 2780 3010 3012 3013 3011 
2781 2783 2784 2782 3012 3014 3015 3013 
2783 2785 2786 2784 3014 3016 3017 3015 
2785 2787 2788 2786 3016 3018 3019 3017 
2787 2789 2790 2788 3018 3020 3021 3019 
2789 2791 2792 2790 3020 3022 3023 3021 
2791 2793 2794 2792 3022 3024 3025 3023 
2776 2775 2795 2796 3007 3006 3026 3027 
2775 2778 2797 2795 3006 3009 3028 3026 
2778 2780 2798 2797 3009 3011 3029 3028 
2780 2782 2799 2798 3011 3013 3030 3029 
2782 2784 2800 2799 3013 3015 3031 3030 
2784 2786 2801 2800 3015 3017 3032 3031 
2786 2788 2802 2801 3017 3019 3033 3032 
2788 2790 2803 2802 3019 3021 3034 3033 
2790 2792 2804 2803 3021 3023 3035 3034 
2792 2794 2805 2804 3023 3025 3036 3035 
2796 2795 2806 2807 3027 3026 3037 3038 
2795 2797 2808 2806 3026 3028 3039 3037 
2797 2798 2809 2808 3028 3029 3040 3039 
2798 2799 2810 2809 3029 3030 3041 3040 
2799 2800 2811 2810 3030 3031 3042 3041 
2800 2801 2812 2811 3031 3032 3043 3042 
2801 2802 2813 2812 3032 3033 3044 3043 
2802 2803 2814 2813 3033 3034 3045 3044 
2803 2804 2815 2814 3034 3035 3046 3045 
2804 2805 2816 2815 3035 3036 3047 3046 
2807 2806 2817 2818 3038 3037 3048 3049 
2806 2808 2819 2817 3037 3039 3050 3048 
2808 2809 2820 2819 3039 3040 3051 3050 
2809 2810 2821 2820 3040 3041 3052 3051 
2810 2811 2822 2821 3041 3042 3053 3052 
2811 2812 2823 2822 3042 3043 3054 3053 
2812 2813 2824 2823 3043 3044 3055 3054 
2813 2814 2825 2824 3044 3045 3056 3055 
2814 2815 2826 2825 3045 3046 3057 3056 
2815 2816 2827 2826 3046 3047 3058 3057 
2818 2817 2828 2829 3049 3048 3059 3060 
2817 2819 2830 2828 3048 3050 3061 3059 
2819 2820 2831 2830 3050 3051 3062 3061 
2820 2821 2832 2831 3051 3052 3063 3062 
2821 2822 2833 2832 3052 3053 3064 3063 
2822 2823 2834 2833 3053 3054 3065 3064 
2823 2824 2835 2834 3054 3055 3066 3065 
2824 2825 2836 2835 3055 3056 3067 3066 
2825 2826 2837 2836 3056 3057 3068 3067 
2826 2827 2838 2837 3057 3058 3069 3068 
2829 2828 2839 2840 3060 3059 3070 3071 
2828 2830 2841 2839 3059 3061 3072 3070 
2830 2831 2842 2841 3061 3062 3073 3072 
2831 2832 2843 2842 3062 3063 3074 3073 
2832 2833 2844 2843 3063 3064 3075 3074 
2833 2834 2845 2844 3064 3065 3076 3075 
2834 2835 2846 2845 3065 3066 3077 3076 
2835 2836 2847 2846 3066 3067 3078 3077 
2836 2837 2848 2847 3067 3068 3079 3078 
2837 2838 2849 2848 3068 3069 3080 3079 
2840 2839 2850 2851 3071 3070 3081 3082 
2839 2841 2852 2850 3070 3072 3083 3081 
2841 2842 2853 2852 3072 3073 3084 3083 
2842 2843 2854 2853 3073 3074 3085 3084 
2843 2844 2855 2854 3074 3075 3086 3085 
2844 2845 2856 2855 3075 3076 3087 3086 
2845 2846 2857 2856 3076 3077 3088 3087 
2846 2847 2858 2857 3077 3078 3089 3088 
2847 2848 2859 2858 3078 3079 3090 3089 
2848 2849 2860 2859 3079 3080 3091 3090 
2851 2850 2861 2862 3082 3081 3092 3093 
2850 2852 2863 2861 3081 3083 3094 3092 
2852 2853 2864 2863 3083 3084 3095 3094 
2853 2854 2865 2864 3084 3085 3096 3095 
2854 2855 2866 2865 3085 3086 3097 3096 
2855 2856 2867 2866 3086 3087 3098 3097 
2856 2857 2868 2867 3087 3088 3099 3098 
2857 2858 2869 2868 3088 3089 3100 3099 
2858 2859 2870 2869 3089 3090 3101 3100 
2859 2860 2871 2870 3090 3091 3102 3101 
2862 2861 2872 2873 3093 3092 3103 3104 
2861 2863 2874 2872 3092 3094 3105 3103 
2863 2864 2875 2874 3094 3095 3106 3105 
2864 2865 2876 2875 3095 3096 3107 3106 
2865 2866 2877 2876 3096 3097 3108 3107 
2866 2867 2878 2877 3097 3098 3109 3108 
2867 2868 2879 2878 3098 3099 3110 3109 
2868 2869 2880 2879 3099 3100 3111 3110 
2869 2870 2881 2880 3100 3101 3112 3111 
2870 2871 2882 2881 3101 3102 3113 3112 
2873 2872 2883 2884 3104 3103 3114 3115 
2872 2874 2885 2883 3103 3105 3116 3114 
2874 2875 2886 2885 3105 3106 3117 3116 
2875 2876 2887 2886 3106 3107 3118 3117 
2876 2877 2888 2887 3107 3108 3119 3118 
2877 2878 2889 2888 3108 3109 3120 3119 
2878 2879 2890 2889 3109 3110 3121 3120 
2879 2880 2891 2890 3110 3111 3122 3121 
2880 2881 2892 2891 3111 3112 3123 3122 
2881 2882 2893 2892 3112 3113 3124 3123 
2884 2883 2894 2895 3115 3114 3125 3126 
2883 2885 2896 2894 3114 3116 3127 3125 
2885 2886 2897 2896 3116 3117 3128 3127 
2886 2887 2898 2897 3117 3118 3129 3128 
2887 2888 2899 2898 3118 3119 3130 3129 
2888 2889 2900 2899 3119 3120 3131 3130 
2889 2890 2901 2900 3120 3121 3132 3131 
2890 2891 2902 2901 3121 3122 3133 3132 
2891 2892 2903 2902 3122 3123 3134 3133 
2892 2893 2904 2903 3123 3124 3135 3134 
2895 2894 2905 2906 3126 3125 3136 3137 
2894 2896 2907 2905 3125 3127 3138 3136 
2896 2897 2908 2907 3127 3128 3139 3138 
2897 2898 2909 2908 3128 3129 3140 3139 
2898 2899 2910 2909 3129 3130 3141 3140 
2899 2900 2911 2910 3130 3131 3142 3141 
2900 2901 2912 2911 3131 3132 3143 3142 
2901 2902 2913 2912 3132 3133 3144 3143 
2902 2903 2914 2913 3133 3134 3145 3144 
2903 2904 2915 2914 3134 3135 3146 3145 
2906 2905 2916 2917 3137 3136 3147 3148 
2905 2907 2918 2916 3136 3138 3149 3147 
2907 2908 2919 2918 3138 3139 3150 3149 
2908 2909 2920 2919 3139 3140 3151 3150 
2909 2910 2921 2920 3140 3141 3152 3151 
2910 2911 2922 2921 3141 3142 3153 3152 
2911 2912 2923 2922 3142 3143 3154 3153 
2912 2913 2924 2923 3143 3144 3155 3154 
2913 2914 2925 2924 3144 3145 3156 3155 
2914 2915 2926 2925 3145 3146 3157 3156 
2917 2916 2927 2928 3148 3147 3158 3159 
2916 2918 2929 2927 3147 3149 3160 3158 
2918 2919 2930 2929 3149 3150 3161 3160 
2919 2920 2931 2930 3150 3151 3162 3161 
2920 2921 2932 2931 3151 3152 3163 3162 
2921 2922 2933 2932 3152 3153 3164 3163 
2922 2923 2934 2933 3153 3154 3165 3164 
2923 2924 2935 2934 3154 3155 3166 3165 
2924 2925 2936 2935 3155 3156 3167 3166 
2925 2926 2937 2936 3156 3157 3168 3167 
2928 2927 2938 2939 3159 3158 3169 3170 
2927 2929 2940 2938 3158 3160 3171 3169 
2929 2930 2941 2940 3160 3161 3172 3171 
2930 2931 2942 2941 3161 3162 3173 3172 
2931 2932 2943 2942 3162 3163 3174 3173 
2932 2933 2944 2943 3163 3164 3175 3174 
2933 2934 2945 2944 3164 3165 3176 3175 
2934 2935 2946 2945 3165 3166 3177 3176 
2935 2936 2947 2946 3166 3167 3178 3177 
2936 2937 2948 2947 3167 3168 3179 3178 
2939 2938 2949 2950 3170 3169 3180 3181 
2938 2940 2951 2949 3169 3171 3182 3180 
2940 2941 2952 2951 3171 3172 3183 3182 
2941 2942 2953 2952 3172 3173 3184 3183 
2942 2943 2954 2953 3173 3174 3185 3184 
2943 2944 2955 2954 3174 3175 3186 3185 
2944 2945 2956 2955 3175 3176 3187 3186 
2945 2946 2957 2956 3176 3177 3188 3187 
2946 2947 2958 2957 3177 3178 3189 3188 
2947 2948 2959 2958 3178 3179 3190 3189 
2950 2949 2960 2961 3181 3180 3191 3192 
2949 2951 2962 2960 3180 3182 3193 3191 
2951 2952 2963 2962 3182 3183 3194 3193 
2952 2953 2964 2963 3183 3184 3195 3194 
2953 2954 2965 2964 3184 3185 3196 3195 
2954 2955 2966 2965 3185 3186 3197 3196 
2955 2956 2967 2966 3186 3187 3198 3197 
2956 2957 2968 2967 3187 3188 3199 3198 
2957 2958 2969 2968 3188 3189 3200 3199 
2958 2959 2970 2969 3189 3190 3201 3200 
2961 2960 2971 2972 3192 3191 3202 3203 
2960 2962 2973 2971 3191 3193 3204 3202 
2962 2963 2974 2973 3193 3194 3205 3204 
2963 2964 2975 2974 3194 3195 3206 3205 
2964 2965 2976 2975 3195 3196 3207 3206 
2965 2966 2977 2976 3196 3197 3208 3207 
2966 2967 2978 2977 3197 3198 3209 3208 
2967 2968 2979 2978 3198 3199 3210 3209 
2968 2969 2980 2979 3199 3200 3211 3210 
2969 2970 2981 2980 3200 3201 3212 3211 
2972 2971 2982 2983 3203 3202 3213 3214 
2971 2973 2984 2982 3202 3204 3215 3213 
2973 2974 2985 2984 3204 3205 3216 3215 
2974 2975 2986 2985 3205 3206 3217 3216 
2975 2976 2987 2986 3206 3207 3218 3217 
2976 2977 2988 2987 3207 3208 3219 3218 
2977 2978 2989 2988 3208 3209 3220 3219 
2978 2979 2990 2989 3209 3210 3221 3220 
2979 2980 2991 2990 3210 3211 3222 3221 
2980 2981 2992 2991 3211 3212 3223 3222 
2983 2982 2993 2994 3214 3213 3224 3225 
2982 2984 2995 2993 3213 3215 3226 3224 
2984 2985 2996 2995 3215 3216 3227 3226 
2985 2986 2997 2996 3216 3217 3228 3227 
2986 2987 2998 2997 3217 3218 3229 3228 
2987 2988 2999 2998 3218 3219 3230 3229 
2988 2989 3000 2999 3219 3220 3231 3230 
2989 2990 3001 3000 3220 3221 3232 3231 
2990 2991 3002 3001 3221 3222 3233 3232 
2991 2992 3003 3002 3222 3223 3234 3233 
3004 3005 3006 3007 3235 3236 3237 3238 
3005 3008 3009 3006 3236 3239 3240 3237 
3008 3010 3011 3009 3239 3241 3242 3240 
3010 3012 3013 3011 3241 3243 3244 3242 
3012 3014 3015 3013 3243 3245 3246 3244 
3014 3016 3017 3015 3245 3247 3248 3246 
3016 3018 3019 3017 3247 3249 3250 3248 
3018 3020 3021 3019 3249 3251 3252 3250 
3020 3022 3023 3021 3251 3253 3254 3252 
3022 3024 3025 3023 3253 3255 3256 3254 
3007 3006 3026 3027 3238 3237 3257 3258 
3006 3009 3028 3026 3237 3240 3259 3257 
3009 3011 3029 3028 3240 3242 3260 3259 
3011 3013 3030 3029 3242 3244 3261 3260 
3013 3015 3031 3030 3244 3246 3262 3261 
3015 3017 3032 3031 3246 3248 3263 3262 
3017 3019 3033 3032 3248 3250 3264 3263 
3019 3021 3034 3033 3250 3252 3265 3264 
3021 3023 3035 3034 3252 3254 3266 3265 
3023 3025 3036 3035 3254 3256 3267 3266 
3027 3026 3037 3038 3258 3257 3268 3269 
3026 3028 3039 3037 3257 3259 3270 3268 
3028 3029 3040 3039 3259 3260 3271 3270 
3029 3030 3041 3040 3260 3261 3272 3271 
3030 3031 3042 3041 3261 3262 3273 3272 
3031 3032 3043 3042 3262 3263 3274 3273 
3032 3033 3044 3043 3263 3264 3275 3274 
3033 3034 3045 3044 3264 3265 3276 3275 
3034 3035 3046 3045 3265 3266 3277 3276 
3035 3036 3047 3046 3266 3267 3278 3277 
3038 3037 3048 3049 3269 3268 3279 3280 
3037 3039 3050 3048 3268 3270 3281 3279 
3039 3040 3051 3050 3270 3271 3282 3281 
3040 3041 3052 3051 3271 3272 3283 3282 
3041 3042 3053 3052 3272 3273 3284 3283 
3042 3043 3054 3053 3273 3274 3285 3284 
3043 3044 3055 3054 3274 3275 3286 3285 
3044 3045 3056 3055 3275 3276 3287 3286 
3045 3046 3057 3056 3276 3277 3288 3287 
3046 3047 3058 3057 3277 3278 3289 3288 
3049 3048 3059 3060 3280 3279 3290 3291 
3048 3050 3061 3059 3279 3281 3292 3290 
3050 3051 3062 3061 3281 3282 3293 3292 
3051 3052 3063 3062 3282 3283 3294 3293 
3052 3053 3064 3063 3283 3284 3295 3294 
3053 3054 3065 3064 3284 3285 3296 3295 
3054 3055 3066 3065 3285 3286 3297 3296 
3055 3056 3067 3066 3286 3287 3298 3297 
3056 3057 3068 3067 3287 3288 3299 3298 
3057 3058 3069 3068 3288 3289 3300 3299 
3060 3059 3070 3071 3291 3290 3301 3302 
3059 3061 3072 3070 3290 3292 3303 3301 
3061 3062 3073 3072 3292 3293 3304 3303 
3062 3063 3074 3073 3293 3294 3305 3304 
3063 3064 3075 3074 3294 3295 3306 3305 
3064 3065 3076 3075 3295 3296 3307 3306 
3065 3066 3077 3076 3296 3297 3308 3307 
3066 3067 3078 3077 3297 3298 3309 3308 
3067 3068 3079 3078 3298 3299 3310 3309 
3068 3069 3080 3079 3299 3300 3311 3310 
3071 3070 3081 3082 3302 3301 3312 3313 
3070 3072 3083 3081 3301 3303 3314 3312 
3072 3073 3084 3083 3303 3304 3315 3314 
3073 3074 3085 3084 3304 3305 3316 3315 
3074 3075 3086 3085 3305 3306 3317 3316 
3075 3076 3087 3086 3306 3307 3318 3317 
3076 3077 3088 3087 3307 3308 3319 3318 
3077 3078 3089 3088 3308 3309 3320 3319 
3078 3079 3090 3089 3309 3310 3321 3320 
3079 3080 3091 3090 3310 3311 3322 3321 
3082 3081 3092 3093 3313 3312 3323 3324 
3081 3083 3094 3092 3312 3314 3325 3323 
3083 3084 3095 3094 3314 3315 3326 3325 
3084 3085 3096 3095 3315 3316 3327 3326 
3085 3086 3097 3096 3316 3317 3328 3327 
3086 3087 3098 3097 3317 3318 3329 3328 
3087 3088 3099 3098 3318 3319 3330 3329 
3088 3089 3100 3099 3319 3320 3331 3330 
3089 3090 3101 3100 3320 3321 3332 3331 
3090 3091 3102 3101 3321 3322 3333 3332 
3093 3092 3103 3104 3324 3323 3334 3335 
3092 3094 3105 3103 3323 3325 3336 3334 
3094 3095 3106 3105 3325 3326 3337 3336 
3095 3096 3107 3106 3326 3327 3338 3337 
3096 3097 3108 3107 3327 3328 3339 3338 
3097 3098 3109 3108 3328 3329 3340 3339 
3098 3099 3110 3109 3329 3330 3341 3340 
3099 3100 3111 3110 3330 3331 3342 3341 
3100 3101 3112 3111 3331 3332 3343 3342 
3101 3102 3113 3112 3332 3333 3344 3343 
3104 3103 3114 3115 3335 3334 3345 3346 
3103 3105 3116 3114 3334 3336 3347 3345 
3105 3106 3117 3116 3336 3337 3348 3347 
3106 3107 3118 3117 3337 3338 3349 3348 
3107 3108 3119 3118 3338 3339 3350 3349 
3108 3109 3120 3119 3339 3340 3351 3350 
3109 3110 3121 3120 3340 3341 3352 3351 
3110 3111 3122 3121 3341 3342 3353 3352 
3111 3112 3123 3122 3342 3343 3354 3353 
3112 3113 3124 3123 3343 3344 3355 3354 
3115 3114 3125 3126 3346 3345 3356 3357 
3114 3116 3127 3125 3345 3347 3358 3356 
3116 3117 3128 3127 3347 3348 3359 3358 
3117 3118 3129 3128 3348 3349 3360 3359 
3118 3119 3130 3129 3349 3350 3361 3360 
3119 3120 3131 3130 3350 3351 3362 3361 
3120 3121 3132 3131 3351 3352 3363 3362 
3121 3122 3133 3132 3352 3353 3364 3363 
3122 3123 3134 3133 3353 3354 3365 3364 
3123 3124 3135 3134 3354 3355 3366 3365 
3126 3125 3136 3137 3357 3356 3367 3368 
3125 3127 3138 3136 3356 3358 3369 3367 
3127 3128 3139 3138 3358 3359 3370 3369 
3128 3129 3140 3139 3359 3360 3371 3370 
3129 3130 3141 3140 3360 3361 3372 3371 
3130 3131 3142 3141 3361 3362 3373 3372 
3131 3132 3143 3142 3362 3363 3374 3373 
3132 3133 3144 3143 3363 3364 3375 3374 
3133 3134 3145 3144 3364 3365 3376 3375 
3134 3135 3146 3145 3365 3366 3377 3376 
3137 3136 3147 3148 3368 3367 3378 3379 
3136 3138 3149 3147 3367 3369 3380 3378 
3138 3139 3150 3149 3369 3370 3381 3380 
3139 3140 3151 3150 3370 3371 3382 3381 
3140 3141 3152 3151 3371 3372 3383 3382 
3141 3142 3153 3152 3372 3373 3384 3383 
3142 3143 3154 3153 3373 3374 3385 3384 
3143 3144 3155 3154 3374 3375 3386 3385 
3144 3145 3156 3155 3375 3376 3387 3386 
3145 3146 3157 3156 3376 3377 3388 3387 
3148 3147 3158 3159 3379 3378 3389 3390 
3147 3149 3160 3158 3378 3380 3391 3389 
3149 3150 3161 3160 3380 3381 3392 3391 
3150 3151 3162 3161 3381 3382 3393 3392 
3151 3152 3163 3162 3382 3383 3394 3393 
3152 3153 3164 3163 3383 3384 3395 3394 
3153 3154 3165 3164 3384 3385 3396 3395 
3154 3155 3166 3165 3385 3386 3397 3396 
3155 3156 3167 3166 3386 3387 3398 3397 
3156 3157 3168 3167 3387 3388 3399 3398 
3159 3158 3169 3170 3390 3389 3400 3401 
3158 3160 3171 3169 3389 3391 3402 3400 
3160 3161 3172 3171 3391 3392 3403 3402 
3161 3162 3173 3172 3392 3393 3404 3403 
3162 3163 3174 3173 3393 3394 3405 3404 
3163 3164 3175 3174 3394 3395 3406 3405 
3164 3165 3176 3175 3395 3396 3407 3406 
3165 3166 3177 3176 3396 3397 3408 3407 
3166 3167 3178 3177 3397 3398 3409 3408 
3167 3168 3179 3178 3398 3399 3410 3409 
3170 3169 3180 3181 3401 3400 3411 3412 
3169 3171 3182 3180 3400 3402 3413 3411 
3171 3172 3183 3182 3402 3403 3414 3413 
3172 3173 3184 3183 3403 3404 3415 3414 
3173 3174 3185 3184 3404 3405 3416 3415 
3174 3175 3186 3185 3405 3406 3417 3416 
3175 3176 3187 3186 3406 3407 3418 3417 
3176 3177 3188 3187 3407 3408 3419 3418 
3177 3178 3189 3188 3408 3409 3420 3419 
3178 3179 3190 3189 3409 3410 3421 3420 
3181 3180 3191 3192 3412 3411 3422 3423 
3180 3182 3193 3191 3411 3413 3424 3422 
3182 3183 3194 3193 3413 3414 3425 3424 
3183 3184 3195 3194 3414 3415 3426 3425 
3184 3185 3196 3195 3415 3416 3427 3426 
3185 3186 3197 3196 3416 3417 3428 3427 
3186 3187 3198 3197 3417 3418 3429 3428 
3187 3188 3199 3198 3418 3419 3430 3429 
3188 3189 3200 3199 3419 3420 3431 3430 
3189 3190 3201 3200 3420 3421 3432 3431 
3192 3191 3202 3203 3423 3422 3433 3434 
3191 3193 3204 3202 3422 3424 3435 3433 
3193 3194 3205 3204 3424 3425 3436 3435 
3194 3195 3206 3205 3425 3426 3437 3436 
3195 3196 3207 3206 3426 3427 3438 3437 
3196 3197 3208 3207 3427 3428 3439 3438 
3197 3198 3209 3208 3428 3429 3440 3439 
3198 3199 3210 3209 3429 3430 3441 3440 
3199 3200 3211 3210 3430 3431 3442 3441 
3200 3201 3212 3211 3431 3432 3443 3442 
3203 3202 3213 3214 3434 3433 3444 3445 
3202 3204 3215 3213 3433 3435 3446 3444 
3204 3205 3216 3215 3435 3436 3447 3446 
3205 3206 3217 3216 3436 3437 3448 3447 
3206 3207 3218 3217 3437 3438 3449 3448 
3207 3208 3219 3218 3438 3439 3450 3449 
3208 3209 3220 3219 3439 3440 3451 3450 
3209 3210 3221 3220 3440 3441 3452 3451 
3210 3211 3222 3221 3441 3442 3453 3452 
3211 3212 3223 3222 3442 3443 3454 3453 
3214 3213 3224 3225 3445 3444 3455 3456 
3213 3215 3226 3224 3444 3446 3457 3455 
3215 3216 3227 3226 3446 3447 3458 3457 
3216 3217 3228 3227 3447 3448 3459 3458 
3217 3218 3229 3228 3448 3449 3460 3459 
3218 3219 3230 3229 3449 3450 3461 3460 
3219 3220 3231 3230 3450 3451 3462 3461 
3220 3221 3232 3231 3451 3452 3463 3462 
3221 3222 3233 3232 3452 3453 3464 3463 
3222 3223 3234 3233 3453 3454 3465 3464 
3235 3236 3237 3238 3466 3467 3468 3469 
3236 3239 3240 3237 3467 3470 3471 3468 
3239 3241 3242 3240 3470 3472 3473 3471 
3241 3243 3244 3242 3472 3474 3475 3473 
3243 3245 3246 3244 3474 3476 3477 3475 
3245 3247 3248 3246 3476 3478 3479 3477 
3247 3249 3250 3248 3478 3480 3481 3479 
3249 3251 3252 3250 3480 3482 3483 3481 
3251 3253 3254 3252 3482 3484 3485 3483 
3253 3255 3256 3254 3484 3486 3487 3485 
3238 3237 3257 3258 3469 3468 3488 3489 
3237 3240 3259 3257 3468 3471 3490 3488 
3240 3242 3260 3259 3471 3473 3491 3490 
3242 3244 3261 3260 3473 3475 3492 3491 
3244 3246 3262 3261 3475 3477 3493 3492 
3246 3248 3263 3262 3477 3479 3494 3493 
3248 3250 3264 3263 3479 3481 3495 3494 
3250 3252 3265 3264 3481 3483 3496 3495 
3252 3254 3266 3265 3483 3485 3497 3496 
3254 3256 3267 3266 3485 3487 3498 3497 
3258 3257 3268 3269 3489 3488 3499 3500 
3257 3259 3270 3268 3488 3490 3501 3499 
3259 3260 3271 3270 3490 3491 3502 3501 
3260 3261 3272 3271 3491 3492 3503 3502 
3261 3262 3273 3272 3492 3493 3504 3503 
3262 3263 3274 3273 3493 3494 3505 3504 
3263 3264 3275 3274 3494 3495 3506 3505 
3264 3265 3276 3275 3495 3496 3507 3506 
3265 3266 3277 3276 3496 3497 3508 3507 
3266 3267 3278 3277 3497 3498 3509 3508 
3269 3268 3279 3280 3500 3499 3510 3511 
3268 3270 3281 3279 3499 3501 3512 3510 
3270 3271 3282 3281 3501 3502 3513 3512 
3271 3272 3283 3282 3502 3503 3514 3513 
3272 3273 3284 3283 3503 3504 3515 3514 
3273 3274 3285 3284 3504 3505 3516 3515 
3274 3275 3286 3285 3505 3506 3517 3516 
3275 3276 3287 3286 3506 3507 3518 3517 
3276 3277 3288 3287 3507 3508 3519 3518 
3277 3278 3289 3288 3508 3509 3520 3519 
3280 3279 3290 3291 3511 3510 3521 3522 
3279 3281 3292 3290 3510 3512 3523 3521 
3281 3282 3293 3292 3512 3513 3524 3523 
3282 3283 3294 3293 3513 3514 3525 3524 
3283 3284 3295 3294 3514 3515 3526 3525 
3284 3285 3296 3295 3515 3516 3527 3526 
3285 3286 3297 3296 3516 3517 3528 3527 
3286 3287 3298 3297 3517 3518 3529 3528 
3287 3288 3299 3298 3518 3519 3530 3529 
3288 3289 3300 3299 3519 3520 3531 3530 
3291 3290 3301 3302 3522 3521 3532 3533 
3290 3292 3303 3301 3521 3523 3534 3532 
3292 3293 3304 3303 3523 3524 3535 3534 
3293 3294 3305 3304 3524 3525 3536 3535 
3294 3295 3306 3305 3525 3526 3537 3536 
3295 3296 3307 3306 3526 3527 3538 3537 
3296 3297 3308 3307 3527 3528 3539 3538 
3297 3298 3309 3308 3528 3529 3540 3539 
3298 3299 3310 3309 3529 3530 3541 3540 
3299 3300 3311 3310 3530 3531 3542 3541 
3302 3301 3312 3313 3533 3532 3543 3544 
3301 3303 3314 3312 3532 3534 3545 3543 
3303 3304 3315 3314 3534 3535 3546 3545 
3304 3305 3316 3315 3535 3536 3547 3546 
3305 3306 3317 3316 3536 3537 3548 3547 
3306 3307 3318 3317 3537 3538 3549 3548 
3307 3308 3319 3318 3538 3539 3550 3549 
3308 3309 3320 3319 3539 3540 3551 3550 
3309 3310 3321 3320 3540 3541 3552 3551 
3310 3311 3322 3321 3541 3542 3553 3552 
3313 3312 3323 3324 3544 3543 3554 3555 
3312 3314 3325 3323 3543 3545 3556 3554 
3314 3315 3326 3325 3545 3546 3557 3556 
3315 3316 3327 3326 3546 3547 3558 3557 
3316 3317 3328 3327 3547 3548 3559 3558 
3317 3318 3329 3328 3548 3549 3560 3559 
3318 3319 3330 3329 3549 3550 3561 3560 
3319 3320 3331 3330 3550 3551 3562 3561 
3320 3321 3332 3331 3551 3552 3563 3562 
3321 3322 3333 3332 3552 3553 3564 3563 
3324 3323 3334 3335 3555 3554 3565 3566 
3323 3325 3336 3334 3554 3556 3567 3565 
3325 3326 3337 3336 3556 3557 3568 3567 
3326 3327 3338 3337 3557 3558 3569 3568 
3327 3328 3339 3338 3558 3559 3570 3569 
3328 3329 3340 3339 3559 3560 3571 3570 
3329 3330 3341 3340 3560 3561 3572 3571 
3330 3331 3342 3341 3561 3562 3573 3572 
3331 3332 3343 3342 3562 3563 3574 3573 
3332 3333 3344 3343 3563 3564 3575 3574 
3335 3334 3345 3346 3566 3565 3576 3577 
3334 3336 3347 3345 3565 3567 3578 3576 
3336 3337 3348 3347 3567 3568 3579 3578 
3337 3338 3349 3348 3568 3569 3580 3579 
3338 3339 3350 3349 3569 3570 3581 3580 
3339 3340 3351 3350 3570 3571 3582 3581 
3340 3341 3352 3351 3571 3572 3583 3582 
3341 3342 3353 3352 3572 3573 3584 3583 
3342 3343 3354 3353 3573 3574 3585 3584 
3343 3344 3355 3354 3574 3575 3586 3585 
3346 3345 3356 3357 3577 3576 3587 3588 
3345 3347 3358 3356 3576 3578 3589 3587 
3347 3348 3359 3358 3578 3579 3590 3589 
3348 3349 3360 3359 3579 3580 3591 3590 
3349 3350 3361 3360 3580 3581 3592 3591 
3350 3351 3362 3361 3581 3582 3593 3592 
3351 3352 3363 3362 3582 3583 3594 3593 
3352 3353 3364 3363 3583 3584 3595 3594 
3353 3354 3365 3364 3584 3585 3596 3595 
3354 3355 3366 3365 3585 3586 3597 3596 
3357 3356 3367 3368 3588 3587 3598 3599 
3356 3358 3369 3367 3587 3589 3600 3598 
3358 3359 3370 3369 3589 3590 3601 3600 
3359 3360 3371 3370 3590 3591 3602 3601 
3360 3361 3372 3371 3591 3592 3603 3602 
3361 3362 3373 3372 3592 3593 3604 3603 
3362 3363 3374 3373 3593 3594 3605 3604 
3363 3364 3375 3374 3594 3595 3606 3605 
3364 3365 3376 3375 3595 3596 3607 3606 
3365 3366 3377 3376 3596 3597 3608 3607 
3368 3367 3378 3379 3599 3598 3609 3610 
3367 3369 3380 3378 3598 3600 3611 3609 
3369 3370 3381 3380 3600 3601 3612 3611 
3370 3371 3382 3381 3601 3602 3613 3612 
3371 3372 3383 3382 3602 3603 3614 3613 
3372 3373 3384 3383 3603 3604 3615 3614 
3373 3374 3385 3384 3604 3605 3616 3615 
3374 3375 3386 3385 3605 3606 3617 3616 
3375 3376 3387 3386 3606 3607 3618 3617 
3376 3377 3388 3387 3607 3608 3619 3618 
3379 3378 3389 3390 3610 3609 3620 3621 
3378 3380 3391 3389 3609 3611 3622 3620 
3380 3381 3392 3391 3611 3612 3623 3622 
3381 3382 3393 3392 3612 3613 3624 3623 
3382 3383 3394 3393 3613 3614 3625 3624 
3383 3384 3395 3394 3614 3615 3626 3625 
3384 3385 3396 3395 3615 3616 3627 3626 
3385 3386 3397 3396 3616 3617 3628 3627 
3386 3387 3398 3397 3617 3618 3629 3628 
3387 3388 3399 3398 3618 3619 3630 3629 
3390 3389 3400 3401 3621 3620 3631 3632 
3389 3391 3402 3400 3620 3622 3633 3631 
3391 3392 3403 3402 3622 3623 3634 3633 
3392 3393 3404 3403 3623 3624 3635 3634 
3393 3394 3405 3404 3624 3625 3636 3635 
3394 3395 3406 3405 3625 3626 3637 3636 
3395 3396 3407 3406 3626 3627 3638 3637 
3396 3397 3408 3407 3627 3628 3639 3638 
3397 3398 3409 3408 3628 3629 3640 3639 
3398 3399 3410 3409 3629 3630 3641 3640 
3401 3400 3411 3412 3632 3631 3642 3643 
3400 3402 3413 3411 3631 3633 3644 3642 
3402 3403 3414 3413 3633 3634 3645 3644 
3403 3404 3415 3414 3634 3635 3646 3645 
3404 3405 3416 3415 3635 3636 3647 3646 
3405 3406 3417 3416 3636 3637 3648 3647 
3406 3407 3418 3417 3637 3638 3649 3648 
3407 3408 3419 3418 3638 3639 3650 3649 
3408 3409 3420 3419 3639 3640 3651 3650 
3409 3410 3421 3420 3640 3641 3652 3651 
3412 3411 3422 3423 3643 3642 3653 3654 
3411 3413 3424 3422 3642 3644 3655 3653 
3413 3414 3425 3424 3644 3645 3656 3655 
3414 3415 3426 3425 3645 3646 3657 3656 
3415 3416 3427 3426 3646 3647 3658 3657 
3416 3417 3428 3427 3647 3648 3659 3658 
3417 3418 3429 3428 3648 3649 3660 3659 
3418 3419 3430 3429 3649 3650 3661 3660 
3419 3420 3431 3430 3650 3651 3662 3661 
3420 3421 3432 3431 3651 3652 3663 3662 
3423 3422 3433 3434 3654 3653 3664 3665 
3422 3424 3435 3433 3653 3655 3666 3664 
3424 3425 3436 3435 3655 3656 3667 3666 
3425 3426 3437 3436 3656 3657 3668 3667 
3426 3427 3438 3437 3657 3658 3669 3668 
3427 3428 3439 3438 3658 3659 3670 3669 
3428 3429 3440 3439 3659 3660 3671 3670 
3429 3430 3441 3440 3660 3661 3672 3671 
3430 3431 3442 3441 3661 3662 3673 3672 
3431 3432 3443 3442 3662 3663 3674 3673 
3434 3433 3444 3445 3665 3664 3675 3676 
3433 3435 3446 3444 3664 3666 3677 3675 
3435 3436 3447 3446 3666 3667 3678 3677 
3436 3437 3448 3447 3667 3668 3679 3678 
3437 3438 3449 3448 3668 3669 3680 3679 
3438 3439 3450 3449 3669 3670 3681 3680 
3439 3440 3451 3450 3670 3671 3682 3681 
3440 3441 3452 3451 3671 3672 3683 3682 
3441 3442 3453 3452 3672 3673 3684 3683 
3442 3443 3454 3453 3673 3674 3685 3684 
3445 3444 3455 3456 3676 3675 3686 3687 
3444 3446 3457 3455 3675 3677 3688 3686 
3446 3447 3458 3457 3677 3678 3689 3688 
3447 3448 3459 3458 3678 3679 3690 3689 
3448 3449 3460 3459 3679 3680 3691 3690 
3449 3450 3461 3460 3680 3681 3692 3691 
3450 3451 3462 3461 3681 3682 3693 3692 
3451 3452 3463 3462 3682 3683 3694 3693 
3452 3453 3464 3463 3683 3684 3695 3694 
3453 3454 3465 3464 3684 3685 3696 3695 
3466 3467 3468 3469 3697 3698 3699 3700 
3467 3470 3471 3468 3698 3701 3702 3699 
3470 3472 3473 3471 3701 3703 3704 3702 
3472 3474 3475 3473 3703 3705 3706 3704 
3474 3476 3477 3475 3705 3707 3708 3706 
3476 3478 3479 3477 3707 3709 3710 3708 
3478 3480 3481 3479 3709 3711 3712 3710 
3480 3482 3483 3481 3711 3713 3714 3712 
3482 3484 3485 3483 3713 3715 3716 3714 
3484 3486 3487 3485 3715 3717 3718 3716 
3469 3468 3488 3489 3700 3699 3719 3720 
3468 3471 3490 3488 3699 3702 3721 3719 
3471 3473 3491 3490 3702 3704 3722 3721 
3473 3475 3492 3491 3704 3706 3723 3722 
3475 3477 3493 3492 3706 3708 3724 3723 
3477 3479 3494 3493 3708 3710 3725 3724 
3479 3481 3495 3494 3710 3712 3726 3725 
3481 3483 3496 3495 3712 3714 3727 3726 
3483 3485 3497 3496 3714 3716 3728 3727 
3485 3487 3498 3497 3716 3718 3729 3728 
3489 3488 3499 3500 3720 3719 3730 3731 
3488 3490 3501 3499 3719 3721 3732 3730 
3490 3491 3502 3501 3721 3722 3733 3732 
3491 3492 3503 3502 3722 3723 3734 3733 
3492 3493 3504 3503 3723 3724 3735 3734 
3493 3494 3505 3504 3724 3725 3736 3735 
3494 3495 3506 3505 3725 3726 3737 3736 
3495 3496 3507 3506 3726 3727 3738 3737 
3496 3497 3508 3507 3727 3728 3739 3738 
3497 3498 3509 3508 3728 3729 3740 3739 
3500 3499 3510 3511 3731 3730 3741 3742 
3499 3501 3512 3510 3730 3732 3743 3741 
3501 3502 3513 3512 3732 3733 3744 3743 
3502 3503 3514 3513 3733 3734 3745 3744 
3503 3504 3515 3514 3734 3735 3746 3745 
3504 3505 3516 3515 3735 3736 3747 3746 
3505 3506 3517 3516 3736 3737 3748 3747 
3506 3507 3518 3517 3737 3738 3749 3748 
3507 3508 3519 3518 3738 3739 3750 3749 
3508 3509 3520 3519 3739 3740 3751 3750 
3511 3510 3521 3522 3742 3741 3752 3753 
3510 3512 3523 3521 3741 3743 3754 3752 
3512 3513 3524 3523 3743 3744 3755 3754 
3513 3514 3525 3524 3744 3745 3756 3755 
3514 3515 3526 3525 3745 3746 3757 3756 
3515 3516 3527 3526 3746 3747 3758 3757 
3516 3517 3528 3527 3747 3748 3759 3758 
3517 3518 3529 3528 3748 3749 3760 3759 
3518 3519 3530 3529 3749 3750 3761 3760 
3519 3520 3531 3530 3750 3751 3762 3761 
3522 3521 3532 3533 3753 3752 3763 3764 
3521 3523 3534 3532 3752 3754 3765 3763 
3523 3524 3535 3534 3754 3755 3766 3765 
3524 3525 3536 3535 3755 3756 3767 3766 
3525 3526 3537 3536 3756 3757 3768 3767 
3526 3527 3538 3537 3757 3758 3769 3768 
3527 3528 3539 3538 3758 3759 3770 3769 
3528 3529 3540 3539 3759 3760 3771 3770 
3529 3530 3541 3540 3760 3761 3772 3771 
3530 3531 3542 3541 3761 3762 3773 3772 
3533 3532 3543 3544 3764 3763 3774 3775 
3532 3534 3545 3543 3763 3765 3776 3774 
3534 3535 3546 3545 3765 3766 3777 3776 
3535 3536 3547 3546 3766 3767 3778 3777 
3536 3537 3548 3547 3767 3768 3779 3778 
3537 3538 3549 3548 3768 3769 3780 3779 
3538 3539 3550 3549 3769 3770 3781 3780 
3539 3540 3551 3550 3770 3771 3782 3781 
3540 3541 3552 3551 3771 3772 3783 3782 
3541 3542 3553 3552 3772 3773 3784 3783 
3544 3543 3554 3555 3775 3774 3785 3786 
3543 3545 3556 3554 3774 3776 3787 3785 
3545 3546 3557 3556 3776 3777 3788 3787 
3546 3547 3558 3557 3777 3778 3789 3788 
3547 3548 3559 3558 3778 3779 3790 3789 
3548 3549 3560 3559 3779 3780 3791 3790 
3549 3550 3561 3560 3780 3781 3792 3791 
3550 3551 3562 3561 3781 3782 3793 3792 
3551 3552 3563 3562 3782 3783 3794 3793 
3552 3553 3564 3563 3783 3784 3795 3794 
3555 3554 3565 3566 3786 3785 3796 3797 
3554 3556 3567 3565 3785 3787 3798 3796 
3556 3557 3568 3567 3787 3788 3799 3798 
3557 3558 3569 3568 3788 3789 3800 3799 
3558 3559 3570 3569 3789 3790 3801 3800 
3559 3560 3571 3570 3790 3791 3802 3801 
3560 3561 3572 3571 3791 3792 3803 3802 
3561 3562 3573 3572 3792 3793 3804 3803 
3562 3563 3574 3573 3793 3794 3805 3804 
3563 3564 3575 3574 3794 3795 3806 3805 
3566 3565 3576 3577 3797 3796 3807 3808 
3565 3567 3578 3576 3796 3798 3809 3807 
3567 3568 3579 3578 3798 3799 3810 3809 
3568 3569 3580 3579 3799 3800 3811 3810 
3569 3570 3581 3580 3800 3801 3812 3811 
3570 3571 3582 3581 3801 3802 3813 3812 
3571 3572 3583 3582 3802 3803 3814 3813 
3572 3573 3584 3583 3803 3804 3815 3814 
3573 3574 3585 3584 3804 3805 3816 3815 
3574 3575 3586 3585 3805 3806 3817 3816 
3577 3576 3587 3588 3808 3807 3818 3819 
3576 3578 3589 3587 3807 3809 3820 3818 
3578 3579 3590 3589 3809 3810 3821 3820 
3579 3580 3591 3590 3810 3811 3822 3821 
3580 3581 3592 3591 3811 3812 3823 3822 
3581 3582 3593 3592 3812 3813 3824 3823 
3582 3583 3594 3593 3813 3814 3825 3824 
3583 3584 3595 3594 3814 3815 3826 3825 
3584 3585 3596 3595 3815 3816 3827 3826 
3585 3586 3597 3596 3816 3817 3828 3827 
3588 3587 3598 3599 3819 3818 3829 3830 
3587 3589 3600 3598 3818 3820 3831 3829 
3589 3590 3601 3600 3820 3821 3832 3831 
3590 3591 3602 3601 3821 3822 3833 3832 
3591 3592 3603 3602 3822 3823 3834 3833 
3592 3593 3604 3603 3823 3824 3835 3834 
3593 3594 3605 3604 3824 3825 3836 3835 
3594 3595 3606 3605 3825 3826 3837 3836 
3595 3596 3607 3606 3826 3827 3838 3837 
3596 3597 3608 3607 3827 3828 3839 3838 
3599 3598 3609 3610 3830 3829 3840 3841 
3598 3600 3611 3609 3829 3831 3842 3840 
3600 3601 3612 3611 3831 3832 3843 3842 
3601 3602 3613 3612 3832 3833 3844 3843 
3602 3603 3614 3613 3833 3834 3845 3844 
3603 3604 3615 3614 3834 3835 3846 3845 
3604 3605 3616 3615 3835 3836 3847 3846 
3605 3606 3617 3616 3836 3837 3848 3847 
3606 3607 3618 3617 3837 3838 3849 3848 
3607 3608 3619 3618 3838 3839 3850 3849 
3610 3609 3620 3621 3841 3840 3851 3852 
3609 3611 3622 3620 3840 3842 3853 3851 
3611 3612 3623 3622 3842 3843 3854 3853 
3612 3613 3624 3623 3843 3844 3855 3854 
3613 3614 3625 3624 3844 3845 3856 3855 
3614 3615 3626 3625 3845 3846 3857 3856 
3615 3616 3627 3626 3846 3847 3858 3857 
3616 3617 3628 3627 3847 3848 3859 3858 
3617 3618 3629 3628 3848 3849 3860 3859 
3618 3619 3630 3629 3849 3850 3861 3860 
3621 3620 3631 3632 3852 3851 3862 3863 
3620 3622 3633 3631 3851 3853 3864 3862 
3622 3623 3634 3633 3853 3854 3865 3864 
3623 3624 3635 3634 3854 3855 3866 3865 
3624 3625 3636 3635 3855 3856 3867 3866 
3625 3626 3637 3636 3856 3857 3868 3867 
3626 3627 3638 3637 3857 3858 3869 3868 
3627 3628 3639 3638 3858 3859 3870 3869 
3628 3629 3640 3639 3859 3860 3871 3870 
3629 3630 3641 3640 3860 3861 3872 3871 
3632 3631 3642 3643 3863 3862 3873 3874 
3631 3633 3644 3642 3862 3864 3875 3873 
3633 3634 3645 3644 3864 3865 3876 3875 
3634 3635 3646 3645 3865 3866 3877 3876 
3635 3636 3647 3646 3866 3867 3878 3877 
3636 3637 3648 3647 3867 3868 3879 3878 
3637 3638 3649 3648 3868 3869 3880 3879 
3638 3639 3650 3649 3869 3870 3881 3880 
3639 3640 3651 3650 3870 3871 3882 3881 
3640 3641 3652 3651 3871 3872 3883 3882 
3643 3642 3653 3654 3874 3873 3884 3885 
3642 3644 3655 3653 3873 3875 3886 3884 
3644 3645 3656 3655 3875 3876 3887 3886 
3645 3646 3657 3656 3876 3877 3888 3887 
3646 3647 3658 3657 3877 3878 3889 3888 
3647 3648 3659 3658 3878 3879 3890 3889 
3648 3649 3660 3659 3879 3880 3891 3890 
3649 3650 3661 3660 3880 3881 3892 3891 
3650 3651 3662 3661 3881 3882 3893 3892 
3651 3652 3663 3662 3882 3883 3894 3893 
3654 3653 3664 3665 3885 3884 3895 3896 
3653 3655 3666 3664 3884 3886 3897 3895 
3655 3656 3667 3666 3886 3887 3898 3897 
3656 3657 3668 3667 3887 3888 3899 3898 
3657 3658 3669 3668 3888 3889 3900 3899 
3658 3659 3670 3669 3889 3890 3901 3900 
3659 3660 3671 3670 3890 3891 3902 3901 
3660 3661 3672 3671 3891 3892 3903 3902 
3661 3662 3673 3672 3892 3893 3904 3903 
3662 3663 3674 3673 3893 3894 3905 3904 
3665 3664 3675 3676 3896 3895 3906 3907 
3664 3666 3677 3675 3895 3897 3908 3906 
3666 3667 3678 3677 3897 3898 3909 3908 
3667 3668 3679 3678 3898 3899 3910 3909 
3668 3669 3680 3679 3899 3900 3911 3910 
3669 3670 3681 3680 3900 3901 3912 3911 
3670 3671 3682 3681 3901 3902 3913 3912 
3671 3672 3683 3682 3902 3903 3914 3913 
3672 3673 3684 3683 3903 3904 3915 3914 
3673 3674 3685 3684 3904 3905 3916 3915 
3676 3675 3686 3687 3907 3906 3917 3918 
3675 3677 3688 3686 3906 3908 3919 3917 
3677 3678 3689 3688 3908 3909 3920 3919 
3678 3679 3690 3689 3909 3910 3921 3920 
3679 3680 3691 3690 3910 3911 3922 3921 
3680 3681 3692 3691 3911 3912 3923 3922 
3681 3682 3693 3692 3912 3913 3924 3923 
3682 3683 3694 3693 3913 3914 3925 3924 
3683 3684 3695 3694 3914 3915 3926 3925 
3684 3685 3696 3695 3915 3916 3927 3926 
3697 3698 3699 3700 3928 3929 3930 3931 
3698 3701 3702 3699 3929 3932 3933 3930 
3701 3703 3704 3702 3932 3934 3935 3933 
3703 3705 3706 3704 3934 3936 3937 3935 
3705 3707 3708 3706 3936 3938 3939 3937 
3707 3709 3710 3708 3938 3940 3941 3939 
3709 3711 3712 3710 3940 3942 3943 3941 
3711 3713 3714 3712 3942 3944 3945 3943 
3713 3715 3716 3714 3944 3946 3947 3945 
3715 3717 3718 3716 3946 3948 3949 3947 
3700 3699 3719 3720 3931 3930 3950 3951 
3699 3702 3721 3719 3930 3933 3952 3950 
3702 3704 3722 3721 3933 3935 3953 3952 
3704 3706 3723 3722 3935 3937 3954 3953 
3706 3708 3724 3723 3937 3939 3955 3954 
3708 3710 3725 3724 3939 3941 3956 3955 
3710 3712 3726 3725 3941 3943 3957 3956 
3712 3714 3727 3726 3943 3945 3958 3957 
3714 3716 3728 3727 3945 3947 3959 3958 
3716 3718 3729 3728 3947 3949 3960 3959 
3720 3719 3730 3731 3951 3950 3961 3962 
3719 3721 3732 3730 3950 3952 3963 3961 
3721 3722 3733 3732 3952 3953 3964 3963 
3722 3723 3734 3733 3953 3954 3965 3964 
3723 3724 3735 3734 3954 3955 3966 3965 
3724 3725 3736 3735 3955 3956 3967 3966 
3725 3726 3737 3736 3956 3957 3968 3967 
3726 3727 3738 3737 3957 3958 3969 3968 
3727 3728 3739 3738 3958 3959 3970 3969 
3728 3729 3740 3739 3959 3960 3971 3970 
3731 3730 3741 3742 3962 3961 3972 3973 
3730 3732 3743 3741 3961 3963 3974 3972 
3732 3733 3744 3743 3963 3964 3975 3974 
3733 3734 3745 3744 3964 3965 3976 3975 
3734 3735 3746 3745 3965 3966 3977 3976 
3735 3736 3747 3746 3966 3967 3978 3977 
3736 3737 3748 3747 3967 3968 3979 3978 
3737 3738 3749 3748 3968 3969 3980 3979 
3738 3739 3750 3749 3969 3970 3981 3980 
3739 3740 3751 3750 3970 3971 3982 3981 
3742 3741 3752 3753 3973 3972 3983 3984 
3741 3743 3754 3752 3972 3974 3985 3983 
3743 3744 3755 3754 3974 3975 3986 3985 
3744 3745 3756 3755 3975 3976 3987 3986 
3745 3746 3757 3756 3976 3977 3988 3987 
3746 3747 3758 3757 3977 3978 3989 3988 
3747 3748 3759 3758 3978 3979 3990 3989 
3748 3749 3760 3759 3979 3980 3991 3990 
3749 3750 3761 3760 3980 3981 3992 3991 
3750 3751 3762 3761 3981 3982 3993 3992 
3753 3752 3763 3764 3984 3983 3994 3995 
3752 3754 3765 3763 3983 3985 3996 3994 
3754 3755 3766 3765 3985 3986 3997 3996 
3755 3756 3767 3766 3986 3987 3998 3997 
3756 3757 3768 3767 3987 3988 3999 3998 
3757 3758 3769 3768 3988 3989 4000 3999 
3758 3759 3770 3769 3989 3990 4001 4000 
3759 3760 3771 3770 3990 3991 4002 4001 
3760 3761 3772 3771 3991 3992 4003 4002 
3761 3762 3773 3772 3992 3993 4004 4003 
3764 3763 3774 3775 3995 3994 4005 4006 
3763 3765 3776 3774 3994 3996 4007 4005 
3765 3766 3777 3776 3996 3997 4008 4007 
3766 3767 3778 3777 3997 3998 4009 4008 
3767 3768 3779 3778 3998 3999 4010 4009 
3768 3769 3780 3779 3999 4000 4011 4010 
3769 3770 3781 3780 4000 4001 4012 4011 
3770 3771 3782 3781 4001 4002 4013 4012 
3771 3772 3783 3782 4002 4003 4014 4013 
3772 3773 3784 3783 4003 4004 4015 4014 
3775 3774 3785 3786 4006 4005 4016 4017 
3774 3776 3787 3785 4005 4007 4018 4016 
3776 3777 3788 3787 4007 4008 4019 4018 
3777 3778 3789 3788 4008 4009 4020 4019 
3778 3779 3790 3789 4009 4010 4021 4020 
3779 3780 3791 3790 4010 4011 4022 4021 
3780 3781 3792 3791 4011 4012 4023 4022 
3781 3782 3793 3792 4012 4013 4024 4023 
3782 3783 3794 3793 4013 4014 4025 4024 
3783 3784 3795 3794 4014 4015 4026 4025 
3786 3785 3796 3797 4017 4016 4027 4028 
3785 3787 3798 3796 4016 4018 4029 4027 
3787 3788 3799 3798 4018 4019 4030 4029 
3788 3789 3800 3799 4019 4020 4031 4030 
3789 3790 3801 3800 4020 4021 4032 4031 
3790 3791 3802 3801 4021 4022 4033 4032 
3791 3792 3803 3802 4022 4023 4034 4033 
3792 3793 3804 3803 4023 4024 4035 4034 
3793 3794 3805 3804 4024 4025 4036 4035 
3794 3795 3806 3805 4025 4026 4037 4036 
3797 3796 3807 3808 4028 4027 4038 4039 
3796 3798 3809 3807 4027 4029 4040 4038 
3798 3799 3810 3809 4029 4030 4041 4040 
3799 3800 3811 3810 4030 4031 4042 4041 
3800 3801 3812 3811 4031 4032 4043 4042 
3801 3802 3813 3812 4032 4033 4044 4043 
3802 3803 3814 3813 4033 4034 4045 4044 
3803 3804 3815 3814 4034 4035 4046 4045 
3804 3805 3816 3815 4035 4036 4047 4046 
3805 3806 3817 3816 4036 4037 4048 4047 
3808 3807 3818 3819 4039 4038 4049 4050 
3807 3809 3820 3818 4038 4040 4051 4049 
3809 3810 3821 3820 4040 4041 4052 4051 
3810 3811 3822 3821 4041 4042 4053 4052 
3811 3812 3823 3822 4042 4043 4054 4053 
3812 3813 3824 3823 4043 4044 4055 4054 
3813 3814 3825 3824 4044 4045 4056 4055 
3814 3815 3826 3825 4045 4046 4057 4056 
3815 3816 3827 3826 4046 4047 4058 4057 
3816 3817 3828 3827 4047 4048 4059 4058 
3819 3818 3829 3830 4050 4049 4060 4061 
3818 3820 3831 3829 4049 4051 4062 4060 
3820 3821 3832 3831 4051 4052 4063 4062 
3821 3822 3833 3832 4052 4053 4064 4063 
3822 3823 3834 3833 4053 4054 4065 4064 
3823 3824 3835 3834 4054 4055 4066 4065 
3824 3825 3836 3835 4055 4056 4067 4066 
3825 3826 3837 3836 4056 4057 4068 4067 
3826 3827 3838 3837 4057 4058 4069 4068 
3827 3828 3839 3838 4058 4059 4070 4069 
3830 3829 3840 3841 4061 4060 4071 4072 
3829 3831 3842 3840 4060 4062 4073 4071 
3831 3832 3843 3842 4062 4063 4074 4073 
3832 3833 3844 3843 4063 4064 4075 4074 
3833 3834 3845 3844 4064 4065 4076 4075 
3834 3835 3846 3845 4065 4066 4077 4076 
3835 3836 3847 3846 4066 4067 4078 4077 
3836 3837 3848 3847 4067 4068 4079 4078 
3837 3838 3849 3848 4068 4069 4080 4079 
3838 3839 3850 3849 4069 4070 4081 4080 
3841 3840 3851 3852 4072 4071 4082 4083 
3840 3842 3853 3851 4071 4073 4084 4082 
3842 3843 3854 3853 4073 4074 4085 4084 
3843 3844 3855 3854 4074 4075 4086 4085 
3844 3845 3856 3855 4075 4076 4087 4086 
3845 3846 3857 3856 4076 4077 4088 4087 
3846 3847 3858 3857 4077 4078 4089 4088 
3847 3848 3859 3858 4078 4079 4090 4089 
3848 3849 3860 3859 4079 4080 4091 4090 
3849 3850 3861 3860 4080 4081 4092 4091 
3852 3851 3862 3863 4083 4082 4093 4094 
3851 3853 3864 3862 4082 4084 4095 4093 
3853 3854 3865 3864 4084 4085 4096 4095 
3854 3855 3866 3865 4085 4086 4097 4096 
3855 3856 3867 3866 4086 4087 4098 4097 
3856 3857 3868 3867 4087 4088 4099 4098 
3857 3858 3869 3868 4088 4089 4100 4099 
3858 3859 3870 3869 4089 4090 4101 4100 
3859 3860 3871 3870 4090 4091 4102 4101 
3860 3861 3872 3871 4091 4092 4103 4102 
3863 3862 3873 3874 4094 4093 4104 4105 
3862 3864 3875 3873 4093 4095 4106 4104 
3864 3865 3876 3875 4095 4096 4107 4106 
3865 3866 3877 3876 4096 4097 4108 4107 
3866 3867 3878 3877 4097 4098 4109 4108 
3867 3868 3879 3878 4098 4099 4110 4109 
3868 3869 3880 3879 4099 4100 4111 4110 
3869 3870 3881 3880 4100 4101 4112 4111 
3870 3871 3882 3881 4101 4102 4113 4112 
3871 3872 3883 3882 4102 4103 4114 4113 
3874 3873 3884 3885 4105 4104 4115 4116 
3873 3875 3886 3884 4104 4106 4117 4115 
3875 3876 3887 3886 4106 4107 4118 4117 
3876 3877 3888 3887 4107 4108 4119 4118 
3877 3878 3889 3888 4108 4109 4120 4119 
3878 3879 3890 3889 4109 4110 4121 4120 
3879 3880 3891 3890 4110 4111 4122 4121 
3880 3881 3892 3891 4111 4112 4123 4122 
3881 3882 3893 3892 4112 4113 4124 4123 
3882 3883 3894 3893 4113 4114 4125 4124 
3885 3884 3895 3896 4116 4115 4126 4127 
3884 3886 3897 3895 4115 4117 4128 4126 
3886 3887 3898 3897 4117 4118 4129 4128 
3887 3888 3899 3898 4118 4119 4130 4129 
3888 3889 3900 3899 4119 4120 4131 4130 
3889 3890 3901 3900 4120 4121 4132 4131 
3890 3891 3902 3901 4121 4122 4133 4132 
3891 3892 3903 3902 4122 4123 4134 4133 
3892 3893 3904 3903 4123 4124 4135 4134 
3893 3894 3905 3904 4124 4125 4136 4135 
3896 3895 3906 3907 4127 4126 4137 4138 
3895 3897 3908 3906 4126 4128 4139 4137 
3897 3898 3909 3908 4128 4129 4140 4139 
3898 3899 3910 3909 4129 4130 4141 4140 
3899 3900 3911 3910 4130 4131 4142 4141 
3900 3901 3912 3911 4131 4132 4143 4142 
3901 3902 3913 3912 4132 4133 4144 4143 
3902 3903 3914 3913 4133 4134 4145 4144 
3903 3904 3915 3914 4134 4135 4146 4145 
3904 3905 3916 3915 4135 4136 4147 4146 
3907 3906 3917 3918 4138 4137 4148 4149 
3906 3908 3919 3917 4137 4139 4150 4148 
3908 3909 3920 3919 4139 4140 4151 4150 
3909 3910 3921 3920 4140 4141 4152 4151 
3910 3911 3922 3921 4141 4142 4153 4152 
3911 3912 3923 3922 4142 4143 4154 4153 
3912 3913 3924 3923 4143 4144 4155 4154 
3913 3914 3925 3924 4144 4145 4156 4155 
3914 3915 3926 3925 4145 4146 4157 4156 
3915 3916 3927 3926 4146 4147 4158 4157 
3928 3929 3930 3931 4159 4160 4161 4162 
3929 3932 3933 3930 4160 4163 4164 4161 
3932 3934 3935 3933 4163 4165 4166 4164 
3934 3936 3937 3935 4165 4167 4168 4166 
3936 3938 3939 3937 4167 4169 4170 4168 
3938 3940 3941 3939 4169 4171 4172 4170 
3940 3942 3943 3941 4171 4173 4174 4172 
3942 3944 3945 3943 4173 4175 4176 4174 
3944 3946 3947 3945 4175 4177 4178 4176 
3946 3948 3949 3947 4177 4179 4180 4178 
3931 3930 3950 3951 4162 4161 4181 4182 
3930 3933 3952 3950 4161 4164 4183 4181 
3933 3935 3953 3952 4164 4166 4184 4183 
3935 3937 3954 3953 4166 4168 4185 4184 
3937 3939 3955 3954 4168 4170 4186 4185 
3939 3941 3956 3955 4170 4172 4187 4186 
3941 3943 3957 3956 4172 4174 4188 4187 
3943 3945 3958 3957 4174 4176 4189 4188 
3945 3947 3959 3958 4176 4178 4190 4189 
3947 3949 3960 3959 4178 4180 4191 4190 
3951 3950 3961 3962 4182 4181 4192 4193 
3950 3952 3963 3961 4181 4183 4194 4192 
3952 3953 3964 3963 4183 4184 4195 4194 
3953 3954 3965 3964 4184 4185 4196 4195 
3954 3955 3966 3965 4185 4186 4197 4196 
3955 3956 3967 3966 4186 4187 4198 4197 
3956 3957 3968 3967 4187 4188 4199 4198 
3957 3958 3969 3968 4188 4189 4200 4199 
3958 3959 3970 3969 4189 4190 4201 4200 
3959 3960 3971 3970 4190 4191 4202 4201 
3962 3961 3972 3973 4193 4192 4203 4204 
3961 3963 3974 3972 4192 4194 4205 4203 
3963 3964 3975 3974 4194 4195 4206 4205 
3964 3965 3976 3975 4195 4196 4207 4206 
3965 3966 3977 3976 4196 4197 4208 4207 
3966 3967 3978 3977 4197 4198 4209 4208 
3967 3968 3979 3978 4198 4199 4210 4209 
3968 3969 3980 3979 4199 4200 4211 4210 
3969 3970 3981 3980 4200 4201 4212 4211 
3970 3971 3982 3981 4201 4202 4213 4212 
3973 3972 3983 3984 4204 4203 4214 4215 
3972 3974 3985 3983 4203 4205 4216 4214 
3974 3975 3986 3985 4205 4206 4217 4216 
3975 3976 3987 3986 4206 4207 4218 4217 
3976 3977 3988 3987 4207 4208 4219 4218 
3977 3978 3989 3988 4208 4209 4220 4219 
3978 3979 3990 3989 4209 4210 4221 4220 
3979 3980 3991 3990 4210 4211 4222 4221 
3980 3981 3992 3991 4211 4212 4223 4222 
3981 3982 3993 3992 4212 4213 4224 4223 
3984 3983 3994 3995 4215 4214 4225 4226 
3983 3985 3996 3994 4214 4216 4227 4225 
3985 3986 3997 3996 4216 4217 4228 4227 
3986 3987 3998 3997 4217 4218 4229 4228 
3987 3988 3999 3998 4218 4219 4230 4229 
3988 3989 4000 3999 4219 4220 4231 4230 
3989 3990 4001 4000 4220 4221 4232 4231 
3990 3991 4002 4001 4221 4222 4233 4232 
3991 3992 4003 4002 4222 4223 4234 4233 
3992 3993 4004 4003 4223 4224 4235 4234 
3995 3994 4005 4006 4226 4225 4236 4237 
3994 3996 4007 4005 4225 4227 4238 4236 
3996 3997 4008 4007 4227 4228 4239 4238 
3997 3998 4009 4008 4228 4229 4240 4239 
3998 3999 4010 4009 4229 4230 4241 4240 
3999 4000 4011 4010 4230 4231 4242 4241 
4000 4001 4012 4011 4231 4232 4243 4242 
4001 4002 4013 4012 4232 4233 4244 4243 
4002 4003 4014 4013 4233 4234 4245 4244 
4003 4004 4015 4014 4234 4235 4246 4245 
4006 4005 4016 4017 4237 4236 4247 4248 
4005 4007 4018 4016 4236 4238 4249 4247 
4007 4008 4019 4018 4238 4239 4250 4249 
4008 4009 4020 4019 4239 4240 4251 4250 
4009 4010 4021 4020 4240 4241 4252 4251 
4010 4011 4022 4021 4241 4242 4253 4252 
4011 4012 4023 4022 4242 4243 4254 4253 
4012 4013 4024 4023 4243 4244 4255 4254 
4013 4014 4025 4024 4244 4245 4256 4255 
4014 4015 4026 4025 4245 4246 4257 4256 
4017 4016 4027 4028 4248 4247 4258 4259 
4016 4018 4029 4027 4247 4249 4260 4258 
4018 4019 4030 4029 4249 4250 4261 4260 
4019 4020 4031 4030 4250 4251 4262 4261 
4020 4021 4032 4031 4251 4252 4263 4262 
4021 4022 4033 4032 4252 4253 4264 4263 
4022 4023 4034 4033 4253 4254 4265 4264 
4023 4024 4035 4034 4254 4255 4266 4265 
4024 4025 4036 4035 4255 4256 4267 4266 
4025 4026 4037 4036 4256 4257 4268 4267 
4028 4027 4038 4039 4259 4258 4269 4270 
4027 4029 4040 4038 4258 4260 4271 4269 
4029 4030 4041 4040 4260 4261 4272 4271 
4030 4031 4042 4041 4261 4262 4273 4272 
4031 4032 4043 4042 4262 4263 4274 4273 
4032 4033 4044 4043 4263 4264 4275 4274 
4033 4034 4045 4044 4264 4265 4276 4275 
4034 4035 4046 4045 4265 4266 4277 4276 
4035 4036 4047 4046 4266 4267 4278 4277 
4036 4037 4048 4047 4267 4268 4279 4278 
4039 4038 4049 4050 4270 4269 4280 4281 
4038 4040 4051 4049 4269 4271 4282 4280 
4040 4041 4052 4051 4271 4272 4283 4282 
4041 4042 4053 4052 4272 4273 4284 4283 
4042 4043 4054 4053 4273 4274 4285 4284 
4043 4044 4055 4054 4274 4275 4286 4285 
4044 4045 4056 4055 4275 4276 4287 4286 
4045 4046 4057 4056 4276 4277 4288 4287 
4046 4047 4058 4057 4277 4278 4289 4288 
4047 4048 4059 4058 4278 4279 4290 4289 
4050 4049 4060 4061 4281 4280 4291 4292 
4049 4051 4062 4060 4280 4282 4293 4291 
4051 4052 4063 4062 4282 4283 4294 4293 
4052 4053 4064 4063 4283 4284 4295 4294 
4053 4054 4065 4064 4284 4285 4296 4295 
4054 4055 4066 4065 4285 4286 4297 4296 
4055 4056 4067 4066 4286 4287 4298 4297 
4056 4057 4068 4067 4287 4288 4299 4298 
4057 4058 4069 4068 4288 4289 4300 4299 
4058 4059 4070 4069 4289 4290 4301 4300 
4061 4060 4071 4072 4292 4291 4302 4303 
4060 4062 4073 4071 4291 4293 4304 4302 
4062 4063 4074 4073 4293 4294 4305 4304 
4063 4064 4075 4074 4294 4295 4306 4305 
4064 4065 4076 4075 4295 4296 4307 4306 
4065 4066 4077 4076 4296 4297 4308 4307 
4066 4067 4078 4077 4297 4298 4309 4308 
4067 4068 4079 4078 4298 4299 4310 4309 
4068 4069 4080 4079 4299 4300 4311 4310 
4069 4070 4081 4080 4300 4301 4312 4311 
4072 4071 4082 4083 4303 4302 4313 4314 
4071 4073 4084 4082 4302 4304 4315 4313 
4073 4074 4085 4084 4304 4305 4316 4315 
4074 4075 4086 4085 4305 4306 4317 4316 
4075 4076 4087 4086 4306 4307 4318 4317 
4076 4077 4088 4087 4307 4308 4319 4318 
4077 4078 4089 4088 4308 4309 4320 4319 
4078 4079 4090 4089 4309 4310 4321 4320 
4079 4080 4091 4090 4310 4311 4322 4321 
4080 4081 4092 4091 4311 4312 4323 4322 
4083 4082 4093 4094 4314 4313 4324 4325 
4082 4084 4095 4093 4313 4315 4326 4324 
4084 4085 4096 4095 4315 4316 4327 4326 
4085 4086 4097 4096 4316 4317 4328 4327 
4086 4087 4098 4097 4317 4318 4329 4328 
4087 4088 4099 4098 4318 4319 4330 4329 
4088 4089 4100 4099 4319 4320 4331 4330 
4089 4090 4101 4100 4320 4321 4332 4331 
4090 4091 4102 4101 4321 4322 4333 4332 
4091 4092 4103 4102 4322 4323 4334 4333 
4094 4093 4104 4105 4325 4324 4335 4336 
4093 4095 4106 4104 4324 4326 4337 4335 
4095 4096 4107 4106 4326 4327 4338 4337 
4096 4097 4108 4107 4327 4328 4339 4338 
4097 4098 4109 4108 4328 4329 4340 4339 
4098 4099 4110 4109 4329 4330 4341 4340 
4099 4100 4111 4110 4330 4331 4342 4341 
4100 4101 4112 4111 4331 4332 4343 4342 
4101 4102 4113 4112 4332 4333 4344 4343 
4102 4103 4114 4113 4333 4334 4345 4344 
4105 4104 4115 4116 4336 4335 4346 4347 
4104 4106 4117 4115 4335 4337 4348 4346 
4106 4107 4118 4117 4337 4338 4349 4348 
4107 4108 4119 4118 4338 4339 4350 4349 
4108 4109 4120 4119 4339 4340 4351 4350 
4109 4110 4121 4120 4340 4341 4352 4351 
4110 4111 4122 4121 4341 4342 4353 4352 
4111 4112 4123 4122 4342 4343 4354 4353 
4112 4113 4124 4123 4343 4344 4355 4354 
4113 4114 4125 4124 4344 4345 4356 4355 
4116 4115 4126 4127 4347 4346 4357 4358 
4115 4117 4128 4126 4346 4348 4359 4357 
4117 4118 4129 4128 4348 4349 4360 4359 
4118 4119 4130 4129 4349 4350 4361 4360 
4119 4120 4131 4130 4350 4351 4362 4361 
4120 4121 4132 4131 4351 4352 4363 4362 
4121 4122 4133 4132 4352 4353 4364 4363 
4122 4123 4134 4133 4353 4354 4365 4364 
4123 4124 4135 4134 4354 4355 4366 4365 
4124 4125 4136 4135 4355 4356 4367 4366 
4127 4126 4137 4138 4358 4357 4368 4369 
4126 4128 4139 4137 4357 4359 4370 4368 
4128 4129 4140 4139 4359 4360 4371 4370 
4129 4130 4141 4140 4360 4361 4372 4371 
4130 4131 4142 4141 4361 4362 4373 4372 
4131 4132 4143 4142 4362 4363 4374 4373 
4132 4133 4144 4143 4363 4364 4375 4374 
4133 4134 4145 4144 4364 4365 4376 4375 
4134 4135 4146 4145 4365 4366 4377 4376 
4135 4136 4147 4146 4366 4367 4378 4377 
4138 4137 4148 4149 4369 4368 4379 4380 
4137 4139 4150 4148 4368 4370 4381 4379 
4139 4140 4151 4150 4370 4371 4382 4381 
4140 4141 4152 4151 4371 4372 4383 4382 
4141 4142 4153 4152 4372 4373 4384 4383 
4142 4143 4154 4153 4373 4374 4385 4384 
4143 4144 4155 4154 4374 4375 4386 4385 
4144 4145 4156 4155 4375 4376 4387 4386 
4145 4146 4157 4156 4376 4377 4388 4387 
4146 4147 4158 4157 4377 4378 4389 4388 
4159 4160 4161 4162 4390 4391 4392 4393 
4160 4163 4164 4161 4391 4394 4395 4392 
4163 4165 4166 4164 4394 4396 4397 4395 
4165 4167 4168 4166 4396 4398 4399 4397 
4167 4169 4170 4168 4398 4400 4401 4399 
4169 4171 4172 4170 4400 4402 4403 4401 
4171 4173 4174 4172 4402 4404 4405 4403 
4173 4175 4176 4174 4404 4406 4407 4405 
4175 4177 4178 4176 4406 4408 4409 4407 
4177 4179 4180 4178 4408 4410 4411 4409 
4162 4161 4181 4182 4393 4392 4412 4413 
4161 4164 4183 4181 4392 4395 4414 4412 
4164 4166 4184 4183 4395 4397 4415 4414 
4166 4168 4185 4184 4397 4399 4416 4415 
4168 4170 4186 4185 4399 4401 4417 4416 
4170 4172 4187 4186 4401 4403 4418 4417 
4172 4174 4188 4187 4403 4405 4419 4418 
4174 4176 4189 4188 4405 4407 4420 4419 
4176 4178 4190 4189 4407 4409 4421 4420 
4178 4180 4191 4190 4409 4411 4422 4421 
4182 4181 4192 4193 4413 4412 4423 4424 
4181 4183 4194 4192 4412 4414 4425 4423 
4183 4184 4195 4194 4414 4415 4426 4425 
4184 4185 4196 4195 4415 4416 4427 4426 
4185 4186 4197 4196 4416 4417 4428 4427 
4186 4187 4198 4197 4417 4418 4429 4428 
4187 4188 4199 4198 4418 4419 4430 4429 
4188 4189 4200 4199 4419 4420 4431 4430 
4189 4190 4201 4200 4420 4421 4432 4431 
4190 4191 4202 4201 4421 4422 4433 4432 
4193 4192 4203 4204 4424 4423 4434 4435 
4192 4194 4205 4203 4423 4425 4436 4434 
4194 4195 4206 4205 4425 4426 4437 4436 
4195 4196 4207 4206 4426 4427 4438 4437 
4196 4197 4208 4207 4427 4428 4439 4438 
4197 4198 4209 4208 4428 4429 4440 4439 
4198 4199 4210 4209 4429 4430 4441 4440 
4199 4200 4211 4210 4430 4431 4442 4441 
4200 4201 4212 4211 4431 4432 4443 4442 
4201 4202 4213 4212 4432 4433 4444 4443 
4204 4203 4214 4215 4435 4434 4445 4446 
4203 4205 4216 4214 4434 4436 4447 4445 
4205 4206 4217 4216 4436 4437 4448 4447 
4206 4207 4218 4217 4437 4438 4449 4448 
4207 4208 4219 4218 4438 4439 4450 4449 
4208 4209 4220 4219 4439 4440 4451 4450 
4209 4210 4221 4220 4440 4441 4452 4451 
4210 4211 4222 4221 4441 4442 4453 4452 
4211 4212 4223 4222 4442 4443 4454 4453 
4212 4213 4224 4223 4443 4444 4455 4454 
4215 4214 4225 4226 4446 4445 4456 4457 
4214 4216 4227 4225 4445 4447 4458 4456 
4216 4217 4228 4227 4447 4448 4459 4458 
4217 4218 4229 4228 4448 4449 4460 4459 
4218 4219 4230 4229 4449 4450 4461 4460 
4219 4220 4231 4230 4450 4451 4462 4461 
4220 4221 4232 4231 4451 4452 4463 4462 
4221 4222 4233 4232 4452 4453 4464 4463 
4222 4223 4234 4233 4453 4454 4465 4464 
4223 4224 4235 4234 4454 4455 4466 4465 
4226 4225 4236 4237 4457 4456 4467 4468 
4225 4227 4238 4236 4456 4458 4469 4467 
4227 4228 4239 4238 4458 4459 4470 4469 
4228 4229 4240 4239 4459 4460 4471 4470 
4229 4230 4241 4240 4460 4461 4472 4471 
4230 4231 4242 4241 4461 4462 4473 4472 
4231 4232 4243 4242 4462 4463 4474 4473 
4232 4233 4244 4243 4463 4464 4475 4474 
4233 4234 4245 4244 4464 4465 4476 4475 
4234 4235 4246 4245 4465 4466 4477 4476 
4237 4236 4247 4248 4468 4467 4478 4479 
4236 4238 4249 4247 4467 4469 4480 4478 
4238 4239 4250 4249 4469 4470 4481 4480 
4239 4240 4251 4250 4470 4471 4482 4481 
4240 4241 4252 4251 4471 4472 4483 4482 
4241 4242 4253 4252 4472 4473 4484 4483 
4242 4243 4254 4253 4473 4474 4485 4484 
4243 4244 4255 4254 4474 4475 4486 4485 
4244 4245 4256 4255 4475 4476 4487 4486 
4245 4246 4257 4256 4476 4477 4488 4487 
4248 4247 4258 4259 4479 4478 4489 4490 
4247 4249 4260 4258 4478 4480 4491 4489 
4249 4250 4261 4260 4480 4481 4492 4491 
4250 4251 4262 4261 4481 4482 4493 4492 
4251 4252 4263 4262 4482 4483 4494 4493 
4252 4253 4264 4263 4483 4484 4495 4494 
4253 4254 4265 4264 4484 4485 4496 4495 
4254 4255 4266 4265 4485 4486 4497 4496 
4255 4256 4267 4266 4486 4487 4498 4497 
4256 4257 4268 4267 4487 4488 4499 4498 
4259 4258 4269 4270 4490 4489 4500 4501 
4258 4260 4271 4269 4489 4491 4502 4500 
4260 4261 4272 4271 4491 4492 4503 4502 
4261 4262 4273 4272 4492 4493 4504 4503 
4262 4263 4274 4273 4493 4494 4505 4504 
4263 4264 4275 4274 4494 4495 4506 4505 
4264 4265 4276 4275 4495 4496 4507 4506 
4265 4266 4277 4276 4496 4497 4508 4507 
4266 4267 4278 4277 4497 4498 4509 4508 
4267 4268 4279 4278 4498 4499 4510 4509 
4270 4269 4280 4281 4501 4500 4511 4512 
4269 4271 4282 4280 4500 4502 4513 4511 
4271 4272 4283 4282 4502 4503 4514 4513 
4272 4273 4284 4283 4503 4504 4515 4514 
4273 4274 4285 4284 4504 4505 4516 4515 
4274 4275 4286 4285 4505 4506 4517 4516 
4275 4276 4287 4286 4506 4507 4518 4517 
4276 4277 4288 4287 4507 4508 4519 4518 
4277 4278 4289 4288 4508 4509 4520 4519 
4278 4279 4290 4289 4509 4510 4521 4520 
4281 4280 4291 4292 4512 4511 4522 4523 
4280 4282 4293 4291 4511 4513 4524 4522 
4282 4283 4294 4293 4513 4514 4525 4524 
4283 4284 4295 4294 4514 4515 4526 4525 
4284 4285 4296 4295 4515 4516 4527 4526 
4285 4286 4297 4296 4516 4517 4528 4527 
4286 4287 4298 4297 4517 4518 4529 4528 
4287 4288 4299 4298 4518 4519 4530 4529 
4288 4289 4300 4299 4519 4520 4531 4530 
4289 4290 4301 4300 4520 4521 4532 4531 
4292 4291 4302 4303 4523 4522 4533 4534 
4291 4293 4304 4302 4522 4524 4535 4533 
4293 4294 4305 4304 4524 4525 4536 4535 
4294 4295 4306 4305 4525 4526 4537 4536 
4295 4296 4307 4306 4526 4527 4538 4537 
4296 4297 4308 4307 4527 4528 4539 4538 
4297 4298 4309 4308 4528 4529 4540 4539 
4298 4299 4310 4309 4529 4530 4541 4540 
4299 4300 4311 4310 4530 4531 4542 4541 
4300 4301 4312 4311 4531 4532 4543 4542 
4303 4302 4313 4314 4534 4533 4544 4545 
4302 4304 4315 4313 4533 4535 4546 4544 
4304 4305 4316 4315 4535 4536 4547 4546 
4305 4306 4317 4316 4536 4537 4548 4547 
4306 4307 4318 4317 4537 4538 4549 4548 
4307 4308 4319 4318 4538 4539 4550 4549 
4308 4309 4320 4319 4539 4540 4551 4550 
4309 4310 4321 4320 4540 4541 4552 4551 
4310 4311 4322 4321 4541 4542 4553 4552 
4311 4312 4323 4322 4542 4543 4554 4553 
4314 4313 4324 4325 4545 4544 4555 4556 
4313 4315 4326 4324 4544 4546 4557 4555 
4315 4316 4327 4326 4546 4547 4558 4557 
4316 4317 4328 4327 4547 4548 4559 4558 
4317 4318 4329 4328 4548 4549 4560 4559 
4318 4319 4330 4329 4549 4550 4561 4560 
4319 4320 4331 4330 4550 4551 4562 4561 
4320 4321 4332 4331 4551 4552 4563 4562 
4321 4322 4333 4332 4552 4553 4564 4563 
4322 4323 4334 4333 4553 4554 4565 4564 
4325 4324 4335 4336 4556 4555 4566 4567 
4324 4326 4337 4335 4555 4557 4568 4566 
4326 4327 4338 4337 4557 4558 4569 4568 
4327 4328 4339 4338 4558 4559 4570 4569 
4328 4329 4340 4339 4559 4560 4571 4570 
4329 4330 4341 4340 4560 4561 4572 4571 
4330 4331 4342 4341 4561 4562 4573 4572 
4331 4332 4343 4342 4562 4563 4574 4573 
4332 4333 4344 4343 4563 4564 4575 4574 
4333 4334 4345 4344 4564 4565 4576 4575 
4336 4335 4346 4347 4567 4566 4577 4578 
4335 4337 4348 4346 4566 4568 4579 4577 
4337 4338 4349 4348 4568 4569 4580 4579 
4338 4339 4350 4349 4569 4570 4581 4580 
4339 4340 4351 4350 4570 4571 4582 4581 
4340 4341 4352 4351 4571 4572 4583 4582 
4341 4342 4353 4352 4572 4573 4584 4583 
4342 4343 4354 4353 4573 4574 4585 4584 
4343 4344 4355 4354 4574 4575 4586 4585 
4344 4345 4356 4355 4575 4576 4587 4586 
4347 4346 4357 4358 4578 4577 4588 4589 
4346 4348 4359 4357 4577 4579 4590 4588 
4348 4349 4360 4359 4579 4580 4591 4590 
4349 4350 4361 4360 4580 4581 4592 4591 
4350 4351 4362 4361 4581 4582 4593 4592 
4351 4352 4363 4362 4582 4583 4594 4593 
4352 4353 4364 4363 4583 4584 4595 4594 
4353 4354 4365 4364 4584 4585 4596 4595 
4354 4355 4366 4365 4585 4586 4597 4596 
4355 4356 4367 4366 4586 4587 4598 4597 
4358 4357 4368 4369 4589 4588 4599 4600 
4357 4359 4370 4368 4588 4590 4601 4599 
4359 4360 4371 4370 4590 4591 4602 4601 
4360 4361 4372 4371 4591 4592 4603 4602 
4361 4362 4373 4372 4592 4593 4604 4603 
4362 4363 4374 4373 4593 4594 4605 4604 
4363 4364 4375 4374 4594 4595 4606 4605 
4364 4365 4376 4375 4595 4596 4607 4606 
4365 4366 4377 4376 4596 4597 4608 4607 
4366 4367 4378 4377 4597 4598 4609 4608 
4369 4368 4379 4380 4600 4599 4610 4611 
4368 4370 4381 4379 4599 4601 4612 4610 
4370 4371 4382 4381 4601 4602 4613 4612 
4371 4372 4383 4382 4602 4603 4614 4613 
4372 4373 4384 4383 4603 4604 4615 4614 
4373 4374 4385 4384 4604 4605 4616 4615 
4374 4375 4386 4385 4605 4606 4617 4616 
4375 4376 4387 4386 4606 4607 4618 4617 
4376 4377 4388 4387 4607 4608 4619 4618 
4377 4378 4389 4388 4608 4609 4620 4619 
4390 4391 4392 4393 4621 4622 4623 4624 
4391 4394 4395 4392 4622 4625 4626 4623 
4394 4396 4397 4395 4625 4627 4628 4626 
4396 4398 4399 4397 4627 4629 4630 4628 
4398 4400 4401 4399 4629 4631 4632 4630 
4400 4402 4403 4401 4631 4633 4634 4632 
4402 4404 4405 4403 4633 4635 4636 4634 
4404 4406 4407 4405 4635 4637 4638 4636 
4406 4408 4409 4407 4637 4639 4640 4638 
4408 4410 4411 4409 4639 4641 4642 4640 
4393 4392 4412 4413 4624 4623 4643 4644 
4392 4395 4414 4412 4623 4626 4645 4643 
4395 4397 4415 4414 4626 4628 4646 4645 
4397 4399 4416 4415 4628 4630 4647 4646 
4399 4401 4417 4416 4630 4632 4648 4647 
4401 4403 4418 4417 4632 4634 4649 4648 
4403 4405 4419 4418 4634 4636 4650 4649 
4405 4407 4420 4419 4636 4638 4651 4650 
4407 4409 4421 4420 4638 4640 4652 4651 
4409 4411 4422 4421 4640 4642 4653 4652 
4413 4412 4423 4424 4644 4643 4654 4655 
4412 4414 4425 4423 4643 4645 4656 4654 
4414 4415 4426 4425 4645 4646 4657 4656 
4415 4416 4427 4426 4646 4647 4658 4657 
4416 4417 4428 4427 4647 4648 4659 4658 
4417 4418 4429 4428 4648 4649 4660 4659 
4418 4419 4430 4429 4649 4650 4661 4660 
4419 4420 4431 4430 4650 4651 4662 4661 
4420 4421 4432 4431 4651 4652 4663 4662 
4421 4422 4433 4432 4652 4653 4664 4663 
4424 4423 4434 4435 4655 4654 4665 4666 
4423 4425 4436 4434 4654 4656 4667 4665 
4425 4426 4437 4436 4656 4657 4668 4667 
4426 4427 4438 4437 4657 4658 4669 4668 
4427 4428 4439 4438 4658 4659 4670 4669 
4428 4429 4440 4439 4659 4660 4671 4670 
4429 4430 4441 4440 4660 4661 4672 4671 
4430 4431 4442 4441 4661 4662 4673 4672 
4431 4432 4443 4442 4662 4663 4674 4673 
4432 4433 4444 4443 4663 4664 4675 4674 
4435 4434 4445 4446 4666 4665 4676 4677 
4434 4436 4447 4445 4665 4667 4678 4676 
4436 4437 4448 4447 4667 4668 4679 4678 
4437 4438 4449 4448 4668 4669 4680 4679 
4438 4439 4450 4449 4669 4670 4681 4680 
4439 4440 4451 4450 4670 4671 4682 4681 
4440 4441 4452 4451 4671 4672 4683 4682 
4441 4442 4453 4452 4672 4673 4684 4683 
4442 4443 4454 4453 4673 4674 4685 4684 
4443 4444 4455 4454 4674 4675 4686 4685 
4446 4445 4456 4457 4677 4676 4687 4688 
4445 4447 4458 4456 4676 4678 4689 4687 
4447 4448 4459 4458 4678 4679 4690 4689 
4448 4449 4460 4459 4679 4680 4691 4690 
4449 4450 4461 4460 4680 4681 4692 4691 
4450 4451 4462 4461 4681 4682 4693 4692 
4451 4452 4463 4462 4682 4683 4694 4693 
4452 4453 4464 4463 4683 4684 4695 4694 
4453 4454 4465 4464 4684 4685 4696 4695 
4454 4455 4466 4465 4685 4686 4697 4696 
4457 4456 4467 4468 4688 4687 4698 4699 
4456 4458 4469 4467 4687 4689 4700 4698 
4458 4459 4470 4469 4689 4690 4701 4700 
4459 4460 4471 4470 4690 4691 4702 4701 
4460 4461 4472 4471 4691 4692 4703 4702 
4461 4462 4473 4472 4692 4693 4704 4703 
4462 4463 4474 4473 4693 4694 4705 4704 
4463 4464 4475 4474 4694 4695 4706 4705 
4464 4465 4476 4475 4695 4696 4707 4706 
4465 4466 4477 4476 4696 4697 4708 4707 
4468 4467 4478 4479 4699 4698 4709 4710 
4467 4469 4480 4478 4698 4700 4711 4709 
4469 4470 4481 4480 4700 4701 4712 4711 
4470 4471 4482 4481 4701 4702 4713 4712 
4471 4472 4483 4482 4702 4703 4714 4713 
4472 4473 4484 4483 4703 4704 4715 4714 
4473 4474 4485 4484 4704 4705 4716 4715 
4474 4475 4486 4485 4705 4706 4717 4716 
4475 4476 4487 4486 4706 4707 4718 4717 
4476 4477 4488 4487 4707 4708 4719 4718 
4479 4478 4489 4490 4710 4709 4720 4721 
4478 4480 4491 4489 4709 4711 4722 4720 
4480 4481 4492 4491 4711 4712 4723 4722 
4481 4482 4493 4492 4712 4713 4724 4723 
4482 4483 4494 4493 4713 4714 4725 4724 
4483 4484 4495 4494 4714 4715 4726 4725 
4484 4485 4496 4495 4715 4716 4727 4726 
4485 4486 4497 4496 4716 4717 4728 4727 
4486 4487 4498 4497 4717 4718 4729 4728 
4487 4488 4499 4498 4718 4719 4730 4729 
4490 4489 4500 4501 4721 4720 4731 4732 
4489 4491 4502 4500 4720 4722 4733 4731 
4491 4492 4503 4502 4722 4723 4734 4733 
4492 4493 4504 4503 4723 4724 4735 4734 
4493 4494 4505 4504 4724 4725 4736 4735 
4494 4495 4506 4505 4725 4726 4737 4736 
4495 4496 4507 4506 4726 4727 4738 4737 
4496 4497 4508 4507 4727 4728 4739 4738 
4497 4498 4509 4508 4728 4729 4740 4739 
4498 4499 4510 4509 4729 4730 4741 4740 
4501 4500 4511 4512 4732 4731 4742 4743 
4500 4502 4513 4511 4731 4733 4744 4742 
4502 4503 4514 4513 4733 4734 4745 4744 
4503 4504 4515 4514 4734 4735 4746 4745 
4504 4505 4516 4515 4735 4736 4747 4746 
4505 4506 4517 4516 4736 4737 4748 4747 
4506 4507 4518 4517 4737 4738 4749 4748 
4507 4508 4519 4518 4738 4739 4750 4749 
4508 4509 4520 4519 4739 4740 4751 4750 
4509 4510 4521 4520 4740 4741 4752 4751 
4512 4511 4522 4523 4743 4742 4753 4754 
4511 4513 4524 4522 4742 4744 4755 4753 
4513 4514 4525 4524 4744 4745 4756 4755 
4514 4515 4526 4525 4745 4746 4757 4756 
4515 4516 4527 4526 4746 4747 4758 4757 
4516 4517 4528 4527 4747 4748 4759 4758 
4517 4518 4529 4528 4748 4749 4760 4759 
4518 4519 4530 4529 4749 4750 4761 4760 
4519 4520 4531 4530 4750 4751 4762 4761 
4520 4521 4532 4531 4751 4752 4763 4762 
4523 4522 4533 4534 4754 4753 4764 4765 
4522 4524 4535 4533 4753 4755 4766 4764 
4524 4525 4536 4535 4755 4756 4767 4766 
4525 4526 4537 4536 4756 4757 4768 4767 
4526 4527 4538 4537 4757 4758 4769 4768 
4527 4528 4539 4538 4758 4759 4770 4769 
4528 4529 4540 4539 4759 4760 4771 4770 
4529 4530 4541 4540 4760 4761 4772 4771 
4530 4531 4542 4541 4761 4762 4773 4772 
4531 4532 4543 4542 4762 4763 4774 4773 
4534 4533 4544 4545 4765 4764 4775 4776 
4533 4535 4546 4544 4764 4766 4777 4775 
4535 4536 4547 4546 4766 4767 4778 4777 
4536 4537 4548 4547 4767 4768 4779 4778 
4537 4538 4549 4548 4768 4769 4780 4779 
4538 4539 4550 4549 4769 4770 4781 4780 
4539 4540 4551 4550 4770 4771 4782 4781 
4540 4541 4552 4551 4771 4772 4783 4782 
4541 4542 4553 4552 4772 4773 4784 4783 
4542 4543 4554 4553 4773 4774 4785 4784 
4545 4544 4555 4556 4776 4775 4786 4787 
4544 4546 4557 4555 4775 4777 4788 4786 
4546 4547 4558 4557 4777 4778 4789 4788 
4547 4548 4559 4558 4778 4779 4790 4789 
4548 4549 4560 4559 4779 4780 4791 4790 
4549 4550 4561 4560 4780 4781 4792 4791 
4550 4551 4562 4561 4781 4782 4793 4792 
4551 4552 4563 4562 4782 4783 4794 4793 
4552 4553 4564 4563 4783 4784 4795 4794 
4553 4554 4565 4564 4784 4785 4796 4795 
4556 4555 4566 4567 4787 4786 4797 4798 
4555 4557 4568 4566 4786 4788 4799 4797 
4557 4558 4569 4568 4788 4789 4800 4799 
4558 4559 4570 4569 4789 4790 4801 4800 
4559 4560 4571 4570 4790 4791 4802 4801 
4560 4561 4572 4571 4791 4792 4803 4802 
4561 4562 4573 4572 4792 4793 4804 4803 
4562 4563 4574 4573 4793 4794 4805 4804 
4563 4564 4575 4574 4794 4795 4806 4805 
4564 4565 4576 4575 4795 4796 4807 4806 
4567 4566 4577 4578 4798 4797 4808 4809 
4566 4568 4579 4577 4797 4799 4810 4808 
4568 4569 4580 4579 4799 4800 4811 4810 
4569 4570 4581 4580 4800 4801 4812 4811 
4570 4571 4582 4581 4801 4802 4813 4812 
4571 4572 4583 4582 4802 4803 4814 4813 
4572 4573 4584 4583 4803 4804 4815 4814 
4573 4574 4585 4584 4804 4805 4816 4815 
4574 4575 4586 4585 4805 4806 4817 4816 
4575 4576 4587 4586 4806 4807 4818 4817 
4578 4577 4588 4589 4809 4808 4819 4820 
4577 4579 4590 4588 4808 4810 4821 4819 
4579 4580 4591 4590 4810 4811 4822 4821 
4580 4581 4592 4591 4811 4812 4823 4822 
4581 4582 4593 4592 4812 4813 4824 4823 
4582 4583 4594 4593 4813 4814 4825 4824 
4583 4584 4595 4594 4814 4815 4826 4825 
4584 4585 4596 4595 4815 4816 4827 4826 
4585 4586 4597 4596 4816 4817 4828 4827 
4586 4587 4598 4597 4817 4818 4829 4828 
4589 4588 4599 4600 4820 4819 4830 4831 
4588 4590 4601 4599 4819 4821 4832 4830 
4590 4591 4602 4601 4821 4822 4833 4832 
4591 4592 4603 4602 4822 4823 4834 4833 
4592 4593 4604 4603 4823 4824 4835 4834 
4593 4594 4605 4604 4824 4825 4836 4835 
4594 4595 4606 4605 4825 4826 4837 4836 
4595 4596 4607 4606 4826 4827 4838 4837 
4596 4597 4608 4607 4827 4828 4839 4838 
4597 4598 4609 4608 4828 4829 4840 4839 
4600 4599 4610 4611 4831 4830 4841 4842 
4599 4601 4612 4610 4830 4832 4843 4841 
4601 4602 4613 4612 4832 4833 4844 4843 
4602 4603 4614 4613 4833 4834 4845 4844 
4603 4604 4615 4614 4834 4835 4846 4845 
4604 4605 4616 4615 4835 4836 4847 4846 
4605 4606 4617 4616 4836 4837 4848 4847 
4606 4607 4618 4617 4837 4838 4849 4848 
4607 4608 4619 4618 4838 4839 4850 4849 
4608 4609 4620 4619 4839 4840 4851 4850 
