200 .000
9172
56801 6  3
56802 6  3
56803 6  3
56804 6  3
56805 6  3
56806 6  3
56807 6  3
56808 6  3
56809 6  3
56810 6  3
56811 6  3
56812 6  3
56813 6  3
56814 6  3
56815 6  3
56816 6  3
56817 6  3
56818 6  3
56819 6  3
56820 6  3
56821 6  3
56822 6  3
56823 6  3
56824 6  3
56825 6  3
56826 6  3
56827 6  3
56828 6  3
56829 6  3
56830 6  3
56831 6  3
56832 6  3
56833 6  3
56834 6  3
56835 6  3
56836 6  3
56837 6  3
56838 6  3
56839 6  3
56840 6  3
56841 6  3
56842 6  3
56843 6  3
56844 6  3
56845 6  3
56846 6  3
56847 6  3
56848 6  3
56849 6  3
56850 6  3
56851 6  3
56852 6  3
56853 6  3
56854 6  3
56855 6  3
56856 6  3
56857 6  3
56858 6  3
56859 6  3
56860 6  3
56861 6  3
56862 6  3
56863 6  3
56864 6  3
56865 6  3
56866 6  3
56867 6  3
56868 6  3
56869 6  3
56870 6  3
56871 6  3
56872 6  3
56873 6  3
56874 6  3
56875 6  3
56876 6  3
56877 6  3
56878 6  3
56879 6  3
56880 6  3
56881 6  3
56882 6  3
56883 6  3
56884 6  3
56885 6  3
56886 6  3
56887 6  3
56888 6  3
56889 6  3
56890 6  3
56891 6  3
56892 6  3
56893 6  3
56894 6  3
56895 6  3
56896 6  3
56897 6  3
56898 6  3
56899 6  3
56900 6  3
56901 6  3
56902 6  3
56903 6  3
56904 6  3
56905 6  3
56906 6  3
56907 6  3
56908 6  3
56909 6  3
56910 6  3
56911 6  3
56912 6  3
56913 6  3
56914 6  3
56915 6  3
56916 6  3
56917 6  3
56918 6  3
56919 6  3
56920 6  3
56921 6  3
56922 6  3
56923 6  3
56924 6  3
56925 6  3
56926 6  3
56927 6  3
56928 6  3
56929 6  3
56930 6  3
56931 6  3
56932 6  3
56933 6  3
56934 6  3
56935 6  3
56936 6  3
56937 6  3
56938 6  3
56939 6  3
56940 6  3
56941 6  3
56942 6  3
56943 6  3
56944 6  3
56945 6  3
56946 6  3
56947 6  3
56948 6  3
56949 6  3
56950 6  3
56951 6  3
56952 6  3
56953 6  3
56954 6  3
56955 6  3
56956 6  3
56957 6  3
56958 6  3
56959 6  3
56960 6  3
56961 6  3
56962 6  3
56963 6  3
56964 6  3
56965 6  3
56966 6  3
56967 6  3
56968 6  3
56969 6  3
56970 6  3
56971 6  3
56972 6  3
56973 6  3
56974 6  3
56975 6  3
56976 6  3
56977 6  3
56978 6  3
56979 6  3
56980 6  3
56981 6  3
56982 6  3
56983 6  3
56984 6  3
56985 6  3
56986 6  3
56987 6  3
56988 6  3
56989 6  3
56990 6  3
56991 6  3
56992 6  3
56993 6  3
56994 6  3
56995 6  3
56996 6  3
56997 6  3
56998 6  3
56999 6  3
57000 6  3
57001 6  3
57002 6  3
57003 6  3
57004 6  3
57005 6  3
57006 6  3
57007 6  3
57008 6  3
57009 6  3
57010 6  3
57011 6  3
57012 6  3
57013 6  3
57014 6  3
57015 6  3
57016 6  3
57017 6  3
57018 6  3
57019 6  3
57020 6  3
57021 6  3
57022 6  3
57023 6  3
57024 6  3
57025 6  3
57026 6  3
57027 6  3
57028 6  3
57029 6  3
57030 6  3
57031 6  3
57032 6  3
57033 6  3
57034 6  3
57035 6  3
57036 6  3
57037 6  3
57038 6  3
57039 6  3
57040 6  3
57041 6  3
57042 6  3
57043 6  3
57044 6  3
57045 6  3
57046 6  3
57047 6  3
57048 6  3
57049 6  3
57050 6  3
57051 6  3
57052 6  3
57053 6  3
57054 6  3
57055 6  3
57056 6  3
57057 6  3
57058 6  3
57059 6  3
57060 6  3
57061 6  3
57062 6  3
57063 6  3
57064 6  3
57065 6  3
57066 6  3
57067 6  3
57068 6  3
57069 6  3
57070 6  3
57071 6  3
57072 6  3
57073 6  3
57074 6  3
57075 6  3
57076 6  3
57077 6  3
57078 6  3
57079 6  3
57080 6  3
57081 6  3
57082 6  3
57083 6  3
57084 6  3
57085 6  3
57086 6  3
57087 6  3
57088 6  3
57089 6  3
57090 6  3
57091 6  3
57092 6  3
57093 6  3
57094 6  3
57095 6  3
57096 6  3
57097 6  3
57098 6  3
57099 6  3
57100 6  3
57101 6  3
57102 6  3
57103 6  3
57104 6  3
57105 6  3
57106 6  3
57107 6  3
57108 6  3
57109 6  3
57110 6  3
57111 6  3
57112 6  3
57113 6  3
57114 6  3
57115 6  3
57116 6  3
57117 6  3
57118 6  3
57119 6  3
57120 6  3
57121 6  3
57122 6  3
57123 6  3
57124 6  3
57125 6  3
57126 6  3
57127 6  3
57128 6  3
57129 6  3
57130 6  3
57131 6  3
57132 6  3
57133 6  3
57134 6  3
57135 6  3
57136 6  3
57137 6  3
57138 6  3
57139 6  3
57140 6  3
57141 6  3
57142 6  3
57143 6  3
57144 6  3
57145 6  3
57146 6  3
57147 6  3
57148 6  3
57149 6  3
57150 6  3
57151 6  3
57152 6  3
57153 6  3
57154 6  3
57155 6  3
57156 6  3
57157 6  3
57158 6  3
57159 6  3
57160 6  3
57161 6  3
57162 6  3
57163 6  3
57164 6  3
57165 6  3
57166 6  3
57167 6  3
57168 6  3
57169 6  3
57170 6  3
57171 6  3
57172 6  3
57173 6  3
57174 6  3
57175 6  3
57176 6  3
57177 6  3
57178 6  3
57179 6  3
57180 6  3
57181 6  3
57182 6  3
57183 6  3
57184 6  3
57185 6  3
57186 6  3
57187 6  3
57188 6  3
57189 6  3
57190 6  3
57191 6  3
57192 6  3
57193 6  3
57194 6  3
57195 6  3
57196 6  3
57197 6  3
57198 6  3
57199 6  3
57200 6  3
57201 6  3
57202 6  3
57203 6  3
57204 6  3
57205 6  3
57206 6  3
57207 6  3
57208 6  3
57209 6  3
57210 6  3
57211 6  3
57212 6  3
57213 6  3
57214 6  3
57215 6  3
57216 6  3
57217 6  3
57218 6  3
57219 6  3
57220 6  3
57221 6  3
57222 6  3
57223 6  3
57224 6  3
57225 6  3
57226 6  3
57227 6  3
57228 6  3
57229 6  3
57230 6  3
57231 6  3
57232 6  3
57233 6  3
57234 6  3
57235 6  3
57236 6  3
57237 6  3
57238 6  3
57239 6  3
57240 6  3
57241 6  3
57242 6  3
57243 6  3
57244 6  3
57245 6  3
57246 6  3
57247 6  3
57248 6  3
57249 6  3
57250 6  3
57251 6  3
57252 6  3
57253 6  3
57254 6  3
57255 6  3
57256 6  3
57257 6  3
57258 6  3
57259 6  3
57260 6  3
57261 6  3
57262 6  3
57263 6  3
57264 6  3
57265 6  3
57266 6  3
57267 6  3
57268 6  3
57269 6  3
57270 6  3
57271 6  3
57272 6  3
57273 6  3
57274 6  3
57275 6  3
57276 6  3
57277 6  3
57278 6  3
57279 6  3
57280 6  3
57281 6  3
57282 6  3
57283 6  3
57284 6  3
57285 6  3
57286 6  3
57287 6  3
57288 6  3
57289 6  3
57290 6  3
57291 6  3
57292 6  3
57293 6  3
57294 6  3
57295 6  3
57296 6  3
57297 6  3
57298 6  3
57299 6  3
57300 6  3
57301 6  3
57302 6  3
57303 6  3
57304 6  3
57305 6  3
57306 6  3
57307 6  3
57308 6  3
57309 6  3
57310 6  3
57311 6  3
57312 6  3
57313 6  3
57314 6  3
57315 6  3
57316 6  3
57317 6  3
57318 6  3
57319 6  3
57320 6  3
57321 6  3
57322 6  3
57323 6  3
57324 6  3
57325 6  3
57326 6  3
57327 6  3
57328 6  3
57329 6  3
57330 6  3
57331 6  3
57332 6  3
57333 6  3
57334 6  3
57335 6  3
57336 6  3
57337 6  3
57338 6  3
57339 6  3
57340 6  3
57341 6  3
57342 6  3
57343 6  3
57344 6  3
57345 6  3
57346 6  3
57347 6  3
57348 6  3
57349 6  3
57350 6  3
57351 6  3
57352 6  3
57353 6  3
57354 6  3
57355 6  3
57356 6  3
57357 6  3
57358 6  3
57359 6  3
57360 6  3
57361 6  3
57362 6  3
57363 6  3
57364 6  3
57365 6  3
57366 6  3
57367 6  3
57368 6  3
57369 6  3
57370 6  3
57371 6  3
57372 6  3
57373 6  3
57374 6  3
57375 6  3
57376 6  3
57377 6  3
57378 6  3
57379 6  3
57380 6  3
57381 6  3
57382 6  3
57383 6  3
57384 6  3
57385 6  3
57386 6  3
57387 6  3
57388 6  3
57389 6  3
57390 6  3
57391 6  3
57392 6  3
57393 6  3
57394 6  3
57395 6  3
57396 6  3
57397 6  3
57398 6  3
57399 6  3
57400 6  3
57401 6  3
57402 6  3
57403 6  3
57404 6  3
57405 6  3
57406 6  3
57407 6  3
57408 6  3
57409 6  3
57410 6  3
57411 6  3
57412 6  3
57413 6  3
57414 6  3
57415 6  3
57416 6  3
57417 6  3
57418 6  3
57419 6  3
57420 6  3
57421 6  3
57422 6  3
57423 6  3
57424 6  3
57425 6  3
57426 6  3
57427 6  3
57428 6  3
57429 6  3
57430 6  3
57431 6  3
57432 6  3
57433 6  3
57434 6  3
57435 6  3
57436 6  3
57437 6  3
57438 6  3
57439 6  3
57440 6  3
57441 6  3
57442 6  3
57443 6  3
57444 6  3
57445 6  3
57446 6  3
57447 6  3
57448 6  3
57449 6  3
57450 6  3
57451 6  3
57452 6  3
57453 6  3
57454 6  3
57455 6  3
57456 6  3
57457 6  3
57458 6  3
57459 6  3
57460 6  3
57461 6  3
57462 6  3
57463 6  3
57464 6  3
57465 6  3
57466 6  3
57467 6  3
57468 6  3
57469 6  3
57470 6  3
57471 6  3
57472 6  3
57473 6  3
57474 6  3
57475 6  3
57476 6  3
57477 6  3
57478 6  3
57479 6  3
57480 6  3
57481 6  3
57482 6  3
57483 6  3
57484 6  3
57485 6  3
57486 6  3
57487 6  3
57488 6  3
57489 6  3
57490 6  3
57491 6  3
57492 6  3
57493 6  3
57494 6  3
57495 6  3
57496 6  3
57497 6  3
57498 6  3
57499 6  3
57500 6  3
57501 6  3
57502 6  3
57503 6  3
57504 6  3
57505 6  3
57506 6  3
57507 6  3
57508 6  3
57509 6  3
57510 6  3
57511 6  3
57512 6  3
57513 6  3
57514 6  3
57515 6  3
57516 6  3
57517 6  3
57518 6  3
57519 6  3
57520 6  3
57521 6  3
57522 6  3
57523 6  3
57524 6  3
57525 6  3
57526 6  3
57527 6  3
57528 6  3
57529 6  3
57530 6  3
57531 6  3
57532 6  3
57533 6  3
57534 6  3
57535 6  3
57536 6  3
57537 6  3
57538 6  3
57539 6  3
57540 6  3
57541 6  3
57542 6  3
57543 6  3
57544 6  3
57545 6  3
57546 6  3
57547 6  3
57548 6  3
57549 6  3
57550 6  3
57551 6  3
57552 6  3
57553 6  3
57554 6  3
57555 6  3
57556 6  3
57557 6  3
57558 6  3
57559 6  3
57560 6  3
57561 6  3
57562 6  3
57563 6  3
57564 6  3
57565 6  3
57566 6  3
57567 6  3
57568 6  3
57569 6  3
57570 6  3
57571 6  3
57572 6  3
57573 6  3
57574 6  3
57575 6  3
57576 6  3
57577 6  3
57578 6  3
57579 6  3
57580 6  3
57581 6  3
57582 6  3
57583 6  3
57584 6  3
57585 6  3
57586 6  3
57587 6  3
57588 6  3
57589 6  3
57590 6  3
57591 6  3
57592 6  3
57593 6  3
57594 6  3
57595 6  3
57596 6  3
57597 6  3
57598 6  3
57599 6  3
57600 6  3
57601 6  3
57602 6  3
57603 6  3
57604 6  3
57605 6  3
57606 6  3
57607 6  3
57608 6  3
57609 6  3
57610 6  3
57611 6  3
57612 6  3
57613 6  3
57614 6  3
57615 6  3
57616 6  3
57617 6  3
57618 6  3
57619 6  3
57620 6  3
57621 6  3
57622 6  3
57623 6  3
57624 6  3
57625 6  3
57626 6  3
57627 6  3
57628 6  3
57629 6  3
57630 6  3
57631 6  3
57632 6  3
57633 6  3
57634 6  3
57635 6  3
57636 6  3
57637 6  3
57638 6  3
57639 6  3
57640 6  3
57641 6  3
57642 6  3
57643 6  3
57644 6  3
57645 6  3
57646 6  3
57647 6  3
57648 6  3
57649 6  3
57650 6  3
57651 6  3
57652 6  3
57653 6  3
57654 6  3
57655 6  3
57656 6  3
57657 6  3
57658 6  3
57659 6  3
57660 6  3
57661 6  3
57662 6  3
57663 6  3
57664 6  3
57665 6  3
57666 6  3
57667 6  3
57668 6  3
57669 6  3
57670 6  3
57671 6  3
57672 6  3
57673 6  3
57674 6  3
57675 6  3
57676 6  3
57677 6  3
57678 6  3
57679 6  3
57680 6  3
57681 6  3
57682 6  3
57683 6  3
57684 6  3
57685 6  3
57686 6  3
57687 6  3
57688 6  3
57689 6  3
57690 6  3
57691 6  3
57692 6  3
57693 6  3
57694 6  3
57695 6  3
57696 6  3
57697 6  3
57698 6  3
57699 6  3
57700 6  3
57701 6  3
57702 6  3
57703 6  3
57704 6  3
57705 6  3
57706 6  3
57707 6  3
57708 6  3
57709 6  3
57710 6  3
57711 6  3
57712 6  3
57713 6  3
57714 6  3
57715 6  3
57716 6  3
57717 6  3
57718 6  3
57719 6  3
57720 6  3
57721 6  3
57722 6  3
57723 6  3
57724 6  3
57725 6  3
57726 6  3
57727 6  3
57728 6  3
57729 6  3
57730 6  3
57731 6  3
57732 6  3
57733 6  3
57734 6  3
57735 6  3
57736 6  3
57737 6  3
57738 6  3
57739 6  3
57740 6  3
57741 6  3
57742 6  3
57743 6  3
57744 6  3
57745 6  3
57746 6  3
57747 6  3
57748 6  3
57749 6  3
57750 6  3
57751 6  3
57752 6  3
57753 6  3
57754 6  3
57755 6  3
57756 6  3
57757 6  3
57758 6  3
57759 6  3
57760 6  3
57761 6  3
57762 6  3
57763 6  3
57764 6  3
57765 6  3
57766 6  3
57767 6  3
57768 6  3
57769 6  3
57770 6  3
57771 6  3
57772 6  3
57773 6  3
57774 6  3
57775 6  3
57776 6  3
57777 6  3
57778 6  3
57779 6  3
57780 6  3
57781 6  3
57782 6  3
57783 6  3
57784 6  3
57785 6  3
57786 6  3
57787 6  3
57788 6  3
57789 6  3
57790 6  3
57791 6  3
57792 6  3
57793 6  3
57794 6  3
57795 6  3
57796 6  3
57797 6  3
57798 6  3
57799 6  3
57800 6  3
57801 6  3
57802 6  3
57803 6  3
57804 6  3
57805 6  3
57806 6  3
57807 6  3
57808 6  3
57809 6  3
57810 6  3
57811 6  3
57812 6  3
57813 6  3
57814 6  3
57815 6  3
57816 6  3
57817 6  3
57818 6  3
57819 6  3
57820 6  3
57821 6  3
57822 6  3
57823 6  3
57824 6  3
57825 6  3
57826 6  3
57827 6  3
57828 6  3
57829 6  3
57830 6  3
57831 6  3
57832 6  3
57833 6  3
57834 6  3
57835 6  3
57836 6  3
57837 6  3
57838 6  3
57839 6  3
57840 6  3
57841 6  3
57842 6  3
57843 6  3
57844 6  3
57845 6  3
57846 6  3
57847 6  3
57848 6  3
57849 6  3
57850 6  3
57851 6  3
57852 6  3
57853 6  3
57854 6  3
57855 6  3
57856 6  3
57857 6  3
57858 6  3
57859 6  3
57860 6  3
57861 6  3
57862 6  3
57863 6  3
57864 6  3
57865 6  3
57866 6  3
57867 6  3
57868 6  3
57869 6  3
57870 6  3
57871 6  3
57872 6  3
57873 6  3
57874 6  3
57875 6  3
57876 6  3
57877 6  3
57878 6  3
57879 6  3
57880 6  3
57881 6  3
57882 6  3
57883 6  3
57884 6  3
57885 6  3
57886 6  3
57887 6  3
57888 6  3
57889 6  3
57890 6  3
57891 6  3
57892 6  3
57893 6  3
57894 6  3
57895 6  3
57896 6  3
57897 6  3
57898 6  3
57899 6  3
57900 6  3
57901 6  3
57902 6  3
57903 6  3
57904 6  3
57905 6  3
57906 6  3
57907 6  3
57908 6  3
57909 6  3
57910 6  3
57911 6  3
57912 6  3
57913 6  3
57914 6  3
57915 6  3
57916 6  3
57917 6  3
57918 6  3
57919 6  3
57920 6  3
57921 6  3
57922 6  3
57923 6  3
57924 6  3
57925 6  3
57926 6  3
57927 6  3
57928 6  3
57929 6  3
57930 6  3
57931 6  3
57932 6  3
57933 6  3
57934 6  3
57935 6  3
57936 6  3
57937 6  3
57938 6  3
57939 6  3
57940 6  3
57941 6  3
57942 6  3
57943 6  3
57944 6  3
57945 6  3
57946 6  3
57947 6  3
57948 6  3
57949 6  3
57950 6  3
57951 6  3
57952 6  3
57953 6  3
57954 6  3
57955 6  3
57956 6  3
57957 6  3
57958 6  3
57959 6  3
57960 6  3
57961 6  3
57962 6  3
57963 6  3
57964 6  3
57965 6  3
57966 6  3
57967 6  3
57968 6  3
57969 6  3
57970 6  3
57971 6  3
57972 6  3
57973 6  3
57974 6  3
57975 6  3
57976 6  3
57977 6  3
57978 6  3
57979 6  3
57980 6  3
57981 6  3
57982 6  3
57983 6  3
57984 6  3
57985 6  3
57986 6  3
57987 6  3
57988 6  3
57989 6  3
57990 6  3
57991 6  3
57992 6  3
57993 6  3
57994 6  3
57995 6  3
57996 6  3
57997 6  3
57998 6  3
57999 6  3
58000 6  3
58001 6  3
58002 6  3
58003 6  3
58004 6  3
58005 6  3
58006 6  3
58007 6  3
58008 6  3
58009 6  3
58010 6  3
58011 6  3
58012 6  3
58013 6  3
58014 6  3
58015 6  3
58016 6  3
58017 6  3
58018 6  3
58019 6  3
58020 6  3
58021 6  3
58022 6  3
58023 6  3
58024 6  3
58025 6  3
58026 6  3
58027 6  3
58028 6  3
58029 6  3
58030 6  3
58031 6  3
58032 6  3
58033 6  3
58034 6  3
58035 6  3
58036 6  3
58037 6  3
58038 6  3
58039 6  3
58040 6  3
58041 6  3
58042 6  3
58043 6  3
58044 6  3
58045 6  3
58046 6  3
58047 6  3
58048 6  3
58049 6  3
58050 6  3
58051 6  3
58052 6  3
58053 6  3
58054 6  3
58055 6  3
58056 6  3
58057 6  3
58058 6  3
58059 6  3
58060 6  3
58061 6  3
58062 6  3
58063 6  3
58064 6  3
58065 6  3
58066 6  3
58067 6  3
58068 6  3
58069 6  3
58070 6  3
58071 6  3
58072 6  3
58073 6  3
58074 6  3
58075 6  3
58076 6  3
58077 6  3
58078 6  3
58079 6  3
58080 6  3
58081 6  3
58082 6  3
58083 6  3
58084 6  3
58085 6  3
58086 6  3
58087 6  3
58088 6  3
58089 6  3
58090 6  3
58091 6  3
58092 6  3
58093 6  3
58094 6  3
58095 6  3
58096 6  3
58097 6  3
58098 6  3
58099 6  3
58100 6  3
58101 6  3
58102 6  3
58103 6  3
58104 6  3
58105 6  3
58106 6  3
58107 6  3
58108 6  3
58109 6  3
58110 6  3
58111 6  3
58112 6  3
58113 6  3
58114 6  3
58115 6  3
58116 6  3
58117 6  3
58118 6  3
58119 6  3
58120 6  3
58121 6  3
58122 6  3
58123 6  3
58124 6  3
58125 6  3
58126 6  3
58127 6  3
58128 6  3
58129 6  3
58130 6  3
58131 6  3
58132 6  3
58133 6  3
58134 6  3
58135 6  3
58136 6  3
58137 6  3
58138 6  3
58139 6  3
58140 6  3
58141 6  3
58142 6  3
58143 6  3
58144 6  3
58145 6  3
58146 6  3
58147 6  3
58148 6  3
58149 6  3
58150 6  3
58151 6  3
58152 6  3
58153 6  3
58154 6  3
58155 6  3
58156 6  3
58157 6  3
58158 6  3
58159 6  3
58160 6  3
58161 6  3
58162 6  3
58163 6  3
58164 6  3
58165 6  3
58166 6  3
58167 6  3
58168 6  3
58169 6  3
58170 6  3
58171 6  3
58172 6  3
58173 6  3
58174 6  3
58175 6  3
58176 6  3
58177 6  3
58178 6  3
58179 6  3
58180 6  3
58181 6  3
58182 6  3
58183 6  3
58184 6  3
58185 6  3
58186 6  3
58187 6  3
58188 6  3
58189 6  3
58190 6  3
58191 6  3
58192 6  3
58193 6  3
58194 6  3
58195 6  3
58196 6  3
58197 6  3
58198 6  3
58199 6  3
58200 6  3
58201 6  3
58202 6  3
58203 6  3
58204 6  3
58205 6  3
58206 6  3
58207 6  3
58208 6  3
58209 6  3
58210 6  3
58211 6  3
58212 6  3
58213 6  3
58214 6  3
58215 6  3
58216 6  3
58217 6  3
58218 6  3
58219 6  3
58220 6  3
58221 6  3
58222 6  3
58223 6  3
58224 6  3
58225 6  3
58226 6  3
58227 6  3
58228 6  3
58229 6  3
58230 6  3
58231 6  3
58232 6  3
58233 6  3
58234 6  3
58235 6  3
58236 6  3
58237 6  3
58238 6  3
58239 6  3
58240 6  3
58241 6  3
58242 6  3
58243 6  3
58244 6  3
58245 6  3
58246 6  3
58247 6  3
58248 6  3
58249 6  3
58250 6  3
58251 6  3
58252 6  3
58253 6  3
58254 6  3
58255 6  3
58256 6  3
58257 6  3
58258 6  3
58259 6  3
58260 6  3
58261 6  3
58262 6  3
58263 6  3
58264 6  3
58265 6  3
58266 6  3
58267 6  3
58268 6  3
58269 6  3
58270 6  3
58271 6  3
58272 6  3
58273 6  3
58274 6  3
58275 6  3
58276 6  3
58277 6  3
58278 6  3
58279 6  3
58280 6  3
58281 6  3
58282 6  3
58283 6  3
58284 6  3
58285 6  3
58286 6  3
58287 6  3
58288 6  3
58289 6  3
58290 6  3
58291 6  3
58292 6  3
58293 6  3
58294 6  3
58295 6  3
58296 6  3
58297 6  3
58298 6  3
58299 6  3
58300 6  3
58301 6  3
58302 6  3
58303 6  3
58304 6  3
58305 6  3
58306 6  3
58307 6  3
58308 6  3
58309 6  3
58310 6  3
58311 6  3
58312 6  3
58313 6  3
58314 6  3
58315 6  3
58316 6  3
58317 6  3
58318 6  3
58319 6  3
58320 6  3
58321 6  3
58322 6  3
58323 6  3
58324 6  3
58325 6  3
58326 6  3
58327 6  3
58328 6  3
58329 6  3
58330 6  3
58331 6  3
58332 6  3
58333 6  3
58334 6  3
58335 6  3
58336 6  3
58337 6  3
58338 6  3
58339 6  3
58340 6  3
58341 6  3
58342 6  3
58343 6  3
58344 6  3
58345 6  3
58346 6  3
58347 6  3
58348 6  3
58349 6  3
58350 6  3
58351 6  3
58352 6  3
58353 6  3
58354 6  3
58355 6  3
58356 6  3
58357 6  3
58358 6  3
58359 6  3
58360 6  3
58361 6  3
58362 6  3
58363 6  3
58364 6  3
58365 6  3
58366 6  3
58367 6  3
58368 6  3
58369 6  3
58370 6  3
58371 6  3
58372 6  3
58373 6  3
58374 6  3
58375 6  3
58376 6  3
58377 6  3
58378 6  3
58379 6  3
58380 6  3
58381 6  3
58382 6  3
58383 6  3
58384 6  3
58385 6  3
58386 6  3
58387 6  3
58388 6  3
58389 6  3
58390 6  3
58391 6  3
58392 6  3
58393 6  3
58394 6  3
58395 6  3
58396 6  3
58397 6  3
58398 6  3
58399 6  3
58400 6  3
58401 6  3
58402 6  3
58403 6  3
58404 6  3
58405 6  3
58406 6  3
58407 6  3
58408 6  3
58409 6  3
58410 6  3
58411 6  3
58412 6  3
58413 6  3
58414 6  3
58415 6  3
58416 6  3
58417 6  3
58418 6  3
58419 6  3
58420 6  3
58421 6  3
58422 6  3
58423 6  3
58424 6  3
58425 6  3
58426 6  3
58427 6  3
58428 6  3
58429 6  3
58430 6  3
58431 6  3
58432 6  3
58433 6  3
58434 6  3
58435 6  3
58436 6  3
58437 6  3
58438 6  3
58439 6  3
58440 6  3
58441 6  3
58442 6  3
58443 6  3
58444 6  3
58445 6  3
58446 6  3
58447 6  3
58448 6  3
58449 6  3
58450 6  3
58451 6  3
58452 6  3
58453 6  3
58454 6  3
58455 6  3
58456 6  3
58457 6  3
58458 6  3
58459 6  3
58460 6  3
58461 6  3
58462 6  3
58463 6  3
58464 6  3
58465 6  3
58466 6  3
58467 6  3
58468 6  3
58469 6  3
58470 6  3
58471 6  3
58472 6  3
58473 6  3
58474 6  3
58475 6  3
58476 6  3
58477 6  3
58478 6  3
58479 6  3
58480 6  3
58481 6  3
58482 6  3
58483 6  3
58484 6  3
58485 6  3
58486 6  3
58487 6  3
58488 6  3
58489 6  3
58490 6  3
58491 6  3
58492 6  3
58493 6  3
58494 6  3
58495 6  3
58496 6  3
58497 6  3
58498 6  3
58499 6  3
58500 6  3
58501 6  3
58502 6  3
58503 6  3
58504 6  3
58505 6  3
58506 6  3
58507 6  3
58508 6  3
58509 6  3
58510 6  3
58511 6  3
58512 6  3
58513 6  3
58514 6  3
58515 6  3
58516 6  3
58517 6  3
58518 6  3
58519 6  3
58520 6  3
58521 6  3
58522 6  3
58523 6  3
58524 6  3
58525 6  3
58526 6  3
58527 6  3
58528 6  3
58529 6  3
58530 6  3
58531 6  3
58532 6  3
58533 6  3
58534 6  3
58535 6  3
58536 6  3
58537 6  3
58538 6  3
58539 6  3
58540 6  3
58541 6  3
58542 6  3
58543 6  3
58544 6  3
58545 6  3
58546 6  3
58547 6  3
58548 6  3
58549 6  3
58550 6  3
58551 6  3
58552 6  3
58553 6  3
58554 6  3
58555 6  3
58556 6  3
58557 6  3
58558 6  3
58559 6  3
58560 6  3
58561 6  3
58562 6  3
58563 6  3
58564 6  3
58565 6  3
58566 6  3
58567 6  3
58568 6  3
58569 6  3
58570 6  3
58571 6  3
58572 6  3
58573 6  3
58574 6  3
58575 6  3
58576 6  3
58577 6  3
58578 6  3
58579 6  3
58580 6  3
58581 6  3
58582 6  3
58583 6  3
58584 6  3
58585 6  3
58586 6  3
58587 6  3
58588 6  3
58589 6  3
58590 6  3
58591 6  3
58592 6  3
58593 6  3
58594 6  3
58595 6  3
58596 6  3
58597 6  3
58598 6  3
58599 6  3
58600 6  3
58601 6  3
58602 6  3
58603 6  3
58604 6  3
58605 6  3
58606 6  3
58607 6  3
58608 6  3
58609 6  3
58610 6  3
58611 6  3
58612 6  3
58613 6  3
58614 6  3
58615 6  3
58616 6  3
58617 6  3
58618 6  3
58619 6  3
58620 6  3
58621 6  3
58622 6  3
58623 6  3
58624 6  3
58625 6  3
58626 6  3
58627 6  3
58628 6  3
58629 6  3
58630 6  3
58631 6  3
58632 6  3
58633 6  3
58634 6  3
58635 6  3
58636 6  3
58637 6  3
58638 6  3
58639 6  3
58640 6  3
58641 6  3
58642 6  3
58643 6  3
58644 6  3
58645 6  3
58646 6  3
58647 6  3
58648 6  3
58649 6  3
58650 6  3
58651 6  3
58652 6  3
58653 6  3
58654 6  3
58655 6  3
58656 6  3
58657 6  3
58658 6  3
58659 6  3
58660 6  3
58661 6  3
58662 6  3
58663 6  3
58664 6  3
58665 6  3
58666 6  3
58667 6  3
58668 6  3
58669 6  3
58670 6  3
58671 6  3
58672 6  3
58673 6  3
58674 6  3
58675 6  3
58676 6  3
58677 6  3
58678 6  3
58679 6  3
58680 6  3
58681 6  3
58682 6  3
58683 6  3
58684 6  3
58685 6  3
58686 6  3
58687 6  3
58688 6  3
58689 6  3
58690 6  3
58691 6  3
58692 6  3
58693 6  3
58694 6  3
58695 6  3
58696 6  3
58697 6  3
58698 6  3
58699 6  3
58700 6  3
58701 6  3
58702 6  3
58703 6  3
58704 6  3
58705 6  3
58706 6  3
58707 6  3
58708 6  3
58709 6  3
58710 6  3
58711 6  3
58712 6  3
58713 6  3
58714 6  3
58715 6  3
58716 6  3
58717 6  3
58718 6  3
58719 6  3
58720 6  3
58721 6  3
58722 6  3
58723 6  3
58724 6  3
58725 6  3
58726 6  3
58727 6  3
58728 6  3
58729 6  3
58730 6  3
58731 6  3
58732 6  3
58733 6  3
58734 6  3
58735 6  3
58736 6  3
58737 6  3
58738 6  3
58739 6  3
58740 6  3
58741 6  3
58742 6  3
58743 6  3
58744 6  3
58745 6  3
58746 6  3
58747 6  3
58748 6  3
58749 6  3
58750 6  3
58751 6  3
58752 6  3
58753 6  3
58754 6  3
58755 6  3
58756 6  3
58757 6  3
58758 6  3
58759 6  3
58760 6  3
58761 6  3
58762 6  3
58763 6  3
58764 6  3
58765 6  3
58766 6  3
58767 6  3
58768 6  3
58769 6  3
58770 6  3
58771 6  3
58772 6  3
58773 6  3
58774 6  3
58775 6  3
58776 6  3
58777 6  3
58778 6  3
58779 6  3
58780 6  3
58781 6  3
58782 6  3
58783 6  3
58784 6  3
58785 6  3
58786 6  3
58787 6  3
58788 6  3
58789 6  3
58790 6  3
58791 6  3
58792 6  3
58793 6  3
58794 6  3
58795 6  3
58796 6  3
58797 6  3
58798 6  3
58799 6  3
58800 6  3
58801 6  3
58802 6  3
58803 6  3
58804 6  3
58805 6  3
58806 6  3
58807 6  3
58808 6  3
58809 6  3
58810 6  3
58811 6  3
58812 6  3
58813 6  3
58814 6  3
58815 6  3
58816 6  3
58817 6  3
58818 6  3
58819 6  3
58820 6  3
58821 6  3
58822 6  3
58823 6  3
58824 6  3
58825 6  3
58826 6  3
58827 6  3
58828 6  3
58829 6  3
58830 6  3
58831 6  3
58832 6  3
58833 6  3
58834 6  3
58835 6  3
58836 6  3
58837 6  3
58838 6  3
58839 6  3
58840 6  3
58841 6  3
58842 6  3
58843 6  3
58844 6  3
58845 6  3
58846 6  3
58847 6  3
58848 6  3
58849 6  3
58850 6  3
58851 6  3
58852 6  3
58853 6  3
58854 6  3
58855 6  3
58856 6  3
58857 6  3
58858 6  3
58859 6  3
58860 6  3
58861 6  3
58862 6  3
58863 6  3
58864 6  3
58865 6  3
58866 6  3
58867 6  3
58868 6  3
58869 6  3
58870 6  3
58871 6  3
58872 6  3
58873 6  3
58874 6  3
58875 6  3
58876 6  3
58877 6  3
58878 6  3
58879 6  3
58880 6  3
58881 6  3
58882 6  3
58883 6  3
58884 6  3
58885 6  3
58886 6  3
58887 6  3
58888 6  3
58889 6  3
58890 6  3
58891 6  3
58892 6  3
58893 6  3
58894 6  3
58895 6  3
58896 6  3
58897 6  3
58898 6  3
58899 6  3
58900 6  3
58901 6  3
58902 6  3
58903 6  3
58904 6  3
58905 6  3
58906 6  3
58907 6  3
58908 6  3
58909 6  3
58910 6  3
58911 6  3
58912 6  3
58913 6  3
58914 6  3
58915 6  3
58916 6  3
58917 6  3
58918 6  3
58919 6  3
58920 6  3
58921 6  3
58922 6  3
58923 6  3
58924 6  3
58925 6  3
58926 6  3
58927 6  3
58928 6  3
58929 6  3
58930 6  3
58931 6  3
58932 6  3
58933 6  3
58934 6  3
58935 6  3
58936 6  3
58937 6  3
58938 6  3
58939 6  3
58940 6  3
58941 6  3
58942 6  3
58943 6  3
58944 6  3
58945 6  3
58946 6  3
58947 6  3
58948 6  3
58949 6  3
58950 6  3
58951 6  3
58952 6  3
58953 6  3
58954 6  3
58955 6  3
58956 6  3
58957 6  3
58958 6  3
58959 6  3
58960 6  3
58961 6  3
58962 6  3
58963 6  3
58964 6  3
58965 6  3
58966 6  3
58967 6  3
58968 6  3
58969 6  3
58970 6  3
58971 6  3
58972 6  3
58973 6  3
58974 6  3
58975 6  3
58976 6  3
58977 6  3
58978 6  3
58979 6  3
58980 6  3
58981 6  3
58982 6  3
58983 6  3
58984 6  3
58985 6  3
58986 6  3
58987 6  3
58988 6  3
58989 6  3
58990 6  3
58991 6  3
58992 6  3
58993 6  3
58994 6  3
58995 6  3
58996 6  3
58997 6  3
58998 6  3
58999 6  3
59000 6  3
59001 6  3
59002 6  3
59003 6  3
59004 6  3
59005 6  3
59006 6  3
59007 6  3
59008 6  3
59009 6  3
59010 6  3
59011 6  3
59012 6  3
59013 6  3
59014 6  3
59015 6  3
59016 6  3
59017 6  3
59018 6  3
59019 6  3
59020 6  3
59021 6  3
59022 6  3
59023 6  3
59024 6  3
59025 6  3
59026 6  3
59027 6  3
59028 6  3
59029 6  3
59030 6  3
59031 6  3
59032 6  3
59033 6  3
59034 6  3
59035 6  3
59036 6  3
59037 6  3
59038 6  3
59039 6  3
59040 6  3
59041 6  3
59042 6  3
59043 6  3
59044 6  3
59045 6  3
59046 6  3
59047 6  3
59048 6  3
59049 6  3
59050 6  3
59051 6  3
59052 6  3
59053 6  3
59054 6  3
59055 6  3
59056 6  3
59057 6  3
59058 6  3
59059 6  3
59060 6  3
59061 6  3
59062 6  3
59063 6  3
59064 6  3
59065 6  3
59066 6  3
59067 6  3
59068 6  3
59069 6  3
59070 6  3
59071 6  3
59072 6  3
59073 6  3
59074 6  3
59075 6  3
59076 6  3
59077 6  3
59078 6  3
59079 6  3
59080 6  3
59081 6  3
59082 6  3
59083 6  3
59084 6  3
59085 6  3
59086 6  3
59087 6  3
59088 6  3
59089 6  3
59090 6  3
59091 6  3
59092 6  3
59093 6  3
59094 6  3
59095 6  3
59096 6  3
59097 6  3
59098 6  3
59099 6  3
59100 6  3
59101 6  3
59102 6  3
59103 6  3
59104 6  3
59105 6  3
59106 6  3
59107 6  3
59108 6  3
59109 6  3
59110 6  3
59111 6  3
59112 6  3
59113 6  3
59114 6  3
59115 6  3
59116 6  3
59117 6  3
59118 6  3
59119 6  3
59120 6  3
59121 6  3
59122 6  3
59123 6  3
59124 6  3
59125 6  3
59126 6  3
59127 6  3
59128 6  3
59129 6  3
59130 6  3
59131 6  3
59132 6  3
59133 6  3
59134 6  3
59135 6  3
59136 6  3
59137 6  3
59138 6  3
59139 6  3
59140 6  3
59141 6  3
59142 6  3
59143 6  3
59144 6  3
59145 6  3
59146 6  3
59147 6  3
59148 6  3
59149 6  3
59150 6  3
59151 6  3
59152 6  3
59153 6  3
59154 6  3
59155 6  3
59156 6  3
59157 6  3
59158 6  3
59159 6  3
59160 6  3
59161 6  3
59162 6  3
59163 6  3
59164 6  3
59165 6  3
59166 6  3
59167 6  3
59168 6  3
59169 6  3
59170 6  3
59171 6  3
59172 6  3
59173 6  3
59174 6  3
59175 6  3
59176 6  3
59177 6  3
59178 6  3
59179 6  3
59180 6  3
59181 6  3
59182 6  3
59183 6  3
59184 6  3
59185 6  3
59186 6  3
59187 6  3
59188 6  3
59189 6  3
59190 6  3
59191 6  3
59192 6  3
59193 6  3
59194 6  3
59195 6  3
59196 6  3
59197 6  3
59198 6  3
59199 6  3
59200 6  3
59201 6  3
59202 6  3
59203 6  3
59204 6  3
59205 6  3
59206 6  3
59207 6  3
59208 6  3
59209 6  3
59210 6  3
59211 6  3
59212 6  3
59213 6  3
59214 6  3
59215 6  3
59216 6  3
59217 6  3
59218 6  3
59219 6  3
59220 6  3
59221 6  3
59222 6  3
59223 6  3
59224 6  3
59225 6  3
59226 6  3
59227 6  3
59228 6  3
59229 6  3
59230 6  3
59231 6  3
59232 6  3
59233 6  3
59234 6  3
59235 6  3
59236 6  3
59237 6  3
59238 6  3
59239 6  3
59240 6  3
59241 6  3
59242 6  3
59243 6  3
59244 6  3
59245 6  3
59246 6  3
59247 6  3
59248 6  3
59249 6  3
59250 6  3
59251 6  3
59252 6  3
59253 6  3
59254 6  3
59255 6  3
59256 6  3
59257 6  3
59258 6  3
59259 6  3
59260 6  3
59261 6  3
59262 6  3
59263 6  3
59264 6  3
59265 6  3
59266 6  3
59267 6  3
59268 6  3
59269 6  3
59270 6  3
59271 6  3
59272 6  3
59273 6  3
59274 6  3
59275 6  3
59276 6  3
59277 6  3
59278 6  3
59279 6  3
59280 6  3
59281 6  3
59282 6  3
59283 6  3
59284 6  3
59285 6  3
59286 6  3
59287 6  3
59288 6  3
59289 6  3
59290 6  3
59291 6  3
59292 6  3
59293 6  3
59294 6  3
59295 6  3
59296 6  3
59297 6  3
59298 6  3
59299 6  3
59300 6  3
59301 6  3
59302 6  3
59303 6  3
59304 6  3
59305 6  3
59306 6  3
59307 6  3
59308 6  3
59309 6  3
59310 6  3
59311 6  3
59312 6  3
59313 6  3
59314 6  3
59315 6  3
59316 6  3
59317 6  3
59318 6  3
59319 6  3
59320 6  3
59321 6  3
59322 6  3
59323 6  3
59324 6  3
59325 6  3
59326 6  3
59327 6  3
59328 6  3
59329 6  3
59330 6  3
59331 6  3
59332 6  3
59333 6  3
59334 6  3
59335 6  3
59336 6  3
59337 6  3
59338 6  3
59339 6  3
59340 6  3
59341 6  3
59342 6  3
59343 6  3
59344 6  3
59345 6  3
59346 6  3
59347 6  3
59348 6  3
59349 6  3
59350 6  3
59351 6  3
59352 6  3
59353 6  3
59354 6  3
59355 6  3
59356 6  3
59357 6  3
59358 6  3
59359 6  3
59360 6  3
59361 6  3
59362 6  3
59363 6  3
59364 6  3
59365 6  3
59366 6  3
59367 6  3
59368 6  3
59369 6  3
59370 6  3
59371 6  3
59372 6  3
59373 6  3
59374 6  3
59375 6  3
59376 6  3
59377 6  3
59378 6  3
59379 6  3
59380 6  3
59381 6  3
59382 6  3
59383 6  3
59384 6  3
59385 6  3
59386 6  3
59387 6  3
59388 6  3
59389 6  3
59390 6  3
59391 6  3
59392 6  3
59393 6  3
59394 6  3
59395 6  3
59396 6  3
59397 6  3
59398 6  3
59399 6  3
59400 6  3
59401 6  3
59402 6  3
59403 6  3
59404 6  3
59405 6  3
59406 6  3
59407 6  3
59408 6  3
59409 6  3
59410 6  3
59411 6  3
59412 6  3
59413 6  3
59414 6  3
59415 6  3
59416 6  3
59417 6  3
59418 6  3
59419 6  3
59420 6  3
59421 6  3
59422 6  3
59423 6  3
59424 6  3
59425 6  3
59426 6  3
59427 6  3
59428 6  3
59429 6  3
59430 6  3
59431 6  3
59432 6  3
59433 6  3
59434 6  3
59435 6  3
59436 6  3
59437 6  3
59438 6  3
59439 6  3
59440 6  3
59441 6  3
59442 6  3
59443 6  3
59444 6  3
59445 6  3
59446 6  3
59447 6  3
59448 6  3
59449 6  3
59450 6  3
59451 6  3
59452 6  3
59453 6  3
59454 6  3
59455 6  3
59456 6  3
59457 6  3
59458 6  3
59459 6  3
59460 6  3
59461 6  3
59462 6  3
59463 6  3
59464 6  3
59465 6  3
59466 6  3
59467 6  3
59468 6  3
59469 6  3
59470 6  3
59471 6  3
59472 6  3
59473 6  3
59474 6  3
59475 6  3
59476 6  3
59477 6  3
59478 6  3
59479 6  3
59480 6  3
59481 6  3
59482 6  3
59483 6  3
59484 6  3
59485 6  3
59486 6  3
59487 6  3
59488 6  3
59489 6  3
59490 6  3
59491 6  3
59492 6  3
59493 6  3
59494 6  3
59495 6  3
59496 6  3
59497 6  3
59498 6  3
59499 6  3
59500 6  3
59501 6  3
59502 6  3
59503 6  3
59504 6  3
59505 6  3
59506 6  3
59507 6  3
59508 6  3
59509 6  3
59510 6  3
59511 6  3
59512 6  3
59513 6  3
59514 6  3
59515 6  3
59516 6  3
59517 6  3
59518 6  3
59519 6  3
59520 6  3
59521 6  3
59522 6  3
59523 6  3
59524 6  3
59525 6  3
59526 6  3
59527 6  3
59528 6  3
59529 6  3
59530 6  3
59531 6  3
59532 6  3
59533 6  3
59534 6  3
59535 6  3
59536 6  3
59537 6  3
59538 6  3
59539 6  3
59540 6  3
59541 6  3
59542 6  3
59543 6  3
59544 6  3
59545 6  3
59546 6  3
59547 6  3
59548 6  3
59549 6  3
59550 6  3
59551 6  3
59552 6  3
59553 6  3
59554 6  3
59555 6  3
59556 6  3
59557 6  3
59558 6  3
59559 6  3
59560 6  3
59561 6  3
59562 6  3
59563 6  3
59564 6  3
59565 6  3
59566 6  3
59567 6  3
59568 6  3
59569 6  3
59570 6  3
59571 6  3
59572 6  3
59573 6  3
59574 6  3
59575 6  3
59576 6  3
59577 6  3
59578 6  3
59579 6  3
59580 6  3
59581 6  3
59582 6  3
59583 6  3
59584 6  3
59585 6  3
59586 6  3
59587 6  3
59588 6  3
59589 6  3
59590 6  3
59591 6  3
59592 6  3
59593 6  3
59594 6  3
59595 6  3
59596 6  3
59597 6  3
59598 6  3
59599 6  3
59600 6  3
59601 6  3
59602 6  3
59603 6  3
59604 6  3
59605 6  3
59606 6  3
59607 6  3
59608 6  3
59609 6  3
59610 6  3
59611 6  3
59612 6  3
59613 6  3
59614 6  3
59615 6  3
59616 6  3
59617 6  3
59618 6  3
59619 6  3
59620 6  3
59621 6  3
59622 6  3
59623 6  3
59624 6  3
59625 6  3
59626 6  3
59627 6  3
59628 6  3
59629 6  3
59630 6  3
59631 6  3
59632 6  3
59633 6  3
59634 6  3
59635 6  3
59636 6  3
59637 6  3
59638 6  3
59639 6  3
59640 6  3
59641 6  3
59642 6  3
59643 6  3
59644 6  3
59645 6  3
59646 6  3
59647 6  3
59648 6  3
59649 6  3
59650 6  3
59651 6  3
59652 6  3
59653 6  3
59654 6  3
59655 6  3
59656 6  3
59657 6  3
59658 6  3
59659 6  3
59660 6  3
59661 6  3
59662 6  3
59663 6  3
59664 6  3
59665 6  3
59666 6  3
59667 6  3
59668 6  3
59669 6  3
59670 6  3
59671 6  3
59672 6  3
59673 6  3
59674 6  3
59675 6  3
59676 6  3
59677 6  3
59678 6  3
59679 6  3
59680 6  3
59681 6  3
59682 6  3
59683 6  3
59684 6  3
59685 6  3
59686 6  3
59687 6  3
59688 6  3
59689 6  3
59690 6  3
59691 6  3
59692 6  3
59693 6  3
59694 6  3
59695 6  3
59696 6  3
59697 6  3
59698 6  3
59699 6  3
59700 6  3
59701 6  3
59702 6  3
59703 6  3
59704 6  3
59705 6  3
59706 6  3
59707 6  3
59708 6  3
59709 6  3
59710 6  3
59711 6  3
59712 6  3
59713 6  3
59714 6  3
59715 6  3
59716 6  3
59717 6  3
59718 6  3
59719 6  3
59720 6  3
59721 6  3
59722 6  3
59723 6  3
59724 6  3
59725 6  3
59726 6  3
59727 6  3
59728 6  3
59729 6  3
59730 6  3
59731 6  3
59732 6  3
59733 6  3
59734 6  3
59735 6  3
59736 6  3
59737 6  3
59738 6  3
59739 6  3
59740 6  3
59741 6  3
59742 6  3
59743 6  3
59744 6  3
59745 6  3
59746 6  3
59747 6  3
59748 6  3
59749 6  3
59750 6  3
59751 6  3
59752 6  3
59753 6  3
59754 6  3
59755 6  3
59756 6  3
59757 6  3
59758 6  3
59759 6  3
59760 6  3
59761 6  3
59762 6  3
59763 6  3
59764 6  3
59765 6  3
59766 6  3
59767 6  3
59768 6  3
59769 6  3
59770 6  3
59771 6  3
59772 6  3
59773 6  3
59774 6  3
59775 6  3
59776 6  3
59777 6  3
59778 6  3
59779 6  3
59780 6  3
59781 6  3
59782 6  3
59783 6  3
59784 6  3
59785 6  3
59786 6  3
59787 6  3
59788 6  3
59789 6  3
59790 6  3
59791 6  3
59792 6  3
59793 6  3
59794 6  3
59795 6  3
59796 6  3
59797 6  3
59798 6  3
59799 6  3
59800 6  3
59801 6  3
59802 6  3
59803 6  3
59804 6  3
59805 6  3
59806 6  3
59807 6  3
59808 6  3
59809 6  3
59810 6  3
59811 6  3
59812 6  3
59813 6  3
59814 6  3
59815 6  3
59816 6  3
59817 6  3
59818 6  3
59819 6  3
59820 6  3
59821 6  3
59822 6  3
59823 6  3
59824 6  3
59825 6  3
59826 6  3
59827 6  3
59828 6  3
59829 6  3
59830 6  3
59831 6  3
59832 6  3
59833 6  3
59834 6  3
59835 6  3
59836 6  3
59837 6  3
59838 6  3
59839 6  3
59840 6  3
59841 6  3
59842 6  3
59843 6  3
59844 6  3
59845 6  3
59846 6  3
59847 6  3
59848 6  3
59849 6  3
59850 6  3
59851 6  3
59852 6  3
59853 6  3
59854 6  3
59855 6  3
59856 6  3
59857 6  3
59858 6  3
59859 6  3
59860 6  3
59861 6  3
59862 6  3
59863 6  3
59864 6  3
59865 6  3
59866 6  3
59867 6  3
59868 6  3
59869 6  3
59870 6  3
59871 6  3
59872 6  3
59873 6  3
59874 6  3
59875 6  3
59876 6  3
59877 6  3
59878 6  3
59879 6  3
59880 6  3
59881 6  3
59882 6  3
59883 6  3
59884 6  3
59885 6  3
59886 6  3
59887 6  3
59888 6  3
59889 6  3
59890 6  3
59891 6  3
59892 6  3
59893 6  3
59894 6  3
59895 6  3
59896 6  3
59897 6  3
59898 6  3
59899 6  3
59900 6  3
59901 6  3
59902 6  3
59903 6  3
59904 6  3
59905 6  3
59906 6  3
59907 6  3
59908 6  3
59909 6  3
59910 6  3
59911 6  3
59912 6  3
59913 6  3
59914 6  3
59915 6  3
59916 6  3
59917 6  3
59918 6  3
59919 6  3
59920 6  3
59921 6  3
59922 6  3
59923 6  3
59924 6  3
59925 6  3
59926 6  3
59927 6  3
59928 6  3
59929 6  3
59930 6  3
59931 6  3
59932 6  3
59933 6  3
59934 6  3
59935 6  3
59936 6  3
59937 6  3
59938 6  3
59939 6  3
59940 6  3
59941 6  3
59942 6  3
59943 6  3
59944 6  3
59945 6  3
59946 6  3
59947 6  3
59948 6  3
59949 6  3
59950 6  3
59951 6  3
59952 6  3
59953 6  3
59954 6  3
59955 6  3
59956 6  3
59957 6  3
59958 6  3
59959 6  3
59960 6  3
59961 6  3
59962 6  3
59963 6  3
59964 6  3
59965 6  3
59966 6  3
59967 6  3
59968 6  3
59969 6  3
59970 6  3
59971 6  3
59972 6  3
59973 6  3
59974 6  3
59975 6  3
59976 6  3
59977 6  3
59978 6  3
59979 6  3
59980 6  3
59981 6  3
59982 6  3
59983 6  3
59984 6  3
59985 6  3
59986 6  3
59987 6  3
59988 6  3
59989 6  3
59990 6  3
59991 6  3
59992 6  3
59993 6  3
59994 6  3
59995 6  3
59996 6  3
59997 6  3
59998 6  3
59999 6  3
60000 6  3
60001 6  3
60002 6  3
60003 6  3
60004 6  3
60005 6  3
60006 6  3
60007 6  3
60008 6  3
60009 6  3
60010 6  3
60011 6  3
60012 6  3
60013 6  3
60014 6  3
60015 6  3
60016 6  3
60017 6  3
60018 6  3
60019 6  3
60020 6  3
60021 6  3
60022 6  3
60023 6  3
60024 6  3
60025 6  3
60026 6  3
60027 6  3
60028 6  3
60029 6  3
60030 6  3
60031 6  3
60032 6  3
60033 6  3
60034 6  3
60035 6  3
60036 6  3
60037 6  3
60038 6  3
60039 6  3
60040 6  3
60041 6  3
60042 6  3
60043 6  3
60044 6  3
60045 6  3
60046 6  3
60047 6  3
60048 6  3
60049 6  3
60050 6  3
60051 6  3
60052 6  3
60053 6  3
60054 6  3
60055 6  3
60056 6  3
60057 6  3
60058 6  3
60059 6  3
60060 6  3
60061 6  3
60062 6  3
60063 6  3
60064 6  3
60065 6  3
60066 6  3
60067 6  3
60068 6  3
60069 6  3
60070 6  3
60071 6  3
60072 6  3
60073 6  3
60074 6  3
60075 6  3
60076 6  3
60077 6  3
60078 6  3
60079 6  3
60080 6  3
60081 6  3
60082 6  3
60083 6  3
60084 6  3
60085 6  3
60086 6  3
60087 6  3
60088 6  3
60089 6  3
60090 6  3
60091 6  3
60092 6  3
60093 6  3
60094 6  3
60095 6  3
60096 6  3
60097 6  3
60098 6  3
60099 6  3
60100 6  3
60101 6  3
60102 6  3
60103 6  3
60104 6  3
60105 6  3
60106 6  3
60107 6  3
60108 6  3
60109 6  3
60110 6  3
60111 6  3
60112 6  3
60113 6  3
60114 6  3
60115 6  3
60116 6  3
60117 6  3
60118 6  3
60119 6  3
60120 6  3
60121 6  3
60122 6  3
60123 6  3
60124 6  3
60125 6  3
60126 6  3
60127 6  3
60128 6  3
60129 6  3
60130 6  3
60131 6  3
60132 6  3
60133 6  3
60134 6  3
60135 6  3
60136 6  3
60137 6  3
60138 6  3
60139 6  3
60140 6  3
60141 6  3
60142 6  3
60143 6  3
60144 6  3
60145 6  3
60146 6  3
60147 6  3
60148 6  3
60149 6  3
60150 6  3
60151 6  3
60152 6  3
60153 6  3
60154 6  3
60155 6  3
60156 6  3
60157 6  3
60158 6  3
60159 6  3
60160 6  3
60161 6  3
60162 6  3
60163 6  3
60164 6  3
60165 6  3
60166 6  3
60167 6  3
60168 6  3
60169 6  3
60170 6  3
60171 6  3
60172 6  3
60173 6  3
60174 6  3
60175 6  3
60176 6  3
60177 6  3
60178 6  3
60179 6  3
60180 6  3
60181 6  3
60182 6  3
60183 6  3
60184 6  3
60185 6  3
60186 6  3
60187 6  3
60188 6  3
60189 6  3
60190 6  3
60191 6  3
60192 6  3
60193 6  3
60194 6  3
60195 6  3
60196 6  3
60197 6  3
60198 6  3
60199 6  3
60200 6  3
60201 6  3
60202 6  3
60203 6  3
60204 6  3
60205 6  3
60206 6  3
60207 6  3
60208 6  3
60209 6  3
60210 6  3
60211 6  3
60212 6  3
60213 6  3
60214 6  3
60215 6  3
60216 6  3
60217 6  3
60218 6  3
60219 6  3
60220 6  3
60221 6  3
60222 6  3
60223 6  3
60224 6  3
60225 6  3
60226 6  3
60227 6  3
60228 6  3
60229 6  3
60230 6  3
60231 6  3
60232 6  3
60233 6  3
60234 6  3
60235 6  3
60236 6  3
60237 6  3
60238 6  3
60239 6  3
60240 6  3
60241 6  3
60242 6  3
60243 6  3
60244 6  3
60245 6  3
60246 6  3
60247 6  3
60248 6  3
60249 6  3
60250 6  3
60251 6  3
60252 6  3
60253 6  3
60254 6  3
60255 6  3
60256 6  3
60257 6  3
60258 6  3
60259 6  3
60260 6  3
60261 6  3
60262 6  3
60263 6  3
60264 6  3
60265 6  3
60266 6  3
60267 6  3
60268 6  3
60269 6  3
60270 6  3
60271 6  3
60272 6  3
60273 6  3
60274 6  3
60275 6  3
60276 6  3
60277 6  3
60278 6  3
60279 6  3
60280 6  3
60281 6  3
60282 6  3
60283 6  3
60284 6  3
60285 6  3
60286 6  3
60287 6  3
60288 6  3
60289 6  3
60290 6  3
60291 6  3
60292 6  3
60293 6  3
60294 6  3
60295 6  3
60296 6  3
60297 6  3
60298 6  3
60299 6  3
60300 6  3
60301 6  3
60302 6  3
60303 6  3
60304 6  3
60305 6  3
60306 6  3
60307 6  3
60308 6  3
60309 6  3
60310 6  3
60311 6  3
60312 6  3
60313 6  3
60314 6  3
60315 6  3
60316 6  3
60317 6  3
60318 6  3
60319 6  3
60320 6  3
60321 6  3
60322 6  3
60323 6  3
60324 6  3
60325 6  3
60326 6  3
60327 6  3
60328 6  3
60329 6  3
60330 6  3
60331 6  3
60332 6  3
60333 6  3
60334 6  3
60335 6  3
60336 6  3
60337 6  3
60338 6  3
60339 6  3
60340 6  3
60341 6  3
60342 6  3
60343 6  3
60344 6  3
60345 6  3
60346 6  3
60347 6  3
60348 6  3
60349 6  3
60350 6  3
60351 6  3
60352 6  3
60353 6  3
60354 6  3
60355 6  3
60356 6  3
60357 6  3
60358 6  3
60359 6  3
60360 6  3
60361 6  3
60362 6  3
60363 6  3
60364 6  3
60365 6  3
60366 6  3
60367 6  3
60368 6  3
60369 6  3
60370 6  3
60371 6  3
60372 6  3
60373 6  3
60374 6  3
60375 6  3
60376 6  3
60377 6  3
60378 6  3
60379 6  3
60380 6  3
60381 6  3
60382 6  3
60383 6  3
60384 6  3
60385 6  3
60386 6  3
60387 6  3
60388 6  3
60389 6  3
60390 6  3
60391 6  3
60392 6  3
60393 6  3
60394 6  3
60395 6  3
60396 6  3
60397 6  3
60398 6  3
60399 6  3
60400 6  3
60401 6  3
60402 6  3
60403 6  3
60404 6  3
60405 6  3
60406 6  3
60407 6  3
60408 6  3
60409 6  3
60410 6  3
60411 6  3
60412 6  3
60413 6  3
60414 6  3
60415 6  3
60416 6  3
60417 6  3
60418 6  3
60419 6  3
60420 6  3
60421 6  3
60422 6  3
60423 6  3
60424 6  3
60425 6  3
60426 6  3
60427 6  3
60428 6  3
60429 6  3
60430 6  3
60431 6  3
60432 6  3
60433 6  3
60434 6  3
60435 6  3
60436 6  3
60437 6  3
60438 6  3
60439 6  3
60440 6  3
60441 6  3
60442 6  3
60443 6  3
60444 6  3
60445 6  3
60446 6  3
60447 6  3
60448 6  3
60449 6  3
60450 6  3
60451 6  3
60452 6  3
60453 6  3
60454 6  3
60455 6  3
60456 6  3
60457 6  3
60458 6  3
60459 6  3
60460 6  3
60461 6  3
60462 6  3
60463 6  3
60464 6  3
60465 6  3
60466 6  3
60467 6  3
60468 6  3
60469 6  3
60470 6  3
60471 6  3
60472 6  3
60473 6  3
60474 6  3
60475 6  3
60476 6  3
60477 6  3
60478 6  3
60479 6  3
60480 6  3
60481 6  3
60482 6  3
60483 6  3
60484 6  3
60485 6  3
60486 6  3
60487 6  3
60488 6  3
60489 6  3
60490 6  3
60491 6  3
60492 6  3
60493 6  3
60494 6  3
60495 6  3
60496 6  3
60497 6  3
60498 6  3
60499 6  3
60500 6  3
60501 6  3
60502 6  3
60503 6  3
60504 6  3
60505 6  3
60506 6  3
60507 6  3
60508 6  3
60509 6  3
60510 6  3
60511 6  3
60512 6  3
60513 6  3
60514 6  3
60515 6  3
60516 6  3
60517 6  3
60518 6  3
60519 6  3
60520 6  3
60521 6  3
60522 6  3
60523 6  3
60524 6  3
60525 6  3
60526 6  3
60527 6  3
60528 6  3
60529 6  3
60530 6  3
60531 6  3
60532 6  3
60533 6  3
60534 6  3
60535 6  3
60536 6  3
60537 6  3
60538 6  3
60539 6  3
60540 6  3
60541 6  3
60542 6  3
60543 6  3
60544 6  3
60545 6  3
60546 6  3
60547 6  3
60548 6  3
60549 6  3
60550 6  3
60551 6  3
60552 6  3
60553 6  3
60554 6  3
60555 6  3
60556 6  3
60557 6  3
60558 6  3
60559 6  3
60560 6  3
60561 6  3
60562 6  3
60563 6  3
60564 6  3
60565 6  3
60566 6  3
60567 6  3
60568 6  3
60569 6  3
60570 6  3
60571 6  3
60572 6  3
60573 6  3
60574 6  3
60575 6  3
60576 6  3
60577 6  3
60578 6  3
60579 6  3
60580 6  3
60581 6  3
60582 6  3
60583 6  3
60584 6  3
60585 6  3
60586 6  3
60587 6  3
60588 6  3
60589 6  3
60590 6  3
60591 6  3
60592 6  3
60593 6  3
60594 6  3
60595 6  3
60596 6  3
60597 6  3
60598 6  3
60599 6  3
60600 6  3
60601 6  3
60602 6  3
60603 6  3
60604 6  3
60605 6  3
60606 6  3
60607 6  3
60608 6  3
60609 6  3
60610 6  3
60611 6  3
60612 6  3
60613 6  3
60614 6  3
60615 6  3
60616 6  3
60617 6  3
60618 6  3
60619 6  3
60620 6  3
60621 6  3
60622 6  3
60623 6  3
60624 6  3
60625 6  3
60626 6  3
60627 6  3
60628 6  3
60629 6  3
60630 6  3
60631 6  3
60632 6  3
60633 6  3
60634 6  3
60635 6  3
60636 6  3
60637 6  3
60638 6  3
60639 6  3
60640 6  3
60641 6  3
60642 6  3
60643 6  3
60644 6  3
60645 6  3
60646 6  3
60647 6  3
60648 6  3
60649 6  3
60650 6  3
60651 6  3
60652 6  3
60653 6  3
60654 6  3
60655 6  3
60656 6  3
60657 6  3
60658 6  3
60659 6  3
60660 6  3
60661 6  3
60662 6  3
60663 6  3
60664 6  3
60665 6  3
60666 6  3
60667 6  3
60668 6  3
60669 6  3
60670 6  3
60671 6  3
60672 6  3
60673 6  3
60674 6  3
60675 6  3
60676 6  3
60677 6  3
60678 6  3
60679 6  3
60680 6  3
60681 6  3
60682 6  3
60683 6  3
60684 6  3
60685 6  3
60686 6  3
60687 6  3
60688 6  3
60689 6  3
60690 6  3
60691 6  3
60692 6  3
60693 6  3
60694 6  3
60695 6  3
60696 6  3
60697 6  3
60698 6  3
60699 6  3
60700 6  3
60701 6  3
60702 6  3
60703 6  3
60704 6  3
60705 6  3
60706 6  3
60707 6  3
60708 6  3
60709 6  3
60710 6  3
60711 6  3
60712 6  3
60713 6  3
60714 6  3
60715 6  3
60716 6  3
60717 6  3
60718 6  3
60719 6  3
60720 6  3
60721 6  3
60722 6  3
60723 6  3
60724 6  3
60725 6  3
60726 6  3
60727 6  3
60728 6  3
60729 6  3
60730 6  3
60731 6  3
60732 6  3
60733 6  3
60734 6  3
60735 6  3
60736 6  3
60737 6  3
60738 6  3
60739 6  3
60740 6  3
60741 6  3
60742 6  3
60743 6  3
60744 6  3
60745 6  3
60746 6  3
60747 6  3
60748 6  3
60749 6  3
60750 6  3
60751 6  3
60752 6  3
60753 6  3
60754 6  3
60755 6  3
60756 6  3
60757 6  3
60758 6  3
60759 6  3
60760 6  3
60761 6  3
60762 6  3
60763 6  3
60764 6  3
60765 6  3
60766 6  3
60767 6  3
60768 6  3
60769 6  3
60770 6  3
60771 6  3
60772 6  3
60773 6  3
60774 6  3
60775 6  3
60776 6  3
60777 6  3
60778 6  3
60779 6  3
60780 6  3
60781 6  3
60782 6  3
60783 6  3
60784 6  3
60785 6  3
60786 6  3
60787 6  3
60788 6  3
60789 6  3
60790 6  3
60791 6  3
60792 6  3
60793 6  3
60794 6  3
60795 6  3
60796 6  3
60797 6  3
60798 6  3
60799 6  3
60800 6  3
60801 6  3
60802 6  3
60803 6  3
60804 6  3
60805 6  3
60806 6  3
60807 6  3
60808 6  3
60809 6  3
60810 6  3
60811 6  3
60812 6  3
60813 6  3
60814 6  3
60815 6  3
60816 6  3
60817 6  3
60818 6  3
60819 6  3
60820 6  3
60821 6  3
60822 6  3
60823 6  3
60824 6  3
60825 6  3
60826 6  3
60827 6  3
60828 6  3
60829 6  3
60830 6  3
60831 6  3
60832 6  3
60833 6  3
60834 6  3
60835 6  3
60836 6  3
60837 6  3
60838 6  3
60839 6  3
60840 6  3
60841 6  3
60842 6  3
60843 6  3
60844 6  3
60845 6  3
60846 6  3
60847 6  3
60848 6  3
60849 6  3
60850 6  3
60851 6  3
60852 6  3
60853 6  3
60854 6  3
60855 6  3
60856 6  3
60857 6  3
60858 6  3
60859 6  3
60860 6  3
60861 6  3
60862 6  3
60863 6  3
60864 6  3
60865 6  3
60866 6  3
60867 6  3
60868 6  3
60869 6  3
60870 6  3
60871 6  3
60872 6  3
60873 6  3
60874 6  3
60875 6  3
60876 6  3
60877 6  3
60878 6  3
60879 6  3
60880 6  3
60881 6  3
60882 6  3
60883 6  3
60884 6  3
60885 6  3
60886 6  3
60887 6  3
60888 6  3
60889 6  3
60890 6  3
60891 6  3
60892 6  3
60893 6  3
60894 6  3
60895 6  3
60896 6  3
60897 6  3
60898 6  3
60899 6  3
60900 6  3
60901 6  3
60902 6  3
60903 6  3
60904 6  3
60905 6  3
60906 6  3
60907 6  3
60908 6  3
60909 6  3
60910 6  3
60911 6  3
60912 6  3
60913 6  3
60914 6  3
60915 6  3
60916 6  3
60917 6  3
60918 6  3
60919 6  3
60920 6  3
60921 6  3
60922 6  3
60923 6  3
60924 6  3
60925 6  3
60926 6  3
60927 6  3
60928 6  3
60929 6  3
60930 6  3
60931 6  3
60932 6  3
60933 6  3
60934 6  3
60935 6  3
60936 6  3
60937 6  3
60938 6  3
60939 6  3
60940 6  3
60941 6  3
60942 6  3
60943 6  3
60944 6  3
60945 6  3
60946 6  3
60947 6  3
60948 6  3
60949 6  3
60950 6  3
60951 6  3
60952 6  3
60953 6  3
60954 6  3
60955 6  3
60956 6  3
60957 6  3
60958 6  3
60959 6  3
60960 6  3
60961 6  3
60962 6  3
60963 6  3
60964 6  3
60965 6  3
60966 6  3
60967 6  3
60968 6  3
60969 6  3
60970 6  3
60971 6  3
60972 6  3
60973 6  3
60974 6  3
60975 6  3
60976 6  3
60977 6  3
60978 6  3
60979 6  3
60980 6  3
60981 6  3
60982 6  3
60983 6  3
60984 6  3
60985 6  3
60986 6  3
60987 6  3
60988 6  3
60989 6  3
60990 6  3
60991 6  3
60992 6  3
60993 6  3
60994 6  3
60995 6  3
60996 6  3
60997 6  3
60998 6  3
60999 6  3
61000 6  3
61001 6  3
61002 6  3
61003 6  3
61004 6  3
61005 6  3
61006 6  3
61007 6  3
61008 6  3
61009 6  3
61010 6  3
61011 6  3
61012 6  3
61013 6  3
61014 6  3
61015 6  3
61016 6  3
61017 6  3
61018 6  3
61019 6  3
61020 6  3
61021 6  3
61022 6  3
61023 6  3
61024 6  3
61025 6  3
61026 6  3
61027 6  3
61028 6  3
61029 6  3
61030 6  3
61031 6  3
61032 6  3
61033 6  3
61034 6  3
61035 6  3
61036 6  3
61037 6  3
61038 6  3
61039 6  3
61040 6  3
61041 6  3
61042 6  3
61043 6  3
61044 6  3
61045 6  3
61046 6  3
61047 6  3
61048 6  3
61049 6  3
61050 6  3
61051 6  3
61052 6  3
61053 6  3
61054 6  3
61055 6  3
61056 6  3
61057 6  3
61058 6  3
61059 6  3
61060 6  3
61061 6  3
61062 6  3
61063 6  3
61064 6  3
61065 6  3
61066 6  3
61067 6  3
61068 6  3
61069 6  3
61070 6  3
61071 6  3
61072 6  3
61073 6  3
61074 6  3
61075 6  3
61076 6  3
61077 6  3
61078 6  3
61079 6  3
61080 6  3
61081 6  3
61082 6  3
61083 6  3
61084 6  3
61085 6  3
61086 6  3
61087 6  3
61088 6  3
61089 6  3
61090 6  3
61091 6  3
61092 6  3
61093 6  3
61094 6  3
61095 6  3
61096 6  3
61097 6  3
61098 6  3
61099 6  3
61100 6  3
61101 6  3
61102 6  3
61103 6  3
61104 6  3
61105 6  3
61106 6  3
61107 6  3
61108 6  3
61109 6  3
61110 6  3
61111 6  3
61112 6  3
61113 6  3
61114 6  3
61115 6  3
61116 6  3
61117 6  3
61118 6  3
61119 6  3
61120 6  3
61121 6  3
61122 6  3
61123 6  3
61124 6  3
61125 6  3
61126 6  3
61127 6  3
61128 6  3
61129 6  3
61130 6  3
61131 6  3
61132 6  3
61133 6  3
61134 6  3
61135 6  3
61136 6  3
61137 6  3
61138 6  3
61139 6  3
61140 6  3
61141 6  3
61142 6  3
61143 6  3
61144 6  3
61145 6  3
61146 6  3
61147 6  3
61148 6  3
61149 6  3
61150 6  3
61151 6  3
61152 6  3
61153 6  3
61154 6  3
61155 6  3
61156 6  3
61157 6  3
61158 6  3
61159 6  3
61160 6  3
61161 6  3
61162 6  3
61163 6  3
61164 6  3
61165 6  3
61166 6  3
61167 6  3
61168 6  3
61169 6  3
61170 6  3
61171 6  3
61172 6  3
61173 6  3
61174 6  3
61175 6  3
61176 6  3
61177 6  3
61178 6  3
61179 6  3
61180 6  3
61181 6  3
61182 6  3
61183 6  3
61184 6  3
61185 6  3
61186 6  3
61187 6  3
61188 6  3
61189 6  3
61190 6  3
61191 6  3
61192 6  3
61193 6  3
61194 6  3
61195 6  3
61196 6  3
61197 6  3
61198 6  3
61199 6  3
61200 6  3
61201 6  3
61202 6  3
61203 6  3
61204 6  3
61205 6  3
61206 6  3
61207 6  3
61208 6  3
61209 6  3
61210 6  3
61211 6  3
61212 6  3
61213 6  3
61214 6  3
61215 6  3
61216 6  3
61217 6  3
61218 6  3
61219 6  3
61220 6  3
61221 6  3
61222 6  3
61223 6  3
61224 6  3
61225 6  3
61226 6  3
61227 6  3
61228 6  3
61229 6  3
61230 6  3
61231 6  3
61232 6  3
61233 6  3
61234 6  3
61235 6  3
61236 6  3
61237 6  3
61238 6  3
61239 6  3
61240 6  3
61241 6  3
61242 6  3
61243 6  3
61244 6  3
61245 6  3
61246 6  3
61247 6  3
61248 6  3
61249 6  3
61250 6  3
61251 6  3
61252 6  3
61253 6  3
61254 6  3
61255 6  3
61256 6  3
61257 6  3
61258 6  3
61259 6  3
61260 6  3
61261 6  3
61262 6  3
61263 6  3
61264 6  3
61265 6  3
61266 6  3
61267 6  3
61268 6  3
61269 6  3
61270 6  3
61271 6  3
61272 6  3
61273 6  3
61274 6  3
61275 6  3
61276 6  3
61277 6  3
61278 6  3
61279 6  3
61280 6  3
61281 6  3
61282 6  3
61283 6  3
61284 6  3
61285 6  3
61286 6  3
61287 6  3
61288 6  3
61289 6  3
61290 6  3
61291 6  3
61292 6  3
61293 6  3
61294 6  3
61295 6  3
61296 6  3
61297 6  3
61298 6  3
61299 6  3
61300 6  3
61301 6  3
61302 6  3
61303 6  3
61304 6  3
61305 6  3
61306 6  3
61307 6  3
61308 6  3
61309 6  3
61310 6  3
61311 6  3
61312 6  3
61313 6  3
61314 6  3
61315 6  3
61316 6  3
61317 6  3
61318 6  3
61319 6  3
61320 6  3
61321 6  3
61322 6  3
61323 6  3
61324 6  3
61325 6  3
61326 6  3
61327 6  3
61328 6  3
61329 6  3
61330 6  3
61331 6  3
61332 6  3
61333 6  3
61334 6  3
61335 6  3
61336 6  3
61337 6  3
61338 6  3
61339 6  3
61340 6  3
61341 6  3
61342 6  3
61343 6  3
61344 6  3
61345 6  3
61346 6  3
61347 6  3
61348 6  3
61349 6  3
61350 6  3
61351 6  3
61352 6  3
61353 6  3
61354 6  3
61355 6  3
61356 6  3
61357 6  3
61358 6  3
61359 6  3
61360 6  3
61361 6  3
61362 6  3
61363 6  3
61364 6  3
61365 6  3
61366 6  3
61367 6  3
61368 6  3
61369 6  3
61370 6  3
61371 6  3
61372 6  3
61373 6  3
61374 6  3
61375 6  3
61376 6  3
61377 6  3
61378 6  3
61379 6  3
61380 6  3
61381 6  3
61382 6  3
61383 6  3
61384 6  3
61385 6  3
61386 6  3
61387 6  3
61388 6  3
61389 6  3
61390 6  3
61391 6  3
61392 6  3
61393 6  3
61394 6  3
61395 6  3
61396 6  3
61397 6  3
61398 6  3
61399 6  3
61400 6  3
61401 6  3
61402 6  3
61403 6  3
61404 6  3
61405 6  3
61406 6  3
61407 6  3
61408 6  3
61409 6  3
61410 6  3
61411 6  3
61412 6  3
61413 6  3
61414 6  3
61415 6  3
61416 6  3
61417 6  3
61418 6  3
61419 6  3
61420 6  3
61421 6  3
61422 6  3
61423 6  3
61424 6  3
61425 6  3
61426 6  3
61427 6  3
61428 6  3
61429 6  3
61430 6  3
61431 6  3
61432 6  3
61433 6  3
61434 6  3
61435 6  3
61436 6  3
61437 6  3
61438 6  3
61439 6  3
61440 6  3
61441 6  3
61442 6  3
61443 6  3
61444 6  3
61445 6  3
61446 6  3
61447 6  3
61448 6  3
61449 6  3
61450 6  3
61451 6  3
61452 6  3
61453 6  3
61454 6  3
61455 6  3
61456 6  3
61457 6  3
61458 6  3
61459 6  3
61460 6  3
61461 6  3
61462 6  3
61463 6  3
61464 6  3
61465 6  3
61466 6  3
61467 6  3
61468 6  3
61469 6  3
61470 6  3
61471 6  3
61472 6  3
61473 6  3
61474 6  3
61475 6  3
61476 6  3
61477 6  3
61478 6  3
61479 6  3
61480 6  3
61481 6  3
61482 6  3
61483 6  3
61484 6  3
61485 6  3
61486 6  3
61487 6  3
61488 6  3
61489 6  3
61490 6  3
61491 6  3
61492 6  3
61493 6  3
61494 6  3
61495 6  3
61496 6  3
61497 6  3
61498 6  3
61499 6  3
61500 6  3
61501 6  3
61502 6  3
61503 6  3
61504 6  3
61505 6  3
61506 6  3
61507 6  3
61508 6  3
61509 6  3
61510 6  3
61511 6  3
61512 6  3
61513 6  3
61514 6  3
61515 6  3
61516 6  3
61517 6  3
61518 6  3
61519 6  3
61520 6  3
61521 6  3
61522 6  3
61523 6  3
61524 6  3
61525 6  3
61526 6  3
61527 6  3
61528 6  3
61529 6  3
61530 6  3
61531 6  3
61532 6  3
61533 6  3
61534 6  3
61535 6  3
61536 6  3
61537 6  3
61538 6  3
61539 6  3
61540 6  3
61541 6  3
61542 6  3
61543 6  3
61544 6  3
61545 6  3
61546 6  3
61547 6  3
61548 6  3
61549 6  3
61550 6  3
61551 6  3
61552 6  3
61553 6  3
61554 6  3
61555 6  3
61556 6  3
61557 6  3
61558 6  3
61559 6  3
61560 6  3
61561 6  3
61562 6  3
61563 6  3
61564 6  3
61565 6  3
61566 6  3
61567 6  3
61568 6  3
61569 6  3
61570 6  3
61571 6  3
61572 6  3
61573 6  3
61574 6  3
61575 6  3
61576 6  3
61577 6  3
61578 6  3
61579 6  3
61580 6  3
61581 6  3
61582 6  3
61583 6  3
61584 6  3
61585 6  3
61586 6  3
61587 6  3
61588 6  3
61589 6  3
61590 6  3
61591 6  3
61592 6  3
61593 6  3
61594 6  3
61595 6  3
61596 6  3
61597 6  3
61598 6  3
61599 6  3
61600 6  3
61601 6  3
61602 6  3
61603 6  3
61604 6  3
61605 6  3
61606 6  3
61607 6  3
61608 6  3
61609 6  3
61610 6  3
61611 6  3
61612 6  3
61613 6  3
61614 6  3
61615 6  3
61616 6  3
61617 6  3
61618 6  3
61619 6  3
61620 6  3
61621 6  3
61622 6  3
61623 6  3
61624 6  3
61625 6  3
61626 6  3
61627 6  3
61628 6  3
61629 6  3
61630 6  3
61631 6  3
61632 6  3
61633 6  3
61634 6  3
61635 6  3
61636 6  3
61637 6  3
61638 6  3
61639 6  3
61640 6  3
61641 6  3
61642 6  3
61643 6  3
61644 6  3
61645 6  3
61646 6  3
61647 6  3
61648 6  3
61649 6  3
61650 6  3
61651 6  3
61652 6  3
61653 6  3
61654 6  3
61655 6  3
61656 6  3
61657 6  3
61658 6  3
61659 6  3
61660 6  3
61661 6  3
61662 6  3
61663 6  3
61664 6  3
61665 6  3
61666 6  3
61667 6  3
61668 6  3
61669 6  3
61670 6  3
61671 6  3
61672 6  3
61673 6  3
61674 6  3
61675 6  3
61676 6  3
61677 6  3
61678 6  3
61679 6  3
61680 6  3
61681 6  3
61682 6  3
61683 6  3
61684 6  3
61685 6  3
61686 6  3
61687 6  3
61688 6  3
61689 6  3
61690 6  3
61691 6  3
61692 6  3
61693 6  3
61694 6  3
61695 6  3
61696 6  3
61697 6  3
61698 6  3
61699 6  3
61700 6  3
61701 6  3
61702 6  3
61703 6  3
61704 6  3
61705 6  3
61706 6  3
61707 6  3
61708 6  3
61709 6  3
61710 6  3
61711 6  3
61712 6  3
61713 6  3
61714 6  3
61715 6  3
61716 6  3
61717 6  3
61718 6  3
61719 6  3
61720 6  3
61721 6  3
61722 6  3
61723 6  3
61724 6  3
61725 6  3
61726 6  3
61727 6  3
61728 6  3
61729 6  3
61730 6  3
61731 6  3
61732 6  3
61733 6  3
61734 6  3
61735 6  3
61736 6  3
61737 6  3
61738 6  3
61739 6  3
61740 6  3
61741 6  3
61742 6  3
61743 6  3
61744 6  3
61745 6  3
61746 6  3
61747 6  3
61748 6  3
61749 6  3
61750 6  3
61751 6  3
61752 6  3
61753 6  3
61754 6  3
61755 6  3
61756 6  3
61757 6  3
61758 6  3
61759 6  3
61760 6  3
61761 6  3
61762 6  3
61763 6  3
61764 6  3
61765 6  3
61766 6  3
61767 6  3
61768 6  3
61769 6  3
61770 6  3
61771 6  3
61772 6  3
61773 6  3
61774 6  3
61775 6  3
61776 6  3
61777 6  3
61778 6  3
61779 6  3
61780 6  3
61781 6  3
61782 6  3
61783 6  3
61784 6  3
61785 6  3
61786 6  3
61787 6  3
61788 6  3
61789 6  3
61790 6  3
61791 6  3
61792 6  3
61793 6  3
61794 6  3
61795 6  3
61796 6  3
61797 6  3
61798 6  3
61799 6  3
61800 6  3
61801 6  3
61802 6  3
61803 6  3
61804 6  3
61805 6  3
61806 6  3
61807 6  3
61808 6  3
61809 6  3
61810 6  3
61811 6  3
61812 6  3
61813 6  3
61814 6  3
61815 6  3
61816 6  3
61817 6  3
61818 6  3
61819 6  3
61820 6  3
61821 6  3
61822 6  3
61823 6  3
61824 6  3
61825 6  3
61826 6  3
61827 6  3
61828 6  3
61829 6  3
61830 6  3
61831 6  3
61832 6  3
61833 6  3
61834 6  3
61835 6  3
61836 6  3
61837 6  3
61838 6  3
61839 6  3
61840 6  3
61841 6  3
61842 6  3
61843 6  3
61844 6  3
61845 6  3
61846 6  3
61847 6  3
61848 6  3
61849 6  3
61850 6  3
61851 6  3
61852 6  3
61853 6  3
61854 6  3
61855 6  3
61856 6  3
61857 6  3
61858 6  3
61859 6  3
61860 6  3
61861 6  3
61862 6  3
61863 6  3
61864 6  3
61865 6  3
61866 6  3
61867 6  3
61868 6  3
61869 6  3
61870 6  3
61871 6  3
61872 6  3
61873 6  3
61874 6  3
61875 6  3
61876 6  3
61877 6  3
61878 6  3
61879 6  3
61880 6  3
61881 6  3
61882 6  3
61883 6  3
61884 6  3
61885 6  3
61886 6  3
61887 6  3
61888 6  3
61889 6  3
61890 6  3
61891 6  3
61892 6  3
61893 6  3
61894 6  3
61895 6  3
61896 6  3
61897 6  3
61898 6  3
61899 6  3
61900 6  3
61901 6  3
61902 6  3
61903 6  3
61904 6  3
61905 6  3
61906 6  3
61907 6  3
61908 6  3
61909 6  3
61910 6  3
61911 6  3
61912 6  3
61913 6  3
61914 6  3
61915 6  3
61916 6  3
61917 6  3
61918 6  3
61919 6  3
61920 6  3
61921 6  3
61922 6  3
61923 6  3
61924 6  3
61925 6  3
61926 6  3
61927 6  3
61928 6  3
61929 6  3
61930 6  3
61931 6  3
61932 6  3
61933 6  3
61934 6  3
61935 6  3
61936 6  3
61937 6  3
61938 6  3
61939 6  3
61940 6  3
61941 6  3
61942 6  3
61943 6  3
61944 6  3
61945 6  3
61946 6  3
61947 6  3
61948 6  3
61949 6  3
61950 6  3
61951 6  3
61952 6  3
61953 6  3
61954 6  3
61955 6  3
61956 6  3
61957 6  3
61958 6  3
61959 6  3
61960 6  3
61961 6  3
61962 6  3
61963 6  3
61964 6  3
61965 6  3
61966 6  3
61967 6  3
61968 6  3
61969 6  3
61970 6  3
61971 6  3
61972 6  3
61973 6  3
61974 6  3
61975 6  3
61976 6  3
61977 6  3
61978 6  3
61979 6  3
61980 6  3
61981 6  3
61982 6  3
61983 6  3
61984 6  3
61985 6  3
61986 6  3
61987 6  3
61988 6  3
61989 6  3
61990 6  3
61991 6  3
61992 6  3
61993 6  3
61994 6  3
61995 6  3
61996 6  3
61997 6  3
61998 6  3
61999 6  3
62000 6  3
62001 6  3
62002 6  3
62003 6  3
62004 6  3
62005 6  3
62006 6  3
62007 6  3
62008 6  3
62009 6  3
62010 6  3
62011 6  3
62012 6  3
62013 6  3
62014 6  3
62015 6  3
62016 6  3
62017 6  3
62018 6  3
62019 6  3
62020 6  3
62021 6  3
62022 6  3
62023 6  3
62024 6  3
62025 6  3
62026 6  3
62027 6  3
62028 6  3
62029 6  3
62030 6  3
62031 6  3
62032 6  3
62033 6  3
62034 6  3
62035 6  3
62036 6  3
62037 6  3
62038 6  3
62039 6  3
62040 6  3
62041 6  3
62042 6  3
62043 6  3
62044 6  3
62045 6  3
62046 6  3
62047 6  3
62048 6  3
62049 6  3
62050 6  3
62051 6  3
62052 6  3
62053 6  3
62054 6  3
62055 6  3
62056 6  3
62057 6  3
62058 6  3
62059 6  3
62060 6  3
62061 6  3
62062 6  3
62063 6  3
62064 6  3
62065 6  3
62066 6  3
62067 6  3
62068 6  3
62069 6  3
62070 6  3
62071 6  3
62072 6  3
62073 6  3
62074 6  3
62075 6  3
62076 6  3
62077 6  3
62078 6  3
62079 6  3
62080 6  3
62081 6  3
62082 6  3
62083 6  3
62084 6  3
62085 6  3
62086 6  3
62087 6  3
62088 6  3
62089 6  3
62090 6  3
62091 6  3
62092 6  3
62093 6  3
62094 6  3
62095 6  3
62096 6  3
62097 6  3
62098 6  3
62099 6  3
62100 6  3
62101 6  3
62102 6  3
62103 6  3
62104 6  3
62105 6  3
62106 6  3
62107 6  3
62108 6  3
62109 6  3
62110 6  3
62111 6  3
62112 6  3
62113 6  3
62114 6  3
62115 6  3
62116 6  3
62117 6  3
62118 6  3
62119 6  3
62120 6  3
62121 6  3
62122 6  3
62123 6  3
62124 6  3
62125 6  3
62126 6  3
62127 6  3
62128 6  3
62129 6  3
62130 6  3
62131 6  3
62132 6  3
62133 6  3
62134 6  3
62135 6  3
62136 6  3
62137 6  3
62138 6  3
62139 6  3
62140 6  3
62141 6  3
62142 6  3
62143 6  3
62144 6  3
62145 6  3
62146 6  3
62147 6  3
62148 6  3
62149 6  3
62150 6  3
62151 6  3
62152 6  3
62153 6  3
62154 6  3
62155 6  3
62156 6  3
62157 6  3
62158 6  3
62159 6  3
62160 6  3
62161 6  3
62162 6  3
62163 6  3
62164 6  3
62165 6  3
62166 6  3
62167 6  3
62168 6  3
62169 6  3
62170 6  3
62171 6  3
62172 6  3
62173 6  3
62174 6  3
62175 6  3
62176 6  3
62177 6  3
62178 6  3
62179 6  3
62180 6  3
62181 6  3
62182 6  3
62183 6  3
62184 6  3
62185 6  3
62186 6  3
62187 6  3
62188 6  3
62189 6  3
62190 6  3
62191 6  3
62192 6  3
62193 6  3
62194 6  3
62195 6  3
62196 6  3
62197 6  3
62198 6  3
62199 6  3
62200 6  3
62201 6  3
62202 6  3
62203 6  3
62204 6  3
62205 6  3
62206 6  3
62207 6  3
62208 6  3
62209 6  3
62210 6  3
62211 6  3
62212 6  3
62213 6  3
62214 6  3
62215 6  3
62216 6  3
62217 6  3
62218 6  3
62219 6  3
62220 6  3
62221 6  3
62222 6  3
62223 6  3
62224 6  3
62225 6  3
62226 6  3
62227 6  3
62228 6  3
62229 6  3
62230 6  3
62231 6  3
62232 6  3
62233 6  3
62234 6  3
62235 6  3
62236 6  3
62237 6  3
62238 6  3
62239 6  3
62240 6  3
62241 6  3
62242 6  3
62243 6  3
62244 6  3
62245 6  3
62246 6  3
62247 6  3
62248 6  3
62249 6  3
62250 6  3
62251 6  3
62252 6  3
62253 6  3
62254 6  3
62255 6  3
62256 6  3
62257 6  3
62258 6  3
62259 6  3
62260 6  3
62261 6  3
62262 6  3
62263 6  3
62264 6  3
62265 6  3
62266 6  3
62267 6  3
62268 6  3
62269 6  3
62270 6  3
62271 6  3
62272 6  3
62273 6  3
62274 6  3
62275 6  3
62276 6  3
62277 6  3
62278 6  3
62279 6  3
62280 6  3
62281 6  3
62282 6  3
62283 6  3
62284 6  3
62285 6  3
62286 6  3
62287 6  3
62288 6  3
62289 6  3
62290 6  3
62291 6  3
62292 6  3
62293 6  3
62294 6  3
62295 6  3
62296 6  3
62297 6  3
62298 6  3
62299 6  3
62300 6  3
62301 6  3
62302 6  3
62303 6  3
62304 6  3
62305 6  3
62306 6  3
62307 6  3
62308 6  3
62309 6  3
62310 6  3
62311 6  3
62312 6  3
62313 6  3
62314 6  3
62315 6  3
62316 6  3
62317 6  3
62318 6  3
62319 6  3
62320 6  3
62321 6  3
62322 6  3
62323 6  3
62324 6  3
62325 6  3
62326 6  3
62327 6  3
62328 6  3
62329 6  3
62330 6  3
62331 6  3
62332 6  3
62333 6  3
62334 6  3
62335 6  3
62336 6  3
62337 6  3
62338 6  3
62339 6  3
62340 6  3
62341 6  3
62342 6  3
62343 6  3
62344 6  3
62345 6  3
62346 6  3
62347 6  3
62348 6  3
62349 6  3
62350 6  3
62351 6  3
62352 6  3
62353 6  3
62354 6  3
62355 6  3
62356 6  3
62357 6  3
62358 6  3
62359 6  3
62360 6  3
62361 6  3
62362 6  3
62363 6  3
62364 6  3
62365 6  3
62366 6  3
62367 6  3
62368 6  3
62369 6  3
62370 6  3
62371 6  3
62372 6  3
62373 6  3
62374 6  3
62375 6  3
62376 6  3
62377 6  3
62378 6  3
62379 6  3
62380 6  3
62381 6  3
62382 6  3
62383 6  3
62384 6  3
62385 6  3
62386 6  3
62387 6  3
62388 6  3
62389 6  3
62390 6  3
62391 6  3
62392 6  3
62393 6  3
62394 6  3
62395 6  3
62396 6  3
62397 6  3
62398 6  3
62399 6  3
62400 6  3
62401 6  3
62402 6  3
62403 6  3
62404 6  3
62405 6  3
62406 6  3
62407 6  3
62408 6  3
62409 6  3
62410 6  3
62411 6  3
62412 6  3
62413 6  3
62414 6  3
62415 6  3
62416 6  3
62417 6  3
62418 6  3
62419 6  3
62420 6  3
62421 6  3
62422 6  3
62423 6  3
62424 6  3
62425 6  3
62426 6  3
62427 6  3
62428 6  3
62429 6  3
62430 6  3
62431 6  3
62432 6  3
62433 6  3
62434 6  3
62435 6  3
62436 6  3
62437 6  3
62438 6  3
62439 6  3
62440 6  3
62441 6  3
62442 6  3
62443 6  3
62444 6  3
62445 6  3
62446 6  3
62447 6  3
62448 6  3
62449 6  3
62450 6  3
62451 6  3
62452 6  3
62453 6  3
62454 6  3
62455 6  3
62456 6  3
62457 6  3
62458 6  3
62459 6  3
62460 6  3
62461 6  3
62462 6  3
62463 6  3
62464 6  3
62465 6  3
62466 6  3
62467 6  3
62468 6  3
62469 6  3
62470 6  3
62471 6  3
62472 6  3
62473 6  3
62474 6  3
62475 6  3
62476 6  3
62477 6  3
62478 6  3
62479 6  3
62480 6  3
62481 6  3
62482 6  3
62483 6  3
62484 6  3
62485 6  3
62486 6  3
62487 6  3
62488 6  3
62489 6  3
62490 6  3
62491 6  3
62492 6  3
62493 6  3
62494 6  3
62495 6  3
62496 6  3
62497 6  3
62498 6  3
62499 6  3
62500 6  3
62501 6  3
62502 6  3
62503 6  3
62504 6  3
62505 6  3
62506 6  3
62507 6  3
62508 6  3
62509 6  3
62510 6  3
62511 6  3
62512 6  3
62513 6  3
62514 6  3
62515 6  3
62516 6  3
62517 6  3
62518 6  3
62519 6  3
62520 6  3
62521 6  3
62522 6  3
62523 6  3
62524 6  3
62525 6  3
62526 6  3
62527 6  3
62528 6  3
62529 6  3
62530 6  3
62531 6  3
62532 6  3
62533 6  3
62534 6  3
62535 6  3
62536 6  3
62537 6  3
62538 6  3
62539 6  3
62540 6  3
62541 6  3
62542 6  3
62543 6  3
62544 6  3
62545 6  3
62546 6  3
62547 6  3
62548 6  3
62549 6  3
62550 6  3
62551 6  3
62552 6  3
62553 6  3
62554 6  3
62555 6  3
62556 6  3
62557 6  3
62558 6  3
62559 6  3
62560 6  3
62561 6  3
62562 6  3
62563 6  3
62564 6  3
62565 6  3
62566 6  3
62567 6  3
62568 6  3
62569 6  3
62570 6  3
62571 6  3
62572 6  3
62573 6  3
62574 6  3
62575 6  3
62576 6  3
62577 6  3
62578 6  3
62579 6  3
62580 6  3
62581 6  3
62582 6  3
62583 6  3
62584 6  3
62585 6  3
62586 6  3
62587 6  3
62588 6  3
62589 6  3
62590 6  3
62591 6  3
62592 6  3
62593 6  3
62594 6  3
62595 6  3
62596 6  3
62597 6  3
62598 6  3
62599 6  3
62600 6  3
62601 6  3
62602 6  3
62603 6  3
62604 6  3
62605 6  3
62606 6  3
62607 6  3
62608 6  3
62609 6  3
62610 6  3
62611 6  3
62612 6  3
62613 6  3
62614 6  3
62615 6  3
62616 6  3
62617 6  3
62618 6  3
62619 6  3
62620 6  3
62621 6  3
62622 6  3
62623 6  3
62624 6  3
62625 6  3
62626 6  3
62627 6  3
62628 6  3
62629 6  3
62630 6  3
62631 6  3
62632 6  3
62633 6  3
62634 6  3
62635 6  3
62636 6  3
62637 6  3
62638 6  3
62639 6  3
62640 6  3
62641 6  3
62642 6  3
62643 6  3
62644 6  3
62645 6  3
62646 6  3
62647 6  3
62648 6  3
62649 6  3
62650 6  3
62651 6  3
62652 6  3
62653 6  3
62654 6  3
62655 6  3
62656 6  3
62657 6  3
62658 6  3
62659 6  3
62660 6  3
62661 6  3
62662 6  3
62663 6  3
62664 6  3
62665 6  3
62666 6  3
62667 6  3
62668 6  3
62669 6  3
62670 6  3
62671 6  3
62672 6  3
62673 6  3
62674 6  3
62675 6  3
62676 6  3
62677 6  3
62678 6  3
62679 6  3
62680 6  3
62681 6  3
62682 6  3
62683 6  3
62684 6  3
62685 6  3
62686 6  3
62687 6  3
62688 6  3
62689 6  3
62690 6  3
62691 6  3
62692 6  3
62693 6  3
62694 6  3
62695 6  3
62696 6  3
62697 6  3
62698 6  3
62699 6  3
62700 6  3
62701 6  3
62702 6  3
62703 6  3
62704 6  3
62705 6  3
62706 6  3
62707 6  3
62708 6  3
62709 6  3
62710 6  3
62711 6  3
62712 6  3
62713 6  3
62714 6  3
62715 6  3
62716 6  3
62717 6  3
62718 6  3
62719 6  3
62720 6  3
62721 6  3
62722 6  3
62723 6  3
62724 6  3
62725 6  3
62726 6  3
62727 6  3
62728 6  3
62729 6  3
62730 6  3
62731 6  3
62732 6  3
62733 6  3
62734 6  3
62735 6  3
62736 6  3
62737 6  3
62738 6  3
62739 6  3
62740 6  3
62741 6  3
62742 6  3
62743 6  3
62744 6  3
62745 6  3
62746 6  3
62747 6  3
62748 6  3
62749 6  3
62750 6  3
62751 6  3
62752 6  3
62753 6  3
62754 6  3
62755 6  3
62756 6  3
62757 6  3
62758 6  3
62759 6  3
62760 6  3
62761 6  3
62762 6  3
62763 6  3
62764 6  3
62765 6  3
62766 6  3
62767 6  3
62768 6  3
62769 6  3
62770 6  3
62771 6  3
62772 6  3
62773 6  3
62774 6  3
62775 6  3
62776 6  3
62777 6  3
62778 6  3
62779 6  3
62780 6  3
62781 6  3
62782 6  3
62783 6  3
62784 6  3
62785 6  3
62786 6  3
62787 6  3
62788 6  3
62789 6  3
62790 6  3
62791 6  3
62792 6  3
62793 6  3
62794 6  3
62795 6  3
62796 6  3
62797 6  3
62798 6  3
62799 6  3
62800 6  3
62801 6  3
62802 6  3
62803 6  3
62804 6  3
62805 6  3
62806 6  3
62807 6  3
62808 6  3
62809 6  3
62810 6  3
62811 6  3
62812 6  3
62813 6  3
62814 6  3
62815 6  3
62816 6  3
62817 6  3
62818 6  3
62819 6  3
62820 6  3
62821 6  3
62822 6  3
62823 6  3
62824 6  3
62825 6  3
62826 6  3
62827 6  3
62828 6  3
62829 6  3
62830 6  3
62831 6  3
62832 6  3
62833 6  3
62834 6  3
62835 6  3
62836 6  3
62837 6  3
62838 6  3
62839 6  3
62840 6  3
62841 6  3
62842 6  3
62843 6  3
62844 6  3
62845 6  3
62846 6  3
62847 6  3
62848 6  3
62849 6  3
62850 6  3
62851 6  3
62852 6  3
62853 6  3
62854 6  3
62855 6  3
62856 6  3
62857 6  3
62858 6  3
62859 6  3
62860 6  3
62861 6  3
62862 6  3
62863 6  3
62864 6  3
62865 6  3
62866 6  3
62867 6  3
62868 6  3
62869 6  3
62870 6  3
62871 6  3
62872 6  3
62873 6  3
62874 6  3
62875 6  3
62876 6  3
62877 6  3
62878 6  3
62879 6  3
62880 6  3
62881 6  3
62882 6  3
62883 6  3
62884 6  3
62885 6  3
62886 6  3
62887 6  3
62888 6  3
62889 6  3
62890 6  3
62891 6  3
62892 6  3
62893 6  3
62894 6  3
62895 6  3
62896 6  3
62897 6  3
62898 6  3
62899 6  3
62900 6  3
62901 6  3
62902 6  3
62903 6  3
62904 6  3
62905 6  3
62906 6  3
62907 6  3
62908 6  3
62909 6  3
62910 6  3
62911 6  3
62912 6  3
62913 6  3
62914 6  3
62915 6  3
62916 6  3
62917 6  3
62918 6  3
62919 6  3
62920 6  3
62921 6  3
62922 6  3
62923 6  3
62924 6  3
62925 6  3
62926 6  3
62927 6  3
62928 6  3
62929 6  3
62930 6  3
62931 6  3
62932 6  3
62933 6  3
62934 6  3
62935 6  3
62936 6  3
62937 6  3
62938 6  3
62939 6  3
62940 6  3
62941 6  3
62942 6  3
62943 6  3
62944 6  3
62945 6  3
62946 6  3
62947 6  3
62948 6  3
62949 6  3
62950 6  3
62951 6  3
62952 6  3
62953 6  3
62954 6  3
62955 6  3
62956 6  3
62957 6  3
62958 6  3
62959 6  3
62960 6  3
62961 6  3
62962 6  3
62963 6  3
62964 6  3
62965 6  3
62966 6  3
62967 6  3
62968 6  3
62969 6  3
62970 6  3
62971 6  3
62972 6  3
62973 6  3
62974 6  3
62975 6  3
62976 6  3
62977 6  3
62978 6  3
62979 6  3
62980 6  3
62981 6  3
62982 6  3
62983 6  3
62984 6  3
62985 6  3
62986 6  3
62987 6  3
62988 6  3
62989 6  3
62990 6  3
62991 6  3
62992 6  3
62993 6  3
62994 6  3
62995 6  3
62996 6  3
62997 6  3
62998 6  3
62999 6  3
63000 6  3
63001 6  3
63002 6  3
63003 6  3
63004 6  3
63005 6  3
63006 6  3
63007 6  3
63008 6  3
63009 6  3
63010 6  3
63011 6  3
63012 6  3
63013 6  3
63014 6  3
63015 6  3
63016 6  3
63017 6  3
63018 6  3
63019 6  3
63020 6  3
63021 6  3
63022 6  3
63023 6  3
63024 6  3
63025 6  3
63026 6  3
63027 6  3
63028 6  3
63029 6  3
63030 6  3
63031 6  3
63032 6  3
63033 6  3
63034 6  3
63035 6  3
63036 6  3
63037 6  3
63038 6  3
63039 6  3
63040 6  3
63041 6  3
63042 6  3
63043 6  3
63044 6  3
63045 6  3
63046 6  3
63047 6  3
63048 6  3
63049 6  3
63050 6  3
63051 6  3
63052 6  3
63053 6  3
63054 6  3
63055 6  3
63056 6  3
63057 6  3
63058 6  3
63059 6  3
63060 6  3
63061 6  3
63062 6  3
63063 6  3
63064 6  3
63065 6  3
63066 6  3
63067 6  3
63068 6  3
63069 6  3
63070 6  3
63071 6  3
63072 6  3
63073 6  3
63074 6  3
63075 6  3
63076 6  3
63077 6  3
63078 6  3
63079 6  3
63080 6  3
63081 6  3
63082 6  3
63083 6  3
63084 6  3
63085 6  3
63086 6  3
63087 6  3
63088 6  3
63089 6  3
63090 6  3
63091 6  3
63092 6  3
63093 6  3
63094 6  3
63095 6  3
63096 6  3
63097 6  3
63098 6  3
63099 6  3
63100 6  3
63101 6  3
63102 6  3
63103 6  3
63104 6  3
63105 6  3
63106 6  3
63107 6  3
63108 6  3
63109 6  3
63110 6  3
63111 6  3
63112 6  3
63113 6  3
63114 6  3
63115 6  3
63116 6  3
63117 6  3
63118 6  3
63119 6  3
63120 6  3
63121 6  3
63122 6  3
63123 6  3
63124 6  3
63125 6  3
63126 6  3
63127 6  3
63128 6  3
63129 6  3
63130 6  3
63131 6  3
63132 6  3
63133 6  3
63134 6  3
63135 6  3
63136 6  3
63137 6  3
63138 6  3
63139 6  3
63140 6  3
63141 6  3
63142 6  3
63143 6  3
63144 6  3
63145 6  3
63146 6  3
63147 6  3
63148 6  3
63149 6  3
63150 6  3
63151 6  3
63152 6  3
63153 6  3
63154 6  3
63155 6  3
63156 6  3
63157 6  3
63158 6  3
63159 6  3
63160 6  3
63161 6  3
63162 6  3
63163 6  3
63164 6  3
63165 6  3
63166 6  3
63167 6  3
63168 6  3
63169 6  3
63170 6  3
63171 6  3
63172 6  3
63173 6  3
63174 6  3
63175 6  3
63176 6  3
63177 6  3
63178 6  3
63179 6  3
63180 6  3
63181 6  3
63182 6  3
63183 6  3
63184 6  3
63185 6  3
63186 6  3
63187 6  3
63188 6  3
63189 6  3
63190 6  3
63191 6  3
63192 6  3
63193 6  3
63194 6  3
63195 6  3
63196 6  3
63197 6  3
63198 6  3
63199 6  3
63200 6  3
63201 6  3
63202 6  3
63203 6  3
63204 6  3
63205 6  3
63206 6  3
63207 6  3
63208 6  3
63209 6  3
63210 6  3
63211 6  3
63212 6  3
63213 6  3
63214 6  3
63215 6  3
63216 6  3
63217 6  3
63218 6  3
63219 6  3
63220 6  3
63221 6  3
63222 6  3
63223 6  3
63224 6  3
63225 6  3
63226 6  3
63227 6  3
63228 6  3
63229 6  3
63230 6  3
63231 6  3
63232 6  3
63233 6  3
63234 6  3
63235 6  3
63236 6  3
63237 6  3
63238 6  3
63239 6  3
63240 6  3
63241 6  3
63242 6  3
63243 6  3
63244 6  3
63245 6  3
63246 6  3
63247 6  3
63248 6  3
63249 6  3
63250 6  3
63251 6  3
63252 6  3
63253 6  3
63254 6  3
63255 6  3
63256 6  3
63257 6  3
63258 6  3
63259 6  3
63260 6  3
63261 6  3
63262 6  3
63263 6  3
63264 6  3
63265 6  3
63266 6  3
63267 6  3
63268 6  3
63269 6  3
63270 6  3
63271 6  3
63272 6  3
63273 6  3
63274 6  3
63275 6  3
63276 6  3
63277 6  3
63278 6  3
63279 6  3
63280 6  3
63281 6  3
63282 6  3
63283 6  3
63284 6  3
63285 6  3
63286 6  3
63287 6  3
63288 6  3
63289 6  3
63290 6  3
63291 6  3
63292 6  3
63293 6  3
63294 6  3
63295 6  3
63296 6  3
63297 6  3
63298 6  3
63299 6  3
63300 6  3
63301 6  3
63302 6  3
63303 6  3
63304 6  3
63305 6  3
63306 6  3
63307 6  3
63308 6  3
63309 6  3
63310 6  3
63311 6  3
63312 6  3
63313 6  3
63314 6  3
63315 6  3
63316 6  3
63317 6  3
63318 6  3
63319 6  3
63320 6  3
63321 6  3
63322 6  3
63323 6  3
63324 6  3
63325 6  3
63326 6  3
63327 6  3
63328 6  3
63329 6  3
63330 6  3
63331 6  3
63332 6  3
63333 6  3
63334 6  3
63335 6  3
63336 6  3
63337 6  3
63338 6  3
63339 6  3
63340 6  3
63341 6  3
63342 6  3
63343 6  3
63344 6  3
63345 6  3
63346 6  3
63347 6  3
63348 6  3
63349 6  3
63350 6  3
63351 6  3
63352 6  3
63353 6  3
63354 6  3
63355 6  3
63356 6  3
63357 6  3
63358 6  3
63359 6  3
63360 6  3
63361 6  3
63362 6  3
63363 6  3
63364 6  3
63365 6  3
63366 6  3
63367 6  3
63368 6  3
63369 6  3
63370 6  3
63371 6  3
63372 6  3
63373 6  3
63374 6  3
63375 6  3
63376 6  3
63377 6  3
63378 6  3
63379 6  3
63380 6  3
63381 6  3
63382 6  3
63383 6  3
63384 6  3
63385 6  3
63386 6  3
63387 6  3
63388 6  3
63389 6  3
63390 6  3
63391 6  3
63392 6  3
63393 6  3
63394 6  3
63395 6  3
63396 6  3
63397 6  3
63398 6  3
63399 6  3
63400 6  3
63401 6  3
63402 6  3
63403 6  3
63404 6  3
63405 6  3
63406 6  3
63407 6  3
63408 6  3
63409 6  3
63410 6  3
63411 6  3
63412 6  3
63413 6  3
63414 6  3
63415 6  3
63416 6  3
63417 6  3
63418 6  3
63419 6  3
63420 6  3
63421 6  3
63422 6  3
63423 6  3
63424 6  3
63425 6  3
63426 6  3
63427 6  3
63428 6  3
63429 6  3
63430 6  3
63431 6  3
63432 6  3
63433 6  3
63434 6  3
63435 6  3
63436 6  3
63437 6  3
63438 6  3
63439 6  3
63440 6  3
63441 6  3
63442 6  3
63443 6  3
63444 6  3
63445 6  3
63446 6  3
63447 6  3
63448 6  3
63449 6  3
63450 6  3
63451 6  3
63452 6  3
63453 6  3
63454 6  3
63455 6  3
63456 6  3
63457 6  3
63458 6  3
63459 6  3
63460 6  3
63461 6  3
63462 6  3
63463 6  3
63464 6  3
63465 6  3
63466 6  3
63467 6  3
63468 6  3
63469 6  3
63470 6  3
63471 6  3
63472 6  3
63473 6  3
63474 6  3
63475 6  3
63476 6  3
63477 6  3
63478 6  3
63479 6  3
63480 6  3
63481 6  3
63482 6  3
63483 6  3
63484 6  3
63485 6  3
63486 6  3
63487 6  3
63488 6  3
63489 6  3
63490 6  3
63491 6  3
63492 6  3
63493 6  3
63494 6  3
63495 6  3
63496 6  3
63497 6  3
63498 6  3
63499 6  3
63500 6  3
63501 6  3
63502 6  3
63503 6  3
63504 6  3
63505 6  3
63506 6  3
63507 6  3
63508 6  3
63509 6  3
63510 6  3
63511 6  3
63512 6  3
63513 6  3
63514 6  3
63515 6  3
63516 6  3
63517 6  3
63518 6  3
63519 6  3
63520 6  3
63521 6  3
63522 6  3
63523 6  3
63524 6  3
63525 6  3
63526 6  3
63527 6  3
63528 6  3
63529 6  3
63530 6  3
63531 6  3
63532 6  3
63533 6  3
63534 6  3
63535 6  3
63536 6  3
63537 6  3
63538 6  3
63539 6  3
63540 6  3
63541 6  3
63542 6  3
63543 6  3
63544 6  3
63545 6  3
63546 6  3
63547 6  3
63548 6  3
63549 6  3
63550 6  3
63551 6  3
63552 6  3
63553 6  3
63554 6  3
63555 6  3
63556 6  3
63557 6  3
63558 6  3
63559 6  3
63560 6  3
63561 6  3
63562 6  3
63563 6  3
63564 6  3
63565 6  3
63566 6  3
63567 6  3
63568 6  3
63569 6  3
63570 6  3
63571 6  3
63572 6  3
63573 6  3
63574 6  3
63575 6  3
63576 6  3
63577 6  3
63578 6  3
63579 6  3
63580 6  3
63581 6  3
63582 6  3
63583 6  3
63584 6  3
63585 6  3
63586 6  3
63587 6  3
63588 6  3
63589 6  3
63590 6  3
63591 6  3
63592 6  3
63593 6  3
63594 6  3
63595 6  3
63596 6  3
63597 6  3
63598 6  3
63599 6  3
63600 6  3
63601 6  3
63602 6  3
63603 6  3
63604 6  3
63605 6  3
63606 6  3
63607 6  3
63608 6  3
63609 6  3
63610 6  3
63611 6  3
63612 6  3
63613 6  3
63614 6  3
63615 6  3
63616 6  3
63617 6  3
63618 6  3
63619 6  3
63620 6  3
63621 6  3
63622 6  3
63623 6  3
63624 6  3
63625 6  3
63626 6  3
63627 6  3
63628 6  3
63629 6  3
63630 6  3
63631 6  3
63632 6  3
63633 6  3
63634 6  3
63635 6  3
63636 6  3
63637 6  3
63638 6  3
63639 6  3
63640 6  3
63641 6  3
63642 6  3
63643 6  3
63644 6  3
63645 6  3
63646 6  3
63647 6  3
63648 6  3
63649 6  3
63650 6  3
63651 6  3
63652 6  3
63653 6  3
63654 6  3
63655 6  3
63656 6  3
63657 6  3
63658 6  3
63659 6  3
63660 6  3
63661 6  3
63662 6  3
63663 6  3
63664 6  3
63665 6  3
63666 6  3
63667 6  3
63668 6  3
63669 6  3
63670 6  3
63671 6  3
63672 6  3
63673 6  3
63674 6  3
63675 6  3
63676 6  3
63677 6  3
63678 6  3
63679 6  3
63680 6  3
63681 6  3
63682 6  3
63683 6  3
63684 6  3
63685 6  3
63686 6  3
63687 6  3
63688 6  3
63689 6  3
63690 6  3
63691 6  3
63692 6  3
63693 6  3
63694 6  3
63695 6  3
63696 6  3
63697 6  3
63698 6  3
63699 6  3
63700 6  3
63701 6  3
63702 6  3
63703 6  3
63704 6  3
63705 6  3
63706 6  3
63707 6  3
63708 6  3
63709 6  3
63710 6  3
63711 6  3
63712 6  3
63713 6  3
63714 6  3
63715 6  3
63716 6  3
63717 6  3
63718 6  3
63719 6  3
63720 6  3
63721 6  3
63722 6  3
63723 6  3
63724 6  3
63725 6  3
63726 6  3
63727 6  3
63728 6  3
63729 6  3
63730 6  3
63731 6  3
63732 6  3
63733 6  3
63734 6  3
63735 6  3
63736 6  3
63737 6  3
63738 6  3
63739 6  3
63740 6  3
63741 6  3
63742 6  3
63743 6  3
63744 6  3
63745 6  3
63746 6  3
63747 6  3
63748 6  3
63749 6  3
63750 6  3
63751 6  3
63752 6  3
63753 6  3
63754 6  3
63755 6  3
63756 6  3
63757 6  3
63758 6  3
63759 6  3
63760 6  3
63761 6  3
63762 6  3
63763 6  3
63764 6  3
63765 6  3
63766 6  3
63767 6  3
63768 6  3
63769 6  3
63770 6  3
63771 6  3
63772 6  3
63773 6  3
63774 6  3
63775 6  3
63776 6  3
63777 6  3
63778 6  3
63779 6  3
63780 6  3
63781 6  3
63782 6  3
63783 6  3
63784 6  3
63785 6  3
63786 6  3
63787 6  3
63788 6  3
63789 6  3
63790 6  3
63791 6  3
63792 6  3
63793 6  3
63794 6  3
63795 6  3
63796 6  3
63797 6  3
63798 6  3
63799 6  3
63800 6  3
63801 6  3
63802 6  3
63803 6  3
63804 6  3
63805 6  3
63806 6  3
63807 6  3
63808 6  3
63809 6  3
63810 6  3
63811 6  3
63812 6  3
63813 6  3
63814 6  3
63815 6  3
63816 6  3
63817 6  3
63818 6  3
63819 6  3
63820 6  3
63821 6  3
63822 6  3
63823 6  3
63824 6  3
63825 6  3
63826 6  3
63827 6  3
63828 6  3
63829 6  3
63830 6  3
63831 6  3
63832 6  3
63833 6  3
63834 6  3
63835 6  3
63836 6  3
63837 6  3
63838 6  3
63839 6  3
63840 6  3
63841 6  3
63842 6  3
63843 6  3
63844 6  3
63845 6  3
63846 6  3
63847 6  3
63848 6  3
63849 6  3
63850 6  3
63851 6  3
63852 6  3
63853 6  3
63854 6  3
63855 6  3
63856 6  3
63857 6  3
63858 6  3
63859 6  3
63860 6  3
63861 6  3
63862 6  3
63863 6  3
63864 6  3
63865 6  3
63866 6  3
63867 6  3
63868 6  3
63869 6  3
63870 6  3
63871 6  3
63872 6  3
63873 6  3
63874 6  3
63875 6  3
63876 6  3
63877 6  3
63878 6  3
63879 6  3
63880 6  3
63881 6  3
63882 6  3
63883 6  3
63884 6  3
63885 6  3
63886 6  3
63887 6  3
63888 6  3
63889 6  3
63890 6  3
63891 6  3
63892 6  3
63893 6  3
63894 6  3
63895 6  3
63896 6  3
63897 6  3
63898 6  3
63899 6  3
63900 6  3
63901 6  3
63902 6  3
63903 6  3
63904 6  3
63905 6  3
63906 6  3
63907 6  3
63908 6  3
63909 6  3
63910 6  3
63911 6  3
63912 6  3
63913 6  3
63914 6  3
63915 6  3
63916 6  3
63917 6  3
63918 6  3
63919 6  3
63920 6  3
63921 6  3
63922 6  3
63923 6  3
63924 6  3
63925 6  3
63926 6  3
63927 6  3
63928 6  3
63929 6  3
63930 6  3
63931 6  3
63932 6  3
63933 6  3
63934 6  3
63935 6  3
63936 6  3
63937 6  3
63938 6  3
63939 6  3
63940 6  3
63941 6  3
63942 6  3
63943 6  3
63944 6  3
63945 6  3
63946 6  3
63947 6  3
63948 6  3
63949 6  3
63950 6  3
63951 6  3
63952 6  3
63953 6  3
63954 6  3
63955 6  3
63956 6  3
63957 6  3
63958 6  3
63959 6  3
63960 6  3
63961 6  3
63962 6  3
63963 6  3
63964 6  3
63965 6  3
63966 6  3
63967 6  3
63968 6  3
63969 6  3
63970 6  3
63971 6  3
63972 6  3
63973 6  3
63974 6  3
63975 6  3
63976 6  3
63977 6  3
63978 6  3
63979 6  3
63980 6  3
63981 6  3
63982 6  3
63983 6  3
63984 6  3
63985 6  3
63986 6  3
63987 6  3
63988 6  3
63989 6  3
63990 6  3
63991 6  3
63992 6  3
63993 6  3
63994 6  3
63995 6  3
63996 6  3
63997 6  3
63998 6  3
63999 6  3
64000 6  3
64001 6  3
64002 6  3
64003 6  3
64004 6  3
64005 6  3
64006 6  3
64007 6  3
64008 6  3
64009 6  3
64010 6  3
64011 6  3
64012 6  3
64013 6  3
64014 6  3
64015 6  3
64016 6  3
64017 6  3
64018 6  3
64019 6  3
64020 6  3
64021 6  3
64022 6  3
64023 6  3
64024 6  3
64025 6  3
64026 6  3
64027 6  3
64028 6  3
64029 6  3
64030 6  3
64031 6  3
64032 6  3
64033 6  3
64034 6  3
64035 6  3
64036 6  3
64037 6  3
64038 6  3
64039 6  3
64040 6  3
64041 6  3
64042 6  3
64043 6  3
64044 6  3
64045 6  3
64046 6  3
64047 6  3
64048 6  3
64049 6  3
64050 6  3
64051 6  3
64052 6  3
64053 6  3
64054 6  3
64055 6  3
64056 6  3
64057 6  3
64058 6  3
64059 6  3
64060 6  3
64061 6  3
64062 6  3
64063 6  3
64064 6  3
64065 6  3
64066 6  3
64067 6  3
64068 6  3
64069 6  3
64070 6  3
64071 6  3
64072 6  3
64073 6  3
64074 6  3
64075 6  3
64076 6  3
64077 6  3
64078 6  3
64079 6  3
64080 6  3
64081 6  3
64082 6  3
64083 6  3
64084 6  3
64085 6  3
64086 6  3
64087 6  3
64088 6  3
64089 6  3
64090 6  3
64091 6  3
64092 6  3
64093 6  3
64094 6  3
64095 6  3
64096 6  3
64097 6  3
64098 6  3
64099 6  3
64100 6  3
64101 6  3
64102 6  3
64103 6  3
64104 6  3
64105 6  3
64106 6  3
64107 6  3
64108 6  3
64109 6  3
64110 6  3
64111 6  3
64112 6  3
64113 6  3
64114 6  3
64115 6  3
64116 6  3
64117 6  3
64118 6  3
64119 6  3
64120 6  3
64121 6  3
64122 6  3
64123 6  3
64124 6  3
64125 6  3
64126 6  3
64127 6  3
64128 6  3
64129 6  3
64130 6  3
64131 6  3
64132 6  3
64133 6  3
64134 6  3
64135 6  3
64136 6  3
64137 6  3
64138 6  3
64139 6  3
64140 6  3
64141 6  3
64142 6  3
64143 6  3
64144 6  3
64145 6  3
64146 6  3
64147 6  3
64148 6  3
64149 6  3
64150 6  3
64151 6  3
64152 6  3
64153 6  3
64154 6  3
64155 6  3
64156 6  3
64157 6  3
64158 6  3
64159 6  3
64160 6  3
64161 6  3
64162 6  3
64163 6  3
64164 6  3
64165 6  3
64166 6  3
64167 6  3
64168 6  3
64169 6  3
64170 6  3
64171 6  3
64172 6  3
64173 6  3
64174 6  3
64175 6  3
64176 6  3
64177 6  3
64178 6  3
64179 6  3
64180 6  3
64181 6  3
64182 6  3
64183 6  3
64184 6  3
64185 6  3
64186 6  3
64187 6  3
64188 6  3
64189 6  3
64190 6  3
64191 6  3
64192 6  3
64193 6  3
64194 6  3
64195 6  3
64196 6  3
64197 6  3
64198 6  3
64199 6  3
64200 6  3
64201 6  3
64202 6  3
64203 6  3
64204 6  3
64205 6  3
64206 6  3
64207 6  3
64208 6  3
64209 6  3
64210 6  3
64211 6  3
64212 6  3
64213 6  3
64214 6  3
64215 6  3
64216 6  3
64217 6  3
64218 6  3
64219 6  3
64220 6  3
64221 6  3
64222 6  3
64223 6  3
64224 6  3
64225 6  3
64226 6  3
64227 6  3
64228 6  3
64229 6  3
64230 6  3
64231 6  3
64232 6  3
64233 6  3
64234 6  3
64235 6  3
64236 6  3
64237 6  3
64238 6  3
64239 6  3
64240 6  3
64241 6  3
64242 6  3
64243 6  3
64244 6  3
64245 6  3
64246 6  3
64247 6  3
64248 6  3
64249 6  3
64250 6  3
64251 6  3
64252 6  3
64253 6  3
64254 6  3
64255 6  3
64256 6  3
64257 6  3
64258 6  3
64259 6  3
64260 6  3
64261 6  3
64262 6  3
64263 6  3
64264 6  3
64265 6  3
64266 6  3
64267 6  3
64268 6  3
64269 6  3
64270 6  3
64271 6  3
64272 6  3
64273 6  3
64274 6  3
64275 6  3
64276 6  3
64277 6  3
64278 6  3
64279 6  3
64280 6  3
64281 6  3
64282 6  3
64283 6  3
64284 6  3
64285 6  3
64286 6  3
64287 6  3
64288 6  3
64289 6  3
64290 6  3
64291 6  3
64292 6  3
64293 6  3
64294 6  3
64295 6  3
64296 6  3
64297 6  3
64298 6  3
64299 6  3
64300 6  3
64301 6  3
64302 6  3
64303 6  3
64304 6  3
64305 6  3
64306 6  3
64307 6  3
64308 6  3
64309 6  3
64310 6  3
64311 6  3
64312 6  3
64313 6  3
64314 6  3
64315 6  3
64316 6  3
64317 6  3
64318 6  3
64319 6  3
64320 6  3
64321 6  3
64322 6  3
64323 6  3
64324 6  3
64325 6  3
64326 6  3
64327 6  3
64328 6  3
64329 6  3
64330 6  3
64331 6  3
64332 6  3
64333 6  3
64334 6  3
64335 6  3
64336 6  3
64337 6  3
64338 6  3
64339 6  3
64340 6  3
64341 6  3
64342 6  3
64343 6  3
64344 6  3
64345 6  3
64346 6  3
64347 6  3
64348 6  3
64349 6  3
64350 6  3
64351 6  3
64352 6  3
64353 6  3
64354 6  3
64355 6  3
64356 6  3
64357 6  3
64358 6  3
64359 6  3
64360 6  3
64361 6  3
64362 6  3
64363 6  3
64364 6  3
64365 6  3
64366 6  3
64367 6  3
64368 6  3
64369 6  3
64370 6  3
64371 6  3
64372 6  3
64373 6  3
64374 6  3
64375 6  3
64376 6  3
64377 6  3
64378 6  3
64379 6  3
64380 6  3
64381 6  3
64382 6  3
64383 6  3
64384 6  3
64385 6  3
64386 6  3
64387 6  3
64388 6  3
64389 6  3
64390 6  3
64391 6  3
64392 6  3
64393 6  3
64394 6  3
64395 6  3
64396 6  3
64397 6  3
64398 6  3
64399 6  3
64400 6  3
64401 6  3
64402 6  3
64403 6  3
64404 6  3
64405 6  3
64406 6  3
64407 6  3
64408 6  3
64409 6  3
64410 6  3
64411 6  3
64412 6  3
64413 6  3
64414 6  3
64415 6  3
64416 6  3
64417 6  3
64418 6  3
64419 6  3
64420 6  3
64421 6  3
64422 6  3
64423 6  3
64424 6  3
64425 6  3
64426 6  3
64427 6  3
64428 6  3
64429 6  3
64430 6  3
64431 6  3
64432 6  3
64433 6  3
64434 6  3
64435 6  3
64436 6  3
64437 6  3
64438 6  3
64439 6  3
64440 6  3
64441 6  3
64442 6  3
64443 6  3
64444 6  3
64445 6  3
64446 6  3
64447 6  3
64448 6  3
64449 6  3
64450 6  3
64451 6  3
64452 6  3
64453 6  3
64454 6  3
64455 6  3
64456 6  3
64457 6  3
64458 6  3
64459 6  3
64460 6  3
64461 6  3
64462 6  3
64463 6  3
64464 6  3
64465 6  3
64466 6  3
64467 6  3
64468 6  3
64469 6  3
64470 6  3
64471 6  3
64472 6  3
64473 6  3
64474 6  3
64475 6  3
64476 6  3
64477 6  3
64478 6  3
64479 6  3
64480 6  3
64481 6  3
64482 6  3
64483 6  3
64484 6  3
64485 6  3
64486 6  3
64487 6  3
64488 6  3
64489 6  3
64490 6  3
64491 6  3
64492 6  3
64493 6  3
64494 6  3
64495 6  3
64496 6  3
64497 6  3
64498 6  3
64499 6  3
64500 6  3
64501 6  3
64502 6  3
64503 6  3
64504 6  3
64505 6  3
64506 6  3
64507 6  3
64508 6  3
64509 6  3
64510 6  3
64511 6  3
64512 6  3
64513 6  3
64514 6  3
64515 6  3
64516 6  3
64517 6  3
64518 6  3
64519 6  3
64520 6  3
64521 6  3
64522 6  3
64523 6  3
64524 6  3
64525 6  3
64526 6  3
64527 6  3
64528 6  3
64529 6  3
64530 6  3
64531 6  3
64532 6  3
64533 6  3
64534 6  3
64535 6  3
64536 6  3
64537 6  3
64538 6  3
64539 6  3
64540 6  3
64541 6  3
64542 6  3
64543 6  3
64544 6  3
64545 6  3
64546 6  3
64547 6  3
64548 6  3
64549 6  3
64550 6  3
64551 6  3
64552 6  3
64553 6  3
64554 6  3
64555 6  3
64556 6  3
64557 6  3
64558 6  3
64559 6  3
64560 6  3
64561 6  3
64562 6  3
64563 6  3
64564 6  3
64565 6  3
64566 6  3
64567 6  3
64568 6  3
64569 6  3
64570 6  3
64571 6  3
64572 6  3
64573 6  3
64574 6  3
64575 6  3
64576 6  3
64577 6  3
64578 6  3
64579 6  3
64580 6  3
64581 6  3
64582 6  3
64583 6  3
64584 6  3
64585 6  3
64586 6  3
64587 6  3
64588 6  3
64589 6  3
64590 6  3
64591 6  3
64592 6  3
64593 6  3
64594 6  3
64595 6  3
64596 6  3
64597 6  3
64598 6  3
64599 6  3
64600 6  3
64601 6  3
64602 6  3
64603 6  3
64604 6  3
64605 6  3
64606 6  3
64607 6  3
64608 6  3
64609 6  3
64610 6  3
64611 6  3
64612 6  3
64613 6  3
64614 6  3
64615 6  3
64616 6  3
64617 6  3
64618 6  3
64619 6  3
64620 6  3
64621 6  3
64622 6  3
64623 6  3
64624 6  3
64625 6  3
64626 6  3
64627 6  3
64628 6  3
64629 6  3
64630 6  3
64631 6  3
64632 6  3
64633 6  3
64634 6  3
64635 6  3
64636 6  3
64637 6  3
64638 6  3
64639 6  3
64640 6  3
64641 6  3
64642 6  3
64643 6  3
64644 6  3
64645 6  3
64646 6  3
64647 6  3
64648 6  3
64649 6  3
64650 6  3
64651 6  3
64652 6  3
64653 6  3
64654 6  3
64655 6  3
64656 6  3
64657 6  3
64658 6  3
64659 6  3
64660 6  3
64661 6  3
64662 6  3
64663 6  3
64664 6  3
64665 6  3
64666 6  3
64667 6  3
64668 6  3
64669 6  3
64670 6  3
64671 6  3
64672 6  3
64673 6  3
64674 6  3
64675 6  3
64676 6  3
64677 6  3
64678 6  3
64679 6  3
64680 6  3
64681 6  3
64682 6  3
64683 6  3
64684 6  3
64685 6  3
64686 6  3
64687 6  3
64688 6  3
64689 6  3
64690 6  3
64691 6  3
64692 6  3
64693 6  3
64694 6  3
64695 6  3
64696 6  3
64697 6  3
64698 6  3
64699 6  3
64700 6  3
64701 6  3
64702 6  3
64703 6  3
64704 6  3
64705 6  3
64706 6  3
64707 6  3
64708 6  3
64709 6  3
64710 6  3
64711 6  3
64712 6  3
64713 6  3
64714 6  3
64715 6  3
64716 6  3
64717 6  3
64718 6  3
64719 6  3
64720 6  3
64721 6  3
64722 6  3
64723 6  3
64724 6  3
64725 6  3
64726 6  3
64727 6  3
64728 6  3
64729 6  3
64730 6  3
64731 6  3
64732 6  3
64733 6  3
64734 6  3
64735 6  3
64736 6  3
64737 6  3
64738 6  3
64739 6  3
64740 6  3
64741 6  3
64742 6  3
64743 6  3
64744 6  3
64745 6  3
64746 6  3
64747 6  3
64748 6  3
64749 6  3
64750 6  3
64751 6  3
64752 6  3
64753 6  3
64754 6  3
64755 6  3
64756 6  3
64757 6  3
64758 6  3
64759 6  3
64760 6  3
64761 6  3
64762 6  3
64763 6  3
64764 6  3
64765 6  3
64766 6  3
64767 6  3
64768 6  3
64769 6  3
64770 6  3
64771 6  3
64772 6  3
64773 6  3
64774 6  3
64775 6  3
64776 6  3
64777 6  3
64778 6  3
64779 6  3
64780 6  3
64781 6  3
64782 6  3
64783 6  3
64784 6  3
64785 6  3
64786 6  3
64787 6  3
64788 6  3
64789 6  3
64790 6  3
64791 6  3
64792 6  3
64793 6  3
64794 6  3
64795 6  3
64796 6  3
64797 6  3
64798 6  3
64799 6  3
64800 6  3
64801 6  3
64802 6  3
64803 6  3
64804 6  3
64805 6  3
64806 6  3
64807 6  3
64808 6  3
64809 6  3
64810 6  3
64811 6  3
64812 6  3
64813 6  3
64814 6  3
64815 6  3
64816 6  3
64817 6  3
64818 6  3
64819 6  3
64820 6  3
64821 6  3
64822 6  3
64823 6  3
64824 6  3
64825 6  3
64826 6  3
64827 6  3
64828 6  3
64829 6  3
64830 6  3
64831 6  3
64832 6  3
64833 6  3
64834 6  3
64835 6  3
64836 6  3
64837 6  3
64838 6  3
64839 6  3
64840 6  3
64841 6  3
64842 6  3
64843 6  3
64844 6  3
64845 6  3
64846 6  3
64847 6  3
64848 6  3
64849 6  3
64850 6  3
64851 6  3
64852 6  3
64853 6  3
64854 6  3
64855 6  3
64856 6  3
64857 6  3
64858 6  3
64859 6  3
64860 6  3
64861 6  3
64862 6  3
64863 6  3
64864 6  3
64865 6  3
64866 6  3
64867 6  3
64868 6  3
64869 6  3
64870 6  3
64871 6  3
64872 6  3
64873 6  3
64874 6  3
64875 6  3
64876 6  3
64877 6  3
64878 6  3
64879 6  3
64880 6  3
64881 6  3
64882 6  3
64883 6  3
64884 6  3
64885 6  3
64886 6  3
64887 6  3
64888 6  3
64889 6  3
64890 6  3
64891 6  3
64892 6  3
64893 6  3
64894 6  3
64895 6  3
64896 6  3
64897 6  3
64898 6  3
64899 6  3
64900 6  3
64901 6  3
64902 6  3
64903 6  3
64904 6  3
64905 6  3
64906 6  3
64907 6  3
64908 6  3
64909 6  3
64910 6  3
64911 6  3
64912 6  3
64913 6  3
64914 6  3
64915 6  3
64916 6  3
64917 6  3
64918 6  3
64919 6  3
64920 6  3
64921 6  3
64922 6  3
64923 6  3
64924 6  3
64925 6  3
64926 6  3
64927 6  3
64928 6  3
64929 6  3
64930 6  3
64931 6  3
64932 6  3
64933 6  3
64934 6  3
64935 6  3
64936 6  3
64937 6  3
64938 6  3
64939 6  3
64940 6  3
64941 6  3
64942 6  3
64943 6  3
64944 6  3
64945 6  3
64946 6  3
64947 6  3
64948 6  3
64949 6  3
64950 6  3
64951 6  3
64952 6  3
64953 6  3
64954 6  3
64955 6  3
64956 6  3
64957 6  3
64958 6  3
64959 6  3
64960 6  3
64961 6  3
64962 6  3
64963 6  3
64964 6  3
64965 6  3
64966 6  3
64967 6  3
64968 6  3
64969 6  3
64970 6  3
64971 6  3
64972 6  3
64973 6  3
64974 6  3
64975 6  3
64976 6  3
64977 6  3
64978 6  3
64979 6  3
64980 6  3
64981 6  3
64982 6  3
64983 6  3
64984 6  3
64985 6  3
64986 6  3
64987 6  3
64988 6  3
64989 6  3
64990 6  3
64991 6  3
64992 6  3
64993 6  3
64994 6  3
64995 6  3
64996 6  3
64997 6  3
64998 6  3
64999 6  3
65000 6  3
65001 6  3
65002 6  3
65003 6  3
65004 6  3
65005 6  3
65006 6  3
65007 6  3
65008 6  3
65009 6  3
65010 6  3
65011 6  3
65012 6  3
65013 6  3
65014 6  3
65015 6  3
65016 6  3
65017 6  3
65018 6  3
65019 6  3
65020 6  3
65021 6  3
65022 6  3
65023 6  3
65024 6  3
65025 6  3
65026 6  3
65027 6  3
65028 6  3
65029 6  3
65030 6  3
65031 6  3
65032 6  3
65033 6  3
65034 6  3
65035 6  3
65036 6  3
65037 6  3
65038 6  3
65039 6  3
65040 6  3
65041 6  3
65042 6  3
65043 6  3
65044 6  3
65045 6  3
65046 6  3
65047 6  3
65048 6  3
65049 6  3
65050 6  3
65051 6  3
65052 6  3
65053 6  3
65054 6  3
65055 6  3
65056 6  3
65057 6  3
65058 6  3
65059 6  3
65060 6  3
65061 6  3
65062 6  3
65063 6  3
65064 6  3
65065 6  3
65066 6  3
65067 6  3
65068 6  3
65069 6  3
65070 6  3
65071 6  3
65072 6  3
65073 6  3
65074 6  3
65075 6  3
65076 6  3
65077 6  3
65078 6  3
65079 6  3
65080 6  3
65081 6  3
65082 6  3
65083 6  3
65084 6  3
65085 6  3
65086 6  3
65087 6  3
65088 6  3
65089 6  3
65090 6  3
65091 6  3
65092 6  3
65093 6  3
65094 6  3
65095 6  3
65096 6  3
65097 6  3
65098 6  3
65099 6  3
65100 6  3
65101 6  3
65102 6  3
65103 6  3
65104 6  3
65105 6  3
65106 6  3
65107 6  3
65108 6  3
65109 6  3
65110 6  3
65111 6  3
65112 6  3
65113 6  3
65114 6  3
65115 6  3
65116 6  3
65117 6  3
65118 6  3
65119 6  3
65120 6  3
65121 6  3
65122 6  3
65123 6  3
65124 6  3
65125 6  3
65126 6  3
65127 6  3
65128 6  3
65129 6  3
65130 6  3
65131 6  3
65132 6  3
65133 6  3
65134 6  3
65135 6  3
65136 6  3
65137 6  3
65138 6  3
65139 6  3
65140 6  3
65141 6  3
65142 6  3
65143 6  3
65144 6  3
65145 6  3
65146 6  3
65147 6  3
65148 6  3
65149 6  3
65150 6  3
65151 6  3
65152 6  3
65153 6  3
65154 6  3
65155 6  3
65156 6  3
65157 6  3
65158 6  3
65159 6  3
65160 6  3
65161 6  3
65162 6  3
65163 6  3
65164 6  3
65165 6  3
65166 6  3
65167 6  3
65168 6  3
65169 6  3
65170 6  3
65171 6  3
65172 6  3
65173 6  3
65174 6  3
65175 6  3
65176 6  3
65177 6  3
65178 6  3
65179 6  3
65180 6  3
65181 6  3
65182 6  3
65183 6  3
65184 6  3
65185 6  3
65186 6  3
65187 6  3
65188 6  3
65189 6  3
65190 6  3
65191 6  3
65192 6  3
65193 6  3
65194 6  3
65195 6  3
65196 6  3
65197 6  3
65198 6  3
65199 6  3
65200 6  3
65201 6  3
65202 6  3
65203 6  3
65204 6  3
65205 6  3
65206 6  3
65207 6  3
65208 6  3
65209 6  3
65210 6  3
65211 6  3
65212 6  3
65213 6  3
65214 6  3
65215 6  3
65216 6  3
65217 6  3
65218 6  3
65219 6  3
65220 6  3
65221 6  3
65222 6  3
65223 6  3
65224 6  3
65225 6  3
65226 6  3
65227 6  3
65228 6  3
65229 6  3
65230 6  3
65231 6  3
65232 6  3
65233 6  3
65234 6  3
65235 6  3
65236 6  3
65237 6  3
65238 6  3
65239 6  3
65240 6  3
65241 6  3
65242 6  3
65243 6  3
65244 6  3
65245 6  3
65246 6  3
65247 6  3
65248 6  3
65249 6  3
65250 6  3
65251 6  3
65252 6  3
65253 6  3
65254 6  3
65255 6  3
65256 6  3
65257 6  3
65258 6  3
65259 6  3
65260 6  3
65261 6  3
65262 6  3
65263 6  3
65264 6  3
65265 6  3
65266 6  3
65267 6  3
65268 6  3
65269 6  3
65270 6  3
65271 6  3
65272 6  3
65273 6  3
65274 6  3
65275 6  3
65276 6  3
65277 6  3
65278 6  3
65279 6  3
65280 6  3
65281 6  3
65282 6  3
65283 6  3
65284 6  3
65285 6  3
65286 6  3
65287 6  3
65288 6  3
65289 6  3
65290 6  3
65291 6  3
65292 6  3
65293 6  3
65294 6  3
65295 6  3
65296 6  3
65297 6  3
65298 6  3
65299 6  3
65300 6  3
65301 6  3
65302 6  3
65303 6  3
65304 6  3
65305 6  3
65306 6  3
65307 6  3
65308 6  3
65309 6  3
65310 6  3
65311 6  3
65312 6  3
65313 6  3
65314 6  3
65315 6  3
65316 6  3
65317 6  3
65318 6  3
65319 6  3
65320 6  3
65321 6  3
65322 6  3
65323 6  3
65324 6  3
65325 6  3
65326 6  3
65327 6  3
65328 6  3
65329 6  3
65330 6  3
65331 6  3
65332 6  3
65333 6  3
65334 6  3
65335 6  3
65336 6  3
65337 6  3
65338 6  3
65339 6  3
65340 6  3
65341 6  3
65342 6  3
65343 6  3
65344 6  3
65345 6  3
65346 6  3
65347 6  3
65348 6  3
65349 6  3
65350 6  3
65351 6  3
65352 6  3
65353 6  3
65354 6  3
65355 6  3
65356 6  3
65357 6  3
65358 6  3
65359 6  3
65360 6  3
65361 6  3
65362 6  3
65363 6  3
65364 6  3
65365 6  3
65366 6  3
65367 6  3
65368 6  3
65369 6  3
65370 6  3
65371 6  3
65372 6  3
65373 6  3
65374 6  3
65375 6  3
65376 6  3
65377 6  3
65378 6  3
65379 6  3
65380 6  3
65381 6  3
65382 6  3
65383 6  3
65384 6  3
65385 6  3
65386 6  3
65387 6  3
65388 6  3
65389 6  3
65390 6  3
65391 6  3
65392 6  3
65393 6  3
65394 6  3
65395 6  3
65396 6  3
65397 6  3
65398 6  3
65399 6  3
65400 6  3
65401 6  3
65402 6  3
65403 6  3
65404 6  3
65405 6  3
65406 6  3
65407 6  3
65408 6  3
65409 6  3
65410 6  3
65411 6  3
65412 6  3
65413 6  3
65414 6  3
65415 6  3
65416 6  3
65417 6  3
65418 6  3
65419 6  3
65420 6  3
65421 6  3
65422 6  3
65423 6  3
65424 6  3
65425 6  3
65426 6  3
65427 6  3
65428 6  3
65429 6  3
65430 6  3
65431 6  3
65432 6  3
65433 6  3
65434 6  3
65435 6  3
65436 6  3
65437 6  3
65438 6  3
65439 6  3
65440 6  3
65441 6  3
65442 6  3
65443 6  3
65444 6  3
65445 6  3
65446 6  3
65447 6  3
65448 6  3
65449 6  3
65450 6  3
65451 6  3
65452 6  3
65453 6  3
65454 6  3
65455 6  3
65456 6  3
65457 6  3
65458 6  3
65459 6  3
65460 6  3
65461 6  3
65462 6  3
65463 6  3
65464 6  3
65465 6  3
65466 6  3
65467 6  3
65468 6  3
65469 6  3
65470 6  3
65471 6  3
65472 6  3
65473 6  3
65474 6  3
65475 6  3
65476 6  3
65477 6  3
65478 6  3
65479 6  3
65480 6  3
65481 6  3
65482 6  3
65483 6  3
65484 6  3
65485 6  3
65486 6  3
65487 6  3
65488 6  3
65489 6  3
65490 6  3
65491 6  3
65492 6  3
65493 6  3
65494 6  3
65495 6  3
65496 6  3
65497 6  3
65498 6  3
65499 6  3
65500 6  3
65501 6  3
65502 6  3
65503 6  3
65504 6  3
65505 6  3
65506 6  3
65507 6  3
65508 6  3
65509 6  3
65510 6  3
65511 6  3
65512 6  3
65513 6  3
65514 6  3
65515 6  3
65516 6  3
65517 6  3
65518 6  3
65519 6  3
65520 6  3
65521 6  3
65522 6  3
65523 6  3
65524 6  3
65525 6  3
65526 6  3
65527 6  3
65528 6  3
65529 6  3
65530 6  3
65531 6  3
65532 6  3
65533 6  3
65534 6  3
65535 6  3
65536 6  3
65537 6  3
65538 6  3
65539 6  3
65540 6  3
65541 6  3
65542 6  3
65543 6  3
65544 6  3
65545 6  3
65546 6  3
65547 6  3
65548 6  3
65549 6  3
65550 6  3
65551 6  3
65552 6  3
65553 6  3
65554 6  3
65555 6  3
65556 6  3
65557 6  3
65558 6  3
65559 6  3
65560 6  3
65561 6  3
65562 6  3
65563 6  3
65564 6  3
65565 6  3
65566 6  3
65567 6  3
65568 6  3
65569 6  3
65570 6  3
65571 6  3
65572 6  3
65573 6  3
65574 6  3
65575 6  3
65576 6  3
65577 6  3
65578 6  3
65579 6  3
65580 6  3
65581 6  3
65582 6  3
65583 6  3
65584 6  3
65585 6  3
65586 6  3
65587 6  3
65588 6  3
65589 6  3
65590 6  3
65591 6  3
65592 6  3
65593 6  3
65594 6  3
65595 6  3
65596 6  3
65597 6  3
65598 6  3
65599 6  3
65600 6  3
65601 6  3
65602 6  3
65603 6  3
65604 6  3
65605 6  3
65606 6  3
65607 6  3
65608 6  3
65609 6  3
65610 6  3
65611 6  3
65612 6  3
65613 6  3
65614 6  3
65615 6  3
65616 6  3
65617 6  3
65618 6  3
65619 6  3
65620 6  3
65621 6  3
65622 6  3
65623 6  3
65624 6  3
65625 6  3
65626 6  3
65627 6  3
65628 6  3
65629 6  3
65630 6  3
65631 6  3
65632 6  3
65633 6  3
65634 6  3
65635 6  3
65636 6  3
65637 6  3
65638 6  3
65639 6  3
65640 6  3
65641 6  3
65642 6  3
65643 6  3
65644 6  3
65645 6  3
65646 6  3
65647 6  3
65648 6  3
65649 6  3
65650 6  3
65651 6  3
65652 6  3
65653 6  3
65654 6  3
65655 6  3
65656 6  3
65657 6  3
65658 6  3
65659 6  3
65660 6  3
65661 6  3
65662 6  3
65663 6  3
65664 6  3
65665 6  3
65666 6  3
65667 6  3
65668 6  3
65669 6  3
65670 6  3
65671 6  3
65672 6  3
65673 6  3
65674 6  3
65675 6  3
65676 6  3
65677 6  3
65678 6  3
65679 6  3
65680 6  3
65681 6  3
65682 6  3
65683 6  3
65684 6  3
65685 6  3
65686 6  3
65687 6  3
65688 6  3
65689 6  3
65690 6  3
65691 6  3
65692 6  3
65693 6  3
65694 6  3
65695 6  3
65696 6  3
65697 6  3
65698 6  3
65699 6  3
65700 6  3
65701 6  3
65702 6  3
65703 6  3
65704 6  3
65705 6  3
65706 6  3
65707 6  3
65708 6  3
65709 6  3
65710 6  3
65711 6  3
65712 6  3
65713 6  3
65714 6  3
65715 6  3
65716 6  3
65717 6  3
65718 6  3
65719 6  3
65720 6  3
65721 6  3
65722 6  3
65723 6  3
65724 6  3
65725 6  3
65726 6  3
65727 6  3
65728 6  3
65729 6  3
65730 6  3
65731 6  3
65732 6  3
65733 6  3
65734 6  3
65735 6  3
65736 6  3
65737 6  3
65738 6  3
65739 6  3
65740 6  3
65741 6  3
65742 6  3
65743 6  3
65744 6  3
65745 6  3
65746 6  3
65747 6  3
65748 6  3
65749 6  3
65750 6  3
65751 6  3
65752 6  3
65753 6  3
65754 6  3
65755 6  3
65756 6  3
65757 6  3
65758 6  3
65759 6  3
65760 6  3
65761 6  3
65762 6  3
65763 6  3
65764 6  3
65765 6  3
65766 6  3
65767 6  3
65768 6  3
65769 6  3
65770 6  3
65771 6  3
65772 6  3
65773 6  3
65774 6  3
65775 6  3
65776 6  3
65777 6  3
65778 6  3
65779 6  3
65780 6  3
65781 6  3
65782 6  3
65783 6  3
65784 6  3
65785 6  3
65786 6  3
65787 6  3
65788 6  3
65789 6  3
65790 6  3
65791 6  3
65792 6  3
65793 6  3
65794 6  3
65795 6  3
65796 6  3
65797 6  3
65798 6  3
65799 6  3
65800 6  3
65801 6  3
65802 6  3
65803 6  3
65804 6  3
65805 6  3
65806 6  3
65807 6  3
65808 6  3
65809 6  3
65810 6  3
65811 6  3
65812 6  3
65813 6  3
65814 6  3
65815 6  3
65816 6  3
65817 6  3
65818 6  3
65819 6  3
65820 6  3
65821 6  3
65822 6  3
65823 6  3
65824 6  3
65825 6  3
65826 6  3
65827 6  3
65828 6  3
65829 6  3
65830 6  3
65831 6  3
65832 6  3
65833 6  3
65834 6  3
65835 6  3
65836 6  3
65837 6  3
65838 6  3
65839 6  3
65840 6  3
65841 6  3
65842 6  3
65843 6  3
65844 6  3
65845 6  3
65846 6  3
65847 6  3
65848 6  3
65849 6  3
65850 6  3
65851 6  3
65852 6  3
65853 6  3
65854 6  3
65855 6  3
65856 6  3
65857 6  3
65858 6  3
65859 6  3
65860 6  3
65861 6  3
65862 6  3
65863 6  3
65864 6  3
65865 6  3
65866 6  3
65867 6  3
65868 6  3
65869 6  3
65870 6  3
65871 6  3
65872 6  3
65873 6  3
65874 6  3
65875 6  3
65876 6  3
65877 6  3
65878 6  3
65879 6  3
65880 6  3
65881 6  3
65882 6  3
65883 6  3
65884 6  3
65885 6  3
65886 6  3
65887 6  3
65888 6  3
65889 6  3
65890 6  3
65891 6  3
65892 6  3
65893 6  3
65894 6  3
65895 6  3
65896 6  3
65897 6  3
65898 6  3
65899 6  3
65900 6  3
65901 6  3
65902 6  3
65903 6  3
65904 6  3
65905 6  3
65906 6  3
65907 6  3
65908 6  3
65909 6  3
65910 6  3
65911 6  3
65912 6  3
65913 6  3
65914 6  3
65915 6  3
65916 6  3
65917 6  3
65918 6  3
65919 6  3
65920 6  3
65921 6  3
65922 6  3
65923 6  3
65924 6  3
65925 6  3
65926 6  3
65927 6  3
65928 6  3
65929 6  3
65930 6  3
65931 6  3
65932 6  3
65933 6  3
65934 6  3
65935 6  3
65936 6  3
65937 6  3
65938 6  3
65939 6  3
65940 6  3
65941 6  3
65942 6  3
65943 6  3
65944 6  3
65945 6  3
65946 6  3
65947 6  3
65948 6  3
65949 6  3
65950 6  3
65951 6  3
65952 6  3
65953 6  3
65954 6  3
65955 6  3
65956 6  3
65957 6  3
65958 6  3
65959 6  3
65960 6  3
65961 6  3
65962 6  3
65963 6  3
65964 6  3
65965 6  3
65966 6  3
65967 6  3
65968 6  3
65969 6  3
65970 6  3
65971 6  3
65972 6  3
