netcdf simple_fault2 {
dimensions:
	len_string = 33 ;
	len_line = 81 ;
	four = 4 ;
	time_step = UNLIMITED ; // (0 currently)
	num_dim = 3 ;
	num_nodes = 9836 ;
	num_elem = 8450 ;
	num_el_blk = 1 ;
	num_qa_rec = 1 ;
	num_side_sets = 7 ;
	num_side_ss1 = 15 ;
	num_df_ss1 = 60 ;
	num_side_ss2 = 15 ;
	num_df_ss2 = 60 ;
	num_side_ss3 = 325 ;
	num_df_ss3 = 1300 ;
	num_side_ss4 = 325 ;
	num_df_ss4 = 1300 ;
	num_side_ss5 = 338 ;
	num_df_ss5 = 1352 ;
	num_side_ss6 = 338 ;
	num_df_ss6 = 1352 ;
	num_side_ss7 = 650 ;
	num_df_ss7 = 2600 ;
	num_el_in_blk1 = 8450 ;
	num_nod_per_el1 = 8 ;
variables:
	double time_whole(time_step) ;
	char qa_records(num_qa_rec, four, len_string) ;
	char coor_names(num_dim, len_string) ;
	char eb_names(num_el_blk, len_string) ;
	int ss_status(num_side_sets) ;
	int ss_prop1(num_side_sets) ;
		ss_prop1:name = "ID" ;
	char ss_names(num_side_sets, len_string) ;
	int elem_ss1(num_side_ss1) ;
	int side_ss1(num_side_ss1) ;
	double dist_fact_ss1(num_df_ss1) ;
	int elem_ss2(num_side_ss2) ;
	int side_ss2(num_side_ss2) ;
	double dist_fact_ss2(num_df_ss2) ;
	int elem_ss3(num_side_ss3) ;
	int side_ss3(num_side_ss3) ;
	double dist_fact_ss3(num_df_ss3) ;
	int elem_ss4(num_side_ss4) ;
	int side_ss4(num_side_ss4) ;
	double dist_fact_ss4(num_df_ss4) ;
	int elem_ss5(num_side_ss5) ;
	int side_ss5(num_side_ss5) ;
	double dist_fact_ss5(num_df_ss5) ;
	int elem_ss6(num_side_ss6) ;
	int side_ss6(num_side_ss6) ;
	double dist_fact_ss6(num_df_ss6) ;
	int elem_ss7(num_side_ss7) ;
	int side_ss7(num_side_ss7) ;
	double dist_fact_ss7(num_df_ss7) ;
	int elem_map(num_elem) ;
	int eb_status(num_el_blk) ;
	int eb_prop1(num_el_blk) ;
		eb_prop1:name = "ID" ;
	int connect1(num_el_in_blk1, num_nod_per_el1) ;
		connect1:elem_type = "HEX8" ;
	double coord(num_dim, num_nodes) ;

// global attributes:
		:api_version = 4.98f ;
		:version = 4.98f ;
		:floating_point_word_size = 8 ;
		:file_size = 0 ;
		:title = "cubit(/home/llanger/research/quasi_static_EQ/simple_fault2.e): 11/19/2015: 17:11" ;
data:

 qa_records =
  "CUBIT",
  "13.2",
  "11/19/2015",
  "17:11:38" ;

 coor_names =
  "x",
  "y",
  "z" ;

 eb_names =
  "" ;

 ss_status = 1, 1, 1, 1, 1, 1, 1 ;

 ss_prop1 = 1, 2, 3, 4, 5, 6, 7 ;

 ss_names =
  "uzplus",
  "uzminus",
  "ymin_ssbcuy",
  "ymax_ssbcuy",
  "xmax_ssbcux",
  "xmin_ssbcux",
  "zmin_ssbcux_ssbcuy_ssbcuz" ;

 elem_ss1 = 7016, 7017, 7018, 7019, 7020, 7081, 7082, 7083, 7084, 7085, 7146, 
    7147, 7148, 7149, 7150 ;

 side_ss1 = 3, 3, 3, 3, 3, 3, 3, 3, 3, 3, 3, 3, 3, 3, 3 ;

 dist_fact_ss1 = 1, 1, 1, 1, 1, 1, 1, 1, 1, 1, 1, 1, 1, 1, 1, 1, 1, 1, 1, 1, 
    1, 1, 1, 1, 1, 1, 1, 1, 1, 1, 1, 1, 1, 1, 1, 1, 1, 1, 1, 1, 1, 1, 1, 1, 
    1, 1, 1, 1, 1, 1, 1, 1, 1, 1, 1, 1, 1, 1, 1, 1 ;

 elem_ss2 = 6761, 6762, 6763, 6764, 6765, 6826, 6827, 6828, 6829, 6830, 6891, 
    6892, 6893, 6894, 6895 ;

 side_ss2 = 1, 1, 1, 1, 1, 1, 1, 1, 1, 1, 1, 1, 1, 1, 1 ;

 dist_fact_ss2 = 1, 1, 1, 1, 1, 1, 1, 1, 1, 1, 1, 1, 1, 1, 1, 1, 1, 1, 1, 1, 
    1, 1, 1, 1, 1, 1, 1, 1, 1, 1, 1, 1, 1, 1, 1, 1, 1, 1, 1, 1, 1, 1, 1, 1, 
    1, 1, 1, 1, 1, 1, 1, 1, 1, 1, 1, 1, 1, 1, 1, 1 ;

 elem_ss3 = 4811, 4812, 4813, 4814, 4815, 4816, 4817, 4818, 4819, 4820, 4821, 
    4822, 4823, 4824, 4825, 4826, 4827, 4828, 4829, 4830, 4831, 4832, 4833, 
    4834, 4835, 4836, 4837, 4838, 4839, 4840, 4841, 4842, 4843, 4844, 4845, 
    4846, 4847, 4848, 4849, 4850, 4851, 4852, 4853, 4854, 4855, 4856, 4857, 
    4858, 4859, 4860, 7536, 7537, 7538, 7539, 7540, 7601, 7602, 7603, 7604, 
    7605, 7666, 7667, 7668, 7669, 7670, 7731, 7732, 7733, 7734, 7735, 7796, 
    7797, 7798, 7799, 7800, 61, 62, 63, 64, 65, 126, 127, 128, 129, 130, 191, 
    192, 193, 194, 195, 256, 257, 258, 259, 260, 321, 322, 323, 324, 325, 
    386, 387, 388, 389, 390, 451, 452, 453, 454, 455, 516, 517, 518, 519, 
    520, 581, 582, 583, 584, 585, 646, 647, 648, 649, 650, 687, 688, 689, 
    726, 727, 728, 765, 766, 767, 804, 805, 806, 843, 844, 845, 882, 883, 
    884, 921, 922, 923, 960, 961, 962, 999, 1000, 1001, 1038, 1039, 1040, 
    8126, 8127, 8128, 8129, 8130, 8191, 8192, 8193, 8194, 8195, 8256, 8257, 
    8258, 8259, 8260, 8321, 8322, 8323, 8324, 8325, 8386, 8387, 8388, 8389, 
    8390, 6821, 6822, 6823, 6824, 6825, 6886, 6887, 6888, 6889, 6890, 6951, 
    6952, 6953, 6954, 6955, 4421, 4422, 4423, 4424, 4425, 4426, 4427, 4428, 
    4429, 4430, 4551, 4552, 4553, 4554, 4555, 4556, 4557, 4558, 4559, 4560, 
    4681, 4682, 4683, 4684, 4685, 4686, 4687, 4688, 4689, 4690, 6111, 6112, 
    6113, 6114, 6115, 6176, 6177, 6178, 6179, 6180, 6241, 6242, 6243, 6244, 
    6245, 6306, 6307, 6308, 6309, 6310, 6371, 6372, 6373, 6374, 6375, 6436, 
    6437, 6438, 6439, 6440, 6501, 6502, 6503, 6504, 6505, 6566, 6567, 6568, 
    6569, 6570, 6631, 6632, 6633, 6634, 6635, 6696, 6697, 6698, 6699, 6700, 
    2081, 2082, 2083, 2084, 2085, 2146, 2147, 2148, 2149, 2150, 2211, 2212, 
    2213, 2214, 2215, 2276, 2277, 2278, 2279, 2280, 2341, 2342, 2343, 2344, 
    2345, 2406, 2407, 2408, 2409, 2410, 2471, 2472, 2473, 2474, 2475, 2536, 
    2537, 2538, 2539, 2540, 2601, 2602, 2603, 2604, 2605, 2666, 2667, 2668, 
    2669, 2670 ;

 side_ss3 = 5, 5, 5, 5, 5, 5, 5, 5, 5, 5, 5, 5, 5, 5, 5, 5, 5, 5, 5, 5, 5, 5, 
    5, 5, 5, 5, 5, 5, 5, 5, 5, 5, 5, 5, 5, 5, 5, 5, 5, 5, 5, 5, 5, 5, 5, 5, 
    5, 5, 5, 5, 3, 3, 3, 3, 3, 3, 3, 3, 3, 3, 3, 3, 3, 3, 3, 3, 3, 3, 3, 3, 
    3, 3, 3, 3, 3, 3, 3, 3, 3, 3, 3, 3, 3, 3, 3, 3, 3, 3, 3, 3, 3, 3, 3, 3, 
    3, 3, 3, 3, 3, 3, 3, 3, 3, 3, 3, 3, 3, 3, 3, 3, 3, 3, 3, 3, 3, 3, 3, 3, 
    3, 3, 3, 3, 3, 3, 3, 3, 3, 3, 3, 3, 3, 3, 3, 3, 3, 3, 3, 3, 3, 3, 3, 3, 
    3, 3, 3, 3, 3, 3, 3, 3, 3, 3, 3, 3, 3, 1, 1, 1, 1, 1, 1, 1, 1, 1, 1, 1, 
    1, 1, 1, 1, 1, 1, 1, 1, 1, 1, 1, 1, 1, 1, 3, 3, 3, 3, 3, 3, 3, 3, 3, 3, 
    3, 3, 3, 3, 3, 1, 1, 1, 1, 1, 1, 1, 1, 1, 1, 1, 1, 1, 1, 1, 1, 1, 1, 1, 
    1, 1, 1, 1, 1, 1, 1, 1, 1, 1, 1, 1, 1, 1, 1, 1, 1, 1, 1, 1, 1, 1, 1, 1, 
    1, 1, 1, 1, 1, 1, 1, 1, 1, 1, 1, 1, 1, 1, 1, 1, 1, 1, 1, 1, 1, 1, 1, 1, 
    1, 1, 1, 1, 1, 1, 1, 1, 1, 1, 1, 1, 1, 1, 1, 1, 1, 1, 1, 1, 1, 1, 1, 1, 
    1, 1, 1, 1, 1, 1, 1, 1, 1, 1, 1, 1, 1, 1, 1, 1, 1, 1, 1, 1, 1, 1, 1, 1, 
    1, 1, 1, 1, 1, 1, 1, 1, 1, 1, 1, 1, 1, 1, 1 ;

 dist_fact_ss3 = 1, 1, 1, 1, 1, 1, 1, 1, 1, 1, 1, 1, 1, 1, 1, 1, 1, 1, 1, 1, 
    1, 1, 1, 1, 1, 1, 1, 1, 1, 1, 1, 1, 1, 1, 1, 1, 1, 1, 1, 1, 1, 1, 1, 1, 
    1, 1, 1, 1, 1, 1, 1, 1, 1, 1, 1, 1, 1, 1, 1, 1, 1, 1, 1, 1, 1, 1, 1, 1, 
    1, 1, 1, 1, 1, 1, 1, 1, 1, 1, 1, 1, 1, 1, 1, 1, 1, 1, 1, 1, 1, 1, 1, 1, 
    1, 1, 1, 1, 1, 1, 1, 1, 1, 1, 1, 1, 1, 1, 1, 1, 1, 1, 1, 1, 1, 1, 1, 1, 
    1, 1, 1, 1, 1, 1, 1, 1, 1, 1, 1, 1, 1, 1, 1, 1, 1, 1, 1, 1, 1, 1, 1, 1, 
    1, 1, 1, 1, 1, 1, 1, 1, 1, 1, 1, 1, 1, 1, 1, 1, 1, 1, 1, 1, 1, 1, 1, 1, 
    1, 1, 1, 1, 1, 1, 1, 1, 1, 1, 1, 1, 1, 1, 1, 1, 1, 1, 1, 1, 1, 1, 1, 1, 
    1, 1, 1, 1, 1, 1, 1, 1, 1, 1, 1, 1, 1, 1, 1, 1, 1, 1, 1, 1, 1, 1, 1, 1, 
    1, 1, 1, 1, 1, 1, 1, 1, 1, 1, 1, 1, 1, 1, 1, 1, 1, 1, 1, 1, 1, 1, 1, 1, 
    1, 1, 1, 1, 1, 1, 1, 1, 1, 1, 1, 1, 1, 1, 1, 1, 1, 1, 1, 1, 1, 1, 1, 1, 
    1, 1, 1, 1, 1, 1, 1, 1, 1, 1, 1, 1, 1, 1, 1, 1, 1, 1, 1, 1, 1, 1, 1, 1, 
    1, 1, 1, 1, 1, 1, 1, 1, 1, 1, 1, 1, 1, 1, 1, 1, 1, 1, 1, 1, 1, 1, 1, 1, 
    1, 1, 1, 1, 1, 1, 1, 1, 1, 1, 1, 1, 1, 1, 1, 1, 1, 1, 1, 1, 1, 1, 1, 1, 
    1, 1, 1, 1, 1, 1, 1, 1, 1, 1, 1, 1, 1, 1, 1, 1, 1, 1, 1, 1, 1, 1, 1, 1, 
    1, 1, 1, 1, 1, 1, 1, 1, 1, 1, 1, 1, 1, 1, 1, 1, 1, 1, 1, 1, 1, 1, 1, 1, 
    1, 1, 1, 1, 1, 1, 1, 1, 1, 1, 1, 1, 1, 1, 1, 1, 1, 1, 1, 1, 1, 1, 1, 1, 
    1, 1, 1, 1, 1, 1, 1, 1, 1, 1, 1, 1, 1, 1, 1, 1, 1, 1, 1, 1, 1, 1, 1, 1, 
    1, 1, 1, 1, 1, 1, 1, 1, 1, 1, 1, 1, 1, 1, 1, 1, 1, 1, 1, 1, 1, 1, 1, 1, 
    1, 1, 1, 1, 1, 1, 1, 1, 1, 1, 1, 1, 1, 1, 1, 1, 1, 1, 1, 1, 1, 1, 1, 1, 
    1, 1, 1, 1, 1, 1, 1, 1, 1, 1, 1, 1, 1, 1, 1, 1, 1, 1, 1, 1, 1, 1, 1, 1, 
    1, 1, 1, 1, 1, 1, 1, 1, 1, 1, 1, 1, 1, 1, 1, 1, 1, 1, 1, 1, 1, 1, 1, 1, 
    1, 1, 1, 1, 1, 1, 1, 1, 1, 1, 1, 1, 1, 1, 1, 1, 1, 1, 1, 1, 1, 1, 1, 1, 
    1, 1, 1, 1, 1, 1, 1, 1, 1, 1, 1, 1, 1, 1, 1, 1, 1, 1, 1, 1, 1, 1, 1, 1, 
    1, 1, 1, 1, 1, 1, 1, 1, 1, 1, 1, 1, 1, 1, 1, 1, 1, 1, 1, 1, 1, 1, 1, 1, 
    1, 1, 1, 1, 1, 1, 1, 1, 1, 1, 1, 1, 1, 1, 1, 1, 1, 1, 1, 1, 1, 1, 1, 1, 
    1, 1, 1, 1, 1, 1, 1, 1, 1, 1, 1, 1, 1, 1, 1, 1, 1, 1, 1, 1, 1, 1, 1, 1, 
    1, 1, 1, 1, 1, 1, 1, 1, 1, 1, 1, 1, 1, 1, 1, 1, 1, 1, 1, 1, 1, 1, 1, 1, 
    1, 1, 1, 1, 1, 1, 1, 1, 1, 1, 1, 1, 1, 1, 1, 1, 1, 1, 1, 1, 1, 1, 1, 1, 
    1, 1, 1, 1, 1, 1, 1, 1, 1, 1, 1, 1, 1, 1, 1, 1, 1, 1, 1, 1, 1, 1, 1, 1, 
    1, 1, 1, 1, 1, 1, 1, 1, 1, 1, 1, 1, 1, 1, 1, 1, 1, 1, 1, 1, 1, 1, 1, 1, 
    1, 1, 1, 1, 1, 1, 1, 1, 1, 1, 1, 1, 1, 1, 1, 1, 1, 1, 1, 1, 1, 1, 1, 1, 
    1, 1, 1, 1, 1, 1, 1, 1, 1, 1, 1, 1, 1, 1, 1, 1, 1, 1, 1, 1, 1, 1, 1, 1, 
    1, 1, 1, 1, 1, 1, 1, 1, 1, 1, 1, 1, 1, 1, 1, 1, 1, 1, 1, 1, 1, 1, 1, 1, 
    1, 1, 1, 1, 1, 1, 1, 1, 1, 1, 1, 1, 1, 1, 1, 1, 1, 1, 1, 1, 1, 1, 1, 1, 
    1, 1, 1, 1, 1, 1, 1, 1, 1, 1, 1, 1, 1, 1, 1, 1, 1, 1, 1, 1, 1, 1, 1, 1, 
    1, 1, 1, 1, 1, 1, 1, 1, 1, 1, 1, 1, 1, 1, 1, 1, 1, 1, 1, 1, 1, 1, 1, 1, 
    1, 1, 1, 1, 1, 1, 1, 1, 1, 1, 1, 1, 1, 1, 1, 1, 1, 1, 1, 1, 1, 1, 1, 1, 
    1, 1, 1, 1, 1, 1, 1, 1, 1, 1, 1, 1, 1, 1, 1, 1, 1, 1, 1, 1, 1, 1, 1, 1, 
    1, 1, 1, 1, 1, 1, 1, 1, 1, 1, 1, 1, 1, 1, 1, 1, 1, 1, 1, 1, 1, 1, 1, 1, 
    1, 1, 1, 1, 1, 1, 1, 1, 1, 1, 1, 1, 1, 1, 1, 1, 1, 1, 1, 1, 1, 1, 1, 1, 
    1, 1, 1, 1, 1, 1, 1, 1, 1, 1, 1, 1, 1, 1, 1, 1, 1, 1, 1, 1, 1, 1, 1, 1, 
    1, 1, 1, 1, 1, 1, 1, 1, 1, 1, 1, 1, 1, 1, 1, 1, 1, 1, 1, 1, 1, 1, 1, 1, 
    1, 1, 1, 1, 1, 1, 1, 1, 1, 1, 1, 1, 1, 1, 1, 1, 1, 1, 1, 1, 1, 1, 1, 1, 
    1, 1, 1, 1, 1, 1, 1, 1, 1, 1, 1, 1, 1, 1, 1, 1, 1, 1, 1, 1, 1, 1, 1, 1, 
    1, 1, 1, 1, 1, 1, 1, 1, 1, 1, 1, 1, 1, 1, 1, 1, 1, 1, 1, 1, 1, 1, 1, 1, 
    1, 1, 1, 1, 1, 1, 1, 1, 1, 1, 1, 1, 1, 1, 1, 1, 1, 1, 1, 1, 1, 1, 1, 1, 
    1, 1, 1, 1, 1, 1, 1, 1, 1, 1, 1, 1, 1, 1, 1, 1, 1, 1, 1, 1, 1, 1, 1, 1, 
    1, 1, 1, 1, 1, 1, 1, 1, 1, 1, 1, 1, 1, 1, 1, 1, 1, 1, 1, 1, 1, 1, 1, 1, 
    1, 1, 1, 1, 1, 1, 1, 1, 1, 1, 1, 1, 1, 1, 1, 1, 1, 1, 1, 1, 1, 1, 1, 1, 
    1, 1, 1, 1, 1, 1, 1, 1, 1, 1, 1, 1, 1, 1, 1, 1, 1, 1, 1, 1, 1, 1, 1, 1, 
    1, 1, 1, 1, 1, 1, 1, 1, 1, 1, 1, 1, 1, 1, 1, 1, 1, 1, 1, 1, 1, 1, 1, 1, 
    1, 1, 1, 1, 1, 1, 1, 1, 1, 1, 1, 1, 1, 1, 1, 1, 1, 1, 1, 1, 1, 1, 1, 1, 
    1, 1, 1, 1, 1, 1, 1, 1, 1, 1, 1, 1, 1, 1, 1, 1, 1, 1, 1, 1, 1, 1, 1, 1, 
    1, 1, 1, 1, 1, 1, 1, 1 ;

 elem_ss4 = 5521, 5522, 5523, 5524, 5525, 5586, 5587, 5588, 5589, 5590, 5651, 
    5652, 5653, 5654, 5655, 5716, 5717, 5718, 5719, 5720, 5781, 5782, 5783, 
    5784, 5785, 5846, 5847, 5848, 5849, 5850, 5911, 5912, 5913, 5914, 5915, 
    5976, 5977, 5978, 5979, 5980, 6041, 6042, 6043, 6044, 6045, 6106, 6107, 
    6108, 6109, 6110, 2731, 2732, 2733, 2734, 2735, 2736, 2737, 2738, 2739, 
    2740, 2741, 2742, 2743, 2744, 2745, 2746, 2747, 2748, 2749, 2750, 2751, 
    2752, 2753, 2754, 2755, 2756, 2757, 2758, 2759, 2760, 2761, 2762, 2763, 
    2764, 2765, 2766, 2767, 2768, 2769, 2770, 2771, 2772, 2773, 2774, 2775, 
    2776, 2777, 2778, 2779, 2780, 7813, 7826, 7839, 7852, 7865, 7878, 7891, 
    7904, 7917, 7930, 7943, 7956, 7969, 7982, 7995, 8008, 8021, 8034, 8047, 
    8060, 8073, 8086, 8099, 8112, 8125, 6956, 6957, 6958, 6959, 6960, 7021, 
    7022, 7023, 7024, 7025, 7086, 7087, 7088, 7089, 7090, 1691, 1692, 1693, 
    1730, 1731, 1732, 1769, 1770, 1771, 1808, 1809, 1810, 1847, 1848, 1849, 
    1886, 1887, 1888, 1925, 1926, 1927, 1964, 1965, 1966, 2003, 2004, 2005, 
    2042, 2043, 2044, 1041, 1042, 1043, 1044, 1045, 1106, 1107, 1108, 1109, 
    1110, 1171, 1172, 1173, 1174, 1175, 1236, 1237, 1238, 1239, 1240, 1301, 
    1302, 1303, 1304, 1305, 1366, 1367, 1368, 1369, 1370, 1431, 1432, 1433, 
    1434, 1435, 1496, 1497, 1498, 1499, 1500, 1561, 1562, 1563, 1564, 1565, 
    1626, 1627, 1628, 1629, 1630, 7151, 7152, 7153, 7154, 7155, 7216, 7217, 
    7218, 7219, 7220, 7281, 7282, 7283, 7284, 7285, 7346, 7347, 7348, 7349, 
    7350, 7411, 7412, 7413, 7414, 7415, 3381, 3382, 3383, 3384, 3385, 3446, 
    3447, 3448, 3449, 3450, 3511, 3512, 3513, 3514, 3515, 3576, 3577, 3578, 
    3579, 3580, 3641, 3642, 3643, 3644, 3645, 3706, 3707, 3708, 3709, 3710, 
    3771, 3772, 3773, 3774, 3775, 3836, 3837, 3838, 3839, 3840, 3901, 3902, 
    3903, 3904, 3905, 3966, 3967, 3968, 3969, 3970, 4151, 4152, 4153, 4154, 
    4155, 4156, 4157, 4158, 4159, 4160, 4281, 4282, 4283, 4284, 4285, 4286, 
    4287, 4288, 4289, 4290, 4411, 4412, 4413, 4414, 4415, 4416, 4417, 4418, 
    4419, 4420 ;

 side_ss4 = 3, 3, 3, 3, 3, 3, 3, 3, 3, 3, 3, 3, 3, 3, 3, 3, 3, 3, 3, 3, 3, 3, 
    3, 3, 3, 3, 3, 3, 3, 3, 3, 3, 3, 3, 3, 3, 3, 3, 3, 3, 3, 3, 3, 3, 3, 3, 
    3, 3, 3, 3, 5, 5, 5, 5, 5, 5, 5, 5, 5, 5, 5, 5, 5, 5, 5, 5, 5, 5, 5, 5, 
    5, 5, 5, 5, 5, 5, 5, 5, 5, 5, 5, 5, 5, 5, 5, 5, 5, 5, 5, 5, 5, 5, 5, 5, 
    5, 5, 5, 5, 5, 5, 2, 2, 2, 2, 2, 2, 2, 2, 2, 2, 2, 2, 2, 2, 2, 2, 2, 2, 
    2, 2, 2, 2, 2, 2, 2, 1, 1, 1, 1, 1, 1, 1, 1, 1, 1, 1, 1, 1, 1, 1, 1, 1, 
    1, 1, 1, 1, 1, 1, 1, 1, 1, 1, 1, 1, 1, 1, 1, 1, 1, 1, 1, 1, 1, 1, 1, 1, 
    1, 1, 1, 1, 1, 1, 1, 1, 1, 1, 1, 1, 1, 1, 1, 1, 1, 1, 1, 1, 1, 1, 1, 1, 
    1, 1, 1, 1, 1, 1, 1, 1, 1, 1, 1, 1, 1, 1, 1, 1, 1, 1, 1, 1, 1, 1, 1, 1, 
    1, 1, 1, 1, 1, 1, 1, 1, 1, 1, 1, 1, 1, 1, 1, 1, 1, 1, 1, 1, 1, 1, 1, 1, 
    1, 1, 1, 1, 1, 1, 1, 1, 1, 1, 1, 1, 1, 1, 1, 1, 1, 1, 1, 1, 1, 1, 1, 1, 
    1, 1, 1, 1, 1, 1, 1, 1, 1, 1, 1, 1, 1, 1, 1, 1, 1, 1, 1, 1, 1, 1, 1, 1, 
    1, 1, 1, 1, 1, 1, 1, 1, 1, 3, 3, 3, 3, 3, 3, 3, 3, 3, 3, 3, 3, 3, 3, 3, 
    3, 3, 3, 3, 3, 3, 3, 3, 3, 3, 3, 3, 3, 3, 3 ;

 dist_fact_ss4 = 1, 1, 1, 1, 1, 1, 1, 1, 1, 1, 1, 1, 1, 1, 1, 1, 1, 1, 1, 1, 
    1, 1, 1, 1, 1, 1, 1, 1, 1, 1, 1, 1, 1, 1, 1, 1, 1, 1, 1, 1, 1, 1, 1, 1, 
    1, 1, 1, 1, 1, 1, 1, 1, 1, 1, 1, 1, 1, 1, 1, 1, 1, 1, 1, 1, 1, 1, 1, 1, 
    1, 1, 1, 1, 1, 1, 1, 1, 1, 1, 1, 1, 1, 1, 1, 1, 1, 1, 1, 1, 1, 1, 1, 1, 
    1, 1, 1, 1, 1, 1, 1, 1, 1, 1, 1, 1, 1, 1, 1, 1, 1, 1, 1, 1, 1, 1, 1, 1, 
    1, 1, 1, 1, 1, 1, 1, 1, 1, 1, 1, 1, 1, 1, 1, 1, 1, 1, 1, 1, 1, 1, 1, 1, 
    1, 1, 1, 1, 1, 1, 1, 1, 1, 1, 1, 1, 1, 1, 1, 1, 1, 1, 1, 1, 1, 1, 1, 1, 
    1, 1, 1, 1, 1, 1, 1, 1, 1, 1, 1, 1, 1, 1, 1, 1, 1, 1, 1, 1, 1, 1, 1, 1, 
    1, 1, 1, 1, 1, 1, 1, 1, 1, 1, 1, 1, 1, 1, 1, 1, 1, 1, 1, 1, 1, 1, 1, 1, 
    1, 1, 1, 1, 1, 1, 1, 1, 1, 1, 1, 1, 1, 1, 1, 1, 1, 1, 1, 1, 1, 1, 1, 1, 
    1, 1, 1, 1, 1, 1, 1, 1, 1, 1, 1, 1, 1, 1, 1, 1, 1, 1, 1, 1, 1, 1, 1, 1, 
    1, 1, 1, 1, 1, 1, 1, 1, 1, 1, 1, 1, 1, 1, 1, 1, 1, 1, 1, 1, 1, 1, 1, 1, 
    1, 1, 1, 1, 1, 1, 1, 1, 1, 1, 1, 1, 1, 1, 1, 1, 1, 1, 1, 1, 1, 1, 1, 1, 
    1, 1, 1, 1, 1, 1, 1, 1, 1, 1, 1, 1, 1, 1, 1, 1, 1, 1, 1, 1, 1, 1, 1, 1, 
    1, 1, 1, 1, 1, 1, 1, 1, 1, 1, 1, 1, 1, 1, 1, 1, 1, 1, 1, 1, 1, 1, 1, 1, 
    1, 1, 1, 1, 1, 1, 1, 1, 1, 1, 1, 1, 1, 1, 1, 1, 1, 1, 1, 1, 1, 1, 1, 1, 
    1, 1, 1, 1, 1, 1, 1, 1, 1, 1, 1, 1, 1, 1, 1, 1, 1, 1, 1, 1, 1, 1, 1, 1, 
    1, 1, 1, 1, 1, 1, 1, 1, 1, 1, 1, 1, 1, 1, 1, 1, 1, 1, 1, 1, 1, 1, 1, 1, 
    1, 1, 1, 1, 1, 1, 1, 1, 1, 1, 1, 1, 1, 1, 1, 1, 1, 1, 1, 1, 1, 1, 1, 1, 
    1, 1, 1, 1, 1, 1, 1, 1, 1, 1, 1, 1, 1, 1, 1, 1, 1, 1, 1, 1, 1, 1, 1, 1, 
    1, 1, 1, 1, 1, 1, 1, 1, 1, 1, 1, 1, 1, 1, 1, 1, 1, 1, 1, 1, 1, 1, 1, 1, 
    1, 1, 1, 1, 1, 1, 1, 1, 1, 1, 1, 1, 1, 1, 1, 1, 1, 1, 1, 1, 1, 1, 1, 1, 
    1, 1, 1, 1, 1, 1, 1, 1, 1, 1, 1, 1, 1, 1, 1, 1, 1, 1, 1, 1, 1, 1, 1, 1, 
    1, 1, 1, 1, 1, 1, 1, 1, 1, 1, 1, 1, 1, 1, 1, 1, 1, 1, 1, 1, 1, 1, 1, 1, 
    1, 1, 1, 1, 1, 1, 1, 1, 1, 1, 1, 1, 1, 1, 1, 1, 1, 1, 1, 1, 1, 1, 1, 1, 
    1, 1, 1, 1, 1, 1, 1, 1, 1, 1, 1, 1, 1, 1, 1, 1, 1, 1, 1, 1, 1, 1, 1, 1, 
    1, 1, 1, 1, 1, 1, 1, 1, 1, 1, 1, 1, 1, 1, 1, 1, 1, 1, 1, 1, 1, 1, 1, 1, 
    1, 1, 1, 1, 1, 1, 1, 1, 1, 1, 1, 1, 1, 1, 1, 1, 1, 1, 1, 1, 1, 1, 1, 1, 
    1, 1, 1, 1, 1, 1, 1, 1, 1, 1, 1, 1, 1, 1, 1, 1, 1, 1, 1, 1, 1, 1, 1, 1, 
    1, 1, 1, 1, 1, 1, 1, 1, 1, 1, 1, 1, 1, 1, 1, 1, 1, 1, 1, 1, 1, 1, 1, 1, 
    1, 1, 1, 1, 1, 1, 1, 1, 1, 1, 1, 1, 1, 1, 1, 1, 1, 1, 1, 1, 1, 1, 1, 1, 
    1, 1, 1, 1, 1, 1, 1, 1, 1, 1, 1, 1, 1, 1, 1, 1, 1, 1, 1, 1, 1, 1, 1, 1, 
    1, 1, 1, 1, 1, 1, 1, 1, 1, 1, 1, 1, 1, 1, 1, 1, 1, 1, 1, 1, 1, 1, 1, 1, 
    1, 1, 1, 1, 1, 1, 1, 1, 1, 1, 1, 1, 1, 1, 1, 1, 1, 1, 1, 1, 1, 1, 1, 1, 
    1, 1, 1, 1, 1, 1, 1, 1, 1, 1, 1, 1, 1, 1, 1, 1, 1, 1, 1, 1, 1, 1, 1, 1, 
    1, 1, 1, 1, 1, 1, 1, 1, 1, 1, 1, 1, 1, 1, 1, 1, 1, 1, 1, 1, 1, 1, 1, 1, 
    1, 1, 1, 1, 1, 1, 1, 1, 1, 1, 1, 1, 1, 1, 1, 1, 1, 1, 1, 1, 1, 1, 1, 1, 
    1, 1, 1, 1, 1, 1, 1, 1, 1, 1, 1, 1, 1, 1, 1, 1, 1, 1, 1, 1, 1, 1, 1, 1, 
    1, 1, 1, 1, 1, 1, 1, 1, 1, 1, 1, 1, 1, 1, 1, 1, 1, 1, 1, 1, 1, 1, 1, 1, 
    1, 1, 1, 1, 1, 1, 1, 1, 1, 1, 1, 1, 1, 1, 1, 1, 1, 1, 1, 1, 1, 1, 1, 1, 
    1, 1, 1, 1, 1, 1, 1, 1, 1, 1, 1, 1, 1, 1, 1, 1, 1, 1, 1, 1, 1, 1, 1, 1, 
    1, 1, 1, 1, 1, 1, 1, 1, 1, 1, 1, 1, 1, 1, 1, 1, 1, 1, 1, 1, 1, 1, 1, 1, 
    1, 1, 1, 1, 1, 1, 1, 1, 1, 1, 1, 1, 1, 1, 1, 1, 1, 1, 1, 1, 1, 1, 1, 1, 
    1, 1, 1, 1, 1, 1, 1, 1, 1, 1, 1, 1, 1, 1, 1, 1, 1, 1, 1, 1, 1, 1, 1, 1, 
    1, 1, 1, 1, 1, 1, 1, 1, 1, 1, 1, 1, 1, 1, 1, 1, 1, 1, 1, 1, 1, 1, 1, 1, 
    1, 1, 1, 1, 1, 1, 1, 1, 1, 1, 1, 1, 1, 1, 1, 1, 1, 1, 1, 1, 1, 1, 1, 1, 
    1, 1, 1, 1, 1, 1, 1, 1, 1, 1, 1, 1, 1, 1, 1, 1, 1, 1, 1, 1, 1, 1, 1, 1, 
    1, 1, 1, 1, 1, 1, 1, 1, 1, 1, 1, 1, 1, 1, 1, 1, 1, 1, 1, 1, 1, 1, 1, 1, 
    1, 1, 1, 1, 1, 1, 1, 1, 1, 1, 1, 1, 1, 1, 1, 1, 1, 1, 1, 1, 1, 1, 1, 1, 
    1, 1, 1, 1, 1, 1, 1, 1, 1, 1, 1, 1, 1, 1, 1, 1, 1, 1, 1, 1, 1, 1, 1, 1, 
    1, 1, 1, 1, 1, 1, 1, 1, 1, 1, 1, 1, 1, 1, 1, 1, 1, 1, 1, 1, 1, 1, 1, 1, 
    1, 1, 1, 1, 1, 1, 1, 1, 1, 1, 1, 1, 1, 1, 1, 1, 1, 1, 1, 1, 1, 1, 1, 1, 
    1, 1, 1, 1, 1, 1, 1, 1, 1, 1, 1, 1, 1, 1, 1, 1, 1, 1, 1, 1, 1, 1, 1, 1, 
    1, 1, 1, 1, 1, 1, 1, 1, 1, 1, 1, 1, 1, 1, 1, 1, 1, 1, 1, 1, 1, 1, 1, 1, 
    1, 1, 1, 1, 1, 1, 1, 1 ;

 elem_ss5 = 2740, 2750, 2760, 2770, 2780, 2790, 2800, 2810, 2820, 2830, 2840, 
    2850, 2860, 2870, 2880, 2890, 2900, 2910, 2920, 2930, 2940, 2950, 2960, 
    2970, 2980, 2990, 3000, 3010, 3020, 3030, 3040, 3050, 3060, 3070, 3080, 
    3090, 3100, 3110, 3120, 3130, 3140, 3150, 3160, 3170, 3180, 3190, 3200, 
    3210, 3220, 3230, 3240, 3250, 3260, 3270, 3280, 3290, 3300, 3310, 3320, 
    3330, 3340, 3350, 3360, 3370, 3380, 2081, 2082, 2083, 2084, 2085, 2086, 
    2087, 2088, 2089, 2090, 2091, 2092, 2093, 2094, 2095, 2096, 2097, 2098, 
    2099, 2100, 2101, 2102, 2103, 2104, 2105, 2106, 2107, 2108, 2109, 2110, 
    2111, 2112, 2113, 2114, 2115, 2116, 2117, 2118, 2119, 2120, 2121, 2122, 
    2123, 2124, 2125, 2126, 2127, 2128, 2129, 2130, 2131, 2132, 2133, 2134, 
    2135, 2136, 2137, 2138, 2139, 2140, 2141, 2142, 2143, 2144, 2145, 651, 
    652, 653, 654, 655, 656, 657, 658, 659, 660, 661, 662, 663, 664, 665, 
    666, 667, 668, 669, 670, 671, 672, 673, 674, 675, 676, 677, 678, 679, 
    680, 681, 682, 683, 684, 685, 686, 687, 688, 689, 1, 2, 3, 4, 5, 6, 7, 8, 
    9, 10, 11, 12, 13, 14, 15, 16, 17, 18, 19, 20, 21, 22, 23, 24, 25, 26, 
    27, 28, 29, 30, 31, 32, 33, 34, 35, 36, 37, 38, 39, 40, 41, 42, 43, 44, 
    45, 46, 47, 48, 49, 50, 51, 52, 53, 54, 55, 56, 57, 58, 59, 60, 61, 62, 
    63, 64, 65, 1041, 1042, 1043, 1044, 1045, 1046, 1047, 1048, 1049, 1050, 
    1051, 1052, 1053, 1054, 1055, 1056, 1057, 1058, 1059, 1060, 1061, 1062, 
    1063, 1064, 1065, 1066, 1067, 1068, 1069, 1070, 1071, 1072, 1073, 1074, 
    1075, 1076, 1077, 1078, 1079, 1080, 1081, 1082, 1083, 1084, 1085, 1086, 
    1087, 1088, 1089, 1090, 1091, 1092, 1093, 1094, 1095, 1096, 1097, 1098, 
    1099, 1100, 1101, 1102, 1103, 1104, 1105, 1691, 1692, 1693, 1694, 1695, 
    1696, 1697, 1698, 1699, 1700, 1701, 1702, 1703, 1704, 1705, 1706, 1707, 
    1708, 1709, 1710, 1711, 1712, 1713, 1714, 1715, 1716, 1717, 1718, 1719, 
    1720, 1721, 1722, 1723, 1724, 1725, 1726, 1727, 1728, 1729 ;

 side_ss5 = 2, 2, 2, 2, 2, 2, 2, 2, 2, 2, 2, 2, 2, 2, 2, 2, 2, 2, 2, 2, 2, 2, 
    2, 2, 2, 2, 2, 2, 2, 2, 2, 2, 2, 2, 2, 2, 2, 2, 2, 2, 2, 2, 2, 2, 2, 2, 
    2, 2, 2, 2, 2, 2, 2, 2, 2, 2, 2, 2, 2, 2, 2, 2, 2, 2, 2, 5, 5, 5, 5, 5, 
    5, 5, 5, 5, 5, 5, 5, 5, 5, 5, 5, 5, 5, 5, 5, 5, 5, 5, 5, 5, 5, 5, 5, 5, 
    5, 5, 5, 5, 5, 5, 5, 5, 5, 5, 5, 5, 5, 5, 5, 5, 5, 5, 5, 5, 5, 5, 5, 5, 
    5, 5, 5, 5, 5, 5, 5, 5, 5, 5, 5, 5, 5, 5, 5, 5, 5, 5, 5, 5, 5, 5, 5, 5, 
    5, 5, 5, 5, 5, 5, 5, 5, 5, 5, 5, 5, 5, 5, 5, 5, 5, 5, 5, 5, 5, 5, 5, 5, 
    5, 5, 5, 5, 5, 5, 5, 5, 5, 5, 5, 5, 5, 5, 5, 5, 5, 5, 5, 5, 5, 5, 5, 5, 
    5, 5, 5, 5, 5, 5, 5, 5, 5, 5, 5, 5, 5, 5, 5, 5, 5, 5, 5, 5, 5, 5, 5, 5, 
    5, 5, 5, 5, 5, 5, 5, 5, 5, 5, 5, 5, 5, 5, 5, 5, 5, 5, 5, 5, 5, 5, 5, 5, 
    5, 5, 5, 5, 5, 5, 5, 5, 5, 5, 5, 5, 5, 5, 5, 5, 5, 5, 5, 5, 5, 5, 5, 5, 
    5, 5, 5, 5, 5, 5, 5, 5, 5, 5, 5, 5, 5, 5, 5, 5, 5, 5, 5, 5, 5, 5, 5, 5, 
    5, 5, 5, 5, 5, 5, 5, 5, 5, 5, 5, 5, 5, 5, 5, 5, 5, 5, 5, 5, 5, 5, 5, 5, 
    5, 5, 5, 5, 5, 5, 5, 5, 5, 5, 5, 5, 5, 5, 5, 5, 5, 5, 5, 5, 5, 5, 5, 5, 
    5, 5, 5, 5 ;

 dist_fact_ss5 = 1, 1, 1, 1, 1, 1, 1, 1, 1, 1, 1, 1, 1, 1, 1, 1, 1, 1, 1, 1, 
    1, 1, 1, 1, 1, 1, 1, 1, 1, 1, 1, 1, 1, 1, 1, 1, 1, 1, 1, 1, 1, 1, 1, 1, 
    1, 1, 1, 1, 1, 1, 1, 1, 1, 1, 1, 1, 1, 1, 1, 1, 1, 1, 1, 1, 1, 1, 1, 1, 
    1, 1, 1, 1, 1, 1, 1, 1, 1, 1, 1, 1, 1, 1, 1, 1, 1, 1, 1, 1, 1, 1, 1, 1, 
    1, 1, 1, 1, 1, 1, 1, 1, 1, 1, 1, 1, 1, 1, 1, 1, 1, 1, 1, 1, 1, 1, 1, 1, 
    1, 1, 1, 1, 1, 1, 1, 1, 1, 1, 1, 1, 1, 1, 1, 1, 1, 1, 1, 1, 1, 1, 1, 1, 
    1, 1, 1, 1, 1, 1, 1, 1, 1, 1, 1, 1, 1, 1, 1, 1, 1, 1, 1, 1, 1, 1, 1, 1, 
    1, 1, 1, 1, 1, 1, 1, 1, 1, 1, 1, 1, 1, 1, 1, 1, 1, 1, 1, 1, 1, 1, 1, 1, 
    1, 1, 1, 1, 1, 1, 1, 1, 1, 1, 1, 1, 1, 1, 1, 1, 1, 1, 1, 1, 1, 1, 1, 1, 
    1, 1, 1, 1, 1, 1, 1, 1, 1, 1, 1, 1, 1, 1, 1, 1, 1, 1, 1, 1, 1, 1, 1, 1, 
    1, 1, 1, 1, 1, 1, 1, 1, 1, 1, 1, 1, 1, 1, 1, 1, 1, 1, 1, 1, 1, 1, 1, 1, 
    1, 1, 1, 1, 1, 1, 1, 1, 1, 1, 1, 1, 1, 1, 1, 1, 1, 1, 1, 1, 1, 1, 1, 1, 
    1, 1, 1, 1, 1, 1, 1, 1, 1, 1, 1, 1, 1, 1, 1, 1, 1, 1, 1, 1, 1, 1, 1, 1, 
    1, 1, 1, 1, 1, 1, 1, 1, 1, 1, 1, 1, 1, 1, 1, 1, 1, 1, 1, 1, 1, 1, 1, 1, 
    1, 1, 1, 1, 1, 1, 1, 1, 1, 1, 1, 1, 1, 1, 1, 1, 1, 1, 1, 1, 1, 1, 1, 1, 
    1, 1, 1, 1, 1, 1, 1, 1, 1, 1, 1, 1, 1, 1, 1, 1, 1, 1, 1, 1, 1, 1, 1, 1, 
    1, 1, 1, 1, 1, 1, 1, 1, 1, 1, 1, 1, 1, 1, 1, 1, 1, 1, 1, 1, 1, 1, 1, 1, 
    1, 1, 1, 1, 1, 1, 1, 1, 1, 1, 1, 1, 1, 1, 1, 1, 1, 1, 1, 1, 1, 1, 1, 1, 
    1, 1, 1, 1, 1, 1, 1, 1, 1, 1, 1, 1, 1, 1, 1, 1, 1, 1, 1, 1, 1, 1, 1, 1, 
    1, 1, 1, 1, 1, 1, 1, 1, 1, 1, 1, 1, 1, 1, 1, 1, 1, 1, 1, 1, 1, 1, 1, 1, 
    1, 1, 1, 1, 1, 1, 1, 1, 1, 1, 1, 1, 1, 1, 1, 1, 1, 1, 1, 1, 1, 1, 1, 1, 
    1, 1, 1, 1, 1, 1, 1, 1, 1, 1, 1, 1, 1, 1, 1, 1, 1, 1, 1, 1, 1, 1, 1, 1, 
    1, 1, 1, 1, 1, 1, 1, 1, 1, 1, 1, 1, 1, 1, 1, 1, 1, 1, 1, 1, 1, 1, 1, 1, 
    1, 1, 1, 1, 1, 1, 1, 1, 1, 1, 1, 1, 1, 1, 1, 1, 1, 1, 1, 1, 1, 1, 1, 1, 
    1, 1, 1, 1, 1, 1, 1, 1, 1, 1, 1, 1, 1, 1, 1, 1, 1, 1, 1, 1, 1, 1, 1, 1, 
    1, 1, 1, 1, 1, 1, 1, 1, 1, 1, 1, 1, 1, 1, 1, 1, 1, 1, 1, 1, 1, 1, 1, 1, 
    1, 1, 1, 1, 1, 1, 1, 1, 1, 1, 1, 1, 1, 1, 1, 1, 1, 1, 1, 1, 1, 1, 1, 1, 
    1, 1, 1, 1, 1, 1, 1, 1, 1, 1, 1, 1, 1, 1, 1, 1, 1, 1, 1, 1, 1, 1, 1, 1, 
    1, 1, 1, 1, 1, 1, 1, 1, 1, 1, 1, 1, 1, 1, 1, 1, 1, 1, 1, 1, 1, 1, 1, 1, 
    1, 1, 1, 1, 1, 1, 1, 1, 1, 1, 1, 1, 1, 1, 1, 1, 1, 1, 1, 1, 1, 1, 1, 1, 
    1, 1, 1, 1, 1, 1, 1, 1, 1, 1, 1, 1, 1, 1, 1, 1, 1, 1, 1, 1, 1, 1, 1, 1, 
    1, 1, 1, 1, 1, 1, 1, 1, 1, 1, 1, 1, 1, 1, 1, 1, 1, 1, 1, 1, 1, 1, 1, 1, 
    1, 1, 1, 1, 1, 1, 1, 1, 1, 1, 1, 1, 1, 1, 1, 1, 1, 1, 1, 1, 1, 1, 1, 1, 
    1, 1, 1, 1, 1, 1, 1, 1, 1, 1, 1, 1, 1, 1, 1, 1, 1, 1, 1, 1, 1, 1, 1, 1, 
    1, 1, 1, 1, 1, 1, 1, 1, 1, 1, 1, 1, 1, 1, 1, 1, 1, 1, 1, 1, 1, 1, 1, 1, 
    1, 1, 1, 1, 1, 1, 1, 1, 1, 1, 1, 1, 1, 1, 1, 1, 1, 1, 1, 1, 1, 1, 1, 1, 
    1, 1, 1, 1, 1, 1, 1, 1, 1, 1, 1, 1, 1, 1, 1, 1, 1, 1, 1, 1, 1, 1, 1, 1, 
    1, 1, 1, 1, 1, 1, 1, 1, 1, 1, 1, 1, 1, 1, 1, 1, 1, 1, 1, 1, 1, 1, 1, 1, 
    1, 1, 1, 1, 1, 1, 1, 1, 1, 1, 1, 1, 1, 1, 1, 1, 1, 1, 1, 1, 1, 1, 1, 1, 
    1, 1, 1, 1, 1, 1, 1, 1, 1, 1, 1, 1, 1, 1, 1, 1, 1, 1, 1, 1, 1, 1, 1, 1, 
    1, 1, 1, 1, 1, 1, 1, 1, 1, 1, 1, 1, 1, 1, 1, 1, 1, 1, 1, 1, 1, 1, 1, 1, 
    1, 1, 1, 1, 1, 1, 1, 1, 1, 1, 1, 1, 1, 1, 1, 1, 1, 1, 1, 1, 1, 1, 1, 1, 
    1, 1, 1, 1, 1, 1, 1, 1, 1, 1, 1, 1, 1, 1, 1, 1, 1, 1, 1, 1, 1, 1, 1, 1, 
    1, 1, 1, 1, 1, 1, 1, 1, 1, 1, 1, 1, 1, 1, 1, 1, 1, 1, 1, 1, 1, 1, 1, 1, 
    1, 1, 1, 1, 1, 1, 1, 1, 1, 1, 1, 1, 1, 1, 1, 1, 1, 1, 1, 1, 1, 1, 1, 1, 
    1, 1, 1, 1, 1, 1, 1, 1, 1, 1, 1, 1, 1, 1, 1, 1, 1, 1, 1, 1, 1, 1, 1, 1, 
    1, 1, 1, 1, 1, 1, 1, 1, 1, 1, 1, 1, 1, 1, 1, 1, 1, 1, 1, 1, 1, 1, 1, 1, 
    1, 1, 1, 1, 1, 1, 1, 1, 1, 1, 1, 1, 1, 1, 1, 1, 1, 1, 1, 1, 1, 1, 1, 1, 
    1, 1, 1, 1, 1, 1, 1, 1, 1, 1, 1, 1, 1, 1, 1, 1, 1, 1, 1, 1, 1, 1, 1, 1, 
    1, 1, 1, 1, 1, 1, 1, 1, 1, 1, 1, 1, 1, 1, 1, 1, 1, 1, 1, 1, 1, 1, 1, 1, 
    1, 1, 1, 1, 1, 1, 1, 1, 1, 1, 1, 1, 1, 1, 1, 1, 1, 1, 1, 1, 1, 1, 1, 1, 
    1, 1, 1, 1, 1, 1, 1, 1, 1, 1, 1, 1, 1, 1, 1, 1, 1, 1, 1, 1, 1, 1, 1, 1, 
    1, 1, 1, 1, 1, 1, 1, 1, 1, 1, 1, 1, 1, 1, 1, 1, 1, 1, 1, 1, 1, 1, 1, 1, 
    1, 1, 1, 1, 1, 1, 1, 1, 1, 1, 1, 1, 1, 1, 1, 1, 1, 1, 1, 1, 1, 1, 1, 1, 
    1, 1, 1, 1, 1, 1, 1, 1, 1, 1, 1, 1, 1, 1, 1, 1, 1, 1, 1, 1, 1, 1, 1, 1, 
    1, 1, 1, 1, 1, 1, 1, 1, 1, 1, 1, 1, 1, 1, 1, 1, 1, 1, 1, 1, 1, 1, 1, 1, 
    1, 1, 1, 1, 1, 1, 1, 1, 1, 1, 1, 1 ;

 elem_ss6 = 6111, 6112, 6113, 6114, 6115, 6116, 6117, 6118, 6119, 6120, 6121, 
    6122, 6123, 6124, 6125, 6126, 6127, 6128, 6129, 6130, 6131, 6132, 6133, 
    6134, 6135, 6136, 6137, 6138, 6139, 6140, 6141, 6142, 6143, 6144, 6145, 
    6146, 6147, 6148, 6149, 6150, 6151, 6152, 6153, 6154, 6155, 6156, 6157, 
    6158, 6159, 6160, 6161, 6162, 6163, 6164, 6165, 6166, 6167, 6168, 6169, 
    6170, 6171, 6172, 6173, 6174, 6175, 5461, 5462, 5463, 5464, 5465, 5466, 
    5467, 5468, 5469, 5470, 5471, 5472, 5473, 5474, 5475, 5476, 5477, 5478, 
    5479, 5480, 5481, 5482, 5483, 5484, 5485, 5486, 5487, 5488, 5489, 5490, 
    5491, 5492, 5493, 5494, 5495, 5496, 5497, 5498, 5499, 5500, 5501, 5502, 
    5503, 5504, 5505, 5506, 5507, 5508, 5509, 5510, 5511, 5512, 5513, 5514, 
    5515, 5516, 5517, 5518, 5519, 5520, 5521, 5522, 5523, 5524, 5525, 3381, 
    3382, 3383, 3384, 3385, 3386, 3387, 3388, 3389, 3390, 3391, 3392, 3393, 
    3394, 3395, 3396, 3397, 3398, 3399, 3400, 3401, 3402, 3403, 3404, 3405, 
    3406, 3407, 3408, 3409, 3410, 3411, 3412, 3413, 3414, 3415, 3416, 3417, 
    3418, 3419, 3420, 3421, 3422, 3423, 3424, 3425, 3426, 3427, 3428, 3429, 
    3430, 3431, 3432, 3433, 3434, 3435, 3436, 3437, 3438, 3439, 3440, 3441, 
    3442, 3443, 3444, 3445, 4040, 4050, 4060, 4070, 4080, 4090, 4100, 4110, 
    4120, 4130, 4140, 4150, 4160, 4170, 4180, 4190, 4200, 4210, 4220, 4230, 
    4240, 4250, 4260, 4270, 4280, 4290, 4300, 4310, 4320, 4330, 4340, 4350, 
    4360, 4370, 4380, 4390, 4400, 4410, 4420, 4820, 4830, 4840, 4850, 4860, 
    4870, 4880, 4890, 4900, 4910, 4920, 4930, 4940, 4950, 4960, 4970, 4980, 
    4990, 5000, 5010, 5020, 5030, 5040, 5050, 5060, 5070, 5080, 5090, 5100, 
    5110, 5120, 5130, 5140, 5150, 5160, 5170, 5180, 5190, 5200, 5210, 5220, 
    5230, 5240, 5250, 5260, 5270, 5280, 5290, 5300, 5310, 5320, 5330, 5340, 
    5350, 5360, 5370, 5380, 5390, 5400, 5410, 5420, 5430, 5440, 5450, 5460, 
    4430, 4440, 4450, 4460, 4470, 4480, 4490, 4500, 4510, 4520, 4530, 4540, 
    4550, 4560, 4570, 4580, 4590, 4600, 4610, 4620, 4630, 4640, 4650, 4660, 
    4670, 4680, 4690, 4700, 4710, 4720, 4730, 4740, 4750, 4760, 4770, 4780, 
    4790, 4800, 4810 ;

 side_ss6 = 5, 5, 5, 5, 5, 5, 5, 5, 5, 5, 5, 5, 5, 5, 5, 5, 5, 5, 5, 5, 5, 5, 
    5, 5, 5, 5, 5, 5, 5, 5, 5, 5, 5, 5, 5, 5, 5, 5, 5, 5, 5, 5, 5, 5, 5, 5, 
    5, 5, 5, 5, 5, 5, 5, 5, 5, 5, 5, 5, 5, 5, 5, 5, 5, 5, 5, 5, 5, 5, 5, 5, 
    5, 5, 5, 5, 5, 5, 5, 5, 5, 5, 5, 5, 5, 5, 5, 5, 5, 5, 5, 5, 5, 5, 5, 5, 
    5, 5, 5, 5, 5, 5, 5, 5, 5, 5, 5, 5, 5, 5, 5, 5, 5, 5, 5, 5, 5, 5, 5, 5, 
    5, 5, 5, 5, 5, 5, 5, 5, 5, 5, 5, 5, 5, 5, 5, 5, 5, 5, 5, 5, 5, 5, 5, 5, 
    5, 5, 5, 5, 5, 5, 5, 5, 5, 5, 5, 5, 5, 5, 5, 5, 5, 5, 5, 5, 5, 5, 5, 5, 
    5, 5, 5, 5, 5, 5, 5, 5, 5, 5, 5, 5, 5, 5, 5, 5, 5, 5, 5, 5, 5, 5, 5, 5, 
    5, 5, 5, 5, 5, 2, 2, 2, 2, 2, 2, 2, 2, 2, 2, 2, 2, 2, 2, 2, 2, 2, 2, 2, 
    2, 2, 2, 2, 2, 2, 2, 2, 2, 2, 2, 2, 2, 2, 2, 2, 2, 2, 2, 2, 2, 2, 2, 2, 
    2, 2, 2, 2, 2, 2, 2, 2, 2, 2, 2, 2, 2, 2, 2, 2, 2, 2, 2, 2, 2, 2, 2, 2, 
    2, 2, 2, 2, 2, 2, 2, 2, 2, 2, 2, 2, 2, 2, 2, 2, 2, 2, 2, 2, 2, 2, 2, 2, 
    2, 2, 2, 2, 2, 2, 2, 2, 2, 2, 2, 2, 2, 2, 2, 2, 2, 2, 2, 2, 2, 2, 2, 2, 
    2, 2, 2, 2, 2, 2, 2, 2, 2, 2, 2, 2, 2, 2, 2, 2, 2, 2, 2, 2, 2, 2, 2, 2, 
    2, 2, 2, 2 ;

 dist_fact_ss6 = 1, 1, 1, 1, 1, 1, 1, 1, 1, 1, 1, 1, 1, 1, 1, 1, 1, 1, 1, 1, 
    1, 1, 1, 1, 1, 1, 1, 1, 1, 1, 1, 1, 1, 1, 1, 1, 1, 1, 1, 1, 1, 1, 1, 1, 
    1, 1, 1, 1, 1, 1, 1, 1, 1, 1, 1, 1, 1, 1, 1, 1, 1, 1, 1, 1, 1, 1, 1, 1, 
    1, 1, 1, 1, 1, 1, 1, 1, 1, 1, 1, 1, 1, 1, 1, 1, 1, 1, 1, 1, 1, 1, 1, 1, 
    1, 1, 1, 1, 1, 1, 1, 1, 1, 1, 1, 1, 1, 1, 1, 1, 1, 1, 1, 1, 1, 1, 1, 1, 
    1, 1, 1, 1, 1, 1, 1, 1, 1, 1, 1, 1, 1, 1, 1, 1, 1, 1, 1, 1, 1, 1, 1, 1, 
    1, 1, 1, 1, 1, 1, 1, 1, 1, 1, 1, 1, 1, 1, 1, 1, 1, 1, 1, 1, 1, 1, 1, 1, 
    1, 1, 1, 1, 1, 1, 1, 1, 1, 1, 1, 1, 1, 1, 1, 1, 1, 1, 1, 1, 1, 1, 1, 1, 
    1, 1, 1, 1, 1, 1, 1, 1, 1, 1, 1, 1, 1, 1, 1, 1, 1, 1, 1, 1, 1, 1, 1, 1, 
    1, 1, 1, 1, 1, 1, 1, 1, 1, 1, 1, 1, 1, 1, 1, 1, 1, 1, 1, 1, 1, 1, 1, 1, 
    1, 1, 1, 1, 1, 1, 1, 1, 1, 1, 1, 1, 1, 1, 1, 1, 1, 1, 1, 1, 1, 1, 1, 1, 
    1, 1, 1, 1, 1, 1, 1, 1, 1, 1, 1, 1, 1, 1, 1, 1, 1, 1, 1, 1, 1, 1, 1, 1, 
    1, 1, 1, 1, 1, 1, 1, 1, 1, 1, 1, 1, 1, 1, 1, 1, 1, 1, 1, 1, 1, 1, 1, 1, 
    1, 1, 1, 1, 1, 1, 1, 1, 1, 1, 1, 1, 1, 1, 1, 1, 1, 1, 1, 1, 1, 1, 1, 1, 
    1, 1, 1, 1, 1, 1, 1, 1, 1, 1, 1, 1, 1, 1, 1, 1, 1, 1, 1, 1, 1, 1, 1, 1, 
    1, 1, 1, 1, 1, 1, 1, 1, 1, 1, 1, 1, 1, 1, 1, 1, 1, 1, 1, 1, 1, 1, 1, 1, 
    1, 1, 1, 1, 1, 1, 1, 1, 1, 1, 1, 1, 1, 1, 1, 1, 1, 1, 1, 1, 1, 1, 1, 1, 
    1, 1, 1, 1, 1, 1, 1, 1, 1, 1, 1, 1, 1, 1, 1, 1, 1, 1, 1, 1, 1, 1, 1, 1, 
    1, 1, 1, 1, 1, 1, 1, 1, 1, 1, 1, 1, 1, 1, 1, 1, 1, 1, 1, 1, 1, 1, 1, 1, 
    1, 1, 1, 1, 1, 1, 1, 1, 1, 1, 1, 1, 1, 1, 1, 1, 1, 1, 1, 1, 1, 1, 1, 1, 
    1, 1, 1, 1, 1, 1, 1, 1, 1, 1, 1, 1, 1, 1, 1, 1, 1, 1, 1, 1, 1, 1, 1, 1, 
    1, 1, 1, 1, 1, 1, 1, 1, 1, 1, 1, 1, 1, 1, 1, 1, 1, 1, 1, 1, 1, 1, 1, 1, 
    1, 1, 1, 1, 1, 1, 1, 1, 1, 1, 1, 1, 1, 1, 1, 1, 1, 1, 1, 1, 1, 1, 1, 1, 
    1, 1, 1, 1, 1, 1, 1, 1, 1, 1, 1, 1, 1, 1, 1, 1, 1, 1, 1, 1, 1, 1, 1, 1, 
    1, 1, 1, 1, 1, 1, 1, 1, 1, 1, 1, 1, 1, 1, 1, 1, 1, 1, 1, 1, 1, 1, 1, 1, 
    1, 1, 1, 1, 1, 1, 1, 1, 1, 1, 1, 1, 1, 1, 1, 1, 1, 1, 1, 1, 1, 1, 1, 1, 
    1, 1, 1, 1, 1, 1, 1, 1, 1, 1, 1, 1, 1, 1, 1, 1, 1, 1, 1, 1, 1, 1, 1, 1, 
    1, 1, 1, 1, 1, 1, 1, 1, 1, 1, 1, 1, 1, 1, 1, 1, 1, 1, 1, 1, 1, 1, 1, 1, 
    1, 1, 1, 1, 1, 1, 1, 1, 1, 1, 1, 1, 1, 1, 1, 1, 1, 1, 1, 1, 1, 1, 1, 1, 
    1, 1, 1, 1, 1, 1, 1, 1, 1, 1, 1, 1, 1, 1, 1, 1, 1, 1, 1, 1, 1, 1, 1, 1, 
    1, 1, 1, 1, 1, 1, 1, 1, 1, 1, 1, 1, 1, 1, 1, 1, 1, 1, 1, 1, 1, 1, 1, 1, 
    1, 1, 1, 1, 1, 1, 1, 1, 1, 1, 1, 1, 1, 1, 1, 1, 1, 1, 1, 1, 1, 1, 1, 1, 
    1, 1, 1, 1, 1, 1, 1, 1, 1, 1, 1, 1, 1, 1, 1, 1, 1, 1, 1, 1, 1, 1, 1, 1, 
    1, 1, 1, 1, 1, 1, 1, 1, 1, 1, 1, 1, 1, 1, 1, 1, 1, 1, 1, 1, 1, 1, 1, 1, 
    1, 1, 1, 1, 1, 1, 1, 1, 1, 1, 1, 1, 1, 1, 1, 1, 1, 1, 1, 1, 1, 1, 1, 1, 
    1, 1, 1, 1, 1, 1, 1, 1, 1, 1, 1, 1, 1, 1, 1, 1, 1, 1, 1, 1, 1, 1, 1, 1, 
    1, 1, 1, 1, 1, 1, 1, 1, 1, 1, 1, 1, 1, 1, 1, 1, 1, 1, 1, 1, 1, 1, 1, 1, 
    1, 1, 1, 1, 1, 1, 1, 1, 1, 1, 1, 1, 1, 1, 1, 1, 1, 1, 1, 1, 1, 1, 1, 1, 
    1, 1, 1, 1, 1, 1, 1, 1, 1, 1, 1, 1, 1, 1, 1, 1, 1, 1, 1, 1, 1, 1, 1, 1, 
    1, 1, 1, 1, 1, 1, 1, 1, 1, 1, 1, 1, 1, 1, 1, 1, 1, 1, 1, 1, 1, 1, 1, 1, 
    1, 1, 1, 1, 1, 1, 1, 1, 1, 1, 1, 1, 1, 1, 1, 1, 1, 1, 1, 1, 1, 1, 1, 1, 
    1, 1, 1, 1, 1, 1, 1, 1, 1, 1, 1, 1, 1, 1, 1, 1, 1, 1, 1, 1, 1, 1, 1, 1, 
    1, 1, 1, 1, 1, 1, 1, 1, 1, 1, 1, 1, 1, 1, 1, 1, 1, 1, 1, 1, 1, 1, 1, 1, 
    1, 1, 1, 1, 1, 1, 1, 1, 1, 1, 1, 1, 1, 1, 1, 1, 1, 1, 1, 1, 1, 1, 1, 1, 
    1, 1, 1, 1, 1, 1, 1, 1, 1, 1, 1, 1, 1, 1, 1, 1, 1, 1, 1, 1, 1, 1, 1, 1, 
    1, 1, 1, 1, 1, 1, 1, 1, 1, 1, 1, 1, 1, 1, 1, 1, 1, 1, 1, 1, 1, 1, 1, 1, 
    1, 1, 1, 1, 1, 1, 1, 1, 1, 1, 1, 1, 1, 1, 1, 1, 1, 1, 1, 1, 1, 1, 1, 1, 
    1, 1, 1, 1, 1, 1, 1, 1, 1, 1, 1, 1, 1, 1, 1, 1, 1, 1, 1, 1, 1, 1, 1, 1, 
    1, 1, 1, 1, 1, 1, 1, 1, 1, 1, 1, 1, 1, 1, 1, 1, 1, 1, 1, 1, 1, 1, 1, 1, 
    1, 1, 1, 1, 1, 1, 1, 1, 1, 1, 1, 1, 1, 1, 1, 1, 1, 1, 1, 1, 1, 1, 1, 1, 
    1, 1, 1, 1, 1, 1, 1, 1, 1, 1, 1, 1, 1, 1, 1, 1, 1, 1, 1, 1, 1, 1, 1, 1, 
    1, 1, 1, 1, 1, 1, 1, 1, 1, 1, 1, 1, 1, 1, 1, 1, 1, 1, 1, 1, 1, 1, 1, 1, 
    1, 1, 1, 1, 1, 1, 1, 1, 1, 1, 1, 1, 1, 1, 1, 1, 1, 1, 1, 1, 1, 1, 1, 1, 
    1, 1, 1, 1, 1, 1, 1, 1, 1, 1, 1, 1, 1, 1, 1, 1, 1, 1, 1, 1, 1, 1, 1, 1, 
    1, 1, 1, 1, 1, 1, 1, 1, 1, 1, 1, 1, 1, 1, 1, 1, 1, 1, 1, 1, 1, 1, 1, 1, 
    1, 1, 1, 1, 1, 1, 1, 1, 1, 1, 1, 1, 1, 1, 1, 1, 1, 1, 1, 1, 1, 1, 1, 1, 
    1, 1, 1, 1, 1, 1, 1, 1, 1, 1, 1, 1 ;

 elem_ss7 = 2081, 2086, 2091, 2096, 2101, 2106, 2111, 2116, 2121, 2126, 2131, 
    2136, 2141, 2146, 2151, 2156, 2161, 2166, 2171, 2176, 2181, 2186, 2191, 
    2196, 2201, 2206, 2211, 2216, 2221, 2226, 2231, 2236, 2241, 2246, 2251, 
    2256, 2261, 2266, 2271, 2276, 2281, 2286, 2291, 2296, 2301, 2306, 2311, 
    2316, 2321, 2326, 2331, 2336, 2341, 2346, 2351, 2356, 2361, 2366, 2371, 
    2376, 2381, 2386, 2391, 2396, 2401, 2406, 2411, 2416, 2421, 2426, 2431, 
    2436, 2441, 2446, 2451, 2456, 2461, 2466, 2471, 2476, 2481, 2486, 2491, 
    2496, 2501, 2506, 2511, 2516, 2521, 2526, 2531, 2536, 2541, 2546, 2551, 
    2556, 2561, 2566, 2571, 2576, 2581, 2586, 2591, 2596, 2601, 2606, 2611, 
    2616, 2621, 2626, 2631, 2636, 2641, 2646, 2651, 2656, 2661, 2666, 2671, 
    2676, 2681, 2686, 2691, 2696, 2701, 2706, 2711, 2716, 2721, 2726, 2731, 
    2732, 2733, 2734, 2735, 2736, 2737, 2738, 2739, 2740, 2781, 2782, 2783, 
    2784, 2785, 2786, 2787, 2788, 2789, 2790, 2831, 2832, 2833, 2834, 2835, 
    2836, 2837, 2838, 2839, 2840, 2881, 2882, 2883, 2884, 2885, 2886, 2887, 
    2888, 2889, 2890, 2931, 2932, 2933, 2934, 2935, 2936, 2937, 2938, 2939, 
    2940, 2981, 2982, 2983, 2984, 2985, 2986, 2987, 2988, 2989, 2990, 3031, 
    3032, 3033, 3034, 3035, 3036, 3037, 3038, 3039, 3040, 3081, 3082, 3083, 
    3084, 3085, 3086, 3087, 3088, 3089, 3090, 3131, 3132, 3133, 3134, 3135, 
    3136, 3137, 3138, 3139, 3140, 3181, 3182, 3183, 3184, 3185, 3186, 3187, 
    3188, 3189, 3190, 3231, 3232, 3233, 3234, 3235, 3236, 3237, 3238, 3239, 
    3240, 3281, 3282, 3283, 3284, 3285, 3286, 3287, 3288, 3289, 3290, 3331, 
    3332, 3333, 3334, 3335, 3336, 3337, 3338, 3339, 3340, 7801, 7802, 7803, 
    7804, 7805, 7806, 7807, 7808, 7809, 7810, 7811, 7812, 7813, 7866, 7867, 
    7868, 7869, 7870, 7871, 7872, 7873, 7874, 7875, 7876, 7877, 7878, 7931, 
    7932, 7933, 7934, 7935, 7936, 7937, 7938, 7939, 7940, 7941, 7942, 7943, 
    7996, 7997, 7998, 7999, 8000, 8001, 8002, 8003, 8004, 8005, 8006, 8007, 
    8008, 8061, 8062, 8063, 8064, 8065, 8066, 8067, 8068, 8069, 8070, 8071, 
    8072, 8073, 5465, 5470, 5475, 5480, 5485, 5490, 5495, 5500, 5505, 5510, 
    5515, 5520, 5525, 5530, 5535, 5540, 5545, 5550, 5555, 5560, 5565, 5570, 
    5575, 5580, 5585, 5590, 5595, 5600, 5605, 5610, 5615, 5620, 5625, 5630, 
    5635, 5640, 5645, 5650, 5655, 5660, 5665, 5670, 5675, 5680, 5685, 5690, 
    5695, 5700, 5705, 5710, 5715, 5720, 5725, 5730, 5735, 5740, 5745, 5750, 
    5755, 5760, 5765, 5770, 5775, 5780, 5785, 5790, 5795, 5800, 5805, 5810, 
    5815, 5820, 5825, 5830, 5835, 5840, 5845, 5850, 5855, 5860, 5865, 5870, 
    5875, 5880, 5885, 5890, 5895, 5900, 5905, 5910, 5915, 5920, 5925, 5930, 
    5935, 5940, 5945, 5950, 5955, 5960, 5965, 5970, 5975, 5980, 5985, 5990, 
    5995, 6000, 6005, 6010, 6015, 6020, 6025, 6030, 6035, 6040, 6045, 6050, 
    6055, 6060, 6065, 6070, 6075, 6080, 6085, 6090, 6095, 6100, 6105, 6110, 
    6115, 6120, 6125, 6130, 6135, 6140, 6145, 6150, 6155, 6160, 6165, 6170, 
    6175, 6180, 6185, 6190, 6195, 6200, 6205, 6210, 6215, 6220, 6225, 6230, 
    6235, 6240, 6245, 6250, 6255, 6260, 6265, 6270, 6275, 6280, 6285, 6290, 
    6295, 6300, 6305, 6310, 6315, 6320, 6325, 6330, 6335, 6340, 6345, 6350, 
    6355, 6360, 6365, 6370, 6375, 6380, 6385, 6390, 6395, 6400, 6405, 6410, 
    6415, 6420, 6425, 6430, 6435, 6440, 6445, 6450, 6455, 6460, 6465, 6470, 
    6475, 6480, 6485, 6490, 6495, 6500, 6505, 6510, 6515, 6520, 6525, 6530, 
    6535, 6540, 6545, 6550, 6555, 6560, 6565, 6570, 6575, 6580, 6585, 6590, 
    6595, 6600, 6605, 6610, 6615, 6620, 6625, 6630, 6635, 6640, 6645, 6650, 
    6655, 6660, 6665, 6670, 6675, 6680, 6685, 6690, 6695, 6700, 6705, 6710, 
    6715, 6720, 6725, 6730, 6735, 6740, 6745, 6750, 6755, 6760, 8386, 8387, 
    8388, 8389, 8390, 8391, 8392, 8393, 8394, 8395, 8396, 8397, 8398, 8399, 
    8400, 8401, 8402, 8403, 8404, 8405, 8406, 8407, 8408, 8409, 8410, 8411, 
    8412, 8413, 8414, 8415, 8416, 8417, 8418, 8419, 8420, 8421, 8422, 8423, 
    8424, 8425, 8426, 8427, 8428, 8429, 8430, 8431, 8432, 8433, 8434, 8435, 
    8436, 8437, 8438, 8439, 8440, 8441, 8442, 8443, 8444, 8445, 8446, 8447, 
    8448, 8449, 8450 ;

 side_ss7 = 4, 4, 4, 4, 4, 4, 4, 4, 4, 4, 4, 4, 4, 4, 4, 4, 4, 4, 4, 4, 4, 4, 
    4, 4, 4, 4, 4, 4, 4, 4, 4, 4, 4, 4, 4, 4, 4, 4, 4, 4, 4, 4, 4, 4, 4, 4, 
    4, 4, 4, 4, 4, 4, 4, 4, 4, 4, 4, 4, 4, 4, 4, 4, 4, 4, 4, 4, 4, 4, 4, 4, 
    4, 4, 4, 4, 4, 4, 4, 4, 4, 4, 4, 4, 4, 4, 4, 4, 4, 4, 4, 4, 4, 4, 4, 4, 
    4, 4, 4, 4, 4, 4, 4, 4, 4, 4, 4, 4, 4, 4, 4, 4, 4, 4, 4, 4, 4, 4, 4, 4, 
    4, 4, 4, 4, 4, 4, 4, 4, 4, 4, 4, 4, 1, 1, 1, 1, 1, 1, 1, 1, 1, 1, 1, 1, 
    1, 1, 1, 1, 1, 1, 1, 1, 1, 1, 1, 1, 1, 1, 1, 1, 1, 1, 1, 1, 1, 1, 1, 1, 
    1, 1, 1, 1, 1, 1, 1, 1, 1, 1, 1, 1, 1, 1, 1, 1, 1, 1, 1, 1, 1, 1, 1, 1, 
    1, 1, 1, 1, 1, 1, 1, 1, 1, 1, 1, 1, 1, 1, 1, 1, 1, 1, 1, 1, 1, 1, 1, 1, 
    1, 1, 1, 1, 1, 1, 1, 1, 1, 1, 1, 1, 1, 1, 1, 1, 1, 1, 1, 1, 1, 1, 1, 1, 
    1, 1, 1, 1, 1, 1, 1, 1, 1, 1, 1, 1, 1, 1, 1, 1, 1, 1, 1, 1, 1, 1, 1, 1, 
    1, 1, 1, 1, 1, 1, 1, 1, 1, 1, 1, 1, 1, 1, 1, 1, 1, 1, 1, 1, 1, 1, 1, 1, 
    1, 1, 1, 1, 1, 1, 1, 1, 1, 1, 1, 1, 1, 1, 1, 1, 1, 1, 1, 1, 1, 1, 1, 1, 
    1, 1, 1, 1, 1, 1, 1, 1, 1, 1, 1, 1, 1, 1, 1, 2, 2, 2, 2, 2, 2, 2, 2, 2, 
    2, 2, 2, 2, 2, 2, 2, 2, 2, 2, 2, 2, 2, 2, 2, 2, 2, 2, 2, 2, 2, 2, 2, 2, 
    2, 2, 2, 2, 2, 2, 2, 2, 2, 2, 2, 2, 2, 2, 2, 2, 2, 2, 2, 2, 2, 2, 2, 2, 
    2, 2, 2, 2, 2, 2, 2, 2, 2, 2, 2, 2, 2, 2, 2, 2, 2, 2, 2, 2, 2, 2, 2, 2, 
    2, 2, 2, 2, 2, 2, 2, 2, 2, 2, 2, 2, 2, 2, 2, 2, 2, 2, 2, 2, 2, 2, 2, 2, 
    2, 2, 2, 2, 2, 2, 2, 2, 2, 2, 2, 2, 2, 2, 2, 2, 2, 2, 2, 2, 2, 2, 2, 2, 
    2, 2, 2, 2, 2, 2, 2, 2, 2, 2, 2, 2, 2, 2, 2, 2, 2, 2, 2, 2, 2, 2, 2, 2, 
    2, 2, 2, 2, 2, 2, 2, 2, 2, 2, 2, 2, 2, 2, 2, 2, 2, 2, 2, 2, 2, 2, 2, 2, 
    2, 2, 2, 2, 2, 2, 2, 2, 2, 2, 2, 2, 2, 2, 2, 2, 2, 2, 2, 2, 2, 2, 2, 2, 
    2, 2, 2, 2, 2, 2, 2, 2, 2, 2, 2, 2, 2, 2, 2, 2, 2, 2, 2, 2, 2, 2, 2, 2, 
    2, 2, 2, 2, 2, 2, 2, 2, 2, 2, 2, 2, 2, 2, 2, 2, 2, 2, 2, 2, 2, 2, 2, 2, 
    2, 2, 2, 2, 2, 2, 2, 2, 2, 2, 2, 6, 6, 6, 6, 6, 6, 6, 6, 6, 6, 6, 6, 6, 
    6, 6, 6, 6, 6, 6, 6, 6, 6, 6, 6, 6, 6, 6, 6, 6, 6, 6, 6, 6, 6, 6, 6, 6, 
    6, 6, 6, 6, 6, 6, 6, 6, 6, 6, 6, 6, 6, 6, 6, 6, 6, 6, 6, 6, 6, 6, 6, 6, 
    6, 6, 6, 6 ;

 dist_fact_ss7 = 1, 1, 1, 1, 1, 1, 1, 1, 1, 1, 1, 1, 1, 1, 1, 1, 1, 1, 1, 1, 
    1, 1, 1, 1, 1, 1, 1, 1, 1, 1, 1, 1, 1, 1, 1, 1, 1, 1, 1, 1, 1, 1, 1, 1, 
    1, 1, 1, 1, 1, 1, 1, 1, 1, 1, 1, 1, 1, 1, 1, 1, 1, 1, 1, 1, 1, 1, 1, 1, 
    1, 1, 1, 1, 1, 1, 1, 1, 1, 1, 1, 1, 1, 1, 1, 1, 1, 1, 1, 1, 1, 1, 1, 1, 
    1, 1, 1, 1, 1, 1, 1, 1, 1, 1, 1, 1, 1, 1, 1, 1, 1, 1, 1, 1, 1, 1, 1, 1, 
    1, 1, 1, 1, 1, 1, 1, 1, 1, 1, 1, 1, 1, 1, 1, 1, 1, 1, 1, 1, 1, 1, 1, 1, 
    1, 1, 1, 1, 1, 1, 1, 1, 1, 1, 1, 1, 1, 1, 1, 1, 1, 1, 1, 1, 1, 1, 1, 1, 
    1, 1, 1, 1, 1, 1, 1, 1, 1, 1, 1, 1, 1, 1, 1, 1, 1, 1, 1, 1, 1, 1, 1, 1, 
    1, 1, 1, 1, 1, 1, 1, 1, 1, 1, 1, 1, 1, 1, 1, 1, 1, 1, 1, 1, 1, 1, 1, 1, 
    1, 1, 1, 1, 1, 1, 1, 1, 1, 1, 1, 1, 1, 1, 1, 1, 1, 1, 1, 1, 1, 1, 1, 1, 
    1, 1, 1, 1, 1, 1, 1, 1, 1, 1, 1, 1, 1, 1, 1, 1, 1, 1, 1, 1, 1, 1, 1, 1, 
    1, 1, 1, 1, 1, 1, 1, 1, 1, 1, 1, 1, 1, 1, 1, 1, 1, 1, 1, 1, 1, 1, 1, 1, 
    1, 1, 1, 1, 1, 1, 1, 1, 1, 1, 1, 1, 1, 1, 1, 1, 1, 1, 1, 1, 1, 1, 1, 1, 
    1, 1, 1, 1, 1, 1, 1, 1, 1, 1, 1, 1, 1, 1, 1, 1, 1, 1, 1, 1, 1, 1, 1, 1, 
    1, 1, 1, 1, 1, 1, 1, 1, 1, 1, 1, 1, 1, 1, 1, 1, 1, 1, 1, 1, 1, 1, 1, 1, 
    1, 1, 1, 1, 1, 1, 1, 1, 1, 1, 1, 1, 1, 1, 1, 1, 1, 1, 1, 1, 1, 1, 1, 1, 
    1, 1, 1, 1, 1, 1, 1, 1, 1, 1, 1, 1, 1, 1, 1, 1, 1, 1, 1, 1, 1, 1, 1, 1, 
    1, 1, 1, 1, 1, 1, 1, 1, 1, 1, 1, 1, 1, 1, 1, 1, 1, 1, 1, 1, 1, 1, 1, 1, 
    1, 1, 1, 1, 1, 1, 1, 1, 1, 1, 1, 1, 1, 1, 1, 1, 1, 1, 1, 1, 1, 1, 1, 1, 
    1, 1, 1, 1, 1, 1, 1, 1, 1, 1, 1, 1, 1, 1, 1, 1, 1, 1, 1, 1, 1, 1, 1, 1, 
    1, 1, 1, 1, 1, 1, 1, 1, 1, 1, 1, 1, 1, 1, 1, 1, 1, 1, 1, 1, 1, 1, 1, 1, 
    1, 1, 1, 1, 1, 1, 1, 1, 1, 1, 1, 1, 1, 1, 1, 1, 1, 1, 1, 1, 1, 1, 1, 1, 
    1, 1, 1, 1, 1, 1, 1, 1, 1, 1, 1, 1, 1, 1, 1, 1, 1, 1, 1, 1, 1, 1, 1, 1, 
    1, 1, 1, 1, 1, 1, 1, 1, 1, 1, 1, 1, 1, 1, 1, 1, 1, 1, 1, 1, 1, 1, 1, 1, 
    1, 1, 1, 1, 1, 1, 1, 1, 1, 1, 1, 1, 1, 1, 1, 1, 1, 1, 1, 1, 1, 1, 1, 1, 
    1, 1, 1, 1, 1, 1, 1, 1, 1, 1, 1, 1, 1, 1, 1, 1, 1, 1, 1, 1, 1, 1, 1, 1, 
    1, 1, 1, 1, 1, 1, 1, 1, 1, 1, 1, 1, 1, 1, 1, 1, 1, 1, 1, 1, 1, 1, 1, 1, 
    1, 1, 1, 1, 1, 1, 1, 1, 1, 1, 1, 1, 1, 1, 1, 1, 1, 1, 1, 1, 1, 1, 1, 1, 
    1, 1, 1, 1, 1, 1, 1, 1, 1, 1, 1, 1, 1, 1, 1, 1, 1, 1, 1, 1, 1, 1, 1, 1, 
    1, 1, 1, 1, 1, 1, 1, 1, 1, 1, 1, 1, 1, 1, 1, 1, 1, 1, 1, 1, 1, 1, 1, 1, 
    1, 1, 1, 1, 1, 1, 1, 1, 1, 1, 1, 1, 1, 1, 1, 1, 1, 1, 1, 1, 1, 1, 1, 1, 
    1, 1, 1, 1, 1, 1, 1, 1, 1, 1, 1, 1, 1, 1, 1, 1, 1, 1, 1, 1, 1, 1, 1, 1, 
    1, 1, 1, 1, 1, 1, 1, 1, 1, 1, 1, 1, 1, 1, 1, 1, 1, 1, 1, 1, 1, 1, 1, 1, 
    1, 1, 1, 1, 1, 1, 1, 1, 1, 1, 1, 1, 1, 1, 1, 1, 1, 1, 1, 1, 1, 1, 1, 1, 
    1, 1, 1, 1, 1, 1, 1, 1, 1, 1, 1, 1, 1, 1, 1, 1, 1, 1, 1, 1, 1, 1, 1, 1, 
    1, 1, 1, 1, 1, 1, 1, 1, 1, 1, 1, 1, 1, 1, 1, 1, 1, 1, 1, 1, 1, 1, 1, 1, 
    1, 1, 1, 1, 1, 1, 1, 1, 1, 1, 1, 1, 1, 1, 1, 1, 1, 1, 1, 1, 1, 1, 1, 1, 
    1, 1, 1, 1, 1, 1, 1, 1, 1, 1, 1, 1, 1, 1, 1, 1, 1, 1, 1, 1, 1, 1, 1, 1, 
    1, 1, 1, 1, 1, 1, 1, 1, 1, 1, 1, 1, 1, 1, 1, 1, 1, 1, 1, 1, 1, 1, 1, 1, 
    1, 1, 1, 1, 1, 1, 1, 1, 1, 1, 1, 1, 1, 1, 1, 1, 1, 1, 1, 1, 1, 1, 1, 1, 
    1, 1, 1, 1, 1, 1, 1, 1, 1, 1, 1, 1, 1, 1, 1, 1, 1, 1, 1, 1, 1, 1, 1, 1, 
    1, 1, 1, 1, 1, 1, 1, 1, 1, 1, 1, 1, 1, 1, 1, 1, 1, 1, 1, 1, 1, 1, 1, 1, 
    1, 1, 1, 1, 1, 1, 1, 1, 1, 1, 1, 1, 1, 1, 1, 1, 1, 1, 1, 1, 1, 1, 1, 1, 
    1, 1, 1, 1, 1, 1, 1, 1, 1, 1, 1, 1, 1, 1, 1, 1, 1, 1, 1, 1, 1, 1, 1, 1, 
    1, 1, 1, 1, 1, 1, 1, 1, 1, 1, 1, 1, 1, 1, 1, 1, 1, 1, 1, 1, 1, 1, 1, 1, 
    1, 1, 1, 1, 1, 1, 1, 1, 1, 1, 1, 1, 1, 1, 1, 1, 1, 1, 1, 1, 1, 1, 1, 1, 
    1, 1, 1, 1, 1, 1, 1, 1, 1, 1, 1, 1, 1, 1, 1, 1, 1, 1, 1, 1, 1, 1, 1, 1, 
    1, 1, 1, 1, 1, 1, 1, 1, 1, 1, 1, 1, 1, 1, 1, 1, 1, 1, 1, 1, 1, 1, 1, 1, 
    1, 1, 1, 1, 1, 1, 1, 1, 1, 1, 1, 1, 1, 1, 1, 1, 1, 1, 1, 1, 1, 1, 1, 1, 
    1, 1, 1, 1, 1, 1, 1, 1, 1, 1, 1, 1, 1, 1, 1, 1, 1, 1, 1, 1, 1, 1, 1, 1, 
    1, 1, 1, 1, 1, 1, 1, 1, 1, 1, 1, 1, 1, 1, 1, 1, 1, 1, 1, 1, 1, 1, 1, 1, 
    1, 1, 1, 1, 1, 1, 1, 1, 1, 1, 1, 1, 1, 1, 1, 1, 1, 1, 1, 1, 1, 1, 1, 1, 
    1, 1, 1, 1, 1, 1, 1, 1, 1, 1, 1, 1, 1, 1, 1, 1, 1, 1, 1, 1, 1, 1, 1, 1, 
    1, 1, 1, 1, 1, 1, 1, 1, 1, 1, 1, 1, 1, 1, 1, 1, 1, 1, 1, 1, 1, 1, 1, 1, 
    1, 1, 1, 1, 1, 1, 1, 1, 1, 1, 1, 1, 1, 1, 1, 1, 1, 1, 1, 1, 1, 1, 1, 1, 
    1, 1, 1, 1, 1, 1, 1, 1, 1, 1, 1, 1, 1, 1, 1, 1, 1, 1, 1, 1, 1, 1, 1, 1, 
    1, 1, 1, 1, 1, 1, 1, 1, 1, 1, 1, 1, 1, 1, 1, 1, 1, 1, 1, 1, 1, 1, 1, 1, 
    1, 1, 1, 1, 1, 1, 1, 1, 1, 1, 1, 1, 1, 1, 1, 1, 1, 1, 1, 1, 1, 1, 1, 1, 
    1, 1, 1, 1, 1, 1, 1, 1, 1, 1, 1, 1, 1, 1, 1, 1, 1, 1, 1, 1, 1, 1, 1, 1, 
    1, 1, 1, 1, 1, 1, 1, 1, 1, 1, 1, 1, 1, 1, 1, 1, 1, 1, 1, 1, 1, 1, 1, 1, 
    1, 1, 1, 1, 1, 1, 1, 1, 1, 1, 1, 1, 1, 1, 1, 1, 1, 1, 1, 1, 1, 1, 1, 1, 
    1, 1, 1, 1, 1, 1, 1, 1, 1, 1, 1, 1, 1, 1, 1, 1, 1, 1, 1, 1, 1, 1, 1, 1, 
    1, 1, 1, 1, 1, 1, 1, 1, 1, 1, 1, 1, 1, 1, 1, 1, 1, 1, 1, 1, 1, 1, 1, 1, 
    1, 1, 1, 1, 1, 1, 1, 1, 1, 1, 1, 1, 1, 1, 1, 1, 1, 1, 1, 1, 1, 1, 1, 1, 
    1, 1, 1, 1, 1, 1, 1, 1, 1, 1, 1, 1, 1, 1, 1, 1, 1, 1, 1, 1, 1, 1, 1, 1, 
    1, 1, 1, 1, 1, 1, 1, 1, 1, 1, 1, 1, 1, 1, 1, 1, 1, 1, 1, 1, 1, 1, 1, 1, 
    1, 1, 1, 1, 1, 1, 1, 1, 1, 1, 1, 1, 1, 1, 1, 1, 1, 1, 1, 1, 1, 1, 1, 1, 
    1, 1, 1, 1, 1, 1, 1, 1, 1, 1, 1, 1, 1, 1, 1, 1, 1, 1, 1, 1, 1, 1, 1, 1, 
    1, 1, 1, 1, 1, 1, 1, 1, 1, 1, 1, 1, 1, 1, 1, 1, 1, 1, 1, 1, 1, 1, 1, 1, 
    1, 1, 1, 1, 1, 1, 1, 1, 1, 1, 1, 1, 1, 1, 1, 1, 1, 1, 1, 1, 1, 1, 1, 1, 
    1, 1, 1, 1, 1, 1, 1, 1, 1, 1, 1, 1, 1, 1, 1, 1, 1, 1, 1, 1, 1, 1, 1, 1, 
    1, 1, 1, 1, 1, 1, 1, 1, 1, 1, 1, 1, 1, 1, 1, 1, 1, 1, 1, 1, 1, 1, 1, 1, 
    1, 1, 1, 1, 1, 1, 1, 1, 1, 1, 1, 1, 1, 1, 1, 1, 1, 1, 1, 1, 1, 1, 1, 1, 
    1, 1, 1, 1, 1, 1, 1, 1, 1, 1, 1, 1, 1, 1, 1, 1, 1, 1, 1, 1, 1, 1, 1, 1, 
    1, 1, 1, 1, 1, 1, 1, 1, 1, 1, 1, 1, 1, 1, 1, 1, 1, 1, 1, 1, 1, 1, 1, 1, 
    1, 1, 1, 1, 1, 1, 1, 1, 1, 1, 1, 1, 1, 1, 1, 1, 1, 1, 1, 1, 1, 1, 1, 1, 
    1, 1, 1, 1, 1, 1, 1, 1, 1, 1, 1, 1, 1, 1, 1, 1, 1, 1, 1, 1, 1, 1, 1, 1, 
    1, 1, 1, 1, 1, 1, 1, 1, 1, 1, 1, 1, 1, 1, 1, 1, 1, 1, 1, 1, 1, 1, 1, 1, 
    1, 1, 1, 1, 1, 1, 1, 1, 1, 1, 1, 1, 1, 1, 1, 1, 1, 1, 1, 1, 1, 1, 1, 1, 
    1, 1, 1, 1, 1, 1, 1, 1, 1, 1, 1, 1, 1, 1, 1, 1, 1, 1, 1, 1, 1, 1, 1, 1, 
    1, 1, 1, 1, 1, 1, 1, 1, 1, 1, 1, 1, 1, 1, 1, 1, 1, 1, 1, 1, 1, 1, 1, 1, 
    1, 1, 1, 1, 1, 1, 1, 1, 1, 1, 1, 1, 1, 1, 1, 1, 1, 1, 1, 1, 1, 1, 1, 1, 
    1, 1, 1, 1, 1, 1, 1, 1, 1, 1, 1, 1, 1, 1, 1, 1, 1, 1, 1, 1, 1, 1, 1, 1, 
    1, 1, 1, 1, 1, 1, 1, 1, 1, 1, 1, 1, 1, 1, 1, 1, 1, 1, 1, 1, 1, 1, 1, 1, 
    1, 1, 1, 1, 1, 1, 1, 1, 1, 1, 1, 1, 1, 1, 1, 1, 1, 1, 1, 1, 1, 1, 1, 1, 
    1, 1, 1, 1, 1, 1, 1, 1, 1, 1, 1, 1, 1, 1, 1, 1, 1, 1, 1, 1, 1, 1, 1, 1, 
    1, 1, 1, 1, 1, 1, 1, 1, 1, 1, 1, 1, 1, 1, 1, 1, 1, 1, 1, 1, 1, 1, 1, 1, 
    1, 1, 1, 1, 1, 1, 1, 1, 1, 1, 1, 1, 1, 1, 1, 1, 1, 1, 1, 1, 1, 1, 1, 1, 
    1, 1, 1, 1, 1, 1, 1, 1, 1, 1, 1, 1, 1, 1, 1, 1, 1, 1, 1, 1, 1, 1, 1, 1, 
    1, 1, 1, 1, 1, 1, 1, 1, 1, 1, 1, 1, 1, 1, 1, 1, 1, 1, 1, 1, 1, 1, 1, 1, 
    1, 1, 1, 1, 1, 1, 1, 1, 1, 1, 1, 1, 1, 1, 1, 1, 1, 1, 1, 1, 1, 1, 1, 1, 
    1, 1, 1, 1, 1, 1, 1, 1, 1, 1, 1, 1, 1, 1, 1, 1, 1, 1, 1, 1, 1, 1, 1, 1, 
    1, 1, 1, 1, 1, 1, 1, 1, 1, 1, 1, 1, 1, 1, 1, 1, 1, 1, 1, 1, 1, 1, 1, 1, 
    1, 1, 1, 1, 1, 1, 1, 1, 1, 1, 1, 1, 1, 1, 1, 1, 1, 1, 1, 1, 1, 1, 1, 1, 
    1, 1, 1, 1, 1, 1, 1, 1, 1, 1, 1, 1, 1, 1, 1, 1, 1, 1, 1, 1, 1, 1, 1, 1, 
    1, 1, 1, 1, 1, 1, 1, 1, 1, 1, 1, 1, 1, 1, 1, 1, 1, 1, 1, 1, 1, 1, 1, 1, 
    1, 1, 1, 1, 1, 1, 1, 1, 1, 1, 1, 1, 1, 1, 1, 1, 1, 1, 1, 1, 1, 1, 1, 1, 
    1, 1, 1, 1, 1, 1, 1, 1, 1, 1, 1, 1, 1, 1, 1, 1, 1, 1, 1, 1, 1, 1, 1, 1, 
    1, 1, 1, 1, 1, 1, 1, 1, 1, 1, 1, 1, 1, 1, 1, 1, 1, 1, 1, 1, 1, 1, 1, 1, 
    1, 1, 1, 1, 1, 1, 1, 1, 1, 1, 1, 1, 1, 1, 1, 1, 1, 1, 1, 1, 1, 1, 1, 1, 
    1, 1, 1, 1, 1, 1, 1, 1, 1, 1, 1, 1, 1, 1, 1, 1, 1, 1, 1, 1, 1, 1, 1, 1, 
    1, 1, 1, 1, 1, 1, 1, 1, 1, 1, 1, 1, 1, 1, 1, 1, 1, 1, 1, 1, 1, 1, 1, 1, 
    1, 1, 1, 1, 1, 1, 1, 1, 1, 1, 1, 1, 1, 1, 1, 1, 1, 1, 1, 1, 1, 1, 1, 1, 
    1, 1, 1, 1, 1, 1, 1, 1, 1, 1, 1, 1, 1, 1, 1, 1, 1, 1, 1, 1, 1, 1, 1, 1, 
    1, 1, 1, 1, 1, 1, 1, 1, 1, 1, 1, 1, 1, 1, 1, 1, 1, 1, 1, 1, 1, 1, 1, 1, 
    1, 1, 1, 1, 1, 1, 1, 1, 1, 1, 1, 1, 1, 1, 1, 1, 1, 1, 1, 1, 1, 1, 1, 1, 
    1, 1, 1, 1, 1, 1, 1, 1, 1, 1, 1, 1, 1, 1, 1, 1, 1, 1, 1, 1, 1, 1, 1, 1, 
    1, 1, 1, 1, 1, 1, 1, 1, 1, 1, 1, 1, 1, 1, 1, 1, 1, 1, 1, 1, 1, 1, 1, 1, 
    1, 1, 1, 1, 1, 1, 1, 1, 1, 1, 1, 1 ;

 elem_map = 1, 2, 3, 4, 5, 6, 7, 8, 9, 10, 11, 12, 13, 14, 15, 16, 17, 18, 
    19, 20, 21, 22, 23, 24, 25, 26, 27, 28, 29, 30, 31, 32, 33, 34, 35, 36, 
    37, 38, 39, 40, 41, 42, 43, 44, 45, 46, 47, 48, 49, 50, 51, 52, 53, 54, 
    55, 56, 57, 58, 59, 60, 61, 62, 63, 64, 65, 66, 67, 68, 69, 70, 71, 72, 
    73, 74, 75, 76, 77, 78, 79, 80, 81, 82, 83, 84, 85, 86, 87, 88, 89, 90, 
    91, 92, 93, 94, 95, 96, 97, 98, 99, 100, 101, 102, 103, 104, 105, 106, 
    107, 108, 109, 110, 111, 112, 113, 114, 115, 116, 117, 118, 119, 120, 
    121, 122, 123, 124, 125, 126, 127, 128, 129, 130, 131, 132, 133, 134, 
    135, 136, 137, 138, 139, 140, 141, 142, 143, 144, 145, 146, 147, 148, 
    149, 150, 151, 152, 153, 154, 155, 156, 157, 158, 159, 160, 161, 162, 
    163, 164, 165, 166, 167, 168, 169, 170, 171, 172, 173, 174, 175, 176, 
    177, 178, 179, 180, 181, 182, 183, 184, 185, 186, 187, 188, 189, 190, 
    191, 192, 193, 194, 195, 196, 197, 198, 199, 200, 201, 202, 203, 204, 
    205, 206, 207, 208, 209, 210, 211, 212, 213, 214, 215, 216, 217, 218, 
    219, 220, 221, 222, 223, 224, 225, 226, 227, 228, 229, 230, 231, 232, 
    233, 234, 235, 236, 237, 238, 239, 240, 241, 242, 243, 244, 245, 246, 
    247, 248, 249, 250, 251, 252, 253, 254, 255, 256, 257, 258, 259, 260, 
    261, 262, 263, 264, 265, 266, 267, 268, 269, 270, 271, 272, 273, 274, 
    275, 276, 277, 278, 279, 280, 281, 282, 283, 284, 285, 286, 287, 288, 
    289, 290, 291, 292, 293, 294, 295, 296, 297, 298, 299, 300, 301, 302, 
    303, 304, 305, 306, 307, 308, 309, 310, 311, 312, 313, 314, 315, 316, 
    317, 318, 319, 320, 321, 322, 323, 324, 325, 326, 327, 328, 329, 330, 
    331, 332, 333, 334, 335, 336, 337, 338, 339, 340, 341, 342, 343, 344, 
    345, 346, 347, 348, 349, 350, 351, 352, 353, 354, 355, 356, 357, 358, 
    359, 360, 361, 362, 363, 364, 365, 366, 367, 368, 369, 370, 371, 372, 
    373, 374, 375, 376, 377, 378, 379, 380, 381, 382, 383, 384, 385, 386, 
    387, 388, 389, 390, 391, 392, 393, 394, 395, 396, 397, 398, 399, 400, 
    401, 402, 403, 404, 405, 406, 407, 408, 409, 410, 411, 412, 413, 414, 
    415, 416, 417, 418, 419, 420, 421, 422, 423, 424, 425, 426, 427, 428, 
    429, 430, 431, 432, 433, 434, 435, 436, 437, 438, 439, 440, 441, 442, 
    443, 444, 445, 446, 447, 448, 449, 450, 451, 452, 453, 454, 455, 456, 
    457, 458, 459, 460, 461, 462, 463, 464, 465, 466, 467, 468, 469, 470, 
    471, 472, 473, 474, 475, 476, 477, 478, 479, 480, 481, 482, 483, 484, 
    485, 486, 487, 488, 489, 490, 491, 492, 493, 494, 495, 496, 497, 498, 
    499, 500, 501, 502, 503, 504, 505, 506, 507, 508, 509, 510, 511, 512, 
    513, 514, 515, 516, 517, 518, 519, 520, 521, 522, 523, 524, 525, 526, 
    527, 528, 529, 530, 531, 532, 533, 534, 535, 536, 537, 538, 539, 540, 
    541, 542, 543, 544, 545, 546, 547, 548, 549, 550, 551, 552, 553, 554, 
    555, 556, 557, 558, 559, 560, 561, 562, 563, 564, 565, 566, 567, 568, 
    569, 570, 571, 572, 573, 574, 575, 576, 577, 578, 579, 580, 581, 582, 
    583, 584, 585, 586, 587, 588, 589, 590, 591, 592, 593, 594, 595, 596, 
    597, 598, 599, 600, 601, 602, 603, 604, 605, 606, 607, 608, 609, 610, 
    611, 612, 613, 614, 615, 616, 617, 618, 619, 620, 621, 622, 623, 624, 
    625, 626, 627, 628, 629, 630, 631, 632, 633, 634, 635, 636, 637, 638, 
    639, 640, 641, 642, 643, 644, 645, 646, 647, 648, 649, 650, 651, 652, 
    653, 654, 655, 656, 657, 658, 659, 660, 661, 662, 663, 664, 665, 666, 
    667, 668, 669, 670, 671, 672, 673, 674, 675, 676, 677, 678, 679, 680, 
    681, 682, 683, 684, 685, 686, 687, 688, 689, 690, 691, 692, 693, 694, 
    695, 696, 697, 698, 699, 700, 701, 702, 703, 704, 705, 706, 707, 708, 
    709, 710, 711, 712, 713, 714, 715, 716, 717, 718, 719, 720, 721, 722, 
    723, 724, 725, 726, 727, 728, 729, 730, 731, 732, 733, 734, 735, 736, 
    737, 738, 739, 740, 741, 742, 743, 744, 745, 746, 747, 748, 749, 750, 
    751, 752, 753, 754, 755, 756, 757, 758, 759, 760, 761, 762, 763, 764, 
    765, 766, 767, 768, 769, 770, 771, 772, 773, 774, 775, 776, 777, 778, 
    779, 780, 781, 782, 783, 784, 785, 786, 787, 788, 789, 790, 791, 792, 
    793, 794, 795, 796, 797, 798, 799, 800, 801, 802, 803, 804, 805, 806, 
    807, 808, 809, 810, 811, 812, 813, 814, 815, 816, 817, 818, 819, 820, 
    821, 822, 823, 824, 825, 826, 827, 828, 829, 830, 831, 832, 833, 834, 
    835, 836, 837, 838, 839, 840, 841, 842, 843, 844, 845, 846, 847, 848, 
    849, 850, 851, 852, 853, 854, 855, 856, 857, 858, 859, 860, 861, 862, 
    863, 864, 865, 866, 867, 868, 869, 870, 871, 872, 873, 874, 875, 876, 
    877, 878, 879, 880, 881, 882, 883, 884, 885, 886, 887, 888, 889, 890, 
    891, 892, 893, 894, 895, 896, 897, 898, 899, 900, 901, 902, 903, 904, 
    905, 906, 907, 908, 909, 910, 911, 912, 913, 914, 915, 916, 917, 918, 
    919, 920, 921, 922, 923, 924, 925, 926, 927, 928, 929, 930, 931, 932, 
    933, 934, 935, 936, 937, 938, 939, 940, 941, 942, 943, 944, 945, 946, 
    947, 948, 949, 950, 951, 952, 953, 954, 955, 956, 957, 958, 959, 960, 
    961, 962, 963, 964, 965, 966, 967, 968, 969, 970, 971, 972, 973, 974, 
    975, 976, 977, 978, 979, 980, 981, 982, 983, 984, 985, 986, 987, 988, 
    989, 990, 991, 992, 993, 994, 995, 996, 997, 998, 999, 1000, 1001, 1002, 
    1003, 1004, 1005, 1006, 1007, 1008, 1009, 1010, 1011, 1012, 1013, 1014, 
    1015, 1016, 1017, 1018, 1019, 1020, 1021, 1022, 1023, 1024, 1025, 1026, 
    1027, 1028, 1029, 1030, 1031, 1032, 1033, 1034, 1035, 1036, 1037, 1038, 
    1039, 1040, 1041, 1042, 1043, 1044, 1045, 1046, 1047, 1048, 1049, 1050, 
    1051, 1052, 1053, 1054, 1055, 1056, 1057, 1058, 1059, 1060, 1061, 1062, 
    1063, 1064, 1065, 1066, 1067, 1068, 1069, 1070, 1071, 1072, 1073, 1074, 
    1075, 1076, 1077, 1078, 1079, 1080, 1081, 1082, 1083, 1084, 1085, 1086, 
    1087, 1088, 1089, 1090, 1091, 1092, 1093, 1094, 1095, 1096, 1097, 1098, 
    1099, 1100, 1101, 1102, 1103, 1104, 1105, 1106, 1107, 1108, 1109, 1110, 
    1111, 1112, 1113, 1114, 1115, 1116, 1117, 1118, 1119, 1120, 1121, 1122, 
    1123, 1124, 1125, 1126, 1127, 1128, 1129, 1130, 1131, 1132, 1133, 1134, 
    1135, 1136, 1137, 1138, 1139, 1140, 1141, 1142, 1143, 1144, 1145, 1146, 
    1147, 1148, 1149, 1150, 1151, 1152, 1153, 1154, 1155, 1156, 1157, 1158, 
    1159, 1160, 1161, 1162, 1163, 1164, 1165, 1166, 1167, 1168, 1169, 1170, 
    1171, 1172, 1173, 1174, 1175, 1176, 1177, 1178, 1179, 1180, 1181, 1182, 
    1183, 1184, 1185, 1186, 1187, 1188, 1189, 1190, 1191, 1192, 1193, 1194, 
    1195, 1196, 1197, 1198, 1199, 1200, 1201, 1202, 1203, 1204, 1205, 1206, 
    1207, 1208, 1209, 1210, 1211, 1212, 1213, 1214, 1215, 1216, 1217, 1218, 
    1219, 1220, 1221, 1222, 1223, 1224, 1225, 1226, 1227, 1228, 1229, 1230, 
    1231, 1232, 1233, 1234, 1235, 1236, 1237, 1238, 1239, 1240, 1241, 1242, 
    1243, 1244, 1245, 1246, 1247, 1248, 1249, 1250, 1251, 1252, 1253, 1254, 
    1255, 1256, 1257, 1258, 1259, 1260, 1261, 1262, 1263, 1264, 1265, 1266, 
    1267, 1268, 1269, 1270, 1271, 1272, 1273, 1274, 1275, 1276, 1277, 1278, 
    1279, 1280, 1281, 1282, 1283, 1284, 1285, 1286, 1287, 1288, 1289, 1290, 
    1291, 1292, 1293, 1294, 1295, 1296, 1297, 1298, 1299, 1300, 1301, 1302, 
    1303, 1304, 1305, 1306, 1307, 1308, 1309, 1310, 1311, 1312, 1313, 1314, 
    1315, 1316, 1317, 1318, 1319, 1320, 1321, 1322, 1323, 1324, 1325, 1326, 
    1327, 1328, 1329, 1330, 1331, 1332, 1333, 1334, 1335, 1336, 1337, 1338, 
    1339, 1340, 1341, 1342, 1343, 1344, 1345, 1346, 1347, 1348, 1349, 1350, 
    1351, 1352, 1353, 1354, 1355, 1356, 1357, 1358, 1359, 1360, 1361, 1362, 
    1363, 1364, 1365, 1366, 1367, 1368, 1369, 1370, 1371, 1372, 1373, 1374, 
    1375, 1376, 1377, 1378, 1379, 1380, 1381, 1382, 1383, 1384, 1385, 1386, 
    1387, 1388, 1389, 1390, 1391, 1392, 1393, 1394, 1395, 1396, 1397, 1398, 
    1399, 1400, 1401, 1402, 1403, 1404, 1405, 1406, 1407, 1408, 1409, 1410, 
    1411, 1412, 1413, 1414, 1415, 1416, 1417, 1418, 1419, 1420, 1421, 1422, 
    1423, 1424, 1425, 1426, 1427, 1428, 1429, 1430, 1431, 1432, 1433, 1434, 
    1435, 1436, 1437, 1438, 1439, 1440, 1441, 1442, 1443, 1444, 1445, 1446, 
    1447, 1448, 1449, 1450, 1451, 1452, 1453, 1454, 1455, 1456, 1457, 1458, 
    1459, 1460, 1461, 1462, 1463, 1464, 1465, 1466, 1467, 1468, 1469, 1470, 
    1471, 1472, 1473, 1474, 1475, 1476, 1477, 1478, 1479, 1480, 1481, 1482, 
    1483, 1484, 1485, 1486, 1487, 1488, 1489, 1490, 1491, 1492, 1493, 1494, 
    1495, 1496, 1497, 1498, 1499, 1500, 1501, 1502, 1503, 1504, 1505, 1506, 
    1507, 1508, 1509, 1510, 1511, 1512, 1513, 1514, 1515, 1516, 1517, 1518, 
    1519, 1520, 1521, 1522, 1523, 1524, 1525, 1526, 1527, 1528, 1529, 1530, 
    1531, 1532, 1533, 1534, 1535, 1536, 1537, 1538, 1539, 1540, 1541, 1542, 
    1543, 1544, 1545, 1546, 1547, 1548, 1549, 1550, 1551, 1552, 1553, 1554, 
    1555, 1556, 1557, 1558, 1559, 1560, 1561, 1562, 1563, 1564, 1565, 1566, 
    1567, 1568, 1569, 1570, 1571, 1572, 1573, 1574, 1575, 1576, 1577, 1578, 
    1579, 1580, 1581, 1582, 1583, 1584, 1585, 1586, 1587, 1588, 1589, 1590, 
    1591, 1592, 1593, 1594, 1595, 1596, 1597, 1598, 1599, 1600, 1601, 1602, 
    1603, 1604, 1605, 1606, 1607, 1608, 1609, 1610, 1611, 1612, 1613, 1614, 
    1615, 1616, 1617, 1618, 1619, 1620, 1621, 1622, 1623, 1624, 1625, 1626, 
    1627, 1628, 1629, 1630, 1631, 1632, 1633, 1634, 1635, 1636, 1637, 1638, 
    1639, 1640, 1641, 1642, 1643, 1644, 1645, 1646, 1647, 1648, 1649, 1650, 
    1651, 1652, 1653, 1654, 1655, 1656, 1657, 1658, 1659, 1660, 1661, 1662, 
    1663, 1664, 1665, 1666, 1667, 1668, 1669, 1670, 1671, 1672, 1673, 1674, 
    1675, 1676, 1677, 1678, 1679, 1680, 1681, 1682, 1683, 1684, 1685, 1686, 
    1687, 1688, 1689, 1690, 1691, 1692, 1693, 1694, 1695, 1696, 1697, 1698, 
    1699, 1700, 1701, 1702, 1703, 1704, 1705, 1706, 1707, 1708, 1709, 1710, 
    1711, 1712, 1713, 1714, 1715, 1716, 1717, 1718, 1719, 1720, 1721, 1722, 
    1723, 1724, 1725, 1726, 1727, 1728, 1729, 1730, 1731, 1732, 1733, 1734, 
    1735, 1736, 1737, 1738, 1739, 1740, 1741, 1742, 1743, 1744, 1745, 1746, 
    1747, 1748, 1749, 1750, 1751, 1752, 1753, 1754, 1755, 1756, 1757, 1758, 
    1759, 1760, 1761, 1762, 1763, 1764, 1765, 1766, 1767, 1768, 1769, 1770, 
    1771, 1772, 1773, 1774, 1775, 1776, 1777, 1778, 1779, 1780, 1781, 1782, 
    1783, 1784, 1785, 1786, 1787, 1788, 1789, 1790, 1791, 1792, 1793, 1794, 
    1795, 1796, 1797, 1798, 1799, 1800, 1801, 1802, 1803, 1804, 1805, 1806, 
    1807, 1808, 1809, 1810, 1811, 1812, 1813, 1814, 1815, 1816, 1817, 1818, 
    1819, 1820, 1821, 1822, 1823, 1824, 1825, 1826, 1827, 1828, 1829, 1830, 
    1831, 1832, 1833, 1834, 1835, 1836, 1837, 1838, 1839, 1840, 1841, 1842, 
    1843, 1844, 1845, 1846, 1847, 1848, 1849, 1850, 1851, 1852, 1853, 1854, 
    1855, 1856, 1857, 1858, 1859, 1860, 1861, 1862, 1863, 1864, 1865, 1866, 
    1867, 1868, 1869, 1870, 1871, 1872, 1873, 1874, 1875, 1876, 1877, 1878, 
    1879, 1880, 1881, 1882, 1883, 1884, 1885, 1886, 1887, 1888, 1889, 1890, 
    1891, 1892, 1893, 1894, 1895, 1896, 1897, 1898, 1899, 1900, 1901, 1902, 
    1903, 1904, 1905, 1906, 1907, 1908, 1909, 1910, 1911, 1912, 1913, 1914, 
    1915, 1916, 1917, 1918, 1919, 1920, 1921, 1922, 1923, 1924, 1925, 1926, 
    1927, 1928, 1929, 1930, 1931, 1932, 1933, 1934, 1935, 1936, 1937, 1938, 
    1939, 1940, 1941, 1942, 1943, 1944, 1945, 1946, 1947, 1948, 1949, 1950, 
    1951, 1952, 1953, 1954, 1955, 1956, 1957, 1958, 1959, 1960, 1961, 1962, 
    1963, 1964, 1965, 1966, 1967, 1968, 1969, 1970, 1971, 1972, 1973, 1974, 
    1975, 1976, 1977, 1978, 1979, 1980, 1981, 1982, 1983, 1984, 1985, 1986, 
    1987, 1988, 1989, 1990, 1991, 1992, 1993, 1994, 1995, 1996, 1997, 1998, 
    1999, 2000, 2001, 2002, 2003, 2004, 2005, 2006, 2007, 2008, 2009, 2010, 
    2011, 2012, 2013, 2014, 2015, 2016, 2017, 2018, 2019, 2020, 2021, 2022, 
    2023, 2024, 2025, 2026, 2027, 2028, 2029, 2030, 2031, 2032, 2033, 2034, 
    2035, 2036, 2037, 2038, 2039, 2040, 2041, 2042, 2043, 2044, 2045, 2046, 
    2047, 2048, 2049, 2050, 2051, 2052, 2053, 2054, 2055, 2056, 2057, 2058, 
    2059, 2060, 2061, 2062, 2063, 2064, 2065, 2066, 2067, 2068, 2069, 2070, 
    2071, 2072, 2073, 2074, 2075, 2076, 2077, 2078, 2079, 2080, 2081, 2082, 
    2083, 2084, 2085, 2086, 2087, 2088, 2089, 2090, 2091, 2092, 2093, 2094, 
    2095, 2096, 2097, 2098, 2099, 2100, 2101, 2102, 2103, 2104, 2105, 2106, 
    2107, 2108, 2109, 2110, 2111, 2112, 2113, 2114, 2115, 2116, 2117, 2118, 
    2119, 2120, 2121, 2122, 2123, 2124, 2125, 2126, 2127, 2128, 2129, 2130, 
    2131, 2132, 2133, 2134, 2135, 2136, 2137, 2138, 2139, 2140, 2141, 2142, 
    2143, 2144, 2145, 2146, 2147, 2148, 2149, 2150, 2151, 2152, 2153, 2154, 
    2155, 2156, 2157, 2158, 2159, 2160, 2161, 2162, 2163, 2164, 2165, 2166, 
    2167, 2168, 2169, 2170, 2171, 2172, 2173, 2174, 2175, 2176, 2177, 2178, 
    2179, 2180, 2181, 2182, 2183, 2184, 2185, 2186, 2187, 2188, 2189, 2190, 
    2191, 2192, 2193, 2194, 2195, 2196, 2197, 2198, 2199, 2200, 2201, 2202, 
    2203, 2204, 2205, 2206, 2207, 2208, 2209, 2210, 2211, 2212, 2213, 2214, 
    2215, 2216, 2217, 2218, 2219, 2220, 2221, 2222, 2223, 2224, 2225, 2226, 
    2227, 2228, 2229, 2230, 2231, 2232, 2233, 2234, 2235, 2236, 2237, 2238, 
    2239, 2240, 2241, 2242, 2243, 2244, 2245, 2246, 2247, 2248, 2249, 2250, 
    2251, 2252, 2253, 2254, 2255, 2256, 2257, 2258, 2259, 2260, 2261, 2262, 
    2263, 2264, 2265, 2266, 2267, 2268, 2269, 2270, 2271, 2272, 2273, 2274, 
    2275, 2276, 2277, 2278, 2279, 2280, 2281, 2282, 2283, 2284, 2285, 2286, 
    2287, 2288, 2289, 2290, 2291, 2292, 2293, 2294, 2295, 2296, 2297, 2298, 
    2299, 2300, 2301, 2302, 2303, 2304, 2305, 2306, 2307, 2308, 2309, 2310, 
    2311, 2312, 2313, 2314, 2315, 2316, 2317, 2318, 2319, 2320, 2321, 2322, 
    2323, 2324, 2325, 2326, 2327, 2328, 2329, 2330, 2331, 2332, 2333, 2334, 
    2335, 2336, 2337, 2338, 2339, 2340, 2341, 2342, 2343, 2344, 2345, 2346, 
    2347, 2348, 2349, 2350, 2351, 2352, 2353, 2354, 2355, 2356, 2357, 2358, 
    2359, 2360, 2361, 2362, 2363, 2364, 2365, 2366, 2367, 2368, 2369, 2370, 
    2371, 2372, 2373, 2374, 2375, 2376, 2377, 2378, 2379, 2380, 2381, 2382, 
    2383, 2384, 2385, 2386, 2387, 2388, 2389, 2390, 2391, 2392, 2393, 2394, 
    2395, 2396, 2397, 2398, 2399, 2400, 2401, 2402, 2403, 2404, 2405, 2406, 
    2407, 2408, 2409, 2410, 2411, 2412, 2413, 2414, 2415, 2416, 2417, 2418, 
    2419, 2420, 2421, 2422, 2423, 2424, 2425, 2426, 2427, 2428, 2429, 2430, 
    2431, 2432, 2433, 2434, 2435, 2436, 2437, 2438, 2439, 2440, 2441, 2442, 
    2443, 2444, 2445, 2446, 2447, 2448, 2449, 2450, 2451, 2452, 2453, 2454, 
    2455, 2456, 2457, 2458, 2459, 2460, 2461, 2462, 2463, 2464, 2465, 2466, 
    2467, 2468, 2469, 2470, 2471, 2472, 2473, 2474, 2475, 2476, 2477, 2478, 
    2479, 2480, 2481, 2482, 2483, 2484, 2485, 2486, 2487, 2488, 2489, 2490, 
    2491, 2492, 2493, 2494, 2495, 2496, 2497, 2498, 2499, 2500, 2501, 2502, 
    2503, 2504, 2505, 2506, 2507, 2508, 2509, 2510, 2511, 2512, 2513, 2514, 
    2515, 2516, 2517, 2518, 2519, 2520, 2521, 2522, 2523, 2524, 2525, 2526, 
    2527, 2528, 2529, 2530, 2531, 2532, 2533, 2534, 2535, 2536, 2537, 2538, 
    2539, 2540, 2541, 2542, 2543, 2544, 2545, 2546, 2547, 2548, 2549, 2550, 
    2551, 2552, 2553, 2554, 2555, 2556, 2557, 2558, 2559, 2560, 2561, 2562, 
    2563, 2564, 2565, 2566, 2567, 2568, 2569, 2570, 2571, 2572, 2573, 2574, 
    2575, 2576, 2577, 2578, 2579, 2580, 2581, 2582, 2583, 2584, 2585, 2586, 
    2587, 2588, 2589, 2590, 2591, 2592, 2593, 2594, 2595, 2596, 2597, 2598, 
    2599, 2600, 2601, 2602, 2603, 2604, 2605, 2606, 2607, 2608, 2609, 2610, 
    2611, 2612, 2613, 2614, 2615, 2616, 2617, 2618, 2619, 2620, 2621, 2622, 
    2623, 2624, 2625, 2626, 2627, 2628, 2629, 2630, 2631, 2632, 2633, 2634, 
    2635, 2636, 2637, 2638, 2639, 2640, 2641, 2642, 2643, 2644, 2645, 2646, 
    2647, 2648, 2649, 2650, 2651, 2652, 2653, 2654, 2655, 2656, 2657, 2658, 
    2659, 2660, 2661, 2662, 2663, 2664, 2665, 2666, 2667, 2668, 2669, 2670, 
    2671, 2672, 2673, 2674, 2675, 2676, 2677, 2678, 2679, 2680, 2681, 2682, 
    2683, 2684, 2685, 2686, 2687, 2688, 2689, 2690, 2691, 2692, 2693, 2694, 
    2695, 2696, 2697, 2698, 2699, 2700, 2701, 2702, 2703, 2704, 2705, 2706, 
    2707, 2708, 2709, 2710, 2711, 2712, 2713, 2714, 2715, 2716, 2717, 2718, 
    2719, 2720, 2721, 2722, 2723, 2724, 2725, 2726, 2727, 2728, 2729, 2730, 
    2731, 2732, 2733, 2734, 2735, 2736, 2737, 2738, 2739, 2740, 2741, 2742, 
    2743, 2744, 2745, 2746, 2747, 2748, 2749, 2750, 2751, 2752, 2753, 2754, 
    2755, 2756, 2757, 2758, 2759, 2760, 2761, 2762, 2763, 2764, 2765, 2766, 
    2767, 2768, 2769, 2770, 2771, 2772, 2773, 2774, 2775, 2776, 2777, 2778, 
    2779, 2780, 2781, 2782, 2783, 2784, 2785, 2786, 2787, 2788, 2789, 2790, 
    2791, 2792, 2793, 2794, 2795, 2796, 2797, 2798, 2799, 2800, 2801, 2802, 
    2803, 2804, 2805, 2806, 2807, 2808, 2809, 2810, 2811, 2812, 2813, 2814, 
    2815, 2816, 2817, 2818, 2819, 2820, 2821, 2822, 2823, 2824, 2825, 2826, 
    2827, 2828, 2829, 2830, 2831, 2832, 2833, 2834, 2835, 2836, 2837, 2838, 
    2839, 2840, 2841, 2842, 2843, 2844, 2845, 2846, 2847, 2848, 2849, 2850, 
    2851, 2852, 2853, 2854, 2855, 2856, 2857, 2858, 2859, 2860, 2861, 2862, 
    2863, 2864, 2865, 2866, 2867, 2868, 2869, 2870, 2871, 2872, 2873, 2874, 
    2875, 2876, 2877, 2878, 2879, 2880, 2881, 2882, 2883, 2884, 2885, 2886, 
    2887, 2888, 2889, 2890, 2891, 2892, 2893, 2894, 2895, 2896, 2897, 2898, 
    2899, 2900, 2901, 2902, 2903, 2904, 2905, 2906, 2907, 2908, 2909, 2910, 
    2911, 2912, 2913, 2914, 2915, 2916, 2917, 2918, 2919, 2920, 2921, 2922, 
    2923, 2924, 2925, 2926, 2927, 2928, 2929, 2930, 2931, 2932, 2933, 2934, 
    2935, 2936, 2937, 2938, 2939, 2940, 2941, 2942, 2943, 2944, 2945, 2946, 
    2947, 2948, 2949, 2950, 2951, 2952, 2953, 2954, 2955, 2956, 2957, 2958, 
    2959, 2960, 2961, 2962, 2963, 2964, 2965, 2966, 2967, 2968, 2969, 2970, 
    2971, 2972, 2973, 2974, 2975, 2976, 2977, 2978, 2979, 2980, 2981, 2982, 
    2983, 2984, 2985, 2986, 2987, 2988, 2989, 2990, 2991, 2992, 2993, 2994, 
    2995, 2996, 2997, 2998, 2999, 3000, 3001, 3002, 3003, 3004, 3005, 3006, 
    3007, 3008, 3009, 3010, 3011, 3012, 3013, 3014, 3015, 3016, 3017, 3018, 
    3019, 3020, 3021, 3022, 3023, 3024, 3025, 3026, 3027, 3028, 3029, 3030, 
    3031, 3032, 3033, 3034, 3035, 3036, 3037, 3038, 3039, 3040, 3041, 3042, 
    3043, 3044, 3045, 3046, 3047, 3048, 3049, 3050, 3051, 3052, 3053, 3054, 
    3055, 3056, 3057, 3058, 3059, 3060, 3061, 3062, 3063, 3064, 3065, 3066, 
    3067, 3068, 3069, 3070, 3071, 3072, 3073, 3074, 3075, 3076, 3077, 3078, 
    3079, 3080, 3081, 3082, 3083, 3084, 3085, 3086, 3087, 3088, 3089, 3090, 
    3091, 3092, 3093, 3094, 3095, 3096, 3097, 3098, 3099, 3100, 3101, 3102, 
    3103, 3104, 3105, 3106, 3107, 3108, 3109, 3110, 3111, 3112, 3113, 3114, 
    3115, 3116, 3117, 3118, 3119, 3120, 3121, 3122, 3123, 3124, 3125, 3126, 
    3127, 3128, 3129, 3130, 3131, 3132, 3133, 3134, 3135, 3136, 3137, 3138, 
    3139, 3140, 3141, 3142, 3143, 3144, 3145, 3146, 3147, 3148, 3149, 3150, 
    3151, 3152, 3153, 3154, 3155, 3156, 3157, 3158, 3159, 3160, 3161, 3162, 
    3163, 3164, 3165, 3166, 3167, 3168, 3169, 3170, 3171, 3172, 3173, 3174, 
    3175, 3176, 3177, 3178, 3179, 3180, 3181, 3182, 3183, 3184, 3185, 3186, 
    3187, 3188, 3189, 3190, 3191, 3192, 3193, 3194, 3195, 3196, 3197, 3198, 
    3199, 3200, 3201, 3202, 3203, 3204, 3205, 3206, 3207, 3208, 3209, 3210, 
    3211, 3212, 3213, 3214, 3215, 3216, 3217, 3218, 3219, 3220, 3221, 3222, 
    3223, 3224, 3225, 3226, 3227, 3228, 3229, 3230, 3231, 3232, 3233, 3234, 
    3235, 3236, 3237, 3238, 3239, 3240, 3241, 3242, 3243, 3244, 3245, 3246, 
    3247, 3248, 3249, 3250, 3251, 3252, 3253, 3254, 3255, 3256, 3257, 3258, 
    3259, 3260, 3261, 3262, 3263, 3264, 3265, 3266, 3267, 3268, 3269, 3270, 
    3271, 3272, 3273, 3274, 3275, 3276, 3277, 3278, 3279, 3280, 3281, 3282, 
    3283, 3284, 3285, 3286, 3287, 3288, 3289, 3290, 3291, 3292, 3293, 3294, 
    3295, 3296, 3297, 3298, 3299, 3300, 3301, 3302, 3303, 3304, 3305, 3306, 
    3307, 3308, 3309, 3310, 3311, 3312, 3313, 3314, 3315, 3316, 3317, 3318, 
    3319, 3320, 3321, 3322, 3323, 3324, 3325, 3326, 3327, 3328, 3329, 3330, 
    3331, 3332, 3333, 3334, 3335, 3336, 3337, 3338, 3339, 3340, 3341, 3342, 
    3343, 3344, 3345, 3346, 3347, 3348, 3349, 3350, 3351, 3352, 3353, 3354, 
    3355, 3356, 3357, 3358, 3359, 3360, 3361, 3362, 3363, 3364, 3365, 3366, 
    3367, 3368, 3369, 3370, 3371, 3372, 3373, 3374, 3375, 3376, 3377, 3378, 
    3379, 3380, 3381, 3382, 3383, 3384, 3385, 3386, 3387, 3388, 3389, 3390, 
    3391, 3392, 3393, 3394, 3395, 3396, 3397, 3398, 3399, 3400, 3401, 3402, 
    3403, 3404, 3405, 3406, 3407, 3408, 3409, 3410, 3411, 3412, 3413, 3414, 
    3415, 3416, 3417, 3418, 3419, 3420, 3421, 3422, 3423, 3424, 3425, 3426, 
    3427, 3428, 3429, 3430, 3431, 3432, 3433, 3434, 3435, 3436, 3437, 3438, 
    3439, 3440, 3441, 3442, 3443, 3444, 3445, 3446, 3447, 3448, 3449, 3450, 
    3451, 3452, 3453, 3454, 3455, 3456, 3457, 3458, 3459, 3460, 3461, 3462, 
    3463, 3464, 3465, 3466, 3467, 3468, 3469, 3470, 3471, 3472, 3473, 3474, 
    3475, 3476, 3477, 3478, 3479, 3480, 3481, 3482, 3483, 3484, 3485, 3486, 
    3487, 3488, 3489, 3490, 3491, 3492, 3493, 3494, 3495, 3496, 3497, 3498, 
    3499, 3500, 3501, 3502, 3503, 3504, 3505, 3506, 3507, 3508, 3509, 3510, 
    3511, 3512, 3513, 3514, 3515, 3516, 3517, 3518, 3519, 3520, 3521, 3522, 
    3523, 3524, 3525, 3526, 3527, 3528, 3529, 3530, 3531, 3532, 3533, 3534, 
    3535, 3536, 3537, 3538, 3539, 3540, 3541, 3542, 3543, 3544, 3545, 3546, 
    3547, 3548, 3549, 3550, 3551, 3552, 3553, 3554, 3555, 3556, 3557, 3558, 
    3559, 3560, 3561, 3562, 3563, 3564, 3565, 3566, 3567, 3568, 3569, 3570, 
    3571, 3572, 3573, 3574, 3575, 3576, 3577, 3578, 3579, 3580, 3581, 3582, 
    3583, 3584, 3585, 3586, 3587, 3588, 3589, 3590, 3591, 3592, 3593, 3594, 
    3595, 3596, 3597, 3598, 3599, 3600, 3601, 3602, 3603, 3604, 3605, 3606, 
    3607, 3608, 3609, 3610, 3611, 3612, 3613, 3614, 3615, 3616, 3617, 3618, 
    3619, 3620, 3621, 3622, 3623, 3624, 3625, 3626, 3627, 3628, 3629, 3630, 
    3631, 3632, 3633, 3634, 3635, 3636, 3637, 3638, 3639, 3640, 3641, 3642, 
    3643, 3644, 3645, 3646, 3647, 3648, 3649, 3650, 3651, 3652, 3653, 3654, 
    3655, 3656, 3657, 3658, 3659, 3660, 3661, 3662, 3663, 3664, 3665, 3666, 
    3667, 3668, 3669, 3670, 3671, 3672, 3673, 3674, 3675, 3676, 3677, 3678, 
    3679, 3680, 3681, 3682, 3683, 3684, 3685, 3686, 3687, 3688, 3689, 3690, 
    3691, 3692, 3693, 3694, 3695, 3696, 3697, 3698, 3699, 3700, 3701, 3702, 
    3703, 3704, 3705, 3706, 3707, 3708, 3709, 3710, 3711, 3712, 3713, 3714, 
    3715, 3716, 3717, 3718, 3719, 3720, 3721, 3722, 3723, 3724, 3725, 3726, 
    3727, 3728, 3729, 3730, 3731, 3732, 3733, 3734, 3735, 3736, 3737, 3738, 
    3739, 3740, 3741, 3742, 3743, 3744, 3745, 3746, 3747, 3748, 3749, 3750, 
    3751, 3752, 3753, 3754, 3755, 3756, 3757, 3758, 3759, 3760, 3761, 3762, 
    3763, 3764, 3765, 3766, 3767, 3768, 3769, 3770, 3771, 3772, 3773, 3774, 
    3775, 3776, 3777, 3778, 3779, 3780, 3781, 3782, 3783, 3784, 3785, 3786, 
    3787, 3788, 3789, 3790, 3791, 3792, 3793, 3794, 3795, 3796, 3797, 3798, 
    3799, 3800, 3801, 3802, 3803, 3804, 3805, 3806, 3807, 3808, 3809, 3810, 
    3811, 3812, 3813, 3814, 3815, 3816, 3817, 3818, 3819, 3820, 3821, 3822, 
    3823, 3824, 3825, 3826, 3827, 3828, 3829, 3830, 3831, 3832, 3833, 3834, 
    3835, 3836, 3837, 3838, 3839, 3840, 3841, 3842, 3843, 3844, 3845, 3846, 
    3847, 3848, 3849, 3850, 3851, 3852, 3853, 3854, 3855, 3856, 3857, 3858, 
    3859, 3860, 3861, 3862, 3863, 3864, 3865, 3866, 3867, 3868, 3869, 3870, 
    3871, 3872, 3873, 3874, 3875, 3876, 3877, 3878, 3879, 3880, 3881, 3882, 
    3883, 3884, 3885, 3886, 3887, 3888, 3889, 3890, 3891, 3892, 3893, 3894, 
    3895, 3896, 3897, 3898, 3899, 3900, 3901, 3902, 3903, 3904, 3905, 3906, 
    3907, 3908, 3909, 3910, 3911, 3912, 3913, 3914, 3915, 3916, 3917, 3918, 
    3919, 3920, 3921, 3922, 3923, 3924, 3925, 3926, 3927, 3928, 3929, 3930, 
    3931, 3932, 3933, 3934, 3935, 3936, 3937, 3938, 3939, 3940, 3941, 3942, 
    3943, 3944, 3945, 3946, 3947, 3948, 3949, 3950, 3951, 3952, 3953, 3954, 
    3955, 3956, 3957, 3958, 3959, 3960, 3961, 3962, 3963, 3964, 3965, 3966, 
    3967, 3968, 3969, 3970, 3971, 3972, 3973, 3974, 3975, 3976, 3977, 3978, 
    3979, 3980, 3981, 3982, 3983, 3984, 3985, 3986, 3987, 3988, 3989, 3990, 
    3991, 3992, 3993, 3994, 3995, 3996, 3997, 3998, 3999, 4000, 4001, 4002, 
    4003, 4004, 4005, 4006, 4007, 4008, 4009, 4010, 4011, 4012, 4013, 4014, 
    4015, 4016, 4017, 4018, 4019, 4020, 4021, 4022, 4023, 4024, 4025, 4026, 
    4027, 4028, 4029, 4030, 4031, 4032, 4033, 4034, 4035, 4036, 4037, 4038, 
    4039, 4040, 4041, 4042, 4043, 4044, 4045, 4046, 4047, 4048, 4049, 4050, 
    4051, 4052, 4053, 4054, 4055, 4056, 4057, 4058, 4059, 4060, 4061, 4062, 
    4063, 4064, 4065, 4066, 4067, 4068, 4069, 4070, 4071, 4072, 4073, 4074, 
    4075, 4076, 4077, 4078, 4079, 4080, 4081, 4082, 4083, 4084, 4085, 4086, 
    4087, 4088, 4089, 4090, 4091, 4092, 4093, 4094, 4095, 4096, 4097, 4098, 
    4099, 4100, 4101, 4102, 4103, 4104, 4105, 4106, 4107, 4108, 4109, 4110, 
    4111, 4112, 4113, 4114, 4115, 4116, 4117, 4118, 4119, 4120, 4121, 4122, 
    4123, 4124, 4125, 4126, 4127, 4128, 4129, 4130, 4131, 4132, 4133, 4134, 
    4135, 4136, 4137, 4138, 4139, 4140, 4141, 4142, 4143, 4144, 4145, 4146, 
    4147, 4148, 4149, 4150, 4151, 4152, 4153, 4154, 4155, 4156, 4157, 4158, 
    4159, 4160, 4161, 4162, 4163, 4164, 4165, 4166, 4167, 4168, 4169, 4170, 
    4171, 4172, 4173, 4174, 4175, 4176, 4177, 4178, 4179, 4180, 4181, 4182, 
    4183, 4184, 4185, 4186, 4187, 4188, 4189, 4190, 4191, 4192, 4193, 4194, 
    4195, 4196, 4197, 4198, 4199, 4200, 4201, 4202, 4203, 4204, 4205, 4206, 
    4207, 4208, 4209, 4210, 4211, 4212, 4213, 4214, 4215, 4216, 4217, 4218, 
    4219, 4220, 4221, 4222, 4223, 4224, 4225, 4226, 4227, 4228, 4229, 4230, 
    4231, 4232, 4233, 4234, 4235, 4236, 4237, 4238, 4239, 4240, 4241, 4242, 
    4243, 4244, 4245, 4246, 4247, 4248, 4249, 4250, 4251, 4252, 4253, 4254, 
    4255, 4256, 4257, 4258, 4259, 4260, 4261, 4262, 4263, 4264, 4265, 4266, 
    4267, 4268, 4269, 4270, 4271, 4272, 4273, 4274, 4275, 4276, 4277, 4278, 
    4279, 4280, 4281, 4282, 4283, 4284, 4285, 4286, 4287, 4288, 4289, 4290, 
    4291, 4292, 4293, 4294, 4295, 4296, 4297, 4298, 4299, 4300, 4301, 4302, 
    4303, 4304, 4305, 4306, 4307, 4308, 4309, 4310, 4311, 4312, 4313, 4314, 
    4315, 4316, 4317, 4318, 4319, 4320, 4321, 4322, 4323, 4324, 4325, 4326, 
    4327, 4328, 4329, 4330, 4331, 4332, 4333, 4334, 4335, 4336, 4337, 4338, 
    4339, 4340, 4341, 4342, 4343, 4344, 4345, 4346, 4347, 4348, 4349, 4350, 
    4351, 4352, 4353, 4354, 4355, 4356, 4357, 4358, 4359, 4360, 4361, 4362, 
    4363, 4364, 4365, 4366, 4367, 4368, 4369, 4370, 4371, 4372, 4373, 4374, 
    4375, 4376, 4377, 4378, 4379, 4380, 4381, 4382, 4383, 4384, 4385, 4386, 
    4387, 4388, 4389, 4390, 4391, 4392, 4393, 4394, 4395, 4396, 4397, 4398, 
    4399, 4400, 4401, 4402, 4403, 4404, 4405, 4406, 4407, 4408, 4409, 4410, 
    4411, 4412, 4413, 4414, 4415, 4416, 4417, 4418, 4419, 4420, 4421, 4422, 
    4423, 4424, 4425, 4426, 4427, 4428, 4429, 4430, 4431, 4432, 4433, 4434, 
    4435, 4436, 4437, 4438, 4439, 4440, 4441, 4442, 4443, 4444, 4445, 4446, 
    4447, 4448, 4449, 4450, 4451, 4452, 4453, 4454, 4455, 4456, 4457, 4458, 
    4459, 4460, 4461, 4462, 4463, 4464, 4465, 4466, 4467, 4468, 4469, 4470, 
    4471, 4472, 4473, 4474, 4475, 4476, 4477, 4478, 4479, 4480, 4481, 4482, 
    4483, 4484, 4485, 4486, 4487, 4488, 4489, 4490, 4491, 4492, 4493, 4494, 
    4495, 4496, 4497, 4498, 4499, 4500, 4501, 4502, 4503, 4504, 4505, 4506, 
    4507, 4508, 4509, 4510, 4511, 4512, 4513, 4514, 4515, 4516, 4517, 4518, 
    4519, 4520, 4521, 4522, 4523, 4524, 4525, 4526, 4527, 4528, 4529, 4530, 
    4531, 4532, 4533, 4534, 4535, 4536, 4537, 4538, 4539, 4540, 4541, 4542, 
    4543, 4544, 4545, 4546, 4547, 4548, 4549, 4550, 4551, 4552, 4553, 4554, 
    4555, 4556, 4557, 4558, 4559, 4560, 4561, 4562, 4563, 4564, 4565, 4566, 
    4567, 4568, 4569, 4570, 4571, 4572, 4573, 4574, 4575, 4576, 4577, 4578, 
    4579, 4580, 4581, 4582, 4583, 4584, 4585, 4586, 4587, 4588, 4589, 4590, 
    4591, 4592, 4593, 4594, 4595, 4596, 4597, 4598, 4599, 4600, 4601, 4602, 
    4603, 4604, 4605, 4606, 4607, 4608, 4609, 4610, 4611, 4612, 4613, 4614, 
    4615, 4616, 4617, 4618, 4619, 4620, 4621, 4622, 4623, 4624, 4625, 4626, 
    4627, 4628, 4629, 4630, 4631, 4632, 4633, 4634, 4635, 4636, 4637, 4638, 
    4639, 4640, 4641, 4642, 4643, 4644, 4645, 4646, 4647, 4648, 4649, 4650, 
    4651, 4652, 4653, 4654, 4655, 4656, 4657, 4658, 4659, 4660, 4661, 4662, 
    4663, 4664, 4665, 4666, 4667, 4668, 4669, 4670, 4671, 4672, 4673, 4674, 
    4675, 4676, 4677, 4678, 4679, 4680, 4681, 4682, 4683, 4684, 4685, 4686, 
    4687, 4688, 4689, 4690, 4691, 4692, 4693, 4694, 4695, 4696, 4697, 4698, 
    4699, 4700, 4701, 4702, 4703, 4704, 4705, 4706, 4707, 4708, 4709, 4710, 
    4711, 4712, 4713, 4714, 4715, 4716, 4717, 4718, 4719, 4720, 4721, 4722, 
    4723, 4724, 4725, 4726, 4727, 4728, 4729, 4730, 4731, 4732, 4733, 4734, 
    4735, 4736, 4737, 4738, 4739, 4740, 4741, 4742, 4743, 4744, 4745, 4746, 
    4747, 4748, 4749, 4750, 4751, 4752, 4753, 4754, 4755, 4756, 4757, 4758, 
    4759, 4760, 4761, 4762, 4763, 4764, 4765, 4766, 4767, 4768, 4769, 4770, 
    4771, 4772, 4773, 4774, 4775, 4776, 4777, 4778, 4779, 4780, 4781, 4782, 
    4783, 4784, 4785, 4786, 4787, 4788, 4789, 4790, 4791, 4792, 4793, 4794, 
    4795, 4796, 4797, 4798, 4799, 4800, 4801, 4802, 4803, 4804, 4805, 4806, 
    4807, 4808, 4809, 4810, 4811, 4812, 4813, 4814, 4815, 4816, 4817, 4818, 
    4819, 4820, 4821, 4822, 4823, 4824, 4825, 4826, 4827, 4828, 4829, 4830, 
    4831, 4832, 4833, 4834, 4835, 4836, 4837, 4838, 4839, 4840, 4841, 4842, 
    4843, 4844, 4845, 4846, 4847, 4848, 4849, 4850, 4851, 4852, 4853, 4854, 
    4855, 4856, 4857, 4858, 4859, 4860, 4861, 4862, 4863, 4864, 4865, 4866, 
    4867, 4868, 4869, 4870, 4871, 4872, 4873, 4874, 4875, 4876, 4877, 4878, 
    4879, 4880, 4881, 4882, 4883, 4884, 4885, 4886, 4887, 4888, 4889, 4890, 
    4891, 4892, 4893, 4894, 4895, 4896, 4897, 4898, 4899, 4900, 4901, 4902, 
    4903, 4904, 4905, 4906, 4907, 4908, 4909, 4910, 4911, 4912, 4913, 4914, 
    4915, 4916, 4917, 4918, 4919, 4920, 4921, 4922, 4923, 4924, 4925, 4926, 
    4927, 4928, 4929, 4930, 4931, 4932, 4933, 4934, 4935, 4936, 4937, 4938, 
    4939, 4940, 4941, 4942, 4943, 4944, 4945, 4946, 4947, 4948, 4949, 4950, 
    4951, 4952, 4953, 4954, 4955, 4956, 4957, 4958, 4959, 4960, 4961, 4962, 
    4963, 4964, 4965, 4966, 4967, 4968, 4969, 4970, 4971, 4972, 4973, 4974, 
    4975, 4976, 4977, 4978, 4979, 4980, 4981, 4982, 4983, 4984, 4985, 4986, 
    4987, 4988, 4989, 4990, 4991, 4992, 4993, 4994, 4995, 4996, 4997, 4998, 
    4999, 5000, 5001, 5002, 5003, 5004, 5005, 5006, 5007, 5008, 5009, 5010, 
    5011, 5012, 5013, 5014, 5015, 5016, 5017, 5018, 5019, 5020, 5021, 5022, 
    5023, 5024, 5025, 5026, 5027, 5028, 5029, 5030, 5031, 5032, 5033, 5034, 
    5035, 5036, 5037, 5038, 5039, 5040, 5041, 5042, 5043, 5044, 5045, 5046, 
    5047, 5048, 5049, 5050, 5051, 5052, 5053, 5054, 5055, 5056, 5057, 5058, 
    5059, 5060, 5061, 5062, 5063, 5064, 5065, 5066, 5067, 5068, 5069, 5070, 
    5071, 5072, 5073, 5074, 5075, 5076, 5077, 5078, 5079, 5080, 5081, 5082, 
    5083, 5084, 5085, 5086, 5087, 5088, 5089, 5090, 5091, 5092, 5093, 5094, 
    5095, 5096, 5097, 5098, 5099, 5100, 5101, 5102, 5103, 5104, 5105, 5106, 
    5107, 5108, 5109, 5110, 5111, 5112, 5113, 5114, 5115, 5116, 5117, 5118, 
    5119, 5120, 5121, 5122, 5123, 5124, 5125, 5126, 5127, 5128, 5129, 5130, 
    5131, 5132, 5133, 5134, 5135, 5136, 5137, 5138, 5139, 5140, 5141, 5142, 
    5143, 5144, 5145, 5146, 5147, 5148, 5149, 5150, 5151, 5152, 5153, 5154, 
    5155, 5156, 5157, 5158, 5159, 5160, 5161, 5162, 5163, 5164, 5165, 5166, 
    5167, 5168, 5169, 5170, 5171, 5172, 5173, 5174, 5175, 5176, 5177, 5178, 
    5179, 5180, 5181, 5182, 5183, 5184, 5185, 5186, 5187, 5188, 5189, 5190, 
    5191, 5192, 5193, 5194, 5195, 5196, 5197, 5198, 5199, 5200, 5201, 5202, 
    5203, 5204, 5205, 5206, 5207, 5208, 5209, 5210, 5211, 5212, 5213, 5214, 
    5215, 5216, 5217, 5218, 5219, 5220, 5221, 5222, 5223, 5224, 5225, 5226, 
    5227, 5228, 5229, 5230, 5231, 5232, 5233, 5234, 5235, 5236, 5237, 5238, 
    5239, 5240, 5241, 5242, 5243, 5244, 5245, 5246, 5247, 5248, 5249, 5250, 
    5251, 5252, 5253, 5254, 5255, 5256, 5257, 5258, 5259, 5260, 5261, 5262, 
    5263, 5264, 5265, 5266, 5267, 5268, 5269, 5270, 5271, 5272, 5273, 5274, 
    5275, 5276, 5277, 5278, 5279, 5280, 5281, 5282, 5283, 5284, 5285, 5286, 
    5287, 5288, 5289, 5290, 5291, 5292, 5293, 5294, 5295, 5296, 5297, 5298, 
    5299, 5300, 5301, 5302, 5303, 5304, 5305, 5306, 5307, 5308, 5309, 5310, 
    5311, 5312, 5313, 5314, 5315, 5316, 5317, 5318, 5319, 5320, 5321, 5322, 
    5323, 5324, 5325, 5326, 5327, 5328, 5329, 5330, 5331, 5332, 5333, 5334, 
    5335, 5336, 5337, 5338, 5339, 5340, 5341, 5342, 5343, 5344, 5345, 5346, 
    5347, 5348, 5349, 5350, 5351, 5352, 5353, 5354, 5355, 5356, 5357, 5358, 
    5359, 5360, 5361, 5362, 5363, 5364, 5365, 5366, 5367, 5368, 5369, 5370, 
    5371, 5372, 5373, 5374, 5375, 5376, 5377, 5378, 5379, 5380, 5381, 5382, 
    5383, 5384, 5385, 5386, 5387, 5388, 5389, 5390, 5391, 5392, 5393, 5394, 
    5395, 5396, 5397, 5398, 5399, 5400, 5401, 5402, 5403, 5404, 5405, 5406, 
    5407, 5408, 5409, 5410, 5411, 5412, 5413, 5414, 5415, 5416, 5417, 5418, 
    5419, 5420, 5421, 5422, 5423, 5424, 5425, 5426, 5427, 5428, 5429, 5430, 
    5431, 5432, 5433, 5434, 5435, 5436, 5437, 5438, 5439, 5440, 5441, 5442, 
    5443, 5444, 5445, 5446, 5447, 5448, 5449, 5450, 5451, 5452, 5453, 5454, 
    5455, 5456, 5457, 5458, 5459, 5460, 5461, 5462, 5463, 5464, 5465, 5466, 
    5467, 5468, 5469, 5470, 5471, 5472, 5473, 5474, 5475, 5476, 5477, 5478, 
    5479, 5480, 5481, 5482, 5483, 5484, 5485, 5486, 5487, 5488, 5489, 5490, 
    5491, 5492, 5493, 5494, 5495, 5496, 5497, 5498, 5499, 5500, 5501, 5502, 
    5503, 5504, 5505, 5506, 5507, 5508, 5509, 5510, 5511, 5512, 5513, 5514, 
    5515, 5516, 5517, 5518, 5519, 5520, 5521, 5522, 5523, 5524, 5525, 5526, 
    5527, 5528, 5529, 5530, 5531, 5532, 5533, 5534, 5535, 5536, 5537, 5538, 
    5539, 5540, 5541, 5542, 5543, 5544, 5545, 5546, 5547, 5548, 5549, 5550, 
    5551, 5552, 5553, 5554, 5555, 5556, 5557, 5558, 5559, 5560, 5561, 5562, 
    5563, 5564, 5565, 5566, 5567, 5568, 5569, 5570, 5571, 5572, 5573, 5574, 
    5575, 5576, 5577, 5578, 5579, 5580, 5581, 5582, 5583, 5584, 5585, 5586, 
    5587, 5588, 5589, 5590, 5591, 5592, 5593, 5594, 5595, 5596, 5597, 5598, 
    5599, 5600, 5601, 5602, 5603, 5604, 5605, 5606, 5607, 5608, 5609, 5610, 
    5611, 5612, 5613, 5614, 5615, 5616, 5617, 5618, 5619, 5620, 5621, 5622, 
    5623, 5624, 5625, 5626, 5627, 5628, 5629, 5630, 5631, 5632, 5633, 5634, 
    5635, 5636, 5637, 5638, 5639, 5640, 5641, 5642, 5643, 5644, 5645, 5646, 
    5647, 5648, 5649, 5650, 5651, 5652, 5653, 5654, 5655, 5656, 5657, 5658, 
    5659, 5660, 5661, 5662, 5663, 5664, 5665, 5666, 5667, 5668, 5669, 5670, 
    5671, 5672, 5673, 5674, 5675, 5676, 5677, 5678, 5679, 5680, 5681, 5682, 
    5683, 5684, 5685, 5686, 5687, 5688, 5689, 5690, 5691, 5692, 5693, 5694, 
    5695, 5696, 5697, 5698, 5699, 5700, 5701, 5702, 5703, 5704, 5705, 5706, 
    5707, 5708, 5709, 5710, 5711, 5712, 5713, 5714, 5715, 5716, 5717, 5718, 
    5719, 5720, 5721, 5722, 5723, 5724, 5725, 5726, 5727, 5728, 5729, 5730, 
    5731, 5732, 5733, 5734, 5735, 5736, 5737, 5738, 5739, 5740, 5741, 5742, 
    5743, 5744, 5745, 5746, 5747, 5748, 5749, 5750, 5751, 5752, 5753, 5754, 
    5755, 5756, 5757, 5758, 5759, 5760, 5761, 5762, 5763, 5764, 5765, 5766, 
    5767, 5768, 5769, 5770, 5771, 5772, 5773, 5774, 5775, 5776, 5777, 5778, 
    5779, 5780, 5781, 5782, 5783, 5784, 5785, 5786, 5787, 5788, 5789, 5790, 
    5791, 5792, 5793, 5794, 5795, 5796, 5797, 5798, 5799, 5800, 5801, 5802, 
    5803, 5804, 5805, 5806, 5807, 5808, 5809, 5810, 5811, 5812, 5813, 5814, 
    5815, 5816, 5817, 5818, 5819, 5820, 5821, 5822, 5823, 5824, 5825, 5826, 
    5827, 5828, 5829, 5830, 5831, 5832, 5833, 5834, 5835, 5836, 5837, 5838, 
    5839, 5840, 5841, 5842, 5843, 5844, 5845, 5846, 5847, 5848, 5849, 5850, 
    5851, 5852, 5853, 5854, 5855, 5856, 5857, 5858, 5859, 5860, 5861, 5862, 
    5863, 5864, 5865, 5866, 5867, 5868, 5869, 5870, 5871, 5872, 5873, 5874, 
    5875, 5876, 5877, 5878, 5879, 5880, 5881, 5882, 5883, 5884, 5885, 5886, 
    5887, 5888, 5889, 5890, 5891, 5892, 5893, 5894, 5895, 5896, 5897, 5898, 
    5899, 5900, 5901, 5902, 5903, 5904, 5905, 5906, 5907, 5908, 5909, 5910, 
    5911, 5912, 5913, 5914, 5915, 5916, 5917, 5918, 5919, 5920, 5921, 5922, 
    5923, 5924, 5925, 5926, 5927, 5928, 5929, 5930, 5931, 5932, 5933, 5934, 
    5935, 5936, 5937, 5938, 5939, 5940, 5941, 5942, 5943, 5944, 5945, 5946, 
    5947, 5948, 5949, 5950, 5951, 5952, 5953, 5954, 5955, 5956, 5957, 5958, 
    5959, 5960, 5961, 5962, 5963, 5964, 5965, 5966, 5967, 5968, 5969, 5970, 
    5971, 5972, 5973, 5974, 5975, 5976, 5977, 5978, 5979, 5980, 5981, 5982, 
    5983, 5984, 5985, 5986, 5987, 5988, 5989, 5990, 5991, 5992, 5993, 5994, 
    5995, 5996, 5997, 5998, 5999, 6000, 6001, 6002, 6003, 6004, 6005, 6006, 
    6007, 6008, 6009, 6010, 6011, 6012, 6013, 6014, 6015, 6016, 6017, 6018, 
    6019, 6020, 6021, 6022, 6023, 6024, 6025, 6026, 6027, 6028, 6029, 6030, 
    6031, 6032, 6033, 6034, 6035, 6036, 6037, 6038, 6039, 6040, 6041, 6042, 
    6043, 6044, 6045, 6046, 6047, 6048, 6049, 6050, 6051, 6052, 6053, 6054, 
    6055, 6056, 6057, 6058, 6059, 6060, 6061, 6062, 6063, 6064, 6065, 6066, 
    6067, 6068, 6069, 6070, 6071, 6072, 6073, 6074, 6075, 6076, 6077, 6078, 
    6079, 6080, 6081, 6082, 6083, 6084, 6085, 6086, 6087, 6088, 6089, 6090, 
    6091, 6092, 6093, 6094, 6095, 6096, 6097, 6098, 6099, 6100, 6101, 6102, 
    6103, 6104, 6105, 6106, 6107, 6108, 6109, 6110, 6111, 6112, 6113, 6114, 
    6115, 6116, 6117, 6118, 6119, 6120, 6121, 6122, 6123, 6124, 6125, 6126, 
    6127, 6128, 6129, 6130, 6131, 6132, 6133, 6134, 6135, 6136, 6137, 6138, 
    6139, 6140, 6141, 6142, 6143, 6144, 6145, 6146, 6147, 6148, 6149, 6150, 
    6151, 6152, 6153, 6154, 6155, 6156, 6157, 6158, 6159, 6160, 6161, 6162, 
    6163, 6164, 6165, 6166, 6167, 6168, 6169, 6170, 6171, 6172, 6173, 6174, 
    6175, 6176, 6177, 6178, 6179, 6180, 6181, 6182, 6183, 6184, 6185, 6186, 
    6187, 6188, 6189, 6190, 6191, 6192, 6193, 6194, 6195, 6196, 6197, 6198, 
    6199, 6200, 6201, 6202, 6203, 6204, 6205, 6206, 6207, 6208, 6209, 6210, 
    6211, 6212, 6213, 6214, 6215, 6216, 6217, 6218, 6219, 6220, 6221, 6222, 
    6223, 6224, 6225, 6226, 6227, 6228, 6229, 6230, 6231, 6232, 6233, 6234, 
    6235, 6236, 6237, 6238, 6239, 6240, 6241, 6242, 6243, 6244, 6245, 6246, 
    6247, 6248, 6249, 6250, 6251, 6252, 6253, 6254, 6255, 6256, 6257, 6258, 
    6259, 6260, 6261, 6262, 6263, 6264, 6265, 6266, 6267, 6268, 6269, 6270, 
    6271, 6272, 6273, 6274, 6275, 6276, 6277, 6278, 6279, 6280, 6281, 6282, 
    6283, 6284, 6285, 6286, 6287, 6288, 6289, 6290, 6291, 6292, 6293, 6294, 
    6295, 6296, 6297, 6298, 6299, 6300, 6301, 6302, 6303, 6304, 6305, 6306, 
    6307, 6308, 6309, 6310, 6311, 6312, 6313, 6314, 6315, 6316, 6317, 6318, 
    6319, 6320, 6321, 6322, 6323, 6324, 6325, 6326, 6327, 6328, 6329, 6330, 
    6331, 6332, 6333, 6334, 6335, 6336, 6337, 6338, 6339, 6340, 6341, 6342, 
    6343, 6344, 6345, 6346, 6347, 6348, 6349, 6350, 6351, 6352, 6353, 6354, 
    6355, 6356, 6357, 6358, 6359, 6360, 6361, 6362, 6363, 6364, 6365, 6366, 
    6367, 6368, 6369, 6370, 6371, 6372, 6373, 6374, 6375, 6376, 6377, 6378, 
    6379, 6380, 6381, 6382, 6383, 6384, 6385, 6386, 6387, 6388, 6389, 6390, 
    6391, 6392, 6393, 6394, 6395, 6396, 6397, 6398, 6399, 6400, 6401, 6402, 
    6403, 6404, 6405, 6406, 6407, 6408, 6409, 6410, 6411, 6412, 6413, 6414, 
    6415, 6416, 6417, 6418, 6419, 6420, 6421, 6422, 6423, 6424, 6425, 6426, 
    6427, 6428, 6429, 6430, 6431, 6432, 6433, 6434, 6435, 6436, 6437, 6438, 
    6439, 6440, 6441, 6442, 6443, 6444, 6445, 6446, 6447, 6448, 6449, 6450, 
    6451, 6452, 6453, 6454, 6455, 6456, 6457, 6458, 6459, 6460, 6461, 6462, 
    6463, 6464, 6465, 6466, 6467, 6468, 6469, 6470, 6471, 6472, 6473, 6474, 
    6475, 6476, 6477, 6478, 6479, 6480, 6481, 6482, 6483, 6484, 6485, 6486, 
    6487, 6488, 6489, 6490, 6491, 6492, 6493, 6494, 6495, 6496, 6497, 6498, 
    6499, 6500, 6501, 6502, 6503, 6504, 6505, 6506, 6507, 6508, 6509, 6510, 
    6511, 6512, 6513, 6514, 6515, 6516, 6517, 6518, 6519, 6520, 6521, 6522, 
    6523, 6524, 6525, 6526, 6527, 6528, 6529, 6530, 6531, 6532, 6533, 6534, 
    6535, 6536, 6537, 6538, 6539, 6540, 6541, 6542, 6543, 6544, 6545, 6546, 
    6547, 6548, 6549, 6550, 6551, 6552, 6553, 6554, 6555, 6556, 6557, 6558, 
    6559, 6560, 6561, 6562, 6563, 6564, 6565, 6566, 6567, 6568, 6569, 6570, 
    6571, 6572, 6573, 6574, 6575, 6576, 6577, 6578, 6579, 6580, 6581, 6582, 
    6583, 6584, 6585, 6586, 6587, 6588, 6589, 6590, 6591, 6592, 6593, 6594, 
    6595, 6596, 6597, 6598, 6599, 6600, 6601, 6602, 6603, 6604, 6605, 6606, 
    6607, 6608, 6609, 6610, 6611, 6612, 6613, 6614, 6615, 6616, 6617, 6618, 
    6619, 6620, 6621, 6622, 6623, 6624, 6625, 6626, 6627, 6628, 6629, 6630, 
    6631, 6632, 6633, 6634, 6635, 6636, 6637, 6638, 6639, 6640, 6641, 6642, 
    6643, 6644, 6645, 6646, 6647, 6648, 6649, 6650, 6651, 6652, 6653, 6654, 
    6655, 6656, 6657, 6658, 6659, 6660, 6661, 6662, 6663, 6664, 6665, 6666, 
    6667, 6668, 6669, 6670, 6671, 6672, 6673, 6674, 6675, 6676, 6677, 6678, 
    6679, 6680, 6681, 6682, 6683, 6684, 6685, 6686, 6687, 6688, 6689, 6690, 
    6691, 6692, 6693, 6694, 6695, 6696, 6697, 6698, 6699, 6700, 6701, 6702, 
    6703, 6704, 6705, 6706, 6707, 6708, 6709, 6710, 6711, 6712, 6713, 6714, 
    6715, 6716, 6717, 6718, 6719, 6720, 6721, 6722, 6723, 6724, 6725, 6726, 
    6727, 6728, 6729, 6730, 6731, 6732, 6733, 6734, 6735, 6736, 6737, 6738, 
    6739, 6740, 6741, 6742, 6743, 6744, 6745, 6746, 6747, 6748, 6749, 6750, 
    6751, 6752, 6753, 6754, 6755, 6756, 6757, 6758, 6759, 6760, 6761, 6762, 
    6763, 6764, 6765, 6766, 6767, 6768, 6769, 6770, 6771, 6772, 6773, 6774, 
    6775, 6776, 6777, 6778, 6779, 6780, 6781, 6782, 6783, 6784, 6785, 6786, 
    6787, 6788, 6789, 6790, 6791, 6792, 6793, 6794, 6795, 6796, 6797, 6798, 
    6799, 6800, 6801, 6802, 6803, 6804, 6805, 6806, 6807, 6808, 6809, 6810, 
    6811, 6812, 6813, 6814, 6815, 6816, 6817, 6818, 6819, 6820, 6821, 6822, 
    6823, 6824, 6825, 6826, 6827, 6828, 6829, 6830, 6831, 6832, 6833, 6834, 
    6835, 6836, 6837, 6838, 6839, 6840, 6841, 6842, 6843, 6844, 6845, 6846, 
    6847, 6848, 6849, 6850, 6851, 6852, 6853, 6854, 6855, 6856, 6857, 6858, 
    6859, 6860, 6861, 6862, 6863, 6864, 6865, 6866, 6867, 6868, 6869, 6870, 
    6871, 6872, 6873, 6874, 6875, 6876, 6877, 6878, 6879, 6880, 6881, 6882, 
    6883, 6884, 6885, 6886, 6887, 6888, 6889, 6890, 6891, 6892, 6893, 6894, 
    6895, 6896, 6897, 6898, 6899, 6900, 6901, 6902, 6903, 6904, 6905, 6906, 
    6907, 6908, 6909, 6910, 6911, 6912, 6913, 6914, 6915, 6916, 6917, 6918, 
    6919, 6920, 6921, 6922, 6923, 6924, 6925, 6926, 6927, 6928, 6929, 6930, 
    6931, 6932, 6933, 6934, 6935, 6936, 6937, 6938, 6939, 6940, 6941, 6942, 
    6943, 6944, 6945, 6946, 6947, 6948, 6949, 6950, 6951, 6952, 6953, 6954, 
    6955, 6956, 6957, 6958, 6959, 6960, 6961, 6962, 6963, 6964, 6965, 6966, 
    6967, 6968, 6969, 6970, 6971, 6972, 6973, 6974, 6975, 6976, 6977, 6978, 
    6979, 6980, 6981, 6982, 6983, 6984, 6985, 6986, 6987, 6988, 6989, 6990, 
    6991, 6992, 6993, 6994, 6995, 6996, 6997, 6998, 6999, 7000, 7001, 7002, 
    7003, 7004, 7005, 7006, 7007, 7008, 7009, 7010, 7011, 7012, 7013, 7014, 
    7015, 7016, 7017, 7018, 7019, 7020, 7021, 7022, 7023, 7024, 7025, 7026, 
    7027, 7028, 7029, 7030, 7031, 7032, 7033, 7034, 7035, 7036, 7037, 7038, 
    7039, 7040, 7041, 7042, 7043, 7044, 7045, 7046, 7047, 7048, 7049, 7050, 
    7051, 7052, 7053, 7054, 7055, 7056, 7057, 7058, 7059, 7060, 7061, 7062, 
    7063, 7064, 7065, 7066, 7067, 7068, 7069, 7070, 7071, 7072, 7073, 7074, 
    7075, 7076, 7077, 7078, 7079, 7080, 7081, 7082, 7083, 7084, 7085, 7086, 
    7087, 7088, 7089, 7090, 7091, 7092, 7093, 7094, 7095, 7096, 7097, 7098, 
    7099, 7100, 7101, 7102, 7103, 7104, 7105, 7106, 7107, 7108, 7109, 7110, 
    7111, 7112, 7113, 7114, 7115, 7116, 7117, 7118, 7119, 7120, 7121, 7122, 
    7123, 7124, 7125, 7126, 7127, 7128, 7129, 7130, 7131, 7132, 7133, 7134, 
    7135, 7136, 7137, 7138, 7139, 7140, 7141, 7142, 7143, 7144, 7145, 7146, 
    7147, 7148, 7149, 7150, 7151, 7152, 7153, 7154, 7155, 7156, 7157, 7158, 
    7159, 7160, 7161, 7162, 7163, 7164, 7165, 7166, 7167, 7168, 7169, 7170, 
    7171, 7172, 7173, 7174, 7175, 7176, 7177, 7178, 7179, 7180, 7181, 7182, 
    7183, 7184, 7185, 7186, 7187, 7188, 7189, 7190, 7191, 7192, 7193, 7194, 
    7195, 7196, 7197, 7198, 7199, 7200, 7201, 7202, 7203, 7204, 7205, 7206, 
    7207, 7208, 7209, 7210, 7211, 7212, 7213, 7214, 7215, 7216, 7217, 7218, 
    7219, 7220, 7221, 7222, 7223, 7224, 7225, 7226, 7227, 7228, 7229, 7230, 
    7231, 7232, 7233, 7234, 7235, 7236, 7237, 7238, 7239, 7240, 7241, 7242, 
    7243, 7244, 7245, 7246, 7247, 7248, 7249, 7250, 7251, 7252, 7253, 7254, 
    7255, 7256, 7257, 7258, 7259, 7260, 7261, 7262, 7263, 7264, 7265, 7266, 
    7267, 7268, 7269, 7270, 7271, 7272, 7273, 7274, 7275, 7276, 7277, 7278, 
    7279, 7280, 7281, 7282, 7283, 7284, 7285, 7286, 7287, 7288, 7289, 7290, 
    7291, 7292, 7293, 7294, 7295, 7296, 7297, 7298, 7299, 7300, 7301, 7302, 
    7303, 7304, 7305, 7306, 7307, 7308, 7309, 7310, 7311, 7312, 7313, 7314, 
    7315, 7316, 7317, 7318, 7319, 7320, 7321, 7322, 7323, 7324, 7325, 7326, 
    7327, 7328, 7329, 7330, 7331, 7332, 7333, 7334, 7335, 7336, 7337, 7338, 
    7339, 7340, 7341, 7342, 7343, 7344, 7345, 7346, 7347, 7348, 7349, 7350, 
    7351, 7352, 7353, 7354, 7355, 7356, 7357, 7358, 7359, 7360, 7361, 7362, 
    7363, 7364, 7365, 7366, 7367, 7368, 7369, 7370, 7371, 7372, 7373, 7374, 
    7375, 7376, 7377, 7378, 7379, 7380, 7381, 7382, 7383, 7384, 7385, 7386, 
    7387, 7388, 7389, 7390, 7391, 7392, 7393, 7394, 7395, 7396, 7397, 7398, 
    7399, 7400, 7401, 7402, 7403, 7404, 7405, 7406, 7407, 7408, 7409, 7410, 
    7411, 7412, 7413, 7414, 7415, 7416, 7417, 7418, 7419, 7420, 7421, 7422, 
    7423, 7424, 7425, 7426, 7427, 7428, 7429, 7430, 7431, 7432, 7433, 7434, 
    7435, 7436, 7437, 7438, 7439, 7440, 7441, 7442, 7443, 7444, 7445, 7446, 
    7447, 7448, 7449, 7450, 7451, 7452, 7453, 7454, 7455, 7456, 7457, 7458, 
    7459, 7460, 7461, 7462, 7463, 7464, 7465, 7466, 7467, 7468, 7469, 7470, 
    7471, 7472, 7473, 7474, 7475, 7476, 7477, 7478, 7479, 7480, 7481, 7482, 
    7483, 7484, 7485, 7486, 7487, 7488, 7489, 7490, 7491, 7492, 7493, 7494, 
    7495, 7496, 7497, 7498, 7499, 7500, 7501, 7502, 7503, 7504, 7505, 7506, 
    7507, 7508, 7509, 7510, 7511, 7512, 7513, 7514, 7515, 7516, 7517, 7518, 
    7519, 7520, 7521, 7522, 7523, 7524, 7525, 7526, 7527, 7528, 7529, 7530, 
    7531, 7532, 7533, 7534, 7535, 7536, 7537, 7538, 7539, 7540, 7541, 7542, 
    7543, 7544, 7545, 7546, 7547, 7548, 7549, 7550, 7551, 7552, 7553, 7554, 
    7555, 7556, 7557, 7558, 7559, 7560, 7561, 7562, 7563, 7564, 7565, 7566, 
    7567, 7568, 7569, 7570, 7571, 7572, 7573, 7574, 7575, 7576, 7577, 7578, 
    7579, 7580, 7581, 7582, 7583, 7584, 7585, 7586, 7587, 7588, 7589, 7590, 
    7591, 7592, 7593, 7594, 7595, 7596, 7597, 7598, 7599, 7600, 7601, 7602, 
    7603, 7604, 7605, 7606, 7607, 7608, 7609, 7610, 7611, 7612, 7613, 7614, 
    7615, 7616, 7617, 7618, 7619, 7620, 7621, 7622, 7623, 7624, 7625, 7626, 
    7627, 7628, 7629, 7630, 7631, 7632, 7633, 7634, 7635, 7636, 7637, 7638, 
    7639, 7640, 7641, 7642, 7643, 7644, 7645, 7646, 7647, 7648, 7649, 7650, 
    7651, 7652, 7653, 7654, 7655, 7656, 7657, 7658, 7659, 7660, 7661, 7662, 
    7663, 7664, 7665, 7666, 7667, 7668, 7669, 7670, 7671, 7672, 7673, 7674, 
    7675, 7676, 7677, 7678, 7679, 7680, 7681, 7682, 7683, 7684, 7685, 7686, 
    7687, 7688, 7689, 7690, 7691, 7692, 7693, 7694, 7695, 7696, 7697, 7698, 
    7699, 7700, 7701, 7702, 7703, 7704, 7705, 7706, 7707, 7708, 7709, 7710, 
    7711, 7712, 7713, 7714, 7715, 7716, 7717, 7718, 7719, 7720, 7721, 7722, 
    7723, 7724, 7725, 7726, 7727, 7728, 7729, 7730, 7731, 7732, 7733, 7734, 
    7735, 7736, 7737, 7738, 7739, 7740, 7741, 7742, 7743, 7744, 7745, 7746, 
    7747, 7748, 7749, 7750, 7751, 7752, 7753, 7754, 7755, 7756, 7757, 7758, 
    7759, 7760, 7761, 7762, 7763, 7764, 7765, 7766, 7767, 7768, 7769, 7770, 
    7771, 7772, 7773, 7774, 7775, 7776, 7777, 7778, 7779, 7780, 7781, 7782, 
    7783, 7784, 7785, 7786, 7787, 7788, 7789, 7790, 7791, 7792, 7793, 7794, 
    7795, 7796, 7797, 7798, 7799, 7800, 7801, 7802, 7803, 7804, 7805, 7806, 
    7807, 7808, 7809, 7810, 7811, 7812, 7813, 7814, 7815, 7816, 7817, 7818, 
    7819, 7820, 7821, 7822, 7823, 7824, 7825, 7826, 7827, 7828, 7829, 7830, 
    7831, 7832, 7833, 7834, 7835, 7836, 7837, 7838, 7839, 7840, 7841, 7842, 
    7843, 7844, 7845, 7846, 7847, 7848, 7849, 7850, 7851, 7852, 7853, 7854, 
    7855, 7856, 7857, 7858, 7859, 7860, 7861, 7862, 7863, 7864, 7865, 7866, 
    7867, 7868, 7869, 7870, 7871, 7872, 7873, 7874, 7875, 7876, 7877, 7878, 
    7879, 7880, 7881, 7882, 7883, 7884, 7885, 7886, 7887, 7888, 7889, 7890, 
    7891, 7892, 7893, 7894, 7895, 7896, 7897, 7898, 7899, 7900, 7901, 7902, 
    7903, 7904, 7905, 7906, 7907, 7908, 7909, 7910, 7911, 7912, 7913, 7914, 
    7915, 7916, 7917, 7918, 7919, 7920, 7921, 7922, 7923, 7924, 7925, 7926, 
    7927, 7928, 7929, 7930, 7931, 7932, 7933, 7934, 7935, 7936, 7937, 7938, 
    7939, 7940, 7941, 7942, 7943, 7944, 7945, 7946, 7947, 7948, 7949, 7950, 
    7951, 7952, 7953, 7954, 7955, 7956, 7957, 7958, 7959, 7960, 7961, 7962, 
    7963, 7964, 7965, 7966, 7967, 7968, 7969, 7970, 7971, 7972, 7973, 7974, 
    7975, 7976, 7977, 7978, 7979, 7980, 7981, 7982, 7983, 7984, 7985, 7986, 
    7987, 7988, 7989, 7990, 7991, 7992, 7993, 7994, 7995, 7996, 7997, 7998, 
    7999, 8000, 8001, 8002, 8003, 8004, 8005, 8006, 8007, 8008, 8009, 8010, 
    8011, 8012, 8013, 8014, 8015, 8016, 8017, 8018, 8019, 8020, 8021, 8022, 
    8023, 8024, 8025, 8026, 8027, 8028, 8029, 8030, 8031, 8032, 8033, 8034, 
    8035, 8036, 8037, 8038, 8039, 8040, 8041, 8042, 8043, 8044, 8045, 8046, 
    8047, 8048, 8049, 8050, 8051, 8052, 8053, 8054, 8055, 8056, 8057, 8058, 
    8059, 8060, 8061, 8062, 8063, 8064, 8065, 8066, 8067, 8068, 8069, 8070, 
    8071, 8072, 8073, 8074, 8075, 8076, 8077, 8078, 8079, 8080, 8081, 8082, 
    8083, 8084, 8085, 8086, 8087, 8088, 8089, 8090, 8091, 8092, 8093, 8094, 
    8095, 8096, 8097, 8098, 8099, 8100, 8101, 8102, 8103, 8104, 8105, 8106, 
    8107, 8108, 8109, 8110, 8111, 8112, 8113, 8114, 8115, 8116, 8117, 8118, 
    8119, 8120, 8121, 8122, 8123, 8124, 8125, 8126, 8127, 8128, 8129, 8130, 
    8131, 8132, 8133, 8134, 8135, 8136, 8137, 8138, 8139, 8140, 8141, 8142, 
    8143, 8144, 8145, 8146, 8147, 8148, 8149, 8150, 8151, 8152, 8153, 8154, 
    8155, 8156, 8157, 8158, 8159, 8160, 8161, 8162, 8163, 8164, 8165, 8166, 
    8167, 8168, 8169, 8170, 8171, 8172, 8173, 8174, 8175, 8176, 8177, 8178, 
    8179, 8180, 8181, 8182, 8183, 8184, 8185, 8186, 8187, 8188, 8189, 8190, 
    8191, 8192, 8193, 8194, 8195, 8196, 8197, 8198, 8199, 8200, 8201, 8202, 
    8203, 8204, 8205, 8206, 8207, 8208, 8209, 8210, 8211, 8212, 8213, 8214, 
    8215, 8216, 8217, 8218, 8219, 8220, 8221, 8222, 8223, 8224, 8225, 8226, 
    8227, 8228, 8229, 8230, 8231, 8232, 8233, 8234, 8235, 8236, 8237, 8238, 
    8239, 8240, 8241, 8242, 8243, 8244, 8245, 8246, 8247, 8248, 8249, 8250, 
    8251, 8252, 8253, 8254, 8255, 8256, 8257, 8258, 8259, 8260, 8261, 8262, 
    8263, 8264, 8265, 8266, 8267, 8268, 8269, 8270, 8271, 8272, 8273, 8274, 
    8275, 8276, 8277, 8278, 8279, 8280, 8281, 8282, 8283, 8284, 8285, 8286, 
    8287, 8288, 8289, 8290, 8291, 8292, 8293, 8294, 8295, 8296, 8297, 8298, 
    8299, 8300, 8301, 8302, 8303, 8304, 8305, 8306, 8307, 8308, 8309, 8310, 
    8311, 8312, 8313, 8314, 8315, 8316, 8317, 8318, 8319, 8320, 8321, 8322, 
    8323, 8324, 8325, 8326, 8327, 8328, 8329, 8330, 8331, 8332, 8333, 8334, 
    8335, 8336, 8337, 8338, 8339, 8340, 8341, 8342, 8343, 8344, 8345, 8346, 
    8347, 8348, 8349, 8350, 8351, 8352, 8353, 8354, 8355, 8356, 8357, 8358, 
    8359, 8360, 8361, 8362, 8363, 8364, 8365, 8366, 8367, 8368, 8369, 8370, 
    8371, 8372, 8373, 8374, 8375, 8376, 8377, 8378, 8379, 8380, 8381, 8382, 
    8383, 8384, 8385, 8386, 8387, 8388, 8389, 8390, 8391, 8392, 8393, 8394, 
    8395, 8396, 8397, 8398, 8399, 8400, 8401, 8402, 8403, 8404, 8405, 8406, 
    8407, 8408, 8409, 8410, 8411, 8412, 8413, 8414, 8415, 8416, 8417, 8418, 
    8419, 8420, 8421, 8422, 8423, 8424, 8425, 8426, 8427, 8428, 8429, 8430, 
    8431, 8432, 8433, 8434, 8435, 8436, 8437, 8438, 8439, 8440, 8441, 8442, 
    8443, 8444, 8445, 8446, 8447, 8448, 8449, 8450 ;

 eb_status = 1 ;

 eb_prop1 = 1 ;

 connect1 =
  1, 2, 3, 4, 5, 6, 7, 8,
  2, 9, 10, 3, 6, 11, 12, 7,
  9, 13, 14, 10, 11, 15, 16, 12,
  13, 17, 18, 14, 15, 19, 20, 16,
  17, 21, 22, 18, 19, 23, 24, 20,
  4, 3, 25, 26, 8, 7, 27, 28,
  3, 10, 29, 25, 7, 12, 30, 27,
  10, 14, 31, 29, 12, 16, 32, 30,
  14, 18, 33, 31, 16, 20, 34, 32,
  18, 22, 35, 33, 20, 24, 36, 34,
  26, 25, 37, 38, 28, 27, 39, 40,
  25, 29, 41, 37, 27, 30, 42, 39,
  29, 31, 43, 41, 30, 32, 44, 42,
  31, 33, 45, 43, 32, 34, 46, 44,
  33, 35, 47, 45, 34, 36, 48, 46,
  38, 37, 49, 50, 40, 39, 51, 52,
  37, 41, 53, 49, 39, 42, 54, 51,
  41, 43, 55, 53, 42, 44, 56, 54,
  43, 45, 57, 55, 44, 46, 58, 56,
  45, 47, 59, 57, 46, 48, 60, 58,
  50, 49, 61, 62, 52, 51, 63, 64,
  49, 53, 65, 61, 51, 54, 66, 63,
  53, 55, 67, 65, 54, 56, 68, 66,
  55, 57, 69, 67, 56, 58, 70, 68,
  57, 59, 71, 69, 58, 60, 72, 70,
  62, 61, 73, 74, 64, 63, 75, 76,
  61, 65, 77, 73, 63, 66, 78, 75,
  65, 67, 79, 77, 66, 68, 80, 78,
  67, 69, 81, 79, 68, 70, 82, 80,
  69, 71, 83, 81, 70, 72, 84, 82,
  74, 73, 85, 86, 76, 75, 87, 88,
  73, 77, 89, 85, 75, 78, 90, 87,
  77, 79, 91, 89, 78, 80, 92, 90,
  79, 81, 93, 91, 80, 82, 94, 92,
  81, 83, 95, 93, 82, 84, 96, 94,
  86, 85, 97, 98, 88, 87, 99, 100,
  85, 89, 101, 97, 87, 90, 102, 99,
  89, 91, 103, 101, 90, 92, 104, 102,
  91, 93, 105, 103, 92, 94, 106, 104,
  93, 95, 107, 105, 94, 96, 108, 106,
  98, 97, 109, 110, 100, 99, 111, 112,
  97, 101, 113, 109, 99, 102, 114, 111,
  101, 103, 115, 113, 102, 104, 116, 114,
  103, 105, 117, 115, 104, 106, 118, 116,
  105, 107, 119, 117, 106, 108, 120, 118,
  110, 109, 121, 122, 112, 111, 123, 124,
  109, 113, 125, 121, 111, 114, 126, 123,
  113, 115, 127, 125, 114, 116, 128, 126,
  115, 117, 129, 127, 116, 118, 130, 128,
  117, 119, 131, 129, 118, 120, 132, 130,
  122, 121, 133, 134, 124, 123, 135, 136,
  121, 125, 137, 133, 123, 126, 138, 135,
  125, 127, 139, 137, 126, 128, 140, 138,
  127, 129, 141, 139, 128, 130, 142, 140,
  129, 131, 143, 141, 130, 132, 144, 142,
  134, 133, 145, 146, 136, 135, 147, 148,
  133, 137, 149, 145, 135, 138, 150, 147,
  137, 139, 151, 149, 138, 140, 152, 150,
  139, 141, 153, 151, 140, 142, 154, 152,
  141, 143, 155, 153, 142, 144, 156, 154,
  146, 145, 157, 158, 148, 147, 159, 160,
  145, 149, 161, 157, 147, 150, 162, 159,
  149, 151, 163, 161, 150, 152, 164, 162,
  151, 153, 165, 163, 152, 154, 166, 164,
  153, 155, 167, 165, 154, 156, 168, 166,
  5, 6, 7, 8, 169, 170, 171, 172,
  6, 11, 12, 7, 170, 173, 174, 171,
  11, 15, 16, 12, 173, 175, 176, 174,
  15, 19, 20, 16, 175, 177, 178, 176,
  19, 23, 24, 20, 177, 179, 180, 178,
  8, 7, 27, 28, 172, 171, 181, 182,
  7, 12, 30, 27, 171, 174, 183, 181,
  12, 16, 32, 30, 174, 176, 184, 183,
  16, 20, 34, 32, 176, 178, 185, 184,
  20, 24, 36, 34, 178, 180, 186, 185,
  28, 27, 39, 40, 182, 181, 187, 188,
  27, 30, 42, 39, 181, 183, 189, 187,
  30, 32, 44, 42, 183, 184, 190, 189,
  32, 34, 46, 44, 184, 185, 191, 190,
  34, 36, 48, 46, 185, 186, 192, 191,
  40, 39, 51, 52, 188, 187, 193, 194,
  39, 42, 54, 51, 187, 189, 195, 193,
  42, 44, 56, 54, 189, 190, 196, 195,
  44, 46, 58, 56, 190, 191, 197, 196,
  46, 48, 60, 58, 191, 192, 198, 197,
  52, 51, 63, 64, 194, 193, 199, 200,
  51, 54, 66, 63, 193, 195, 201, 199,
  54, 56, 68, 66, 195, 196, 202, 201,
  56, 58, 70, 68, 196, 197, 203, 202,
  58, 60, 72, 70, 197, 198, 204, 203,
  64, 63, 75, 76, 200, 199, 205, 206,
  63, 66, 78, 75, 199, 201, 207, 205,
  66, 68, 80, 78, 201, 202, 208, 207,
  68, 70, 82, 80, 202, 203, 209, 208,
  70, 72, 84, 82, 203, 204, 210, 209,
  76, 75, 87, 88, 206, 205, 211, 212,
  75, 78, 90, 87, 205, 207, 213, 211,
  78, 80, 92, 90, 207, 208, 214, 213,
  80, 82, 94, 92, 208, 209, 215, 214,
  82, 84, 96, 94, 209, 210, 216, 215,
  88, 87, 99, 100, 212, 211, 217, 218,
  87, 90, 102, 99, 211, 213, 219, 217,
  90, 92, 104, 102, 213, 214, 220, 219,
  92, 94, 106, 104, 214, 215, 221, 220,
  94, 96, 108, 106, 215, 216, 222, 221,
  100, 99, 111, 112, 218, 217, 223, 224,
  99, 102, 114, 111, 217, 219, 225, 223,
  102, 104, 116, 114, 219, 220, 226, 225,
  104, 106, 118, 116, 220, 221, 227, 226,
  106, 108, 120, 118, 221, 222, 228, 227,
  112, 111, 123, 124, 224, 223, 229, 230,
  111, 114, 126, 123, 223, 225, 231, 229,
  114, 116, 128, 126, 225, 226, 232, 231,
  116, 118, 130, 128, 226, 227, 233, 232,
  118, 120, 132, 130, 227, 228, 234, 233,
  124, 123, 135, 136, 230, 229, 235, 236,
  123, 126, 138, 135, 229, 231, 237, 235,
  126, 128, 140, 138, 231, 232, 238, 237,
  128, 130, 142, 140, 232, 233, 239, 238,
  130, 132, 144, 142, 233, 234, 240, 239,
  136, 135, 147, 148, 236, 235, 241, 242,
  135, 138, 150, 147, 235, 237, 243, 241,
  138, 140, 152, 150, 237, 238, 244, 243,
  140, 142, 154, 152, 238, 239, 245, 244,
  142, 144, 156, 154, 239, 240, 246, 245,
  148, 147, 159, 160, 242, 241, 247, 248,
  147, 150, 162, 159, 241, 243, 249, 247,
  150, 152, 164, 162, 243, 244, 250, 249,
  152, 154, 166, 164, 244, 245, 251, 250,
  154, 156, 168, 166, 245, 246, 252, 251,
  169, 170, 171, 172, 253, 254, 255, 256,
  170, 173, 174, 171, 254, 257, 258, 255,
  173, 175, 176, 174, 257, 259, 260, 258,
  175, 177, 178, 176, 259, 261, 262, 260,
  177, 179, 180, 178, 261, 263, 264, 262,
  172, 171, 181, 182, 256, 255, 265, 266,
  171, 174, 183, 181, 255, 258, 267, 265,
  174, 176, 184, 183, 258, 260, 268, 267,
  176, 178, 185, 184, 260, 262, 269, 268,
  178, 180, 186, 185, 262, 264, 270, 269,
  182, 181, 187, 188, 266, 265, 271, 272,
  181, 183, 189, 187, 265, 267, 273, 271,
  183, 184, 190, 189, 267, 268, 274, 273,
  184, 185, 191, 190, 268, 269, 275, 274,
  185, 186, 192, 191, 269, 270, 276, 275,
  188, 187, 193, 194, 272, 271, 277, 278,
  187, 189, 195, 193, 271, 273, 279, 277,
  189, 190, 196, 195, 273, 274, 280, 279,
  190, 191, 197, 196, 274, 275, 281, 280,
  191, 192, 198, 197, 275, 276, 282, 281,
  194, 193, 199, 200, 278, 277, 283, 284,
  193, 195, 201, 199, 277, 279, 285, 283,
  195, 196, 202, 201, 279, 280, 286, 285,
  196, 197, 203, 202, 280, 281, 287, 286,
  197, 198, 204, 203, 281, 282, 288, 287,
  200, 199, 205, 206, 284, 283, 289, 290,
  199, 201, 207, 205, 283, 285, 291, 289,
  201, 202, 208, 207, 285, 286, 292, 291,
  202, 203, 209, 208, 286, 287, 293, 292,
  203, 204, 210, 209, 287, 288, 294, 293,
  206, 205, 211, 212, 290, 289, 295, 296,
  205, 207, 213, 211, 289, 291, 297, 295,
  207, 208, 214, 213, 291, 292, 298, 297,
  208, 209, 215, 214, 292, 293, 299, 298,
  209, 210, 216, 215, 293, 294, 300, 299,
  212, 211, 217, 218, 296, 295, 301, 302,
  211, 213, 219, 217, 295, 297, 303, 301,
  213, 214, 220, 219, 297, 298, 304, 303,
  214, 215, 221, 220, 298, 299, 305, 304,
  215, 216, 222, 221, 299, 300, 306, 305,
  218, 217, 223, 224, 302, 301, 307, 308,
  217, 219, 225, 223, 301, 303, 309, 307,
  219, 220, 226, 225, 303, 304, 310, 309,
  220, 221, 227, 226, 304, 305, 311, 310,
  221, 222, 228, 227, 305, 306, 312, 311,
  224, 223, 229, 230, 308, 307, 313, 314,
  223, 225, 231, 229, 307, 309, 315, 313,
  225, 226, 232, 231, 309, 310, 316, 315,
  226, 227, 233, 232, 310, 311, 317, 316,
  227, 228, 234, 233, 311, 312, 318, 317,
  230, 229, 235, 236, 314, 313, 319, 320,
  229, 231, 237, 235, 313, 315, 321, 319,
  231, 232, 238, 237, 315, 316, 322, 321,
  232, 233, 239, 238, 316, 317, 323, 322,
  233, 234, 240, 239, 317, 318, 324, 323,
  236, 235, 241, 242, 320, 319, 325, 326,
  235, 237, 243, 241, 319, 321, 327, 325,
  237, 238, 244, 243, 321, 322, 328, 327,
  238, 239, 245, 244, 322, 323, 329, 328,
  239, 240, 246, 245, 323, 324, 330, 329,
  242, 241, 247, 248, 326, 325, 331, 332,
  241, 243, 249, 247, 325, 327, 333, 331,
  243, 244, 250, 249, 327, 328, 334, 333,
  244, 245, 251, 250, 328, 329, 335, 334,
  245, 246, 252, 251, 329, 330, 336, 335,
  253, 254, 255, 256, 337, 338, 339, 340,
  254, 257, 258, 255, 338, 341, 342, 339,
  257, 259, 260, 258, 341, 343, 344, 342,
  259, 261, 262, 260, 343, 345, 346, 344,
  261, 263, 264, 262, 345, 347, 348, 346,
  256, 255, 265, 266, 340, 339, 349, 350,
  255, 258, 267, 265, 339, 342, 351, 349,
  258, 260, 268, 267, 342, 344, 352, 351,
  260, 262, 269, 268, 344, 346, 353, 352,
  262, 264, 270, 269, 346, 348, 354, 353,
  266, 265, 271, 272, 350, 349, 355, 356,
  265, 267, 273, 271, 349, 351, 357, 355,
  267, 268, 274, 273, 351, 352, 358, 357,
  268, 269, 275, 274, 352, 353, 359, 358,
  269, 270, 276, 275, 353, 354, 360, 359,
  272, 271, 277, 278, 356, 355, 361, 362,
  271, 273, 279, 277, 355, 357, 363, 361,
  273, 274, 280, 279, 357, 358, 364, 363,
  274, 275, 281, 280, 358, 359, 365, 364,
  275, 276, 282, 281, 359, 360, 366, 365,
  278, 277, 283, 284, 362, 361, 367, 368,
  277, 279, 285, 283, 361, 363, 369, 367,
  279, 280, 286, 285, 363, 364, 370, 369,
  280, 281, 287, 286, 364, 365, 371, 370,
  281, 282, 288, 287, 365, 366, 372, 371,
  284, 283, 289, 290, 368, 367, 373, 374,
  283, 285, 291, 289, 367, 369, 375, 373,
  285, 286, 292, 291, 369, 370, 376, 375,
  286, 287, 293, 292, 370, 371, 377, 376,
  287, 288, 294, 293, 371, 372, 378, 377,
  290, 289, 295, 296, 374, 373, 379, 380,
  289, 291, 297, 295, 373, 375, 381, 379,
  291, 292, 298, 297, 375, 376, 382, 381,
  292, 293, 299, 298, 376, 377, 383, 382,
  293, 294, 300, 299, 377, 378, 384, 383,
  296, 295, 301, 302, 380, 379, 385, 386,
  295, 297, 303, 301, 379, 381, 387, 385,
  297, 298, 304, 303, 381, 382, 388, 387,
  298, 299, 305, 304, 382, 383, 389, 388,
  299, 300, 306, 305, 383, 384, 390, 389,
  302, 301, 307, 308, 386, 385, 391, 392,
  301, 303, 309, 307, 385, 387, 393, 391,
  303, 304, 310, 309, 387, 388, 394, 393,
  304, 305, 311, 310, 388, 389, 395, 394,
  305, 306, 312, 311, 389, 390, 396, 395,
  308, 307, 313, 314, 392, 391, 397, 398,
  307, 309, 315, 313, 391, 393, 399, 397,
  309, 310, 316, 315, 393, 394, 400, 399,
  310, 311, 317, 316, 394, 395, 401, 400,
  311, 312, 318, 317, 395, 396, 402, 401,
  314, 313, 319, 320, 398, 397, 403, 404,
  313, 315, 321, 319, 397, 399, 405, 403,
  315, 316, 322, 321, 399, 400, 406, 405,
  316, 317, 323, 322, 400, 401, 407, 406,
  317, 318, 324, 323, 401, 402, 408, 407,
  320, 319, 325, 326, 404, 403, 409, 410,
  319, 321, 327, 325, 403, 405, 411, 409,
  321, 322, 328, 327, 405, 406, 412, 411,
  322, 323, 329, 328, 406, 407, 413, 412,
  323, 324, 330, 329, 407, 408, 414, 413,
  326, 325, 331, 332, 410, 409, 415, 416,
  325, 327, 333, 331, 409, 411, 417, 415,
  327, 328, 334, 333, 411, 412, 418, 417,
  328, 329, 335, 334, 412, 413, 419, 418,
  329, 330, 336, 335, 413, 414, 420, 419,
  337, 338, 339, 340, 421, 422, 423, 424,
  338, 341, 342, 339, 422, 425, 426, 423,
  341, 343, 344, 342, 425, 427, 428, 426,
  343, 345, 346, 344, 427, 429, 430, 428,
  345, 347, 348, 346, 429, 431, 432, 430,
  340, 339, 349, 350, 424, 423, 433, 434,
  339, 342, 351, 349, 423, 426, 435, 433,
  342, 344, 352, 351, 426, 428, 436, 435,
  344, 346, 353, 352, 428, 430, 437, 436,
  346, 348, 354, 353, 430, 432, 438, 437,
  350, 349, 355, 356, 434, 433, 439, 440,
  349, 351, 357, 355, 433, 435, 441, 439,
  351, 352, 358, 357, 435, 436, 442, 441,
  352, 353, 359, 358, 436, 437, 443, 442,
  353, 354, 360, 359, 437, 438, 444, 443,
  356, 355, 361, 362, 440, 439, 445, 446,
  355, 357, 363, 361, 439, 441, 447, 445,
  357, 358, 364, 363, 441, 442, 448, 447,
  358, 359, 365, 364, 442, 443, 449, 448,
  359, 360, 366, 365, 443, 444, 450, 449,
  362, 361, 367, 368, 446, 445, 451, 452,
  361, 363, 369, 367, 445, 447, 453, 451,
  363, 364, 370, 369, 447, 448, 454, 453,
  364, 365, 371, 370, 448, 449, 455, 454,
  365, 366, 372, 371, 449, 450, 456, 455,
  368, 367, 373, 374, 452, 451, 457, 458,
  367, 369, 375, 373, 451, 453, 459, 457,
  369, 370, 376, 375, 453, 454, 460, 459,
  370, 371, 377, 376, 454, 455, 461, 460,
  371, 372, 378, 377, 455, 456, 462, 461,
  374, 373, 379, 380, 458, 457, 463, 464,
  373, 375, 381, 379, 457, 459, 465, 463,
  375, 376, 382, 381, 459, 460, 466, 465,
  376, 377, 383, 382, 460, 461, 467, 466,
  377, 378, 384, 383, 461, 462, 468, 467,
  380, 379, 385, 386, 464, 463, 469, 470,
  379, 381, 387, 385, 463, 465, 471, 469,
  381, 382, 388, 387, 465, 466, 472, 471,
  382, 383, 389, 388, 466, 467, 473, 472,
  383, 384, 390, 389, 467, 468, 474, 473,
  386, 385, 391, 392, 470, 469, 475, 476,
  385, 387, 393, 391, 469, 471, 477, 475,
  387, 388, 394, 393, 471, 472, 478, 477,
  388, 389, 395, 394, 472, 473, 479, 478,
  389, 390, 396, 395, 473, 474, 480, 479,
  392, 391, 397, 398, 476, 475, 481, 482,
  391, 393, 399, 397, 475, 477, 483, 481,
  393, 394, 400, 399, 477, 478, 484, 483,
  394, 395, 401, 400, 478, 479, 485, 484,
  395, 396, 402, 401, 479, 480, 486, 485,
  398, 397, 403, 404, 482, 481, 487, 488,
  397, 399, 405, 403, 481, 483, 489, 487,
  399, 400, 406, 405, 483, 484, 490, 489,
  400, 401, 407, 406, 484, 485, 491, 490,
  401, 402, 408, 407, 485, 486, 492, 491,
  404, 403, 409, 410, 488, 487, 493, 494,
  403, 405, 411, 409, 487, 489, 495, 493,
  405, 406, 412, 411, 489, 490, 496, 495,
  406, 407, 413, 412, 490, 491, 497, 496,
  407, 408, 414, 413, 491, 492, 498, 497,
  410, 409, 415, 416, 494, 493, 499, 500,
  409, 411, 417, 415, 493, 495, 501, 499,
  411, 412, 418, 417, 495, 496, 502, 501,
  412, 413, 419, 418, 496, 497, 503, 502,
  413, 414, 420, 419, 497, 498, 504, 503,
  421, 422, 423, 424, 505, 506, 507, 508,
  422, 425, 426, 423, 506, 509, 510, 507,
  425, 427, 428, 426, 509, 511, 512, 510,
  427, 429, 430, 428, 511, 513, 514, 512,
  429, 431, 432, 430, 513, 515, 516, 514,
  424, 423, 433, 434, 508, 507, 517, 518,
  423, 426, 435, 433, 507, 510, 519, 517,
  426, 428, 436, 435, 510, 512, 520, 519,
  428, 430, 437, 436, 512, 514, 521, 520,
  430, 432, 438, 437, 514, 516, 522, 521,
  434, 433, 439, 440, 518, 517, 523, 524,
  433, 435, 441, 439, 517, 519, 525, 523,
  435, 436, 442, 441, 519, 520, 526, 525,
  436, 437, 443, 442, 520, 521, 527, 526,
  437, 438, 444, 443, 521, 522, 528, 527,
  440, 439, 445, 446, 524, 523, 529, 530,
  439, 441, 447, 445, 523, 525, 531, 529,
  441, 442, 448, 447, 525, 526, 532, 531,
  442, 443, 449, 448, 526, 527, 533, 532,
  443, 444, 450, 449, 527, 528, 534, 533,
  446, 445, 451, 452, 530, 529, 535, 536,
  445, 447, 453, 451, 529, 531, 537, 535,
  447, 448, 454, 453, 531, 532, 538, 537,
  448, 449, 455, 454, 532, 533, 539, 538,
  449, 450, 456, 455, 533, 534, 540, 539,
  452, 451, 457, 458, 536, 535, 541, 542,
  451, 453, 459, 457, 535, 537, 543, 541,
  453, 454, 460, 459, 537, 538, 544, 543,
  454, 455, 461, 460, 538, 539, 545, 544,
  455, 456, 462, 461, 539, 540, 546, 545,
  458, 457, 463, 464, 542, 541, 547, 548,
  457, 459, 465, 463, 541, 543, 549, 547,
  459, 460, 466, 465, 543, 544, 550, 549,
  460, 461, 467, 466, 544, 545, 551, 550,
  461, 462, 468, 467, 545, 546, 552, 551,
  464, 463, 469, 470, 548, 547, 553, 554,
  463, 465, 471, 469, 547, 549, 555, 553,
  465, 466, 472, 471, 549, 550, 556, 555,
  466, 467, 473, 472, 550, 551, 557, 556,
  467, 468, 474, 473, 551, 552, 558, 557,
  470, 469, 475, 476, 554, 553, 559, 560,
  469, 471, 477, 475, 553, 555, 561, 559,
  471, 472, 478, 477, 555, 556, 562, 561,
  472, 473, 479, 478, 556, 557, 563, 562,
  473, 474, 480, 479, 557, 558, 564, 563,
  476, 475, 481, 482, 560, 559, 565, 566,
  475, 477, 483, 481, 559, 561, 567, 565,
  477, 478, 484, 483, 561, 562, 568, 567,
  478, 479, 485, 484, 562, 563, 569, 568,
  479, 480, 486, 485, 563, 564, 570, 569,
  482, 481, 487, 488, 566, 565, 571, 572,
  481, 483, 489, 487, 565, 567, 573, 571,
  483, 484, 490, 489, 567, 568, 574, 573,
  484, 485, 491, 490, 568, 569, 575, 574,
  485, 486, 492, 491, 569, 570, 576, 575,
  488, 487, 493, 494, 572, 571, 577, 578,
  487, 489, 495, 493, 571, 573, 579, 577,
  489, 490, 496, 495, 573, 574, 580, 579,
  490, 491, 497, 496, 574, 575, 581, 580,
  491, 492, 498, 497, 575, 576, 582, 581,
  494, 493, 499, 500, 578, 577, 583, 584,
  493, 495, 501, 499, 577, 579, 585, 583,
  495, 496, 502, 501, 579, 580, 586, 585,
  496, 497, 503, 502, 580, 581, 587, 586,
  497, 498, 504, 503, 581, 582, 588, 587,
  505, 506, 507, 508, 589, 590, 591, 592,
  506, 509, 510, 507, 590, 593, 594, 591,
  509, 511, 512, 510, 593, 595, 596, 594,
  511, 513, 514, 512, 595, 597, 598, 596,
  513, 515, 516, 514, 597, 599, 600, 598,
  508, 507, 517, 518, 592, 591, 601, 602,
  507, 510, 519, 517, 591, 594, 603, 601,
  510, 512, 520, 519, 594, 596, 604, 603,
  512, 514, 521, 520, 596, 598, 605, 604,
  514, 516, 522, 521, 598, 600, 606, 605,
  518, 517, 523, 524, 602, 601, 607, 608,
  517, 519, 525, 523, 601, 603, 609, 607,
  519, 520, 526, 525, 603, 604, 610, 609,
  520, 521, 527, 526, 604, 605, 611, 610,
  521, 522, 528, 527, 605, 606, 612, 611,
  524, 523, 529, 530, 608, 607, 613, 614,
  523, 525, 531, 529, 607, 609, 615, 613,
  525, 526, 532, 531, 609, 610, 616, 615,
  526, 527, 533, 532, 610, 611, 617, 616,
  527, 528, 534, 533, 611, 612, 618, 617,
  530, 529, 535, 536, 614, 613, 619, 620,
  529, 531, 537, 535, 613, 615, 621, 619,
  531, 532, 538, 537, 615, 616, 622, 621,
  532, 533, 539, 538, 616, 617, 623, 622,
  533, 534, 540, 539, 617, 618, 624, 623,
  536, 535, 541, 542, 620, 619, 625, 626,
  535, 537, 543, 541, 619, 621, 627, 625,
  537, 538, 544, 543, 621, 622, 628, 627,
  538, 539, 545, 544, 622, 623, 629, 628,
  539, 540, 546, 545, 623, 624, 630, 629,
  542, 541, 547, 548, 626, 625, 631, 632,
  541, 543, 549, 547, 625, 627, 633, 631,
  543, 544, 550, 549, 627, 628, 634, 633,
  544, 545, 551, 550, 628, 629, 635, 634,
  545, 546, 552, 551, 629, 630, 636, 635,
  548, 547, 553, 554, 632, 631, 637, 638,
  547, 549, 555, 553, 631, 633, 639, 637,
  549, 550, 556, 555, 633, 634, 640, 639,
  550, 551, 557, 556, 634, 635, 641, 640,
  551, 552, 558, 557, 635, 636, 642, 641,
  554, 553, 559, 560, 638, 637, 643, 644,
  553, 555, 561, 559, 637, 639, 645, 643,
  555, 556, 562, 561, 639, 640, 646, 645,
  556, 557, 563, 562, 640, 641, 647, 646,
  557, 558, 564, 563, 641, 642, 648, 647,
  560, 559, 565, 566, 644, 643, 649, 650,
  559, 561, 567, 565, 643, 645, 651, 649,
  561, 562, 568, 567, 645, 646, 652, 651,
  562, 563, 569, 568, 646, 647, 653, 652,
  563, 564, 570, 569, 647, 648, 654, 653,
  566, 565, 571, 572, 650, 649, 655, 656,
  565, 567, 573, 571, 649, 651, 657, 655,
  567, 568, 574, 573, 651, 652, 658, 657,
  568, 569, 575, 574, 652, 653, 659, 658,
  569, 570, 576, 575, 653, 654, 660, 659,
  572, 571, 577, 578, 656, 655, 661, 662,
  571, 573, 579, 577, 655, 657, 663, 661,
  573, 574, 580, 579, 657, 658, 664, 663,
  574, 575, 581, 580, 658, 659, 665, 664,
  575, 576, 582, 581, 659, 660, 666, 665,
  578, 577, 583, 584, 662, 661, 667, 668,
  577, 579, 585, 583, 661, 663, 669, 667,
  579, 580, 586, 585, 663, 664, 670, 669,
  580, 581, 587, 586, 664, 665, 671, 670,
  581, 582, 588, 587, 665, 666, 672, 671,
  589, 590, 591, 592, 673, 674, 675, 676,
  590, 593, 594, 591, 674, 677, 678, 675,
  593, 595, 596, 594, 677, 679, 680, 678,
  595, 597, 598, 596, 679, 681, 682, 680,
  597, 599, 600, 598, 681, 683, 684, 682,
  592, 591, 601, 602, 676, 675, 685, 686,
  591, 594, 603, 601, 675, 678, 687, 685,
  594, 596, 604, 603, 678, 680, 688, 687,
  596, 598, 605, 604, 680, 682, 689, 688,
  598, 600, 606, 605, 682, 684, 690, 689,
  602, 601, 607, 608, 686, 685, 691, 692,
  601, 603, 609, 607, 685, 687, 693, 691,
  603, 604, 610, 609, 687, 688, 694, 693,
  604, 605, 611, 610, 688, 689, 695, 694,
  605, 606, 612, 611, 689, 690, 696, 695,
  608, 607, 613, 614, 692, 691, 697, 698,
  607, 609, 615, 613, 691, 693, 699, 697,
  609, 610, 616, 615, 693, 694, 700, 699,
  610, 611, 617, 616, 694, 695, 701, 700,
  611, 612, 618, 617, 695, 696, 702, 701,
  614, 613, 619, 620, 698, 697, 703, 704,
  613, 615, 621, 619, 697, 699, 705, 703,
  615, 616, 622, 621, 699, 700, 706, 705,
  616, 617, 623, 622, 700, 701, 707, 706,
  617, 618, 624, 623, 701, 702, 708, 707,
  620, 619, 625, 626, 704, 703, 709, 710,
  619, 621, 627, 625, 703, 705, 711, 709,
  621, 622, 628, 627, 705, 706, 712, 711,
  622, 623, 629, 628, 706, 707, 713, 712,
  623, 624, 630, 629, 707, 708, 714, 713,
  626, 625, 631, 632, 710, 709, 715, 716,
  625, 627, 633, 631, 709, 711, 717, 715,
  627, 628, 634, 633, 711, 712, 718, 717,
  628, 629, 635, 634, 712, 713, 719, 718,
  629, 630, 636, 635, 713, 714, 720, 719,
  632, 631, 637, 638, 716, 715, 721, 722,
  631, 633, 639, 637, 715, 717, 723, 721,
  633, 634, 640, 639, 717, 718, 724, 723,
  634, 635, 641, 640, 718, 719, 725, 724,
  635, 636, 642, 641, 719, 720, 726, 725,
  638, 637, 643, 644, 722, 721, 727, 728,
  637, 639, 645, 643, 721, 723, 729, 727,
  639, 640, 646, 645, 723, 724, 730, 729,
  640, 641, 647, 646, 724, 725, 731, 730,
  641, 642, 648, 647, 725, 726, 732, 731,
  644, 643, 649, 650, 728, 727, 733, 734,
  643, 645, 651, 649, 727, 729, 735, 733,
  645, 646, 652, 651, 729, 730, 736, 735,
  646, 647, 653, 652, 730, 731, 737, 736,
  647, 648, 654, 653, 731, 732, 738, 737,
  650, 649, 655, 656, 734, 733, 739, 740,
  649, 651, 657, 655, 733, 735, 741, 739,
  651, 652, 658, 657, 735, 736, 742, 741,
  652, 653, 659, 658, 736, 737, 743, 742,
  653, 654, 660, 659, 737, 738, 744, 743,
  656, 655, 661, 662, 740, 739, 745, 746,
  655, 657, 663, 661, 739, 741, 747, 745,
  657, 658, 664, 663, 741, 742, 748, 747,
  658, 659, 665, 664, 742, 743, 749, 748,
  659, 660, 666, 665, 743, 744, 750, 749,
  662, 661, 667, 668, 746, 745, 751, 752,
  661, 663, 669, 667, 745, 747, 753, 751,
  663, 664, 670, 669, 747, 748, 754, 753,
  664, 665, 671, 670, 748, 749, 755, 754,
  665, 666, 672, 671, 749, 750, 756, 755,
  673, 674, 675, 676, 757, 758, 759, 760,
  674, 677, 678, 675, 758, 761, 762, 759,
  677, 679, 680, 678, 761, 763, 764, 762,
  679, 681, 682, 680, 763, 765, 766, 764,
  681, 683, 684, 682, 765, 767, 768, 766,
  676, 675, 685, 686, 760, 759, 769, 770,
  675, 678, 687, 685, 759, 762, 771, 769,
  678, 680, 688, 687, 762, 764, 772, 771,
  680, 682, 689, 688, 764, 766, 773, 772,
  682, 684, 690, 689, 766, 768, 774, 773,
  686, 685, 691, 692, 770, 769, 775, 776,
  685, 687, 693, 691, 769, 771, 777, 775,
  687, 688, 694, 693, 771, 772, 778, 777,
  688, 689, 695, 694, 772, 773, 779, 778,
  689, 690, 696, 695, 773, 774, 780, 779,
  692, 691, 697, 698, 776, 775, 781, 782,
  691, 693, 699, 697, 775, 777, 783, 781,
  693, 694, 700, 699, 777, 778, 784, 783,
  694, 695, 701, 700, 778, 779, 785, 784,
  695, 696, 702, 701, 779, 780, 786, 785,
  698, 697, 703, 704, 782, 781, 787, 788,
  697, 699, 705, 703, 781, 783, 789, 787,
  699, 700, 706, 705, 783, 784, 790, 789,
  700, 701, 707, 706, 784, 785, 791, 790,
  701, 702, 708, 707, 785, 786, 792, 791,
  704, 703, 709, 710, 788, 787, 793, 794,
  703, 705, 711, 709, 787, 789, 795, 793,
  705, 706, 712, 711, 789, 790, 796, 795,
  706, 707, 713, 712, 790, 791, 797, 796,
  707, 708, 714, 713, 791, 792, 798, 797,
  710, 709, 715, 716, 794, 793, 799, 800,
  709, 711, 717, 715, 793, 795, 801, 799,
  711, 712, 718, 717, 795, 796, 802, 801,
  712, 713, 719, 718, 796, 797, 803, 802,
  713, 714, 720, 719, 797, 798, 804, 803,
  716, 715, 721, 722, 800, 799, 805, 806,
  715, 717, 723, 721, 799, 801, 807, 805,
  717, 718, 724, 723, 801, 802, 808, 807,
  718, 719, 725, 724, 802, 803, 809, 808,
  719, 720, 726, 725, 803, 804, 810, 809,
  722, 721, 727, 728, 806, 805, 811, 812,
  721, 723, 729, 727, 805, 807, 813, 811,
  723, 724, 730, 729, 807, 808, 814, 813,
  724, 725, 731, 730, 808, 809, 815, 814,
  725, 726, 732, 731, 809, 810, 816, 815,
  728, 727, 733, 734, 812, 811, 817, 818,
  727, 729, 735, 733, 811, 813, 819, 817,
  729, 730, 736, 735, 813, 814, 820, 819,
  730, 731, 737, 736, 814, 815, 821, 820,
  731, 732, 738, 737, 815, 816, 822, 821,
  734, 733, 739, 740, 818, 817, 823, 824,
  733, 735, 741, 739, 817, 819, 825, 823,
  735, 736, 742, 741, 819, 820, 826, 825,
  736, 737, 743, 742, 820, 821, 827, 826,
  737, 738, 744, 743, 821, 822, 828, 827,
  740, 739, 745, 746, 824, 823, 829, 830,
  739, 741, 747, 745, 823, 825, 831, 829,
  741, 742, 748, 747, 825, 826, 832, 831,
  742, 743, 749, 748, 826, 827, 833, 832,
  743, 744, 750, 749, 827, 828, 834, 833,
  746, 745, 751, 752, 830, 829, 835, 836,
  745, 747, 753, 751, 829, 831, 837, 835,
  747, 748, 754, 753, 831, 832, 838, 837,
  748, 749, 755, 754, 832, 833, 839, 838,
  749, 750, 756, 755, 833, 834, 840, 839,
  757, 758, 759, 760, 841, 842, 843, 844,
  758, 761, 762, 759, 842, 845, 846, 843,
  761, 763, 764, 762, 845, 847, 848, 846,
  763, 765, 766, 764, 847, 849, 850, 848,
  765, 767, 768, 766, 849, 851, 852, 850,
  760, 759, 769, 770, 844, 843, 853, 854,
  759, 762, 771, 769, 843, 846, 855, 853,
  762, 764, 772, 771, 846, 848, 856, 855,
  764, 766, 773, 772, 848, 850, 857, 856,
  766, 768, 774, 773, 850, 852, 858, 857,
  770, 769, 775, 776, 854, 853, 859, 860,
  769, 771, 777, 775, 853, 855, 861, 859,
  771, 772, 778, 777, 855, 856, 862, 861,
  772, 773, 779, 778, 856, 857, 863, 862,
  773, 774, 780, 779, 857, 858, 864, 863,
  776, 775, 781, 782, 860, 859, 865, 866,
  775, 777, 783, 781, 859, 861, 867, 865,
  777, 778, 784, 783, 861, 862, 868, 867,
  778, 779, 785, 784, 862, 863, 869, 868,
  779, 780, 786, 785, 863, 864, 870, 869,
  782, 781, 787, 788, 866, 865, 871, 872,
  781, 783, 789, 787, 865, 867, 873, 871,
  783, 784, 790, 789, 867, 868, 874, 873,
  784, 785, 791, 790, 868, 869, 875, 874,
  785, 786, 792, 791, 869, 870, 876, 875,
  788, 787, 793, 794, 872, 871, 877, 878,
  787, 789, 795, 793, 871, 873, 879, 877,
  789, 790, 796, 795, 873, 874, 880, 879,
  790, 791, 797, 796, 874, 875, 881, 880,
  791, 792, 798, 797, 875, 876, 882, 881,
  794, 793, 799, 800, 878, 877, 883, 884,
  793, 795, 801, 799, 877, 879, 885, 883,
  795, 796, 802, 801, 879, 880, 886, 885,
  796, 797, 803, 802, 880, 881, 887, 886,
  797, 798, 804, 803, 881, 882, 888, 887,
  800, 799, 805, 806, 884, 883, 889, 890,
  799, 801, 807, 805, 883, 885, 891, 889,
  801, 802, 808, 807, 885, 886, 892, 891,
  802, 803, 809, 808, 886, 887, 893, 892,
  803, 804, 810, 809, 887, 888, 894, 893,
  806, 805, 811, 812, 890, 889, 895, 896,
  805, 807, 813, 811, 889, 891, 897, 895,
  807, 808, 814, 813, 891, 892, 898, 897,
  808, 809, 815, 814, 892, 893, 899, 898,
  809, 810, 816, 815, 893, 894, 900, 899,
  812, 811, 817, 818, 896, 895, 901, 902,
  811, 813, 819, 817, 895, 897, 903, 901,
  813, 814, 820, 819, 897, 898, 904, 903,
  814, 815, 821, 820, 898, 899, 905, 904,
  815, 816, 822, 821, 899, 900, 906, 905,
  818, 817, 823, 824, 902, 901, 907, 908,
  817, 819, 825, 823, 901, 903, 909, 907,
  819, 820, 826, 825, 903, 904, 910, 909,
  820, 821, 827, 826, 904, 905, 911, 910,
  821, 822, 828, 827, 905, 906, 912, 911,
  824, 823, 829, 830, 908, 907, 913, 914,
  823, 825, 831, 829, 907, 909, 915, 913,
  825, 826, 832, 831, 909, 910, 916, 915,
  826, 827, 833, 832, 910, 911, 917, 916,
  827, 828, 834, 833, 911, 912, 918, 917,
  830, 829, 835, 836, 914, 913, 919, 920,
  829, 831, 837, 835, 913, 915, 921, 919,
  831, 832, 838, 837, 915, 916, 922, 921,
  832, 833, 839, 838, 916, 917, 923, 922,
  833, 834, 840, 839, 917, 918, 924, 923,
  21, 925, 926, 22, 23, 927, 928, 24,
  925, 929, 930, 926, 927, 931, 932, 928,
  929, 933, 934, 930, 931, 935, 936, 932,
  22, 926, 937, 35, 24, 928, 938, 36,
  926, 930, 939, 937, 928, 932, 940, 938,
  930, 934, 941, 939, 932, 936, 942, 940,
  35, 937, 943, 47, 36, 938, 944, 48,
  937, 939, 945, 943, 938, 940, 946, 944,
  939, 941, 947, 945, 940, 942, 948, 946,
  47, 943, 949, 59, 48, 944, 950, 60,
  943, 945, 951, 949, 944, 946, 952, 950,
  945, 947, 953, 951, 946, 948, 954, 952,
  59, 949, 955, 71, 60, 950, 956, 72,
  949, 951, 957, 955, 950, 952, 958, 956,
  951, 953, 959, 957, 952, 954, 960, 958,
  71, 955, 961, 83, 72, 956, 962, 84,
  955, 957, 963, 961, 956, 958, 964, 962,
  957, 959, 965, 963, 958, 960, 966, 964,
  83, 961, 967, 95, 84, 962, 968, 96,
  961, 963, 969, 967, 962, 964, 970, 968,
  963, 965, 971, 969, 964, 966, 972, 970,
  95, 967, 973, 107, 96, 968, 974, 108,
  967, 969, 975, 973, 968, 970, 976, 974,
  969, 971, 977, 975, 970, 972, 978, 976,
  107, 973, 979, 119, 108, 974, 980, 120,
  973, 975, 981, 979, 974, 976, 982, 980,
  975, 977, 983, 981, 976, 978, 984, 982,
  119, 979, 985, 131, 120, 980, 986, 132,
  979, 981, 987, 985, 980, 982, 988, 986,
  981, 983, 989, 987, 982, 984, 990, 988,
  131, 985, 991, 143, 132, 986, 992, 144,
  985, 987, 993, 991, 986, 988, 994, 992,
  987, 989, 995, 993, 988, 990, 996, 994,
  143, 991, 997, 155, 144, 992, 998, 156,
  991, 993, 999, 997, 992, 994, 1000, 998,
  993, 995, 1001, 999, 994, 996, 1002, 1000,
  155, 997, 1003, 167, 156, 998, 1004, 168,
  997, 999, 1005, 1003, 998, 1000, 1006, 1004,
  999, 1001, 1007, 1005, 1000, 1002, 1008, 1006,
  23, 927, 928, 24, 179, 1009, 1010, 180,
  927, 931, 932, 928, 1009, 1011, 1012, 1010,
  931, 935, 936, 932, 1011, 1013, 1014, 1012,
  24, 928, 938, 36, 180, 1010, 1015, 186,
  928, 932, 940, 938, 1010, 1012, 1016, 1015,
  932, 936, 942, 940, 1012, 1014, 1017, 1016,
  36, 938, 944, 48, 186, 1015, 1018, 192,
  938, 940, 946, 944, 1015, 1016, 1019, 1018,
  940, 942, 948, 946, 1016, 1017, 1020, 1019,
  48, 944, 950, 60, 192, 1018, 1021, 198,
  944, 946, 952, 950, 1018, 1019, 1022, 1021,
  946, 948, 954, 952, 1019, 1020, 1023, 1022,
  60, 950, 956, 72, 198, 1021, 1024, 204,
  950, 952, 958, 956, 1021, 1022, 1025, 1024,
  952, 954, 960, 958, 1022, 1023, 1026, 1025,
  72, 956, 962, 84, 204, 1024, 1027, 210,
  956, 958, 964, 962, 1024, 1025, 1028, 1027,
  958, 960, 966, 964, 1025, 1026, 1029, 1028,
  84, 962, 968, 96, 210, 1027, 1030, 216,
  962, 964, 970, 968, 1027, 1028, 1031, 1030,
  964, 966, 972, 970, 1028, 1029, 1032, 1031,
  96, 968, 974, 108, 216, 1030, 1033, 222,
  968, 970, 976, 974, 1030, 1031, 1034, 1033,
  970, 972, 978, 976, 1031, 1032, 1035, 1034,
  108, 974, 980, 120, 222, 1033, 1036, 228,
  974, 976, 982, 980, 1033, 1034, 1037, 1036,
  976, 978, 984, 982, 1034, 1035, 1038, 1037,
  120, 980, 986, 132, 228, 1036, 1039, 234,
  980, 982, 988, 986, 1036, 1037, 1040, 1039,
  982, 984, 990, 988, 1037, 1038, 1041, 1040,
  132, 986, 992, 144, 234, 1039, 1042, 240,
  986, 988, 994, 992, 1039, 1040, 1043, 1042,
  988, 990, 996, 994, 1040, 1041, 1044, 1043,
  144, 992, 998, 156, 240, 1042, 1045, 246,
  992, 994, 1000, 998, 1042, 1043, 1046, 1045,
  994, 996, 1002, 1000, 1043, 1044, 1047, 1046,
  156, 998, 1004, 168, 246, 1045, 1048, 252,
  998, 1000, 1006, 1004, 1045, 1046, 1049, 1048,
  1000, 1002, 1008, 1006, 1046, 1047, 1050, 1049,
  179, 1009, 1010, 180, 263, 1051, 1052, 264,
  1009, 1011, 1012, 1010, 1051, 1053, 1054, 1052,
  1011, 1013, 1014, 1012, 1053, 1055, 1056, 1054,
  180, 1010, 1015, 186, 264, 1052, 1057, 270,
  1010, 1012, 1016, 1015, 1052, 1054, 1058, 1057,
  1012, 1014, 1017, 1016, 1054, 1056, 1059, 1058,
  186, 1015, 1018, 192, 270, 1057, 1060, 276,
  1015, 1016, 1019, 1018, 1057, 1058, 1061, 1060,
  1016, 1017, 1020, 1019, 1058, 1059, 1062, 1061,
  192, 1018, 1021, 198, 276, 1060, 1063, 282,
  1018, 1019, 1022, 1021, 1060, 1061, 1064, 1063,
  1019, 1020, 1023, 1022, 1061, 1062, 1065, 1064,
  198, 1021, 1024, 204, 282, 1063, 1066, 288,
  1021, 1022, 1025, 1024, 1063, 1064, 1067, 1066,
  1022, 1023, 1026, 1025, 1064, 1065, 1068, 1067,
  204, 1024, 1027, 210, 288, 1066, 1069, 294,
  1024, 1025, 1028, 1027, 1066, 1067, 1070, 1069,
  1025, 1026, 1029, 1028, 1067, 1068, 1071, 1070,
  210, 1027, 1030, 216, 294, 1069, 1072, 300,
  1027, 1028, 1031, 1030, 1069, 1070, 1073, 1072,
  1028, 1029, 1032, 1031, 1070, 1071, 1074, 1073,
  216, 1030, 1033, 222, 300, 1072, 1075, 306,
  1030, 1031, 1034, 1033, 1072, 1073, 1076, 1075,
  1031, 1032, 1035, 1034, 1073, 1074, 1077, 1076,
  222, 1033, 1036, 228, 306, 1075, 1078, 312,
  1033, 1034, 1037, 1036, 1075, 1076, 1079, 1078,
  1034, 1035, 1038, 1037, 1076, 1077, 1080, 1079,
  228, 1036, 1039, 234, 312, 1078, 1081, 318,
  1036, 1037, 1040, 1039, 1078, 1079, 1082, 1081,
  1037, 1038, 1041, 1040, 1079, 1080, 1083, 1082,
  234, 1039, 1042, 240, 318, 1081, 1084, 324,
  1039, 1040, 1043, 1042, 1081, 1082, 1085, 1084,
  1040, 1041, 1044, 1043, 1082, 1083, 1086, 1085,
  240, 1042, 1045, 246, 324, 1084, 1087, 330,
  1042, 1043, 1046, 1045, 1084, 1085, 1088, 1087,
  1043, 1044, 1047, 1046, 1085, 1086, 1089, 1088,
  246, 1045, 1048, 252, 330, 1087, 1090, 336,
  1045, 1046, 1049, 1048, 1087, 1088, 1091, 1090,
  1046, 1047, 1050, 1049, 1088, 1089, 1092, 1091,
  263, 1051, 1052, 264, 347, 1093, 1094, 348,
  1051, 1053, 1054, 1052, 1093, 1095, 1096, 1094,
  1053, 1055, 1056, 1054, 1095, 1097, 1098, 1096,
  264, 1052, 1057, 270, 348, 1094, 1099, 354,
  1052, 1054, 1058, 1057, 1094, 1096, 1100, 1099,
  1054, 1056, 1059, 1058, 1096, 1098, 1101, 1100,
  270, 1057, 1060, 276, 354, 1099, 1102, 360,
  1057, 1058, 1061, 1060, 1099, 1100, 1103, 1102,
  1058, 1059, 1062, 1061, 1100, 1101, 1104, 1103,
  276, 1060, 1063, 282, 360, 1102, 1105, 366,
  1060, 1061, 1064, 1063, 1102, 1103, 1106, 1105,
  1061, 1062, 1065, 1064, 1103, 1104, 1107, 1106,
  282, 1063, 1066, 288, 366, 1105, 1108, 372,
  1063, 1064, 1067, 1066, 1105, 1106, 1109, 1108,
  1064, 1065, 1068, 1067, 1106, 1107, 1110, 1109,
  288, 1066, 1069, 294, 372, 1108, 1111, 378,
  1066, 1067, 1070, 1069, 1108, 1109, 1112, 1111,
  1067, 1068, 1071, 1070, 1109, 1110, 1113, 1112,
  294, 1069, 1072, 300, 378, 1111, 1114, 384,
  1069, 1070, 1073, 1072, 1111, 1112, 1115, 1114,
  1070, 1071, 1074, 1073, 1112, 1113, 1116, 1115,
  300, 1072, 1075, 306, 384, 1114, 1117, 390,
  1072, 1073, 1076, 1075, 1114, 1115, 1118, 1117,
  1073, 1074, 1077, 1076, 1115, 1116, 1119, 1118,
  306, 1075, 1078, 312, 390, 1117, 1120, 396,
  1075, 1076, 1079, 1078, 1117, 1118, 1121, 1120,
  1076, 1077, 1080, 1079, 1118, 1119, 1122, 1121,
  312, 1078, 1081, 318, 396, 1120, 1123, 402,
  1078, 1079, 1082, 1081, 1120, 1121, 1124, 1123,
  1079, 1080, 1083, 1082, 1121, 1122, 1125, 1124,
  318, 1081, 1084, 324, 402, 1123, 1126, 408,
  1081, 1082, 1085, 1084, 1123, 1124, 1127, 1126,
  1082, 1083, 1086, 1085, 1124, 1125, 1128, 1127,
  324, 1084, 1087, 330, 408, 1126, 1129, 414,
  1084, 1085, 1088, 1087, 1126, 1127, 1130, 1129,
  1085, 1086, 1089, 1088, 1127, 1128, 1131, 1130,
  330, 1087, 1090, 336, 414, 1129, 1132, 420,
  1087, 1088, 1091, 1090, 1129, 1130, 1133, 1132,
  1088, 1089, 1092, 1091, 1130, 1131, 1134, 1133,
  347, 1093, 1094, 348, 431, 1135, 1136, 432,
  1093, 1095, 1096, 1094, 1135, 1137, 1138, 1136,
  1095, 1097, 1098, 1096, 1137, 1139, 1140, 1138,
  348, 1094, 1099, 354, 432, 1136, 1141, 438,
  1094, 1096, 1100, 1099, 1136, 1138, 1142, 1141,
  1096, 1098, 1101, 1100, 1138, 1140, 1143, 1142,
  354, 1099, 1102, 360, 438, 1141, 1144, 444,
  1099, 1100, 1103, 1102, 1141, 1142, 1145, 1144,
  1100, 1101, 1104, 1103, 1142, 1143, 1146, 1145,
  360, 1102, 1105, 366, 444, 1144, 1147, 450,
  1102, 1103, 1106, 1105, 1144, 1145, 1148, 1147,
  1103, 1104, 1107, 1106, 1145, 1146, 1149, 1148,
  366, 1105, 1108, 372, 450, 1147, 1150, 456,
  1105, 1106, 1109, 1108, 1147, 1148, 1151, 1150,
  1106, 1107, 1110, 1109, 1148, 1149, 1152, 1151,
  372, 1108, 1111, 378, 456, 1150, 1153, 462,
  1108, 1109, 1112, 1111, 1150, 1151, 1154, 1153,
  1109, 1110, 1113, 1112, 1151, 1152, 1155, 1154,
  378, 1111, 1114, 384, 462, 1153, 1156, 468,
  1111, 1112, 1115, 1114, 1153, 1154, 1157, 1156,
  1112, 1113, 1116, 1115, 1154, 1155, 1158, 1157,
  384, 1114, 1117, 390, 468, 1156, 1159, 474,
  1114, 1115, 1118, 1117, 1156, 1157, 1160, 1159,
  1115, 1116, 1119, 1118, 1157, 1158, 1161, 1160,
  390, 1117, 1120, 396, 474, 1159, 1162, 480,
  1117, 1118, 1121, 1120, 1159, 1160, 1163, 1162,
  1118, 1119, 1122, 1121, 1160, 1161, 1164, 1163,
  396, 1120, 1123, 402, 480, 1162, 1165, 486,
  1120, 1121, 1124, 1123, 1162, 1163, 1166, 1165,
  1121, 1122, 1125, 1124, 1163, 1164, 1167, 1166,
  402, 1123, 1126, 408, 486, 1165, 1168, 492,
  1123, 1124, 1127, 1126, 1165, 1166, 1169, 1168,
  1124, 1125, 1128, 1127, 1166, 1167, 1170, 1169,
  408, 1126, 1129, 414, 492, 1168, 1171, 498,
  1126, 1127, 1130, 1129, 1168, 1169, 1172, 1171,
  1127, 1128, 1131, 1130, 1169, 1170, 1173, 1172,
  414, 1129, 1132, 420, 498, 1171, 1174, 504,
  1129, 1130, 1133, 1132, 1171, 1172, 1175, 1174,
  1130, 1131, 1134, 1133, 1172, 1173, 1176, 1175,
  431, 1135, 1136, 432, 515, 1177, 1178, 516,
  1135, 1137, 1138, 1136, 1177, 1179, 1180, 1178,
  1137, 1139, 1140, 1138, 1179, 1181, 1182, 1180,
  432, 1136, 1141, 438, 516, 1178, 1183, 522,
  1136, 1138, 1142, 1141, 1178, 1180, 1184, 1183,
  1138, 1140, 1143, 1142, 1180, 1182, 1185, 1184,
  438, 1141, 1144, 444, 522, 1183, 1186, 528,
  1141, 1142, 1145, 1144, 1183, 1184, 1187, 1186,
  1142, 1143, 1146, 1145, 1184, 1185, 1188, 1187,
  444, 1144, 1147, 450, 528, 1186, 1189, 534,
  1144, 1145, 1148, 1147, 1186, 1187, 1190, 1189,
  1145, 1146, 1149, 1148, 1187, 1188, 1191, 1190,
  450, 1147, 1150, 456, 534, 1189, 1192, 540,
  1147, 1148, 1151, 1150, 1189, 1190, 1193, 1192,
  1148, 1149, 1152, 1151, 1190, 1191, 1194, 1193,
  456, 1150, 1153, 462, 540, 1192, 1195, 546,
  1150, 1151, 1154, 1153, 1192, 1193, 1196, 1195,
  1151, 1152, 1155, 1154, 1193, 1194, 1197, 1196,
  462, 1153, 1156, 468, 546, 1195, 1198, 552,
  1153, 1154, 1157, 1156, 1195, 1196, 1199, 1198,
  1154, 1155, 1158, 1157, 1196, 1197, 1200, 1199,
  468, 1156, 1159, 474, 552, 1198, 1201, 558,
  1156, 1157, 1160, 1159, 1198, 1199, 1202, 1201,
  1157, 1158, 1161, 1160, 1199, 1200, 1203, 1202,
  474, 1159, 1162, 480, 558, 1201, 1204, 564,
  1159, 1160, 1163, 1162, 1201, 1202, 1205, 1204,
  1160, 1161, 1164, 1163, 1202, 1203, 1206, 1205,
  480, 1162, 1165, 486, 564, 1204, 1207, 570,
  1162, 1163, 1166, 1165, 1204, 1205, 1208, 1207,
  1163, 1164, 1167, 1166, 1205, 1206, 1209, 1208,
  486, 1165, 1168, 492, 570, 1207, 1210, 576,
  1165, 1166, 1169, 1168, 1207, 1208, 1211, 1210,
  1166, 1167, 1170, 1169, 1208, 1209, 1212, 1211,
  492, 1168, 1171, 498, 576, 1210, 1213, 582,
  1168, 1169, 1172, 1171, 1210, 1211, 1214, 1213,
  1169, 1170, 1173, 1172, 1211, 1212, 1215, 1214,
  498, 1171, 1174, 504, 582, 1213, 1216, 588,
  1171, 1172, 1175, 1174, 1213, 1214, 1217, 1216,
  1172, 1173, 1176, 1175, 1214, 1215, 1218, 1217,
  515, 1177, 1178, 516, 599, 1219, 1220, 600,
  1177, 1179, 1180, 1178, 1219, 1221, 1222, 1220,
  1179, 1181, 1182, 1180, 1221, 1223, 1224, 1222,
  516, 1178, 1183, 522, 600, 1220, 1225, 606,
  1178, 1180, 1184, 1183, 1220, 1222, 1226, 1225,
  1180, 1182, 1185, 1184, 1222, 1224, 1227, 1226,
  522, 1183, 1186, 528, 606, 1225, 1228, 612,
  1183, 1184, 1187, 1186, 1225, 1226, 1229, 1228,
  1184, 1185, 1188, 1187, 1226, 1227, 1230, 1229,
  528, 1186, 1189, 534, 612, 1228, 1231, 618,
  1186, 1187, 1190, 1189, 1228, 1229, 1232, 1231,
  1187, 1188, 1191, 1190, 1229, 1230, 1233, 1232,
  534, 1189, 1192, 540, 618, 1231, 1234, 624,
  1189, 1190, 1193, 1192, 1231, 1232, 1235, 1234,
  1190, 1191, 1194, 1193, 1232, 1233, 1236, 1235,
  540, 1192, 1195, 546, 624, 1234, 1237, 630,
  1192, 1193, 1196, 1195, 1234, 1235, 1238, 1237,
  1193, 1194, 1197, 1196, 1235, 1236, 1239, 1238,
  546, 1195, 1198, 552, 630, 1237, 1240, 636,
  1195, 1196, 1199, 1198, 1237, 1238, 1241, 1240,
  1196, 1197, 1200, 1199, 1238, 1239, 1242, 1241,
  552, 1198, 1201, 558, 636, 1240, 1243, 642,
  1198, 1199, 1202, 1201, 1240, 1241, 1244, 1243,
  1199, 1200, 1203, 1202, 1241, 1242, 1245, 1244,
  558, 1201, 1204, 564, 642, 1243, 1246, 648,
  1201, 1202, 1205, 1204, 1243, 1244, 1247, 1246,
  1202, 1203, 1206, 1205, 1244, 1245, 1248, 1247,
  564, 1204, 1207, 570, 648, 1246, 1249, 654,
  1204, 1205, 1208, 1207, 1246, 1247, 1250, 1249,
  1205, 1206, 1209, 1208, 1247, 1248, 1251, 1250,
  570, 1207, 1210, 576, 654, 1249, 1252, 660,
  1207, 1208, 1211, 1210, 1249, 1250, 1253, 1252,
  1208, 1209, 1212, 1211, 1250, 1251, 1254, 1253,
  576, 1210, 1213, 582, 660, 1252, 1255, 666,
  1210, 1211, 1214, 1213, 1252, 1253, 1256, 1255,
  1211, 1212, 1215, 1214, 1253, 1254, 1257, 1256,
  582, 1213, 1216, 588, 666, 1255, 1258, 672,
  1213, 1214, 1217, 1216, 1255, 1256, 1259, 1258,
  1214, 1215, 1218, 1217, 1256, 1257, 1260, 1259,
  599, 1219, 1220, 600, 683, 1261, 1262, 684,
  1219, 1221, 1222, 1220, 1261, 1263, 1264, 1262,
  1221, 1223, 1224, 1222, 1263, 1265, 1266, 1264,
  600, 1220, 1225, 606, 684, 1262, 1267, 690,
  1220, 1222, 1226, 1225, 1262, 1264, 1268, 1267,
  1222, 1224, 1227, 1226, 1264, 1266, 1269, 1268,
  606, 1225, 1228, 612, 690, 1267, 1270, 696,
  1225, 1226, 1229, 1228, 1267, 1268, 1271, 1270,
  1226, 1227, 1230, 1229, 1268, 1269, 1272, 1271,
  612, 1228, 1231, 618, 696, 1270, 1273, 702,
  1228, 1229, 1232, 1231, 1270, 1271, 1274, 1273,
  1229, 1230, 1233, 1232, 1271, 1272, 1275, 1274,
  618, 1231, 1234, 624, 702, 1273, 1276, 708,
  1231, 1232, 1235, 1234, 1273, 1274, 1277, 1276,
  1232, 1233, 1236, 1235, 1274, 1275, 1278, 1277,
  624, 1234, 1237, 630, 708, 1276, 1279, 714,
  1234, 1235, 1238, 1237, 1276, 1277, 1280, 1279,
  1235, 1236, 1239, 1238, 1277, 1278, 1281, 1280,
  630, 1237, 1240, 636, 714, 1279, 1282, 720,
  1237, 1238, 1241, 1240, 1279, 1280, 1283, 1282,
  1238, 1239, 1242, 1241, 1280, 1281, 1284, 1283,
  636, 1240, 1243, 642, 720, 1282, 1285, 726,
  1240, 1241, 1244, 1243, 1282, 1283, 1286, 1285,
  1241, 1242, 1245, 1244, 1283, 1284, 1287, 1286,
  642, 1243, 1246, 648, 726, 1285, 1288, 732,
  1243, 1244, 1247, 1246, 1285, 1286, 1289, 1288,
  1244, 1245, 1248, 1247, 1286, 1287, 1290, 1289,
  648, 1246, 1249, 654, 732, 1288, 1291, 738,
  1246, 1247, 1250, 1249, 1288, 1289, 1292, 1291,
  1247, 1248, 1251, 1250, 1289, 1290, 1293, 1292,
  654, 1249, 1252, 660, 738, 1291, 1294, 744,
  1249, 1250, 1253, 1252, 1291, 1292, 1295, 1294,
  1250, 1251, 1254, 1253, 1292, 1293, 1296, 1295,
  660, 1252, 1255, 666, 744, 1294, 1297, 750,
  1252, 1253, 1256, 1255, 1294, 1295, 1298, 1297,
  1253, 1254, 1257, 1256, 1295, 1296, 1299, 1298,
  666, 1255, 1258, 672, 750, 1297, 1300, 756,
  1255, 1256, 1259, 1258, 1297, 1298, 1301, 1300,
  1256, 1257, 1260, 1259, 1298, 1299, 1302, 1301,
  683, 1261, 1262, 684, 767, 1303, 1304, 768,
  1261, 1263, 1264, 1262, 1303, 1305, 1306, 1304,
  1263, 1265, 1266, 1264, 1305, 1307, 1308, 1306,
  684, 1262, 1267, 690, 768, 1304, 1309, 774,
  1262, 1264, 1268, 1267, 1304, 1306, 1310, 1309,
  1264, 1266, 1269, 1268, 1306, 1308, 1311, 1310,
  690, 1267, 1270, 696, 774, 1309, 1312, 780,
  1267, 1268, 1271, 1270, 1309, 1310, 1313, 1312,
  1268, 1269, 1272, 1271, 1310, 1311, 1314, 1313,
  696, 1270, 1273, 702, 780, 1312, 1315, 786,
  1270, 1271, 1274, 1273, 1312, 1313, 1316, 1315,
  1271, 1272, 1275, 1274, 1313, 1314, 1317, 1316,
  702, 1273, 1276, 708, 786, 1315, 1318, 792,
  1273, 1274, 1277, 1276, 1315, 1316, 1319, 1318,
  1274, 1275, 1278, 1277, 1316, 1317, 1320, 1319,
  708, 1276, 1279, 714, 792, 1318, 1321, 798,
  1276, 1277, 1280, 1279, 1318, 1319, 1322, 1321,
  1277, 1278, 1281, 1280, 1319, 1320, 1323, 1322,
  714, 1279, 1282, 720, 798, 1321, 1324, 804,
  1279, 1280, 1283, 1282, 1321, 1322, 1325, 1324,
  1280, 1281, 1284, 1283, 1322, 1323, 1326, 1325,
  720, 1282, 1285, 726, 804, 1324, 1327, 810,
  1282, 1283, 1286, 1285, 1324, 1325, 1328, 1327,
  1283, 1284, 1287, 1286, 1325, 1326, 1329, 1328,
  726, 1285, 1288, 732, 810, 1327, 1330, 816,
  1285, 1286, 1289, 1288, 1327, 1328, 1331, 1330,
  1286, 1287, 1290, 1289, 1328, 1329, 1332, 1331,
  732, 1288, 1291, 738, 816, 1330, 1333, 822,
  1288, 1289, 1292, 1291, 1330, 1331, 1334, 1333,
  1289, 1290, 1293, 1292, 1331, 1332, 1335, 1334,
  738, 1291, 1294, 744, 822, 1333, 1336, 828,
  1291, 1292, 1295, 1294, 1333, 1334, 1337, 1336,
  1292, 1293, 1296, 1295, 1334, 1335, 1338, 1337,
  744, 1294, 1297, 750, 828, 1336, 1339, 834,
  1294, 1295, 1298, 1297, 1336, 1337, 1340, 1339,
  1295, 1296, 1299, 1298, 1337, 1338, 1341, 1340,
  750, 1297, 1300, 756, 834, 1339, 1342, 840,
  1297, 1298, 1301, 1300, 1339, 1340, 1343, 1342,
  1298, 1299, 1302, 1301, 1340, 1341, 1344, 1343,
  767, 1303, 1304, 768, 851, 1345, 1346, 852,
  1303, 1305, 1306, 1304, 1345, 1347, 1348, 1346,
  1305, 1307, 1308, 1306, 1347, 1349, 1350, 1348,
  768, 1304, 1309, 774, 852, 1346, 1351, 858,
  1304, 1306, 1310, 1309, 1346, 1348, 1352, 1351,
  1306, 1308, 1311, 1310, 1348, 1350, 1353, 1352,
  774, 1309, 1312, 780, 858, 1351, 1354, 864,
  1309, 1310, 1313, 1312, 1351, 1352, 1355, 1354,
  1310, 1311, 1314, 1313, 1352, 1353, 1356, 1355,
  780, 1312, 1315, 786, 864, 1354, 1357, 870,
  1312, 1313, 1316, 1315, 1354, 1355, 1358, 1357,
  1313, 1314, 1317, 1316, 1355, 1356, 1359, 1358,
  786, 1315, 1318, 792, 870, 1357, 1360, 876,
  1315, 1316, 1319, 1318, 1357, 1358, 1361, 1360,
  1316, 1317, 1320, 1319, 1358, 1359, 1362, 1361,
  792, 1318, 1321, 798, 876, 1360, 1363, 882,
  1318, 1319, 1322, 1321, 1360, 1361, 1364, 1363,
  1319, 1320, 1323, 1322, 1361, 1362, 1365, 1364,
  798, 1321, 1324, 804, 882, 1363, 1366, 888,
  1321, 1322, 1325, 1324, 1363, 1364, 1367, 1366,
  1322, 1323, 1326, 1325, 1364, 1365, 1368, 1367,
  804, 1324, 1327, 810, 888, 1366, 1369, 894,
  1324, 1325, 1328, 1327, 1366, 1367, 1370, 1369,
  1325, 1326, 1329, 1328, 1367, 1368, 1371, 1370,
  810, 1327, 1330, 816, 894, 1369, 1372, 900,
  1327, 1328, 1331, 1330, 1369, 1370, 1373, 1372,
  1328, 1329, 1332, 1331, 1370, 1371, 1374, 1373,
  816, 1330, 1333, 822, 900, 1372, 1375, 906,
  1330, 1331, 1334, 1333, 1372, 1373, 1376, 1375,
  1331, 1332, 1335, 1334, 1373, 1374, 1377, 1376,
  822, 1333, 1336, 828, 906, 1375, 1378, 912,
  1333, 1334, 1337, 1336, 1375, 1376, 1379, 1378,
  1334, 1335, 1338, 1337, 1376, 1377, 1380, 1379,
  828, 1336, 1339, 834, 912, 1378, 1381, 918,
  1336, 1337, 1340, 1339, 1378, 1379, 1382, 1381,
  1337, 1338, 1341, 1340, 1379, 1380, 1383, 1382,
  834, 1339, 1342, 840, 918, 1381, 1384, 924,
  1339, 1340, 1343, 1342, 1381, 1382, 1385, 1384,
  1340, 1341, 1344, 1343, 1382, 1383, 1386, 1385,
  1387, 1388, 1389, 1390, 1391, 1392, 1393, 1394,
  1388, 1395, 1396, 1389, 1392, 1397, 1398, 1393,
  1395, 1399, 1400, 1396, 1397, 1401, 1402, 1398,
  1399, 1403, 1404, 1400, 1401, 1405, 1406, 1402,
  1403, 1407, 1408, 1404, 1405, 1409, 1410, 1406,
  1390, 1389, 1411, 1412, 1394, 1393, 1413, 1414,
  1389, 1396, 1415, 1411, 1393, 1398, 1416, 1413,
  1396, 1400, 1417, 1415, 1398, 1402, 1418, 1416,
  1400, 1404, 1419, 1417, 1402, 1406, 1420, 1418,
  1404, 1408, 1421, 1419, 1406, 1410, 1422, 1420,
  1412, 1411, 1423, 1424, 1414, 1413, 1425, 1426,
  1411, 1415, 1427, 1423, 1413, 1416, 1428, 1425,
  1415, 1417, 1429, 1427, 1416, 1418, 1430, 1428,
  1417, 1419, 1431, 1429, 1418, 1420, 1432, 1430,
  1419, 1421, 1433, 1431, 1420, 1422, 1434, 1432,
  1424, 1423, 1435, 1436, 1426, 1425, 1437, 1438,
  1423, 1427, 1439, 1435, 1425, 1428, 1440, 1437,
  1427, 1429, 1441, 1439, 1428, 1430, 1442, 1440,
  1429, 1431, 1443, 1441, 1430, 1432, 1444, 1442,
  1431, 1433, 1445, 1443, 1432, 1434, 1446, 1444,
  1436, 1435, 1447, 1448, 1438, 1437, 1449, 1450,
  1435, 1439, 1451, 1447, 1437, 1440, 1452, 1449,
  1439, 1441, 1453, 1451, 1440, 1442, 1454, 1452,
  1441, 1443, 1455, 1453, 1442, 1444, 1456, 1454,
  1443, 1445, 1457, 1455, 1444, 1446, 1458, 1456,
  1448, 1447, 1459, 1460, 1450, 1449, 1461, 1462,
  1447, 1451, 1463, 1459, 1449, 1452, 1464, 1461,
  1451, 1453, 1465, 1463, 1452, 1454, 1466, 1464,
  1453, 1455, 1467, 1465, 1454, 1456, 1468, 1466,
  1455, 1457, 1469, 1467, 1456, 1458, 1470, 1468,
  1460, 1459, 1471, 1472, 1462, 1461, 1473, 1474,
  1459, 1463, 1475, 1471, 1461, 1464, 1476, 1473,
  1463, 1465, 1477, 1475, 1464, 1466, 1478, 1476,
  1465, 1467, 1479, 1477, 1466, 1468, 1480, 1478,
  1467, 1469, 1481, 1479, 1468, 1470, 1482, 1480,
  1472, 1471, 1483, 1484, 1474, 1473, 1485, 1486,
  1471, 1475, 1487, 1483, 1473, 1476, 1488, 1485,
  1475, 1477, 1489, 1487, 1476, 1478, 1490, 1488,
  1477, 1479, 1491, 1489, 1478, 1480, 1492, 1490,
  1479, 1481, 1493, 1491, 1480, 1482, 1494, 1492,
  1484, 1483, 1495, 1496, 1486, 1485, 1497, 1498,
  1483, 1487, 1499, 1495, 1485, 1488, 1500, 1497,
  1487, 1489, 1501, 1499, 1488, 1490, 1502, 1500,
  1489, 1491, 1503, 1501, 1490, 1492, 1504, 1502,
  1491, 1493, 1505, 1503, 1492, 1494, 1506, 1504,
  1496, 1495, 1507, 1508, 1498, 1497, 1509, 1510,
  1495, 1499, 1511, 1507, 1497, 1500, 1512, 1509,
  1499, 1501, 1513, 1511, 1500, 1502, 1514, 1512,
  1501, 1503, 1515, 1513, 1502, 1504, 1516, 1514,
  1503, 1505, 1517, 1515, 1504, 1506, 1518, 1516,
  1508, 1507, 1519, 1520, 1510, 1509, 1521, 1522,
  1507, 1511, 1523, 1519, 1509, 1512, 1524, 1521,
  1511, 1513, 1525, 1523, 1512, 1514, 1526, 1524,
  1513, 1515, 1527, 1525, 1514, 1516, 1528, 1526,
  1515, 1517, 1529, 1527, 1516, 1518, 1530, 1528,
  1520, 1519, 1531, 1532, 1522, 1521, 1533, 1534,
  1519, 1523, 1535, 1531, 1521, 1524, 1536, 1533,
  1523, 1525, 1537, 1535, 1524, 1526, 1538, 1536,
  1525, 1527, 1539, 1537, 1526, 1528, 1540, 1538,
  1527, 1529, 1541, 1539, 1528, 1530, 1542, 1540,
  1532, 1531, 2, 1, 1534, 1533, 6, 5,
  1531, 1535, 9, 2, 1533, 1536, 11, 6,
  1535, 1537, 13, 9, 1536, 1538, 15, 11,
  1537, 1539, 17, 13, 1538, 1540, 19, 15,
  1539, 1541, 21, 17, 1540, 1542, 23, 19,
  1391, 1392, 1393, 1394, 1543, 1544, 1545, 1546,
  1392, 1397, 1398, 1393, 1544, 1547, 1548, 1545,
  1397, 1401, 1402, 1398, 1547, 1549, 1550, 1548,
  1401, 1405, 1406, 1402, 1549, 1551, 1552, 1550,
  1405, 1409, 1410, 1406, 1551, 1553, 1554, 1552,
  1394, 1393, 1413, 1414, 1546, 1545, 1555, 1556,
  1393, 1398, 1416, 1413, 1545, 1548, 1557, 1555,
  1398, 1402, 1418, 1416, 1548, 1550, 1558, 1557,
  1402, 1406, 1420, 1418, 1550, 1552, 1559, 1558,
  1406, 1410, 1422, 1420, 1552, 1554, 1560, 1559,
  1414, 1413, 1425, 1426, 1556, 1555, 1561, 1562,
  1413, 1416, 1428, 1425, 1555, 1557, 1563, 1561,
  1416, 1418, 1430, 1428, 1557, 1558, 1564, 1563,
  1418, 1420, 1432, 1430, 1558, 1559, 1565, 1564,
  1420, 1422, 1434, 1432, 1559, 1560, 1566, 1565,
  1426, 1425, 1437, 1438, 1562, 1561, 1567, 1568,
  1425, 1428, 1440, 1437, 1561, 1563, 1569, 1567,
  1428, 1430, 1442, 1440, 1563, 1564, 1570, 1569,
  1430, 1432, 1444, 1442, 1564, 1565, 1571, 1570,
  1432, 1434, 1446, 1444, 1565, 1566, 1572, 1571,
  1438, 1437, 1449, 1450, 1568, 1567, 1573, 1574,
  1437, 1440, 1452, 1449, 1567, 1569, 1575, 1573,
  1440, 1442, 1454, 1452, 1569, 1570, 1576, 1575,
  1442, 1444, 1456, 1454, 1570, 1571, 1577, 1576,
  1444, 1446, 1458, 1456, 1571, 1572, 1578, 1577,
  1450, 1449, 1461, 1462, 1574, 1573, 1579, 1580,
  1449, 1452, 1464, 1461, 1573, 1575, 1581, 1579,
  1452, 1454, 1466, 1464, 1575, 1576, 1582, 1581,
  1454, 1456, 1468, 1466, 1576, 1577, 1583, 1582,
  1456, 1458, 1470, 1468, 1577, 1578, 1584, 1583,
  1462, 1461, 1473, 1474, 1580, 1579, 1585, 1586,
  1461, 1464, 1476, 1473, 1579, 1581, 1587, 1585,
  1464, 1466, 1478, 1476, 1581, 1582, 1588, 1587,
  1466, 1468, 1480, 1478, 1582, 1583, 1589, 1588,
  1468, 1470, 1482, 1480, 1583, 1584, 1590, 1589,
  1474, 1473, 1485, 1486, 1586, 1585, 1591, 1592,
  1473, 1476, 1488, 1485, 1585, 1587, 1593, 1591,
  1476, 1478, 1490, 1488, 1587, 1588, 1594, 1593,
  1478, 1480, 1492, 1490, 1588, 1589, 1595, 1594,
  1480, 1482, 1494, 1492, 1589, 1590, 1596, 1595,
  1486, 1485, 1497, 1498, 1592, 1591, 1597, 1598,
  1485, 1488, 1500, 1497, 1591, 1593, 1599, 1597,
  1488, 1490, 1502, 1500, 1593, 1594, 1600, 1599,
  1490, 1492, 1504, 1502, 1594, 1595, 1601, 1600,
  1492, 1494, 1506, 1504, 1595, 1596, 1602, 1601,
  1498, 1497, 1509, 1510, 1598, 1597, 1603, 1604,
  1497, 1500, 1512, 1509, 1597, 1599, 1605, 1603,
  1500, 1502, 1514, 1512, 1599, 1600, 1606, 1605,
  1502, 1504, 1516, 1514, 1600, 1601, 1607, 1606,
  1504, 1506, 1518, 1516, 1601, 1602, 1608, 1607,
  1510, 1509, 1521, 1522, 1604, 1603, 1609, 1610,
  1509, 1512, 1524, 1521, 1603, 1605, 1611, 1609,
  1512, 1514, 1526, 1524, 1605, 1606, 1612, 1611,
  1514, 1516, 1528, 1526, 1606, 1607, 1613, 1612,
  1516, 1518, 1530, 1528, 1607, 1608, 1614, 1613,
  1522, 1521, 1533, 1534, 1610, 1609, 1615, 1616,
  1521, 1524, 1536, 1533, 1609, 1611, 1617, 1615,
  1524, 1526, 1538, 1536, 1611, 1612, 1618, 1617,
  1526, 1528, 1540, 1538, 1612, 1613, 1619, 1618,
  1528, 1530, 1542, 1540, 1613, 1614, 1620, 1619,
  1534, 1533, 6, 5, 1616, 1615, 170, 169,
  1533, 1536, 11, 6, 1615, 1617, 173, 170,
  1536, 1538, 15, 11, 1617, 1618, 175, 173,
  1538, 1540, 19, 15, 1618, 1619, 177, 175,
  1540, 1542, 23, 19, 1619, 1620, 179, 177,
  1543, 1544, 1545, 1546, 1621, 1622, 1623, 1624,
  1544, 1547, 1548, 1545, 1622, 1625, 1626, 1623,
  1547, 1549, 1550, 1548, 1625, 1627, 1628, 1626,
  1549, 1551, 1552, 1550, 1627, 1629, 1630, 1628,
  1551, 1553, 1554, 1552, 1629, 1631, 1632, 1630,
  1546, 1545, 1555, 1556, 1624, 1623, 1633, 1634,
  1545, 1548, 1557, 1555, 1623, 1626, 1635, 1633,
  1548, 1550, 1558, 1557, 1626, 1628, 1636, 1635,
  1550, 1552, 1559, 1558, 1628, 1630, 1637, 1636,
  1552, 1554, 1560, 1559, 1630, 1632, 1638, 1637,
  1556, 1555, 1561, 1562, 1634, 1633, 1639, 1640,
  1555, 1557, 1563, 1561, 1633, 1635, 1641, 1639,
  1557, 1558, 1564, 1563, 1635, 1636, 1642, 1641,
  1558, 1559, 1565, 1564, 1636, 1637, 1643, 1642,
  1559, 1560, 1566, 1565, 1637, 1638, 1644, 1643,
  1562, 1561, 1567, 1568, 1640, 1639, 1645, 1646,
  1561, 1563, 1569, 1567, 1639, 1641, 1647, 1645,
  1563, 1564, 1570, 1569, 1641, 1642, 1648, 1647,
  1564, 1565, 1571, 1570, 1642, 1643, 1649, 1648,
  1565, 1566, 1572, 1571, 1643, 1644, 1650, 1649,
  1568, 1567, 1573, 1574, 1646, 1645, 1651, 1652,
  1567, 1569, 1575, 1573, 1645, 1647, 1653, 1651,
  1569, 1570, 1576, 1575, 1647, 1648, 1654, 1653,
  1570, 1571, 1577, 1576, 1648, 1649, 1655, 1654,
  1571, 1572, 1578, 1577, 1649, 1650, 1656, 1655,
  1574, 1573, 1579, 1580, 1652, 1651, 1657, 1658,
  1573, 1575, 1581, 1579, 1651, 1653, 1659, 1657,
  1575, 1576, 1582, 1581, 1653, 1654, 1660, 1659,
  1576, 1577, 1583, 1582, 1654, 1655, 1661, 1660,
  1577, 1578, 1584, 1583, 1655, 1656, 1662, 1661,
  1580, 1579, 1585, 1586, 1658, 1657, 1663, 1664,
  1579, 1581, 1587, 1585, 1657, 1659, 1665, 1663,
  1581, 1582, 1588, 1587, 1659, 1660, 1666, 1665,
  1582, 1583, 1589, 1588, 1660, 1661, 1667, 1666,
  1583, 1584, 1590, 1589, 1661, 1662, 1668, 1667,
  1586, 1585, 1591, 1592, 1664, 1663, 1669, 1670,
  1585, 1587, 1593, 1591, 1663, 1665, 1671, 1669,
  1587, 1588, 1594, 1593, 1665, 1666, 1672, 1671,
  1588, 1589, 1595, 1594, 1666, 1667, 1673, 1672,
  1589, 1590, 1596, 1595, 1667, 1668, 1674, 1673,
  1592, 1591, 1597, 1598, 1670, 1669, 1675, 1676,
  1591, 1593, 1599, 1597, 1669, 1671, 1677, 1675,
  1593, 1594, 1600, 1599, 1671, 1672, 1678, 1677,
  1594, 1595, 1601, 1600, 1672, 1673, 1679, 1678,
  1595, 1596, 1602, 1601, 1673, 1674, 1680, 1679,
  1598, 1597, 1603, 1604, 1676, 1675, 1681, 1682,
  1597, 1599, 1605, 1603, 1675, 1677, 1683, 1681,
  1599, 1600, 1606, 1605, 1677, 1678, 1684, 1683,
  1600, 1601, 1607, 1606, 1678, 1679, 1685, 1684,
  1601, 1602, 1608, 1607, 1679, 1680, 1686, 1685,
  1604, 1603, 1609, 1610, 1682, 1681, 1687, 1688,
  1603, 1605, 1611, 1609, 1681, 1683, 1689, 1687,
  1605, 1606, 1612, 1611, 1683, 1684, 1690, 1689,
  1606, 1607, 1613, 1612, 1684, 1685, 1691, 1690,
  1607, 1608, 1614, 1613, 1685, 1686, 1692, 1691,
  1610, 1609, 1615, 1616, 1688, 1687, 1693, 1694,
  1609, 1611, 1617, 1615, 1687, 1689, 1695, 1693,
  1611, 1612, 1618, 1617, 1689, 1690, 1696, 1695,
  1612, 1613, 1619, 1618, 1690, 1691, 1697, 1696,
  1613, 1614, 1620, 1619, 1691, 1692, 1698, 1697,
  1616, 1615, 170, 169, 1694, 1693, 254, 253,
  1615, 1617, 173, 170, 1693, 1695, 257, 254,
  1617, 1618, 175, 173, 1695, 1696, 259, 257,
  1618, 1619, 177, 175, 1696, 1697, 261, 259,
  1619, 1620, 179, 177, 1697, 1698, 263, 261,
  1621, 1622, 1623, 1624, 1699, 1700, 1701, 1702,
  1622, 1625, 1626, 1623, 1700, 1703, 1704, 1701,
  1625, 1627, 1628, 1626, 1703, 1705, 1706, 1704,
  1627, 1629, 1630, 1628, 1705, 1707, 1708, 1706,
  1629, 1631, 1632, 1630, 1707, 1709, 1710, 1708,
  1624, 1623, 1633, 1634, 1702, 1701, 1711, 1712,
  1623, 1626, 1635, 1633, 1701, 1704, 1713, 1711,
  1626, 1628, 1636, 1635, 1704, 1706, 1714, 1713,
  1628, 1630, 1637, 1636, 1706, 1708, 1715, 1714,
  1630, 1632, 1638, 1637, 1708, 1710, 1716, 1715,
  1634, 1633, 1639, 1640, 1712, 1711, 1717, 1718,
  1633, 1635, 1641, 1639, 1711, 1713, 1719, 1717,
  1635, 1636, 1642, 1641, 1713, 1714, 1720, 1719,
  1636, 1637, 1643, 1642, 1714, 1715, 1721, 1720,
  1637, 1638, 1644, 1643, 1715, 1716, 1722, 1721,
  1640, 1639, 1645, 1646, 1718, 1717, 1723, 1724,
  1639, 1641, 1647, 1645, 1717, 1719, 1725, 1723,
  1641, 1642, 1648, 1647, 1719, 1720, 1726, 1725,
  1642, 1643, 1649, 1648, 1720, 1721, 1727, 1726,
  1643, 1644, 1650, 1649, 1721, 1722, 1728, 1727,
  1646, 1645, 1651, 1652, 1724, 1723, 1729, 1730,
  1645, 1647, 1653, 1651, 1723, 1725, 1731, 1729,
  1647, 1648, 1654, 1653, 1725, 1726, 1732, 1731,
  1648, 1649, 1655, 1654, 1726, 1727, 1733, 1732,
  1649, 1650, 1656, 1655, 1727, 1728, 1734, 1733,
  1652, 1651, 1657, 1658, 1730, 1729, 1735, 1736,
  1651, 1653, 1659, 1657, 1729, 1731, 1737, 1735,
  1653, 1654, 1660, 1659, 1731, 1732, 1738, 1737,
  1654, 1655, 1661, 1660, 1732, 1733, 1739, 1738,
  1655, 1656, 1662, 1661, 1733, 1734, 1740, 1739,
  1658, 1657, 1663, 1664, 1736, 1735, 1741, 1742,
  1657, 1659, 1665, 1663, 1735, 1737, 1743, 1741,
  1659, 1660, 1666, 1665, 1737, 1738, 1744, 1743,
  1660, 1661, 1667, 1666, 1738, 1739, 1745, 1744,
  1661, 1662, 1668, 1667, 1739, 1740, 1746, 1745,
  1664, 1663, 1669, 1670, 1742, 1741, 1747, 1748,
  1663, 1665, 1671, 1669, 1741, 1743, 1749, 1747,
  1665, 1666, 1672, 1671, 1743, 1744, 1750, 1749,
  1666, 1667, 1673, 1672, 1744, 1745, 1751, 1750,
  1667, 1668, 1674, 1673, 1745, 1746, 1752, 1751,
  1670, 1669, 1675, 1676, 1748, 1747, 1753, 1754,
  1669, 1671, 1677, 1675, 1747, 1749, 1755, 1753,
  1671, 1672, 1678, 1677, 1749, 1750, 1756, 1755,
  1672, 1673, 1679, 1678, 1750, 1751, 1757, 1756,
  1673, 1674, 1680, 1679, 1751, 1752, 1758, 1757,
  1676, 1675, 1681, 1682, 1754, 1753, 1759, 1760,
  1675, 1677, 1683, 1681, 1753, 1755, 1761, 1759,
  1677, 1678, 1684, 1683, 1755, 1756, 1762, 1761,
  1678, 1679, 1685, 1684, 1756, 1757, 1763, 1762,
  1679, 1680, 1686, 1685, 1757, 1758, 1764, 1763,
  1682, 1681, 1687, 1688, 1760, 1759, 1765, 1766,
  1681, 1683, 1689, 1687, 1759, 1761, 1767, 1765,
  1683, 1684, 1690, 1689, 1761, 1762, 1768, 1767,
  1684, 1685, 1691, 1690, 1762, 1763, 1769, 1768,
  1685, 1686, 1692, 1691, 1763, 1764, 1770, 1769,
  1688, 1687, 1693, 1694, 1766, 1765, 1771, 1772,
  1687, 1689, 1695, 1693, 1765, 1767, 1773, 1771,
  1689, 1690, 1696, 1695, 1767, 1768, 1774, 1773,
  1690, 1691, 1697, 1696, 1768, 1769, 1775, 1774,
  1691, 1692, 1698, 1697, 1769, 1770, 1776, 1775,
  1694, 1693, 254, 253, 1772, 1771, 338, 337,
  1693, 1695, 257, 254, 1771, 1773, 341, 338,
  1695, 1696, 259, 257, 1773, 1774, 343, 341,
  1696, 1697, 261, 259, 1774, 1775, 345, 343,
  1697, 1698, 263, 261, 1775, 1776, 347, 345,
  1699, 1700, 1701, 1702, 1777, 1778, 1779, 1780,
  1700, 1703, 1704, 1701, 1778, 1781, 1782, 1779,
  1703, 1705, 1706, 1704, 1781, 1783, 1784, 1782,
  1705, 1707, 1708, 1706, 1783, 1785, 1786, 1784,
  1707, 1709, 1710, 1708, 1785, 1787, 1788, 1786,
  1702, 1701, 1711, 1712, 1780, 1779, 1789, 1790,
  1701, 1704, 1713, 1711, 1779, 1782, 1791, 1789,
  1704, 1706, 1714, 1713, 1782, 1784, 1792, 1791,
  1706, 1708, 1715, 1714, 1784, 1786, 1793, 1792,
  1708, 1710, 1716, 1715, 1786, 1788, 1794, 1793,
  1712, 1711, 1717, 1718, 1790, 1789, 1795, 1796,
  1711, 1713, 1719, 1717, 1789, 1791, 1797, 1795,
  1713, 1714, 1720, 1719, 1791, 1792, 1798, 1797,
  1714, 1715, 1721, 1720, 1792, 1793, 1799, 1798,
  1715, 1716, 1722, 1721, 1793, 1794, 1800, 1799,
  1718, 1717, 1723, 1724, 1796, 1795, 1801, 1802,
  1717, 1719, 1725, 1723, 1795, 1797, 1803, 1801,
  1719, 1720, 1726, 1725, 1797, 1798, 1804, 1803,
  1720, 1721, 1727, 1726, 1798, 1799, 1805, 1804,
  1721, 1722, 1728, 1727, 1799, 1800, 1806, 1805,
  1724, 1723, 1729, 1730, 1802, 1801, 1807, 1808,
  1723, 1725, 1731, 1729, 1801, 1803, 1809, 1807,
  1725, 1726, 1732, 1731, 1803, 1804, 1810, 1809,
  1726, 1727, 1733, 1732, 1804, 1805, 1811, 1810,
  1727, 1728, 1734, 1733, 1805, 1806, 1812, 1811,
  1730, 1729, 1735, 1736, 1808, 1807, 1813, 1814,
  1729, 1731, 1737, 1735, 1807, 1809, 1815, 1813,
  1731, 1732, 1738, 1737, 1809, 1810, 1816, 1815,
  1732, 1733, 1739, 1738, 1810, 1811, 1817, 1816,
  1733, 1734, 1740, 1739, 1811, 1812, 1818, 1817,
  1736, 1735, 1741, 1742, 1814, 1813, 1819, 1820,
  1735, 1737, 1743, 1741, 1813, 1815, 1821, 1819,
  1737, 1738, 1744, 1743, 1815, 1816, 1822, 1821,
  1738, 1739, 1745, 1744, 1816, 1817, 1823, 1822,
  1739, 1740, 1746, 1745, 1817, 1818, 1824, 1823,
  1742, 1741, 1747, 1748, 1820, 1819, 1825, 1826,
  1741, 1743, 1749, 1747, 1819, 1821, 1827, 1825,
  1743, 1744, 1750, 1749, 1821, 1822, 1828, 1827,
  1744, 1745, 1751, 1750, 1822, 1823, 1829, 1828,
  1745, 1746, 1752, 1751, 1823, 1824, 1830, 1829,
  1748, 1747, 1753, 1754, 1826, 1825, 1831, 1832,
  1747, 1749, 1755, 1753, 1825, 1827, 1833, 1831,
  1749, 1750, 1756, 1755, 1827, 1828, 1834, 1833,
  1750, 1751, 1757, 1756, 1828, 1829, 1835, 1834,
  1751, 1752, 1758, 1757, 1829, 1830, 1836, 1835,
  1754, 1753, 1759, 1760, 1832, 1831, 1837, 1838,
  1753, 1755, 1761, 1759, 1831, 1833, 1839, 1837,
  1755, 1756, 1762, 1761, 1833, 1834, 1840, 1839,
  1756, 1757, 1763, 1762, 1834, 1835, 1841, 1840,
  1757, 1758, 1764, 1763, 1835, 1836, 1842, 1841,
  1760, 1759, 1765, 1766, 1838, 1837, 1843, 1844,
  1759, 1761, 1767, 1765, 1837, 1839, 1845, 1843,
  1761, 1762, 1768, 1767, 1839, 1840, 1846, 1845,
  1762, 1763, 1769, 1768, 1840, 1841, 1847, 1846,
  1763, 1764, 1770, 1769, 1841, 1842, 1848, 1847,
  1766, 1765, 1771, 1772, 1844, 1843, 1849, 1850,
  1765, 1767, 1773, 1771, 1843, 1845, 1851, 1849,
  1767, 1768, 1774, 1773, 1845, 1846, 1852, 1851,
  1768, 1769, 1775, 1774, 1846, 1847, 1853, 1852,
  1769, 1770, 1776, 1775, 1847, 1848, 1854, 1853,
  1772, 1771, 338, 337, 1850, 1849, 422, 421,
  1771, 1773, 341, 338, 1849, 1851, 425, 422,
  1773, 1774, 343, 341, 1851, 1852, 427, 425,
  1774, 1775, 345, 343, 1852, 1853, 429, 427,
  1775, 1776, 347, 345, 1853, 1854, 431, 429,
  1777, 1778, 1779, 1780, 1855, 1856, 1857, 1858,
  1778, 1781, 1782, 1779, 1856, 1859, 1860, 1857,
  1781, 1783, 1784, 1782, 1859, 1861, 1862, 1860,
  1783, 1785, 1786, 1784, 1861, 1863, 1864, 1862,
  1785, 1787, 1788, 1786, 1863, 1865, 1866, 1864,
  1780, 1779, 1789, 1790, 1858, 1857, 1867, 1868,
  1779, 1782, 1791, 1789, 1857, 1860, 1869, 1867,
  1782, 1784, 1792, 1791, 1860, 1862, 1870, 1869,
  1784, 1786, 1793, 1792, 1862, 1864, 1871, 1870,
  1786, 1788, 1794, 1793, 1864, 1866, 1872, 1871,
  1790, 1789, 1795, 1796, 1868, 1867, 1873, 1874,
  1789, 1791, 1797, 1795, 1867, 1869, 1875, 1873,
  1791, 1792, 1798, 1797, 1869, 1870, 1876, 1875,
  1792, 1793, 1799, 1798, 1870, 1871, 1877, 1876,
  1793, 1794, 1800, 1799, 1871, 1872, 1878, 1877,
  1796, 1795, 1801, 1802, 1874, 1873, 1879, 1880,
  1795, 1797, 1803, 1801, 1873, 1875, 1881, 1879,
  1797, 1798, 1804, 1803, 1875, 1876, 1882, 1881,
  1798, 1799, 1805, 1804, 1876, 1877, 1883, 1882,
  1799, 1800, 1806, 1805, 1877, 1878, 1884, 1883,
  1802, 1801, 1807, 1808, 1880, 1879, 1885, 1886,
  1801, 1803, 1809, 1807, 1879, 1881, 1887, 1885,
  1803, 1804, 1810, 1809, 1881, 1882, 1888, 1887,
  1804, 1805, 1811, 1810, 1882, 1883, 1889, 1888,
  1805, 1806, 1812, 1811, 1883, 1884, 1890, 1889,
  1808, 1807, 1813, 1814, 1886, 1885, 1891, 1892,
  1807, 1809, 1815, 1813, 1885, 1887, 1893, 1891,
  1809, 1810, 1816, 1815, 1887, 1888, 1894, 1893,
  1810, 1811, 1817, 1816, 1888, 1889, 1895, 1894,
  1811, 1812, 1818, 1817, 1889, 1890, 1896, 1895,
  1814, 1813, 1819, 1820, 1892, 1891, 1897, 1898,
  1813, 1815, 1821, 1819, 1891, 1893, 1899, 1897,
  1815, 1816, 1822, 1821, 1893, 1894, 1900, 1899,
  1816, 1817, 1823, 1822, 1894, 1895, 1901, 1900,
  1817, 1818, 1824, 1823, 1895, 1896, 1902, 1901,
  1820, 1819, 1825, 1826, 1898, 1897, 1903, 1904,
  1819, 1821, 1827, 1825, 1897, 1899, 1905, 1903,
  1821, 1822, 1828, 1827, 1899, 1900, 1906, 1905,
  1822, 1823, 1829, 1828, 1900, 1901, 1907, 1906,
  1823, 1824, 1830, 1829, 1901, 1902, 1908, 1907,
  1826, 1825, 1831, 1832, 1904, 1903, 1909, 1910,
  1825, 1827, 1833, 1831, 1903, 1905, 1911, 1909,
  1827, 1828, 1834, 1833, 1905, 1906, 1912, 1911,
  1828, 1829, 1835, 1834, 1906, 1907, 1913, 1912,
  1829, 1830, 1836, 1835, 1907, 1908, 1914, 1913,
  1832, 1831, 1837, 1838, 1910, 1909, 1915, 1916,
  1831, 1833, 1839, 1837, 1909, 1911, 1917, 1915,
  1833, 1834, 1840, 1839, 1911, 1912, 1918, 1917,
  1834, 1835, 1841, 1840, 1912, 1913, 1919, 1918,
  1835, 1836, 1842, 1841, 1913, 1914, 1920, 1919,
  1838, 1837, 1843, 1844, 1916, 1915, 1921, 1922,
  1837, 1839, 1845, 1843, 1915, 1917, 1923, 1921,
  1839, 1840, 1846, 1845, 1917, 1918, 1924, 1923,
  1840, 1841, 1847, 1846, 1918, 1919, 1925, 1924,
  1841, 1842, 1848, 1847, 1919, 1920, 1926, 1925,
  1844, 1843, 1849, 1850, 1922, 1921, 1927, 1928,
  1843, 1845, 1851, 1849, 1921, 1923, 1929, 1927,
  1845, 1846, 1852, 1851, 1923, 1924, 1930, 1929,
  1846, 1847, 1853, 1852, 1924, 1925, 1931, 1930,
  1847, 1848, 1854, 1853, 1925, 1926, 1932, 1931,
  1850, 1849, 422, 421, 1928, 1927, 506, 505,
  1849, 1851, 425, 422, 1927, 1929, 509, 506,
  1851, 1852, 427, 425, 1929, 1930, 511, 509,
  1852, 1853, 429, 427, 1930, 1931, 513, 511,
  1853, 1854, 431, 429, 1931, 1932, 515, 513,
  1855, 1856, 1857, 1858, 1933, 1934, 1935, 1936,
  1856, 1859, 1860, 1857, 1934, 1937, 1938, 1935,
  1859, 1861, 1862, 1860, 1937, 1939, 1940, 1938,
  1861, 1863, 1864, 1862, 1939, 1941, 1942, 1940,
  1863, 1865, 1866, 1864, 1941, 1943, 1944, 1942,
  1858, 1857, 1867, 1868, 1936, 1935, 1945, 1946,
  1857, 1860, 1869, 1867, 1935, 1938, 1947, 1945,
  1860, 1862, 1870, 1869, 1938, 1940, 1948, 1947,
  1862, 1864, 1871, 1870, 1940, 1942, 1949, 1948,
  1864, 1866, 1872, 1871, 1942, 1944, 1950, 1949,
  1868, 1867, 1873, 1874, 1946, 1945, 1951, 1952,
  1867, 1869, 1875, 1873, 1945, 1947, 1953, 1951,
  1869, 1870, 1876, 1875, 1947, 1948, 1954, 1953,
  1870, 1871, 1877, 1876, 1948, 1949, 1955, 1954,
  1871, 1872, 1878, 1877, 1949, 1950, 1956, 1955,
  1874, 1873, 1879, 1880, 1952, 1951, 1957, 1958,
  1873, 1875, 1881, 1879, 1951, 1953, 1959, 1957,
  1875, 1876, 1882, 1881, 1953, 1954, 1960, 1959,
  1876, 1877, 1883, 1882, 1954, 1955, 1961, 1960,
  1877, 1878, 1884, 1883, 1955, 1956, 1962, 1961,
  1880, 1879, 1885, 1886, 1958, 1957, 1963, 1964,
  1879, 1881, 1887, 1885, 1957, 1959, 1965, 1963,
  1881, 1882, 1888, 1887, 1959, 1960, 1966, 1965,
  1882, 1883, 1889, 1888, 1960, 1961, 1967, 1966,
  1883, 1884, 1890, 1889, 1961, 1962, 1968, 1967,
  1886, 1885, 1891, 1892, 1964, 1963, 1969, 1970,
  1885, 1887, 1893, 1891, 1963, 1965, 1971, 1969,
  1887, 1888, 1894, 1893, 1965, 1966, 1972, 1971,
  1888, 1889, 1895, 1894, 1966, 1967, 1973, 1972,
  1889, 1890, 1896, 1895, 1967, 1968, 1974, 1973,
  1892, 1891, 1897, 1898, 1970, 1969, 1975, 1976,
  1891, 1893, 1899, 1897, 1969, 1971, 1977, 1975,
  1893, 1894, 1900, 1899, 1971, 1972, 1978, 1977,
  1894, 1895, 1901, 1900, 1972, 1973, 1979, 1978,
  1895, 1896, 1902, 1901, 1973, 1974, 1980, 1979,
  1898, 1897, 1903, 1904, 1976, 1975, 1981, 1982,
  1897, 1899, 1905, 1903, 1975, 1977, 1983, 1981,
  1899, 1900, 1906, 1905, 1977, 1978, 1984, 1983,
  1900, 1901, 1907, 1906, 1978, 1979, 1985, 1984,
  1901, 1902, 1908, 1907, 1979, 1980, 1986, 1985,
  1904, 1903, 1909, 1910, 1982, 1981, 1987, 1988,
  1903, 1905, 1911, 1909, 1981, 1983, 1989, 1987,
  1905, 1906, 1912, 1911, 1983, 1984, 1990, 1989,
  1906, 1907, 1913, 1912, 1984, 1985, 1991, 1990,
  1907, 1908, 1914, 1913, 1985, 1986, 1992, 1991,
  1910, 1909, 1915, 1916, 1988, 1987, 1993, 1994,
  1909, 1911, 1917, 1915, 1987, 1989, 1995, 1993,
  1911, 1912, 1918, 1917, 1989, 1990, 1996, 1995,
  1912, 1913, 1919, 1918, 1990, 1991, 1997, 1996,
  1913, 1914, 1920, 1919, 1991, 1992, 1998, 1997,
  1916, 1915, 1921, 1922, 1994, 1993, 1999, 2000,
  1915, 1917, 1923, 1921, 1993, 1995, 2001, 1999,
  1917, 1918, 1924, 1923, 1995, 1996, 2002, 2001,
  1918, 1919, 1925, 1924, 1996, 1997, 2003, 2002,
  1919, 1920, 1926, 1925, 1997, 1998, 2004, 2003,
  1922, 1921, 1927, 1928, 2000, 1999, 2005, 2006,
  1921, 1923, 1929, 1927, 1999, 2001, 2007, 2005,
  1923, 1924, 1930, 1929, 2001, 2002, 2008, 2007,
  1924, 1925, 1931, 1930, 2002, 2003, 2009, 2008,
  1925, 1926, 1932, 1931, 2003, 2004, 2010, 2009,
  1928, 1927, 506, 505, 2006, 2005, 590, 589,
  1927, 1929, 509, 506, 2005, 2007, 593, 590,
  1929, 1930, 511, 509, 2007, 2008, 595, 593,
  1930, 1931, 513, 511, 2008, 2009, 597, 595,
  1931, 1932, 515, 513, 2009, 2010, 599, 597,
  1933, 1934, 1935, 1936, 2011, 2012, 2013, 2014,
  1934, 1937, 1938, 1935, 2012, 2015, 2016, 2013,
  1937, 1939, 1940, 1938, 2015, 2017, 2018, 2016,
  1939, 1941, 1942, 1940, 2017, 2019, 2020, 2018,
  1941, 1943, 1944, 1942, 2019, 2021, 2022, 2020,
  1936, 1935, 1945, 1946, 2014, 2013, 2023, 2024,
  1935, 1938, 1947, 1945, 2013, 2016, 2025, 2023,
  1938, 1940, 1948, 1947, 2016, 2018, 2026, 2025,
  1940, 1942, 1949, 1948, 2018, 2020, 2027, 2026,
  1942, 1944, 1950, 1949, 2020, 2022, 2028, 2027,
  1946, 1945, 1951, 1952, 2024, 2023, 2029, 2030,
  1945, 1947, 1953, 1951, 2023, 2025, 2031, 2029,
  1947, 1948, 1954, 1953, 2025, 2026, 2032, 2031,
  1948, 1949, 1955, 1954, 2026, 2027, 2033, 2032,
  1949, 1950, 1956, 1955, 2027, 2028, 2034, 2033,
  1952, 1951, 1957, 1958, 2030, 2029, 2035, 2036,
  1951, 1953, 1959, 1957, 2029, 2031, 2037, 2035,
  1953, 1954, 1960, 1959, 2031, 2032, 2038, 2037,
  1954, 1955, 1961, 1960, 2032, 2033, 2039, 2038,
  1955, 1956, 1962, 1961, 2033, 2034, 2040, 2039,
  1958, 1957, 1963, 1964, 2036, 2035, 2041, 2042,
  1957, 1959, 1965, 1963, 2035, 2037, 2043, 2041,
  1959, 1960, 1966, 1965, 2037, 2038, 2044, 2043,
  1960, 1961, 1967, 1966, 2038, 2039, 2045, 2044,
  1961, 1962, 1968, 1967, 2039, 2040, 2046, 2045,
  1964, 1963, 1969, 1970, 2042, 2041, 2047, 2048,
  1963, 1965, 1971, 1969, 2041, 2043, 2049, 2047,
  1965, 1966, 1972, 1971, 2043, 2044, 2050, 2049,
  1966, 1967, 1973, 1972, 2044, 2045, 2051, 2050,
  1967, 1968, 1974, 1973, 2045, 2046, 2052, 2051,
  1970, 1969, 1975, 1976, 2048, 2047, 2053, 2054,
  1969, 1971, 1977, 1975, 2047, 2049, 2055, 2053,
  1971, 1972, 1978, 1977, 2049, 2050, 2056, 2055,
  1972, 1973, 1979, 1978, 2050, 2051, 2057, 2056,
  1973, 1974, 1980, 1979, 2051, 2052, 2058, 2057,
  1976, 1975, 1981, 1982, 2054, 2053, 2059, 2060,
  1975, 1977, 1983, 1981, 2053, 2055, 2061, 2059,
  1977, 1978, 1984, 1983, 2055, 2056, 2062, 2061,
  1978, 1979, 1985, 1984, 2056, 2057, 2063, 2062,
  1979, 1980, 1986, 1985, 2057, 2058, 2064, 2063,
  1982, 1981, 1987, 1988, 2060, 2059, 2065, 2066,
  1981, 1983, 1989, 1987, 2059, 2061, 2067, 2065,
  1983, 1984, 1990, 1989, 2061, 2062, 2068, 2067,
  1984, 1985, 1991, 1990, 2062, 2063, 2069, 2068,
  1985, 1986, 1992, 1991, 2063, 2064, 2070, 2069,
  1988, 1987, 1993, 1994, 2066, 2065, 2071, 2072,
  1987, 1989, 1995, 1993, 2065, 2067, 2073, 2071,
  1989, 1990, 1996, 1995, 2067, 2068, 2074, 2073,
  1990, 1991, 1997, 1996, 2068, 2069, 2075, 2074,
  1991, 1992, 1998, 1997, 2069, 2070, 2076, 2075,
  1994, 1993, 1999, 2000, 2072, 2071, 2077, 2078,
  1993, 1995, 2001, 1999, 2071, 2073, 2079, 2077,
  1995, 1996, 2002, 2001, 2073, 2074, 2080, 2079,
  1996, 1997, 2003, 2002, 2074, 2075, 2081, 2080,
  1997, 1998, 2004, 2003, 2075, 2076, 2082, 2081,
  2000, 1999, 2005, 2006, 2078, 2077, 2083, 2084,
  1999, 2001, 2007, 2005, 2077, 2079, 2085, 2083,
  2001, 2002, 2008, 2007, 2079, 2080, 2086, 2085,
  2002, 2003, 2009, 2008, 2080, 2081, 2087, 2086,
  2003, 2004, 2010, 2009, 2081, 2082, 2088, 2087,
  2006, 2005, 590, 589, 2084, 2083, 674, 673,
  2005, 2007, 593, 590, 2083, 2085, 677, 674,
  2007, 2008, 595, 593, 2085, 2086, 679, 677,
  2008, 2009, 597, 595, 2086, 2087, 681, 679,
  2009, 2010, 599, 597, 2087, 2088, 683, 681,
  2011, 2012, 2013, 2014, 2089, 2090, 2091, 2092,
  2012, 2015, 2016, 2013, 2090, 2093, 2094, 2091,
  2015, 2017, 2018, 2016, 2093, 2095, 2096, 2094,
  2017, 2019, 2020, 2018, 2095, 2097, 2098, 2096,
  2019, 2021, 2022, 2020, 2097, 2099, 2100, 2098,
  2014, 2013, 2023, 2024, 2092, 2091, 2101, 2102,
  2013, 2016, 2025, 2023, 2091, 2094, 2103, 2101,
  2016, 2018, 2026, 2025, 2094, 2096, 2104, 2103,
  2018, 2020, 2027, 2026, 2096, 2098, 2105, 2104,
  2020, 2022, 2028, 2027, 2098, 2100, 2106, 2105,
  2024, 2023, 2029, 2030, 2102, 2101, 2107, 2108,
  2023, 2025, 2031, 2029, 2101, 2103, 2109, 2107,
  2025, 2026, 2032, 2031, 2103, 2104, 2110, 2109,
  2026, 2027, 2033, 2032, 2104, 2105, 2111, 2110,
  2027, 2028, 2034, 2033, 2105, 2106, 2112, 2111,
  2030, 2029, 2035, 2036, 2108, 2107, 2113, 2114,
  2029, 2031, 2037, 2035, 2107, 2109, 2115, 2113,
  2031, 2032, 2038, 2037, 2109, 2110, 2116, 2115,
  2032, 2033, 2039, 2038, 2110, 2111, 2117, 2116,
  2033, 2034, 2040, 2039, 2111, 2112, 2118, 2117,
  2036, 2035, 2041, 2042, 2114, 2113, 2119, 2120,
  2035, 2037, 2043, 2041, 2113, 2115, 2121, 2119,
  2037, 2038, 2044, 2043, 2115, 2116, 2122, 2121,
  2038, 2039, 2045, 2044, 2116, 2117, 2123, 2122,
  2039, 2040, 2046, 2045, 2117, 2118, 2124, 2123,
  2042, 2041, 2047, 2048, 2120, 2119, 2125, 2126,
  2041, 2043, 2049, 2047, 2119, 2121, 2127, 2125,
  2043, 2044, 2050, 2049, 2121, 2122, 2128, 2127,
  2044, 2045, 2051, 2050, 2122, 2123, 2129, 2128,
  2045, 2046, 2052, 2051, 2123, 2124, 2130, 2129,
  2048, 2047, 2053, 2054, 2126, 2125, 2131, 2132,
  2047, 2049, 2055, 2053, 2125, 2127, 2133, 2131,
  2049, 2050, 2056, 2055, 2127, 2128, 2134, 2133,
  2050, 2051, 2057, 2056, 2128, 2129, 2135, 2134,
  2051, 2052, 2058, 2057, 2129, 2130, 2136, 2135,
  2054, 2053, 2059, 2060, 2132, 2131, 2137, 2138,
  2053, 2055, 2061, 2059, 2131, 2133, 2139, 2137,
  2055, 2056, 2062, 2061, 2133, 2134, 2140, 2139,
  2056, 2057, 2063, 2062, 2134, 2135, 2141, 2140,
  2057, 2058, 2064, 2063, 2135, 2136, 2142, 2141,
  2060, 2059, 2065, 2066, 2138, 2137, 2143, 2144,
  2059, 2061, 2067, 2065, 2137, 2139, 2145, 2143,
  2061, 2062, 2068, 2067, 2139, 2140, 2146, 2145,
  2062, 2063, 2069, 2068, 2140, 2141, 2147, 2146,
  2063, 2064, 2070, 2069, 2141, 2142, 2148, 2147,
  2066, 2065, 2071, 2072, 2144, 2143, 2149, 2150,
  2065, 2067, 2073, 2071, 2143, 2145, 2151, 2149,
  2067, 2068, 2074, 2073, 2145, 2146, 2152, 2151,
  2068, 2069, 2075, 2074, 2146, 2147, 2153, 2152,
  2069, 2070, 2076, 2075, 2147, 2148, 2154, 2153,
  2072, 2071, 2077, 2078, 2150, 2149, 2155, 2156,
  2071, 2073, 2079, 2077, 2149, 2151, 2157, 2155,
  2073, 2074, 2080, 2079, 2151, 2152, 2158, 2157,
  2074, 2075, 2081, 2080, 2152, 2153, 2159, 2158,
  2075, 2076, 2082, 2081, 2153, 2154, 2160, 2159,
  2078, 2077, 2083, 2084, 2156, 2155, 2161, 2162,
  2077, 2079, 2085, 2083, 2155, 2157, 2163, 2161,
  2079, 2080, 2086, 2085, 2157, 2158, 2164, 2163,
  2080, 2081, 2087, 2086, 2158, 2159, 2165, 2164,
  2081, 2082, 2088, 2087, 2159, 2160, 2166, 2165,
  2084, 2083, 674, 673, 2162, 2161, 758, 757,
  2083, 2085, 677, 674, 2161, 2163, 761, 758,
  2085, 2086, 679, 677, 2163, 2164, 763, 761,
  2086, 2087, 681, 679, 2164, 2165, 765, 763,
  2087, 2088, 683, 681, 2165, 2166, 767, 765,
  2089, 2090, 2091, 2092, 2167, 2168, 2169, 2170,
  2090, 2093, 2094, 2091, 2168, 2171, 2172, 2169,
  2093, 2095, 2096, 2094, 2171, 2173, 2174, 2172,
  2095, 2097, 2098, 2096, 2173, 2175, 2176, 2174,
  2097, 2099, 2100, 2098, 2175, 2177, 2178, 2176,
  2092, 2091, 2101, 2102, 2170, 2169, 2179, 2180,
  2091, 2094, 2103, 2101, 2169, 2172, 2181, 2179,
  2094, 2096, 2104, 2103, 2172, 2174, 2182, 2181,
  2096, 2098, 2105, 2104, 2174, 2176, 2183, 2182,
  2098, 2100, 2106, 2105, 2176, 2178, 2184, 2183,
  2102, 2101, 2107, 2108, 2180, 2179, 2185, 2186,
  2101, 2103, 2109, 2107, 2179, 2181, 2187, 2185,
  2103, 2104, 2110, 2109, 2181, 2182, 2188, 2187,
  2104, 2105, 2111, 2110, 2182, 2183, 2189, 2188,
  2105, 2106, 2112, 2111, 2183, 2184, 2190, 2189,
  2108, 2107, 2113, 2114, 2186, 2185, 2191, 2192,
  2107, 2109, 2115, 2113, 2185, 2187, 2193, 2191,
  2109, 2110, 2116, 2115, 2187, 2188, 2194, 2193,
  2110, 2111, 2117, 2116, 2188, 2189, 2195, 2194,
  2111, 2112, 2118, 2117, 2189, 2190, 2196, 2195,
  2114, 2113, 2119, 2120, 2192, 2191, 2197, 2198,
  2113, 2115, 2121, 2119, 2191, 2193, 2199, 2197,
  2115, 2116, 2122, 2121, 2193, 2194, 2200, 2199,
  2116, 2117, 2123, 2122, 2194, 2195, 2201, 2200,
  2117, 2118, 2124, 2123, 2195, 2196, 2202, 2201,
  2120, 2119, 2125, 2126, 2198, 2197, 2203, 2204,
  2119, 2121, 2127, 2125, 2197, 2199, 2205, 2203,
  2121, 2122, 2128, 2127, 2199, 2200, 2206, 2205,
  2122, 2123, 2129, 2128, 2200, 2201, 2207, 2206,
  2123, 2124, 2130, 2129, 2201, 2202, 2208, 2207,
  2126, 2125, 2131, 2132, 2204, 2203, 2209, 2210,
  2125, 2127, 2133, 2131, 2203, 2205, 2211, 2209,
  2127, 2128, 2134, 2133, 2205, 2206, 2212, 2211,
  2128, 2129, 2135, 2134, 2206, 2207, 2213, 2212,
  2129, 2130, 2136, 2135, 2207, 2208, 2214, 2213,
  2132, 2131, 2137, 2138, 2210, 2209, 2215, 2216,
  2131, 2133, 2139, 2137, 2209, 2211, 2217, 2215,
  2133, 2134, 2140, 2139, 2211, 2212, 2218, 2217,
  2134, 2135, 2141, 2140, 2212, 2213, 2219, 2218,
  2135, 2136, 2142, 2141, 2213, 2214, 2220, 2219,
  2138, 2137, 2143, 2144, 2216, 2215, 2221, 2222,
  2137, 2139, 2145, 2143, 2215, 2217, 2223, 2221,
  2139, 2140, 2146, 2145, 2217, 2218, 2224, 2223,
  2140, 2141, 2147, 2146, 2218, 2219, 2225, 2224,
  2141, 2142, 2148, 2147, 2219, 2220, 2226, 2225,
  2144, 2143, 2149, 2150, 2222, 2221, 2227, 2228,
  2143, 2145, 2151, 2149, 2221, 2223, 2229, 2227,
  2145, 2146, 2152, 2151, 2223, 2224, 2230, 2229,
  2146, 2147, 2153, 2152, 2224, 2225, 2231, 2230,
  2147, 2148, 2154, 2153, 2225, 2226, 2232, 2231,
  2150, 2149, 2155, 2156, 2228, 2227, 2233, 2234,
  2149, 2151, 2157, 2155, 2227, 2229, 2235, 2233,
  2151, 2152, 2158, 2157, 2229, 2230, 2236, 2235,
  2152, 2153, 2159, 2158, 2230, 2231, 2237, 2236,
  2153, 2154, 2160, 2159, 2231, 2232, 2238, 2237,
  2156, 2155, 2161, 2162, 2234, 2233, 2239, 2240,
  2155, 2157, 2163, 2161, 2233, 2235, 2241, 2239,
  2157, 2158, 2164, 2163, 2235, 2236, 2242, 2241,
  2158, 2159, 2165, 2164, 2236, 2237, 2243, 2242,
  2159, 2160, 2166, 2165, 2237, 2238, 2244, 2243,
  2162, 2161, 758, 757, 2240, 2239, 842, 841,
  2161, 2163, 761, 758, 2239, 2241, 845, 842,
  2163, 2164, 763, 761, 2241, 2242, 847, 845,
  2164, 2165, 765, 763, 2242, 2243, 849, 847,
  2165, 2166, 767, 765, 2243, 2244, 851, 849,
  1407, 2245, 2246, 1408, 1409, 2247, 2248, 1410,
  2245, 2249, 2250, 2246, 2247, 2251, 2252, 2248,
  2249, 2253, 2254, 2250, 2251, 2255, 2256, 2252,
  1408, 2246, 2257, 1421, 1410, 2248, 2258, 1422,
  2246, 2250, 2259, 2257, 2248, 2252, 2260, 2258,
  2250, 2254, 2261, 2259, 2252, 2256, 2262, 2260,
  1421, 2257, 2263, 1433, 1422, 2258, 2264, 1434,
  2257, 2259, 2265, 2263, 2258, 2260, 2266, 2264,
  2259, 2261, 2267, 2265, 2260, 2262, 2268, 2266,
  1433, 2263, 2269, 1445, 1434, 2264, 2270, 1446,
  2263, 2265, 2271, 2269, 2264, 2266, 2272, 2270,
  2265, 2267, 2273, 2271, 2266, 2268, 2274, 2272,
  1445, 2269, 2275, 1457, 1446, 2270, 2276, 1458,
  2269, 2271, 2277, 2275, 2270, 2272, 2278, 2276,
  2271, 2273, 2279, 2277, 2272, 2274, 2280, 2278,
  1457, 2275, 2281, 1469, 1458, 2276, 2282, 1470,
  2275, 2277, 2283, 2281, 2276, 2278, 2284, 2282,
  2277, 2279, 2285, 2283, 2278, 2280, 2286, 2284,
  1469, 2281, 2287, 1481, 1470, 2282, 2288, 1482,
  2281, 2283, 2289, 2287, 2282, 2284, 2290, 2288,
  2283, 2285, 2291, 2289, 2284, 2286, 2292, 2290,
  1481, 2287, 2293, 1493, 1482, 2288, 2294, 1494,
  2287, 2289, 2295, 2293, 2288, 2290, 2296, 2294,
  2289, 2291, 2297, 2295, 2290, 2292, 2298, 2296,
  1493, 2293, 2299, 1505, 1494, 2294, 2300, 1506,
  2293, 2295, 2301, 2299, 2294, 2296, 2302, 2300,
  2295, 2297, 2303, 2301, 2296, 2298, 2304, 2302,
  1505, 2299, 2305, 1517, 1506, 2300, 2306, 1518,
  2299, 2301, 2307, 2305, 2300, 2302, 2308, 2306,
  2301, 2303, 2309, 2307, 2302, 2304, 2310, 2308,
  1517, 2305, 2311, 1529, 1518, 2306, 2312, 1530,
  2305, 2307, 2313, 2311, 2306, 2308, 2314, 2312,
  2307, 2309, 2315, 2313, 2308, 2310, 2316, 2314,
  1529, 2311, 2317, 1541, 1530, 2312, 2318, 1542,
  2311, 2313, 2319, 2317, 2312, 2314, 2320, 2318,
  2313, 2315, 2321, 2319, 2314, 2316, 2322, 2320,
  1541, 2317, 925, 21, 1542, 2318, 927, 23,
  2317, 2319, 929, 925, 2318, 2320, 931, 927,
  2319, 2321, 933, 929, 2320, 2322, 935, 931,
  1409, 2247, 2248, 1410, 1553, 2323, 2324, 1554,
  2247, 2251, 2252, 2248, 2323, 2325, 2326, 2324,
  2251, 2255, 2256, 2252, 2325, 2327, 2328, 2326,
  1410, 2248, 2258, 1422, 1554, 2324, 2329, 1560,
  2248, 2252, 2260, 2258, 2324, 2326, 2330, 2329,
  2252, 2256, 2262, 2260, 2326, 2328, 2331, 2330,
  1422, 2258, 2264, 1434, 1560, 2329, 2332, 1566,
  2258, 2260, 2266, 2264, 2329, 2330, 2333, 2332,
  2260, 2262, 2268, 2266, 2330, 2331, 2334, 2333,
  1434, 2264, 2270, 1446, 1566, 2332, 2335, 1572,
  2264, 2266, 2272, 2270, 2332, 2333, 2336, 2335,
  2266, 2268, 2274, 2272, 2333, 2334, 2337, 2336,
  1446, 2270, 2276, 1458, 1572, 2335, 2338, 1578,
  2270, 2272, 2278, 2276, 2335, 2336, 2339, 2338,
  2272, 2274, 2280, 2278, 2336, 2337, 2340, 2339,
  1458, 2276, 2282, 1470, 1578, 2338, 2341, 1584,
  2276, 2278, 2284, 2282, 2338, 2339, 2342, 2341,
  2278, 2280, 2286, 2284, 2339, 2340, 2343, 2342,
  1470, 2282, 2288, 1482, 1584, 2341, 2344, 1590,
  2282, 2284, 2290, 2288, 2341, 2342, 2345, 2344,
  2284, 2286, 2292, 2290, 2342, 2343, 2346, 2345,
  1482, 2288, 2294, 1494, 1590, 2344, 2347, 1596,
  2288, 2290, 2296, 2294, 2344, 2345, 2348, 2347,
  2290, 2292, 2298, 2296, 2345, 2346, 2349, 2348,
  1494, 2294, 2300, 1506, 1596, 2347, 2350, 1602,
  2294, 2296, 2302, 2300, 2347, 2348, 2351, 2350,
  2296, 2298, 2304, 2302, 2348, 2349, 2352, 2351,
  1506, 2300, 2306, 1518, 1602, 2350, 2353, 1608,
  2300, 2302, 2308, 2306, 2350, 2351, 2354, 2353,
  2302, 2304, 2310, 2308, 2351, 2352, 2355, 2354,
  1518, 2306, 2312, 1530, 1608, 2353, 2356, 1614,
  2306, 2308, 2314, 2312, 2353, 2354, 2357, 2356,
  2308, 2310, 2316, 2314, 2354, 2355, 2358, 2357,
  1530, 2312, 2318, 1542, 1614, 2356, 2359, 1620,
  2312, 2314, 2320, 2318, 2356, 2357, 2360, 2359,
  2314, 2316, 2322, 2320, 2357, 2358, 2361, 2360,
  1542, 2318, 927, 23, 1620, 2359, 1009, 179,
  2318, 2320, 931, 927, 2359, 2360, 1011, 1009,
  2320, 2322, 935, 931, 2360, 2361, 1013, 1011,
  1553, 2323, 2324, 1554, 1631, 2362, 2363, 1632,
  2323, 2325, 2326, 2324, 2362, 2364, 2365, 2363,
  2325, 2327, 2328, 2326, 2364, 2366, 2367, 2365,
  1554, 2324, 2329, 1560, 1632, 2363, 2368, 1638,
  2324, 2326, 2330, 2329, 2363, 2365, 2369, 2368,
  2326, 2328, 2331, 2330, 2365, 2367, 2370, 2369,
  1560, 2329, 2332, 1566, 1638, 2368, 2371, 1644,
  2329, 2330, 2333, 2332, 2368, 2369, 2372, 2371,
  2330, 2331, 2334, 2333, 2369, 2370, 2373, 2372,
  1566, 2332, 2335, 1572, 1644, 2371, 2374, 1650,
  2332, 2333, 2336, 2335, 2371, 2372, 2375, 2374,
  2333, 2334, 2337, 2336, 2372, 2373, 2376, 2375,
  1572, 2335, 2338, 1578, 1650, 2374, 2377, 1656,
  2335, 2336, 2339, 2338, 2374, 2375, 2378, 2377,
  2336, 2337, 2340, 2339, 2375, 2376, 2379, 2378,
  1578, 2338, 2341, 1584, 1656, 2377, 2380, 1662,
  2338, 2339, 2342, 2341, 2377, 2378, 2381, 2380,
  2339, 2340, 2343, 2342, 2378, 2379, 2382, 2381,
  1584, 2341, 2344, 1590, 1662, 2380, 2383, 1668,
  2341, 2342, 2345, 2344, 2380, 2381, 2384, 2383,
  2342, 2343, 2346, 2345, 2381, 2382, 2385, 2384,
  1590, 2344, 2347, 1596, 1668, 2383, 2386, 1674,
  2344, 2345, 2348, 2347, 2383, 2384, 2387, 2386,
  2345, 2346, 2349, 2348, 2384, 2385, 2388, 2387,
  1596, 2347, 2350, 1602, 1674, 2386, 2389, 1680,
  2347, 2348, 2351, 2350, 2386, 2387, 2390, 2389,
  2348, 2349, 2352, 2351, 2387, 2388, 2391, 2390,
  1602, 2350, 2353, 1608, 1680, 2389, 2392, 1686,
  2350, 2351, 2354, 2353, 2389, 2390, 2393, 2392,
  2351, 2352, 2355, 2354, 2390, 2391, 2394, 2393,
  1608, 2353, 2356, 1614, 1686, 2392, 2395, 1692,
  2353, 2354, 2357, 2356, 2392, 2393, 2396, 2395,
  2354, 2355, 2358, 2357, 2393, 2394, 2397, 2396,
  1614, 2356, 2359, 1620, 1692, 2395, 2398, 1698,
  2356, 2357, 2360, 2359, 2395, 2396, 2399, 2398,
  2357, 2358, 2361, 2360, 2396, 2397, 2400, 2399,
  1620, 2359, 1009, 179, 1698, 2398, 1051, 263,
  2359, 2360, 1011, 1009, 2398, 2399, 1053, 1051,
  2360, 2361, 1013, 1011, 2399, 2400, 1055, 1053,
  1631, 2362, 2363, 1632, 1709, 2401, 2402, 1710,
  2362, 2364, 2365, 2363, 2401, 2403, 2404, 2402,
  2364, 2366, 2367, 2365, 2403, 2405, 2406, 2404,
  1632, 2363, 2368, 1638, 1710, 2402, 2407, 1716,
  2363, 2365, 2369, 2368, 2402, 2404, 2408, 2407,
  2365, 2367, 2370, 2369, 2404, 2406, 2409, 2408,
  1638, 2368, 2371, 1644, 1716, 2407, 2410, 1722,
  2368, 2369, 2372, 2371, 2407, 2408, 2411, 2410,
  2369, 2370, 2373, 2372, 2408, 2409, 2412, 2411,
  1644, 2371, 2374, 1650, 1722, 2410, 2413, 1728,
  2371, 2372, 2375, 2374, 2410, 2411, 2414, 2413,
  2372, 2373, 2376, 2375, 2411, 2412, 2415, 2414,
  1650, 2374, 2377, 1656, 1728, 2413, 2416, 1734,
  2374, 2375, 2378, 2377, 2413, 2414, 2417, 2416,
  2375, 2376, 2379, 2378, 2414, 2415, 2418, 2417,
  1656, 2377, 2380, 1662, 1734, 2416, 2419, 1740,
  2377, 2378, 2381, 2380, 2416, 2417, 2420, 2419,
  2378, 2379, 2382, 2381, 2417, 2418, 2421, 2420,
  1662, 2380, 2383, 1668, 1740, 2419, 2422, 1746,
  2380, 2381, 2384, 2383, 2419, 2420, 2423, 2422,
  2381, 2382, 2385, 2384, 2420, 2421, 2424, 2423,
  1668, 2383, 2386, 1674, 1746, 2422, 2425, 1752,
  2383, 2384, 2387, 2386, 2422, 2423, 2426, 2425,
  2384, 2385, 2388, 2387, 2423, 2424, 2427, 2426,
  1674, 2386, 2389, 1680, 1752, 2425, 2428, 1758,
  2386, 2387, 2390, 2389, 2425, 2426, 2429, 2428,
  2387, 2388, 2391, 2390, 2426, 2427, 2430, 2429,
  1680, 2389, 2392, 1686, 1758, 2428, 2431, 1764,
  2389, 2390, 2393, 2392, 2428, 2429, 2432, 2431,
  2390, 2391, 2394, 2393, 2429, 2430, 2433, 2432,
  1686, 2392, 2395, 1692, 1764, 2431, 2434, 1770,
  2392, 2393, 2396, 2395, 2431, 2432, 2435, 2434,
  2393, 2394, 2397, 2396, 2432, 2433, 2436, 2435,
  1692, 2395, 2398, 1698, 1770, 2434, 2437, 1776,
  2395, 2396, 2399, 2398, 2434, 2435, 2438, 2437,
  2396, 2397, 2400, 2399, 2435, 2436, 2439, 2438,
  1698, 2398, 1051, 263, 1776, 2437, 1093, 347,
  2398, 2399, 1053, 1051, 2437, 2438, 1095, 1093,
  2399, 2400, 1055, 1053, 2438, 2439, 1097, 1095,
  1709, 2401, 2402, 1710, 1787, 2440, 2441, 1788,
  2401, 2403, 2404, 2402, 2440, 2442, 2443, 2441,
  2403, 2405, 2406, 2404, 2442, 2444, 2445, 2443,
  1710, 2402, 2407, 1716, 1788, 2441, 2446, 1794,
  2402, 2404, 2408, 2407, 2441, 2443, 2447, 2446,
  2404, 2406, 2409, 2408, 2443, 2445, 2448, 2447,
  1716, 2407, 2410, 1722, 1794, 2446, 2449, 1800,
  2407, 2408, 2411, 2410, 2446, 2447, 2450, 2449,
  2408, 2409, 2412, 2411, 2447, 2448, 2451, 2450,
  1722, 2410, 2413, 1728, 1800, 2449, 2452, 1806,
  2410, 2411, 2414, 2413, 2449, 2450, 2453, 2452,
  2411, 2412, 2415, 2414, 2450, 2451, 2454, 2453,
  1728, 2413, 2416, 1734, 1806, 2452, 2455, 1812,
  2413, 2414, 2417, 2416, 2452, 2453, 2456, 2455,
  2414, 2415, 2418, 2417, 2453, 2454, 2457, 2456,
  1734, 2416, 2419, 1740, 1812, 2455, 2458, 1818,
  2416, 2417, 2420, 2419, 2455, 2456, 2459, 2458,
  2417, 2418, 2421, 2420, 2456, 2457, 2460, 2459,
  1740, 2419, 2422, 1746, 1818, 2458, 2461, 1824,
  2419, 2420, 2423, 2422, 2458, 2459, 2462, 2461,
  2420, 2421, 2424, 2423, 2459, 2460, 2463, 2462,
  1746, 2422, 2425, 1752, 1824, 2461, 2464, 1830,
  2422, 2423, 2426, 2425, 2461, 2462, 2465, 2464,
  2423, 2424, 2427, 2426, 2462, 2463, 2466, 2465,
  1752, 2425, 2428, 1758, 1830, 2464, 2467, 1836,
  2425, 2426, 2429, 2428, 2464, 2465, 2468, 2467,
  2426, 2427, 2430, 2429, 2465, 2466, 2469, 2468,
  1758, 2428, 2431, 1764, 1836, 2467, 2470, 1842,
  2428, 2429, 2432, 2431, 2467, 2468, 2471, 2470,
  2429, 2430, 2433, 2432, 2468, 2469, 2472, 2471,
  1764, 2431, 2434, 1770, 1842, 2470, 2473, 1848,
  2431, 2432, 2435, 2434, 2470, 2471, 2474, 2473,
  2432, 2433, 2436, 2435, 2471, 2472, 2475, 2474,
  1770, 2434, 2437, 1776, 1848, 2473, 2476, 1854,
  2434, 2435, 2438, 2437, 2473, 2474, 2477, 2476,
  2435, 2436, 2439, 2438, 2474, 2475, 2478, 2477,
  1776, 2437, 1093, 347, 1854, 2476, 1135, 431,
  2437, 2438, 1095, 1093, 2476, 2477, 1137, 1135,
  2438, 2439, 1097, 1095, 2477, 2478, 1139, 1137,
  1787, 2440, 2441, 1788, 1865, 2479, 2480, 1866,
  2440, 2442, 2443, 2441, 2479, 2481, 2482, 2480,
  2442, 2444, 2445, 2443, 2481, 2483, 2484, 2482,
  1788, 2441, 2446, 1794, 1866, 2480, 2485, 1872,
  2441, 2443, 2447, 2446, 2480, 2482, 2486, 2485,
  2443, 2445, 2448, 2447, 2482, 2484, 2487, 2486,
  1794, 2446, 2449, 1800, 1872, 2485, 2488, 1878,
  2446, 2447, 2450, 2449, 2485, 2486, 2489, 2488,
  2447, 2448, 2451, 2450, 2486, 2487, 2490, 2489,
  1800, 2449, 2452, 1806, 1878, 2488, 2491, 1884,
  2449, 2450, 2453, 2452, 2488, 2489, 2492, 2491,
  2450, 2451, 2454, 2453, 2489, 2490, 2493, 2492,
  1806, 2452, 2455, 1812, 1884, 2491, 2494, 1890,
  2452, 2453, 2456, 2455, 2491, 2492, 2495, 2494,
  2453, 2454, 2457, 2456, 2492, 2493, 2496, 2495,
  1812, 2455, 2458, 1818, 1890, 2494, 2497, 1896,
  2455, 2456, 2459, 2458, 2494, 2495, 2498, 2497,
  2456, 2457, 2460, 2459, 2495, 2496, 2499, 2498,
  1818, 2458, 2461, 1824, 1896, 2497, 2500, 1902,
  2458, 2459, 2462, 2461, 2497, 2498, 2501, 2500,
  2459, 2460, 2463, 2462, 2498, 2499, 2502, 2501,
  1824, 2461, 2464, 1830, 1902, 2500, 2503, 1908,
  2461, 2462, 2465, 2464, 2500, 2501, 2504, 2503,
  2462, 2463, 2466, 2465, 2501, 2502, 2505, 2504,
  1830, 2464, 2467, 1836, 1908, 2503, 2506, 1914,
  2464, 2465, 2468, 2467, 2503, 2504, 2507, 2506,
  2465, 2466, 2469, 2468, 2504, 2505, 2508, 2507,
  1836, 2467, 2470, 1842, 1914, 2506, 2509, 1920,
  2467, 2468, 2471, 2470, 2506, 2507, 2510, 2509,
  2468, 2469, 2472, 2471, 2507, 2508, 2511, 2510,
  1842, 2470, 2473, 1848, 1920, 2509, 2512, 1926,
  2470, 2471, 2474, 2473, 2509, 2510, 2513, 2512,
  2471, 2472, 2475, 2474, 2510, 2511, 2514, 2513,
  1848, 2473, 2476, 1854, 1926, 2512, 2515, 1932,
  2473, 2474, 2477, 2476, 2512, 2513, 2516, 2515,
  2474, 2475, 2478, 2477, 2513, 2514, 2517, 2516,
  1854, 2476, 1135, 431, 1932, 2515, 1177, 515,
  2476, 2477, 1137, 1135, 2515, 2516, 1179, 1177,
  2477, 2478, 1139, 1137, 2516, 2517, 1181, 1179,
  1865, 2479, 2480, 1866, 1943, 2518, 2519, 1944,
  2479, 2481, 2482, 2480, 2518, 2520, 2521, 2519,
  2481, 2483, 2484, 2482, 2520, 2522, 2523, 2521,
  1866, 2480, 2485, 1872, 1944, 2519, 2524, 1950,
  2480, 2482, 2486, 2485, 2519, 2521, 2525, 2524,
  2482, 2484, 2487, 2486, 2521, 2523, 2526, 2525,
  1872, 2485, 2488, 1878, 1950, 2524, 2527, 1956,
  2485, 2486, 2489, 2488, 2524, 2525, 2528, 2527,
  2486, 2487, 2490, 2489, 2525, 2526, 2529, 2528,
  1878, 2488, 2491, 1884, 1956, 2527, 2530, 1962,
  2488, 2489, 2492, 2491, 2527, 2528, 2531, 2530,
  2489, 2490, 2493, 2492, 2528, 2529, 2532, 2531,
  1884, 2491, 2494, 1890, 1962, 2530, 2533, 1968,
  2491, 2492, 2495, 2494, 2530, 2531, 2534, 2533,
  2492, 2493, 2496, 2495, 2531, 2532, 2535, 2534,
  1890, 2494, 2497, 1896, 1968, 2533, 2536, 1974,
  2494, 2495, 2498, 2497, 2533, 2534, 2537, 2536,
  2495, 2496, 2499, 2498, 2534, 2535, 2538, 2537,
  1896, 2497, 2500, 1902, 1974, 2536, 2539, 1980,
  2497, 2498, 2501, 2500, 2536, 2537, 2540, 2539,
  2498, 2499, 2502, 2501, 2537, 2538, 2541, 2540,
  1902, 2500, 2503, 1908, 1980, 2539, 2542, 1986,
  2500, 2501, 2504, 2503, 2539, 2540, 2543, 2542,
  2501, 2502, 2505, 2504, 2540, 2541, 2544, 2543,
  1908, 2503, 2506, 1914, 1986, 2542, 2545, 1992,
  2503, 2504, 2507, 2506, 2542, 2543, 2546, 2545,
  2504, 2505, 2508, 2507, 2543, 2544, 2547, 2546,
  1914, 2506, 2509, 1920, 1992, 2545, 2548, 1998,
  2506, 2507, 2510, 2509, 2545, 2546, 2549, 2548,
  2507, 2508, 2511, 2510, 2546, 2547, 2550, 2549,
  1920, 2509, 2512, 1926, 1998, 2548, 2551, 2004,
  2509, 2510, 2513, 2512, 2548, 2549, 2552, 2551,
  2510, 2511, 2514, 2513, 2549, 2550, 2553, 2552,
  1926, 2512, 2515, 1932, 2004, 2551, 2554, 2010,
  2512, 2513, 2516, 2515, 2551, 2552, 2555, 2554,
  2513, 2514, 2517, 2516, 2552, 2553, 2556, 2555,
  1932, 2515, 1177, 515, 2010, 2554, 1219, 599,
  2515, 2516, 1179, 1177, 2554, 2555, 1221, 1219,
  2516, 2517, 1181, 1179, 2555, 2556, 1223, 1221,
  1943, 2518, 2519, 1944, 2021, 2557, 2558, 2022,
  2518, 2520, 2521, 2519, 2557, 2559, 2560, 2558,
  2520, 2522, 2523, 2521, 2559, 2561, 2562, 2560,
  1944, 2519, 2524, 1950, 2022, 2558, 2563, 2028,
  2519, 2521, 2525, 2524, 2558, 2560, 2564, 2563,
  2521, 2523, 2526, 2525, 2560, 2562, 2565, 2564,
  1950, 2524, 2527, 1956, 2028, 2563, 2566, 2034,
  2524, 2525, 2528, 2527, 2563, 2564, 2567, 2566,
  2525, 2526, 2529, 2528, 2564, 2565, 2568, 2567,
  1956, 2527, 2530, 1962, 2034, 2566, 2569, 2040,
  2527, 2528, 2531, 2530, 2566, 2567, 2570, 2569,
  2528, 2529, 2532, 2531, 2567, 2568, 2571, 2570,
  1962, 2530, 2533, 1968, 2040, 2569, 2572, 2046,
  2530, 2531, 2534, 2533, 2569, 2570, 2573, 2572,
  2531, 2532, 2535, 2534, 2570, 2571, 2574, 2573,
  1968, 2533, 2536, 1974, 2046, 2572, 2575, 2052,
  2533, 2534, 2537, 2536, 2572, 2573, 2576, 2575,
  2534, 2535, 2538, 2537, 2573, 2574, 2577, 2576,
  1974, 2536, 2539, 1980, 2052, 2575, 2578, 2058,
  2536, 2537, 2540, 2539, 2575, 2576, 2579, 2578,
  2537, 2538, 2541, 2540, 2576, 2577, 2580, 2579,
  1980, 2539, 2542, 1986, 2058, 2578, 2581, 2064,
  2539, 2540, 2543, 2542, 2578, 2579, 2582, 2581,
  2540, 2541, 2544, 2543, 2579, 2580, 2583, 2582,
  1986, 2542, 2545, 1992, 2064, 2581, 2584, 2070,
  2542, 2543, 2546, 2545, 2581, 2582, 2585, 2584,
  2543, 2544, 2547, 2546, 2582, 2583, 2586, 2585,
  1992, 2545, 2548, 1998, 2070, 2584, 2587, 2076,
  2545, 2546, 2549, 2548, 2584, 2585, 2588, 2587,
  2546, 2547, 2550, 2549, 2585, 2586, 2589, 2588,
  1998, 2548, 2551, 2004, 2076, 2587, 2590, 2082,
  2548, 2549, 2552, 2551, 2587, 2588, 2591, 2590,
  2549, 2550, 2553, 2552, 2588, 2589, 2592, 2591,
  2004, 2551, 2554, 2010, 2082, 2590, 2593, 2088,
  2551, 2552, 2555, 2554, 2590, 2591, 2594, 2593,
  2552, 2553, 2556, 2555, 2591, 2592, 2595, 2594,
  2010, 2554, 1219, 599, 2088, 2593, 1261, 683,
  2554, 2555, 1221, 1219, 2593, 2594, 1263, 1261,
  2555, 2556, 1223, 1221, 2594, 2595, 1265, 1263,
  2021, 2557, 2558, 2022, 2099, 2596, 2597, 2100,
  2557, 2559, 2560, 2558, 2596, 2598, 2599, 2597,
  2559, 2561, 2562, 2560, 2598, 2600, 2601, 2599,
  2022, 2558, 2563, 2028, 2100, 2597, 2602, 2106,
  2558, 2560, 2564, 2563, 2597, 2599, 2603, 2602,
  2560, 2562, 2565, 2564, 2599, 2601, 2604, 2603,
  2028, 2563, 2566, 2034, 2106, 2602, 2605, 2112,
  2563, 2564, 2567, 2566, 2602, 2603, 2606, 2605,
  2564, 2565, 2568, 2567, 2603, 2604, 2607, 2606,
  2034, 2566, 2569, 2040, 2112, 2605, 2608, 2118,
  2566, 2567, 2570, 2569, 2605, 2606, 2609, 2608,
  2567, 2568, 2571, 2570, 2606, 2607, 2610, 2609,
  2040, 2569, 2572, 2046, 2118, 2608, 2611, 2124,
  2569, 2570, 2573, 2572, 2608, 2609, 2612, 2611,
  2570, 2571, 2574, 2573, 2609, 2610, 2613, 2612,
  2046, 2572, 2575, 2052, 2124, 2611, 2614, 2130,
  2572, 2573, 2576, 2575, 2611, 2612, 2615, 2614,
  2573, 2574, 2577, 2576, 2612, 2613, 2616, 2615,
  2052, 2575, 2578, 2058, 2130, 2614, 2617, 2136,
  2575, 2576, 2579, 2578, 2614, 2615, 2618, 2617,
  2576, 2577, 2580, 2579, 2615, 2616, 2619, 2618,
  2058, 2578, 2581, 2064, 2136, 2617, 2620, 2142,
  2578, 2579, 2582, 2581, 2617, 2618, 2621, 2620,
  2579, 2580, 2583, 2582, 2618, 2619, 2622, 2621,
  2064, 2581, 2584, 2070, 2142, 2620, 2623, 2148,
  2581, 2582, 2585, 2584, 2620, 2621, 2624, 2623,
  2582, 2583, 2586, 2585, 2621, 2622, 2625, 2624,
  2070, 2584, 2587, 2076, 2148, 2623, 2626, 2154,
  2584, 2585, 2588, 2587, 2623, 2624, 2627, 2626,
  2585, 2586, 2589, 2588, 2624, 2625, 2628, 2627,
  2076, 2587, 2590, 2082, 2154, 2626, 2629, 2160,
  2587, 2588, 2591, 2590, 2626, 2627, 2630, 2629,
  2588, 2589, 2592, 2591, 2627, 2628, 2631, 2630,
  2082, 2590, 2593, 2088, 2160, 2629, 2632, 2166,
  2590, 2591, 2594, 2593, 2629, 2630, 2633, 2632,
  2591, 2592, 2595, 2594, 2630, 2631, 2634, 2633,
  2088, 2593, 1261, 683, 2166, 2632, 1303, 767,
  2593, 2594, 1263, 1261, 2632, 2633, 1305, 1303,
  2594, 2595, 1265, 1263, 2633, 2634, 1307, 1305,
  2099, 2596, 2597, 2100, 2177, 2635, 2636, 2178,
  2596, 2598, 2599, 2597, 2635, 2637, 2638, 2636,
  2598, 2600, 2601, 2599, 2637, 2639, 2640, 2638,
  2100, 2597, 2602, 2106, 2178, 2636, 2641, 2184,
  2597, 2599, 2603, 2602, 2636, 2638, 2642, 2641,
  2599, 2601, 2604, 2603, 2638, 2640, 2643, 2642,
  2106, 2602, 2605, 2112, 2184, 2641, 2644, 2190,
  2602, 2603, 2606, 2605, 2641, 2642, 2645, 2644,
  2603, 2604, 2607, 2606, 2642, 2643, 2646, 2645,
  2112, 2605, 2608, 2118, 2190, 2644, 2647, 2196,
  2605, 2606, 2609, 2608, 2644, 2645, 2648, 2647,
  2606, 2607, 2610, 2609, 2645, 2646, 2649, 2648,
  2118, 2608, 2611, 2124, 2196, 2647, 2650, 2202,
  2608, 2609, 2612, 2611, 2647, 2648, 2651, 2650,
  2609, 2610, 2613, 2612, 2648, 2649, 2652, 2651,
  2124, 2611, 2614, 2130, 2202, 2650, 2653, 2208,
  2611, 2612, 2615, 2614, 2650, 2651, 2654, 2653,
  2612, 2613, 2616, 2615, 2651, 2652, 2655, 2654,
  2130, 2614, 2617, 2136, 2208, 2653, 2656, 2214,
  2614, 2615, 2618, 2617, 2653, 2654, 2657, 2656,
  2615, 2616, 2619, 2618, 2654, 2655, 2658, 2657,
  2136, 2617, 2620, 2142, 2214, 2656, 2659, 2220,
  2617, 2618, 2621, 2620, 2656, 2657, 2660, 2659,
  2618, 2619, 2622, 2621, 2657, 2658, 2661, 2660,
  2142, 2620, 2623, 2148, 2220, 2659, 2662, 2226,
  2620, 2621, 2624, 2623, 2659, 2660, 2663, 2662,
  2621, 2622, 2625, 2624, 2660, 2661, 2664, 2663,
  2148, 2623, 2626, 2154, 2226, 2662, 2665, 2232,
  2623, 2624, 2627, 2626, 2662, 2663, 2666, 2665,
  2624, 2625, 2628, 2627, 2663, 2664, 2667, 2666,
  2154, 2626, 2629, 2160, 2232, 2665, 2668, 2238,
  2626, 2627, 2630, 2629, 2665, 2666, 2669, 2668,
  2627, 2628, 2631, 2630, 2666, 2667, 2670, 2669,
  2160, 2629, 2632, 2166, 2238, 2668, 2671, 2244,
  2629, 2630, 2633, 2632, 2668, 2669, 2672, 2671,
  2630, 2631, 2634, 2633, 2669, 2670, 2673, 2672,
  2166, 2632, 1303, 767, 2244, 2671, 1345, 851,
  2632, 2633, 1305, 1303, 2671, 2672, 1347, 1345,
  2633, 2634, 1307, 1305, 2672, 2673, 1349, 1347,
  2674, 2675, 2676, 2677, 2678, 2679, 2680, 2681,
  2675, 2682, 2683, 2676, 2679, 2684, 2685, 2680,
  2682, 2686, 2687, 2683, 2684, 2688, 2689, 2685,
  2686, 2690, 2691, 2687, 2688, 2692, 2693, 2689,
  2690, 1007, 1001, 2691, 2692, 1008, 1002, 2693,
  2677, 2676, 2694, 2695, 2681, 2680, 2696, 2697,
  2676, 2683, 2698, 2694, 2680, 2685, 2699, 2696,
  2683, 2687, 2700, 2698, 2685, 2689, 2701, 2699,
  2687, 2691, 2702, 2700, 2689, 2693, 2703, 2701,
  2691, 1001, 995, 2702, 2693, 1002, 996, 2703,
  2695, 2694, 2704, 2705, 2697, 2696, 2706, 2707,
  2694, 2698, 2708, 2704, 2696, 2699, 2709, 2706,
  2698, 2700, 2710, 2708, 2699, 2701, 2711, 2709,
  2700, 2702, 2712, 2710, 2701, 2703, 2713, 2711,
  2702, 995, 989, 2712, 2703, 996, 990, 2713,
  2705, 2704, 2714, 2715, 2707, 2706, 2716, 2717,
  2704, 2708, 2718, 2714, 2706, 2709, 2719, 2716,
  2708, 2710, 2720, 2718, 2709, 2711, 2721, 2719,
  2710, 2712, 2722, 2720, 2711, 2713, 2723, 2721,
  2712, 989, 983, 2722, 2713, 990, 984, 2723,
  2715, 2714, 2724, 2725, 2717, 2716, 2726, 2727,
  2714, 2718, 2728, 2724, 2716, 2719, 2729, 2726,
  2718, 2720, 2730, 2728, 2719, 2721, 2731, 2729,
  2720, 2722, 2732, 2730, 2721, 2723, 2733, 2731,
  2722, 983, 977, 2732, 2723, 984, 978, 2733,
  2725, 2724, 2734, 2735, 2727, 2726, 2736, 2737,
  2724, 2728, 2738, 2734, 2726, 2729, 2739, 2736,
  2728, 2730, 2740, 2738, 2729, 2731, 2741, 2739,
  2730, 2732, 2742, 2740, 2731, 2733, 2743, 2741,
  2732, 977, 971, 2742, 2733, 978, 972, 2743,
  2735, 2734, 2744, 2745, 2737, 2736, 2746, 2747,
  2734, 2738, 2748, 2744, 2736, 2739, 2749, 2746,
  2738, 2740, 2750, 2748, 2739, 2741, 2751, 2749,
  2740, 2742, 2752, 2750, 2741, 2743, 2753, 2751,
  2742, 971, 965, 2752, 2743, 972, 966, 2753,
  2745, 2744, 2754, 2755, 2747, 2746, 2756, 2757,
  2744, 2748, 2758, 2754, 2746, 2749, 2759, 2756,
  2748, 2750, 2760, 2758, 2749, 2751, 2761, 2759,
  2750, 2752, 2762, 2760, 2751, 2753, 2763, 2761,
  2752, 965, 959, 2762, 2753, 966, 960, 2763,
  2755, 2754, 2764, 2765, 2757, 2756, 2766, 2767,
  2754, 2758, 2768, 2764, 2756, 2759, 2769, 2766,
  2758, 2760, 2770, 2768, 2759, 2761, 2771, 2769,
  2760, 2762, 2772, 2770, 2761, 2763, 2773, 2771,
  2762, 959, 953, 2772, 2763, 960, 954, 2773,
  2765, 2764, 2774, 2775, 2767, 2766, 2776, 2777,
  2764, 2768, 2778, 2774, 2766, 2769, 2779, 2776,
  2768, 2770, 2780, 2778, 2769, 2771, 2781, 2779,
  2770, 2772, 2782, 2780, 2771, 2773, 2783, 2781,
  2772, 953, 947, 2782, 2773, 954, 948, 2783,
  2775, 2774, 2784, 2785, 2777, 2776, 2786, 2787,
  2774, 2778, 2788, 2784, 2776, 2779, 2789, 2786,
  2778, 2780, 2790, 2788, 2779, 2781, 2791, 2789,
  2780, 2782, 2792, 2790, 2781, 2783, 2793, 2791,
  2782, 947, 941, 2792, 2783, 948, 942, 2793,
  2785, 2784, 2794, 2795, 2787, 2786, 2796, 2797,
  2784, 2788, 2798, 2794, 2786, 2789, 2799, 2796,
  2788, 2790, 2800, 2798, 2789, 2791, 2801, 2799,
  2790, 2792, 2802, 2800, 2791, 2793, 2803, 2801,
  2792, 941, 934, 2802, 2793, 942, 936, 2803,
  2795, 2794, 2804, 2805, 2797, 2796, 2806, 2807,
  2794, 2798, 2808, 2804, 2796, 2799, 2809, 2806,
  2798, 2800, 2810, 2808, 2799, 2801, 2811, 2809,
  2800, 2802, 2812, 2810, 2801, 2803, 2813, 2811,
  2802, 934, 933, 2812, 2803, 936, 935, 2813,
  2678, 2679, 2680, 2681, 2814, 2815, 2816, 2817,
  2679, 2684, 2685, 2680, 2815, 2818, 2819, 2816,
  2684, 2688, 2689, 2685, 2818, 2820, 2821, 2819,
  2688, 2692, 2693, 2689, 2820, 2822, 2823, 2821,
  2692, 1008, 1002, 2693, 2822, 1050, 1047, 2823,
  2681, 2680, 2696, 2697, 2817, 2816, 2824, 2825,
  2680, 2685, 2699, 2696, 2816, 2819, 2826, 2824,
  2685, 2689, 2701, 2699, 2819, 2821, 2827, 2826,
  2689, 2693, 2703, 2701, 2821, 2823, 2828, 2827,
  2693, 1002, 996, 2703, 2823, 1047, 1044, 2828,
  2697, 2696, 2706, 2707, 2825, 2824, 2829, 2830,
  2696, 2699, 2709, 2706, 2824, 2826, 2831, 2829,
  2699, 2701, 2711, 2709, 2826, 2827, 2832, 2831,
  2701, 2703, 2713, 2711, 2827, 2828, 2833, 2832,
  2703, 996, 990, 2713, 2828, 1044, 1041, 2833,
  2707, 2706, 2716, 2717, 2830, 2829, 2834, 2835,
  2706, 2709, 2719, 2716, 2829, 2831, 2836, 2834,
  2709, 2711, 2721, 2719, 2831, 2832, 2837, 2836,
  2711, 2713, 2723, 2721, 2832, 2833, 2838, 2837,
  2713, 990, 984, 2723, 2833, 1041, 1038, 2838,
  2717, 2716, 2726, 2727, 2835, 2834, 2839, 2840,
  2716, 2719, 2729, 2726, 2834, 2836, 2841, 2839,
  2719, 2721, 2731, 2729, 2836, 2837, 2842, 2841,
  2721, 2723, 2733, 2731, 2837, 2838, 2843, 2842,
  2723, 984, 978, 2733, 2838, 1038, 1035, 2843,
  2727, 2726, 2736, 2737, 2840, 2839, 2844, 2845,
  2726, 2729, 2739, 2736, 2839, 2841, 2846, 2844,
  2729, 2731, 2741, 2739, 2841, 2842, 2847, 2846,
  2731, 2733, 2743, 2741, 2842, 2843, 2848, 2847,
  2733, 978, 972, 2743, 2843, 1035, 1032, 2848,
  2737, 2736, 2746, 2747, 2845, 2844, 2849, 2850,
  2736, 2739, 2749, 2746, 2844, 2846, 2851, 2849,
  2739, 2741, 2751, 2749, 2846, 2847, 2852, 2851,
  2741, 2743, 2753, 2751, 2847, 2848, 2853, 2852,
  2743, 972, 966, 2753, 2848, 1032, 1029, 2853,
  2747, 2746, 2756, 2757, 2850, 2849, 2854, 2855,
  2746, 2749, 2759, 2756, 2849, 2851, 2856, 2854,
  2749, 2751, 2761, 2759, 2851, 2852, 2857, 2856,
  2751, 2753, 2763, 2761, 2852, 2853, 2858, 2857,
  2753, 966, 960, 2763, 2853, 1029, 1026, 2858,
  2757, 2756, 2766, 2767, 2855, 2854, 2859, 2860,
  2756, 2759, 2769, 2766, 2854, 2856, 2861, 2859,
  2759, 2761, 2771, 2769, 2856, 2857, 2862, 2861,
  2761, 2763, 2773, 2771, 2857, 2858, 2863, 2862,
  2763, 960, 954, 2773, 2858, 1026, 1023, 2863,
  2767, 2766, 2776, 2777, 2860, 2859, 2864, 2865,
  2766, 2769, 2779, 2776, 2859, 2861, 2866, 2864,
  2769, 2771, 2781, 2779, 2861, 2862, 2867, 2866,
  2771, 2773, 2783, 2781, 2862, 2863, 2868, 2867,
  2773, 954, 948, 2783, 2863, 1023, 1020, 2868,
  2777, 2776, 2786, 2787, 2865, 2864, 2869, 2870,
  2776, 2779, 2789, 2786, 2864, 2866, 2871, 2869,
  2779, 2781, 2791, 2789, 2866, 2867, 2872, 2871,
  2781, 2783, 2793, 2791, 2867, 2868, 2873, 2872,
  2783, 948, 942, 2793, 2868, 1020, 1017, 2873,
  2787, 2786, 2796, 2797, 2870, 2869, 2874, 2875,
  2786, 2789, 2799, 2796, 2869, 2871, 2876, 2874,
  2789, 2791, 2801, 2799, 2871, 2872, 2877, 2876,
  2791, 2793, 2803, 2801, 2872, 2873, 2878, 2877,
  2793, 942, 936, 2803, 2873, 1017, 1014, 2878,
  2797, 2796, 2806, 2807, 2875, 2874, 2879, 2880,
  2796, 2799, 2809, 2806, 2874, 2876, 2881, 2879,
  2799, 2801, 2811, 2809, 2876, 2877, 2882, 2881,
  2801, 2803, 2813, 2811, 2877, 2878, 2883, 2882,
  2803, 936, 935, 2813, 2878, 1014, 1013, 2883,
  2814, 2815, 2816, 2817, 2884, 2885, 2886, 2887,
  2815, 2818, 2819, 2816, 2885, 2888, 2889, 2886,
  2818, 2820, 2821, 2819, 2888, 2890, 2891, 2889,
  2820, 2822, 2823, 2821, 2890, 2892, 2893, 2891,
  2822, 1050, 1047, 2823, 2892, 1092, 1089, 2893,
  2817, 2816, 2824, 2825, 2887, 2886, 2894, 2895,
  2816, 2819, 2826, 2824, 2886, 2889, 2896, 2894,
  2819, 2821, 2827, 2826, 2889, 2891, 2897, 2896,
  2821, 2823, 2828, 2827, 2891, 2893, 2898, 2897,
  2823, 1047, 1044, 2828, 2893, 1089, 1086, 2898,
  2825, 2824, 2829, 2830, 2895, 2894, 2899, 2900,
  2824, 2826, 2831, 2829, 2894, 2896, 2901, 2899,
  2826, 2827, 2832, 2831, 2896, 2897, 2902, 2901,
  2827, 2828, 2833, 2832, 2897, 2898, 2903, 2902,
  2828, 1044, 1041, 2833, 2898, 1086, 1083, 2903,
  2830, 2829, 2834, 2835, 2900, 2899, 2904, 2905,
  2829, 2831, 2836, 2834, 2899, 2901, 2906, 2904,
  2831, 2832, 2837, 2836, 2901, 2902, 2907, 2906,
  2832, 2833, 2838, 2837, 2902, 2903, 2908, 2907,
  2833, 1041, 1038, 2838, 2903, 1083, 1080, 2908,
  2835, 2834, 2839, 2840, 2905, 2904, 2909, 2910,
  2834, 2836, 2841, 2839, 2904, 2906, 2911, 2909,
  2836, 2837, 2842, 2841, 2906, 2907, 2912, 2911,
  2837, 2838, 2843, 2842, 2907, 2908, 2913, 2912,
  2838, 1038, 1035, 2843, 2908, 1080, 1077, 2913,
  2840, 2839, 2844, 2845, 2910, 2909, 2914, 2915,
  2839, 2841, 2846, 2844, 2909, 2911, 2916, 2914,
  2841, 2842, 2847, 2846, 2911, 2912, 2917, 2916,
  2842, 2843, 2848, 2847, 2912, 2913, 2918, 2917,
  2843, 1035, 1032, 2848, 2913, 1077, 1074, 2918,
  2845, 2844, 2849, 2850, 2915, 2914, 2919, 2920,
  2844, 2846, 2851, 2849, 2914, 2916, 2921, 2919,
  2846, 2847, 2852, 2851, 2916, 2917, 2922, 2921,
  2847, 2848, 2853, 2852, 2917, 2918, 2923, 2922,
  2848, 1032, 1029, 2853, 2918, 1074, 1071, 2923,
  2850, 2849, 2854, 2855, 2920, 2919, 2924, 2925,
  2849, 2851, 2856, 2854, 2919, 2921, 2926, 2924,
  2851, 2852, 2857, 2856, 2921, 2922, 2927, 2926,
  2852, 2853, 2858, 2857, 2922, 2923, 2928, 2927,
  2853, 1029, 1026, 2858, 2923, 1071, 1068, 2928,
  2855, 2854, 2859, 2860, 2925, 2924, 2929, 2930,
  2854, 2856, 2861, 2859, 2924, 2926, 2931, 2929,
  2856, 2857, 2862, 2861, 2926, 2927, 2932, 2931,
  2857, 2858, 2863, 2862, 2927, 2928, 2933, 2932,
  2858, 1026, 1023, 2863, 2928, 1068, 1065, 2933,
  2860, 2859, 2864, 2865, 2930, 2929, 2934, 2935,
  2859, 2861, 2866, 2864, 2929, 2931, 2936, 2934,
  2861, 2862, 2867, 2866, 2931, 2932, 2937, 2936,
  2862, 2863, 2868, 2867, 2932, 2933, 2938, 2937,
  2863, 1023, 1020, 2868, 2933, 1065, 1062, 2938,
  2865, 2864, 2869, 2870, 2935, 2934, 2939, 2940,
  2864, 2866, 2871, 2869, 2934, 2936, 2941, 2939,
  2866, 2867, 2872, 2871, 2936, 2937, 2942, 2941,
  2867, 2868, 2873, 2872, 2937, 2938, 2943, 2942,
  2868, 1020, 1017, 2873, 2938, 1062, 1059, 2943,
  2870, 2869, 2874, 2875, 2940, 2939, 2944, 2945,
  2869, 2871, 2876, 2874, 2939, 2941, 2946, 2944,
  2871, 2872, 2877, 2876, 2941, 2942, 2947, 2946,
  2872, 2873, 2878, 2877, 2942, 2943, 2948, 2947,
  2873, 1017, 1014, 2878, 2943, 1059, 1056, 2948,
  2875, 2874, 2879, 2880, 2945, 2944, 2949, 2950,
  2874, 2876, 2881, 2879, 2944, 2946, 2951, 2949,
  2876, 2877, 2882, 2881, 2946, 2947, 2952, 2951,
  2877, 2878, 2883, 2882, 2947, 2948, 2953, 2952,
  2878, 1014, 1013, 2883, 2948, 1056, 1055, 2953,
  2884, 2885, 2886, 2887, 2954, 2955, 2956, 2957,
  2885, 2888, 2889, 2886, 2955, 2958, 2959, 2956,
  2888, 2890, 2891, 2889, 2958, 2960, 2961, 2959,
  2890, 2892, 2893, 2891, 2960, 2962, 2963, 2961,
  2892, 1092, 1089, 2893, 2962, 1134, 1131, 2963,
  2887, 2886, 2894, 2895, 2957, 2956, 2964, 2965,
  2886, 2889, 2896, 2894, 2956, 2959, 2966, 2964,
  2889, 2891, 2897, 2896, 2959, 2961, 2967, 2966,
  2891, 2893, 2898, 2897, 2961, 2963, 2968, 2967,
  2893, 1089, 1086, 2898, 2963, 1131, 1128, 2968,
  2895, 2894, 2899, 2900, 2965, 2964, 2969, 2970,
  2894, 2896, 2901, 2899, 2964, 2966, 2971, 2969,
  2896, 2897, 2902, 2901, 2966, 2967, 2972, 2971,
  2897, 2898, 2903, 2902, 2967, 2968, 2973, 2972,
  2898, 1086, 1083, 2903, 2968, 1128, 1125, 2973,
  2900, 2899, 2904, 2905, 2970, 2969, 2974, 2975,
  2899, 2901, 2906, 2904, 2969, 2971, 2976, 2974,
  2901, 2902, 2907, 2906, 2971, 2972, 2977, 2976,
  2902, 2903, 2908, 2907, 2972, 2973, 2978, 2977,
  2903, 1083, 1080, 2908, 2973, 1125, 1122, 2978,
  2905, 2904, 2909, 2910, 2975, 2974, 2979, 2980,
  2904, 2906, 2911, 2909, 2974, 2976, 2981, 2979,
  2906, 2907, 2912, 2911, 2976, 2977, 2982, 2981,
  2907, 2908, 2913, 2912, 2977, 2978, 2983, 2982,
  2908, 1080, 1077, 2913, 2978, 1122, 1119, 2983,
  2910, 2909, 2914, 2915, 2980, 2979, 2984, 2985,
  2909, 2911, 2916, 2914, 2979, 2981, 2986, 2984,
  2911, 2912, 2917, 2916, 2981, 2982, 2987, 2986,
  2912, 2913, 2918, 2917, 2982, 2983, 2988, 2987,
  2913, 1077, 1074, 2918, 2983, 1119, 1116, 2988,
  2915, 2914, 2919, 2920, 2985, 2984, 2989, 2990,
  2914, 2916, 2921, 2919, 2984, 2986, 2991, 2989,
  2916, 2917, 2922, 2921, 2986, 2987, 2992, 2991,
  2917, 2918, 2923, 2922, 2987, 2988, 2993, 2992,
  2918, 1074, 1071, 2923, 2988, 1116, 1113, 2993,
  2920, 2919, 2924, 2925, 2990, 2989, 2994, 2995,
  2919, 2921, 2926, 2924, 2989, 2991, 2996, 2994,
  2921, 2922, 2927, 2926, 2991, 2992, 2997, 2996,
  2922, 2923, 2928, 2927, 2992, 2993, 2998, 2997,
  2923, 1071, 1068, 2928, 2993, 1113, 1110, 2998,
  2925, 2924, 2929, 2930, 2995, 2994, 2999, 3000,
  2924, 2926, 2931, 2929, 2994, 2996, 3001, 2999,
  2926, 2927, 2932, 2931, 2996, 2997, 3002, 3001,
  2927, 2928, 2933, 2932, 2997, 2998, 3003, 3002,
  2928, 1068, 1065, 2933, 2998, 1110, 1107, 3003,
  2930, 2929, 2934, 2935, 3000, 2999, 3004, 3005,
  2929, 2931, 2936, 2934, 2999, 3001, 3006, 3004,
  2931, 2932, 2937, 2936, 3001, 3002, 3007, 3006,
  2932, 2933, 2938, 2937, 3002, 3003, 3008, 3007,
  2933, 1065, 1062, 2938, 3003, 1107, 1104, 3008,
  2935, 2934, 2939, 2940, 3005, 3004, 3009, 3010,
  2934, 2936, 2941, 2939, 3004, 3006, 3011, 3009,
  2936, 2937, 2942, 2941, 3006, 3007, 3012, 3011,
  2937, 2938, 2943, 2942, 3007, 3008, 3013, 3012,
  2938, 1062, 1059, 2943, 3008, 1104, 1101, 3013,
  2940, 2939, 2944, 2945, 3010, 3009, 3014, 3015,
  2939, 2941, 2946, 2944, 3009, 3011, 3016, 3014,
  2941, 2942, 2947, 2946, 3011, 3012, 3017, 3016,
  2942, 2943, 2948, 2947, 3012, 3013, 3018, 3017,
  2943, 1059, 1056, 2948, 3013, 1101, 1098, 3018,
  2945, 2944, 2949, 2950, 3015, 3014, 3019, 3020,
  2944, 2946, 2951, 2949, 3014, 3016, 3021, 3019,
  2946, 2947, 2952, 2951, 3016, 3017, 3022, 3021,
  2947, 2948, 2953, 2952, 3017, 3018, 3023, 3022,
  2948, 1056, 1055, 2953, 3018, 1098, 1097, 3023,
  2954, 2955, 2956, 2957, 3024, 3025, 3026, 3027,
  2955, 2958, 2959, 2956, 3025, 3028, 3029, 3026,
  2958, 2960, 2961, 2959, 3028, 3030, 3031, 3029,
  2960, 2962, 2963, 2961, 3030, 3032, 3033, 3031,
  2962, 1134, 1131, 2963, 3032, 1176, 1173, 3033,
  2957, 2956, 2964, 2965, 3027, 3026, 3034, 3035,
  2956, 2959, 2966, 2964, 3026, 3029, 3036, 3034,
  2959, 2961, 2967, 2966, 3029, 3031, 3037, 3036,
  2961, 2963, 2968, 2967, 3031, 3033, 3038, 3037,
  2963, 1131, 1128, 2968, 3033, 1173, 1170, 3038,
  2965, 2964, 2969, 2970, 3035, 3034, 3039, 3040,
  2964, 2966, 2971, 2969, 3034, 3036, 3041, 3039,
  2966, 2967, 2972, 2971, 3036, 3037, 3042, 3041,
  2967, 2968, 2973, 2972, 3037, 3038, 3043, 3042,
  2968, 1128, 1125, 2973, 3038, 1170, 1167, 3043,
  2970, 2969, 2974, 2975, 3040, 3039, 3044, 3045,
  2969, 2971, 2976, 2974, 3039, 3041, 3046, 3044,
  2971, 2972, 2977, 2976, 3041, 3042, 3047, 3046,
  2972, 2973, 2978, 2977, 3042, 3043, 3048, 3047,
  2973, 1125, 1122, 2978, 3043, 1167, 1164, 3048,
  2975, 2974, 2979, 2980, 3045, 3044, 3049, 3050,
  2974, 2976, 2981, 2979, 3044, 3046, 3051, 3049,
  2976, 2977, 2982, 2981, 3046, 3047, 3052, 3051,
  2977, 2978, 2983, 2982, 3047, 3048, 3053, 3052,
  2978, 1122, 1119, 2983, 3048, 1164, 1161, 3053,
  2980, 2979, 2984, 2985, 3050, 3049, 3054, 3055,
  2979, 2981, 2986, 2984, 3049, 3051, 3056, 3054,
  2981, 2982, 2987, 2986, 3051, 3052, 3057, 3056,
  2982, 2983, 2988, 2987, 3052, 3053, 3058, 3057,
  2983, 1119, 1116, 2988, 3053, 1161, 1158, 3058,
  2985, 2984, 2989, 2990, 3055, 3054, 3059, 3060,
  2984, 2986, 2991, 2989, 3054, 3056, 3061, 3059,
  2986, 2987, 2992, 2991, 3056, 3057, 3062, 3061,
  2987, 2988, 2993, 2992, 3057, 3058, 3063, 3062,
  2988, 1116, 1113, 2993, 3058, 1158, 1155, 3063,
  2990, 2989, 2994, 2995, 3060, 3059, 3064, 3065,
  2989, 2991, 2996, 2994, 3059, 3061, 3066, 3064,
  2991, 2992, 2997, 2996, 3061, 3062, 3067, 3066,
  2992, 2993, 2998, 2997, 3062, 3063, 3068, 3067,
  2993, 1113, 1110, 2998, 3063, 1155, 1152, 3068,
  2995, 2994, 2999, 3000, 3065, 3064, 3069, 3070,
  2994, 2996, 3001, 2999, 3064, 3066, 3071, 3069,
  2996, 2997, 3002, 3001, 3066, 3067, 3072, 3071,
  2997, 2998, 3003, 3002, 3067, 3068, 3073, 3072,
  2998, 1110, 1107, 3003, 3068, 1152, 1149, 3073,
  3000, 2999, 3004, 3005, 3070, 3069, 3074, 3075,
  2999, 3001, 3006, 3004, 3069, 3071, 3076, 3074,
  3001, 3002, 3007, 3006, 3071, 3072, 3077, 3076,
  3002, 3003, 3008, 3007, 3072, 3073, 3078, 3077,
  3003, 1107, 1104, 3008, 3073, 1149, 1146, 3078,
  3005, 3004, 3009, 3010, 3075, 3074, 3079, 3080,
  3004, 3006, 3011, 3009, 3074, 3076, 3081, 3079,
  3006, 3007, 3012, 3011, 3076, 3077, 3082, 3081,
  3007, 3008, 3013, 3012, 3077, 3078, 3083, 3082,
  3008, 1104, 1101, 3013, 3078, 1146, 1143, 3083,
  3010, 3009, 3014, 3015, 3080, 3079, 3084, 3085,
  3009, 3011, 3016, 3014, 3079, 3081, 3086, 3084,
  3011, 3012, 3017, 3016, 3081, 3082, 3087, 3086,
  3012, 3013, 3018, 3017, 3082, 3083, 3088, 3087,
  3013, 1101, 1098, 3018, 3083, 1143, 1140, 3088,
  3015, 3014, 3019, 3020, 3085, 3084, 3089, 3090,
  3014, 3016, 3021, 3019, 3084, 3086, 3091, 3089,
  3016, 3017, 3022, 3021, 3086, 3087, 3092, 3091,
  3017, 3018, 3023, 3022, 3087, 3088, 3093, 3092,
  3018, 1098, 1097, 3023, 3088, 1140, 1139, 3093,
  3024, 3025, 3026, 3027, 3094, 3095, 3096, 3097,
  3025, 3028, 3029, 3026, 3095, 3098, 3099, 3096,
  3028, 3030, 3031, 3029, 3098, 3100, 3101, 3099,
  3030, 3032, 3033, 3031, 3100, 3102, 3103, 3101,
  3032, 1176, 1173, 3033, 3102, 1218, 1215, 3103,
  3027, 3026, 3034, 3035, 3097, 3096, 3104, 3105,
  3026, 3029, 3036, 3034, 3096, 3099, 3106, 3104,
  3029, 3031, 3037, 3036, 3099, 3101, 3107, 3106,
  3031, 3033, 3038, 3037, 3101, 3103, 3108, 3107,
  3033, 1173, 1170, 3038, 3103, 1215, 1212, 3108,
  3035, 3034, 3039, 3040, 3105, 3104, 3109, 3110,
  3034, 3036, 3041, 3039, 3104, 3106, 3111, 3109,
  3036, 3037, 3042, 3041, 3106, 3107, 3112, 3111,
  3037, 3038, 3043, 3042, 3107, 3108, 3113, 3112,
  3038, 1170, 1167, 3043, 3108, 1212, 1209, 3113,
  3040, 3039, 3044, 3045, 3110, 3109, 3114, 3115,
  3039, 3041, 3046, 3044, 3109, 3111, 3116, 3114,
  3041, 3042, 3047, 3046, 3111, 3112, 3117, 3116,
  3042, 3043, 3048, 3047, 3112, 3113, 3118, 3117,
  3043, 1167, 1164, 3048, 3113, 1209, 1206, 3118,
  3045, 3044, 3049, 3050, 3115, 3114, 3119, 3120,
  3044, 3046, 3051, 3049, 3114, 3116, 3121, 3119,
  3046, 3047, 3052, 3051, 3116, 3117, 3122, 3121,
  3047, 3048, 3053, 3052, 3117, 3118, 3123, 3122,
  3048, 1164, 1161, 3053, 3118, 1206, 1203, 3123,
  3050, 3049, 3054, 3055, 3120, 3119, 3124, 3125,
  3049, 3051, 3056, 3054, 3119, 3121, 3126, 3124,
  3051, 3052, 3057, 3056, 3121, 3122, 3127, 3126,
  3052, 3053, 3058, 3057, 3122, 3123, 3128, 3127,
  3053, 1161, 1158, 3058, 3123, 1203, 1200, 3128,
  3055, 3054, 3059, 3060, 3125, 3124, 3129, 3130,
  3054, 3056, 3061, 3059, 3124, 3126, 3131, 3129,
  3056, 3057, 3062, 3061, 3126, 3127, 3132, 3131,
  3057, 3058, 3063, 3062, 3127, 3128, 3133, 3132,
  3058, 1158, 1155, 3063, 3128, 1200, 1197, 3133,
  3060, 3059, 3064, 3065, 3130, 3129, 3134, 3135,
  3059, 3061, 3066, 3064, 3129, 3131, 3136, 3134,
  3061, 3062, 3067, 3066, 3131, 3132, 3137, 3136,
  3062, 3063, 3068, 3067, 3132, 3133, 3138, 3137,
  3063, 1155, 1152, 3068, 3133, 1197, 1194, 3138,
  3065, 3064, 3069, 3070, 3135, 3134, 3139, 3140,
  3064, 3066, 3071, 3069, 3134, 3136, 3141, 3139,
  3066, 3067, 3072, 3071, 3136, 3137, 3142, 3141,
  3067, 3068, 3073, 3072, 3137, 3138, 3143, 3142,
  3068, 1152, 1149, 3073, 3138, 1194, 1191, 3143,
  3070, 3069, 3074, 3075, 3140, 3139, 3144, 3145,
  3069, 3071, 3076, 3074, 3139, 3141, 3146, 3144,
  3071, 3072, 3077, 3076, 3141, 3142, 3147, 3146,
  3072, 3073, 3078, 3077, 3142, 3143, 3148, 3147,
  3073, 1149, 1146, 3078, 3143, 1191, 1188, 3148,
  3075, 3074, 3079, 3080, 3145, 3144, 3149, 3150,
  3074, 3076, 3081, 3079, 3144, 3146, 3151, 3149,
  3076, 3077, 3082, 3081, 3146, 3147, 3152, 3151,
  3077, 3078, 3083, 3082, 3147, 3148, 3153, 3152,
  3078, 1146, 1143, 3083, 3148, 1188, 1185, 3153,
  3080, 3079, 3084, 3085, 3150, 3149, 3154, 3155,
  3079, 3081, 3086, 3084, 3149, 3151, 3156, 3154,
  3081, 3082, 3087, 3086, 3151, 3152, 3157, 3156,
  3082, 3083, 3088, 3087, 3152, 3153, 3158, 3157,
  3083, 1143, 1140, 3088, 3153, 1185, 1182, 3158,
  3085, 3084, 3089, 3090, 3155, 3154, 3159, 3160,
  3084, 3086, 3091, 3089, 3154, 3156, 3161, 3159,
  3086, 3087, 3092, 3091, 3156, 3157, 3162, 3161,
  3087, 3088, 3093, 3092, 3157, 3158, 3163, 3162,
  3088, 1140, 1139, 3093, 3158, 1182, 1181, 3163,
  3094, 3095, 3096, 3097, 3164, 3165, 3166, 3167,
  3095, 3098, 3099, 3096, 3165, 3168, 3169, 3166,
  3098, 3100, 3101, 3099, 3168, 3170, 3171, 3169,
  3100, 3102, 3103, 3101, 3170, 3172, 3173, 3171,
  3102, 1218, 1215, 3103, 3172, 1260, 1257, 3173,
  3097, 3096, 3104, 3105, 3167, 3166, 3174, 3175,
  3096, 3099, 3106, 3104, 3166, 3169, 3176, 3174,
  3099, 3101, 3107, 3106, 3169, 3171, 3177, 3176,
  3101, 3103, 3108, 3107, 3171, 3173, 3178, 3177,
  3103, 1215, 1212, 3108, 3173, 1257, 1254, 3178,
  3105, 3104, 3109, 3110, 3175, 3174, 3179, 3180,
  3104, 3106, 3111, 3109, 3174, 3176, 3181, 3179,
  3106, 3107, 3112, 3111, 3176, 3177, 3182, 3181,
  3107, 3108, 3113, 3112, 3177, 3178, 3183, 3182,
  3108, 1212, 1209, 3113, 3178, 1254, 1251, 3183,
  3110, 3109, 3114, 3115, 3180, 3179, 3184, 3185,
  3109, 3111, 3116, 3114, 3179, 3181, 3186, 3184,
  3111, 3112, 3117, 3116, 3181, 3182, 3187, 3186,
  3112, 3113, 3118, 3117, 3182, 3183, 3188, 3187,
  3113, 1209, 1206, 3118, 3183, 1251, 1248, 3188,
  3115, 3114, 3119, 3120, 3185, 3184, 3189, 3190,
  3114, 3116, 3121, 3119, 3184, 3186, 3191, 3189,
  3116, 3117, 3122, 3121, 3186, 3187, 3192, 3191,
  3117, 3118, 3123, 3122, 3187, 3188, 3193, 3192,
  3118, 1206, 1203, 3123, 3188, 1248, 1245, 3193,
  3120, 3119, 3124, 3125, 3190, 3189, 3194, 3195,
  3119, 3121, 3126, 3124, 3189, 3191, 3196, 3194,
  3121, 3122, 3127, 3126, 3191, 3192, 3197, 3196,
  3122, 3123, 3128, 3127, 3192, 3193, 3198, 3197,
  3123, 1203, 1200, 3128, 3193, 1245, 1242, 3198,
  3125, 3124, 3129, 3130, 3195, 3194, 3199, 3200,
  3124, 3126, 3131, 3129, 3194, 3196, 3201, 3199,
  3126, 3127, 3132, 3131, 3196, 3197, 3202, 3201,
  3127, 3128, 3133, 3132, 3197, 3198, 3203, 3202,
  3128, 1200, 1197, 3133, 3198, 1242, 1239, 3203,
  3130, 3129, 3134, 3135, 3200, 3199, 3204, 3205,
  3129, 3131, 3136, 3134, 3199, 3201, 3206, 3204,
  3131, 3132, 3137, 3136, 3201, 3202, 3207, 3206,
  3132, 3133, 3138, 3137, 3202, 3203, 3208, 3207,
  3133, 1197, 1194, 3138, 3203, 1239, 1236, 3208,
  3135, 3134, 3139, 3140, 3205, 3204, 3209, 3210,
  3134, 3136, 3141, 3139, 3204, 3206, 3211, 3209,
  3136, 3137, 3142, 3141, 3206, 3207, 3212, 3211,
  3137, 3138, 3143, 3142, 3207, 3208, 3213, 3212,
  3138, 1194, 1191, 3143, 3208, 1236, 1233, 3213,
  3140, 3139, 3144, 3145, 3210, 3209, 3214, 3215,
  3139, 3141, 3146, 3144, 3209, 3211, 3216, 3214,
  3141, 3142, 3147, 3146, 3211, 3212, 3217, 3216,
  3142, 3143, 3148, 3147, 3212, 3213, 3218, 3217,
  3143, 1191, 1188, 3148, 3213, 1233, 1230, 3218,
  3145, 3144, 3149, 3150, 3215, 3214, 3219, 3220,
  3144, 3146, 3151, 3149, 3214, 3216, 3221, 3219,
  3146, 3147, 3152, 3151, 3216, 3217, 3222, 3221,
  3147, 3148, 3153, 3152, 3217, 3218, 3223, 3222,
  3148, 1188, 1185, 3153, 3218, 1230, 1227, 3223,
  3150, 3149, 3154, 3155, 3220, 3219, 3224, 3225,
  3149, 3151, 3156, 3154, 3219, 3221, 3226, 3224,
  3151, 3152, 3157, 3156, 3221, 3222, 3227, 3226,
  3152, 3153, 3158, 3157, 3222, 3223, 3228, 3227,
  3153, 1185, 1182, 3158, 3223, 1227, 1224, 3228,
  3155, 3154, 3159, 3160, 3225, 3224, 3229, 3230,
  3154, 3156, 3161, 3159, 3224, 3226, 3231, 3229,
  3156, 3157, 3162, 3161, 3226, 3227, 3232, 3231,
  3157, 3158, 3163, 3162, 3227, 3228, 3233, 3232,
  3158, 1182, 1181, 3163, 3228, 1224, 1223, 3233,
  3164, 3165, 3166, 3167, 3234, 3235, 3236, 3237,
  3165, 3168, 3169, 3166, 3235, 3238, 3239, 3236,
  3168, 3170, 3171, 3169, 3238, 3240, 3241, 3239,
  3170, 3172, 3173, 3171, 3240, 3242, 3243, 3241,
  3172, 1260, 1257, 3173, 3242, 1302, 1299, 3243,
  3167, 3166, 3174, 3175, 3237, 3236, 3244, 3245,
  3166, 3169, 3176, 3174, 3236, 3239, 3246, 3244,
  3169, 3171, 3177, 3176, 3239, 3241, 3247, 3246,
  3171, 3173, 3178, 3177, 3241, 3243, 3248, 3247,
  3173, 1257, 1254, 3178, 3243, 1299, 1296, 3248,
  3175, 3174, 3179, 3180, 3245, 3244, 3249, 3250,
  3174, 3176, 3181, 3179, 3244, 3246, 3251, 3249,
  3176, 3177, 3182, 3181, 3246, 3247, 3252, 3251,
  3177, 3178, 3183, 3182, 3247, 3248, 3253, 3252,
  3178, 1254, 1251, 3183, 3248, 1296, 1293, 3253,
  3180, 3179, 3184, 3185, 3250, 3249, 3254, 3255,
  3179, 3181, 3186, 3184, 3249, 3251, 3256, 3254,
  3181, 3182, 3187, 3186, 3251, 3252, 3257, 3256,
  3182, 3183, 3188, 3187, 3252, 3253, 3258, 3257,
  3183, 1251, 1248, 3188, 3253, 1293, 1290, 3258,
  3185, 3184, 3189, 3190, 3255, 3254, 3259, 3260,
  3184, 3186, 3191, 3189, 3254, 3256, 3261, 3259,
  3186, 3187, 3192, 3191, 3256, 3257, 3262, 3261,
  3187, 3188, 3193, 3192, 3257, 3258, 3263, 3262,
  3188, 1248, 1245, 3193, 3258, 1290, 1287, 3263,
  3190, 3189, 3194, 3195, 3260, 3259, 3264, 3265,
  3189, 3191, 3196, 3194, 3259, 3261, 3266, 3264,
  3191, 3192, 3197, 3196, 3261, 3262, 3267, 3266,
  3192, 3193, 3198, 3197, 3262, 3263, 3268, 3267,
  3193, 1245, 1242, 3198, 3263, 1287, 1284, 3268,
  3195, 3194, 3199, 3200, 3265, 3264, 3269, 3270,
  3194, 3196, 3201, 3199, 3264, 3266, 3271, 3269,
  3196, 3197, 3202, 3201, 3266, 3267, 3272, 3271,
  3197, 3198, 3203, 3202, 3267, 3268, 3273, 3272,
  3198, 1242, 1239, 3203, 3268, 1284, 1281, 3273,
  3200, 3199, 3204, 3205, 3270, 3269, 3274, 3275,
  3199, 3201, 3206, 3204, 3269, 3271, 3276, 3274,
  3201, 3202, 3207, 3206, 3271, 3272, 3277, 3276,
  3202, 3203, 3208, 3207, 3272, 3273, 3278, 3277,
  3203, 1239, 1236, 3208, 3273, 1281, 1278, 3278,
  3205, 3204, 3209, 3210, 3275, 3274, 3279, 3280,
  3204, 3206, 3211, 3209, 3274, 3276, 3281, 3279,
  3206, 3207, 3212, 3211, 3276, 3277, 3282, 3281,
  3207, 3208, 3213, 3212, 3277, 3278, 3283, 3282,
  3208, 1236, 1233, 3213, 3278, 1278, 1275, 3283,
  3210, 3209, 3214, 3215, 3280, 3279, 3284, 3285,
  3209, 3211, 3216, 3214, 3279, 3281, 3286, 3284,
  3211, 3212, 3217, 3216, 3281, 3282, 3287, 3286,
  3212, 3213, 3218, 3217, 3282, 3283, 3288, 3287,
  3213, 1233, 1230, 3218, 3283, 1275, 1272, 3288,
  3215, 3214, 3219, 3220, 3285, 3284, 3289, 3290,
  3214, 3216, 3221, 3219, 3284, 3286, 3291, 3289,
  3216, 3217, 3222, 3221, 3286, 3287, 3292, 3291,
  3217, 3218, 3223, 3222, 3287, 3288, 3293, 3292,
  3218, 1230, 1227, 3223, 3288, 1272, 1269, 3293,
  3220, 3219, 3224, 3225, 3290, 3289, 3294, 3295,
  3219, 3221, 3226, 3224, 3289, 3291, 3296, 3294,
  3221, 3222, 3227, 3226, 3291, 3292, 3297, 3296,
  3222, 3223, 3228, 3227, 3292, 3293, 3298, 3297,
  3223, 1227, 1224, 3228, 3293, 1269, 1266, 3298,
  3225, 3224, 3229, 3230, 3295, 3294, 3299, 3300,
  3224, 3226, 3231, 3229, 3294, 3296, 3301, 3299,
  3226, 3227, 3232, 3231, 3296, 3297, 3302, 3301,
  3227, 3228, 3233, 3232, 3297, 3298, 3303, 3302,
  3228, 1224, 1223, 3233, 3298, 1266, 1265, 3303,
  3234, 3235, 3236, 3237, 3304, 3305, 3306, 3307,
  3235, 3238, 3239, 3236, 3305, 3308, 3309, 3306,
  3238, 3240, 3241, 3239, 3308, 3310, 3311, 3309,
  3240, 3242, 3243, 3241, 3310, 3312, 3313, 3311,
  3242, 1302, 1299, 3243, 3312, 1344, 1341, 3313,
  3237, 3236, 3244, 3245, 3307, 3306, 3314, 3315,
  3236, 3239, 3246, 3244, 3306, 3309, 3316, 3314,
  3239, 3241, 3247, 3246, 3309, 3311, 3317, 3316,
  3241, 3243, 3248, 3247, 3311, 3313, 3318, 3317,
  3243, 1299, 1296, 3248, 3313, 1341, 1338, 3318,
  3245, 3244, 3249, 3250, 3315, 3314, 3319, 3320,
  3244, 3246, 3251, 3249, 3314, 3316, 3321, 3319,
  3246, 3247, 3252, 3251, 3316, 3317, 3322, 3321,
  3247, 3248, 3253, 3252, 3317, 3318, 3323, 3322,
  3248, 1296, 1293, 3253, 3318, 1338, 1335, 3323,
  3250, 3249, 3254, 3255, 3320, 3319, 3324, 3325,
  3249, 3251, 3256, 3254, 3319, 3321, 3326, 3324,
  3251, 3252, 3257, 3256, 3321, 3322, 3327, 3326,
  3252, 3253, 3258, 3257, 3322, 3323, 3328, 3327,
  3253, 1293, 1290, 3258, 3323, 1335, 1332, 3328,
  3255, 3254, 3259, 3260, 3325, 3324, 3329, 3330,
  3254, 3256, 3261, 3259, 3324, 3326, 3331, 3329,
  3256, 3257, 3262, 3261, 3326, 3327, 3332, 3331,
  3257, 3258, 3263, 3262, 3327, 3328, 3333, 3332,
  3258, 1290, 1287, 3263, 3328, 1332, 1329, 3333,
  3260, 3259, 3264, 3265, 3330, 3329, 3334, 3335,
  3259, 3261, 3266, 3264, 3329, 3331, 3336, 3334,
  3261, 3262, 3267, 3266, 3331, 3332, 3337, 3336,
  3262, 3263, 3268, 3267, 3332, 3333, 3338, 3337,
  3263, 1287, 1284, 3268, 3333, 1329, 1326, 3338,
  3265, 3264, 3269, 3270, 3335, 3334, 3339, 3340,
  3264, 3266, 3271, 3269, 3334, 3336, 3341, 3339,
  3266, 3267, 3272, 3271, 3336, 3337, 3342, 3341,
  3267, 3268, 3273, 3272, 3337, 3338, 3343, 3342,
  3268, 1284, 1281, 3273, 3338, 1326, 1323, 3343,
  3270, 3269, 3274, 3275, 3340, 3339, 3344, 3345,
  3269, 3271, 3276, 3274, 3339, 3341, 3346, 3344,
  3271, 3272, 3277, 3276, 3341, 3342, 3347, 3346,
  3272, 3273, 3278, 3277, 3342, 3343, 3348, 3347,
  3273, 1281, 1278, 3278, 3343, 1323, 1320, 3348,
  3275, 3274, 3279, 3280, 3345, 3344, 3349, 3350,
  3274, 3276, 3281, 3279, 3344, 3346, 3351, 3349,
  3276, 3277, 3282, 3281, 3346, 3347, 3352, 3351,
  3277, 3278, 3283, 3282, 3347, 3348, 3353, 3352,
  3278, 1278, 1275, 3283, 3348, 1320, 1317, 3353,
  3280, 3279, 3284, 3285, 3350, 3349, 3354, 3355,
  3279, 3281, 3286, 3284, 3349, 3351, 3356, 3354,
  3281, 3282, 3287, 3286, 3351, 3352, 3357, 3356,
  3282, 3283, 3288, 3287, 3352, 3353, 3358, 3357,
  3283, 1275, 1272, 3288, 3353, 1317, 1314, 3358,
  3285, 3284, 3289, 3290, 3355, 3354, 3359, 3360,
  3284, 3286, 3291, 3289, 3354, 3356, 3361, 3359,
  3286, 3287, 3292, 3291, 3356, 3357, 3362, 3361,
  3287, 3288, 3293, 3292, 3357, 3358, 3363, 3362,
  3288, 1272, 1269, 3293, 3358, 1314, 1311, 3363,
  3290, 3289, 3294, 3295, 3360, 3359, 3364, 3365,
  3289, 3291, 3296, 3294, 3359, 3361, 3366, 3364,
  3291, 3292, 3297, 3296, 3361, 3362, 3367, 3366,
  3292, 3293, 3298, 3297, 3362, 3363, 3368, 3367,
  3293, 1269, 1266, 3298, 3363, 1311, 1308, 3368,
  3295, 3294, 3299, 3300, 3365, 3364, 3369, 3370,
  3294, 3296, 3301, 3299, 3364, 3366, 3371, 3369,
  3296, 3297, 3302, 3301, 3366, 3367, 3372, 3371,
  3297, 3298, 3303, 3302, 3367, 3368, 3373, 3372,
  3298, 1266, 1265, 3303, 3368, 1308, 1307, 3373,
  3304, 3305, 3306, 3307, 3374, 3375, 3376, 3377,
  3305, 3308, 3309, 3306, 3375, 3378, 3379, 3376,
  3308, 3310, 3311, 3309, 3378, 3380, 3381, 3379,
  3310, 3312, 3313, 3311, 3380, 3382, 3383, 3381,
  3312, 1344, 1341, 3313, 3382, 1386, 1383, 3383,
  3307, 3306, 3314, 3315, 3377, 3376, 3384, 3385,
  3306, 3309, 3316, 3314, 3376, 3379, 3386, 3384,
  3309, 3311, 3317, 3316, 3379, 3381, 3387, 3386,
  3311, 3313, 3318, 3317, 3381, 3383, 3388, 3387,
  3313, 1341, 1338, 3318, 3383, 1383, 1380, 3388,
  3315, 3314, 3319, 3320, 3385, 3384, 3389, 3390,
  3314, 3316, 3321, 3319, 3384, 3386, 3391, 3389,
  3316, 3317, 3322, 3321, 3386, 3387, 3392, 3391,
  3317, 3318, 3323, 3322, 3387, 3388, 3393, 3392,
  3318, 1338, 1335, 3323, 3388, 1380, 1377, 3393,
  3320, 3319, 3324, 3325, 3390, 3389, 3394, 3395,
  3319, 3321, 3326, 3324, 3389, 3391, 3396, 3394,
  3321, 3322, 3327, 3326, 3391, 3392, 3397, 3396,
  3322, 3323, 3328, 3327, 3392, 3393, 3398, 3397,
  3323, 1335, 1332, 3328, 3393, 1377, 1374, 3398,
  3325, 3324, 3329, 3330, 3395, 3394, 3399, 3400,
  3324, 3326, 3331, 3329, 3394, 3396, 3401, 3399,
  3326, 3327, 3332, 3331, 3396, 3397, 3402, 3401,
  3327, 3328, 3333, 3332, 3397, 3398, 3403, 3402,
  3328, 1332, 1329, 3333, 3398, 1374, 1371, 3403,
  3330, 3329, 3334, 3335, 3400, 3399, 3404, 3405,
  3329, 3331, 3336, 3334, 3399, 3401, 3406, 3404,
  3331, 3332, 3337, 3336, 3401, 3402, 3407, 3406,
  3332, 3333, 3338, 3337, 3402, 3403, 3408, 3407,
  3333, 1329, 1326, 3338, 3403, 1371, 1368, 3408,
  3335, 3334, 3339, 3340, 3405, 3404, 3409, 3410,
  3334, 3336, 3341, 3339, 3404, 3406, 3411, 3409,
  3336, 3337, 3342, 3341, 3406, 3407, 3412, 3411,
  3337, 3338, 3343, 3342, 3407, 3408, 3413, 3412,
  3338, 1326, 1323, 3343, 3408, 1368, 1365, 3413,
  3340, 3339, 3344, 3345, 3410, 3409, 3414, 3415,
  3339, 3341, 3346, 3344, 3409, 3411, 3416, 3414,
  3341, 3342, 3347, 3346, 3411, 3412, 3417, 3416,
  3342, 3343, 3348, 3347, 3412, 3413, 3418, 3417,
  3343, 1323, 1320, 3348, 3413, 1365, 1362, 3418,
  3345, 3344, 3349, 3350, 3415, 3414, 3419, 3420,
  3344, 3346, 3351, 3349, 3414, 3416, 3421, 3419,
  3346, 3347, 3352, 3351, 3416, 3417, 3422, 3421,
  3347, 3348, 3353, 3352, 3417, 3418, 3423, 3422,
  3348, 1320, 1317, 3353, 3418, 1362, 1359, 3423,
  3350, 3349, 3354, 3355, 3420, 3419, 3424, 3425,
  3349, 3351, 3356, 3354, 3419, 3421, 3426, 3424,
  3351, 3352, 3357, 3356, 3421, 3422, 3427, 3426,
  3352, 3353, 3358, 3357, 3422, 3423, 3428, 3427,
  3353, 1317, 1314, 3358, 3423, 1359, 1356, 3428,
  3355, 3354, 3359, 3360, 3425, 3424, 3429, 3430,
  3354, 3356, 3361, 3359, 3424, 3426, 3431, 3429,
  3356, 3357, 3362, 3361, 3426, 3427, 3432, 3431,
  3357, 3358, 3363, 3362, 3427, 3428, 3433, 3432,
  3358, 1314, 1311, 3363, 3428, 1356, 1353, 3433,
  3360, 3359, 3364, 3365, 3430, 3429, 3434, 3435,
  3359, 3361, 3366, 3364, 3429, 3431, 3436, 3434,
  3361, 3362, 3367, 3366, 3431, 3432, 3437, 3436,
  3362, 3363, 3368, 3367, 3432, 3433, 3438, 3437,
  3363, 1311, 1308, 3368, 3433, 1353, 1350, 3438,
  3365, 3364, 3369, 3370, 3435, 3434, 3439, 3440,
  3364, 3366, 3371, 3369, 3434, 3436, 3441, 3439,
  3366, 3367, 3372, 3371, 3436, 3437, 3442, 3441,
  3367, 3368, 3373, 3372, 3437, 3438, 3443, 3442,
  3368, 1308, 1307, 3373, 3438, 1350, 1349, 3443,
  3444, 3445, 3446, 3447, 3448, 3449, 3450, 3451,
  3445, 3452, 3453, 3446, 3449, 3454, 3455, 3450,
  3452, 3456, 3457, 3453, 3454, 3458, 3459, 3455,
  3456, 3460, 3461, 3457, 3458, 3462, 3463, 3459,
  3460, 3464, 3465, 3461, 3462, 3466, 3467, 3463,
  3464, 3468, 3469, 3465, 3466, 3470, 3471, 3467,
  3468, 3472, 3473, 3469, 3470, 3474, 3475, 3471,
  3472, 3476, 3477, 3473, 3474, 3478, 3479, 3475,
  3476, 3480, 3481, 3477, 3478, 3482, 3483, 3479,
  3480, 3484, 3485, 3481, 3482, 3486, 3487, 3483,
  3447, 3446, 3488, 3489, 3451, 3450, 3490, 3491,
  3446, 3453, 3492, 3488, 3450, 3455, 3493, 3490,
  3453, 3457, 3494, 3492, 3455, 3459, 3495, 3493,
  3457, 3461, 3496, 3494, 3459, 3463, 3497, 3495,
  3461, 3465, 3498, 3496, 3463, 3467, 3499, 3497,
  3465, 3469, 3500, 3498, 3467, 3471, 3501, 3499,
  3469, 3473, 3502, 3500, 3471, 3475, 3503, 3501,
  3473, 3477, 3504, 3502, 3475, 3479, 3505, 3503,
  3477, 3481, 3506, 3504, 3479, 3483, 3507, 3505,
  3481, 3485, 3508, 3506, 3483, 3487, 3509, 3507,
  3489, 3488, 3510, 3511, 3491, 3490, 3512, 3513,
  3488, 3492, 3514, 3510, 3490, 3493, 3515, 3512,
  3492, 3494, 3516, 3514, 3493, 3495, 3517, 3515,
  3494, 3496, 3518, 3516, 3495, 3497, 3519, 3517,
  3496, 3498, 3520, 3518, 3497, 3499, 3521, 3519,
  3498, 3500, 3522, 3520, 3499, 3501, 3523, 3521,
  3500, 3502, 3524, 3522, 3501, 3503, 3525, 3523,
  3502, 3504, 3526, 3524, 3503, 3505, 3527, 3525,
  3504, 3506, 3528, 3526, 3505, 3507, 3529, 3527,
  3506, 3508, 3530, 3528, 3507, 3509, 3531, 3529,
  3511, 3510, 3532, 3533, 3513, 3512, 3534, 3535,
  3510, 3514, 3536, 3532, 3512, 3515, 3537, 3534,
  3514, 3516, 3538, 3536, 3515, 3517, 3539, 3537,
  3516, 3518, 3540, 3538, 3517, 3519, 3541, 3539,
  3518, 3520, 3542, 3540, 3519, 3521, 3543, 3541,
  3520, 3522, 3544, 3542, 3521, 3523, 3545, 3543,
  3522, 3524, 3546, 3544, 3523, 3525, 3547, 3545,
  3524, 3526, 3548, 3546, 3525, 3527, 3549, 3547,
  3526, 3528, 3550, 3548, 3527, 3529, 3551, 3549,
  3528, 3530, 3552, 3550, 3529, 3531, 3553, 3551,
  3533, 3532, 2600, 2639, 3535, 3534, 2601, 2640,
  3532, 3536, 2561, 2600, 3534, 3537, 2562, 2601,
  3536, 3538, 2522, 2561, 3537, 3539, 2523, 2562,
  3538, 3540, 2483, 2522, 3539, 3541, 2484, 2523,
  3540, 3542, 2444, 2483, 3541, 3543, 2445, 2484,
  3542, 3544, 2405, 2444, 3543, 3545, 2406, 2445,
  3544, 3546, 2366, 2405, 3545, 3547, 2367, 2406,
  3546, 3548, 2327, 2366, 3547, 3549, 2328, 2367,
  3548, 3550, 2255, 2327, 3549, 3551, 2256, 2328,
  3550, 3552, 2253, 2255, 3551, 3553, 2254, 2256,
  3448, 3449, 3450, 3451, 3554, 3555, 3556, 3557,
  3449, 3454, 3455, 3450, 3555, 3558, 3559, 3556,
  3454, 3458, 3459, 3455, 3558, 3560, 3561, 3559,
  3458, 3462, 3463, 3459, 3560, 3562, 3563, 3561,
  3462, 3466, 3467, 3463, 3562, 3564, 3565, 3563,
  3466, 3470, 3471, 3467, 3564, 3566, 3567, 3565,
  3470, 3474, 3475, 3471, 3566, 3568, 3569, 3567,
  3474, 3478, 3479, 3475, 3568, 3570, 3571, 3569,
  3478, 3482, 3483, 3479, 3570, 3572, 3573, 3571,
  3482, 3486, 3487, 3483, 3572, 3574, 3575, 3573,
  3451, 3450, 3490, 3491, 3557, 3556, 3576, 3577,
  3450, 3455, 3493, 3490, 3556, 3559, 3578, 3576,
  3455, 3459, 3495, 3493, 3559, 3561, 3579, 3578,
  3459, 3463, 3497, 3495, 3561, 3563, 3580, 3579,
  3463, 3467, 3499, 3497, 3563, 3565, 3581, 3580,
  3467, 3471, 3501, 3499, 3565, 3567, 3582, 3581,
  3471, 3475, 3503, 3501, 3567, 3569, 3583, 3582,
  3475, 3479, 3505, 3503, 3569, 3571, 3584, 3583,
  3479, 3483, 3507, 3505, 3571, 3573, 3585, 3584,
  3483, 3487, 3509, 3507, 3573, 3575, 3586, 3585,
  3491, 3490, 3512, 3513, 3577, 3576, 3587, 3588,
  3490, 3493, 3515, 3512, 3576, 3578, 3589, 3587,
  3493, 3495, 3517, 3515, 3578, 3579, 3590, 3589,
  3495, 3497, 3519, 3517, 3579, 3580, 3591, 3590,
  3497, 3499, 3521, 3519, 3580, 3581, 3592, 3591,
  3499, 3501, 3523, 3521, 3581, 3582, 3593, 3592,
  3501, 3503, 3525, 3523, 3582, 3583, 3594, 3593,
  3503, 3505, 3527, 3525, 3583, 3584, 3595, 3594,
  3505, 3507, 3529, 3527, 3584, 3585, 3596, 3595,
  3507, 3509, 3531, 3529, 3585, 3586, 3597, 3596,
  3513, 3512, 3534, 3535, 3588, 3587, 3598, 3599,
  3512, 3515, 3537, 3534, 3587, 3589, 3600, 3598,
  3515, 3517, 3539, 3537, 3589, 3590, 3601, 3600,
  3517, 3519, 3541, 3539, 3590, 3591, 3602, 3601,
  3519, 3521, 3543, 3541, 3591, 3592, 3603, 3602,
  3521, 3523, 3545, 3543, 3592, 3593, 3604, 3603,
  3523, 3525, 3547, 3545, 3593, 3594, 3605, 3604,
  3525, 3527, 3549, 3547, 3594, 3595, 3606, 3605,
  3527, 3529, 3551, 3549, 3595, 3596, 3607, 3606,
  3529, 3531, 3553, 3551, 3596, 3597, 3608, 3607,
  3535, 3534, 2601, 2640, 3599, 3598, 2604, 2643,
  3534, 3537, 2562, 2601, 3598, 3600, 2565, 2604,
  3537, 3539, 2523, 2562, 3600, 3601, 2526, 2565,
  3539, 3541, 2484, 2523, 3601, 3602, 2487, 2526,
  3541, 3543, 2445, 2484, 3602, 3603, 2448, 2487,
  3543, 3545, 2406, 2445, 3603, 3604, 2409, 2448,
  3545, 3547, 2367, 2406, 3604, 3605, 2370, 2409,
  3547, 3549, 2328, 2367, 3605, 3606, 2331, 2370,
  3549, 3551, 2256, 2328, 3606, 3607, 2262, 2331,
  3551, 3553, 2254, 2256, 3607, 3608, 2261, 2262,
  3554, 3555, 3556, 3557, 3609, 3610, 3611, 3612,
  3555, 3558, 3559, 3556, 3610, 3613, 3614, 3611,
  3558, 3560, 3561, 3559, 3613, 3615, 3616, 3614,
  3560, 3562, 3563, 3561, 3615, 3617, 3618, 3616,
  3562, 3564, 3565, 3563, 3617, 3619, 3620, 3618,
  3564, 3566, 3567, 3565, 3619, 3621, 3622, 3620,
  3566, 3568, 3569, 3567, 3621, 3623, 3624, 3622,
  3568, 3570, 3571, 3569, 3623, 3625, 3626, 3624,
  3570, 3572, 3573, 3571, 3625, 3627, 3628, 3626,
  3572, 3574, 3575, 3573, 3627, 3629, 3630, 3628,
  3557, 3556, 3576, 3577, 3612, 3611, 3631, 3632,
  3556, 3559, 3578, 3576, 3611, 3614, 3633, 3631,
  3559, 3561, 3579, 3578, 3614, 3616, 3634, 3633,
  3561, 3563, 3580, 3579, 3616, 3618, 3635, 3634,
  3563, 3565, 3581, 3580, 3618, 3620, 3636, 3635,
  3565, 3567, 3582, 3581, 3620, 3622, 3637, 3636,
  3567, 3569, 3583, 3582, 3622, 3624, 3638, 3637,
  3569, 3571, 3584, 3583, 3624, 3626, 3639, 3638,
  3571, 3573, 3585, 3584, 3626, 3628, 3640, 3639,
  3573, 3575, 3586, 3585, 3628, 3630, 3641, 3640,
  3577, 3576, 3587, 3588, 3632, 3631, 3642, 3643,
  3576, 3578, 3589, 3587, 3631, 3633, 3644, 3642,
  3578, 3579, 3590, 3589, 3633, 3634, 3645, 3644,
  3579, 3580, 3591, 3590, 3634, 3635, 3646, 3645,
  3580, 3581, 3592, 3591, 3635, 3636, 3647, 3646,
  3581, 3582, 3593, 3592, 3636, 3637, 3648, 3647,
  3582, 3583, 3594, 3593, 3637, 3638, 3649, 3648,
  3583, 3584, 3595, 3594, 3638, 3639, 3650, 3649,
  3584, 3585, 3596, 3595, 3639, 3640, 3651, 3650,
  3585, 3586, 3597, 3596, 3640, 3641, 3652, 3651,
  3588, 3587, 3598, 3599, 3643, 3642, 3653, 3654,
  3587, 3589, 3600, 3598, 3642, 3644, 3655, 3653,
  3589, 3590, 3601, 3600, 3644, 3645, 3656, 3655,
  3590, 3591, 3602, 3601, 3645, 3646, 3657, 3656,
  3591, 3592, 3603, 3602, 3646, 3647, 3658, 3657,
  3592, 3593, 3604, 3603, 3647, 3648, 3659, 3658,
  3593, 3594, 3605, 3604, 3648, 3649, 3660, 3659,
  3594, 3595, 3606, 3605, 3649, 3650, 3661, 3660,
  3595, 3596, 3607, 3606, 3650, 3651, 3662, 3661,
  3596, 3597, 3608, 3607, 3651, 3652, 3663, 3662,
  3599, 3598, 2604, 2643, 3654, 3653, 2607, 2646,
  3598, 3600, 2565, 2604, 3653, 3655, 2568, 2607,
  3600, 3601, 2526, 2565, 3655, 3656, 2529, 2568,
  3601, 3602, 2487, 2526, 3656, 3657, 2490, 2529,
  3602, 3603, 2448, 2487, 3657, 3658, 2451, 2490,
  3603, 3604, 2409, 2448, 3658, 3659, 2412, 2451,
  3604, 3605, 2370, 2409, 3659, 3660, 2373, 2412,
  3605, 3606, 2331, 2370, 3660, 3661, 2334, 2373,
  3606, 3607, 2262, 2331, 3661, 3662, 2268, 2334,
  3607, 3608, 2261, 2262, 3662, 3663, 2267, 2268,
  3609, 3610, 3611, 3612, 3664, 3665, 3666, 3667,
  3610, 3613, 3614, 3611, 3665, 3668, 3669, 3666,
  3613, 3615, 3616, 3614, 3668, 3670, 3671, 3669,
  3615, 3617, 3618, 3616, 3670, 3672, 3673, 3671,
  3617, 3619, 3620, 3618, 3672, 3674, 3675, 3673,
  3619, 3621, 3622, 3620, 3674, 3676, 3677, 3675,
  3621, 3623, 3624, 3622, 3676, 3678, 3679, 3677,
  3623, 3625, 3626, 3624, 3678, 3680, 3681, 3679,
  3625, 3627, 3628, 3626, 3680, 3682, 3683, 3681,
  3627, 3629, 3630, 3628, 3682, 3684, 3685, 3683,
  3612, 3611, 3631, 3632, 3667, 3666, 3686, 3687,
  3611, 3614, 3633, 3631, 3666, 3669, 3688, 3686,
  3614, 3616, 3634, 3633, 3669, 3671, 3689, 3688,
  3616, 3618, 3635, 3634, 3671, 3673, 3690, 3689,
  3618, 3620, 3636, 3635, 3673, 3675, 3691, 3690,
  3620, 3622, 3637, 3636, 3675, 3677, 3692, 3691,
  3622, 3624, 3638, 3637, 3677, 3679, 3693, 3692,
  3624, 3626, 3639, 3638, 3679, 3681, 3694, 3693,
  3626, 3628, 3640, 3639, 3681, 3683, 3695, 3694,
  3628, 3630, 3641, 3640, 3683, 3685, 3696, 3695,
  3632, 3631, 3642, 3643, 3687, 3686, 3697, 3698,
  3631, 3633, 3644, 3642, 3686, 3688, 3699, 3697,
  3633, 3634, 3645, 3644, 3688, 3689, 3700, 3699,
  3634, 3635, 3646, 3645, 3689, 3690, 3701, 3700,
  3635, 3636, 3647, 3646, 3690, 3691, 3702, 3701,
  3636, 3637, 3648, 3647, 3691, 3692, 3703, 3702,
  3637, 3638, 3649, 3648, 3692, 3693, 3704, 3703,
  3638, 3639, 3650, 3649, 3693, 3694, 3705, 3704,
  3639, 3640, 3651, 3650, 3694, 3695, 3706, 3705,
  3640, 3641, 3652, 3651, 3695, 3696, 3707, 3706,
  3643, 3642, 3653, 3654, 3698, 3697, 3708, 3709,
  3642, 3644, 3655, 3653, 3697, 3699, 3710, 3708,
  3644, 3645, 3656, 3655, 3699, 3700, 3711, 3710,
  3645, 3646, 3657, 3656, 3700, 3701, 3712, 3711,
  3646, 3647, 3658, 3657, 3701, 3702, 3713, 3712,
  3647, 3648, 3659, 3658, 3702, 3703, 3714, 3713,
  3648, 3649, 3660, 3659, 3703, 3704, 3715, 3714,
  3649, 3650, 3661, 3660, 3704, 3705, 3716, 3715,
  3650, 3651, 3662, 3661, 3705, 3706, 3717, 3716,
  3651, 3652, 3663, 3662, 3706, 3707, 3718, 3717,
  3654, 3653, 2607, 2646, 3709, 3708, 2610, 2649,
  3653, 3655, 2568, 2607, 3708, 3710, 2571, 2610,
  3655, 3656, 2529, 2568, 3710, 3711, 2532, 2571,
  3656, 3657, 2490, 2529, 3711, 3712, 2493, 2532,
  3657, 3658, 2451, 2490, 3712, 3713, 2454, 2493,
  3658, 3659, 2412, 2451, 3713, 3714, 2415, 2454,
  3659, 3660, 2373, 2412, 3714, 3715, 2376, 2415,
  3660, 3661, 2334, 2373, 3715, 3716, 2337, 2376,
  3661, 3662, 2268, 2334, 3716, 3717, 2274, 2337,
  3662, 3663, 2267, 2268, 3717, 3718, 2273, 2274,
  3664, 3665, 3666, 3667, 3719, 3720, 3721, 3722,
  3665, 3668, 3669, 3666, 3720, 3723, 3724, 3721,
  3668, 3670, 3671, 3669, 3723, 3725, 3726, 3724,
  3670, 3672, 3673, 3671, 3725, 3727, 3728, 3726,
  3672, 3674, 3675, 3673, 3727, 3729, 3730, 3728,
  3674, 3676, 3677, 3675, 3729, 3731, 3732, 3730,
  3676, 3678, 3679, 3677, 3731, 3733, 3734, 3732,
  3678, 3680, 3681, 3679, 3733, 3735, 3736, 3734,
  3680, 3682, 3683, 3681, 3735, 3737, 3738, 3736,
  3682, 3684, 3685, 3683, 3737, 3739, 3740, 3738,
  3667, 3666, 3686, 3687, 3722, 3721, 3741, 3742,
  3666, 3669, 3688, 3686, 3721, 3724, 3743, 3741,
  3669, 3671, 3689, 3688, 3724, 3726, 3744, 3743,
  3671, 3673, 3690, 3689, 3726, 3728, 3745, 3744,
  3673, 3675, 3691, 3690, 3728, 3730, 3746, 3745,
  3675, 3677, 3692, 3691, 3730, 3732, 3747, 3746,
  3677, 3679, 3693, 3692, 3732, 3734, 3748, 3747,
  3679, 3681, 3694, 3693, 3734, 3736, 3749, 3748,
  3681, 3683, 3695, 3694, 3736, 3738, 3750, 3749,
  3683, 3685, 3696, 3695, 3738, 3740, 3751, 3750,
  3687, 3686, 3697, 3698, 3742, 3741, 3752, 3753,
  3686, 3688, 3699, 3697, 3741, 3743, 3754, 3752,
  3688, 3689, 3700, 3699, 3743, 3744, 3755, 3754,
  3689, 3690, 3701, 3700, 3744, 3745, 3756, 3755,
  3690, 3691, 3702, 3701, 3745, 3746, 3757, 3756,
  3691, 3692, 3703, 3702, 3746, 3747, 3758, 3757,
  3692, 3693, 3704, 3703, 3747, 3748, 3759, 3758,
  3693, 3694, 3705, 3704, 3748, 3749, 3760, 3759,
  3694, 3695, 3706, 3705, 3749, 3750, 3761, 3760,
  3695, 3696, 3707, 3706, 3750, 3751, 3762, 3761,
  3698, 3697, 3708, 3709, 3753, 3752, 3763, 3764,
  3697, 3699, 3710, 3708, 3752, 3754, 3765, 3763,
  3699, 3700, 3711, 3710, 3754, 3755, 3766, 3765,
  3700, 3701, 3712, 3711, 3755, 3756, 3767, 3766,
  3701, 3702, 3713, 3712, 3756, 3757, 3768, 3767,
  3702, 3703, 3714, 3713, 3757, 3758, 3769, 3768,
  3703, 3704, 3715, 3714, 3758, 3759, 3770, 3769,
  3704, 3705, 3716, 3715, 3759, 3760, 3771, 3770,
  3705, 3706, 3717, 3716, 3760, 3761, 3772, 3771,
  3706, 3707, 3718, 3717, 3761, 3762, 3773, 3772,
  3709, 3708, 2610, 2649, 3764, 3763, 2613, 2652,
  3708, 3710, 2571, 2610, 3763, 3765, 2574, 2613,
  3710, 3711, 2532, 2571, 3765, 3766, 2535, 2574,
  3711, 3712, 2493, 2532, 3766, 3767, 2496, 2535,
  3712, 3713, 2454, 2493, 3767, 3768, 2457, 2496,
  3713, 3714, 2415, 2454, 3768, 3769, 2418, 2457,
  3714, 3715, 2376, 2415, 3769, 3770, 2379, 2418,
  3715, 3716, 2337, 2376, 3770, 3771, 2340, 2379,
  3716, 3717, 2274, 2337, 3771, 3772, 2280, 2340,
  3717, 3718, 2273, 2274, 3772, 3773, 2279, 2280,
  3719, 3720, 3721, 3722, 3774, 3775, 3776, 3777,
  3720, 3723, 3724, 3721, 3775, 3778, 3779, 3776,
  3723, 3725, 3726, 3724, 3778, 3780, 3781, 3779,
  3725, 3727, 3728, 3726, 3780, 3782, 3783, 3781,
  3727, 3729, 3730, 3728, 3782, 3784, 3785, 3783,
  3729, 3731, 3732, 3730, 3784, 3786, 3787, 3785,
  3731, 3733, 3734, 3732, 3786, 3788, 3789, 3787,
  3733, 3735, 3736, 3734, 3788, 3790, 3791, 3789,
  3735, 3737, 3738, 3736, 3790, 3792, 3793, 3791,
  3737, 3739, 3740, 3738, 3792, 3794, 3795, 3793,
  3722, 3721, 3741, 3742, 3777, 3776, 3796, 3797,
  3721, 3724, 3743, 3741, 3776, 3779, 3798, 3796,
  3724, 3726, 3744, 3743, 3779, 3781, 3799, 3798,
  3726, 3728, 3745, 3744, 3781, 3783, 3800, 3799,
  3728, 3730, 3746, 3745, 3783, 3785, 3801, 3800,
  3730, 3732, 3747, 3746, 3785, 3787, 3802, 3801,
  3732, 3734, 3748, 3747, 3787, 3789, 3803, 3802,
  3734, 3736, 3749, 3748, 3789, 3791, 3804, 3803,
  3736, 3738, 3750, 3749, 3791, 3793, 3805, 3804,
  3738, 3740, 3751, 3750, 3793, 3795, 3806, 3805,
  3742, 3741, 3752, 3753, 3797, 3796, 3807, 3808,
  3741, 3743, 3754, 3752, 3796, 3798, 3809, 3807,
  3743, 3744, 3755, 3754, 3798, 3799, 3810, 3809,
  3744, 3745, 3756, 3755, 3799, 3800, 3811, 3810,
  3745, 3746, 3757, 3756, 3800, 3801, 3812, 3811,
  3746, 3747, 3758, 3757, 3801, 3802, 3813, 3812,
  3747, 3748, 3759, 3758, 3802, 3803, 3814, 3813,
  3748, 3749, 3760, 3759, 3803, 3804, 3815, 3814,
  3749, 3750, 3761, 3760, 3804, 3805, 3816, 3815,
  3750, 3751, 3762, 3761, 3805, 3806, 3817, 3816,
  3753, 3752, 3763, 3764, 3808, 3807, 3818, 3819,
  3752, 3754, 3765, 3763, 3807, 3809, 3820, 3818,
  3754, 3755, 3766, 3765, 3809, 3810, 3821, 3820,
  3755, 3756, 3767, 3766, 3810, 3811, 3822, 3821,
  3756, 3757, 3768, 3767, 3811, 3812, 3823, 3822,
  3757, 3758, 3769, 3768, 3812, 3813, 3824, 3823,
  3758, 3759, 3770, 3769, 3813, 3814, 3825, 3824,
  3759, 3760, 3771, 3770, 3814, 3815, 3826, 3825,
  3760, 3761, 3772, 3771, 3815, 3816, 3827, 3826,
  3761, 3762, 3773, 3772, 3816, 3817, 3828, 3827,
  3764, 3763, 2613, 2652, 3819, 3818, 2616, 2655,
  3763, 3765, 2574, 2613, 3818, 3820, 2577, 2616,
  3765, 3766, 2535, 2574, 3820, 3821, 2538, 2577,
  3766, 3767, 2496, 2535, 3821, 3822, 2499, 2538,
  3767, 3768, 2457, 2496, 3822, 3823, 2460, 2499,
  3768, 3769, 2418, 2457, 3823, 3824, 2421, 2460,
  3769, 3770, 2379, 2418, 3824, 3825, 2382, 2421,
  3770, 3771, 2340, 2379, 3825, 3826, 2343, 2382,
  3771, 3772, 2280, 2340, 3826, 3827, 2286, 2343,
  3772, 3773, 2279, 2280, 3827, 3828, 2285, 2286,
  3774, 3775, 3776, 3777, 3829, 3830, 3831, 3832,
  3775, 3778, 3779, 3776, 3830, 3833, 3834, 3831,
  3778, 3780, 3781, 3779, 3833, 3835, 3836, 3834,
  3780, 3782, 3783, 3781, 3835, 3837, 3838, 3836,
  3782, 3784, 3785, 3783, 3837, 3839, 3840, 3838,
  3784, 3786, 3787, 3785, 3839, 3841, 3842, 3840,
  3786, 3788, 3789, 3787, 3841, 3843, 3844, 3842,
  3788, 3790, 3791, 3789, 3843, 3845, 3846, 3844,
  3790, 3792, 3793, 3791, 3845, 3847, 3848, 3846,
  3792, 3794, 3795, 3793, 3847, 3849, 3850, 3848,
  3777, 3776, 3796, 3797, 3832, 3831, 3851, 3852,
  3776, 3779, 3798, 3796, 3831, 3834, 3853, 3851,
  3779, 3781, 3799, 3798, 3834, 3836, 3854, 3853,
  3781, 3783, 3800, 3799, 3836, 3838, 3855, 3854,
  3783, 3785, 3801, 3800, 3838, 3840, 3856, 3855,
  3785, 3787, 3802, 3801, 3840, 3842, 3857, 3856,
  3787, 3789, 3803, 3802, 3842, 3844, 3858, 3857,
  3789, 3791, 3804, 3803, 3844, 3846, 3859, 3858,
  3791, 3793, 3805, 3804, 3846, 3848, 3860, 3859,
  3793, 3795, 3806, 3805, 3848, 3850, 3861, 3860,
  3797, 3796, 3807, 3808, 3852, 3851, 3862, 3863,
  3796, 3798, 3809, 3807, 3851, 3853, 3864, 3862,
  3798, 3799, 3810, 3809, 3853, 3854, 3865, 3864,
  3799, 3800, 3811, 3810, 3854, 3855, 3866, 3865,
  3800, 3801, 3812, 3811, 3855, 3856, 3867, 3866,
  3801, 3802, 3813, 3812, 3856, 3857, 3868, 3867,
  3802, 3803, 3814, 3813, 3857, 3858, 3869, 3868,
  3803, 3804, 3815, 3814, 3858, 3859, 3870, 3869,
  3804, 3805, 3816, 3815, 3859, 3860, 3871, 3870,
  3805, 3806, 3817, 3816, 3860, 3861, 3872, 3871,
  3808, 3807, 3818, 3819, 3863, 3862, 3873, 3874,
  3807, 3809, 3820, 3818, 3862, 3864, 3875, 3873,
  3809, 3810, 3821, 3820, 3864, 3865, 3876, 3875,
  3810, 3811, 3822, 3821, 3865, 3866, 3877, 3876,
  3811, 3812, 3823, 3822, 3866, 3867, 3878, 3877,
  3812, 3813, 3824, 3823, 3867, 3868, 3879, 3878,
  3813, 3814, 3825, 3824, 3868, 3869, 3880, 3879,
  3814, 3815, 3826, 3825, 3869, 3870, 3881, 3880,
  3815, 3816, 3827, 3826, 3870, 3871, 3882, 3881,
  3816, 3817, 3828, 3827, 3871, 3872, 3883, 3882,
  3819, 3818, 2616, 2655, 3874, 3873, 2619, 2658,
  3818, 3820, 2577, 2616, 3873, 3875, 2580, 2619,
  3820, 3821, 2538, 2577, 3875, 3876, 2541, 2580,
  3821, 3822, 2499, 2538, 3876, 3877, 2502, 2541,
  3822, 3823, 2460, 2499, 3877, 3878, 2463, 2502,
  3823, 3824, 2421, 2460, 3878, 3879, 2424, 2463,
  3824, 3825, 2382, 2421, 3879, 3880, 2385, 2424,
  3825, 3826, 2343, 2382, 3880, 3881, 2346, 2385,
  3826, 3827, 2286, 2343, 3881, 3882, 2292, 2346,
  3827, 3828, 2285, 2286, 3882, 3883, 2291, 2292,
  3829, 3830, 3831, 3832, 3884, 3885, 3886, 3887,
  3830, 3833, 3834, 3831, 3885, 3888, 3889, 3886,
  3833, 3835, 3836, 3834, 3888, 3890, 3891, 3889,
  3835, 3837, 3838, 3836, 3890, 3892, 3893, 3891,
  3837, 3839, 3840, 3838, 3892, 3894, 3895, 3893,
  3839, 3841, 3842, 3840, 3894, 3896, 3897, 3895,
  3841, 3843, 3844, 3842, 3896, 3898, 3899, 3897,
  3843, 3845, 3846, 3844, 3898, 3900, 3901, 3899,
  3845, 3847, 3848, 3846, 3900, 3902, 3903, 3901,
  3847, 3849, 3850, 3848, 3902, 3904, 3905, 3903,
  3832, 3831, 3851, 3852, 3887, 3886, 3906, 3907,
  3831, 3834, 3853, 3851, 3886, 3889, 3908, 3906,
  3834, 3836, 3854, 3853, 3889, 3891, 3909, 3908,
  3836, 3838, 3855, 3854, 3891, 3893, 3910, 3909,
  3838, 3840, 3856, 3855, 3893, 3895, 3911, 3910,
  3840, 3842, 3857, 3856, 3895, 3897, 3912, 3911,
  3842, 3844, 3858, 3857, 3897, 3899, 3913, 3912,
  3844, 3846, 3859, 3858, 3899, 3901, 3914, 3913,
  3846, 3848, 3860, 3859, 3901, 3903, 3915, 3914,
  3848, 3850, 3861, 3860, 3903, 3905, 3916, 3915,
  3852, 3851, 3862, 3863, 3907, 3906, 3917, 3918,
  3851, 3853, 3864, 3862, 3906, 3908, 3919, 3917,
  3853, 3854, 3865, 3864, 3908, 3909, 3920, 3919,
  3854, 3855, 3866, 3865, 3909, 3910, 3921, 3920,
  3855, 3856, 3867, 3866, 3910, 3911, 3922, 3921,
  3856, 3857, 3868, 3867, 3911, 3912, 3923, 3922,
  3857, 3858, 3869, 3868, 3912, 3913, 3924, 3923,
  3858, 3859, 3870, 3869, 3913, 3914, 3925, 3924,
  3859, 3860, 3871, 3870, 3914, 3915, 3926, 3925,
  3860, 3861, 3872, 3871, 3915, 3916, 3927, 3926,
  3863, 3862, 3873, 3874, 3918, 3917, 3928, 3929,
  3862, 3864, 3875, 3873, 3917, 3919, 3930, 3928,
  3864, 3865, 3876, 3875, 3919, 3920, 3931, 3930,
  3865, 3866, 3877, 3876, 3920, 3921, 3932, 3931,
  3866, 3867, 3878, 3877, 3921, 3922, 3933, 3932,
  3867, 3868, 3879, 3878, 3922, 3923, 3934, 3933,
  3868, 3869, 3880, 3879, 3923, 3924, 3935, 3934,
  3869, 3870, 3881, 3880, 3924, 3925, 3936, 3935,
  3870, 3871, 3882, 3881, 3925, 3926, 3937, 3936,
  3871, 3872, 3883, 3882, 3926, 3927, 3938, 3937,
  3874, 3873, 2619, 2658, 3929, 3928, 2622, 2661,
  3873, 3875, 2580, 2619, 3928, 3930, 2583, 2622,
  3875, 3876, 2541, 2580, 3930, 3931, 2544, 2583,
  3876, 3877, 2502, 2541, 3931, 3932, 2505, 2544,
  3877, 3878, 2463, 2502, 3932, 3933, 2466, 2505,
  3878, 3879, 2424, 2463, 3933, 3934, 2427, 2466,
  3879, 3880, 2385, 2424, 3934, 3935, 2388, 2427,
  3880, 3881, 2346, 2385, 3935, 3936, 2349, 2388,
  3881, 3882, 2292, 2346, 3936, 3937, 2298, 2349,
  3882, 3883, 2291, 2292, 3937, 3938, 2297, 2298,
  3884, 3885, 3886, 3887, 3939, 3940, 3941, 3942,
  3885, 3888, 3889, 3886, 3940, 3943, 3944, 3941,
  3888, 3890, 3891, 3889, 3943, 3945, 3946, 3944,
  3890, 3892, 3893, 3891, 3945, 3947, 3948, 3946,
  3892, 3894, 3895, 3893, 3947, 3949, 3950, 3948,
  3894, 3896, 3897, 3895, 3949, 3951, 3952, 3950,
  3896, 3898, 3899, 3897, 3951, 3953, 3954, 3952,
  3898, 3900, 3901, 3899, 3953, 3955, 3956, 3954,
  3900, 3902, 3903, 3901, 3955, 3957, 3958, 3956,
  3902, 3904, 3905, 3903, 3957, 3959, 3960, 3958,
  3887, 3886, 3906, 3907, 3942, 3941, 3961, 3962,
  3886, 3889, 3908, 3906, 3941, 3944, 3963, 3961,
  3889, 3891, 3909, 3908, 3944, 3946, 3964, 3963,
  3891, 3893, 3910, 3909, 3946, 3948, 3965, 3964,
  3893, 3895, 3911, 3910, 3948, 3950, 3966, 3965,
  3895, 3897, 3912, 3911, 3950, 3952, 3967, 3966,
  3897, 3899, 3913, 3912, 3952, 3954, 3968, 3967,
  3899, 3901, 3914, 3913, 3954, 3956, 3969, 3968,
  3901, 3903, 3915, 3914, 3956, 3958, 3970, 3969,
  3903, 3905, 3916, 3915, 3958, 3960, 3971, 3970,
  3907, 3906, 3917, 3918, 3962, 3961, 3972, 3973,
  3906, 3908, 3919, 3917, 3961, 3963, 3974, 3972,
  3908, 3909, 3920, 3919, 3963, 3964, 3975, 3974,
  3909, 3910, 3921, 3920, 3964, 3965, 3976, 3975,
  3910, 3911, 3922, 3921, 3965, 3966, 3977, 3976,
  3911, 3912, 3923, 3922, 3966, 3967, 3978, 3977,
  3912, 3913, 3924, 3923, 3967, 3968, 3979, 3978,
  3913, 3914, 3925, 3924, 3968, 3969, 3980, 3979,
  3914, 3915, 3926, 3925, 3969, 3970, 3981, 3980,
  3915, 3916, 3927, 3926, 3970, 3971, 3982, 3981,
  3918, 3917, 3928, 3929, 3973, 3972, 3983, 3984,
  3917, 3919, 3930, 3928, 3972, 3974, 3985, 3983,
  3919, 3920, 3931, 3930, 3974, 3975, 3986, 3985,
  3920, 3921, 3932, 3931, 3975, 3976, 3987, 3986,
  3921, 3922, 3933, 3932, 3976, 3977, 3988, 3987,
  3922, 3923, 3934, 3933, 3977, 3978, 3989, 3988,
  3923, 3924, 3935, 3934, 3978, 3979, 3990, 3989,
  3924, 3925, 3936, 3935, 3979, 3980, 3991, 3990,
  3925, 3926, 3937, 3936, 3980, 3981, 3992, 3991,
  3926, 3927, 3938, 3937, 3981, 3982, 3993, 3992,
  3929, 3928, 2622, 2661, 3984, 3983, 2625, 2664,
  3928, 3930, 2583, 2622, 3983, 3985, 2586, 2625,
  3930, 3931, 2544, 2583, 3985, 3986, 2547, 2586,
  3931, 3932, 2505, 2544, 3986, 3987, 2508, 2547,
  3932, 3933, 2466, 2505, 3987, 3988, 2469, 2508,
  3933, 3934, 2427, 2466, 3988, 3989, 2430, 2469,
  3934, 3935, 2388, 2427, 3989, 3990, 2391, 2430,
  3935, 3936, 2349, 2388, 3990, 3991, 2352, 2391,
  3936, 3937, 2298, 2349, 3991, 3992, 2304, 2352,
  3937, 3938, 2297, 2298, 3992, 3993, 2303, 2304,
  3939, 3940, 3941, 3942, 3994, 3995, 3996, 3997,
  3940, 3943, 3944, 3941, 3995, 3998, 3999, 3996,
  3943, 3945, 3946, 3944, 3998, 4000, 4001, 3999,
  3945, 3947, 3948, 3946, 4000, 4002, 4003, 4001,
  3947, 3949, 3950, 3948, 4002, 4004, 4005, 4003,
  3949, 3951, 3952, 3950, 4004, 4006, 4007, 4005,
  3951, 3953, 3954, 3952, 4006, 4008, 4009, 4007,
  3953, 3955, 3956, 3954, 4008, 4010, 4011, 4009,
  3955, 3957, 3958, 3956, 4010, 4012, 4013, 4011,
  3957, 3959, 3960, 3958, 4012, 4014, 4015, 4013,
  3942, 3941, 3961, 3962, 3997, 3996, 4016, 4017,
  3941, 3944, 3963, 3961, 3996, 3999, 4018, 4016,
  3944, 3946, 3964, 3963, 3999, 4001, 4019, 4018,
  3946, 3948, 3965, 3964, 4001, 4003, 4020, 4019,
  3948, 3950, 3966, 3965, 4003, 4005, 4021, 4020,
  3950, 3952, 3967, 3966, 4005, 4007, 4022, 4021,
  3952, 3954, 3968, 3967, 4007, 4009, 4023, 4022,
  3954, 3956, 3969, 3968, 4009, 4011, 4024, 4023,
  3956, 3958, 3970, 3969, 4011, 4013, 4025, 4024,
  3958, 3960, 3971, 3970, 4013, 4015, 4026, 4025,
  3962, 3961, 3972, 3973, 4017, 4016, 4027, 4028,
  3961, 3963, 3974, 3972, 4016, 4018, 4029, 4027,
  3963, 3964, 3975, 3974, 4018, 4019, 4030, 4029,
  3964, 3965, 3976, 3975, 4019, 4020, 4031, 4030,
  3965, 3966, 3977, 3976, 4020, 4021, 4032, 4031,
  3966, 3967, 3978, 3977, 4021, 4022, 4033, 4032,
  3967, 3968, 3979, 3978, 4022, 4023, 4034, 4033,
  3968, 3969, 3980, 3979, 4023, 4024, 4035, 4034,
  3969, 3970, 3981, 3980, 4024, 4025, 4036, 4035,
  3970, 3971, 3982, 3981, 4025, 4026, 4037, 4036,
  3973, 3972, 3983, 3984, 4028, 4027, 4038, 4039,
  3972, 3974, 3985, 3983, 4027, 4029, 4040, 4038,
  3974, 3975, 3986, 3985, 4029, 4030, 4041, 4040,
  3975, 3976, 3987, 3986, 4030, 4031, 4042, 4041,
  3976, 3977, 3988, 3987, 4031, 4032, 4043, 4042,
  3977, 3978, 3989, 3988, 4032, 4033, 4044, 4043,
  3978, 3979, 3990, 3989, 4033, 4034, 4045, 4044,
  3979, 3980, 3991, 3990, 4034, 4035, 4046, 4045,
  3980, 3981, 3992, 3991, 4035, 4036, 4047, 4046,
  3981, 3982, 3993, 3992, 4036, 4037, 4048, 4047,
  3984, 3983, 2625, 2664, 4039, 4038, 2628, 2667,
  3983, 3985, 2586, 2625, 4038, 4040, 2589, 2628,
  3985, 3986, 2547, 2586, 4040, 4041, 2550, 2589,
  3986, 3987, 2508, 2547, 4041, 4042, 2511, 2550,
  3987, 3988, 2469, 2508, 4042, 4043, 2472, 2511,
  3988, 3989, 2430, 2469, 4043, 4044, 2433, 2472,
  3989, 3990, 2391, 2430, 4044, 4045, 2394, 2433,
  3990, 3991, 2352, 2391, 4045, 4046, 2355, 2394,
  3991, 3992, 2304, 2352, 4046, 4047, 2310, 2355,
  3992, 3993, 2303, 2304, 4047, 4048, 2309, 2310,
  3994, 3995, 3996, 3997, 4049, 4050, 4051, 4052,
  3995, 3998, 3999, 3996, 4050, 4053, 4054, 4051,
  3998, 4000, 4001, 3999, 4053, 4055, 4056, 4054,
  4000, 4002, 4003, 4001, 4055, 4057, 4058, 4056,
  4002, 4004, 4005, 4003, 4057, 4059, 4060, 4058,
  4004, 4006, 4007, 4005, 4059, 4061, 4062, 4060,
  4006, 4008, 4009, 4007, 4061, 4063, 4064, 4062,
  4008, 4010, 4011, 4009, 4063, 4065, 4066, 4064,
  4010, 4012, 4013, 4011, 4065, 4067, 4068, 4066,
  4012, 4014, 4015, 4013, 4067, 4069, 4070, 4068,
  3997, 3996, 4016, 4017, 4052, 4051, 4071, 4072,
  3996, 3999, 4018, 4016, 4051, 4054, 4073, 4071,
  3999, 4001, 4019, 4018, 4054, 4056, 4074, 4073,
  4001, 4003, 4020, 4019, 4056, 4058, 4075, 4074,
  4003, 4005, 4021, 4020, 4058, 4060, 4076, 4075,
  4005, 4007, 4022, 4021, 4060, 4062, 4077, 4076,
  4007, 4009, 4023, 4022, 4062, 4064, 4078, 4077,
  4009, 4011, 4024, 4023, 4064, 4066, 4079, 4078,
  4011, 4013, 4025, 4024, 4066, 4068, 4080, 4079,
  4013, 4015, 4026, 4025, 4068, 4070, 4081, 4080,
  4017, 4016, 4027, 4028, 4072, 4071, 4082, 4083,
  4016, 4018, 4029, 4027, 4071, 4073, 4084, 4082,
  4018, 4019, 4030, 4029, 4073, 4074, 4085, 4084,
  4019, 4020, 4031, 4030, 4074, 4075, 4086, 4085,
  4020, 4021, 4032, 4031, 4075, 4076, 4087, 4086,
  4021, 4022, 4033, 4032, 4076, 4077, 4088, 4087,
  4022, 4023, 4034, 4033, 4077, 4078, 4089, 4088,
  4023, 4024, 4035, 4034, 4078, 4079, 4090, 4089,
  4024, 4025, 4036, 4035, 4079, 4080, 4091, 4090,
  4025, 4026, 4037, 4036, 4080, 4081, 4092, 4091,
  4028, 4027, 4038, 4039, 4083, 4082, 4093, 4094,
  4027, 4029, 4040, 4038, 4082, 4084, 4095, 4093,
  4029, 4030, 4041, 4040, 4084, 4085, 4096, 4095,
  4030, 4031, 4042, 4041, 4085, 4086, 4097, 4096,
  4031, 4032, 4043, 4042, 4086, 4087, 4098, 4097,
  4032, 4033, 4044, 4043, 4087, 4088, 4099, 4098,
  4033, 4034, 4045, 4044, 4088, 4089, 4100, 4099,
  4034, 4035, 4046, 4045, 4089, 4090, 4101, 4100,
  4035, 4036, 4047, 4046, 4090, 4091, 4102, 4101,
  4036, 4037, 4048, 4047, 4091, 4092, 4103, 4102,
  4039, 4038, 2628, 2667, 4094, 4093, 2631, 2670,
  4038, 4040, 2589, 2628, 4093, 4095, 2592, 2631,
  4040, 4041, 2550, 2589, 4095, 4096, 2553, 2592,
  4041, 4042, 2511, 2550, 4096, 4097, 2514, 2553,
  4042, 4043, 2472, 2511, 4097, 4098, 2475, 2514,
  4043, 4044, 2433, 2472, 4098, 4099, 2436, 2475,
  4044, 4045, 2394, 2433, 4099, 4100, 2397, 2436,
  4045, 4046, 2355, 2394, 4100, 4101, 2358, 2397,
  4046, 4047, 2310, 2355, 4101, 4102, 2316, 2358,
  4047, 4048, 2309, 2310, 4102, 4103, 2315, 2316,
  4049, 4050, 4051, 4052, 4104, 4105, 4106, 4107,
  4050, 4053, 4054, 4051, 4105, 4108, 4109, 4106,
  4053, 4055, 4056, 4054, 4108, 4110, 4111, 4109,
  4055, 4057, 4058, 4056, 4110, 4112, 4113, 4111,
  4057, 4059, 4060, 4058, 4112, 4114, 4115, 4113,
  4059, 4061, 4062, 4060, 4114, 4116, 4117, 4115,
  4061, 4063, 4064, 4062, 4116, 4118, 4119, 4117,
  4063, 4065, 4066, 4064, 4118, 4120, 4121, 4119,
  4065, 4067, 4068, 4066, 4120, 4122, 4123, 4121,
  4067, 4069, 4070, 4068, 4122, 4124, 4125, 4123,
  4052, 4051, 4071, 4072, 4107, 4106, 4126, 4127,
  4051, 4054, 4073, 4071, 4106, 4109, 4128, 4126,
  4054, 4056, 4074, 4073, 4109, 4111, 4129, 4128,
  4056, 4058, 4075, 4074, 4111, 4113, 4130, 4129,
  4058, 4060, 4076, 4075, 4113, 4115, 4131, 4130,
  4060, 4062, 4077, 4076, 4115, 4117, 4132, 4131,
  4062, 4064, 4078, 4077, 4117, 4119, 4133, 4132,
  4064, 4066, 4079, 4078, 4119, 4121, 4134, 4133,
  4066, 4068, 4080, 4079, 4121, 4123, 4135, 4134,
  4068, 4070, 4081, 4080, 4123, 4125, 4136, 4135,
  4072, 4071, 4082, 4083, 4127, 4126, 4137, 4138,
  4071, 4073, 4084, 4082, 4126, 4128, 4139, 4137,
  4073, 4074, 4085, 4084, 4128, 4129, 4140, 4139,
  4074, 4075, 4086, 4085, 4129, 4130, 4141, 4140,
  4075, 4076, 4087, 4086, 4130, 4131, 4142, 4141,
  4076, 4077, 4088, 4087, 4131, 4132, 4143, 4142,
  4077, 4078, 4089, 4088, 4132, 4133, 4144, 4143,
  4078, 4079, 4090, 4089, 4133, 4134, 4145, 4144,
  4079, 4080, 4091, 4090, 4134, 4135, 4146, 4145,
  4080, 4081, 4092, 4091, 4135, 4136, 4147, 4146,
  4083, 4082, 4093, 4094, 4138, 4137, 4148, 4149,
  4082, 4084, 4095, 4093, 4137, 4139, 4150, 4148,
  4084, 4085, 4096, 4095, 4139, 4140, 4151, 4150,
  4085, 4086, 4097, 4096, 4140, 4141, 4152, 4151,
  4086, 4087, 4098, 4097, 4141, 4142, 4153, 4152,
  4087, 4088, 4099, 4098, 4142, 4143, 4154, 4153,
  4088, 4089, 4100, 4099, 4143, 4144, 4155, 4154,
  4089, 4090, 4101, 4100, 4144, 4145, 4156, 4155,
  4090, 4091, 4102, 4101, 4145, 4146, 4157, 4156,
  4091, 4092, 4103, 4102, 4146, 4147, 4158, 4157,
  4094, 4093, 2631, 2670, 4149, 4148, 2634, 2673,
  4093, 4095, 2592, 2631, 4148, 4150, 2595, 2634,
  4095, 4096, 2553, 2592, 4150, 4151, 2556, 2595,
  4096, 4097, 2514, 2553, 4151, 4152, 2517, 2556,
  4097, 4098, 2475, 2514, 4152, 4153, 2478, 2517,
  4098, 4099, 2436, 2475, 4153, 4154, 2439, 2478,
  4099, 4100, 2397, 2436, 4154, 4155, 2400, 2439,
  4100, 4101, 2358, 2397, 4155, 4156, 2361, 2400,
  4101, 4102, 2316, 2358, 4156, 4157, 2322, 2361,
  4102, 4103, 2315, 2316, 4157, 4158, 2321, 2322,
  4104, 4105, 4106, 4107, 3440, 3370, 3369, 3439,
  4105, 4108, 4109, 4106, 3370, 3300, 3299, 3369,
  4108, 4110, 4111, 4109, 3300, 3230, 3229, 3299,
  4110, 4112, 4113, 4111, 3230, 3160, 3159, 3229,
  4112, 4114, 4115, 4113, 3160, 3090, 3089, 3159,
  4114, 4116, 4117, 4115, 3090, 3020, 3019, 3089,
  4116, 4118, 4119, 4117, 3020, 2950, 2949, 3019,
  4118, 4120, 4121, 4119, 2950, 2880, 2879, 2949,
  4120, 4122, 4123, 4121, 2880, 2807, 2806, 2879,
  4122, 4124, 4125, 4123, 2807, 2805, 2804, 2806,
  4107, 4106, 4126, 4127, 3439, 3369, 3371, 3441,
  4106, 4109, 4128, 4126, 3369, 3299, 3301, 3371,
  4109, 4111, 4129, 4128, 3299, 3229, 3231, 3301,
  4111, 4113, 4130, 4129, 3229, 3159, 3161, 3231,
  4113, 4115, 4131, 4130, 3159, 3089, 3091, 3161,
  4115, 4117, 4132, 4131, 3089, 3019, 3021, 3091,
  4117, 4119, 4133, 4132, 3019, 2949, 2951, 3021,
  4119, 4121, 4134, 4133, 2949, 2879, 2881, 2951,
  4121, 4123, 4135, 4134, 2879, 2806, 2809, 2881,
  4123, 4125, 4136, 4135, 2806, 2804, 2808, 2809,
  4127, 4126, 4137, 4138, 3441, 3371, 3372, 3442,
  4126, 4128, 4139, 4137, 3371, 3301, 3302, 3372,
  4128, 4129, 4140, 4139, 3301, 3231, 3232, 3302,
  4129, 4130, 4141, 4140, 3231, 3161, 3162, 3232,
  4130, 4131, 4142, 4141, 3161, 3091, 3092, 3162,
  4131, 4132, 4143, 4142, 3091, 3021, 3022, 3092,
  4132, 4133, 4144, 4143, 3021, 2951, 2952, 3022,
  4133, 4134, 4145, 4144, 2951, 2881, 2882, 2952,
  4134, 4135, 4146, 4145, 2881, 2809, 2811, 2882,
  4135, 4136, 4147, 4146, 2809, 2808, 2810, 2811,
  4138, 4137, 4148, 4149, 3442, 3372, 3373, 3443,
  4137, 4139, 4150, 4148, 3372, 3302, 3303, 3373,
  4139, 4140, 4151, 4150, 3302, 3232, 3233, 3303,
  4140, 4141, 4152, 4151, 3232, 3162, 3163, 3233,
  4141, 4142, 4153, 4152, 3162, 3092, 3093, 3163,
  4142, 4143, 4154, 4153, 3092, 3022, 3023, 3093,
  4143, 4144, 4155, 4154, 3022, 2952, 2953, 3023,
  4144, 4145, 4156, 4155, 2952, 2882, 2883, 2953,
  4145, 4146, 4157, 4156, 2882, 2811, 2813, 2883,
  4146, 4147, 4158, 4157, 2811, 2810, 2812, 2813,
  4149, 4148, 2634, 2673, 3443, 3373, 1307, 1349,
  4148, 4150, 2595, 2634, 3373, 3303, 1265, 1307,
  4150, 4151, 2556, 2595, 3303, 3233, 1223, 1265,
  4151, 4152, 2517, 2556, 3233, 3163, 1181, 1223,
  4152, 4153, 2478, 2517, 3163, 3093, 1139, 1181,
  4153, 4154, 2439, 2478, 3093, 3023, 1097, 1139,
  4154, 4155, 2400, 2439, 3023, 2953, 1055, 1097,
  4155, 4156, 2361, 2400, 2953, 2883, 1013, 1055,
  4156, 4157, 2322, 2361, 2883, 2813, 935, 1013,
  4157, 4158, 2321, 2322, 2813, 2812, 933, 935,
  4159, 4160, 4161, 4162, 4163, 4164, 4165, 4166,
  4160, 4167, 4168, 4161, 4164, 4169, 4170, 4165,
  4167, 4171, 4172, 4168, 4169, 4173, 4174, 4170,
  4171, 4175, 4176, 4172, 4173, 4177, 4178, 4174,
  4175, 4179, 4180, 4176, 4177, 4181, 4182, 4178,
  4162, 4161, 4183, 4184, 4166, 4165, 4185, 4186,
  4161, 4168, 4187, 4183, 4165, 4170, 4188, 4185,
  4168, 4172, 4189, 4187, 4170, 4174, 4190, 4188,
  4172, 4176, 4191, 4189, 4174, 4178, 4192, 4190,
  4176, 4180, 4193, 4191, 4178, 4182, 4194, 4192,
  4184, 4183, 4195, 4196, 4186, 4185, 4197, 4198,
  4183, 4187, 4199, 4195, 4185, 4188, 4200, 4197,
  4187, 4189, 4201, 4199, 4188, 4190, 4202, 4200,
  4189, 4191, 4203, 4201, 4190, 4192, 4204, 4202,
  4191, 4193, 4205, 4203, 4192, 4194, 4206, 4204,
  4196, 4195, 4207, 4208, 4198, 4197, 4209, 4210,
  4195, 4199, 4211, 4207, 4197, 4200, 4212, 4209,
  4199, 4201, 4213, 4211, 4200, 4202, 4214, 4212,
  4201, 4203, 4215, 4213, 4202, 4204, 4216, 4214,
  4203, 4205, 4217, 4215, 4204, 4206, 4218, 4216,
  4208, 4207, 4219, 4220, 4210, 4209, 4221, 4222,
  4207, 4211, 4223, 4219, 4209, 4212, 4224, 4221,
  4211, 4213, 4225, 4223, 4212, 4214, 4226, 4224,
  4213, 4215, 4227, 4225, 4214, 4216, 4228, 4226,
  4215, 4217, 4229, 4227, 4216, 4218, 4230, 4228,
  4220, 4219, 4231, 4232, 4222, 4221, 4233, 4234,
  4219, 4223, 4235, 4231, 4221, 4224, 4236, 4233,
  4223, 4225, 4237, 4235, 4224, 4226, 4238, 4236,
  4225, 4227, 4239, 4237, 4226, 4228, 4240, 4238,
  4227, 4229, 4241, 4239, 4228, 4230, 4242, 4240,
  4232, 4231, 4243, 4244, 4234, 4233, 4245, 4246,
  4231, 4235, 4247, 4243, 4233, 4236, 4248, 4245,
  4235, 4237, 4249, 4247, 4236, 4238, 4250, 4248,
  4237, 4239, 4251, 4249, 4238, 4240, 4252, 4250,
  4239, 4241, 4253, 4251, 4240, 4242, 4254, 4252,
  4244, 4243, 4255, 4256, 4246, 4245, 4257, 4258,
  4243, 4247, 4259, 4255, 4245, 4248, 4260, 4257,
  4247, 4249, 4261, 4259, 4248, 4250, 4262, 4260,
  4249, 4251, 4263, 4261, 4250, 4252, 4264, 4262,
  4251, 4253, 4265, 4263, 4252, 4254, 4266, 4264,
  4256, 4255, 4267, 4268, 4258, 4257, 4269, 4270,
  4255, 4259, 4271, 4267, 4257, 4260, 4272, 4269,
  4259, 4261, 4273, 4271, 4260, 4262, 4274, 4272,
  4261, 4263, 4275, 4273, 4262, 4264, 4276, 4274,
  4263, 4265, 4277, 4275, 4264, 4266, 4278, 4276,
  4268, 4267, 4279, 4280, 4270, 4269, 4281, 4282,
  4267, 4271, 4283, 4279, 4269, 4272, 4284, 4281,
  4271, 4273, 4285, 4283, 4272, 4274, 4286, 4284,
  4273, 4275, 4287, 4285, 4274, 4276, 4288, 4286,
  4275, 4277, 4289, 4287, 4276, 4278, 4290, 4288,
  4280, 4279, 4291, 4292, 4282, 4281, 4293, 4294,
  4279, 4283, 4295, 4291, 4281, 4284, 4296, 4293,
  4283, 4285, 4297, 4295, 4284, 4286, 4298, 4296,
  4285, 4287, 4299, 4297, 4286, 4288, 4300, 4298,
  4287, 4289, 4301, 4299, 4288, 4290, 4302, 4300,
  4292, 4291, 4303, 4304, 4294, 4293, 4305, 4306,
  4291, 4295, 4307, 4303, 4293, 4296, 4308, 4305,
  4295, 4297, 4309, 4307, 4296, 4298, 4310, 4308,
  4297, 4299, 4311, 4309, 4298, 4300, 4312, 4310,
  4299, 4301, 4313, 4311, 4300, 4302, 4314, 4312,
  4304, 4303, 4315, 4316, 4306, 4305, 4317, 4318,
  4303, 4307, 4319, 4315, 4305, 4308, 4320, 4317,
  4307, 4309, 4321, 4319, 4308, 4310, 4322, 4320,
  4309, 4311, 4323, 4321, 4310, 4312, 4324, 4322,
  4311, 4313, 4325, 4323, 4312, 4314, 4326, 4324,
  4163, 4164, 4165, 4166, 4327, 4328, 4329, 4330,
  4164, 4169, 4170, 4165, 4328, 4331, 4332, 4329,
  4169, 4173, 4174, 4170, 4331, 4333, 4334, 4332,
  4173, 4177, 4178, 4174, 4333, 4335, 4336, 4334,
  4177, 4181, 4182, 4178, 4335, 4337, 4338, 4336,
  4166, 4165, 4185, 4186, 4330, 4329, 4339, 4340,
  4165, 4170, 4188, 4185, 4329, 4332, 4341, 4339,
  4170, 4174, 4190, 4188, 4332, 4334, 4342, 4341,
  4174, 4178, 4192, 4190, 4334, 4336, 4343, 4342,
  4178, 4182, 4194, 4192, 4336, 4338, 4344, 4343,
  4186, 4185, 4197, 4198, 4340, 4339, 4345, 4346,
  4185, 4188, 4200, 4197, 4339, 4341, 4347, 4345,
  4188, 4190, 4202, 4200, 4341, 4342, 4348, 4347,
  4190, 4192, 4204, 4202, 4342, 4343, 4349, 4348,
  4192, 4194, 4206, 4204, 4343, 4344, 4350, 4349,
  4198, 4197, 4209, 4210, 4346, 4345, 4351, 4352,
  4197, 4200, 4212, 4209, 4345, 4347, 4353, 4351,
  4200, 4202, 4214, 4212, 4347, 4348, 4354, 4353,
  4202, 4204, 4216, 4214, 4348, 4349, 4355, 4354,
  4204, 4206, 4218, 4216, 4349, 4350, 4356, 4355,
  4210, 4209, 4221, 4222, 4352, 4351, 4357, 4358,
  4209, 4212, 4224, 4221, 4351, 4353, 4359, 4357,
  4212, 4214, 4226, 4224, 4353, 4354, 4360, 4359,
  4214, 4216, 4228, 4226, 4354, 4355, 4361, 4360,
  4216, 4218, 4230, 4228, 4355, 4356, 4362, 4361,
  4222, 4221, 4233, 4234, 4358, 4357, 4363, 4364,
  4221, 4224, 4236, 4233, 4357, 4359, 4365, 4363,
  4224, 4226, 4238, 4236, 4359, 4360, 4366, 4365,
  4226, 4228, 4240, 4238, 4360, 4361, 4367, 4366,
  4228, 4230, 4242, 4240, 4361, 4362, 4368, 4367,
  4234, 4233, 4245, 4246, 4364, 4363, 4369, 4370,
  4233, 4236, 4248, 4245, 4363, 4365, 4371, 4369,
  4236, 4238, 4250, 4248, 4365, 4366, 4372, 4371,
  4238, 4240, 4252, 4250, 4366, 4367, 4373, 4372,
  4240, 4242, 4254, 4252, 4367, 4368, 4374, 4373,
  4246, 4245, 4257, 4258, 4370, 4369, 4375, 4376,
  4245, 4248, 4260, 4257, 4369, 4371, 4377, 4375,
  4248, 4250, 4262, 4260, 4371, 4372, 4378, 4377,
  4250, 4252, 4264, 4262, 4372, 4373, 4379, 4378,
  4252, 4254, 4266, 4264, 4373, 4374, 4380, 4379,
  4258, 4257, 4269, 4270, 4376, 4375, 4381, 4382,
  4257, 4260, 4272, 4269, 4375, 4377, 4383, 4381,
  4260, 4262, 4274, 4272, 4377, 4378, 4384, 4383,
  4262, 4264, 4276, 4274, 4378, 4379, 4385, 4384,
  4264, 4266, 4278, 4276, 4379, 4380, 4386, 4385,
  4270, 4269, 4281, 4282, 4382, 4381, 4387, 4388,
  4269, 4272, 4284, 4281, 4381, 4383, 4389, 4387,
  4272, 4274, 4286, 4284, 4383, 4384, 4390, 4389,
  4274, 4276, 4288, 4286, 4384, 4385, 4391, 4390,
  4276, 4278, 4290, 4288, 4385, 4386, 4392, 4391,
  4282, 4281, 4293, 4294, 4388, 4387, 4393, 4394,
  4281, 4284, 4296, 4293, 4387, 4389, 4395, 4393,
  4284, 4286, 4298, 4296, 4389, 4390, 4396, 4395,
  4286, 4288, 4300, 4298, 4390, 4391, 4397, 4396,
  4288, 4290, 4302, 4300, 4391, 4392, 4398, 4397,
  4294, 4293, 4305, 4306, 4394, 4393, 4399, 4400,
  4293, 4296, 4308, 4305, 4393, 4395, 4401, 4399,
  4296, 4298, 4310, 4308, 4395, 4396, 4402, 4401,
  4298, 4300, 4312, 4310, 4396, 4397, 4403, 4402,
  4300, 4302, 4314, 4312, 4397, 4398, 4404, 4403,
  4306, 4305, 4317, 4318, 4400, 4399, 4405, 4406,
  4305, 4308, 4320, 4317, 4399, 4401, 4407, 4405,
  4308, 4310, 4322, 4320, 4401, 4402, 4408, 4407,
  4310, 4312, 4324, 4322, 4402, 4403, 4409, 4408,
  4312, 4314, 4326, 4324, 4403, 4404, 4410, 4409,
  4327, 4328, 4329, 4330, 4411, 4412, 4413, 4414,
  4328, 4331, 4332, 4329, 4412, 4415, 4416, 4413,
  4331, 4333, 4334, 4332, 4415, 4417, 4418, 4416,
  4333, 4335, 4336, 4334, 4417, 4419, 4420, 4418,
  4335, 4337, 4338, 4336, 4419, 4421, 4422, 4420,
  4330, 4329, 4339, 4340, 4414, 4413, 4423, 4424,
  4329, 4332, 4341, 4339, 4413, 4416, 4425, 4423,
  4332, 4334, 4342, 4341, 4416, 4418, 4426, 4425,
  4334, 4336, 4343, 4342, 4418, 4420, 4427, 4426,
  4336, 4338, 4344, 4343, 4420, 4422, 4428, 4427,
  4340, 4339, 4345, 4346, 4424, 4423, 4429, 4430,
  4339, 4341, 4347, 4345, 4423, 4425, 4431, 4429,
  4341, 4342, 4348, 4347, 4425, 4426, 4432, 4431,
  4342, 4343, 4349, 4348, 4426, 4427, 4433, 4432,
  4343, 4344, 4350, 4349, 4427, 4428, 4434, 4433,
  4346, 4345, 4351, 4352, 4430, 4429, 4435, 4436,
  4345, 4347, 4353, 4351, 4429, 4431, 4437, 4435,
  4347, 4348, 4354, 4353, 4431, 4432, 4438, 4437,
  4348, 4349, 4355, 4354, 4432, 4433, 4439, 4438,
  4349, 4350, 4356, 4355, 4433, 4434, 4440, 4439,
  4352, 4351, 4357, 4358, 4436, 4435, 4441, 4442,
  4351, 4353, 4359, 4357, 4435, 4437, 4443, 4441,
  4353, 4354, 4360, 4359, 4437, 4438, 4444, 4443,
  4354, 4355, 4361, 4360, 4438, 4439, 4445, 4444,
  4355, 4356, 4362, 4361, 4439, 4440, 4446, 4445,
  4358, 4357, 4363, 4364, 4442, 4441, 4447, 4448,
  4357, 4359, 4365, 4363, 4441, 4443, 4449, 4447,
  4359, 4360, 4366, 4365, 4443, 4444, 4450, 4449,
  4360, 4361, 4367, 4366, 4444, 4445, 4451, 4450,
  4361, 4362, 4368, 4367, 4445, 4446, 4452, 4451,
  4364, 4363, 4369, 4370, 4448, 4447, 4453, 4454,
  4363, 4365, 4371, 4369, 4447, 4449, 4455, 4453,
  4365, 4366, 4372, 4371, 4449, 4450, 4456, 4455,
  4366, 4367, 4373, 4372, 4450, 4451, 4457, 4456,
  4367, 4368, 4374, 4373, 4451, 4452, 4458, 4457,
  4370, 4369, 4375, 4376, 4454, 4453, 4459, 4460,
  4369, 4371, 4377, 4375, 4453, 4455, 4461, 4459,
  4371, 4372, 4378, 4377, 4455, 4456, 4462, 4461,
  4372, 4373, 4379, 4378, 4456, 4457, 4463, 4462,
  4373, 4374, 4380, 4379, 4457, 4458, 4464, 4463,
  4376, 4375, 4381, 4382, 4460, 4459, 4465, 4466,
  4375, 4377, 4383, 4381, 4459, 4461, 4467, 4465,
  4377, 4378, 4384, 4383, 4461, 4462, 4468, 4467,
  4378, 4379, 4385, 4384, 4462, 4463, 4469, 4468,
  4379, 4380, 4386, 4385, 4463, 4464, 4470, 4469,
  4382, 4381, 4387, 4388, 4466, 4465, 4471, 4472,
  4381, 4383, 4389, 4387, 4465, 4467, 4473, 4471,
  4383, 4384, 4390, 4389, 4467, 4468, 4474, 4473,
  4384, 4385, 4391, 4390, 4468, 4469, 4475, 4474,
  4385, 4386, 4392, 4391, 4469, 4470, 4476, 4475,
  4388, 4387, 4393, 4394, 4472, 4471, 4477, 4478,
  4387, 4389, 4395, 4393, 4471, 4473, 4479, 4477,
  4389, 4390, 4396, 4395, 4473, 4474, 4480, 4479,
  4390, 4391, 4397, 4396, 4474, 4475, 4481, 4480,
  4391, 4392, 4398, 4397, 4475, 4476, 4482, 4481,
  4394, 4393, 4399, 4400, 4478, 4477, 4483, 4484,
  4393, 4395, 4401, 4399, 4477, 4479, 4485, 4483,
  4395, 4396, 4402, 4401, 4479, 4480, 4486, 4485,
  4396, 4397, 4403, 4402, 4480, 4481, 4487, 4486,
  4397, 4398, 4404, 4403, 4481, 4482, 4488, 4487,
  4400, 4399, 4405, 4406, 4484, 4483, 4489, 4490,
  4399, 4401, 4407, 4405, 4483, 4485, 4491, 4489,
  4401, 4402, 4408, 4407, 4485, 4486, 4492, 4491,
  4402, 4403, 4409, 4408, 4486, 4487, 4493, 4492,
  4403, 4404, 4410, 4409, 4487, 4488, 4494, 4493,
  4411, 4412, 4413, 4414, 4495, 4496, 4497, 4498,
  4412, 4415, 4416, 4413, 4496, 4499, 4500, 4497,
  4415, 4417, 4418, 4416, 4499, 4501, 4502, 4500,
  4417, 4419, 4420, 4418, 4501, 4503, 4504, 4502,
  4419, 4421, 4422, 4420, 4503, 4505, 4506, 4504,
  4414, 4413, 4423, 4424, 4498, 4497, 4507, 4508,
  4413, 4416, 4425, 4423, 4497, 4500, 4509, 4507,
  4416, 4418, 4426, 4425, 4500, 4502, 4510, 4509,
  4418, 4420, 4427, 4426, 4502, 4504, 4511, 4510,
  4420, 4422, 4428, 4427, 4504, 4506, 4512, 4511,
  4424, 4423, 4429, 4430, 4508, 4507, 4513, 4514,
  4423, 4425, 4431, 4429, 4507, 4509, 4515, 4513,
  4425, 4426, 4432, 4431, 4509, 4510, 4516, 4515,
  4426, 4427, 4433, 4432, 4510, 4511, 4517, 4516,
  4427, 4428, 4434, 4433, 4511, 4512, 4518, 4517,
  4430, 4429, 4435, 4436, 4514, 4513, 4519, 4520,
  4429, 4431, 4437, 4435, 4513, 4515, 4521, 4519,
  4431, 4432, 4438, 4437, 4515, 4516, 4522, 4521,
  4432, 4433, 4439, 4438, 4516, 4517, 4523, 4522,
  4433, 4434, 4440, 4439, 4517, 4518, 4524, 4523,
  4436, 4435, 4441, 4442, 4520, 4519, 4525, 4526,
  4435, 4437, 4443, 4441, 4519, 4521, 4527, 4525,
  4437, 4438, 4444, 4443, 4521, 4522, 4528, 4527,
  4438, 4439, 4445, 4444, 4522, 4523, 4529, 4528,
  4439, 4440, 4446, 4445, 4523, 4524, 4530, 4529,
  4442, 4441, 4447, 4448, 4526, 4525, 4531, 4532,
  4441, 4443, 4449, 4447, 4525, 4527, 4533, 4531,
  4443, 4444, 4450, 4449, 4527, 4528, 4534, 4533,
  4444, 4445, 4451, 4450, 4528, 4529, 4535, 4534,
  4445, 4446, 4452, 4451, 4529, 4530, 4536, 4535,
  4448, 4447, 4453, 4454, 4532, 4531, 4537, 4538,
  4447, 4449, 4455, 4453, 4531, 4533, 4539, 4537,
  4449, 4450, 4456, 4455, 4533, 4534, 4540, 4539,
  4450, 4451, 4457, 4456, 4534, 4535, 4541, 4540,
  4451, 4452, 4458, 4457, 4535, 4536, 4542, 4541,
  4454, 4453, 4459, 4460, 4538, 4537, 4543, 4544,
  4453, 4455, 4461, 4459, 4537, 4539, 4545, 4543,
  4455, 4456, 4462, 4461, 4539, 4540, 4546, 4545,
  4456, 4457, 4463, 4462, 4540, 4541, 4547, 4546,
  4457, 4458, 4464, 4463, 4541, 4542, 4548, 4547,
  4460, 4459, 4465, 4466, 4544, 4543, 4549, 4550,
  4459, 4461, 4467, 4465, 4543, 4545, 4551, 4549,
  4461, 4462, 4468, 4467, 4545, 4546, 4552, 4551,
  4462, 4463, 4469, 4468, 4546, 4547, 4553, 4552,
  4463, 4464, 4470, 4469, 4547, 4548, 4554, 4553,
  4466, 4465, 4471, 4472, 4550, 4549, 4555, 4556,
  4465, 4467, 4473, 4471, 4549, 4551, 4557, 4555,
  4467, 4468, 4474, 4473, 4551, 4552, 4558, 4557,
  4468, 4469, 4475, 4474, 4552, 4553, 4559, 4558,
  4469, 4470, 4476, 4475, 4553, 4554, 4560, 4559,
  4472, 4471, 4477, 4478, 4556, 4555, 4561, 4562,
  4471, 4473, 4479, 4477, 4555, 4557, 4563, 4561,
  4473, 4474, 4480, 4479, 4557, 4558, 4564, 4563,
  4474, 4475, 4481, 4480, 4558, 4559, 4565, 4564,
  4475, 4476, 4482, 4481, 4559, 4560, 4566, 4565,
  4478, 4477, 4483, 4484, 4562, 4561, 4567, 4568,
  4477, 4479, 4485, 4483, 4561, 4563, 4569, 4567,
  4479, 4480, 4486, 4485, 4563, 4564, 4570, 4569,
  4480, 4481, 4487, 4486, 4564, 4565, 4571, 4570,
  4481, 4482, 4488, 4487, 4565, 4566, 4572, 4571,
  4484, 4483, 4489, 4490, 4568, 4567, 4573, 4574,
  4483, 4485, 4491, 4489, 4567, 4569, 4575, 4573,
  4485, 4486, 4492, 4491, 4569, 4570, 4576, 4575,
  4486, 4487, 4493, 4492, 4570, 4571, 4577, 4576,
  4487, 4488, 4494, 4493, 4571, 4572, 4578, 4577,
  4495, 4496, 4497, 4498, 4579, 4580, 4581, 4582,
  4496, 4499, 4500, 4497, 4580, 4583, 4584, 4581,
  4499, 4501, 4502, 4500, 4583, 4585, 4586, 4584,
  4501, 4503, 4504, 4502, 4585, 4587, 4588, 4586,
  4503, 4505, 4506, 4504, 4587, 4589, 4590, 4588,
  4498, 4497, 4507, 4508, 4582, 4581, 4591, 4592,
  4497, 4500, 4509, 4507, 4581, 4584, 4593, 4591,
  4500, 4502, 4510, 4509, 4584, 4586, 4594, 4593,
  4502, 4504, 4511, 4510, 4586, 4588, 4595, 4594,
  4504, 4506, 4512, 4511, 4588, 4590, 4596, 4595,
  4508, 4507, 4513, 4514, 4592, 4591, 4597, 4598,
  4507, 4509, 4515, 4513, 4591, 4593, 4599, 4597,
  4509, 4510, 4516, 4515, 4593, 4594, 4600, 4599,
  4510, 4511, 4517, 4516, 4594, 4595, 4601, 4600,
  4511, 4512, 4518, 4517, 4595, 4596, 4602, 4601,
  4514, 4513, 4519, 4520, 4598, 4597, 4603, 4604,
  4513, 4515, 4521, 4519, 4597, 4599, 4605, 4603,
  4515, 4516, 4522, 4521, 4599, 4600, 4606, 4605,
  4516, 4517, 4523, 4522, 4600, 4601, 4607, 4606,
  4517, 4518, 4524, 4523, 4601, 4602, 4608, 4607,
  4520, 4519, 4525, 4526, 4604, 4603, 4609, 4610,
  4519, 4521, 4527, 4525, 4603, 4605, 4611, 4609,
  4521, 4522, 4528, 4527, 4605, 4606, 4612, 4611,
  4522, 4523, 4529, 4528, 4606, 4607, 4613, 4612,
  4523, 4524, 4530, 4529, 4607, 4608, 4614, 4613,
  4526, 4525, 4531, 4532, 4610, 4609, 4615, 4616,
  4525, 4527, 4533, 4531, 4609, 4611, 4617, 4615,
  4527, 4528, 4534, 4533, 4611, 4612, 4618, 4617,
  4528, 4529, 4535, 4534, 4612, 4613, 4619, 4618,
  4529, 4530, 4536, 4535, 4613, 4614, 4620, 4619,
  4532, 4531, 4537, 4538, 4616, 4615, 4621, 4622,
  4531, 4533, 4539, 4537, 4615, 4617, 4623, 4621,
  4533, 4534, 4540, 4539, 4617, 4618, 4624, 4623,
  4534, 4535, 4541, 4540, 4618, 4619, 4625, 4624,
  4535, 4536, 4542, 4541, 4619, 4620, 4626, 4625,
  4538, 4537, 4543, 4544, 4622, 4621, 4627, 4628,
  4537, 4539, 4545, 4543, 4621, 4623, 4629, 4627,
  4539, 4540, 4546, 4545, 4623, 4624, 4630, 4629,
  4540, 4541, 4547, 4546, 4624, 4625, 4631, 4630,
  4541, 4542, 4548, 4547, 4625, 4626, 4632, 4631,
  4544, 4543, 4549, 4550, 4628, 4627, 4633, 4634,
  4543, 4545, 4551, 4549, 4627, 4629, 4635, 4633,
  4545, 4546, 4552, 4551, 4629, 4630, 4636, 4635,
  4546, 4547, 4553, 4552, 4630, 4631, 4637, 4636,
  4547, 4548, 4554, 4553, 4631, 4632, 4638, 4637,
  4550, 4549, 4555, 4556, 4634, 4633, 4639, 4640,
  4549, 4551, 4557, 4555, 4633, 4635, 4641, 4639,
  4551, 4552, 4558, 4557, 4635, 4636, 4642, 4641,
  4552, 4553, 4559, 4558, 4636, 4637, 4643, 4642,
  4553, 4554, 4560, 4559, 4637, 4638, 4644, 4643,
  4556, 4555, 4561, 4562, 4640, 4639, 4645, 4646,
  4555, 4557, 4563, 4561, 4639, 4641, 4647, 4645,
  4557, 4558, 4564, 4563, 4641, 4642, 4648, 4647,
  4558, 4559, 4565, 4564, 4642, 4643, 4649, 4648,
  4559, 4560, 4566, 4565, 4643, 4644, 4650, 4649,
  4562, 4561, 4567, 4568, 4646, 4645, 4651, 4652,
  4561, 4563, 4569, 4567, 4645, 4647, 4653, 4651,
  4563, 4564, 4570, 4569, 4647, 4648, 4654, 4653,
  4564, 4565, 4571, 4570, 4648, 4649, 4655, 4654,
  4565, 4566, 4572, 4571, 4649, 4650, 4656, 4655,
  4568, 4567, 4573, 4574, 4652, 4651, 4657, 4658,
  4567, 4569, 4575, 4573, 4651, 4653, 4659, 4657,
  4569, 4570, 4576, 4575, 4653, 4654, 4660, 4659,
  4570, 4571, 4577, 4576, 4654, 4655, 4661, 4660,
  4571, 4572, 4578, 4577, 4655, 4656, 4662, 4661,
  4579, 4580, 4581, 4582, 4663, 4664, 4665, 4666,
  4580, 4583, 4584, 4581, 4664, 4667, 4668, 4665,
  4583, 4585, 4586, 4584, 4667, 4669, 4670, 4668,
  4585, 4587, 4588, 4586, 4669, 4671, 4672, 4670,
  4587, 4589, 4590, 4588, 4671, 4673, 4674, 4672,
  4582, 4581, 4591, 4592, 4666, 4665, 4675, 4676,
  4581, 4584, 4593, 4591, 4665, 4668, 4677, 4675,
  4584, 4586, 4594, 4593, 4668, 4670, 4678, 4677,
  4586, 4588, 4595, 4594, 4670, 4672, 4679, 4678,
  4588, 4590, 4596, 4595, 4672, 4674, 4680, 4679,
  4592, 4591, 4597, 4598, 4676, 4675, 4681, 4682,
  4591, 4593, 4599, 4597, 4675, 4677, 4683, 4681,
  4593, 4594, 4600, 4599, 4677, 4678, 4684, 4683,
  4594, 4595, 4601, 4600, 4678, 4679, 4685, 4684,
  4595, 4596, 4602, 4601, 4679, 4680, 4686, 4685,
  4598, 4597, 4603, 4604, 4682, 4681, 4687, 4688,
  4597, 4599, 4605, 4603, 4681, 4683, 4689, 4687,
  4599, 4600, 4606, 4605, 4683, 4684, 4690, 4689,
  4600, 4601, 4607, 4606, 4684, 4685, 4691, 4690,
  4601, 4602, 4608, 4607, 4685, 4686, 4692, 4691,
  4604, 4603, 4609, 4610, 4688, 4687, 4693, 4694,
  4603, 4605, 4611, 4609, 4687, 4689, 4695, 4693,
  4605, 4606, 4612, 4611, 4689, 4690, 4696, 4695,
  4606, 4607, 4613, 4612, 4690, 4691, 4697, 4696,
  4607, 4608, 4614, 4613, 4691, 4692, 4698, 4697,
  4610, 4609, 4615, 4616, 4694, 4693, 4699, 4700,
  4609, 4611, 4617, 4615, 4693, 4695, 4701, 4699,
  4611, 4612, 4618, 4617, 4695, 4696, 4702, 4701,
  4612, 4613, 4619, 4618, 4696, 4697, 4703, 4702,
  4613, 4614, 4620, 4619, 4697, 4698, 4704, 4703,
  4616, 4615, 4621, 4622, 4700, 4699, 4705, 4706,
  4615, 4617, 4623, 4621, 4699, 4701, 4707, 4705,
  4617, 4618, 4624, 4623, 4701, 4702, 4708, 4707,
  4618, 4619, 4625, 4624, 4702, 4703, 4709, 4708,
  4619, 4620, 4626, 4625, 4703, 4704, 4710, 4709,
  4622, 4621, 4627, 4628, 4706, 4705, 4711, 4712,
  4621, 4623, 4629, 4627, 4705, 4707, 4713, 4711,
  4623, 4624, 4630, 4629, 4707, 4708, 4714, 4713,
  4624, 4625, 4631, 4630, 4708, 4709, 4715, 4714,
  4625, 4626, 4632, 4631, 4709, 4710, 4716, 4715,
  4628, 4627, 4633, 4634, 4712, 4711, 4717, 4718,
  4627, 4629, 4635, 4633, 4711, 4713, 4719, 4717,
  4629, 4630, 4636, 4635, 4713, 4714, 4720, 4719,
  4630, 4631, 4637, 4636, 4714, 4715, 4721, 4720,
  4631, 4632, 4638, 4637, 4715, 4716, 4722, 4721,
  4634, 4633, 4639, 4640, 4718, 4717, 4723, 4724,
  4633, 4635, 4641, 4639, 4717, 4719, 4725, 4723,
  4635, 4636, 4642, 4641, 4719, 4720, 4726, 4725,
  4636, 4637, 4643, 4642, 4720, 4721, 4727, 4726,
  4637, 4638, 4644, 4643, 4721, 4722, 4728, 4727,
  4640, 4639, 4645, 4646, 4724, 4723, 4729, 4730,
  4639, 4641, 4647, 4645, 4723, 4725, 4731, 4729,
  4641, 4642, 4648, 4647, 4725, 4726, 4732, 4731,
  4642, 4643, 4649, 4648, 4726, 4727, 4733, 4732,
  4643, 4644, 4650, 4649, 4727, 4728, 4734, 4733,
  4646, 4645, 4651, 4652, 4730, 4729, 4735, 4736,
  4645, 4647, 4653, 4651, 4729, 4731, 4737, 4735,
  4647, 4648, 4654, 4653, 4731, 4732, 4738, 4737,
  4648, 4649, 4655, 4654, 4732, 4733, 4739, 4738,
  4649, 4650, 4656, 4655, 4733, 4734, 4740, 4739,
  4652, 4651, 4657, 4658, 4736, 4735, 4741, 4742,
  4651, 4653, 4659, 4657, 4735, 4737, 4743, 4741,
  4653, 4654, 4660, 4659, 4737, 4738, 4744, 4743,
  4654, 4655, 4661, 4660, 4738, 4739, 4745, 4744,
  4655, 4656, 4662, 4661, 4739, 4740, 4746, 4745,
  4663, 4664, 4665, 4666, 4747, 4748, 4749, 4750,
  4664, 4667, 4668, 4665, 4748, 4751, 4752, 4749,
  4667, 4669, 4670, 4668, 4751, 4753, 4754, 4752,
  4669, 4671, 4672, 4670, 4753, 4755, 4756, 4754,
  4671, 4673, 4674, 4672, 4755, 4757, 4758, 4756,
  4666, 4665, 4675, 4676, 4750, 4749, 4759, 4760,
  4665, 4668, 4677, 4675, 4749, 4752, 4761, 4759,
  4668, 4670, 4678, 4677, 4752, 4754, 4762, 4761,
  4670, 4672, 4679, 4678, 4754, 4756, 4763, 4762,
  4672, 4674, 4680, 4679, 4756, 4758, 4764, 4763,
  4676, 4675, 4681, 4682, 4760, 4759, 4765, 4766,
  4675, 4677, 4683, 4681, 4759, 4761, 4767, 4765,
  4677, 4678, 4684, 4683, 4761, 4762, 4768, 4767,
  4678, 4679, 4685, 4684, 4762, 4763, 4769, 4768,
  4679, 4680, 4686, 4685, 4763, 4764, 4770, 4769,
  4682, 4681, 4687, 4688, 4766, 4765, 4771, 4772,
  4681, 4683, 4689, 4687, 4765, 4767, 4773, 4771,
  4683, 4684, 4690, 4689, 4767, 4768, 4774, 4773,
  4684, 4685, 4691, 4690, 4768, 4769, 4775, 4774,
  4685, 4686, 4692, 4691, 4769, 4770, 4776, 4775,
  4688, 4687, 4693, 4694, 4772, 4771, 4777, 4778,
  4687, 4689, 4695, 4693, 4771, 4773, 4779, 4777,
  4689, 4690, 4696, 4695, 4773, 4774, 4780, 4779,
  4690, 4691, 4697, 4696, 4774, 4775, 4781, 4780,
  4691, 4692, 4698, 4697, 4775, 4776, 4782, 4781,
  4694, 4693, 4699, 4700, 4778, 4777, 4783, 4784,
  4693, 4695, 4701, 4699, 4777, 4779, 4785, 4783,
  4695, 4696, 4702, 4701, 4779, 4780, 4786, 4785,
  4696, 4697, 4703, 4702, 4780, 4781, 4787, 4786,
  4697, 4698, 4704, 4703, 4781, 4782, 4788, 4787,
  4700, 4699, 4705, 4706, 4784, 4783, 4789, 4790,
  4699, 4701, 4707, 4705, 4783, 4785, 4791, 4789,
  4701, 4702, 4708, 4707, 4785, 4786, 4792, 4791,
  4702, 4703, 4709, 4708, 4786, 4787, 4793, 4792,
  4703, 4704, 4710, 4709, 4787, 4788, 4794, 4793,
  4706, 4705, 4711, 4712, 4790, 4789, 4795, 4796,
  4705, 4707, 4713, 4711, 4789, 4791, 4797, 4795,
  4707, 4708, 4714, 4713, 4791, 4792, 4798, 4797,
  4708, 4709, 4715, 4714, 4792, 4793, 4799, 4798,
  4709, 4710, 4716, 4715, 4793, 4794, 4800, 4799,
  4712, 4711, 4717, 4718, 4796, 4795, 4801, 4802,
  4711, 4713, 4719, 4717, 4795, 4797, 4803, 4801,
  4713, 4714, 4720, 4719, 4797, 4798, 4804, 4803,
  4714, 4715, 4721, 4720, 4798, 4799, 4805, 4804,
  4715, 4716, 4722, 4721, 4799, 4800, 4806, 4805,
  4718, 4717, 4723, 4724, 4802, 4801, 4807, 4808,
  4717, 4719, 4725, 4723, 4801, 4803, 4809, 4807,
  4719, 4720, 4726, 4725, 4803, 4804, 4810, 4809,
  4720, 4721, 4727, 4726, 4804, 4805, 4811, 4810,
  4721, 4722, 4728, 4727, 4805, 4806, 4812, 4811,
  4724, 4723, 4729, 4730, 4808, 4807, 4813, 4814,
  4723, 4725, 4731, 4729, 4807, 4809, 4815, 4813,
  4725, 4726, 4732, 4731, 4809, 4810, 4816, 4815,
  4726, 4727, 4733, 4732, 4810, 4811, 4817, 4816,
  4727, 4728, 4734, 4733, 4811, 4812, 4818, 4817,
  4730, 4729, 4735, 4736, 4814, 4813, 4819, 4820,
  4729, 4731, 4737, 4735, 4813, 4815, 4821, 4819,
  4731, 4732, 4738, 4737, 4815, 4816, 4822, 4821,
  4732, 4733, 4739, 4738, 4816, 4817, 4823, 4822,
  4733, 4734, 4740, 4739, 4817, 4818, 4824, 4823,
  4736, 4735, 4741, 4742, 4820, 4819, 4825, 4826,
  4735, 4737, 4743, 4741, 4819, 4821, 4827, 4825,
  4737, 4738, 4744, 4743, 4821, 4822, 4828, 4827,
  4738, 4739, 4745, 4744, 4822, 4823, 4829, 4828,
  4739, 4740, 4746, 4745, 4823, 4824, 4830, 4829,
  4747, 4748, 4749, 4750, 4831, 4832, 4833, 4834,
  4748, 4751, 4752, 4749, 4832, 4835, 4836, 4833,
  4751, 4753, 4754, 4752, 4835, 4837, 4838, 4836,
  4753, 4755, 4756, 4754, 4837, 4839, 4840, 4838,
  4755, 4757, 4758, 4756, 4839, 4841, 4842, 4840,
  4750, 4749, 4759, 4760, 4834, 4833, 4843, 4844,
  4749, 4752, 4761, 4759, 4833, 4836, 4845, 4843,
  4752, 4754, 4762, 4761, 4836, 4838, 4846, 4845,
  4754, 4756, 4763, 4762, 4838, 4840, 4847, 4846,
  4756, 4758, 4764, 4763, 4840, 4842, 4848, 4847,
  4760, 4759, 4765, 4766, 4844, 4843, 4849, 4850,
  4759, 4761, 4767, 4765, 4843, 4845, 4851, 4849,
  4761, 4762, 4768, 4767, 4845, 4846, 4852, 4851,
  4762, 4763, 4769, 4768, 4846, 4847, 4853, 4852,
  4763, 4764, 4770, 4769, 4847, 4848, 4854, 4853,
  4766, 4765, 4771, 4772, 4850, 4849, 4855, 4856,
  4765, 4767, 4773, 4771, 4849, 4851, 4857, 4855,
  4767, 4768, 4774, 4773, 4851, 4852, 4858, 4857,
  4768, 4769, 4775, 4774, 4852, 4853, 4859, 4858,
  4769, 4770, 4776, 4775, 4853, 4854, 4860, 4859,
  4772, 4771, 4777, 4778, 4856, 4855, 4861, 4862,
  4771, 4773, 4779, 4777, 4855, 4857, 4863, 4861,
  4773, 4774, 4780, 4779, 4857, 4858, 4864, 4863,
  4774, 4775, 4781, 4780, 4858, 4859, 4865, 4864,
  4775, 4776, 4782, 4781, 4859, 4860, 4866, 4865,
  4778, 4777, 4783, 4784, 4862, 4861, 4867, 4868,
  4777, 4779, 4785, 4783, 4861, 4863, 4869, 4867,
  4779, 4780, 4786, 4785, 4863, 4864, 4870, 4869,
  4780, 4781, 4787, 4786, 4864, 4865, 4871, 4870,
  4781, 4782, 4788, 4787, 4865, 4866, 4872, 4871,
  4784, 4783, 4789, 4790, 4868, 4867, 4873, 4874,
  4783, 4785, 4791, 4789, 4867, 4869, 4875, 4873,
  4785, 4786, 4792, 4791, 4869, 4870, 4876, 4875,
  4786, 4787, 4793, 4792, 4870, 4871, 4877, 4876,
  4787, 4788, 4794, 4793, 4871, 4872, 4878, 4877,
  4790, 4789, 4795, 4796, 4874, 4873, 4879, 4880,
  4789, 4791, 4797, 4795, 4873, 4875, 4881, 4879,
  4791, 4792, 4798, 4797, 4875, 4876, 4882, 4881,
  4792, 4793, 4799, 4798, 4876, 4877, 4883, 4882,
  4793, 4794, 4800, 4799, 4877, 4878, 4884, 4883,
  4796, 4795, 4801, 4802, 4880, 4879, 4885, 4886,
  4795, 4797, 4803, 4801, 4879, 4881, 4887, 4885,
  4797, 4798, 4804, 4803, 4881, 4882, 4888, 4887,
  4798, 4799, 4805, 4804, 4882, 4883, 4889, 4888,
  4799, 4800, 4806, 4805, 4883, 4884, 4890, 4889,
  4802, 4801, 4807, 4808, 4886, 4885, 4891, 4892,
  4801, 4803, 4809, 4807, 4885, 4887, 4893, 4891,
  4803, 4804, 4810, 4809, 4887, 4888, 4894, 4893,
  4804, 4805, 4811, 4810, 4888, 4889, 4895, 4894,
  4805, 4806, 4812, 4811, 4889, 4890, 4896, 4895,
  4808, 4807, 4813, 4814, 4892, 4891, 4897, 4898,
  4807, 4809, 4815, 4813, 4891, 4893, 4899, 4897,
  4809, 4810, 4816, 4815, 4893, 4894, 4900, 4899,
  4810, 4811, 4817, 4816, 4894, 4895, 4901, 4900,
  4811, 4812, 4818, 4817, 4895, 4896, 4902, 4901,
  4814, 4813, 4819, 4820, 4898, 4897, 4903, 4904,
  4813, 4815, 4821, 4819, 4897, 4899, 4905, 4903,
  4815, 4816, 4822, 4821, 4899, 4900, 4906, 4905,
  4816, 4817, 4823, 4822, 4900, 4901, 4907, 4906,
  4817, 4818, 4824, 4823, 4901, 4902, 4908, 4907,
  4820, 4819, 4825, 4826, 4904, 4903, 4909, 4910,
  4819, 4821, 4827, 4825, 4903, 4905, 4911, 4909,
  4821, 4822, 4828, 4827, 4905, 4906, 4912, 4911,
  4822, 4823, 4829, 4828, 4906, 4907, 4913, 4912,
  4823, 4824, 4830, 4829, 4907, 4908, 4914, 4913,
  4831, 4832, 4833, 4834, 4915, 4916, 4917, 4918,
  4832, 4835, 4836, 4833, 4916, 4919, 4920, 4917,
  4835, 4837, 4838, 4836, 4919, 4921, 4922, 4920,
  4837, 4839, 4840, 4838, 4921, 4923, 4924, 4922,
  4839, 4841, 4842, 4840, 4923, 4925, 4926, 4924,
  4834, 4833, 4843, 4844, 4918, 4917, 4927, 4928,
  4833, 4836, 4845, 4843, 4917, 4920, 4929, 4927,
  4836, 4838, 4846, 4845, 4920, 4922, 4930, 4929,
  4838, 4840, 4847, 4846, 4922, 4924, 4931, 4930,
  4840, 4842, 4848, 4847, 4924, 4926, 4932, 4931,
  4844, 4843, 4849, 4850, 4928, 4927, 4933, 4934,
  4843, 4845, 4851, 4849, 4927, 4929, 4935, 4933,
  4845, 4846, 4852, 4851, 4929, 4930, 4936, 4935,
  4846, 4847, 4853, 4852, 4930, 4931, 4937, 4936,
  4847, 4848, 4854, 4853, 4931, 4932, 4938, 4937,
  4850, 4849, 4855, 4856, 4934, 4933, 4939, 4940,
  4849, 4851, 4857, 4855, 4933, 4935, 4941, 4939,
  4851, 4852, 4858, 4857, 4935, 4936, 4942, 4941,
  4852, 4853, 4859, 4858, 4936, 4937, 4943, 4942,
  4853, 4854, 4860, 4859, 4937, 4938, 4944, 4943,
  4856, 4855, 4861, 4862, 4940, 4939, 4945, 4946,
  4855, 4857, 4863, 4861, 4939, 4941, 4947, 4945,
  4857, 4858, 4864, 4863, 4941, 4942, 4948, 4947,
  4858, 4859, 4865, 4864, 4942, 4943, 4949, 4948,
  4859, 4860, 4866, 4865, 4943, 4944, 4950, 4949,
  4862, 4861, 4867, 4868, 4946, 4945, 4951, 4952,
  4861, 4863, 4869, 4867, 4945, 4947, 4953, 4951,
  4863, 4864, 4870, 4869, 4947, 4948, 4954, 4953,
  4864, 4865, 4871, 4870, 4948, 4949, 4955, 4954,
  4865, 4866, 4872, 4871, 4949, 4950, 4956, 4955,
  4868, 4867, 4873, 4874, 4952, 4951, 4957, 4958,
  4867, 4869, 4875, 4873, 4951, 4953, 4959, 4957,
  4869, 4870, 4876, 4875, 4953, 4954, 4960, 4959,
  4870, 4871, 4877, 4876, 4954, 4955, 4961, 4960,
  4871, 4872, 4878, 4877, 4955, 4956, 4962, 4961,
  4874, 4873, 4879, 4880, 4958, 4957, 4963, 4964,
  4873, 4875, 4881, 4879, 4957, 4959, 4965, 4963,
  4875, 4876, 4882, 4881, 4959, 4960, 4966, 4965,
  4876, 4877, 4883, 4882, 4960, 4961, 4967, 4966,
  4877, 4878, 4884, 4883, 4961, 4962, 4968, 4967,
  4880, 4879, 4885, 4886, 4964, 4963, 4969, 4970,
  4879, 4881, 4887, 4885, 4963, 4965, 4971, 4969,
  4881, 4882, 4888, 4887, 4965, 4966, 4972, 4971,
  4882, 4883, 4889, 4888, 4966, 4967, 4973, 4972,
  4883, 4884, 4890, 4889, 4967, 4968, 4974, 4973,
  4886, 4885, 4891, 4892, 4970, 4969, 4975, 4976,
  4885, 4887, 4893, 4891, 4969, 4971, 4977, 4975,
  4887, 4888, 4894, 4893, 4971, 4972, 4978, 4977,
  4888, 4889, 4895, 4894, 4972, 4973, 4979, 4978,
  4889, 4890, 4896, 4895, 4973, 4974, 4980, 4979,
  4892, 4891, 4897, 4898, 4976, 4975, 4981, 4982,
  4891, 4893, 4899, 4897, 4975, 4977, 4983, 4981,
  4893, 4894, 4900, 4899, 4977, 4978, 4984, 4983,
  4894, 4895, 4901, 4900, 4978, 4979, 4985, 4984,
  4895, 4896, 4902, 4901, 4979, 4980, 4986, 4985,
  4898, 4897, 4903, 4904, 4982, 4981, 4987, 4988,
  4897, 4899, 4905, 4903, 4981, 4983, 4989, 4987,
  4899, 4900, 4906, 4905, 4983, 4984, 4990, 4989,
  4900, 4901, 4907, 4906, 4984, 4985, 4991, 4990,
  4901, 4902, 4908, 4907, 4985, 4986, 4992, 4991,
  4904, 4903, 4909, 4910, 4988, 4987, 4993, 4994,
  4903, 4905, 4911, 4909, 4987, 4989, 4995, 4993,
  4905, 4906, 4912, 4911, 4989, 4990, 4996, 4995,
  4906, 4907, 4913, 4912, 4990, 4991, 4997, 4996,
  4907, 4908, 4914, 4913, 4991, 4992, 4998, 4997,
  4915, 4916, 4917, 4918, 4999, 5000, 5001, 5002,
  4916, 4919, 4920, 4917, 5000, 5003, 5004, 5001,
  4919, 4921, 4922, 4920, 5003, 5005, 5006, 5004,
  4921, 4923, 4924, 4922, 5005, 5007, 5008, 5006,
  4923, 4925, 4926, 4924, 5007, 5009, 5010, 5008,
  4918, 4917, 4927, 4928, 5002, 5001, 5011, 5012,
  4917, 4920, 4929, 4927, 5001, 5004, 5013, 5011,
  4920, 4922, 4930, 4929, 5004, 5006, 5014, 5013,
  4922, 4924, 4931, 4930, 5006, 5008, 5015, 5014,
  4924, 4926, 4932, 4931, 5008, 5010, 5016, 5015,
  4928, 4927, 4933, 4934, 5012, 5011, 5017, 5018,
  4927, 4929, 4935, 4933, 5011, 5013, 5019, 5017,
  4929, 4930, 4936, 4935, 5013, 5014, 5020, 5019,
  4930, 4931, 4937, 4936, 5014, 5015, 5021, 5020,
  4931, 4932, 4938, 4937, 5015, 5016, 5022, 5021,
  4934, 4933, 4939, 4940, 5018, 5017, 5023, 5024,
  4933, 4935, 4941, 4939, 5017, 5019, 5025, 5023,
  4935, 4936, 4942, 4941, 5019, 5020, 5026, 5025,
  4936, 4937, 4943, 4942, 5020, 5021, 5027, 5026,
  4937, 4938, 4944, 4943, 5021, 5022, 5028, 5027,
  4940, 4939, 4945, 4946, 5024, 5023, 5029, 5030,
  4939, 4941, 4947, 4945, 5023, 5025, 5031, 5029,
  4941, 4942, 4948, 4947, 5025, 5026, 5032, 5031,
  4942, 4943, 4949, 4948, 5026, 5027, 5033, 5032,
  4943, 4944, 4950, 4949, 5027, 5028, 5034, 5033,
  4946, 4945, 4951, 4952, 5030, 5029, 5035, 5036,
  4945, 4947, 4953, 4951, 5029, 5031, 5037, 5035,
  4947, 4948, 4954, 4953, 5031, 5032, 5038, 5037,
  4948, 4949, 4955, 4954, 5032, 5033, 5039, 5038,
  4949, 4950, 4956, 4955, 5033, 5034, 5040, 5039,
  4952, 4951, 4957, 4958, 5036, 5035, 5041, 5042,
  4951, 4953, 4959, 4957, 5035, 5037, 5043, 5041,
  4953, 4954, 4960, 4959, 5037, 5038, 5044, 5043,
  4954, 4955, 4961, 4960, 5038, 5039, 5045, 5044,
  4955, 4956, 4962, 4961, 5039, 5040, 5046, 5045,
  4958, 4957, 4963, 4964, 5042, 5041, 5047, 5048,
  4957, 4959, 4965, 4963, 5041, 5043, 5049, 5047,
  4959, 4960, 4966, 4965, 5043, 5044, 5050, 5049,
  4960, 4961, 4967, 4966, 5044, 5045, 5051, 5050,
  4961, 4962, 4968, 4967, 5045, 5046, 5052, 5051,
  4964, 4963, 4969, 4970, 5048, 5047, 5053, 5054,
  4963, 4965, 4971, 4969, 5047, 5049, 5055, 5053,
  4965, 4966, 4972, 4971, 5049, 5050, 5056, 5055,
  4966, 4967, 4973, 4972, 5050, 5051, 5057, 5056,
  4967, 4968, 4974, 4973, 5051, 5052, 5058, 5057,
  4970, 4969, 4975, 4976, 5054, 5053, 5059, 5060,
  4969, 4971, 4977, 4975, 5053, 5055, 5061, 5059,
  4971, 4972, 4978, 4977, 5055, 5056, 5062, 5061,
  4972, 4973, 4979, 4978, 5056, 5057, 5063, 5062,
  4973, 4974, 4980, 4979, 5057, 5058, 5064, 5063,
  4976, 4975, 4981, 4982, 5060, 5059, 5065, 5066,
  4975, 4977, 4983, 4981, 5059, 5061, 5067, 5065,
  4977, 4978, 4984, 4983, 5061, 5062, 5068, 5067,
  4978, 4979, 4985, 4984, 5062, 5063, 5069, 5068,
  4979, 4980, 4986, 4985, 5063, 5064, 5070, 5069,
  4982, 4981, 4987, 4988, 5066, 5065, 5071, 5072,
  4981, 4983, 4989, 4987, 5065, 5067, 5073, 5071,
  4983, 4984, 4990, 4989, 5067, 5068, 5074, 5073,
  4984, 4985, 4991, 4990, 5068, 5069, 5075, 5074,
  4985, 4986, 4992, 4991, 5069, 5070, 5076, 5075,
  4988, 4987, 4993, 4994, 5072, 5071, 5077, 5078,
  4987, 4989, 4995, 4993, 5071, 5073, 5079, 5077,
  4989, 4990, 4996, 4995, 5073, 5074, 5080, 5079,
  4990, 4991, 4997, 4996, 5074, 5075, 5081, 5080,
  4991, 4992, 4998, 4997, 5075, 5076, 5082, 5081,
  5078, 4994, 4988, 5072, 5083, 5084, 5085, 5086,
  4994, 4910, 4904, 4988, 5084, 5087, 5088, 5085,
  4910, 4826, 4820, 4904, 5087, 5089, 5090, 5088,
  4826, 4742, 4736, 4820, 5089, 5091, 5092, 5090,
  4742, 4658, 4652, 4736, 5091, 5093, 5094, 5092,
  4658, 4574, 4568, 4652, 5093, 5095, 5096, 5094,
  4574, 4490, 4484, 4568, 5095, 5097, 5098, 5096,
  4490, 4406, 4400, 4484, 5097, 5099, 5100, 5098,
  4406, 4318, 4306, 4400, 5099, 5101, 5102, 5100,
  4318, 4316, 4304, 4306, 5101, 5103, 5104, 5102,
  5072, 4988, 4982, 5066, 5086, 5085, 5105, 5106,
  4988, 4904, 4898, 4982, 5085, 5088, 5107, 5105,
  4904, 4820, 4814, 4898, 5088, 5090, 5108, 5107,
  4820, 4736, 4730, 4814, 5090, 5092, 5109, 5108,
  4736, 4652, 4646, 4730, 5092, 5094, 5110, 5109,
  4652, 4568, 4562, 4646, 5094, 5096, 5111, 5110,
  4568, 4484, 4478, 4562, 5096, 5098, 5112, 5111,
  4484, 4400, 4394, 4478, 5098, 5100, 5113, 5112,
  4400, 4306, 4294, 4394, 5100, 5102, 5114, 5113,
  4306, 4304, 4292, 4294, 5102, 5104, 5115, 5114,
  5066, 4982, 4976, 5060, 5106, 5105, 5116, 5117,
  4982, 4898, 4892, 4976, 5105, 5107, 5118, 5116,
  4898, 4814, 4808, 4892, 5107, 5108, 5119, 5118,
  4814, 4730, 4724, 4808, 5108, 5109, 5120, 5119,
  4730, 4646, 4640, 4724, 5109, 5110, 5121, 5120,
  4646, 4562, 4556, 4640, 5110, 5111, 5122, 5121,
  4562, 4478, 4472, 4556, 5111, 5112, 5123, 5122,
  4478, 4394, 4388, 4472, 5112, 5113, 5124, 5123,
  4394, 4294, 4282, 4388, 5113, 5114, 5125, 5124,
  4294, 4292, 4280, 4282, 5114, 5115, 5126, 5125,
  5060, 4976, 4970, 5054, 5117, 5116, 5127, 5128,
  4976, 4892, 4886, 4970, 5116, 5118, 5129, 5127,
  4892, 4808, 4802, 4886, 5118, 5119, 5130, 5129,
  4808, 4724, 4718, 4802, 5119, 5120, 5131, 5130,
  4724, 4640, 4634, 4718, 5120, 5121, 5132, 5131,
  4640, 4556, 4550, 4634, 5121, 5122, 5133, 5132,
  4556, 4472, 4466, 4550, 5122, 5123, 5134, 5133,
  4472, 4388, 4382, 4466, 5123, 5124, 5135, 5134,
  4388, 4282, 4270, 4382, 5124, 5125, 5136, 5135,
  4282, 4280, 4268, 4270, 5125, 5126, 5137, 5136,
  5054, 4970, 4964, 5048, 5128, 5127, 5138, 5139,
  4970, 4886, 4880, 4964, 5127, 5129, 5140, 5138,
  4886, 4802, 4796, 4880, 5129, 5130, 5141, 5140,
  4802, 4718, 4712, 4796, 5130, 5131, 5142, 5141,
  4718, 4634, 4628, 4712, 5131, 5132, 5143, 5142,
  4634, 4550, 4544, 4628, 5132, 5133, 5144, 5143,
  4550, 4466, 4460, 4544, 5133, 5134, 5145, 5144,
  4466, 4382, 4376, 4460, 5134, 5135, 5146, 5145,
  4382, 4270, 4258, 4376, 5135, 5136, 5147, 5146,
  4270, 4268, 4256, 4258, 5136, 5137, 5148, 5147,
  5048, 4964, 4958, 5042, 5139, 5138, 5149, 5150,
  4964, 4880, 4874, 4958, 5138, 5140, 5151, 5149,
  4880, 4796, 4790, 4874, 5140, 5141, 5152, 5151,
  4796, 4712, 4706, 4790, 5141, 5142, 5153, 5152,
  4712, 4628, 4622, 4706, 5142, 5143, 5154, 5153,
  4628, 4544, 4538, 4622, 5143, 5144, 5155, 5154,
  4544, 4460, 4454, 4538, 5144, 5145, 5156, 5155,
  4460, 4376, 4370, 4454, 5145, 5146, 5157, 5156,
  4376, 4258, 4246, 4370, 5146, 5147, 5158, 5157,
  4258, 4256, 4244, 4246, 5147, 5148, 5159, 5158,
  5042, 4958, 4952, 5036, 5150, 5149, 5160, 5161,
  4958, 4874, 4868, 4952, 5149, 5151, 5162, 5160,
  4874, 4790, 4784, 4868, 5151, 5152, 5163, 5162,
  4790, 4706, 4700, 4784, 5152, 5153, 5164, 5163,
  4706, 4622, 4616, 4700, 5153, 5154, 5165, 5164,
  4622, 4538, 4532, 4616, 5154, 5155, 5166, 5165,
  4538, 4454, 4448, 4532, 5155, 5156, 5167, 5166,
  4454, 4370, 4364, 4448, 5156, 5157, 5168, 5167,
  4370, 4246, 4234, 4364, 5157, 5158, 5169, 5168,
  4246, 4244, 4232, 4234, 5158, 5159, 5170, 5169,
  5036, 4952, 4946, 5030, 5161, 5160, 5171, 5172,
  4952, 4868, 4862, 4946, 5160, 5162, 5173, 5171,
  4868, 4784, 4778, 4862, 5162, 5163, 5174, 5173,
  4784, 4700, 4694, 4778, 5163, 5164, 5175, 5174,
  4700, 4616, 4610, 4694, 5164, 5165, 5176, 5175,
  4616, 4532, 4526, 4610, 5165, 5166, 5177, 5176,
  4532, 4448, 4442, 4526, 5166, 5167, 5178, 5177,
  4448, 4364, 4358, 4442, 5167, 5168, 5179, 5178,
  4364, 4234, 4222, 4358, 5168, 5169, 5180, 5179,
  4234, 4232, 4220, 4222, 5169, 5170, 5181, 5180,
  5030, 4946, 4940, 5024, 5172, 5171, 5182, 5183,
  4946, 4862, 4856, 4940, 5171, 5173, 5184, 5182,
  4862, 4778, 4772, 4856, 5173, 5174, 5185, 5184,
  4778, 4694, 4688, 4772, 5174, 5175, 5186, 5185,
  4694, 4610, 4604, 4688, 5175, 5176, 5187, 5186,
  4610, 4526, 4520, 4604, 5176, 5177, 5188, 5187,
  4526, 4442, 4436, 4520, 5177, 5178, 5189, 5188,
  4442, 4358, 4352, 4436, 5178, 5179, 5190, 5189,
  4358, 4222, 4210, 4352, 5179, 5180, 5191, 5190,
  4222, 4220, 4208, 4210, 5180, 5181, 5192, 5191,
  5024, 4940, 4934, 5018, 5183, 5182, 5193, 5194,
  4940, 4856, 4850, 4934, 5182, 5184, 5195, 5193,
  4856, 4772, 4766, 4850, 5184, 5185, 5196, 5195,
  4772, 4688, 4682, 4766, 5185, 5186, 5197, 5196,
  4688, 4604, 4598, 4682, 5186, 5187, 5198, 5197,
  4604, 4520, 4514, 4598, 5187, 5188, 5199, 5198,
  4520, 4436, 4430, 4514, 5188, 5189, 5200, 5199,
  4436, 4352, 4346, 4430, 5189, 5190, 5201, 5200,
  4352, 4210, 4198, 4346, 5190, 5191, 5202, 5201,
  4210, 4208, 4196, 4198, 5191, 5192, 5203, 5202,
  5018, 4934, 4928, 5012, 5194, 5193, 5204, 5205,
  4934, 4850, 4844, 4928, 5193, 5195, 5206, 5204,
  4850, 4766, 4760, 4844, 5195, 5196, 5207, 5206,
  4766, 4682, 4676, 4760, 5196, 5197, 5208, 5207,
  4682, 4598, 4592, 4676, 5197, 5198, 5209, 5208,
  4598, 4514, 4508, 4592, 5198, 5199, 5210, 5209,
  4514, 4430, 4424, 4508, 5199, 5200, 5211, 5210,
  4430, 4346, 4340, 4424, 5200, 5201, 5212, 5211,
  4346, 4198, 4186, 4340, 5201, 5202, 5213, 5212,
  4198, 4196, 4184, 4186, 5202, 5203, 5214, 5213,
  5012, 4928, 4918, 5002, 5205, 5204, 5215, 5216,
  4928, 4844, 4834, 4918, 5204, 5206, 5217, 5215,
  4844, 4760, 4750, 4834, 5206, 5207, 5218, 5217,
  4760, 4676, 4666, 4750, 5207, 5208, 5219, 5218,
  4676, 4592, 4582, 4666, 5208, 5209, 5220, 5219,
  4592, 4508, 4498, 4582, 5209, 5210, 5221, 5220,
  4508, 4424, 4414, 4498, 5210, 5211, 5222, 5221,
  4424, 4340, 4330, 4414, 5211, 5212, 5223, 5222,
  4340, 4186, 4166, 4330, 5212, 5213, 5224, 5223,
  4186, 4184, 4162, 4166, 5213, 5214, 5225, 5224,
  5002, 4918, 4915, 4999, 5216, 5215, 5226, 5227,
  4918, 4834, 4831, 4915, 5215, 5217, 5228, 5226,
  4834, 4750, 4747, 4831, 5217, 5218, 5229, 5228,
  4750, 4666, 4663, 4747, 5218, 5219, 5230, 5229,
  4666, 4582, 4579, 4663, 5219, 5220, 5231, 5230,
  4582, 4498, 4495, 4579, 5220, 5221, 5232, 5231,
  4498, 4414, 4411, 4495, 5221, 5222, 5233, 5232,
  4414, 4330, 4327, 4411, 5222, 5223, 5234, 5233,
  4330, 4166, 4163, 4327, 5223, 5224, 5235, 5234,
  4166, 4162, 4159, 4163, 5224, 5225, 5236, 5235,
  5083, 5084, 5085, 5086, 5237, 5238, 5239, 5240,
  5084, 5087, 5088, 5085, 5238, 5241, 5242, 5239,
  5087, 5089, 5090, 5088, 5241, 5243, 5244, 5242,
  5089, 5091, 5092, 5090, 5243, 5245, 5246, 5244,
  5091, 5093, 5094, 5092, 5245, 5247, 5248, 5246,
  5093, 5095, 5096, 5094, 5247, 5249, 5250, 5248,
  5095, 5097, 5098, 5096, 5249, 5251, 5252, 5250,
  5097, 5099, 5100, 5098, 5251, 5253, 5254, 5252,
  5099, 5101, 5102, 5100, 5253, 5255, 5256, 5254,
  5101, 5103, 5104, 5102, 5255, 5257, 5258, 5256,
  5086, 5085, 5105, 5106, 5240, 5239, 5259, 5260,
  5085, 5088, 5107, 5105, 5239, 5242, 5261, 5259,
  5088, 5090, 5108, 5107, 5242, 5244, 5262, 5261,
  5090, 5092, 5109, 5108, 5244, 5246, 5263, 5262,
  5092, 5094, 5110, 5109, 5246, 5248, 5264, 5263,
  5094, 5096, 5111, 5110, 5248, 5250, 5265, 5264,
  5096, 5098, 5112, 5111, 5250, 5252, 5266, 5265,
  5098, 5100, 5113, 5112, 5252, 5254, 5267, 5266,
  5100, 5102, 5114, 5113, 5254, 5256, 5268, 5267,
  5102, 5104, 5115, 5114, 5256, 5258, 5269, 5268,
  5106, 5105, 5116, 5117, 5260, 5259, 5270, 5271,
  5105, 5107, 5118, 5116, 5259, 5261, 5272, 5270,
  5107, 5108, 5119, 5118, 5261, 5262, 5273, 5272,
  5108, 5109, 5120, 5119, 5262, 5263, 5274, 5273,
  5109, 5110, 5121, 5120, 5263, 5264, 5275, 5274,
  5110, 5111, 5122, 5121, 5264, 5265, 5276, 5275,
  5111, 5112, 5123, 5122, 5265, 5266, 5277, 5276,
  5112, 5113, 5124, 5123, 5266, 5267, 5278, 5277,
  5113, 5114, 5125, 5124, 5267, 5268, 5279, 5278,
  5114, 5115, 5126, 5125, 5268, 5269, 5280, 5279,
  5117, 5116, 5127, 5128, 5271, 5270, 5281, 5282,
  5116, 5118, 5129, 5127, 5270, 5272, 5283, 5281,
  5118, 5119, 5130, 5129, 5272, 5273, 5284, 5283,
  5119, 5120, 5131, 5130, 5273, 5274, 5285, 5284,
  5120, 5121, 5132, 5131, 5274, 5275, 5286, 5285,
  5121, 5122, 5133, 5132, 5275, 5276, 5287, 5286,
  5122, 5123, 5134, 5133, 5276, 5277, 5288, 5287,
  5123, 5124, 5135, 5134, 5277, 5278, 5289, 5288,
  5124, 5125, 5136, 5135, 5278, 5279, 5290, 5289,
  5125, 5126, 5137, 5136, 5279, 5280, 5291, 5290,
  5128, 5127, 5138, 5139, 5282, 5281, 5292, 5293,
  5127, 5129, 5140, 5138, 5281, 5283, 5294, 5292,
  5129, 5130, 5141, 5140, 5283, 5284, 5295, 5294,
  5130, 5131, 5142, 5141, 5284, 5285, 5296, 5295,
  5131, 5132, 5143, 5142, 5285, 5286, 5297, 5296,
  5132, 5133, 5144, 5143, 5286, 5287, 5298, 5297,
  5133, 5134, 5145, 5144, 5287, 5288, 5299, 5298,
  5134, 5135, 5146, 5145, 5288, 5289, 5300, 5299,
  5135, 5136, 5147, 5146, 5289, 5290, 5301, 5300,
  5136, 5137, 5148, 5147, 5290, 5291, 5302, 5301,
  5139, 5138, 5149, 5150, 5293, 5292, 5303, 5304,
  5138, 5140, 5151, 5149, 5292, 5294, 5305, 5303,
  5140, 5141, 5152, 5151, 5294, 5295, 5306, 5305,
  5141, 5142, 5153, 5152, 5295, 5296, 5307, 5306,
  5142, 5143, 5154, 5153, 5296, 5297, 5308, 5307,
  5143, 5144, 5155, 5154, 5297, 5298, 5309, 5308,
  5144, 5145, 5156, 5155, 5298, 5299, 5310, 5309,
  5145, 5146, 5157, 5156, 5299, 5300, 5311, 5310,
  5146, 5147, 5158, 5157, 5300, 5301, 5312, 5311,
  5147, 5148, 5159, 5158, 5301, 5302, 5313, 5312,
  5150, 5149, 5160, 5161, 5304, 5303, 5314, 5315,
  5149, 5151, 5162, 5160, 5303, 5305, 5316, 5314,
  5151, 5152, 5163, 5162, 5305, 5306, 5317, 5316,
  5152, 5153, 5164, 5163, 5306, 5307, 5318, 5317,
  5153, 5154, 5165, 5164, 5307, 5308, 5319, 5318,
  5154, 5155, 5166, 5165, 5308, 5309, 5320, 5319,
  5155, 5156, 5167, 5166, 5309, 5310, 5321, 5320,
  5156, 5157, 5168, 5167, 5310, 5311, 5322, 5321,
  5157, 5158, 5169, 5168, 5311, 5312, 5323, 5322,
  5158, 5159, 5170, 5169, 5312, 5313, 5324, 5323,
  5161, 5160, 5171, 5172, 5315, 5314, 5325, 5326,
  5160, 5162, 5173, 5171, 5314, 5316, 5327, 5325,
  5162, 5163, 5174, 5173, 5316, 5317, 5328, 5327,
  5163, 5164, 5175, 5174, 5317, 5318, 5329, 5328,
  5164, 5165, 5176, 5175, 5318, 5319, 5330, 5329,
  5165, 5166, 5177, 5176, 5319, 5320, 5331, 5330,
  5166, 5167, 5178, 5177, 5320, 5321, 5332, 5331,
  5167, 5168, 5179, 5178, 5321, 5322, 5333, 5332,
  5168, 5169, 5180, 5179, 5322, 5323, 5334, 5333,
  5169, 5170, 5181, 5180, 5323, 5324, 5335, 5334,
  5172, 5171, 5182, 5183, 5326, 5325, 5336, 5337,
  5171, 5173, 5184, 5182, 5325, 5327, 5338, 5336,
  5173, 5174, 5185, 5184, 5327, 5328, 5339, 5338,
  5174, 5175, 5186, 5185, 5328, 5329, 5340, 5339,
  5175, 5176, 5187, 5186, 5329, 5330, 5341, 5340,
  5176, 5177, 5188, 5187, 5330, 5331, 5342, 5341,
  5177, 5178, 5189, 5188, 5331, 5332, 5343, 5342,
  5178, 5179, 5190, 5189, 5332, 5333, 5344, 5343,
  5179, 5180, 5191, 5190, 5333, 5334, 5345, 5344,
  5180, 5181, 5192, 5191, 5334, 5335, 5346, 5345,
  5183, 5182, 5193, 5194, 5337, 5336, 5347, 5348,
  5182, 5184, 5195, 5193, 5336, 5338, 5349, 5347,
  5184, 5185, 5196, 5195, 5338, 5339, 5350, 5349,
  5185, 5186, 5197, 5196, 5339, 5340, 5351, 5350,
  5186, 5187, 5198, 5197, 5340, 5341, 5352, 5351,
  5187, 5188, 5199, 5198, 5341, 5342, 5353, 5352,
  5188, 5189, 5200, 5199, 5342, 5343, 5354, 5353,
  5189, 5190, 5201, 5200, 5343, 5344, 5355, 5354,
  5190, 5191, 5202, 5201, 5344, 5345, 5356, 5355,
  5191, 5192, 5203, 5202, 5345, 5346, 5357, 5356,
  5194, 5193, 5204, 5205, 5348, 5347, 5358, 5359,
  5193, 5195, 5206, 5204, 5347, 5349, 5360, 5358,
  5195, 5196, 5207, 5206, 5349, 5350, 5361, 5360,
  5196, 5197, 5208, 5207, 5350, 5351, 5362, 5361,
  5197, 5198, 5209, 5208, 5351, 5352, 5363, 5362,
  5198, 5199, 5210, 5209, 5352, 5353, 5364, 5363,
  5199, 5200, 5211, 5210, 5353, 5354, 5365, 5364,
  5200, 5201, 5212, 5211, 5354, 5355, 5366, 5365,
  5201, 5202, 5213, 5212, 5355, 5356, 5367, 5366,
  5202, 5203, 5214, 5213, 5356, 5357, 5368, 5367,
  5205, 5204, 5215, 5216, 5359, 5358, 5369, 5370,
  5204, 5206, 5217, 5215, 5358, 5360, 5371, 5369,
  5206, 5207, 5218, 5217, 5360, 5361, 5372, 5371,
  5207, 5208, 5219, 5218, 5361, 5362, 5373, 5372,
  5208, 5209, 5220, 5219, 5362, 5363, 5374, 5373,
  5209, 5210, 5221, 5220, 5363, 5364, 5375, 5374,
  5210, 5211, 5222, 5221, 5364, 5365, 5376, 5375,
  5211, 5212, 5223, 5222, 5365, 5366, 5377, 5376,
  5212, 5213, 5224, 5223, 5366, 5367, 5378, 5377,
  5213, 5214, 5225, 5224, 5367, 5368, 5379, 5378,
  5216, 5215, 5226, 5227, 5370, 5369, 5380, 5381,
  5215, 5217, 5228, 5226, 5369, 5371, 5382, 5380,
  5217, 5218, 5229, 5228, 5371, 5372, 5383, 5382,
  5218, 5219, 5230, 5229, 5372, 5373, 5384, 5383,
  5219, 5220, 5231, 5230, 5373, 5374, 5385, 5384,
  5220, 5221, 5232, 5231, 5374, 5375, 5386, 5385,
  5221, 5222, 5233, 5232, 5375, 5376, 5387, 5386,
  5222, 5223, 5234, 5233, 5376, 5377, 5388, 5387,
  5223, 5224, 5235, 5234, 5377, 5378, 5389, 5388,
  5224, 5225, 5236, 5235, 5378, 5379, 5390, 5389,
  5237, 5238, 5239, 5240, 5391, 5392, 5393, 5394,
  5238, 5241, 5242, 5239, 5392, 5395, 5396, 5393,
  5241, 5243, 5244, 5242, 5395, 5397, 5398, 5396,
  5243, 5245, 5246, 5244, 5397, 5399, 5400, 5398,
  5245, 5247, 5248, 5246, 5399, 5401, 5402, 5400,
  5247, 5249, 5250, 5248, 5401, 5403, 5404, 5402,
  5249, 5251, 5252, 5250, 5403, 5405, 5406, 5404,
  5251, 5253, 5254, 5252, 5405, 5407, 5408, 5406,
  5253, 5255, 5256, 5254, 5407, 5409, 5410, 5408,
  5255, 5257, 5258, 5256, 5409, 5411, 5412, 5410,
  5240, 5239, 5259, 5260, 5394, 5393, 5413, 5414,
  5239, 5242, 5261, 5259, 5393, 5396, 5415, 5413,
  5242, 5244, 5262, 5261, 5396, 5398, 5416, 5415,
  5244, 5246, 5263, 5262, 5398, 5400, 5417, 5416,
  5246, 5248, 5264, 5263, 5400, 5402, 5418, 5417,
  5248, 5250, 5265, 5264, 5402, 5404, 5419, 5418,
  5250, 5252, 5266, 5265, 5404, 5406, 5420, 5419,
  5252, 5254, 5267, 5266, 5406, 5408, 5421, 5420,
  5254, 5256, 5268, 5267, 5408, 5410, 5422, 5421,
  5256, 5258, 5269, 5268, 5410, 5412, 5423, 5422,
  5260, 5259, 5270, 5271, 5414, 5413, 5424, 5425,
  5259, 5261, 5272, 5270, 5413, 5415, 5426, 5424,
  5261, 5262, 5273, 5272, 5415, 5416, 5427, 5426,
  5262, 5263, 5274, 5273, 5416, 5417, 5428, 5427,
  5263, 5264, 5275, 5274, 5417, 5418, 5429, 5428,
  5264, 5265, 5276, 5275, 5418, 5419, 5430, 5429,
  5265, 5266, 5277, 5276, 5419, 5420, 5431, 5430,
  5266, 5267, 5278, 5277, 5420, 5421, 5432, 5431,
  5267, 5268, 5279, 5278, 5421, 5422, 5433, 5432,
  5268, 5269, 5280, 5279, 5422, 5423, 5434, 5433,
  5271, 5270, 5281, 5282, 5425, 5424, 5435, 5436,
  5270, 5272, 5283, 5281, 5424, 5426, 5437, 5435,
  5272, 5273, 5284, 5283, 5426, 5427, 5438, 5437,
  5273, 5274, 5285, 5284, 5427, 5428, 5439, 5438,
  5274, 5275, 5286, 5285, 5428, 5429, 5440, 5439,
  5275, 5276, 5287, 5286, 5429, 5430, 5441, 5440,
  5276, 5277, 5288, 5287, 5430, 5431, 5442, 5441,
  5277, 5278, 5289, 5288, 5431, 5432, 5443, 5442,
  5278, 5279, 5290, 5289, 5432, 5433, 5444, 5443,
  5279, 5280, 5291, 5290, 5433, 5434, 5445, 5444,
  5282, 5281, 5292, 5293, 5436, 5435, 5446, 5447,
  5281, 5283, 5294, 5292, 5435, 5437, 5448, 5446,
  5283, 5284, 5295, 5294, 5437, 5438, 5449, 5448,
  5284, 5285, 5296, 5295, 5438, 5439, 5450, 5449,
  5285, 5286, 5297, 5296, 5439, 5440, 5451, 5450,
  5286, 5287, 5298, 5297, 5440, 5441, 5452, 5451,
  5287, 5288, 5299, 5298, 5441, 5442, 5453, 5452,
  5288, 5289, 5300, 5299, 5442, 5443, 5454, 5453,
  5289, 5290, 5301, 5300, 5443, 5444, 5455, 5454,
  5290, 5291, 5302, 5301, 5444, 5445, 5456, 5455,
  5293, 5292, 5303, 5304, 5447, 5446, 5457, 5458,
  5292, 5294, 5305, 5303, 5446, 5448, 5459, 5457,
  5294, 5295, 5306, 5305, 5448, 5449, 5460, 5459,
  5295, 5296, 5307, 5306, 5449, 5450, 5461, 5460,
  5296, 5297, 5308, 5307, 5450, 5451, 5462, 5461,
  5297, 5298, 5309, 5308, 5451, 5452, 5463, 5462,
  5298, 5299, 5310, 5309, 5452, 5453, 5464, 5463,
  5299, 5300, 5311, 5310, 5453, 5454, 5465, 5464,
  5300, 5301, 5312, 5311, 5454, 5455, 5466, 5465,
  5301, 5302, 5313, 5312, 5455, 5456, 5467, 5466,
  5304, 5303, 5314, 5315, 5458, 5457, 5468, 5469,
  5303, 5305, 5316, 5314, 5457, 5459, 5470, 5468,
  5305, 5306, 5317, 5316, 5459, 5460, 5471, 5470,
  5306, 5307, 5318, 5317, 5460, 5461, 5472, 5471,
  5307, 5308, 5319, 5318, 5461, 5462, 5473, 5472,
  5308, 5309, 5320, 5319, 5462, 5463, 5474, 5473,
  5309, 5310, 5321, 5320, 5463, 5464, 5475, 5474,
  5310, 5311, 5322, 5321, 5464, 5465, 5476, 5475,
  5311, 5312, 5323, 5322, 5465, 5466, 5477, 5476,
  5312, 5313, 5324, 5323, 5466, 5467, 5478, 5477,
  5315, 5314, 5325, 5326, 5469, 5468, 5479, 5480,
  5314, 5316, 5327, 5325, 5468, 5470, 5481, 5479,
  5316, 5317, 5328, 5327, 5470, 5471, 5482, 5481,
  5317, 5318, 5329, 5328, 5471, 5472, 5483, 5482,
  5318, 5319, 5330, 5329, 5472, 5473, 5484, 5483,
  5319, 5320, 5331, 5330, 5473, 5474, 5485, 5484,
  5320, 5321, 5332, 5331, 5474, 5475, 5486, 5485,
  5321, 5322, 5333, 5332, 5475, 5476, 5487, 5486,
  5322, 5323, 5334, 5333, 5476, 5477, 5488, 5487,
  5323, 5324, 5335, 5334, 5477, 5478, 5489, 5488,
  5326, 5325, 5336, 5337, 5480, 5479, 5490, 5491,
  5325, 5327, 5338, 5336, 5479, 5481, 5492, 5490,
  5327, 5328, 5339, 5338, 5481, 5482, 5493, 5492,
  5328, 5329, 5340, 5339, 5482, 5483, 5494, 5493,
  5329, 5330, 5341, 5340, 5483, 5484, 5495, 5494,
  5330, 5331, 5342, 5341, 5484, 5485, 5496, 5495,
  5331, 5332, 5343, 5342, 5485, 5486, 5497, 5496,
  5332, 5333, 5344, 5343, 5486, 5487, 5498, 5497,
  5333, 5334, 5345, 5344, 5487, 5488, 5499, 5498,
  5334, 5335, 5346, 5345, 5488, 5489, 5500, 5499,
  5337, 5336, 5347, 5348, 5491, 5490, 5501, 5502,
  5336, 5338, 5349, 5347, 5490, 5492, 5503, 5501,
  5338, 5339, 5350, 5349, 5492, 5493, 5504, 5503,
  5339, 5340, 5351, 5350, 5493, 5494, 5505, 5504,
  5340, 5341, 5352, 5351, 5494, 5495, 5506, 5505,
  5341, 5342, 5353, 5352, 5495, 5496, 5507, 5506,
  5342, 5343, 5354, 5353, 5496, 5497, 5508, 5507,
  5343, 5344, 5355, 5354, 5497, 5498, 5509, 5508,
  5344, 5345, 5356, 5355, 5498, 5499, 5510, 5509,
  5345, 5346, 5357, 5356, 5499, 5500, 5511, 5510,
  5348, 5347, 5358, 5359, 5502, 5501, 5512, 5513,
  5347, 5349, 5360, 5358, 5501, 5503, 5514, 5512,
  5349, 5350, 5361, 5360, 5503, 5504, 5515, 5514,
  5350, 5351, 5362, 5361, 5504, 5505, 5516, 5515,
  5351, 5352, 5363, 5362, 5505, 5506, 5517, 5516,
  5352, 5353, 5364, 5363, 5506, 5507, 5518, 5517,
  5353, 5354, 5365, 5364, 5507, 5508, 5519, 5518,
  5354, 5355, 5366, 5365, 5508, 5509, 5520, 5519,
  5355, 5356, 5367, 5366, 5509, 5510, 5521, 5520,
  5356, 5357, 5368, 5367, 5510, 5511, 5522, 5521,
  5359, 5358, 5369, 5370, 5513, 5512, 5523, 5524,
  5358, 5360, 5371, 5369, 5512, 5514, 5525, 5523,
  5360, 5361, 5372, 5371, 5514, 5515, 5526, 5525,
  5361, 5362, 5373, 5372, 5515, 5516, 5527, 5526,
  5362, 5363, 5374, 5373, 5516, 5517, 5528, 5527,
  5363, 5364, 5375, 5374, 5517, 5518, 5529, 5528,
  5364, 5365, 5376, 5375, 5518, 5519, 5530, 5529,
  5365, 5366, 5377, 5376, 5519, 5520, 5531, 5530,
  5366, 5367, 5378, 5377, 5520, 5521, 5532, 5531,
  5367, 5368, 5379, 5378, 5521, 5522, 5533, 5532,
  5370, 5369, 5380, 5381, 5524, 5523, 5534, 5535,
  5369, 5371, 5382, 5380, 5523, 5525, 5536, 5534,
  5371, 5372, 5383, 5382, 5525, 5526, 5537, 5536,
  5372, 5373, 5384, 5383, 5526, 5527, 5538, 5537,
  5373, 5374, 5385, 5384, 5527, 5528, 5539, 5538,
  5374, 5375, 5386, 5385, 5528, 5529, 5540, 5539,
  5375, 5376, 5387, 5386, 5529, 5530, 5541, 5540,
  5376, 5377, 5388, 5387, 5530, 5531, 5542, 5541,
  5377, 5378, 5389, 5388, 5531, 5532, 5543, 5542,
  5378, 5379, 5390, 5389, 5532, 5533, 5544, 5543,
  5545, 5546, 5547, 5548, 5549, 5550, 5551, 5552,
  5546, 5553, 5554, 5547, 5550, 5555, 5556, 5551,
  5553, 5557, 5558, 5554, 5555, 5559, 5560, 5556,
  5557, 5561, 5562, 5558, 5559, 5563, 5564, 5560,
  5561, 5565, 5566, 5562, 5563, 5567, 5568, 5564,
  5565, 5569, 5570, 5566, 5567, 5571, 5572, 5568,
  5569, 5573, 5574, 5570, 5571, 5575, 5576, 5572,
  5573, 5577, 5578, 5574, 5575, 5579, 5580, 5576,
  5577, 5581, 5582, 5578, 5579, 5583, 5584, 5580,
  5581, 5585, 5586, 5582, 5583, 5587, 5588, 5584,
  5548, 5547, 5589, 5590, 5552, 5551, 5591, 5592,
  5547, 5554, 5593, 5589, 5551, 5556, 5594, 5591,
  5554, 5558, 5595, 5593, 5556, 5560, 5596, 5594,
  5558, 5562, 5597, 5595, 5560, 5564, 5598, 5596,
  5562, 5566, 5599, 5597, 5564, 5568, 5600, 5598,
  5566, 5570, 5601, 5599, 5568, 5572, 5602, 5600,
  5570, 5574, 5603, 5601, 5572, 5576, 5604, 5602,
  5574, 5578, 5605, 5603, 5576, 5580, 5606, 5604,
  5578, 5582, 5607, 5605, 5580, 5584, 5608, 5606,
  5582, 5586, 5609, 5607, 5584, 5588, 5610, 5608,
  5590, 5589, 5611, 5612, 5592, 5591, 5613, 5614,
  5589, 5593, 5615, 5611, 5591, 5594, 5616, 5613,
  5593, 5595, 5617, 5615, 5594, 5596, 5618, 5616,
  5595, 5597, 5619, 5617, 5596, 5598, 5620, 5618,
  5597, 5599, 5621, 5619, 5598, 5600, 5622, 5620,
  5599, 5601, 5623, 5621, 5600, 5602, 5624, 5622,
  5601, 5603, 5625, 5623, 5602, 5604, 5626, 5624,
  5603, 5605, 5627, 5625, 5604, 5606, 5628, 5626,
  5605, 5607, 5629, 5627, 5606, 5608, 5630, 5628,
  5607, 5609, 5631, 5629, 5608, 5610, 5632, 5630,
  5612, 5611, 5633, 5634, 5614, 5613, 5635, 5636,
  5611, 5615, 5637, 5633, 5613, 5616, 5638, 5635,
  5615, 5617, 5639, 5637, 5616, 5618, 5640, 5638,
  5617, 5619, 5641, 5639, 5618, 5620, 5642, 5640,
  5619, 5621, 5643, 5641, 5620, 5622, 5644, 5642,
  5621, 5623, 5645, 5643, 5622, 5624, 5646, 5644,
  5623, 5625, 5647, 5645, 5624, 5626, 5648, 5646,
  5625, 5627, 5649, 5647, 5626, 5628, 5650, 5648,
  5627, 5629, 5651, 5649, 5628, 5630, 5652, 5650,
  5629, 5631, 5653, 5651, 5630, 5632, 5654, 5652,
  5634, 5633, 5655, 5656, 5636, 5635, 5657, 5658,
  5633, 5637, 5659, 5655, 5635, 5638, 5660, 5657,
  5637, 5639, 5661, 5659, 5638, 5640, 5662, 5660,
  5639, 5641, 5663, 5661, 5640, 5642, 5664, 5662,
  5641, 5643, 5665, 5663, 5642, 5644, 5666, 5664,
  5643, 5645, 5667, 5665, 5644, 5646, 5668, 5666,
  5645, 5647, 5669, 5667, 5646, 5648, 5670, 5668,
  5647, 5649, 5671, 5669, 5648, 5650, 5672, 5670,
  5649, 5651, 5673, 5671, 5650, 5652, 5674, 5672,
  5651, 5653, 5675, 5673, 5652, 5654, 5676, 5674,
  5656, 5655, 5677, 5678, 5658, 5657, 5679, 5680,
  5655, 5659, 5681, 5677, 5657, 5660, 5682, 5679,
  5659, 5661, 5683, 5681, 5660, 5662, 5684, 5682,
  5661, 5663, 5685, 5683, 5662, 5664, 5686, 5684,
  5663, 5665, 5687, 5685, 5664, 5666, 5688, 5686,
  5665, 5667, 5689, 5687, 5666, 5668, 5690, 5688,
  5667, 5669, 5691, 5689, 5668, 5670, 5692, 5690,
  5669, 5671, 5693, 5691, 5670, 5672, 5694, 5692,
  5671, 5673, 5695, 5693, 5672, 5674, 5696, 5694,
  5673, 5675, 5697, 5695, 5674, 5676, 5698, 5696,
  5678, 5677, 5699, 5700, 5680, 5679, 5701, 5702,
  5677, 5681, 5703, 5699, 5679, 5682, 5704, 5701,
  5681, 5683, 5705, 5703, 5682, 5684, 5706, 5704,
  5683, 5685, 5707, 5705, 5684, 5686, 5708, 5706,
  5685, 5687, 5709, 5707, 5686, 5688, 5710, 5708,
  5687, 5689, 5711, 5709, 5688, 5690, 5712, 5710,
  5689, 5691, 5713, 5711, 5690, 5692, 5714, 5712,
  5691, 5693, 5715, 5713, 5692, 5694, 5716, 5714,
  5693, 5695, 5717, 5715, 5694, 5696, 5718, 5716,
  5695, 5697, 5719, 5717, 5696, 5698, 5720, 5718,
  5700, 5699, 5721, 5722, 5702, 5701, 5723, 5724,
  5699, 5703, 5725, 5721, 5701, 5704, 5726, 5723,
  5703, 5705, 5727, 5725, 5704, 5706, 5728, 5726,
  5705, 5707, 5729, 5727, 5706, 5708, 5730, 5728,
  5707, 5709, 5731, 5729, 5708, 5710, 5732, 5730,
  5709, 5711, 5733, 5731, 5710, 5712, 5734, 5732,
  5711, 5713, 5735, 5733, 5712, 5714, 5736, 5734,
  5713, 5715, 5737, 5735, 5714, 5716, 5738, 5736,
  5715, 5717, 5739, 5737, 5716, 5718, 5740, 5738,
  5717, 5719, 5741, 5739, 5718, 5720, 5742, 5740,
  5722, 5721, 5743, 5744, 5724, 5723, 5745, 5746,
  5721, 5725, 5747, 5743, 5723, 5726, 5748, 5745,
  5725, 5727, 5749, 5747, 5726, 5728, 5750, 5748,
  5727, 5729, 5751, 5749, 5728, 5730, 5752, 5750,
  5729, 5731, 5753, 5751, 5730, 5732, 5754, 5752,
  5731, 5733, 5755, 5753, 5732, 5734, 5756, 5754,
  5733, 5735, 5757, 5755, 5734, 5736, 5758, 5756,
  5735, 5737, 5759, 5757, 5736, 5738, 5760, 5758,
  5737, 5739, 5761, 5759, 5738, 5740, 5762, 5760,
  5739, 5741, 5763, 5761, 5740, 5742, 5764, 5762,
  5744, 5743, 5765, 5766, 5746, 5745, 5767, 5768,
  5743, 5747, 5769, 5765, 5745, 5748, 5770, 5767,
  5747, 5749, 5771, 5769, 5748, 5750, 5772, 5770,
  5749, 5751, 5773, 5771, 5750, 5752, 5774, 5772,
  5751, 5753, 5775, 5773, 5752, 5754, 5776, 5774,
  5753, 5755, 5777, 5775, 5754, 5756, 5778, 5776,
  5755, 5757, 5779, 5777, 5756, 5758, 5780, 5778,
  5757, 5759, 5781, 5779, 5758, 5760, 5782, 5780,
  5759, 5761, 5783, 5781, 5760, 5762, 5784, 5782,
  5761, 5763, 5785, 5783, 5762, 5764, 5786, 5784,
  5766, 5765, 5787, 5788, 5768, 5767, 5789, 5790,
  5765, 5769, 5791, 5787, 5767, 5770, 5792, 5789,
  5769, 5771, 5793, 5791, 5770, 5772, 5794, 5792,
  5771, 5773, 5795, 5793, 5772, 5774, 5796, 5794,
  5773, 5775, 5797, 5795, 5774, 5776, 5798, 5796,
  5775, 5777, 5799, 5797, 5776, 5778, 5800, 5798,
  5777, 5779, 5801, 5799, 5778, 5780, 5802, 5800,
  5779, 5781, 5803, 5801, 5780, 5782, 5804, 5802,
  5781, 5783, 5805, 5803, 5782, 5784, 5806, 5804,
  5783, 5785, 5807, 5805, 5784, 5786, 5808, 5806,
  5788, 5787, 5809, 5810, 5790, 5789, 5811, 5812,
  5787, 5791, 5813, 5809, 5789, 5792, 5814, 5811,
  5791, 5793, 5815, 5813, 5792, 5794, 5816, 5814,
  5793, 5795, 5817, 5815, 5794, 5796, 5818, 5816,
  5795, 5797, 5819, 5817, 5796, 5798, 5820, 5818,
  5797, 5799, 5821, 5819, 5798, 5800, 5822, 5820,
  5799, 5801, 5823, 5821, 5800, 5802, 5824, 5822,
  5801, 5803, 5825, 5823, 5802, 5804, 5826, 5824,
  5803, 5805, 5827, 5825, 5804, 5806, 5828, 5826,
  5805, 5807, 5829, 5827, 5806, 5808, 5830, 5828,
  5810, 5809, 4994, 5078, 5812, 5811, 5084, 5083,
  5809, 5813, 4910, 4994, 5811, 5814, 5087, 5084,
  5813, 5815, 4826, 4910, 5814, 5816, 5089, 5087,
  5815, 5817, 4742, 4826, 5816, 5818, 5091, 5089,
  5817, 5819, 4658, 4742, 5818, 5820, 5093, 5091,
  5819, 5821, 4574, 4658, 5820, 5822, 5095, 5093,
  5821, 5823, 4490, 4574, 5822, 5824, 5097, 5095,
  5823, 5825, 4406, 4490, 5824, 5826, 5099, 5097,
  5825, 5827, 4318, 4406, 5826, 5828, 5101, 5099,
  5827, 5829, 4316, 4318, 5828, 5830, 5103, 5101,
  5549, 5550, 5551, 5552, 5831, 5832, 5833, 5834,
  5550, 5555, 5556, 5551, 5832, 5835, 5836, 5833,
  5555, 5559, 5560, 5556, 5835, 5837, 5838, 5836,
  5559, 5563, 5564, 5560, 5837, 5839, 5840, 5838,
  5563, 5567, 5568, 5564, 5839, 5841, 5842, 5840,
  5567, 5571, 5572, 5568, 5841, 5843, 5844, 5842,
  5571, 5575, 5576, 5572, 5843, 5845, 5846, 5844,
  5575, 5579, 5580, 5576, 5845, 5847, 5848, 5846,
  5579, 5583, 5584, 5580, 5847, 5849, 5850, 5848,
  5583, 5587, 5588, 5584, 5849, 5851, 5852, 5850,
  5552, 5551, 5591, 5592, 5834, 5833, 5853, 5854,
  5551, 5556, 5594, 5591, 5833, 5836, 5855, 5853,
  5556, 5560, 5596, 5594, 5836, 5838, 5856, 5855,
  5560, 5564, 5598, 5596, 5838, 5840, 5857, 5856,
  5564, 5568, 5600, 5598, 5840, 5842, 5858, 5857,
  5568, 5572, 5602, 5600, 5842, 5844, 5859, 5858,
  5572, 5576, 5604, 5602, 5844, 5846, 5860, 5859,
  5576, 5580, 5606, 5604, 5846, 5848, 5861, 5860,
  5580, 5584, 5608, 5606, 5848, 5850, 5862, 5861,
  5584, 5588, 5610, 5608, 5850, 5852, 5863, 5862,
  5592, 5591, 5613, 5614, 5854, 5853, 5864, 5865,
  5591, 5594, 5616, 5613, 5853, 5855, 5866, 5864,
  5594, 5596, 5618, 5616, 5855, 5856, 5867, 5866,
  5596, 5598, 5620, 5618, 5856, 5857, 5868, 5867,
  5598, 5600, 5622, 5620, 5857, 5858, 5869, 5868,
  5600, 5602, 5624, 5622, 5858, 5859, 5870, 5869,
  5602, 5604, 5626, 5624, 5859, 5860, 5871, 5870,
  5604, 5606, 5628, 5626, 5860, 5861, 5872, 5871,
  5606, 5608, 5630, 5628, 5861, 5862, 5873, 5872,
  5608, 5610, 5632, 5630, 5862, 5863, 5874, 5873,
  5614, 5613, 5635, 5636, 5865, 5864, 5875, 5876,
  5613, 5616, 5638, 5635, 5864, 5866, 5877, 5875,
  5616, 5618, 5640, 5638, 5866, 5867, 5878, 5877,
  5618, 5620, 5642, 5640, 5867, 5868, 5879, 5878,
  5620, 5622, 5644, 5642, 5868, 5869, 5880, 5879,
  5622, 5624, 5646, 5644, 5869, 5870, 5881, 5880,
  5624, 5626, 5648, 5646, 5870, 5871, 5882, 5881,
  5626, 5628, 5650, 5648, 5871, 5872, 5883, 5882,
  5628, 5630, 5652, 5650, 5872, 5873, 5884, 5883,
  5630, 5632, 5654, 5652, 5873, 5874, 5885, 5884,
  5636, 5635, 5657, 5658, 5876, 5875, 5886, 5887,
  5635, 5638, 5660, 5657, 5875, 5877, 5888, 5886,
  5638, 5640, 5662, 5660, 5877, 5878, 5889, 5888,
  5640, 5642, 5664, 5662, 5878, 5879, 5890, 5889,
  5642, 5644, 5666, 5664, 5879, 5880, 5891, 5890,
  5644, 5646, 5668, 5666, 5880, 5881, 5892, 5891,
  5646, 5648, 5670, 5668, 5881, 5882, 5893, 5892,
  5648, 5650, 5672, 5670, 5882, 5883, 5894, 5893,
  5650, 5652, 5674, 5672, 5883, 5884, 5895, 5894,
  5652, 5654, 5676, 5674, 5884, 5885, 5896, 5895,
  5658, 5657, 5679, 5680, 5887, 5886, 5897, 5898,
  5657, 5660, 5682, 5679, 5886, 5888, 5899, 5897,
  5660, 5662, 5684, 5682, 5888, 5889, 5900, 5899,
  5662, 5664, 5686, 5684, 5889, 5890, 5901, 5900,
  5664, 5666, 5688, 5686, 5890, 5891, 5902, 5901,
  5666, 5668, 5690, 5688, 5891, 5892, 5903, 5902,
  5668, 5670, 5692, 5690, 5892, 5893, 5904, 5903,
  5670, 5672, 5694, 5692, 5893, 5894, 5905, 5904,
  5672, 5674, 5696, 5694, 5894, 5895, 5906, 5905,
  5674, 5676, 5698, 5696, 5895, 5896, 5907, 5906,
  5680, 5679, 5701, 5702, 5898, 5897, 5908, 5909,
  5679, 5682, 5704, 5701, 5897, 5899, 5910, 5908,
  5682, 5684, 5706, 5704, 5899, 5900, 5911, 5910,
  5684, 5686, 5708, 5706, 5900, 5901, 5912, 5911,
  5686, 5688, 5710, 5708, 5901, 5902, 5913, 5912,
  5688, 5690, 5712, 5710, 5902, 5903, 5914, 5913,
  5690, 5692, 5714, 5712, 5903, 5904, 5915, 5914,
  5692, 5694, 5716, 5714, 5904, 5905, 5916, 5915,
  5694, 5696, 5718, 5716, 5905, 5906, 5917, 5916,
  5696, 5698, 5720, 5718, 5906, 5907, 5918, 5917,
  5702, 5701, 5723, 5724, 5909, 5908, 5919, 5920,
  5701, 5704, 5726, 5723, 5908, 5910, 5921, 5919,
  5704, 5706, 5728, 5726, 5910, 5911, 5922, 5921,
  5706, 5708, 5730, 5728, 5911, 5912, 5923, 5922,
  5708, 5710, 5732, 5730, 5912, 5913, 5924, 5923,
  5710, 5712, 5734, 5732, 5913, 5914, 5925, 5924,
  5712, 5714, 5736, 5734, 5914, 5915, 5926, 5925,
  5714, 5716, 5738, 5736, 5915, 5916, 5927, 5926,
  5716, 5718, 5740, 5738, 5916, 5917, 5928, 5927,
  5718, 5720, 5742, 5740, 5917, 5918, 5929, 5928,
  5724, 5723, 5745, 5746, 5920, 5919, 5930, 5931,
  5723, 5726, 5748, 5745, 5919, 5921, 5932, 5930,
  5726, 5728, 5750, 5748, 5921, 5922, 5933, 5932,
  5728, 5730, 5752, 5750, 5922, 5923, 5934, 5933,
  5730, 5732, 5754, 5752, 5923, 5924, 5935, 5934,
  5732, 5734, 5756, 5754, 5924, 5925, 5936, 5935,
  5734, 5736, 5758, 5756, 5925, 5926, 5937, 5936,
  5736, 5738, 5760, 5758, 5926, 5927, 5938, 5937,
  5738, 5740, 5762, 5760, 5927, 5928, 5939, 5938,
  5740, 5742, 5764, 5762, 5928, 5929, 5940, 5939,
  5746, 5745, 5767, 5768, 5931, 5930, 5941, 5942,
  5745, 5748, 5770, 5767, 5930, 5932, 5943, 5941,
  5748, 5750, 5772, 5770, 5932, 5933, 5944, 5943,
  5750, 5752, 5774, 5772, 5933, 5934, 5945, 5944,
  5752, 5754, 5776, 5774, 5934, 5935, 5946, 5945,
  5754, 5756, 5778, 5776, 5935, 5936, 5947, 5946,
  5756, 5758, 5780, 5778, 5936, 5937, 5948, 5947,
  5758, 5760, 5782, 5780, 5937, 5938, 5949, 5948,
  5760, 5762, 5784, 5782, 5938, 5939, 5950, 5949,
  5762, 5764, 5786, 5784, 5939, 5940, 5951, 5950,
  5768, 5767, 5789, 5790, 5942, 5941, 5952, 5953,
  5767, 5770, 5792, 5789, 5941, 5943, 5954, 5952,
  5770, 5772, 5794, 5792, 5943, 5944, 5955, 5954,
  5772, 5774, 5796, 5794, 5944, 5945, 5956, 5955,
  5774, 5776, 5798, 5796, 5945, 5946, 5957, 5956,
  5776, 5778, 5800, 5798, 5946, 5947, 5958, 5957,
  5778, 5780, 5802, 5800, 5947, 5948, 5959, 5958,
  5780, 5782, 5804, 5802, 5948, 5949, 5960, 5959,
  5782, 5784, 5806, 5804, 5949, 5950, 5961, 5960,
  5784, 5786, 5808, 5806, 5950, 5951, 5962, 5961,
  5790, 5789, 5811, 5812, 5953, 5952, 5963, 5964,
  5789, 5792, 5814, 5811, 5952, 5954, 5965, 5963,
  5792, 5794, 5816, 5814, 5954, 5955, 5966, 5965,
  5794, 5796, 5818, 5816, 5955, 5956, 5967, 5966,
  5796, 5798, 5820, 5818, 5956, 5957, 5968, 5967,
  5798, 5800, 5822, 5820, 5957, 5958, 5969, 5968,
  5800, 5802, 5824, 5822, 5958, 5959, 5970, 5969,
  5802, 5804, 5826, 5824, 5959, 5960, 5971, 5970,
  5804, 5806, 5828, 5826, 5960, 5961, 5972, 5971,
  5806, 5808, 5830, 5828, 5961, 5962, 5973, 5972,
  5812, 5811, 5084, 5083, 5964, 5963, 5238, 5237,
  5811, 5814, 5087, 5084, 5963, 5965, 5241, 5238,
  5814, 5816, 5089, 5087, 5965, 5966, 5243, 5241,
  5816, 5818, 5091, 5089, 5966, 5967, 5245, 5243,
  5818, 5820, 5093, 5091, 5967, 5968, 5247, 5245,
  5820, 5822, 5095, 5093, 5968, 5969, 5249, 5247,
  5822, 5824, 5097, 5095, 5969, 5970, 5251, 5249,
  5824, 5826, 5099, 5097, 5970, 5971, 5253, 5251,
  5826, 5828, 5101, 5099, 5971, 5972, 5255, 5253,
  5828, 5830, 5103, 5101, 5972, 5973, 5257, 5255,
  5831, 5832, 5833, 5834, 5974, 5975, 5976, 5977,
  5832, 5835, 5836, 5833, 5975, 5978, 5979, 5976,
  5835, 5837, 5838, 5836, 5978, 5980, 5981, 5979,
  5837, 5839, 5840, 5838, 5980, 5982, 5983, 5981,
  5839, 5841, 5842, 5840, 5982, 5984, 5985, 5983,
  5841, 5843, 5844, 5842, 5984, 5986, 5987, 5985,
  5843, 5845, 5846, 5844, 5986, 5988, 5989, 5987,
  5845, 5847, 5848, 5846, 5988, 5990, 5991, 5989,
  5847, 5849, 5850, 5848, 5990, 5992, 5993, 5991,
  5849, 5851, 5852, 5850, 5992, 5994, 5995, 5993,
  5834, 5833, 5853, 5854, 5977, 5976, 5996, 5997,
  5833, 5836, 5855, 5853, 5976, 5979, 5998, 5996,
  5836, 5838, 5856, 5855, 5979, 5981, 5999, 5998,
  5838, 5840, 5857, 5856, 5981, 5983, 6000, 5999,
  5840, 5842, 5858, 5857, 5983, 5985, 6001, 6000,
  5842, 5844, 5859, 5858, 5985, 5987, 6002, 6001,
  5844, 5846, 5860, 5859, 5987, 5989, 6003, 6002,
  5846, 5848, 5861, 5860, 5989, 5991, 6004, 6003,
  5848, 5850, 5862, 5861, 5991, 5993, 6005, 6004,
  5850, 5852, 5863, 5862, 5993, 5995, 6006, 6005,
  5854, 5853, 5864, 5865, 5997, 5996, 6007, 6008,
  5853, 5855, 5866, 5864, 5996, 5998, 6009, 6007,
  5855, 5856, 5867, 5866, 5998, 5999, 6010, 6009,
  5856, 5857, 5868, 5867, 5999, 6000, 6011, 6010,
  5857, 5858, 5869, 5868, 6000, 6001, 6012, 6011,
  5858, 5859, 5870, 5869, 6001, 6002, 6013, 6012,
  5859, 5860, 5871, 5870, 6002, 6003, 6014, 6013,
  5860, 5861, 5872, 5871, 6003, 6004, 6015, 6014,
  5861, 5862, 5873, 5872, 6004, 6005, 6016, 6015,
  5862, 5863, 5874, 5873, 6005, 6006, 6017, 6016,
  5865, 5864, 5875, 5876, 6008, 6007, 6018, 6019,
  5864, 5866, 5877, 5875, 6007, 6009, 6020, 6018,
  5866, 5867, 5878, 5877, 6009, 6010, 6021, 6020,
  5867, 5868, 5879, 5878, 6010, 6011, 6022, 6021,
  5868, 5869, 5880, 5879, 6011, 6012, 6023, 6022,
  5869, 5870, 5881, 5880, 6012, 6013, 6024, 6023,
  5870, 5871, 5882, 5881, 6013, 6014, 6025, 6024,
  5871, 5872, 5883, 5882, 6014, 6015, 6026, 6025,
  5872, 5873, 5884, 5883, 6015, 6016, 6027, 6026,
  5873, 5874, 5885, 5884, 6016, 6017, 6028, 6027,
  5876, 5875, 5886, 5887, 6019, 6018, 6029, 6030,
  5875, 5877, 5888, 5886, 6018, 6020, 6031, 6029,
  5877, 5878, 5889, 5888, 6020, 6021, 6032, 6031,
  5878, 5879, 5890, 5889, 6021, 6022, 6033, 6032,
  5879, 5880, 5891, 5890, 6022, 6023, 6034, 6033,
  5880, 5881, 5892, 5891, 6023, 6024, 6035, 6034,
  5881, 5882, 5893, 5892, 6024, 6025, 6036, 6035,
  5882, 5883, 5894, 5893, 6025, 6026, 6037, 6036,
  5883, 5884, 5895, 5894, 6026, 6027, 6038, 6037,
  5884, 5885, 5896, 5895, 6027, 6028, 6039, 6038,
  5887, 5886, 5897, 5898, 6030, 6029, 6040, 6041,
  5886, 5888, 5899, 5897, 6029, 6031, 6042, 6040,
  5888, 5889, 5900, 5899, 6031, 6032, 6043, 6042,
  5889, 5890, 5901, 5900, 6032, 6033, 6044, 6043,
  5890, 5891, 5902, 5901, 6033, 6034, 6045, 6044,
  5891, 5892, 5903, 5902, 6034, 6035, 6046, 6045,
  5892, 5893, 5904, 5903, 6035, 6036, 6047, 6046,
  5893, 5894, 5905, 5904, 6036, 6037, 6048, 6047,
  5894, 5895, 5906, 5905, 6037, 6038, 6049, 6048,
  5895, 5896, 5907, 5906, 6038, 6039, 6050, 6049,
  5898, 5897, 5908, 5909, 6041, 6040, 6051, 6052,
  5897, 5899, 5910, 5908, 6040, 6042, 6053, 6051,
  5899, 5900, 5911, 5910, 6042, 6043, 6054, 6053,
  5900, 5901, 5912, 5911, 6043, 6044, 6055, 6054,
  5901, 5902, 5913, 5912, 6044, 6045, 6056, 6055,
  5902, 5903, 5914, 5913, 6045, 6046, 6057, 6056,
  5903, 5904, 5915, 5914, 6046, 6047, 6058, 6057,
  5904, 5905, 5916, 5915, 6047, 6048, 6059, 6058,
  5905, 5906, 5917, 5916, 6048, 6049, 6060, 6059,
  5906, 5907, 5918, 5917, 6049, 6050, 6061, 6060,
  5909, 5908, 5919, 5920, 6052, 6051, 6062, 6063,
  5908, 5910, 5921, 5919, 6051, 6053, 6064, 6062,
  5910, 5911, 5922, 5921, 6053, 6054, 6065, 6064,
  5911, 5912, 5923, 5922, 6054, 6055, 6066, 6065,
  5912, 5913, 5924, 5923, 6055, 6056, 6067, 6066,
  5913, 5914, 5925, 5924, 6056, 6057, 6068, 6067,
  5914, 5915, 5926, 5925, 6057, 6058, 6069, 6068,
  5915, 5916, 5927, 5926, 6058, 6059, 6070, 6069,
  5916, 5917, 5928, 5927, 6059, 6060, 6071, 6070,
  5917, 5918, 5929, 5928, 6060, 6061, 6072, 6071,
  5920, 5919, 5930, 5931, 6063, 6062, 6073, 6074,
  5919, 5921, 5932, 5930, 6062, 6064, 6075, 6073,
  5921, 5922, 5933, 5932, 6064, 6065, 6076, 6075,
  5922, 5923, 5934, 5933, 6065, 6066, 6077, 6076,
  5923, 5924, 5935, 5934, 6066, 6067, 6078, 6077,
  5924, 5925, 5936, 5935, 6067, 6068, 6079, 6078,
  5925, 5926, 5937, 5936, 6068, 6069, 6080, 6079,
  5926, 5927, 5938, 5937, 6069, 6070, 6081, 6080,
  5927, 5928, 5939, 5938, 6070, 6071, 6082, 6081,
  5928, 5929, 5940, 5939, 6071, 6072, 6083, 6082,
  5931, 5930, 5941, 5942, 6074, 6073, 6084, 6085,
  5930, 5932, 5943, 5941, 6073, 6075, 6086, 6084,
  5932, 5933, 5944, 5943, 6075, 6076, 6087, 6086,
  5933, 5934, 5945, 5944, 6076, 6077, 6088, 6087,
  5934, 5935, 5946, 5945, 6077, 6078, 6089, 6088,
  5935, 5936, 5947, 5946, 6078, 6079, 6090, 6089,
  5936, 5937, 5948, 5947, 6079, 6080, 6091, 6090,
  5937, 5938, 5949, 5948, 6080, 6081, 6092, 6091,
  5938, 5939, 5950, 5949, 6081, 6082, 6093, 6092,
  5939, 5940, 5951, 5950, 6082, 6083, 6094, 6093,
  5942, 5941, 5952, 5953, 6085, 6084, 6095, 6096,
  5941, 5943, 5954, 5952, 6084, 6086, 6097, 6095,
  5943, 5944, 5955, 5954, 6086, 6087, 6098, 6097,
  5944, 5945, 5956, 5955, 6087, 6088, 6099, 6098,
  5945, 5946, 5957, 5956, 6088, 6089, 6100, 6099,
  5946, 5947, 5958, 5957, 6089, 6090, 6101, 6100,
  5947, 5948, 5959, 5958, 6090, 6091, 6102, 6101,
  5948, 5949, 5960, 5959, 6091, 6092, 6103, 6102,
  5949, 5950, 5961, 5960, 6092, 6093, 6104, 6103,
  5950, 5951, 5962, 5961, 6093, 6094, 6105, 6104,
  5953, 5952, 5963, 5964, 6096, 6095, 6106, 6107,
  5952, 5954, 5965, 5963, 6095, 6097, 6108, 6106,
  5954, 5955, 5966, 5965, 6097, 6098, 6109, 6108,
  5955, 5956, 5967, 5966, 6098, 6099, 6110, 6109,
  5956, 5957, 5968, 5967, 6099, 6100, 6111, 6110,
  5957, 5958, 5969, 5968, 6100, 6101, 6112, 6111,
  5958, 5959, 5970, 5969, 6101, 6102, 6113, 6112,
  5959, 5960, 5971, 5970, 6102, 6103, 6114, 6113,
  5960, 5961, 5972, 5971, 6103, 6104, 6115, 6114,
  5961, 5962, 5973, 5972, 6104, 6105, 6116, 6115,
  5964, 5963, 5238, 5237, 6107, 6106, 5392, 5391,
  5963, 5965, 5241, 5238, 6106, 6108, 5395, 5392,
  5965, 5966, 5243, 5241, 6108, 6109, 5397, 5395,
  5966, 5967, 5245, 5243, 6109, 6110, 5399, 5397,
  5967, 5968, 5247, 5245, 6110, 6111, 5401, 5399,
  5968, 5969, 5249, 5247, 6111, 6112, 5403, 5401,
  5969, 5970, 5251, 5249, 6112, 6113, 5405, 5403,
  5970, 5971, 5253, 5251, 6113, 6114, 5407, 5405,
  5971, 5972, 5255, 5253, 6114, 6115, 5409, 5407,
  5972, 5973, 5257, 5255, 6115, 6116, 5411, 5409,
  5545, 5546, 6117, 6118, 5548, 5547, 6119, 6120,
  5546, 5553, 6121, 6117, 5547, 5554, 6122, 6119,
  5553, 5557, 6123, 6121, 5554, 5558, 6124, 6122,
  5557, 5561, 6125, 6123, 5558, 5562, 6126, 6124,
  5561, 5565, 6127, 6125, 5562, 5566, 6128, 6126,
  5565, 5569, 6129, 6127, 5566, 5570, 6130, 6128,
  5569, 5573, 6131, 6129, 5570, 5574, 6132, 6130,
  5573, 5577, 6133, 6131, 5574, 5578, 6134, 6132,
  5577, 5581, 6135, 6133, 5578, 5582, 6136, 6134,
  5581, 5585, 6137, 6135, 5582, 5586, 6138, 6136,
  6118, 6117, 6139, 6140, 6120, 6119, 6141, 6142,
  6117, 6121, 6143, 6139, 6119, 6122, 6144, 6141,
  6121, 6123, 6145, 6143, 6122, 6124, 6146, 6144,
  6123, 6125, 6147, 6145, 6124, 6126, 6148, 6146,
  6125, 6127, 6149, 6147, 6126, 6128, 6150, 6148,
  6127, 6129, 6151, 6149, 6128, 6130, 6152, 6150,
  6129, 6131, 6153, 6151, 6130, 6132, 6154, 6152,
  6131, 6133, 6155, 6153, 6132, 6134, 6156, 6154,
  6133, 6135, 6157, 6155, 6134, 6136, 6158, 6156,
  6135, 6137, 6159, 6157, 6136, 6138, 6160, 6158,
  6140, 6139, 6161, 6162, 6142, 6141, 6163, 6164,
  6139, 6143, 6165, 6161, 6141, 6144, 6166, 6163,
  6143, 6145, 6167, 6165, 6144, 6146, 6168, 6166,
  6145, 6147, 6169, 6167, 6146, 6148, 6170, 6168,
  6147, 6149, 6171, 6169, 6148, 6150, 6172, 6170,
  6149, 6151, 6173, 6171, 6150, 6152, 6174, 6172,
  6151, 6153, 6175, 6173, 6152, 6154, 6176, 6174,
  6153, 6155, 6177, 6175, 6154, 6156, 6178, 6176,
  6155, 6157, 6179, 6177, 6156, 6158, 6180, 6178,
  6157, 6159, 6181, 6179, 6158, 6160, 6182, 6180,
  6162, 6161, 6183, 6184, 6164, 6163, 6185, 6186,
  6161, 6165, 6187, 6183, 6163, 6166, 6188, 6185,
  6165, 6167, 6189, 6187, 6166, 6168, 6190, 6188,
  6167, 6169, 6191, 6189, 6168, 6170, 6192, 6190,
  6169, 6171, 6193, 6191, 6170, 6172, 6194, 6192,
  6171, 6173, 6195, 6193, 6172, 6174, 6196, 6194,
  6173, 6175, 6197, 6195, 6174, 6176, 6198, 6196,
  6175, 6177, 6199, 6197, 6176, 6178, 6200, 6198,
  6177, 6179, 6201, 6199, 6178, 6180, 6202, 6200,
  6179, 6181, 6203, 6201, 6180, 6182, 6204, 6202,
  6184, 6183, 6205, 6206, 6186, 6185, 6207, 6208,
  6183, 6187, 6209, 6205, 6185, 6188, 6210, 6207,
  6187, 6189, 6211, 6209, 6188, 6190, 6212, 6210,
  6189, 6191, 6213, 6211, 6190, 6192, 6214, 6212,
  6191, 6193, 6215, 6213, 6192, 6194, 6216, 6214,
  6193, 6195, 6217, 6215, 6194, 6196, 6218, 6216,
  6195, 6197, 6219, 6217, 6196, 6198, 6220, 6218,
  6197, 6199, 6221, 6219, 6198, 6200, 6222, 6220,
  6199, 6201, 6223, 6221, 6200, 6202, 6224, 6222,
  6201, 6203, 6225, 6223, 6202, 6204, 6226, 6224,
  5548, 5547, 6119, 6120, 5590, 5589, 6227, 6228,
  5547, 5554, 6122, 6119, 5589, 5593, 6229, 6227,
  5554, 5558, 6124, 6122, 5593, 5595, 6230, 6229,
  5558, 5562, 6126, 6124, 5595, 5597, 6231, 6230,
  5562, 5566, 6128, 6126, 5597, 5599, 6232, 6231,
  5566, 5570, 6130, 6128, 5599, 5601, 6233, 6232,
  5570, 5574, 6132, 6130, 5601, 5603, 6234, 6233,
  5574, 5578, 6134, 6132, 5603, 5605, 6235, 6234,
  5578, 5582, 6136, 6134, 5605, 5607, 6236, 6235,
  5582, 5586, 6138, 6136, 5607, 5609, 6237, 6236,
  6120, 6119, 6141, 6142, 6228, 6227, 6238, 6239,
  6119, 6122, 6144, 6141, 6227, 6229, 6240, 6238,
  6122, 6124, 6146, 6144, 6229, 6230, 6241, 6240,
  6124, 6126, 6148, 6146, 6230, 6231, 6242, 6241,
  6126, 6128, 6150, 6148, 6231, 6232, 6243, 6242,
  6128, 6130, 6152, 6150, 6232, 6233, 6244, 6243,
  6130, 6132, 6154, 6152, 6233, 6234, 6245, 6244,
  6132, 6134, 6156, 6154, 6234, 6235, 6246, 6245,
  6134, 6136, 6158, 6156, 6235, 6236, 6247, 6246,
  6136, 6138, 6160, 6158, 6236, 6237, 6248, 6247,
  6142, 6141, 6163, 6164, 6239, 6238, 6249, 6250,
  6141, 6144, 6166, 6163, 6238, 6240, 6251, 6249,
  6144, 6146, 6168, 6166, 6240, 6241, 6252, 6251,
  6146, 6148, 6170, 6168, 6241, 6242, 6253, 6252,
  6148, 6150, 6172, 6170, 6242, 6243, 6254, 6253,
  6150, 6152, 6174, 6172, 6243, 6244, 6255, 6254,
  6152, 6154, 6176, 6174, 6244, 6245, 6256, 6255,
  6154, 6156, 6178, 6176, 6245, 6246, 6257, 6256,
  6156, 6158, 6180, 6178, 6246, 6247, 6258, 6257,
  6158, 6160, 6182, 6180, 6247, 6248, 6259, 6258,
  6164, 6163, 6185, 6186, 6250, 6249, 6260, 6261,
  6163, 6166, 6188, 6185, 6249, 6251, 6262, 6260,
  6166, 6168, 6190, 6188, 6251, 6252, 6263, 6262,
  6168, 6170, 6192, 6190, 6252, 6253, 6264, 6263,
  6170, 6172, 6194, 6192, 6253, 6254, 6265, 6264,
  6172, 6174, 6196, 6194, 6254, 6255, 6266, 6265,
  6174, 6176, 6198, 6196, 6255, 6256, 6267, 6266,
  6176, 6178, 6200, 6198, 6256, 6257, 6268, 6267,
  6178, 6180, 6202, 6200, 6257, 6258, 6269, 6268,
  6180, 6182, 6204, 6202, 6258, 6259, 6270, 6269,
  6186, 6185, 6207, 6208, 6261, 6260, 6271, 6272,
  6185, 6188, 6210, 6207, 6260, 6262, 6273, 6271,
  6188, 6190, 6212, 6210, 6262, 6263, 6274, 6273,
  6190, 6192, 6214, 6212, 6263, 6264, 6275, 6274,
  6192, 6194, 6216, 6214, 6264, 6265, 6276, 6275,
  6194, 6196, 6218, 6216, 6265, 6266, 6277, 6276,
  6196, 6198, 6220, 6218, 6266, 6267, 6278, 6277,
  6198, 6200, 6222, 6220, 6267, 6268, 6279, 6278,
  6200, 6202, 6224, 6222, 6268, 6269, 6280, 6279,
  6202, 6204, 6226, 6224, 6269, 6270, 6281, 6280,
  5590, 5589, 6227, 6228, 5612, 5611, 6282, 6283,
  5589, 5593, 6229, 6227, 5611, 5615, 6284, 6282,
  5593, 5595, 6230, 6229, 5615, 5617, 6285, 6284,
  5595, 5597, 6231, 6230, 5617, 5619, 6286, 6285,
  5597, 5599, 6232, 6231, 5619, 5621, 6287, 6286,
  5599, 5601, 6233, 6232, 5621, 5623, 6288, 6287,
  5601, 5603, 6234, 6233, 5623, 5625, 6289, 6288,
  5603, 5605, 6235, 6234, 5625, 5627, 6290, 6289,
  5605, 5607, 6236, 6235, 5627, 5629, 6291, 6290,
  5607, 5609, 6237, 6236, 5629, 5631, 6292, 6291,
  6228, 6227, 6238, 6239, 6283, 6282, 6293, 6294,
  6227, 6229, 6240, 6238, 6282, 6284, 6295, 6293,
  6229, 6230, 6241, 6240, 6284, 6285, 6296, 6295,
  6230, 6231, 6242, 6241, 6285, 6286, 6297, 6296,
  6231, 6232, 6243, 6242, 6286, 6287, 6298, 6297,
  6232, 6233, 6244, 6243, 6287, 6288, 6299, 6298,
  6233, 6234, 6245, 6244, 6288, 6289, 6300, 6299,
  6234, 6235, 6246, 6245, 6289, 6290, 6301, 6300,
  6235, 6236, 6247, 6246, 6290, 6291, 6302, 6301,
  6236, 6237, 6248, 6247, 6291, 6292, 6303, 6302,
  6239, 6238, 6249, 6250, 6294, 6293, 6304, 6305,
  6238, 6240, 6251, 6249, 6293, 6295, 6306, 6304,
  6240, 6241, 6252, 6251, 6295, 6296, 6307, 6306,
  6241, 6242, 6253, 6252, 6296, 6297, 6308, 6307,
  6242, 6243, 6254, 6253, 6297, 6298, 6309, 6308,
  6243, 6244, 6255, 6254, 6298, 6299, 6310, 6309,
  6244, 6245, 6256, 6255, 6299, 6300, 6311, 6310,
  6245, 6246, 6257, 6256, 6300, 6301, 6312, 6311,
  6246, 6247, 6258, 6257, 6301, 6302, 6313, 6312,
  6247, 6248, 6259, 6258, 6302, 6303, 6314, 6313,
  6250, 6249, 6260, 6261, 6305, 6304, 6315, 6316,
  6249, 6251, 6262, 6260, 6304, 6306, 6317, 6315,
  6251, 6252, 6263, 6262, 6306, 6307, 6318, 6317,
  6252, 6253, 6264, 6263, 6307, 6308, 6319, 6318,
  6253, 6254, 6265, 6264, 6308, 6309, 6320, 6319,
  6254, 6255, 6266, 6265, 6309, 6310, 6321, 6320,
  6255, 6256, 6267, 6266, 6310, 6311, 6322, 6321,
  6256, 6257, 6268, 6267, 6311, 6312, 6323, 6322,
  6257, 6258, 6269, 6268, 6312, 6313, 6324, 6323,
  6258, 6259, 6270, 6269, 6313, 6314, 6325, 6324,
  6261, 6260, 6271, 6272, 6316, 6315, 6326, 6327,
  6260, 6262, 6273, 6271, 6315, 6317, 6328, 6326,
  6262, 6263, 6274, 6273, 6317, 6318, 6329, 6328,
  6263, 6264, 6275, 6274, 6318, 6319, 6330, 6329,
  6264, 6265, 6276, 6275, 6319, 6320, 6331, 6330,
  6265, 6266, 6277, 6276, 6320, 6321, 6332, 6331,
  6266, 6267, 6278, 6277, 6321, 6322, 6333, 6332,
  6267, 6268, 6279, 6278, 6322, 6323, 6334, 6333,
  6268, 6269, 6280, 6279, 6323, 6324, 6335, 6334,
  6269, 6270, 6281, 6280, 6324, 6325, 6336, 6335,
  5612, 5611, 6282, 6283, 5634, 5633, 6337, 6338,
  5611, 5615, 6284, 6282, 5633, 5637, 6339, 6337,
  5615, 5617, 6285, 6284, 5637, 5639, 6340, 6339,
  5617, 5619, 6286, 6285, 5639, 5641, 6341, 6340,
  5619, 5621, 6287, 6286, 5641, 5643, 6342, 6341,
  5621, 5623, 6288, 6287, 5643, 5645, 6343, 6342,
  5623, 5625, 6289, 6288, 5645, 5647, 6344, 6343,
  5625, 5627, 6290, 6289, 5647, 5649, 6345, 6344,
  5627, 5629, 6291, 6290, 5649, 5651, 6346, 6345,
  5629, 5631, 6292, 6291, 5651, 5653, 6347, 6346,
  6283, 6282, 6293, 6294, 6338, 6337, 6348, 6349,
  6282, 6284, 6295, 6293, 6337, 6339, 6350, 6348,
  6284, 6285, 6296, 6295, 6339, 6340, 6351, 6350,
  6285, 6286, 6297, 6296, 6340, 6341, 6352, 6351,
  6286, 6287, 6298, 6297, 6341, 6342, 6353, 6352,
  6287, 6288, 6299, 6298, 6342, 6343, 6354, 6353,
  6288, 6289, 6300, 6299, 6343, 6344, 6355, 6354,
  6289, 6290, 6301, 6300, 6344, 6345, 6356, 6355,
  6290, 6291, 6302, 6301, 6345, 6346, 6357, 6356,
  6291, 6292, 6303, 6302, 6346, 6347, 6358, 6357,
  6294, 6293, 6304, 6305, 6349, 6348, 6359, 6360,
  6293, 6295, 6306, 6304, 6348, 6350, 6361, 6359,
  6295, 6296, 6307, 6306, 6350, 6351, 6362, 6361,
  6296, 6297, 6308, 6307, 6351, 6352, 6363, 6362,
  6297, 6298, 6309, 6308, 6352, 6353, 6364, 6363,
  6298, 6299, 6310, 6309, 6353, 6354, 6365, 6364,
  6299, 6300, 6311, 6310, 6354, 6355, 6366, 6365,
  6300, 6301, 6312, 6311, 6355, 6356, 6367, 6366,
  6301, 6302, 6313, 6312, 6356, 6357, 6368, 6367,
  6302, 6303, 6314, 6313, 6357, 6358, 6369, 6368,
  6305, 6304, 6315, 6316, 6360, 6359, 6370, 6371,
  6304, 6306, 6317, 6315, 6359, 6361, 6372, 6370,
  6306, 6307, 6318, 6317, 6361, 6362, 6373, 6372,
  6307, 6308, 6319, 6318, 6362, 6363, 6374, 6373,
  6308, 6309, 6320, 6319, 6363, 6364, 6375, 6374,
  6309, 6310, 6321, 6320, 6364, 6365, 6376, 6375,
  6310, 6311, 6322, 6321, 6365, 6366, 6377, 6376,
  6311, 6312, 6323, 6322, 6366, 6367, 6378, 6377,
  6312, 6313, 6324, 6323, 6367, 6368, 6379, 6378,
  6313, 6314, 6325, 6324, 6368, 6369, 6380, 6379,
  6316, 6315, 6326, 6327, 6371, 6370, 6381, 6382,
  6315, 6317, 6328, 6326, 6370, 6372, 6383, 6381,
  6317, 6318, 6329, 6328, 6372, 6373, 6384, 6383,
  6318, 6319, 6330, 6329, 6373, 6374, 6385, 6384,
  6319, 6320, 6331, 6330, 6374, 6375, 6386, 6385,
  6320, 6321, 6332, 6331, 6375, 6376, 6387, 6386,
  6321, 6322, 6333, 6332, 6376, 6377, 6388, 6387,
  6322, 6323, 6334, 6333, 6377, 6378, 6389, 6388,
  6323, 6324, 6335, 6334, 6378, 6379, 6390, 6389,
  6324, 6325, 6336, 6335, 6379, 6380, 6391, 6390,
  5634, 5633, 6337, 6338, 5656, 5655, 6392, 6393,
  5633, 5637, 6339, 6337, 5655, 5659, 6394, 6392,
  5637, 5639, 6340, 6339, 5659, 5661, 6395, 6394,
  5639, 5641, 6341, 6340, 5661, 5663, 6396, 6395,
  5641, 5643, 6342, 6341, 5663, 5665, 6397, 6396,
  5643, 5645, 6343, 6342, 5665, 5667, 6398, 6397,
  5645, 5647, 6344, 6343, 5667, 5669, 6399, 6398,
  5647, 5649, 6345, 6344, 5669, 5671, 6400, 6399,
  5649, 5651, 6346, 6345, 5671, 5673, 6401, 6400,
  5651, 5653, 6347, 6346, 5673, 5675, 6402, 6401,
  6338, 6337, 6348, 6349, 6393, 6392, 6403, 6404,
  6337, 6339, 6350, 6348, 6392, 6394, 6405, 6403,
  6339, 6340, 6351, 6350, 6394, 6395, 6406, 6405,
  6340, 6341, 6352, 6351, 6395, 6396, 6407, 6406,
  6341, 6342, 6353, 6352, 6396, 6397, 6408, 6407,
  6342, 6343, 6354, 6353, 6397, 6398, 6409, 6408,
  6343, 6344, 6355, 6354, 6398, 6399, 6410, 6409,
  6344, 6345, 6356, 6355, 6399, 6400, 6411, 6410,
  6345, 6346, 6357, 6356, 6400, 6401, 6412, 6411,
  6346, 6347, 6358, 6357, 6401, 6402, 6413, 6412,
  6349, 6348, 6359, 6360, 6404, 6403, 6414, 6415,
  6348, 6350, 6361, 6359, 6403, 6405, 6416, 6414,
  6350, 6351, 6362, 6361, 6405, 6406, 6417, 6416,
  6351, 6352, 6363, 6362, 6406, 6407, 6418, 6417,
  6352, 6353, 6364, 6363, 6407, 6408, 6419, 6418,
  6353, 6354, 6365, 6364, 6408, 6409, 6420, 6419,
  6354, 6355, 6366, 6365, 6409, 6410, 6421, 6420,
  6355, 6356, 6367, 6366, 6410, 6411, 6422, 6421,
  6356, 6357, 6368, 6367, 6411, 6412, 6423, 6422,
  6357, 6358, 6369, 6368, 6412, 6413, 6424, 6423,
  6360, 6359, 6370, 6371, 6415, 6414, 6425, 6426,
  6359, 6361, 6372, 6370, 6414, 6416, 6427, 6425,
  6361, 6362, 6373, 6372, 6416, 6417, 6428, 6427,
  6362, 6363, 6374, 6373, 6417, 6418, 6429, 6428,
  6363, 6364, 6375, 6374, 6418, 6419, 6430, 6429,
  6364, 6365, 6376, 6375, 6419, 6420, 6431, 6430,
  6365, 6366, 6377, 6376, 6420, 6421, 6432, 6431,
  6366, 6367, 6378, 6377, 6421, 6422, 6433, 6432,
  6367, 6368, 6379, 6378, 6422, 6423, 6434, 6433,
  6368, 6369, 6380, 6379, 6423, 6424, 6435, 6434,
  6371, 6370, 6381, 6382, 6426, 6425, 6436, 6437,
  6370, 6372, 6383, 6381, 6425, 6427, 6438, 6436,
  6372, 6373, 6384, 6383, 6427, 6428, 6439, 6438,
  6373, 6374, 6385, 6384, 6428, 6429, 6440, 6439,
  6374, 6375, 6386, 6385, 6429, 6430, 6441, 6440,
  6375, 6376, 6387, 6386, 6430, 6431, 6442, 6441,
  6376, 6377, 6388, 6387, 6431, 6432, 6443, 6442,
  6377, 6378, 6389, 6388, 6432, 6433, 6444, 6443,
  6378, 6379, 6390, 6389, 6433, 6434, 6445, 6444,
  6379, 6380, 6391, 6390, 6434, 6435, 6446, 6445,
  5656, 5655, 6392, 6393, 5678, 5677, 6447, 6448,
  5655, 5659, 6394, 6392, 5677, 5681, 6449, 6447,
  5659, 5661, 6395, 6394, 5681, 5683, 6450, 6449,
  5661, 5663, 6396, 6395, 5683, 5685, 6451, 6450,
  5663, 5665, 6397, 6396, 5685, 5687, 6452, 6451,
  5665, 5667, 6398, 6397, 5687, 5689, 6453, 6452,
  5667, 5669, 6399, 6398, 5689, 5691, 6454, 6453,
  5669, 5671, 6400, 6399, 5691, 5693, 6455, 6454,
  5671, 5673, 6401, 6400, 5693, 5695, 6456, 6455,
  5673, 5675, 6402, 6401, 5695, 5697, 6457, 6456,
  6393, 6392, 6403, 6404, 6448, 6447, 6458, 6459,
  6392, 6394, 6405, 6403, 6447, 6449, 6460, 6458,
  6394, 6395, 6406, 6405, 6449, 6450, 6461, 6460,
  6395, 6396, 6407, 6406, 6450, 6451, 6462, 6461,
  6396, 6397, 6408, 6407, 6451, 6452, 6463, 6462,
  6397, 6398, 6409, 6408, 6452, 6453, 6464, 6463,
  6398, 6399, 6410, 6409, 6453, 6454, 6465, 6464,
  6399, 6400, 6411, 6410, 6454, 6455, 6466, 6465,
  6400, 6401, 6412, 6411, 6455, 6456, 6467, 6466,
  6401, 6402, 6413, 6412, 6456, 6457, 6468, 6467,
  6404, 6403, 6414, 6415, 6459, 6458, 6469, 6470,
  6403, 6405, 6416, 6414, 6458, 6460, 6471, 6469,
  6405, 6406, 6417, 6416, 6460, 6461, 6472, 6471,
  6406, 6407, 6418, 6417, 6461, 6462, 6473, 6472,
  6407, 6408, 6419, 6418, 6462, 6463, 6474, 6473,
  6408, 6409, 6420, 6419, 6463, 6464, 6475, 6474,
  6409, 6410, 6421, 6420, 6464, 6465, 6476, 6475,
  6410, 6411, 6422, 6421, 6465, 6466, 6477, 6476,
  6411, 6412, 6423, 6422, 6466, 6467, 6478, 6477,
  6412, 6413, 6424, 6423, 6467, 6468, 6479, 6478,
  6415, 6414, 6425, 6426, 6470, 6469, 6480, 6481,
  6414, 6416, 6427, 6425, 6469, 6471, 6482, 6480,
  6416, 6417, 6428, 6427, 6471, 6472, 6483, 6482,
  6417, 6418, 6429, 6428, 6472, 6473, 6484, 6483,
  6418, 6419, 6430, 6429, 6473, 6474, 6485, 6484,
  6419, 6420, 6431, 6430, 6474, 6475, 6486, 6485,
  6420, 6421, 6432, 6431, 6475, 6476, 6487, 6486,
  6421, 6422, 6433, 6432, 6476, 6477, 6488, 6487,
  6422, 6423, 6434, 6433, 6477, 6478, 6489, 6488,
  6423, 6424, 6435, 6434, 6478, 6479, 6490, 6489,
  6426, 6425, 6436, 6437, 6481, 6480, 6491, 6492,
  6425, 6427, 6438, 6436, 6480, 6482, 6493, 6491,
  6427, 6428, 6439, 6438, 6482, 6483, 6494, 6493,
  6428, 6429, 6440, 6439, 6483, 6484, 6495, 6494,
  6429, 6430, 6441, 6440, 6484, 6485, 6496, 6495,
  6430, 6431, 6442, 6441, 6485, 6486, 6497, 6496,
  6431, 6432, 6443, 6442, 6486, 6487, 6498, 6497,
  6432, 6433, 6444, 6443, 6487, 6488, 6499, 6498,
  6433, 6434, 6445, 6444, 6488, 6489, 6500, 6499,
  6434, 6435, 6446, 6445, 6489, 6490, 6501, 6500,
  5678, 5677, 6447, 6448, 5700, 5699, 6502, 6503,
  5677, 5681, 6449, 6447, 5699, 5703, 6504, 6502,
  5681, 5683, 6450, 6449, 5703, 5705, 6505, 6504,
  5683, 5685, 6451, 6450, 5705, 5707, 6506, 6505,
  5685, 5687, 6452, 6451, 5707, 5709, 6507, 6506,
  5687, 5689, 6453, 6452, 5709, 5711, 6508, 6507,
  5689, 5691, 6454, 6453, 5711, 5713, 6509, 6508,
  5691, 5693, 6455, 6454, 5713, 5715, 6510, 6509,
  5693, 5695, 6456, 6455, 5715, 5717, 6511, 6510,
  5695, 5697, 6457, 6456, 5717, 5719, 6512, 6511,
  6448, 6447, 6458, 6459, 6503, 6502, 6513, 6514,
  6447, 6449, 6460, 6458, 6502, 6504, 6515, 6513,
  6449, 6450, 6461, 6460, 6504, 6505, 6516, 6515,
  6450, 6451, 6462, 6461, 6505, 6506, 6517, 6516,
  6451, 6452, 6463, 6462, 6506, 6507, 6518, 6517,
  6452, 6453, 6464, 6463, 6507, 6508, 6519, 6518,
  6453, 6454, 6465, 6464, 6508, 6509, 6520, 6519,
  6454, 6455, 6466, 6465, 6509, 6510, 6521, 6520,
  6455, 6456, 6467, 6466, 6510, 6511, 6522, 6521,
  6456, 6457, 6468, 6467, 6511, 6512, 6523, 6522,
  6459, 6458, 6469, 6470, 6514, 6513, 6524, 6525,
  6458, 6460, 6471, 6469, 6513, 6515, 6526, 6524,
  6460, 6461, 6472, 6471, 6515, 6516, 6527, 6526,
  6461, 6462, 6473, 6472, 6516, 6517, 6528, 6527,
  6462, 6463, 6474, 6473, 6517, 6518, 6529, 6528,
  6463, 6464, 6475, 6474, 6518, 6519, 6530, 6529,
  6464, 6465, 6476, 6475, 6519, 6520, 6531, 6530,
  6465, 6466, 6477, 6476, 6520, 6521, 6532, 6531,
  6466, 6467, 6478, 6477, 6521, 6522, 6533, 6532,
  6467, 6468, 6479, 6478, 6522, 6523, 6534, 6533,
  6470, 6469, 6480, 6481, 6525, 6524, 6535, 6536,
  6469, 6471, 6482, 6480, 6524, 6526, 6537, 6535,
  6471, 6472, 6483, 6482, 6526, 6527, 6538, 6537,
  6472, 6473, 6484, 6483, 6527, 6528, 6539, 6538,
  6473, 6474, 6485, 6484, 6528, 6529, 6540, 6539,
  6474, 6475, 6486, 6485, 6529, 6530, 6541, 6540,
  6475, 6476, 6487, 6486, 6530, 6531, 6542, 6541,
  6476, 6477, 6488, 6487, 6531, 6532, 6543, 6542,
  6477, 6478, 6489, 6488, 6532, 6533, 6544, 6543,
  6478, 6479, 6490, 6489, 6533, 6534, 6545, 6544,
  6481, 6480, 6491, 6492, 6536, 6535, 6546, 6547,
  6480, 6482, 6493, 6491, 6535, 6537, 6548, 6546,
  6482, 6483, 6494, 6493, 6537, 6538, 6549, 6548,
  6483, 6484, 6495, 6494, 6538, 6539, 6550, 6549,
  6484, 6485, 6496, 6495, 6539, 6540, 6551, 6550,
  6485, 6486, 6497, 6496, 6540, 6541, 6552, 6551,
  6486, 6487, 6498, 6497, 6541, 6542, 6553, 6552,
  6487, 6488, 6499, 6498, 6542, 6543, 6554, 6553,
  6488, 6489, 6500, 6499, 6543, 6544, 6555, 6554,
  6489, 6490, 6501, 6500, 6544, 6545, 6556, 6555,
  5700, 5699, 6502, 6503, 5722, 5721, 6557, 6558,
  5699, 5703, 6504, 6502, 5721, 5725, 6559, 6557,
  5703, 5705, 6505, 6504, 5725, 5727, 6560, 6559,
  5705, 5707, 6506, 6505, 5727, 5729, 6561, 6560,
  5707, 5709, 6507, 6506, 5729, 5731, 6562, 6561,
  5709, 5711, 6508, 6507, 5731, 5733, 6563, 6562,
  5711, 5713, 6509, 6508, 5733, 5735, 6564, 6563,
  5713, 5715, 6510, 6509, 5735, 5737, 6565, 6564,
  5715, 5717, 6511, 6510, 5737, 5739, 6566, 6565,
  5717, 5719, 6512, 6511, 5739, 5741, 6567, 6566,
  6503, 6502, 6513, 6514, 6558, 6557, 6568, 6569,
  6502, 6504, 6515, 6513, 6557, 6559, 6570, 6568,
  6504, 6505, 6516, 6515, 6559, 6560, 6571, 6570,
  6505, 6506, 6517, 6516, 6560, 6561, 6572, 6571,
  6506, 6507, 6518, 6517, 6561, 6562, 6573, 6572,
  6507, 6508, 6519, 6518, 6562, 6563, 6574, 6573,
  6508, 6509, 6520, 6519, 6563, 6564, 6575, 6574,
  6509, 6510, 6521, 6520, 6564, 6565, 6576, 6575,
  6510, 6511, 6522, 6521, 6565, 6566, 6577, 6576,
  6511, 6512, 6523, 6522, 6566, 6567, 6578, 6577,
  6514, 6513, 6524, 6525, 6569, 6568, 6579, 6580,
  6513, 6515, 6526, 6524, 6568, 6570, 6581, 6579,
  6515, 6516, 6527, 6526, 6570, 6571, 6582, 6581,
  6516, 6517, 6528, 6527, 6571, 6572, 6583, 6582,
  6517, 6518, 6529, 6528, 6572, 6573, 6584, 6583,
  6518, 6519, 6530, 6529, 6573, 6574, 6585, 6584,
  6519, 6520, 6531, 6530, 6574, 6575, 6586, 6585,
  6520, 6521, 6532, 6531, 6575, 6576, 6587, 6586,
  6521, 6522, 6533, 6532, 6576, 6577, 6588, 6587,
  6522, 6523, 6534, 6533, 6577, 6578, 6589, 6588,
  6525, 6524, 6535, 6536, 6580, 6579, 6590, 6591,
  6524, 6526, 6537, 6535, 6579, 6581, 6592, 6590,
  6526, 6527, 6538, 6537, 6581, 6582, 6593, 6592,
  6527, 6528, 6539, 6538, 6582, 6583, 6594, 6593,
  6528, 6529, 6540, 6539, 6583, 6584, 6595, 6594,
  6529, 6530, 6541, 6540, 6584, 6585, 6596, 6595,
  6530, 6531, 6542, 6541, 6585, 6586, 6597, 6596,
  6531, 6532, 6543, 6542, 6586, 6587, 6598, 6597,
  6532, 6533, 6544, 6543, 6587, 6588, 6599, 6598,
  6533, 6534, 6545, 6544, 6588, 6589, 6600, 6599,
  6536, 6535, 6546, 6547, 6591, 6590, 6601, 6602,
  6535, 6537, 6548, 6546, 6590, 6592, 6603, 6601,
  6537, 6538, 6549, 6548, 6592, 6593, 6604, 6603,
  6538, 6539, 6550, 6549, 6593, 6594, 6605, 6604,
  6539, 6540, 6551, 6550, 6594, 6595, 6606, 6605,
  6540, 6541, 6552, 6551, 6595, 6596, 6607, 6606,
  6541, 6542, 6553, 6552, 6596, 6597, 6608, 6607,
  6542, 6543, 6554, 6553, 6597, 6598, 6609, 6608,
  6543, 6544, 6555, 6554, 6598, 6599, 6610, 6609,
  6544, 6545, 6556, 6555, 6599, 6600, 6611, 6610,
  5722, 5721, 6557, 6558, 5744, 5743, 6612, 6613,
  5721, 5725, 6559, 6557, 5743, 5747, 6614, 6612,
  5725, 5727, 6560, 6559, 5747, 5749, 6615, 6614,
  5727, 5729, 6561, 6560, 5749, 5751, 6616, 6615,
  5729, 5731, 6562, 6561, 5751, 5753, 6617, 6616,
  5731, 5733, 6563, 6562, 5753, 5755, 6618, 6617,
  5733, 5735, 6564, 6563, 5755, 5757, 6619, 6618,
  5735, 5737, 6565, 6564, 5757, 5759, 6620, 6619,
  5737, 5739, 6566, 6565, 5759, 5761, 6621, 6620,
  5739, 5741, 6567, 6566, 5761, 5763, 6622, 6621,
  6558, 6557, 6568, 6569, 6613, 6612, 6623, 6624,
  6557, 6559, 6570, 6568, 6612, 6614, 6625, 6623,
  6559, 6560, 6571, 6570, 6614, 6615, 6626, 6625,
  6560, 6561, 6572, 6571, 6615, 6616, 6627, 6626,
  6561, 6562, 6573, 6572, 6616, 6617, 6628, 6627,
  6562, 6563, 6574, 6573, 6617, 6618, 6629, 6628,
  6563, 6564, 6575, 6574, 6618, 6619, 6630, 6629,
  6564, 6565, 6576, 6575, 6619, 6620, 6631, 6630,
  6565, 6566, 6577, 6576, 6620, 6621, 6632, 6631,
  6566, 6567, 6578, 6577, 6621, 6622, 6633, 6632,
  6569, 6568, 6579, 6580, 6624, 6623, 6634, 6635,
  6568, 6570, 6581, 6579, 6623, 6625, 6636, 6634,
  6570, 6571, 6582, 6581, 6625, 6626, 6637, 6636,
  6571, 6572, 6583, 6582, 6626, 6627, 6638, 6637,
  6572, 6573, 6584, 6583, 6627, 6628, 6639, 6638,
  6573, 6574, 6585, 6584, 6628, 6629, 6640, 6639,
  6574, 6575, 6586, 6585, 6629, 6630, 6641, 6640,
  6575, 6576, 6587, 6586, 6630, 6631, 6642, 6641,
  6576, 6577, 6588, 6587, 6631, 6632, 6643, 6642,
  6577, 6578, 6589, 6588, 6632, 6633, 6644, 6643,
  6580, 6579, 6590, 6591, 6635, 6634, 6645, 6646,
  6579, 6581, 6592, 6590, 6634, 6636, 6647, 6645,
  6581, 6582, 6593, 6592, 6636, 6637, 6648, 6647,
  6582, 6583, 6594, 6593, 6637, 6638, 6649, 6648,
  6583, 6584, 6595, 6594, 6638, 6639, 6650, 6649,
  6584, 6585, 6596, 6595, 6639, 6640, 6651, 6650,
  6585, 6586, 6597, 6596, 6640, 6641, 6652, 6651,
  6586, 6587, 6598, 6597, 6641, 6642, 6653, 6652,
  6587, 6588, 6599, 6598, 6642, 6643, 6654, 6653,
  6588, 6589, 6600, 6599, 6643, 6644, 6655, 6654,
  6591, 6590, 6601, 6602, 6646, 6645, 6656, 6657,
  6590, 6592, 6603, 6601, 6645, 6647, 6658, 6656,
  6592, 6593, 6604, 6603, 6647, 6648, 6659, 6658,
  6593, 6594, 6605, 6604, 6648, 6649, 6660, 6659,
  6594, 6595, 6606, 6605, 6649, 6650, 6661, 6660,
  6595, 6596, 6607, 6606, 6650, 6651, 6662, 6661,
  6596, 6597, 6608, 6607, 6651, 6652, 6663, 6662,
  6597, 6598, 6609, 6608, 6652, 6653, 6664, 6663,
  6598, 6599, 6610, 6609, 6653, 6654, 6665, 6664,
  6599, 6600, 6611, 6610, 6654, 6655, 6666, 6665,
  5744, 5743, 6612, 6613, 5766, 5765, 6667, 6668,
  5743, 5747, 6614, 6612, 5765, 5769, 6669, 6667,
  5747, 5749, 6615, 6614, 5769, 5771, 6670, 6669,
  5749, 5751, 6616, 6615, 5771, 5773, 6671, 6670,
  5751, 5753, 6617, 6616, 5773, 5775, 6672, 6671,
  5753, 5755, 6618, 6617, 5775, 5777, 6673, 6672,
  5755, 5757, 6619, 6618, 5777, 5779, 6674, 6673,
  5757, 5759, 6620, 6619, 5779, 5781, 6675, 6674,
  5759, 5761, 6621, 6620, 5781, 5783, 6676, 6675,
  5761, 5763, 6622, 6621, 5783, 5785, 6677, 6676,
  6613, 6612, 6623, 6624, 6668, 6667, 6678, 6679,
  6612, 6614, 6625, 6623, 6667, 6669, 6680, 6678,
  6614, 6615, 6626, 6625, 6669, 6670, 6681, 6680,
  6615, 6616, 6627, 6626, 6670, 6671, 6682, 6681,
  6616, 6617, 6628, 6627, 6671, 6672, 6683, 6682,
  6617, 6618, 6629, 6628, 6672, 6673, 6684, 6683,
  6618, 6619, 6630, 6629, 6673, 6674, 6685, 6684,
  6619, 6620, 6631, 6630, 6674, 6675, 6686, 6685,
  6620, 6621, 6632, 6631, 6675, 6676, 6687, 6686,
  6621, 6622, 6633, 6632, 6676, 6677, 6688, 6687,
  6624, 6623, 6634, 6635, 6679, 6678, 6689, 6690,
  6623, 6625, 6636, 6634, 6678, 6680, 6691, 6689,
  6625, 6626, 6637, 6636, 6680, 6681, 6692, 6691,
  6626, 6627, 6638, 6637, 6681, 6682, 6693, 6692,
  6627, 6628, 6639, 6638, 6682, 6683, 6694, 6693,
  6628, 6629, 6640, 6639, 6683, 6684, 6695, 6694,
  6629, 6630, 6641, 6640, 6684, 6685, 6696, 6695,
  6630, 6631, 6642, 6641, 6685, 6686, 6697, 6696,
  6631, 6632, 6643, 6642, 6686, 6687, 6698, 6697,
  6632, 6633, 6644, 6643, 6687, 6688, 6699, 6698,
  6635, 6634, 6645, 6646, 6690, 6689, 6700, 6701,
  6634, 6636, 6647, 6645, 6689, 6691, 6702, 6700,
  6636, 6637, 6648, 6647, 6691, 6692, 6703, 6702,
  6637, 6638, 6649, 6648, 6692, 6693, 6704, 6703,
  6638, 6639, 6650, 6649, 6693, 6694, 6705, 6704,
  6639, 6640, 6651, 6650, 6694, 6695, 6706, 6705,
  6640, 6641, 6652, 6651, 6695, 6696, 6707, 6706,
  6641, 6642, 6653, 6652, 6696, 6697, 6708, 6707,
  6642, 6643, 6654, 6653, 6697, 6698, 6709, 6708,
  6643, 6644, 6655, 6654, 6698, 6699, 6710, 6709,
  6646, 6645, 6656, 6657, 6701, 6700, 6711, 6712,
  6645, 6647, 6658, 6656, 6700, 6702, 6713, 6711,
  6647, 6648, 6659, 6658, 6702, 6703, 6714, 6713,
  6648, 6649, 6660, 6659, 6703, 6704, 6715, 6714,
  6649, 6650, 6661, 6660, 6704, 6705, 6716, 6715,
  6650, 6651, 6662, 6661, 6705, 6706, 6717, 6716,
  6651, 6652, 6663, 6662, 6706, 6707, 6718, 6717,
  6652, 6653, 6664, 6663, 6707, 6708, 6719, 6718,
  6653, 6654, 6665, 6664, 6708, 6709, 6720, 6719,
  6654, 6655, 6666, 6665, 6709, 6710, 6721, 6720,
  5766, 5765, 6667, 6668, 5788, 5787, 6722, 6723,
  5765, 5769, 6669, 6667, 5787, 5791, 6724, 6722,
  5769, 5771, 6670, 6669, 5791, 5793, 6725, 6724,
  5771, 5773, 6671, 6670, 5793, 5795, 6726, 6725,
  5773, 5775, 6672, 6671, 5795, 5797, 6727, 6726,
  5775, 5777, 6673, 6672, 5797, 5799, 6728, 6727,
  5777, 5779, 6674, 6673, 5799, 5801, 6729, 6728,
  5779, 5781, 6675, 6674, 5801, 5803, 6730, 6729,
  5781, 5783, 6676, 6675, 5803, 5805, 6731, 6730,
  5783, 5785, 6677, 6676, 5805, 5807, 6732, 6731,
  6668, 6667, 6678, 6679, 6723, 6722, 6733, 6734,
  6667, 6669, 6680, 6678, 6722, 6724, 6735, 6733,
  6669, 6670, 6681, 6680, 6724, 6725, 6736, 6735,
  6670, 6671, 6682, 6681, 6725, 6726, 6737, 6736,
  6671, 6672, 6683, 6682, 6726, 6727, 6738, 6737,
  6672, 6673, 6684, 6683, 6727, 6728, 6739, 6738,
  6673, 6674, 6685, 6684, 6728, 6729, 6740, 6739,
  6674, 6675, 6686, 6685, 6729, 6730, 6741, 6740,
  6675, 6676, 6687, 6686, 6730, 6731, 6742, 6741,
  6676, 6677, 6688, 6687, 6731, 6732, 6743, 6742,
  6679, 6678, 6689, 6690, 6734, 6733, 6744, 6745,
  6678, 6680, 6691, 6689, 6733, 6735, 6746, 6744,
  6680, 6681, 6692, 6691, 6735, 6736, 6747, 6746,
  6681, 6682, 6693, 6692, 6736, 6737, 6748, 6747,
  6682, 6683, 6694, 6693, 6737, 6738, 6749, 6748,
  6683, 6684, 6695, 6694, 6738, 6739, 6750, 6749,
  6684, 6685, 6696, 6695, 6739, 6740, 6751, 6750,
  6685, 6686, 6697, 6696, 6740, 6741, 6752, 6751,
  6686, 6687, 6698, 6697, 6741, 6742, 6753, 6752,
  6687, 6688, 6699, 6698, 6742, 6743, 6754, 6753,
  6690, 6689, 6700, 6701, 6745, 6744, 6755, 6756,
  6689, 6691, 6702, 6700, 6744, 6746, 6757, 6755,
  6691, 6692, 6703, 6702, 6746, 6747, 6758, 6757,
  6692, 6693, 6704, 6703, 6747, 6748, 6759, 6758,
  6693, 6694, 6705, 6704, 6748, 6749, 6760, 6759,
  6694, 6695, 6706, 6705, 6749, 6750, 6761, 6760,
  6695, 6696, 6707, 6706, 6750, 6751, 6762, 6761,
  6696, 6697, 6708, 6707, 6751, 6752, 6763, 6762,
  6697, 6698, 6709, 6708, 6752, 6753, 6764, 6763,
  6698, 6699, 6710, 6709, 6753, 6754, 6765, 6764,
  6701, 6700, 6711, 6712, 6756, 6755, 6766, 6767,
  6700, 6702, 6713, 6711, 6755, 6757, 6768, 6766,
  6702, 6703, 6714, 6713, 6757, 6758, 6769, 6768,
  6703, 6704, 6715, 6714, 6758, 6759, 6770, 6769,
  6704, 6705, 6716, 6715, 6759, 6760, 6771, 6770,
  6705, 6706, 6717, 6716, 6760, 6761, 6772, 6771,
  6706, 6707, 6718, 6717, 6761, 6762, 6773, 6772,
  6707, 6708, 6719, 6718, 6762, 6763, 6774, 6773,
  6708, 6709, 6720, 6719, 6763, 6764, 6775, 6774,
  6709, 6710, 6721, 6720, 6764, 6765, 6776, 6775,
  5788, 5787, 6722, 6723, 5810, 5809, 6777, 6778,
  5787, 5791, 6724, 6722, 5809, 5813, 6779, 6777,
  5791, 5793, 6725, 6724, 5813, 5815, 6780, 6779,
  5793, 5795, 6726, 6725, 5815, 5817, 6781, 6780,
  5795, 5797, 6727, 6726, 5817, 5819, 6782, 6781,
  5797, 5799, 6728, 6727, 5819, 5821, 6783, 6782,
  5799, 5801, 6729, 6728, 5821, 5823, 6784, 6783,
  5801, 5803, 6730, 6729, 5823, 5825, 6785, 6784,
  5803, 5805, 6731, 6730, 5825, 5827, 6786, 6785,
  5805, 5807, 6732, 6731, 5827, 5829, 6787, 6786,
  6723, 6722, 6733, 6734, 6778, 6777, 6788, 6789,
  6722, 6724, 6735, 6733, 6777, 6779, 6790, 6788,
  6724, 6725, 6736, 6735, 6779, 6780, 6791, 6790,
  6725, 6726, 6737, 6736, 6780, 6781, 6792, 6791,
  6726, 6727, 6738, 6737, 6781, 6782, 6793, 6792,
  6727, 6728, 6739, 6738, 6782, 6783, 6794, 6793,
  6728, 6729, 6740, 6739, 6783, 6784, 6795, 6794,
  6729, 6730, 6741, 6740, 6784, 6785, 6796, 6795,
  6730, 6731, 6742, 6741, 6785, 6786, 6797, 6796,
  6731, 6732, 6743, 6742, 6786, 6787, 6798, 6797,
  6734, 6733, 6744, 6745, 6789, 6788, 6799, 6800,
  6733, 6735, 6746, 6744, 6788, 6790, 6801, 6799,
  6735, 6736, 6747, 6746, 6790, 6791, 6802, 6801,
  6736, 6737, 6748, 6747, 6791, 6792, 6803, 6802,
  6737, 6738, 6749, 6748, 6792, 6793, 6804, 6803,
  6738, 6739, 6750, 6749, 6793, 6794, 6805, 6804,
  6739, 6740, 6751, 6750, 6794, 6795, 6806, 6805,
  6740, 6741, 6752, 6751, 6795, 6796, 6807, 6806,
  6741, 6742, 6753, 6752, 6796, 6797, 6808, 6807,
  6742, 6743, 6754, 6753, 6797, 6798, 6809, 6808,
  6745, 6744, 6755, 6756, 6800, 6799, 6810, 6811,
  6744, 6746, 6757, 6755, 6799, 6801, 6812, 6810,
  6746, 6747, 6758, 6757, 6801, 6802, 6813, 6812,
  6747, 6748, 6759, 6758, 6802, 6803, 6814, 6813,
  6748, 6749, 6760, 6759, 6803, 6804, 6815, 6814,
  6749, 6750, 6761, 6760, 6804, 6805, 6816, 6815,
  6750, 6751, 6762, 6761, 6805, 6806, 6817, 6816,
  6751, 6752, 6763, 6762, 6806, 6807, 6818, 6817,
  6752, 6753, 6764, 6763, 6807, 6808, 6819, 6818,
  6753, 6754, 6765, 6764, 6808, 6809, 6820, 6819,
  6756, 6755, 6766, 6767, 6811, 6810, 6821, 6822,
  6755, 6757, 6768, 6766, 6810, 6812, 6823, 6821,
  6757, 6758, 6769, 6768, 6812, 6813, 6824, 6823,
  6758, 6759, 6770, 6769, 6813, 6814, 6825, 6824,
  6759, 6760, 6771, 6770, 6814, 6815, 6826, 6825,
  6760, 6761, 6772, 6771, 6815, 6816, 6827, 6826,
  6761, 6762, 6773, 6772, 6816, 6817, 6828, 6827,
  6762, 6763, 6774, 6773, 6817, 6818, 6829, 6828,
  6763, 6764, 6775, 6774, 6818, 6819, 6830, 6829,
  6764, 6765, 6776, 6775, 6819, 6820, 6831, 6830,
  5810, 5809, 6777, 6778, 5078, 4994, 4993, 5077,
  5809, 5813, 6779, 6777, 4994, 4910, 4909, 4993,
  5813, 5815, 6780, 6779, 4910, 4826, 4825, 4909,
  5815, 5817, 6781, 6780, 4826, 4742, 4741, 4825,
  5817, 5819, 6782, 6781, 4742, 4658, 4657, 4741,
  5819, 5821, 6783, 6782, 4658, 4574, 4573, 4657,
  5821, 5823, 6784, 6783, 4574, 4490, 4489, 4573,
  5823, 5825, 6785, 6784, 4490, 4406, 4405, 4489,
  5825, 5827, 6786, 6785, 4406, 4318, 4317, 4405,
  5827, 5829, 6787, 6786, 4318, 4316, 4315, 4317,
  6778, 6777, 6788, 6789, 5077, 4993, 4995, 5079,
  6777, 6779, 6790, 6788, 4993, 4909, 4911, 4995,
  6779, 6780, 6791, 6790, 4909, 4825, 4827, 4911,
  6780, 6781, 6792, 6791, 4825, 4741, 4743, 4827,
  6781, 6782, 6793, 6792, 4741, 4657, 4659, 4743,
  6782, 6783, 6794, 6793, 4657, 4573, 4575, 4659,
  6783, 6784, 6795, 6794, 4573, 4489, 4491, 4575,
  6784, 6785, 6796, 6795, 4489, 4405, 4407, 4491,
  6785, 6786, 6797, 6796, 4405, 4317, 4320, 4407,
  6786, 6787, 6798, 6797, 4317, 4315, 4319, 4320,
  6789, 6788, 6799, 6800, 5079, 4995, 4996, 5080,
  6788, 6790, 6801, 6799, 4995, 4911, 4912, 4996,
  6790, 6791, 6802, 6801, 4911, 4827, 4828, 4912,
  6791, 6792, 6803, 6802, 4827, 4743, 4744, 4828,
  6792, 6793, 6804, 6803, 4743, 4659, 4660, 4744,
  6793, 6794, 6805, 6804, 4659, 4575, 4576, 4660,
  6794, 6795, 6806, 6805, 4575, 4491, 4492, 4576,
  6795, 6796, 6807, 6806, 4491, 4407, 4408, 4492,
  6796, 6797, 6808, 6807, 4407, 4320, 4322, 4408,
  6797, 6798, 6809, 6808, 4320, 4319, 4321, 4322,
  6800, 6799, 6810, 6811, 5080, 4996, 4997, 5081,
  6799, 6801, 6812, 6810, 4996, 4912, 4913, 4997,
  6801, 6802, 6813, 6812, 4912, 4828, 4829, 4913,
  6802, 6803, 6814, 6813, 4828, 4744, 4745, 4829,
  6803, 6804, 6815, 6814, 4744, 4660, 4661, 4745,
  6804, 6805, 6816, 6815, 4660, 4576, 4577, 4661,
  6805, 6806, 6817, 6816, 4576, 4492, 4493, 4577,
  6806, 6807, 6818, 6817, 4492, 4408, 4409, 4493,
  6807, 6808, 6819, 6818, 4408, 4322, 4324, 4409,
  6808, 6809, 6820, 6819, 4322, 4321, 4323, 4324,
  6811, 6810, 6821, 6822, 5081, 4997, 4998, 5082,
  6810, 6812, 6823, 6821, 4997, 4913, 4914, 4998,
  6812, 6813, 6824, 6823, 4913, 4829, 4830, 4914,
  6813, 6814, 6825, 6824, 4829, 4745, 4746, 4830,
  6814, 6815, 6826, 6825, 4745, 4661, 4662, 4746,
  6815, 6816, 6827, 6826, 4661, 4577, 4578, 4662,
  6816, 6817, 6828, 6827, 4577, 4493, 4494, 4578,
  6817, 6818, 6829, 6828, 4493, 4409, 4410, 4494,
  6818, 6819, 6830, 6829, 4409, 4324, 4326, 4410,
  6819, 6820, 6831, 6830, 4324, 4323, 4325, 4326,
  5411, 6832, 6833, 5412, 5409, 6834, 6835, 5410,
  6832, 6836, 6837, 6833, 6834, 6838, 6839, 6835,
  6836, 6840, 6841, 6837, 6838, 6842, 6843, 6839,
  6840, 6844, 6845, 6841, 6842, 6846, 6847, 6843,
  6844, 6848, 6849, 6845, 6846, 6850, 6851, 6847,
  5412, 6833, 6852, 5423, 5410, 6835, 6853, 5422,
  6833, 6837, 6854, 6852, 6835, 6839, 6855, 6853,
  6837, 6841, 6856, 6854, 6839, 6843, 6857, 6855,
  6841, 6845, 6858, 6856, 6843, 6847, 6859, 6857,
  6845, 6849, 6860, 6858, 6847, 6851, 6861, 6859,
  5423, 6852, 6862, 5434, 5422, 6853, 6863, 5433,
  6852, 6854, 6864, 6862, 6853, 6855, 6865, 6863,
  6854, 6856, 6866, 6864, 6855, 6857, 6867, 6865,
  6856, 6858, 6868, 6866, 6857, 6859, 6869, 6867,
  6858, 6860, 6870, 6868, 6859, 6861, 6871, 6869,
  5434, 6862, 6872, 5445, 5433, 6863, 6873, 5444,
  6862, 6864, 6874, 6872, 6863, 6865, 6875, 6873,
  6864, 6866, 6876, 6874, 6865, 6867, 6877, 6875,
  6866, 6868, 6878, 6876, 6867, 6869, 6879, 6877,
  6868, 6870, 6880, 6878, 6869, 6871, 6881, 6879,
  5445, 6872, 6882, 5456, 5444, 6873, 6883, 5455,
  6872, 6874, 6884, 6882, 6873, 6875, 6885, 6883,
  6874, 6876, 6886, 6884, 6875, 6877, 6887, 6885,
  6876, 6878, 6888, 6886, 6877, 6879, 6889, 6887,
  6878, 6880, 6890, 6888, 6879, 6881, 6891, 6889,
  5456, 6882, 6892, 5467, 5455, 6883, 6893, 5466,
  6882, 6884, 6894, 6892, 6883, 6885, 6895, 6893,
  6884, 6886, 6896, 6894, 6885, 6887, 6897, 6895,
  6886, 6888, 6898, 6896, 6887, 6889, 6899, 6897,
  6888, 6890, 6900, 6898, 6889, 6891, 6901, 6899,
  5467, 6892, 6902, 5478, 5466, 6893, 6903, 5477,
  6892, 6894, 6904, 6902, 6893, 6895, 6905, 6903,
  6894, 6896, 6906, 6904, 6895, 6897, 6907, 6905,
  6896, 6898, 6908, 6906, 6897, 6899, 6909, 6907,
  6898, 6900, 6910, 6908, 6899, 6901, 6911, 6909,
  5478, 6902, 6912, 5489, 5477, 6903, 6913, 5488,
  6902, 6904, 6914, 6912, 6903, 6905, 6915, 6913,
  6904, 6906, 6916, 6914, 6905, 6907, 6917, 6915,
  6906, 6908, 6918, 6916, 6907, 6909, 6919, 6917,
  6908, 6910, 6920, 6918, 6909, 6911, 6921, 6919,
  5489, 6912, 6922, 5500, 5488, 6913, 6923, 5499,
  6912, 6914, 6924, 6922, 6913, 6915, 6925, 6923,
  6914, 6916, 6926, 6924, 6915, 6917, 6927, 6925,
  6916, 6918, 6928, 6926, 6917, 6919, 6929, 6927,
  6918, 6920, 6930, 6928, 6919, 6921, 6931, 6929,
  5500, 6922, 6932, 5511, 5499, 6923, 6933, 5510,
  6922, 6924, 6934, 6932, 6923, 6925, 6935, 6933,
  6924, 6926, 6936, 6934, 6925, 6927, 6937, 6935,
  6926, 6928, 6938, 6936, 6927, 6929, 6939, 6937,
  6928, 6930, 6940, 6938, 6929, 6931, 6941, 6939,
  5511, 6932, 6942, 5522, 5510, 6933, 6943, 5521,
  6932, 6934, 6944, 6942, 6933, 6935, 6945, 6943,
  6934, 6936, 6946, 6944, 6935, 6937, 6947, 6945,
  6936, 6938, 6948, 6946, 6937, 6939, 6949, 6947,
  6938, 6940, 6950, 6948, 6939, 6941, 6951, 6949,
  5522, 6942, 6952, 5533, 5521, 6943, 6953, 5532,
  6942, 6944, 6954, 6952, 6943, 6945, 6955, 6953,
  6944, 6946, 6956, 6954, 6945, 6947, 6957, 6955,
  6946, 6948, 6958, 6956, 6947, 6949, 6959, 6957,
  6948, 6950, 6960, 6958, 6949, 6951, 6961, 6959,
  5533, 6952, 6962, 5544, 5532, 6953, 6963, 5543,
  6952, 6954, 6964, 6962, 6953, 6955, 6965, 6963,
  6954, 6956, 6966, 6964, 6955, 6957, 6967, 6965,
  6956, 6958, 6968, 6966, 6957, 6959, 6969, 6967,
  6958, 6960, 6970, 6968, 6959, 6961, 6971, 6969,
  5409, 6834, 6835, 5410, 5407, 6972, 6973, 5408,
  6834, 6838, 6839, 6835, 6972, 6974, 6975, 6973,
  6838, 6842, 6843, 6839, 6974, 6976, 6977, 6975,
  6842, 6846, 6847, 6843, 6976, 6978, 6979, 6977,
  6846, 6850, 6851, 6847, 6978, 6980, 6981, 6979,
  5410, 6835, 6853, 5422, 5408, 6973, 6982, 5421,
  6835, 6839, 6855, 6853, 6973, 6975, 6983, 6982,
  6839, 6843, 6857, 6855, 6975, 6977, 6984, 6983,
  6843, 6847, 6859, 6857, 6977, 6979, 6985, 6984,
  6847, 6851, 6861, 6859, 6979, 6981, 6986, 6985,
  5422, 6853, 6863, 5433, 5421, 6982, 6987, 5432,
  6853, 6855, 6865, 6863, 6982, 6983, 6988, 6987,
  6855, 6857, 6867, 6865, 6983, 6984, 6989, 6988,
  6857, 6859, 6869, 6867, 6984, 6985, 6990, 6989,
  6859, 6861, 6871, 6869, 6985, 6986, 6991, 6990,
  5433, 6863, 6873, 5444, 5432, 6987, 6992, 5443,
  6863, 6865, 6875, 6873, 6987, 6988, 6993, 6992,
  6865, 6867, 6877, 6875, 6988, 6989, 6994, 6993,
  6867, 6869, 6879, 6877, 6989, 6990, 6995, 6994,
  6869, 6871, 6881, 6879, 6990, 6991, 6996, 6995,
  5444, 6873, 6883, 5455, 5443, 6992, 6997, 5454,
  6873, 6875, 6885, 6883, 6992, 6993, 6998, 6997,
  6875, 6877, 6887, 6885, 6993, 6994, 6999, 6998,
  6877, 6879, 6889, 6887, 6994, 6995, 7000, 6999,
  6879, 6881, 6891, 6889, 6995, 6996, 7001, 7000,
  5455, 6883, 6893, 5466, 5454, 6997, 7002, 5465,
  6883, 6885, 6895, 6893, 6997, 6998, 7003, 7002,
  6885, 6887, 6897, 6895, 6998, 6999, 7004, 7003,
  6887, 6889, 6899, 6897, 6999, 7000, 7005, 7004,
  6889, 6891, 6901, 6899, 7000, 7001, 7006, 7005,
  5466, 6893, 6903, 5477, 5465, 7002, 7007, 5476,
  6893, 6895, 6905, 6903, 7002, 7003, 7008, 7007,
  6895, 6897, 6907, 6905, 7003, 7004, 7009, 7008,
  6897, 6899, 6909, 6907, 7004, 7005, 7010, 7009,
  6899, 6901, 6911, 6909, 7005, 7006, 7011, 7010,
  5477, 6903, 6913, 5488, 5476, 7007, 7012, 5487,
  6903, 6905, 6915, 6913, 7007, 7008, 7013, 7012,
  6905, 6907, 6917, 6915, 7008, 7009, 7014, 7013,
  6907, 6909, 6919, 6917, 7009, 7010, 7015, 7014,
  6909, 6911, 6921, 6919, 7010, 7011, 7016, 7015,
  5488, 6913, 6923, 5499, 5487, 7012, 7017, 5498,
  6913, 6915, 6925, 6923, 7012, 7013, 7018, 7017,
  6915, 6917, 6927, 6925, 7013, 7014, 7019, 7018,
  6917, 6919, 6929, 6927, 7014, 7015, 7020, 7019,
  6919, 6921, 6931, 6929, 7015, 7016, 7021, 7020,
  5499, 6923, 6933, 5510, 5498, 7017, 7022, 5509,
  6923, 6925, 6935, 6933, 7017, 7018, 7023, 7022,
  6925, 6927, 6937, 6935, 7018, 7019, 7024, 7023,
  6927, 6929, 6939, 6937, 7019, 7020, 7025, 7024,
  6929, 6931, 6941, 6939, 7020, 7021, 7026, 7025,
  5510, 6933, 6943, 5521, 5509, 7022, 7027, 5520,
  6933, 6935, 6945, 6943, 7022, 7023, 7028, 7027,
  6935, 6937, 6947, 6945, 7023, 7024, 7029, 7028,
  6937, 6939, 6949, 6947, 7024, 7025, 7030, 7029,
  6939, 6941, 6951, 6949, 7025, 7026, 7031, 7030,
  5521, 6943, 6953, 5532, 5520, 7027, 7032, 5531,
  6943, 6945, 6955, 6953, 7027, 7028, 7033, 7032,
  6945, 6947, 6957, 6955, 7028, 7029, 7034, 7033,
  6947, 6949, 6959, 6957, 7029, 7030, 7035, 7034,
  6949, 6951, 6961, 6959, 7030, 7031, 7036, 7035,
  5532, 6953, 6963, 5543, 5531, 7032, 7037, 5542,
  6953, 6955, 6965, 6963, 7032, 7033, 7038, 7037,
  6955, 6957, 6967, 6965, 7033, 7034, 7039, 7038,
  6957, 6959, 6969, 6967, 7034, 7035, 7040, 7039,
  6959, 6961, 6971, 6969, 7035, 7036, 7041, 7040,
  5407, 6972, 6973, 5408, 5405, 7042, 7043, 5406,
  6972, 6974, 6975, 6973, 7042, 7044, 7045, 7043,
  6974, 6976, 6977, 6975, 7044, 7046, 7047, 7045,
  6976, 6978, 6979, 6977, 7046, 7048, 7049, 7047,
  6978, 6980, 6981, 6979, 7048, 7050, 7051, 7049,
  5408, 6973, 6982, 5421, 5406, 7043, 7052, 5420,
  6973, 6975, 6983, 6982, 7043, 7045, 7053, 7052,
  6975, 6977, 6984, 6983, 7045, 7047, 7054, 7053,
  6977, 6979, 6985, 6984, 7047, 7049, 7055, 7054,
  6979, 6981, 6986, 6985, 7049, 7051, 7056, 7055,
  5421, 6982, 6987, 5432, 5420, 7052, 7057, 5431,
  6982, 6983, 6988, 6987, 7052, 7053, 7058, 7057,
  6983, 6984, 6989, 6988, 7053, 7054, 7059, 7058,
  6984, 6985, 6990, 6989, 7054, 7055, 7060, 7059,
  6985, 6986, 6991, 6990, 7055, 7056, 7061, 7060,
  5432, 6987, 6992, 5443, 5431, 7057, 7062, 5442,
  6987, 6988, 6993, 6992, 7057, 7058, 7063, 7062,
  6988, 6989, 6994, 6993, 7058, 7059, 7064, 7063,
  6989, 6990, 6995, 6994, 7059, 7060, 7065, 7064,
  6990, 6991, 6996, 6995, 7060, 7061, 7066, 7065,
  5443, 6992, 6997, 5454, 5442, 7062, 7067, 5453,
  6992, 6993, 6998, 6997, 7062, 7063, 7068, 7067,
  6993, 6994, 6999, 6998, 7063, 7064, 7069, 7068,
  6994, 6995, 7000, 6999, 7064, 7065, 7070, 7069,
  6995, 6996, 7001, 7000, 7065, 7066, 7071, 7070,
  5454, 6997, 7002, 5465, 5453, 7067, 7072, 5464,
  6997, 6998, 7003, 7002, 7067, 7068, 7073, 7072,
  6998, 6999, 7004, 7003, 7068, 7069, 7074, 7073,
  6999, 7000, 7005, 7004, 7069, 7070, 7075, 7074,
  7000, 7001, 7006, 7005, 7070, 7071, 7076, 7075,
  5465, 7002, 7007, 5476, 5464, 7072, 7077, 5475,
  7002, 7003, 7008, 7007, 7072, 7073, 7078, 7077,
  7003, 7004, 7009, 7008, 7073, 7074, 7079, 7078,
  7004, 7005, 7010, 7009, 7074, 7075, 7080, 7079,
  7005, 7006, 7011, 7010, 7075, 7076, 7081, 7080,
  5476, 7007, 7012, 5487, 5475, 7077, 7082, 5486,
  7007, 7008, 7013, 7012, 7077, 7078, 7083, 7082,
  7008, 7009, 7014, 7013, 7078, 7079, 7084, 7083,
  7009, 7010, 7015, 7014, 7079, 7080, 7085, 7084,
  7010, 7011, 7016, 7015, 7080, 7081, 7086, 7085,
  5487, 7012, 7017, 5498, 5486, 7082, 7087, 5497,
  7012, 7013, 7018, 7017, 7082, 7083, 7088, 7087,
  7013, 7014, 7019, 7018, 7083, 7084, 7089, 7088,
  7014, 7015, 7020, 7019, 7084, 7085, 7090, 7089,
  7015, 7016, 7021, 7020, 7085, 7086, 7091, 7090,
  5498, 7017, 7022, 5509, 5497, 7087, 7092, 5508,
  7017, 7018, 7023, 7022, 7087, 7088, 7093, 7092,
  7018, 7019, 7024, 7023, 7088, 7089, 7094, 7093,
  7019, 7020, 7025, 7024, 7089, 7090, 7095, 7094,
  7020, 7021, 7026, 7025, 7090, 7091, 7096, 7095,
  5509, 7022, 7027, 5520, 5508, 7092, 7097, 5519,
  7022, 7023, 7028, 7027, 7092, 7093, 7098, 7097,
  7023, 7024, 7029, 7028, 7093, 7094, 7099, 7098,
  7024, 7025, 7030, 7029, 7094, 7095, 7100, 7099,
  7025, 7026, 7031, 7030, 7095, 7096, 7101, 7100,
  5520, 7027, 7032, 5531, 5519, 7097, 7102, 5530,
  7027, 7028, 7033, 7032, 7097, 7098, 7103, 7102,
  7028, 7029, 7034, 7033, 7098, 7099, 7104, 7103,
  7029, 7030, 7035, 7034, 7099, 7100, 7105, 7104,
  7030, 7031, 7036, 7035, 7100, 7101, 7106, 7105,
  5531, 7032, 7037, 5542, 5530, 7102, 7107, 5541,
  7032, 7033, 7038, 7037, 7102, 7103, 7108, 7107,
  7033, 7034, 7039, 7038, 7103, 7104, 7109, 7108,
  7034, 7035, 7040, 7039, 7104, 7105, 7110, 7109,
  7035, 7036, 7041, 7040, 7105, 7106, 7111, 7110,
  5405, 7042, 7043, 5406, 5403, 7112, 7113, 5404,
  7042, 7044, 7045, 7043, 7112, 7114, 7115, 7113,
  7044, 7046, 7047, 7045, 7114, 7116, 7117, 7115,
  7046, 7048, 7049, 7047, 7116, 7118, 7119, 7117,
  7048, 7050, 7051, 7049, 7118, 7120, 7121, 7119,
  5406, 7043, 7052, 5420, 5404, 7113, 7122, 5419,
  7043, 7045, 7053, 7052, 7113, 7115, 7123, 7122,
  7045, 7047, 7054, 7053, 7115, 7117, 7124, 7123,
  7047, 7049, 7055, 7054, 7117, 7119, 7125, 7124,
  7049, 7051, 7056, 7055, 7119, 7121, 7126, 7125,
  5420, 7052, 7057, 5431, 5419, 7122, 7127, 5430,
  7052, 7053, 7058, 7057, 7122, 7123, 7128, 7127,
  7053, 7054, 7059, 7058, 7123, 7124, 7129, 7128,
  7054, 7055, 7060, 7059, 7124, 7125, 7130, 7129,
  7055, 7056, 7061, 7060, 7125, 7126, 7131, 7130,
  5431, 7057, 7062, 5442, 5430, 7127, 7132, 5441,
  7057, 7058, 7063, 7062, 7127, 7128, 7133, 7132,
  7058, 7059, 7064, 7063, 7128, 7129, 7134, 7133,
  7059, 7060, 7065, 7064, 7129, 7130, 7135, 7134,
  7060, 7061, 7066, 7065, 7130, 7131, 7136, 7135,
  5442, 7062, 7067, 5453, 5441, 7132, 7137, 5452,
  7062, 7063, 7068, 7067, 7132, 7133, 7138, 7137,
  7063, 7064, 7069, 7068, 7133, 7134, 7139, 7138,
  7064, 7065, 7070, 7069, 7134, 7135, 7140, 7139,
  7065, 7066, 7071, 7070, 7135, 7136, 7141, 7140,
  5453, 7067, 7072, 5464, 5452, 7137, 7142, 5463,
  7067, 7068, 7073, 7072, 7137, 7138, 7143, 7142,
  7068, 7069, 7074, 7073, 7138, 7139, 7144, 7143,
  7069, 7070, 7075, 7074, 7139, 7140, 7145, 7144,
  7070, 7071, 7076, 7075, 7140, 7141, 7146, 7145,
  5464, 7072, 7077, 5475, 5463, 7142, 7147, 5474,
  7072, 7073, 7078, 7077, 7142, 7143, 7148, 7147,
  7073, 7074, 7079, 7078, 7143, 7144, 7149, 7148,
  7074, 7075, 7080, 7079, 7144, 7145, 7150, 7149,
  7075, 7076, 7081, 7080, 7145, 7146, 7151, 7150,
  5475, 7077, 7082, 5486, 5474, 7147, 7152, 5485,
  7077, 7078, 7083, 7082, 7147, 7148, 7153, 7152,
  7078, 7079, 7084, 7083, 7148, 7149, 7154, 7153,
  7079, 7080, 7085, 7084, 7149, 7150, 7155, 7154,
  7080, 7081, 7086, 7085, 7150, 7151, 7156, 7155,
  5486, 7082, 7087, 5497, 5485, 7152, 7157, 5496,
  7082, 7083, 7088, 7087, 7152, 7153, 7158, 7157,
  7083, 7084, 7089, 7088, 7153, 7154, 7159, 7158,
  7084, 7085, 7090, 7089, 7154, 7155, 7160, 7159,
  7085, 7086, 7091, 7090, 7155, 7156, 7161, 7160,
  5497, 7087, 7092, 5508, 5496, 7157, 7162, 5507,
  7087, 7088, 7093, 7092, 7157, 7158, 7163, 7162,
  7088, 7089, 7094, 7093, 7158, 7159, 7164, 7163,
  7089, 7090, 7095, 7094, 7159, 7160, 7165, 7164,
  7090, 7091, 7096, 7095, 7160, 7161, 7166, 7165,
  5508, 7092, 7097, 5519, 5507, 7162, 7167, 5518,
  7092, 7093, 7098, 7097, 7162, 7163, 7168, 7167,
  7093, 7094, 7099, 7098, 7163, 7164, 7169, 7168,
  7094, 7095, 7100, 7099, 7164, 7165, 7170, 7169,
  7095, 7096, 7101, 7100, 7165, 7166, 7171, 7170,
  5519, 7097, 7102, 5530, 5518, 7167, 7172, 5529,
  7097, 7098, 7103, 7102, 7167, 7168, 7173, 7172,
  7098, 7099, 7104, 7103, 7168, 7169, 7174, 7173,
  7099, 7100, 7105, 7104, 7169, 7170, 7175, 7174,
  7100, 7101, 7106, 7105, 7170, 7171, 7176, 7175,
  5530, 7102, 7107, 5541, 5529, 7172, 7177, 5540,
  7102, 7103, 7108, 7107, 7172, 7173, 7178, 7177,
  7103, 7104, 7109, 7108, 7173, 7174, 7179, 7178,
  7104, 7105, 7110, 7109, 7174, 7175, 7180, 7179,
  7105, 7106, 7111, 7110, 7175, 7176, 7181, 7180,
  5403, 7112, 7113, 5404, 5401, 7182, 7183, 5402,
  7112, 7114, 7115, 7113, 7182, 7184, 7185, 7183,
  7114, 7116, 7117, 7115, 7184, 7186, 7187, 7185,
  7116, 7118, 7119, 7117, 7186, 7188, 7189, 7187,
  7118, 7120, 7121, 7119, 7188, 7190, 7191, 7189,
  5404, 7113, 7122, 5419, 5402, 7183, 7192, 5418,
  7113, 7115, 7123, 7122, 7183, 7185, 7193, 7192,
  7115, 7117, 7124, 7123, 7185, 7187, 7194, 7193,
  7117, 7119, 7125, 7124, 7187, 7189, 7195, 7194,
  7119, 7121, 7126, 7125, 7189, 7191, 7196, 7195,
  5419, 7122, 7127, 5430, 5418, 7192, 7197, 5429,
  7122, 7123, 7128, 7127, 7192, 7193, 7198, 7197,
  7123, 7124, 7129, 7128, 7193, 7194, 7199, 7198,
  7124, 7125, 7130, 7129, 7194, 7195, 7200, 7199,
  7125, 7126, 7131, 7130, 7195, 7196, 7201, 7200,
  5430, 7127, 7132, 5441, 5429, 7197, 7202, 5440,
  7127, 7128, 7133, 7132, 7197, 7198, 7203, 7202,
  7128, 7129, 7134, 7133, 7198, 7199, 7204, 7203,
  7129, 7130, 7135, 7134, 7199, 7200, 7205, 7204,
  7130, 7131, 7136, 7135, 7200, 7201, 7206, 7205,
  5441, 7132, 7137, 5452, 5440, 7202, 7207, 5451,
  7132, 7133, 7138, 7137, 7202, 7203, 7208, 7207,
  7133, 7134, 7139, 7138, 7203, 7204, 7209, 7208,
  7134, 7135, 7140, 7139, 7204, 7205, 7210, 7209,
  7135, 7136, 7141, 7140, 7205, 7206, 7211, 7210,
  5452, 7137, 7142, 5463, 5451, 7207, 7212, 5462,
  7137, 7138, 7143, 7142, 7207, 7208, 7213, 7212,
  7138, 7139, 7144, 7143, 7208, 7209, 7214, 7213,
  7139, 7140, 7145, 7144, 7209, 7210, 7215, 7214,
  7140, 7141, 7146, 7145, 7210, 7211, 7216, 7215,
  5463, 7142, 7147, 5474, 5462, 7212, 7217, 5473,
  7142, 7143, 7148, 7147, 7212, 7213, 7218, 7217,
  7143, 7144, 7149, 7148, 7213, 7214, 7219, 7218,
  7144, 7145, 7150, 7149, 7214, 7215, 7220, 7219,
  7145, 7146, 7151, 7150, 7215, 7216, 7221, 7220,
  5474, 7147, 7152, 5485, 5473, 7217, 7222, 5484,
  7147, 7148, 7153, 7152, 7217, 7218, 7223, 7222,
  7148, 7149, 7154, 7153, 7218, 7219, 7224, 7223,
  7149, 7150, 7155, 7154, 7219, 7220, 7225, 7224,
  7150, 7151, 7156, 7155, 7220, 7221, 7226, 7225,
  5485, 7152, 7157, 5496, 5484, 7222, 7227, 5495,
  7152, 7153, 7158, 7157, 7222, 7223, 7228, 7227,
  7153, 7154, 7159, 7158, 7223, 7224, 7229, 7228,
  7154, 7155, 7160, 7159, 7224, 7225, 7230, 7229,
  7155, 7156, 7161, 7160, 7225, 7226, 7231, 7230,
  5496, 7157, 7162, 5507, 5495, 7227, 7232, 5506,
  7157, 7158, 7163, 7162, 7227, 7228, 7233, 7232,
  7158, 7159, 7164, 7163, 7228, 7229, 7234, 7233,
  7159, 7160, 7165, 7164, 7229, 7230, 7235, 7234,
  7160, 7161, 7166, 7165, 7230, 7231, 7236, 7235,
  5507, 7162, 7167, 5518, 5506, 7232, 7237, 5517,
  7162, 7163, 7168, 7167, 7232, 7233, 7238, 7237,
  7163, 7164, 7169, 7168, 7233, 7234, 7239, 7238,
  7164, 7165, 7170, 7169, 7234, 7235, 7240, 7239,
  7165, 7166, 7171, 7170, 7235, 7236, 7241, 7240,
  5518, 7167, 7172, 5529, 5517, 7237, 7242, 5528,
  7167, 7168, 7173, 7172, 7237, 7238, 7243, 7242,
  7168, 7169, 7174, 7173, 7238, 7239, 7244, 7243,
  7169, 7170, 7175, 7174, 7239, 7240, 7245, 7244,
  7170, 7171, 7176, 7175, 7240, 7241, 7246, 7245,
  5529, 7172, 7177, 5540, 5528, 7242, 7247, 5539,
  7172, 7173, 7178, 7177, 7242, 7243, 7248, 7247,
  7173, 7174, 7179, 7178, 7243, 7244, 7249, 7248,
  7174, 7175, 7180, 7179, 7244, 7245, 7250, 7249,
  7175, 7176, 7181, 7180, 7245, 7246, 7251, 7250,
  5401, 7182, 7183, 5402, 5399, 7252, 7253, 5400,
  7182, 7184, 7185, 7183, 7252, 7254, 7255, 7253,
  7184, 7186, 7187, 7185, 7254, 7256, 7257, 7255,
  7186, 7188, 7189, 7187, 7256, 7258, 7259, 7257,
  7188, 7190, 7191, 7189, 7258, 7260, 7261, 7259,
  5402, 7183, 7192, 5418, 5400, 7253, 7262, 5417,
  7183, 7185, 7193, 7192, 7253, 7255, 7263, 7262,
  7185, 7187, 7194, 7193, 7255, 7257, 7264, 7263,
  7187, 7189, 7195, 7194, 7257, 7259, 7265, 7264,
  7189, 7191, 7196, 7195, 7259, 7261, 7266, 7265,
  5418, 7192, 7197, 5429, 5417, 7262, 7267, 5428,
  7192, 7193, 7198, 7197, 7262, 7263, 7268, 7267,
  7193, 7194, 7199, 7198, 7263, 7264, 7269, 7268,
  7194, 7195, 7200, 7199, 7264, 7265, 7270, 7269,
  7195, 7196, 7201, 7200, 7265, 7266, 7271, 7270,
  5429, 7197, 7202, 5440, 5428, 7267, 7272, 5439,
  7197, 7198, 7203, 7202, 7267, 7268, 7273, 7272,
  7198, 7199, 7204, 7203, 7268, 7269, 7274, 7273,
  7199, 7200, 7205, 7204, 7269, 7270, 7275, 7274,
  7200, 7201, 7206, 7205, 7270, 7271, 7276, 7275,
  5440, 7202, 7207, 5451, 5439, 7272, 7277, 5450,
  7202, 7203, 7208, 7207, 7272, 7273, 7278, 7277,
  7203, 7204, 7209, 7208, 7273, 7274, 7279, 7278,
  7204, 7205, 7210, 7209, 7274, 7275, 7280, 7279,
  7205, 7206, 7211, 7210, 7275, 7276, 7281, 7280,
  5451, 7207, 7212, 5462, 5450, 7277, 7282, 5461,
  7207, 7208, 7213, 7212, 7277, 7278, 7283, 7282,
  7208, 7209, 7214, 7213, 7278, 7279, 7284, 7283,
  7209, 7210, 7215, 7214, 7279, 7280, 7285, 7284,
  7210, 7211, 7216, 7215, 7280, 7281, 7286, 7285,
  5462, 7212, 7217, 5473, 5461, 7282, 7287, 5472,
  7212, 7213, 7218, 7217, 7282, 7283, 7288, 7287,
  7213, 7214, 7219, 7218, 7283, 7284, 7289, 7288,
  7214, 7215, 7220, 7219, 7284, 7285, 7290, 7289,
  7215, 7216, 7221, 7220, 7285, 7286, 7291, 7290,
  5473, 7217, 7222, 5484, 5472, 7287, 7292, 5483,
  7217, 7218, 7223, 7222, 7287, 7288, 7293, 7292,
  7218, 7219, 7224, 7223, 7288, 7289, 7294, 7293,
  7219, 7220, 7225, 7224, 7289, 7290, 7295, 7294,
  7220, 7221, 7226, 7225, 7290, 7291, 7296, 7295,
  5484, 7222, 7227, 5495, 5483, 7292, 7297, 5494,
  7222, 7223, 7228, 7227, 7292, 7293, 7298, 7297,
  7223, 7224, 7229, 7228, 7293, 7294, 7299, 7298,
  7224, 7225, 7230, 7229, 7294, 7295, 7300, 7299,
  7225, 7226, 7231, 7230, 7295, 7296, 7301, 7300,
  5495, 7227, 7232, 5506, 5494, 7297, 7302, 5505,
  7227, 7228, 7233, 7232, 7297, 7298, 7303, 7302,
  7228, 7229, 7234, 7233, 7298, 7299, 7304, 7303,
  7229, 7230, 7235, 7234, 7299, 7300, 7305, 7304,
  7230, 7231, 7236, 7235, 7300, 7301, 7306, 7305,
  5506, 7232, 7237, 5517, 5505, 7302, 7307, 5516,
  7232, 7233, 7238, 7237, 7302, 7303, 7308, 7307,
  7233, 7234, 7239, 7238, 7303, 7304, 7309, 7308,
  7234, 7235, 7240, 7239, 7304, 7305, 7310, 7309,
  7235, 7236, 7241, 7240, 7305, 7306, 7311, 7310,
  5517, 7237, 7242, 5528, 5516, 7307, 7312, 5527,
  7237, 7238, 7243, 7242, 7307, 7308, 7313, 7312,
  7238, 7239, 7244, 7243, 7308, 7309, 7314, 7313,
  7239, 7240, 7245, 7244, 7309, 7310, 7315, 7314,
  7240, 7241, 7246, 7245, 7310, 7311, 7316, 7315,
  5528, 7242, 7247, 5539, 5527, 7312, 7317, 5538,
  7242, 7243, 7248, 7247, 7312, 7313, 7318, 7317,
  7243, 7244, 7249, 7248, 7313, 7314, 7319, 7318,
  7244, 7245, 7250, 7249, 7314, 7315, 7320, 7319,
  7245, 7246, 7251, 7250, 7315, 7316, 7321, 7320,
  5399, 7252, 7253, 5400, 5397, 7322, 7323, 5398,
  7252, 7254, 7255, 7253, 7322, 7324, 7325, 7323,
  7254, 7256, 7257, 7255, 7324, 7326, 7327, 7325,
  7256, 7258, 7259, 7257, 7326, 7328, 7329, 7327,
  7258, 7260, 7261, 7259, 7328, 7330, 7331, 7329,
  5400, 7253, 7262, 5417, 5398, 7323, 7332, 5416,
  7253, 7255, 7263, 7262, 7323, 7325, 7333, 7332,
  7255, 7257, 7264, 7263, 7325, 7327, 7334, 7333,
  7257, 7259, 7265, 7264, 7327, 7329, 7335, 7334,
  7259, 7261, 7266, 7265, 7329, 7331, 7336, 7335,
  5417, 7262, 7267, 5428, 5416, 7332, 7337, 5427,
  7262, 7263, 7268, 7267, 7332, 7333, 7338, 7337,
  7263, 7264, 7269, 7268, 7333, 7334, 7339, 7338,
  7264, 7265, 7270, 7269, 7334, 7335, 7340, 7339,
  7265, 7266, 7271, 7270, 7335, 7336, 7341, 7340,
  5428, 7267, 7272, 5439, 5427, 7337, 7342, 5438,
  7267, 7268, 7273, 7272, 7337, 7338, 7343, 7342,
  7268, 7269, 7274, 7273, 7338, 7339, 7344, 7343,
  7269, 7270, 7275, 7274, 7339, 7340, 7345, 7344,
  7270, 7271, 7276, 7275, 7340, 7341, 7346, 7345,
  5439, 7272, 7277, 5450, 5438, 7342, 7347, 5449,
  7272, 7273, 7278, 7277, 7342, 7343, 7348, 7347,
  7273, 7274, 7279, 7278, 7343, 7344, 7349, 7348,
  7274, 7275, 7280, 7279, 7344, 7345, 7350, 7349,
  7275, 7276, 7281, 7280, 7345, 7346, 7351, 7350,
  5450, 7277, 7282, 5461, 5449, 7347, 7352, 5460,
  7277, 7278, 7283, 7282, 7347, 7348, 7353, 7352,
  7278, 7279, 7284, 7283, 7348, 7349, 7354, 7353,
  7279, 7280, 7285, 7284, 7349, 7350, 7355, 7354,
  7280, 7281, 7286, 7285, 7350, 7351, 7356, 7355,
  5461, 7282, 7287, 5472, 5460, 7352, 7357, 5471,
  7282, 7283, 7288, 7287, 7352, 7353, 7358, 7357,
  7283, 7284, 7289, 7288, 7353, 7354, 7359, 7358,
  7284, 7285, 7290, 7289, 7354, 7355, 7360, 7359,
  7285, 7286, 7291, 7290, 7355, 7356, 7361, 7360,
  5472, 7287, 7292, 5483, 5471, 7357, 7362, 5482,
  7287, 7288, 7293, 7292, 7357, 7358, 7363, 7362,
  7288, 7289, 7294, 7293, 7358, 7359, 7364, 7363,
  7289, 7290, 7295, 7294, 7359, 7360, 7365, 7364,
  7290, 7291, 7296, 7295, 7360, 7361, 7366, 7365,
  5483, 7292, 7297, 5494, 5482, 7362, 7367, 5493,
  7292, 7293, 7298, 7297, 7362, 7363, 7368, 7367,
  7293, 7294, 7299, 7298, 7363, 7364, 7369, 7368,
  7294, 7295, 7300, 7299, 7364, 7365, 7370, 7369,
  7295, 7296, 7301, 7300, 7365, 7366, 7371, 7370,
  5494, 7297, 7302, 5505, 5493, 7367, 7372, 5504,
  7297, 7298, 7303, 7302, 7367, 7368, 7373, 7372,
  7298, 7299, 7304, 7303, 7368, 7369, 7374, 7373,
  7299, 7300, 7305, 7304, 7369, 7370, 7375, 7374,
  7300, 7301, 7306, 7305, 7370, 7371, 7376, 7375,
  5505, 7302, 7307, 5516, 5504, 7372, 7377, 5515,
  7302, 7303, 7308, 7307, 7372, 7373, 7378, 7377,
  7303, 7304, 7309, 7308, 7373, 7374, 7379, 7378,
  7304, 7305, 7310, 7309, 7374, 7375, 7380, 7379,
  7305, 7306, 7311, 7310, 7375, 7376, 7381, 7380,
  5516, 7307, 7312, 5527, 5515, 7377, 7382, 5526,
  7307, 7308, 7313, 7312, 7377, 7378, 7383, 7382,
  7308, 7309, 7314, 7313, 7378, 7379, 7384, 7383,
  7309, 7310, 7315, 7314, 7379, 7380, 7385, 7384,
  7310, 7311, 7316, 7315, 7380, 7381, 7386, 7385,
  5527, 7312, 7317, 5538, 5526, 7382, 7387, 5537,
  7312, 7313, 7318, 7317, 7382, 7383, 7388, 7387,
  7313, 7314, 7319, 7318, 7383, 7384, 7389, 7388,
  7314, 7315, 7320, 7319, 7384, 7385, 7390, 7389,
  7315, 7316, 7321, 7320, 7385, 7386, 7391, 7390,
  5397, 7322, 7323, 5398, 5395, 7392, 7393, 5396,
  7322, 7324, 7325, 7323, 7392, 7394, 7395, 7393,
  7324, 7326, 7327, 7325, 7394, 7396, 7397, 7395,
  7326, 7328, 7329, 7327, 7396, 7398, 7399, 7397,
  7328, 7330, 7331, 7329, 7398, 7400, 7401, 7399,
  5398, 7323, 7332, 5416, 5396, 7393, 7402, 5415,
  7323, 7325, 7333, 7332, 7393, 7395, 7403, 7402,
  7325, 7327, 7334, 7333, 7395, 7397, 7404, 7403,
  7327, 7329, 7335, 7334, 7397, 7399, 7405, 7404,
  7329, 7331, 7336, 7335, 7399, 7401, 7406, 7405,
  5416, 7332, 7337, 5427, 5415, 7402, 7407, 5426,
  7332, 7333, 7338, 7337, 7402, 7403, 7408, 7407,
  7333, 7334, 7339, 7338, 7403, 7404, 7409, 7408,
  7334, 7335, 7340, 7339, 7404, 7405, 7410, 7409,
  7335, 7336, 7341, 7340, 7405, 7406, 7411, 7410,
  5427, 7337, 7342, 5438, 5426, 7407, 7412, 5437,
  7337, 7338, 7343, 7342, 7407, 7408, 7413, 7412,
  7338, 7339, 7344, 7343, 7408, 7409, 7414, 7413,
  7339, 7340, 7345, 7344, 7409, 7410, 7415, 7414,
  7340, 7341, 7346, 7345, 7410, 7411, 7416, 7415,
  5438, 7342, 7347, 5449, 5437, 7412, 7417, 5448,
  7342, 7343, 7348, 7347, 7412, 7413, 7418, 7417,
  7343, 7344, 7349, 7348, 7413, 7414, 7419, 7418,
  7344, 7345, 7350, 7349, 7414, 7415, 7420, 7419,
  7345, 7346, 7351, 7350, 7415, 7416, 7421, 7420,
  5449, 7347, 7352, 5460, 5448, 7417, 7422, 5459,
  7347, 7348, 7353, 7352, 7417, 7418, 7423, 7422,
  7348, 7349, 7354, 7353, 7418, 7419, 7424, 7423,
  7349, 7350, 7355, 7354, 7419, 7420, 7425, 7424,
  7350, 7351, 7356, 7355, 7420, 7421, 7426, 7425,
  5460, 7352, 7357, 5471, 5459, 7422, 7427, 5470,
  7352, 7353, 7358, 7357, 7422, 7423, 7428, 7427,
  7353, 7354, 7359, 7358, 7423, 7424, 7429, 7428,
  7354, 7355, 7360, 7359, 7424, 7425, 7430, 7429,
  7355, 7356, 7361, 7360, 7425, 7426, 7431, 7430,
  5471, 7357, 7362, 5482, 5470, 7427, 7432, 5481,
  7357, 7358, 7363, 7362, 7427, 7428, 7433, 7432,
  7358, 7359, 7364, 7363, 7428, 7429, 7434, 7433,
  7359, 7360, 7365, 7364, 7429, 7430, 7435, 7434,
  7360, 7361, 7366, 7365, 7430, 7431, 7436, 7435,
  5482, 7362, 7367, 5493, 5481, 7432, 7437, 5492,
  7362, 7363, 7368, 7367, 7432, 7433, 7438, 7437,
  7363, 7364, 7369, 7368, 7433, 7434, 7439, 7438,
  7364, 7365, 7370, 7369, 7434, 7435, 7440, 7439,
  7365, 7366, 7371, 7370, 7435, 7436, 7441, 7440,
  5493, 7367, 7372, 5504, 5492, 7437, 7442, 5503,
  7367, 7368, 7373, 7372, 7437, 7438, 7443, 7442,
  7368, 7369, 7374, 7373, 7438, 7439, 7444, 7443,
  7369, 7370, 7375, 7374, 7439, 7440, 7445, 7444,
  7370, 7371, 7376, 7375, 7440, 7441, 7446, 7445,
  5504, 7372, 7377, 5515, 5503, 7442, 7447, 5514,
  7372, 7373, 7378, 7377, 7442, 7443, 7448, 7447,
  7373, 7374, 7379, 7378, 7443, 7444, 7449, 7448,
  7374, 7375, 7380, 7379, 7444, 7445, 7450, 7449,
  7375, 7376, 7381, 7380, 7445, 7446, 7451, 7450,
  5515, 7377, 7382, 5526, 5514, 7447, 7452, 5525,
  7377, 7378, 7383, 7382, 7447, 7448, 7453, 7452,
  7378, 7379, 7384, 7383, 7448, 7449, 7454, 7453,
  7379, 7380, 7385, 7384, 7449, 7450, 7455, 7454,
  7380, 7381, 7386, 7385, 7450, 7451, 7456, 7455,
  5526, 7382, 7387, 5537, 5525, 7452, 7457, 5536,
  7382, 7383, 7388, 7387, 7452, 7453, 7458, 7457,
  7383, 7384, 7389, 7388, 7453, 7454, 7459, 7458,
  7384, 7385, 7390, 7389, 7454, 7455, 7460, 7459,
  7385, 7386, 7391, 7390, 7455, 7456, 7461, 7460,
  5395, 7392, 7393, 5396, 5392, 7462, 7463, 5393,
  7392, 7394, 7395, 7393, 7462, 7464, 7465, 7463,
  7394, 7396, 7397, 7395, 7464, 7466, 7467, 7465,
  7396, 7398, 7399, 7397, 7466, 7468, 7469, 7467,
  7398, 7400, 7401, 7399, 7468, 7470, 7471, 7469,
  5396, 7393, 7402, 5415, 5393, 7463, 7472, 5413,
  7393, 7395, 7403, 7402, 7463, 7465, 7473, 7472,
  7395, 7397, 7404, 7403, 7465, 7467, 7474, 7473,
  7397, 7399, 7405, 7404, 7467, 7469, 7475, 7474,
  7399, 7401, 7406, 7405, 7469, 7471, 7476, 7475,
  5415, 7402, 7407, 5426, 5413, 7472, 7477, 5424,
  7402, 7403, 7408, 7407, 7472, 7473, 7478, 7477,
  7403, 7404, 7409, 7408, 7473, 7474, 7479, 7478,
  7404, 7405, 7410, 7409, 7474, 7475, 7480, 7479,
  7405, 7406, 7411, 7410, 7475, 7476, 7481, 7480,
  5426, 7407, 7412, 5437, 5424, 7477, 7482, 5435,
  7407, 7408, 7413, 7412, 7477, 7478, 7483, 7482,
  7408, 7409, 7414, 7413, 7478, 7479, 7484, 7483,
  7409, 7410, 7415, 7414, 7479, 7480, 7485, 7484,
  7410, 7411, 7416, 7415, 7480, 7481, 7486, 7485,
  5437, 7412, 7417, 5448, 5435, 7482, 7487, 5446,
  7412, 7413, 7418, 7417, 7482, 7483, 7488, 7487,
  7413, 7414, 7419, 7418, 7483, 7484, 7489, 7488,
  7414, 7415, 7420, 7419, 7484, 7485, 7490, 7489,
  7415, 7416, 7421, 7420, 7485, 7486, 7491, 7490,
  5448, 7417, 7422, 5459, 5446, 7487, 7492, 5457,
  7417, 7418, 7423, 7422, 7487, 7488, 7493, 7492,
  7418, 7419, 7424, 7423, 7488, 7489, 7494, 7493,
  7419, 7420, 7425, 7424, 7489, 7490, 7495, 7494,
  7420, 7421, 7426, 7425, 7490, 7491, 7496, 7495,
  5459, 7422, 7427, 5470, 5457, 7492, 7497, 5468,
  7422, 7423, 7428, 7427, 7492, 7493, 7498, 7497,
  7423, 7424, 7429, 7428, 7493, 7494, 7499, 7498,
  7424, 7425, 7430, 7429, 7494, 7495, 7500, 7499,
  7425, 7426, 7431, 7430, 7495, 7496, 7501, 7500,
  5470, 7427, 7432, 5481, 5468, 7497, 7502, 5479,
  7427, 7428, 7433, 7432, 7497, 7498, 7503, 7502,
  7428, 7429, 7434, 7433, 7498, 7499, 7504, 7503,
  7429, 7430, 7435, 7434, 7499, 7500, 7505, 7504,
  7430, 7431, 7436, 7435, 7500, 7501, 7506, 7505,
  5481, 7432, 7437, 5492, 5479, 7502, 7507, 5490,
  7432, 7433, 7438, 7437, 7502, 7503, 7508, 7507,
  7433, 7434, 7439, 7438, 7503, 7504, 7509, 7508,
  7434, 7435, 7440, 7439, 7504, 7505, 7510, 7509,
  7435, 7436, 7441, 7440, 7505, 7506, 7511, 7510,
  5492, 7437, 7442, 5503, 5490, 7507, 7512, 5501,
  7437, 7438, 7443, 7442, 7507, 7508, 7513, 7512,
  7438, 7439, 7444, 7443, 7508, 7509, 7514, 7513,
  7439, 7440, 7445, 7444, 7509, 7510, 7515, 7514,
  7440, 7441, 7446, 7445, 7510, 7511, 7516, 7515,
  5503, 7442, 7447, 5514, 5501, 7512, 7517, 5512,
  7442, 7443, 7448, 7447, 7512, 7513, 7518, 7517,
  7443, 7444, 7449, 7448, 7513, 7514, 7519, 7518,
  7444, 7445, 7450, 7449, 7514, 7515, 7520, 7519,
  7445, 7446, 7451, 7450, 7515, 7516, 7521, 7520,
  5514, 7447, 7452, 5525, 5512, 7517, 7522, 5523,
  7447, 7448, 7453, 7452, 7517, 7518, 7523, 7522,
  7448, 7449, 7454, 7453, 7518, 7519, 7524, 7523,
  7449, 7450, 7455, 7454, 7519, 7520, 7525, 7524,
  7450, 7451, 7456, 7455, 7520, 7521, 7526, 7525,
  5525, 7452, 7457, 5536, 5523, 7522, 7527, 5534,
  7452, 7453, 7458, 7457, 7522, 7523, 7528, 7527,
  7453, 7454, 7459, 7458, 7523, 7524, 7529, 7528,
  7454, 7455, 7460, 7459, 7524, 7525, 7530, 7529,
  7455, 7456, 7461, 7460, 7525, 7526, 7531, 7530,
  5392, 7462, 7463, 5393, 5391, 7532, 7533, 5394,
  7462, 7464, 7465, 7463, 7532, 7534, 7535, 7533,
  7464, 7466, 7467, 7465, 7534, 7536, 7537, 7535,
  7466, 7468, 7469, 7467, 7536, 7538, 7539, 7537,
  7468, 7470, 7471, 7469, 7538, 7540, 7541, 7539,
  5393, 7463, 7472, 5413, 5394, 7533, 7542, 5414,
  7463, 7465, 7473, 7472, 7533, 7535, 7543, 7542,
  7465, 7467, 7474, 7473, 7535, 7537, 7544, 7543,
  7467, 7469, 7475, 7474, 7537, 7539, 7545, 7544,
  7469, 7471, 7476, 7475, 7539, 7541, 7546, 7545,
  5413, 7472, 7477, 5424, 5414, 7542, 7547, 5425,
  7472, 7473, 7478, 7477, 7542, 7543, 7548, 7547,
  7473, 7474, 7479, 7478, 7543, 7544, 7549, 7548,
  7474, 7475, 7480, 7479, 7544, 7545, 7550, 7549,
  7475, 7476, 7481, 7480, 7545, 7546, 7551, 7550,
  5424, 7477, 7482, 5435, 5425, 7547, 7552, 5436,
  7477, 7478, 7483, 7482, 7547, 7548, 7553, 7552,
  7478, 7479, 7484, 7483, 7548, 7549, 7554, 7553,
  7479, 7480, 7485, 7484, 7549, 7550, 7555, 7554,
  7480, 7481, 7486, 7485, 7550, 7551, 7556, 7555,
  5435, 7482, 7487, 5446, 5436, 7552, 7557, 5447,
  7482, 7483, 7488, 7487, 7552, 7553, 7558, 7557,
  7483, 7484, 7489, 7488, 7553, 7554, 7559, 7558,
  7484, 7485, 7490, 7489, 7554, 7555, 7560, 7559,
  7485, 7486, 7491, 7490, 7555, 7556, 7561, 7560,
  5446, 7487, 7492, 5457, 5447, 7557, 7562, 5458,
  7487, 7488, 7493, 7492, 7557, 7558, 7563, 7562,
  7488, 7489, 7494, 7493, 7558, 7559, 7564, 7563,
  7489, 7490, 7495, 7494, 7559, 7560, 7565, 7564,
  7490, 7491, 7496, 7495, 7560, 7561, 7566, 7565,
  5457, 7492, 7497, 5468, 5458, 7562, 7567, 5469,
  7492, 7493, 7498, 7497, 7562, 7563, 7568, 7567,
  7493, 7494, 7499, 7498, 7563, 7564, 7569, 7568,
  7494, 7495, 7500, 7499, 7564, 7565, 7570, 7569,
  7495, 7496, 7501, 7500, 7565, 7566, 7571, 7570,
  5468, 7497, 7502, 5479, 5469, 7567, 7572, 5480,
  7497, 7498, 7503, 7502, 7567, 7568, 7573, 7572,
  7498, 7499, 7504, 7503, 7568, 7569, 7574, 7573,
  7499, 7500, 7505, 7504, 7569, 7570, 7575, 7574,
  7500, 7501, 7506, 7505, 7570, 7571, 7576, 7575,
  5479, 7502, 7507, 5490, 5480, 7572, 7577, 5491,
  7502, 7503, 7508, 7507, 7572, 7573, 7578, 7577,
  7503, 7504, 7509, 7508, 7573, 7574, 7579, 7578,
  7504, 7505, 7510, 7509, 7574, 7575, 7580, 7579,
  7505, 7506, 7511, 7510, 7575, 7576, 7581, 7580,
  5490, 7507, 7512, 5501, 5491, 7577, 7582, 5502,
  7507, 7508, 7513, 7512, 7577, 7578, 7583, 7582,
  7508, 7509, 7514, 7513, 7578, 7579, 7584, 7583,
  7509, 7510, 7515, 7514, 7579, 7580, 7585, 7584,
  7510, 7511, 7516, 7515, 7580, 7581, 7586, 7585,
  5501, 7512, 7517, 5512, 5502, 7582, 7587, 5513,
  7512, 7513, 7518, 7517, 7582, 7583, 7588, 7587,
  7513, 7514, 7519, 7518, 7583, 7584, 7589, 7588,
  7514, 7515, 7520, 7519, 7584, 7585, 7590, 7589,
  7515, 7516, 7521, 7520, 7585, 7586, 7591, 7590,
  5512, 7517, 7522, 5523, 5513, 7587, 7592, 5524,
  7517, 7518, 7523, 7522, 7587, 7588, 7593, 7592,
  7518, 7519, 7524, 7523, 7588, 7589, 7594, 7593,
  7519, 7520, 7525, 7524, 7589, 7590, 7595, 7594,
  7520, 7521, 7526, 7525, 7590, 7591, 7596, 7595,
  5523, 7522, 7527, 5534, 5524, 7592, 7597, 5535,
  7522, 7523, 7528, 7527, 7592, 7593, 7598, 7597,
  7523, 7524, 7529, 7528, 7593, 7594, 7599, 7598,
  7524, 7525, 7530, 7529, 7594, 7595, 7600, 7599,
  7525, 7526, 7531, 7530, 7595, 7596, 7601, 7600,
  5994, 7602, 7603, 5995, 5992, 7604, 7605, 5993,
  7602, 7606, 7607, 7603, 7604, 7608, 7609, 7605,
  7606, 7610, 7611, 7607, 7608, 7612, 7613, 7609,
  7610, 7614, 7615, 7611, 7612, 7616, 7617, 7613,
  7614, 7618, 7619, 7615, 7616, 7620, 7621, 7617,
  5995, 7603, 7622, 6006, 5993, 7605, 7623, 6005,
  7603, 7607, 7624, 7622, 7605, 7609, 7625, 7623,
  7607, 7611, 7626, 7624, 7609, 7613, 7627, 7625,
  7611, 7615, 7628, 7626, 7613, 7617, 7629, 7627,
  7615, 7619, 7630, 7628, 7617, 7621, 7631, 7629,
  6006, 7622, 7632, 6017, 6005, 7623, 7633, 6016,
  7622, 7624, 7634, 7632, 7623, 7625, 7635, 7633,
  7624, 7626, 7636, 7634, 7625, 7627, 7637, 7635,
  7626, 7628, 7638, 7636, 7627, 7629, 7639, 7637,
  7628, 7630, 7640, 7638, 7629, 7631, 7641, 7639,
  6017, 7632, 7642, 6028, 6016, 7633, 7643, 6027,
  7632, 7634, 7644, 7642, 7633, 7635, 7645, 7643,
  7634, 7636, 7646, 7644, 7635, 7637, 7647, 7645,
  7636, 7638, 7648, 7646, 7637, 7639, 7649, 7647,
  7638, 7640, 7650, 7648, 7639, 7641, 7651, 7649,
  6028, 7642, 7652, 6039, 6027, 7643, 7653, 6038,
  7642, 7644, 7654, 7652, 7643, 7645, 7655, 7653,
  7644, 7646, 7656, 7654, 7645, 7647, 7657, 7655,
  7646, 7648, 7658, 7656, 7647, 7649, 7659, 7657,
  7648, 7650, 7660, 7658, 7649, 7651, 7661, 7659,
  6039, 7652, 7662, 6050, 6038, 7653, 7663, 6049,
  7652, 7654, 7664, 7662, 7653, 7655, 7665, 7663,
  7654, 7656, 7666, 7664, 7655, 7657, 7667, 7665,
  7656, 7658, 7668, 7666, 7657, 7659, 7669, 7667,
  7658, 7660, 7670, 7668, 7659, 7661, 7671, 7669,
  6050, 7662, 7672, 6061, 6049, 7663, 7673, 6060,
  7662, 7664, 7674, 7672, 7663, 7665, 7675, 7673,
  7664, 7666, 7676, 7674, 7665, 7667, 7677, 7675,
  7666, 7668, 7678, 7676, 7667, 7669, 7679, 7677,
  7668, 7670, 7680, 7678, 7669, 7671, 7681, 7679,
  6061, 7672, 7682, 6072, 6060, 7673, 7683, 6071,
  7672, 7674, 7684, 7682, 7673, 7675, 7685, 7683,
  7674, 7676, 7686, 7684, 7675, 7677, 7687, 7685,
  7676, 7678, 7688, 7686, 7677, 7679, 7689, 7687,
  7678, 7680, 7690, 7688, 7679, 7681, 7691, 7689,
  6072, 7682, 7692, 6083, 6071, 7683, 7693, 6082,
  7682, 7684, 7694, 7692, 7683, 7685, 7695, 7693,
  7684, 7686, 7696, 7694, 7685, 7687, 7697, 7695,
  7686, 7688, 7698, 7696, 7687, 7689, 7699, 7697,
  7688, 7690, 7700, 7698, 7689, 7691, 7701, 7699,
  6083, 7692, 7702, 6094, 6082, 7693, 7703, 6093,
  7692, 7694, 7704, 7702, 7693, 7695, 7705, 7703,
  7694, 7696, 7706, 7704, 7695, 7697, 7707, 7705,
  7696, 7698, 7708, 7706, 7697, 7699, 7709, 7707,
  7698, 7700, 7710, 7708, 7699, 7701, 7711, 7709,
  6094, 7702, 7712, 6105, 6093, 7703, 7713, 6104,
  7702, 7704, 7714, 7712, 7703, 7705, 7715, 7713,
  7704, 7706, 7716, 7714, 7705, 7707, 7717, 7715,
  7706, 7708, 7718, 7716, 7707, 7709, 7719, 7717,
  7708, 7710, 7720, 7718, 7709, 7711, 7721, 7719,
  6105, 7712, 7722, 6116, 6104, 7713, 7723, 6115,
  7712, 7714, 7724, 7722, 7713, 7715, 7725, 7723,
  7714, 7716, 7726, 7724, 7715, 7717, 7727, 7725,
  7716, 7718, 7728, 7726, 7717, 7719, 7729, 7727,
  7718, 7720, 7730, 7728, 7719, 7721, 7731, 7729,
  6116, 7722, 6832, 5411, 6115, 7723, 6834, 5409,
  7722, 7724, 6836, 6832, 7723, 7725, 6838, 6834,
  7724, 7726, 6840, 6836, 7725, 7727, 6842, 6838,
  7726, 7728, 6844, 6840, 7727, 7729, 6846, 6842,
  7728, 7730, 6848, 6844, 7729, 7731, 6850, 6846,
  5992, 7604, 7605, 5993, 5990, 7732, 7733, 5991,
  7604, 7608, 7609, 7605, 7732, 7734, 7735, 7733,
  7608, 7612, 7613, 7609, 7734, 7736, 7737, 7735,
  7612, 7616, 7617, 7613, 7736, 7738, 7739, 7737,
  7616, 7620, 7621, 7617, 7738, 7740, 7741, 7739,
  5993, 7605, 7623, 6005, 5991, 7733, 7742, 6004,
  7605, 7609, 7625, 7623, 7733, 7735, 7743, 7742,
  7609, 7613, 7627, 7625, 7735, 7737, 7744, 7743,
  7613, 7617, 7629, 7627, 7737, 7739, 7745, 7744,
  7617, 7621, 7631, 7629, 7739, 7741, 7746, 7745,
  6005, 7623, 7633, 6016, 6004, 7742, 7747, 6015,
  7623, 7625, 7635, 7633, 7742, 7743, 7748, 7747,
  7625, 7627, 7637, 7635, 7743, 7744, 7749, 7748,
  7627, 7629, 7639, 7637, 7744, 7745, 7750, 7749,
  7629, 7631, 7641, 7639, 7745, 7746, 7751, 7750,
  6016, 7633, 7643, 6027, 6015, 7747, 7752, 6026,
  7633, 7635, 7645, 7643, 7747, 7748, 7753, 7752,
  7635, 7637, 7647, 7645, 7748, 7749, 7754, 7753,
  7637, 7639, 7649, 7647, 7749, 7750, 7755, 7754,
  7639, 7641, 7651, 7649, 7750, 7751, 7756, 7755,
  6027, 7643, 7653, 6038, 6026, 7752, 7757, 6037,
  7643, 7645, 7655, 7653, 7752, 7753, 7758, 7757,
  7645, 7647, 7657, 7655, 7753, 7754, 7759, 7758,
  7647, 7649, 7659, 7657, 7754, 7755, 7760, 7759,
  7649, 7651, 7661, 7659, 7755, 7756, 7761, 7760,
  6038, 7653, 7663, 6049, 6037, 7757, 7762, 6048,
  7653, 7655, 7665, 7663, 7757, 7758, 7763, 7762,
  7655, 7657, 7667, 7665, 7758, 7759, 7764, 7763,
  7657, 7659, 7669, 7667, 7759, 7760, 7765, 7764,
  7659, 7661, 7671, 7669, 7760, 7761, 7766, 7765,
  6049, 7663, 7673, 6060, 6048, 7762, 7767, 6059,
  7663, 7665, 7675, 7673, 7762, 7763, 7768, 7767,
  7665, 7667, 7677, 7675, 7763, 7764, 7769, 7768,
  7667, 7669, 7679, 7677, 7764, 7765, 7770, 7769,
  7669, 7671, 7681, 7679, 7765, 7766, 7771, 7770,
  6060, 7673, 7683, 6071, 6059, 7767, 7772, 6070,
  7673, 7675, 7685, 7683, 7767, 7768, 7773, 7772,
  7675, 7677, 7687, 7685, 7768, 7769, 7774, 7773,
  7677, 7679, 7689, 7687, 7769, 7770, 7775, 7774,
  7679, 7681, 7691, 7689, 7770, 7771, 7776, 7775,
  6071, 7683, 7693, 6082, 6070, 7772, 7777, 6081,
  7683, 7685, 7695, 7693, 7772, 7773, 7778, 7777,
  7685, 7687, 7697, 7695, 7773, 7774, 7779, 7778,
  7687, 7689, 7699, 7697, 7774, 7775, 7780, 7779,
  7689, 7691, 7701, 7699, 7775, 7776, 7781, 7780,
  6082, 7693, 7703, 6093, 6081, 7777, 7782, 6092,
  7693, 7695, 7705, 7703, 7777, 7778, 7783, 7782,
  7695, 7697, 7707, 7705, 7778, 7779, 7784, 7783,
  7697, 7699, 7709, 7707, 7779, 7780, 7785, 7784,
  7699, 7701, 7711, 7709, 7780, 7781, 7786, 7785,
  6093, 7703, 7713, 6104, 6092, 7782, 7787, 6103,
  7703, 7705, 7715, 7713, 7782, 7783, 7788, 7787,
  7705, 7707, 7717, 7715, 7783, 7784, 7789, 7788,
  7707, 7709, 7719, 7717, 7784, 7785, 7790, 7789,
  7709, 7711, 7721, 7719, 7785, 7786, 7791, 7790,
  6104, 7713, 7723, 6115, 6103, 7787, 7792, 6114,
  7713, 7715, 7725, 7723, 7787, 7788, 7793, 7792,
  7715, 7717, 7727, 7725, 7788, 7789, 7794, 7793,
  7717, 7719, 7729, 7727, 7789, 7790, 7795, 7794,
  7719, 7721, 7731, 7729, 7790, 7791, 7796, 7795,
  6115, 7723, 6834, 5409, 6114, 7792, 6972, 5407,
  7723, 7725, 6838, 6834, 7792, 7793, 6974, 6972,
  7725, 7727, 6842, 6838, 7793, 7794, 6976, 6974,
  7727, 7729, 6846, 6842, 7794, 7795, 6978, 6976,
  7729, 7731, 6850, 6846, 7795, 7796, 6980, 6978,
  5990, 7732, 7733, 5991, 5988, 7797, 7798, 5989,
  7732, 7734, 7735, 7733, 7797, 7799, 7800, 7798,
  7734, 7736, 7737, 7735, 7799, 7801, 7802, 7800,
  7736, 7738, 7739, 7737, 7801, 7803, 7804, 7802,
  7738, 7740, 7741, 7739, 7803, 7805, 7806, 7804,
  5991, 7733, 7742, 6004, 5989, 7798, 7807, 6003,
  7733, 7735, 7743, 7742, 7798, 7800, 7808, 7807,
  7735, 7737, 7744, 7743, 7800, 7802, 7809, 7808,
  7737, 7739, 7745, 7744, 7802, 7804, 7810, 7809,
  7739, 7741, 7746, 7745, 7804, 7806, 7811, 7810,
  6004, 7742, 7747, 6015, 6003, 7807, 7812, 6014,
  7742, 7743, 7748, 7747, 7807, 7808, 7813, 7812,
  7743, 7744, 7749, 7748, 7808, 7809, 7814, 7813,
  7744, 7745, 7750, 7749, 7809, 7810, 7815, 7814,
  7745, 7746, 7751, 7750, 7810, 7811, 7816, 7815,
  6015, 7747, 7752, 6026, 6014, 7812, 7817, 6025,
  7747, 7748, 7753, 7752, 7812, 7813, 7818, 7817,
  7748, 7749, 7754, 7753, 7813, 7814, 7819, 7818,
  7749, 7750, 7755, 7754, 7814, 7815, 7820, 7819,
  7750, 7751, 7756, 7755, 7815, 7816, 7821, 7820,
  6026, 7752, 7757, 6037, 6025, 7817, 7822, 6036,
  7752, 7753, 7758, 7757, 7817, 7818, 7823, 7822,
  7753, 7754, 7759, 7758, 7818, 7819, 7824, 7823,
  7754, 7755, 7760, 7759, 7819, 7820, 7825, 7824,
  7755, 7756, 7761, 7760, 7820, 7821, 7826, 7825,
  6037, 7757, 7762, 6048, 6036, 7822, 7827, 6047,
  7757, 7758, 7763, 7762, 7822, 7823, 7828, 7827,
  7758, 7759, 7764, 7763, 7823, 7824, 7829, 7828,
  7759, 7760, 7765, 7764, 7824, 7825, 7830, 7829,
  7760, 7761, 7766, 7765, 7825, 7826, 7831, 7830,
  6048, 7762, 7767, 6059, 6047, 7827, 7832, 6058,
  7762, 7763, 7768, 7767, 7827, 7828, 7833, 7832,
  7763, 7764, 7769, 7768, 7828, 7829, 7834, 7833,
  7764, 7765, 7770, 7769, 7829, 7830, 7835, 7834,
  7765, 7766, 7771, 7770, 7830, 7831, 7836, 7835,
  6059, 7767, 7772, 6070, 6058, 7832, 7837, 6069,
  7767, 7768, 7773, 7772, 7832, 7833, 7838, 7837,
  7768, 7769, 7774, 7773, 7833, 7834, 7839, 7838,
  7769, 7770, 7775, 7774, 7834, 7835, 7840, 7839,
  7770, 7771, 7776, 7775, 7835, 7836, 7841, 7840,
  6070, 7772, 7777, 6081, 6069, 7837, 7842, 6080,
  7772, 7773, 7778, 7777, 7837, 7838, 7843, 7842,
  7773, 7774, 7779, 7778, 7838, 7839, 7844, 7843,
  7774, 7775, 7780, 7779, 7839, 7840, 7845, 7844,
  7775, 7776, 7781, 7780, 7840, 7841, 7846, 7845,
  6081, 7777, 7782, 6092, 6080, 7842, 7847, 6091,
  7777, 7778, 7783, 7782, 7842, 7843, 7848, 7847,
  7778, 7779, 7784, 7783, 7843, 7844, 7849, 7848,
  7779, 7780, 7785, 7784, 7844, 7845, 7850, 7849,
  7780, 7781, 7786, 7785, 7845, 7846, 7851, 7850,
  6092, 7782, 7787, 6103, 6091, 7847, 7852, 6102,
  7782, 7783, 7788, 7787, 7847, 7848, 7853, 7852,
  7783, 7784, 7789, 7788, 7848, 7849, 7854, 7853,
  7784, 7785, 7790, 7789, 7849, 7850, 7855, 7854,
  7785, 7786, 7791, 7790, 7850, 7851, 7856, 7855,
  6103, 7787, 7792, 6114, 6102, 7852, 7857, 6113,
  7787, 7788, 7793, 7792, 7852, 7853, 7858, 7857,
  7788, 7789, 7794, 7793, 7853, 7854, 7859, 7858,
  7789, 7790, 7795, 7794, 7854, 7855, 7860, 7859,
  7790, 7791, 7796, 7795, 7855, 7856, 7861, 7860,
  6114, 7792, 6972, 5407, 6113, 7857, 7042, 5405,
  7792, 7793, 6974, 6972, 7857, 7858, 7044, 7042,
  7793, 7794, 6976, 6974, 7858, 7859, 7046, 7044,
  7794, 7795, 6978, 6976, 7859, 7860, 7048, 7046,
  7795, 7796, 6980, 6978, 7860, 7861, 7050, 7048,
  5988, 7797, 7798, 5989, 5986, 7862, 7863, 5987,
  7797, 7799, 7800, 7798, 7862, 7864, 7865, 7863,
  7799, 7801, 7802, 7800, 7864, 7866, 7867, 7865,
  7801, 7803, 7804, 7802, 7866, 7868, 7869, 7867,
  7803, 7805, 7806, 7804, 7868, 7870, 7871, 7869,
  5989, 7798, 7807, 6003, 5987, 7863, 7872, 6002,
  7798, 7800, 7808, 7807, 7863, 7865, 7873, 7872,
  7800, 7802, 7809, 7808, 7865, 7867, 7874, 7873,
  7802, 7804, 7810, 7809, 7867, 7869, 7875, 7874,
  7804, 7806, 7811, 7810, 7869, 7871, 7876, 7875,
  6003, 7807, 7812, 6014, 6002, 7872, 7877, 6013,
  7807, 7808, 7813, 7812, 7872, 7873, 7878, 7877,
  7808, 7809, 7814, 7813, 7873, 7874, 7879, 7878,
  7809, 7810, 7815, 7814, 7874, 7875, 7880, 7879,
  7810, 7811, 7816, 7815, 7875, 7876, 7881, 7880,
  6014, 7812, 7817, 6025, 6013, 7877, 7882, 6024,
  7812, 7813, 7818, 7817, 7877, 7878, 7883, 7882,
  7813, 7814, 7819, 7818, 7878, 7879, 7884, 7883,
  7814, 7815, 7820, 7819, 7879, 7880, 7885, 7884,
  7815, 7816, 7821, 7820, 7880, 7881, 7886, 7885,
  6025, 7817, 7822, 6036, 6024, 7882, 7887, 6035,
  7817, 7818, 7823, 7822, 7882, 7883, 7888, 7887,
  7818, 7819, 7824, 7823, 7883, 7884, 7889, 7888,
  7819, 7820, 7825, 7824, 7884, 7885, 7890, 7889,
  7820, 7821, 7826, 7825, 7885, 7886, 7891, 7890,
  6036, 7822, 7827, 6047, 6035, 7887, 7892, 6046,
  7822, 7823, 7828, 7827, 7887, 7888, 7893, 7892,
  7823, 7824, 7829, 7828, 7888, 7889, 7894, 7893,
  7824, 7825, 7830, 7829, 7889, 7890, 7895, 7894,
  7825, 7826, 7831, 7830, 7890, 7891, 7896, 7895,
  6047, 7827, 7832, 6058, 6046, 7892, 7897, 6057,
  7827, 7828, 7833, 7832, 7892, 7893, 7898, 7897,
  7828, 7829, 7834, 7833, 7893, 7894, 7899, 7898,
  7829, 7830, 7835, 7834, 7894, 7895, 7900, 7899,
  7830, 7831, 7836, 7835, 7895, 7896, 7901, 7900,
  6058, 7832, 7837, 6069, 6057, 7897, 7902, 6068,
  7832, 7833, 7838, 7837, 7897, 7898, 7903, 7902,
  7833, 7834, 7839, 7838, 7898, 7899, 7904, 7903,
  7834, 7835, 7840, 7839, 7899, 7900, 7905, 7904,
  7835, 7836, 7841, 7840, 7900, 7901, 7906, 7905,
  6069, 7837, 7842, 6080, 6068, 7902, 7907, 6079,
  7837, 7838, 7843, 7842, 7902, 7903, 7908, 7907,
  7838, 7839, 7844, 7843, 7903, 7904, 7909, 7908,
  7839, 7840, 7845, 7844, 7904, 7905, 7910, 7909,
  7840, 7841, 7846, 7845, 7905, 7906, 7911, 7910,
  6080, 7842, 7847, 6091, 6079, 7907, 7912, 6090,
  7842, 7843, 7848, 7847, 7907, 7908, 7913, 7912,
  7843, 7844, 7849, 7848, 7908, 7909, 7914, 7913,
  7844, 7845, 7850, 7849, 7909, 7910, 7915, 7914,
  7845, 7846, 7851, 7850, 7910, 7911, 7916, 7915,
  6091, 7847, 7852, 6102, 6090, 7912, 7917, 6101,
  7847, 7848, 7853, 7852, 7912, 7913, 7918, 7917,
  7848, 7849, 7854, 7853, 7913, 7914, 7919, 7918,
  7849, 7850, 7855, 7854, 7914, 7915, 7920, 7919,
  7850, 7851, 7856, 7855, 7915, 7916, 7921, 7920,
  6102, 7852, 7857, 6113, 6101, 7917, 7922, 6112,
  7852, 7853, 7858, 7857, 7917, 7918, 7923, 7922,
  7853, 7854, 7859, 7858, 7918, 7919, 7924, 7923,
  7854, 7855, 7860, 7859, 7919, 7920, 7925, 7924,
  7855, 7856, 7861, 7860, 7920, 7921, 7926, 7925,
  6113, 7857, 7042, 5405, 6112, 7922, 7112, 5403,
  7857, 7858, 7044, 7042, 7922, 7923, 7114, 7112,
  7858, 7859, 7046, 7044, 7923, 7924, 7116, 7114,
  7859, 7860, 7048, 7046, 7924, 7925, 7118, 7116,
  7860, 7861, 7050, 7048, 7925, 7926, 7120, 7118,
  5986, 7862, 7863, 5987, 5984, 7927, 7928, 5985,
  7862, 7864, 7865, 7863, 7927, 7929, 7930, 7928,
  7864, 7866, 7867, 7865, 7929, 7931, 7932, 7930,
  7866, 7868, 7869, 7867, 7931, 7933, 7934, 7932,
  7868, 7870, 7871, 7869, 7933, 7935, 7936, 7934,
  5987, 7863, 7872, 6002, 5985, 7928, 7937, 6001,
  7863, 7865, 7873, 7872, 7928, 7930, 7938, 7937,
  7865, 7867, 7874, 7873, 7930, 7932, 7939, 7938,
  7867, 7869, 7875, 7874, 7932, 7934, 7940, 7939,
  7869, 7871, 7876, 7875, 7934, 7936, 7941, 7940,
  6002, 7872, 7877, 6013, 6001, 7937, 7942, 6012,
  7872, 7873, 7878, 7877, 7937, 7938, 7943, 7942,
  7873, 7874, 7879, 7878, 7938, 7939, 7944, 7943,
  7874, 7875, 7880, 7879, 7939, 7940, 7945, 7944,
  7875, 7876, 7881, 7880, 7940, 7941, 7946, 7945,
  6013, 7877, 7882, 6024, 6012, 7942, 7947, 6023,
  7877, 7878, 7883, 7882, 7942, 7943, 7948, 7947,
  7878, 7879, 7884, 7883, 7943, 7944, 7949, 7948,
  7879, 7880, 7885, 7884, 7944, 7945, 7950, 7949,
  7880, 7881, 7886, 7885, 7945, 7946, 7951, 7950,
  6024, 7882, 7887, 6035, 6023, 7947, 7952, 6034,
  7882, 7883, 7888, 7887, 7947, 7948, 7953, 7952,
  7883, 7884, 7889, 7888, 7948, 7949, 7954, 7953,
  7884, 7885, 7890, 7889, 7949, 7950, 7955, 7954,
  7885, 7886, 7891, 7890, 7950, 7951, 7956, 7955,
  6035, 7887, 7892, 6046, 6034, 7952, 7957, 6045,
  7887, 7888, 7893, 7892, 7952, 7953, 7958, 7957,
  7888, 7889, 7894, 7893, 7953, 7954, 7959, 7958,
  7889, 7890, 7895, 7894, 7954, 7955, 7960, 7959,
  7890, 7891, 7896, 7895, 7955, 7956, 7961, 7960,
  6046, 7892, 7897, 6057, 6045, 7957, 7962, 6056,
  7892, 7893, 7898, 7897, 7957, 7958, 7963, 7962,
  7893, 7894, 7899, 7898, 7958, 7959, 7964, 7963,
  7894, 7895, 7900, 7899, 7959, 7960, 7965, 7964,
  7895, 7896, 7901, 7900, 7960, 7961, 7966, 7965,
  6057, 7897, 7902, 6068, 6056, 7962, 7967, 6067,
  7897, 7898, 7903, 7902, 7962, 7963, 7968, 7967,
  7898, 7899, 7904, 7903, 7963, 7964, 7969, 7968,
  7899, 7900, 7905, 7904, 7964, 7965, 7970, 7969,
  7900, 7901, 7906, 7905, 7965, 7966, 7971, 7970,
  6068, 7902, 7907, 6079, 6067, 7967, 7972, 6078,
  7902, 7903, 7908, 7907, 7967, 7968, 7973, 7972,
  7903, 7904, 7909, 7908, 7968, 7969, 7974, 7973,
  7904, 7905, 7910, 7909, 7969, 7970, 7975, 7974,
  7905, 7906, 7911, 7910, 7970, 7971, 7976, 7975,
  6079, 7907, 7912, 6090, 6078, 7972, 7977, 6089,
  7907, 7908, 7913, 7912, 7972, 7973, 7978, 7977,
  7908, 7909, 7914, 7913, 7973, 7974, 7979, 7978,
  7909, 7910, 7915, 7914, 7974, 7975, 7980, 7979,
  7910, 7911, 7916, 7915, 7975, 7976, 7981, 7980,
  6090, 7912, 7917, 6101, 6089, 7977, 7982, 6100,
  7912, 7913, 7918, 7917, 7977, 7978, 7983, 7982,
  7913, 7914, 7919, 7918, 7978, 7979, 7984, 7983,
  7914, 7915, 7920, 7919, 7979, 7980, 7985, 7984,
  7915, 7916, 7921, 7920, 7980, 7981, 7986, 7985,
  6101, 7917, 7922, 6112, 6100, 7982, 7987, 6111,
  7917, 7918, 7923, 7922, 7982, 7983, 7988, 7987,
  7918, 7919, 7924, 7923, 7983, 7984, 7989, 7988,
  7919, 7920, 7925, 7924, 7984, 7985, 7990, 7989,
  7920, 7921, 7926, 7925, 7985, 7986, 7991, 7990,
  6112, 7922, 7112, 5403, 6111, 7987, 7182, 5401,
  7922, 7923, 7114, 7112, 7987, 7988, 7184, 7182,
  7923, 7924, 7116, 7114, 7988, 7989, 7186, 7184,
  7924, 7925, 7118, 7116, 7989, 7990, 7188, 7186,
  7925, 7926, 7120, 7118, 7990, 7991, 7190, 7188,
  5984, 7927, 7928, 5985, 5982, 7992, 7993, 5983,
  7927, 7929, 7930, 7928, 7992, 7994, 7995, 7993,
  7929, 7931, 7932, 7930, 7994, 7996, 7997, 7995,
  7931, 7933, 7934, 7932, 7996, 7998, 7999, 7997,
  7933, 7935, 7936, 7934, 7998, 8000, 8001, 7999,
  5985, 7928, 7937, 6001, 5983, 7993, 8002, 6000,
  7928, 7930, 7938, 7937, 7993, 7995, 8003, 8002,
  7930, 7932, 7939, 7938, 7995, 7997, 8004, 8003,
  7932, 7934, 7940, 7939, 7997, 7999, 8005, 8004,
  7934, 7936, 7941, 7940, 7999, 8001, 8006, 8005,
  6001, 7937, 7942, 6012, 6000, 8002, 8007, 6011,
  7937, 7938, 7943, 7942, 8002, 8003, 8008, 8007,
  7938, 7939, 7944, 7943, 8003, 8004, 8009, 8008,
  7939, 7940, 7945, 7944, 8004, 8005, 8010, 8009,
  7940, 7941, 7946, 7945, 8005, 8006, 8011, 8010,
  6012, 7942, 7947, 6023, 6011, 8007, 8012, 6022,
  7942, 7943, 7948, 7947, 8007, 8008, 8013, 8012,
  7943, 7944, 7949, 7948, 8008, 8009, 8014, 8013,
  7944, 7945, 7950, 7949, 8009, 8010, 8015, 8014,
  7945, 7946, 7951, 7950, 8010, 8011, 8016, 8015,
  6023, 7947, 7952, 6034, 6022, 8012, 8017, 6033,
  7947, 7948, 7953, 7952, 8012, 8013, 8018, 8017,
  7948, 7949, 7954, 7953, 8013, 8014, 8019, 8018,
  7949, 7950, 7955, 7954, 8014, 8015, 8020, 8019,
  7950, 7951, 7956, 7955, 8015, 8016, 8021, 8020,
  6034, 7952, 7957, 6045, 6033, 8017, 8022, 6044,
  7952, 7953, 7958, 7957, 8017, 8018, 8023, 8022,
  7953, 7954, 7959, 7958, 8018, 8019, 8024, 8023,
  7954, 7955, 7960, 7959, 8019, 8020, 8025, 8024,
  7955, 7956, 7961, 7960, 8020, 8021, 8026, 8025,
  6045, 7957, 7962, 6056, 6044, 8022, 8027, 6055,
  7957, 7958, 7963, 7962, 8022, 8023, 8028, 8027,
  7958, 7959, 7964, 7963, 8023, 8024, 8029, 8028,
  7959, 7960, 7965, 7964, 8024, 8025, 8030, 8029,
  7960, 7961, 7966, 7965, 8025, 8026, 8031, 8030,
  6056, 7962, 7967, 6067, 6055, 8027, 8032, 6066,
  7962, 7963, 7968, 7967, 8027, 8028, 8033, 8032,
  7963, 7964, 7969, 7968, 8028, 8029, 8034, 8033,
  7964, 7965, 7970, 7969, 8029, 8030, 8035, 8034,
  7965, 7966, 7971, 7970, 8030, 8031, 8036, 8035,
  6067, 7967, 7972, 6078, 6066, 8032, 8037, 6077,
  7967, 7968, 7973, 7972, 8032, 8033, 8038, 8037,
  7968, 7969, 7974, 7973, 8033, 8034, 8039, 8038,
  7969, 7970, 7975, 7974, 8034, 8035, 8040, 8039,
  7970, 7971, 7976, 7975, 8035, 8036, 8041, 8040,
  6078, 7972, 7977, 6089, 6077, 8037, 8042, 6088,
  7972, 7973, 7978, 7977, 8037, 8038, 8043, 8042,
  7973, 7974, 7979, 7978, 8038, 8039, 8044, 8043,
  7974, 7975, 7980, 7979, 8039, 8040, 8045, 8044,
  7975, 7976, 7981, 7980, 8040, 8041, 8046, 8045,
  6089, 7977, 7982, 6100, 6088, 8042, 8047, 6099,
  7977, 7978, 7983, 7982, 8042, 8043, 8048, 8047,
  7978, 7979, 7984, 7983, 8043, 8044, 8049, 8048,
  7979, 7980, 7985, 7984, 8044, 8045, 8050, 8049,
  7980, 7981, 7986, 7985, 8045, 8046, 8051, 8050,
  6100, 7982, 7987, 6111, 6099, 8047, 8052, 6110,
  7982, 7983, 7988, 7987, 8047, 8048, 8053, 8052,
  7983, 7984, 7989, 7988, 8048, 8049, 8054, 8053,
  7984, 7985, 7990, 7989, 8049, 8050, 8055, 8054,
  7985, 7986, 7991, 7990, 8050, 8051, 8056, 8055,
  6111, 7987, 7182, 5401, 6110, 8052, 7252, 5399,
  7987, 7988, 7184, 7182, 8052, 8053, 7254, 7252,
  7988, 7989, 7186, 7184, 8053, 8054, 7256, 7254,
  7989, 7990, 7188, 7186, 8054, 8055, 7258, 7256,
  7990, 7991, 7190, 7188, 8055, 8056, 7260, 7258,
  5982, 7992, 7993, 5983, 5980, 8057, 8058, 5981,
  7992, 7994, 7995, 7993, 8057, 8059, 8060, 8058,
  7994, 7996, 7997, 7995, 8059, 8061, 8062, 8060,
  7996, 7998, 7999, 7997, 8061, 8063, 8064, 8062,
  7998, 8000, 8001, 7999, 8063, 8065, 8066, 8064,
  5983, 7993, 8002, 6000, 5981, 8058, 8067, 5999,
  7993, 7995, 8003, 8002, 8058, 8060, 8068, 8067,
  7995, 7997, 8004, 8003, 8060, 8062, 8069, 8068,
  7997, 7999, 8005, 8004, 8062, 8064, 8070, 8069,
  7999, 8001, 8006, 8005, 8064, 8066, 8071, 8070,
  6000, 8002, 8007, 6011, 5999, 8067, 8072, 6010,
  8002, 8003, 8008, 8007, 8067, 8068, 8073, 8072,
  8003, 8004, 8009, 8008, 8068, 8069, 8074, 8073,
  8004, 8005, 8010, 8009, 8069, 8070, 8075, 8074,
  8005, 8006, 8011, 8010, 8070, 8071, 8076, 8075,
  6011, 8007, 8012, 6022, 6010, 8072, 8077, 6021,
  8007, 8008, 8013, 8012, 8072, 8073, 8078, 8077,
  8008, 8009, 8014, 8013, 8073, 8074, 8079, 8078,
  8009, 8010, 8015, 8014, 8074, 8075, 8080, 8079,
  8010, 8011, 8016, 8015, 8075, 8076, 8081, 8080,
  6022, 8012, 8017, 6033, 6021, 8077, 8082, 6032,
  8012, 8013, 8018, 8017, 8077, 8078, 8083, 8082,
  8013, 8014, 8019, 8018, 8078, 8079, 8084, 8083,
  8014, 8015, 8020, 8019, 8079, 8080, 8085, 8084,
  8015, 8016, 8021, 8020, 8080, 8081, 8086, 8085,
  6033, 8017, 8022, 6044, 6032, 8082, 8087, 6043,
  8017, 8018, 8023, 8022, 8082, 8083, 8088, 8087,
  8018, 8019, 8024, 8023, 8083, 8084, 8089, 8088,
  8019, 8020, 8025, 8024, 8084, 8085, 8090, 8089,
  8020, 8021, 8026, 8025, 8085, 8086, 8091, 8090,
  6044, 8022, 8027, 6055, 6043, 8087, 8092, 6054,
  8022, 8023, 8028, 8027, 8087, 8088, 8093, 8092,
  8023, 8024, 8029, 8028, 8088, 8089, 8094, 8093,
  8024, 8025, 8030, 8029, 8089, 8090, 8095, 8094,
  8025, 8026, 8031, 8030, 8090, 8091, 8096, 8095,
  6055, 8027, 8032, 6066, 6054, 8092, 8097, 6065,
  8027, 8028, 8033, 8032, 8092, 8093, 8098, 8097,
  8028, 8029, 8034, 8033, 8093, 8094, 8099, 8098,
  8029, 8030, 8035, 8034, 8094, 8095, 8100, 8099,
  8030, 8031, 8036, 8035, 8095, 8096, 8101, 8100,
  6066, 8032, 8037, 6077, 6065, 8097, 8102, 6076,
  8032, 8033, 8038, 8037, 8097, 8098, 8103, 8102,
  8033, 8034, 8039, 8038, 8098, 8099, 8104, 8103,
  8034, 8035, 8040, 8039, 8099, 8100, 8105, 8104,
  8035, 8036, 8041, 8040, 8100, 8101, 8106, 8105,
  6077, 8037, 8042, 6088, 6076, 8102, 8107, 6087,
  8037, 8038, 8043, 8042, 8102, 8103, 8108, 8107,
  8038, 8039, 8044, 8043, 8103, 8104, 8109, 8108,
  8039, 8040, 8045, 8044, 8104, 8105, 8110, 8109,
  8040, 8041, 8046, 8045, 8105, 8106, 8111, 8110,
  6088, 8042, 8047, 6099, 6087, 8107, 8112, 6098,
  8042, 8043, 8048, 8047, 8107, 8108, 8113, 8112,
  8043, 8044, 8049, 8048, 8108, 8109, 8114, 8113,
  8044, 8045, 8050, 8049, 8109, 8110, 8115, 8114,
  8045, 8046, 8051, 8050, 8110, 8111, 8116, 8115,
  6099, 8047, 8052, 6110, 6098, 8112, 8117, 6109,
  8047, 8048, 8053, 8052, 8112, 8113, 8118, 8117,
  8048, 8049, 8054, 8053, 8113, 8114, 8119, 8118,
  8049, 8050, 8055, 8054, 8114, 8115, 8120, 8119,
  8050, 8051, 8056, 8055, 8115, 8116, 8121, 8120,
  6110, 8052, 7252, 5399, 6109, 8117, 7322, 5397,
  8052, 8053, 7254, 7252, 8117, 8118, 7324, 7322,
  8053, 8054, 7256, 7254, 8118, 8119, 7326, 7324,
  8054, 8055, 7258, 7256, 8119, 8120, 7328, 7326,
  8055, 8056, 7260, 7258, 8120, 8121, 7330, 7328,
  5980, 8057, 8058, 5981, 5978, 8122, 8123, 5979,
  8057, 8059, 8060, 8058, 8122, 8124, 8125, 8123,
  8059, 8061, 8062, 8060, 8124, 8126, 8127, 8125,
  8061, 8063, 8064, 8062, 8126, 8128, 8129, 8127,
  8063, 8065, 8066, 8064, 8128, 8130, 8131, 8129,
  5981, 8058, 8067, 5999, 5979, 8123, 8132, 5998,
  8058, 8060, 8068, 8067, 8123, 8125, 8133, 8132,
  8060, 8062, 8069, 8068, 8125, 8127, 8134, 8133,
  8062, 8064, 8070, 8069, 8127, 8129, 8135, 8134,
  8064, 8066, 8071, 8070, 8129, 8131, 8136, 8135,
  5999, 8067, 8072, 6010, 5998, 8132, 8137, 6009,
  8067, 8068, 8073, 8072, 8132, 8133, 8138, 8137,
  8068, 8069, 8074, 8073, 8133, 8134, 8139, 8138,
  8069, 8070, 8075, 8074, 8134, 8135, 8140, 8139,
  8070, 8071, 8076, 8075, 8135, 8136, 8141, 8140,
  6010, 8072, 8077, 6021, 6009, 8137, 8142, 6020,
  8072, 8073, 8078, 8077, 8137, 8138, 8143, 8142,
  8073, 8074, 8079, 8078, 8138, 8139, 8144, 8143,
  8074, 8075, 8080, 8079, 8139, 8140, 8145, 8144,
  8075, 8076, 8081, 8080, 8140, 8141, 8146, 8145,
  6021, 8077, 8082, 6032, 6020, 8142, 8147, 6031,
  8077, 8078, 8083, 8082, 8142, 8143, 8148, 8147,
  8078, 8079, 8084, 8083, 8143, 8144, 8149, 8148,
  8079, 8080, 8085, 8084, 8144, 8145, 8150, 8149,
  8080, 8081, 8086, 8085, 8145, 8146, 8151, 8150,
  6032, 8082, 8087, 6043, 6031, 8147, 8152, 6042,
  8082, 8083, 8088, 8087, 8147, 8148, 8153, 8152,
  8083, 8084, 8089, 8088, 8148, 8149, 8154, 8153,
  8084, 8085, 8090, 8089, 8149, 8150, 8155, 8154,
  8085, 8086, 8091, 8090, 8150, 8151, 8156, 8155,
  6043, 8087, 8092, 6054, 6042, 8152, 8157, 6053,
  8087, 8088, 8093, 8092, 8152, 8153, 8158, 8157,
  8088, 8089, 8094, 8093, 8153, 8154, 8159, 8158,
  8089, 8090, 8095, 8094, 8154, 8155, 8160, 8159,
  8090, 8091, 8096, 8095, 8155, 8156, 8161, 8160,
  6054, 8092, 8097, 6065, 6053, 8157, 8162, 6064,
  8092, 8093, 8098, 8097, 8157, 8158, 8163, 8162,
  8093, 8094, 8099, 8098, 8158, 8159, 8164, 8163,
  8094, 8095, 8100, 8099, 8159, 8160, 8165, 8164,
  8095, 8096, 8101, 8100, 8160, 8161, 8166, 8165,
  6065, 8097, 8102, 6076, 6064, 8162, 8167, 6075,
  8097, 8098, 8103, 8102, 8162, 8163, 8168, 8167,
  8098, 8099, 8104, 8103, 8163, 8164, 8169, 8168,
  8099, 8100, 8105, 8104, 8164, 8165, 8170, 8169,
  8100, 8101, 8106, 8105, 8165, 8166, 8171, 8170,
  6076, 8102, 8107, 6087, 6075, 8167, 8172, 6086,
  8102, 8103, 8108, 8107, 8167, 8168, 8173, 8172,
  8103, 8104, 8109, 8108, 8168, 8169, 8174, 8173,
  8104, 8105, 8110, 8109, 8169, 8170, 8175, 8174,
  8105, 8106, 8111, 8110, 8170, 8171, 8176, 8175,
  6087, 8107, 8112, 6098, 6086, 8172, 8177, 6097,
  8107, 8108, 8113, 8112, 8172, 8173, 8178, 8177,
  8108, 8109, 8114, 8113, 8173, 8174, 8179, 8178,
  8109, 8110, 8115, 8114, 8174, 8175, 8180, 8179,
  8110, 8111, 8116, 8115, 8175, 8176, 8181, 8180,
  6098, 8112, 8117, 6109, 6097, 8177, 8182, 6108,
  8112, 8113, 8118, 8117, 8177, 8178, 8183, 8182,
  8113, 8114, 8119, 8118, 8178, 8179, 8184, 8183,
  8114, 8115, 8120, 8119, 8179, 8180, 8185, 8184,
  8115, 8116, 8121, 8120, 8180, 8181, 8186, 8185,
  6109, 8117, 7322, 5397, 6108, 8182, 7392, 5395,
  8117, 8118, 7324, 7322, 8182, 8183, 7394, 7392,
  8118, 8119, 7326, 7324, 8183, 8184, 7396, 7394,
  8119, 8120, 7328, 7326, 8184, 8185, 7398, 7396,
  8120, 8121, 7330, 7328, 8185, 8186, 7400, 7398,
  5978, 8122, 8123, 5979, 5975, 8187, 8188, 5976,
  8122, 8124, 8125, 8123, 8187, 8189, 8190, 8188,
  8124, 8126, 8127, 8125, 8189, 8191, 8192, 8190,
  8126, 8128, 8129, 8127, 8191, 8193, 8194, 8192,
  8128, 8130, 8131, 8129, 8193, 8195, 8196, 8194,
  5979, 8123, 8132, 5998, 5976, 8188, 8197, 5996,
  8123, 8125, 8133, 8132, 8188, 8190, 8198, 8197,
  8125, 8127, 8134, 8133, 8190, 8192, 8199, 8198,
  8127, 8129, 8135, 8134, 8192, 8194, 8200, 8199,
  8129, 8131, 8136, 8135, 8194, 8196, 8201, 8200,
  5998, 8132, 8137, 6009, 5996, 8197, 8202, 6007,
  8132, 8133, 8138, 8137, 8197, 8198, 8203, 8202,
  8133, 8134, 8139, 8138, 8198, 8199, 8204, 8203,
  8134, 8135, 8140, 8139, 8199, 8200, 8205, 8204,
  8135, 8136, 8141, 8140, 8200, 8201, 8206, 8205,
  6009, 8137, 8142, 6020, 6007, 8202, 8207, 6018,
  8137, 8138, 8143, 8142, 8202, 8203, 8208, 8207,
  8138, 8139, 8144, 8143, 8203, 8204, 8209, 8208,
  8139, 8140, 8145, 8144, 8204, 8205, 8210, 8209,
  8140, 8141, 8146, 8145, 8205, 8206, 8211, 8210,
  6020, 8142, 8147, 6031, 6018, 8207, 8212, 6029,
  8142, 8143, 8148, 8147, 8207, 8208, 8213, 8212,
  8143, 8144, 8149, 8148, 8208, 8209, 8214, 8213,
  8144, 8145, 8150, 8149, 8209, 8210, 8215, 8214,
  8145, 8146, 8151, 8150, 8210, 8211, 8216, 8215,
  6031, 8147, 8152, 6042, 6029, 8212, 8217, 6040,
  8147, 8148, 8153, 8152, 8212, 8213, 8218, 8217,
  8148, 8149, 8154, 8153, 8213, 8214, 8219, 8218,
  8149, 8150, 8155, 8154, 8214, 8215, 8220, 8219,
  8150, 8151, 8156, 8155, 8215, 8216, 8221, 8220,
  6042, 8152, 8157, 6053, 6040, 8217, 8222, 6051,
  8152, 8153, 8158, 8157, 8217, 8218, 8223, 8222,
  8153, 8154, 8159, 8158, 8218, 8219, 8224, 8223,
  8154, 8155, 8160, 8159, 8219, 8220, 8225, 8224,
  8155, 8156, 8161, 8160, 8220, 8221, 8226, 8225,
  6053, 8157, 8162, 6064, 6051, 8222, 8227, 6062,
  8157, 8158, 8163, 8162, 8222, 8223, 8228, 8227,
  8158, 8159, 8164, 8163, 8223, 8224, 8229, 8228,
  8159, 8160, 8165, 8164, 8224, 8225, 8230, 8229,
  8160, 8161, 8166, 8165, 8225, 8226, 8231, 8230,
  6064, 8162, 8167, 6075, 6062, 8227, 8232, 6073,
  8162, 8163, 8168, 8167, 8227, 8228, 8233, 8232,
  8163, 8164, 8169, 8168, 8228, 8229, 8234, 8233,
  8164, 8165, 8170, 8169, 8229, 8230, 8235, 8234,
  8165, 8166, 8171, 8170, 8230, 8231, 8236, 8235,
  6075, 8167, 8172, 6086, 6073, 8232, 8237, 6084,
  8167, 8168, 8173, 8172, 8232, 8233, 8238, 8237,
  8168, 8169, 8174, 8173, 8233, 8234, 8239, 8238,
  8169, 8170, 8175, 8174, 8234, 8235, 8240, 8239,
  8170, 8171, 8176, 8175, 8235, 8236, 8241, 8240,
  6086, 8172, 8177, 6097, 6084, 8237, 8242, 6095,
  8172, 8173, 8178, 8177, 8237, 8238, 8243, 8242,
  8173, 8174, 8179, 8178, 8238, 8239, 8244, 8243,
  8174, 8175, 8180, 8179, 8239, 8240, 8245, 8244,
  8175, 8176, 8181, 8180, 8240, 8241, 8246, 8245,
  6097, 8177, 8182, 6108, 6095, 8242, 8247, 6106,
  8177, 8178, 8183, 8182, 8242, 8243, 8248, 8247,
  8178, 8179, 8184, 8183, 8243, 8244, 8249, 8248,
  8179, 8180, 8185, 8184, 8244, 8245, 8250, 8249,
  8180, 8181, 8186, 8185, 8245, 8246, 8251, 8250,
  6108, 8182, 7392, 5395, 6106, 8247, 7462, 5392,
  8182, 8183, 7394, 7392, 8247, 8248, 7464, 7462,
  8183, 8184, 7396, 7394, 8248, 8249, 7466, 7464,
  8184, 8185, 7398, 7396, 8249, 8250, 7468, 7466,
  8185, 8186, 7400, 7398, 8250, 8251, 7470, 7468,
  5975, 8187, 8188, 5976, 5974, 8252, 8253, 5977,
  8187, 8189, 8190, 8188, 8252, 8254, 8255, 8253,
  8189, 8191, 8192, 8190, 8254, 8256, 8257, 8255,
  8191, 8193, 8194, 8192, 8256, 8258, 8259, 8257,
  8193, 8195, 8196, 8194, 8258, 8260, 8261, 8259,
  5976, 8188, 8197, 5996, 5977, 8253, 8262, 5997,
  8188, 8190, 8198, 8197, 8253, 8255, 8263, 8262,
  8190, 8192, 8199, 8198, 8255, 8257, 8264, 8263,
  8192, 8194, 8200, 8199, 8257, 8259, 8265, 8264,
  8194, 8196, 8201, 8200, 8259, 8261, 8266, 8265,
  5996, 8197, 8202, 6007, 5997, 8262, 8267, 6008,
  8197, 8198, 8203, 8202, 8262, 8263, 8268, 8267,
  8198, 8199, 8204, 8203, 8263, 8264, 8269, 8268,
  8199, 8200, 8205, 8204, 8264, 8265, 8270, 8269,
  8200, 8201, 8206, 8205, 8265, 8266, 8271, 8270,
  6007, 8202, 8207, 6018, 6008, 8267, 8272, 6019,
  8202, 8203, 8208, 8207, 8267, 8268, 8273, 8272,
  8203, 8204, 8209, 8208, 8268, 8269, 8274, 8273,
  8204, 8205, 8210, 8209, 8269, 8270, 8275, 8274,
  8205, 8206, 8211, 8210, 8270, 8271, 8276, 8275,
  6018, 8207, 8212, 6029, 6019, 8272, 8277, 6030,
  8207, 8208, 8213, 8212, 8272, 8273, 8278, 8277,
  8208, 8209, 8214, 8213, 8273, 8274, 8279, 8278,
  8209, 8210, 8215, 8214, 8274, 8275, 8280, 8279,
  8210, 8211, 8216, 8215, 8275, 8276, 8281, 8280,
  6029, 8212, 8217, 6040, 6030, 8277, 8282, 6041,
  8212, 8213, 8218, 8217, 8277, 8278, 8283, 8282,
  8213, 8214, 8219, 8218, 8278, 8279, 8284, 8283,
  8214, 8215, 8220, 8219, 8279, 8280, 8285, 8284,
  8215, 8216, 8221, 8220, 8280, 8281, 8286, 8285,
  6040, 8217, 8222, 6051, 6041, 8282, 8287, 6052,
  8217, 8218, 8223, 8222, 8282, 8283, 8288, 8287,
  8218, 8219, 8224, 8223, 8283, 8284, 8289, 8288,
  8219, 8220, 8225, 8224, 8284, 8285, 8290, 8289,
  8220, 8221, 8226, 8225, 8285, 8286, 8291, 8290,
  6051, 8222, 8227, 6062, 6052, 8287, 8292, 6063,
  8222, 8223, 8228, 8227, 8287, 8288, 8293, 8292,
  8223, 8224, 8229, 8228, 8288, 8289, 8294, 8293,
  8224, 8225, 8230, 8229, 8289, 8290, 8295, 8294,
  8225, 8226, 8231, 8230, 8290, 8291, 8296, 8295,
  6062, 8227, 8232, 6073, 6063, 8292, 8297, 6074,
  8227, 8228, 8233, 8232, 8292, 8293, 8298, 8297,
  8228, 8229, 8234, 8233, 8293, 8294, 8299, 8298,
  8229, 8230, 8235, 8234, 8294, 8295, 8300, 8299,
  8230, 8231, 8236, 8235, 8295, 8296, 8301, 8300,
  6073, 8232, 8237, 6084, 6074, 8297, 8302, 6085,
  8232, 8233, 8238, 8237, 8297, 8298, 8303, 8302,
  8233, 8234, 8239, 8238, 8298, 8299, 8304, 8303,
  8234, 8235, 8240, 8239, 8299, 8300, 8305, 8304,
  8235, 8236, 8241, 8240, 8300, 8301, 8306, 8305,
  6084, 8237, 8242, 6095, 6085, 8302, 8307, 6096,
  8237, 8238, 8243, 8242, 8302, 8303, 8308, 8307,
  8238, 8239, 8244, 8243, 8303, 8304, 8309, 8308,
  8239, 8240, 8245, 8244, 8304, 8305, 8310, 8309,
  8240, 8241, 8246, 8245, 8305, 8306, 8311, 8310,
  6095, 8242, 8247, 6106, 6096, 8307, 8312, 6107,
  8242, 8243, 8248, 8247, 8307, 8308, 8313, 8312,
  8243, 8244, 8249, 8248, 8308, 8309, 8314, 8313,
  8244, 8245, 8250, 8249, 8309, 8310, 8315, 8314,
  8245, 8246, 8251, 8250, 8310, 8311, 8316, 8315,
  6106, 8247, 7462, 5392, 6107, 8312, 7532, 5391,
  8247, 8248, 7464, 7462, 8312, 8313, 7534, 7532,
  8248, 8249, 7466, 7464, 8313, 8314, 7536, 7534,
  8249, 8250, 7468, 7466, 8314, 8315, 7538, 7536,
  8250, 8251, 7470, 7468, 8315, 8316, 7540, 7538,
  1349, 8317, 8318, 1350, 1347, 8319, 8320, 1348,
  8317, 8321, 8322, 8318, 8319, 8323, 8324, 8320,
  8321, 8325, 8326, 8322, 8323, 8327, 8328, 8324,
  8325, 8329, 8330, 8326, 8327, 8331, 8332, 8328,
  8329, 5391, 6107, 8330, 8331, 5237, 5964, 8332,
  1350, 8318, 8333, 1353, 1348, 8320, 8334, 1352,
  8318, 8322, 8335, 8333, 8320, 8324, 8336, 8334,
  8322, 8326, 8337, 8335, 8324, 8328, 8338, 8336,
  8326, 8330, 8339, 8337, 8328, 8332, 8340, 8338,
  8330, 6107, 6096, 8339, 8332, 5964, 5953, 8340,
  1353, 8333, 8341, 1356, 1352, 8334, 8342, 1355,
  8333, 8335, 8343, 8341, 8334, 8336, 8344, 8342,
  8335, 8337, 8345, 8343, 8336, 8338, 8346, 8344,
  8337, 8339, 8347, 8345, 8338, 8340, 8348, 8346,
  8339, 6096, 6085, 8347, 8340, 5953, 5942, 8348,
  1356, 8341, 8349, 1359, 1355, 8342, 8350, 1358,
  8341, 8343, 8351, 8349, 8342, 8344, 8352, 8350,
  8343, 8345, 8353, 8351, 8344, 8346, 8354, 8352,
  8345, 8347, 8355, 8353, 8346, 8348, 8356, 8354,
  8347, 6085, 6074, 8355, 8348, 5942, 5931, 8356,
  1359, 8349, 8357, 1362, 1358, 8350, 8358, 1361,
  8349, 8351, 8359, 8357, 8350, 8352, 8360, 8358,
  8351, 8353, 8361, 8359, 8352, 8354, 8362, 8360,
  8353, 8355, 8363, 8361, 8354, 8356, 8364, 8362,
  8355, 6074, 6063, 8363, 8356, 5931, 5920, 8364,
  1362, 8357, 8365, 1365, 1361, 8358, 8366, 1364,
  8357, 8359, 8367, 8365, 8358, 8360, 8368, 8366,
  8359, 8361, 8369, 8367, 8360, 8362, 8370, 8368,
  8361, 8363, 8371, 8369, 8362, 8364, 8372, 8370,
  8363, 6063, 6052, 8371, 8364, 5920, 5909, 8372,
  1365, 8365, 8373, 1368, 1364, 8366, 8374, 1367,
  8365, 8367, 8375, 8373, 8366, 8368, 8376, 8374,
  8367, 8369, 8377, 8375, 8368, 8370, 8378, 8376,
  8369, 8371, 8379, 8377, 8370, 8372, 8380, 8378,
  8371, 6052, 6041, 8379, 8372, 5909, 5898, 8380,
  1368, 8373, 8381, 1371, 1367, 8374, 8382, 1370,
  8373, 8375, 8383, 8381, 8374, 8376, 8384, 8382,
  8375, 8377, 8385, 8383, 8376, 8378, 8386, 8384,
  8377, 8379, 8387, 8385, 8378, 8380, 8388, 8386,
  8379, 6041, 6030, 8387, 8380, 5898, 5887, 8388,
  1371, 8381, 8389, 1374, 1370, 8382, 8390, 1373,
  8381, 8383, 8391, 8389, 8382, 8384, 8392, 8390,
  8383, 8385, 8393, 8391, 8384, 8386, 8394, 8392,
  8385, 8387, 8395, 8393, 8386, 8388, 8396, 8394,
  8387, 6030, 6019, 8395, 8388, 5887, 5876, 8396,
  1374, 8389, 8397, 1377, 1373, 8390, 8398, 1376,
  8389, 8391, 8399, 8397, 8390, 8392, 8400, 8398,
  8391, 8393, 8401, 8399, 8392, 8394, 8402, 8400,
  8393, 8395, 8403, 8401, 8394, 8396, 8404, 8402,
  8395, 6019, 6008, 8403, 8396, 5876, 5865, 8404,
  1377, 8397, 8405, 1380, 1376, 8398, 8406, 1379,
  8397, 8399, 8407, 8405, 8398, 8400, 8408, 8406,
  8399, 8401, 8409, 8407, 8400, 8402, 8410, 8408,
  8401, 8403, 8411, 8409, 8402, 8404, 8412, 8410,
  8403, 6008, 5997, 8411, 8404, 5865, 5854, 8412,
  1380, 8405, 8413, 1383, 1379, 8406, 8414, 1382,
  8405, 8407, 8415, 8413, 8406, 8408, 8416, 8414,
  8407, 8409, 8417, 8415, 8408, 8410, 8418, 8416,
  8409, 8411, 8419, 8417, 8410, 8412, 8420, 8418,
  8411, 5997, 5977, 8419, 8412, 5854, 5834, 8420,
  1383, 8413, 8421, 1386, 1382, 8414, 8422, 1385,
  8413, 8415, 8423, 8421, 8414, 8416, 8424, 8422,
  8415, 8417, 8425, 8423, 8416, 8418, 8426, 8424,
  8417, 8419, 8427, 8425, 8418, 8420, 8428, 8426,
  8419, 5977, 5974, 8427, 8420, 5834, 5831, 8428,
  1347, 8319, 8320, 1348, 1345, 8429, 8430, 1346,
  8319, 8323, 8324, 8320, 8429, 8431, 8432, 8430,
  8323, 8327, 8328, 8324, 8431, 8433, 8434, 8432,
  8327, 8331, 8332, 8328, 8433, 8435, 8436, 8434,
  8331, 5237, 5964, 8332, 8435, 5083, 5812, 8436,
  1348, 8320, 8334, 1352, 1346, 8430, 8437, 1351,
  8320, 8324, 8336, 8334, 8430, 8432, 8438, 8437,
  8324, 8328, 8338, 8336, 8432, 8434, 8439, 8438,
  8328, 8332, 8340, 8338, 8434, 8436, 8440, 8439,
  8332, 5964, 5953, 8340, 8436, 5812, 5790, 8440,
  1352, 8334, 8342, 1355, 1351, 8437, 8441, 1354,
  8334, 8336, 8344, 8342, 8437, 8438, 8442, 8441,
  8336, 8338, 8346, 8344, 8438, 8439, 8443, 8442,
  8338, 8340, 8348, 8346, 8439, 8440, 8444, 8443,
  8340, 5953, 5942, 8348, 8440, 5790, 5768, 8444,
  1355, 8342, 8350, 1358, 1354, 8441, 8445, 1357,
  8342, 8344, 8352, 8350, 8441, 8442, 8446, 8445,
  8344, 8346, 8354, 8352, 8442, 8443, 8447, 8446,
  8346, 8348, 8356, 8354, 8443, 8444, 8448, 8447,
  8348, 5942, 5931, 8356, 8444, 5768, 5746, 8448,
  1358, 8350, 8358, 1361, 1357, 8445, 8449, 1360,
  8350, 8352, 8360, 8358, 8445, 8446, 8450, 8449,
  8352, 8354, 8362, 8360, 8446, 8447, 8451, 8450,
  8354, 8356, 8364, 8362, 8447, 8448, 8452, 8451,
  8356, 5931, 5920, 8364, 8448, 5746, 5724, 8452,
  1361, 8358, 8366, 1364, 1360, 8449, 8453, 1363,
  8358, 8360, 8368, 8366, 8449, 8450, 8454, 8453,
  8360, 8362, 8370, 8368, 8450, 8451, 8455, 8454,
  8362, 8364, 8372, 8370, 8451, 8452, 8456, 8455,
  8364, 5920, 5909, 8372, 8452, 5724, 5702, 8456,
  1364, 8366, 8374, 1367, 1363, 8453, 8457, 1366,
  8366, 8368, 8376, 8374, 8453, 8454, 8458, 8457,
  8368, 8370, 8378, 8376, 8454, 8455, 8459, 8458,
  8370, 8372, 8380, 8378, 8455, 8456, 8460, 8459,
  8372, 5909, 5898, 8380, 8456, 5702, 5680, 8460,
  1367, 8374, 8382, 1370, 1366, 8457, 8461, 1369,
  8374, 8376, 8384, 8382, 8457, 8458, 8462, 8461,
  8376, 8378, 8386, 8384, 8458, 8459, 8463, 8462,
  8378, 8380, 8388, 8386, 8459, 8460, 8464, 8463,
  8380, 5898, 5887, 8388, 8460, 5680, 5658, 8464,
  1370, 8382, 8390, 1373, 1369, 8461, 8465, 1372,
  8382, 8384, 8392, 8390, 8461, 8462, 8466, 8465,
  8384, 8386, 8394, 8392, 8462, 8463, 8467, 8466,
  8386, 8388, 8396, 8394, 8463, 8464, 8468, 8467,
  8388, 5887, 5876, 8396, 8464, 5658, 5636, 8468,
  1373, 8390, 8398, 1376, 1372, 8465, 8469, 1375,
  8390, 8392, 8400, 8398, 8465, 8466, 8470, 8469,
  8392, 8394, 8402, 8400, 8466, 8467, 8471, 8470,
  8394, 8396, 8404, 8402, 8467, 8468, 8472, 8471,
  8396, 5876, 5865, 8404, 8468, 5636, 5614, 8472,
  1376, 8398, 8406, 1379, 1375, 8469, 8473, 1378,
  8398, 8400, 8408, 8406, 8469, 8470, 8474, 8473,
  8400, 8402, 8410, 8408, 8470, 8471, 8475, 8474,
  8402, 8404, 8412, 8410, 8471, 8472, 8476, 8475,
  8404, 5865, 5854, 8412, 8472, 5614, 5592, 8476,
  1379, 8406, 8414, 1382, 1378, 8473, 8477, 1381,
  8406, 8408, 8416, 8414, 8473, 8474, 8478, 8477,
  8408, 8410, 8418, 8416, 8474, 8475, 8479, 8478,
  8410, 8412, 8420, 8418, 8475, 8476, 8480, 8479,
  8412, 5854, 5834, 8420, 8476, 5592, 5552, 8480,
  1382, 8414, 8422, 1385, 1381, 8477, 8481, 1384,
  8414, 8416, 8424, 8422, 8477, 8478, 8482, 8481,
  8416, 8418, 8426, 8424, 8478, 8479, 8483, 8482,
  8418, 8420, 8428, 8426, 8479, 8480, 8484, 8483,
  8420, 5834, 5831, 8428, 8480, 5552, 5549, 8484,
  1345, 8429, 8430, 1346, 851, 8485, 8486, 852,
  8429, 8431, 8432, 8430, 8485, 8487, 8488, 8486,
  8431, 8433, 8434, 8432, 8487, 8489, 8490, 8488,
  8433, 8435, 8436, 8434, 8489, 8491, 8492, 8490,
  8435, 5083, 5812, 8436, 8491, 5078, 5810, 8492,
  1346, 8430, 8437, 1351, 852, 8486, 8493, 858,
  8430, 8432, 8438, 8437, 8486, 8488, 8494, 8493,
  8432, 8434, 8439, 8438, 8488, 8490, 8495, 8494,
  8434, 8436, 8440, 8439, 8490, 8492, 8496, 8495,
  8436, 5812, 5790, 8440, 8492, 5810, 5788, 8496,
  1351, 8437, 8441, 1354, 858, 8493, 8497, 864,
  8437, 8438, 8442, 8441, 8493, 8494, 8498, 8497,
  8438, 8439, 8443, 8442, 8494, 8495, 8499, 8498,
  8439, 8440, 8444, 8443, 8495, 8496, 8500, 8499,
  8440, 5790, 5768, 8444, 8496, 5788, 5766, 8500,
  1354, 8441, 8445, 1357, 864, 8497, 8501, 870,
  8441, 8442, 8446, 8445, 8497, 8498, 8502, 8501,
  8442, 8443, 8447, 8446, 8498, 8499, 8503, 8502,
  8443, 8444, 8448, 8447, 8499, 8500, 8504, 8503,
  8444, 5768, 5746, 8448, 8500, 5766, 5744, 8504,
  1357, 8445, 8449, 1360, 870, 8501, 8505, 876,
  8445, 8446, 8450, 8449, 8501, 8502, 8506, 8505,
  8446, 8447, 8451, 8450, 8502, 8503, 8507, 8506,
  8447, 8448, 8452, 8451, 8503, 8504, 8508, 8507,
  8448, 5746, 5724, 8452, 8504, 5744, 5722, 8508,
  1360, 8449, 8453, 1363, 876, 8505, 8509, 882,
  8449, 8450, 8454, 8453, 8505, 8506, 8510, 8509,
  8450, 8451, 8455, 8454, 8506, 8507, 8511, 8510,
  8451, 8452, 8456, 8455, 8507, 8508, 8512, 8511,
  8452, 5724, 5702, 8456, 8508, 5722, 5700, 8512,
  1363, 8453, 8457, 1366, 882, 8509, 8513, 888,
  8453, 8454, 8458, 8457, 8509, 8510, 8514, 8513,
  8454, 8455, 8459, 8458, 8510, 8511, 8515, 8514,
  8455, 8456, 8460, 8459, 8511, 8512, 8516, 8515,
  8456, 5702, 5680, 8460, 8512, 5700, 5678, 8516,
  1366, 8457, 8461, 1369, 888, 8513, 8517, 894,
  8457, 8458, 8462, 8461, 8513, 8514, 8518, 8517,
  8458, 8459, 8463, 8462, 8514, 8515, 8519, 8518,
  8459, 8460, 8464, 8463, 8515, 8516, 8520, 8519,
  8460, 5680, 5658, 8464, 8516, 5678, 5656, 8520,
  1369, 8461, 8465, 1372, 894, 8517, 8521, 900,
  8461, 8462, 8466, 8465, 8517, 8518, 8522, 8521,
  8462, 8463, 8467, 8466, 8518, 8519, 8523, 8522,
  8463, 8464, 8468, 8467, 8519, 8520, 8524, 8523,
  8464, 5658, 5636, 8468, 8520, 5656, 5634, 8524,
  1372, 8465, 8469, 1375, 900, 8521, 8525, 906,
  8465, 8466, 8470, 8469, 8521, 8522, 8526, 8525,
  8466, 8467, 8471, 8470, 8522, 8523, 8527, 8526,
  8467, 8468, 8472, 8471, 8523, 8524, 8528, 8527,
  8468, 5636, 5614, 8472, 8524, 5634, 5612, 8528,
  1375, 8469, 8473, 1378, 906, 8525, 8529, 912,
  8469, 8470, 8474, 8473, 8525, 8526, 8530, 8529,
  8470, 8471, 8475, 8474, 8526, 8527, 8531, 8530,
  8471, 8472, 8476, 8475, 8527, 8528, 8532, 8531,
  8472, 5614, 5592, 8476, 8528, 5612, 5590, 8532,
  1378, 8473, 8477, 1381, 912, 8529, 8533, 918,
  8473, 8474, 8478, 8477, 8529, 8530, 8534, 8533,
  8474, 8475, 8479, 8478, 8530, 8531, 8535, 8534,
  8475, 8476, 8480, 8479, 8531, 8532, 8536, 8535,
  8476, 5592, 5552, 8480, 8532, 5590, 5548, 8536,
  1381, 8477, 8481, 1384, 918, 8533, 8537, 924,
  8477, 8478, 8482, 8481, 8533, 8534, 8538, 8537,
  8478, 8479, 8483, 8482, 8534, 8535, 8539, 8538,
  8479, 8480, 8484, 8483, 8535, 8536, 8540, 8539,
  8480, 5552, 5549, 8484, 8536, 5548, 5545, 8540,
  2639, 8541, 8542, 2640, 2637, 8543, 8544, 2638,
  8541, 8545, 8546, 8542, 8543, 8547, 8548, 8544,
  8545, 8549, 8550, 8546, 8547, 8551, 8552, 8548,
  8549, 8553, 8554, 8550, 8551, 8555, 8556, 8552,
  8553, 5535, 5524, 8554, 8555, 5381, 5370, 8556,
  2640, 8542, 8557, 2643, 2638, 8544, 8558, 2642,
  8542, 8546, 8559, 8557, 8544, 8548, 8560, 8558,
  8546, 8550, 8561, 8559, 8548, 8552, 8562, 8560,
  8550, 8554, 8563, 8561, 8552, 8556, 8564, 8562,
  8554, 5524, 5513, 8563, 8556, 5370, 5359, 8564,
  2643, 8557, 8565, 2646, 2642, 8558, 8566, 2645,
  8557, 8559, 8567, 8565, 8558, 8560, 8568, 8566,
  8559, 8561, 8569, 8567, 8560, 8562, 8570, 8568,
  8561, 8563, 8571, 8569, 8562, 8564, 8572, 8570,
  8563, 5513, 5502, 8571, 8564, 5359, 5348, 8572,
  2646, 8565, 8573, 2649, 2645, 8566, 8574, 2648,
  8565, 8567, 8575, 8573, 8566, 8568, 8576, 8574,
  8567, 8569, 8577, 8575, 8568, 8570, 8578, 8576,
  8569, 8571, 8579, 8577, 8570, 8572, 8580, 8578,
  8571, 5502, 5491, 8579, 8572, 5348, 5337, 8580,
  2649, 8573, 8581, 2652, 2648, 8574, 8582, 2651,
  8573, 8575, 8583, 8581, 8574, 8576, 8584, 8582,
  8575, 8577, 8585, 8583, 8576, 8578, 8586, 8584,
  8577, 8579, 8587, 8585, 8578, 8580, 8588, 8586,
  8579, 5491, 5480, 8587, 8580, 5337, 5326, 8588,
  2652, 8581, 8589, 2655, 2651, 8582, 8590, 2654,
  8581, 8583, 8591, 8589, 8582, 8584, 8592, 8590,
  8583, 8585, 8593, 8591, 8584, 8586, 8594, 8592,
  8585, 8587, 8595, 8593, 8586, 8588, 8596, 8594,
  8587, 5480, 5469, 8595, 8588, 5326, 5315, 8596,
  2655, 8589, 8597, 2658, 2654, 8590, 8598, 2657,
  8589, 8591, 8599, 8597, 8590, 8592, 8600, 8598,
  8591, 8593, 8601, 8599, 8592, 8594, 8602, 8600,
  8593, 8595, 8603, 8601, 8594, 8596, 8604, 8602,
  8595, 5469, 5458, 8603, 8596, 5315, 5304, 8604,
  2658, 8597, 8605, 2661, 2657, 8598, 8606, 2660,
  8597, 8599, 8607, 8605, 8598, 8600, 8608, 8606,
  8599, 8601, 8609, 8607, 8600, 8602, 8610, 8608,
  8601, 8603, 8611, 8609, 8602, 8604, 8612, 8610,
  8603, 5458, 5447, 8611, 8604, 5304, 5293, 8612,
  2661, 8605, 8613, 2664, 2660, 8606, 8614, 2663,
  8605, 8607, 8615, 8613, 8606, 8608, 8616, 8614,
  8607, 8609, 8617, 8615, 8608, 8610, 8618, 8616,
  8609, 8611, 8619, 8617, 8610, 8612, 8620, 8618,
  8611, 5447, 5436, 8619, 8612, 5293, 5282, 8620,
  2664, 8613, 8621, 2667, 2663, 8614, 8622, 2666,
  8613, 8615, 8623, 8621, 8614, 8616, 8624, 8622,
  8615, 8617, 8625, 8623, 8616, 8618, 8626, 8624,
  8617, 8619, 8627, 8625, 8618, 8620, 8628, 8626,
  8619, 5436, 5425, 8627, 8620, 5282, 5271, 8628,
  2667, 8621, 8629, 2670, 2666, 8622, 8630, 2669,
  8621, 8623, 8631, 8629, 8622, 8624, 8632, 8630,
  8623, 8625, 8633, 8631, 8624, 8626, 8634, 8632,
  8625, 8627, 8635, 8633, 8626, 8628, 8636, 8634,
  8627, 5425, 5414, 8635, 8628, 5271, 5260, 8636,
  2670, 8629, 8637, 2673, 2669, 8630, 8638, 2672,
  8629, 8631, 8639, 8637, 8630, 8632, 8640, 8638,
  8631, 8633, 8641, 8639, 8632, 8634, 8642, 8640,
  8633, 8635, 8643, 8641, 8634, 8636, 8644, 8642,
  8635, 5414, 5394, 8643, 8636, 5260, 5240, 8644,
  2673, 8637, 8317, 1349, 2672, 8638, 8645, 1347,
  8637, 8639, 8321, 8317, 8638, 8640, 8646, 8645,
  8639, 8641, 8325, 8321, 8640, 8642, 8647, 8646,
  8641, 8643, 8329, 8325, 8642, 8644, 8648, 8647,
  8643, 5394, 5391, 8329, 8644, 5240, 5237, 8648,
  2637, 8543, 8544, 2638, 2635, 8649, 8650, 2636,
  8543, 8547, 8548, 8544, 8649, 8651, 8652, 8650,
  8547, 8551, 8552, 8548, 8651, 8653, 8654, 8652,
  8551, 8555, 8556, 8552, 8653, 8655, 8656, 8654,
  8555, 5381, 5370, 8556, 8655, 5227, 5216, 8656,
  2638, 8544, 8558, 2642, 2636, 8650, 8657, 2641,
  8544, 8548, 8560, 8558, 8650, 8652, 8658, 8657,
  8548, 8552, 8562, 8560, 8652, 8654, 8659, 8658,
  8552, 8556, 8564, 8562, 8654, 8656, 8660, 8659,
  8556, 5370, 5359, 8564, 8656, 5216, 5205, 8660,
  2642, 8558, 8566, 2645, 2641, 8657, 8661, 2644,
  8558, 8560, 8568, 8566, 8657, 8658, 8662, 8661,
  8560, 8562, 8570, 8568, 8658, 8659, 8663, 8662,
  8562, 8564, 8572, 8570, 8659, 8660, 8664, 8663,
  8564, 5359, 5348, 8572, 8660, 5205, 5194, 8664,
  2645, 8566, 8574, 2648, 2644, 8661, 8665, 2647,
  8566, 8568, 8576, 8574, 8661, 8662, 8666, 8665,
  8568, 8570, 8578, 8576, 8662, 8663, 8667, 8666,
  8570, 8572, 8580, 8578, 8663, 8664, 8668, 8667,
  8572, 5348, 5337, 8580, 8664, 5194, 5183, 8668,
  2648, 8574, 8582, 2651, 2647, 8665, 8669, 2650,
  8574, 8576, 8584, 8582, 8665, 8666, 8670, 8669,
  8576, 8578, 8586, 8584, 8666, 8667, 8671, 8670,
  8578, 8580, 8588, 8586, 8667, 8668, 8672, 8671,
  8580, 5337, 5326, 8588, 8668, 5183, 5172, 8672,
  2651, 8582, 8590, 2654, 2650, 8669, 8673, 2653,
  8582, 8584, 8592, 8590, 8669, 8670, 8674, 8673,
  8584, 8586, 8594, 8592, 8670, 8671, 8675, 8674,
  8586, 8588, 8596, 8594, 8671, 8672, 8676, 8675,
  8588, 5326, 5315, 8596, 8672, 5172, 5161, 8676,
  2654, 8590, 8598, 2657, 2653, 8673, 8677, 2656,
  8590, 8592, 8600, 8598, 8673, 8674, 8678, 8677,
  8592, 8594, 8602, 8600, 8674, 8675, 8679, 8678,
  8594, 8596, 8604, 8602, 8675, 8676, 8680, 8679,
  8596, 5315, 5304, 8604, 8676, 5161, 5150, 8680,
  2657, 8598, 8606, 2660, 2656, 8677, 8681, 2659,
  8598, 8600, 8608, 8606, 8677, 8678, 8682, 8681,
  8600, 8602, 8610, 8608, 8678, 8679, 8683, 8682,
  8602, 8604, 8612, 8610, 8679, 8680, 8684, 8683,
  8604, 5304, 5293, 8612, 8680, 5150, 5139, 8684,
  2660, 8606, 8614, 2663, 2659, 8681, 8685, 2662,
  8606, 8608, 8616, 8614, 8681, 8682, 8686, 8685,
  8608, 8610, 8618, 8616, 8682, 8683, 8687, 8686,
  8610, 8612, 8620, 8618, 8683, 8684, 8688, 8687,
  8612, 5293, 5282, 8620, 8684, 5139, 5128, 8688,
  2663, 8614, 8622, 2666, 2662, 8685, 8689, 2665,
  8614, 8616, 8624, 8622, 8685, 8686, 8690, 8689,
  8616, 8618, 8626, 8624, 8686, 8687, 8691, 8690,
  8618, 8620, 8628, 8626, 8687, 8688, 8692, 8691,
  8620, 5282, 5271, 8628, 8688, 5128, 5117, 8692,
  2666, 8622, 8630, 2669, 2665, 8689, 8693, 2668,
  8622, 8624, 8632, 8630, 8689, 8690, 8694, 8693,
  8624, 8626, 8634, 8632, 8690, 8691, 8695, 8694,
  8626, 8628, 8636, 8634, 8691, 8692, 8696, 8695,
  8628, 5271, 5260, 8636, 8692, 5117, 5106, 8696,
  2669, 8630, 8638, 2672, 2668, 8693, 8697, 2671,
  8630, 8632, 8640, 8638, 8693, 8694, 8698, 8697,
  8632, 8634, 8642, 8640, 8694, 8695, 8699, 8698,
  8634, 8636, 8644, 8642, 8695, 8696, 8700, 8699,
  8636, 5260, 5240, 8644, 8696, 5106, 5086, 8700,
  2672, 8638, 8645, 1347, 2671, 8697, 8701, 1345,
  8638, 8640, 8646, 8645, 8697, 8698, 8702, 8701,
  8640, 8642, 8647, 8646, 8698, 8699, 8703, 8702,
  8642, 8644, 8648, 8647, 8699, 8700, 8704, 8703,
  8644, 5240, 5237, 8648, 8700, 5086, 5083, 8704,
  2635, 8649, 8650, 2636, 2177, 8705, 8706, 2178,
  8649, 8651, 8652, 8650, 8705, 8707, 8708, 8706,
  8651, 8653, 8654, 8652, 8707, 8709, 8710, 8708,
  8653, 8655, 8656, 8654, 8709, 8711, 8712, 8710,
  8655, 5227, 5216, 8656, 8711, 4999, 5002, 8712,
  2636, 8650, 8657, 2641, 2178, 8706, 8713, 2184,
  8650, 8652, 8658, 8657, 8706, 8708, 8714, 8713,
  8652, 8654, 8659, 8658, 8708, 8710, 8715, 8714,
  8654, 8656, 8660, 8659, 8710, 8712, 8716, 8715,
  8656, 5216, 5205, 8660, 8712, 5002, 5012, 8716,
  2641, 8657, 8661, 2644, 2184, 8713, 8717, 2190,
  8657, 8658, 8662, 8661, 8713, 8714, 8718, 8717,
  8658, 8659, 8663, 8662, 8714, 8715, 8719, 8718,
  8659, 8660, 8664, 8663, 8715, 8716, 8720, 8719,
  8660, 5205, 5194, 8664, 8716, 5012, 5018, 8720,
  2644, 8661, 8665, 2647, 2190, 8717, 8721, 2196,
  8661, 8662, 8666, 8665, 8717, 8718, 8722, 8721,
  8662, 8663, 8667, 8666, 8718, 8719, 8723, 8722,
  8663, 8664, 8668, 8667, 8719, 8720, 8724, 8723,
  8664, 5194, 5183, 8668, 8720, 5018, 5024, 8724,
  2647, 8665, 8669, 2650, 2196, 8721, 8725, 2202,
  8665, 8666, 8670, 8669, 8721, 8722, 8726, 8725,
  8666, 8667, 8671, 8670, 8722, 8723, 8727, 8726,
  8667, 8668, 8672, 8671, 8723, 8724, 8728, 8727,
  8668, 5183, 5172, 8672, 8724, 5024, 5030, 8728,
  2650, 8669, 8673, 2653, 2202, 8725, 8729, 2208,
  8669, 8670, 8674, 8673, 8725, 8726, 8730, 8729,
  8670, 8671, 8675, 8674, 8726, 8727, 8731, 8730,
  8671, 8672, 8676, 8675, 8727, 8728, 8732, 8731,
  8672, 5172, 5161, 8676, 8728, 5030, 5036, 8732,
  2653, 8673, 8677, 2656, 2208, 8729, 8733, 2214,
  8673, 8674, 8678, 8677, 8729, 8730, 8734, 8733,
  8674, 8675, 8679, 8678, 8730, 8731, 8735, 8734,
  8675, 8676, 8680, 8679, 8731, 8732, 8736, 8735,
  8676, 5161, 5150, 8680, 8732, 5036, 5042, 8736,
  2656, 8677, 8681, 2659, 2214, 8733, 8737, 2220,
  8677, 8678, 8682, 8681, 8733, 8734, 8738, 8737,
  8678, 8679, 8683, 8682, 8734, 8735, 8739, 8738,
  8679, 8680, 8684, 8683, 8735, 8736, 8740, 8739,
  8680, 5150, 5139, 8684, 8736, 5042, 5048, 8740,
  2659, 8681, 8685, 2662, 2220, 8737, 8741, 2226,
  8681, 8682, 8686, 8685, 8737, 8738, 8742, 8741,
  8682, 8683, 8687, 8686, 8738, 8739, 8743, 8742,
  8683, 8684, 8688, 8687, 8739, 8740, 8744, 8743,
  8684, 5139, 5128, 8688, 8740, 5048, 5054, 8744,
  2662, 8685, 8689, 2665, 2226, 8741, 8745, 2232,
  8685, 8686, 8690, 8689, 8741, 8742, 8746, 8745,
  8686, 8687, 8691, 8690, 8742, 8743, 8747, 8746,
  8687, 8688, 8692, 8691, 8743, 8744, 8748, 8747,
  8688, 5128, 5117, 8692, 8744, 5054, 5060, 8748,
  2665, 8689, 8693, 2668, 2232, 8745, 8749, 2238,
  8689, 8690, 8694, 8693, 8745, 8746, 8750, 8749,
  8690, 8691, 8695, 8694, 8746, 8747, 8751, 8750,
  8691, 8692, 8696, 8695, 8747, 8748, 8752, 8751,
  8692, 5117, 5106, 8696, 8748, 5060, 5066, 8752,
  2668, 8693, 8697, 2671, 2238, 8749, 8753, 2244,
  8693, 8694, 8698, 8697, 8749, 8750, 8754, 8753,
  8694, 8695, 8699, 8698, 8750, 8751, 8755, 8754,
  8695, 8696, 8700, 8699, 8751, 8752, 8756, 8755,
  8696, 5106, 5086, 8700, 8752, 5066, 5072, 8756,
  2671, 8697, 8701, 1345, 2244, 8753, 8485, 851,
  8697, 8698, 8702, 8701, 8753, 8754, 8487, 8485,
  8698, 8699, 8703, 8702, 8754, 8755, 8489, 8487,
  8699, 8700, 8704, 8703, 8755, 8756, 8491, 8489,
  8700, 5086, 5083, 8704, 8756, 5072, 5078, 8491,
  2177, 8705, 8706, 2178, 2175, 8757, 8758, 2176,
  8705, 8707, 8708, 8706, 8757, 8759, 8760, 8758,
  8707, 8709, 8710, 8708, 8759, 8761, 8762, 8760,
  8709, 8711, 8712, 8710, 8761, 8763, 8764, 8762,
  8711, 4999, 5002, 8712, 8763, 5000, 5001, 8764,
  2178, 8706, 8713, 2184, 2176, 8758, 8765, 2183,
  8706, 8708, 8714, 8713, 8758, 8760, 8766, 8765,
  8708, 8710, 8715, 8714, 8760, 8762, 8767, 8766,
  8710, 8712, 8716, 8715, 8762, 8764, 8768, 8767,
  8712, 5002, 5012, 8716, 8764, 5001, 5011, 8768,
  2184, 8713, 8717, 2190, 2183, 8765, 8769, 2189,
  8713, 8714, 8718, 8717, 8765, 8766, 8770, 8769,
  8714, 8715, 8719, 8718, 8766, 8767, 8771, 8770,
  8715, 8716, 8720, 8719, 8767, 8768, 8772, 8771,
  8716, 5012, 5018, 8720, 8768, 5011, 5017, 8772,
  2190, 8717, 8721, 2196, 2189, 8769, 8773, 2195,
  8717, 8718, 8722, 8721, 8769, 8770, 8774, 8773,
  8718, 8719, 8723, 8722, 8770, 8771, 8775, 8774,
  8719, 8720, 8724, 8723, 8771, 8772, 8776, 8775,
  8720, 5018, 5024, 8724, 8772, 5017, 5023, 8776,
  2196, 8721, 8725, 2202, 2195, 8773, 8777, 2201,
  8721, 8722, 8726, 8725, 8773, 8774, 8778, 8777,
  8722, 8723, 8727, 8726, 8774, 8775, 8779, 8778,
  8723, 8724, 8728, 8727, 8775, 8776, 8780, 8779,
  8724, 5024, 5030, 8728, 8776, 5023, 5029, 8780,
  2202, 8725, 8729, 2208, 2201, 8777, 8781, 2207,
  8725, 8726, 8730, 8729, 8777, 8778, 8782, 8781,
  8726, 8727, 8731, 8730, 8778, 8779, 8783, 8782,
  8727, 8728, 8732, 8731, 8779, 8780, 8784, 8783,
  8728, 5030, 5036, 8732, 8780, 5029, 5035, 8784,
  2208, 8729, 8733, 2214, 2207, 8781, 8785, 2213,
  8729, 8730, 8734, 8733, 8781, 8782, 8786, 8785,
  8730, 8731, 8735, 8734, 8782, 8783, 8787, 8786,
  8731, 8732, 8736, 8735, 8783, 8784, 8788, 8787,
  8732, 5036, 5042, 8736, 8784, 5035, 5041, 8788,
  2214, 8733, 8737, 2220, 2213, 8785, 8789, 2219,
  8733, 8734, 8738, 8737, 8785, 8786, 8790, 8789,
  8734, 8735, 8739, 8738, 8786, 8787, 8791, 8790,
  8735, 8736, 8740, 8739, 8787, 8788, 8792, 8791,
  8736, 5042, 5048, 8740, 8788, 5041, 5047, 8792,
  2220, 8737, 8741, 2226, 2219, 8789, 8793, 2225,
  8737, 8738, 8742, 8741, 8789, 8790, 8794, 8793,
  8738, 8739, 8743, 8742, 8790, 8791, 8795, 8794,
  8739, 8740, 8744, 8743, 8791, 8792, 8796, 8795,
  8740, 5048, 5054, 8744, 8792, 5047, 5053, 8796,
  2226, 8741, 8745, 2232, 2225, 8793, 8797, 2231,
  8741, 8742, 8746, 8745, 8793, 8794, 8798, 8797,
  8742, 8743, 8747, 8746, 8794, 8795, 8799, 8798,
  8743, 8744, 8748, 8747, 8795, 8796, 8800, 8799,
  8744, 5054, 5060, 8748, 8796, 5053, 5059, 8800,
  2232, 8745, 8749, 2238, 2231, 8797, 8801, 2237,
  8745, 8746, 8750, 8749, 8797, 8798, 8802, 8801,
  8746, 8747, 8751, 8750, 8798, 8799, 8803, 8802,
  8747, 8748, 8752, 8751, 8799, 8800, 8804, 8803,
  8748, 5060, 5066, 8752, 8800, 5059, 5065, 8804,
  2238, 8749, 8753, 2244, 2237, 8801, 8805, 2243,
  8749, 8750, 8754, 8753, 8801, 8802, 8806, 8805,
  8750, 8751, 8755, 8754, 8802, 8803, 8807, 8806,
  8751, 8752, 8756, 8755, 8803, 8804, 8808, 8807,
  8752, 5066, 5072, 8756, 8804, 5065, 5071, 8808,
  2244, 8753, 8485, 851, 2243, 8805, 8809, 849,
  8753, 8754, 8487, 8485, 8805, 8806, 8810, 8809,
  8754, 8755, 8489, 8487, 8806, 8807, 8811, 8810,
  8755, 8756, 8491, 8489, 8807, 8808, 8812, 8811,
  8756, 5072, 5078, 8491, 8808, 5071, 5077, 8812,
  2175, 8757, 8758, 2176, 2173, 8813, 8814, 2174,
  8757, 8759, 8760, 8758, 8813, 8815, 8816, 8814,
  8759, 8761, 8762, 8760, 8815, 8817, 8818, 8816,
  8761, 8763, 8764, 8762, 8817, 8819, 8820, 8818,
  8763, 5000, 5001, 8764, 8819, 5003, 5004, 8820,
  2176, 8758, 8765, 2183, 2174, 8814, 8821, 2182,
  8758, 8760, 8766, 8765, 8814, 8816, 8822, 8821,
  8760, 8762, 8767, 8766, 8816, 8818, 8823, 8822,
  8762, 8764, 8768, 8767, 8818, 8820, 8824, 8823,
  8764, 5001, 5011, 8768, 8820, 5004, 5013, 8824,
  2183, 8765, 8769, 2189, 2182, 8821, 8825, 2188,
  8765, 8766, 8770, 8769, 8821, 8822, 8826, 8825,
  8766, 8767, 8771, 8770, 8822, 8823, 8827, 8826,
  8767, 8768, 8772, 8771, 8823, 8824, 8828, 8827,
  8768, 5011, 5017, 8772, 8824, 5013, 5019, 8828,
  2189, 8769, 8773, 2195, 2188, 8825, 8829, 2194,
  8769, 8770, 8774, 8773, 8825, 8826, 8830, 8829,
  8770, 8771, 8775, 8774, 8826, 8827, 8831, 8830,
  8771, 8772, 8776, 8775, 8827, 8828, 8832, 8831,
  8772, 5017, 5023, 8776, 8828, 5019, 5025, 8832,
  2195, 8773, 8777, 2201, 2194, 8829, 8833, 2200,
  8773, 8774, 8778, 8777, 8829, 8830, 8834, 8833,
  8774, 8775, 8779, 8778, 8830, 8831, 8835, 8834,
  8775, 8776, 8780, 8779, 8831, 8832, 8836, 8835,
  8776, 5023, 5029, 8780, 8832, 5025, 5031, 8836,
  2201, 8777, 8781, 2207, 2200, 8833, 8837, 2206,
  8777, 8778, 8782, 8781, 8833, 8834, 8838, 8837,
  8778, 8779, 8783, 8782, 8834, 8835, 8839, 8838,
  8779, 8780, 8784, 8783, 8835, 8836, 8840, 8839,
  8780, 5029, 5035, 8784, 8836, 5031, 5037, 8840,
  2207, 8781, 8785, 2213, 2206, 8837, 8841, 2212,
  8781, 8782, 8786, 8785, 8837, 8838, 8842, 8841,
  8782, 8783, 8787, 8786, 8838, 8839, 8843, 8842,
  8783, 8784, 8788, 8787, 8839, 8840, 8844, 8843,
  8784, 5035, 5041, 8788, 8840, 5037, 5043, 8844,
  2213, 8785, 8789, 2219, 2212, 8841, 8845, 2218,
  8785, 8786, 8790, 8789, 8841, 8842, 8846, 8845,
  8786, 8787, 8791, 8790, 8842, 8843, 8847, 8846,
  8787, 8788, 8792, 8791, 8843, 8844, 8848, 8847,
  8788, 5041, 5047, 8792, 8844, 5043, 5049, 8848,
  2219, 8789, 8793, 2225, 2218, 8845, 8849, 2224,
  8789, 8790, 8794, 8793, 8845, 8846, 8850, 8849,
  8790, 8791, 8795, 8794, 8846, 8847, 8851, 8850,
  8791, 8792, 8796, 8795, 8847, 8848, 8852, 8851,
  8792, 5047, 5053, 8796, 8848, 5049, 5055, 8852,
  2225, 8793, 8797, 2231, 2224, 8849, 8853, 2230,
  8793, 8794, 8798, 8797, 8849, 8850, 8854, 8853,
  8794, 8795, 8799, 8798, 8850, 8851, 8855, 8854,
  8795, 8796, 8800, 8799, 8851, 8852, 8856, 8855,
  8796, 5053, 5059, 8800, 8852, 5055, 5061, 8856,
  2231, 8797, 8801, 2237, 2230, 8853, 8857, 2236,
  8797, 8798, 8802, 8801, 8853, 8854, 8858, 8857,
  8798, 8799, 8803, 8802, 8854, 8855, 8859, 8858,
  8799, 8800, 8804, 8803, 8855, 8856, 8860, 8859,
  8800, 5059, 5065, 8804, 8856, 5061, 5067, 8860,
  2237, 8801, 8805, 2243, 2236, 8857, 8861, 2242,
  8801, 8802, 8806, 8805, 8857, 8858, 8862, 8861,
  8802, 8803, 8807, 8806, 8858, 8859, 8863, 8862,
  8803, 8804, 8808, 8807, 8859, 8860, 8864, 8863,
  8804, 5065, 5071, 8808, 8860, 5067, 5073, 8864,
  2243, 8805, 8809, 849, 2242, 8861, 8865, 847,
  8805, 8806, 8810, 8809, 8861, 8862, 8866, 8865,
  8806, 8807, 8811, 8810, 8862, 8863, 8867, 8866,
  8807, 8808, 8812, 8811, 8863, 8864, 8868, 8867,
  8808, 5071, 5077, 8812, 8864, 5073, 5079, 8868,
  2173, 8813, 8814, 2174, 2171, 8869, 8870, 2172,
  8813, 8815, 8816, 8814, 8869, 8871, 8872, 8870,
  8815, 8817, 8818, 8816, 8871, 8873, 8874, 8872,
  8817, 8819, 8820, 8818, 8873, 8875, 8876, 8874,
  8819, 5003, 5004, 8820, 8875, 5005, 5006, 8876,
  2174, 8814, 8821, 2182, 2172, 8870, 8877, 2181,
  8814, 8816, 8822, 8821, 8870, 8872, 8878, 8877,
  8816, 8818, 8823, 8822, 8872, 8874, 8879, 8878,
  8818, 8820, 8824, 8823, 8874, 8876, 8880, 8879,
  8820, 5004, 5013, 8824, 8876, 5006, 5014, 8880,
  2182, 8821, 8825, 2188, 2181, 8877, 8881, 2187,
  8821, 8822, 8826, 8825, 8877, 8878, 8882, 8881,
  8822, 8823, 8827, 8826, 8878, 8879, 8883, 8882,
  8823, 8824, 8828, 8827, 8879, 8880, 8884, 8883,
  8824, 5013, 5019, 8828, 8880, 5014, 5020, 8884,
  2188, 8825, 8829, 2194, 2187, 8881, 8885, 2193,
  8825, 8826, 8830, 8829, 8881, 8882, 8886, 8885,
  8826, 8827, 8831, 8830, 8882, 8883, 8887, 8886,
  8827, 8828, 8832, 8831, 8883, 8884, 8888, 8887,
  8828, 5019, 5025, 8832, 8884, 5020, 5026, 8888,
  2194, 8829, 8833, 2200, 2193, 8885, 8889, 2199,
  8829, 8830, 8834, 8833, 8885, 8886, 8890, 8889,
  8830, 8831, 8835, 8834, 8886, 8887, 8891, 8890,
  8831, 8832, 8836, 8835, 8887, 8888, 8892, 8891,
  8832, 5025, 5031, 8836, 8888, 5026, 5032, 8892,
  2200, 8833, 8837, 2206, 2199, 8889, 8893, 2205,
  8833, 8834, 8838, 8837, 8889, 8890, 8894, 8893,
  8834, 8835, 8839, 8838, 8890, 8891, 8895, 8894,
  8835, 8836, 8840, 8839, 8891, 8892, 8896, 8895,
  8836, 5031, 5037, 8840, 8892, 5032, 5038, 8896,
  2206, 8837, 8841, 2212, 2205, 8893, 8897, 2211,
  8837, 8838, 8842, 8841, 8893, 8894, 8898, 8897,
  8838, 8839, 8843, 8842, 8894, 8895, 8899, 8898,
  8839, 8840, 8844, 8843, 8895, 8896, 8900, 8899,
  8840, 5037, 5043, 8844, 8896, 5038, 5044, 8900,
  2212, 8841, 8845, 2218, 2211, 8897, 8901, 2217,
  8841, 8842, 8846, 8845, 8897, 8898, 8902, 8901,
  8842, 8843, 8847, 8846, 8898, 8899, 8903, 8902,
  8843, 8844, 8848, 8847, 8899, 8900, 8904, 8903,
  8844, 5043, 5049, 8848, 8900, 5044, 5050, 8904,
  2218, 8845, 8849, 2224, 2217, 8901, 8905, 2223,
  8845, 8846, 8850, 8849, 8901, 8902, 8906, 8905,
  8846, 8847, 8851, 8850, 8902, 8903, 8907, 8906,
  8847, 8848, 8852, 8851, 8903, 8904, 8908, 8907,
  8848, 5049, 5055, 8852, 8904, 5050, 5056, 8908,
  2224, 8849, 8853, 2230, 2223, 8905, 8909, 2229,
  8849, 8850, 8854, 8853, 8905, 8906, 8910, 8909,
  8850, 8851, 8855, 8854, 8906, 8907, 8911, 8910,
  8851, 8852, 8856, 8855, 8907, 8908, 8912, 8911,
  8852, 5055, 5061, 8856, 8908, 5056, 5062, 8912,
  2230, 8853, 8857, 2236, 2229, 8909, 8913, 2235,
  8853, 8854, 8858, 8857, 8909, 8910, 8914, 8913,
  8854, 8855, 8859, 8858, 8910, 8911, 8915, 8914,
  8855, 8856, 8860, 8859, 8911, 8912, 8916, 8915,
  8856, 5061, 5067, 8860, 8912, 5062, 5068, 8916,
  2236, 8857, 8861, 2242, 2235, 8913, 8917, 2241,
  8857, 8858, 8862, 8861, 8913, 8914, 8918, 8917,
  8858, 8859, 8863, 8862, 8914, 8915, 8919, 8918,
  8859, 8860, 8864, 8863, 8915, 8916, 8920, 8919,
  8860, 5067, 5073, 8864, 8916, 5068, 5074, 8920,
  2242, 8861, 8865, 847, 2241, 8917, 8921, 845,
  8861, 8862, 8866, 8865, 8917, 8918, 8922, 8921,
  8862, 8863, 8867, 8866, 8918, 8919, 8923, 8922,
  8863, 8864, 8868, 8867, 8919, 8920, 8924, 8923,
  8864, 5073, 5079, 8868, 8920, 5074, 5080, 8924,
  2171, 8869, 8870, 2172, 2168, 8925, 8926, 2169,
  8869, 8871, 8872, 8870, 8925, 8927, 8928, 8926,
  8871, 8873, 8874, 8872, 8927, 8929, 8930, 8928,
  8873, 8875, 8876, 8874, 8929, 8931, 8932, 8930,
  8875, 5005, 5006, 8876, 8931, 5007, 5008, 8932,
  2172, 8870, 8877, 2181, 2169, 8926, 8933, 2179,
  8870, 8872, 8878, 8877, 8926, 8928, 8934, 8933,
  8872, 8874, 8879, 8878, 8928, 8930, 8935, 8934,
  8874, 8876, 8880, 8879, 8930, 8932, 8936, 8935,
  8876, 5006, 5014, 8880, 8932, 5008, 5015, 8936,
  2181, 8877, 8881, 2187, 2179, 8933, 8937, 2185,
  8877, 8878, 8882, 8881, 8933, 8934, 8938, 8937,
  8878, 8879, 8883, 8882, 8934, 8935, 8939, 8938,
  8879, 8880, 8884, 8883, 8935, 8936, 8940, 8939,
  8880, 5014, 5020, 8884, 8936, 5015, 5021, 8940,
  2187, 8881, 8885, 2193, 2185, 8937, 8941, 2191,
  8881, 8882, 8886, 8885, 8937, 8938, 8942, 8941,
  8882, 8883, 8887, 8886, 8938, 8939, 8943, 8942,
  8883, 8884, 8888, 8887, 8939, 8940, 8944, 8943,
  8884, 5020, 5026, 8888, 8940, 5021, 5027, 8944,
  2193, 8885, 8889, 2199, 2191, 8941, 8945, 2197,
  8885, 8886, 8890, 8889, 8941, 8942, 8946, 8945,
  8886, 8887, 8891, 8890, 8942, 8943, 8947, 8946,
  8887, 8888, 8892, 8891, 8943, 8944, 8948, 8947,
  8888, 5026, 5032, 8892, 8944, 5027, 5033, 8948,
  2199, 8889, 8893, 2205, 2197, 8945, 8949, 2203,
  8889, 8890, 8894, 8893, 8945, 8946, 8950, 8949,
  8890, 8891, 8895, 8894, 8946, 8947, 8951, 8950,
  8891, 8892, 8896, 8895, 8947, 8948, 8952, 8951,
  8892, 5032, 5038, 8896, 8948, 5033, 5039, 8952,
  2205, 8893, 8897, 2211, 2203, 8949, 8953, 2209,
  8893, 8894, 8898, 8897, 8949, 8950, 8954, 8953,
  8894, 8895, 8899, 8898, 8950, 8951, 8955, 8954,
  8895, 8896, 8900, 8899, 8951, 8952, 8956, 8955,
  8896, 5038, 5044, 8900, 8952, 5039, 5045, 8956,
  2211, 8897, 8901, 2217, 2209, 8953, 8957, 2215,
  8897, 8898, 8902, 8901, 8953, 8954, 8958, 8957,
  8898, 8899, 8903, 8902, 8954, 8955, 8959, 8958,
  8899, 8900, 8904, 8903, 8955, 8956, 8960, 8959,
  8900, 5044, 5050, 8904, 8956, 5045, 5051, 8960,
  2217, 8901, 8905, 2223, 2215, 8957, 8961, 2221,
  8901, 8902, 8906, 8905, 8957, 8958, 8962, 8961,
  8902, 8903, 8907, 8906, 8958, 8959, 8963, 8962,
  8903, 8904, 8908, 8907, 8959, 8960, 8964, 8963,
  8904, 5050, 5056, 8908, 8960, 5051, 5057, 8964,
  2223, 8905, 8909, 2229, 2221, 8961, 8965, 2227,
  8905, 8906, 8910, 8909, 8961, 8962, 8966, 8965,
  8906, 8907, 8911, 8910, 8962, 8963, 8967, 8966,
  8907, 8908, 8912, 8911, 8963, 8964, 8968, 8967,
  8908, 5056, 5062, 8912, 8964, 5057, 5063, 8968,
  2229, 8909, 8913, 2235, 2227, 8965, 8969, 2233,
  8909, 8910, 8914, 8913, 8965, 8966, 8970, 8969,
  8910, 8911, 8915, 8914, 8966, 8967, 8971, 8970,
  8911, 8912, 8916, 8915, 8967, 8968, 8972, 8971,
  8912, 5062, 5068, 8916, 8968, 5063, 5069, 8972,
  2235, 8913, 8917, 2241, 2233, 8969, 8973, 2239,
  8913, 8914, 8918, 8917, 8969, 8970, 8974, 8973,
  8914, 8915, 8919, 8918, 8970, 8971, 8975, 8974,
  8915, 8916, 8920, 8919, 8971, 8972, 8976, 8975,
  8916, 5068, 5074, 8920, 8972, 5069, 5075, 8976,
  2241, 8917, 8921, 845, 2239, 8973, 8977, 842,
  8917, 8918, 8922, 8921, 8973, 8974, 8978, 8977,
  8918, 8919, 8923, 8922, 8974, 8975, 8979, 8978,
  8919, 8920, 8924, 8923, 8975, 8976, 8980, 8979,
  8920, 5074, 5080, 8924, 8976, 5075, 5081, 8980,
  2168, 8925, 8926, 2169, 2167, 8981, 8982, 2170,
  8925, 8927, 8928, 8926, 8981, 8983, 8984, 8982,
  8927, 8929, 8930, 8928, 8983, 8985, 8986, 8984,
  8929, 8931, 8932, 8930, 8985, 8987, 8988, 8986,
  8931, 5007, 5008, 8932, 8987, 5009, 5010, 8988,
  2169, 8926, 8933, 2179, 2170, 8982, 8989, 2180,
  8926, 8928, 8934, 8933, 8982, 8984, 8990, 8989,
  8928, 8930, 8935, 8934, 8984, 8986, 8991, 8990,
  8930, 8932, 8936, 8935, 8986, 8988, 8992, 8991,
  8932, 5008, 5015, 8936, 8988, 5010, 5016, 8992,
  2179, 8933, 8937, 2185, 2180, 8989, 8993, 2186,
  8933, 8934, 8938, 8937, 8989, 8990, 8994, 8993,
  8934, 8935, 8939, 8938, 8990, 8991, 8995, 8994,
  8935, 8936, 8940, 8939, 8991, 8992, 8996, 8995,
  8936, 5015, 5021, 8940, 8992, 5016, 5022, 8996,
  2185, 8937, 8941, 2191, 2186, 8993, 8997, 2192,
  8937, 8938, 8942, 8941, 8993, 8994, 8998, 8997,
  8938, 8939, 8943, 8942, 8994, 8995, 8999, 8998,
  8939, 8940, 8944, 8943, 8995, 8996, 9000, 8999,
  8940, 5021, 5027, 8944, 8996, 5022, 5028, 9000,
  2191, 8941, 8945, 2197, 2192, 8997, 9001, 2198,
  8941, 8942, 8946, 8945, 8997, 8998, 9002, 9001,
  8942, 8943, 8947, 8946, 8998, 8999, 9003, 9002,
  8943, 8944, 8948, 8947, 8999, 9000, 9004, 9003,
  8944, 5027, 5033, 8948, 9000, 5028, 5034, 9004,
  2197, 8945, 8949, 2203, 2198, 9001, 9005, 2204,
  8945, 8946, 8950, 8949, 9001, 9002, 9006, 9005,
  8946, 8947, 8951, 8950, 9002, 9003, 9007, 9006,
  8947, 8948, 8952, 8951, 9003, 9004, 9008, 9007,
  8948, 5033, 5039, 8952, 9004, 5034, 5040, 9008,
  2203, 8949, 8953, 2209, 2204, 9005, 9009, 2210,
  8949, 8950, 8954, 8953, 9005, 9006, 9010, 9009,
  8950, 8951, 8955, 8954, 9006, 9007, 9011, 9010,
  8951, 8952, 8956, 8955, 9007, 9008, 9012, 9011,
  8952, 5039, 5045, 8956, 9008, 5040, 5046, 9012,
  2209, 8953, 8957, 2215, 2210, 9009, 9013, 2216,
  8953, 8954, 8958, 8957, 9009, 9010, 9014, 9013,
  8954, 8955, 8959, 8958, 9010, 9011, 9015, 9014,
  8955, 8956, 8960, 8959, 9011, 9012, 9016, 9015,
  8956, 5045, 5051, 8960, 9012, 5046, 5052, 9016,
  2215, 8957, 8961, 2221, 2216, 9013, 9017, 2222,
  8957, 8958, 8962, 8961, 9013, 9014, 9018, 9017,
  8958, 8959, 8963, 8962, 9014, 9015, 9019, 9018,
  8959, 8960, 8964, 8963, 9015, 9016, 9020, 9019,
  8960, 5051, 5057, 8964, 9016, 5052, 5058, 9020,
  2221, 8961, 8965, 2227, 2222, 9017, 9021, 2228,
  8961, 8962, 8966, 8965, 9017, 9018, 9022, 9021,
  8962, 8963, 8967, 8966, 9018, 9019, 9023, 9022,
  8963, 8964, 8968, 8967, 9019, 9020, 9024, 9023,
  8964, 5057, 5063, 8968, 9020, 5058, 5064, 9024,
  2227, 8965, 8969, 2233, 2228, 9021, 9025, 2234,
  8965, 8966, 8970, 8969, 9021, 9022, 9026, 9025,
  8966, 8967, 8971, 8970, 9022, 9023, 9027, 9026,
  8967, 8968, 8972, 8971, 9023, 9024, 9028, 9027,
  8968, 5063, 5069, 8972, 9024, 5064, 5070, 9028,
  2233, 8969, 8973, 2239, 2234, 9025, 9029, 2240,
  8969, 8970, 8974, 8973, 9025, 9026, 9030, 9029,
  8970, 8971, 8975, 8974, 9026, 9027, 9031, 9030,
  8971, 8972, 8976, 8975, 9027, 9028, 9032, 9031,
  8972, 5069, 5075, 8976, 9028, 5070, 5076, 9032,
  2239, 8973, 8977, 842, 2240, 9029, 9033, 841,
  8973, 8974, 8978, 8977, 9029, 9030, 9034, 9033,
  8974, 8975, 8979, 8978, 9030, 9031, 9035, 9034,
  8975, 8976, 8980, 8979, 9031, 9032, 9036, 9035,
  8976, 5075, 5081, 8980, 9032, 5076, 5082, 9036,
  851, 8485, 8486, 852, 849, 8809, 9037, 850,
  8485, 8487, 8488, 8486, 8809, 8810, 9038, 9037,
  8487, 8489, 8490, 8488, 8810, 8811, 9039, 9038,
  8489, 8491, 8492, 8490, 8811, 8812, 9040, 9039,
  8491, 5078, 5810, 8492, 8812, 5077, 6778, 9040,
  852, 8486, 8493, 858, 850, 9037, 9041, 857,
  8486, 8488, 8494, 8493, 9037, 9038, 9042, 9041,
  8488, 8490, 8495, 8494, 9038, 9039, 9043, 9042,
  8490, 8492, 8496, 8495, 9039, 9040, 9044, 9043,
  8492, 5810, 5788, 8496, 9040, 6778, 6723, 9044,
  858, 8493, 8497, 864, 857, 9041, 9045, 863,
  8493, 8494, 8498, 8497, 9041, 9042, 9046, 9045,
  8494, 8495, 8499, 8498, 9042, 9043, 9047, 9046,
  8495, 8496, 8500, 8499, 9043, 9044, 9048, 9047,
  8496, 5788, 5766, 8500, 9044, 6723, 6668, 9048,
  864, 8497, 8501, 870, 863, 9045, 9049, 869,
  8497, 8498, 8502, 8501, 9045, 9046, 9050, 9049,
  8498, 8499, 8503, 8502, 9046, 9047, 9051, 9050,
  8499, 8500, 8504, 8503, 9047, 9048, 9052, 9051,
  8500, 5766, 5744, 8504, 9048, 6668, 6613, 9052,
  870, 8501, 8505, 876, 869, 9049, 9053, 875,
  8501, 8502, 8506, 8505, 9049, 9050, 9054, 9053,
  8502, 8503, 8507, 8506, 9050, 9051, 9055, 9054,
  8503, 8504, 8508, 8507, 9051, 9052, 9056, 9055,
  8504, 5744, 5722, 8508, 9052, 6613, 6558, 9056,
  876, 8505, 8509, 882, 875, 9053, 9057, 881,
  8505, 8506, 8510, 8509, 9053, 9054, 9058, 9057,
  8506, 8507, 8511, 8510, 9054, 9055, 9059, 9058,
  8507, 8508, 8512, 8511, 9055, 9056, 9060, 9059,
  8508, 5722, 5700, 8512, 9056, 6558, 6503, 9060,
  882, 8509, 8513, 888, 881, 9057, 9061, 887,
  8509, 8510, 8514, 8513, 9057, 9058, 9062, 9061,
  8510, 8511, 8515, 8514, 9058, 9059, 9063, 9062,
  8511, 8512, 8516, 8515, 9059, 9060, 9064, 9063,
  8512, 5700, 5678, 8516, 9060, 6503, 6448, 9064,
  888, 8513, 8517, 894, 887, 9061, 9065, 893,
  8513, 8514, 8518, 8517, 9061, 9062, 9066, 9065,
  8514, 8515, 8519, 8518, 9062, 9063, 9067, 9066,
  8515, 8516, 8520, 8519, 9063, 9064, 9068, 9067,
  8516, 5678, 5656, 8520, 9064, 6448, 6393, 9068,
  894, 8517, 8521, 900, 893, 9065, 9069, 899,
  8517, 8518, 8522, 8521, 9065, 9066, 9070, 9069,
  8518, 8519, 8523, 8522, 9066, 9067, 9071, 9070,
  8519, 8520, 8524, 8523, 9067, 9068, 9072, 9071,
  8520, 5656, 5634, 8524, 9068, 6393, 6338, 9072,
  900, 8521, 8525, 906, 899, 9069, 9073, 905,
  8521, 8522, 8526, 8525, 9069, 9070, 9074, 9073,
  8522, 8523, 8527, 8526, 9070, 9071, 9075, 9074,
  8523, 8524, 8528, 8527, 9071, 9072, 9076, 9075,
  8524, 5634, 5612, 8528, 9072, 6338, 6283, 9076,
  906, 8525, 8529, 912, 905, 9073, 9077, 911,
  8525, 8526, 8530, 8529, 9073, 9074, 9078, 9077,
  8526, 8527, 8531, 8530, 9074, 9075, 9079, 9078,
  8527, 8528, 8532, 8531, 9075, 9076, 9080, 9079,
  8528, 5612, 5590, 8532, 9076, 6283, 6228, 9080,
  912, 8529, 8533, 918, 911, 9077, 9081, 917,
  8529, 8530, 8534, 8533, 9077, 9078, 9082, 9081,
  8530, 8531, 8535, 8534, 9078, 9079, 9083, 9082,
  8531, 8532, 8536, 8535, 9079, 9080, 9084, 9083,
  8532, 5590, 5548, 8536, 9080, 6228, 6120, 9084,
  918, 8533, 8537, 924, 917, 9081, 9085, 923,
  8533, 8534, 8538, 8537, 9081, 9082, 9086, 9085,
  8534, 8535, 8539, 8538, 9082, 9083, 9087, 9086,
  8535, 8536, 8540, 8539, 9083, 9084, 9088, 9087,
  8536, 5548, 5545, 8540, 9084, 6120, 6118, 9088,
  849, 8809, 9037, 850, 847, 8865, 9089, 848,
  8809, 8810, 9038, 9037, 8865, 8866, 9090, 9089,
  8810, 8811, 9039, 9038, 8866, 8867, 9091, 9090,
  8811, 8812, 9040, 9039, 8867, 8868, 9092, 9091,
  8812, 5077, 6778, 9040, 8868, 5079, 6789, 9092,
  850, 9037, 9041, 857, 848, 9089, 9093, 856,
  9037, 9038, 9042, 9041, 9089, 9090, 9094, 9093,
  9038, 9039, 9043, 9042, 9090, 9091, 9095, 9094,
  9039, 9040, 9044, 9043, 9091, 9092, 9096, 9095,
  9040, 6778, 6723, 9044, 9092, 6789, 6734, 9096,
  857, 9041, 9045, 863, 856, 9093, 9097, 862,
  9041, 9042, 9046, 9045, 9093, 9094, 9098, 9097,
  9042, 9043, 9047, 9046, 9094, 9095, 9099, 9098,
  9043, 9044, 9048, 9047, 9095, 9096, 9100, 9099,
  9044, 6723, 6668, 9048, 9096, 6734, 6679, 9100,
  863, 9045, 9049, 869, 862, 9097, 9101, 868,
  9045, 9046, 9050, 9049, 9097, 9098, 9102, 9101,
  9046, 9047, 9051, 9050, 9098, 9099, 9103, 9102,
  9047, 9048, 9052, 9051, 9099, 9100, 9104, 9103,
  9048, 6668, 6613, 9052, 9100, 6679, 6624, 9104,
  869, 9049, 9053, 875, 868, 9101, 9105, 874,
  9049, 9050, 9054, 9053, 9101, 9102, 9106, 9105,
  9050, 9051, 9055, 9054, 9102, 9103, 9107, 9106,
  9051, 9052, 9056, 9055, 9103, 9104, 9108, 9107,
  9052, 6613, 6558, 9056, 9104, 6624, 6569, 9108,
  875, 9053, 9057, 881, 874, 9105, 9109, 880,
  9053, 9054, 9058, 9057, 9105, 9106, 9110, 9109,
  9054, 9055, 9059, 9058, 9106, 9107, 9111, 9110,
  9055, 9056, 9060, 9059, 9107, 9108, 9112, 9111,
  9056, 6558, 6503, 9060, 9108, 6569, 6514, 9112,
  881, 9057, 9061, 887, 880, 9109, 9113, 886,
  9057, 9058, 9062, 9061, 9109, 9110, 9114, 9113,
  9058, 9059, 9063, 9062, 9110, 9111, 9115, 9114,
  9059, 9060, 9064, 9063, 9111, 9112, 9116, 9115,
  9060, 6503, 6448, 9064, 9112, 6514, 6459, 9116,
  887, 9061, 9065, 893, 886, 9113, 9117, 892,
  9061, 9062, 9066, 9065, 9113, 9114, 9118, 9117,
  9062, 9063, 9067, 9066, 9114, 9115, 9119, 9118,
  9063, 9064, 9068, 9067, 9115, 9116, 9120, 9119,
  9064, 6448, 6393, 9068, 9116, 6459, 6404, 9120,
  893, 9065, 9069, 899, 892, 9117, 9121, 898,
  9065, 9066, 9070, 9069, 9117, 9118, 9122, 9121,
  9066, 9067, 9071, 9070, 9118, 9119, 9123, 9122,
  9067, 9068, 9072, 9071, 9119, 9120, 9124, 9123,
  9068, 6393, 6338, 9072, 9120, 6404, 6349, 9124,
  899, 9069, 9073, 905, 898, 9121, 9125, 904,
  9069, 9070, 9074, 9073, 9121, 9122, 9126, 9125,
  9070, 9071, 9075, 9074, 9122, 9123, 9127, 9126,
  9071, 9072, 9076, 9075, 9123, 9124, 9128, 9127,
  9072, 6338, 6283, 9076, 9124, 6349, 6294, 9128,
  905, 9073, 9077, 911, 904, 9125, 9129, 910,
  9073, 9074, 9078, 9077, 9125, 9126, 9130, 9129,
  9074, 9075, 9079, 9078, 9126, 9127, 9131, 9130,
  9075, 9076, 9080, 9079, 9127, 9128, 9132, 9131,
  9076, 6283, 6228, 9080, 9128, 6294, 6239, 9132,
  911, 9077, 9081, 917, 910, 9129, 9133, 916,
  9077, 9078, 9082, 9081, 9129, 9130, 9134, 9133,
  9078, 9079, 9083, 9082, 9130, 9131, 9135, 9134,
  9079, 9080, 9084, 9083, 9131, 9132, 9136, 9135,
  9080, 6228, 6120, 9084, 9132, 6239, 6142, 9136,
  917, 9081, 9085, 923, 916, 9133, 9137, 922,
  9081, 9082, 9086, 9085, 9133, 9134, 9138, 9137,
  9082, 9083, 9087, 9086, 9134, 9135, 9139, 9138,
  9083, 9084, 9088, 9087, 9135, 9136, 9140, 9139,
  9084, 6120, 6118, 9088, 9136, 6142, 6140, 9140,
  847, 8865, 9089, 848, 845, 8921, 9141, 846,
  8865, 8866, 9090, 9089, 8921, 8922, 9142, 9141,
  8866, 8867, 9091, 9090, 8922, 8923, 9143, 9142,
  8867, 8868, 9092, 9091, 8923, 8924, 9144, 9143,
  8868, 5079, 6789, 9092, 8924, 5080, 6800, 9144,
  848, 9089, 9093, 856, 846, 9141, 9145, 855,
  9089, 9090, 9094, 9093, 9141, 9142, 9146, 9145,
  9090, 9091, 9095, 9094, 9142, 9143, 9147, 9146,
  9091, 9092, 9096, 9095, 9143, 9144, 9148, 9147,
  9092, 6789, 6734, 9096, 9144, 6800, 6745, 9148,
  856, 9093, 9097, 862, 855, 9145, 9149, 861,
  9093, 9094, 9098, 9097, 9145, 9146, 9150, 9149,
  9094, 9095, 9099, 9098, 9146, 9147, 9151, 9150,
  9095, 9096, 9100, 9099, 9147, 9148, 9152, 9151,
  9096, 6734, 6679, 9100, 9148, 6745, 6690, 9152,
  862, 9097, 9101, 868, 861, 9149, 9153, 867,
  9097, 9098, 9102, 9101, 9149, 9150, 9154, 9153,
  9098, 9099, 9103, 9102, 9150, 9151, 9155, 9154,
  9099, 9100, 9104, 9103, 9151, 9152, 9156, 9155,
  9100, 6679, 6624, 9104, 9152, 6690, 6635, 9156,
  868, 9101, 9105, 874, 867, 9153, 9157, 873,
  9101, 9102, 9106, 9105, 9153, 9154, 9158, 9157,
  9102, 9103, 9107, 9106, 9154, 9155, 9159, 9158,
  9103, 9104, 9108, 9107, 9155, 9156, 9160, 9159,
  9104, 6624, 6569, 9108, 9156, 6635, 6580, 9160,
  874, 9105, 9109, 880, 873, 9157, 9161, 879,
  9105, 9106, 9110, 9109, 9157, 9158, 9162, 9161,
  9106, 9107, 9111, 9110, 9158, 9159, 9163, 9162,
  9107, 9108, 9112, 9111, 9159, 9160, 9164, 9163,
  9108, 6569, 6514, 9112, 9160, 6580, 6525, 9164,
  880, 9109, 9113, 886, 879, 9161, 9165, 885,
  9109, 9110, 9114, 9113, 9161, 9162, 9166, 9165,
  9110, 9111, 9115, 9114, 9162, 9163, 9167, 9166,
  9111, 9112, 9116, 9115, 9163, 9164, 9168, 9167,
  9112, 6514, 6459, 9116, 9164, 6525, 6470, 9168,
  886, 9113, 9117, 892, 885, 9165, 9169, 891,
  9113, 9114, 9118, 9117, 9165, 9166, 9170, 9169,
  9114, 9115, 9119, 9118, 9166, 9167, 9171, 9170,
  9115, 9116, 9120, 9119, 9167, 9168, 9172, 9171,
  9116, 6459, 6404, 9120, 9168, 6470, 6415, 9172,
  892, 9117, 9121, 898, 891, 9169, 9173, 897,
  9117, 9118, 9122, 9121, 9169, 9170, 9174, 9173,
  9118, 9119, 9123, 9122, 9170, 9171, 9175, 9174,
  9119, 9120, 9124, 9123, 9171, 9172, 9176, 9175,
  9120, 6404, 6349, 9124, 9172, 6415, 6360, 9176,
  898, 9121, 9125, 904, 897, 9173, 9177, 903,
  9121, 9122, 9126, 9125, 9173, 9174, 9178, 9177,
  9122, 9123, 9127, 9126, 9174, 9175, 9179, 9178,
  9123, 9124, 9128, 9127, 9175, 9176, 9180, 9179,
  9124, 6349, 6294, 9128, 9176, 6360, 6305, 9180,
  904, 9125, 9129, 910, 903, 9177, 9181, 909,
  9125, 9126, 9130, 9129, 9177, 9178, 9182, 9181,
  9126, 9127, 9131, 9130, 9178, 9179, 9183, 9182,
  9127, 9128, 9132, 9131, 9179, 9180, 9184, 9183,
  9128, 6294, 6239, 9132, 9180, 6305, 6250, 9184,
  910, 9129, 9133, 916, 909, 9181, 9185, 915,
  9129, 9130, 9134, 9133, 9181, 9182, 9186, 9185,
  9130, 9131, 9135, 9134, 9182, 9183, 9187, 9186,
  9131, 9132, 9136, 9135, 9183, 9184, 9188, 9187,
  9132, 6239, 6142, 9136, 9184, 6250, 6164, 9188,
  916, 9133, 9137, 922, 915, 9185, 9189, 921,
  9133, 9134, 9138, 9137, 9185, 9186, 9190, 9189,
  9134, 9135, 9139, 9138, 9186, 9187, 9191, 9190,
  9135, 9136, 9140, 9139, 9187, 9188, 9192, 9191,
  9136, 6142, 6140, 9140, 9188, 6164, 6162, 9192,
  845, 8921, 9141, 846, 842, 8977, 9193, 843,
  8921, 8922, 9142, 9141, 8977, 8978, 9194, 9193,
  8922, 8923, 9143, 9142, 8978, 8979, 9195, 9194,
  8923, 8924, 9144, 9143, 8979, 8980, 9196, 9195,
  8924, 5080, 6800, 9144, 8980, 5081, 6811, 9196,
  846, 9141, 9145, 855, 843, 9193, 9197, 853,
  9141, 9142, 9146, 9145, 9193, 9194, 9198, 9197,
  9142, 9143, 9147, 9146, 9194, 9195, 9199, 9198,
  9143, 9144, 9148, 9147, 9195, 9196, 9200, 9199,
  9144, 6800, 6745, 9148, 9196, 6811, 6756, 9200,
  855, 9145, 9149, 861, 853, 9197, 9201, 859,
  9145, 9146, 9150, 9149, 9197, 9198, 9202, 9201,
  9146, 9147, 9151, 9150, 9198, 9199, 9203, 9202,
  9147, 9148, 9152, 9151, 9199, 9200, 9204, 9203,
  9148, 6745, 6690, 9152, 9200, 6756, 6701, 9204,
  861, 9149, 9153, 867, 859, 9201, 9205, 865,
  9149, 9150, 9154, 9153, 9201, 9202, 9206, 9205,
  9150, 9151, 9155, 9154, 9202, 9203, 9207, 9206,
  9151, 9152, 9156, 9155, 9203, 9204, 9208, 9207,
  9152, 6690, 6635, 9156, 9204, 6701, 6646, 9208,
  867, 9153, 9157, 873, 865, 9205, 9209, 871,
  9153, 9154, 9158, 9157, 9205, 9206, 9210, 9209,
  9154, 9155, 9159, 9158, 9206, 9207, 9211, 9210,
  9155, 9156, 9160, 9159, 9207, 9208, 9212, 9211,
  9156, 6635, 6580, 9160, 9208, 6646, 6591, 9212,
  873, 9157, 9161, 879, 871, 9209, 9213, 877,
  9157, 9158, 9162, 9161, 9209, 9210, 9214, 9213,
  9158, 9159, 9163, 9162, 9210, 9211, 9215, 9214,
  9159, 9160, 9164, 9163, 9211, 9212, 9216, 9215,
  9160, 6580, 6525, 9164, 9212, 6591, 6536, 9216,
  879, 9161, 9165, 885, 877, 9213, 9217, 883,
  9161, 9162, 9166, 9165, 9213, 9214, 9218, 9217,
  9162, 9163, 9167, 9166, 9214, 9215, 9219, 9218,
  9163, 9164, 9168, 9167, 9215, 9216, 9220, 9219,
  9164, 6525, 6470, 9168, 9216, 6536, 6481, 9220,
  885, 9165, 9169, 891, 883, 9217, 9221, 889,
  9165, 9166, 9170, 9169, 9217, 9218, 9222, 9221,
  9166, 9167, 9171, 9170, 9218, 9219, 9223, 9222,
  9167, 9168, 9172, 9171, 9219, 9220, 9224, 9223,
  9168, 6470, 6415, 9172, 9220, 6481, 6426, 9224,
  891, 9169, 9173, 897, 889, 9221, 9225, 895,
  9169, 9170, 9174, 9173, 9221, 9222, 9226, 9225,
  9170, 9171, 9175, 9174, 9222, 9223, 9227, 9226,
  9171, 9172, 9176, 9175, 9223, 9224, 9228, 9227,
  9172, 6415, 6360, 9176, 9224, 6426, 6371, 9228,
  897, 9173, 9177, 903, 895, 9225, 9229, 901,
  9173, 9174, 9178, 9177, 9225, 9226, 9230, 9229,
  9174, 9175, 9179, 9178, 9226, 9227, 9231, 9230,
  9175, 9176, 9180, 9179, 9227, 9228, 9232, 9231,
  9176, 6360, 6305, 9180, 9228, 6371, 6316, 9232,
  903, 9177, 9181, 909, 901, 9229, 9233, 907,
  9177, 9178, 9182, 9181, 9229, 9230, 9234, 9233,
  9178, 9179, 9183, 9182, 9230, 9231, 9235, 9234,
  9179, 9180, 9184, 9183, 9231, 9232, 9236, 9235,
  9180, 6305, 6250, 9184, 9232, 6316, 6261, 9236,
  909, 9181, 9185, 915, 907, 9233, 9237, 913,
  9181, 9182, 9186, 9185, 9233, 9234, 9238, 9237,
  9182, 9183, 9187, 9186, 9234, 9235, 9239, 9238,
  9183, 9184, 9188, 9187, 9235, 9236, 9240, 9239,
  9184, 6250, 6164, 9188, 9236, 6261, 6186, 9240,
  915, 9185, 9189, 921, 913, 9237, 9241, 919,
  9185, 9186, 9190, 9189, 9237, 9238, 9242, 9241,
  9186, 9187, 9191, 9190, 9238, 9239, 9243, 9242,
  9187, 9188, 9192, 9191, 9239, 9240, 9244, 9243,
  9188, 6164, 6162, 9192, 9240, 6186, 6184, 9244,
  842, 8977, 9193, 843, 841, 9033, 9245, 844,
  8977, 8978, 9194, 9193, 9033, 9034, 9246, 9245,
  8978, 8979, 9195, 9194, 9034, 9035, 9247, 9246,
  8979, 8980, 9196, 9195, 9035, 9036, 9248, 9247,
  8980, 5081, 6811, 9196, 9036, 5082, 6822, 9248,
  843, 9193, 9197, 853, 844, 9245, 9249, 854,
  9193, 9194, 9198, 9197, 9245, 9246, 9250, 9249,
  9194, 9195, 9199, 9198, 9246, 9247, 9251, 9250,
  9195, 9196, 9200, 9199, 9247, 9248, 9252, 9251,
  9196, 6811, 6756, 9200, 9248, 6822, 6767, 9252,
  853, 9197, 9201, 859, 854, 9249, 9253, 860,
  9197, 9198, 9202, 9201, 9249, 9250, 9254, 9253,
  9198, 9199, 9203, 9202, 9250, 9251, 9255, 9254,
  9199, 9200, 9204, 9203, 9251, 9252, 9256, 9255,
  9200, 6756, 6701, 9204, 9252, 6767, 6712, 9256,
  859, 9201, 9205, 865, 860, 9253, 9257, 866,
  9201, 9202, 9206, 9205, 9253, 9254, 9258, 9257,
  9202, 9203, 9207, 9206, 9254, 9255, 9259, 9258,
  9203, 9204, 9208, 9207, 9255, 9256, 9260, 9259,
  9204, 6701, 6646, 9208, 9256, 6712, 6657, 9260,
  865, 9205, 9209, 871, 866, 9257, 9261, 872,
  9205, 9206, 9210, 9209, 9257, 9258, 9262, 9261,
  9206, 9207, 9211, 9210, 9258, 9259, 9263, 9262,
  9207, 9208, 9212, 9211, 9259, 9260, 9264, 9263,
  9208, 6646, 6591, 9212, 9260, 6657, 6602, 9264,
  871, 9209, 9213, 877, 872, 9261, 9265, 878,
  9209, 9210, 9214, 9213, 9261, 9262, 9266, 9265,
  9210, 9211, 9215, 9214, 9262, 9263, 9267, 9266,
  9211, 9212, 9216, 9215, 9263, 9264, 9268, 9267,
  9212, 6591, 6536, 9216, 9264, 6602, 6547, 9268,
  877, 9213, 9217, 883, 878, 9265, 9269, 884,
  9213, 9214, 9218, 9217, 9265, 9266, 9270, 9269,
  9214, 9215, 9219, 9218, 9266, 9267, 9271, 9270,
  9215, 9216, 9220, 9219, 9267, 9268, 9272, 9271,
  9216, 6536, 6481, 9220, 9268, 6547, 6492, 9272,
  883, 9217, 9221, 889, 884, 9269, 9273, 890,
  9217, 9218, 9222, 9221, 9269, 9270, 9274, 9273,
  9218, 9219, 9223, 9222, 9270, 9271, 9275, 9274,
  9219, 9220, 9224, 9223, 9271, 9272, 9276, 9275,
  9220, 6481, 6426, 9224, 9272, 6492, 6437, 9276,
  889, 9221, 9225, 895, 890, 9273, 9277, 896,
  9221, 9222, 9226, 9225, 9273, 9274, 9278, 9277,
  9222, 9223, 9227, 9226, 9274, 9275, 9279, 9278,
  9223, 9224, 9228, 9227, 9275, 9276, 9280, 9279,
  9224, 6426, 6371, 9228, 9276, 6437, 6382, 9280,
  895, 9225, 9229, 901, 896, 9277, 9281, 902,
  9225, 9226, 9230, 9229, 9277, 9278, 9282, 9281,
  9226, 9227, 9231, 9230, 9278, 9279, 9283, 9282,
  9227, 9228, 9232, 9231, 9279, 9280, 9284, 9283,
  9228, 6371, 6316, 9232, 9280, 6382, 6327, 9284,
  901, 9229, 9233, 907, 902, 9281, 9285, 908,
  9229, 9230, 9234, 9233, 9281, 9282, 9286, 9285,
  9230, 9231, 9235, 9234, 9282, 9283, 9287, 9286,
  9231, 9232, 9236, 9235, 9283, 9284, 9288, 9287,
  9232, 6316, 6261, 9236, 9284, 6327, 6272, 9288,
  907, 9233, 9237, 913, 908, 9285, 9289, 914,
  9233, 9234, 9238, 9237, 9285, 9286, 9290, 9289,
  9234, 9235, 9239, 9238, 9286, 9287, 9291, 9290,
  9235, 9236, 9240, 9239, 9287, 9288, 9292, 9291,
  9236, 6261, 6186, 9240, 9288, 6272, 6208, 9292,
  913, 9237, 9241, 919, 914, 9289, 9293, 920,
  9237, 9238, 9242, 9241, 9289, 9290, 9294, 9293,
  9238, 9239, 9243, 9242, 9290, 9291, 9295, 9294,
  9239, 9240, 9244, 9243, 9291, 9292, 9296, 9295,
  9240, 6186, 6184, 9244, 9292, 6208, 6206, 9296,
  7540, 7541, 7539, 7538, 9297, 9298, 9299, 9300,
  7541, 7546, 7545, 7539, 9298, 9301, 9302, 9299,
  7546, 7551, 7550, 7545, 9301, 9303, 9304, 9302,
  7551, 7556, 7555, 7550, 9303, 9305, 9306, 9304,
  7556, 7561, 7560, 7555, 9305, 9307, 9308, 9306,
  7561, 7566, 7565, 7560, 9307, 9309, 9310, 9308,
  7566, 7571, 7570, 7565, 9309, 9311, 9312, 9310,
  7571, 7576, 7575, 7570, 9311, 9313, 9314, 9312,
  7576, 7581, 7580, 7575, 9313, 9315, 9316, 9314,
  7581, 7586, 7585, 7580, 9315, 9317, 9318, 9316,
  7586, 7591, 7590, 7585, 9317, 9319, 9320, 9318,
  7591, 7596, 7595, 7590, 9319, 9321, 9322, 9320,
  7596, 7601, 7600, 7595, 9321, 9323, 9324, 9322,
  7538, 7539, 7537, 7536, 9300, 9299, 9325, 9326,
  7539, 7545, 7544, 7537, 9299, 9302, 9327, 9325,
  7545, 7550, 7549, 7544, 9302, 9304, 9328, 9327,
  7550, 7555, 7554, 7549, 9304, 9306, 9329, 9328,
  7555, 7560, 7559, 7554, 9306, 9308, 9330, 9329,
  7560, 7565, 7564, 7559, 9308, 9310, 9331, 9330,
  7565, 7570, 7569, 7564, 9310, 9312, 9332, 9331,
  7570, 7575, 7574, 7569, 9312, 9314, 9333, 9332,
  7575, 7580, 7579, 7574, 9314, 9316, 9334, 9333,
  7580, 7585, 7584, 7579, 9316, 9318, 9335, 9334,
  7585, 7590, 7589, 7584, 9318, 9320, 9336, 9335,
  7590, 7595, 7594, 7589, 9320, 9322, 9337, 9336,
  7595, 7600, 7599, 7594, 9322, 9324, 9338, 9337,
  7536, 7537, 7535, 7534, 9326, 9325, 9339, 9340,
  7537, 7544, 7543, 7535, 9325, 9327, 9341, 9339,
  7544, 7549, 7548, 7543, 9327, 9328, 9342, 9341,
  7549, 7554, 7553, 7548, 9328, 9329, 9343, 9342,
  7554, 7559, 7558, 7553, 9329, 9330, 9344, 9343,
  7559, 7564, 7563, 7558, 9330, 9331, 9345, 9344,
  7564, 7569, 7568, 7563, 9331, 9332, 9346, 9345,
  7569, 7574, 7573, 7568, 9332, 9333, 9347, 9346,
  7574, 7579, 7578, 7573, 9333, 9334, 9348, 9347,
  7579, 7584, 7583, 7578, 9334, 9335, 9349, 9348,
  7584, 7589, 7588, 7583, 9335, 9336, 9350, 9349,
  7589, 7594, 7593, 7588, 9336, 9337, 9351, 9350,
  7594, 7599, 7598, 7593, 9337, 9338, 9352, 9351,
  7534, 7535, 7533, 7532, 9340, 9339, 9353, 9354,
  7535, 7543, 7542, 7533, 9339, 9341, 9355, 9353,
  7543, 7548, 7547, 7542, 9341, 9342, 9356, 9355,
  7548, 7553, 7552, 7547, 9342, 9343, 9357, 9356,
  7553, 7558, 7557, 7552, 9343, 9344, 9358, 9357,
  7558, 7563, 7562, 7557, 9344, 9345, 9359, 9358,
  7563, 7568, 7567, 7562, 9345, 9346, 9360, 9359,
  7568, 7573, 7572, 7567, 9346, 9347, 9361, 9360,
  7573, 7578, 7577, 7572, 9347, 9348, 9362, 9361,
  7578, 7583, 7582, 7577, 9348, 9349, 9363, 9362,
  7583, 7588, 7587, 7582, 9349, 9350, 9364, 9363,
  7588, 7593, 7592, 7587, 9350, 9351, 9365, 9364,
  7593, 7598, 7597, 7592, 9351, 9352, 9366, 9365,
  7532, 7533, 5394, 5391, 9354, 9353, 8643, 8329,
  7533, 7542, 5414, 5394, 9353, 9355, 8635, 8643,
  7542, 7547, 5425, 5414, 9355, 9356, 8627, 8635,
  7547, 7552, 5436, 5425, 9356, 9357, 8619, 8627,
  7552, 7557, 5447, 5436, 9357, 9358, 8611, 8619,
  7557, 7562, 5458, 5447, 9358, 9359, 8603, 8611,
  7562, 7567, 5469, 5458, 9359, 9360, 8595, 8603,
  7567, 7572, 5480, 5469, 9360, 9361, 8587, 8595,
  7572, 7577, 5491, 5480, 9361, 9362, 8579, 8587,
  7577, 7582, 5502, 5491, 9362, 9363, 8571, 8579,
  7582, 7587, 5513, 5502, 9363, 9364, 8563, 8571,
  7587, 7592, 5524, 5513, 9364, 9365, 8554, 8563,
  7592, 7597, 5535, 5524, 9365, 9366, 8553, 8554,
  9297, 9298, 9299, 9300, 9367, 9368, 9369, 9370,
  9298, 9301, 9302, 9299, 9368, 9371, 9372, 9369,
  9301, 9303, 9304, 9302, 9371, 9373, 9374, 9372,
  9303, 9305, 9306, 9304, 9373, 9375, 9376, 9374,
  9305, 9307, 9308, 9306, 9375, 9377, 9378, 9376,
  9307, 9309, 9310, 9308, 9377, 9379, 9380, 9378,
  9309, 9311, 9312, 9310, 9379, 9381, 9382, 9380,
  9311, 9313, 9314, 9312, 9381, 9383, 9384, 9382,
  9313, 9315, 9316, 9314, 9383, 9385, 9386, 9384,
  9315, 9317, 9318, 9316, 9385, 9387, 9388, 9386,
  9317, 9319, 9320, 9318, 9387, 9389, 9390, 9388,
  9319, 9321, 9322, 9320, 9389, 9391, 9392, 9390,
  9321, 9323, 9324, 9322, 9391, 9393, 9394, 9392,
  9300, 9299, 9325, 9326, 9370, 9369, 9395, 9396,
  9299, 9302, 9327, 9325, 9369, 9372, 9397, 9395,
  9302, 9304, 9328, 9327, 9372, 9374, 9398, 9397,
  9304, 9306, 9329, 9328, 9374, 9376, 9399, 9398,
  9306, 9308, 9330, 9329, 9376, 9378, 9400, 9399,
  9308, 9310, 9331, 9330, 9378, 9380, 9401, 9400,
  9310, 9312, 9332, 9331, 9380, 9382, 9402, 9401,
  9312, 9314, 9333, 9332, 9382, 9384, 9403, 9402,
  9314, 9316, 9334, 9333, 9384, 9386, 9404, 9403,
  9316, 9318, 9335, 9334, 9386, 9388, 9405, 9404,
  9318, 9320, 9336, 9335, 9388, 9390, 9406, 9405,
  9320, 9322, 9337, 9336, 9390, 9392, 9407, 9406,
  9322, 9324, 9338, 9337, 9392, 9394, 9408, 9407,
  9326, 9325, 9339, 9340, 9396, 9395, 9409, 9410,
  9325, 9327, 9341, 9339, 9395, 9397, 9411, 9409,
  9327, 9328, 9342, 9341, 9397, 9398, 9412, 9411,
  9328, 9329, 9343, 9342, 9398, 9399, 9413, 9412,
  9329, 9330, 9344, 9343, 9399, 9400, 9414, 9413,
  9330, 9331, 9345, 9344, 9400, 9401, 9415, 9414,
  9331, 9332, 9346, 9345, 9401, 9402, 9416, 9415,
  9332, 9333, 9347, 9346, 9402, 9403, 9417, 9416,
  9333, 9334, 9348, 9347, 9403, 9404, 9418, 9417,
  9334, 9335, 9349, 9348, 9404, 9405, 9419, 9418,
  9335, 9336, 9350, 9349, 9405, 9406, 9420, 9419,
  9336, 9337, 9351, 9350, 9406, 9407, 9421, 9420,
  9337, 9338, 9352, 9351, 9407, 9408, 9422, 9421,
  9340, 9339, 9353, 9354, 9410, 9409, 9423, 9424,
  9339, 9341, 9355, 9353, 9409, 9411, 9425, 9423,
  9341, 9342, 9356, 9355, 9411, 9412, 9426, 9425,
  9342, 9343, 9357, 9356, 9412, 9413, 9427, 9426,
  9343, 9344, 9358, 9357, 9413, 9414, 9428, 9427,
  9344, 9345, 9359, 9358, 9414, 9415, 9429, 9428,
  9345, 9346, 9360, 9359, 9415, 9416, 9430, 9429,
  9346, 9347, 9361, 9360, 9416, 9417, 9431, 9430,
  9347, 9348, 9362, 9361, 9417, 9418, 9432, 9431,
  9348, 9349, 9363, 9362, 9418, 9419, 9433, 9432,
  9349, 9350, 9364, 9363, 9419, 9420, 9434, 9433,
  9350, 9351, 9365, 9364, 9420, 9421, 9435, 9434,
  9351, 9352, 9366, 9365, 9421, 9422, 9436, 9435,
  9354, 9353, 8643, 8329, 9424, 9423, 8641, 8325,
  9353, 9355, 8635, 8643, 9423, 9425, 8633, 8641,
  9355, 9356, 8627, 8635, 9425, 9426, 8625, 8633,
  9356, 9357, 8619, 8627, 9426, 9427, 8617, 8625,
  9357, 9358, 8611, 8619, 9427, 9428, 8609, 8617,
  9358, 9359, 8603, 8611, 9428, 9429, 8601, 8609,
  9359, 9360, 8595, 8603, 9429, 9430, 8593, 8601,
  9360, 9361, 8587, 8595, 9430, 9431, 8585, 8593,
  9361, 9362, 8579, 8587, 9431, 9432, 8577, 8585,
  9362, 9363, 8571, 8579, 9432, 9433, 8569, 8577,
  9363, 9364, 8563, 8571, 9433, 9434, 8561, 8569,
  9364, 9365, 8554, 8563, 9434, 9435, 8550, 8561,
  9365, 9366, 8553, 8554, 9435, 9436, 8549, 8550,
  9367, 9368, 9369, 9370, 9437, 9438, 9439, 9440,
  9368, 9371, 9372, 9369, 9438, 9441, 9442, 9439,
  9371, 9373, 9374, 9372, 9441, 9443, 9444, 9442,
  9373, 9375, 9376, 9374, 9443, 9445, 9446, 9444,
  9375, 9377, 9378, 9376, 9445, 9447, 9448, 9446,
  9377, 9379, 9380, 9378, 9447, 9449, 9450, 9448,
  9379, 9381, 9382, 9380, 9449, 9451, 9452, 9450,
  9381, 9383, 9384, 9382, 9451, 9453, 9454, 9452,
  9383, 9385, 9386, 9384, 9453, 9455, 9456, 9454,
  9385, 9387, 9388, 9386, 9455, 9457, 9458, 9456,
  9387, 9389, 9390, 9388, 9457, 9459, 9460, 9458,
  9389, 9391, 9392, 9390, 9459, 9461, 9462, 9460,
  9391, 9393, 9394, 9392, 9461, 9463, 9464, 9462,
  9370, 9369, 9395, 9396, 9440, 9439, 9465, 9466,
  9369, 9372, 9397, 9395, 9439, 9442, 9467, 9465,
  9372, 9374, 9398, 9397, 9442, 9444, 9468, 9467,
  9374, 9376, 9399, 9398, 9444, 9446, 9469, 9468,
  9376, 9378, 9400, 9399, 9446, 9448, 9470, 9469,
  9378, 9380, 9401, 9400, 9448, 9450, 9471, 9470,
  9380, 9382, 9402, 9401, 9450, 9452, 9472, 9471,
  9382, 9384, 9403, 9402, 9452, 9454, 9473, 9472,
  9384, 9386, 9404, 9403, 9454, 9456, 9474, 9473,
  9386, 9388, 9405, 9404, 9456, 9458, 9475, 9474,
  9388, 9390, 9406, 9405, 9458, 9460, 9476, 9475,
  9390, 9392, 9407, 9406, 9460, 9462, 9477, 9476,
  9392, 9394, 9408, 9407, 9462, 9464, 9478, 9477,
  9396, 9395, 9409, 9410, 9466, 9465, 9479, 9480,
  9395, 9397, 9411, 9409, 9465, 9467, 9481, 9479,
  9397, 9398, 9412, 9411, 9467, 9468, 9482, 9481,
  9398, 9399, 9413, 9412, 9468, 9469, 9483, 9482,
  9399, 9400, 9414, 9413, 9469, 9470, 9484, 9483,
  9400, 9401, 9415, 9414, 9470, 9471, 9485, 9484,
  9401, 9402, 9416, 9415, 9471, 9472, 9486, 9485,
  9402, 9403, 9417, 9416, 9472, 9473, 9487, 9486,
  9403, 9404, 9418, 9417, 9473, 9474, 9488, 9487,
  9404, 9405, 9419, 9418, 9474, 9475, 9489, 9488,
  9405, 9406, 9420, 9419, 9475, 9476, 9490, 9489,
  9406, 9407, 9421, 9420, 9476, 9477, 9491, 9490,
  9407, 9408, 9422, 9421, 9477, 9478, 9492, 9491,
  9410, 9409, 9423, 9424, 9480, 9479, 9493, 9494,
  9409, 9411, 9425, 9423, 9479, 9481, 9495, 9493,
  9411, 9412, 9426, 9425, 9481, 9482, 9496, 9495,
  9412, 9413, 9427, 9426, 9482, 9483, 9497, 9496,
  9413, 9414, 9428, 9427, 9483, 9484, 9498, 9497,
  9414, 9415, 9429, 9428, 9484, 9485, 9499, 9498,
  9415, 9416, 9430, 9429, 9485, 9486, 9500, 9499,
  9416, 9417, 9431, 9430, 9486, 9487, 9501, 9500,
  9417, 9418, 9432, 9431, 9487, 9488, 9502, 9501,
  9418, 9419, 9433, 9432, 9488, 9489, 9503, 9502,
  9419, 9420, 9434, 9433, 9489, 9490, 9504, 9503,
  9420, 9421, 9435, 9434, 9490, 9491, 9505, 9504,
  9421, 9422, 9436, 9435, 9491, 9492, 9506, 9505,
  9424, 9423, 8641, 8325, 9494, 9493, 8639, 8321,
  9423, 9425, 8633, 8641, 9493, 9495, 8631, 8639,
  9425, 9426, 8625, 8633, 9495, 9496, 8623, 8631,
  9426, 9427, 8617, 8625, 9496, 9497, 8615, 8623,
  9427, 9428, 8609, 8617, 9497, 9498, 8607, 8615,
  9428, 9429, 8601, 8609, 9498, 9499, 8599, 8607,
  9429, 9430, 8593, 8601, 9499, 9500, 8591, 8599,
  9430, 9431, 8585, 8593, 9500, 9501, 8583, 8591,
  9431, 9432, 8577, 8585, 9501, 9502, 8575, 8583,
  9432, 9433, 8569, 8577, 9502, 9503, 8567, 8575,
  9433, 9434, 8561, 8569, 9503, 9504, 8559, 8567,
  9434, 9435, 8550, 8561, 9504, 9505, 8546, 8559,
  9435, 9436, 8549, 8550, 9505, 9506, 8545, 8546,
  9437, 9438, 9439, 9440, 9507, 9508, 9509, 9510,
  9438, 9441, 9442, 9439, 9508, 9511, 9512, 9509,
  9441, 9443, 9444, 9442, 9511, 9513, 9514, 9512,
  9443, 9445, 9446, 9444, 9513, 9515, 9516, 9514,
  9445, 9447, 9448, 9446, 9515, 9517, 9518, 9516,
  9447, 9449, 9450, 9448, 9517, 9519, 9520, 9518,
  9449, 9451, 9452, 9450, 9519, 9521, 9522, 9520,
  9451, 9453, 9454, 9452, 9521, 9523, 9524, 9522,
  9453, 9455, 9456, 9454, 9523, 9525, 9526, 9524,
  9455, 9457, 9458, 9456, 9525, 9527, 9528, 9526,
  9457, 9459, 9460, 9458, 9527, 9529, 9530, 9528,
  9459, 9461, 9462, 9460, 9529, 9531, 9532, 9530,
  9461, 9463, 9464, 9462, 9531, 9533, 9534, 9532,
  9440, 9439, 9465, 9466, 9510, 9509, 9535, 9536,
  9439, 9442, 9467, 9465, 9509, 9512, 9537, 9535,
  9442, 9444, 9468, 9467, 9512, 9514, 9538, 9537,
  9444, 9446, 9469, 9468, 9514, 9516, 9539, 9538,
  9446, 9448, 9470, 9469, 9516, 9518, 9540, 9539,
  9448, 9450, 9471, 9470, 9518, 9520, 9541, 9540,
  9450, 9452, 9472, 9471, 9520, 9522, 9542, 9541,
  9452, 9454, 9473, 9472, 9522, 9524, 9543, 9542,
  9454, 9456, 9474, 9473, 9524, 9526, 9544, 9543,
  9456, 9458, 9475, 9474, 9526, 9528, 9545, 9544,
  9458, 9460, 9476, 9475, 9528, 9530, 9546, 9545,
  9460, 9462, 9477, 9476, 9530, 9532, 9547, 9546,
  9462, 9464, 9478, 9477, 9532, 9534, 9548, 9547,
  9466, 9465, 9479, 9480, 9536, 9535, 9549, 9550,
  9465, 9467, 9481, 9479, 9535, 9537, 9551, 9549,
  9467, 9468, 9482, 9481, 9537, 9538, 9552, 9551,
  9468, 9469, 9483, 9482, 9538, 9539, 9553, 9552,
  9469, 9470, 9484, 9483, 9539, 9540, 9554, 9553,
  9470, 9471, 9485, 9484, 9540, 9541, 9555, 9554,
  9471, 9472, 9486, 9485, 9541, 9542, 9556, 9555,
  9472, 9473, 9487, 9486, 9542, 9543, 9557, 9556,
  9473, 9474, 9488, 9487, 9543, 9544, 9558, 9557,
  9474, 9475, 9489, 9488, 9544, 9545, 9559, 9558,
  9475, 9476, 9490, 9489, 9545, 9546, 9560, 9559,
  9476, 9477, 9491, 9490, 9546, 9547, 9561, 9560,
  9477, 9478, 9492, 9491, 9547, 9548, 9562, 9561,
  9480, 9479, 9493, 9494, 9550, 9549, 9563, 9564,
  9479, 9481, 9495, 9493, 9549, 9551, 9565, 9563,
  9481, 9482, 9496, 9495, 9551, 9552, 9566, 9565,
  9482, 9483, 9497, 9496, 9552, 9553, 9567, 9566,
  9483, 9484, 9498, 9497, 9553, 9554, 9568, 9567,
  9484, 9485, 9499, 9498, 9554, 9555, 9569, 9568,
  9485, 9486, 9500, 9499, 9555, 9556, 9570, 9569,
  9486, 9487, 9501, 9500, 9556, 9557, 9571, 9570,
  9487, 9488, 9502, 9501, 9557, 9558, 9572, 9571,
  9488, 9489, 9503, 9502, 9558, 9559, 9573, 9572,
  9489, 9490, 9504, 9503, 9559, 9560, 9574, 9573,
  9490, 9491, 9505, 9504, 9560, 9561, 9575, 9574,
  9491, 9492, 9506, 9505, 9561, 9562, 9576, 9575,
  9494, 9493, 8639, 8321, 9564, 9563, 8637, 8317,
  9493, 9495, 8631, 8639, 9563, 9565, 8629, 8637,
  9495, 9496, 8623, 8631, 9565, 9566, 8621, 8629,
  9496, 9497, 8615, 8623, 9566, 9567, 8613, 8621,
  9497, 9498, 8607, 8615, 9567, 9568, 8605, 8613,
  9498, 9499, 8599, 8607, 9568, 9569, 8597, 8605,
  9499, 9500, 8591, 8599, 9569, 9570, 8589, 8597,
  9500, 9501, 8583, 8591, 9570, 9571, 8581, 8589,
  9501, 9502, 8575, 8583, 9571, 9572, 8573, 8581,
  9502, 9503, 8567, 8575, 9572, 9573, 8565, 8573,
  9503, 9504, 8559, 8567, 9573, 9574, 8557, 8565,
  9504, 9505, 8546, 8559, 9574, 9575, 8542, 8557,
  9505, 9506, 8545, 8546, 9575, 9576, 8541, 8542,
  9507, 9508, 9509, 9510, 3440, 4104, 4107, 3439,
  9508, 9511, 9512, 9509, 4104, 4049, 4052, 4107,
  9511, 9513, 9514, 9512, 4049, 3994, 3997, 4052,
  9513, 9515, 9516, 9514, 3994, 3939, 3942, 3997,
  9515, 9517, 9518, 9516, 3939, 3884, 3887, 3942,
  9517, 9519, 9520, 9518, 3884, 3829, 3832, 3887,
  9519, 9521, 9522, 9520, 3829, 3774, 3777, 3832,
  9521, 9523, 9524, 9522, 3774, 3719, 3722, 3777,
  9523, 9525, 9526, 9524, 3719, 3664, 3667, 3722,
  9525, 9527, 9528, 9526, 3664, 3609, 3612, 3667,
  9527, 9529, 9530, 9528, 3609, 3554, 3557, 3612,
  9529, 9531, 9532, 9530, 3554, 3448, 3451, 3557,
  9531, 9533, 9534, 9532, 3448, 3444, 3447, 3451,
  9510, 9509, 9535, 9536, 3439, 4107, 4127, 3441,
  9509, 9512, 9537, 9535, 4107, 4052, 4072, 4127,
  9512, 9514, 9538, 9537, 4052, 3997, 4017, 4072,
  9514, 9516, 9539, 9538, 3997, 3942, 3962, 4017,
  9516, 9518, 9540, 9539, 3942, 3887, 3907, 3962,
  9518, 9520, 9541, 9540, 3887, 3832, 3852, 3907,
  9520, 9522, 9542, 9541, 3832, 3777, 3797, 3852,
  9522, 9524, 9543, 9542, 3777, 3722, 3742, 3797,
  9524, 9526, 9544, 9543, 3722, 3667, 3687, 3742,
  9526, 9528, 9545, 9544, 3667, 3612, 3632, 3687,
  9528, 9530, 9546, 9545, 3612, 3557, 3577, 3632,
  9530, 9532, 9547, 9546, 3557, 3451, 3491, 3577,
  9532, 9534, 9548, 9547, 3451, 3447, 3489, 3491,
  9536, 9535, 9549, 9550, 3441, 4127, 4138, 3442,
  9535, 9537, 9551, 9549, 4127, 4072, 4083, 4138,
  9537, 9538, 9552, 9551, 4072, 4017, 4028, 4083,
  9538, 9539, 9553, 9552, 4017, 3962, 3973, 4028,
  9539, 9540, 9554, 9553, 3962, 3907, 3918, 3973,
  9540, 9541, 9555, 9554, 3907, 3852, 3863, 3918,
  9541, 9542, 9556, 9555, 3852, 3797, 3808, 3863,
  9542, 9543, 9557, 9556, 3797, 3742, 3753, 3808,
  9543, 9544, 9558, 9557, 3742, 3687, 3698, 3753,
  9544, 9545, 9559, 9558, 3687, 3632, 3643, 3698,
  9545, 9546, 9560, 9559, 3632, 3577, 3588, 3643,
  9546, 9547, 9561, 9560, 3577, 3491, 3513, 3588,
  9547, 9548, 9562, 9561, 3491, 3489, 3511, 3513,
  9550, 9549, 9563, 9564, 3442, 4138, 4149, 3443,
  9549, 9551, 9565, 9563, 4138, 4083, 4094, 4149,
  9551, 9552, 9566, 9565, 4083, 4028, 4039, 4094,
  9552, 9553, 9567, 9566, 4028, 3973, 3984, 4039,
  9553, 9554, 9568, 9567, 3973, 3918, 3929, 3984,
  9554, 9555, 9569, 9568, 3918, 3863, 3874, 3929,
  9555, 9556, 9570, 9569, 3863, 3808, 3819, 3874,
  9556, 9557, 9571, 9570, 3808, 3753, 3764, 3819,
  9557, 9558, 9572, 9571, 3753, 3698, 3709, 3764,
  9558, 9559, 9573, 9572, 3698, 3643, 3654, 3709,
  9559, 9560, 9574, 9573, 3643, 3588, 3599, 3654,
  9560, 9561, 9575, 9574, 3588, 3513, 3535, 3599,
  9561, 9562, 9576, 9575, 3513, 3511, 3533, 3535,
  9564, 9563, 8637, 8317, 3443, 4149, 2673, 1349,
  9563, 9565, 8629, 8637, 4149, 4094, 2670, 2673,
  9565, 9566, 8621, 8629, 4094, 4039, 2667, 2670,
  9566, 9567, 8613, 8621, 4039, 3984, 2664, 2667,
  9567, 9568, 8605, 8613, 3984, 3929, 2661, 2664,
  9568, 9569, 8597, 8605, 3929, 3874, 2658, 2661,
  9569, 9570, 8589, 8597, 3874, 3819, 2655, 2658,
  9570, 9571, 8581, 8589, 3819, 3764, 2652, 2655,
  9571, 9572, 8573, 8581, 3764, 3709, 2649, 2652,
  9572, 9573, 8565, 8573, 3709, 3654, 2646, 2649,
  9573, 9574, 8557, 8565, 3654, 3599, 2643, 2646,
  9574, 9575, 8542, 8557, 3599, 3535, 2640, 2643,
  9575, 9576, 8541, 8542, 3535, 3533, 2639, 2640,
  1386, 8421, 8413, 1383, 3382, 9577, 9578, 3383,
  8421, 8423, 8415, 8413, 9577, 9579, 9580, 9578,
  8423, 8425, 8417, 8415, 9579, 9581, 9582, 9580,
  8425, 8427, 8419, 8417, 9581, 9583, 9584, 9582,
  8427, 5974, 5977, 8419, 9583, 8252, 8253, 9584,
  1383, 8413, 8405, 1380, 3383, 9578, 9585, 3388,
  8413, 8415, 8407, 8405, 9578, 9580, 9586, 9585,
  8415, 8417, 8409, 8407, 9580, 9582, 9587, 9586,
  8417, 8419, 8411, 8409, 9582, 9584, 9588, 9587,
  8419, 5977, 5997, 8411, 9584, 8253, 8262, 9588,
  1380, 8405, 8397, 1377, 3388, 9585, 9589, 3393,
  8405, 8407, 8399, 8397, 9585, 9586, 9590, 9589,
  8407, 8409, 8401, 8399, 9586, 9587, 9591, 9590,
  8409, 8411, 8403, 8401, 9587, 9588, 9592, 9591,
  8411, 5997, 6008, 8403, 9588, 8262, 8267, 9592,
  1377, 8397, 8389, 1374, 3393, 9589, 9593, 3398,
  8397, 8399, 8391, 8389, 9589, 9590, 9594, 9593,
  8399, 8401, 8393, 8391, 9590, 9591, 9595, 9594,
  8401, 8403, 8395, 8393, 9591, 9592, 9596, 9595,
  8403, 6008, 6019, 8395, 9592, 8267, 8272, 9596,
  1374, 8389, 8381, 1371, 3398, 9593, 9597, 3403,
  8389, 8391, 8383, 8381, 9593, 9594, 9598, 9597,
  8391, 8393, 8385, 8383, 9594, 9595, 9599, 9598,
  8393, 8395, 8387, 8385, 9595, 9596, 9600, 9599,
  8395, 6019, 6030, 8387, 9596, 8272, 8277, 9600,
  1371, 8381, 8373, 1368, 3403, 9597, 9601, 3408,
  8381, 8383, 8375, 8373, 9597, 9598, 9602, 9601,
  8383, 8385, 8377, 8375, 9598, 9599, 9603, 9602,
  8385, 8387, 8379, 8377, 9599, 9600, 9604, 9603,
  8387, 6030, 6041, 8379, 9600, 8277, 8282, 9604,
  1368, 8373, 8365, 1365, 3408, 9601, 9605, 3413,
  8373, 8375, 8367, 8365, 9601, 9602, 9606, 9605,
  8375, 8377, 8369, 8367, 9602, 9603, 9607, 9606,
  8377, 8379, 8371, 8369, 9603, 9604, 9608, 9607,
  8379, 6041, 6052, 8371, 9604, 8282, 8287, 9608,
  1365, 8365, 8357, 1362, 3413, 9605, 9609, 3418,
  8365, 8367, 8359, 8357, 9605, 9606, 9610, 9609,
  8367, 8369, 8361, 8359, 9606, 9607, 9611, 9610,
  8369, 8371, 8363, 8361, 9607, 9608, 9612, 9611,
  8371, 6052, 6063, 8363, 9608, 8287, 8292, 9612,
  1362, 8357, 8349, 1359, 3418, 9609, 9613, 3423,
  8357, 8359, 8351, 8349, 9609, 9610, 9614, 9613,
  8359, 8361, 8353, 8351, 9610, 9611, 9615, 9614,
  8361, 8363, 8355, 8353, 9611, 9612, 9616, 9615,
  8363, 6063, 6074, 8355, 9612, 8292, 8297, 9616,
  1359, 8349, 8341, 1356, 3423, 9613, 9617, 3428,
  8349, 8351, 8343, 8341, 9613, 9614, 9618, 9617,
  8351, 8353, 8345, 8343, 9614, 9615, 9619, 9618,
  8353, 8355, 8347, 8345, 9615, 9616, 9620, 9619,
  8355, 6074, 6085, 8347, 9616, 8297, 8302, 9620,
  1356, 8341, 8333, 1353, 3428, 9617, 9621, 3433,
  8341, 8343, 8335, 8333, 9617, 9618, 9622, 9621,
  8343, 8345, 8337, 8335, 9618, 9619, 9623, 9622,
  8345, 8347, 8339, 8337, 9619, 9620, 9624, 9623,
  8347, 6085, 6096, 8339, 9620, 8302, 8307, 9624,
  1353, 8333, 8318, 1350, 3433, 9621, 9625, 3438,
  8333, 8335, 8322, 8318, 9621, 9622, 9626, 9625,
  8335, 8337, 8326, 8322, 9622, 9623, 9627, 9626,
  8337, 8339, 8330, 8326, 9623, 9624, 9628, 9627,
  8339, 6096, 6107, 8330, 9624, 8307, 8312, 9628,
  1350, 8318, 8317, 1349, 3438, 9625, 9564, 3443,
  8318, 8322, 8321, 8317, 9625, 9626, 9494, 9564,
  8322, 8326, 8325, 8321, 9626, 9627, 9424, 9494,
  8326, 8330, 8329, 8325, 9627, 9628, 9354, 9424,
  8330, 6107, 5391, 8329, 9628, 8312, 7532, 9354,
  3382, 9577, 9578, 3383, 3380, 9629, 9630, 3381,
  9577, 9579, 9580, 9578, 9629, 9631, 9632, 9630,
  9579, 9581, 9582, 9580, 9631, 9633, 9634, 9632,
  9581, 9583, 9584, 9582, 9633, 9635, 9636, 9634,
  9583, 8252, 8253, 9584, 9635, 8254, 8255, 9636,
  3383, 9578, 9585, 3388, 3381, 9630, 9637, 3387,
  9578, 9580, 9586, 9585, 9630, 9632, 9638, 9637,
  9580, 9582, 9587, 9586, 9632, 9634, 9639, 9638,
  9582, 9584, 9588, 9587, 9634, 9636, 9640, 9639,
  9584, 8253, 8262, 9588, 9636, 8255, 8263, 9640,
  3388, 9585, 9589, 3393, 3387, 9637, 9641, 3392,
  9585, 9586, 9590, 9589, 9637, 9638, 9642, 9641,
  9586, 9587, 9591, 9590, 9638, 9639, 9643, 9642,
  9587, 9588, 9592, 9591, 9639, 9640, 9644, 9643,
  9588, 8262, 8267, 9592, 9640, 8263, 8268, 9644,
  3393, 9589, 9593, 3398, 3392, 9641, 9645, 3397,
  9589, 9590, 9594, 9593, 9641, 9642, 9646, 9645,
  9590, 9591, 9595, 9594, 9642, 9643, 9647, 9646,
  9591, 9592, 9596, 9595, 9643, 9644, 9648, 9647,
  9592, 8267, 8272, 9596, 9644, 8268, 8273, 9648,
  3398, 9593, 9597, 3403, 3397, 9645, 9649, 3402,
  9593, 9594, 9598, 9597, 9645, 9646, 9650, 9649,
  9594, 9595, 9599, 9598, 9646, 9647, 9651, 9650,
  9595, 9596, 9600, 9599, 9647, 9648, 9652, 9651,
  9596, 8272, 8277, 9600, 9648, 8273, 8278, 9652,
  3403, 9597, 9601, 3408, 3402, 9649, 9653, 3407,
  9597, 9598, 9602, 9601, 9649, 9650, 9654, 9653,
  9598, 9599, 9603, 9602, 9650, 9651, 9655, 9654,
  9599, 9600, 9604, 9603, 9651, 9652, 9656, 9655,
  9600, 8277, 8282, 9604, 9652, 8278, 8283, 9656,
  3408, 9601, 9605, 3413, 3407, 9653, 9657, 3412,
  9601, 9602, 9606, 9605, 9653, 9654, 9658, 9657,
  9602, 9603, 9607, 9606, 9654, 9655, 9659, 9658,
  9603, 9604, 9608, 9607, 9655, 9656, 9660, 9659,
  9604, 8282, 8287, 9608, 9656, 8283, 8288, 9660,
  3413, 9605, 9609, 3418, 3412, 9657, 9661, 3417,
  9605, 9606, 9610, 9609, 9657, 9658, 9662, 9661,
  9606, 9607, 9611, 9610, 9658, 9659, 9663, 9662,
  9607, 9608, 9612, 9611, 9659, 9660, 9664, 9663,
  9608, 8287, 8292, 9612, 9660, 8288, 8293, 9664,
  3418, 9609, 9613, 3423, 3417, 9661, 9665, 3422,
  9609, 9610, 9614, 9613, 9661, 9662, 9666, 9665,
  9610, 9611, 9615, 9614, 9662, 9663, 9667, 9666,
  9611, 9612, 9616, 9615, 9663, 9664, 9668, 9667,
  9612, 8292, 8297, 9616, 9664, 8293, 8298, 9668,
  3423, 9613, 9617, 3428, 3422, 9665, 9669, 3427,
  9613, 9614, 9618, 9617, 9665, 9666, 9670, 9669,
  9614, 9615, 9619, 9618, 9666, 9667, 9671, 9670,
  9615, 9616, 9620, 9619, 9667, 9668, 9672, 9671,
  9616, 8297, 8302, 9620, 9668, 8298, 8303, 9672,
  3428, 9617, 9621, 3433, 3427, 9669, 9673, 3432,
  9617, 9618, 9622, 9621, 9669, 9670, 9674, 9673,
  9618, 9619, 9623, 9622, 9670, 9671, 9675, 9674,
  9619, 9620, 9624, 9623, 9671, 9672, 9676, 9675,
  9620, 8302, 8307, 9624, 9672, 8303, 8308, 9676,
  3433, 9621, 9625, 3438, 3432, 9673, 9677, 3437,
  9621, 9622, 9626, 9625, 9673, 9674, 9678, 9677,
  9622, 9623, 9627, 9626, 9674, 9675, 9679, 9678,
  9623, 9624, 9628, 9627, 9675, 9676, 9680, 9679,
  9624, 8307, 8312, 9628, 9676, 8308, 8313, 9680,
  3438, 9625, 9564, 3443, 3437, 9677, 9550, 3442,
  9625, 9626, 9494, 9564, 9677, 9678, 9480, 9550,
  9626, 9627, 9424, 9494, 9678, 9679, 9410, 9480,
  9627, 9628, 9354, 9424, 9679, 9680, 9340, 9410,
  9628, 8312, 7532, 9354, 9680, 8313, 7534, 9340,
  3380, 9629, 9630, 3381, 3378, 9681, 9682, 3379,
  9629, 9631, 9632, 9630, 9681, 9683, 9684, 9682,
  9631, 9633, 9634, 9632, 9683, 9685, 9686, 9684,
  9633, 9635, 9636, 9634, 9685, 9687, 9688, 9686,
  9635, 8254, 8255, 9636, 9687, 8256, 8257, 9688,
  3381, 9630, 9637, 3387, 3379, 9682, 9689, 3386,
  9630, 9632, 9638, 9637, 9682, 9684, 9690, 9689,
  9632, 9634, 9639, 9638, 9684, 9686, 9691, 9690,
  9634, 9636, 9640, 9639, 9686, 9688, 9692, 9691,
  9636, 8255, 8263, 9640, 9688, 8257, 8264, 9692,
  3387, 9637, 9641, 3392, 3386, 9689, 9693, 3391,
  9637, 9638, 9642, 9641, 9689, 9690, 9694, 9693,
  9638, 9639, 9643, 9642, 9690, 9691, 9695, 9694,
  9639, 9640, 9644, 9643, 9691, 9692, 9696, 9695,
  9640, 8263, 8268, 9644, 9692, 8264, 8269, 9696,
  3392, 9641, 9645, 3397, 3391, 9693, 9697, 3396,
  9641, 9642, 9646, 9645, 9693, 9694, 9698, 9697,
  9642, 9643, 9647, 9646, 9694, 9695, 9699, 9698,
  9643, 9644, 9648, 9647, 9695, 9696, 9700, 9699,
  9644, 8268, 8273, 9648, 9696, 8269, 8274, 9700,
  3397, 9645, 9649, 3402, 3396, 9697, 9701, 3401,
  9645, 9646, 9650, 9649, 9697, 9698, 9702, 9701,
  9646, 9647, 9651, 9650, 9698, 9699, 9703, 9702,
  9647, 9648, 9652, 9651, 9699, 9700, 9704, 9703,
  9648, 8273, 8278, 9652, 9700, 8274, 8279, 9704,
  3402, 9649, 9653, 3407, 3401, 9701, 9705, 3406,
  9649, 9650, 9654, 9653, 9701, 9702, 9706, 9705,
  9650, 9651, 9655, 9654, 9702, 9703, 9707, 9706,
  9651, 9652, 9656, 9655, 9703, 9704, 9708, 9707,
  9652, 8278, 8283, 9656, 9704, 8279, 8284, 9708,
  3407, 9653, 9657, 3412, 3406, 9705, 9709, 3411,
  9653, 9654, 9658, 9657, 9705, 9706, 9710, 9709,
  9654, 9655, 9659, 9658, 9706, 9707, 9711, 9710,
  9655, 9656, 9660, 9659, 9707, 9708, 9712, 9711,
  9656, 8283, 8288, 9660, 9708, 8284, 8289, 9712,
  3412, 9657, 9661, 3417, 3411, 9709, 9713, 3416,
  9657, 9658, 9662, 9661, 9709, 9710, 9714, 9713,
  9658, 9659, 9663, 9662, 9710, 9711, 9715, 9714,
  9659, 9660, 9664, 9663, 9711, 9712, 9716, 9715,
  9660, 8288, 8293, 9664, 9712, 8289, 8294, 9716,
  3417, 9661, 9665, 3422, 3416, 9713, 9717, 3421,
  9661, 9662, 9666, 9665, 9713, 9714, 9718, 9717,
  9662, 9663, 9667, 9666, 9714, 9715, 9719, 9718,
  9663, 9664, 9668, 9667, 9715, 9716, 9720, 9719,
  9664, 8293, 8298, 9668, 9716, 8294, 8299, 9720,
  3422, 9665, 9669, 3427, 3421, 9717, 9721, 3426,
  9665, 9666, 9670, 9669, 9717, 9718, 9722, 9721,
  9666, 9667, 9671, 9670, 9718, 9719, 9723, 9722,
  9667, 9668, 9672, 9671, 9719, 9720, 9724, 9723,
  9668, 8298, 8303, 9672, 9720, 8299, 8304, 9724,
  3427, 9669, 9673, 3432, 3426, 9721, 9725, 3431,
  9669, 9670, 9674, 9673, 9721, 9722, 9726, 9725,
  9670, 9671, 9675, 9674, 9722, 9723, 9727, 9726,
  9671, 9672, 9676, 9675, 9723, 9724, 9728, 9727,
  9672, 8303, 8308, 9676, 9724, 8304, 8309, 9728,
  3432, 9673, 9677, 3437, 3431, 9725, 9729, 3436,
  9673, 9674, 9678, 9677, 9725, 9726, 9730, 9729,
  9674, 9675, 9679, 9678, 9726, 9727, 9731, 9730,
  9675, 9676, 9680, 9679, 9727, 9728, 9732, 9731,
  9676, 8308, 8313, 9680, 9728, 8309, 8314, 9732,
  3437, 9677, 9550, 3442, 3436, 9729, 9536, 3441,
  9677, 9678, 9480, 9550, 9729, 9730, 9466, 9536,
  9678, 9679, 9410, 9480, 9730, 9731, 9396, 9466,
  9679, 9680, 9340, 9410, 9731, 9732, 9326, 9396,
  9680, 8313, 7534, 9340, 9732, 8314, 7536, 9326,
  3378, 9681, 9682, 3379, 3375, 9733, 9734, 3376,
  9681, 9683, 9684, 9682, 9733, 9735, 9736, 9734,
  9683, 9685, 9686, 9684, 9735, 9737, 9738, 9736,
  9685, 9687, 9688, 9686, 9737, 9739, 9740, 9738,
  9687, 8256, 8257, 9688, 9739, 8258, 8259, 9740,
  3379, 9682, 9689, 3386, 3376, 9734, 9741, 3384,
  9682, 9684, 9690, 9689, 9734, 9736, 9742, 9741,
  9684, 9686, 9691, 9690, 9736, 9738, 9743, 9742,
  9686, 9688, 9692, 9691, 9738, 9740, 9744, 9743,
  9688, 8257, 8264, 9692, 9740, 8259, 8265, 9744,
  3386, 9689, 9693, 3391, 3384, 9741, 9745, 3389,
  9689, 9690, 9694, 9693, 9741, 9742, 9746, 9745,
  9690, 9691, 9695, 9694, 9742, 9743, 9747, 9746,
  9691, 9692, 9696, 9695, 9743, 9744, 9748, 9747,
  9692, 8264, 8269, 9696, 9744, 8265, 8270, 9748,
  3391, 9693, 9697, 3396, 3389, 9745, 9749, 3394,
  9693, 9694, 9698, 9697, 9745, 9746, 9750, 9749,
  9694, 9695, 9699, 9698, 9746, 9747, 9751, 9750,
  9695, 9696, 9700, 9699, 9747, 9748, 9752, 9751,
  9696, 8269, 8274, 9700, 9748, 8270, 8275, 9752,
  3396, 9697, 9701, 3401, 3394, 9749, 9753, 3399,
  9697, 9698, 9702, 9701, 9749, 9750, 9754, 9753,
  9698, 9699, 9703, 9702, 9750, 9751, 9755, 9754,
  9699, 9700, 9704, 9703, 9751, 9752, 9756, 9755,
  9700, 8274, 8279, 9704, 9752, 8275, 8280, 9756,
  3401, 9701, 9705, 3406, 3399, 9753, 9757, 3404,
  9701, 9702, 9706, 9705, 9753, 9754, 9758, 9757,
  9702, 9703, 9707, 9706, 9754, 9755, 9759, 9758,
  9703, 9704, 9708, 9707, 9755, 9756, 9760, 9759,
  9704, 8279, 8284, 9708, 9756, 8280, 8285, 9760,
  3406, 9705, 9709, 3411, 3404, 9757, 9761, 3409,
  9705, 9706, 9710, 9709, 9757, 9758, 9762, 9761,
  9706, 9707, 9711, 9710, 9758, 9759, 9763, 9762,
  9707, 9708, 9712, 9711, 9759, 9760, 9764, 9763,
  9708, 8284, 8289, 9712, 9760, 8285, 8290, 9764,
  3411, 9709, 9713, 3416, 3409, 9761, 9765, 3414,
  9709, 9710, 9714, 9713, 9761, 9762, 9766, 9765,
  9710, 9711, 9715, 9714, 9762, 9763, 9767, 9766,
  9711, 9712, 9716, 9715, 9763, 9764, 9768, 9767,
  9712, 8289, 8294, 9716, 9764, 8290, 8295, 9768,
  3416, 9713, 9717, 3421, 3414, 9765, 9769, 3419,
  9713, 9714, 9718, 9717, 9765, 9766, 9770, 9769,
  9714, 9715, 9719, 9718, 9766, 9767, 9771, 9770,
  9715, 9716, 9720, 9719, 9767, 9768, 9772, 9771,
  9716, 8294, 8299, 9720, 9768, 8295, 8300, 9772,
  3421, 9717, 9721, 3426, 3419, 9769, 9773, 3424,
  9717, 9718, 9722, 9721, 9769, 9770, 9774, 9773,
  9718, 9719, 9723, 9722, 9770, 9771, 9775, 9774,
  9719, 9720, 9724, 9723, 9771, 9772, 9776, 9775,
  9720, 8299, 8304, 9724, 9772, 8300, 8305, 9776,
  3426, 9721, 9725, 3431, 3424, 9773, 9777, 3429,
  9721, 9722, 9726, 9725, 9773, 9774, 9778, 9777,
  9722, 9723, 9727, 9726, 9774, 9775, 9779, 9778,
  9723, 9724, 9728, 9727, 9775, 9776, 9780, 9779,
  9724, 8304, 8309, 9728, 9776, 8305, 8310, 9780,
  3431, 9725, 9729, 3436, 3429, 9777, 9781, 3434,
  9725, 9726, 9730, 9729, 9777, 9778, 9782, 9781,
  9726, 9727, 9731, 9730, 9778, 9779, 9783, 9782,
  9727, 9728, 9732, 9731, 9779, 9780, 9784, 9783,
  9728, 8309, 8314, 9732, 9780, 8310, 8315, 9784,
  3436, 9729, 9536, 3441, 3434, 9781, 9510, 3439,
  9729, 9730, 9466, 9536, 9781, 9782, 9440, 9510,
  9730, 9731, 9396, 9466, 9782, 9783, 9370, 9440,
  9731, 9732, 9326, 9396, 9783, 9784, 9300, 9370,
  9732, 8314, 7536, 9326, 9784, 8315, 7538, 9300,
  3375, 9733, 9734, 3376, 3374, 9785, 9786, 3377,
  9733, 9735, 9736, 9734, 9785, 9787, 9788, 9786,
  9735, 9737, 9738, 9736, 9787, 9789, 9790, 9788,
  9737, 9739, 9740, 9738, 9789, 9791, 9792, 9790,
  9739, 8258, 8259, 9740, 9791, 8260, 8261, 9792,
  3376, 9734, 9741, 3384, 3377, 9786, 9793, 3385,
  9734, 9736, 9742, 9741, 9786, 9788, 9794, 9793,
  9736, 9738, 9743, 9742, 9788, 9790, 9795, 9794,
  9738, 9740, 9744, 9743, 9790, 9792, 9796, 9795,
  9740, 8259, 8265, 9744, 9792, 8261, 8266, 9796,
  3384, 9741, 9745, 3389, 3385, 9793, 9797, 3390,
  9741, 9742, 9746, 9745, 9793, 9794, 9798, 9797,
  9742, 9743, 9747, 9746, 9794, 9795, 9799, 9798,
  9743, 9744, 9748, 9747, 9795, 9796, 9800, 9799,
  9744, 8265, 8270, 9748, 9796, 8266, 8271, 9800,
  3389, 9745, 9749, 3394, 3390, 9797, 9801, 3395,
  9745, 9746, 9750, 9749, 9797, 9798, 9802, 9801,
  9746, 9747, 9751, 9750, 9798, 9799, 9803, 9802,
  9747, 9748, 9752, 9751, 9799, 9800, 9804, 9803,
  9748, 8270, 8275, 9752, 9800, 8271, 8276, 9804,
  3394, 9749, 9753, 3399, 3395, 9801, 9805, 3400,
  9749, 9750, 9754, 9753, 9801, 9802, 9806, 9805,
  9750, 9751, 9755, 9754, 9802, 9803, 9807, 9806,
  9751, 9752, 9756, 9755, 9803, 9804, 9808, 9807,
  9752, 8275, 8280, 9756, 9804, 8276, 8281, 9808,
  3399, 9753, 9757, 3404, 3400, 9805, 9809, 3405,
  9753, 9754, 9758, 9757, 9805, 9806, 9810, 9809,
  9754, 9755, 9759, 9758, 9806, 9807, 9811, 9810,
  9755, 9756, 9760, 9759, 9807, 9808, 9812, 9811,
  9756, 8280, 8285, 9760, 9808, 8281, 8286, 9812,
  3404, 9757, 9761, 3409, 3405, 9809, 9813, 3410,
  9757, 9758, 9762, 9761, 9809, 9810, 9814, 9813,
  9758, 9759, 9763, 9762, 9810, 9811, 9815, 9814,
  9759, 9760, 9764, 9763, 9811, 9812, 9816, 9815,
  9760, 8285, 8290, 9764, 9812, 8286, 8291, 9816,
  3409, 9761, 9765, 3414, 3410, 9813, 9817, 3415,
  9761, 9762, 9766, 9765, 9813, 9814, 9818, 9817,
  9762, 9763, 9767, 9766, 9814, 9815, 9819, 9818,
  9763, 9764, 9768, 9767, 9815, 9816, 9820, 9819,
  9764, 8290, 8295, 9768, 9816, 8291, 8296, 9820,
  3414, 9765, 9769, 3419, 3415, 9817, 9821, 3420,
  9765, 9766, 9770, 9769, 9817, 9818, 9822, 9821,
  9766, 9767, 9771, 9770, 9818, 9819, 9823, 9822,
  9767, 9768, 9772, 9771, 9819, 9820, 9824, 9823,
  9768, 8295, 8300, 9772, 9820, 8296, 8301, 9824,
  3419, 9769, 9773, 3424, 3420, 9821, 9825, 3425,
  9769, 9770, 9774, 9773, 9821, 9822, 9826, 9825,
  9770, 9771, 9775, 9774, 9822, 9823, 9827, 9826,
  9771, 9772, 9776, 9775, 9823, 9824, 9828, 9827,
  9772, 8300, 8305, 9776, 9824, 8301, 8306, 9828,
  3424, 9773, 9777, 3429, 3425, 9825, 9829, 3430,
  9773, 9774, 9778, 9777, 9825, 9826, 9830, 9829,
  9774, 9775, 9779, 9778, 9826, 9827, 9831, 9830,
  9775, 9776, 9780, 9779, 9827, 9828, 9832, 9831,
  9776, 8305, 8310, 9780, 9828, 8306, 8311, 9832,
  3429, 9777, 9781, 3434, 3430, 9829, 9833, 3435,
  9777, 9778, 9782, 9781, 9829, 9830, 9834, 9833,
  9778, 9779, 9783, 9782, 9830, 9831, 9835, 9834,
  9779, 9780, 9784, 9783, 9831, 9832, 9836, 9835,
  9780, 8310, 8315, 9784, 9832, 8311, 8316, 9836,
  3434, 9781, 9510, 3439, 3435, 9833, 9507, 3440,
  9781, 9782, 9440, 9510, 9833, 9834, 9437, 9507,
  9782, 9783, 9370, 9440, 9834, 9835, 9367, 9437,
  9783, 9784, 9300, 9370, 9835, 9836, 9297, 9367,
  9784, 8315, 7538, 9300, 9836, 8316, 7540, 9297 ;

 coord =
  50, 50, 50, 50, 46, 46, 46, 46, 50, 50, 46, 46, 50, 50, 46, 46, 50, 50, 46, 
    46, 50, 50, 46, 46, 50, 50, 46, 46, 50, 46, 50, 46, 50, 46, 50, 46, 50, 
    50, 46, 46, 50, 46, 50, 46, 50, 46, 50, 46, 50, 50, 46, 46, 50, 46, 50, 
    46, 50, 46, 50, 46, 50, 50, 46, 46, 50, 46, 50, 46, 50, 46, 50, 46, 50, 
    50, 46, 46, 50, 46, 50, 46, 50, 46, 50, 46, 50, 50, 46, 46, 50, 46, 50, 
    46, 50, 46, 50, 46, 50, 50, 46, 46, 50, 46, 50, 46, 50, 46, 50, 46, 50, 
    50, 46, 46, 50, 46, 50, 46, 50, 46, 50, 46, 50, 50, 46, 46, 50, 46, 50, 
    46, 50, 46, 50, 46, 50, 50, 46, 46, 50, 46, 50, 46, 50, 46, 50, 46, 50, 
    50, 46, 46, 50, 46, 50, 46, 50, 46, 50, 46, 50, 50, 46, 46, 50, 46, 50, 
    46, 50, 46, 50, 46, 42, 42, 42, 42, 42, 42, 42, 42, 42, 42, 42, 42, 42, 
    42, 42, 42, 42, 42, 42, 42, 42, 42, 42, 42, 42, 42, 42, 42, 42, 42, 42, 
    42, 42, 42, 42, 42, 42, 42, 42, 42, 42, 42, 42, 42, 42, 42, 42, 42, 42, 
    42, 42, 42, 42, 42, 42, 42, 42, 42, 42, 42, 42, 42, 42, 42, 42, 42, 42, 
    42, 42, 42, 42, 42, 42, 42, 42, 42, 42, 42, 42, 42, 42, 42, 42, 42, 38, 
    38, 38, 38, 38, 38, 38, 38, 38, 38, 38, 38, 38, 38, 38, 38, 38, 38, 38, 
    38, 38, 38, 38, 38, 38, 38, 38, 38, 38, 38, 38, 38, 38, 38, 38, 38, 38, 
    38, 38, 38, 38, 38, 38, 38, 38, 38, 38, 38, 38, 38, 38, 38, 38, 38, 38, 
    38, 38, 38, 38, 38, 38, 38, 38, 38, 38, 38, 38, 38, 38, 38, 38, 38, 38, 
    38, 38, 38, 38, 38, 38, 38, 38, 38, 38, 38, 34, 34, 34, 34, 34, 34, 34, 
    34, 34, 34, 34, 34, 34, 34, 34, 34, 34, 34, 34, 34, 34, 34, 34, 34, 34, 
    34, 34, 34, 34, 34, 34, 34, 34, 34, 34, 34, 34, 34, 34, 34, 34, 34, 34, 
    34, 34, 34, 34, 34, 34, 34, 34, 34, 34, 34, 34, 34, 34, 34, 34, 34, 34, 
    34, 34, 34, 34, 34, 34, 34, 34, 34, 34, 34, 34, 34, 34, 34, 34, 34, 34, 
    34, 34, 34, 34, 34, 30, 30, 30, 30, 30, 30, 30, 30, 30, 30, 30, 30, 30, 
    30, 30, 30, 30, 30, 30, 30, 30, 30, 30, 30, 30, 30, 30, 30, 30, 30, 30, 
    30, 30, 30, 30, 30, 30, 30, 30, 30, 30, 30, 30, 30, 30, 30, 30, 30, 30, 
    30, 30, 30, 30, 30, 30, 30, 30, 30, 30, 30, 30, 30, 30, 30, 30, 30, 30, 
    30, 30, 30, 30, 30, 30, 30, 30, 30, 30, 30, 30, 30, 30, 30, 30, 30, 26, 
    26, 26, 26, 26, 26, 26, 26, 26, 26, 26, 26, 26, 26, 26, 26, 26, 26, 26, 
    26, 26, 26, 26, 26, 26, 26, 26, 26, 26, 26, 26, 26, 26, 26, 26, 26, 26, 
    26, 26, 26, 26, 26, 26, 26, 26, 26, 26, 26, 26, 26, 26, 26, 26, 26, 26, 
    26, 26, 26, 26, 26, 26, 26, 26, 26, 26, 26, 26, 26, 26, 26, 26, 26, 26, 
    26, 26, 26, 26, 26, 26, 26, 26, 26, 26, 26, 22, 22, 22, 22, 22, 22, 22, 
    22, 22, 22, 22, 22, 22, 22, 22, 22, 22, 22, 22, 22, 22, 22, 22, 22, 22, 
    22, 22, 22, 22, 22, 22, 22, 22, 22, 22, 22, 22, 22, 22, 22, 22, 22, 22, 
    22, 22, 22, 22, 22, 22, 22, 22, 22, 22, 22, 22, 22, 22, 22, 22, 22, 22, 
    22, 22, 22, 22, 22, 22, 22, 22, 22, 22, 22, 22, 22, 22, 22, 22, 22, 22, 
    22, 22, 22, 22, 22, 18, 18, 18, 18, 18, 18, 18, 18, 18, 18, 18, 18, 18, 
    18, 18, 18, 18, 18, 18, 18, 18, 18, 18, 18, 18, 18, 18, 18, 18, 18, 18, 
    18, 18, 18, 18, 18, 18, 18, 18, 18, 18, 18, 18, 18, 18, 18, 18, 18, 18, 
    18, 18, 18, 18, 18, 18, 18, 18, 18, 18, 18, 18, 18, 18, 18, 18, 18, 18, 
    18, 18, 18, 18, 18, 18, 18, 18, 18, 18, 18, 18, 18, 18, 18, 18, 18, 14, 
    14, 14, 14, 14, 14, 14, 14, 14, 14, 14, 14, 14, 14, 14, 14, 14, 14, 14, 
    14, 14, 14, 14, 14, 14, 14, 14, 14, 14, 14, 14, 14, 14, 14, 14, 14, 14, 
    14, 14, 14, 14, 14, 14, 14, 14, 14, 14, 14, 14, 14, 14, 14, 14, 14, 14, 
    14, 14, 14, 14, 14, 14, 14, 14, 14, 14, 14, 14, 14, 14, 14, 14, 14, 14, 
    14, 14, 14, 14, 14, 14, 14, 14, 14, 14, 14, 10, 10, 10, 10, 10, 10, 10, 
    10, 10, 10, 10, 10, 10, 10, 10, 10, 10, 10, 10, 10, 10, 10, 10, 10, 10, 
    10, 10, 10, 10, 10, 10, 10, 10, 10, 10, 10, 10, 10, 10, 10, 10, 10, 10, 
    10, 10, 10, 10, 10, 10, 10, 10, 10, 10, 10, 10, 10, 10, 10, 10, 10, 10, 
    10, 10, 10, 10, 10, 10, 10, 10, 10, 10, 10, 10, 10, 10, 10, 10, 10, 10, 
    10, 10, 10, 10, 10, 50, 50, 46, 46, 50, 50, 46, 46, 50, 50, 46, 46, 50, 
    46, 50, 46, 50, 46, 50, 46, 50, 46, 50, 46, 50, 46, 50, 46, 50, 46, 50, 
    46, 50, 46, 50, 46, 50, 46, 50, 46, 50, 46, 50, 46, 50, 46, 50, 46, 50, 
    46, 50, 46, 50, 46, 50, 46, 50, 46, 50, 46, 50, 46, 50, 46, 50, 46, 50, 
    46, 50, 46, 50, 46, 50, 46, 50, 46, 50, 46, 50, 46, 50, 46, 50, 46, 42, 
    42, 42, 42, 42, 42, 42, 42, 42, 42, 42, 42, 42, 42, 42, 42, 42, 42, 42, 
    42, 42, 42, 42, 42, 42, 42, 42, 42, 42, 42, 42, 42, 42, 42, 42, 42, 42, 
    42, 42, 42, 42, 42, 38, 38, 38, 38, 38, 38, 38, 38, 38, 38, 38, 38, 38, 
    38, 38, 38, 38, 38, 38, 38, 38, 38, 38, 38, 38, 38, 38, 38, 38, 38, 38, 
    38, 38, 38, 38, 38, 38, 38, 38, 38, 38, 38, 34, 34, 34, 34, 34, 34, 34, 
    34, 34, 34, 34, 34, 34, 34, 34, 34, 34, 34, 34, 34, 34, 34, 34, 34, 34, 
    34, 34, 34, 34, 34, 34, 34, 34, 34, 34, 34, 34, 34, 34, 34, 34, 34, 30, 
    30, 30, 30, 30, 30, 30, 30, 30, 30, 30, 30, 30, 30, 30, 30, 30, 30, 30, 
    30, 30, 30, 30, 30, 30, 30, 30, 30, 30, 30, 30, 30, 30, 30, 30, 30, 30, 
    30, 30, 30, 30, 30, 26, 26, 26, 26, 26, 26, 26, 26, 26, 26, 26, 26, 26, 
    26, 26, 26, 26, 26, 26, 26, 26, 26, 26, 26, 26, 26, 26, 26, 26, 26, 26, 
    26, 26, 26, 26, 26, 26, 26, 26, 26, 26, 26, 22, 22, 22, 22, 22, 22, 22, 
    22, 22, 22, 22, 22, 22, 22, 22, 22, 22, 22, 22, 22, 22, 22, 22, 22, 22, 
    22, 22, 22, 22, 22, 22, 22, 22, 22, 22, 22, 22, 22, 22, 22, 22, 22, 18, 
    18, 18, 18, 18, 18, 18, 18, 18, 18, 18, 18, 18, 18, 18, 18, 18, 18, 18, 
    18, 18, 18, 18, 18, 18, 18, 18, 18, 18, 18, 18, 18, 18, 18, 18, 18, 18, 
    18, 18, 18, 18, 18, 14, 14, 14, 14, 14, 14, 14, 14, 14, 14, 14, 14, 14, 
    14, 14, 14, 14, 14, 14, 14, 14, 14, 14, 14, 14, 14, 14, 14, 14, 14, 14, 
    14, 14, 14, 14, 14, 14, 14, 14, 14, 14, 14, 10, 10, 10, 10, 10, 10, 10, 
    10, 10, 10, 10, 10, 10, 10, 10, 10, 10, 10, 10, 10, 10, 10, 10, 10, 10, 
    10, 10, 10, 10, 10, 10, 10, 10, 10, 10, 10, 10, 10, 10, 10, 10, 10, 50, 
    50, 50, 50, 46, 46, 46, 46, 50, 50, 46, 46, 50, 50, 46, 46, 50, 50, 46, 
    46, 50, 50, 46, 46, 50, 50, 46, 46, 50, 46, 50, 46, 50, 46, 50, 46, 50, 
    50, 46, 46, 50, 46, 50, 46, 50, 46, 50, 46, 50, 50, 46, 46, 50, 46, 50, 
    46, 50, 46, 50, 46, 50, 50, 46, 46, 50, 46, 50, 46, 50, 46, 50, 46, 50, 
    50, 46, 46, 50, 46, 50, 46, 50, 46, 50, 46, 50, 50, 46, 46, 50, 46, 50, 
    46, 50, 46, 50, 46, 50, 50, 46, 46, 50, 46, 50, 46, 50, 46, 50, 46, 50, 
    50, 46, 46, 50, 46, 50, 46, 50, 46, 50, 46, 50, 50, 46, 46, 50, 46, 50, 
    46, 50, 46, 50, 46, 50, 50, 46, 46, 50, 46, 50, 46, 50, 46, 50, 46, 50, 
    50, 46, 46, 50, 46, 50, 46, 50, 46, 50, 46, 42, 42, 42, 42, 42, 42, 42, 
    42, 42, 42, 42, 42, 42, 42, 42, 42, 42, 42, 42, 42, 42, 42, 42, 42, 42, 
    42, 42, 42, 42, 42, 42, 42, 42, 42, 42, 42, 42, 42, 42, 42, 42, 42, 42, 
    42, 42, 42, 42, 42, 42, 42, 42, 42, 42, 42, 42, 42, 42, 42, 42, 42, 42, 
    42, 42, 42, 42, 42, 42, 42, 42, 42, 42, 42, 42, 42, 42, 42, 42, 42, 38, 
    38, 38, 38, 38, 38, 38, 38, 38, 38, 38, 38, 38, 38, 38, 38, 38, 38, 38, 
    38, 38, 38, 38, 38, 38, 38, 38, 38, 38, 38, 38, 38, 38, 38, 38, 38, 38, 
    38, 38, 38, 38, 38, 38, 38, 38, 38, 38, 38, 38, 38, 38, 38, 38, 38, 38, 
    38, 38, 38, 38, 38, 38, 38, 38, 38, 38, 38, 38, 38, 38, 38, 38, 38, 38, 
    38, 38, 38, 38, 38, 34, 34, 34, 34, 34, 34, 34, 34, 34, 34, 34, 34, 34, 
    34, 34, 34, 34, 34, 34, 34, 34, 34, 34, 34, 34, 34, 34, 34, 34, 34, 34, 
    34, 34, 34, 34, 34, 34, 34, 34, 34, 34, 34, 34, 34, 34, 34, 34, 34, 34, 
    34, 34, 34, 34, 34, 34, 34, 34, 34, 34, 34, 34, 34, 34, 34, 34, 34, 34, 
    34, 34, 34, 34, 34, 34, 34, 34, 34, 34, 34, 30, 30, 30, 30, 30, 30, 30, 
    30, 30, 30, 30, 30, 30, 30, 30, 30, 30, 30, 30, 30, 30, 30, 30, 30, 30, 
    30, 30, 30, 30, 30, 30, 30, 30, 30, 30, 30, 30, 30, 30, 30, 30, 30, 30, 
    30, 30, 30, 30, 30, 30, 30, 30, 30, 30, 30, 30, 30, 30, 30, 30, 30, 30, 
    30, 30, 30, 30, 30, 30, 30, 30, 30, 30, 30, 30, 30, 30, 30, 30, 30, 26, 
    26, 26, 26, 26, 26, 26, 26, 26, 26, 26, 26, 26, 26, 26, 26, 26, 26, 26, 
    26, 26, 26, 26, 26, 26, 26, 26, 26, 26, 26, 26, 26, 26, 26, 26, 26, 26, 
    26, 26, 26, 26, 26, 26, 26, 26, 26, 26, 26, 26, 26, 26, 26, 26, 26, 26, 
    26, 26, 26, 26, 26, 26, 26, 26, 26, 26, 26, 26, 26, 26, 26, 26, 26, 26, 
    26, 26, 26, 26, 26, 22, 22, 22, 22, 22, 22, 22, 22, 22, 22, 22, 22, 22, 
    22, 22, 22, 22, 22, 22, 22, 22, 22, 22, 22, 22, 22, 22, 22, 22, 22, 22, 
    22, 22, 22, 22, 22, 22, 22, 22, 22, 22, 22, 22, 22, 22, 22, 22, 22, 22, 
    22, 22, 22, 22, 22, 22, 22, 22, 22, 22, 22, 22, 22, 22, 22, 22, 22, 22, 
    22, 22, 22, 22, 22, 22, 22, 22, 22, 22, 22, 18, 18, 18, 18, 18, 18, 18, 
    18, 18, 18, 18, 18, 18, 18, 18, 18, 18, 18, 18, 18, 18, 18, 18, 18, 18, 
    18, 18, 18, 18, 18, 18, 18, 18, 18, 18, 18, 18, 18, 18, 18, 18, 18, 18, 
    18, 18, 18, 18, 18, 18, 18, 18, 18, 18, 18, 18, 18, 18, 18, 18, 18, 18, 
    18, 18, 18, 18, 18, 18, 18, 18, 18, 18, 18, 18, 18, 18, 18, 18, 18, 14, 
    14, 14, 14, 14, 14, 14, 14, 14, 14, 14, 14, 14, 14, 14, 14, 14, 14, 14, 
    14, 14, 14, 14, 14, 14, 14, 14, 14, 14, 14, 14, 14, 14, 14, 14, 14, 14, 
    14, 14, 14, 14, 14, 14, 14, 14, 14, 14, 14, 14, 14, 14, 14, 14, 14, 14, 
    14, 14, 14, 14, 14, 14, 14, 14, 14, 14, 14, 14, 14, 14, 14, 14, 14, 14, 
    14, 14, 14, 14, 14, 10, 10, 10, 10, 10, 10, 10, 10, 10, 10, 10, 10, 10, 
    10, 10, 10, 10, 10, 10, 10, 10, 10, 10, 10, 10, 10, 10, 10, 10, 10, 10, 
    10, 10, 10, 10, 10, 10, 10, 10, 10, 10, 10, 10, 10, 10, 10, 10, 10, 10, 
    10, 10, 10, 10, 10, 10, 10, 10, 10, 10, 10, 10, 10, 10, 10, 10, 10, 10, 
    10, 10, 10, 10, 10, 10, 10, 10, 10, 10, 10, 50, 50, 46, 46, 50, 50, 46, 
    46, 50, 50, 46, 46, 50, 46, 50, 46, 50, 46, 50, 46, 50, 46, 50, 46, 50, 
    46, 50, 46, 50, 46, 50, 46, 50, 46, 50, 46, 50, 46, 50, 46, 50, 46, 50, 
    46, 50, 46, 50, 46, 50, 46, 50, 46, 50, 46, 50, 46, 50, 46, 50, 46, 50, 
    46, 50, 46, 50, 46, 50, 46, 50, 46, 50, 46, 50, 46, 50, 46, 50, 46, 42, 
    42, 42, 42, 42, 42, 42, 42, 42, 42, 42, 42, 42, 42, 42, 42, 42, 42, 42, 
    42, 42, 42, 42, 42, 42, 42, 42, 42, 42, 42, 42, 42, 42, 42, 42, 42, 42, 
    42, 42, 38, 38, 38, 38, 38, 38, 38, 38, 38, 38, 38, 38, 38, 38, 38, 38, 
    38, 38, 38, 38, 38, 38, 38, 38, 38, 38, 38, 38, 38, 38, 38, 38, 38, 38, 
    38, 38, 38, 38, 38, 34, 34, 34, 34, 34, 34, 34, 34, 34, 34, 34, 34, 34, 
    34, 34, 34, 34, 34, 34, 34, 34, 34, 34, 34, 34, 34, 34, 34, 34, 34, 34, 
    34, 34, 34, 34, 34, 34, 34, 34, 30, 30, 30, 30, 30, 30, 30, 30, 30, 30, 
    30, 30, 30, 30, 30, 30, 30, 30, 30, 30, 30, 30, 30, 30, 30, 30, 30, 30, 
    30, 30, 30, 30, 30, 30, 30, 30, 30, 30, 30, 26, 26, 26, 26, 26, 26, 26, 
    26, 26, 26, 26, 26, 26, 26, 26, 26, 26, 26, 26, 26, 26, 26, 26, 26, 26, 
    26, 26, 26, 26, 26, 26, 26, 26, 26, 26, 26, 26, 26, 26, 22, 22, 22, 22, 
    22, 22, 22, 22, 22, 22, 22, 22, 22, 22, 22, 22, 22, 22, 22, 22, 22, 22, 
    22, 22, 22, 22, 22, 22, 22, 22, 22, 22, 22, 22, 22, 22, 22, 22, 22, 18, 
    18, 18, 18, 18, 18, 18, 18, 18, 18, 18, 18, 18, 18, 18, 18, 18, 18, 18, 
    18, 18, 18, 18, 18, 18, 18, 18, 18, 18, 18, 18, 18, 18, 18, 18, 18, 18, 
    18, 18, 14, 14, 14, 14, 14, 14, 14, 14, 14, 14, 14, 14, 14, 14, 14, 14, 
    14, 14, 14, 14, 14, 14, 14, 14, 14, 14, 14, 14, 14, 14, 14, 14, 14, 14, 
    14, 14, 14, 14, 14, 10, 10, 10, 10, 10, 10, 10, 10, 10, 10, 10, 10, 10, 
    10, 10, 10, 10, 10, 10, 10, 10, 10, 10, 10, 10, 10, 10, 10, 10, 10, 10, 
    10, 10, 10, 10, 10, 10, 10, 10, 50, 50, 50, 50, 46, 46, 46, 46, 50, 50, 
    46, 46, 50, 50, 46, 46, 50, 50, 46, 46, 50, 50, 46, 46, 50, 46, 50, 46, 
    50, 46, 50, 50, 46, 46, 50, 46, 50, 46, 50, 46, 50, 50, 46, 46, 50, 46, 
    50, 46, 50, 46, 50, 50, 46, 46, 50, 46, 50, 46, 50, 46, 50, 50, 46, 46, 
    50, 46, 50, 46, 50, 46, 50, 50, 46, 46, 50, 46, 50, 46, 50, 46, 50, 50, 
    46, 46, 50, 46, 50, 46, 50, 46, 50, 50, 46, 46, 50, 46, 50, 46, 50, 46, 
    50, 50, 46, 46, 50, 46, 50, 46, 50, 46, 50, 50, 46, 46, 50, 46, 50, 46, 
    50, 46, 50, 50, 46, 46, 50, 46, 50, 46, 50, 46, 50, 50, 46, 46, 50, 46, 
    50, 46, 50, 46, 42, 42, 42, 42, 42, 42, 42, 42, 42, 42, 42, 42, 42, 42, 
    42, 42, 42, 42, 42, 42, 42, 42, 42, 42, 42, 42, 42, 42, 42, 42, 42, 42, 
    42, 42, 42, 42, 42, 42, 42, 42, 42, 42, 42, 42, 42, 42, 42, 42, 42, 42, 
    42, 42, 42, 42, 42, 42, 42, 42, 42, 42, 42, 42, 42, 42, 42, 42, 42, 42, 
    42, 42, 38, 38, 38, 38, 38, 38, 38, 38, 38, 38, 38, 38, 38, 38, 38, 38, 
    38, 38, 38, 38, 38, 38, 38, 38, 38, 38, 38, 38, 38, 38, 38, 38, 38, 38, 
    38, 38, 38, 38, 38, 38, 38, 38, 38, 38, 38, 38, 38, 38, 38, 38, 38, 38, 
    38, 38, 38, 38, 38, 38, 38, 38, 38, 38, 38, 38, 38, 38, 38, 38, 38, 38, 
    34, 34, 34, 34, 34, 34, 34, 34, 34, 34, 34, 34, 34, 34, 34, 34, 34, 34, 
    34, 34, 34, 34, 34, 34, 34, 34, 34, 34, 34, 34, 34, 34, 34, 34, 34, 34, 
    34, 34, 34, 34, 34, 34, 34, 34, 34, 34, 34, 34, 34, 34, 34, 34, 34, 34, 
    34, 34, 34, 34, 34, 34, 34, 34, 34, 34, 34, 34, 34, 34, 34, 34, 30, 30, 
    30, 30, 30, 30, 30, 30, 30, 30, 30, 30, 30, 30, 30, 30, 30, 30, 30, 30, 
    30, 30, 30, 30, 30, 30, 30, 30, 30, 30, 30, 30, 30, 30, 30, 30, 30, 30, 
    30, 30, 30, 30, 30, 30, 30, 30, 30, 30, 30, 30, 30, 30, 30, 30, 30, 30, 
    30, 30, 30, 30, 30, 30, 30, 30, 30, 30, 30, 30, 30, 30, 26, 26, 26, 26, 
    26, 26, 26, 26, 26, 26, 26, 26, 26, 26, 26, 26, 26, 26, 26, 26, 26, 26, 
    26, 26, 26, 26, 26, 26, 26, 26, 26, 26, 26, 26, 26, 26, 26, 26, 26, 26, 
    26, 26, 26, 26, 26, 26, 26, 26, 26, 26, 26, 26, 26, 26, 26, 26, 26, 26, 
    26, 26, 26, 26, 26, 26, 26, 26, 26, 26, 26, 26, 22, 22, 22, 22, 22, 22, 
    22, 22, 22, 22, 22, 22, 22, 22, 22, 22, 22, 22, 22, 22, 22, 22, 22, 22, 
    22, 22, 22, 22, 22, 22, 22, 22, 22, 22, 22, 22, 22, 22, 22, 22, 22, 22, 
    22, 22, 22, 22, 22, 22, 22, 22, 22, 22, 22, 22, 22, 22, 22, 22, 22, 22, 
    22, 22, 22, 22, 22, 22, 22, 22, 22, 22, 18, 18, 18, 18, 18, 18, 18, 18, 
    18, 18, 18, 18, 18, 18, 18, 18, 18, 18, 18, 18, 18, 18, 18, 18, 18, 18, 
    18, 18, 18, 18, 18, 18, 18, 18, 18, 18, 18, 18, 18, 18, 18, 18, 18, 18, 
    18, 18, 18, 18, 18, 18, 18, 18, 18, 18, 18, 18, 18, 18, 18, 18, 18, 18, 
    18, 18, 18, 18, 18, 18, 18, 18, 14, 14, 14, 14, 14, 14, 14, 14, 14, 14, 
    14, 14, 14, 14, 14, 14, 14, 14, 14, 14, 14, 14, 14, 14, 14, 14, 14, 14, 
    14, 14, 14, 14, 14, 14, 14, 14, 14, 14, 14, 14, 14, 14, 14, 14, 14, 14, 
    14, 14, 14, 14, 14, 14, 14, 14, 14, 14, 14, 14, 14, 14, 14, 14, 14, 14, 
    14, 14, 14, 14, 14, 14, 10, 10, 10, 10, 10, 10, 10, 10, 10, 10, 10, 10, 
    10, 10, 10, 10, 10, 10, 10, 10, 10, 10, 10, 10, 10, 10, 10, 10, 10, 10, 
    10, 10, 10, 10, 10, 10, 10, 10, 10, 10, 10, 10, 10, 10, 10, 10, 10, 10, 
    10, 10, 10, 10, 10, 10, 10, 10, 10, 10, 10, 10, 10, 10, 10, 10, 10, 10, 
    10, 10, 10, 10, 10, 14, 14, 10, 10, 14, 14, 10, 18, 18, 18, 18, 22, 22, 
    22, 22, 26, 26, 26, 26, 30, 30, 30, 30, 34, 34, 34, 34, 38, 38, 38, 38, 
    42, 42, 42, 42, 46, 46, 46, 46, 50, 50, 50, 50, 14, 10, 14, 10, 18, 18, 
    22, 22, 26, 26, 30, 30, 34, 34, 38, 38, 42, 42, 46, 46, 50, 50, 14, 10, 
    14, 10, 18, 18, 22, 22, 26, 26, 30, 30, 34, 34, 38, 38, 42, 42, 46, 46, 
    50, 50, 14, 10, 14, 10, 18, 18, 22, 22, 26, 26, 30, 30, 34, 34, 38, 38, 
    42, 42, 46, 46, 50, 50, 10, 14, 14, 10, 18, 18, 22, 22, 26, 26, 30, 30, 
    34, 34, 38, 38, 42, 42, 46, 46, 50, 50, 14, 10, 18, 22, 26, 30, 34, 38, 
    42, 46, 50, 14, 10, 18, 22, 26, 30, 34, 38, 42, 46, 50, 14, 10, 18, 22, 
    26, 30, 34, 38, 42, 46, 50, 10, 14, 14, 10, 18, 18, 22, 22, 26, 26, 30, 
    30, 34, 34, 38, 38, 42, 42, 46, 46, 50, 50, 14, 10, 18, 22, 26, 30, 34, 
    38, 42, 46, 50, 14, 10, 18, 22, 26, 30, 34, 38, 42, 46, 50, 14, 10, 18, 
    22, 26, 30, 34, 38, 42, 46, 50, 10, 14, 14, 10, 18, 18, 22, 22, 26, 26, 
    30, 30, 34, 34, 38, 38, 42, 42, 46, 46, 50, 50, 14, 10, 18, 22, 26, 30, 
    34, 38, 42, 46, 50, 14, 10, 18, 22, 26, 30, 34, 38, 42, 46, 50, 14, 10, 
    18, 22, 26, 30, 34, 38, 42, 46, 50, 10, 14, 14, 10, 18, 18, 22, 22, 26, 
    26, 30, 30, 34, 34, 38, 38, 42, 42, 46, 46, 50, 50, 14, 10, 18, 22, 26, 
    30, 34, 38, 42, 46, 50, 14, 10, 18, 22, 26, 30, 34, 38, 42, 46, 50, 14, 
    10, 18, 22, 26, 30, 34, 38, 42, 46, 50, 10, 14, 14, 10, 18, 18, 22, 22, 
    26, 26, 30, 30, 34, 34, 38, 38, 42, 42, 46, 46, 50, 50, 14, 10, 18, 22, 
    26, 30, 34, 38, 42, 46, 50, 14, 10, 18, 22, 26, 30, 34, 38, 42, 46, 50, 
    14, 10, 18, 22, 26, 30, 34, 38, 42, 46, 50, 10, 14, 14, 10, 18, 18, 22, 
    22, 26, 26, 30, 30, 34, 34, 38, 38, 42, 42, 46, 46, 50, 50, 14, 10, 18, 
    22, 26, 30, 34, 38, 42, 46, 50, 14, 10, 18, 22, 26, 30, 34, 38, 42, 46, 
    50, 14, 10, 18, 22, 26, 30, 34, 38, 42, 46, 50, 10, 14, 14, 10, 18, 18, 
    22, 22, 26, 26, 30, 30, 34, 34, 38, 38, 42, 42, 46, 46, 50, 50, 14, 10, 
    18, 22, 26, 30, 34, 38, 42, 46, 50, 14, 10, 18, 22, 26, 30, 34, 38, 42, 
    46, 50, 14, 10, 18, 22, 26, 30, 34, 38, 42, 46, 50, 10, 14, 14, 10, 18, 
    18, 22, 22, 26, 26, 30, 30, 34, 34, 38, 38, 42, 42, 46, 46, 50, 50, 14, 
    10, 18, 22, 26, 30, 34, 38, 42, 46, 50, 14, 10, 18, 22, 26, 30, 34, 38, 
    42, 46, 50, 14, 10, 18, 22, 26, 30, 34, 38, 42, 46, 50, 10, 14, 14, 10, 
    18, 18, 22, 22, 26, 26, 30, 30, 34, 34, 38, 38, 42, 42, 46, 46, 50, 50, 
    14, 10, 18, 22, 26, 30, 34, 38, 42, 46, 50, 14, 10, 18, 22, 26, 30, 34, 
    38, 42, 46, 50, 14, 10, 18, 22, 26, 30, 34, 38, 42, 46, 50, 10, 14, 14, 
    10, 18, 18, 22, 22, 26, 26, 30, 30, 34, 34, 38, 38, 42, 42, 46, 46, 50, 
    50, 14, 10, 18, 22, 26, 30, 34, 38, 42, 46, 50, 14, 10, 18, 22, 26, 30, 
    34, 38, 42, 46, 50, 14, 10, 18, 22, 26, 30, 34, 38, 42, 46, 50, 10, 14, 
    14, 10, 18, 18, 22, 22, 26, 26, 30, 30, 34, 34, 38, 38, 42, 42, 46, 46, 
    50, 50, 14, 10, 18, 22, 26, 30, 34, 38, 42, 46, 50, 14, 10, 18, 22, 26, 
    30, 34, 38, 42, 46, 50, 14, 10, 18, 22, 26, 30, 34, 38, 42, 46, 50, -50, 
    -50, -50, -50, -46, -46, -46, -46, -50, -50, -46, -46, -50, -50, -46, 
    -46, -50, -50, -46, -46, -50, -50, -46, -46, -50, -50, -46, -46, -50, 
    -46, -50, -46, -50, -46, -50, -46, -50, -50, -46, -46, -50, -46, -50, 
    -46, -50, -46, -50, -46, -50, -50, -46, -46, -50, -46, -50, -46, -50, 
    -46, -50, -46, -50, -50, -46, -46, -50, -46, -50, -46, -50, -46, -50, 
    -46, -50, -50, -46, -46, -50, -46, -50, -46, -50, -46, -50, -46, -50, 
    -50, -46, -46, -50, -46, -50, -46, -50, -46, -50, -46, -50, -50, -46, 
    -46, -50, -46, -50, -46, -50, -46, -50, -46, -50, -50, -46, -46, -50, 
    -46, -50, -46, -50, -46, -50, -46, -50, -50, -46, -46, -50, -46, -50, 
    -46, -50, -46, -50, -46, -50, -50, -46, -46, -50, -46, -50, -46, -50, 
    -46, -50, -46, -50, -50, -46, -46, -50, -46, -50, -46, -50, -46, -50, 
    -46, -50, -50, -46, -46, -50, -46, -50, -46, -50, -46, -50, -46, -42, 
    -42, -42, -42, -42, -42, -42, -42, -42, -42, -42, -42, -42, -42, -42, 
    -42, -42, -42, -42, -42, -42, -42, -42, -42, -42, -42, -42, -42, -42, 
    -42, -42, -42, -42, -42, -42, -42, -42, -42, -42, -42, -42, -42, -42, 
    -42, -42, -42, -42, -42, -42, -42, -42, -42, -42, -42, -42, -42, -42, 
    -42, -42, -42, -42, -42, -42, -42, -42, -42, -42, -42, -42, -42, -42, 
    -42, -42, -42, -42, -42, -42, -42, -42, -42, -42, -42, -42, -42, -38, 
    -38, -38, -38, -38, -38, -38, -38, -38, -38, -38, -38, -38, -38, -38, 
    -38, -38, -38, -38, -38, -38, -38, -38, -38, -38, -38, -38, -38, -38, 
    -38, -38, -38, -38, -38, -38, -38, -38, -38, -38, -38, -38, -38, -38, 
    -38, -38, -38, -38, -38, -38, -38, -38, -38, -38, -38, -38, -38, -38, 
    -38, -38, -38, -38, -38, -38, -38, -38, -38, -38, -38, -38, -38, -38, 
    -38, -38, -38, -38, -38, -38, -38, -38, -38, -38, -38, -38, -38, -34, 
    -34, -34, -34, -34, -34, -34, -34, -34, -34, -34, -34, -34, -34, -34, 
    -34, -34, -34, -34, -34, -34, -34, -34, -34, -34, -34, -34, -34, -34, 
    -34, -34, -34, -34, -34, -34, -34, -34, -34, -34, -34, -34, -34, -34, 
    -34, -34, -34, -34, -34, -34, -34, -34, -34, -34, -34, -34, -34, -34, 
    -34, -34, -34, -34, -34, -34, -34, -34, -34, -34, -34, -34, -34, -34, 
    -34, -34, -34, -34, -34, -34, -34, -34, -34, -34, -34, -34, -34, -30, 
    -30, -30, -30, -30, -30, -30, -30, -30, -30, -30, -30, -30, -30, -30, 
    -30, -30, -30, -30, -30, -30, -30, -30, -30, -30, -30, -30, -30, -30, 
    -30, -30, -30, -30, -30, -30, -30, -30, -30, -30, -30, -30, -30, -30, 
    -30, -30, -30, -30, -30, -30, -30, -30, -30, -30, -30, -30, -30, -30, 
    -30, -30, -30, -30, -30, -30, -30, -30, -30, -30, -30, -30, -30, -30, 
    -30, -30, -30, -30, -30, -30, -30, -30, -30, -30, -30, -30, -30, -26, 
    -26, -26, -26, -26, -26, -26, -26, -26, -26, -26, -26, -26, -26, -26, 
    -26, -26, -26, -26, -26, -26, -26, -26, -26, -26, -26, -26, -26, -26, 
    -26, -26, -26, -26, -26, -26, -26, -26, -26, -26, -26, -26, -26, -26, 
    -26, -26, -26, -26, -26, -26, -26, -26, -26, -26, -26, -26, -26, -26, 
    -26, -26, -26, -26, -26, -26, -26, -26, -26, -26, -26, -26, -26, -26, 
    -26, -26, -26, -26, -26, -26, -26, -26, -26, -26, -26, -26, -26, -22, 
    -22, -22, -22, -22, -22, -22, -22, -22, -22, -22, -22, -22, -22, -22, 
    -22, -22, -22, -22, -22, -22, -22, -22, -22, -22, -22, -22, -22, -22, 
    -22, -22, -22, -22, -22, -22, -22, -22, -22, -22, -22, -22, -22, -22, 
    -22, -22, -22, -22, -22, -22, -22, -22, -22, -22, -22, -22, -22, -22, 
    -22, -22, -22, -22, -22, -22, -22, -22, -22, -22, -22, -22, -22, -22, 
    -22, -22, -22, -22, -22, -22, -22, -22, -22, -22, -22, -22, -22, -18, 
    -18, -18, -18, -18, -18, -18, -18, -18, -18, -18, -18, -18, -18, -18, 
    -18, -18, -18, -18, -18, -18, -18, -18, -18, -18, -18, -18, -18, -18, 
    -18, -18, -18, -18, -18, -18, -18, -18, -18, -18, -18, -18, -18, -18, 
    -18, -18, -18, -18, -18, -18, -18, -18, -18, -18, -18, -18, -18, -18, 
    -18, -18, -18, -18, -18, -18, -18, -18, -18, -18, -18, -18, -18, -18, 
    -18, -18, -18, -18, -18, -18, -18, -18, -18, -18, -18, -18, -18, -14, 
    -14, -14, -14, -14, -14, -14, -14, -14, -14, -14, -14, -14, -14, -14, 
    -14, -14, -14, -14, -14, -14, -14, -14, -14, -14, -14, -14, -14, -14, 
    -14, -14, -14, -14, -14, -14, -14, -14, -14, -14, -14, -14, -14, -14, 
    -14, -14, -14, -14, -14, -14, -14, -14, -14, -14, -14, -14, -14, -14, 
    -14, -14, -14, -14, -14, -14, -14, -14, -14, -14, -14, -14, -14, -14, 
    -14, -14, -14, -14, -14, -14, -14, -14, -14, -14, -14, -14, -14, -10, 
    -10, -10, -10, -10, -10, -10, -10, -10, -10, -10, -10, -10, -10, -10, 
    -10, -10, -10, -10, -10, -10, -10, -10, -10, -10, -10, -10, -10, -10, 
    -10, -10, -10, -10, -10, -10, -10, -10, -10, -10, -10, -10, -10, -10, 
    -10, -10, -10, -10, -10, -10, -10, -10, -10, -10, -10, -10, -10, -10, 
    -10, -10, -10, -10, -10, -10, -10, -10, -10, -10, -10, -10, -10, -10, 
    -10, -10, -10, -10, -10, -10, -10, -10, -10, -10, -10, -10, -10, -10, 
    -14, -14, -10, -18, -18, -22, -22, -26, -26, -30, -30, -34, -34, -38, 
    -38, -42, -42, -46, -46, -50, -50, -14, -10, -18, -22, -26, -30, -34, 
    -38, -42, -46, -50, -14, -10, -18, -22, -26, -30, -34, -38, -42, -46, 
    -50, -14, -10, -18, -22, -26, -30, -34, -38, -42, -46, -50, -14, -10, 
    -18, -22, -26, -30, -34, -38, -42, -46, -50, -14, -10, -18, -22, -26, 
    -30, -34, -38, -42, -46, -50, -14, -10, -18, -22, -26, -30, -34, -38, 
    -42, -46, -50, -14, -10, -18, -22, -26, -30, -34, -38, -42, -46, -50, 
    -14, -10, -18, -22, -26, -30, -34, -38, -42, -46, -50, -14, -10, -18, 
    -22, -26, -30, -34, -38, -42, -46, -50, -14, -10, -18, -22, -26, -30, 
    -34, -38, -42, -46, -50, -14, -10, -18, -22, -26, -30, -34, -38, -42, 
    -46, -50, -14, -10, -18, -22, -26, -30, -34, -38, -42, -46, -50, -10, 
    -14, -14, -10, -18, -18, -22, -22, -26, -26, -30, -30, -34, -34, -38, 
    -38, -42, -42, -46, -46, -50, -50, -14, -10, -18, -22, -26, -30, -34, 
    -38, -42, -46, -50, -14, -10, -18, -22, -26, -30, -34, -38, -42, -46, 
    -50, -14, -10, -18, -22, -26, -30, -34, -38, -42, -46, -50, -14, -10, 
    -18, -22, -26, -30, -34, -38, -42, -46, -50, -14, -10, -18, -22, -26, 
    -30, -34, -38, -42, -46, -50, -14, -10, -18, -22, -26, -30, -34, -38, 
    -42, -46, -50, -14, -10, -18, -22, -26, -30, -34, -38, -42, -46, -50, 
    -14, -10, -18, -22, -26, -30, -34, -38, -42, -46, -50, -14, -10, -18, 
    -22, -26, -30, -34, -38, -42, -46, -50, -14, -10, -18, -22, -26, -30, 
    -34, -38, -42, -46, -50, -14, -10, -18, -22, -26, -30, -34, -38, -42, 
    -46, -50, -14, -10, -18, -22, -26, -30, -34, -38, -42, -46, -50, -10, 
    -14, -14, -10, -18, -18, -22, -22, -26, -26, -30, -30, -34, -34, -38, 
    -38, -42, -42, -46, -46, -50, -50, -14, -10, -18, -22, -26, -30, -34, 
    -38, -42, -46, -50, -14, -10, -18, -22, -26, -30, -34, -38, -42, -46, 
    -50, -14, -10, -18, -22, -26, -30, -34, -38, -42, -46, -50, -14, -10, 
    -18, -22, -26, -30, -34, -38, -42, -46, -50, -14, -10, -18, -22, -26, 
    -30, -34, -38, -42, -46, -50, -14, -10, -18, -22, -26, -30, -34, -38, 
    -42, -46, -50, -14, -10, -18, -22, -26, -30, -34, -38, -42, -46, -50, 
    -14, -10, -18, -22, -26, -30, -34, -38, -42, -46, -50, -14, -10, -18, 
    -22, -26, -30, -34, -38, -42, -46, -50, -14, -10, -18, -22, -26, -30, 
    -34, -38, -42, -46, -50, -14, -10, -18, -22, -26, -30, -34, -38, -42, 
    -46, -50, -14, -10, -18, -22, -26, -30, -34, -38, -42, -46, -50, -10, 
    -14, -14, -10, -10, -14, -14, -10, -18, -18, -18, -18, -22, -22, -22, 
    -22, -26, -26, -26, -26, -30, -30, -30, -30, -34, -34, -34, -34, -38, 
    -38, -38, -38, -42, -42, -42, -42, -46, -46, -46, -46, -50, -50, -50, 
    -50, -14, -10, -14, -10, -18, -18, -22, -22, -26, -26, -30, -30, -34, 
    -34, -38, -38, -42, -42, -46, -46, -50, -50, -14, -10, -14, -10, -18, 
    -18, -22, -22, -26, -26, -30, -30, -34, -34, -38, -38, -42, -42, -46, 
    -46, -50, -50, -14, -10, -14, -10, -18, -18, -22, -22, -26, -26, -30, 
    -30, -34, -34, -38, -38, -42, -42, -46, -46, -50, -50, -14, -10, -14, 
    -10, -18, -18, -22, -22, -26, -26, -30, -30, -34, -34, -38, -38, -42, 
    -42, -46, -46, -50, -50, -14, -10, -14, -10, -18, -18, -22, -22, -26, 
    -26, -30, -30, -34, -34, -38, -38, -42, -42, -46, -46, -50, -50, -14, 
    -10, -14, -10, -18, -18, -22, -22, -26, -26, -30, -30, -34, -34, -38, 
    -38, -42, -42, -46, -46, -50, -50, -14, -10, -14, -10, -18, -18, -22, 
    -22, -26, -26, -30, -30, -34, -34, -38, -38, -42, -42, -46, -46, -50, 
    -50, -14, -10, -14, -10, -18, -18, -22, -22, -26, -26, -30, -30, -34, 
    -34, -38, -38, -42, -42, -46, -46, -50, -50, -14, -10, -14, -10, -18, 
    -18, -22, -22, -26, -26, -30, -30, -34, -34, -38, -38, -42, -42, -46, 
    -46, -50, -50, -14, -10, -14, -10, -18, -18, -22, -22, -26, -26, -30, 
    -30, -34, -34, -38, -38, -42, -42, -46, -46, -50, -50, -14, -10, -14, 
    -10, -18, -18, -22, -22, -26, -26, -30, -30, -34, -34, -38, -38, -42, 
    -42, -46, -46, -50, -50, -10, -14, -14, -10, -18, -18, -22, -22, -26, 
    -26, -30, -30, -34, -34, -38, -38, -42, -42, -46, -46, -50, -50, -14, 
    -10, -18, -22, -26, -30, -34, -38, -42, -46, -50, -14, -10, -18, -22, 
    -26, -30, -34, -38, -42, -46, -50, -14, -10, -18, -22, -26, -30, -34, 
    -38, -42, -46, -50, -14, -10, -18, -22, -26, -30, -34, -38, -42, -46, 
    -50, -14, -10, -18, -22, -26, -30, -34, -38, -42, -46, -50, -14, -10, 
    -18, -22, -26, -30, -34, -38, -42, -46, -50, -14, -10, -18, -22, -26, 
    -30, -34, -38, -42, -46, -50, -14, -10, -18, -22, -26, -30, -34, -38, 
    -42, -46, -50, -14, -10, -18, -22, -26, -30, -34, -38, -42, -46, -50, 
    -14, -10, -18, -22, -26, -30, -34, -38, -42, -46, -50, -14, -10, -18, 
    -22, -26, -30, -34, -38, -42, -46, -50, -10, -14, -14, -10, -18, -18, 
    -22, -22, -26, -26, -30, -30, -34, -34, -38, -38, -42, -42, -46, -46, 
    -50, -50, -14, -10, -18, -22, -26, -30, -34, -38, -42, -46, -50, -14, 
    -10, -18, -22, -26, -30, -34, -38, -42, -46, -50, -14, -10, -18, -22, 
    -26, -30, -34, -38, -42, -46, -50, -14, -10, -18, -22, -26, -30, -34, 
    -38, -42, -46, -50, -14, -10, -18, -22, -26, -30, -34, -38, -42, -46, 
    -50, -14, -10, -18, -22, -26, -30, -34, -38, -42, -46, -50, -14, -10, 
    -18, -22, -26, -30, -34, -38, -42, -46, -50, -14, -10, -18, -22, -26, 
    -30, -34, -38, -42, -46, -50, -14, -10, -18, -22, -26, -30, -34, -38, 
    -42, -46, -50, -14, -10, -18, -22, -26, -30, -34, -38, -42, -46, -50, 
    -14, -10, -18, -22, -26, -30, -34, -38, -42, -46, -50, -14, -10, -14, 
    -10, -18, -18, -22, -22, -26, -26, -30, -30, -34, -34, -38, -38, -42, 
    -42, -46, -46, -50, -50, -14, -10, -14, -10, -18, -18, -22, -22, -26, 
    -26, -30, -30, -34, -34, -38, -38, -42, -42, -46, -46, -50, -50, -14, 
    -10, -14, -10, -18, -18, -22, -22, -26, -26, -30, -30, -34, -34, -38, 
    -38, -42, -42, -46, -46, -50, -50, -14, -10, -14, -10, -18, -18, -22, 
    -22, -26, -26, -30, -30, -34, -34, -38, -38, -42, -42, -46, -46, -50, 
    -50, -14, -10, -14, -10, -18, -18, -22, -22, -26, -26, -30, -30, -34, 
    -34, -38, -38, -42, -42, -46, -46, -50, -50, -14, -10, -18, -22, -26, 
    -30, -34, -38, -42, -46, -50, -14, -10, -18, -22, -26, -30, -34, -38, 
    -42, -46, -50, -14, -10, -18, -22, -26, -30, -34, -38, -42, -46, -50, 
    -14, -10, -18, -22, -26, -30, -34, -38, -42, -46, -50, -14, -10, -18, 
    -22, -26, -30, -34, -38, -42, -46, -50, -14, -10, -18, -22, -26, -30, 
    -34, -38, -42, -46, -50, -14, -10, -18, -22, -26, -30, -34, -38, -42, 
    -46, -50, -14, -10, -18, -22, -26, -30, -34, -38, -42, -46, -50, -14, 
    -10, -18, -22, -26, -30, -34, -38, -42, -46, -50, -14, -10, -18, -22, 
    -26, -30, -34, -38, -42, -46, -50, -14, -10, -18, -22, -26, -30, -34, 
    -38, -42, -46, -50, -14, -10, -18, -22, -26, -30, -34, -38, -42, -46, 
    -50, -14, -10, -18, -22, -26, -30, -34, -38, -42, -46, -50, -14, -10, 
    -18, -22, -26, -30, -34, -38, -42, -46, -50, -14, -10, -18, -22, -26, 
    -30, -34, -38, -42, -46, -50, -14, -10, -18, -22, -26, -30, -34, -38, 
    -42, -46, -50, -14, -10, -18, -22, -26, -30, -34, -38, -42, -46, -50, 
    -14, -10, -18, -22, -26, -30, -34, -38, -42, -46, -50, -14, -10, -18, 
    -22, -26, -30, -34, -38, -42, -46, -50, -14, -10, -18, -22, -26, -30, 
    -34, -38, -42, -46, -50, -14, -10, -18, -22, -26, -30, -34, -38, -42, 
    -46, -50, -14, -10, -18, -22, -26, -30, -34, -38, -42, -46, -50, -14, 
    -10, -18, -22, -26, -30, -34, -38, -42, -46, -50, -14, -10, -18, -22, 
    -26, -30, -34, -38, -42, -46, -50, -14, -10, -18, -22, -26, -30, -34, 
    -38, -42, -46, -50, -14, -10, -18, -22, -26, -30, -34, -38, -42, -46, 
    -50, -14, -10, -18, -22, -26, -30, -34, -38, -42, -46, -50, -14, -10, 
    -18, -22, -26, -30, -34, -38, -42, -46, -50, -14, -10, -18, -22, -26, 
    -30, -34, -38, -42, -46, -50, -14, -10, -18, -22, -26, -30, -34, -38, 
    -42, -46, -50, -14, -10, -18, -22, -26, -30, -34, -38, -42, -46, -50, 
    -14, -10, -18, -22, -26, -30, -34, -38, -42, -46, -50, -14, -10, -18, 
    -22, -26, -30, -34, -38, -42, -46, -50, -14, -10, -18, -22, -26, -30, 
    -34, -38, -42, -46, -50, -14, -10, -18, -22, -26, -30, -34, -38, -42, 
    -46, -50, -14, -10, -18, -22, -26, -30, -34, -38, -42, -46, -50, -14, 
    -10, -18, -22, -26, -30, -34, -38, -42, -46, -50, -14, -10, -18, -22, 
    -26, -30, -34, -38, -42, -46, -50, -14, -10, -18, -22, -26, -30, -34, 
    -38, -42, -46, -50, -14, -10, -18, -22, -26, -30, -34, -38, -42, -46, 
    -50, -14, -10, -18, -22, -26, -30, -34, -38, -42, -46, -50, -14, -10, 
    -18, -22, -26, -30, -34, -38, -42, -46, -50, -14, -10, -18, -22, -26, 
    -30, -34, -38, -42, -46, -50, -14, -10, -18, -22, -26, -30, -34, -38, 
    -42, -46, -50, -14, -10, -18, -22, -26, -30, -34, -38, -42, -46, -50, 
    -14, -10, -18, -22, -26, -30, -34, -38, -42, -46, -50, -14, -10, -18, 
    -22, -26, -30, -34, -38, -42, -46, -50, -14, -10, -18, -22, -26, -30, 
    -34, -38, -42, -46, -50, -14, -10, -18, -22, -26, -30, -34, -38, -42, 
    -46, -50, -14, -10, -18, -22, -26, -30, -34, -38, -42, -46, -50, -14, 
    -10, -18, -22, -26, -30, -34, -38, -42, -46, -50, -14, -10, -18, -22, 
    -26, -30, -34, -38, -42, -46, -50, -14, -10, -18, -22, -26, -30, -34, 
    -38, -42, -46, -50, -14, -10, -18, -22, -26, -30, -34, -38, -42, -46, 
    -50, -14, -10, -18, -22, -26, -30, -34, -38, -42, -46, -50, -50, -50, 
    -46, -46, -50, -50, -46, -46, -50, -50, -46, -46, -50, -50, -46, -46, 
    -50, -50, -46, -46, -50, -46, -50, -46, -50, -46, -50, -46, -50, -46, 
    -50, -46, -50, -46, -50, -46, -50, -46, -50, -46, -50, -46, -50, -46, 
    -50, -46, -50, -46, -50, -46, -50, -46, -50, -46, -50, -46, -50, -46, 
    -50, -46, -50, -46, -50, -46, -50, -46, -50, -46, -50, -46, -50, -46, 
    -50, -46, -50, -46, -50, -46, -50, -46, -50, -46, -50, -46, -50, -46, 
    -50, -46, -50, -46, -50, -46, -50, -46, -50, -46, -50, -46, -50, -46, 
    -50, -46, -50, -46, -50, -46, -50, -46, -50, -46, -50, -46, -50, -46, 
    -50, -46, -50, -46, -50, -46, -50, -46, -50, -46, -50, -46, -50, -46, 
    -50, -46, -50, -46, -50, -46, -50, -46, -50, -46, -50, -46, -42, -42, 
    -42, -42, -42, -42, -42, -42, -42, -42, -42, -42, -42, -42, -42, -42, 
    -42, -42, -42, -42, -42, -42, -42, -42, -42, -42, -42, -42, -42, -42, 
    -42, -42, -42, -42, -42, -42, -42, -42, -42, -42, -42, -42, -42, -42, 
    -42, -42, -42, -42, -42, -42, -42, -42, -42, -42, -42, -42, -42, -42, 
    -42, -42, -42, -42, -42, -42, -42, -42, -42, -42, -42, -42, -38, -38, 
    -38, -38, -38, -38, -38, -38, -38, -38, -38, -38, -38, -38, -38, -38, 
    -38, -38, -38, -38, -38, -38, -38, -38, -38, -38, -38, -38, -38, -38, 
    -38, -38, -38, -38, -38, -38, -38, -38, -38, -38, -38, -38, -38, -38, 
    -38, -38, -38, -38, -38, -38, -38, -38, -38, -38, -38, -38, -38, -38, 
    -38, -38, -38, -38, -38, -38, -38, -38, -38, -38, -38, -38, -34, -34, 
    -34, -34, -34, -34, -34, -34, -34, -34, -34, -34, -34, -34, -34, -34, 
    -34, -34, -34, -34, -34, -34, -34, -34, -34, -34, -34, -34, -34, -34, 
    -34, -34, -34, -34, -34, -34, -34, -34, -34, -34, -34, -34, -34, -34, 
    -34, -34, -34, -34, -34, -34, -34, -34, -34, -34, -34, -34, -34, -34, 
    -34, -34, -34, -34, -34, -34, -34, -34, -34, -34, -34, -34, -30, -30, 
    -30, -30, -30, -30, -30, -30, -30, -30, -30, -30, -30, -30, -30, -30, 
    -30, -30, -30, -30, -30, -30, -30, -30, -30, -30, -30, -30, -30, -30, 
    -30, -30, -30, -30, -30, -30, -30, -30, -30, -30, -30, -30, -30, -30, 
    -30, -30, -30, -30, -30, -30, -30, -30, -30, -30, -30, -30, -30, -30, 
    -30, -30, -30, -30, -30, -30, -30, -30, -30, -30, -30, -30, -26, -26, 
    -26, -26, -26, -26, -26, -26, -26, -26, -26, -26, -26, -26, -26, -26, 
    -26, -26, -26, -26, -26, -26, -26, -26, -26, -26, -26, -26, -26, -26, 
    -26, -26, -26, -26, -26, -26, -26, -26, -26, -26, -26, -26, -26, -26, 
    -26, -26, -26, -26, -26, -26, -26, -26, -26, -26, -26, -26, -26, -26, 
    -26, -26, -26, -26, -26, -26, -26, -26, -26, -26, -26, -26, -22, -22, 
    -22, -22, -22, -22, -22, -22, -22, -22, -22, -22, -22, -22, -22, -22, 
    -22, -22, -22, -22, -22, -22, -22, -22, -22, -22, -22, -22, -22, -22, 
    -22, -22, -22, -22, -22, -22, -22, -22, -22, -22, -22, -22, -22, -22, 
    -22, -22, -22, -22, -22, -22, -22, -22, -22, -22, -22, -22, -22, -22, 
    -22, -22, -22, -22, -22, -22, -22, -22, -22, -22, -22, -22, -18, -18, 
    -18, -18, -18, -18, -18, -18, -18, -18, -18, -18, -18, -18, -18, -18, 
    -18, -18, -18, -18, -18, -18, -18, -18, -18, -18, -18, -18, -18, -18, 
    -18, -18, -18, -18, -18, -18, -18, -18, -18, -18, -18, -18, -18, -18, 
    -18, -18, -18, -18, -18, -18, -18, -18, -18, -18, -18, -18, -18, -18, 
    -18, -18, -18, -18, -18, -18, -18, -18, -18, -18, -18, -18, -14, -14, 
    -14, -14, -14, -14, -14, -14, -14, -14, -14, -14, -14, -14, -14, -14, 
    -14, -14, -14, -14, -14, -14, -14, -14, -14, -14, -14, -14, -14, -14, 
    -14, -14, -14, -14, -14, -14, -14, -14, -14, -14, -14, -14, -14, -14, 
    -14, -14, -14, -14, -14, -14, -14, -14, -14, -14, -14, -14, -14, -14, 
    -14, -14, -14, -14, -14, -14, -14, -14, -14, -14, -14, -14, -10, -10, 
    -10, -10, -10, -10, -10, -10, -10, -10, -10, -10, -10, -10, -10, -10, 
    -10, -10, -10, -10, -10, -10, -10, -10, -10, -10, -10, -10, -10, -10, 
    -10, -10, -10, -10, -10, -10, -10, -10, -10, -10, -10, -10, -10, -10, 
    -10, -10, -10, -10, -10, -10, -10, -10, -10, -10, -10, -10, -10, -10, 
    -10, -10, -10, -10, -10, -10, -10, -10, -10, -10, -10, -10, -50, -50, 
    -46, -46, -50, -50, -46, -46, -50, -50, -46, -46, -50, -50, -46, -46, 
    -50, -50, -46, -46, -50, -46, -50, -46, -50, -46, -50, -46, -50, -46, 
    -50, -46, -50, -46, -50, -46, -50, -46, -50, -46, -50, -46, -50, -46, 
    -50, -46, -50, -46, -50, -46, -50, -46, -50, -46, -50, -46, -50, -46, 
    -50, -46, -50, -46, -50, -46, -50, -46, -50, -46, -50, -46, -50, -46, 
    -50, -46, -50, -46, -50, -46, -50, -46, -50, -46, -50, -46, -50, -46, 
    -50, -46, -50, -46, -50, -46, -50, -46, -50, -46, -50, -46, -50, -46, 
    -50, -46, -50, -46, -50, -46, -50, -46, -50, -46, -50, -46, -50, -46, 
    -50, -46, -50, -46, -50, -46, -50, -46, -50, -46, -50, -46, -50, -46, 
    -50, -46, -42, -42, -42, -42, -42, -42, -42, -42, -42, -42, -42, -42, 
    -42, -42, -42, -42, -42, -42, -42, -42, -42, -42, -42, -42, -42, -42, 
    -42, -42, -42, -42, -42, -42, -42, -42, -42, -42, -42, -42, -42, -42, 
    -42, -42, -42, -42, -42, -42, -42, -42, -42, -42, -42, -42, -42, -42, 
    -42, -42, -42, -42, -42, -42, -42, -42, -42, -42, -42, -38, -38, -38, 
    -38, -38, -38, -38, -38, -38, -38, -38, -38, -38, -38, -38, -38, -38, 
    -38, -38, -38, -38, -38, -38, -38, -38, -38, -38, -38, -38, -38, -38, 
    -38, -38, -38, -38, -38, -38, -38, -38, -38, -38, -38, -38, -38, -38, 
    -38, -38, -38, -38, -38, -38, -38, -38, -38, -38, -38, -38, -38, -38, 
    -38, -38, -38, -38, -38, -38, -34, -34, -34, -34, -34, -34, -34, -34, 
    -34, -34, -34, -34, -34, -34, -34, -34, -34, -34, -34, -34, -34, -34, 
    -34, -34, -34, -34, -34, -34, -34, -34, -34, -34, -34, -34, -34, -34, 
    -34, -34, -34, -34, -34, -34, -34, -34, -34, -34, -34, -34, -34, -34, 
    -34, -34, -34, -34, -34, -34, -34, -34, -34, -34, -34, -34, -34, -34, 
    -34, -30, -30, -30, -30, -30, -30, -30, -30, -30, -30, -30, -30, -30, 
    -30, -30, -30, -30, -30, -30, -30, -30, -30, -30, -30, -30, -30, -30, 
    -30, -30, -30, -30, -30, -30, -30, -30, -30, -30, -30, -30, -30, -30, 
    -30, -30, -30, -30, -30, -30, -30, -30, -30, -30, -30, -30, -30, -30, 
    -30, -30, -30, -30, -30, -30, -30, -30, -30, -30, -26, -26, -26, -26, 
    -26, -26, -26, -26, -26, -26, -26, -26, -26, -26, -26, -26, -26, -26, 
    -26, -26, -26, -26, -26, -26, -26, -26, -26, -26, -26, -26, -26, -26, 
    -26, -26, -26, -26, -26, -26, -26, -26, -26, -26, -26, -26, -26, -26, 
    -26, -26, -26, -26, -26, -26, -26, -26, -26, -26, -26, -26, -26, -26, 
    -26, -26, -26, -26, -26, -22, -22, -22, -22, -22, -22, -22, -22, -22, 
    -22, -22, -22, -22, -22, -22, -22, -22, -22, -22, -22, -22, -22, -22, 
    -22, -22, -22, -22, -22, -22, -22, -22, -22, -22, -22, -22, -22, -22, 
    -22, -22, -22, -22, -22, -22, -22, -22, -22, -22, -22, -22, -22, -22, 
    -22, -22, -22, -22, -22, -22, -22, -22, -22, -22, -22, -22, -22, -22, 
    -18, -18, -18, -18, -18, -18, -18, -18, -18, -18, -18, -18, -18, -18, 
    -18, -18, -18, -18, -18, -18, -18, -18, -18, -18, -18, -18, -18, -18, 
    -18, -18, -18, -18, -18, -18, -18, -18, -18, -18, -18, -18, -18, -18, 
    -18, -18, -18, -18, -18, -18, -18, -18, -18, -18, -18, -18, -18, -18, 
    -18, -18, -18, -18, -18, -18, -18, -18, -18, -14, -14, -14, -14, -14, 
    -14, -14, -14, -14, -14, -14, -14, -14, -14, -14, -14, -14, -14, -14, 
    -14, -14, -14, -14, -14, -14, -14, -14, -14, -14, -14, -14, -14, -14, 
    -14, -14, -14, -14, -14, -14, -14, -14, -14, -14, -14, -14, -14, -14, 
    -14, -14, -14, -14, -14, -14, -14, -14, -14, -14, -14, -14, -14, -14, 
    -14, -14, -14, -14, -10, -10, -10, -10, -10, -10, -10, -10, -10, -10, 
    -10, -10, -10, -10, -10, -10, -10, -10, -10, -10, -10, -10, -10, -10, 
    -10, -10, -10, -10, -10, -10, -10, -10, -10, -10, -10, -10, -10, -10, 
    -10, -10, -10, -10, -10, -10, -10, -10, -10, -10, -10, -10, -10, -10, 
    -10, -10, -10, -10, -10, -10, -10, -10, -10, -10, -10, -10, -10, 6, 6, 6, 
    6, 2, 2, 2, 2, -2, -2, -2, -2, -6, -6, -6, -6, 6, 6, 2, 2, -2, -2, -6, 
    -6, 6, 6, 2, 2, -2, -2, -6, -6, 6, 6, 2, 2, -2, -2, -6, -6, 6, 6, 2, 2, 
    -2, -2, -6, -6, 6, 6, 2, 2, -2, -2, -6, -6, 6, 6, 2, 2, -2, -2, -6, -6, 
    6, 6, 2, 2, -2, -2, -6, -6, 6, 6, 2, 2, -2, -2, -6, -6, 6, 6, 2, 2, -2, 
    -2, -6, -6, 6, 6, 2, 2, -2, -2, -6, -6, 6, 6, 2, 2, -2, -2, -6, -6, 6, 6, 
    2, 2, -2, -2, -6, -6, 6, 6, 2, 2, -2, -2, -6, -6, 6, 2, -2, -6, 6, 2, -2, 
    -6, 6, 2, -2, -6, 6, 2, -2, -6, 6, 2, -2, -6, 6, 2, -2, -6, 6, 2, -2, -6, 
    6, 2, -2, -6, 6, 2, -2, -6, 6, 2, -2, -6, 6, 2, -2, -6, 6, 2, -2, -6, 6, 
    6, 2, 2, -2, -2, -6, -6, 6, 2, -2, -6, 6, 2, -2, -6, 6, 2, -2, -6, 6, 2, 
    -2, -6, 6, 2, -2, -6, 6, 2, -2, -6, 6, 2, -2, -6, 6, 2, -2, -6, 6, 2, -2, 
    -6, 6, 2, -2, -6, 6, 2, -2, -6, 6, 2, -2, -6, 6, 6, 6, 6, 2, 2, 2, 2, -2, 
    -2, -2, -2, -6, -6, -6, -6, 6, 6, 2, 2, -2, -2, -6, -6, 6, 6, 2, 2, -2, 
    -2, -6, -6, 6, 6, 2, 2, -2, -2, -6, -6, 6, 6, 2, 2, -2, -2, -6, -6, 6, 6, 
    2, 2, -2, -2, -6, -6, 6, 6, 2, 2, -2, -2, -6, -6, 6, 6, 2, 2, -2, -2, -6, 
    -6, 6, 6, 2, 2, -2, -2, -6, -6, 6, 6, 2, 2, -2, -2, -6, -6, 6, 6, 2, 2, 
    -2, -2, -6, -6, 6, 6, 2, 2, -2, -2, -6, -6, 6, 2, -2, -6, 6, 6, 2, 2, -2, 
    -2, -6, -6, 6, 2, -2, -6, 6, 2, -2, -6, 6, 2, -2, -6, 6, 2, -2, -6, 6, 2, 
    -2, -6, 6, 2, -2, -6, 6, 2, -2, -6, 6, 2, -2, -6, 6, 2, -2, -6, 6, 2, -2, 
    -6, 6, 2, -2, -6, 6, 2, -2, -6, 6, 6, 2, 2, -2, -2, -6, -6, 6, 2, -2, -6, 
    6, 2, -2, -6, 6, 2, -2, -6, 6, 2, -2, -6, 6, 2, -2, -6, 6, 2, -2, -6, 6, 
    2, -2, -6, 6, 2, -2, -6, 6, 2, -2, -6, 6, 2, -2, -6, 6, 2, -2, -6, 6, 6, 
    2, 2, -2, -2, -6, -6, 6, 2, -2, -6, 6, 2, -2, -6, 6, 2, -2, -6, 6, 2, -2, 
    -6, 6, 2, -2, -6, 6, 2, -2, -6, 6, 2, -2, -6, 6, 2, -2, -6, 6, 2, -2, -6, 
    6, 2, -2, -6, 6, 2, -2, -6, 6, 2, -2, -6, 6, 6, 2, 2, -2, -2, -6, -6, 6, 
    2, -2, -6, 6, 2, -2, -6, 6, 2, -2, -6, 6, 2, -2, -6, 6, 2, -2, -6, 6, 2, 
    -2, -6, 6, 2, -2, -6, 6, 2, -2, -6, 6, 2, -2, -6, 6, 2, -2, -6, 6, 2, -2, 
    -6, 6, 2, -2, -6, 6, 6, 2, 2, -2, -2, -6, -6, 6, 2, -2, -6, 6, 2, -2, -6, 
    6, 2, -2, -6, 6, 2, -2, -6, 6, 2, -2, -6, 6, 2, -2, -6, 6, 2, -2, -6, 6, 
    2, -2, -6, 6, 2, -2, -6, 6, 2, -2, -6, 6, 2, -2, -6, 6, 2, -2, -6, 6, 6, 
    2, 2, -2, -2, -6, -6, 6, 2, -2, -6, 6, 2, -2, -6, 6, 2, -2, -6, 6, 2, -2, 
    -6, 6, 2, -2, -6, 6, 2, -2, -6, 6, 2, -2, -6, 6, 2, -2, -6, 6, 2, -2, -6, 
    6, 2, -2, -6, 6, 2, -2, -6, 6, 2, -2, -6, 6, 6, 2, 2, -2, -2, -6, -6, 6, 
    2, -2, -6, 6, 2, -2, -6, 6, 2, -2, -6, 6, 2, -2, -6, 6, 2, -2, -6, 6, 2, 
    -2, -6, 6, 2, -2, -6, 6, 2, -2, -6, 6, 2, -2, -6, 6, 2, -2, -6, 6, 2, -2, 
    -6, 6, 2, -2, -6, 6, 2, -2, -6, 6, 2, -2, -6, 6, 2, -2, -6, 6, 2, -2, -6, 
    6, 2, -2, -6, 6, 2, -2, -6, 6, 2, -2, -6, 6, 2, -2, -6, 6, 2, -2, -6, 6, 
    2, -2, -6, 6, 2, -2, -6, 6, 2, -2, -6, 6, 2, -2, -6, 6, 2, -2, -6, 6, 2, 
    -2, -6, 6, 2, -2, -6, 6, 2, -2, -6, 6, 2, -2, -6, 6, 2, -2, -6, 6, 2, -2, 
    -6, 6, 2, -2, -6, 6, 2, -2, -6, 6, 2, -2, -6, 6, 2, -2, -6, 6, 2, -2, -6, 
    6, 2, -2, -6, 6, 2, -2, -6, 6, 2, -2, -6, 6, 2, -2, -6, 6, 2, -2, -6, 6, 
    2, -2, -6, 6, 2, -2, -6, 6, 2, -2, -6, 6, 2, -2, -6, 6, 2, -2, -6, 6, 2, 
    -2, -6, 6, 2, -2, -6, 6, 2, -2, -6, 6, 2, -2, -6, 6, 2, -2, -6, 6, 2, -2, 
    -6, 6, 2, -2, -6, 6, 2, -2, -6, 6, 2, -2, -6, 6, 2, -2, -6, 6, 2, -2, -6, 
    6, 2, -2, -6, 6, 2, -2, -6, 6, 2, -2, -6, 6, 2, -2, -6, 6, 2, -2, -6, 6, 
    2, -2, -6, 6, 2, -2, -6, 6, 2, -2, -6, 6, 2, -2, -6, 6, 2, -2, -6, 6, 2, 
    -2, -6, 6, 2, -2, -6, 6, 2, -2, -6, 6, 2, -2, -6, 6, 2, -2, -6, 6, 2, -2, 
    -6, 6, 2, -2, -6, 6, 2, -2, -6, 6, 2, -2, -6, -6, -6, -6, -6, -6, -6, -6, 
    -6, -6, -6, -6, -6, -6, -6, -6, -6, -6, -6, -6, -6, -6, -6, -6, -6, -6, 
    -6, -6, -6, -6, -6, -6, -6, -6, -6, -6, -6, -6, -6, -6, -6, -6, -6, -6, 
    -6, -6, -6, -6, -6, -6, -6, -6, -6, -6, -6, -6, -6, -6, -6, -6, -6, -6, 
    -6, -6, -6, -6, -6, -6, -6, -6, -6, -2, -2, -2, -2, -2, -2, -2, -2, -2, 
    -2, -2, -2, -2, -2, -2, -2, -2, -2, -2, -2, -2, -2, -2, -2, -2, -2, -2, 
    -2, -2, -2, -2, -2, -2, -2, -2, -2, -2, -2, -2, -2, -2, -2, -2, -2, -2, 
    -2, -2, -2, -2, -2, -2, -2, -2, -2, -2, -2, -2, -2, -2, -2, -2, -2, -2, 
    -2, -2, -2, -2, -2, -2, -2, 2, 2, 2, 2, 2, 2, 2, 2, 2, 2, 2, 2, 2, 2, 2, 
    2, 2, 2, 2, 2, 2, 2, 2, 2, 2, 2, 2, 2, 2, 2, 2, 2, 2, 2, 2, 2, 2, 2, 2, 
    2, 2, 2, 2, 2, 2, 2, 2, 2, 2, 2, 2, 2, 2, 2, 2, 2, 2, 2, 2, 2, 2, 2, 2, 
    2, 2, 2, 2, 2, 2, 2, 6, 6, 6, 6, 6, 6, 6, 6, 6, 6, 6, 6, 6, 6, 6, 6, 6, 
    6, 6, 6, 6, 6, 6, 6, 6, 6, 6, 6, 6, 6, 6, 6, 6, 6, 6, 6, 6, 6, 6, 6, 6, 
    6, 6, 6, 6, 6, 6, 6, 6, 6, 6, 6, 6, 6, 6, 6, 6, 6, 6, 6, 6, 6, 6, 6, 6, 
    6, 6, 6, 6, 6, 6, 6, 2, 2, -2, -2, -6, -6, 6, 2, -2, -6, 6, 2, -2, -6, 6, 
    2, -2, -6, 6, 2, -2, -6, 6, 2, -2, -6, 6, 2, -2, -6, 6, 2, -2, -6, 6, 2, 
    -2, -6, 6, 2, -2, -6, 6, 2, -2, -6, 6, 2, -2, -6, 6, 6, 2, 2, -2, -2, -6, 
    -6, 6, 2, -2, -6, 6, 2, -2, -6, 6, 2, -2, -6, 6, 2, -2, -6, 6, 2, -2, -6, 
    6, 2, -2, -6, 6, 2, -2, -6, 6, 2, -2, -6, 6, 2, -2, -6, 6, 2, -2, -6, 6, 
    2, -2, -6, 6, 6, 2, 2, -2, -2, -6, -6, 6, 2, -2, -6, 6, 2, -2, -6, 6, 2, 
    -2, -6, 6, 2, -2, -6, 6, 2, -2, -6, 6, 2, -2, -6, 6, 2, -2, -6, 6, 2, -2, 
    -6, 6, 2, -2, -6, 6, 2, -2, -6, 6, 2, -2, -6, 6, 6, 2, 2, -2, -2, -6, -6, 
    6, 2, -2, -6, 6, 2, -2, -6, 6, 2, -2, -6, 6, 2, -2, -6, 6, 2, -2, -6, 6, 
    2, -2, -6, 6, 2, -2, -6, 6, 2, -2, -6, 6, 2, -2, -6, 6, 2, -2, -6, 6, 2, 
    -2, -6, 6, 6, 2, 2, -2, -2, -6, -6, 6, 2, -2, -6, 6, 2, -2, -6, 6, 2, -2, 
    -6, 6, 2, -2, -6, 6, 2, -2, -6, 6, 2, -2, -6, 6, 2, -2, -6, 6, 2, -2, -6, 
    6, 2, -2, -6, 6, 2, -2, -6, 6, 2, -2, -6,
  0, 0, -3.84615384615385, -3.84615384615385, 0, 0, -3.84615384615385, 
    -3.84615384615385, 0, -3.84615384615385, 0, -3.84615384615385, 0, 
    -3.84615384615385, 0, -3.84615384615385, 0, -3.84615384615385, 0, 
    -3.84615384615385, 0, -3.84615384615385, 0, -3.84615384615385, 
    -7.69230769230769, -7.69230769230769, -7.6923076923077, -7.6923076923077, 
    -7.69230769230769, -7.6923076923077, -7.69230769230769, -7.6923076923077, 
    -7.6923076923077, -7.6923076923077, -7.69230769230769, -7.6923076923077, 
    -11.5384615384615, -11.5384615384615, -11.5384615384615, 
    -11.5384615384615, -11.5384615384615, -11.5384615384615, 
    -11.5384615384615, -11.5384615384615, -11.5384615384615, 
    -11.5384615384615, -11.5384615384615, -11.5384615384615, 
    -15.3846153846154, -15.3846153846154, -15.3846153846154, 
    -15.3846153846154, -15.3846153846154, -15.3846153846154, 
    -15.3846153846154, -15.3846153846154, -15.3846153846154, 
    -15.3846153846154, -15.3846153846154, -15.3846153846154, 
    -19.2307692307692, -19.2307692307692, -19.2307692307692, 
    -19.2307692307692, -19.2307692307692, -19.2307692307692, 
    -19.2307692307692, -19.2307692307692, -19.2307692307692, 
    -19.2307692307692, -19.2307692307692, -19.2307692307692, 
    -23.0769230769231, -23.0769230769231, -23.0769230769231, 
    -23.0769230769231, -23.0769230769231, -23.0769230769231, 
    -23.0769230769231, -23.0769230769231, -23.0769230769231, 
    -23.0769230769231, -23.0769230769231, -23.0769230769231, 
    -26.9230769230769, -26.9230769230769, -26.9230769230769, 
    -26.9230769230769, -26.9230769230769, -26.9230769230769, 
    -26.9230769230769, -26.9230769230769, -26.9230769230769, 
    -26.9230769230769, -26.9230769230769, -26.9230769230769, 
    -30.7692307692308, -30.7692307692308, -30.7692307692308, 
    -30.7692307692308, -30.7692307692308, -30.7692307692308, 
    -30.7692307692308, -30.7692307692308, -30.7692307692308, 
    -30.7692307692308, -30.7692307692308, -30.7692307692308, 
    -34.6153846153846, -34.6153846153846, -34.6153846153846, 
    -34.6153846153846, -34.6153846153846, -34.6153846153846, 
    -34.6153846153846, -34.6153846153846, -34.6153846153846, 
    -34.6153846153846, -34.6153846153846, -34.6153846153846, 
    -38.4615384615385, -38.4615384615385, -38.4615384615385, 
    -38.4615384615385, -38.4615384615385, -38.4615384615385, 
    -38.4615384615385, -38.4615384615385, -38.4615384615385, 
    -38.4615384615385, -38.4615384615385, -38.4615384615385, 
    -42.3076923076923, -42.3076923076923, -42.3076923076923, 
    -42.3076923076923, -42.3076923076923, -42.3076923076923, 
    -42.3076923076923, -42.3076923076923, -42.3076923076923, 
    -42.3076923076923, -42.3076923076923, -42.3076923076923, 
    -46.1538461538462, -46.1538461538462, -46.1538461538461, 
    -46.1538461538462, -46.1538461538461, -46.1538461538461, 
    -46.1538461538461, -46.1538461538461, -46.1538461538462, 
    -46.1538461538462, -46.1538461538462, -46.1538461538462, -50, -50, -50, 
    -50, -50, -50, -50, -50, -50, -50, -50, -50, 0, 0, -3.84615384615385, 
    -3.84615384615385, 0, -3.84615384615385, 0, -3.84615384615385, 0, 
    -3.84615384615385, 0, -3.84615384615385, -7.69230769230769, 
    -7.69230769230769, -7.69230769230769, -7.69230769230769, 
    -7.6923076923077, -7.69230769230769, -11.5384615384615, 
    -11.5384615384615, -11.5384615384615, -11.5384615384615, 
    -11.5384615384615, -11.5384615384615, -15.3846153846154, 
    -15.3846153846154, -15.3846153846154, -15.3846153846154, 
    -15.3846153846154, -15.3846153846154, -19.2307692307692, 
    -19.2307692307692, -19.2307692307692, -19.2307692307692, 
    -19.2307692307692, -19.2307692307692, -23.0769230769231, 
    -23.0769230769231, -23.0769230769231, -23.0769230769231, 
    -23.0769230769231, -23.0769230769231, -26.9230769230769, 
    -26.9230769230769, -26.9230769230769, -26.9230769230769, 
    -26.9230769230769, -26.9230769230769, -30.7692307692308, 
    -30.7692307692308, -30.7692307692308, -30.7692307692308, 
    -30.7692307692308, -30.7692307692308, -34.6153846153846, 
    -34.6153846153846, -34.6153846153846, -34.6153846153846, 
    -34.6153846153846, -34.6153846153846, -38.4615384615385, 
    -38.4615384615385, -38.4615384615385, -38.4615384615385, 
    -38.4615384615385, -38.4615384615385, -42.3076923076923, 
    -42.3076923076923, -42.3076923076923, -42.3076923076923, 
    -42.3076923076923, -42.3076923076923, -46.1538461538461, 
    -46.1538461538462, -46.1538461538462, -46.1538461538462, 
    -46.1538461538461, -46.1538461538462, -50, -50, -50, -50, -50, -50, 0, 0, 
    -3.84615384615385, -3.84615384615385, 0, -3.84615384615385, 0, 
    -3.84615384615385, 0, -3.84615384615385, 0, -3.84615384615385, 
    -7.69230769230769, -7.69230769230769, -7.69230769230769, 
    -7.69230769230769, -7.69230769230769, -7.69230769230769, 
    -11.5384615384615, -11.5384615384615, -11.5384615384615, 
    -11.5384615384615, -11.5384615384615, -11.5384615384615, 
    -15.3846153846154, -15.3846153846154, -15.3846153846154, 
    -15.3846153846154, -15.3846153846154, -15.3846153846154, 
    -19.2307692307692, -19.2307692307692, -19.2307692307692, 
    -19.2307692307692, -19.2307692307692, -19.2307692307692, 
    -23.0769230769231, -23.0769230769231, -23.0769230769231, 
    -23.0769230769231, -23.0769230769231, -23.0769230769231, 
    -26.9230769230769, -26.9230769230769, -26.9230769230769, 
    -26.9230769230769, -26.9230769230769, -26.9230769230769, 
    -30.7692307692308, -30.7692307692308, -30.7692307692308, 
    -30.7692307692308, -30.7692307692308, -30.7692307692308, 
    -34.6153846153846, -34.6153846153846, -34.6153846153846, 
    -34.6153846153846, -34.6153846153846, -34.6153846153846, 
    -38.4615384615385, -38.4615384615385, -38.4615384615385, 
    -38.4615384615385, -38.4615384615385, -38.4615384615385, 
    -42.3076923076923, -42.3076923076923, -42.3076923076923, 
    -42.3076923076923, -42.3076923076923, -42.3076923076923, 
    -46.1538461538461, -46.1538461538461, -46.1538461538462, 
    -46.1538461538462, -46.1538461538461, -46.1538461538461, -50, -50, -50, 
    -50, -50, -50, 0, 0, -3.84615384615385, -3.84615384615385, 0, 
    -3.84615384615385, 0, -3.84615384615385, 0, -3.84615384615385, 0, 
    -3.84615384615385, -7.6923076923077, -7.69230769230769, 
    -7.69230769230769, -7.69230769230769, -7.6923076923077, 
    -7.69230769230769, -11.5384615384615, -11.5384615384615, 
    -11.5384615384615, -11.5384615384615, -11.5384615384615, 
    -11.5384615384615, -15.3846153846154, -15.3846153846154, 
    -15.3846153846154, -15.3846153846154, -15.3846153846154, 
    -15.3846153846154, -19.2307692307692, -19.2307692307692, 
    -19.2307692307692, -19.2307692307692, -19.2307692307692, 
    -19.2307692307692, -23.0769230769231, -23.0769230769231, 
    -23.0769230769231, -23.0769230769231, -23.0769230769231, 
    -23.0769230769231, -26.9230769230769, -26.9230769230769, 
    -26.9230769230769, -26.9230769230769, -26.9230769230769, 
    -26.9230769230769, -30.7692307692308, -30.7692307692308, 
    -30.7692307692308, -30.7692307692308, -30.7692307692308, 
    -30.7692307692308, -34.6153846153846, -34.6153846153846, 
    -34.6153846153846, -34.6153846153846, -34.6153846153846, 
    -34.6153846153846, -38.4615384615385, -38.4615384615385, 
    -38.4615384615385, -38.4615384615385, -38.4615384615385, 
    -38.4615384615385, -42.3076923076923, -42.3076923076923, 
    -42.3076923076923, -42.3076923076923, -42.3076923076923, 
    -42.3076923076923, -46.1538461538461, -46.1538461538461, 
    -46.1538461538462, -46.1538461538462, -46.1538461538461, 
    -46.1538461538461, -50, -50, -50, -50, -50, -50, 0, 0, -3.84615384615385, 
    -3.84615384615385, 0, -3.84615384615385, 0, -3.84615384615385, 0, 
    -3.84615384615385, 0, -3.84615384615385, -7.69230769230769, 
    -7.69230769230769, -7.69230769230769, -7.69230769230769, 
    -7.69230769230769, -7.69230769230769, -11.5384615384615, 
    -11.5384615384615, -11.5384615384615, -11.5384615384615, 
    -11.5384615384615, -11.5384615384615, -15.3846153846154, 
    -15.3846153846154, -15.3846153846154, -15.3846153846154, 
    -15.3846153846154, -15.3846153846154, -19.2307692307692, 
    -19.2307692307692, -19.2307692307692, -19.2307692307692, 
    -19.2307692307692, -19.2307692307692, -23.0769230769231, 
    -23.0769230769231, -23.0769230769231, -23.0769230769231, 
    -23.0769230769231, -23.0769230769231, -26.9230769230769, 
    -26.9230769230769, -26.9230769230769, -26.9230769230769, 
    -26.9230769230769, -26.9230769230769, -30.7692307692308, 
    -30.7692307692308, -30.7692307692308, -30.7692307692308, 
    -30.7692307692308, -30.7692307692308, -34.6153846153846, 
    -34.6153846153846, -34.6153846153846, -34.6153846153846, 
    -34.6153846153846, -34.6153846153846, -38.4615384615385, 
    -38.4615384615385, -38.4615384615385, -38.4615384615385, 
    -38.4615384615385, -38.4615384615385, -42.3076923076923, 
    -42.3076923076923, -42.3076923076923, -42.3076923076923, 
    -42.3076923076923, -42.3076923076923, -46.1538461538461, 
    -46.1538461538461, -46.1538461538461, -46.1538461538461, 
    -46.1538461538461, -46.1538461538461, -50, -50, -50, -50, -50, -50, 0, 0, 
    -3.84615384615385, -3.84615384615385, 0, -3.84615384615385, 0, 
    -3.84615384615385, 0, -3.84615384615385, 0, -3.84615384615385, 
    -7.69230769230769, -7.69230769230769, -7.69230769230769, 
    -7.69230769230769, -7.69230769230769, -7.69230769230769, 
    -11.5384615384615, -11.5384615384615, -11.5384615384615, 
    -11.5384615384615, -11.5384615384615, -11.5384615384615, 
    -15.3846153846154, -15.3846153846154, -15.3846153846154, 
    -15.3846153846154, -15.3846153846154, -15.3846153846154, 
    -19.2307692307692, -19.2307692307692, -19.2307692307692, 
    -19.2307692307692, -19.2307692307692, -19.2307692307692, 
    -23.0769230769231, -23.0769230769231, -23.0769230769231, 
    -23.0769230769231, -23.0769230769231, -23.0769230769231, 
    -26.9230769230769, -26.9230769230769, -26.9230769230769, 
    -26.9230769230769, -26.9230769230769, -26.9230769230769, 
    -30.7692307692308, -30.7692307692308, -30.7692307692308, 
    -30.7692307692308, -30.7692307692308, -30.7692307692308, 
    -34.6153846153846, -34.6153846153846, -34.6153846153846, 
    -34.6153846153846, -34.6153846153846, -34.6153846153846, 
    -38.4615384615385, -38.4615384615385, -38.4615384615385, 
    -38.4615384615385, -38.4615384615385, -38.4615384615385, 
    -42.3076923076923, -42.3076923076923, -42.3076923076923, 
    -42.3076923076923, -42.3076923076923, -42.3076923076923, 
    -46.1538461538461, -46.1538461538461, -46.1538461538462, 
    -46.1538461538462, -46.1538461538461, -46.1538461538461, -50, -50, -50, 
    -50, -50, -50, 0, 0, -3.84615384615385, -3.84615384615384, 0, 
    -3.84615384615385, 0, -3.84615384615385, 0, -3.84615384615384, 0, 
    -3.84615384615384, -7.69230769230769, -7.69230769230769, 
    -7.69230769230769, -7.69230769230769, -7.69230769230769, 
    -7.69230769230769, -11.5384615384615, -11.5384615384615, 
    -11.5384615384615, -11.5384615384615, -11.5384615384615, 
    -11.5384615384615, -15.3846153846154, -15.3846153846154, 
    -15.3846153846154, -15.3846153846154, -15.3846153846154, 
    -15.3846153846154, -19.2307692307692, -19.2307692307692, 
    -19.2307692307692, -19.2307692307692, -19.2307692307692, 
    -19.2307692307692, -23.0769230769231, -23.0769230769231, 
    -23.0769230769231, -23.0769230769231, -23.0769230769231, 
    -23.0769230769231, -26.9230769230769, -26.9230769230769, 
    -26.9230769230769, -26.9230769230769, -26.9230769230769, 
    -26.9230769230769, -30.7692307692308, -30.7692307692308, 
    -30.7692307692308, -30.7692307692308, -30.7692307692308, 
    -30.7692307692308, -34.6153846153846, -34.6153846153846, 
    -34.6153846153846, -34.6153846153846, -34.6153846153846, 
    -34.6153846153846, -38.4615384615385, -38.4615384615385, 
    -38.4615384615385, -38.4615384615385, -38.4615384615385, 
    -38.4615384615385, -42.3076923076923, -42.3076923076923, 
    -42.3076923076923, -42.3076923076923, -42.3076923076923, 
    -42.3076923076923, -46.1538461538461, -46.1538461538462, 
    -46.1538461538461, -46.1538461538461, -46.1538461538462, 
    -46.1538461538462, -50, -50, -50, -50, -50, -50, 0, 0, -3.84615384615385, 
    -3.84615384615385, 0, -3.84615384615385, 0, -3.84615384615385, 0, 
    -3.84615384615385, 0, -3.84615384615385, -7.69230769230769, 
    -7.6923076923077, -7.69230769230769, -7.69230769230769, -7.6923076923077, 
    -7.6923076923077, -11.5384615384615, -11.5384615384615, 
    -11.5384615384615, -11.5384615384615, -11.5384615384615, 
    -11.5384615384615, -15.3846153846154, -15.3846153846154, 
    -15.3846153846154, -15.3846153846154, -15.3846153846154, 
    -15.3846153846154, -19.2307692307692, -19.2307692307692, 
    -19.2307692307692, -19.2307692307692, -19.2307692307692, 
    -19.2307692307692, -23.0769230769231, -23.0769230769231, 
    -23.0769230769231, -23.0769230769231, -23.0769230769231, 
    -23.0769230769231, -26.9230769230769, -26.9230769230769, 
    -26.9230769230769, -26.9230769230769, -26.9230769230769, 
    -26.9230769230769, -30.7692307692308, -30.7692307692308, 
    -30.7692307692308, -30.7692307692308, -30.7692307692308, 
    -30.7692307692308, -34.6153846153846, -34.6153846153846, 
    -34.6153846153846, -34.6153846153846, -34.6153846153846, 
    -34.6153846153846, -38.4615384615385, -38.4615384615385, 
    -38.4615384615385, -38.4615384615385, -38.4615384615385, 
    -38.4615384615385, -42.3076923076923, -42.3076923076923, 
    -42.3076923076923, -42.3076923076923, -42.3076923076923, 
    -42.3076923076923, -46.1538461538462, -46.1538461538462, 
    -46.1538461538462, -46.1538461538461, -46.1538461538462, 
    -46.1538461538462, -50, -50, -50, -50, -50, -50, 0, 0, -3.84615384615385, 
    -3.84615384615385, 0, -3.84615384615385, 0, -3.84615384615385, 0, 
    -3.84615384615385, 0, -3.84615384615385, -7.6923076923077, 
    -7.69230769230769, -7.69230769230769, -7.69230769230769, 
    -7.69230769230769, -7.69230769230769, -11.5384615384615, 
    -11.5384615384615, -11.5384615384615, -11.5384615384615, 
    -11.5384615384615, -11.5384615384615, -15.3846153846154, 
    -15.3846153846154, -15.3846153846154, -15.3846153846154, 
    -15.3846153846154, -15.3846153846154, -19.2307692307692, 
    -19.2307692307692, -19.2307692307692, -19.2307692307692, 
    -19.2307692307692, -19.2307692307692, -23.0769230769231, 
    -23.0769230769231, -23.0769230769231, -23.0769230769231, 
    -23.0769230769231, -23.0769230769231, -26.9230769230769, 
    -26.9230769230769, -26.9230769230769, -26.9230769230769, 
    -26.9230769230769, -26.9230769230769, -30.7692307692308, 
    -30.7692307692308, -30.7692307692308, -30.7692307692308, 
    -30.7692307692308, -30.7692307692308, -34.6153846153846, 
    -34.6153846153846, -34.6153846153846, -34.6153846153846, 
    -34.6153846153846, -34.6153846153846, -38.4615384615385, 
    -38.4615384615385, -38.4615384615385, -38.4615384615385, 
    -38.4615384615385, -38.4615384615385, -42.3076923076923, 
    -42.3076923076923, -42.3076923076923, -42.3076923076923, 
    -42.3076923076923, -42.3076923076923, -46.1538461538462, 
    -46.1538461538462, -46.1538461538462, -46.1538461538461, 
    -46.1538461538462, -46.1538461538462, -50, -50, -50, -50, -50, -50, 0, 0, 
    -3.84615384615385, -3.84615384615385, 0, -3.84615384615385, 0, 
    -3.84615384615385, 0, -3.84615384615385, 0, -3.84615384615385, 
    -7.6923076923077, -7.69230769230769, -7.69230769230769, 
    -7.69230769230769, -7.69230769230769, -7.69230769230769, 
    -11.5384615384615, -11.5384615384615, -11.5384615384615, 
    -11.5384615384615, -11.5384615384615, -11.5384615384615, 
    -15.3846153846154, -15.3846153846154, -15.3846153846154, 
    -15.3846153846154, -15.3846153846154, -15.3846153846154, 
    -19.2307692307692, -19.2307692307692, -19.2307692307692, 
    -19.2307692307692, -19.2307692307692, -19.2307692307692, 
    -23.0769230769231, -23.0769230769231, -23.0769230769231, 
    -23.0769230769231, -23.0769230769231, -23.0769230769231, 
    -26.9230769230769, -26.9230769230769, -26.9230769230769, 
    -26.9230769230769, -26.9230769230769, -26.9230769230769, 
    -30.7692307692308, -30.7692307692308, -30.7692307692308, 
    -30.7692307692308, -30.7692307692308, -30.7692307692308, 
    -34.6153846153846, -34.6153846153846, -34.6153846153846, 
    -34.6153846153846, -34.6153846153846, -34.6153846153846, 
    -38.4615384615385, -38.4615384615385, -38.4615384615385, 
    -38.4615384615385, -38.4615384615385, -38.4615384615385, 
    -42.3076923076923, -42.3076923076923, -42.3076923076923, 
    -42.3076923076923, -42.3076923076923, -42.3076923076923, 
    -46.1538461538462, -46.1538461538462, -46.1538461538462, 
    -46.1538461538461, -46.1538461538462, -46.1538461538462, -50, -50, -50, 
    -50, -50, -50, 0, -3.84615384615385, 0, -3.84615384615385, 0, 
    -3.84615384615385, 0, -3.84615384615385, 0, -3.84615384615385, 0, 
    -3.84615384615385, -7.69230769230769, -7.69230769230769, 
    -7.6923076923077, -7.6923076923077, -7.69230769230769, -7.6923076923077, 
    -11.5384615384615, -11.5384615384615, -11.5384615384615, 
    -11.5384615384615, -11.5384615384615, -11.5384615384615, 
    -15.3846153846154, -15.3846153846154, -15.3846153846154, 
    -15.3846153846154, -15.3846153846154, -15.3846153846154, 
    -19.2307692307692, -19.2307692307692, -19.2307692307692, 
    -19.2307692307692, -19.2307692307692, -19.2307692307692, 
    -23.0769230769231, -23.0769230769231, -23.0769230769231, 
    -23.0769230769231, -23.0769230769231, -23.0769230769231, 
    -26.9230769230769, -26.9230769230769, -26.9230769230769, 
    -26.9230769230769, -26.9230769230769, -26.9230769230769, 
    -30.7692307692308, -30.7692307692308, -30.7692307692308, 
    -30.7692307692308, -30.7692307692308, -30.7692307692308, 
    -34.6153846153846, -34.6153846153846, -34.6153846153846, 
    -34.6153846153846, -34.6153846153846, -34.6153846153846, 
    -38.4615384615385, -38.4615384615385, -38.4615384615385, 
    -38.4615384615385, -38.4615384615385, -38.4615384615385, 
    -42.3076923076923, -42.3076923076923, -42.3076923076923, 
    -42.3076923076923, -42.3076923076923, -42.3076923076923, 
    -46.1538461538461, -46.1538461538461, -46.1538461538462, 
    -46.1538461538461, -46.1538461538462, -46.1538461538462, -50, -50, -50, 
    -50, -50, -50, 0, -3.84615384615385, 0, -3.84615384615385, 0, 
    -3.84615384615385, -7.6923076923077, -7.6923076923077, -7.69230769230769, 
    -11.5384615384615, -11.5384615384615, -11.5384615384615, 
    -15.3846153846154, -15.3846153846154, -15.3846153846154, 
    -19.2307692307692, -19.2307692307692, -19.2307692307692, 
    -23.0769230769231, -23.0769230769231, -23.0769230769231, 
    -26.9230769230769, -26.9230769230769, -26.9230769230769, 
    -30.7692307692308, -30.7692307692308, -30.7692307692308, 
    -34.6153846153846, -34.6153846153846, -34.6153846153846, 
    -38.4615384615385, -38.4615384615385, -38.4615384615385, 
    -42.3076923076923, -42.3076923076923, -42.3076923076923, 
    -46.1538461538462, -46.1538461538462, -46.1538461538462, -50, -50, -50, 
    0, -3.84615384615385, 0, -3.84615384615385, 0, -3.84615384615385, 
    -7.69230769230769, -7.69230769230769, -7.69230769230769, 
    -11.5384615384615, -11.5384615384615, -11.5384615384615, 
    -15.3846153846154, -15.3846153846154, -15.3846153846154, 
    -19.2307692307692, -19.2307692307692, -19.2307692307692, 
    -23.0769230769231, -23.0769230769231, -23.0769230769231, 
    -26.9230769230769, -26.9230769230769, -26.9230769230769, 
    -30.7692307692308, -30.7692307692308, -30.7692307692308, 
    -34.6153846153846, -34.6153846153846, -34.6153846153846, 
    -38.4615384615385, -38.4615384615385, -38.4615384615385, 
    -42.3076923076923, -42.3076923076923, -42.3076923076923, 
    -46.1538461538462, -46.1538461538461, -46.1538461538461, -50, -50, -50, 
    0, -3.84615384615385, 0, -3.84615384615385, 0, -3.84615384615385, 
    -7.69230769230769, -7.69230769230769, -7.69230769230769, 
    -11.5384615384615, -11.5384615384615, -11.5384615384615, 
    -15.3846153846154, -15.3846153846154, -15.3846153846154, 
    -19.2307692307692, -19.2307692307692, -19.2307692307692, 
    -23.0769230769231, -23.0769230769231, -23.0769230769231, 
    -26.9230769230769, -26.9230769230769, -26.9230769230769, 
    -30.7692307692308, -30.7692307692308, -30.7692307692308, 
    -34.6153846153846, -34.6153846153846, -34.6153846153846, 
    -38.4615384615385, -38.4615384615385, -38.4615384615385, 
    -42.3076923076923, -42.3076923076923, -42.3076923076923, 
    -46.1538461538461, -46.1538461538461, -46.1538461538461, -50, -50, -50, 
    0, -3.84615384615385, 0, -3.84615384615385, 0, -3.84615384615385, 
    -7.69230769230769, -7.6923076923077, -7.69230769230769, 
    -11.5384615384615, -11.5384615384615, -11.5384615384615, 
    -15.3846153846154, -15.3846153846154, -15.3846153846154, 
    -19.2307692307692, -19.2307692307692, -19.2307692307692, 
    -23.0769230769231, -23.0769230769231, -23.0769230769231, 
    -26.9230769230769, -26.9230769230769, -26.9230769230769, 
    -30.7692307692308, -30.7692307692308, -30.7692307692308, 
    -34.6153846153846, -34.6153846153846, -34.6153846153846, 
    -38.4615384615385, -38.4615384615385, -38.4615384615385, 
    -42.3076923076923, -42.3076923076923, -42.3076923076923, 
    -46.1538461538461, -46.1538461538461, -46.1538461538461, -50, -50, -50, 
    0, -3.84615384615385, 0, -3.84615384615385, 0, -3.84615384615385, 
    -7.69230769230769, -7.69230769230769, -7.69230769230769, 
    -11.5384615384615, -11.5384615384615, -11.5384615384615, 
    -15.3846153846154, -15.3846153846154, -15.3846153846154, 
    -19.2307692307692, -19.2307692307692, -19.2307692307692, 
    -23.0769230769231, -23.0769230769231, -23.0769230769231, 
    -26.9230769230769, -26.9230769230769, -26.9230769230769, 
    -30.7692307692308, -30.7692307692308, -30.7692307692308, 
    -34.6153846153846, -34.6153846153846, -34.6153846153846, 
    -38.4615384615385, -38.4615384615385, -38.4615384615385, 
    -42.3076923076923, -42.3076923076923, -42.3076923076923, 
    -46.1538461538462, -46.1538461538462, -46.1538461538461, -50, -50, -50, 
    0, -3.84615384615385, 0, -3.84615384615385, 0, -3.84615384615385, 
    -7.69230769230769, -7.69230769230769, -7.69230769230769, 
    -11.5384615384615, -11.5384615384615, -11.5384615384615, 
    -15.3846153846154, -15.3846153846154, -15.3846153846154, 
    -19.2307692307692, -19.2307692307692, -19.2307692307692, 
    -23.0769230769231, -23.0769230769231, -23.0769230769231, 
    -26.9230769230769, -26.9230769230769, -26.9230769230769, 
    -30.7692307692308, -30.7692307692308, -30.7692307692308, 
    -34.6153846153846, -34.6153846153846, -34.6153846153846, 
    -38.4615384615385, -38.4615384615385, -38.4615384615385, 
    -42.3076923076923, -42.3076923076923, -42.3076923076923, 
    -46.1538461538461, -46.1538461538461, -46.1538461538462, -50, -50, -50, 
    0, -3.84615384615385, 0, -3.84615384615385, 0, -3.84615384615385, 
    -7.6923076923077, -7.6923076923077, -7.6923076923077, -11.5384615384615, 
    -11.5384615384615, -11.5384615384615, -15.3846153846154, 
    -15.3846153846154, -15.3846153846154, -19.2307692307692, 
    -19.2307692307692, -19.2307692307692, -23.0769230769231, 
    -23.0769230769231, -23.0769230769231, -26.9230769230769, 
    -26.9230769230769, -26.9230769230769, -30.7692307692308, 
    -30.7692307692308, -30.7692307692308, -34.6153846153846, 
    -34.6153846153846, -34.6153846153846, -38.4615384615385, 
    -38.4615384615385, -38.4615384615385, -42.3076923076923, 
    -42.3076923076923, -42.3076923076923, -46.1538461538461, 
    -46.1538461538461, -46.1538461538462, -50, -50, -50, 0, 
    -3.84615384615385, 0, -3.84615384615385, 0, -3.84615384615385, 
    -7.69230769230769, -7.69230769230769, -7.69230769230769, 
    -11.5384615384615, -11.5384615384615, -11.5384615384615, 
    -15.3846153846154, -15.3846153846154, -15.3846153846154, 
    -19.2307692307692, -19.2307692307692, -19.2307692307692, 
    -23.0769230769231, -23.0769230769231, -23.0769230769231, 
    -26.9230769230769, -26.9230769230769, -26.9230769230769, 
    -30.7692307692308, -30.7692307692308, -30.7692307692308, 
    -34.6153846153846, -34.6153846153846, -34.6153846153846, 
    -38.4615384615385, -38.4615384615385, -38.4615384615385, 
    -42.3076923076923, -42.3076923076923, -42.3076923076923, 
    -46.1538461538461, -46.1538461538461, -46.1538461538462, -50, -50, -50, 
    0, -3.84615384615385, 0, -3.84615384615385, 0, -3.84615384615385, 
    -7.69230769230769, -7.69230769230769, -7.69230769230769, 
    -11.5384615384615, -11.5384615384615, -11.5384615384615, 
    -15.3846153846154, -15.3846153846154, -15.3846153846154, 
    -19.2307692307692, -19.2307692307692, -19.2307692307692, 
    -23.0769230769231, -23.0769230769231, -23.0769230769231, 
    -26.9230769230769, -26.9230769230769, -26.9230769230769, 
    -30.7692307692308, -30.7692307692308, -30.7692307692308, 
    -34.6153846153846, -34.6153846153846, -34.6153846153846, 
    -38.4615384615385, -38.4615384615385, -38.4615384615385, 
    -42.3076923076923, -42.3076923076923, -42.3076923076923, 
    -46.1538461538461, -46.1538461538461, -46.1538461538462, -50, -50, -50, 
    50, 50, 46.1538461538462, 46.1538461538462, 50, 50, 46.1538461538461, 
    46.1538461538462, 50, 46.1538461538461, 50, 46.1538461538461, 50, 
    46.1538461538461, 50, 46.1538461538461, 50, 46.1538461538462, 50, 
    46.1538461538462, 50, 46.1538461538462, 50, 46.1538461538462, 
    42.3076923076923, 42.3076923076923, 42.3076923076923, 42.3076923076923, 
    42.3076923076923, 42.3076923076923, 42.3076923076923, 42.3076923076923, 
    42.3076923076923, 42.3076923076923, 42.3076923076923, 42.3076923076923, 
    38.4615384615385, 38.4615384615385, 38.4615384615385, 38.4615384615385, 
    38.4615384615385, 38.4615384615385, 38.4615384615385, 38.4615384615385, 
    38.4615384615385, 38.4615384615385, 38.4615384615385, 38.4615384615385, 
    34.6153846153846, 34.6153846153846, 34.6153846153846, 34.6153846153846, 
    34.6153846153846, 34.6153846153846, 34.6153846153846, 34.6153846153846, 
    34.6153846153846, 34.6153846153846, 34.6153846153846, 34.6153846153846, 
    30.7692307692308, 30.7692307692308, 30.7692307692308, 30.7692307692308, 
    30.7692307692308, 30.7692307692308, 30.7692307692308, 30.7692307692308, 
    30.7692307692308, 30.7692307692308, 30.7692307692308, 30.7692307692308, 
    26.9230769230769, 26.9230769230769, 26.9230769230769, 26.9230769230769, 
    26.9230769230769, 26.9230769230769, 26.9230769230769, 26.9230769230769, 
    26.9230769230769, 26.9230769230769, 26.9230769230769, 26.9230769230769, 
    23.0769230769231, 23.0769230769231, 23.0769230769231, 23.0769230769231, 
    23.0769230769231, 23.0769230769231, 23.0769230769231, 23.0769230769231, 
    23.0769230769231, 23.0769230769231, 23.0769230769231, 23.0769230769231, 
    19.2307692307692, 19.2307692307692, 19.2307692307692, 19.2307692307692, 
    19.2307692307692, 19.2307692307692, 19.2307692307692, 19.2307692307692, 
    19.2307692307692, 19.2307692307692, 19.2307692307692, 19.2307692307692, 
    15.3846153846154, 15.3846153846154, 15.3846153846154, 15.3846153846154, 
    15.3846153846154, 15.3846153846154, 15.3846153846154, 15.3846153846154, 
    15.3846153846154, 15.3846153846154, 15.3846153846154, 15.3846153846154, 
    11.5384615384615, 11.5384615384615, 11.5384615384615, 11.5384615384615, 
    11.5384615384615, 11.5384615384615, 11.5384615384615, 11.5384615384615, 
    11.5384615384615, 11.5384615384615, 11.5384615384615, 11.5384615384615, 
    7.69230769230769, 7.69230769230769, 7.69230769230769, 7.69230769230769, 
    7.69230769230769, 7.69230769230769, 7.69230769230769, 7.69230769230769, 
    7.69230769230769, 7.69230769230769, 7.69230769230769, 7.69230769230769, 
    3.84615384615385, 3.84615384615385, 3.84615384615385, 3.84615384615385, 
    3.84615384615385, 3.84615384615385, 3.84615384615384, 3.84615384615385, 
    3.84615384615385, 3.84615384615385, 3.84615384615385, 3.84615384615385, 
    50, 50, 46.1538461538462, 46.1538461538462, 50, 46.1538461538461, 50, 
    46.1538461538462, 50, 46.1538461538461, 50, 46.1538461538462, 
    42.3076923076923, 42.3076923076923, 42.3076923076923, 42.3076923076923, 
    42.3076923076923, 42.3076923076923, 38.4615384615385, 38.4615384615385, 
    38.4615384615385, 38.4615384615385, 38.4615384615385, 38.4615384615385, 
    34.6153846153846, 34.6153846153846, 34.6153846153846, 34.6153846153846, 
    34.6153846153846, 34.6153846153846, 30.7692307692308, 30.7692307692308, 
    30.7692307692308, 30.7692307692308, 30.7692307692308, 30.7692307692308, 
    26.9230769230769, 26.9230769230769, 26.9230769230769, 26.9230769230769, 
    26.9230769230769, 26.9230769230769, 23.0769230769231, 23.0769230769231, 
    23.0769230769231, 23.0769230769231, 23.0769230769231, 23.0769230769231, 
    19.2307692307692, 19.2307692307692, 19.2307692307692, 19.2307692307692, 
    19.2307692307692, 19.2307692307692, 15.3846153846154, 15.3846153846154, 
    15.3846153846154, 15.3846153846154, 15.3846153846154, 15.3846153846154, 
    11.5384615384615, 11.5384615384615, 11.5384615384615, 11.5384615384615, 
    11.5384615384615, 11.5384615384615, 7.69230769230769, 7.69230769230769, 
    7.69230769230769, 7.69230769230769, 7.69230769230769, 7.69230769230769, 
    3.84615384615385, 3.84615384615385, 3.84615384615385, 3.84615384615385, 
    3.84615384615385, 3.84615384615385, 50, 50, 46.1538461538461, 
    46.1538461538461, 50, 46.1538461538461, 50, 46.1538461538461, 50, 
    46.1538461538461, 50, 46.1538461538461, 42.3076923076923, 
    42.3076923076923, 42.3076923076923, 42.3076923076923, 42.3076923076923, 
    42.3076923076923, 38.4615384615385, 38.4615384615385, 38.4615384615385, 
    38.4615384615385, 38.4615384615385, 38.4615384615385, 34.6153846153846, 
    34.6153846153846, 34.6153846153846, 34.6153846153846, 34.6153846153846, 
    34.6153846153846, 30.7692307692308, 30.7692307692308, 30.7692307692308, 
    30.7692307692308, 30.7692307692308, 30.7692307692308, 26.9230769230769, 
    26.9230769230769, 26.9230769230769, 26.9230769230769, 26.9230769230769, 
    26.9230769230769, 23.0769230769231, 23.0769230769231, 23.0769230769231, 
    23.0769230769231, 23.0769230769231, 23.0769230769231, 19.2307692307692, 
    19.2307692307692, 19.2307692307692, 19.2307692307692, 19.2307692307692, 
    19.2307692307692, 15.3846153846154, 15.3846153846154, 15.3846153846154, 
    15.3846153846154, 15.3846153846154, 15.3846153846154, 11.5384615384615, 
    11.5384615384615, 11.5384615384615, 11.5384615384615, 11.5384615384615, 
    11.5384615384615, 7.69230769230769, 7.69230769230769, 7.69230769230769, 
    7.69230769230769, 7.69230769230769, 7.69230769230769, 3.84615384615385, 
    3.84615384615385, 3.84615384615385, 3.84615384615385, 3.84615384615385, 
    3.84615384615385, 50, 50, 46.1538461538462, 46.1538461538461, 50, 
    46.1538461538462, 50, 46.1538461538461, 50, 46.1538461538461, 50, 
    46.1538461538461, 42.3076923076923, 42.3076923076923, 42.3076923076923, 
    42.3076923076923, 42.3076923076923, 42.3076923076923, 38.4615384615385, 
    38.4615384615385, 38.4615384615385, 38.4615384615385, 38.4615384615385, 
    38.4615384615385, 34.6153846153846, 34.6153846153846, 34.6153846153846, 
    34.6153846153846, 34.6153846153846, 34.6153846153846, 30.7692307692308, 
    30.7692307692308, 30.7692307692308, 30.7692307692308, 30.7692307692308, 
    30.7692307692308, 26.9230769230769, 26.9230769230769, 26.9230769230769, 
    26.9230769230769, 26.9230769230769, 26.9230769230769, 23.0769230769231, 
    23.0769230769231, 23.0769230769231, 23.0769230769231, 23.0769230769231, 
    23.0769230769231, 19.2307692307692, 19.2307692307692, 19.2307692307692, 
    19.2307692307692, 19.2307692307692, 19.2307692307692, 15.3846153846154, 
    15.3846153846154, 15.3846153846154, 15.3846153846154, 15.3846153846154, 
    15.3846153846154, 11.5384615384615, 11.5384615384615, 11.5384615384615, 
    11.5384615384615, 11.5384615384615, 11.5384615384615, 7.69230769230769, 
    7.69230769230769, 7.69230769230769, 7.69230769230769, 7.69230769230769, 
    7.69230769230769, 3.84615384615385, 3.84615384615385, 3.84615384615385, 
    3.84615384615385, 3.84615384615385, 3.84615384615385, 50, 50, 
    46.1538461538462, 46.1538461538461, 50, 46.1538461538461, 50, 
    46.1538461538461, 50, 46.1538461538461, 50, 46.1538461538461, 
    42.3076923076923, 42.3076923076923, 42.3076923076923, 42.3076923076923, 
    42.3076923076923, 42.3076923076923, 38.4615384615385, 38.4615384615385, 
    38.4615384615385, 38.4615384615385, 38.4615384615385, 38.4615384615385, 
    34.6153846153846, 34.6153846153846, 34.6153846153846, 34.6153846153846, 
    34.6153846153846, 34.6153846153846, 30.7692307692308, 30.7692307692308, 
    30.7692307692308, 30.7692307692308, 30.7692307692308, 30.7692307692308, 
    26.9230769230769, 26.9230769230769, 26.9230769230769, 26.9230769230769, 
    26.9230769230769, 26.9230769230769, 23.0769230769231, 23.0769230769231, 
    23.0769230769231, 23.0769230769231, 23.0769230769231, 23.0769230769231, 
    19.2307692307692, 19.2307692307692, 19.2307692307692, 19.2307692307692, 
    19.2307692307692, 19.2307692307692, 15.3846153846154, 15.3846153846154, 
    15.3846153846154, 15.3846153846154, 15.3846153846154, 15.3846153846154, 
    11.5384615384615, 11.5384615384615, 11.5384615384615, 11.5384615384615, 
    11.5384615384615, 11.5384615384615, 7.69230769230769, 7.69230769230769, 
    7.69230769230769, 7.69230769230769, 7.69230769230769, 7.69230769230769, 
    3.84615384615385, 3.84615384615385, 3.84615384615385, 3.84615384615385, 
    3.84615384615385, 3.84615384615385, 50, 50, 46.1538461538462, 
    46.1538461538461, 50, 46.1538461538462, 50, 46.1538461538462, 50, 
    46.1538461538461, 50, 46.1538461538461, 42.3076923076923, 
    42.3076923076923, 42.3076923076923, 42.3076923076923, 42.3076923076923, 
    42.3076923076923, 38.4615384615385, 38.4615384615385, 38.4615384615385, 
    38.4615384615385, 38.4615384615385, 38.4615384615385, 34.6153846153846, 
    34.6153846153846, 34.6153846153846, 34.6153846153846, 34.6153846153846, 
    34.6153846153846, 30.7692307692308, 30.7692307692308, 30.7692307692308, 
    30.7692307692308, 30.7692307692308, 30.7692307692308, 26.9230769230769, 
    26.9230769230769, 26.9230769230769, 26.9230769230769, 26.9230769230769, 
    26.9230769230769, 23.0769230769231, 23.0769230769231, 23.0769230769231, 
    23.0769230769231, 23.0769230769231, 23.0769230769231, 19.2307692307692, 
    19.2307692307692, 19.2307692307692, 19.2307692307692, 19.2307692307692, 
    19.2307692307692, 15.3846153846154, 15.3846153846154, 15.3846153846154, 
    15.3846153846154, 15.3846153846154, 15.3846153846154, 11.5384615384615, 
    11.5384615384615, 11.5384615384615, 11.5384615384615, 11.5384615384615, 
    11.5384615384615, 7.69230769230769, 7.69230769230769, 7.69230769230769, 
    7.69230769230769, 7.69230769230769, 7.69230769230769, 3.84615384615385, 
    3.84615384615385, 3.84615384615385, 3.84615384615385, 3.84615384615385, 
    3.84615384615385, 50, 50, 46.1538461538461, 46.1538461538462, 50, 
    46.1538461538461, 50, 46.1538461538461, 50, 46.1538461538461, 50, 
    46.1538461538462, 42.3076923076923, 42.3076923076923, 42.3076923076923, 
    42.3076923076923, 42.3076923076923, 42.3076923076923, 38.4615384615385, 
    38.4615384615385, 38.4615384615385, 38.4615384615385, 38.4615384615385, 
    38.4615384615385, 34.6153846153846, 34.6153846153846, 34.6153846153846, 
    34.6153846153846, 34.6153846153846, 34.6153846153846, 30.7692307692308, 
    30.7692307692308, 30.7692307692308, 30.7692307692308, 30.7692307692308, 
    30.7692307692308, 26.9230769230769, 26.9230769230769, 26.9230769230769, 
    26.9230769230769, 26.9230769230769, 26.9230769230769, 23.0769230769231, 
    23.0769230769231, 23.0769230769231, 23.0769230769231, 23.0769230769231, 
    23.0769230769231, 19.2307692307692, 19.2307692307692, 19.2307692307692, 
    19.2307692307692, 19.2307692307692, 19.2307692307692, 15.3846153846154, 
    15.3846153846154, 15.3846153846154, 15.3846153846154, 15.3846153846154, 
    15.3846153846154, 11.5384615384615, 11.5384615384615, 11.5384615384615, 
    11.5384615384615, 11.5384615384615, 11.5384615384615, 7.69230769230769, 
    7.69230769230769, 7.69230769230769, 7.69230769230769, 7.69230769230769, 
    7.69230769230769, 3.84615384615385, 3.84615384615385, 3.84615384615385, 
    3.84615384615385, 3.84615384615385, 3.84615384615385, 50, 50, 
    46.1538461538461, 46.1538461538462, 50, 46.1538461538461, 50, 
    46.1538461538461, 50, 46.1538461538462, 50, 46.1538461538462, 
    42.3076923076923, 42.3076923076923, 42.3076923076923, 42.3076923076923, 
    42.3076923076923, 42.3076923076923, 38.4615384615385, 38.4615384615385, 
    38.4615384615385, 38.4615384615385, 38.4615384615385, 38.4615384615385, 
    34.6153846153846, 34.6153846153846, 34.6153846153846, 34.6153846153846, 
    34.6153846153846, 34.6153846153846, 30.7692307692308, 30.7692307692308, 
    30.7692307692308, 30.7692307692308, 30.7692307692308, 30.7692307692308, 
    26.9230769230769, 26.9230769230769, 26.9230769230769, 26.9230769230769, 
    26.9230769230769, 26.9230769230769, 23.0769230769231, 23.0769230769231, 
    23.0769230769231, 23.0769230769231, 23.0769230769231, 23.0769230769231, 
    19.2307692307692, 19.2307692307692, 19.2307692307692, 19.2307692307692, 
    19.2307692307692, 19.2307692307692, 15.3846153846154, 15.3846153846154, 
    15.3846153846154, 15.3846153846154, 15.3846153846154, 15.3846153846154, 
    11.5384615384615, 11.5384615384615, 11.5384615384615, 11.5384615384615, 
    11.5384615384615, 11.5384615384615, 7.69230769230769, 7.6923076923077, 
    7.69230769230769, 7.69230769230769, 7.69230769230769, 7.6923076923077, 
    3.84615384615385, 3.84615384615385, 3.84615384615385, 3.84615384615385, 
    3.84615384615385, 3.84615384615385, 50, 50, 46.1538461538461, 
    46.1538461538462, 50, 46.1538461538461, 50, 46.1538461538461, 50, 
    46.1538461538461, 50, 46.1538461538462, 42.3076923076923, 
    42.3076923076923, 42.3076923076923, 42.3076923076923, 42.3076923076923, 
    42.3076923076923, 38.4615384615385, 38.4615384615385, 38.4615384615385, 
    38.4615384615385, 38.4615384615385, 38.4615384615385, 34.6153846153846, 
    34.6153846153846, 34.6153846153846, 34.6153846153846, 34.6153846153846, 
    34.6153846153846, 30.7692307692308, 30.7692307692308, 30.7692307692308, 
    30.7692307692308, 30.7692307692308, 30.7692307692308, 26.9230769230769, 
    26.9230769230769, 26.9230769230769, 26.9230769230769, 26.9230769230769, 
    26.9230769230769, 23.0769230769231, 23.0769230769231, 23.0769230769231, 
    23.0769230769231, 23.0769230769231, 23.0769230769231, 19.2307692307692, 
    19.2307692307692, 19.2307692307692, 19.2307692307692, 19.2307692307692, 
    19.2307692307692, 15.3846153846154, 15.3846153846154, 15.3846153846154, 
    15.3846153846154, 15.3846153846154, 15.3846153846154, 11.5384615384615, 
    11.5384615384615, 11.5384615384615, 11.5384615384615, 11.5384615384615, 
    11.5384615384615, 7.69230769230769, 7.69230769230769, 7.69230769230769, 
    7.69230769230769, 7.69230769230769, 7.69230769230769, 3.84615384615385, 
    3.84615384615385, 3.84615384615385, 3.84615384615385, 3.84615384615385, 
    3.84615384615385, 50, 50, 46.1538461538461, 46.1538461538462, 50, 
    46.1538461538461, 50, 46.1538461538461, 50, 46.1538461538462, 50, 
    46.1538461538462, 42.3076923076923, 42.3076923076923, 42.3076923076923, 
    42.3076923076923, 42.3076923076923, 42.3076923076923, 38.4615384615385, 
    38.4615384615385, 38.4615384615385, 38.4615384615385, 38.4615384615385, 
    38.4615384615385, 34.6153846153846, 34.6153846153846, 34.6153846153846, 
    34.6153846153846, 34.6153846153846, 34.6153846153846, 30.7692307692308, 
    30.7692307692308, 30.7692307692308, 30.7692307692308, 30.7692307692308, 
    30.7692307692308, 26.9230769230769, 26.9230769230769, 26.9230769230769, 
    26.9230769230769, 26.9230769230769, 26.9230769230769, 23.0769230769231, 
    23.0769230769231, 23.0769230769231, 23.0769230769231, 23.0769230769231, 
    23.0769230769231, 19.2307692307692, 19.2307692307692, 19.2307692307692, 
    19.2307692307692, 19.2307692307692, 19.2307692307692, 15.3846153846154, 
    15.3846153846154, 15.3846153846154, 15.3846153846154, 15.3846153846154, 
    15.3846153846154, 11.5384615384615, 11.5384615384615, 11.5384615384615, 
    11.5384615384615, 11.5384615384615, 11.5384615384615, 7.69230769230769, 
    7.69230769230769, 7.69230769230769, 7.69230769230769, 7.69230769230769, 
    7.69230769230769, 3.84615384615385, 3.84615384615385, 3.84615384615385, 
    3.84615384615385, 3.84615384615385, 3.84615384615385, 50, 
    46.1538461538462, 50, 46.1538461538461, 50, 46.1538461538462, 50, 
    46.1538461538461, 50, 46.1538461538462, 50, 46.1538461538462, 
    42.3076923076923, 42.3076923076923, 42.3076923076923, 42.3076923076923, 
    42.3076923076923, 42.3076923076923, 38.4615384615385, 38.4615384615385, 
    38.4615384615385, 38.4615384615385, 38.4615384615385, 38.4615384615385, 
    34.6153846153846, 34.6153846153846, 34.6153846153846, 34.6153846153846, 
    34.6153846153846, 34.6153846153846, 30.7692307692308, 30.7692307692308, 
    30.7692307692308, 30.7692307692308, 30.7692307692308, 30.7692307692308, 
    26.9230769230769, 26.9230769230769, 26.9230769230769, 26.9230769230769, 
    26.9230769230769, 26.9230769230769, 23.0769230769231, 23.0769230769231, 
    23.0769230769231, 23.0769230769231, 23.0769230769231, 23.0769230769231, 
    19.2307692307692, 19.2307692307692, 19.2307692307692, 19.2307692307692, 
    19.2307692307692, 19.2307692307692, 15.3846153846154, 15.3846153846154, 
    15.3846153846154, 15.3846153846154, 15.3846153846154, 15.3846153846154, 
    11.5384615384615, 11.5384615384615, 11.5384615384615, 11.5384615384615, 
    11.5384615384615, 11.5384615384615, 7.69230769230769, 7.69230769230769, 
    7.69230769230769, 7.69230769230769, 7.69230769230769, 7.69230769230769, 
    3.84615384615385, 3.84615384615385, 3.84615384615385, 3.84615384615385, 
    3.84615384615385, 3.84615384615385, 50, 46.1538461538462, 50, 
    46.1538461538461, 50, 46.1538461538462, 42.3076923076923, 
    42.3076923076923, 42.3076923076923, 38.4615384615385, 38.4615384615385, 
    38.4615384615385, 34.6153846153846, 34.6153846153846, 34.6153846153846, 
    30.7692307692308, 30.7692307692308, 30.7692307692308, 26.9230769230769, 
    26.9230769230769, 26.9230769230769, 23.0769230769231, 23.0769230769231, 
    23.0769230769231, 19.2307692307692, 19.2307692307692, 19.2307692307692, 
    15.3846153846154, 15.3846153846154, 15.3846153846154, 11.5384615384615, 
    11.5384615384615, 11.5384615384615, 7.69230769230769, 7.69230769230769, 
    7.69230769230769, 3.84615384615385, 3.84615384615385, 3.84615384615385, 
    50, 46.1538461538461, 50, 46.1538461538461, 50, 46.1538461538461, 
    42.3076923076923, 42.3076923076923, 42.3076923076923, 38.4615384615385, 
    38.4615384615385, 38.4615384615385, 34.6153846153846, 34.6153846153846, 
    34.6153846153846, 30.7692307692308, 30.7692307692308, 30.7692307692308, 
    26.9230769230769, 26.9230769230769, 26.9230769230769, 23.0769230769231, 
    23.0769230769231, 23.0769230769231, 19.2307692307692, 19.2307692307692, 
    19.2307692307692, 15.3846153846154, 15.3846153846154, 15.3846153846154, 
    11.5384615384615, 11.5384615384615, 11.5384615384615, 7.69230769230769, 
    7.69230769230769, 7.69230769230769, 3.84615384615385, 3.84615384615385, 
    3.84615384615385, 50, 46.1538461538462, 50, 46.1538461538461, 50, 
    46.1538461538461, 42.3076923076923, 42.3076923076923, 42.3076923076923, 
    38.4615384615385, 38.4615384615385, 38.4615384615385, 34.6153846153846, 
    34.6153846153846, 34.6153846153846, 30.7692307692308, 30.7692307692308, 
    30.7692307692308, 26.9230769230769, 26.9230769230769, 26.9230769230769, 
    23.0769230769231, 23.0769230769231, 23.0769230769231, 19.2307692307692, 
    19.2307692307692, 19.2307692307692, 15.3846153846154, 15.3846153846154, 
    15.3846153846154, 11.5384615384615, 11.5384615384615, 11.5384615384615, 
    7.69230769230769, 7.69230769230769, 7.69230769230769, 3.84615384615385, 
    3.84615384615385, 3.84615384615385, 50, 46.1538461538461, 50, 
    46.1538461538461, 50, 46.1538461538461, 42.3076923076923, 
    42.3076923076923, 42.3076923076923, 38.4615384615385, 38.4615384615385, 
    38.4615384615385, 34.6153846153846, 34.6153846153846, 34.6153846153846, 
    30.7692307692308, 30.7692307692308, 30.7692307692308, 26.9230769230769, 
    26.9230769230769, 26.9230769230769, 23.0769230769231, 23.0769230769231, 
    23.0769230769231, 19.2307692307692, 19.2307692307692, 19.2307692307692, 
    15.3846153846154, 15.3846153846154, 15.3846153846154, 11.5384615384615, 
    11.5384615384615, 11.5384615384615, 7.69230769230769, 7.69230769230769, 
    7.69230769230769, 3.84615384615385, 3.84615384615385, 3.84615384615385, 
    50, 46.1538461538461, 50, 46.1538461538461, 50, 46.1538461538461, 
    42.3076923076923, 42.3076923076923, 42.3076923076923, 38.4615384615385, 
    38.4615384615384, 38.4615384615385, 34.6153846153846, 34.6153846153846, 
    34.6153846153846, 30.7692307692308, 30.7692307692308, 30.7692307692308, 
    26.9230769230769, 26.9230769230769, 26.9230769230769, 23.0769230769231, 
    23.0769230769231, 23.0769230769231, 19.2307692307692, 19.2307692307692, 
    19.2307692307692, 15.3846153846154, 15.3846153846154, 15.3846153846154, 
    11.5384615384615, 11.5384615384615, 11.5384615384615, 7.69230769230769, 
    7.69230769230769, 7.69230769230769, 3.84615384615385, 3.84615384615385, 
    3.84615384615385, 50, 46.1538461538461, 50, 46.1538461538461, 50, 
    46.1538461538462, 42.3076923076923, 42.3076923076923, 42.3076923076923, 
    38.4615384615385, 38.4615384615385, 38.4615384615385, 34.6153846153846, 
    34.6153846153846, 34.6153846153846, 30.7692307692308, 30.7692307692308, 
    30.7692307692308, 26.9230769230769, 26.9230769230769, 26.9230769230769, 
    23.0769230769231, 23.0769230769231, 23.0769230769231, 19.2307692307692, 
    19.2307692307692, 19.2307692307692, 15.3846153846154, 15.3846153846154, 
    15.3846153846154, 11.5384615384615, 11.5384615384615, 11.5384615384615, 
    7.69230769230769, 7.69230769230769, 7.69230769230769, 3.84615384615385, 
    3.84615384615385, 3.84615384615385, 50, 46.1538461538461, 50, 
    46.1538461538461, 50, 46.1538461538462, 42.3076923076923, 
    42.3076923076923, 42.3076923076923, 38.4615384615385, 38.4615384615385, 
    38.4615384615385, 34.6153846153846, 34.6153846153846, 34.6153846153846, 
    30.7692307692308, 30.7692307692308, 30.7692307692308, 26.9230769230769, 
    26.9230769230769, 26.9230769230769, 23.0769230769231, 23.0769230769231, 
    23.0769230769231, 19.2307692307692, 19.2307692307692, 19.2307692307692, 
    15.3846153846154, 15.3846153846154, 15.3846153846154, 11.5384615384615, 
    11.5384615384615, 11.5384615384615, 7.69230769230769, 7.69230769230769, 
    7.6923076923077, 3.84615384615385, 3.84615384615385, 3.84615384615385, 
    50, 46.1538461538462, 50, 46.1538461538461, 50, 46.1538461538462, 
    42.3076923076923, 42.3076923076923, 42.3076923076923, 38.4615384615385, 
    38.4615384615384, 38.4615384615385, 34.6153846153846, 34.6153846153846, 
    34.6153846153846, 30.7692307692308, 30.7692307692308, 30.7692307692308, 
    26.9230769230769, 26.9230769230769, 26.9230769230769, 23.0769230769231, 
    23.0769230769231, 23.0769230769231, 19.2307692307692, 19.2307692307692, 
    19.2307692307692, 15.3846153846154, 15.3846153846154, 15.3846153846154, 
    11.5384615384615, 11.5384615384615, 11.5384615384615, 7.69230769230769, 
    7.69230769230769, 7.69230769230769, 3.84615384615385, 3.84615384615385, 
    3.84615384615385, 50, 46.1538461538461, 50, 46.1538461538462, 50, 
    46.1538461538462, 42.3076923076923, 42.3076923076923, 42.3076923076923, 
    38.4615384615385, 38.4615384615384, 38.4615384615385, 34.6153846153846, 
    34.6153846153846, 34.6153846153846, 30.7692307692308, 30.7692307692308, 
    30.7692307692308, 26.9230769230769, 26.9230769230769, 26.9230769230769, 
    23.0769230769231, 23.0769230769231, 23.0769230769231, 19.2307692307692, 
    19.2307692307692, 19.2307692307692, 15.3846153846154, 15.3846153846154, 
    15.3846153846154, 11.5384615384615, 11.5384615384615, 11.5384615384615, 
    7.69230769230769, 7.69230769230769, 7.69230769230769, 3.84615384615385, 
    3.84615384615385, 3.84615384615385, -50, -50, -46.1538461538462, 
    -46.1538461538462, -50, -50, -46.1538461538461, -46.1538461538462, -50, 
    -46.1538461538461, -50, -46.1538461538461, -50, -46.1538461538461, -50, 
    -46.1538461538461, -50, -46.1538461538462, -50, -46.1538461538462, 
    -42.3076923076923, -42.3076923076923, -42.3076923076923, 
    -42.3076923076923, -42.3076923076923, -42.3076923076923, 
    -42.3076923076923, -42.3076923076923, -42.3076923076923, 
    -42.3076923076923, -38.4615384615385, -38.4615384615385, 
    -38.4615384615385, -38.4615384615385, -38.4615384615385, 
    -38.4615384615385, -38.4615384615385, -38.4615384615385, 
    -38.4615384615385, -38.4615384615385, -34.6153846153846, 
    -34.6153846153846, -34.6153846153846, -34.6153846153846, 
    -34.6153846153846, -34.6153846153846, -34.6153846153846, 
    -34.6153846153846, -34.6153846153846, -34.6153846153846, 
    -30.7692307692308, -30.7692307692308, -30.7692307692308, 
    -30.7692307692308, -30.7692307692308, -30.7692307692308, 
    -30.7692307692308, -30.7692307692308, -30.7692307692308, 
    -30.7692307692308, -26.9230769230769, -26.9230769230769, 
    -26.9230769230769, -26.9230769230769, -26.9230769230769, 
    -26.9230769230769, -26.9230769230769, -26.9230769230769, 
    -26.9230769230769, -26.9230769230769, -23.0769230769231, 
    -23.0769230769231, -23.0769230769231, -23.0769230769231, 
    -23.0769230769231, -23.0769230769231, -23.0769230769231, 
    -23.0769230769231, -23.0769230769231, -23.0769230769231, 
    -19.2307692307692, -19.2307692307692, -19.2307692307692, 
    -19.2307692307692, -19.2307692307692, -19.2307692307692, 
    -19.2307692307692, -19.2307692307692, -19.2307692307692, 
    -19.2307692307692, -15.3846153846154, -15.3846153846154, 
    -15.3846153846154, -15.3846153846154, -15.3846153846154, 
    -15.3846153846154, -15.3846153846154, -15.3846153846154, 
    -15.3846153846154, -15.3846153846154, -11.5384615384615, 
    -11.5384615384615, -11.5384615384615, -11.5384615384615, 
    -11.5384615384615, -11.5384615384615, -11.5384615384615, 
    -11.5384615384615, -11.5384615384615, -11.5384615384615, 
    -7.69230769230769, -7.69230769230769, -7.69230769230769, 
    -7.69230769230769, -7.69230769230769, -7.69230769230769, 
    -7.69230769230769, -7.6923076923077, -7.6923076923077, -7.6923076923077, 
    -3.84615384615385, -3.84615384615385, -3.84615384615385, 
    -3.84615384615385, -3.84615384615385, -3.84615384615385, 
    -3.84615384615385, -3.84615384615385, -3.84615384615385, 
    -3.84615384615385, 0, 0, 0, 0, 0, 0, 0, 0, 0, 0, -50, -50, 
    -46.1538461538462, -46.1538461538462, -50, -46.1538461538461, -50, 
    -46.1538461538462, -50, -46.1538461538461, -42.3076923076923, 
    -42.3076923076923, -42.3076923076923, -42.3076923076923, 
    -42.3076923076923, -38.4615384615384, -38.4615384615385, 
    -38.4615384615385, -38.4615384615385, -38.4615384615384, 
    -34.6153846153846, -34.6153846153846, -34.6153846153846, 
    -34.6153846153846, -34.6153846153846, -30.7692307692308, 
    -30.7692307692308, -30.7692307692308, -30.7692307692308, 
    -30.7692307692308, -26.9230769230769, -26.9230769230769, 
    -26.9230769230769, -26.9230769230769, -26.9230769230769, 
    -23.0769230769231, -23.0769230769231, -23.0769230769231, 
    -23.0769230769231, -23.0769230769231, -19.2307692307692, 
    -19.2307692307692, -19.2307692307692, -19.2307692307692, 
    -19.2307692307692, -15.3846153846154, -15.3846153846154, 
    -15.3846153846154, -15.3846153846154, -15.3846153846154, 
    -11.5384615384615, -11.5384615384615, -11.5384615384615, 
    -11.5384615384615, -11.5384615384615, -7.69230769230769, 
    -7.69230769230769, -7.69230769230769, -7.69230769230769, 
    -7.69230769230769, -3.84615384615385, -3.84615384615385, 
    -3.84615384615385, -3.84615384615385, -3.84615384615385, 0, 0, 0, 0, 0, 
    -50, -50, -46.1538461538462, -46.1538461538461, -50, -46.1538461538461, 
    -50, -46.1538461538461, -50, -46.1538461538461, -42.3076923076923, 
    -42.3076923076923, -42.3076923076923, -42.3076923076923, 
    -42.3076923076923, -38.4615384615385, -38.4615384615385, 
    -38.4615384615385, -38.4615384615385, -38.4615384615385, 
    -34.6153846153846, -34.6153846153846, -34.6153846153846, 
    -34.6153846153846, -34.6153846153846, -30.7692307692308, 
    -30.7692307692308, -30.7692307692308, -30.7692307692308, 
    -30.7692307692308, -26.9230769230769, -26.9230769230769, 
    -26.9230769230769, -26.9230769230769, -26.9230769230769, 
    -23.0769230769231, -23.0769230769231, -23.0769230769231, 
    -23.0769230769231, -23.0769230769231, -19.2307692307692, 
    -19.2307692307692, -19.2307692307692, -19.2307692307692, 
    -19.2307692307692, -15.3846153846154, -15.3846153846154, 
    -15.3846153846154, -15.3846153846154, -15.3846153846154, 
    -11.5384615384615, -11.5384615384615, -11.5384615384615, 
    -11.5384615384615, -11.5384615384615, -7.69230769230769, 
    -7.69230769230769, -7.69230769230769, -7.6923076923077, 
    -7.69230769230769, -3.84615384615385, -3.84615384615385, 
    -3.84615384615385, -3.84615384615385, -3.84615384615385, 0, 0, 0, 0, 0, 
    -50, -50, -46.1538461538462, -46.1538461538461, -50, -46.1538461538462, 
    -50, -46.1538461538461, -50, -46.1538461538461, -42.3076923076923, 
    -42.3076923076923, -42.3076923076923, -42.3076923076923, 
    -42.3076923076923, -38.4615384615384, -38.4615384615385, 
    -38.4615384615385, -38.4615384615385, -38.4615384615385, 
    -34.6153846153846, -34.6153846153846, -34.6153846153846, 
    -34.6153846153846, -34.6153846153846, -30.7692307692308, 
    -30.7692307692308, -30.7692307692308, -30.7692307692308, 
    -30.7692307692308, -26.9230769230769, -26.9230769230769, 
    -26.9230769230769, -26.9230769230769, -26.9230769230769, 
    -23.0769230769231, -23.0769230769231, -23.0769230769231, 
    -23.0769230769231, -23.0769230769231, -19.2307692307692, 
    -19.2307692307692, -19.2307692307692, -19.2307692307692, 
    -19.2307692307692, -15.3846153846154, -15.3846153846154, 
    -15.3846153846154, -15.3846153846154, -15.3846153846154, 
    -11.5384615384615, -11.5384615384615, -11.5384615384615, 
    -11.5384615384615, -11.5384615384615, -7.69230769230769, 
    -7.69230769230769, -7.69230769230769, -7.69230769230769, 
    -7.69230769230769, -3.84615384615385, -3.84615384615385, 
    -3.84615384615385, -3.84615384615385, -3.84615384615385, 0, 0, 0, 0, 0, 
    -50, -50, -46.1538461538462, -46.1538461538461, -50, -46.1538461538461, 
    -50, -46.1538461538461, -50, -46.1538461538461, -42.3076923076923, 
    -42.3076923076923, -42.3076923076923, -42.3076923076923, 
    -42.3076923076923, -38.4615384615385, -38.4615384615385, 
    -38.4615384615385, -38.4615384615385, -38.4615384615385, 
    -34.6153846153846, -34.6153846153846, -34.6153846153846, 
    -34.6153846153846, -34.6153846153846, -30.7692307692308, 
    -30.7692307692308, -30.7692307692308, -30.7692307692308, 
    -30.7692307692308, -26.9230769230769, -26.9230769230769, 
    -26.9230769230769, -26.9230769230769, -26.9230769230769, 
    -23.0769230769231, -23.0769230769231, -23.0769230769231, 
    -23.0769230769231, -23.0769230769231, -19.2307692307692, 
    -19.2307692307692, -19.2307692307692, -19.2307692307692, 
    -19.2307692307692, -15.3846153846154, -15.3846153846154, 
    -15.3846153846154, -15.3846153846154, -15.3846153846154, 
    -11.5384615384615, -11.5384615384615, -11.5384615384615, 
    -11.5384615384615, -11.5384615384615, -7.69230769230769, 
    -7.69230769230769, -7.69230769230769, -7.6923076923077, 
    -7.69230769230769, -3.84615384615385, -3.84615384615385, 
    -3.84615384615385, -3.84615384615385, -3.84615384615385, 0, 0, 0, 0, 0, 
    -50, -50, -46.1538461538462, -46.1538461538461, -50, -46.1538461538462, 
    -50, -46.1538461538461, -50, -46.1538461538461, -42.3076923076923, 
    -42.3076923076923, -42.3076923076923, -42.3076923076923, 
    -42.3076923076923, -38.4615384615384, -38.4615384615385, 
    -38.4615384615385, -38.4615384615385, -38.4615384615385, 
    -34.6153846153846, -34.6153846153846, -34.6153846153846, 
    -34.6153846153846, -34.6153846153846, -30.7692307692308, 
    -30.7692307692308, -30.7692307692308, -30.7692307692308, 
    -30.7692307692308, -26.9230769230769, -26.9230769230769, 
    -26.9230769230769, -26.9230769230769, -26.9230769230769, 
    -23.0769230769231, -23.0769230769231, -23.0769230769231, 
    -23.0769230769231, -23.0769230769231, -19.2307692307692, 
    -19.2307692307692, -19.2307692307692, -19.2307692307692, 
    -19.2307692307692, -15.3846153846154, -15.3846153846154, 
    -15.3846153846154, -15.3846153846154, -15.3846153846154, 
    -11.5384615384615, -11.5384615384615, -11.5384615384615, 
    -11.5384615384615, -11.5384615384615, -7.69230769230769, 
    -7.69230769230769, -7.69230769230769, -7.69230769230769, 
    -7.69230769230769, -3.84615384615385, -3.84615384615385, 
    -3.84615384615385, -3.84615384615385, -3.84615384615385, 0, 0, 0, 0, 0, 
    -50, -50, -46.1538461538461, -46.1538461538462, -50, -46.1538461538461, 
    -50, -46.1538461538462, -50, -46.1538461538461, -42.3076923076923, 
    -42.3076923076923, -42.3076923076923, -42.3076923076923, 
    -42.3076923076923, -38.4615384615385, -38.4615384615385, 
    -38.4615384615385, -38.4615384615385, -38.4615384615385, 
    -34.6153846153846, -34.6153846153846, -34.6153846153846, 
    -34.6153846153846, -34.6153846153846, -30.7692307692308, 
    -30.7692307692308, -30.7692307692308, -30.7692307692308, 
    -30.7692307692308, -26.9230769230769, -26.9230769230769, 
    -26.9230769230769, -26.9230769230769, -26.9230769230769, 
    -23.0769230769231, -23.0769230769231, -23.0769230769231, 
    -23.0769230769231, -23.0769230769231, -19.2307692307692, 
    -19.2307692307692, -19.2307692307692, -19.2307692307692, 
    -19.2307692307692, -15.3846153846154, -15.3846153846154, 
    -15.3846153846154, -15.3846153846154, -15.3846153846154, 
    -11.5384615384615, -11.5384615384615, -11.5384615384615, 
    -11.5384615384615, -11.5384615384615, -7.69230769230769, 
    -7.69230769230769, -7.69230769230769, -7.69230769230769, 
    -7.69230769230769, -3.84615384615385, -3.84615384615385, 
    -3.84615384615385, -3.84615384615385, -3.84615384615385, 0, 0, 0, 0, 0, 
    -50, -50, -46.1538461538461, -46.1538461538462, -50, -46.1538461538461, 
    -50, -46.1538461538461, -50, -46.1538461538462, -42.3076923076923, 
    -42.3076923076923, -42.3076923076923, -42.3076923076923, 
    -42.3076923076923, -38.4615384615384, -38.4615384615385, 
    -38.4615384615385, -38.4615384615385, -38.4615384615384, 
    -34.6153846153846, -34.6153846153846, -34.6153846153846, 
    -34.6153846153846, -34.6153846153846, -30.7692307692308, 
    -30.7692307692308, -30.7692307692308, -30.7692307692308, 
    -30.7692307692308, -26.9230769230769, -26.9230769230769, 
    -26.9230769230769, -26.9230769230769, -26.9230769230769, 
    -23.0769230769231, -23.0769230769231, -23.0769230769231, 
    -23.0769230769231, -23.0769230769231, -19.2307692307692, 
    -19.2307692307692, -19.2307692307692, -19.2307692307692, 
    -19.2307692307692, -15.3846153846154, -15.3846153846154, 
    -15.3846153846154, -15.3846153846154, -15.3846153846154, 
    -11.5384615384615, -11.5384615384615, -11.5384615384615, 
    -11.5384615384615, -11.5384615384615, -7.69230769230769, 
    -7.6923076923077, -7.6923076923077, -7.6923076923077, -7.69230769230769, 
    -3.84615384615385, -3.84615384615385, -3.84615384615385, 
    -3.84615384615385, -3.84615384615385, 0, 0, 0, 0, 0, -50, -50, 
    -46.1538461538461, -46.1538461538462, -50, -46.1538461538461, -50, 
    -46.1538461538462, -50, -46.1538461538461, -42.3076923076923, 
    -42.3076923076923, -42.3076923076923, -42.3076923076923, 
    -42.3076923076923, -38.4615384615384, -38.4615384615385, 
    -38.4615384615385, -38.4615384615385, -38.4615384615385, 
    -34.6153846153846, -34.6153846153846, -34.6153846153846, 
    -34.6153846153846, -34.6153846153846, -30.7692307692308, 
    -30.7692307692308, -30.7692307692308, -30.7692307692308, 
    -30.7692307692308, -26.9230769230769, -26.9230769230769, 
    -26.9230769230769, -26.9230769230769, -26.9230769230769, 
    -23.0769230769231, -23.0769230769231, -23.0769230769231, 
    -23.0769230769231, -23.0769230769231, -19.2307692307692, 
    -19.2307692307692, -19.2307692307692, -19.2307692307692, 
    -19.2307692307692, -15.3846153846154, -15.3846153846154, 
    -15.3846153846154, -15.3846153846154, -15.3846153846154, 
    -11.5384615384615, -11.5384615384615, -11.5384615384615, 
    -11.5384615384615, -11.5384615384615, -7.69230769230769, 
    -7.69230769230769, -7.6923076923077, -7.6923076923077, -7.69230769230769, 
    -3.84615384615385, -3.84615384615385, -3.84615384615385, 
    -3.84615384615385, -3.84615384615385, 0, 0, 0, 0, 0, -50, -50, 
    -46.1538461538461, -46.1538461538462, -50, -46.1538461538461, -50, 
    -46.1538461538461, -50, -46.1538461538461, -42.3076923076923, 
    -42.3076923076923, -42.3076923076923, -42.3076923076923, 
    -42.3076923076923, -38.4615384615384, -38.4615384615385, 
    -38.4615384615385, -38.4615384615385, -38.4615384615384, 
    -34.6153846153846, -34.6153846153846, -34.6153846153846, 
    -34.6153846153846, -34.6153846153846, -30.7692307692308, 
    -30.7692307692308, -30.7692307692308, -30.7692307692308, 
    -30.7692307692308, -26.9230769230769, -26.9230769230769, 
    -26.9230769230769, -26.9230769230769, -26.9230769230769, 
    -23.0769230769231, -23.0769230769231, -23.0769230769231, 
    -23.0769230769231, -23.0769230769231, -19.2307692307692, 
    -19.2307692307692, -19.2307692307692, -19.2307692307692, 
    -19.2307692307692, -15.3846153846154, -15.3846153846154, 
    -15.3846153846154, -15.3846153846154, -15.3846153846154, 
    -11.5384615384615, -11.5384615384615, -11.5384615384615, 
    -11.5384615384615, -11.5384615384615, -7.69230769230769, 
    -7.69230769230769, -7.6923076923077, -7.6923076923077, -7.69230769230769, 
    -3.84615384615385, -3.84615384615385, -3.84615384615385, 
    -3.84615384615385, -3.84615384615385, 0, 0, 0, 0, 0, 50, 50, 50, 50, 
    46.1538461538462, 46.1538461538462, 46.1538461538461, 46.1538461538461, 
    50, 50, 46.1538461538462, 46.1538461538461, 50, 50, 46.1538461538462, 
    46.1538461538461, 50, 50, 46.1538461538461, 46.1538461538462, 50, 50, 
    46.1538461538461, 46.1538461538462, 50, 50, 46.1538461538461, 
    46.1538461538462, 50, 50, 46.1538461538461, 46.1538461538461, 50, 50, 
    46.1538461538462, 46.1538461538461, 50, 50, 46.1538461538462, 
    46.1538461538462, 50, 50, 46.1538461538462, 46.1538461538462, 50, 50, 
    46.1538461538461, 46.1538461538461, 50, 46.1538461538461, 50, 
    46.1538461538461, 50, 46.1538461538462, 50, 46.1538461538462, 50, 
    46.1538461538462, 50, 46.1538461538462, 50, 46.1538461538461, 50, 
    46.1538461538461, 50, 46.1538461538461, 50, 50, 46.1538461538461, 
    46.1538461538461, 50, 46.1538461538461, 50, 46.1538461538461, 50, 
    46.1538461538462, 50, 46.1538461538462, 50, 46.1538461538462, 50, 
    46.1538461538462, 50, 46.1538461538461, 50, 46.1538461538461, 50, 
    46.1538461538461, 50, 50, 46.1538461538462, 46.1538461538462, 50, 
    46.1538461538462, 50, 46.1538461538461, 50, 46.1538461538461, 50, 
    46.1538461538461, 50, 46.1538461538461, 50, 46.1538461538461, 50, 
    46.1538461538462, 50, 46.1538461538462, 50, 46.1538461538462, 
    42.3076923076923, 42.3076923076923, 42.3076923076923, 42.3076923076923, 
    42.3076923076923, 42.3076923076923, 42.3076923076923, 42.3076923076923, 
    42.3076923076923, 42.3076923076923, 42.3076923076923, 42.3076923076923, 
    42.3076923076923, 42.3076923076923, 42.3076923076923, 42.3076923076923, 
    42.3076923076923, 42.3076923076923, 42.3076923076923, 42.3076923076923, 
    42.3076923076923, 42.3076923076923, 42.3076923076923, 42.3076923076923, 
    42.3076923076923, 42.3076923076923, 42.3076923076923, 42.3076923076923, 
    42.3076923076923, 42.3076923076923, 42.3076923076923, 42.3076923076923, 
    42.3076923076923, 42.3076923076923, 42.3076923076923, 42.3076923076923, 
    42.3076923076923, 42.3076923076923, 42.3076923076923, 42.3076923076923, 
    42.3076923076923, 42.3076923076923, 42.3076923076923, 42.3076923076923, 
    42.3076923076923, 42.3076923076923, 42.3076923076923, 42.3076923076923, 
    42.3076923076923, 42.3076923076923, 42.3076923076923, 42.3076923076923, 
    42.3076923076923, 42.3076923076923, 42.3076923076923, 38.4615384615385, 
    38.4615384615385, 38.4615384615385, 38.4615384615385, 38.4615384615385, 
    38.4615384615385, 38.4615384615385, 38.4615384615385, 38.4615384615385, 
    38.4615384615385, 38.4615384615385, 38.4615384615385, 38.4615384615385, 
    38.4615384615385, 38.4615384615385, 38.4615384615385, 38.4615384615385, 
    38.4615384615385, 38.4615384615385, 38.4615384615385, 38.4615384615385, 
    38.4615384615385, 38.4615384615385, 38.4615384615384, 38.4615384615385, 
    38.4615384615385, 38.4615384615385, 38.4615384615385, 38.4615384615385, 
    38.4615384615385, 38.4615384615385, 38.4615384615385, 38.4615384615385, 
    38.4615384615385, 38.4615384615384, 38.4615384615385, 38.4615384615385, 
    38.4615384615385, 38.4615384615385, 38.4615384615385, 38.4615384615385, 
    38.4615384615385, 38.4615384615385, 38.4615384615385, 38.4615384615385, 
    38.4615384615384, 38.4615384615385, 38.4615384615384, 38.4615384615385, 
    38.4615384615385, 38.4615384615385, 38.4615384615385, 38.4615384615385, 
    38.4615384615385, 38.4615384615385, 34.6153846153846, 34.6153846153846, 
    34.6153846153846, 34.6153846153846, 34.6153846153846, 34.6153846153846, 
    34.6153846153846, 34.6153846153846, 34.6153846153846, 34.6153846153846, 
    34.6153846153846, 34.6153846153846, 34.6153846153846, 34.6153846153846, 
    34.6153846153846, 34.6153846153846, 34.6153846153846, 34.6153846153846, 
    34.6153846153846, 34.6153846153846, 34.6153846153846, 34.6153846153846, 
    34.6153846153846, 34.6153846153846, 34.6153846153846, 34.6153846153846, 
    34.6153846153846, 34.6153846153846, 34.6153846153846, 34.6153846153846, 
    34.6153846153846, 34.6153846153846, 34.6153846153846, 34.6153846153846, 
    34.6153846153846, 34.6153846153846, 34.6153846153846, 34.6153846153846, 
    34.6153846153846, 34.6153846153846, 34.6153846153846, 34.6153846153846, 
    34.6153846153846, 34.6153846153846, 34.6153846153846, 34.6153846153846, 
    34.6153846153846, 34.6153846153846, 34.6153846153846, 34.6153846153846, 
    34.6153846153846, 34.6153846153846, 34.6153846153846, 34.6153846153846, 
    34.6153846153846, 30.7692307692308, 30.7692307692308, 30.7692307692308, 
    30.7692307692308, 30.7692307692308, 30.7692307692308, 30.7692307692308, 
    30.7692307692308, 30.7692307692308, 30.7692307692308, 30.7692307692308, 
    30.7692307692308, 30.7692307692308, 30.7692307692308, 30.7692307692308, 
    30.7692307692308, 30.7692307692308, 30.7692307692308, 30.7692307692308, 
    30.7692307692308, 30.7692307692308, 30.7692307692308, 30.7692307692308, 
    30.7692307692308, 30.7692307692308, 30.7692307692308, 30.7692307692308, 
    30.7692307692308, 30.7692307692308, 30.7692307692308, 30.7692307692308, 
    30.7692307692308, 30.7692307692308, 30.7692307692308, 30.7692307692308, 
    30.7692307692308, 30.7692307692308, 30.7692307692308, 30.7692307692308, 
    30.7692307692308, 30.7692307692308, 30.7692307692308, 30.7692307692308, 
    30.7692307692308, 30.7692307692308, 30.7692307692308, 30.7692307692308, 
    30.7692307692308, 30.7692307692308, 30.7692307692308, 30.7692307692308, 
    30.7692307692308, 30.7692307692308, 30.7692307692308, 30.7692307692308, 
    26.9230769230769, 26.9230769230769, 26.9230769230769, 26.9230769230769, 
    26.9230769230769, 26.9230769230769, 26.9230769230769, 26.9230769230769, 
    26.9230769230769, 26.9230769230769, 26.9230769230769, 26.9230769230769, 
    26.9230769230769, 26.9230769230769, 26.9230769230769, 26.9230769230769, 
    26.9230769230769, 26.9230769230769, 26.9230769230769, 26.9230769230769, 
    26.9230769230769, 26.9230769230769, 26.9230769230769, 26.9230769230769, 
    26.9230769230769, 26.9230769230769, 26.9230769230769, 26.9230769230769, 
    26.9230769230769, 26.9230769230769, 26.9230769230769, 26.9230769230769, 
    26.9230769230769, 26.9230769230769, 26.9230769230769, 26.9230769230769, 
    26.9230769230769, 26.9230769230769, 26.9230769230769, 26.9230769230769, 
    26.9230769230769, 26.9230769230769, 26.9230769230769, 26.9230769230769, 
    26.9230769230769, 26.9230769230769, 26.9230769230769, 26.9230769230769, 
    26.9230769230769, 26.9230769230769, 26.9230769230769, 26.9230769230769, 
    26.9230769230769, 26.9230769230769, 26.9230769230769, 23.0769230769231, 
    23.0769230769231, 23.0769230769231, 23.0769230769231, 23.0769230769231, 
    23.0769230769231, 23.0769230769231, 23.0769230769231, 23.0769230769231, 
    23.0769230769231, 23.0769230769231, 23.0769230769231, 23.0769230769231, 
    23.0769230769231, 23.0769230769231, 23.0769230769231, 23.0769230769231, 
    23.0769230769231, 23.0769230769231, 23.0769230769231, 23.0769230769231, 
    23.0769230769231, 23.0769230769231, 23.0769230769231, 23.0769230769231, 
    23.0769230769231, 23.0769230769231, 23.0769230769231, 23.0769230769231, 
    23.0769230769231, 23.0769230769231, 23.0769230769231, 23.0769230769231, 
    23.0769230769231, 23.0769230769231, 23.0769230769231, 23.0769230769231, 
    23.0769230769231, 23.0769230769231, 23.0769230769231, 23.0769230769231, 
    23.0769230769231, 23.0769230769231, 23.0769230769231, 23.0769230769231, 
    23.0769230769231, 23.0769230769231, 23.0769230769231, 23.0769230769231, 
    23.0769230769231, 23.0769230769231, 23.0769230769231, 23.0769230769231, 
    23.0769230769231, 23.0769230769231, 19.2307692307692, 19.2307692307692, 
    19.2307692307692, 19.2307692307692, 19.2307692307692, 19.2307692307692, 
    19.2307692307692, 19.2307692307692, 19.2307692307692, 19.2307692307692, 
    19.2307692307692, 19.2307692307692, 19.2307692307692, 19.2307692307692, 
    19.2307692307692, 19.2307692307692, 19.2307692307692, 19.2307692307692, 
    19.2307692307692, 19.2307692307692, 19.2307692307692, 19.2307692307692, 
    19.2307692307692, 19.2307692307692, 19.2307692307692, 19.2307692307692, 
    19.2307692307692, 19.2307692307692, 19.2307692307692, 19.2307692307692, 
    19.2307692307692, 19.2307692307692, 19.2307692307692, 19.2307692307692, 
    19.2307692307692, 19.2307692307692, 19.2307692307692, 19.2307692307692, 
    19.2307692307692, 19.2307692307692, 19.2307692307692, 19.2307692307692, 
    19.2307692307692, 19.2307692307692, 19.2307692307692, 19.2307692307692, 
    19.2307692307692, 19.2307692307692, 19.2307692307692, 19.2307692307692, 
    19.2307692307692, 19.2307692307692, 19.2307692307692, 19.2307692307692, 
    19.2307692307692, 15.3846153846154, 15.3846153846154, 15.3846153846154, 
    15.3846153846154, 15.3846153846154, 15.3846153846154, 15.3846153846154, 
    15.3846153846154, 15.3846153846154, 15.3846153846154, 15.3846153846154, 
    15.3846153846154, 15.3846153846154, 15.3846153846154, 15.3846153846154, 
    15.3846153846154, 15.3846153846154, 15.3846153846154, 15.3846153846154, 
    15.3846153846154, 15.3846153846154, 15.3846153846154, 15.3846153846154, 
    15.3846153846154, 15.3846153846154, 15.3846153846154, 15.3846153846154, 
    15.3846153846154, 15.3846153846154, 15.3846153846154, 15.3846153846154, 
    15.3846153846154, 15.3846153846154, 15.3846153846154, 15.3846153846154, 
    15.3846153846154, 15.3846153846154, 15.3846153846154, 15.3846153846154, 
    15.3846153846154, 15.3846153846154, 15.3846153846154, 15.3846153846154, 
    15.3846153846154, 15.3846153846154, 15.3846153846154, 15.3846153846154, 
    15.3846153846154, 15.3846153846154, 15.3846153846154, 15.3846153846154, 
    15.3846153846154, 15.3846153846154, 15.3846153846154, 15.3846153846154, 
    11.5384615384615, 11.5384615384615, 11.5384615384615, 11.5384615384615, 
    11.5384615384615, 11.5384615384615, 11.5384615384615, 11.5384615384615, 
    11.5384615384615, 11.5384615384615, 11.5384615384615, 11.5384615384615, 
    11.5384615384615, 11.5384615384615, 11.5384615384615, 11.5384615384615, 
    11.5384615384615, 11.5384615384615, 11.5384615384615, 11.5384615384615, 
    11.5384615384615, 11.5384615384615, 11.5384615384615, 11.5384615384615, 
    11.5384615384615, 11.5384615384615, 11.5384615384615, 11.5384615384615, 
    11.5384615384615, 11.5384615384615, 11.5384615384615, 11.5384615384615, 
    11.5384615384615, 11.5384615384615, 11.5384615384615, 11.5384615384615, 
    11.5384615384615, 11.5384615384615, 11.5384615384615, 11.5384615384615, 
    11.5384615384615, 11.5384615384615, 11.5384615384615, 11.5384615384615, 
    11.5384615384615, 11.5384615384615, 11.5384615384615, 11.5384615384615, 
    11.5384615384615, 11.5384615384615, 11.5384615384615, 11.5384615384615, 
    11.5384615384615, 11.5384615384615, 11.5384615384615, 7.69230769230769, 
    7.69230769230769, 7.6923076923077, 7.6923076923077, 7.6923076923077, 
    7.6923076923077, 7.69230769230769, 7.69230769230769, 7.69230769230769, 
    7.69230769230769, 7.69230769230769, 7.69230769230769, 7.69230769230769, 
    7.6923076923077, 7.69230769230769, 7.69230769230769, 7.69230769230769, 
    7.6923076923077, 7.6923076923077, 7.6923076923077, 7.69230769230769, 
    7.69230769230769, 7.6923076923077, 7.69230769230769, 7.69230769230769, 
    7.69230769230769, 7.69230769230769, 7.69230769230769, 7.69230769230769, 
    7.69230769230769, 7.69230769230769, 7.6923076923077, 7.69230769230769, 
    7.6923076923077, 7.69230769230769, 7.69230769230769, 7.69230769230769, 
    7.69230769230769, 7.69230769230769, 7.69230769230769, 7.69230769230769, 
    7.69230769230769, 7.69230769230769, 7.69230769230769, 7.6923076923077, 
    7.6923076923077, 7.6923076923077, 7.69230769230769, 7.69230769230769, 
    7.69230769230769, 7.69230769230769, 7.69230769230769, 7.69230769230769, 
    7.69230769230769, 7.6923076923077, 3.84615384615385, 3.84615384615385, 
    3.84615384615385, 3.84615384615385, 3.84615384615385, 3.84615384615385, 
    3.84615384615385, 3.84615384615385, 3.84615384615385, 3.84615384615385, 
    3.84615384615385, 3.84615384615385, 3.84615384615385, 3.84615384615385, 
    3.84615384615385, 3.84615384615385, 3.84615384615385, 3.84615384615385, 
    3.84615384615385, 3.84615384615385, 3.84615384615385, 3.84615384615385, 
    3.84615384615385, 3.84615384615385, 3.84615384615385, 3.84615384615385, 
    3.84615384615385, 3.84615384615385, 3.84615384615385, 3.84615384615385, 
    3.84615384615385, 3.84615384615385, 3.84615384615385, 3.84615384615385, 
    3.84615384615385, 3.84615384615385, 3.84615384615385, 3.84615384615385, 
    3.84615384615385, 3.84615384615385, 3.84615384615385, 3.84615384615385, 
    3.84615384615385, 3.84615384615385, 3.84615384615385, 3.84615384615385, 
    3.84615384615385, 3.84615384615385, 3.84615384615385, 3.84615384615385, 
    3.84615384615385, 3.84615384615385, 3.84615384615385, 3.84615384615385, 
    3.84615384615385, 50, 50, 46.1538461538462, 46.1538461538462, 50, 50, 
    46.1538461538462, 46.1538461538462, 50, 46.1538461538461, 50, 
    46.1538461538461, 50, 46.1538461538461, 50, 46.1538461538461, 50, 
    46.1538461538462, 50, 46.1538461538462, 50, 46.1538461538462, 50, 
    46.1538461538462, 42.3076923076923, 42.3076923076923, 42.3076923076923, 
    42.3076923076923, 42.3076923076923, 42.3076923076923, 42.3076923076923, 
    42.3076923076923, 42.3076923076923, 42.3076923076923, 42.3076923076923, 
    42.3076923076923, 38.4615384615385, 38.4615384615385, 38.4615384615385, 
    38.4615384615385, 38.4615384615385, 38.4615384615385, 38.4615384615385, 
    38.4615384615385, 38.4615384615385, 38.4615384615385, 38.4615384615385, 
    38.4615384615385, 34.6153846153846, 34.6153846153846, 34.6153846153846, 
    34.6153846153846, 34.6153846153846, 34.6153846153846, 34.6153846153846, 
    34.6153846153846, 34.6153846153846, 34.6153846153846, 34.6153846153846, 
    34.6153846153846, 30.7692307692308, 30.7692307692308, 30.7692307692308, 
    30.7692307692308, 30.7692307692308, 30.7692307692308, 30.7692307692308, 
    30.7692307692308, 30.7692307692308, 30.7692307692308, 30.7692307692308, 
    30.7692307692308, 26.9230769230769, 26.9230769230769, 26.9230769230769, 
    26.9230769230769, 26.9230769230769, 26.9230769230769, 26.9230769230769, 
    26.9230769230769, 26.9230769230769, 26.9230769230769, 26.9230769230769, 
    26.9230769230769, 23.0769230769231, 23.0769230769231, 23.0769230769231, 
    23.0769230769231, 23.0769230769231, 23.0769230769231, 23.0769230769231, 
    23.0769230769231, 23.0769230769231, 23.0769230769231, 23.0769230769231, 
    23.0769230769231, 19.2307692307692, 19.2307692307692, 19.2307692307692, 
    19.2307692307692, 19.2307692307692, 19.2307692307692, 19.2307692307692, 
    19.2307692307692, 19.2307692307692, 19.2307692307692, 19.2307692307692, 
    19.2307692307692, 15.3846153846154, 15.3846153846154, 15.3846153846154, 
    15.3846153846154, 15.3846153846154, 15.3846153846154, 15.3846153846154, 
    15.3846153846154, 15.3846153846154, 15.3846153846154, 15.3846153846154, 
    15.3846153846154, 11.5384615384615, 11.5384615384615, 11.5384615384615, 
    11.5384615384615, 11.5384615384615, 11.5384615384615, 11.5384615384615, 
    11.5384615384615, 11.5384615384615, 11.5384615384615, 11.5384615384615, 
    11.5384615384615, 7.6923076923077, 7.69230769230769, 7.6923076923077, 
    7.6923076923077, 7.69230769230769, 7.69230769230769, 7.69230769230769, 
    7.69230769230769, 7.69230769230769, 7.6923076923077, 7.69230769230769, 
    7.6923076923077, 3.84615384615385, 3.84615384615385, 3.84615384615385, 
    3.84615384615385, 3.84615384615385, 3.84615384615385, 3.84615384615385, 
    3.84615384615385, 3.84615384615385, 3.84615384615385, 3.84615384615385, 
    3.84615384615385, 0, 0, 0, 0, 0, 0, 0, 0, 0, 0, 0, 0, 50, 50, 
    46.1538461538461, 46.1538461538462, 50, 46.1538461538461, 50, 
    46.1538461538461, 50, 46.1538461538461, 50, 46.1538461538462, 
    42.3076923076923, 42.3076923076923, 42.3076923076923, 42.3076923076923, 
    42.3076923076923, 42.3076923076923, 38.4615384615385, 38.4615384615385, 
    38.4615384615385, 38.4615384615385, 38.4615384615385, 38.4615384615385, 
    34.6153846153846, 34.6153846153846, 34.6153846153846, 34.6153846153846, 
    34.6153846153846, 34.6153846153846, 30.7692307692308, 30.7692307692308, 
    30.7692307692308, 30.7692307692308, 30.7692307692308, 30.7692307692308, 
    26.9230769230769, 26.9230769230769, 26.9230769230769, 26.9230769230769, 
    26.9230769230769, 26.9230769230769, 23.0769230769231, 23.0769230769231, 
    23.0769230769231, 23.0769230769231, 23.0769230769231, 23.0769230769231, 
    19.2307692307692, 19.2307692307692, 19.2307692307692, 19.2307692307692, 
    19.2307692307692, 19.2307692307692, 15.3846153846154, 15.3846153846154, 
    15.3846153846154, 15.3846153846154, 15.3846153846154, 15.3846153846154, 
    11.5384615384615, 11.5384615384615, 11.5384615384615, 11.5384615384615, 
    11.5384615384615, 11.5384615384615, 7.6923076923077, 7.69230769230769, 
    7.69230769230769, 7.69230769230769, 7.6923076923077, 7.69230769230769, 
    3.84615384615385, 3.84615384615385, 3.84615384615385, 3.84615384615385, 
    3.84615384615385, 3.84615384615385, 0, 0, 0, 0, 0, 0, 50, 50, 
    46.1538461538462, 46.1538461538461, 50, 46.1538461538461, 50, 
    46.1538461538461, 50, 46.1538461538461, 50, 46.1538461538461, 
    42.3076923076923, 42.3076923076923, 42.3076923076923, 42.3076923076923, 
    42.3076923076923, 42.3076923076923, 38.4615384615385, 38.4615384615385, 
    38.4615384615385, 38.4615384615385, 38.4615384615385, 38.4615384615385, 
    34.6153846153846, 34.6153846153846, 34.6153846153846, 34.6153846153846, 
    34.6153846153846, 34.6153846153846, 30.7692307692308, 30.7692307692308, 
    30.7692307692308, 30.7692307692308, 30.7692307692308, 30.7692307692308, 
    26.9230769230769, 26.9230769230769, 26.9230769230769, 26.9230769230769, 
    26.9230769230769, 26.9230769230769, 23.0769230769231, 23.0769230769231, 
    23.0769230769231, 23.0769230769231, 23.0769230769231, 23.0769230769231, 
    19.2307692307692, 19.2307692307692, 19.2307692307692, 19.2307692307692, 
    19.2307692307692, 19.2307692307692, 15.3846153846154, 15.3846153846154, 
    15.3846153846154, 15.3846153846154, 15.3846153846154, 15.3846153846154, 
    11.5384615384615, 11.5384615384615, 11.5384615384615, 11.5384615384615, 
    11.5384615384615, 11.5384615384615, 7.69230769230769, 7.69230769230769, 
    7.69230769230769, 7.69230769230769, 7.69230769230769, 7.69230769230769, 
    3.84615384615385, 3.84615384615385, 3.84615384615385, 3.84615384615385, 
    3.84615384615385, 3.84615384615385, 0, 0, 0, 0, 0, 0, 50, 50, 
    46.1538461538462, 46.1538461538461, 50, 46.1538461538462, 50, 
    46.1538461538461, 50, 46.1538461538461, 50, 46.1538461538461, 
    42.3076923076923, 42.3076923076923, 42.3076923076923, 42.3076923076923, 
    42.3076923076923, 42.3076923076923, 38.4615384615385, 38.4615384615385, 
    38.4615384615385, 38.4615384615385, 38.4615384615385, 38.4615384615385, 
    34.6153846153846, 34.6153846153846, 34.6153846153846, 34.6153846153846, 
    34.6153846153846, 34.6153846153846, 30.7692307692308, 30.7692307692308, 
    30.7692307692308, 30.7692307692308, 30.7692307692308, 30.7692307692308, 
    26.9230769230769, 26.9230769230769, 26.9230769230769, 26.9230769230769, 
    26.9230769230769, 26.9230769230769, 23.0769230769231, 23.0769230769231, 
    23.0769230769231, 23.0769230769231, 23.0769230769231, 23.0769230769231, 
    19.2307692307692, 19.2307692307692, 19.2307692307692, 19.2307692307692, 
    19.2307692307692, 19.2307692307692, 15.3846153846154, 15.3846153846154, 
    15.3846153846154, 15.3846153846154, 15.3846153846154, 15.3846153846154, 
    11.5384615384615, 11.5384615384615, 11.5384615384615, 11.5384615384615, 
    11.5384615384615, 11.5384615384615, 7.6923076923077, 7.69230769230769, 
    7.69230769230769, 7.69230769230769, 7.69230769230769, 7.69230769230769, 
    3.84615384615385, 3.84615384615385, 3.84615384615385, 3.84615384615385, 
    3.84615384615385, 3.84615384615385, 0, 0, 0, 0, 0, 0, 50, 50, 
    46.1538461538462, 46.1538461538461, 50, 46.1538461538461, 50, 
    46.1538461538461, 50, 46.1538461538461, 50, 46.1538461538461, 
    42.3076923076923, 42.3076923076923, 42.3076923076923, 42.3076923076923, 
    42.3076923076923, 42.3076923076923, 38.4615384615385, 38.4615384615385, 
    38.4615384615385, 38.4615384615385, 38.4615384615385, 38.4615384615385, 
    34.6153846153846, 34.6153846153846, 34.6153846153846, 34.6153846153846, 
    34.6153846153846, 34.6153846153846, 30.7692307692308, 30.7692307692308, 
    30.7692307692308, 30.7692307692308, 30.7692307692308, 30.7692307692308, 
    26.9230769230769, 26.9230769230769, 26.9230769230769, 26.9230769230769, 
    26.9230769230769, 26.9230769230769, 23.0769230769231, 23.0769230769231, 
    23.0769230769231, 23.0769230769231, 23.0769230769231, 23.0769230769231, 
    19.2307692307692, 19.2307692307692, 19.2307692307692, 19.2307692307692, 
    19.2307692307692, 19.2307692307692, 15.3846153846154, 15.3846153846154, 
    15.3846153846154, 15.3846153846154, 15.3846153846154, 15.3846153846154, 
    11.5384615384615, 11.5384615384615, 11.5384615384615, 11.5384615384615, 
    11.5384615384615, 11.5384615384615, 7.69230769230769, 7.69230769230769, 
    7.69230769230769, 7.69230769230769, 7.69230769230769, 7.69230769230769, 
    3.84615384615385, 3.84615384615385, 3.84615384615385, 3.84615384615385, 
    3.84615384615385, 3.84615384615385, 0, 0, 0, 0, 0, 0, 50, 50, 
    46.1538461538462, 46.1538461538461, 50, 46.1538461538461, 50, 
    46.1538461538462, 50, 46.1538461538461, 50, 46.1538461538461, 
    42.3076923076923, 42.3076923076923, 42.3076923076923, 42.3076923076923, 
    42.3076923076923, 42.3076923076923, 38.4615384615385, 38.4615384615385, 
    38.4615384615385, 38.4615384615385, 38.4615384615385, 38.4615384615385, 
    34.6153846153846, 34.6153846153846, 34.6153846153846, 34.6153846153846, 
    34.6153846153846, 34.6153846153846, 30.7692307692308, 30.7692307692308, 
    30.7692307692308, 30.7692307692308, 30.7692307692308, 30.7692307692308, 
    26.9230769230769, 26.9230769230769, 26.9230769230769, 26.9230769230769, 
    26.9230769230769, 26.9230769230769, 23.0769230769231, 23.0769230769231, 
    23.0769230769231, 23.0769230769231, 23.0769230769231, 23.0769230769231, 
    19.2307692307692, 19.2307692307692, 19.2307692307692, 19.2307692307692, 
    19.2307692307692, 19.2307692307692, 15.3846153846154, 15.3846153846154, 
    15.3846153846154, 15.3846153846154, 15.3846153846154, 15.3846153846154, 
    11.5384615384615, 11.5384615384615, 11.5384615384615, 11.5384615384615, 
    11.5384615384615, 11.5384615384615, 7.69230769230769, 7.69230769230769, 
    7.69230769230769, 7.69230769230769, 7.69230769230769, 7.69230769230769, 
    3.84615384615385, 3.84615384615385, 3.84615384615385, 3.84615384615385, 
    3.84615384615385, 3.84615384615385, 0, 0, 0, 0, 0, 0, 50, 50, 
    46.1538461538462, 46.1538461538462, 50, 46.1538461538461, 50, 
    46.1538461538461, 50, 46.1538461538461, 50, 46.1538461538462, 
    42.3076923076923, 42.3076923076923, 42.3076923076923, 42.3076923076923, 
    42.3076923076923, 42.3076923076923, 38.4615384615385, 38.4615384615385, 
    38.4615384615385, 38.4615384615385, 38.4615384615385, 38.4615384615385, 
    34.6153846153846, 34.6153846153846, 34.6153846153846, 34.6153846153846, 
    34.6153846153846, 34.6153846153846, 30.7692307692308, 30.7692307692308, 
    30.7692307692308, 30.7692307692308, 30.7692307692308, 30.7692307692308, 
    26.9230769230769, 26.9230769230769, 26.9230769230769, 26.9230769230769, 
    26.9230769230769, 26.9230769230769, 23.0769230769231, 23.0769230769231, 
    23.0769230769231, 23.0769230769231, 23.0769230769231, 23.0769230769231, 
    19.2307692307692, 19.2307692307692, 19.2307692307692, 19.2307692307692, 
    19.2307692307692, 19.2307692307692, 15.3846153846154, 15.3846153846154, 
    15.3846153846154, 15.3846153846154, 15.3846153846154, 15.3846153846154, 
    11.5384615384615, 11.5384615384615, 11.5384615384615, 11.5384615384615, 
    11.5384615384615, 11.5384615384615, 7.69230769230769, 7.69230769230769, 
    7.69230769230769, 7.69230769230769, 7.6923076923077, 7.69230769230769, 
    3.84615384615385, 3.84615384615385, 3.84615384615385, 3.84615384615385, 
    3.84615384615385, 3.84615384615385, 0, 0, 0, 0, 0, 0, 50, 50, 
    46.1538461538461, 46.1538461538462, 50, 46.1538461538461, 50, 
    46.1538461538461, 50, 46.1538461538462, 50, 46.1538461538462, 
    42.3076923076923, 42.3076923076923, 42.3076923076923, 42.3076923076923, 
    42.3076923076923, 42.3076923076923, 38.4615384615385, 38.4615384615385, 
    38.4615384615385, 38.4615384615385, 38.4615384615385, 38.4615384615385, 
    34.6153846153846, 34.6153846153846, 34.6153846153846, 34.6153846153846, 
    34.6153846153846, 34.6153846153846, 30.7692307692308, 30.7692307692308, 
    30.7692307692308, 30.7692307692308, 30.7692307692308, 30.7692307692308, 
    26.9230769230769, 26.9230769230769, 26.9230769230769, 26.9230769230769, 
    26.9230769230769, 26.9230769230769, 23.0769230769231, 23.0769230769231, 
    23.0769230769231, 23.0769230769231, 23.0769230769231, 23.0769230769231, 
    19.2307692307692, 19.2307692307692, 19.2307692307692, 19.2307692307692, 
    19.2307692307692, 19.2307692307692, 15.3846153846154, 15.3846153846154, 
    15.3846153846154, 15.3846153846154, 15.3846153846154, 15.3846153846154, 
    11.5384615384615, 11.5384615384615, 11.5384615384615, 11.5384615384615, 
    11.5384615384615, 11.5384615384615, 7.6923076923077, 7.6923076923077, 
    7.69230769230769, 7.69230769230769, 7.6923076923077, 7.6923076923077, 
    3.84615384615385, 3.84615384615385, 3.84615384615385, 3.84615384615385, 
    3.84615384615385, 3.84615384615385, 0, 0, 0, 0, 0, 0, 50, 50, 
    46.1538461538461, 46.1538461538462, 50, 46.1538461538461, 50, 
    46.1538461538461, 50, 46.1538461538462, 50, 46.1538461538462, 
    42.3076923076923, 42.3076923076923, 42.3076923076923, 42.3076923076923, 
    42.3076923076923, 42.3076923076923, 38.4615384615385, 38.4615384615385, 
    38.4615384615385, 38.4615384615385, 38.4615384615384, 38.4615384615385, 
    34.6153846153846, 34.6153846153846, 34.6153846153846, 34.6153846153846, 
    34.6153846153846, 34.6153846153846, 30.7692307692308, 30.7692307692308, 
    30.7692307692308, 30.7692307692308, 30.7692307692308, 30.7692307692308, 
    26.9230769230769, 26.9230769230769, 26.9230769230769, 26.9230769230769, 
    26.9230769230769, 26.9230769230769, 23.0769230769231, 23.0769230769231, 
    23.0769230769231, 23.0769230769231, 23.0769230769231, 23.0769230769231, 
    19.2307692307692, 19.2307692307692, 19.2307692307692, 19.2307692307692, 
    19.2307692307692, 19.2307692307692, 15.3846153846154, 15.3846153846154, 
    15.3846153846154, 15.3846153846154, 15.3846153846154, 15.3846153846154, 
    11.5384615384615, 11.5384615384615, 11.5384615384615, 11.5384615384615, 
    11.5384615384615, 11.5384615384615, 7.6923076923077, 7.69230769230769, 
    7.69230769230769, 7.69230769230769, 7.6923076923077, 7.69230769230769, 
    3.84615384615385, 3.84615384615385, 3.84615384615385, 3.84615384615385, 
    3.84615384615385, 3.84615384615385, 0, 0, 0, 0, 0, 0, 50, 50, 
    46.1538461538461, 46.1538461538462, 50, 46.1538461538461, 50, 
    46.1538461538461, 50, 46.1538461538462, 50, 46.1538461538462, 
    42.3076923076923, 42.3076923076923, 42.3076923076923, 42.3076923076923, 
    42.3076923076923, 42.3076923076923, 38.4615384615385, 38.4615384615385, 
    38.4615384615384, 38.4615384615384, 38.4615384615384, 38.4615384615385, 
    34.6153846153846, 34.6153846153846, 34.6153846153846, 34.6153846153846, 
    34.6153846153846, 34.6153846153846, 30.7692307692308, 30.7692307692308, 
    30.7692307692308, 30.7692307692308, 30.7692307692308, 30.7692307692308, 
    26.9230769230769, 26.9230769230769, 26.9230769230769, 26.9230769230769, 
    26.9230769230769, 26.9230769230769, 23.0769230769231, 23.0769230769231, 
    23.0769230769231, 23.0769230769231, 23.0769230769231, 23.0769230769231, 
    19.2307692307692, 19.2307692307692, 19.2307692307692, 19.2307692307692, 
    19.2307692307692, 19.2307692307692, 15.3846153846154, 15.3846153846154, 
    15.3846153846154, 15.3846153846154, 15.3846153846154, 15.3846153846154, 
    11.5384615384615, 11.5384615384615, 11.5384615384615, 11.5384615384615, 
    11.5384615384615, 11.5384615384615, 7.6923076923077, 7.69230769230769, 
    7.69230769230769, 7.69230769230769, 7.6923076923077, 7.69230769230769, 
    3.84615384615385, 3.84615384615385, 3.84615384615385, 3.84615384615385, 
    3.84615384615385, 3.84615384615385, 0, 0, 0, 0, 0, 0, 0, 0, 
    3.84615384615385, 3.84615384615385, 0, 3.84615384615385, 0, 
    3.84615384615385, 0, 3.84615384615385, 0, 3.84615384615385, 0, 
    3.84615384615385, 0, 3.84615384615385, 0, 3.84615384615385, 0, 
    3.84615384615385, 0, 3.84615384615385, 7.6923076923077, 7.69230769230769, 
    7.69230769230769, 7.69230769230769, 7.69230769230769, 7.6923076923077, 
    7.69230769230769, 7.6923076923077, 7.6923076923077, 7.6923076923077, 
    7.6923076923077, 11.5384615384615, 11.5384615384615, 11.5384615384615, 
    11.5384615384615, 11.5384615384615, 11.5384615384615, 11.5384615384615, 
    11.5384615384615, 11.5384615384615, 11.5384615384615, 11.5384615384615, 
    15.3846153846154, 15.3846153846154, 15.3846153846154, 15.3846153846154, 
    15.3846153846154, 15.3846153846154, 15.3846153846154, 15.3846153846154, 
    15.3846153846154, 15.3846153846154, 15.3846153846154, 19.2307692307692, 
    19.2307692307692, 19.2307692307692, 19.2307692307692, 19.2307692307692, 
    19.2307692307692, 19.2307692307692, 19.2307692307692, 19.2307692307692, 
    19.2307692307692, 19.2307692307692, 23.0769230769231, 23.0769230769231, 
    23.0769230769231, 23.0769230769231, 23.0769230769231, 23.0769230769231, 
    23.0769230769231, 23.0769230769231, 23.0769230769231, 23.0769230769231, 
    23.0769230769231, 26.9230769230769, 26.9230769230769, 26.9230769230769, 
    26.9230769230769, 26.9230769230769, 26.9230769230769, 26.9230769230769, 
    26.9230769230769, 26.9230769230769, 26.9230769230769, 26.9230769230769, 
    30.7692307692308, 30.7692307692308, 30.7692307692308, 30.7692307692308, 
    30.7692307692308, 30.7692307692308, 30.7692307692308, 30.7692307692308, 
    30.7692307692308, 30.7692307692308, 30.7692307692308, 34.6153846153846, 
    34.6153846153846, 34.6153846153846, 34.6153846153846, 34.6153846153846, 
    34.6153846153846, 34.6153846153846, 34.6153846153846, 34.6153846153846, 
    34.6153846153846, 34.6153846153846, 38.4615384615385, 38.4615384615384, 
    38.4615384615385, 38.4615384615385, 38.4615384615385, 38.4615384615385, 
    38.4615384615385, 38.4615384615385, 38.4615384615385, 38.4615384615385, 
    38.4615384615385, 42.3076923076923, 42.3076923076923, 42.3076923076923, 
    42.3076923076923, 42.3076923076923, 42.3076923076923, 42.3076923076923, 
    42.3076923076923, 42.3076923076923, 42.3076923076923, 42.3076923076923, 
    46.1538461538461, 46.1538461538461, 46.1538461538461, 46.1538461538461, 
    46.1538461538462, 46.1538461538461, 46.1538461538461, 46.1538461538461, 
    46.1538461538462, 46.1538461538461, 46.1538461538461, 50, 50, 50, 50, 50, 
    50, 50, 50, 50, 50, 50, 0, 0, 3.84615384615385, 3.84615384615385, 0, 
    3.84615384615385, 0, 3.84615384615385, 0, 3.84615384615385, 0, 
    3.84615384615385, 0, 3.84615384615385, 0, 3.84615384615385, 0, 
    3.84615384615385, 0, 3.84615384615385, 0, 3.84615384615385, 
    7.6923076923077, 7.69230769230769, 7.69230769230769, 7.69230769230769, 
    7.69230769230769, 7.69230769230769, 7.69230769230769, 7.69230769230769, 
    7.6923076923077, 7.6923076923077, 7.6923076923077, 11.5384615384615, 
    11.5384615384615, 11.5384615384615, 11.5384615384615, 11.5384615384615, 
    11.5384615384615, 11.5384615384615, 11.5384615384615, 11.5384615384615, 
    11.5384615384615, 11.5384615384615, 15.3846153846154, 15.3846153846154, 
    15.3846153846154, 15.3846153846154, 15.3846153846154, 15.3846153846154, 
    15.3846153846154, 15.3846153846154, 15.3846153846154, 15.3846153846154, 
    15.3846153846154, 19.2307692307692, 19.2307692307692, 19.2307692307692, 
    19.2307692307692, 19.2307692307692, 19.2307692307692, 19.2307692307692, 
    19.2307692307692, 19.2307692307692, 19.2307692307692, 19.2307692307692, 
    23.0769230769231, 23.0769230769231, 23.0769230769231, 23.0769230769231, 
    23.0769230769231, 23.0769230769231, 23.0769230769231, 23.0769230769231, 
    23.0769230769231, 23.0769230769231, 23.0769230769231, 26.9230769230769, 
    26.9230769230769, 26.9230769230769, 26.9230769230769, 26.9230769230769, 
    26.9230769230769, 26.9230769230769, 26.9230769230769, 26.9230769230769, 
    26.9230769230769, 26.9230769230769, 30.7692307692308, 30.7692307692308, 
    30.7692307692308, 30.7692307692308, 30.7692307692308, 30.7692307692308, 
    30.7692307692308, 30.7692307692308, 30.7692307692308, 30.7692307692308, 
    30.7692307692308, 34.6153846153846, 34.6153846153846, 34.6153846153846, 
    34.6153846153846, 34.6153846153846, 34.6153846153846, 34.6153846153846, 
    34.6153846153846, 34.6153846153846, 34.6153846153846, 34.6153846153846, 
    38.4615384615384, 38.4615384615384, 38.4615384615385, 38.4615384615385, 
    38.4615384615385, 38.4615384615385, 38.4615384615385, 38.4615384615385, 
    38.4615384615385, 38.4615384615385, 38.4615384615385, 42.3076923076923, 
    42.3076923076923, 42.3076923076923, 42.3076923076923, 42.3076923076923, 
    42.3076923076923, 42.3076923076923, 42.3076923076923, 42.3076923076923, 
    42.3076923076923, 42.3076923076923, 46.1538461538461, 46.1538461538461, 
    46.1538461538461, 46.1538461538461, 46.1538461538462, 46.1538461538461, 
    46.1538461538461, 46.1538461538461, 46.1538461538461, 46.1538461538462, 
    46.1538461538462, 50, 50, 50, 50, 50, 50, 50, 50, 50, 50, 50, 0, 0, 
    3.84615384615385, 3.84615384615385, 0, 3.84615384615385, 0, 
    3.84615384615385, 0, 3.84615384615385, 0, 3.84615384615385, 0, 
    3.84615384615385, 0, 3.84615384615385, 0, 3.84615384615385, 0, 
    3.84615384615385, 0, 3.84615384615385, 7.69230769230769, 
    7.69230769230769, 7.6923076923077, 7.69230769230769, 7.69230769230769, 
    7.69230769230769, 7.69230769230769, 7.69230769230769, 7.69230769230769, 
    7.6923076923077, 7.69230769230769, 11.5384615384615, 11.5384615384615, 
    11.5384615384615, 11.5384615384615, 11.5384615384615, 11.5384615384615, 
    11.5384615384615, 11.5384615384615, 11.5384615384615, 11.5384615384615, 
    11.5384615384615, 15.3846153846154, 15.3846153846154, 15.3846153846154, 
    15.3846153846154, 15.3846153846154, 15.3846153846154, 15.3846153846154, 
    15.3846153846154, 15.3846153846154, 15.3846153846154, 15.3846153846154, 
    19.2307692307692, 19.2307692307692, 19.2307692307692, 19.2307692307692, 
    19.2307692307692, 19.2307692307692, 19.2307692307692, 19.2307692307692, 
    19.2307692307692, 19.2307692307692, 19.2307692307692, 23.0769230769231, 
    23.0769230769231, 23.0769230769231, 23.0769230769231, 23.0769230769231, 
    23.0769230769231, 23.0769230769231, 23.0769230769231, 23.0769230769231, 
    23.0769230769231, 23.0769230769231, 26.9230769230769, 26.9230769230769, 
    26.9230769230769, 26.9230769230769, 26.9230769230769, 26.9230769230769, 
    26.9230769230769, 26.9230769230769, 26.9230769230769, 26.9230769230769, 
    26.9230769230769, 30.7692307692308, 30.7692307692308, 30.7692307692308, 
    30.7692307692308, 30.7692307692308, 30.7692307692308, 30.7692307692308, 
    30.7692307692308, 30.7692307692308, 30.7692307692308, 30.7692307692308, 
    34.6153846153846, 34.6153846153846, 34.6153846153846, 34.6153846153846, 
    34.6153846153846, 34.6153846153846, 34.6153846153846, 34.6153846153846, 
    34.6153846153846, 34.6153846153846, 34.6153846153846, 38.4615384615385, 
    38.4615384615385, 38.4615384615385, 38.4615384615385, 38.4615384615385, 
    38.4615384615385, 38.4615384615385, 38.4615384615385, 38.4615384615385, 
    38.4615384615385, 38.4615384615385, 42.3076923076923, 42.3076923076923, 
    42.3076923076923, 42.3076923076923, 42.3076923076923, 42.3076923076923, 
    42.3076923076923, 42.3076923076923, 42.3076923076923, 42.3076923076923, 
    42.3076923076923, 46.1538461538462, 46.1538461538462, 46.1538461538462, 
    46.1538461538462, 46.1538461538461, 46.1538461538461, 46.1538461538461, 
    46.1538461538461, 46.1538461538462, 46.1538461538462, 46.1538461538462, 
    50, 50, 50, 50, 50, 50, 50, 50, 50, 50, 50, -50, -50, -46.1538461538462, 
    -46.1538461538462, -50, -50, -46.1538461538461, -46.1538461538461, -50, 
    -46.1538461538462, -50, -46.1538461538461, -50, -46.1538461538462, -50, 
    -46.1538461538461, -50, -46.1538461538461, -50, -46.1538461538461, -50, 
    -46.1538461538461, -50, -46.1538461538462, -50, -46.1538461538461, -50, 
    -46.1538461538461, -50, -46.1538461538461, -50, -46.1538461538461, -50, 
    -46.1538461538462, -50, -46.1538461538461, -50, -46.1538461538462, -50, 
    -46.1538461538461, -50, -46.1538461538462, -50, -46.1538461538462, 
    -42.3076923076923, -42.3076923076923, -42.3076923076923, 
    -42.3076923076923, -42.3076923076923, -42.3076923076923, 
    -42.3076923076923, -42.3076923076923, -42.3076923076923, 
    -42.3076923076923, -42.3076923076923, -42.3076923076923, 
    -42.3076923076923, -42.3076923076923, -42.3076923076923, 
    -42.3076923076923, -42.3076923076923, -42.3076923076923, 
    -42.3076923076923, -42.3076923076923, -42.3076923076923, 
    -42.3076923076923, -38.4615384615385, -38.4615384615385, 
    -38.4615384615385, -38.4615384615385, -38.4615384615385, 
    -38.4615384615385, -38.4615384615385, -38.4615384615385, 
    -38.4615384615385, -38.4615384615385, -38.4615384615385, 
    -38.4615384615385, -38.4615384615385, -38.4615384615385, 
    -38.4615384615385, -38.4615384615385, -38.4615384615385, 
    -38.4615384615385, -38.4615384615385, -38.4615384615385, 
    -38.4615384615385, -38.4615384615385, -34.6153846153846, 
    -34.6153846153846, -34.6153846153846, -34.6153846153846, 
    -34.6153846153846, -34.6153846153846, -34.6153846153846, 
    -34.6153846153846, -34.6153846153846, -34.6153846153846, 
    -34.6153846153846, -34.6153846153846, -34.6153846153846, 
    -34.6153846153846, -34.6153846153846, -34.6153846153846, 
    -34.6153846153846, -34.6153846153846, -34.6153846153846, 
    -34.6153846153846, -34.6153846153846, -34.6153846153846, 
    -30.7692307692308, -30.7692307692308, -30.7692307692308, 
    -30.7692307692308, -30.7692307692308, -30.7692307692308, 
    -30.7692307692308, -30.7692307692308, -30.7692307692308, 
    -30.7692307692308, -30.7692307692308, -30.7692307692308, 
    -30.7692307692308, -30.7692307692308, -30.7692307692308, 
    -30.7692307692308, -30.7692307692308, -30.7692307692308, 
    -30.7692307692308, -30.7692307692308, -30.7692307692308, 
    -30.7692307692308, -26.9230769230769, -26.9230769230769, 
    -26.9230769230769, -26.9230769230769, -26.9230769230769, 
    -26.9230769230769, -26.9230769230769, -26.9230769230769, 
    -26.9230769230769, -26.9230769230769, -26.9230769230769, 
    -26.9230769230769, -26.9230769230769, -26.9230769230769, 
    -26.9230769230769, -26.9230769230769, -26.9230769230769, 
    -26.9230769230769, -26.9230769230769, -26.9230769230769, 
    -26.9230769230769, -26.9230769230769, -23.0769230769231, 
    -23.0769230769231, -23.0769230769231, -23.0769230769231, 
    -23.0769230769231, -23.0769230769231, -23.0769230769231, 
    -23.0769230769231, -23.0769230769231, -23.0769230769231, 
    -23.0769230769231, -23.0769230769231, -23.0769230769231, 
    -23.0769230769231, -23.0769230769231, -23.0769230769231, 
    -23.0769230769231, -23.0769230769231, -23.0769230769231, 
    -23.0769230769231, -23.0769230769231, -23.0769230769231, 
    -19.2307692307692, -19.2307692307692, -19.2307692307692, 
    -19.2307692307692, -19.2307692307692, -19.2307692307692, 
    -19.2307692307692, -19.2307692307692, -19.2307692307692, 
    -19.2307692307692, -19.2307692307692, -19.2307692307692, 
    -19.2307692307692, -19.2307692307692, -19.2307692307692, 
    -19.2307692307692, -19.2307692307692, -19.2307692307692, 
    -19.2307692307692, -19.2307692307692, -19.2307692307692, 
    -19.2307692307692, -15.3846153846154, -15.3846153846154, 
    -15.3846153846154, -15.3846153846154, -15.3846153846154, 
    -15.3846153846154, -15.3846153846154, -15.3846153846154, 
    -15.3846153846154, -15.3846153846154, -15.3846153846154, 
    -15.3846153846154, -15.3846153846154, -15.3846153846154, 
    -15.3846153846154, -15.3846153846154, -15.3846153846154, 
    -15.3846153846154, -15.3846153846154, -15.3846153846154, 
    -15.3846153846154, -15.3846153846154, -11.5384615384615, 
    -11.5384615384615, -11.5384615384615, -11.5384615384615, 
    -11.5384615384615, -11.5384615384615, -11.5384615384615, 
    -11.5384615384615, -11.5384615384615, -11.5384615384615, 
    -11.5384615384615, -11.5384615384615, -11.5384615384615, 
    -11.5384615384615, -11.5384615384615, -11.5384615384615, 
    -11.5384615384615, -11.5384615384615, -11.5384615384615, 
    -11.5384615384615, -11.5384615384615, -11.5384615384615, 
    -7.69230769230769, -7.69230769230769, -7.69230769230769, 
    -7.69230769230769, -7.69230769230769, -7.69230769230769, 
    -7.69230769230769, -7.69230769230769, -7.69230769230769, 
    -7.69230769230769, -7.69230769230769, -7.69230769230769, 
    -7.69230769230769, -7.69230769230769, -7.69230769230769, 
    -7.69230769230769, -7.69230769230769, -7.69230769230769, 
    -7.69230769230769, -7.69230769230769, -7.69230769230769, 
    -7.69230769230769, -3.84615384615385, -3.84615384615385, 
    -3.84615384615385, -3.84615384615385, -3.84615384615385, 
    -3.84615384615385, -3.84615384615385, -3.84615384615385, 
    -3.84615384615385, -3.84615384615385, -3.84615384615385, 
    -3.84615384615385, -3.84615384615385, -3.84615384615385, 
    -3.84615384615385, -3.84615384615385, -3.84615384615385, 
    -3.84615384615385, -3.84615384615385, -3.84615384615385, 
    -3.84615384615385, -3.84615384615385, -50, -50, -46.1538461538462, 
    -46.1538461538462, -50, -46.1538461538462, -50, -46.1538461538461, -50, 
    -46.1538461538461, -50, -46.1538461538461, -50, -46.1538461538461, -50, 
    -46.1538461538461, -50, -46.1538461538461, -50, -46.1538461538462, -50, 
    -46.1538461538462, -42.3076923076923, -42.3076923076923, 
    -42.3076923076923, -42.3076923076923, -42.3076923076923, 
    -42.3076923076923, -42.3076923076923, -42.3076923076923, 
    -42.3076923076923, -42.3076923076923, -42.3076923076923, 
    -38.4615384615385, -38.4615384615385, -38.4615384615385, 
    -38.4615384615385, -38.4615384615385, -38.4615384615385, 
    -38.4615384615385, -38.4615384615385, -38.4615384615385, 
    -38.4615384615385, -38.4615384615385, -34.6153846153846, 
    -34.6153846153846, -34.6153846153846, -34.6153846153846, 
    -34.6153846153846, -34.6153846153846, -34.6153846153846, 
    -34.6153846153846, -34.6153846153846, -34.6153846153846, 
    -34.6153846153846, -30.7692307692308, -30.7692307692308, 
    -30.7692307692308, -30.7692307692308, -30.7692307692308, 
    -30.7692307692308, -30.7692307692308, -30.7692307692308, 
    -30.7692307692308, -30.7692307692308, -30.7692307692308, 
    -26.9230769230769, -26.9230769230769, -26.9230769230769, 
    -26.9230769230769, -26.9230769230769, -26.9230769230769, 
    -26.9230769230769, -26.9230769230769, -26.9230769230769, 
    -26.9230769230769, -26.9230769230769, -23.0769230769231, 
    -23.0769230769231, -23.0769230769231, -23.0769230769231, 
    -23.0769230769231, -23.0769230769231, -23.0769230769231, 
    -23.0769230769231, -23.0769230769231, -23.0769230769231, 
    -23.0769230769231, -19.2307692307692, -19.2307692307692, 
    -19.2307692307692, -19.2307692307692, -19.2307692307692, 
    -19.2307692307692, -19.2307692307692, -19.2307692307692, 
    -19.2307692307692, -19.2307692307692, -19.2307692307692, 
    -15.3846153846154, -15.3846153846154, -15.3846153846154, 
    -15.3846153846154, -15.3846153846154, -15.3846153846154, 
    -15.3846153846154, -15.3846153846154, -15.3846153846154, 
    -15.3846153846154, -15.3846153846154, -11.5384615384615, 
    -11.5384615384615, -11.5384615384615, -11.5384615384615, 
    -11.5384615384615, -11.5384615384615, -11.5384615384615, 
    -11.5384615384615, -11.5384615384615, -11.5384615384615, 
    -11.5384615384615, -7.69230769230769, -7.6923076923077, 
    -7.69230769230769, -7.69230769230769, -7.69230769230769, 
    -7.69230769230769, -7.69230769230769, -7.69230769230769, 
    -7.69230769230769, -7.69230769230769, -7.69230769230769, 
    -3.84615384615385, -3.84615384615385, -3.84615384615385, 
    -3.84615384615385, -3.84615384615385, -3.84615384615385, 
    -3.84615384615385, -3.84615384615385, -3.84615384615385, 
    -3.84615384615385, -3.84615384615385, -50, -50, -46.1538461538462, 
    -46.1538461538462, -50, -46.1538461538462, -50, -46.1538461538462, -50, 
    -46.1538461538461, -50, -46.1538461538461, -50, -46.1538461538461, -50, 
    -46.1538461538461, -50, -46.1538461538462, -50, -46.1538461538462, -50, 
    -46.1538461538462, -42.3076923076923, -42.3076923076923, 
    -42.3076923076923, -42.3076923076923, -42.3076923076923, 
    -42.3076923076923, -42.3076923076923, -42.3076923076923, 
    -42.3076923076923, -42.3076923076923, -42.3076923076923, 
    -38.4615384615385, -38.4615384615385, -38.4615384615385, 
    -38.4615384615385, -38.4615384615385, -38.4615384615385, 
    -38.4615384615385, -38.4615384615385, -38.4615384615385, 
    -38.4615384615385, -38.4615384615385, -34.6153846153846, 
    -34.6153846153846, -34.6153846153846, -34.6153846153846, 
    -34.6153846153846, -34.6153846153846, -34.6153846153846, 
    -34.6153846153846, -34.6153846153846, -34.6153846153846, 
    -34.6153846153846, -30.7692307692308, -30.7692307692308, 
    -30.7692307692308, -30.7692307692308, -30.7692307692308, 
    -30.7692307692308, -30.7692307692308, -30.7692307692308, 
    -30.7692307692308, -30.7692307692308, -30.7692307692308, 
    -26.9230769230769, -26.9230769230769, -26.9230769230769, 
    -26.9230769230769, -26.9230769230769, -26.9230769230769, 
    -26.9230769230769, -26.9230769230769, -26.9230769230769, 
    -26.9230769230769, -26.9230769230769, -23.0769230769231, 
    -23.0769230769231, -23.0769230769231, -23.0769230769231, 
    -23.0769230769231, -23.0769230769231, -23.0769230769231, 
    -23.0769230769231, -23.0769230769231, -23.0769230769231, 
    -23.0769230769231, -19.2307692307692, -19.2307692307692, 
    -19.2307692307692, -19.2307692307692, -19.2307692307692, 
    -19.2307692307692, -19.2307692307692, -19.2307692307692, 
    -19.2307692307692, -19.2307692307692, -19.2307692307692, 
    -15.3846153846154, -15.3846153846154, -15.3846153846154, 
    -15.3846153846154, -15.3846153846154, -15.3846153846154, 
    -15.3846153846154, -15.3846153846154, -15.3846153846154, 
    -15.3846153846154, -15.3846153846154, -11.5384615384615, 
    -11.5384615384615, -11.5384615384615, -11.5384615384615, 
    -11.5384615384615, -11.5384615384615, -11.5384615384615, 
    -11.5384615384615, -11.5384615384615, -11.5384615384615, 
    -11.5384615384615, -7.69230769230769, -7.69230769230769, 
    -7.6923076923077, -7.69230769230769, -7.69230769230769, 
    -7.69230769230769, -7.69230769230769, -7.69230769230769, 
    -7.69230769230769, -7.69230769230769, -7.69230769230769, 
    -3.84615384615385, -3.84615384615385, -3.84615384615385, 
    -3.84615384615385, -3.84615384615385, -3.84615384615385, 
    -3.84615384615385, -3.84615384615385, -3.84615384615385, 
    -3.84615384615385, -3.84615384615385, -50, -50, -46.1538461538462, 
    -46.1538461538461, -50, -46.1538461538461, -50, -46.1538461538461, -50, 
    -46.1538461538461, -50, -46.1538461538461, -50, -46.1538461538461, -50, 
    -46.1538461538461, -50, -46.1538461538461, -50, -46.1538461538462, -50, 
    -46.1538461538462, -50, -50, -46.1538461538461, -46.1538461538461, -50, 
    -46.1538461538461, -50, -46.1538461538461, -50, -46.1538461538462, -50, 
    -46.1538461538462, -50, -46.1538461538462, -50, -46.1538461538462, -50, 
    -46.1538461538461, -50, -46.1538461538461, -50, -46.1538461538461, -50, 
    -50, -46.1538461538462, -46.1538461538461, -50, -46.1538461538461, -50, 
    -46.1538461538462, -50, -46.1538461538462, -50, -46.1538461538462, -50, 
    -46.1538461538462, -50, -46.1538461538462, -50, -46.1538461538461, -50, 
    -46.1538461538461, -50, -46.1538461538461, -50, -50, -46.1538461538461, 
    -46.1538461538461, -50, -46.1538461538462, -50, -46.1538461538461, -50, 
    -46.1538461538462, -50, -46.1538461538462, -50, -46.1538461538461, -50, 
    -46.1538461538461, -50, -46.1538461538461, -50, -46.1538461538461, -50, 
    -46.1538461538462, -50, -50, -46.1538461538462, -46.1538461538462, -50, 
    -46.1538461538462, -50, -46.1538461538462, -50, -46.1538461538461, -50, 
    -46.1538461538461, -50, -46.1538461538461, -50, -46.1538461538461, -50, 
    -46.1538461538462, -50, -46.1538461538462, -50, -46.1538461538462, 
    -42.3076923076923, -42.3076923076923, -42.3076923076923, 
    -42.3076923076923, -42.3076923076923, -42.3076923076923, 
    -42.3076923076923, -42.3076923076923, -42.3076923076923, 
    -42.3076923076923, -42.3076923076923, -42.3076923076923, 
    -42.3076923076923, -42.3076923076923, -42.3076923076923, 
    -42.3076923076923, -42.3076923076923, -42.3076923076923, 
    -42.3076923076923, -42.3076923076923, -42.3076923076923, 
    -42.3076923076923, -42.3076923076923, -42.3076923076923, 
    -42.3076923076923, -42.3076923076923, -42.3076923076923, 
    -42.3076923076923, -42.3076923076923, -42.3076923076923, 
    -42.3076923076923, -42.3076923076923, -42.3076923076923, 
    -42.3076923076923, -42.3076923076923, -42.3076923076923, 
    -42.3076923076923, -42.3076923076923, -42.3076923076923, 
    -42.3076923076923, -42.3076923076923, -42.3076923076923, 
    -42.3076923076923, -42.3076923076923, -42.3076923076923, 
    -42.3076923076923, -42.3076923076923, -42.3076923076923, 
    -42.3076923076923, -42.3076923076923, -42.3076923076923, 
    -42.3076923076923, -42.3076923076923, -42.3076923076923, 
    -42.3076923076923, -38.4615384615384, -38.4615384615384, 
    -38.4615384615384, -38.4615384615385, -38.4615384615384, 
    -38.4615384615385, -38.4615384615385, -38.4615384615385, 
    -38.4615384615385, -38.4615384615385, -38.4615384615385, 
    -38.4615384615385, -38.4615384615385, -38.4615384615385, 
    -38.4615384615385, -38.4615384615385, -38.4615384615385, 
    -38.4615384615385, -38.4615384615385, -38.4615384615385, 
    -38.4615384615385, -38.4615384615385, -38.4615384615385, 
    -38.4615384615385, -38.4615384615385, -38.4615384615385, 
    -38.4615384615385, -38.4615384615385, -38.4615384615385, 
    -38.4615384615385, -38.4615384615385, -38.4615384615385, 
    -38.4615384615385, -38.4615384615385, -38.4615384615384, 
    -38.4615384615384, -38.4615384615385, -38.4615384615385, 
    -38.4615384615385, -38.4615384615385, -38.4615384615385, 
    -38.4615384615385, -38.4615384615385, -38.4615384615385, 
    -38.4615384615385, -38.4615384615385, -38.4615384615385, 
    -38.4615384615385, -38.4615384615385, -38.4615384615385, 
    -38.4615384615385, -38.4615384615385, -38.4615384615385, 
    -38.4615384615385, -38.4615384615385, -34.6153846153846, 
    -34.6153846153846, -34.6153846153846, -34.6153846153846, 
    -34.6153846153846, -34.6153846153846, -34.6153846153846, 
    -34.6153846153846, -34.6153846153846, -34.6153846153846, 
    -34.6153846153846, -34.6153846153846, -34.6153846153846, 
    -34.6153846153846, -34.6153846153846, -34.6153846153846, 
    -34.6153846153846, -34.6153846153846, -34.6153846153846, 
    -34.6153846153846, -34.6153846153846, -34.6153846153846, 
    -34.6153846153846, -34.6153846153846, -34.6153846153846, 
    -34.6153846153846, -34.6153846153846, -34.6153846153846, 
    -34.6153846153846, -34.6153846153846, -34.6153846153846, 
    -34.6153846153846, -34.6153846153846, -34.6153846153846, 
    -34.6153846153846, -34.6153846153846, -34.6153846153846, 
    -34.6153846153846, -34.6153846153846, -34.6153846153846, 
    -34.6153846153846, -34.6153846153846, -34.6153846153846, 
    -34.6153846153846, -34.6153846153846, -34.6153846153846, 
    -34.6153846153846, -34.6153846153846, -34.6153846153846, 
    -34.6153846153846, -34.6153846153846, -34.6153846153846, 
    -34.6153846153846, -34.6153846153846, -34.6153846153846, 
    -30.7692307692308, -30.7692307692308, -30.7692307692308, 
    -30.7692307692308, -30.7692307692308, -30.7692307692308, 
    -30.7692307692308, -30.7692307692308, -30.7692307692308, 
    -30.7692307692308, -30.7692307692308, -30.7692307692308, 
    -30.7692307692308, -30.7692307692308, -30.7692307692308, 
    -30.7692307692308, -30.7692307692308, -30.7692307692308, 
    -30.7692307692308, -30.7692307692308, -30.7692307692308, 
    -30.7692307692308, -30.7692307692308, -30.7692307692308, 
    -30.7692307692308, -30.7692307692308, -30.7692307692308, 
    -30.7692307692308, -30.7692307692308, -30.7692307692308, 
    -30.7692307692308, -30.7692307692308, -30.7692307692308, 
    -30.7692307692308, -30.7692307692308, -30.7692307692308, 
    -30.7692307692308, -30.7692307692308, -30.7692307692308, 
    -30.7692307692308, -30.7692307692308, -30.7692307692308, 
    -30.7692307692308, -30.7692307692308, -30.7692307692308, 
    -30.7692307692308, -30.7692307692308, -30.7692307692308, 
    -30.7692307692308, -30.7692307692308, -30.7692307692308, 
    -30.7692307692308, -30.7692307692308, -30.7692307692308, 
    -30.7692307692308, -26.9230769230769, -26.9230769230769, 
    -26.9230769230769, -26.9230769230769, -26.9230769230769, 
    -26.9230769230769, -26.9230769230769, -26.9230769230769, 
    -26.9230769230769, -26.9230769230769, -26.9230769230769, 
    -26.9230769230769, -26.9230769230769, -26.9230769230769, 
    -26.9230769230769, -26.9230769230769, -26.9230769230769, 
    -26.9230769230769, -26.9230769230769, -26.9230769230769, 
    -26.9230769230769, -26.9230769230769, -26.9230769230769, 
    -26.9230769230769, -26.9230769230769, -26.9230769230769, 
    -26.9230769230769, -26.9230769230769, -26.9230769230769, 
    -26.9230769230769, -26.9230769230769, -26.9230769230769, 
    -26.9230769230769, -26.9230769230769, -26.9230769230769, 
    -26.9230769230769, -26.9230769230769, -26.9230769230769, 
    -26.9230769230769, -26.9230769230769, -26.9230769230769, 
    -26.9230769230769, -26.9230769230769, -26.9230769230769, 
    -26.9230769230769, -26.9230769230769, -26.9230769230769, 
    -26.9230769230769, -26.9230769230769, -26.9230769230769, 
    -26.9230769230769, -26.9230769230769, -26.9230769230769, 
    -26.9230769230769, -26.9230769230769, -23.0769230769231, 
    -23.0769230769231, -23.0769230769231, -23.0769230769231, 
    -23.0769230769231, -23.0769230769231, -23.0769230769231, 
    -23.0769230769231, -23.0769230769231, -23.0769230769231, 
    -23.0769230769231, -23.0769230769231, -23.0769230769231, 
    -23.0769230769231, -23.0769230769231, -23.0769230769231, 
    -23.0769230769231, -23.0769230769231, -23.0769230769231, 
    -23.0769230769231, -23.0769230769231, -23.0769230769231, 
    -23.0769230769231, -23.0769230769231, -23.0769230769231, 
    -23.0769230769231, -23.0769230769231, -23.0769230769231, 
    -23.0769230769231, -23.0769230769231, -23.0769230769231, 
    -23.0769230769231, -23.0769230769231, -23.0769230769231, 
    -23.0769230769231, -23.0769230769231, -23.0769230769231, 
    -23.0769230769231, -23.0769230769231, -23.0769230769231, 
    -23.0769230769231, -23.0769230769231, -23.0769230769231, 
    -23.0769230769231, -23.0769230769231, -23.0769230769231, 
    -23.0769230769231, -23.0769230769231, -23.0769230769231, 
    -23.0769230769231, -23.0769230769231, -23.0769230769231, 
    -23.0769230769231, -23.0769230769231, -23.0769230769231, 
    -19.2307692307692, -19.2307692307692, -19.2307692307692, 
    -19.2307692307692, -19.2307692307692, -19.2307692307692, 
    -19.2307692307692, -19.2307692307692, -19.2307692307692, 
    -19.2307692307692, -19.2307692307692, -19.2307692307692, 
    -19.2307692307692, -19.2307692307692, -19.2307692307692, 
    -19.2307692307692, -19.2307692307692, -19.2307692307692, 
    -19.2307692307692, -19.2307692307692, -19.2307692307692, 
    -19.2307692307692, -19.2307692307692, -19.2307692307692, 
    -19.2307692307692, -19.2307692307692, -19.2307692307692, 
    -19.2307692307692, -19.2307692307692, -19.2307692307692, 
    -19.2307692307692, -19.2307692307692, -19.2307692307692, 
    -19.2307692307692, -19.2307692307692, -19.2307692307692, 
    -19.2307692307692, -19.2307692307692, -19.2307692307692, 
    -19.2307692307692, -19.2307692307692, -19.2307692307692, 
    -19.2307692307692, -19.2307692307692, -19.2307692307692, 
    -19.2307692307692, -19.2307692307692, -19.2307692307692, 
    -19.2307692307692, -19.2307692307692, -19.2307692307692, 
    -19.2307692307692, -19.2307692307692, -19.2307692307692, 
    -19.2307692307692, -15.3846153846154, -15.3846153846154, 
    -15.3846153846154, -15.3846153846154, -15.3846153846154, 
    -15.3846153846154, -15.3846153846154, -15.3846153846154, 
    -15.3846153846154, -15.3846153846154, -15.3846153846154, 
    -15.3846153846154, -15.3846153846154, -15.3846153846154, 
    -15.3846153846154, -15.3846153846154, -15.3846153846154, 
    -15.3846153846154, -15.3846153846154, -15.3846153846154, 
    -15.3846153846154, -15.3846153846154, -15.3846153846154, 
    -15.3846153846154, -15.3846153846154, -15.3846153846154, 
    -15.3846153846154, -15.3846153846154, -15.3846153846154, 
    -15.3846153846154, -15.3846153846154, -15.3846153846154, 
    -15.3846153846154, -15.3846153846154, -15.3846153846154, 
    -15.3846153846154, -15.3846153846154, -15.3846153846154, 
    -15.3846153846154, -15.3846153846154, -15.3846153846154, 
    -15.3846153846154, -15.3846153846154, -15.3846153846154, 
    -15.3846153846154, -15.3846153846154, -15.3846153846154, 
    -15.3846153846154, -15.3846153846154, -15.3846153846154, 
    -15.3846153846154, -15.3846153846154, -15.3846153846154, 
    -15.3846153846154, -15.3846153846154, -11.5384615384615, 
    -11.5384615384615, -11.5384615384615, -11.5384615384615, 
    -11.5384615384615, -11.5384615384615, -11.5384615384615, 
    -11.5384615384615, -11.5384615384615, -11.5384615384615, 
    -11.5384615384615, -11.5384615384615, -11.5384615384615, 
    -11.5384615384615, -11.5384615384615, -11.5384615384615, 
    -11.5384615384615, -11.5384615384615, -11.5384615384615, 
    -11.5384615384615, -11.5384615384615, -11.5384615384615, 
    -11.5384615384615, -11.5384615384615, -11.5384615384615, 
    -11.5384615384615, -11.5384615384615, -11.5384615384615, 
    -11.5384615384615, -11.5384615384615, -11.5384615384615, 
    -11.5384615384615, -11.5384615384615, -11.5384615384615, 
    -11.5384615384615, -11.5384615384615, -11.5384615384615, 
    -11.5384615384615, -11.5384615384615, -11.5384615384615, 
    -11.5384615384615, -11.5384615384615, -11.5384615384615, 
    -11.5384615384615, -11.5384615384615, -11.5384615384615, 
    -11.5384615384615, -11.5384615384615, -11.5384615384615, 
    -11.5384615384615, -11.5384615384615, -11.5384615384615, 
    -11.5384615384615, -11.5384615384615, -11.5384615384615, 
    -7.69230769230769, -7.69230769230769, -7.69230769230769, 
    -7.69230769230769, -7.69230769230769, -7.69230769230769, 
    -7.69230769230769, -7.69230769230769, -7.69230769230769, 
    -7.69230769230769, -7.69230769230769, -7.69230769230769, 
    -7.6923076923077, -7.69230769230769, -7.69230769230769, 
    -7.69230769230769, -7.69230769230769, -7.69230769230769, 
    -7.69230769230769, -7.69230769230769, -7.69230769230769, 
    -7.69230769230769, -7.69230769230769, -7.6923076923077, 
    -7.69230769230769, -7.69230769230769, -7.69230769230769, 
    -7.69230769230769, -7.69230769230769, -7.69230769230769, 
    -7.69230769230769, -7.69230769230769, -7.69230769230769, 
    -7.69230769230769, -7.69230769230769, -7.69230769230769, 
    -7.69230769230769, -7.69230769230769, -7.69230769230769, 
    -7.69230769230769, -7.69230769230769, -7.69230769230769, 
    -7.69230769230769, -7.69230769230769, -7.69230769230769, 
    -7.69230769230769, -7.69230769230769, -7.69230769230769, 
    -7.69230769230769, -7.69230769230769, -7.69230769230769, 
    -7.69230769230769, -7.69230769230769, -7.69230769230769, 
    -7.69230769230769, -3.84615384615385, -3.84615384615385, 
    -3.84615384615385, -3.84615384615385, -3.84615384615385, 
    -3.84615384615385, -3.84615384615385, -3.84615384615385, 
    -3.84615384615385, -3.84615384615385, -3.84615384615385, 
    -3.84615384615385, -3.84615384615385, -3.84615384615385, 
    -3.84615384615385, -3.84615384615385, -3.84615384615385, 
    -3.84615384615385, -3.84615384615385, -3.84615384615385, 
    -3.84615384615385, -3.84615384615384, -3.84615384615385, 
    -3.84615384615385, -3.84615384615385, -3.84615384615385, 
    -3.84615384615385, -3.84615384615385, -3.84615384615384, 
    -3.84615384615385, -3.84615384615385, -3.84615384615385, 
    -3.84615384615385, -3.84615384615385, -3.84615384615385, 
    -3.84615384615385, -3.84615384615385, -3.84615384615385, 
    -3.84615384615385, -3.84615384615385, -3.84615384615385, 
    -3.84615384615385, -3.84615384615385, -3.84615384615385, 
    -3.84615384615385, -3.84615384615385, -3.84615384615385, 
    -3.84615384615385, -3.84615384615385, -3.84615384615385, 
    -3.84615384615385, -3.84615384615385, -3.84615384615385, 
    -3.84615384615385, -3.84615384615385, 0, 3.84615384615385, 0, 
    3.84615384615385, 0, 3.84615384615385, 0, 3.84615384615385, 0, 
    3.84615384615385, 0, 3.84615384615385, 0, 3.84615384615385, 0, 
    3.84615384615385, 0, 3.84615384615385, 0, 3.84615384615385, 
    7.6923076923077, 7.6923076923077, 7.69230769230769, 7.69230769230769, 
    7.69230769230769, 7.69230769230769, 7.69230769230769, 7.69230769230769, 
    7.69230769230769, 7.69230769230769, 11.5384615384615, 11.5384615384615, 
    11.5384615384615, 11.5384615384615, 11.5384615384615, 11.5384615384615, 
    11.5384615384615, 11.5384615384615, 11.5384615384615, 11.5384615384615, 
    15.3846153846154, 15.3846153846154, 15.3846153846154, 15.3846153846154, 
    15.3846153846154, 15.3846153846154, 15.3846153846154, 15.3846153846154, 
    15.3846153846154, 15.3846153846154, 19.2307692307692, 19.2307692307692, 
    19.2307692307692, 19.2307692307692, 19.2307692307692, 19.2307692307692, 
    19.2307692307692, 19.2307692307692, 19.2307692307692, 19.2307692307692, 
    23.0769230769231, 23.0769230769231, 23.0769230769231, 23.0769230769231, 
    23.0769230769231, 23.0769230769231, 23.0769230769231, 23.0769230769231, 
    23.0769230769231, 23.0769230769231, 26.9230769230769, 26.9230769230769, 
    26.9230769230769, 26.9230769230769, 26.9230769230769, 26.9230769230769, 
    26.9230769230769, 26.9230769230769, 26.9230769230769, 26.9230769230769, 
    30.7692307692308, 30.7692307692308, 30.7692307692308, 30.7692307692308, 
    30.7692307692308, 30.7692307692308, 30.7692307692308, 30.7692307692308, 
    30.7692307692308, 30.7692307692308, 34.6153846153846, 34.6153846153846, 
    34.6153846153846, 34.6153846153846, 34.6153846153846, 34.6153846153846, 
    34.6153846153846, 34.6153846153846, 34.6153846153846, 34.6153846153846, 
    38.4615384615385, 38.4615384615385, 38.4615384615385, 38.4615384615385, 
    38.4615384615385, 38.4615384615385, 38.4615384615385, 38.4615384615385, 
    38.4615384615385, 38.4615384615385, 42.3076923076923, 42.3076923076923, 
    42.3076923076923, 42.3076923076923, 42.3076923076923, 42.3076923076923, 
    42.3076923076923, 42.3076923076923, 42.3076923076923, 42.3076923076923, 
    46.1538461538462, 46.1538461538462, 46.1538461538461, 46.1538461538461, 
    46.1538461538461, 46.1538461538461, 46.1538461538462, 46.1538461538461, 
    46.1538461538462, 46.1538461538462, 50, 50, 50, 50, 50, 50, 50, 50, 50, 
    50, 0, 3.84615384615385, 0, 3.84615384615385, 0, 3.84615384615385, 0, 
    3.84615384615385, 0, 3.84615384615385, 7.69230769230769, 
    7.69230769230769, 7.69230769230769, 7.69230769230769, 7.69230769230769, 
    11.5384615384615, 11.5384615384615, 11.5384615384615, 11.5384615384615, 
    11.5384615384615, 15.3846153846154, 15.3846153846154, 15.3846153846154, 
    15.3846153846154, 15.3846153846154, 19.2307692307692, 19.2307692307692, 
    19.2307692307692, 19.2307692307692, 19.2307692307692, 23.0769230769231, 
    23.0769230769231, 23.0769230769231, 23.0769230769231, 23.0769230769231, 
    26.9230769230769, 26.9230769230769, 26.9230769230769, 26.9230769230769, 
    26.9230769230769, 30.7692307692308, 30.7692307692308, 30.7692307692308, 
    30.7692307692308, 30.7692307692308, 34.6153846153846, 34.6153846153846, 
    34.6153846153846, 34.6153846153846, 34.6153846153846, 38.4615384615385, 
    38.4615384615385, 38.4615384615385, 38.4615384615385, 38.4615384615385, 
    42.3076923076923, 42.3076923076923, 42.3076923076923, 42.3076923076923, 
    42.3076923076923, 46.1538461538461, 46.1538461538462, 46.1538461538462, 
    46.1538461538461, 46.1538461538462, 50, 50, 50, 50, 50, 0, 
    3.84615384615385, 0, 3.84615384615385, 0, 3.84615384615385, 0, 
    3.84615384615385, 0, 3.84615384615385, 7.69230769230769, 
    7.69230769230769, 7.69230769230769, 7.69230769230769, 7.69230769230769, 
    11.5384615384615, 11.5384615384615, 11.5384615384615, 11.5384615384615, 
    11.5384615384615, 15.3846153846154, 15.3846153846154, 15.3846153846154, 
    15.3846153846154, 15.3846153846154, 19.2307692307692, 19.2307692307692, 
    19.2307692307692, 19.2307692307692, 19.2307692307692, 23.0769230769231, 
    23.0769230769231, 23.0769230769231, 23.0769230769231, 23.0769230769231, 
    26.9230769230769, 26.9230769230769, 26.9230769230769, 26.9230769230769, 
    26.9230769230769, 30.7692307692308, 30.7692307692308, 30.7692307692308, 
    30.7692307692308, 30.7692307692308, 34.6153846153846, 34.6153846153846, 
    34.6153846153846, 34.6153846153846, 34.6153846153846, 38.4615384615385, 
    38.4615384615385, 38.4615384615385, 38.4615384615385, 38.4615384615385, 
    42.3076923076923, 42.3076923076923, 42.3076923076923, 42.3076923076923, 
    42.3076923076923, 46.1538461538461, 46.1538461538461, 46.1538461538461, 
    46.1538461538462, 46.1538461538461, 50, 50, 50, 50, 50, 0, 
    3.84615384615385, 0, 3.84615384615385, 0, 3.84615384615385, 0, 
    3.84615384615385, 0, 3.84615384615385, 7.69230769230769, 
    7.69230769230769, 7.69230769230769, 7.69230769230769, 7.69230769230769, 
    11.5384615384615, 11.5384615384615, 11.5384615384615, 11.5384615384615, 
    11.5384615384615, 15.3846153846154, 15.3846153846154, 15.3846153846154, 
    15.3846153846154, 15.3846153846154, 19.2307692307692, 19.2307692307692, 
    19.2307692307692, 19.2307692307692, 19.2307692307692, 23.0769230769231, 
    23.0769230769231, 23.0769230769231, 23.0769230769231, 23.0769230769231, 
    26.9230769230769, 26.9230769230769, 26.9230769230769, 26.9230769230769, 
    26.9230769230769, 30.7692307692308, 30.7692307692308, 30.7692307692308, 
    30.7692307692308, 30.7692307692308, 34.6153846153846, 34.6153846153846, 
    34.6153846153846, 34.6153846153846, 34.6153846153846, 38.4615384615385, 
    38.4615384615385, 38.4615384615385, 38.4615384615385, 38.4615384615385, 
    42.3076923076923, 42.3076923076923, 42.3076923076923, 42.3076923076923, 
    42.3076923076923, 46.1538461538462, 46.1538461538461, 46.1538461538462, 
    46.1538461538462, 46.1538461538461, 50, 50, 50, 50, 50, 0, 
    3.84615384615385, 0, 3.84615384615385, 0, 3.84615384615385, 0, 
    3.84615384615385, 0, 3.84615384615385, 7.69230769230769, 
    7.69230769230769, 7.69230769230769, 7.69230769230769, 7.69230769230769, 
    11.5384615384615, 11.5384615384615, 11.5384615384615, 11.5384615384615, 
    11.5384615384615, 15.3846153846154, 15.3846153846154, 15.3846153846154, 
    15.3846153846154, 15.3846153846154, 19.2307692307692, 19.2307692307692, 
    19.2307692307692, 19.2307692307692, 19.2307692307692, 23.0769230769231, 
    23.0769230769231, 23.0769230769231, 23.0769230769231, 23.0769230769231, 
    26.9230769230769, 26.9230769230769, 26.9230769230769, 26.9230769230769, 
    26.9230769230769, 30.7692307692308, 30.7692307692308, 30.7692307692308, 
    30.7692307692308, 30.7692307692308, 34.6153846153846, 34.6153846153846, 
    34.6153846153846, 34.6153846153846, 34.6153846153846, 38.4615384615385, 
    38.4615384615385, 38.4615384615385, 38.4615384615385, 38.4615384615385, 
    42.3076923076923, 42.3076923076923, 42.3076923076923, 42.3076923076923, 
    42.3076923076923, 46.1538461538462, 46.1538461538461, 46.1538461538461, 
    46.1538461538462, 46.1538461538461, 50, 50, 50, 50, 50, 0, 
    3.84615384615385, 0, 3.84615384615385, 0, 3.84615384615385, 0, 
    3.84615384615385, 0, 3.84615384615385, 7.6923076923077, 7.69230769230769, 
    7.69230769230769, 7.69230769230769, 7.69230769230769, 11.5384615384615, 
    11.5384615384615, 11.5384615384615, 11.5384615384615, 11.5384615384615, 
    15.3846153846154, 15.3846153846154, 15.3846153846154, 15.3846153846154, 
    15.3846153846154, 19.2307692307692, 19.2307692307692, 19.2307692307692, 
    19.2307692307692, 19.2307692307692, 23.0769230769231, 23.0769230769231, 
    23.0769230769231, 23.0769230769231, 23.0769230769231, 26.9230769230769, 
    26.9230769230769, 26.9230769230769, 26.9230769230769, 26.9230769230769, 
    30.7692307692308, 30.7692307692308, 30.7692307692308, 30.7692307692308, 
    30.7692307692308, 34.6153846153846, 34.6153846153846, 34.6153846153846, 
    34.6153846153846, 34.6153846153846, 38.4615384615385, 38.4615384615385, 
    38.4615384615385, 38.4615384615385, 38.4615384615385, 42.3076923076923, 
    42.3076923076923, 42.3076923076923, 42.3076923076923, 42.3076923076923, 
    46.1538461538462, 46.1538461538461, 46.1538461538461, 46.1538461538462, 
    46.1538461538461, 50, 50, 50, 50, 50, 0, 3.84615384615385, 0, 
    3.84615384615385, 0, 3.84615384615385, 0, 3.84615384615385, 0, 
    3.84615384615385, 7.69230769230769, 7.69230769230769, 7.69230769230769, 
    7.69230769230769, 7.69230769230769, 11.5384615384615, 11.5384615384615, 
    11.5384615384615, 11.5384615384615, 11.5384615384615, 15.3846153846154, 
    15.3846153846154, 15.3846153846154, 15.3846153846154, 15.3846153846154, 
    19.2307692307692, 19.2307692307692, 19.2307692307692, 19.2307692307692, 
    19.2307692307692, 23.0769230769231, 23.0769230769231, 23.0769230769231, 
    23.0769230769231, 23.0769230769231, 26.9230769230769, 26.9230769230769, 
    26.9230769230769, 26.9230769230769, 26.9230769230769, 30.7692307692308, 
    30.7692307692308, 30.7692307692308, 30.7692307692308, 30.7692307692308, 
    34.6153846153846, 34.6153846153846, 34.6153846153846, 34.6153846153846, 
    34.6153846153846, 38.4615384615385, 38.4615384615385, 38.4615384615385, 
    38.4615384615385, 38.4615384615385, 42.3076923076923, 42.3076923076923, 
    42.3076923076923, 42.3076923076923, 42.3076923076923, 46.1538461538461, 
    46.1538461538462, 46.1538461538462, 46.1538461538461, 46.1538461538462, 
    50, 50, 50, 50, 50, 0, 3.84615384615385, 0, 3.84615384615385, 0, 
    3.84615384615385, 0, 3.84615384615385, 0, 3.84615384615385, 
    7.6923076923077, 7.69230769230769, 7.69230769230769, 7.69230769230769, 
    7.6923076923077, 11.5384615384615, 11.5384615384615, 11.5384615384615, 
    11.5384615384615, 11.5384615384615, 15.3846153846154, 15.3846153846154, 
    15.3846153846154, 15.3846153846154, 15.3846153846154, 19.2307692307692, 
    19.2307692307692, 19.2307692307692, 19.2307692307692, 19.2307692307692, 
    23.0769230769231, 23.0769230769231, 23.0769230769231, 23.0769230769231, 
    23.0769230769231, 26.9230769230769, 26.9230769230769, 26.9230769230769, 
    26.9230769230769, 26.9230769230769, 30.7692307692308, 30.7692307692308, 
    30.7692307692308, 30.7692307692308, 30.7692307692308, 34.6153846153846, 
    34.6153846153846, 34.6153846153846, 34.6153846153846, 34.6153846153846, 
    38.4615384615385, 38.4615384615385, 38.4615384615385, 38.4615384615385, 
    38.4615384615385, 42.3076923076923, 42.3076923076923, 42.3076923076923, 
    42.3076923076923, 42.3076923076923, 46.1538461538461, 46.1538461538461, 
    46.1538461538461, 46.1538461538462, 46.1538461538462, 50, 50, 50, 50, 50, 
    0, 3.84615384615385, 0, 3.84615384615385, 0, 3.84615384615385, 0, 
    3.84615384615385, 0, 3.84615384615385, 7.69230769230769, 
    7.69230769230769, 7.69230769230769, 7.69230769230769, 7.69230769230769, 
    11.5384615384615, 11.5384615384615, 11.5384615384615, 11.5384615384615, 
    11.5384615384615, 15.3846153846154, 15.3846153846154, 15.3846153846154, 
    15.3846153846154, 15.3846153846154, 19.2307692307692, 19.2307692307692, 
    19.2307692307692, 19.2307692307692, 19.2307692307692, 23.0769230769231, 
    23.0769230769231, 23.0769230769231, 23.0769230769231, 23.0769230769231, 
    26.9230769230769, 26.9230769230769, 26.9230769230769, 26.9230769230769, 
    26.9230769230769, 30.7692307692308, 30.7692307692308, 30.7692307692308, 
    30.7692307692308, 30.7692307692308, 34.6153846153846, 34.6153846153846, 
    34.6153846153846, 34.6153846153846, 34.6153846153846, 38.4615384615385, 
    38.4615384615385, 38.4615384615385, 38.4615384615385, 38.4615384615385, 
    42.3076923076923, 42.3076923076923, 42.3076923076923, 42.3076923076923, 
    42.3076923076923, 46.1538461538462, 46.1538461538462, 46.1538461538462, 
    46.1538461538461, 46.1538461538462, 50, 50, 50, 50, 50, 0, 
    3.84615384615385, 0, 3.84615384615385, 0, 3.84615384615385, 0, 
    3.84615384615385, 0, 3.84615384615385, 7.69230769230769, 
    7.69230769230769, 7.69230769230769, 7.69230769230769, 7.69230769230769, 
    11.5384615384615, 11.5384615384615, 11.5384615384615, 11.5384615384615, 
    11.5384615384615, 15.3846153846154, 15.3846153846154, 15.3846153846154, 
    15.3846153846154, 15.3846153846154, 19.2307692307692, 19.2307692307692, 
    19.2307692307692, 19.2307692307692, 19.2307692307692, 23.0769230769231, 
    23.0769230769231, 23.0769230769231, 23.0769230769231, 23.0769230769231, 
    26.9230769230769, 26.9230769230769, 26.9230769230769, 26.9230769230769, 
    26.9230769230769, 30.7692307692308, 30.7692307692308, 30.7692307692308, 
    30.7692307692308, 30.7692307692308, 34.6153846153846, 34.6153846153846, 
    34.6153846153846, 34.6153846153846, 34.6153846153846, 38.4615384615385, 
    38.4615384615385, 38.4615384615385, 38.4615384615385, 38.4615384615385, 
    42.3076923076923, 42.3076923076923, 42.3076923076923, 42.3076923076923, 
    42.3076923076923, 46.1538461538461, 46.1538461538461, 46.1538461538461, 
    46.1538461538462, 46.1538461538462, 50, 50, 50, 50, 50, -50, 
    -46.1538461538462, -50, -46.1538461538462, -50, -46.1538461538461, -50, 
    -46.1538461538461, -50, -46.1538461538461, -50, -46.1538461538461, -50, 
    -46.1538461538462, -50, -46.1538461538462, -50, -46.1538461538462, -50, 
    -46.1538461538462, -42.3076923076923, -42.3076923076923, 
    -42.3076923076923, -42.3076923076923, -42.3076923076923, 
    -42.3076923076923, -42.3076923076923, -42.3076923076923, 
    -42.3076923076923, -42.3076923076923, -38.4615384615385, 
    -38.4615384615385, -38.4615384615385, -38.4615384615385, 
    -38.4615384615385, -38.4615384615385, -38.4615384615385, 
    -38.4615384615385, -38.4615384615385, -38.4615384615385, 
    -34.6153846153846, -34.6153846153846, -34.6153846153846, 
    -34.6153846153846, -34.6153846153846, -34.6153846153846, 
    -34.6153846153846, -34.6153846153846, -34.6153846153846, 
    -34.6153846153846, -30.7692307692308, -30.7692307692308, 
    -30.7692307692308, -30.7692307692308, -30.7692307692308, 
    -30.7692307692308, -30.7692307692308, -30.7692307692308, 
    -30.7692307692308, -30.7692307692308, -26.9230769230769, 
    -26.9230769230769, -26.9230769230769, -26.9230769230769, 
    -26.9230769230769, -26.9230769230769, -26.9230769230769, 
    -26.9230769230769, -26.9230769230769, -26.9230769230769, 
    -23.0769230769231, -23.0769230769231, -23.0769230769231, 
    -23.0769230769231, -23.0769230769231, -23.0769230769231, 
    -23.0769230769231, -23.0769230769231, -23.0769230769231, 
    -23.0769230769231, -19.2307692307692, -19.2307692307692, 
    -19.2307692307692, -19.2307692307692, -19.2307692307692, 
    -19.2307692307692, -19.2307692307692, -19.2307692307692, 
    -19.2307692307692, -19.2307692307692, -15.3846153846154, 
    -15.3846153846154, -15.3846153846154, -15.3846153846154, 
    -15.3846153846154, -15.3846153846154, -15.3846153846154, 
    -15.3846153846154, -15.3846153846154, -15.3846153846154, 
    -11.5384615384615, -11.5384615384615, -11.5384615384615, 
    -11.5384615384615, -11.5384615384615, -11.5384615384615, 
    -11.5384615384615, -11.5384615384615, -11.5384615384615, 
    -11.5384615384615, -7.6923076923077, -7.69230769230769, 
    -7.69230769230769, -7.69230769230769, -7.69230769230769, 
    -7.69230769230769, -7.69230769230769, -7.6923076923077, 
    -7.69230769230769, -7.6923076923077, -3.84615384615385, 
    -3.84615384615385, -3.84615384615385, -3.84615384615385, 
    -3.84615384615385, -3.84615384615385, -3.84615384615385, 
    -3.84615384615385, -3.84615384615385, -3.84615384615385, -50, 
    -46.1538461538462, -50, -46.1538461538461, -50, -46.1538461538461, -50, 
    -46.1538461538461, -50, -46.1538461538462, -42.3076923076923, 
    -42.3076923076923, -42.3076923076923, -42.3076923076923, 
    -42.3076923076923, -38.4615384615385, -38.4615384615385, 
    -38.4615384615385, -38.4615384615385, -38.4615384615385, 
    -34.6153846153846, -34.6153846153846, -34.6153846153846, 
    -34.6153846153846, -34.6153846153846, -30.7692307692308, 
    -30.7692307692308, -30.7692307692308, -30.7692307692308, 
    -30.7692307692308, -26.9230769230769, -26.9230769230769, 
    -26.9230769230769, -26.9230769230769, -26.9230769230769, 
    -23.0769230769231, -23.0769230769231, -23.0769230769231, 
    -23.0769230769231, -23.0769230769231, -19.2307692307692, 
    -19.2307692307692, -19.2307692307692, -19.2307692307692, 
    -19.2307692307692, -15.3846153846154, -15.3846153846154, 
    -15.3846153846154, -15.3846153846154, -15.3846153846154, 
    -11.5384615384615, -11.5384615384615, -11.5384615384615, 
    -11.5384615384615, -11.5384615384615, -7.69230769230769, 
    -7.69230769230769, -7.6923076923077, -7.69230769230769, 
    -7.69230769230769, -3.84615384615385, -3.84615384615384, 
    -3.84615384615385, -3.84615384615385, -3.84615384615385, -50, 
    -46.1538461538462, -50, -46.1538461538461, -50, -46.1538461538461, -50, 
    -46.1538461538461, -50, -46.1538461538461, -42.3076923076923, 
    -42.3076923076923, -42.3076923076923, -42.3076923076923, 
    -42.3076923076923, -38.4615384615385, -38.4615384615385, 
    -38.4615384615385, -38.4615384615385, -38.4615384615385, 
    -34.6153846153846, -34.6153846153846, -34.6153846153846, 
    -34.6153846153846, -34.6153846153846, -30.7692307692308, 
    -30.7692307692308, -30.7692307692308, -30.7692307692308, 
    -30.7692307692308, -26.9230769230769, -26.9230769230769, 
    -26.9230769230769, -26.9230769230769, -26.9230769230769, 
    -23.0769230769231, -23.0769230769231, -23.0769230769231, 
    -23.0769230769231, -23.0769230769231, -19.2307692307692, 
    -19.2307692307692, -19.2307692307692, -19.2307692307692, 
    -19.2307692307692, -15.3846153846154, -15.3846153846154, 
    -15.3846153846154, -15.3846153846154, -15.3846153846154, 
    -11.5384615384615, -11.5384615384615, -11.5384615384615, 
    -11.5384615384615, -11.5384615384615, -7.69230769230769, 
    -7.69230769230769, -7.69230769230769, -7.69230769230769, 
    -7.69230769230769, -3.84615384615385, -3.84615384615385, 
    -3.84615384615385, -3.84615384615385, -3.84615384615385, -50, 
    -46.1538461538462, -50, -46.1538461538462, -50, -46.1538461538461, -50, 
    -46.1538461538461, -50, -46.1538461538461, -42.3076923076923, 
    -42.3076923076923, -42.3076923076923, -42.3076923076923, 
    -42.3076923076923, -38.4615384615385, -38.4615384615385, 
    -38.4615384615385, -38.4615384615385, -38.4615384615385, 
    -34.6153846153846, -34.6153846153846, -34.6153846153846, 
    -34.6153846153846, -34.6153846153846, -30.7692307692308, 
    -30.7692307692308, -30.7692307692308, -30.7692307692308, 
    -30.7692307692308, -26.9230769230769, -26.9230769230769, 
    -26.9230769230769, -26.9230769230769, -26.9230769230769, 
    -23.0769230769231, -23.0769230769231, -23.0769230769231, 
    -23.0769230769231, -23.0769230769231, -19.2307692307692, 
    -19.2307692307692, -19.2307692307692, -19.2307692307692, 
    -19.2307692307692, -15.3846153846154, -15.3846153846154, 
    -15.3846153846154, -15.3846153846154, -15.3846153846154, 
    -11.5384615384615, -11.5384615384615, -11.5384615384615, 
    -11.5384615384615, -11.5384615384615, -7.69230769230769, 
    -7.69230769230769, -7.69230769230769, -7.6923076923077, 
    -7.69230769230769, -3.84615384615385, -3.84615384615385, 
    -3.84615384615385, -3.84615384615385, -3.84615384615385, -50, 
    -46.1538461538461, -50, -46.1538461538461, -50, -46.1538461538461, -50, 
    -46.1538461538461, -50, -46.1538461538461, -42.3076923076923, 
    -42.3076923076923, -42.3076923076923, -42.3076923076923, 
    -42.3076923076923, -38.4615384615385, -38.4615384615385, 
    -38.4615384615385, -38.4615384615385, -38.4615384615385, 
    -34.6153846153846, -34.6153846153846, -34.6153846153846, 
    -34.6153846153846, -34.6153846153846, -30.7692307692308, 
    -30.7692307692308, -30.7692307692308, -30.7692307692308, 
    -30.7692307692308, -26.9230769230769, -26.9230769230769, 
    -26.9230769230769, -26.9230769230769, -26.9230769230769, 
    -23.0769230769231, -23.0769230769231, -23.0769230769231, 
    -23.0769230769231, -23.0769230769231, -19.2307692307692, 
    -19.2307692307692, -19.2307692307692, -19.2307692307692, 
    -19.2307692307692, -15.3846153846154, -15.3846153846154, 
    -15.3846153846154, -15.3846153846154, -15.3846153846154, 
    -11.5384615384615, -11.5384615384615, -11.5384615384615, 
    -11.5384615384615, -11.5384615384615, -7.69230769230769, 
    -7.69230769230769, -7.69230769230769, -7.69230769230769, 
    -7.69230769230769, -3.84615384615385, -3.84615384615385, 
    -3.84615384615385, -3.84615384615385, -3.84615384615385, -50, 
    -46.1538461538461, -50, -46.1538461538461, -50, -46.1538461538462, -50, 
    -46.1538461538461, -50, -46.1538461538461, -42.3076923076923, 
    -42.3076923076923, -42.3076923076923, -42.3076923076923, 
    -42.3076923076923, -38.4615384615385, -38.4615384615385, 
    -38.4615384615385, -38.4615384615385, -38.4615384615385, 
    -34.6153846153846, -34.6153846153846, -34.6153846153846, 
    -34.6153846153846, -34.6153846153846, -30.7692307692308, 
    -30.7692307692308, -30.7692307692308, -30.7692307692308, 
    -30.7692307692308, -26.9230769230769, -26.9230769230769, 
    -26.9230769230769, -26.9230769230769, -26.9230769230769, 
    -23.0769230769231, -23.0769230769231, -23.0769230769231, 
    -23.0769230769231, -23.0769230769231, -19.2307692307692, 
    -19.2307692307692, -19.2307692307692, -19.2307692307692, 
    -19.2307692307692, -15.3846153846154, -15.3846153846154, 
    -15.3846153846154, -15.3846153846154, -15.3846153846154, 
    -11.5384615384615, -11.5384615384615, -11.5384615384615, 
    -11.5384615384615, -11.5384615384615, -7.69230769230769, 
    -7.69230769230769, -7.69230769230769, -7.69230769230769, 
    -7.69230769230769, -3.84615384615385, -3.84615384615385, 
    -3.84615384615385, -3.84615384615385, -3.84615384615385, -50, 
    -46.1538461538462, -50, -46.1538461538461, -50, -46.1538461538461, -50, 
    -46.1538461538462, -50, -46.1538461538462, -42.3076923076923, 
    -42.3076923076923, -42.3076923076923, -42.3076923076923, 
    -42.3076923076923, -38.4615384615385, -38.4615384615385, 
    -38.4615384615385, -38.4615384615385, -38.4615384615385, 
    -34.6153846153846, -34.6153846153846, -34.6153846153846, 
    -34.6153846153846, -34.6153846153846, -30.7692307692308, 
    -30.7692307692308, -30.7692307692308, -30.7692307692308, 
    -30.7692307692308, -26.9230769230769, -26.9230769230769, 
    -26.9230769230769, -26.9230769230769, -26.9230769230769, 
    -23.0769230769231, -23.0769230769231, -23.0769230769231, 
    -23.0769230769231, -23.0769230769231, -19.2307692307692, 
    -19.2307692307692, -19.2307692307692, -19.2307692307692, 
    -19.2307692307692, -15.3846153846154, -15.3846153846154, 
    -15.3846153846154, -15.3846153846154, -15.3846153846154, 
    -11.5384615384615, -11.5384615384615, -11.5384615384615, 
    -11.5384615384615, -11.5384615384615, -7.69230769230769, 
    -7.69230769230769, -7.6923076923077, -7.6923076923077, -7.69230769230769, 
    -3.84615384615385, -3.84615384615385, -3.84615384615385, 
    -3.84615384615385, -3.84615384615385, -50, -46.1538461538462, -50, 
    -46.1538461538462, -50, -46.1538461538461, -50, -46.1538461538462, -50, 
    -46.1538461538462, -42.3076923076923, -42.3076923076923, 
    -42.3076923076923, -42.3076923076923, -42.3076923076923, 
    -38.4615384615385, -38.4615384615385, -38.4615384615385, 
    -38.4615384615385, -38.4615384615385, -34.6153846153846, 
    -34.6153846153846, -34.6153846153846, -34.6153846153846, 
    -34.6153846153846, -30.7692307692308, -30.7692307692308, 
    -30.7692307692308, -30.7692307692308, -30.7692307692308, 
    -26.9230769230769, -26.9230769230769, -26.9230769230769, 
    -26.9230769230769, -26.9230769230769, -23.0769230769231, 
    -23.0769230769231, -23.0769230769231, -23.0769230769231, 
    -23.0769230769231, -19.2307692307692, -19.2307692307692, 
    -19.2307692307692, -19.2307692307692, -19.2307692307692, 
    -15.3846153846154, -15.3846153846154, -15.3846153846154, 
    -15.3846153846154, -15.3846153846154, -11.5384615384615, 
    -11.5384615384615, -11.5384615384615, -11.5384615384615, 
    -11.5384615384615, -7.6923076923077, -7.6923076923077, -7.69230769230769, 
    -7.6923076923077, -7.6923076923077, -3.84615384615385, -3.84615384615385, 
    -3.84615384615385, -3.84615384615385, -3.84615384615385, -50, 
    -46.1538461538462, -50, -46.1538461538462, -50, -46.1538461538461, -50, 
    -46.1538461538462, -50, -46.1538461538462, -42.3076923076923, 
    -42.3076923076923, -42.3076923076923, -42.3076923076923, 
    -42.3076923076923, -38.4615384615385, -38.4615384615385, 
    -38.4615384615385, -38.4615384615385, -38.4615384615385, 
    -34.6153846153846, -34.6153846153846, -34.6153846153846, 
    -34.6153846153846, -34.6153846153846, -30.7692307692308, 
    -30.7692307692308, -30.7692307692308, -30.7692307692308, 
    -30.7692307692308, -26.9230769230769, -26.9230769230769, 
    -26.9230769230769, -26.9230769230769, -26.9230769230769, 
    -23.0769230769231, -23.0769230769231, -23.0769230769231, 
    -23.0769230769231, -23.0769230769231, -19.2307692307692, 
    -19.2307692307692, -19.2307692307692, -19.2307692307692, 
    -19.2307692307692, -15.3846153846154, -15.3846153846154, 
    -15.3846153846154, -15.3846153846154, -15.3846153846154, 
    -11.5384615384615, -11.5384615384615, -11.5384615384615, 
    -11.5384615384615, -11.5384615384615, -7.6923076923077, 
    -7.69230769230769, -7.69230769230769, -7.6923076923077, 
    -7.69230769230769, -3.84615384615385, -3.84615384615385, 
    -3.84615384615385, -3.84615384615385, -3.84615384615385, -50, 
    -46.1538461538462, -50, -46.1538461538462, -50, -46.1538461538461, -50, 
    -46.1538461538462, -50, -46.1538461538462, -42.3076923076923, 
    -42.3076923076923, -42.3076923076923, -42.3076923076923, 
    -42.3076923076923, -38.4615384615385, -38.4615384615385, 
    -38.4615384615385, -38.4615384615385, -38.4615384615385, 
    -34.6153846153846, -34.6153846153846, -34.6153846153846, 
    -34.6153846153846, -34.6153846153846, -30.7692307692308, 
    -30.7692307692308, -30.7692307692308, -30.7692307692308, 
    -30.7692307692308, -26.9230769230769, -26.9230769230769, 
    -26.9230769230769, -26.9230769230769, -26.9230769230769, 
    -23.0769230769231, -23.0769230769231, -23.0769230769231, 
    -23.0769230769231, -23.0769230769231, -19.2307692307692, 
    -19.2307692307692, -19.2307692307692, -19.2307692307692, 
    -19.2307692307692, -15.3846153846154, -15.3846153846154, 
    -15.3846153846154, -15.3846153846154, -15.3846153846154, 
    -11.5384615384615, -11.5384615384615, -11.5384615384615, 
    -11.5384615384615, -11.5384615384615, -7.6923076923077, 
    -7.69230769230769, -7.69230769230769, -7.6923076923077, 
    -7.69230769230769, -3.84615384615385, -3.84615384615385, 
    -3.84615384615385, -3.84615384615385, -3.84615384615385, 0, 
    -3.84615384615385, 0, -3.84615384615385, 0, -3.84615384615385, 0, 
    -3.84615384615385, 0, -3.84615384615385, 0, -3.84615384615385, 0, 
    -3.84615384615385, 0, -3.84615384615385, -7.6923076923077, 
    -7.69230769230769, -7.69230769230769, -7.69230769230769, 
    -7.69230769230769, -7.69230769230769, -7.69230769230769, 
    -7.6923076923077, -11.5384615384615, -11.5384615384615, 
    -11.5384615384615, -11.5384615384615, -11.5384615384615, 
    -11.5384615384615, -11.5384615384615, -11.5384615384615, 
    -15.3846153846154, -15.3846153846154, -15.3846153846154, 
    -15.3846153846154, -15.3846153846154, -15.3846153846154, 
    -15.3846153846154, -15.3846153846154, -19.2307692307692, 
    -19.2307692307692, -19.2307692307692, -19.2307692307692, 
    -19.2307692307692, -19.2307692307692, -19.2307692307692, 
    -19.2307692307692, -23.0769230769231, -23.0769230769231, 
    -23.0769230769231, -23.0769230769231, -23.0769230769231, 
    -23.0769230769231, -23.0769230769231, -23.0769230769231, 
    -26.9230769230769, -26.9230769230769, -26.9230769230769, 
    -26.9230769230769, -26.9230769230769, -26.9230769230769, 
    -26.9230769230769, -26.9230769230769, -30.7692307692308, 
    -30.7692307692308, -30.7692307692308, -30.7692307692308, 
    -30.7692307692308, -30.7692307692308, -30.7692307692308, 
    -30.7692307692308, -34.6153846153846, -34.6153846153846, 
    -34.6153846153846, -34.6153846153846, -34.6153846153846, 
    -34.6153846153846, -34.6153846153846, -34.6153846153846, 
    -38.4615384615385, -38.4615384615385, -38.4615384615385, 
    -38.4615384615385, -38.4615384615385, -38.4615384615385, 
    -38.4615384615385, -38.4615384615385, -42.3076923076923, 
    -42.3076923076923, -42.3076923076923, -42.3076923076923, 
    -42.3076923076923, -42.3076923076923, -42.3076923076923, 
    -42.3076923076923, -46.1538461538462, -46.1538461538461, 
    -46.1538461538461, -46.1538461538462, -46.1538461538461, 
    -46.1538461538462, -46.1538461538462, -46.1538461538461, -50, -50, -50, 
    -50, -50, -50, -50, -50, 0, -3.84615384615385, 0, -3.84615384615385, 0, 
    -3.84615384615385, 0, -3.84615384615385, -7.69230769230769, 
    -7.69230769230769, -7.69230769230769, -7.69230769230769, 
    -11.5384615384615, -11.5384615384615, -11.5384615384615, 
    -11.5384615384615, -15.3846153846154, -15.3846153846154, 
    -15.3846153846154, -15.3846153846154, -19.2307692307692, 
    -19.2307692307692, -19.2307692307692, -19.2307692307692, 
    -23.0769230769231, -23.0769230769231, -23.0769230769231, 
    -23.0769230769231, -26.9230769230769, -26.9230769230769, 
    -26.9230769230769, -26.9230769230769, -30.7692307692308, 
    -30.7692307692308, -30.7692307692308, -30.7692307692308, 
    -34.6153846153846, -34.6153846153846, -34.6153846153846, 
    -34.6153846153846, -38.4615384615385, -38.4615384615385, 
    -38.4615384615385, -38.4615384615385, -42.3076923076923, 
    -42.3076923076923, -42.3076923076923, -42.3076923076923, 
    -46.1538461538461, -46.1538461538462, -46.1538461538462, 
    -46.1538461538462, -50, -50, -50, -50, 0, -3.84615384615385, 0, 
    -3.84615384615385, 0, -3.84615384615385, 0, -3.84615384615385, 
    -7.69230769230769, -7.69230769230769, -7.69230769230769, 
    -7.69230769230769, -11.5384615384615, -11.5384615384615, 
    -11.5384615384615, -11.5384615384615, -15.3846153846154, 
    -15.3846153846154, -15.3846153846154, -15.3846153846154, 
    -19.2307692307692, -19.2307692307692, -19.2307692307692, 
    -19.2307692307692, -23.0769230769231, -23.0769230769231, 
    -23.0769230769231, -23.0769230769231, -26.9230769230769, 
    -26.9230769230769, -26.9230769230769, -26.9230769230769, 
    -30.7692307692308, -30.7692307692308, -30.7692307692308, 
    -30.7692307692308, -34.6153846153846, -34.6153846153846, 
    -34.6153846153846, -34.6153846153846, -38.4615384615385, 
    -38.4615384615385, -38.4615384615385, -38.4615384615385, 
    -42.3076923076923, -42.3076923076923, -42.3076923076923, 
    -42.3076923076923, -46.1538461538462, -46.1538461538461, 
    -46.1538461538461, -46.1538461538462, -50, -50, -50, -50, 50, 
    46.1538461538462, 50, 46.1538461538462, 50, 46.1538461538461, 50, 
    46.1538461538461, 50, 46.1538461538461, 50, 46.1538461538461, 50, 
    46.1538461538462, 50, 46.1538461538461, 42.3076923076923, 
    42.3076923076923, 42.3076923076923, 42.3076923076923, 42.3076923076923, 
    42.3076923076923, 42.3076923076923, 42.3076923076923, 38.4615384615385, 
    38.4615384615385, 38.4615384615385, 38.4615384615384, 38.4615384615385, 
    38.4615384615384, 38.4615384615385, 38.4615384615384, 34.6153846153846, 
    34.6153846153846, 34.6153846153846, 34.6153846153846, 34.6153846153846, 
    34.6153846153846, 34.6153846153846, 34.6153846153846, 30.7692307692308, 
    30.7692307692308, 30.7692307692308, 30.7692307692308, 30.7692307692308, 
    30.7692307692308, 30.7692307692308, 30.7692307692308, 26.9230769230769, 
    26.9230769230769, 26.9230769230769, 26.9230769230769, 26.9230769230769, 
    26.9230769230769, 26.9230769230769, 26.9230769230769, 23.0769230769231, 
    23.0769230769231, 23.0769230769231, 23.0769230769231, 23.0769230769231, 
    23.0769230769231, 23.0769230769231, 23.0769230769231, 19.2307692307692, 
    19.2307692307692, 19.2307692307692, 19.2307692307692, 19.2307692307692, 
    19.2307692307692, 19.2307692307692, 19.2307692307692, 15.3846153846154, 
    15.3846153846154, 15.3846153846154, 15.3846153846154, 15.3846153846154, 
    15.3846153846154, 15.3846153846154, 15.3846153846154, 11.5384615384615, 
    11.5384615384615, 11.5384615384615, 11.5384615384615, 11.5384615384615, 
    11.5384615384615, 11.5384615384615, 11.5384615384615, 7.6923076923077, 
    7.69230769230769, 7.69230769230769, 7.69230769230769, 7.69230769230769, 
    7.69230769230769, 7.69230769230769, 7.69230769230769, 3.84615384615385, 
    3.84615384615385, 3.84615384615385, 3.84615384615385, 3.84615384615385, 
    3.84615384615385, 3.84615384615385, 3.84615384615385, 0, 0, 0, 0, 50, 
    46.1538461538461, 50, 46.1538461538461, 50, 46.1538461538461, 50, 
    46.1538461538461, 42.3076923076923, 42.3076923076923, 42.3076923076923, 
    42.3076923076923, 38.4615384615385, 38.4615384615385, 38.4615384615385, 
    38.4615384615385, 34.6153846153846, 34.6153846153846, 34.6153846153846, 
    34.6153846153846, 30.7692307692308, 30.7692307692308, 30.7692307692308, 
    30.7692307692308, 26.9230769230769, 26.9230769230769, 26.9230769230769, 
    26.9230769230769, 23.0769230769231, 23.0769230769231, 23.0769230769231, 
    23.0769230769231, 19.2307692307692, 19.2307692307692, 19.2307692307692, 
    19.2307692307692, 15.3846153846154, 15.3846153846154, 15.3846153846154, 
    15.3846153846154, 11.5384615384615, 11.5384615384615, 11.5384615384615, 
    11.5384615384615, 7.69230769230769, 7.69230769230769, 7.6923076923077, 
    7.69230769230769, 3.84615384615385, 3.84615384615385, 3.84615384615385, 
    3.84615384615385, 0, 0, 0, 0, 50, 46.1538461538462, 50, 46.1538461538461, 
    50, 46.1538461538461, 50, 46.1538461538462, 42.3076923076923, 
    42.3076923076923, 42.3076923076923, 42.3076923076923, 38.4615384615385, 
    38.4615384615385, 38.4615384615385, 38.4615384615385, 34.6153846153846, 
    34.6153846153846, 34.6153846153846, 34.6153846153846, 30.7692307692308, 
    30.7692307692308, 30.7692307692308, 30.7692307692308, 26.9230769230769, 
    26.9230769230769, 26.9230769230769, 26.9230769230769, 23.0769230769231, 
    23.0769230769231, 23.0769230769231, 23.0769230769231, 19.2307692307692, 
    19.2307692307692, 19.2307692307692, 19.2307692307692, 15.3846153846154, 
    15.3846153846154, 15.3846153846154, 15.3846153846154, 11.5384615384615, 
    11.5384615384615, 11.5384615384615, 11.5384615384615, 7.6923076923077, 
    7.69230769230769, 7.69230769230769, 7.69230769230769, 3.84615384615385, 
    3.84615384615385, 3.84615384615385, 3.84615384615385, 50, 
    46.1538461538461, 50, 46.1538461538462, 50, 46.1538461538462, 50, 
    46.1538461538461, 42.3076923076923, 42.3076923076923, 42.3076923076923, 
    42.3076923076923, 38.4615384615385, 38.4615384615385, 38.4615384615385, 
    38.4615384615385, 34.6153846153846, 34.6153846153846, 34.6153846153846, 
    34.6153846153846, 30.7692307692308, 30.7692307692308, 30.7692307692308, 
    30.7692307692308, 26.9230769230769, 26.9230769230769, 26.9230769230769, 
    26.9230769230769, 23.0769230769231, 23.0769230769231, 23.0769230769231, 
    23.0769230769231, 19.2307692307692, 19.2307692307692, 19.2307692307692, 
    19.2307692307692, 15.3846153846154, 15.3846153846154, 15.3846153846154, 
    15.3846153846154, 11.5384615384615, 11.5384615384615, 11.5384615384615, 
    11.5384615384615, 7.69230769230769, 7.69230769230769, 7.69230769230769, 
    7.69230769230769, 3.84615384615385, 3.84615384615385, 3.84615384615385, 
    3.84615384615385, 0, 0, 0, 0, 50, 46.1538461538461, 50, 46.1538461538461, 
    50, 46.1538461538461, 50, 46.1538461538461, 42.3076923076923, 
    42.3076923076923, 42.3076923076923, 42.3076923076923, 38.4615384615385, 
    38.4615384615385, 38.4615384615385, 38.4615384615385, 34.6153846153846, 
    34.6153846153846, 34.6153846153846, 34.6153846153846, 30.7692307692308, 
    30.7692307692308, 30.7692307692308, 30.7692307692308, 26.9230769230769, 
    26.9230769230769, 26.9230769230769, 26.9230769230769, 23.0769230769231, 
    23.0769230769231, 23.0769230769231, 23.0769230769231, 19.2307692307692, 
    19.2307692307692, 19.2307692307692, 19.2307692307692, 15.3846153846154, 
    15.3846153846154, 15.3846153846154, 15.3846153846154, 11.5384615384615, 
    11.5384615384615, 11.5384615384615, 11.5384615384615, 7.69230769230769, 
    7.69230769230769, 7.69230769230769, 7.69230769230769, 3.84615384615385, 
    3.84615384615385, 3.84615384615385, 3.84615384615385, 0, 0, 0, 0, 50, 
    46.1538461538461, 50, 46.1538461538461, 50, 46.1538461538461, 50, 
    46.1538461538461, 42.3076923076923, 42.3076923076923, 42.3076923076923, 
    42.3076923076923, 38.4615384615385, 38.4615384615385, 38.4615384615385, 
    38.4615384615385, 34.6153846153846, 34.6153846153846, 34.6153846153846, 
    34.6153846153846, 30.7692307692308, 30.7692307692308, 30.7692307692308, 
    30.7692307692308, 26.9230769230769, 26.9230769230769, 26.9230769230769, 
    26.9230769230769, 23.0769230769231, 23.0769230769231, 23.0769230769231, 
    23.0769230769231, 19.2307692307692, 19.2307692307692, 19.2307692307692, 
    19.2307692307692, 15.3846153846154, 15.3846153846154, 15.3846153846154, 
    15.3846153846154, 11.5384615384615, 11.5384615384615, 11.5384615384615, 
    11.5384615384615, 7.69230769230769, 7.69230769230769, 7.69230769230769, 
    7.69230769230769, 3.84615384615385, 3.84615384615385, 3.84615384615385, 
    3.84615384615385, 0, 0, 0, 0, 50, 46.1538461538461, 50, 46.1538461538461, 
    50, 46.1538461538461, 50, 46.1538461538461, 42.3076923076923, 
    42.3076923076923, 42.3076923076923, 42.3076923076923, 38.4615384615385, 
    38.4615384615385, 38.4615384615385, 38.4615384615385, 34.6153846153846, 
    34.6153846153846, 34.6153846153846, 34.6153846153846, 30.7692307692308, 
    30.7692307692308, 30.7692307692308, 30.7692307692308, 26.9230769230769, 
    26.9230769230769, 26.9230769230769, 26.9230769230769, 23.0769230769231, 
    23.0769230769231, 23.0769230769231, 23.0769230769231, 19.2307692307692, 
    19.2307692307692, 19.2307692307692, 19.2307692307692, 15.3846153846154, 
    15.3846153846154, 15.3846153846154, 15.3846153846154, 11.5384615384615, 
    11.5384615384615, 11.5384615384615, 11.5384615384615, 7.6923076923077, 
    7.69230769230769, 7.6923076923077, 7.6923076923077, 3.84615384615385, 
    3.84615384615385, 3.84615384615385, 3.84615384615385, 0, 0, 0, 0, 50, 
    46.1538461538462, 50, 46.1538461538461, 50, 46.1538461538461, 50, 
    46.1538461538462, 42.3076923076923, 42.3076923076923, 42.3076923076923, 
    42.3076923076923, 38.4615384615385, 38.4615384615385, 38.4615384615385, 
    38.4615384615385, 34.6153846153846, 34.6153846153846, 34.6153846153846, 
    34.6153846153846, 30.7692307692308, 30.7692307692308, 30.7692307692308, 
    30.7692307692308, 26.9230769230769, 26.9230769230769, 26.9230769230769, 
    26.9230769230769, 23.0769230769231, 23.0769230769231, 23.0769230769231, 
    23.0769230769231, 19.2307692307692, 19.2307692307692, 19.2307692307692, 
    19.2307692307692, 15.3846153846154, 15.3846153846154, 15.3846153846154, 
    15.3846153846154, 11.5384615384615, 11.5384615384615, 11.5384615384615, 
    11.5384615384615, 7.6923076923077, 7.69230769230769, 7.69230769230769, 
    7.69230769230769, 3.84615384615385, 3.84615384615385, 3.84615384615385, 
    3.84615384615385, 0, 0, 0, 0, -3.84615384615385, -3.84615384615384, 
    -3.84615384615385, -3.84615384615385, -7.69230769230769, 
    -7.69230769230769, -7.69230769230769, -7.69230769230769, 
    -11.5384615384615, -11.5384615384615, -11.5384615384615, 
    -11.5384615384615, -15.3846153846154, -15.3846153846154, 
    -15.3846153846154, -15.3846153846154, -19.2307692307692, 
    -19.2307692307692, -19.2307692307692, -19.2307692307692, 
    -23.0769230769231, -23.0769230769231, -23.0769230769231, 
    -23.0769230769231, -26.9230769230769, -26.9230769230769, 
    -26.9230769230769, -26.9230769230769, -30.7692307692308, 
    -30.7692307692308, -30.7692307692308, -30.7692307692308, 
    -34.6153846153846, -34.6153846153846, -34.6153846153846, 
    -34.6153846153846, -38.4615384615385, -38.4615384615385, 
    -38.4615384615385, -38.4615384615384, -42.3076923076923, 
    -42.3076923076923, -42.3076923076923, -42.3076923076923, 
    -46.1538461538461, -46.1538461538461, -46.1538461538462, 
    -46.1538461538461, -50, -50, -50, -50, -3.84615384615385, 
    -3.84615384615385, -3.84615384615385, -3.84615384615385, 
    -7.69230769230769, -7.69230769230769, -7.69230769230769, 
    -7.69230769230769, -11.5384615384615, -11.5384615384615, 
    -11.5384615384615, -11.5384615384615, -15.3846153846154, 
    -15.3846153846154, -15.3846153846154, -15.3846153846154, 
    -19.2307692307692, -19.2307692307692, -19.2307692307692, 
    -19.2307692307692, -23.0769230769231, -23.0769230769231, 
    -23.0769230769231, -23.0769230769231, -26.9230769230769, 
    -26.9230769230769, -26.9230769230769, -26.9230769230769, 
    -30.7692307692308, -30.7692307692308, -30.7692307692308, 
    -30.7692307692308, -34.6153846153846, -34.6153846153846, 
    -34.6153846153846, -34.6153846153846, -38.4615384615385, 
    -38.4615384615385, -38.4615384615385, -38.4615384615385, 
    -42.3076923076923, -42.3076923076923, -42.3076923076923, 
    -42.3076923076923, -46.1538461538461, -46.1538461538462, 
    -46.1538461538462, -46.1538461538462, -50, -50, -50, -50, 
    -3.84615384615385, -3.84615384615385, -3.84615384615385, 
    -3.84615384615385, -7.69230769230769, -7.69230769230769, 
    -7.69230769230769, -7.69230769230769, -11.5384615384615, 
    -11.5384615384615, -11.5384615384615, -11.5384615384615, 
    -15.3846153846154, -15.3846153846154, -15.3846153846154, 
    -15.3846153846154, -19.2307692307692, -19.2307692307692, 
    -19.2307692307692, -19.2307692307692, -23.0769230769231, 
    -23.0769230769231, -23.0769230769231, -23.0769230769231, 
    -26.9230769230769, -26.9230769230769, -26.9230769230769, 
    -26.9230769230769, -30.7692307692308, -30.7692307692308, 
    -30.7692307692308, -30.7692307692308, -34.6153846153846, 
    -34.6153846153846, -34.6153846153846, -34.6153846153846, 
    -38.4615384615385, -38.4615384615385, -38.4615384615385, 
    -38.4615384615385, -42.3076923076923, -42.3076923076923, 
    -42.3076923076923, -42.3076923076923, -46.1538461538462, 
    -46.1538461538462, -46.1538461538461, -46.1538461538462, -50, -50, -50, 
    -50, -3.84615384615385, -3.84615384615385, -3.84615384615385, 
    -3.84615384615385, -7.69230769230769, -7.69230769230769, 
    -7.69230769230769, -7.69230769230769, -11.5384615384615, 
    -11.5384615384615, -11.5384615384615, -11.5384615384615, 
    -15.3846153846154, -15.3846153846154, -15.3846153846154, 
    -15.3846153846154, -19.2307692307692, -19.2307692307692, 
    -19.2307692307692, -19.2307692307692, -23.0769230769231, 
    -23.0769230769231, -23.0769230769231, -23.0769230769231, 
    -26.9230769230769, -26.9230769230769, -26.9230769230769, 
    -26.9230769230769, -30.7692307692308, -30.7692307692308, 
    -30.7692307692308, -30.7692307692308, -34.6153846153846, 
    -34.6153846153846, -34.6153846153846, -34.6153846153846, 
    -38.4615384615385, -38.4615384615385, -38.4615384615385, 
    -38.4615384615385, -42.3076923076923, -42.3076923076923, 
    -42.3076923076923, -42.3076923076923, -46.1538461538461, 
    -46.1538461538461, -46.1538461538461, -46.1538461538461, -50, -50, -50, 
    -50, -3.84615384615385, -3.84615384615385, -3.84615384615385, 
    -3.84615384615385, -7.69230769230769, -7.69230769230769, 
    -7.69230769230769, -7.69230769230769, -11.5384615384615, 
    -11.5384615384615, -11.5384615384615, -11.5384615384615, 
    -15.3846153846154, -15.3846153846154, -15.3846153846154, 
    -15.3846153846154, -19.2307692307692, -19.2307692307692, 
    -19.2307692307692, -19.2307692307692, -23.0769230769231, 
    -23.0769230769231, -23.0769230769231, -23.0769230769231, 
    -26.9230769230769, -26.9230769230769, -26.9230769230769, 
    -26.9230769230769, -30.7692307692308, -30.7692307692308, 
    -30.7692307692308, -30.7692307692308, -34.6153846153846, 
    -34.6153846153846, -34.6153846153846, -34.6153846153846, 
    -38.4615384615385, -38.4615384615385, -38.4615384615385, 
    -38.4615384615385, -42.3076923076923, -42.3076923076923, 
    -42.3076923076923, -42.3076923076923, -46.1538461538462, 
    -46.1538461538461, -46.1538461538461, -46.1538461538462, -50, -50, -50, 
    -50, 0, 3.84615384615385, 3.84615384615385, 0, 7.69230769230769, 
    7.69230769230769, 11.5384615384615, 11.5384615384615, 15.3846153846154, 
    15.3846153846154, 19.2307692307692, 19.2307692307692, 23.0769230769231, 
    23.0769230769231, 26.9230769230769, 26.9230769230769, 30.7692307692308, 
    30.7692307692308, 34.6153846153846, 34.6153846153846, 38.4615384615385, 
    38.4615384615385, 42.3076923076923, 42.3076923076923, 46.1538461538462, 
    46.1538461538461, 50, 50, 3.84615384615385, 0, 7.69230769230769, 
    11.5384615384615, 15.3846153846154, 19.2307692307692, 23.0769230769231, 
    26.9230769230769, 30.7692307692308, 34.6153846153846, 38.4615384615385, 
    42.3076923076923, 46.1538461538462, 50, 3.84615384615385, 0, 
    7.69230769230769, 11.5384615384615, 15.3846153846154, 19.2307692307692, 
    23.0769230769231, 26.9230769230769, 30.7692307692308, 34.6153846153846, 
    38.4615384615385, 42.3076923076923, 46.1538461538461, 50, 
    3.84615384615385, 0, 7.69230769230769, 11.5384615384615, 
    15.3846153846154, 19.2307692307692, 23.0769230769231, 26.9230769230769, 
    30.7692307692308, 34.6153846153846, 38.4615384615385, 42.3076923076923, 
    46.1538461538461, 50, 0, 3.84615384615385, 3.84615384615385, 0, 
    7.69230769230769, 7.69230769230769, 11.5384615384615, 11.5384615384615, 
    15.3846153846154, 15.3846153846154, 19.2307692307692, 19.2307692307692, 
    23.0769230769231, 23.0769230769231, 26.9230769230769, 26.9230769230769, 
    30.7692307692308, 30.7692307692308, 34.6153846153846, 34.6153846153846, 
    38.4615384615385, 38.4615384615385, 42.3076923076923, 42.3076923076923, 
    46.1538461538461, 46.1538461538462, 50, 50, 3.84615384615385, 0, 
    7.69230769230769, 11.5384615384615, 15.3846153846154, 19.2307692307692, 
    23.0769230769231, 26.9230769230769, 30.7692307692308, 34.6153846153846, 
    38.4615384615385, 42.3076923076923, 46.1538461538461, 50, 
    3.84615384615385, 0, 7.69230769230769, 11.5384615384615, 
    15.3846153846154, 19.2307692307692, 23.0769230769231, 26.9230769230769, 
    30.7692307692308, 34.6153846153846, 38.4615384615385, 42.3076923076923, 
    46.1538461538461, 50, 3.84615384615385, 0, 7.69230769230769, 
    11.5384615384615, 15.3846153846154, 19.2307692307692, 23.0769230769231, 
    26.9230769230769, 30.7692307692308, 34.6153846153846, 38.4615384615385, 
    42.3076923076923, 46.1538461538461, 50, 0, 3.84615384615385, 
    3.84615384615385, 0, 7.69230769230769, 7.69230769230769, 
    11.5384615384615, 11.5384615384615, 15.3846153846154, 15.3846153846154, 
    19.2307692307692, 19.2307692307692, 23.0769230769231, 23.0769230769231, 
    26.9230769230769, 26.9230769230769, 30.7692307692308, 30.7692307692308, 
    34.6153846153846, 34.6153846153846, 38.4615384615385, 38.4615384615385, 
    42.3076923076923, 42.3076923076923, 46.1538461538461, 46.1538461538462, 
    50, 50, 3.84615384615385, 0, 7.69230769230769, 11.5384615384615, 
    15.3846153846154, 19.2307692307692, 23.0769230769231, 26.9230769230769, 
    30.7692307692308, 34.6153846153846, 38.4615384615384, 42.3076923076923, 
    46.1538461538461, 50, 3.84615384615385, 0, 7.69230769230769, 
    11.5384615384615, 15.3846153846154, 19.2307692307692, 23.0769230769231, 
    26.9230769230769, 30.7692307692308, 34.6153846153846, 38.4615384615385, 
    42.3076923076923, 46.1538461538461, 50, 3.84615384615385, 0, 
    7.69230769230769, 11.5384615384615, 15.3846153846154, 19.2307692307692, 
    23.0769230769231, 26.9230769230769, 30.7692307692308, 34.6153846153846, 
    38.4615384615385, 42.3076923076923, 46.1538461538461, 50, 0, 
    3.84615384615385, 3.84615384615385, 0, 7.6923076923077, 7.69230769230769, 
    11.5384615384615, 11.5384615384615, 15.3846153846154, 15.3846153846154, 
    19.2307692307692, 19.2307692307692, 23.0769230769231, 23.0769230769231, 
    26.9230769230769, 26.9230769230769, 30.7692307692308, 30.7692307692308, 
    34.6153846153846, 34.6153846153846, 38.4615384615385, 38.4615384615385, 
    42.3076923076923, 42.3076923076923, 46.1538461538462, 46.1538461538461, 
    50, 50, 3.84615384615385, 0, 7.69230769230769, 11.5384615384615, 
    15.3846153846154, 19.2307692307692, 23.0769230769231, 26.9230769230769, 
    30.7692307692308, 34.6153846153846, 38.4615384615385, 42.3076923076923, 
    46.1538461538461, 50, 3.84615384615385, 0, 7.69230769230769, 
    11.5384615384615, 15.3846153846154, 19.2307692307692, 23.0769230769231, 
    26.9230769230769, 30.7692307692308, 34.6153846153846, 38.4615384615385, 
    42.3076923076923, 46.1538461538461, 50, 3.84615384615385, 0, 
    7.69230769230769, 11.5384615384615, 15.3846153846154, 19.2307692307692, 
    23.0769230769231, 26.9230769230769, 30.7692307692308, 34.6153846153846, 
    38.4615384615385, 42.3076923076923, 46.1538461538462, 50, -50, 
    -46.1538461538461, -50, -46.1538461538461, -50, -46.1538461538461, -50, 
    -46.1538461538462, -42.3076923076923, -42.3076923076923, 
    -42.3076923076923, -42.3076923076923, -38.4615384615385, 
    -38.4615384615384, -38.4615384615385, -38.4615384615385, 
    -34.6153846153846, -34.6153846153846, -34.6153846153846, 
    -34.6153846153846, -30.7692307692308, -30.7692307692308, 
    -30.7692307692308, -30.7692307692308, -26.9230769230769, 
    -26.9230769230769, -26.9230769230769, -26.9230769230769, 
    -23.0769230769231, -23.0769230769231, -23.0769230769231, 
    -23.0769230769231, -19.2307692307692, -19.2307692307692, 
    -19.2307692307692, -19.2307692307692, -15.3846153846154, 
    -15.3846153846154, -15.3846153846154, -15.3846153846154, 
    -11.5384615384615, -11.5384615384615, -11.5384615384615, 
    -11.5384615384615, -7.69230769230769, -7.69230769230769, 
    -7.69230769230769, -7.69230769230769, -3.84615384615385, 
    -3.84615384615385, -3.84615384615385, -3.84615384615385, -50, 
    -46.1538461538461, -50, -46.1538461538461, -50, -46.1538461538461, -50, 
    -46.1538461538461, -42.3076923076923, -42.3076923076923, 
    -42.3076923076923, -42.3076923076923, -38.4615384615385, 
    -38.4615384615385, -38.4615384615385, -38.4615384615385, 
    -34.6153846153846, -34.6153846153846, -34.6153846153846, 
    -34.6153846153846, -30.7692307692308, -30.7692307692308, 
    -30.7692307692308, -30.7692307692308, -26.9230769230769, 
    -26.9230769230769, -26.9230769230769, -26.9230769230769, 
    -23.0769230769231, -23.0769230769231, -23.0769230769231, 
    -23.0769230769231, -19.2307692307692, -19.2307692307692, 
    -19.2307692307692, -19.2307692307692, -15.3846153846154, 
    -15.3846153846154, -15.3846153846154, -15.3846153846154, 
    -11.5384615384615, -11.5384615384615, -11.5384615384615, 
    -11.5384615384615, -7.6923076923077, -7.69230769230769, 
    -7.69230769230769, -7.69230769230769, -3.84615384615385, 
    -3.84615384615385, -3.84615384615385, -3.84615384615385, -50, 
    -46.1538461538461, -50, -46.1538461538461, -50, -46.1538461538461, -50, 
    -46.1538461538461, -42.3076923076923, -42.3076923076923, 
    -42.3076923076923, -42.3076923076923, -38.4615384615385, 
    -38.4615384615385, -38.4615384615385, -38.4615384615385, 
    -34.6153846153846, -34.6153846153846, -34.6153846153846, 
    -34.6153846153846, -30.7692307692308, -30.7692307692308, 
    -30.7692307692308, -30.7692307692308, -26.9230769230769, 
    -26.9230769230769, -26.9230769230769, -26.9230769230769, 
    -23.0769230769231, -23.0769230769231, -23.0769230769231, 
    -23.0769230769231, -19.2307692307692, -19.2307692307692, 
    -19.2307692307692, -19.2307692307692, -15.3846153846154, 
    -15.3846153846154, -15.3846153846154, -15.3846153846154, 
    -11.5384615384615, -11.5384615384615, -11.5384615384615, 
    -11.5384615384615, -7.6923076923077, -7.6923076923077, -7.69230769230769, 
    -7.69230769230769, -3.84615384615385, -3.84615384615385, 
    -3.84615384615385, -3.84615384615385, -50, -46.1538461538461, -50, 
    -46.1538461538461, -50, -46.1538461538461, -50, -46.1538461538461, 
    -42.3076923076923, -42.3076923076923, -42.3076923076923, 
    -42.3076923076923, -38.4615384615385, -38.4615384615385, 
    -38.4615384615385, -38.4615384615385, -34.6153846153846, 
    -34.6153846153846, -34.6153846153846, -34.6153846153846, 
    -30.7692307692308, -30.7692307692308, -30.7692307692308, 
    -30.7692307692308, -26.9230769230769, -26.9230769230769, 
    -26.9230769230769, -26.9230769230769, -23.0769230769231, 
    -23.0769230769231, -23.0769230769231, -23.0769230769231, 
    -19.2307692307692, -19.2307692307692, -19.2307692307692, 
    -19.2307692307692, -15.3846153846154, -15.3846153846154, 
    -15.3846153846154, -15.3846153846154, -11.5384615384615, 
    -11.5384615384615, -11.5384615384615, -11.5384615384615, 
    -7.69230769230769, -7.69230769230769, -7.6923076923077, -7.6923076923077, 
    -3.84615384615385, -3.84615384615385, -3.84615384615385, 
    -3.84615384615385, -50, -46.1538461538462, -50, -46.1538461538461, -50, 
    -46.1538461538461, -50, -46.1538461538462, -42.3076923076923, 
    -42.3076923076923, -42.3076923076923, -42.3076923076923, 
    -38.4615384615385, -38.4615384615385, -38.4615384615385, 
    -38.4615384615385, -34.6153846153846, -34.6153846153846, 
    -34.6153846153846, -34.6153846153846, -30.7692307692308, 
    -30.7692307692308, -30.7692307692308, -30.7692307692308, 
    -26.9230769230769, -26.9230769230769, -26.9230769230769, 
    -26.9230769230769, -23.0769230769231, -23.0769230769231, 
    -23.0769230769231, -23.0769230769231, -19.2307692307692, 
    -19.2307692307692, -19.2307692307692, -19.2307692307692, 
    -15.3846153846154, -15.3846153846154, -15.3846153846154, 
    -15.3846153846154, -11.5384615384615, -11.5384615384615, 
    -11.5384615384615, -11.5384615384615, -7.6923076923077, 
    -7.69230769230769, -7.69230769230769, -7.69230769230769, 
    -3.84615384615385, -3.84615384615385, -3.84615384615385, -3.84615384615385,
  25, 21, 21, 25, 25, 21, 21, 25, 17, 17, 17, 17, 13, 13, 13, 13, 9, 9, 9, 9, 
    5, 5, 5, 5, 21, 25, 21, 25, 17, 17, 13, 13, 9, 9, 5, 5, 21, 25, 21, 25, 
    17, 17, 13, 13, 9, 9, 5, 5, 21, 25, 21, 25, 17, 17, 13, 13, 9, 9, 5, 5, 
    21, 25, 21, 25, 17, 17, 13, 13, 9, 9, 5, 5, 21, 25, 21, 25, 17, 17, 13, 
    13, 9, 9, 5, 5, 21, 25, 21, 25, 17, 17, 13, 13, 9, 9, 5, 5, 21, 25, 21, 
    25, 17, 17, 13, 13, 9, 9, 5, 5, 21, 25, 21, 25, 17, 17, 13, 13, 9, 9, 5, 
    5, 21, 25, 21, 25, 17, 17, 13, 13, 9, 9, 5, 5, 21, 25, 21, 25, 17, 17, 
    13, 13, 8.99999999999999, 9, 5, 5, 21, 25, 21, 25, 17, 17, 13, 13, 9, 9, 
    5, 5, 21, 25, 21, 25, 17, 17, 13, 13, 9, 9, 5, 5, 25, 21, 21, 25, 17, 17, 
    13, 13, 9, 9, 5, 5, 21, 25, 17, 13, 9, 5, 21, 25, 17, 13, 9, 5, 21, 25, 
    17, 13, 9, 5, 21, 25, 17, 13, 9, 5, 21, 25, 17, 13, 9, 5, 21, 25, 17, 13, 
    9, 5, 21, 25, 17, 13, 9, 5, 21, 25, 17, 13, 9, 5, 21, 25, 17, 13, 9, 5, 
    21, 25, 17, 13, 9, 5, 21, 25, 17, 13, 9, 5, 21, 25, 17, 13, 9, 5, 25, 21, 
    21, 25, 17, 17, 13, 13, 9, 9, 5, 5, 21, 25, 17, 13, 9, 5, 21, 25, 17, 13, 
    9, 5, 21, 25, 17, 13, 9, 5, 21, 25, 17, 13, 9, 5, 21, 25, 17, 13, 9, 5, 
    21, 25, 17, 13, 9, 5, 21, 25, 17, 13, 9, 5, 21, 25, 17, 13, 9, 5, 21, 25, 
    17, 13, 9, 5, 21, 25, 17, 13, 9, 5, 21, 25, 17, 13, 9, 5, 21, 25, 17, 13, 
    9, 5, 25, 21, 21, 25, 17, 17, 13, 13, 9, 9, 5, 5, 21, 25, 17, 13, 9, 5, 
    21, 25, 17, 13, 9, 5, 21, 25, 17, 13, 9, 5, 21, 25, 17, 13, 9, 5, 21, 25, 
    17, 13, 9, 5, 21, 25, 17, 13, 9, 5, 21, 25, 17, 13, 9, 5, 21, 25, 17, 13, 
    9, 5, 21, 25, 17, 13, 9, 5, 21, 25, 17, 13, 9, 5, 21, 25, 17, 13, 9, 5, 
    21, 25, 17, 13, 9, 5, 25, 21, 21, 25, 17, 17, 13, 13, 9, 9, 5, 5, 21, 25, 
    17, 13, 9, 5, 21, 25, 17, 13, 9, 5, 21, 25, 17, 13, 9, 5, 21, 25, 17, 13, 
    9, 5, 21, 25, 17, 13, 9, 5, 21, 25, 17, 13, 9, 5, 21, 25, 17, 13, 9, 5, 
    21, 25, 17, 13, 9, 5, 21, 25, 17, 13, 9, 5, 21, 25, 17, 13, 9, 5, 21, 25, 
    17, 13, 9, 5, 21, 25, 17, 13, 9, 5, 25, 21, 21, 25, 17, 17, 13, 13, 9, 9, 
    5, 5, 21, 25, 17, 13, 9, 5, 21, 25, 17, 13, 9, 5, 21, 25, 17, 13, 9, 5, 
    21, 25, 17, 13, 9, 5, 21, 25, 17, 13, 9, 5, 21, 25, 17, 13, 9, 5, 21, 25, 
    17, 13, 9, 5, 21, 25, 17, 13, 9, 5, 21, 25, 17, 13, 9, 5, 21, 25, 17, 13, 
    9, 5, 21, 25, 17, 13, 9, 5, 21, 25, 17, 13, 9, 5, 25, 21, 21, 25, 17, 17, 
    13, 13, 9, 9, 5, 5, 21, 25, 17, 13, 9, 5, 21, 25, 17, 13, 9, 5, 21, 25, 
    17, 13, 9, 5, 21, 25, 17, 13, 9, 5, 21, 25, 17, 13, 9, 5, 21, 25, 17, 13, 
    9, 5, 21, 25, 17, 13, 9, 5, 21, 25, 17, 13, 9, 5, 21, 25, 17, 13, 9, 5, 
    21, 25, 17, 13, 9, 5, 21, 25, 17, 13, 9, 5, 21, 25, 17, 13, 9, 5, 25, 21, 
    21, 25, 17, 17, 13, 13, 9, 9, 5, 5, 21, 25, 17, 13, 9, 5, 21, 25, 17, 13, 
    9, 5, 21, 25, 17, 13, 9, 5, 21, 25, 17, 13, 9, 5, 21, 25, 17, 13, 9, 5, 
    21, 25, 17, 13, 9, 5, 21, 25, 17, 13, 9, 5, 21, 25, 17, 13, 9, 5, 21, 25, 
    17, 13, 9, 5, 21, 25, 17, 13, 9, 5, 21, 25, 17, 13, 9, 5, 21, 25, 17, 13, 
    9, 5, 25, 21, 21, 25, 17, 17, 13, 13, 9, 9, 5, 5, 21, 25, 17, 13, 9, 5, 
    21, 25, 17, 13, 9, 5, 21, 25, 17, 13, 9, 5, 21, 25, 17, 13, 9, 5, 21, 25, 
    17, 13, 9, 5, 21, 25, 17, 13, 9, 5, 21, 25, 17, 13, 9, 5, 21, 25, 17, 13, 
    9, 5, 21, 25, 17, 13, 9, 5, 21, 25, 17, 13, 9, 5, 21, 25, 17, 13, 9, 5, 
    21, 25, 17, 13, 9, 5, 25, 21, 21, 25, 17, 17, 13, 13, 9, 9, 5, 5, 21, 25, 
    17, 13, 9, 5, 21, 25, 17, 13, 9, 5, 21, 25, 17, 13, 9, 5, 21, 25, 17, 13, 
    9, 5, 21, 25, 17, 13, 9, 5, 21, 25, 17, 13, 9, 5, 21, 25, 17, 13, 9, 5, 
    21, 25, 17, 13, 9, 5, 21, 25, 17, 13, 9, 5, 21, 25, 17, 13, 9, 5, 21, 25, 
    17, 13, 9, 5, 21, 25, 17, 13, 9, 5, 1.66666666666667, 1.66666666666667, 
    1.66666666666667, 1.66666666666667, -1.66666666666667, -1.66666666666667, 
    -1.66666666666667, -1.66666666666667, -5, -5, -5, -5, 1.66666666666667, 
    1.66666666666667, -1.66666666666667, -1.66666666666667, -5, -5, 
    1.66666666666667, 1.66666666666667, -1.66666666666667, -1.66666666666667, 
    -5, -5, 1.66666666666667, 1.66666666666667, -1.66666666666667, 
    -1.66666666666667, -5, -5, 1.66666666666667, 1.66666666666667, 
    -1.66666666666667, -1.66666666666667, -5, -5, 1.66666666666667, 
    1.66666666666667, -1.66666666666667, -1.66666666666667, -5, -5, 
    1.66666666666667, 1.66666666666667, -1.66666666666667, -1.66666666666667, 
    -5, -5, 1.66666666666667, 1.66666666666667, -1.66666666666667, 
    -1.66666666666667, -5, -5, 1.66666666666667, 1.66666666666667, 
    -1.66666666666667, -1.66666666666667, -5, -5, 1.66666666666667, 
    1.66666666666667, -1.66666666666667, -1.66666666666667, -5, -5, 
    1.66666666666667, 1.66666666666667, -1.66666666666667, -1.66666666666667, 
    -5, -5, 1.66666666666667, 1.66666666666667, -1.66666666666667, 
    -1.66666666666667, -5, -5, 1.66666666666667, 1.66666666666667, 
    -1.66666666666667, -1.66666666666667, -5, -5, 1.66666666666667, 
    1.66666666666667, -1.66666666666667, -1.66666666666667, -5, -5, 
    1.66666666666667, -1.66666666666667, -5, 1.66666666666667, 
    -1.66666666666667, -5, 1.66666666666667, -1.66666666666667, -5, 
    1.66666666666667, -1.66666666666667, -5, 1.66666666666667, 
    -1.66666666666667, -5, 1.66666666666667, -1.66666666666667, -5, 
    1.66666666666667, -1.66666666666667, -5, 1.66666666666667, 
    -1.66666666666667, -5, 1.66666666666667, -1.66666666666667, -5, 
    1.66666666666667, -1.66666666666667, -5, 1.66666666666667, 
    -1.66666666666667, -5, 1.66666666666667, -1.66666666666667, -5, 
    1.66666666666667, 1.66666666666667, -1.66666666666667, -1.66666666666667, 
    -5, -5, 1.66666666666667, -1.66666666666667, -5, 1.66666666666667, 
    -1.66666666666667, -5, 1.66666666666667, -1.66666666666667, -5, 
    1.66666666666667, -1.66666666666667, -5, 1.66666666666667, 
    -1.66666666666667, -5, 1.66666666666667, -1.66666666666667, -5, 
    1.66666666666667, -1.66666666666667, -5, 1.66666666666667, 
    -1.66666666666667, -5, 1.66666666666667, -1.66666666666667, -5, 
    1.66666666666667, -1.66666666666667, -5, 1.66666666666667, 
    -1.66666666666667, -5, 1.66666666666667, -1.66666666666667, -5, 
    1.66666666666667, 1.66666666666667, -1.66666666666667, -1.66666666666667, 
    -5, -5, 1.66666666666667, -1.66666666666667, -5, 1.66666666666667, 
    -1.66666666666667, -5, 1.66666666666667, -1.66666666666667, -5, 
    1.66666666666667, -1.66666666666667, -5, 1.66666666666667, 
    -1.66666666666667, -5, 1.66666666666667, -1.66666666666667, -5, 
    1.66666666666667, -1.66666666666667, -5, 1.66666666666667, 
    -1.66666666666667, -5, 1.66666666666667, -1.66666666666667, -5, 
    1.66666666666667, -1.66666666666667, -5, 1.66666666666667, 
    -1.66666666666667, -5, 1.66666666666667, -1.66666666666667, -5, 
    1.66666666666667, 1.66666666666667, -1.66666666666667, -1.66666666666667, 
    -5, -5, 1.66666666666667, -1.66666666666667, -5, 1.66666666666667, 
    -1.66666666666667, -5, 1.66666666666667, -1.66666666666667, -5, 
    1.66666666666667, -1.66666666666667, -5, 1.66666666666667, 
    -1.66666666666667, -5, 1.66666666666667, -1.66666666666667, -5, 
    1.66666666666667, -1.66666666666667, -5, 1.66666666666667, 
    -1.66666666666667, -5, 1.66666666666667, -1.66666666666667, -5, 
    1.66666666666667, -1.66666666666667, -5, 1.66666666666667, 
    -1.66666666666667, -5, 1.66666666666667, -1.66666666666667, -5, 
    1.66666666666667, 1.66666666666667, -1.66666666666667, -1.66666666666667, 
    -5, -5, 1.66666666666667, -1.66666666666667, -5, 1.66666666666667, 
    -1.66666666666667, -5, 1.66666666666667, -1.66666666666667, -5, 
    1.66666666666667, -1.66666666666667, -5, 1.66666666666667, 
    -1.66666666666667, -5, 1.66666666666667, -1.66666666666667, -5, 
    1.66666666666667, -1.66666666666667, -5, 1.66666666666667, 
    -1.66666666666667, -5, 1.66666666666667, -1.66666666666667, -5, 
    1.66666666666667, -1.66666666666667, -5, 1.66666666666667, 
    -1.66666666666667, -5, 1.66666666666667, -1.66666666666667, -5, 
    1.66666666666667, 1.66666666666667, -1.66666666666667, -1.66666666666667, 
    -5, -5, 1.66666666666667, -1.66666666666667, -5, 1.66666666666667, 
    -1.66666666666667, -5, 1.66666666666667, -1.66666666666667, -5, 
    1.66666666666667, -1.66666666666667, -5, 1.66666666666667, 
    -1.66666666666667, -5, 1.66666666666667, -1.66666666666667, -5, 
    1.66666666666667, -1.66666666666667, -5, 1.66666666666667, 
    -1.66666666666667, -5, 1.66666666666667, -1.66666666666667, -5, 
    1.66666666666667, -1.66666666666667, -5, 1.66666666666667, 
    -1.66666666666667, -5, 1.66666666666667, -1.66666666666667, -5, 
    1.66666666666667, 1.66666666666667, -1.66666666666667, -1.66666666666667, 
    -5, -5, 1.66666666666667, -1.66666666666667, -5, 1.66666666666667, 
    -1.66666666666667, -5, 1.66666666666667, -1.66666666666667, -5, 
    1.66666666666667, -1.66666666666667, -5, 1.66666666666667, 
    -1.66666666666667, -5, 1.66666666666667, -1.66666666666667, -5, 
    1.66666666666667, -1.66666666666667, -5, 1.66666666666667, 
    -1.66666666666667, -5, 1.66666666666667, -1.66666666666667, -5, 
    1.66666666666667, -1.66666666666667, -5, 1.66666666666667, 
    -1.66666666666667, -5, 1.66666666666667, -1.66666666666667, -5, 
    1.66666666666667, 1.66666666666667, -1.66666666666667, -1.66666666666667, 
    -5, -5, 1.66666666666667, -1.66666666666667, -5, 1.66666666666667, 
    -1.66666666666667, -5, 1.66666666666667, -1.66666666666667, -5, 
    1.66666666666667, -1.66666666666667, -5, 1.66666666666667, 
    -1.66666666666667, -5, 1.66666666666667, -1.66666666666667, -5, 
    1.66666666666667, -1.66666666666667, -5, 1.66666666666667, 
    -1.66666666666667, -5, 1.66666666666667, -1.66666666666667, -5, 
    1.66666666666667, -1.66666666666667, -5, 1.66666666666667, 
    -1.66666666666667, -5, 1.66666666666667, -1.66666666666667, -5, 
    1.66666666666667, 1.66666666666667, -1.66666666666667, -1.66666666666667, 
    -5, -5, 1.66666666666667, -1.66666666666667, -5, 1.66666666666667, 
    -1.66666666666667, -5, 1.66666666666667, -1.66666666666667, -5, 
    1.66666666666667, -1.66666666666667, -5, 1.66666666666667, 
    -1.66666666666667, -5, 1.66666666666667, -1.66666666666667, -5, 
    1.66666666666667, -1.66666666666667, -5, 1.66666666666667, 
    -1.66666666666667, -5, 1.66666666666667, -1.66666666666667, -5, 
    1.66666666666667, -1.66666666666667, -5, 1.66666666666667, 
    -1.66666666666667, -5, 1.66666666666667, -1.66666666666667, -5, 25, 21, 
    21, 25, 25, 21, 21, 25, 17, 17, 17, 17, 13, 13, 13, 13, 9, 9, 9, 9, 5, 5, 
    5, 5, 21, 25, 21, 25, 17, 17, 13, 13, 9, 9, 5, 5, 21, 25, 21, 25, 17, 17, 
    13, 13, 9, 9, 5, 5, 21, 25, 21, 25, 17, 17, 13, 13, 9, 9, 5, 5, 21, 25, 
    21, 25, 17, 17, 13, 13, 9, 9, 5, 5, 21, 25, 21, 25, 17, 17, 13, 13, 9, 9, 
    5, 5, 21, 25, 21, 25, 17, 17, 13, 13, 9, 9, 5, 5, 21, 25, 21, 25, 17, 17, 
    13, 13, 9, 9, 5, 5, 21, 25, 21, 25, 17, 17, 13, 13, 9, 9, 5, 5, 21, 25, 
    21, 25, 17, 17, 13, 13, 9, 9, 5, 5, 21, 25, 21, 25, 17, 17, 13, 13, 
    8.99999999999999, 9, 5, 5, 21, 25, 21, 25, 17, 17, 13, 13, 9, 9, 5, 5, 
    25, 21, 21, 25, 17, 17, 13, 13, 9, 9, 5, 5, 21, 25, 17, 13, 9, 5, 21, 25, 
    17, 13, 9, 5, 21, 25, 17, 13, 9, 5, 21, 25, 17, 13, 9, 5, 21, 25, 17, 13, 
    9, 5, 21, 25, 17, 13, 9, 5, 21, 25, 17, 13, 9, 5, 21, 25, 17, 13, 9, 5, 
    21, 25, 17, 13, 9, 5, 21, 25, 17, 13, 9, 5, 21, 25, 17, 13, 9, 5, 25, 21, 
    21, 25, 17, 17, 13, 13, 9, 9, 5, 5, 21, 25, 17, 13, 9, 5, 21, 25, 17, 13, 
    9, 5, 21, 25, 17, 13, 9, 5, 21, 25, 17, 13, 9, 5, 21, 25, 17, 13, 9, 5, 
    21, 25, 17, 13, 9, 5, 21, 25, 17, 13, 9, 5, 21, 25, 17, 13, 9, 5, 21, 25, 
    17, 13, 9, 5, 21, 25, 17, 13, 9, 5, 21, 25, 17, 13, 9, 5, 25, 21, 21, 25, 
    17, 17, 13, 13, 9, 9, 5, 5, 21, 25, 17, 13, 9, 5, 21, 25, 17, 13, 9, 5, 
    21, 25, 17, 13, 9, 5, 21, 25, 17, 13, 9, 5, 21, 25, 17, 13, 9, 5, 21, 25, 
    17, 13, 9, 5, 21, 25, 17, 13, 9, 5, 21, 25, 17, 13, 9, 5, 21, 25, 17, 13, 
    9, 5, 21, 25, 17, 13, 9, 5, 21, 25, 17, 13, 9, 5, 25, 21, 21, 25, 17, 17, 
    13, 13, 9, 9, 5, 5, 21, 25, 17, 13, 9, 5, 21, 25, 17, 13, 9, 5, 21, 25, 
    17, 13, 9, 5, 21, 25, 17, 13, 9, 5, 21, 25, 17, 13, 9, 5, 21, 25, 17, 13, 
    9, 5, 21, 25, 17, 13, 9, 5, 21, 25, 17, 13, 9, 5, 21, 25, 17, 13, 9, 5, 
    21, 25, 17, 13, 9, 5, 21, 25, 17, 13, 9, 5, 25, 21, 21, 25, 17, 17, 13, 
    13, 9, 9, 5, 5, 21, 25, 17, 13, 9, 5, 21, 25, 17, 13, 9, 5, 21, 25, 17, 
    13, 9, 5, 21, 25, 17, 13, 9, 5, 21, 25, 17, 13, 9, 5, 21, 25, 17, 13, 9, 
    5, 21, 25, 17, 13, 9, 5, 21, 25, 17, 13, 9, 5, 21, 25, 17, 13, 9, 5, 21, 
    25, 17, 13, 9, 5, 21, 25, 17, 13, 9, 5, 25, 21, 21, 25, 17, 17, 13, 13, 
    9, 9, 5, 5, 21, 25, 17, 13, 9, 5, 21, 25, 17, 13, 9, 5, 21, 25, 17, 13, 
    9, 5, 21, 25, 17, 13, 9, 5, 21, 25, 17, 13, 9, 5, 21, 25, 17, 13, 9, 5, 
    21, 25, 17, 13, 9, 5, 21, 25, 17, 13, 9, 5, 21, 25, 17, 13, 9, 5, 21, 25, 
    17, 13, 9, 5, 21, 25, 17, 13, 9, 5, 25, 21, 21, 25, 17, 17, 13, 13, 9, 9, 
    5, 5, 21, 25, 17, 13, 9, 5, 21, 25, 17, 13, 9, 5, 21, 25, 17, 13, 9, 5, 
    21, 25, 17, 13, 9, 5, 21, 25, 17, 13, 9, 5, 21, 25, 17, 13, 9, 5, 21, 25, 
    17, 13, 9, 5, 21, 25, 17, 13, 9, 5, 21, 25, 17, 13, 9, 5, 21, 25, 17, 13, 
    9, 5, 21, 25, 17, 13, 9, 5, 25, 21, 21, 25, 17, 17, 13, 13, 9, 9, 5, 5, 
    21, 25, 17, 13, 9, 5, 21, 25, 17, 13, 9, 5, 21, 25, 17, 13, 9, 5, 21, 25, 
    17, 13, 9, 5, 21, 25, 17, 13, 9, 5, 21, 25, 17, 13, 9, 5, 21, 25, 17, 13, 
    9, 5, 21, 25, 17, 13, 9, 5, 21, 25, 17, 13, 9, 5, 21, 25, 17, 13, 9, 5, 
    21, 25, 17, 13, 9, 5, 25, 21, 21, 25, 17, 17, 13, 13, 9, 9, 5, 5, 21, 25, 
    17, 13, 9, 5, 21, 25, 17, 13, 9, 5, 21, 25, 17, 13, 9, 5, 21, 25, 17, 13, 
    9, 5, 21, 25, 17, 13, 9, 5, 21, 25, 17, 13, 9, 5, 21, 25, 17, 13, 9, 5, 
    21, 25, 17, 13, 9, 5, 21, 25, 17, 13, 9, 5, 21, 25, 17, 13, 9, 5, 21, 25, 
    17, 13, 9, 5, 1.66666666666667, 1.66666666666667, 1.66666666666667, 
    1.66666666666667, -1.66666666666667, -1.66666666666667, 
    -1.66666666666667, -1.66666666666667, -5, -5, -5, -5, 1.66666666666667, 
    1.66666666666667, -1.66666666666667, -1.66666666666667, -5, -5, 
    1.66666666666667, 1.66666666666667, -1.66666666666667, -1.66666666666667, 
    -5, -5, 1.66666666666667, 1.66666666666667, -1.66666666666667, 
    -1.66666666666667, -5, -5, 1.66666666666667, 1.66666666666667, 
    -1.66666666666667, -1.66666666666667, -5, -5, 1.66666666666667, 
    1.66666666666667, -1.66666666666667, -1.66666666666667, -5, -5, 
    1.66666666666667, 1.66666666666667, -1.66666666666667, -1.66666666666667, 
    -5, -5, 1.66666666666667, 1.66666666666667, -1.66666666666667, 
    -1.66666666666667, -5, -5, 1.66666666666667, 1.66666666666667, 
    -1.66666666666667, -1.66666666666667, -5, -5, 1.66666666666667, 
    1.66666666666667, -1.66666666666667, -1.66666666666667, -5, -5, 
    1.66666666666667, 1.66666666666667, -1.66666666666667, -1.66666666666667, 
    -5, -5, 1.66666666666667, 1.66666666666667, -1.66666666666667, 
    -1.66666666666667, -5, -5, 1.66666666666667, 1.66666666666667, 
    -1.66666666666667, -1.66666666666667, -5, -5, 1.66666666666667, 
    -1.66666666666667, -5, 1.66666666666667, -1.66666666666667, -5, 
    1.66666666666667, -1.66666666666667, -5, 1.66666666666667, 
    -1.66666666666667, -5, 1.66666666666667, -1.66666666666667, -5, 
    1.66666666666667, -1.66666666666667, -5, 1.66666666666667, 
    -1.66666666666667, -5, 1.66666666666667, -1.66666666666667, -5, 
    1.66666666666667, -1.66666666666667, -5, 1.66666666666667, 
    -1.66666666666667, -5, 1.66666666666667, -1.66666666666667, -5, 
    1.66666666666667, 1.66666666666667, -1.66666666666667, -1.66666666666667, 
    -5, -5, 1.66666666666667, -1.66666666666667, -5, 1.66666666666667, 
    -1.66666666666667, -5, 1.66666666666667, -1.66666666666667, -5, 
    1.66666666666667, -1.66666666666667, -5, 1.66666666666667, 
    -1.66666666666667, -5, 1.66666666666667, -1.66666666666667, -5, 
    1.66666666666667, -1.66666666666667, -5, 1.66666666666667, 
    -1.66666666666667, -5, 1.66666666666667, -1.66666666666667, -5, 
    1.66666666666667, -1.66666666666667, -5, 1.66666666666667, 
    -1.66666666666667, -5, 1.66666666666667, 1.66666666666667, 
    -1.66666666666667, -1.66666666666667, -5, -5, 1.66666666666667, 
    -1.66666666666667, -5, 1.66666666666667, -1.66666666666667, -5, 
    1.66666666666667, -1.66666666666667, -5, 1.66666666666667, 
    -1.66666666666667, -5, 1.66666666666667, -1.66666666666667, -5, 
    1.66666666666667, -1.66666666666667, -5, 1.66666666666667, 
    -1.66666666666667, -5, 1.66666666666667, -1.66666666666667, -5, 
    1.66666666666667, -1.66666666666667, -5, 1.66666666666667, 
    -1.66666666666667, -5, 1.66666666666667, -1.66666666666667, -5, 
    1.66666666666667, 1.66666666666667, -1.66666666666667, -1.66666666666667, 
    -5, -5, 1.66666666666667, -1.66666666666667, -5, 1.66666666666667, 
    -1.66666666666667, -5, 1.66666666666667, -1.66666666666667, -5, 
    1.66666666666667, -1.66666666666667, -5, 1.66666666666667, 
    -1.66666666666667, -5, 1.66666666666667, -1.66666666666667, -5, 
    1.66666666666667, -1.66666666666667, -5, 1.66666666666667, 
    -1.66666666666667, -5, 1.66666666666667, -1.66666666666667, -5, 
    1.66666666666667, -1.66666666666667, -5, 1.66666666666667, 
    -1.66666666666667, -5, 1.66666666666667, 1.66666666666667, 
    -1.66666666666667, -1.66666666666667, -5, -5, 1.66666666666667, 
    -1.66666666666667, -5, 1.66666666666667, -1.66666666666667, -5, 
    1.66666666666667, -1.66666666666667, -5, 1.66666666666667, 
    -1.66666666666667, -5, 1.66666666666667, -1.66666666666667, -5, 
    1.66666666666667, -1.66666666666667, -5, 1.66666666666667, 
    -1.66666666666667, -5, 1.66666666666667, -1.66666666666667, -5, 
    1.66666666666667, -1.66666666666667, -5, 1.66666666666667, 
    -1.66666666666667, -5, 1.66666666666667, -1.66666666666667, -5, 
    1.66666666666667, 1.66666666666667, -1.66666666666667, -1.66666666666667, 
    -5, -5, 1.66666666666667, -1.66666666666667, -5, 1.66666666666667, 
    -1.66666666666667, -5, 1.66666666666667, -1.66666666666667, -5, 
    1.66666666666667, -1.66666666666667, -5, 1.66666666666667, 
    -1.66666666666667, -5, 1.66666666666667, -1.66666666666667, -5, 
    1.66666666666667, -1.66666666666667, -5, 1.66666666666667, 
    -1.66666666666667, -5, 1.66666666666667, -1.66666666666667, -5, 
    1.66666666666667, -1.66666666666667, -5, 1.66666666666667, 
    -1.66666666666667, -5, 1.66666666666667, 1.66666666666667, 
    -1.66666666666667, -1.66666666666667, -5, -5, 1.66666666666667, 
    -1.66666666666667, -5, 1.66666666666667, -1.66666666666667, -5, 
    1.66666666666667, -1.66666666666667, -5, 1.66666666666667, 
    -1.66666666666667, -5, 1.66666666666667, -1.66666666666667, -5, 
    1.66666666666667, -1.66666666666667, -5, 1.66666666666667, 
    -1.66666666666667, -5, 1.66666666666667, -1.66666666666667, -5, 
    1.66666666666667, -1.66666666666667, -5, 1.66666666666667, 
    -1.66666666666667, -5, 1.66666666666667, -1.66666666666667, -5, 
    1.66666666666667, 1.66666666666667, -1.66666666666667, -1.66666666666667, 
    -5, -5, 1.66666666666667, -1.66666666666667, -5, 1.66666666666667, 
    -1.66666666666667, -5, 1.66666666666667, -1.66666666666667, -5, 
    1.66666666666667, -1.66666666666667, -5, 1.66666666666667, 
    -1.66666666666667, -5, 1.66666666666667, -1.66666666666667, -5, 
    1.66666666666667, -1.66666666666667, -5, 1.66666666666667, 
    -1.66666666666667, -5, 1.66666666666667, -1.66666666666667, -5, 
    1.66666666666667, -1.66666666666667, -5, 1.66666666666667, 
    -1.66666666666667, -5, 1.66666666666667, 1.66666666666667, 
    -1.66666666666667, -1.66666666666667, -5, -5, 1.66666666666667, 
    -1.66666666666667, -5, 1.66666666666667, -1.66666666666667, -5, 
    1.66666666666667, -1.66666666666667, -5, 1.66666666666667, 
    -1.66666666666667, -5, 1.66666666666667, -1.66666666666667, -5, 
    1.66666666666667, -1.66666666666667, -5, 1.66666666666667, 
    -1.66666666666667, -5, 1.66666666666667, -1.66666666666667, -5, 
    1.66666666666667, -1.66666666666667, -5, 1.66666666666667, 
    -1.66666666666667, -5, 1.66666666666667, -1.66666666666667, -5, -25, -21, 
    -21, -25, -25, -21, -21, -25, -17, -17, -17, -17, -13, -13, -13, -13, -9, 
    -9, -9, -9, -21, -25, -21, -25, -17, -17, -13, -13, -9, -9, -21, -25, 
    -21, -25, -17, -17, -13, -13, -9, -9, -21, -25, -21, -25, -17, -17, -13, 
    -13, -9, -9, -21, -25, -21, -25, -17, -17, -13, -13, -9, -9, -21, -25, 
    -21, -25, -17, -17, -13, -13, -9, -9, -21, -25, -21, -25, -17, -17, -13, 
    -13, -9, -9, -21, -25, -21, -25, -17, -17, -13, -13, -9, -9, -21, -25, 
    -21, -25, -17, -17, -13, -13, -9, -9, -21, -25, -21, -25, -17, -17, -13, 
    -13, -9, -9, -21, -25, -21, -25, -17, -17, -13, -13, -8.99999999999999, 
    -9, -21, -25, -21, -25, -17, -17, -13, -13, -9, -9, -21, -25, -21, -25, 
    -17, -17, -13, -13, -9, -9, -25, -21, -21, -25, -17, -17, -13, -13, -9, 
    -9, -21, -25, -17, -13, -9, -21, -25, -17, -13, -9, -21, -25, -17, -13, 
    -9, -21, -25, -17, -13, -9, -21, -25, -17, -13, -9, -21, -25, -17, -13, 
    -9, -21, -25, -17, -13, -9, -21, -25, -17, -13, -9, -21, -25, -17, -13, 
    -9, -21, -25, -17, -13, -9, -21, -25, -17, -13, -9, -21, -25, -17, -13, 
    -9, -25, -21, -21, -25, -17, -17, -13, -13, -9, -9, -21, -25, -17, -13, 
    -9, -21, -25, -17, -13, -9, -21, -25, -17, -13, -9, -21, -25, -17, -13, 
    -9, -21, -25, -17, -13, -9, -21, -25, -17, -13, -9, -21, -25, -17, -13, 
    -9, -21, -25, -17, -13, -9, -21, -25, -17, -13, -9, -21, -25, -17, -13, 
    -9, -21, -25, -17, -13, -9, -21, -25, -17, -13, -9, -25, -21, -21, -25, 
    -17, -17, -13, -13, -9, -9, -21, -25, -17, -13, -9, -21, -25, -17, -13, 
    -9, -21, -25, -17, -13, -9, -21, -25, -17, -13, -9, -21, -25, -17, -13, 
    -9, -21, -25, -17, -13, -9, -21, -25, -17, -13, -9, -21, -25, -17, -13, 
    -9, -21, -25, -17, -13, -9, -21, -25, -17, -13, -9, -21, -25, -17, -13, 
    -9, -21, -25, -17, -13, -9, -25, -21, -21, -25, -17, -17, -13, -13, -9, 
    -9, -21, -25, -17, -13, -9, -21, -25, -17, -13, -9, -21, -25, -17, -13, 
    -9, -21, -25, -17, -13, -9, -21, -25, -17, -13, -9, -21, -25, -17, -13, 
    -9, -21, -25, -17, -13, -9, -21, -25, -17, -13, -9, -21, -25, -17, -13, 
    -9, -21, -25, -17, -13, -9, -21, -25, -17, -13, -9, -21, -25, -17, -13, 
    -9, -25, -21, -21, -25, -17, -17, -13, -13, -9, -9, -21, -25, -17, -13, 
    -9, -21, -25, -17, -13, -9, -21, -25, -17, -13, -9, -21, -25, -17, -13, 
    -9, -21, -25, -17, -13, -9, -21, -25, -17, -13, -9, -21, -25, -17, -13, 
    -9, -21, -25, -17, -13, -9, -21, -25, -17, -13, -9, -21, -25, -17, -13, 
    -9, -21, -25, -17, -13, -9, -21, -25, -17, -13, -9, -25, -21, -21, -25, 
    -17, -17, -13, -13, -9, -9, -21, -25, -17, -13, -9, -21, -25, -17, -13, 
    -9, -21, -25, -17, -13, -9, -21, -25, -17, -13, -9, -21, -25, -17, -13, 
    -9, -21, -25, -17, -13, -9, -21, -25, -17, -13, -9, -21, -25, -17, -13, 
    -9, -21, -25, -17, -13, -9, -21, -25, -17, -13, -9, -21, -25, -17, -13, 
    -9, -21, -25, -17, -13, -9, -25, -21, -21, -25, -17, -17, -13, -13, -9, 
    -9, -21, -25, -17, -13, -9, -21, -25, -17, -13, -9, -21, -25, -17, -13, 
    -9, -21, -25, -17, -13, -9, -21, -25, -17, -13, -9, -21, -25, -17, -13, 
    -9, -21, -25, -17, -13, -9, -21, -25, -17, -13, -9, -21, -25, -17, -13, 
    -9, -21, -25, -17, -13, -9, -21, -25, -17, -13, -9, -21, -25, -17, -13, 
    -9, -25, -21, -21, -25, -17, -17, -13, -13, -9, -9, -21, -25, -17, -13, 
    -9, -21, -25, -17, -13, -9, -21, -25, -17, -13, -9, -21, -25, -17, -13, 
    -9, -21, -25, -17, -13, -9, -21, -25, -17, -13, -9, -21, -25, -17, -13, 
    -9, -21, -25, -17, -13, -9, -21, -25, -17, -13, -9, -21, -25, -17, -13, 
    -9, -21, -25, -17, -13, -9, -21, -25, -17, -13, -9, -25, -21, -21, -25, 
    -17, -17, -13, -13, -9, -9, -21, -25, -17, -13, -9, -21, -25, -17, -13, 
    -9, -21, -25, -17, -13, -9, -21, -25, -17, -13, -9, -21, -25, -17, -13, 
    -9, -21, -25, -17, -13, -9, -21, -25, -17, -13, -9, -21, -25, -17, -13, 
    -9, -21, -25, -17, -13, -9, -21, -25, -17, -13, -9, -21, -25, -17, -13, 
    -9, -21, -25, -17, -13, -9, -25, -25, -21, -21, -25, -25, -21, -21, -25, 
    -21, -25, -21, -25, -21, -25, -21, -25, -21, -25, -21, -25, -21, -25, 
    -21, -25, -21, -25, -21, -25, -21, -25, -21, -25, -21, -25, -21, -25, 
    -21, -25, -21, -25, -21, -25, -21, -17, -17, -17, -17, -17, -17, -17, 
    -17, -17, -17, -17, -17, -17, -17, -17, -17, -17, -17, -17, -17, -17, 
    -17, -13, -13, -13, -13, -13, -13, -13, -13, -13, -13, -13, -13, -13, 
    -13, -13, -13, -13, -13, -13, -13, -13, -13, -9, -9, -9, -9, -9, -9, -9, 
    -9, -9, -9, -9, -9, -9, -9, -9, -9, -9, -9, -9, -9, -9, -9, -25, -25, 
    -21, -21, -25, -21, -25, -21, -25, -21, -25, -21, -25, -21, -25, -21, 
    -25, -21, -25, -21, -25, -21, -17, -17, -17, -17, -17, -17, -17, -17, 
    -17, -17, -17, -13, -13, -13, -13, -13, -13, -13, -13, -13, -13, -13, -9, 
    -9, -9, -9, -9, -9, -9, -9, -9, -9, -8.99999999999999, -25, -25, -21, 
    -21, -25, -21, -25, -21, -25, -21, -25, -21, -25, -21, -25, -21, -25, 
    -21, -25, -21, -25, -21, -17, -17, -17, -17, -17, -17, -17, -17, -17, 
    -17, -17, -13, -13, -13, -13, -13, -13, -13, -13, -13, -13, -13, -9, -9, 
    -9, -9, -9, -9, -9, -9, -9, -9, -9, -25, -25, -21, -21, -25, -21, -25, 
    -21, -25, -21, -25, -21, -25, -21, -25, -21, -25, -21, -25, -21, -25, 
    -21, -17, -17, -17, -17, -17, -17, -17, -17, -17, -17, -17, -13, -13, 
    -13, -13, -13, -13, -13, -13, -13, -13, -13, -9, -9, -9, -9, -9, -9, -9, 
    -9, -9, -9, -9, -25, -25, -21, -21, -25, -21, -25, -21, -25, -21, -25, 
    -21, -25, -21, -25, -21, -25, -21, -25, -21, -25, -21, -17, -17, -17, 
    -17, -17, -17, -17, -17, -17, -17, -17, -13, -13, -13, -13, -13, -13, 
    -13, -13, -13, -13, -13, -9, -9, -9, -9, -9, -9, -9, -9, -9, -9, -9, -25, 
    -25, -21, -21, -25, -21, -25, -21, -25, -21, -25, -21, -25, -21, -25, 
    -21, -25, -21, -25, -21, -25, -21, -17, -17, -17, -17, -17, -17, -17, 
    -17, -17, -17, -17, -13, -13, -13, -13, -13, -13, -13, -13, -13, -13, 
    -13, -9, -9, -9, -9, -9, -9, -9, -9, -9, -9, -9, -25, -25, -21, -21, -25, 
    -21, -25, -21, -25, -21, -25, -21, -25, -21, -25, -21, -25, -21, -25, 
    -21, -25, -21, -17, -17, -17, -17, -17, -17, -17, -17, -17, -17, -17, 
    -13, -13, -13, -13, -13, -13, -13, -13, -13, -13, -13, -9, -9, -9, -9, 
    -9, -9, -9, -9, -9, -9, -9, -25, -25, -21, -21, -25, -21, -25, -21, -25, 
    -21, -25, -21, -25, -21, -25, -21, -25, -21, -25, -21, -25, -21, -17, 
    -17, -17, -17, -17, -17, -17, -17, -17, -17, -17, -13, -13, -13, -13, 
    -13, -13, -13, -13, -13, -13, -13, -9, -9, -9, -9, -9, -9, -9, -9, -9, 
    -9, -9, -25, -25, -21, -21, -25, -21, -25, -21, -25, -21, -25, -21, -25, 
    -21, -25, -21, -25, -21, -25, -21, -25, -21, -17, -17, -17, -17, -17, 
    -17, -17, -17, -17, -17, -17, -13, -13, -13, -13, -13, -13, -13, -13, 
    -13, -13, -13, -9, -9, -9, -9, -9, -9, -9, -9, -9, -9, -9, -25, -25, -21, 
    -21, -25, -21, -25, -21, -25, -21, -25, -21, -25, -21, -25, -21, -25, 
    -21, -25, -21, -25, -21, -17, -17, -17, -17, -17, -17, -17, -17, -17, 
    -17, -17, -13, -13, -13, -13, -13, -13, -13, -13, -13, -13, -13, -9, -9, 
    -9, -9, -9, -9, -9, -9, -9, -9, -9, -25, -25, -21, -21, -25, -21, -25, 
    -21, -25, -21, -25, -21, -25, -21, -25, -21, -25, -21, -25, -21, -25, 
    -21, -17, -17, -17, -17, -17, -17, -17, -17, -17, -17, -17, -13, -13, 
    -13, -13, -13, -13, -13, -13, -13, -13, -13, -9, -9, -9, -9, -9, -9, -9, 
    -9, -9, -9, -9, -25, -25, -21, -21, -25, -21, -25, -21, -25, -21, -25, 
    -21, -25, -21, -25, -21, -25, -21, -25, -21, -25, -21, -17, -17, -17, 
    -17, -17, -17, -17, -17, -17, -17, -17, -13, -13, -13, -13, -13, -13, 
    -13, -13, -13, -13, -13, -9, -9, -9, -9, -9, -9, -9, -9, -9, -9, -9, 5, 
    9, 9, 5, 5, 9, 9, 5, 13, 13, 13, 13, 17, 17, 17, 17, 21, 21, 21, 21, 25, 
    25, 25, 25, 8.99999999999999, 5, 9, 5, 13, 13, 17, 17, 21, 21, 25, 25, 9, 
    5, 9, 5, 13, 13, 17, 17, 21, 21, 25, 25, 9, 5, 9, 5, 13, 13, 17, 17, 21, 
    21, 25, 25, 9, 5, 9, 5, 13, 13, 17, 17, 21, 21, 25, 25, 9, 5, 9, 5, 13, 
    13, 17, 17, 21, 21, 25, 25, 9, 5, 9, 5, 13, 13, 17, 17, 21, 21, 25, 25, 
    9, 5, 9, 5, 13, 13, 17, 17, 21, 21, 25, 25, 9, 5, 9, 5, 13, 13, 17, 17, 
    21, 21, 25, 25, 9, 5, 9, 5, 13, 13, 17, 17, 21, 21, 25, 25, 9, 5, 9, 5, 
    13, 13, 17, 17, 21, 21, 25, 25, 9, 5, 9, 5, 13, 13, 17, 17, 21, 21, 25, 
    25, 9, 5, 9, 5, 13, 13, 17, 17, 21, 21, 25, 25, 5, 9, 9, 5, 13, 13, 17, 
    17, 21, 21, 25, 25, 9, 5, 13, 17, 21, 25, 9, 5, 13, 17, 21, 25, 9, 5, 13, 
    17, 21, 25, 9, 5, 13, 17, 21, 25, 9, 5, 13, 17, 21, 25, 8.99999999999999, 
    5, 13, 17, 21, 25, 9, 5, 13, 17, 21, 25, 9, 5, 13, 17, 21, 25, 9, 5, 13, 
    17, 21, 25, 8.99999999999999, 5, 13, 17, 21, 25, 9, 5, 13, 17, 21, 25, 9, 
    5, 13, 17, 21, 25, 5, 9, 9, 5, 13, 13, 17, 17, 21, 21, 25, 25, 9, 5, 13, 
    17, 21, 25, 9, 5, 13, 17, 21, 25, 9, 5, 13, 17, 21, 25, 9, 5, 13, 17, 21, 
    25, 9, 5, 13, 17, 21, 25, 9, 5, 13, 17, 21, 25, 9, 5, 13, 17, 21, 25, 9, 
    5, 13, 17, 21, 25, 9, 5, 13, 17, 21, 25, 9, 5, 13, 17, 21, 25, 9, 5, 13, 
    17, 21, 25, 9, 5, 13, 17, 21, 25, 5, 9, 9, 5, 13, 13, 17, 17, 21, 21, 25, 
    25, 9, 5, 13, 17, 21, 25, 9, 5, 13, 17, 21, 25, 9, 5, 13, 17, 21, 25, 9, 
    5, 13, 17, 21, 25, 9, 5, 13, 17, 21, 25, 9, 5, 13, 17, 21, 25, 9, 5, 13, 
    17, 21, 25, 9, 5, 13, 17, 21, 25, 9, 5, 13, 17, 21, 25, 9, 5, 13, 17, 21, 
    25, 9, 5, 13, 17, 21, 25, 9, 5, 13, 17, 21, 25, 5, 9, 9, 5, 13, 13, 17, 
    17, 21, 21, 25, 25, 9, 5, 13, 17, 21, 25, 9, 5, 13, 17, 21, 25, 9, 5, 13, 
    17, 21, 25, 9, 5, 13, 17, 21, 25, 9, 5, 13, 17, 21, 25, 9, 5, 13, 17, 21, 
    25, 9, 5, 13, 17, 21, 25, 9, 5, 13, 17, 21, 25, 9, 5, 13, 17, 21, 25, 9, 
    5, 13, 17, 21, 25, 9, 5, 13, 17, 21, 25, 9, 5, 13, 17, 21, 25, 5, 9, 9, 
    5, 13, 13, 17, 17, 21, 21, 25, 25, 9, 5, 13, 17, 21, 25, 9, 5, 13, 17, 
    21, 25, 9, 5, 13, 17, 21, 25, 9, 5, 13, 17, 21, 25, 9, 5, 13, 17, 21, 25, 
    9, 5, 13, 17, 21, 25, 9, 5, 13, 17, 21, 25, 9, 5, 13, 17, 21, 25, 9, 5, 
    13, 17, 21, 25, 9, 5, 13, 17, 21, 25, 9, 5, 13, 17, 21, 25, 9, 5, 13, 17, 
    21, 25, 5, 9, 9, 5, 13, 13, 17, 17, 21, 21, 25, 25, 9, 5, 13, 17, 21, 25, 
    9, 5, 13, 17, 21, 25, 9, 5, 13, 17, 21, 25, 9, 5, 13, 17, 21, 25, 9, 5, 
    13, 17, 21, 25, 9, 5, 13, 17, 21, 25, 9, 5, 13, 17, 21, 25, 9, 5, 13, 17, 
    21, 25, 9, 5, 13, 17, 21, 25, 9, 5, 13, 17, 21, 25, 9, 5, 13, 17, 21, 25, 
    9, 5, 13, 17, 21, 25, 5, 9, 9, 5, 13, 13, 17, 17, 21, 21, 25, 25, 9, 5, 
    13, 17, 21, 25, 9, 5, 13, 17, 21, 25, 9, 5, 13, 17, 21, 25, 9, 5, 13, 17, 
    21, 25, 9, 5, 13, 17, 21, 25, 8.99999999999999, 5, 13, 17, 21, 25, 9, 5, 
    13, 17, 21, 25, 9, 5, 13, 17, 21, 25, 9, 5, 13, 17, 21, 25, 
    8.99999999999999, 5, 13, 17, 21, 25, 9, 5, 13, 17, 21, 25, 9, 5, 13, 17, 
    21, 25, 5, 9, 9, 5, 13, 13, 17, 17, 21, 21, 25, 25, 9, 5, 13, 17, 21, 25, 
    9, 5, 13, 17, 21, 25, 9, 5, 13, 17, 21, 25, 9, 5, 13, 17, 21, 25, 9, 5, 
    13, 17, 21, 25, 9, 5, 13, 17, 21, 25, 9, 5, 13, 17, 21, 25, 9, 5, 13, 17, 
    21, 25, 9, 5, 13, 17, 21, 25, 9, 5, 13, 17, 21, 25, 9, 5, 13, 17, 21, 25, 
    9, 5, 13, 17, 21, 25, 5, 9, 9, 5, 13, 13, 17, 17, 21, 21, 25, 25, 
    8.99999999999999, 5, 13, 17, 21, 25, 9, 5, 13, 17, 21, 25, 9, 5, 13, 17, 
    21, 25, 9, 5, 13, 17, 21, 25, 9, 5, 13, 17, 21, 25, 9, 5, 13, 17, 21, 25, 
    9, 5, 13, 17, 21, 25, 9, 5, 13, 17, 21, 25, 9, 5, 13, 17, 21, 25, 9, 5, 
    13, 17, 21, 25, 9, 5, 13, 17, 21, 25, 9, 5, 13, 17, 21, 25, 
    1.66666666666667, 1.66666666666667, 1.66666666666667, 1.66666666666667, 
    1.66666666666667, 1.66666666666667, 1.66666666666667, 1.66666666666667, 
    1.66666666666667, 1.66666666666667, 1.66666666666667, 1.66666666666667, 
    1.66666666666667, 1.66666666666667, 1.66666666666667, 1.66666666666667, 
    1.66666666666667, 1.66666666666667, 1.66666666666667, 1.66666666666667, 
    1.66666666666667, 1.66666666666667, 1.66666666666667, 1.66666666666667, 
    1.66666666666667, 1.66666666666667, 1.66666666666667, 1.66666666666667, 
    1.66666666666667, 1.66666666666667, 1.66666666666667, 1.66666666666667, 
    1.66666666666667, 1.66666666666667, 1.66666666666667, 1.66666666666667, 
    1.66666666666667, 1.66666666666667, 1.66666666666667, 1.66666666666667, 
    1.66666666666667, 1.66666666666667, 1.66666666666667, 1.66666666666667, 
    1.66666666666667, 1.66666666666667, 1.66666666666667, 1.66666666666667, 
    1.66666666666667, 1.66666666666667, 1.66666666666667, 1.66666666666667, 
    1.66666666666667, 1.66666666666667, 1.66666666666667, 1.66666666666667, 
    1.66666666666667, 1.66666666666667, 1.66666666666667, 1.66666666666667, 
    1.66666666666667, 1.66666666666667, 1.66666666666667, 1.66666666666667, 
    1.66666666666667, 1.66666666666667, 1.66666666666667, 1.66666666666667, 
    1.66666666666667, 1.66666666666667, 1.66666666666667, 1.66666666666667, 
    1.66666666666667, 1.66666666666667, 1.66666666666667, 1.66666666666667, 
    1.66666666666667, 1.66666666666667, 1.66666666666667, 1.66666666666667, 
    1.66666666666667, 1.66666666666667, 1.66666666666667, 1.66666666666667, 
    1.66666666666667, 1.66666666666667, 1.66666666666667, 1.66666666666667, 
    1.66666666666667, 1.66666666666667, 1.66666666666667, 1.66666666666667, 
    1.66666666666667, 1.66666666666667, 1.66666666666667, 1.66666666666667, 
    1.66666666666667, 1.66666666666667, 1.66666666666667, 1.66666666666667, 
    1.66666666666667, 1.66666666666667, 1.66666666666667, 1.66666666666667, 
    1.66666666666667, 1.66666666666667, 1.66666666666667, 1.66666666666667, 
    1.66666666666667, 1.66666666666667, 1.66666666666667, 1.66666666666667, 
    1.66666666666667, 1.66666666666667, 1.66666666666667, 1.66666666666667, 
    1.66666666666667, 1.66666666666667, 1.66666666666667, 1.66666666666667, 
    1.66666666666667, 1.66666666666667, 1.66666666666667, 1.66666666666667, 
    1.66666666666667, 1.66666666666667, 1.66666666666667, 1.66666666666667, 
    1.66666666666667, 1.66666666666667, 1.66666666666667, 1.66666666666667, 
    1.66666666666667, 1.66666666666667, 1.66666666666667, 1.66666666666667, 
    1.66666666666667, 1.66666666666667, 1.66666666666667, 1.66666666666667, 
    1.66666666666667, 1.66666666666667, 1.66666666666667, 1.66666666666667, 
    1.66666666666667, 1.66666666666667, 1.66666666666667, 1.66666666666667, 
    1.66666666666667, 1.66666666666667, 1.66666666666667, 1.66666666666667, 
    1.66666666666667, 1.66666666666667, -1.66666666666667, -1.66666666666667, 
    -1.66666666666667, -1.66666666666667, -1.66666666666667, 
    -1.66666666666667, -1.66666666666667, -1.66666666666667, 
    -1.66666666666667, -1.66666666666667, -1.66666666666667, 
    -1.66666666666667, -1.66666666666667, -1.66666666666667, 
    -1.66666666666667, -1.66666666666667, -1.66666666666667, 
    -1.66666666666667, -1.66666666666667, -1.66666666666667, 
    -1.66666666666667, -1.66666666666667, -1.66666666666667, 
    -1.66666666666667, -1.66666666666667, -1.66666666666667, 
    -1.66666666666667, -1.66666666666667, -1.66666666666667, 
    -1.66666666666667, -1.66666666666667, -1.66666666666667, 
    -1.66666666666667, -1.66666666666667, -1.66666666666667, 
    -1.66666666666667, -1.66666666666667, -1.66666666666667, 
    -1.66666666666667, -1.66666666666667, -1.66666666666667, 
    -1.66666666666667, -1.66666666666667, -1.66666666666667, 
    -1.66666666666667, -1.66666666666667, -1.66666666666667, 
    -1.66666666666667, -1.66666666666667, -1.66666666666667, 
    -1.66666666666667, -1.66666666666667, -1.66666666666667, 
    -1.66666666666667, -1.66666666666667, -1.66666666666667, 
    -1.66666666666667, -1.66666666666667, -1.66666666666667, 
    -1.66666666666667, -1.66666666666667, -1.66666666666667, 
    -1.66666666666667, -1.66666666666667, -1.66666666666667, 
    -1.66666666666667, -1.66666666666667, -1.66666666666667, 
    -1.66666666666667, -1.66666666666667, -1.66666666666667, 
    -1.66666666666667, -1.66666666666667, -1.66666666666667, 
    -1.66666666666667, -1.66666666666667, -1.66666666666667, 
    -1.66666666666667, -1.66666666666667, -1.66666666666667, 
    -1.66666666666667, -1.66666666666667, -1.66666666666667, 
    -1.66666666666667, -1.66666666666667, -1.66666666666667, 
    -1.66666666666667, -1.66666666666667, -1.66666666666667, 
    -1.66666666666667, -1.66666666666667, -1.66666666666667, 
    -1.66666666666667, -1.66666666666667, -1.66666666666667, 
    -1.66666666666667, -1.66666666666667, -1.66666666666667, 
    -1.66666666666667, -1.66666666666667, -1.66666666666667, 
    -1.66666666666667, -1.66666666666667, -1.66666666666667, 
    -1.66666666666667, -1.66666666666667, -1.66666666666667, 
    -1.66666666666667, -1.66666666666667, -1.66666666666667, 
    -1.66666666666667, -1.66666666666667, -1.66666666666667, 
    -1.66666666666667, -1.66666666666667, -1.66666666666667, 
    -1.66666666666667, -1.66666666666667, -1.66666666666667, 
    -1.66666666666667, -1.66666666666667, -1.66666666666667, 
    -1.66666666666667, -1.66666666666667, -1.66666666666667, 
    -1.66666666666667, -1.66666666666667, -1.66666666666667, 
    -1.66666666666667, -1.66666666666667, -1.66666666666667, 
    -1.66666666666667, -1.66666666666667, -1.66666666666667, 
    -1.66666666666667, -1.66666666666667, -1.66666666666667, 
    -1.66666666666667, -1.66666666666667, -1.66666666666667, 
    -1.66666666666667, -1.66666666666667, -1.66666666666667, 
    -1.66666666666667, -1.66666666666667, -1.66666666666667, 
    -1.66666666666667, -1.66666666666667, -1.66666666666667, 
    -1.66666666666667, -1.66666666666667, -1.66666666666667, 
    -1.66666666666667, -1.66666666666667, -5, -5, -5, -5, -5, -5, -5, -5, -5, 
    -5, -5, -5, -5, -5, -5, -5, -5, -5, -5, -5, -5, -5, -5, -5, -5, -5, -5, 
    -5, -5, -5, -5, -5, -5, -5, -5, -5, -5, -5, -5, -5, -5, -5, -5, -5, -5, 
    -5, -5, -5, -5, -5, -5, -5, -5, -5, -5, -5, -5, -5, -5, -5, -5, -5, -5, 
    -5, -5, -5, -5, -5, -5, -5, -5, -5, -5, -5, -5, -5, -5, -5, -5, -5, -5, 
    -5, -5, -5, -5, -5, -5, -5, -5, -5, -5, -5, -5, -5, -5, -5, -5, -5, -5, 
    -5, -5, -5, -5, -5, -5, -5, -5, -5, -5, -5, -5, -5, -5, -5, -5, -5, -5, 
    -5, -5, -5, -5, -5, -5, -5, -5, -5, -5, -5, -5, -5, -5, -5, -5, -5, -5, 
    -5, -5, -5, -5, -5, -5, -5, -5, -5, -5, -5, -5, -5, -5, -5, -5, -5, -5, 
    -5, 5, 5, 5, 5, 1.66666666666667, 1.66666666666667, 1.66666666666667, 
    1.66666666666667, 5, 5, 1.66666666666667, 1.66666666666667, 5, 5, 
    1.66666666666667, 1.66666666666667, 5, 5, 1.66666666666667, 
    1.66666666666667, 5, 5, 1.66666666666667, 1.66666666666667, 5, 5, 
    1.66666666666667, 1.66666666666667, 5, 5, 1.66666666666667, 
    1.66666666666667, 5, 5, 1.66666666666667, 1.66666666666667, 5, 5, 
    1.66666666666667, 1.66666666666667, 5, 5, 1.66666666666667, 
    1.66666666666667, 5, 5, 1.66666666666667, 1.66666666666667, 5, 
    1.66666666666667, 5, 1.66666666666667, 5, 1.66666666666667, 5, 
    1.66666666666667, 5, 1.66666666666667, 5, 1.66666666666667, 5, 
    1.66666666666667, 5, 1.66666666666667, 5, 1.66666666666667, 5, 5, 
    1.66666666666667, 1.66666666666667, 5, 1.66666666666667, 5, 
    1.66666666666667, 5, 1.66666666666667, 5, 1.66666666666667, 5, 
    1.66666666666667, 5, 1.66666666666667, 5, 1.66666666666667, 5, 
    1.66666666666667, 5, 1.66666666666667, 5, 5, 1.66666666666667, 
    1.66666666666667, 5, 1.66666666666667, 5, 1.66666666666667, 5, 
    1.66666666666667, 5, 1.66666666666667, 5, 1.66666666666667, 5, 
    1.66666666666667, 5, 1.66666666666667, 5, 1.66666666666667, 5, 
    1.66666666666667, 5, 5, 1.66666666666667, 1.66666666666667, 5, 
    1.66666666666667, 5, 1.66666666666667, 5, 1.66666666666667, 5, 
    1.66666666666667, 5, 1.66666666666667, 5, 1.66666666666667, 5, 
    1.66666666666667, 5, 1.66666666666667, 5, 1.66666666666667, 5, 5, 
    1.66666666666667, 1.66666666666667, 5, 1.66666666666667, 5, 
    1.66666666666667, 5, 1.66666666666667, 5, 1.66666666666667, 5, 
    1.66666666666667, 5, 1.66666666666667, 5, 1.66666666666667, 5, 
    1.66666666666667, 5, 1.66666666666667, 5, 5, 1.66666666666667, 
    1.66666666666667, 5, 1.66666666666667, 5, 1.66666666666667, 5, 
    1.66666666666667, 5, 1.66666666666667, 5, 1.66666666666667, 5, 
    1.66666666666667, 5, 1.66666666666667, 5, 1.66666666666667, 5, 
    1.66666666666667, 5, 5, 1.66666666666667, 1.66666666666667, 5, 
    1.66666666666667, 5, 1.66666666666667, 5, 1.66666666666667, 5, 
    1.66666666666667, 5, 1.66666666666667, 5, 1.66666666666667, 5, 
    1.66666666666667, 5, 1.66666666666667, 5, 1.66666666666667, 5, 5, 
    1.66666666666667, 1.66666666666667, 5, 1.66666666666667, 5, 
    1.66666666666667, 5, 1.66666666666667, 5, 1.66666666666667, 5, 
    1.66666666666667, 5, 1.66666666666667, 5, 1.66666666666667, 5, 
    1.66666666666667, 5, 1.66666666666667, 5, 5, 1.66666666666667, 
    1.66666666666667, 5, 1.66666666666667, 5, 1.66666666666667, 5, 
    1.66666666666667, 5, 1.66666666666667, 5, 1.66666666666667, 5, 
    1.66666666666667, 5, 1.66666666666667, 5, 1.66666666666667, 5, 
    1.66666666666667, 5, 5, 1.66666666666667, 1.66666666666667, 5, 
    1.66666666666667, 5, 1.66666666666667, 5, 1.66666666666667, 5, 
    1.66666666666667, 5, 1.66666666666667, 5, 1.66666666666667, 5, 
    1.66666666666667, 5, 1.66666666666667, 5, 1.66666666666667, 5, 5, 
    1.66666666666667, 1.66666666666667, 5, 1.66666666666667, 5, 
    1.66666666666667, 5, 1.66666666666667, 5, 1.66666666666667, 5, 
    1.66666666666667, 5, 1.66666666666667, 5, 1.66666666666667, 5, 
    1.66666666666667, 5, 1.66666666666667, -1.66666666666667, 
    -1.66666666666667, -1.66666666666667, -1.66666666666667, 
    -1.66666666666667, -1.66666666666667, -1.66666666666667, 
    -1.66666666666667, -1.66666666666667, -1.66666666666667, 
    -1.66666666666667, -1.66666666666667, -1.66666666666667, 
    -1.66666666666667, -1.66666666666667, -1.66666666666667, 
    -1.66666666666667, -1.66666666666667, -1.66666666666667, 
    -1.66666666666667, -1.66666666666667, -1.66666666666667, 
    -1.66666666666667, -1.66666666666667, -1.66666666666667, 
    -1.66666666666667, -1.66666666666667, -1.66666666666667, 
    -1.66666666666667, -1.66666666666667, -1.66666666666667, 
    -1.66666666666667, -1.66666666666667, -1.66666666666667, 
    -1.66666666666667, -1.66666666666667, -1.66666666666667, 
    -1.66666666666667, -1.66666666666667, -1.66666666666667, 
    -1.66666666666667, -1.66666666666667, -1.66666666666667, 
    -1.66666666666667, -1.66666666666667, -1.66666666666667, 
    -1.66666666666667, -1.66666666666667, -1.66666666666667, 
    -1.66666666666667, -1.66666666666667, -1.66666666666667, 
    -1.66666666666667, -1.66666666666667, -1.66666666666667, 
    -1.66666666666667, -1.66666666666667, -1.66666666666667, 
    -1.66666666666667, -1.66666666666667, -1.66666666666667, 
    -1.66666666666667, -1.66666666666667, -1.66666666666667, 
    -1.66666666666667, -1.66666666666667, -1.66666666666667, 
    -1.66666666666667, -1.66666666666667, -1.66666666666667, 
    -1.66666666666667, -1.66666666666667, -1.66666666666667, 
    -1.66666666666667, -1.66666666666667, -1.66666666666667, 
    -1.66666666666667, -1.66666666666667, -1.66666666666667, 
    -1.66666666666667, -1.66666666666667, -1.66666666666667, 
    -1.66666666666667, -1.66666666666667, -1.66666666666667, 
    -1.66666666666667, -1.66666666666667, -1.66666666666667, 
    -1.66666666666667, -1.66666666666667, -1.66666666666667, 
    -1.66666666666667, -1.66666666666667, -1.66666666666667, 
    -1.66666666666667, -1.66666666666667, -1.66666666666667, 
    -1.66666666666667, -1.66666666666667, -1.66666666666667, 
    -1.66666666666667, -1.66666666666667, -1.66666666666667, 
    -1.66666666666667, -1.66666666666667, -1.66666666666667, 
    -1.66666666666667, -1.66666666666667, -1.66666666666667, 
    -1.66666666666667, -1.66666666666667, -1.66666666666667, 
    -1.66666666666667, -1.66666666666667, -1.66666666666667, 
    -1.66666666666667, -1.66666666666667, -1.66666666666667, 
    -1.66666666666667, -1.66666666666667, -1.66666666666667, 
    -1.66666666666667, -1.66666666666667, -1.66666666666667, 
    -1.66666666666667, -1.66666666666667, -1.66666666666667, 
    -1.66666666666667, -1.66666666666667, -1.66666666666667, 
    -1.66666666666667, -1.66666666666667, -1.66666666666667, 
    -1.66666666666667, -1.66666666666667, -1.66666666666667, 
    -1.66666666666667, -1.66666666666667, -1.66666666666667, 
    -1.66666666666667, -1.66666666666667, -1.66666666666667, 
    -1.66666666666667, -5, -5, -5, -5, -5, -5, -5, -5, -5, -5, -5, -5, -5, 
    -5, -5, -5, -5, -5, -5, -5, -5, -5, -5, -5, -5, -5, -5, -5, -5, -5, -5, 
    -5, -5, -5, -5, -5, -5, -5, -5, -5, -5, -5, -5, -5, -5, -5, -5, -5, -5, 
    -5, -5, -5, -5, -5, -5, -5, -5, -5, -5, -5, -5, -5, -5, -5, -5, -5, -5, 
    -5, -5, -5, -5, -5, -5, -5, -5, -5, -5, -5, -5, -5, -5, -5, -5, -5, -5, 
    -5, -5, -5, -5, -5, -5, -5, -5, -5, -5, -5, -5, -5, -5, -5, -5, -5, -5, 
    -5, -5, -5, -5, -5, -5, -5, -5, -5, -5, -5, -5, -5, -5, -5, -5, -5, -5, 
    -5, -5, -5, -5, -5, -5, -5, -5, -5, -5, -5, -5, -5, -5, -5, -5, -5, -5, 
    -5, -5, -5, -5, 9, 9, 9, 9, 9, 9, 9, 9, 9, 9, 9, 9, 9, 9, 9, 9, 9, 9, 9, 
    9, 9, 9, 13, 13, 13, 13, 13, 13, 13, 13, 13, 13, 13, 13, 13, 13, 13, 13, 
    13, 13, 13, 13, 13, 13, 17, 17, 17, 17, 17, 17, 17, 17, 17, 17, 17, 17, 
    17, 17, 17, 17, 17, 17, 17, 17, 17, 17, 21, 21, 21, 21, 21, 21, 21, 21, 
    21, 21, 21, 21, 21, 21, 21, 21, 21, 21, 21, 21, 21, 21, 25, 25, 25, 25, 
    25, 25, 25, 25, 25, 25, 25, 25, 25, 25, 25, 25, 25, 25, 25, 25, 25, 25, 
    9, 9, 9, 9, 9, 9, 9, 9, 9, 9, 9, 13, 13, 13, 13, 13, 13, 13, 13, 13, 13, 
    13, 17, 17, 17, 17, 17, 17, 17, 17, 17, 17, 17, 21, 21, 21, 21, 21, 21, 
    21, 21, 21, 21, 21, 25, 25, 25, 25, 25, 25, 25, 25, 25, 25, 25, 9, 9, 9, 
    9, 9, 9, 9, 9, 9, 9, 9, 13, 13, 13, 13, 13, 13, 13, 13, 13, 13, 13, 17, 
    17, 17, 17, 17, 17, 17, 17, 17, 17, 17, 21, 21, 21, 21, 21, 21, 21, 21, 
    21, 21, 21, 25, 25, 25, 25, 25, 25, 25, 25, 25, 25, 25, 9, 9, 9, 9, 9, 9, 
    9, 9, 9, 9, 9, 13, 13, 13, 13, 13, 13, 13, 13, 13, 13, 13, 17, 17, 17, 
    17, 17, 17, 17, 17, 17, 17, 17, 21, 21, 21, 21, 21, 21, 21, 21, 21, 21, 
    21, 25, 25, 25, 25, 25, 25, 25, 25, 25, 25, 25, 9, 9, 9, 9, 9, 9, 9, 9, 
    9, 9, 9, 13, 13, 13, 13, 13, 13, 13, 13, 13, 13, 13, 17, 17, 17, 17, 17, 
    17, 17, 17, 17, 17, 17, 21, 21, 21, 21, 21, 21, 21, 21, 21, 21, 21, 25, 
    25, 25, 25, 25, 25, 25, 25, 25, 25, 25, 9, 9, 9, 9, 9, 9, 9, 9, 9, 9, 9, 
    13, 13, 13, 13, 13, 13, 13, 13, 13, 13, 13, 17, 17, 17, 17, 17, 17, 17, 
    17, 17, 17, 17, 21, 21, 21, 21, 21, 21, 21, 21, 21, 21, 21, 25, 25, 25, 
    25, 25, 25, 25, 25, 25, 25, 25, 9, 9, 9, 9, 9, 9, 9, 9, 9, 9, 9, 13, 13, 
    13, 13, 13, 13, 13, 13, 13, 13, 13, 17, 17, 17, 17, 17, 17, 17, 17, 17, 
    17, 17, 21, 21, 21, 21, 21, 21, 21, 21, 21, 21, 21, 25, 25, 25, 25, 25, 
    25, 25, 25, 25, 25, 25, 9, 9, 9, 9, 9, 9, 9, 9, 9, 9, 9, 13, 13, 13, 13, 
    13, 13, 13, 13, 13, 13, 13, 17, 17, 17, 17, 17, 17, 17, 17, 17, 17, 17, 
    21, 21, 21, 21, 21, 21, 21, 21, 21, 21, 21, 25, 25, 25, 25, 25, 25, 25, 
    25, 25, 25, 25, 8.99999999999999, 9, 9, 9, 9, 9, 9, 9, 8.99999999999999, 
    9, 9, 13, 13, 13, 13, 13, 13, 13, 13, 13, 13, 13, 17, 17, 17, 17, 17, 17, 
    17, 17, 17, 17, 17, 21, 21, 21, 21, 21, 21, 21, 21, 21, 21, 21, 25, 25, 
    25, 25, 25, 25, 25, 25, 25, 25, 25, 9, 9, 9, 9, 9, 9, 9, 9, 9, 9, 9, 13, 
    13, 13, 13, 13, 13, 13, 13, 13, 13, 13, 17, 17, 17, 17, 17, 17, 17, 17, 
    17, 17, 17, 21, 21, 21, 21, 21, 21, 21, 21, 21, 21, 21, 25, 25, 25, 25, 
    25, 25, 25, 25, 25, 25, 25, 9, 8.99999999999999, 9, 9, 9, 
    8.99999999999999, 9, 9, 9, 9, 8.99999999999999, 13, 13, 13, 13, 13, 13, 
    13, 13, 13, 13, 13, 17, 17, 17, 17, 17, 17, 17, 17, 17, 17, 17, 21, 21, 
    21, 21, 21, 21, 21, 21, 21, 21, 21, 25, 25, 25, 25, 25, 25, 25, 25, 25, 
    25, 25, 9, 9, 9, 9, 9, 9, 9, 9, 9, 9, 9, 13, 13, 13, 13, 13, 13, 13, 13, 
    13, 13, 13, 17, 17, 17, 17, 17, 17, 17, 17, 17, 17, 17, 21, 21, 21, 21, 
    21, 21, 21, 21, 21, 21, 21, 25, 25, 25, 25, 25, 25, 25, 25, 25, 25, 25, 
    -9, -9, -9, -9, -13, -13, -13, -13, -17, -17, -17, -17, -21, -21, -21, 
    -21, -25, -25, -25, -25, -8.99999999999999, -9, -13, -13, -17, -17, -21, 
    -21, -25, -25, -9, -9, -13, -13, -17, -17, -21, -21, -25, -25, -9, -9, 
    -13, -13, -17, -17, -21, -21, -25, -25, -9, -9, -13, -13, -17, -17, -21, 
    -21, -25, -25, -9, -9, -13, -13, -17, -17, -21, -21, -25, -25, -9, -9, 
    -13, -13, -17, -17, -21, -21, -25, -25, -9, -9, -13, -13, -17, -17, -21, 
    -21, -25, -25, -9, -9, -13, -13, -17, -17, -21, -21, -25, -25, -9, -9, 
    -13, -13, -17, -17, -21, -21, -25, -25, -9, -9, -13, -13, -17, -17, -21, 
    -21, -25, -25, -9, -9, -13, -13, -17, -17, -21, -21, -25, -25, -9, -9, 
    -13, -13, -17, -17, -21, -21, -25, -25, -9, -9, -13, -13, -17, -17, -21, 
    -21, -25, -25, -9, -13, -17, -21, -25, -9, -13, -17, -21, -25, -9, -13, 
    -17, -21, -25, -9, -13, -17, -21, -25, -9, -13, -17, -21, -25, -9, -13, 
    -17, -21, -25, -9, -13, -17, -21, -25, -9, -13, -17, -21, -25, -9, -13, 
    -17, -21, -25, -9, -13, -17, -21, -25, -9, -13, -17, -21, -25, -9, -13, 
    -17, -21, -25, -9, -9, -13, -13, -17, -17, -21, -21, -25, -25, -9, -13, 
    -17, -21, -25, -9, -13, -17, -21, -25, -9, -13, -17, -21, -25, -9, -13, 
    -17, -21, -25, -9, -13, -17, -21, -25, -9, -13, -17, -21, -25, -9, -13, 
    -17, -21, -25, -9, -13, -17, -21, -25, -9, -13, -17, -21, -25, -9, -13, 
    -17, -21, -25, -9, -13, -17, -21, -25, -9, -13, -17, -21, -25, -9, -9, 
    -13, -13, -17, -17, -21, -21, -25, -25, -9, -13, -17, -21, -25, -9, -13, 
    -17, -21, -25, -9, -13, -17, -21, -25, -9, -13, -17, -21, -25, -9, -13, 
    -17, -21, -25, -9, -13, -17, -21, -25, -9, -13, -17, -21, -25, -9, -13, 
    -17, -21, -25, -9, -13, -17, -21, -25, -9, -13, -17, -21, -25, -9, -13, 
    -17, -21, -25, -9, -13, -17, -21, -25, -9, -9, -13, -13, -17, -17, -21, 
    -21, -25, -25, -9, -13, -17, -21, -25, -9, -13, -17, -21, -25, -9, -13, 
    -17, -21, -25, -9, -13, -17, -21, -25, -9, -13, -17, -21, -25, -9, -13, 
    -17, -21, -25, -9, -13, -17, -21, -25, -9, -13, -17, -21, -25, -9, -13, 
    -17, -21, -25, -9, -13, -17, -21, -25, -9, -13, -17, -21, -25, -9, -13, 
    -17, -21, -25, -9, -9, -13, -13, -17, -17, -21, -21, -25, -25, -9, -13, 
    -17, -21, -25, -9, -13, -17, -21, -25, -9, -13, -17, -21, -25, -9, -13, 
    -17, -21, -25, -9, -13, -17, -21, -25, -9, -13, -17, -21, -25, -9, -13, 
    -17, -21, -25, -9, -13, -17, -21, -25, -9, -13, -17, -21, -25, -9, -13, 
    -17, -21, -25, -9, -13, -17, -21, -25, -9, -13, -17, -21, -25, -9, -9, 
    -13, -13, -17, -17, -21, -21, -25, -25, -9, -13, -17, -21, -25, -9, -13, 
    -17, -21, -25, -9, -13, -17, -21, -25, -9, -13, -17, -21, -25, -9, -13, 
    -17, -21, -25, -9, -13, -17, -21, -25, -9, -13, -17, -21, -25, -9, -13, 
    -17, -21, -25, -9, -13, -17, -21, -25, -9, -13, -17, -21, -25, -9, -13, 
    -17, -21, -25, -9, -13, -17, -21, -25, -9, -9, -13, -13, -17, -17, -21, 
    -21, -25, -25, -9, -13, -17, -21, -25, -9, -13, -17, -21, -25, -9, -13, 
    -17, -21, -25, -9, -13, -17, -21, -25, -9, -13, -17, -21, -25, 
    -8.99999999999999, -13, -17, -21, -25, -9, -13, -17, -21, -25, -9, -13, 
    -17, -21, -25, -9, -13, -17, -21, -25, -9, -13, -17, -21, -25, -9, -13, 
    -17, -21, -25, -9, -13, -17, -21, -25, -9, -9, -13, -13, -17, -17, -21, 
    -21, -25, -25, -9, -13, -17, -21, -25, -9, -13, -17, -21, -25, -9, -13, 
    -17, -21, -25, -9, -13, -17, -21, -25, -9, -13, -17, -21, -25, -9, -13, 
    -17, -21, -25, -9, -13, -17, -21, -25, -9, -13, -17, -21, -25, -9, -13, 
    -17, -21, -25, -9, -13, -17, -21, -25, -9, -13, -17, -21, -25, -9, -13, 
    -17, -21, -25, -9, -9, -13, -13, -17, -17, -21, -21, -25, -25, 
    -8.99999999999999, -13, -17, -21, -25, -9, -13, -17, -21, -25, -9, -13, 
    -17, -21, -25, -9, -13, -17, -21, -25, -9, -13, -17, -21, -25, -9, -13, 
    -17, -21, -25, -9, -13, -17, -21, -25, -9, -13, -17, -21, -25, -9, -13, 
    -17, -21, -25, -9, -13, -17, -21, -25, -9, -13, -17, -21, -25, -9, -13, 
    -17, -21, -25, -9, -9, -9, -9, -13, -13, -13, -13, -17, -17, -17, -17, 
    -21, -21, -21, -21, -25, -25, -25, -25, -8.99999999999999, -9, -13, -13, 
    -17, -17, -21, -21, -25, -25, -9, -9, -13, -13, -17, -17, -21, -21, -25, 
    -25, -9, -9, -13, -13, -17, -17, -21, -21, -25, -25, -9, -9, -13, -13, 
    -17, -17, -21, -21, -25, -25, -9, -9, -13, -13, -17, -17, -21, -21, -25, 
    -25, -9, -9, -13, -13, -17, -17, -21, -21, -25, -25, -9, -9, -13, -13, 
    -17, -17, -21, -21, -25, -25, -9, -9, -13, -13, -17, -17, -21, -21, -25, 
    -25, -9, -9, -13, -13, -17, -17, -21, -21, -25, -25, -9, -9, -13, -13, 
    -17, -17, -21, -21, -25, -25, -9, -9, -13, -13, -17, -17, -21, -21, -25, 
    -25, -9, -9, -13, -13, -17, -17, -21, -21, -25, -25, -9, -13, -17, -21, 
    -25, -9, -13, -17, -21, -25, -9, -13, -17, -21, -25, -9, -13, -17, -21, 
    -25, -9, -13, -17, -21, -25, -9, -13, -17, -21, -25, -9, -13, -17, -21, 
    -25, -9, -13, -17, -21, -25, -9, -13, -17, -21, -25, -9, -13, -17, -21, 
    -25, -9, -13, -17, -21, -25, -9, -9, -13, -13, -17, -17, -21, -21, -25, 
    -25, -9, -13, -17, -21, -25, -9, -13, -17, -21, -25, -9, -13, -17, -21, 
    -25, -9, -13, -17, -21, -25, -9, -13, -17, -21, -25, -9, -13, -17, -21, 
    -25, -9, -13, -17, -21, -25, -9, -13, -17, -21, -25, -9, -13, -17, -21, 
    -25, -9, -13, -17, -21, -25, -9, -13, -17, -21, -25, -9, -9, -13, -13, 
    -17, -17, -21, -21, -25, -25, -9, -13, -17, -21, -25, -9, -13, -17, -21, 
    -25, -9, -13, -17, -21, -25, -9, -13, -17, -21, -25, -9, -13, -17, -21, 
    -25, -9, -13, -17, -21, -25, -9, -13, -17, -21, -25, -9, -13, -17, -21, 
    -25, -9, -13, -17, -21, -25, -9, -13, -17, -21, -25, -9, -13, -17, -21, 
    -25, -9, -9, -13, -13, -17, -17, -21, -21, -25, -25, -9, -13, -17, -21, 
    -25, -9, -13, -17, -21, -25, -9, -13, -17, -21, -25, -9, -13, -17, -21, 
    -25, -9, -13, -17, -21, -25, -9, -13, -17, -21, -25, -9, -13, -17, -21, 
    -25, -9, -13, -17, -21, -25, -9, -13, -17, -21, -25, -9, -13, -17, -21, 
    -25, -9, -13, -17, -21, -25, -9, -9, -13, -13, -17, -17, -21, -21, -25, 
    -25, -9, -13, -17, -21, -25, -9, -13, -17, -21, -25, -9, -13, -17, -21, 
    -25, -9, -13, -17, -21, -25, -9, -13, -17, -21, -25, -9, -13, -17, -21, 
    -25, -9, -13, -17, -21, -25, -9, -13, -17, -21, -25, -9, -13, -17, -21, 
    -25, -9, -13, -17, -21, -25, -9, -13, -17, -21, -25, -9, -9, -13, -13, 
    -17, -17, -21, -21, -25, -25, -9, -13, -17, -21, -25, -9, -13, -17, -21, 
    -25, -9, -13, -17, -21, -25, -9, -13, -17, -21, -25, -9, -13, -17, -21, 
    -25, -9, -13, -17, -21, -25, -9, -13, -17, -21, -25, -9, -13, -17, -21, 
    -25, -9, -13, -17, -21, -25, -9, -13, -17, -21, -25, -9, -13, -17, -21, 
    -25, -9, -9, -13, -13, -17, -17, -21, -21, -25, -25, -9, -13, -17, -21, 
    -25, -9, -13, -17, -21, -25, -9, -13, -17, -21, -25, -9, -13, -17, -21, 
    -25, -9, -13, -17, -21, -25, -9, -13, -17, -21, -25, -9, -13, -17, -21, 
    -25, -9, -13, -17, -21, -25, -9, -13, -17, -21, -25, -9, -13, -17, -21, 
    -25, -9, -13, -17, -21, -25, -9, -9, -13, -13, -17, -17, -21, -21, -25, 
    -25, -9, -13, -17, -21, -25, -9, -13, -17, -21, -25, -9, -13, -17, -21, 
    -25, -9, -13, -17, -21, -25, -9, -13, -17, -21, -25, -9, -13, -17, -21, 
    -25, -9, -13, -17, -21, -25, -9, -13, -17, -21, -25, -9, -13, -17, -21, 
    -25, -9, -13, -17, -21, -25, -9, -13, -17, -21, -25, -9, -9, -13, -13, 
    -17, -17, -21, -21, -25, -25, -8.99999999999999, -13, -17, -21, -25, -9, 
    -13, -17, -21, -25, -9, -13, -17, -21, -25, -9, -13, -17, -21, -25, -9, 
    -13, -17, -21, -25, -9, -13, -17, -21, -25, -9, -13, -17, -21, -25, -9, 
    -13, -17, -21, -25, -9, -13, -17, -21, -25, -9, -13, -17, -21, -25, -9, 
    -13, -17, -21, -25, -5, -5, -1.66566666666667, -1.66666666666667, -5, -5, 
    -1.66566666666667, -1.66666666666667, -5, -5, -1.66566666666667, 
    -1.66666666666667, -5, -5, -1.66566666666667, -1.66666666666667, -5, 
    -1.66666666666667, -5, -1.66666666666667, -5, -1.66666666666667, -5, 
    -1.66666666666667, -5, -1.66666666666667, -5, -1.66666666666667, -5, 
    -1.66666666666667, -5, -1.66666666666667, -5, -1.66666666666667, -5, 
    -1.66666666666667, -5, -1.66666666666667, -5, -1.66666666666667, -5, 
    -1.66666666666667, -5, -1.66666666666667, -5, -1.66666666666667, -5, 
    -1.66666666666667, -5, -1.66666666666667, -5, -1.66666666666667, -5, 
    -1.66666666666667, -5, -1.66666666666667, -5, -1.66666666666667, -5, 
    -1.66666666666667, -5, -1.66666666666667, -5, -1.66666666666667, -5, 
    -1.66666666666667, -5, -1.66666666666667, -5, -1.66666666666667, -5, 
    -1.66666666666667, -5, -1.66666666666667, -5, -1.66666666666667, -5, 
    -1.66666666666667, -5, -1.66666666666667, -5, -1.66666666666667, -5, 
    -1.66666666666667, -5, -1.66666666666667, -5, -1.66666666666667, -5, 
    -1.66666666666667, -5, -1.66666666666667, -5, -1.66666666666667, -5, 
    -1.66666666666667, -5, -1.66666666666667, -5, -1.66666666666667, -5, 
    -1.66666666666667, -5, -1.66666666666667, -5, -1.66666666666667, -5, 
    -1.66666666666667, -5, -1.66666666666667, -5, -1.66666666666667, 
    1.66766666666667, 1.66666666666667, 1.66766666666667, 1.66666666666667, 
    1.66766666666667, 1.66666666666667, 1.66766666666667, 1.66666666666667, 
    1.66666666666667, 1.66666666666667, 1.66666666666667, 1.66666666666667, 
    1.66666666666667, 1.66666666666667, 1.66666666666667, 1.66666666666667, 
    1.66666666666667, 1.66666666666667, 1.66666666666667, 1.66666666666667, 
    1.66666666666667, 1.66666666666667, 1.66666666666667, 1.66666666666667, 
    1.66666666666667, 1.66666666666667, 1.66666666666667, 1.66666666666667, 
    1.66666666666667, 1.66666666666667, 1.66666666666667, 1.66666666666667, 
    1.66666666666667, 1.66666666666667, 1.66666666666667, 1.66666666666667, 
    1.66666666666667, 1.66666666666667, 1.66666666666667, 1.66666666666667, 
    1.66666666666667, 1.66666666666667, 1.66666666666667, 1.66666666666667, 
    1.66666666666667, 1.66666666666667, 1.66666666666667, 1.66666666666667, 
    1.66666666666667, 1.66666666666667, 1.66666666666667, 1.66666666666667, 
    1.66666666666667, 1.66666666666667, 1.66666666666667, 1.66666666666667, 
    5, 5, 5, 5, 5, 5, 5, 5, 5, 5, 5, 5, 5, 5, 5, 5, 5, 5, 5, 5, 5, 5, 5, 5, 
    5, 5, 5, 5, 5, 5, 5, 5, 5, 5, 5, 5, 5, 5, 5, 5, 5, 5, 5, 5, 5, 5, 5, 5, 
    5, 5, 5, 5, 5, 5, 5, 5, -5, -5, -1.66666666666667, -1.66666666666667, -5, 
    -5, -1.66666666666667, -1.66666666666667, -5, -5, -1.66666666666667, 
    -1.66666666666667, -5, -5, -1.66666666666667, -1.66666666666667, -5, 
    -1.66666666666667, -5, -1.66666666666667, -5, -1.66666666666667, -5, 
    -1.66666666666667, -5, -1.66666666666667, -5, -1.66666666666667, -5, 
    -1.66666666666667, -5, -1.66666666666667, -5, -1.66666666666667, -5, 
    -1.66666666666667, -5, -1.66666666666667, -5, -1.66666666666667, -5, 
    -1.66666666666667, -5, -1.66666666666667, -5, -1.66666666666667, -5, 
    -1.66666666666667, -5, -1.66666666666667, -5, -1.66666666666667, -5, 
    -1.66666666666667, -5, -1.66666666666667, -5, -1.66666666666667, -5, 
    -1.66666666666667, -5, -1.66666666666667, -5, -1.66666666666667, -5, 
    -1.66666666666667, -5, -1.66666666666667, -5, -1.66666666666667, -5, 
    -1.66666666666667, -5, -1.66666666666667, -5, -1.66666666666667, -5, 
    -1.66666666666667, -5, -1.66666666666667, -5, -1.66666666666667, -5, 
    -1.66666666666667, -5, -1.66666666666667, -5, -1.66666666666667, -5, 
    -1.66666666666667, -5, -1.66666666666667, -5, -1.66666666666667, -5, 
    -1.66666666666667, -5, -1.66666666666667, -5, -1.66666666666667, -5, 
    -1.66666666666667, -5, -1.66666666666667, -1.66766666666667, 
    -1.66766666666667, -1.66766666666667, -1.66766666666667, 
    1.66666666666667, 1.66666666666667, 1.66666666666667, 1.66666666666667, 
    1.66666666666667, 1.66666666666667, 1.66666666666667, 1.66666666666667, 
    1.66666666666667, 1.66666666666667, 1.66666666666667, 1.66666666666667, 
    1.66666666666667, 1.66666666666667, 1.66666666666667, 1.66666666666667, 
    1.66666666666667, 1.66666666666667, 1.66666666666667, 1.66666666666667, 
    1.66666666666667, 1.66666666666667, 1.66666666666667, 1.66666666666667, 
    1.66666666666667, 1.66666666666667, 1.66666666666667, 1.66666666666667, 
    1.66666666666667, 1.66666666666667, 1.66666666666667, 1.66666666666667, 
    1.66666666666667, 1.66666666666667, 1.66666666666667, 1.66666666666667, 
    1.66666666666667, 1.66666666666667, 1.66666666666667, 1.66666666666667, 
    1.66666666666667, 1.66666666666667, 1.66666666666667, 1.66666666666667, 
    1.66666666666667, 1.66666666666667, 1.66666666666667, 1.66666666666667, 
    1.66666666666667, 1.66666666666667, 1.66666666666667, 1.66666666666667, 
    1.66566666666667, 1.66566666666667, 1.66566666666667, 1.66566666666667, 
    5, 5, 5, 5, 5, 5, 5, 5, 5, 5, 5, 5, 5, 5, 5, 5, 5, 5, 5, 5, 5, 5, 5, 5, 
    5, 5, 5, 5, 5, 5, 5, 5, 5, 5, 5, 5, 5, 5, 5, 5, 5, 5, 5, 5, 5, 5, 5, 5, 
    5, 5, 5, 5, 9, 9, 9, 9, 9, 9, 9, 9, 9, 9, 9, 9, 9, 9, 9, 9, 9, 9, 9, 9, 
    9, 9, 9, 9, 9, 9, 9, 9, 9, 9, 9, 9, 9, 9, 9, 9, 9, 9, 9, 9, 9, 9, 9, 9, 
    9, 9, 9, 9, 9, 9, 9, 9, 9, 9, 9, 9, 13, 13, 13, 13, 13, 13, 13, 13, 13, 
    13, 13, 13, 13, 13, 13, 13, 13, 13, 13, 13, 13, 13, 13, 13, 13, 13, 13, 
    13, 13, 13, 13, 13, 13, 13, 13, 13, 13, 13, 13, 13, 13, 13, 13, 13, 13, 
    13, 13, 13, 13, 13, 13, 13, 13, 13, 13, 13, 17, 17, 17, 17, 17, 17, 17, 
    17, 17, 17, 17, 17, 17, 17, 17, 17, 17, 17, 17, 17, 17, 17, 17, 17, 17, 
    17, 17, 17, 17, 17, 17, 17, 17, 17, 17, 17, 17, 17, 17, 17, 17, 17, 17, 
    17, 17, 17, 17, 17, 17, 17, 17, 17, 17, 17, 17, 17, 21, 21, 21, 21, 21, 
    21, 21, 21, 21, 21, 21, 21, 21, 21, 21, 21, 21, 21, 21, 21, 21, 21, 21, 
    21, 21, 21, 21, 21, 21, 21, 21, 21, 21, 21, 21, 21, 21, 21, 21, 21, 21, 
    21, 21, 21, 21, 21, 21, 21, 21, 21, 21, 21, 21, 21, 21, 21, 25, 25, 25, 
    25, 25, 25, 25, 25, 25, 25, 25, 25, 25, 25, 25, 25, 25, 25, 25, 25, 25, 
    25, 25, 25, 25, 25, 25, 25, 25, 25, 25, 25, 25, 25, 25, 25, 25, 25, 25, 
    25, 25, 25, 25, 25, 25, 25, 25, 25, 25, 25, 25, 25, 25, 25, 25, 25, 9, 9, 
    9, 9, 9, 9, 9, 8.99999999999999, 9, 9, 9, 9, 9, 9, 9, 9, 9, 9, 9, 9, 9, 
    9, 9, 9, 9, 9, 9, 9, 9, 9, 9, 9, 9, 9, 9, 9, 9, 9, 9, 9, 9, 9, 9, 9, 9, 
    9, 9, 9, 9, 9, 9, 9, 13, 13, 13, 13, 13, 13, 13, 13, 13, 13, 13, 13, 13, 
    13, 13, 13, 13, 13, 13, 13, 13, 13, 13, 13, 13, 13, 13, 13, 13, 13, 13, 
    13, 13, 13, 13, 13, 13, 13, 13, 13, 13, 13, 13, 13, 13, 13, 13, 13, 13, 
    13, 13, 13, 17, 17, 17, 17, 17, 17, 17, 17, 17, 17, 17, 17, 17, 17, 17, 
    17, 17, 17, 17, 17, 17, 17, 17, 17, 17, 17, 17, 17, 17, 17, 17, 17, 17, 
    17, 17, 17, 17, 17, 17, 17, 17, 17, 17, 17, 17, 17, 17, 17, 17, 17, 17, 
    17, 21, 21, 21, 21, 21, 21, 21, 21, 21, 21, 21, 21, 21, 21, 21, 21, 21, 
    21, 21, 21, 21, 21, 21, 21, 21, 21, 21, 21, 21, 21, 21, 21, 21, 21, 21, 
    21, 21, 21, 21, 21, 21, 21, 21, 21, 21, 21, 21, 21, 21, 21, 21, 21, 25, 
    25, 25, 25, 25, 25, 25, 25, 25, 25, 25, 25, 25, 25, 25, 25, 25, 25, 25, 
    25, 25, 25, 25, 25, 25, 25, 25, 25, 25, 25, 25, 25, 25, 25, 25, 25, 25, 
    25, 25, 25, 25, 25, 25, 25, 25, 25, 25, 25, 25, 25, 25, 25, -25, -25, 
    -21, -21, -25, -21, -25, -21, -25, -21, -25, -21, -25, -21, -25, -21, 
    -25, -21, -25, -21, -25, -21, -25, -21, -25, -21, -25, -21, -17, -17, 
    -17, -17, -17, -17, -17, -17, -17, -17, -17, -17, -17, -17, -13, -13, 
    -13, -13, -13, -13, -13, -13, -13, -13, -13, -13, -13, -13, -9, -9, -9, 
    -9, -9, -9, -9, -9, -9, -9, -9, -9, -9, -9, -25, -25, -21, -21, -25, -21, 
    -25, -21, -25, -21, -25, -21, -25, -21, -25, -21, -25, -21, -25, -21, 
    -25, -21, -25, -21, -25, -21, -25, -21, -17, -17, -17, -17, -17, -17, 
    -17, -17, -17, -17, -17, -17, -17, -17, -13, -13, -13, -13, -13, -13, 
    -13, -13, -13, -13, -13, -13, -13, -13, -9, -9, -9, -9, -9, -9, -9, -9, 
    -9, -9, -9, -9, -9, -9, -25, -25, -21, -21, -25, -21, -25, -21, -25, -21, 
    -25, -21, -25, -21, -25, -21, -25, -21, -25, -21, -25, -21, -25, -21, 
    -25, -21, -25, -21, -17, -17, -17, -17, -17, -17, -17, -17, -17, -17, 
    -17, -17, -17, -17, -13, -13, -13, -13, -13, -13, -13, -13, -13, -13, 
    -13, -13, -13, -13, -9, -9, -9, -9, -9, -9, -9, -9, -9, -9, -9, -9, -9, 
    -9, -25, -25, -21, -21, -25, -21, -25, -21, -25, -21, -25, -21, -25, -21, 
    -25, -21, -25, -21, -25, -21, -25, -21, -25, -21, -25, -21, -25, -21, 
    -17, -17, -17, -17, -17, -17, -17, -17, -17, -17, -17, -17, -17, -17, 
    -13, -13, -13, -13, -13, -13, -13, -13, -13, -13, -13, -13, -13, -13, -9, 
    -9, -9, -9, -9, -9, -9, -9, -9, -9, -9, -9, -9, -9, -9, -9, -9, -9, -9, 
    -9, -9, -9, -9, -9, -9, -9, -9, -9, -9, -9, -9, -9, -9, -9, -9, -9, -9, 
    -9, -9, -9, -9, -9, -9, -9, -9, -9, -9, -9, -9, -9, -9, -9, -9, -9, -9, 
    -9, -9, -9, -9, -9, -9, -9, -9, -9, -9, -9, -13, -13, -13, -13, -13, -13, 
    -13, -13, -13, -13, -13, -13, -13, -13, -13, -13, -13, -13, -13, -13, 
    -13, -13, -13, -13, -13, -13, -13, -13, -13, -13, -13, -13, -13, -13, 
    -13, -13, -13, -13, -13, -13, -13, -13, -13, -13, -13, -13, -13, -13, 
    -13, -13, -13, -13, -17, -17, -17, -17, -17, -17, -17, -17, -17, -17, 
    -17, -17, -17, -17, -17, -17, -17, -17, -17, -17, -17, -17, -17, -17, 
    -17, -17, -17, -17, -17, -17, -17, -17, -17, -17, -17, -17, -17, -17, 
    -17, -17, -17, -17, -17, -17, -17, -17, -17, -17, -17, -17, -17, -17, 
    -21, -21, -21, -21, -21, -21, -21, -21, -21, -21, -21, -21, -21, -21, 
    -21, -21, -21, -21, -21, -21, -21, -21, -21, -21, -21, -21, -21, -21, 
    -21, -21, -21, -21, -21, -21, -21, -21, -21, -21, -21, -21, -21, -21, 
    -21, -21, -21, -21, -21, -21, -21, -21, -21, -21, -25, -25, -25, -25, 
    -25, -25, -25, -25, -25, -25, -25, -25, -25, -25, -25, -25, -25, -25, 
    -25, -25, -25, -25, -25, -25, -25, -25, -25, -25, -25, -25, -25, -25, 
    -25, -25, -25, -25, -25, -25, -25, -25, -25, -25, -25, -25, -25, -25, 
    -25, -25, -25, -25, -25, -25 ;
}
