5283
5659.000840577909912
6205.702889011879961
5593.613559845680356
5008.311387120619656
5684.123778158039386
6218.858870414729608
5607.773319071990045
5023.989710149870007
4137.929971121599920
4464.254108937479941
4156.403525311150588
4494.283904302900737
4799.070296800990036
3940.359921546389614
4814.184108759260198
3955.007705034970058
5565.405795155480519
5579.315975213620732
6338.450242239870022
6349.591176245699899
4676.556988685710166
5762.664914959270391
4720.537413812079649
5800.891731839450586
7079.993976674260011
7191.767151427859972
7092.458108421450561
7201.460199760409523
6887.704272867639702
6908.881613134780309
6853.815353135700207
6885.259656616639404
3398.979884860430047
3644.815511687350408
3434.390087996339844
3696.698834578270180
3172.284963414949743
3191.883449755569927
3004.433887397919989
3019.050419642200268
3814.574560264969932
2897.904083939140037
3825.557499056949837
2907.650810807279868
4691.112143221520455
4702.134464129900152
5532.745134940810203
5542.615281087219955
6375.300837070400121
6383.498151020509795
7245.461718600470704
7252.077258100340259
5845.709678528799486
6892.371107943829884
5892.106236964299569
6930.085894141329845
4812.622225357279603
4869.866225001999737
3839.043957397080248
3903.982567257580286
8101.348396276119274
8143.234171007129589
8108.505641730559546
8148.256014662380039
8031.111369813139390
8041.587186568959623
7941.014785565220336
7957.303655745049582
7916.565733799950067
7938.671959099309788
7933.430222361540473
7958.475428847060357
2647.499693105329698
3032.667192398439965
2703.984461182019913
3105.470187603060367
2343.403399850149981
2377.050915122390052
2146.300013033820051
2166.333925999269923
2027.725949208580005
2039.116207202059968
1950.300251609279940
1957.632252966790020
2828.877626273179885
1898.232965804590094
2834.705120425290261
1902.537944725180068
3736.688295777919848
3743.856575762300054
4625.761772297770221
4633.084733998100091
5503.010481455419722
5509.434449443319863
6379.439768536290103
6384.821346587339576
7265.311746379239594
7269.671975426340396
8163.852345910450822
8167.104571845099599
6943.152815602010378
7964.273005029980595
6988.361872137840692
7995.222269723390127
5919.207781659760258
5977.581968973880066
4893.209308874949784
4962.628561471330613
3842.498880471150187
3924.014094729880071
2655.751527661919681
2746.645219540280323
1490.129431370550037
1540.180882082240032
1214.910419861110086
1235.382334762030041
1093.517428372409995
1102.725559316229919
1021.665003234170058
1028.313517298750185
981.449625007837994
985.324834106509002
954.507960211654904
956.639826345239044
9062.779758975870209
9076.252876808401197
9065.601818649669440
9078.083948074970976
9043.094656424260393
9046.631050775789845
9011.870262949028984
9016.901670790870412
8974.196688820429699
8982.151199424359220
8962.135261044259096
8972.352961758959282
8968.443073128870310
8981.288311710599373
8983.216988697020497
8998.764708015409269
1859.454868224980146
931.706511672549027
1861.176049106089977
932.714136214499945
2775.256708090450047
2778.327344968320176
3681.286274986080116
3685.056235272819777
4580.829461570399872
4584.609168172510181
5476.862152467350825
5480.202977475049920
6372.954611337179813
6375.660337674989933
7271.484354209539561
7273.637440309569683
8174.634393592119523
8176.165357289109124
9083.780323256280099
9084.561909821239169
999.999999999998977
1732.050807568880145
1065.424000371469901
1830.941221467249989
10000.000000000000000
10000.000000000000000
10000.000000000000000
10000.000000000000000
10000.000000000000000
10000.000000000000000
10000.000000000000000
10000.000000000000000
10000.000000000000000
10000.000000000000000
10000.000000000000000
10000.000000000000000
10000.000000000000000
10000.000000000000000
10000.000000000000000
10000.000000000000000
10000.000000000000000
10000.000000000000000
0.000000000000000
0.000000000000000
0.000000000000000
0.000000000000000
0.000000000000000
0.000000000000000
0.000000000000000
0.000000000000000
0.000000000000000
0.000000000000000
0.000000000000000
0.000000000000000
0.000000000000000
0.000000000000000
0.000000000000000
0.000000000000000
9000.000000000000000
10000.000000000000000
9018.181818181819835
10000.000000000000000
8000.000000000000000
8036.363636363640580
7000.000000000000000
7054.545454545450411
6000.000000000000000
6072.727272727269337
5000.000000000000000
5090.909090909090082
4000.000000000000000
4109.090909090909918
3000.000000000000000
3127.272727272730208
2000.000000000000000
2145.454545454550043
909.090909090908895
0.000000000000000
909.090909090908895
0.000000000000000
1818.181818181819835
1818.181818181819835
2727.272727272730208
2727.272727272730208
3636.363636363639671
3636.363636363639671
4545.454545454539584
4545.454545454539584
5454.545454545449502
5454.545454545449502
6363.636363636359420
6363.636363636359420
7272.727272727270247
7272.727272727270247
8181.818181818180165
8181.818181818180165
9090.909090909090082
9090.909090909090082
10000.000000000000000
10000.000000000000000
836.525025297468005
0.000000000000000
0.000000000000000
593.653246006417021
841.664744271499899
0.000000000000000
0.000000000000000
575.112909041603984
1450.858753138990096
1436.118880275879974
836.502456593921920
801.067146643595038
1732.050807568880145
1749.277009691470084
999.999999999998977
981.818181818181984
0.000000000000000
0.000000000000000
0.000000000000000
0.000000000000000
5708.192160897079702
6231.301513014580451
5621.105275912089382
5038.593847856960565
4173.414926151860527
4522.569232065600772
4828.417191412700049
3968.524670212299952
5592.539507946569756
6360.207692634339764
4762.774852949699380
5838.065734568339394
7104.440301215520776
7210.799868750309543
6929.428821785570108
6916.118304201369938
3467.483435543010273
3745.974919848729769
3209.668542359319872
3032.372736427800191
3835.719462663319973
2916.477874377910211
4712.485588207890032
5551.986054222630628
6391.333508625989452
7258.463432554780411
5937.849578162560647
6967.445853659470231
4925.732402931879733
3966.458693010820298
8115.457391565019861
8153.161225782228939
8051.769887963670953
7973.233715856869821
7960.420863577150158
7983.322328543849835
2757.072380271959901
3174.785942330000125
2408.012530461569895
2184.488242108750001
2049.233265029560243
1964.092692181079883
2839.895539509249829
1906.231051864899882
3750.455011316470063
4639.944053298600011
5515.512713073309897
6389.967503445840521
7273.907188506729653
8170.329978307890087
7033.551646229700054
8026.193448980869107
6035.810942783809878
5031.573297865659697
4004.020796974420591
2833.109213389049728
1586.013335276420094
1253.532979910949962
1110.559938701910141
1034.106269775699957
988.634272395337007
958.369903135486993
9068.378527649789248
9079.935838048009828
9050.071437421400333
9021.797889013709209
8989.934912296730545
8982.398925225928906
8993.999604703109071
9014.300017285140711
1862.512403213699827
933.429014536555997
2781.031568821949804
3688.511411729320116
4588.138209881700277
5483.359147645810481
6378.245977653049522
7275.741628242720253
8177.725289984790834
9085.434926334199190
1124.565635395500067
1919.418400754100048
10000.000000000000000
10000.000000000000000
10000.000000000000000
10000.000000000000000
10000.000000000000000
10000.000000000000000
10000.000000000000000
10000.000000000000000
10000.000000000000000
0.000000000000000
0.000000000000000
0.000000000000000
0.000000000000000
0.000000000000000
0.000000000000000
0.000000000000000
0.000000000000000
9036.363636363630576
10000.000000000000000
8072.727272727279342
7109.090909090909918
6145.454545454549589
5181.818181818180165
4218.181818181819835
3254.545454545449957
2290.909090909090082
909.090909090909918
0.000000000000000
1818.181818181819835
2727.272727272730208
3636.363636363639671
4545.454545454539584
5454.545454545460416
6363.636363636359420
7272.727272727270247
8181.818181818180165
9090.909090909090082
10000.000000000000000
846.264020106583985
0.000000000000000
0.000000000000000
557.884470311617974
1419.603395998340147
767.953797210042012
1766.503211814050019
963.636363636363967
0.000000000000000
0.000000000000000
5731.176915063710112
6243.009723982040668
5633.586411275529827
5052.095606737560047
4188.929778065560640
4549.069480733029195
4841.746146990320085
3980.883738502519918
5605.056846058179872
6370.283446864869802
4803.225117282270730
5874.155254516200330
7115.923898806990110
7219.773542491650005
6949.325085385639795
6946.369205300709837
3498.209302068069974
3792.584772604810041
3225.601066650629946
3044.372082776069874
3845.040274930270243
2924.364551513780043
4722.147585162660107
5560.842478893880070
6398.794932717829397
7264.611540362830056
5982.911772800490326
7004.432058086939833
4980.179939318600191
4026.414127175529757
8122.195111284030645
8157.944458740549635
8061.647912926729987
7988.790871587259971
7981.797548815389746
8007.957995269400271
2806.688923767810138
3240.537770639429709
2436.231908637139895
2200.724378278649965
2058.051066563869881
1969.663599524849815
2844.434400952970009
1909.299559231409830
3756.469573792030133
4646.327296555249632
5521.234997695850325
6394.870375169430190
7278.012267580430489
8173.526355161289757
7078.711408468539958
8057.179364779859498
6093.878051861350286
5100.017219820640094
4082.474973782540474
2915.060307956890028
1627.538178395340083
1269.315687716350112
1116.994041624840065
1039.027011680129817
991.367434010785928
959.690889261799043
9071.107425963669812
9081.808392968710905
9053.411387331150763
9026.552760213720831
8997.540210459301306
8992.264757236389414
9006.568911998061594
9029.817629750510605
1863.455795683059932
933.845548093825983
2783.361036733750097
3691.644086852550117
4591.409902261050775
5486.325229487730212
6380.707519510479869
7277.794645409279838
8179.314119030988877
9086.401533009919149
1177.304347214769905
1997.364751277310006
10000.000000000000000
10000.000000000000000
10000.000000000000000
10000.000000000000000
10000.000000000000000
10000.000000000000000
10000.000000000000000
10000.000000000000000
10000.000000000000000
0.000000000000000
0.000000000000000
0.000000000000000
0.000000000000000
0.000000000000000
0.000000000000000
0.000000000000000
0.000000000000000
9054.545454545448592
10000.000000000000000
8109.090909090909008
7163.636363636359420
6218.181818181819835
5272.727272727270247
4327.272727272729753
3381.818181818180165
2436.363636363640126
909.090909090909918
0.000000000000000
1818.181818181819835
2727.272727272730208
3636.363636363639671
4545.454545454550498
5454.545454545460416
6363.636363636359420
7272.727272727270247
8181.818181818180165
9090.909090909090082
10000.000000000000000
850.333995880490988
0.000000000000000
0.000000000000000
542.020916636440006
1401.343725086519953
737.243608372847007
1783.729413936639958
945.454545454545951
0.000000000000000
0.000000000000000
5753.049463650580037
6253.962770858200201
5645.194099352440389
5064.467274972620544
4202.914273121690712
4573.744732658949943
4854.147977471500781
3992.058293966580095
5616.848776217349950
6379.802373642389284
4841.844772958300382
5909.129164111080172
7126.892529517999719
7228.368820620969927
6968.549946097650718
6975.990646742710851
3526.517927073410192
3836.470405878889778
3239.642517350579965
3055.020194986409933
3853.500104413089957
2931.290473131919953
4731.102831039960620
5569.169835502999376
6405.870650756630312
7270.513028590189606
6027.265368726779343
7041.025902403860528
5033.168711739570426
4083.791656743800559
8128.710412203739907
8162.600459241060889
8071.209897908220228
8003.961269423760314
8002.787370935059698
8032.369723684729252
2852.760838347410299
3302.650296768869794
2461.653674938760105
2215.004410616420046
2065.544000846080053
1974.327312283139918
2848.307469618790037
1911.730956289769892
3761.886474219680167
4652.222242552520584
5526.591204203519737
6399.522232171020732
7281.982182049059702
8176.691530027900626
7123.830612757039489
8088.172961734158889
6151.766929464090026
5167.934478403750290
4159.333363700239715
2992.416723483729584
1664.668312824569966
1282.684587901329905
1122.001796357749981
1043.059771640610052
993.513992581727962
960.595608146449990
9073.786095608029427
9083.701461705180918
9056.646547144990109
9031.160232186170106
9004.959607069700724
9001.942206996389359
9018.988330852180297
9045.312348979910894
1863.998230633410003
933.958233992412943
2785.307548324650270
3694.446674992840144
4594.417675077030253
5489.095882339990567
6383.041020027219929
7279.794258036839892
8180.931773020770379
9087.463853155921242
1223.521637699940129
2064.664687977950052
10000.000000000000000
10000.000000000000000
10000.000000000000000
10000.000000000000000
10000.000000000000000
10000.000000000000000
10000.000000000000000
10000.000000000000000
10000.000000000000000
0.000000000000000
0.000000000000000
0.000000000000000
0.000000000000000
0.000000000000000
0.000000000000000
0.000000000000000
0.000000000000000
9072.727272727270247
10000.000000000000000
8145.454545454539584
7218.181818181819835
6290.909090909090082
5363.636363636359420
4436.363636363639671
3509.090909090910372
2581.818181818179710
909.090909090909918
0.000000000000000
1818.181818181819835
2727.272727272730208
3636.363636363639671
4545.454545454539584
5454.545454545460416
6363.636363636359420
7272.727272727270247
8181.818181818180165
9090.909090909090082
10000.000000000000000
853.885624291782051
0.000000000000000
0.000000000000000
527.574329557552005
1381.370755428989924
709.016392910254922
1800.955616059229897
927.272727272727025
0.000000000000000
0.000000000000000
5773.781752445190250
6264.140300468890018
5655.906128255110161
5075.681647710020115
4215.335221880340214
4596.555800460419960
4865.600105567070386
4002.022207584000171
5627.896436586430355
6388.748701574520055
4878.591180715950031
5942.956905236480452
7137.330121178199988
7236.573529630109988
6987.083320344990170
7004.961312581520360
3552.360460391749712
3877.574893531269936
3251.755093605329876
3064.289326421369879
3861.079482468409878
2937.235642786410153
4739.334024302530452
5576.953673736039491
6412.549105572739791
7276.159500772029787
6070.883416006569860
7077.209121955199407
5084.659331781759647
4138.535115376639624
8134.995059105011023
8167.124069110879645
8080.444687245830210
8018.731309293511003
8023.375953955900513
8056.545040885449453
2895.216210803039758
3361.049523898690040
2484.223467694710052
2227.291109018529824
2071.686925450499984
1978.066490867059883
2851.500770790139995
1913.512961375869963
3766.692175888960264
4657.616893652810177
5531.571418244499910
6403.915486270509973
7285.811993345249903
8179.823370272340071
7168.898905930750516
8119.167313530509091
6209.461508266859710
5235.299697569209457
4234.553496709249885
3065.098176308660186
1697.318233353309779
1293.594649351200133
1125.557608135979990
1046.188870469979975
995.063810650231972
961.077014501806048
9076.412162834780247
9085.614895890430489
9059.772643144289759
9035.614363446838979
9012.185752251711165
9011.423174654049944
9031.250103096941530
9060.779073606508973
1864.131858462600121
933.761670009723957
2786.863053235369989
3696.911729274280333
4597.155078293620136
5491.665863245129913
6385.242608121459853
7281.738273218190443
8182.578181853489696
9088.623971235430872
1263.101176555770053
2121.204740338720057
10000.000000000000000
10000.000000000000000
10000.000000000000000
10000.000000000000000
10000.000000000000000
10000.000000000000000
10000.000000000000000
10000.000000000000000
10000.000000000000000
0.000000000000000
0.000000000000000
0.000000000000000
0.000000000000000
0.000000000000000
0.000000000000000
0.000000000000000
0.000000000000000
9090.909090909090082
10000.000000000000000
8181.818181818180165
7272.727272727270247
6363.636363636359420
5454.545454545449502
4545.454545454539584
3636.363636363639671
2727.272727272730208
909.090909090909918
0.000000000000000
1818.181818181819835
2727.272727272730208
3636.363636363639671
4545.454545454550498
5454.545454545460416
6363.636363636359420
7272.727272727270247
8181.818181818180165
9090.909090909090082
10000.000000000000000
856.929657667645984
0.000000000000000
0.000000000000000
514.595837823834017
1359.714809843640069
683.350503485809895
1818.181818181819835
909.090909090908895
0.000000000000000
0.000000000000000
-5191.097862378110221
-4147.793196592139793
-4740.145749503019942
-5431.295856381720114
-5217.265758228920276
-4166.883503586199367
-4760.042374177549391
-5449.682993040370093
-6272.296677747570357
-6150.557182313569683
-6289.884809589259930
-6175.129119852040276
-5472.793515580409803
-6330.748136375749709
-5488.285209234420108
-6343.702810034669710
-4667.735291075490750
-4683.717885672850571
-3851.596350858860205
-3867.415235376240162
-3035.287929245010218
-2920.152569564680107
-3051.079385231980268
-2932.369422976480109
-7179.166217363519536
-7111.351052472469746
-7192.995547460429407
-7130.694825511230192
-7223.312213891230385
-7233.436650947360249
-4053.341361051120202
-3029.531573000140270
-4085.416984763749952
-3054.688654508379841
-5065.851368382190230
-5102.417618850550753
-6064.550266842529709
-6097.247197286770643
-7054.378590107109630
-7080.545396969569993
-6349.374097594410159
-7243.507509386009588
-6358.721263738510061
-7251.121227020360493
-5476.510879781239964
-5486.734715484119988
-4615.448726479839934
-4626.881119289100752
-3747.622196715979953
-3758.574917232099779
-2841.830195060050301
-2850.552310878270418
-1965.642356736879947
-1909.574191130049940
-1973.848230272559931
-1916.242824421530031
-2028.895809793170201
-2041.063080866260179
-2069.008951867990163
-2089.356717881690201
-8072.508935100289818
-8037.968880498670842
-8085.865188798999952
-8056.209989404610496
-8111.122187386779842
-8120.674650828629638
-8137.787866512109758
-8144.934197789410973
-8151.266234249259469
-8156.733087615690238
-2936.721016178620175
-2101.754761006910030
-2969.757558214209894
-2127.143387211550362
-3959.283507683870084
-4004.348351195959822
-4990.255907236999519
-5039.615114248989812
-6008.643301426750440
-6052.708486711680052
-7015.228285284209960
-7049.799561884399736
-8014.117326631099786
-8037.981371424941244
-7250.960142159619863
-8159.905440249799540
-7256.289824415319345
-8163.686965592649358
-6355.584101494429888
-6361.533889048059791
-5468.078415877440420
-5474.764754038339561
-4581.925215120520079
-4589.388626576780553
-3691.259719985329866
-3698.783897904080277
-2787.651284432690318
-2794.097232672720111
-1870.592595965059900
-1875.057500397389958
-962.660561635882004
-940.047815933713991
-965.816287269665963
-942.182777338220035
-988.857845119191893
-994.608683347948045
-1025.839034698529986
-1033.994593512290066
-1091.337860653960206
-1104.800785598410130
-1296.362881051069962
-1315.552282256529907
-2620.075022170659850
-2682.512729618109915
-3879.014734355139808
-3951.259695557999748
-4945.202500911839707
-5015.645593789849954
-5981.600133299670233
-6039.273479025279812
-6996.130869945550330
-7040.435065407500588
-8000.893287278319804
-8030.970538089500224
-9007.896103376389874
-9001.622662643210788
-9020.188784471029066
-9016.920182313930127
-9019.498054603589480
-9028.756403709270671
-9035.590868046920150
-9042.361876778941223
-9053.246894881940534
-9058.102554628288999
-9066.005340918900401
-9069.544356282220178
-9071.880082838801172
-9074.653912982350448
-9075.698131353159624
-9077.691477198779467
-8166.768825221579391
-9082.365469172700614
-8168.955661168271035
-9083.223207545981495
-7260.610675638050452
-7263.151053581849737
-6359.767421360279513
-6362.643713161420237
-5460.088330246509940
-5463.503214269410819
-4559.538242904310209
-4563.478398364070017
-3658.188389972870027
-3662.095475450850245
-2752.846568824979840
-2756.236771444539954
-1841.643595816429979
-1844.136829286549982
-923.748752184520981
-925.041639274195973
-1732.050807568880145
-1000.000000000000000
-1822.133031724239800
-1043.206273579490016
-10000.000000000000000
-10000.000000000000000
-10000.000000000000000
-10000.000000000000000
-10000.000000000000000
-10000.000000000000000
-10000.000000000000000
-10000.000000000000000
-10000.000000000000000
-10000.000000000000000
-10000.000000000000000
-10000.000000000000000
-10000.000000000000000
-10000.000000000000000
-10000.000000000000000
-10000.000000000000000
-10000.000000000000000
-10000.000000000000000
-3000.000000000000000
-2000.000000000000000
-3127.272727272730208
-2145.454545454540039
-4000.000000000000000
-4109.090909090909918
-5000.000000000000000
-5090.909090909090082
-6000.000000000000000
-6072.727272727269337
-7000.000000000000000
-7054.545454545460416
-8000.000000000000000
-8036.363636363640580
-9000.000000000000000
-9018.181818181819835
-10000.000000000000000
-10000.000000000000000
-9090.909090909090082
-10000.000000000000000
-9090.909090909090082
-10000.000000000000000
-8181.818181818180165
-8181.818181818180165
-7272.727272727270247
-7272.727272727270247
-6363.636363636359420
-6363.636363636359420
-5454.545454545460416
-5454.545454545449502
-4545.454545454550498
-4545.454545454539584
-3636.363636363639671
-3636.363636363639671
-2727.272727272730208
-2727.272727272730208
-1818.181818181819835
-1818.181818181819835
-909.090909090909918
-909.090909090909918
-836.525025297469028
-593.653246006417021
-801.798452487218015
-575.079911982234989
-1000.000000000000000
-981.818181818183007
-1450.858753139000100
-1732.050807568880145
-1434.731778984360062
-1749.277009691470084
-836.502456593921920
-836.901242972556929
-5242.174681701910231
-4184.338536482980089
-4778.786346455540297
-5467.109687195249535
-6306.771735928539783
-6198.842211067700191
-5503.037039208259557
-6356.122502719210388
-4698.753438936319981
-3882.013765339019756
-3064.705133813200064
-2943.166658790009933
-7206.369000182109630
-7149.500931340069656
-7243.214178409080887
-4114.965787000589444
-3076.634755746619703
-5137.412763517890198
-6129.053716060980150
-7106.194601248829713
-6367.689072514030158
-7258.497850346039741
-5496.417570662360049
-4637.604821650899794
-3768.649870552080301
-2858.287955161690206
-1980.711256006159829
-1922.019050282570106
-2051.157478693430221
-2106.585948727340110
-8098.909225768650685
-8074.150317865969555
-8129.957033455669261
-8151.876680009170741
-8162.078989671859745
-2998.079602159310070
-2148.074731684630024
-4046.415627188119743
-5087.460575842509570
-6096.050576902979628
-7084.040572331040494
-8061.656795424969459
-7261.489901527900656
-8167.437371066089327
-6367.236133458170116
-5481.082796230439271
-4596.362557840169757
-3705.702132626960065
-2799.879648200580050
-1878.902156309339944
-968.407047610102040
-943.917819739101105
-999.514558179145070
-1040.800212772800023
-1115.970743253519913
-1329.964202291550009
-2738.110586578779930
-4021.466814974719910
-5085.357964721909411
-6096.779668650759959
-7084.713737145109917
-8061.075400452819849
-9032.351174264789734
-9032.203177204120948
-9037.857299983970734
-9048.979775630670702
-9062.827455677899707
-9072.987320139640360
-9077.379861600540607
-9079.703125293641278
-8171.171030809080548
-9084.171662047800055
-7265.640622577960130
-6365.394719974769941
-5466.723583766629417
-4567.154824443359757
-3665.670067491329974
-2759.244312623499809
-1846.238538141870094
-926.042485519625984
-1900.235765926699969
-1079.355298693440091
-10000.000000000000000
-10000.000000000000000
-10000.000000000000000
-10000.000000000000000
-10000.000000000000000
-10000.000000000000000
-10000.000000000000000
-10000.000000000000000
-10000.000000000000000
-3254.545454545449957
-2290.909090909090082
-4218.181818181819835
-5181.818181818180165
-6145.454545454540494
-7109.090909090909918
-8072.727272727270247
-9036.363636363641490
-10000.000000000000000
-9090.909090909090082
-10000.000000000000000
-8181.818181818180165
-7272.727272727270247
-6363.636363636359420
-5454.545454545449502
-4545.454545454550498
-3636.363636363639671
-2727.272727272730208
-1818.181818181819835
-909.090909090909918
-769.441972431667978
-557.804871039747923
-963.636363636363967
-1416.774229899169995
-1766.503211814050019
-836.591865337143076
-5265.791338500959682
-4200.120427088940232
-4796.347956533620163
-5483.549400454440729
-6322.935629142039943
-6221.670148068840717
-5517.027785091279839
-6367.990000487539874
-4712.817188142370469
-3895.363125469179977
-3076.122666130940161
-2952.514108419309650
-7219.270034237570144
-7167.749864183570025
-7252.631915791409483
-4141.937905605050219
-3095.312125864259997
-5170.797799654270420
-6159.941073413220693
-7131.305636588170273
-6376.264912160049789
-7265.628352576589350
-5505.543523153700335
-4647.601003926240082
-3777.825910080709946
-2865.015633315480045
-1986.204933407160070
-1926.884687997059928
-2059.139637373099958
-2120.639583184349704
-8111.627683047218852
-8091.775722326449795
-8138.958053477640533
-8158.606747575980080
-8167.298456565729794
-3021.613305479749670
-2164.473058688000037
-4085.428859181700318
-5133.753317523350233
-6138.643219632579530
-7117.933325837269877
-8085.131125931089628
-7266.555037922819793
-8171.154330516958908
-6372.682590924609940
-5487.021730068070610
-4602.834004448009182
-3711.999772400120037
-2804.983595675670131
-1882.113721217900093
-970.422429008656081
-945.245705579945025
-1003.559498323900016
-1046.230248696419949
-1124.803769903360035
-1339.514200105119926
-2786.781109385629861
-4089.589510768390483
-5154.312842053349414
-6154.102365434569947
-7128.956469959580318
-8091.200866502850658
-9044.375454593249742
-9047.466414853828610
-9046.792728023479867
-9055.437323616808499
-9067.415625735118738
-9076.329834668329568
-9080.055419217600502
-9081.732866516669674
-8173.414824463658988
-9085.212975114220171
-7268.077025788969877
-6368.016265866010144
-5469.743754657160025
-4570.560537054589986
-3668.904098350130425
-2761.860539692580005
-1847.940442154180118
-926.745716065799002
-1966.241416024129876
-1108.326517484510077
-10000.000000000000000
-10000.000000000000000
-10000.000000000000000
-10000.000000000000000
-10000.000000000000000
-10000.000000000000000
-10000.000000000000000
-10000.000000000000000
-10000.000000000000000
-3381.818181818180165
-2436.363636363640126
-4327.272727272729753
-5272.727272727270247
-6218.181818181819835
-7163.636363636359420
-8109.090909090909008
-9054.545454545448592
-10000.000000000000000
-9090.909090909090082
-10000.000000000000000
-8181.818181818180165
-7272.727272727270247
-6363.636363636359420
-5454.545454545460416
-4545.454545454539584
-3636.363636363639671
-2727.272727272730208
-1818.181818181819835
-909.090909090908895
-739.536784881272979
-541.881106282997962
-945.454545454545951
-1397.017525781310042
-1783.729413936639958
-835.585463991158917
-5288.083003162179921
-4214.191954187679585
-4812.698002199660550
-5498.976047833800294
-6338.355034530789453
-6243.587072433419962
-5530.236589023050328
-6379.288383497620089
-4725.884793637949770
-3907.434992797009727
-3085.290199590259817
-2960.382118707970221
-7231.682390943359678
-7185.422451522019401
-7261.677202672090061
-4166.284330314209910
-3110.664000682550068
-5202.534390890430586
-6189.881010780330143
-7155.858288006539624
-6384.436386387280436
-7272.503861148010401
-5514.096922825619913
-4656.851158180050334
-3786.082250511849907
-2870.714217979440036
-1990.303214705950040
-1930.821867465999958
-2064.970863569159974
-2131.461534921669681
-8124.007425978570609
-8109.072300872039705
-8147.666621853380093
-8165.115981237428969
-8172.386098136768851
-3040.286087239219796
-2176.263926426699982
-4121.332535597280184
-5178.455030675590024
-6180.460512761939754
-7151.460138988390099
-8108.392103338949710
-7271.479989183660109
-8174.835557534370309
-6377.865158492330011
-5492.570927894859778
-4608.790184118530306
-3717.662415794539811
-2809.394394927270241
-1884.679572053570155
-971.852195733725011
-946.159320957814998
-1006.727805362390086
-1050.259495622889972
-1131.256652951019987
-1344.119277319490038
-2828.438309027910236
-4155.581996951630572
-5222.483911522550443
-6211.225511747990822
-7173.153026595519805
-8121.340048103400477
-9056.253940865190089
-9062.704752199570066
-9055.554809366540212
-9061.727403464130475
-9071.861194540810175
-9079.567577182149762
-9082.678119232110475
-9083.780495319679176
-8175.686934325549373
-9086.349252577880179
-7270.457946643939977
-6370.504246246549883
-5472.558139972390563
-4573.688671433149466
-3671.789638120299969
-2764.076947813120114
-1849.234402562809919
-927.145851303961990
-2020.034396957599938
-1130.001431823380017
-10000.000000000000000
-10000.000000000000000
-10000.000000000000000
-10000.000000000000000
-10000.000000000000000
-10000.000000000000000
-10000.000000000000000
-10000.000000000000000
-10000.000000000000000
-3509.090909090910372
-2581.818181818179710
-4436.363636363639671
-5363.636363636359420
-6290.909090909090082
-7218.181818181819835
-8145.454545454549589
-9072.727272727270247
-10000.000000000000000
-9090.909090909090082
-10000.000000000000000
-8181.818181818180165
-7272.727272727270247
-6363.636363636359420
-5454.545454545449502
-4545.454545454539584
-3636.363636363639671
-2727.272727272730208
-1818.181818181819835
-909.090909090908895
-712.162702290773041
-527.360695601011912
-927.272727272728048
-1375.492549720509942
-1800.955616059229897
-833.892988906274923
-5309.017548909409925
-4226.516577496960053
-4827.807815473989649
-5513.364021554309147
-6353.008889893380001
-6264.567598799760162
-5542.642974721989958
-6390.001041443169925
-4737.932361045669495
-3918.201562500220007
-3092.166715977359672
-2966.741578981770090
-7243.590109056410256
-7202.499871582539527
-7270.337610241799666
-4187.956947471039712
-3122.634654480649715
-5232.584902192109439
-6218.845786568310359
-7179.832710340770063
-6392.191325687229437
-7279.115665813130363
-5522.062405853000200
-4665.337115065989565
-3793.398486790890274
-2875.362968302510126
-1992.980528657240029
-1933.813045510369875
-2068.613171810950007
-2138.996743665449685
-8136.035560195230573
-8126.026405913810777
-8156.071852407409096
-8171.396115764979186
-8177.336622833379806
-3054.026694315009991
-2183.374254962389841
-4154.072160398000051
-5221.528107510599511
-6221.477028012699520
-7184.603651874439493
-8131.427692324439704
-7276.259606836699277
-8178.478807535620945
-6382.775881443760227
-5497.719956479460052
-4614.218548412189193
-3722.675924844550082
-2813.097634347359872
-1886.587316676389946
-972.686299308707930
-946.651682113272955
-1009.004068065580100
-1052.863209010550008
-1135.286970341490132
-1343.697953949759949
-2862.997769599089679
-4219.399325157220119
-5289.845340267509528
-6268.133343724519364
-7217.293357080439819
-8151.486183131491089
-9067.979089073160139
-9077.913140266300616
-9064.135809682440595
-9067.843028104540281
-9076.158399227830159
-9082.696304075250737
-9085.245540167261424
-9085.845809914790152
-8177.987254560520341
-9087.582561746779902
-7272.781110951869778
-6372.854631618160056
-5475.161254953090065
-4576.532488400140210
-3674.318901966580142
-2765.885187736090302
-1850.112429499559994
-927.237511870679100
-2061.501238209809799
-1144.263711414789896
-10000.000000000000000
-10000.000000000000000
-10000.000000000000000
-10000.000000000000000
-10000.000000000000000
-10000.000000000000000
-10000.000000000000000
-10000.000000000000000
-10000.000000000000000
-3636.363636363639671
-2727.272727272730208
-4545.454545454550498
-5454.545454545460416
-6363.636363636359420
-7272.727272727270247
-8181.818181818180165
-9090.909090909090082
-10000.000000000000000
-9090.909090909090082
-10000.000000000000000
-8181.818181818180165
-7272.727272727270247
-6363.636363636359420
-5454.545454545449502
-4545.454545454539584
-3636.363636363639671
-2727.272727272730208
-1818.181818181819835
-909.090909090908895
-687.398077006124936
-514.294764157039026
-909.090909090909918
-1352.229619823579924
-1818.181818181819835
-831.525189732670924
5023.993847285690208
5607.776162423670030
6218.863270495990037
5684.156788714720278
4494.351421159690290
4156.420196859429780
3955.007712692459791
4814.184109745159731
5579.315978753499621
6349.598195835939805
5800.979458291560150
4720.713109204410102
7201.460292119559199
7092.455161110000518
6908.885467840719684
6885.281193757979963
3696.581683130559668
3434.300749605919918
3191.883837554089951
3019.050419642279849
2907.650810807519974
3825.557499057909808
4702.134464133549955
5542.615281101379878
6383.498151079660602
7252.077258345139853
6930.118328125190601
5892.173697503859330
4870.055818368549808
3904.360714275339888
8148.256015791039317
8108.505646378999700
8041.587206175410756
7957.303739130479698
7938.673577620679680
7958.476663284010101
3106.029994912959864
2703.166540043920122
2376.667723822460175
2166.242206437810182
2039.116207202059968
1957.632252966790020
1902.537944725180068
2834.705120425299810
3743.856575762310058
4633.084733998140109
5509.434449443509948
6384.821346588089909
7269.671975429399936
8167.104571857249539
7995.226272768210038
6988.376003388800200
5977.630604622379906
4962.792630334790374
3922.958162152050136
2745.828897672430230
1540.060413551030024
1235.217502369619979
1102.725559316229919
1028.313517298750185
985.324834106507979
956.639826345238021
9078.083948127379699
9065.601818876410107
9046.631051765329175
9016.901675130020521
8982.151218146109386
8972.353038555009334
8981.288624000280834
8998.765824790989427
932.714136214499945
1861.176049106089977
2778.327344968320176
3685.056235272829781
4584.609168172510181
5480.202977475049920
6375.660337674989933
7273.637440309569683
8176.165357289109124
9084.561909821239169
1831.511772988039866
1064.571461537860159
10000.000000000000000
10000.000000000000000
10000.000000000000000
10000.000000000000000
10000.000000000000000
10000.000000000000000
10000.000000000000000
10000.000000000000000
10000.000000000000000
0.000000000000000
0.000000000000000
0.000000000000000
0.000000000000000
0.000000000000000
0.000000000000000
0.000000000000000
0.000000000000000
10000.000000000000000
9018.181818181819835
8036.363636363629666
7054.545454545460416
6072.727272727269337
5090.909090909090082
4109.090909090909918
3127.272727272730208
2145.454545454550043
0.000000000000000
909.090909090908895
1818.181818181819835
2727.272727272730208
3636.363636363639671
4545.454545454550498
5454.545454545449502
6363.636363636359420
7272.727272727270247
8181.818181818180165
9090.909090909090082
10000.000000000000000
836.525025297468005
0.000000000000000
0.000000000000000
593.653246006417021
801.962195313824964
0.000000000000000
0.000000000000000
576.021604790297943
1000.000000000000000
0.000000000000000
981.818181818181984
0.000000000000000
1450.858753138990096
1732.050807568880145
1436.795077094459884
1749.277009691470084
836.502456593921920
841.590268450505050
0.000000000000000
0.000000000000000
5038.602105139730156
5621.110937844639921
6231.310250532570535
5708.257832337009859
4522.703616034189508
4173.448185534409276
3968.524685477830189
4828.417193376809337
5592.539514996349681
6360.221833839509600
5838.240365617769385
4763.124099512329849
7210.800052725850037
7104.434174070640438
6929.436178967360320
6916.160924735650042
3745.732551507920107
3467.302235259329791
3209.669315940519937
3032.372736427969812
2916.477874378399974
3835.719462665239917
4712.485588215190546
5551.986054250879533
6391.333508743980019
7258.463433042909855
6967.510197950579823
5937.982359784779874
4926.105612712330185
3967.206530271650081
8153.161228032310646
8115.457400822350792
8051.769926953900722
7973.233881329099859
7960.423825175889760
7983.324759290509974
3175.905986908779596
2755.412093295170052
2407.240015078429678
2184.304039874149566
2049.233265029560243
1964.092692181079883
1906.231051864899882
2839.895539509249829
3750.455011316490072
4639.944053298690051
5515.512713073670056
6389.967503447330273
7273.907188512829634
8170.329978332119936
8026.201303950760121
7033.579319640030008
6035.905953399549617
5031.893125382650396
4001.900886605220421
2831.408426885289828
1585.768157192519993
1253.201085447779860
1110.559938701910141
1034.106269775699957
988.634272395337007
958.369903135486993
9079.935838152599899
9068.378528101860866
9050.071439392329921
9021.797897643979013
8989.934949458369374
8982.399077215179204
8994.000220129561058
9014.302208426001016
933.429014536555997
1862.512403213699827
2781.031568821949804
3688.511411729320116
4588.138209881710281
5483.359147645810481
6378.245977653049522
7275.741628242720253
8177.725289984790834
9085.434926334199190
1920.571611312640016
1122.828913660659964
10000.000000000000000
10000.000000000000000
10000.000000000000000
10000.000000000000000
10000.000000000000000
10000.000000000000000
10000.000000000000000
10000.000000000000000
10000.000000000000000
0.000000000000000
0.000000000000000
0.000000000000000
0.000000000000000
0.000000000000000
0.000000000000000
0.000000000000000
0.000000000000000
10000.000000000000000
9036.363636363641490
8072.727272727279342
7109.090909090909918
6145.454545454549589
5181.818181818180165
4218.181818181819835
3254.545454545449957
2290.909090909090082
0.000000000000000
909.090909090908895
1818.181818181819835
2727.272727272730208
3636.363636363639671
4545.454545454539584
5454.545454545460416
6363.636363636370334
7272.727272727270247
8181.818181818180165
9090.909090909090082
10000.000000000000000
769.754874912778064
0.000000000000000
0.000000000000000
559.716106403889057
963.636363636363967
0.000000000000000
1420.994310231310010
1766.503211814050019
846.126658299215933
0.000000000000000
5052.107967178390027
5633.594867018140576
6243.022736292250556
5731.274897713480641
4549.270082068409465
4188.979541568399327
3980.883761326640069
4841.746149924950259
5605.056856587870243
6370.304811709620481
5874.415968308169795
4803.745770793189877
7219.773817340819733
7115.914359306700135
6949.335592813209587
6946.432455479570308
3792.209121925509862
3497.933716388310131
3225.602223998680074
3044.372082776319985
2924.364551514519917
3845.040274933159708
4722.147585173580410
5560.842478936129737
6398.794932894330486
7264.611541092829611
7004.527789008709988
5983.107736048480547
4980.730788560290421
4027.523197904730296
8157.944462104799641
8122.195125110680237
8061.647971078080445
7988.791117847630630
7981.801578047499788
8007.961584198550554
3242.218482446059625
2804.161826251739967
2435.063936387499780
2200.446930259280180
2058.051066563869881
1969.663599524849815
1909.299559231419835
2844.434400952980013
3756.469573792060146
4646.327296555390603
5521.234997696390565
6394.870375171660271
7278.012267589559997
8173.526355197539488
8057.190920555049161
7078.752034946670392
6094.017176763069983
5100.484495781270198
4079.283040408419765
2912.406914049140141
1627.164049737289815
1268.814501504049986
1116.994041624840065
1039.027011680129817
991.367434010785018
959.690889261799043
9081.808393125231305
9071.107426639689947
9053.411390275339727
9026.552773087079913
8997.540265778969115
8992.264982815990152
9006.569821408389544
9029.820852846351045
933.845548093825983
1863.455795683059932
2783.361036733750097
3691.644086852550117
4591.409902261050775
5486.325229487730212
6380.707519510479869
7277.794645409279838
8179.314119030988877
9086.401533009919149
1999.112728390580060
1174.651798511079960
10000.000000000000000
10000.000000000000000
10000.000000000000000
10000.000000000000000
10000.000000000000000
10000.000000000000000
10000.000000000000000
10000.000000000000000
10000.000000000000000
0.000000000000000
0.000000000000000
0.000000000000000
0.000000000000000
0.000000000000000
0.000000000000000
0.000000000000000
0.000000000000000
10000.000000000000000
9054.545454545448592
8109.090909090909008
7163.636363636359420
6218.181818181819835
5272.727272727270247
4327.272727272729753
3381.818181818180165
2436.363636363640126
0.000000000000000
909.090909090908895
1818.181818181819835
2727.272727272730208
3636.363636363639671
4545.454545454539584
5454.545454545460416
6363.636363636359420
7272.727272727270247
8181.818181818180165
9090.909090909090082
10000.000000000000000
739.984263844781026
0.000000000000000
0.000000000000000
544.789733951231938
945.454545454545951
0.000000000000000
1403.487872447429936
1783.729413936639958
850.122766443534033
0.000000000000000
5064.483721582660110
5645.205324134320108
6253.979995316110035
5753.179407836770224
4574.010901616129559
4202.980457030819707
3992.058324299840024
4854.147981368959336
5616.848790196980190
6379.831064151399914
5909.475138790799974
4842.534689195500505
7228.369185601010031
7126.879345140319856
6968.563251540919737
6976.074072817749766
3835.953407415709989
3526.145432494719898
3239.644056449630170
3055.020194986740080
2931.290473132909938
3853.500104416930299
4731.102831054489798
5569.169835559199782
6405.870650991329967
7270.513029560580435
7041.152496279689331
6027.522374143660272
5033.891223489859840
4085.253504166679704
8162.600463712239616
8128.710430560170607
8071.209974998030702
8003.961595173649584
8002.792192356519081
8032.374432669129419
3304.892105762339725
2849.342485591479999
2460.084113039330077
2214.632953700589951
2065.544000846080053
1974.327312283139918
1911.730956289779897
2848.307469618800042
3761.886474219730189
4652.222242552699754
5526.591204204250062
6399.522232174000237
7281.982182061209642
8176.691530076120216
8088.188067194890209
7123.883603211379523
6151.947907970519736
5168.540892598099163
4155.061362107649984
2988.742579403919990
1664.160992570899907
1282.011880261550004
1122.001796357749981
1043.059771640610052
993.513992581727962
960.595608146448967
9083.701461913398816
9073.786096506610193
9056.646551054300289
9031.160249254600785
9004.959680265539646
9001.942504563468901
9018.989525093500561
9045.316561620429638
933.958233992411920
1863.998230633410003
2785.307548324650270
3694.446674992850149
4594.417675077030253
5489.095882339990567
6383.041020027219929
7279.794258036839892
8180.931773020759465
9087.463853155921242
2067.019539162899946
1219.921617959779951
10000.000000000000000
10000.000000000000000
10000.000000000000000
10000.000000000000000
10000.000000000000000
10000.000000000000000
10000.000000000000000
10000.000000000000000
10000.000000000000000
0.000000000000000
0.000000000000000
0.000000000000000
0.000000000000000
0.000000000000000
0.000000000000000
0.000000000000000
0.000000000000000
10000.000000000000000
9072.727272727270247
8145.454545454539584
7218.181818181819835
6290.909090909090082
5363.636363636359420
4436.363636363639671
3509.090909090910372
2581.818181818179710
0.000000000000000
909.090909090908895
1818.181818181819835
2727.272727272730208
3636.363636363639671
4545.454545454539584
5454.545454545449502
6363.636363636370334
7272.727272727270247
8181.818181818180165
9090.909090909090082
10000.000000000000000
712.730174564576032
0.000000000000000
0.000000000000000
531.294565321353957
927.272727272728048
0.000000000000000
1384.306646832530078
1800.955616059229897
853.589542855128002
0.000000000000000
5075.702163500380266
5655.920097305450327
6264.161674429979939
5773.943308494380290
4596.886887294410371
4215.417742481749883
4002.022245376940191
4865.600110419670273
5627.896453985999869
6388.784819772459741
5943.387318949159635
4879.448215457400693
7236.573983998270705
7137.313059401139981
6987.099071573889887
7005.064460804360351
3876.908481838820080
3551.888533411310164
3251.757012439560185
3064.289326421790065
2937.235642787650249
3861.079482473210192
4739.334024320650315
5576.953673806109691
6412.549105865329693
7276.159501981360336
7077.366055108480396
6071.199324135440293
5085.547529087990370
4140.341282718490220
8167.124074681750244
8134.995081951639804
8080.444783051430022
8018.731713234270501
8023.381292122710875
8056.550831797869250
3363.852860037959999
2890.882158106659972
2482.246183362220108
2226.824880094610307
2071.686925450499984
1978.066490867059883
1913.512961375879968
2851.500770790160004
3766.692175889020291
4657.616893653029365
5531.571418245399400
6403.915486274219802
7285.811993360400265
8179.823370332469494
8119.185817557029623
7168.963671269730185
6209.682079696739493
5236.036939787370102
4229.193381684639462
3060.335139288730261
1696.673480482530067
1292.748190605580021
1125.557608135979990
1046.188870469979975
995.063810650230948
961.077014501806048
9085.614896150091226
9076.412163954510106
9059.772648010579360
9035.614384662329030
9012.185843041850603
9011.423542605760304
9031.251573016339535
9060.784233381429658
933.761670009723957
1864.131858462600121
2786.863053235369989
3696.911729274280333
4597.155078293620136
5491.665863245129913
6385.242608121459853
7281.738273218190443
8182.578181853479691
9088.623971235430872
2124.178573112320009
1258.522041711509928
10000.000000000000000
10000.000000000000000
10000.000000000000000
10000.000000000000000
10000.000000000000000
10000.000000000000000
10000.000000000000000
10000.000000000000000
10000.000000000000000
0.000000000000000
0.000000000000000
0.000000000000000
0.000000000000000
0.000000000000000
0.000000000000000
0.000000000000000
0.000000000000000
10000.000000000000000
9090.909090909090082
8181.818181818180165
7272.727272727270247
6363.636363636359420
5454.545454545460416
4545.454545454550498
3636.363636363639671
2727.272727272730208
0.000000000000000
909.090909090908895
1818.181818181819835
2727.272727272730208
3636.363636363639671
4545.454545454539584
5454.545454545449502
6363.636363636359420
7272.727272727270247
8181.818181818180165
9090.909090909090082
10000.000000000000000
688.070959418118036
0.000000000000000
0.000000000000000
519.281725677501981
909.090909090909918
0.000000000000000
1363.480951493439989
1818.181818181819835
856.537737184179036
0.000000000000000
-5449.682806118239569
-4760.041913154389476
-4167.218712092929309
-5217.265320089300076
-6175.129108346420253
-6289.884806041880438
-6343.702825368050071
-5488.285261808409814
-4683.718051540050510
-3867.414588000559888
-2932.374787300549997
-3051.107262901619833
-7130.694825520469749
-7192.995547499300301
-7233.436651103490476
-3054.941709764650113
-4085.585343909669518
-5102.736327461690053
-6097.247197286770643
-7080.545396969569993
-7251.121227748370075
-6358.721266416780054
-5486.734725164899828
-4626.881153117969916
-3758.575035386710169
-2850.554753912149863
-1916.244376018410094
-1973.845636845309855
-2041.054083873630134
-2089.009596185680039
-8056.209989404610496
-8085.865188799019052
-8120.674650828719678
-8144.934197789791142
-8156.733087617230012
-2126.892963694840091
-2970.080549125520065
-4004.606511232189860
-5039.995285797579527
-6052.403046990770235
-7049.799561884410650
-8037.981371424941244
-8163.686965599939867
-7256.289824442630561
-6361.533889150310642
-5474.764754419889869
-4589.388627994489980
-3698.783903218330124
-2794.097253253580220
-1875.057584574270095
-942.183082199015075
-965.817422900033080
-994.612869591824051
-1034.066453779149924
-1104.815205495119926
-1315.375239827720179
-2682.759933771299984
-3951.460848977370006
-5015.968997578769631
-6039.273479025279812
-7040.435065407500588
-8030.970538089500224
-9016.920182313930127
-9020.188784471029066
-9028.756403709270671
-9042.361876778941223
-9058.102554628288999
-9069.544356282220178
-9074.653912982350448
-9077.691477198779467
-9083.223207545981495
-8168.955661168271035
-7263.151053581849737
-6362.643713161420237
-5463.503214269410819
-4563.478398364070017
-3662.095475450859794
-2756.236771444539954
-1844.136829286559987
-925.041639274195973
-1042.764140740620178
-1822.130356280219985
-10000.000000000000000
-10000.000000000000000
-10000.000000000000000
-10000.000000000000000
-10000.000000000000000
-10000.000000000000000
-10000.000000000000000
-10000.000000000000000
-10000.000000000000000
-2145.454545454540039
-3127.272727272730208
-4109.090909090909918
-5090.909090909090082
-6072.727272727269337
-7054.545454545450411
-8036.363636363640580
-9018.181818181810740
-10000.000000000000000
-10000.000000000000000
-9090.909090909090082
-8181.818181818180165
-7272.727272727270247
-6363.636363636359420
-5454.545454545449502
-4545.454545454539584
-3636.363636363639671
-2727.272727272730208
-1818.181818181819835
-909.090909090909918
-836.525025297469028
-593.653246006417021
-835.618828240426978
-573.555666827362074
-1450.858753139000100
-1433.657453262929948
-836.502456593921920
-800.612685734964998
-1732.050807568880145
-1749.277009691470084
-1000.000000000000000
-981.818181818181984
-5467.109316558450701
-4778.785428333920208
-4185.019651191340017
-5242.173814413090440
-6198.842188331170291
-6306.771728899449954
-6356.122533162199943
-5503.037143636699511
-4698.753768480380131
-3882.012414656800047
-2943.177315276429908
-3064.760152052050216
-7149.500931358249545
-7206.369000259020140
-7243.214178718780204
-3077.148879277800006
-4115.309873447429709
-5138.073831979980241
-6129.053716060980150
-7106.194601248829713
-7258.497851792610163
-6367.689077833910233
-5496.417589891109856
-4637.604888850569296
-3768.650105302609973
-2858.292829032890040
-1922.022147652189915
-1980.705811145099915
-2051.138493958540039
-2105.878403103909932
-8074.150317865980469
-8098.909225768689794
-8129.957033455850251
-8151.876680009900156
-8162.078989674921104
-2147.555609478819861
-2998.744891875940084
-4046.966075959310274
-5088.284237585709889
-6095.515167560220107
-7084.040572331040494
-8061.656795424980373
-8167.437371080590310
-7261.489901582240236
-6367.236133661520398
-5481.082796989100643
-4596.362560659549672
-3705.702143202230218
-2799.879689219440024
-1878.902324423909931
-943.918429244336039
-968.409318690914915
-999.522934215557029
-1040.944903628090060
-1115.999584195930083
-1329.606022791550004
-2738.668493333990227
-4021.944373701259792
-5086.174040344990317
-6096.779668650759959
-7084.713737145109917
-8061.075400452819849
-9032.203177204120948
-9032.351174264789734
-9037.857299983970734
-9048.979775630670702
-9062.827455677899707
-9072.987320139640360
-9077.379861600540607
-9079.703125293641278
-9084.171662047800055
-8171.171030809080548
-7265.640622577960130
-6365.394719974769941
-5466.723583766629417
-4567.154824443359757
-3665.670067491329974
-2759.244312623499809
-1846.238538141870094
-926.042485519627007
-1078.463250180720024
-1900.286338961959927
-10000.000000000000000
-10000.000000000000000
-10000.000000000000000
-10000.000000000000000
-10000.000000000000000
-10000.000000000000000
-10000.000000000000000
-10000.000000000000000
-10000.000000000000000
-2290.909090909090082
-3254.545454545459961
-4218.181818181819835
-5181.818181818180165
-6145.454545454540494
-7109.090909090909918
-8072.727272727279342
-9036.363636363641490
-10000.000000000000000
-10000.000000000000000
-9090.909090909090082
-8181.818181818180165
-7272.727272727270247
-6363.636363636359420
-5454.545454545460416
-4545.454545454550498
-3636.363636363639671
-2727.272727272730208
-1818.181818181819835
-909.090909090909918
-833.965450619262924
-554.717930411136990
-1414.571013849699966
-767.068274248356033
-1766.503211814050019
-963.636363636362944
-5483.548849310429432
-4796.346585238220541
-4201.158145693839288
-5265.790051053349998
-6221.670114376110178
-6322.935618696909842
-6367.990045816389284
-5517.027940654659687
-4712.817679172940188
-3895.361015549569856
-2952.529984906369918
-3076.204087838609667
-7167.749864210420128
-7219.270034351679897
-7252.631916252079463
-3096.095330688990089
-4142.465087507799581
-5171.824879207120830
-6159.941073413220693
-7131.305636588170273
-7265.628354732280059
-6376.264920084890036
-5505.543551797609325
-4647.601104038649282
-3777.826259868470061
-2865.022925827439849
-1926.889325315289852
-1986.196379105720098
-2059.109674146330235
-2119.558311402100117
-8091.775722326459800
-8111.627683047279788
-8138.958053477899739
-8158.606747577069655
-8167.298456570300004
-2163.666962620699906
-3022.640201895700102
-4086.305725386599988
-5135.083788107190230
-6137.953310767000403
-7117.933325837269877
-8085.131125931100541
-8171.154330538609429
-7266.555038003900336
-6372.682591227890043
-5487.021731199400165
-4602.834008653029741
-3711.999788183180044
-2804.983656989640167
-1882.113973030949865
-945.246619513268001
-970.425835359994039
-1003.572067701500146
-1046.448740461670013
-1124.847033040470023
-1338.970788891570010
-2787.713217191690092
-4090.418726689909818
-5155.790857555830371
-6154.102365434569947
-7128.956469959580318
-8091.200866502859753
-9047.466414853839524
-9044.375454593249742
-9046.792728023470772
-9055.437323616808499
-9067.415625735118738
-9076.329834668329568
-9080.055419217600502
-9081.732866516669674
-9085.212975114220171
-8173.414824463658988
-7268.077025788969877
-6368.016265866010144
-5469.743754657160025
-4570.560537054589986
-3668.904098350130425
-2761.860539692580005
-1847.940442154180118
-926.745716065799002
-1106.976770462960076
-1966.401161461980109
-10000.000000000000000
-10000.000000000000000
-10000.000000000000000
-10000.000000000000000
-10000.000000000000000
-10000.000000000000000
-10000.000000000000000
-10000.000000000000000
-10000.000000000000000
-2436.363636363640126
-3381.818181818180165
-4327.272727272729753
-5272.727272727270247
-6218.181818181819835
-7163.636363636359420
-8109.090909090909008
-9054.545454545448592
-10000.000000000000000
-10000.000000000000000
-9090.909090909090082
-8181.818181818180165
-7272.727272727270247
-6363.636363636359420
-5454.545454545460416
-4545.454545454550498
-3636.363636363639671
-2727.272727272730208
-1818.181818181819835
-909.090909090909918
-831.576035511744976
-537.193023577721078
-1393.630859679469950
-735.950422213679985
-1783.729413936639958
-945.454545454545041
-5498.975319390029654
-4812.696181655160217
-4215.596974384049645
-5288.081304546210049
-6243.587028059190743
-6338.355020735290054
-6379.288443488570010
-5530.236795001829705
-4725.885443964680235
-3907.432067709160037
-2960.403143033950073
-3085.397287666340162
-7185.422451557269596
-7231.682391093840124
-7261.677203281180482
-3111.724299819460157
-4167.001975827870410
-5203.951132773830068
-6189.881010780330143
-7155.858288006550538
-7272.503864003359922
-6384.436396880430038
-5514.096960751890037
-4656.851290747139501
-3786.082713778160269
-2870.723916935589841
-1930.828038908690132
-1990.291292957560017
-2064.928931100880163
-2129.993234749199928
-8109.072300872060623
-8124.007425978650645
-8147.666621853730248
-8165.115981238869608
-8172.386098142819719
-2175.152581325499796
-3041.693898248499863
-4122.569947934610354
-5180.355628746109687
-6179.691574472619322
-7151.460138988390099
-8108.392103338960624
-8174.835557563110342
-7271.479989291209677
-6377.865158894390333
-5492.570929394429186
-4608.790189693149841
-3717.662436732190145
-2809.394476393490095
-1884.679907325909880
-946.160539102873031
-971.856737175667035
-1006.744571629849929
-1050.552758619669930
-1131.314339431819917
-1343.386539750019892
-2829.808116333640100
-4156.838121955930546
-5224.793134949689374
-6211.225511747990822
-7173.153026595519805
-8121.340048103389563
-9062.704752199570066
-9056.253940865190089
-9055.554809366540212
-9061.727403464130475
-9071.861194540810175
-9079.567577182149762
-9082.678119232110475
-9083.780495319679176
-9086.349252577880179
-8175.686934325549373
-7270.457946643939977
-6370.504246246549883
-5472.558139972390563
-4573.688671433149466
-3671.789638120299969
-2764.076947813120114
-1849.234402562809919
-927.145851303961990
-1128.186203458029922
-2020.359238721329803
-10000.000000000000000
-10000.000000000000000
-10000.000000000000000
-10000.000000000000000
-10000.000000000000000
-10000.000000000000000
-10000.000000000000000
-10000.000000000000000
-10000.000000000000000
-2581.818181818179710
-3509.090909090910372
-4436.363636363639671
-5363.636363636359420
-6290.909090909090082
-7218.181818181819835
-8145.454545454539584
-9072.727272727270247
-10000.000000000000000
-10000.000000000000000
-9090.909090909090082
-8181.818181818180165
-7272.727272727270247
-6363.636363636359420
-5454.545454545460416
-4545.454545454550498
-3636.363636363639671
-2727.272727272730208
-1818.181818181819835
-909.090909090909918
-828.461535616435981
-521.033027868596946
-1370.867878640799972
-707.338942409181072
-1800.955616059229897
-927.272727272727025
-5513.363119018250472
-4827.805549605090164
-4228.299596979690250
-5309.015448115480467
-6264.567544018749686
-6353.008872813179551
-6390.001115872450100
-5542.643230396650324
-4737.933168478210064
-3918.197766313289776
-2966.767678984950180
-3092.298733321429609
-7202.499871625909691
-7243.590109242410108
-7270.337610996720286
-3123.980060948380014
-4188.872424750589744
-5234.414957645870345
-6218.845786568310359
-7179.832710340780068
-7279.115669358709965
-6392.191338712030301
-5522.062452928829771
-4665.337279629689874
-3793.399061977039764
-2875.375061506299971
-1933.820745253389987
-1992.964981455320185
-2068.558279351530018
-2137.128112871359917
-8126.026405913829876
-8136.035560195318794
-8156.071852407839287
-8171.396115766769981
-8177.336622840899508
-2181.939385654899979
-3055.834727811629818
-4155.704247566499362
-5224.062151713819731
-6220.704530398679708
-7184.603651874449497
-8131.427692324450618
-8178.478807571389552
-7276.259606970420464
-6382.775881943460263
-5497.719958342840073
-4614.218555340379680
-3722.675950883560290
-2813.097735822950199
-1886.587735168820018
-946.653204253712033
-972.691975661333004
-1009.025034771549940
-1053.232213560409946
-1135.359081315000140
-1342.771795381999937
-2864.868774853329796
-4221.157611132140119
-5293.155039664529795
-6268.133343724510269
-7217.293357080439819
-8151.486183131491089
-9077.913140266300616
-9067.979089073160139
-9064.135809682440595
-9067.843028104540281
-9076.158399227830159
-9082.696304075250737
-9085.245540167261424
-9085.845809914779238
-9087.582561746779902
-8177.987254560520341
-7272.781110951879782
-6372.854631618160056
-5475.161254953100070
-4576.532488400140210
-3674.318901966580142
-2765.885187736090302
-1850.112429499559994
-927.237511870679100
-1141.975218870670005
-2062.047100222730023
-10000.000000000000000
-10000.000000000000000
-10000.000000000000000
-10000.000000000000000
-10000.000000000000000
-10000.000000000000000
-10000.000000000000000
-10000.000000000000000
-10000.000000000000000
-2727.272727272730208
-3636.363636363639671
-4545.454545454539584
-5454.545454545449502
-6363.636363636359420
-7272.727272727270247
-8181.818181818180165
-9090.909090909090082
-10000.000000000000000
-10000.000000000000000
-9090.909090909090082
-8181.818181818180165
-7272.727272727270247
-6363.636363636359420
-5454.545454545460416
-4545.454545454550498
-3636.363636363639671
-2727.272727272730208
-1818.181818181819835
-909.090909090909918
-824.632703260522931
-506.289072032645947
-1346.312393551580044
-681.312187498400931
-1818.181818181819835
-909.090909090908895
-4468.018425319550261
-4894.481768368219491
-5489.511011504810085
-5359.875787120070527
-4491.253112245700322
-4923.803313139010243
-5511.670462041649444
-5379.645919481250530
-5244.904104482149705
-4275.897792274649873
-5259.850154054870472
-4292.860036630429931
-6232.295284298359547
-6189.561890823429167
-6247.050912106050419
-6200.590357504349413
-6225.124741012259619
-6244.220256621009867
-6043.417556858969874
-6070.685440392129749
-4889.779168904529797
-5978.351936790830223
-4942.002091297180414
-6017.032534837109779
-5158.661728599669914
-4163.747252224469776
-5168.829518634810483
-4175.695151577569959
-6140.625596168780248
-6147.914263704389668
-3616.514557249249719
-3808.867731976319646
-3662.311809451309728
-3868.650435207369810
-3401.894308243789965
-3428.437332123110082
-3242.315654189740144
-3258.793249640969862
-3142.913700023870206
-3154.112067415100228
-7143.820742678619354
-7111.630611186040369
-7150.921685269279806
-7116.783393045079720
-7155.289483330690018
-7165.780947211629609
-7130.861335376690477
-7145.674982551499852
-7051.832944885659344
-7073.508928187489801
-6995.769643944019663
-7025.922764760190148
-5967.579607523060076
-6990.418658758850142
-6014.678579943420118
-7026.197041313589580
-4933.254477470789425
-4994.445802257499963
-3943.173121788760000
-4015.687849541829564
-4091.717942974409652
-3079.919251241619804
-4099.158191568699294
-3086.928190265699868
-5093.740948845399544
-5100.394783993349847
-6089.007402650359836
-6094.054213595970396
-7076.936073876150658
-7080.110941411840031
-2756.651397892340356
-3126.653744103479767
-2820.615516754679902
-3203.849457897899811
-2490.986185069290059
-2530.300152635609720
-2293.174781314699885
-2317.154904635189723
-2178.082484132009995
-2191.077767231040070
-2105.175975168279820
-2113.877046905559837
-2059.327999218429795
-2064.747900926500279
-8081.187849369239302
-8056.536082788349631
-8083.958720811409876
-8058.155196616230569
-8093.764935043490368
-8099.007039071059808
-8094.713699974910924
-8102.207564016630386
-8075.713735775380883
-8086.289767317220139
-8031.847622775080708
-8047.655183397230758
-8006.477957170160153
-8025.864437229170107
-8001.252918375479567
-8025.146499950780708
-6997.165164432200072
-8002.142411042690583
-7041.064456547229383
-8031.573173536288778
-5978.736192811879846
-6037.232006483339319
-4952.825234484120301
-5022.979834400650361
-3896.276519642839958
-3980.018264152939992
-2691.795468522769625
-2785.983053380859928
-1539.420117045950064
-1592.900528742789902
-1282.508489344500049
-1305.050523091050081
-1157.685074220089973
-1169.174147062189832
-1094.179955485359869
-1101.267263848630137
-1055.281576093830154
-1059.960491200480192
-1030.453994402710123
-1033.446954691539986
-2026.161513479309860
-1013.527052198279989
-2028.969204341879959
-1015.115215281940095
-3035.480149392729800
-3038.996554667910004
-4041.159799900689904
-4044.818837678350064
-5043.154787381750793
-5046.500302393409584
-6041.993852315999902
-6044.720512365739523
-7038.424801350480266
-7040.096742228030053
-8029.924922120269002
-8030.610325729840952
-9032.891765408230640
-9016.875333182470058
-9032.949046914540304
-9016.782552867460254
-9041.368159741869022
-9042.904812274009601
-9045.353494445891556
-9048.107879656770820
-9045.039864925798611
-9048.795045368020510
-9035.193474051080557
-9040.529655041331353
-9015.900833949321168
-9023.676339481709874
-9004.731553700379663
-9014.615270330788917
-9003.138831182730428
-9015.218910290841450
-9003.973106469758932
-9018.695752735260612
-1000.000000000000000
-1732.050807568880145
-1068.663803038529977
-1834.137171670209909
-2000.000000000000000
-1000.000000000000000
-2000.000000000000000
-1000.000000000000000
-3000.000000000000000
-3000.000000000000000
-4000.000000000000000
-4000.000000000000000
-5000.000000000000000
-5000.000000000000000
-6000.000000000000000
-6000.000000000000000
-7000.000000000000000
-7000.000000000000000
-8000.000000000000000
-8000.000000000000000
-9000.000000000000000
-9000.000000000000000
0.000000000000000
0.000000000000000
0.000000000000000
0.000000000000000
0.000000000000000
0.000000000000000
0.000000000000000
0.000000000000000
0.000000000000000
0.000000000000000
0.000000000000000
0.000000000000000
0.000000000000000
0.000000000000000
0.000000000000000
0.000000000000000
0.000000000000000
0.000000000000000
-10000.000000000000000
-10000.000000000000000
-10000.000000000000000
-10000.000000000000000
-10000.000000000000000
-10000.000000000000000
-10000.000000000000000
-10000.000000000000000
-10000.000000000000000
-10000.000000000000000
-10000.000000000000000
-10000.000000000000000
-10000.000000000000000
-10000.000000000000000
-10000.000000000000000
-10000.000000000000000
-10000.000000000000000
-10000.000000000000000
-10000.000000000000000
-10000.000000000000000
-10000.000000000000000
-10000.000000000000000
-836.525025297468005
0.000000000000000
0.000000000000000
-593.653246006417021
-842.767200410027954
0.000000000000000
0.000000000000000
-575.490294370347101
-1450.858753139000100
-1437.124682500199924
-836.502456593921920
-801.395370952886083
0.000000000000000
0.000000000000000
-4513.112256598519707
-4951.701912488010748
-5532.746348398440205
-5398.437576978530160
-5273.980268195399731
-4308.726967073090236
-6261.100013666369705
-6211.046774690419625
-6262.508894954829884
-6097.020771120839527
-4992.750573222319872
-6054.835510374449768
-5178.382955715919707
-4186.839704942790377
-6154.776608065869368
-3705.948713668829896
-3926.074614157840188
-3453.189444305320194
-3273.952718412980175
-3164.376690625750143
-7157.657971619069940
-7121.673353742769905
-7175.819490718190536
-7159.960471619740019
-7094.610197362810140
-7055.541075847390857
-6061.213163805659860
-7061.687299786490257
-5054.503584783540646
-4086.107321659819718
-4106.050093215089873
-3093.299135371939883
-5106.629372379649794
-6098.815779889470832
-7083.128940576710193
-2881.356821736480015
-3277.881860345520181
-2566.923827738889941
-2339.206114019239976
-2202.745222247980109
-2121.673330657270071
-2069.544955960409879
-8086.597121079469616
-8059.728331325409272
-8104.036888945430292
-8109.427090736890023
-8096.543395100910857
-8063.101182121769853
-8044.938477609800429
-8048.871149569739828
-7084.977986655320819
-8061.048671976410333
-6095.599302033019740
-5092.730155844419642
-4062.528966294370093
-2876.251068725450295
-1642.126790219800114
-1325.164995732490070
-1179.203777539790053
-1107.446574665789967
-1064.043309979739888
-1036.026159200909888
-2031.395794051389885
-1016.413221735690058
-3042.154077097449772
-4048.180944677739717
-5049.623069291249521
-6047.300697191929430
-7041.700111696860404
-8031.310004089309587
-9033.018836900240785
-9016.773164127840573
-9044.388228135228928
-9050.761230372749196
-9052.415792369860355
-9045.705700244039690
-9031.271424998880320
-9024.326057362608481
-9027.173204268869085
-9033.415863869880923
-1131.140658226569940
-1926.153074389950007
-2000.000000000000000
-1000.000000000000000
-3000.000000000000000
-4000.000000000000000
-5000.000000000000000
-6000.000000000000000
-7000.000000000000000
-8000.000000000000000
-9000.000000000000000
0.000000000000000
0.000000000000000
0.000000000000000
0.000000000000000
0.000000000000000
0.000000000000000
0.000000000000000
0.000000000000000
0.000000000000000
-10000.000000000000000
-10000.000000000000000
-10000.000000000000000
-10000.000000000000000
-10000.000000000000000
-10000.000000000000000
-10000.000000000000000
-10000.000000000000000
-10000.000000000000000
-10000.000000000000000
-10000.000000000000000
-848.500017454959902
0.000000000000000
0.000000000000000
-558.649384739631955
-1421.666369607090019
-768.611965561167949
0.000000000000000
-4533.562437379679977
-4978.139853652259262
-5552.709043975720306
-5416.224198920669551
-5287.272530505820214
-4323.472059350570817
-6274.421396040099353
-6220.913899842949832
-6279.966016737989776
-6122.395010593299958
-5041.982689052780188
-6091.731214654699215
-5187.305398186150342
-4197.161200504699991
-6161.199704756059873
-3747.375241193370130
-3981.082977425359786
-3476.111215733860263
-3287.764867974220124
-3173.686643643689877
-7164.016976807380161
-7126.291439180279667
-7185.389225086860279
-7173.699087201669499
-7115.115840984450188
-7084.603470527370519
-6107.157610310840028
-7096.871758250180392
-5113.389545293830452
-4154.375855746499838
-4112.380139021110153
-3099.017695525919862
-5112.433361032210087
-6103.283508356219500
-7085.984574654259632
-2938.801312086230155
-3348.676495703290129
-2600.799809715120318
-2359.288496891369959
-2213.057783949750046
-2128.546330342830061
-2073.706347805069981
-8089.097677631009901
-8061.253136813320452
-8108.846217001148943
-8116.361480033999214
-8106.461685896470044
-8078.171121857119033
-8063.685396435349503
-8072.414358261099551
-7128.895775663990207
-8090.561966142219717
-6153.822811476789866
-5162.051789945379824
-4143.766931882199970
-2962.518197174690158
-1687.009187412070105
-1342.803157286369924
-1187.745926444379847
-1112.700813780169938
-1067.519152375349904
-1038.184277254800008
-2033.433278412220034
-1017.415615378620032
-3044.944580486700033
-4051.238814193379767
-5052.517090164520596
-6049.730008956269558
-7043.232412362460309
-8032.023757037510222
-9033.100981600049636
-9016.849293150051381
-9045.816005843349558
-9053.309338688439311
-9055.896412296169729
-9050.714648358349223
-9038.678089442310011
-9033.855383422700470
-9038.993613523891327
-9048.128073313160712
-1187.310067164019983
-2007.980972711020058
-2000.000000000000000
-1000.000000000000000
-3000.000000000000000
-4000.000000000000000
-5000.000000000000000
-6000.000000000000000
-7000.000000000000000
-8000.000000000000000
-9000.000000000000000
0.000000000000000
0.000000000000000
0.000000000000000
0.000000000000000
0.000000000000000
0.000000000000000
0.000000000000000
0.000000000000000
0.000000000000000
-10000.000000000000000
-10000.000000000000000
-10000.000000000000000
-10000.000000000000000
-10000.000000000000000
-10000.000000000000000
-10000.000000000000000
-10000.000000000000000
-10000.000000000000000
-10000.000000000000000
-10000.000000000000000
-853.734604520013022
0.000000000000000
0.000000000000000
-543.183464873401022
-1404.515235755559843
-738.233405265590022
0.000000000000000
-4552.570810061750308
-5003.080074367299858
-5571.529433196199534
-5432.979682755450085
-5299.705402618969856
-4337.069246721349373
-6286.994231840009888
-6230.174787835720053
-6296.567407691790322
-6146.780112610669676
-5089.657236326550446
-6127.690510333909515
-5195.580491436669945
-4206.640266452320247
-6167.170852209359509
-3786.542226249810028
-4033.619221813360582
-3497.163897454599919
-3300.201009328190139
-3182.021361404610161
-7169.986293677909998
-7130.628751430790544
-7194.474535615619970
-7186.872436734679468
-7135.005308321439770
-7113.089206185970397
-6152.486614794909656
-7131.733045665190730
-5171.066064311689843
-4220.438729858050465
-4118.135053105929728
-3104.069727920749756
-5117.795592803659929
-6107.448954043180493
-7088.672441739539863
-2992.876263473850031
-3416.160192497580283
-2631.871687990780174
-2377.362829118670106
-2221.988853945039864
-2134.477868916130319
-2077.219481014420126
-8091.455110593310565
-8062.727303513739571
-8113.426898179749514
-8123.000118094650134
-8116.031929556159412
-8092.850755568570094
-8082.090765073340663
-8095.763832817919138
-7172.808016607729769
-8120.106235523120631
-6211.887530184390016
-5230.920748856269711
-4223.691185904639497
-3044.704523970950049
-1727.459553711270019
-1357.917098647100147
-1194.773038209089918
-1117.013201543180003
-1070.377325998550077
-1039.914104622269861
-2035.073791291270027
-1018.117034142210059
-3047.360068980280175
-4053.985265551440534
-5055.176470558990331
-6052.004125677689444
-7044.691189907309308
-8032.751387865829201
-9033.195329900940123
-9017.013029446390647
-9047.185785338790083
-9055.748069279630727
-9059.231309719929413
-9055.549658157220620
-9045.888469761850502
-9043.194864293600403
-9050.672178170980260
-9062.827107071150749
-1237.053609899100138
-2079.505351087960207
-2000.000000000000000
-1000.000000000000000
-3000.000000000000000
-4000.000000000000000
-5000.000000000000000
-6000.000000000000000
-7000.000000000000000
-8000.000000000000000
-9000.000000000000000
0.000000000000000
0.000000000000000
0.000000000000000
0.000000000000000
0.000000000000000
0.000000000000000
0.000000000000000
0.000000000000000
0.000000000000000
-10000.000000000000000
-10000.000000000000000
-10000.000000000000000
-10000.000000000000000
-10000.000000000000000
-10000.000000000000000
-10000.000000000000000
-10000.000000000000000
-10000.000000000000000
-10000.000000000000000
-10000.000000000000000
-858.481897747192988
0.000000000000000
0.000000000000000
-529.144569247462982
-1385.702160263040014
-710.339454919805007
0.000000000000000
-4570.105136681499971
-5026.486196824979743
-5589.178938181539706
-5448.678407985869853
-5311.257743932669655
-4349.492943837740313
-6298.798078313669976
-6238.812806480689687
-6312.289300720549363
-6170.148548924060378
-5135.733773498050141
-6162.684798169079841
-5203.192182891300035
-4215.257888728219768
-6172.677583429409424
-3823.401411043830194
-4083.628083918109951
-3516.309456119090100
-3311.232983299340049
-3189.360658634479933
-7175.553744206459669
-7134.676556892070039
-7203.060095970729890
-7199.462467325240141
-7154.258428168430328
-7140.977923278219350
-6197.175339913849712
-7166.254111795879908
-5227.496217107219309
-4284.242232641360715
-4123.301804764259941
-3108.441350935259834
-5122.705116593939238
-6111.303827956539862
-7091.187239688600130
-3043.510294623330083
-3480.261130566590055
-2660.084093768159619
-2393.390610949350048
-2229.512325054749908
-2139.450105020090177
-2080.071992751820289
-8093.664237600959495
-8064.148564512949633
-8117.770957474249371
-8129.332587118719857
-8125.241650659969309
-8107.126099331980186
-8100.140421355529725
-8118.907507060999706
-7216.705083633560207
-8149.674785567949584
-6269.778730627179357
-5299.313487731190435
-4302.261510065760376
-3122.731610201619787
-1763.391350747200022
-1370.459795482070149
-1200.258066156159884
-1120.367268188429989
-1072.607335924860081
-1041.208570118270018
-2036.309611825120101
-1018.512214983230024
-3049.392694388210202
-4056.413250688909557
-5057.595424877699770
-6054.118805192380023
-7046.074035339570401
-8033.492703498419360
-9033.301733480609983
-9017.266423940620371
-9048.495250146959734
-9058.073363192170291
-9062.414992549040107
-9060.204014755610842
-9052.894848120120514
-9052.336270595360475
-9062.201085326289103
-9077.507788548649842
-1280.255053429000100
-2140.612827286489846
-2000.000000000000000
-1000.000000000000000
-3000.000000000000000
-4000.000000000000000
-5000.000000000000000
-6000.000000000000000
-7000.000000000000000
-8000.000000000000000
-9000.000000000000000
0.000000000000000
0.000000000000000
0.000000000000000
0.000000000000000
0.000000000000000
0.000000000000000
0.000000000000000
0.000000000000000
0.000000000000000
-10000.000000000000000
-10000.000000000000000
-10000.000000000000000
-10000.000000000000000
-10000.000000000000000
-10000.000000000000000
-10000.000000000000000
-10000.000000000000000
-10000.000000000000000
-10000.000000000000000
-10000.000000000000000
-862.752631312666040
0.000000000000000
0.000000000000000
-516.583771378390907
-1365.257452175709886
-685.008406300794945
0.000000000000000
5191.097862378110221
4147.793196592139793
4740.145749503019942
5431.295856381720114
5217.265758228920276
4166.883503586199367
4760.042374177540296
5449.682993040370093
6272.296677747570357
6150.557182313569683
6289.884809589249926
6175.129119852040276
5472.793515580409803
6330.748136375749709
5488.285209234420108
6343.702810034669710
4667.735291075490750
4683.717885672839657
3851.596350858860205
3867.415235376240162
3035.287929245010218
2920.152569564680107
3051.079385231980268
2932.369422976480109
7179.166217363519536
7111.351052472469746
7192.995547460429407
7130.694825511230192
7223.312213891230385
7233.436650947360249
4053.341361051120202
3029.531573000140270
4085.416984763749952
3054.688654508379841
5065.851368382190230
5102.417618850550753
6064.550266842529709
6097.247197286770643
7054.378590107109630
7080.545396969559988
6349.374097594410159
7243.507509386009588
6358.721263738510061
7251.121227020360493
5476.510879781239964
5486.734715484119988
4615.448726479839934
4626.881119289100752
3747.622196715979953
3758.574917232099779
2841.830195060050301
2850.552310878270418
1965.642356736879947
1909.574191130049940
1973.848230272559931
1916.242824421540035
2028.895809793170201
2041.063080866260179
2069.008951867990163
2089.356717881690201
8072.508935100289818
8037.968880498670842
8085.865188798999952
8056.209989404610496
8111.122187386779842
8120.674650828629638
8137.787866512109758
8144.934197789410973
8151.266234249259469
8156.733087615700242
2936.721016178620175
2101.754761006910030
2969.757558214209894
2127.143387211550362
3959.283507683880089
4004.348351195959822
4990.255907236999519
5039.615114248999816
6008.643301426750440
6052.708486711680052
7015.228285284209960
7049.799561884399736
8014.117326631099786
8037.981371424941244
7250.960142159619863
8159.905440249799540
7256.289824415319345
8163.686965592649358
6355.584101494429888
6361.533889048059791
5468.078415877440420
5474.764754038339561
4581.925215120520079
4589.388626576780553
3691.259719985329866
3698.783897904080277
2787.651284432690318
2794.097232672720111
1870.592595965059900
1875.057500397389958
962.660561635882004
940.047815933713991
965.816287269665963
942.182777338220944
988.857845119191893
994.608683347949068
1025.839034698529986
1033.994593512290066
1091.337860653960206
1104.800785598410130
1296.362881051069962
1315.552282256529907
2620.075022170659850
2682.512729618109915
3879.014734355139808
3951.259695557999748
4945.202500911839707
5015.645593789849954
5981.600133299670233
6039.273479025279812
6996.130869945550330
7040.435065407500588
8000.893287278319804
8030.970538089500224
9007.896103376389874
9001.622662643210788
9020.188784471029066
9016.920182313930127
9019.498054603589480
9028.756403709270671
9035.590868046920150
9042.361876778941223
9053.246894881940534
9058.102554628288999
9066.005340918900401
9069.544356282220178
9071.880082838801172
9074.653912982350448
9075.698131353159624
9077.691477198779467
8166.768825221579391
9082.365469172700614
8168.955661168271035
9083.223207545981495
7260.610675638050452
7263.151053581849737
6359.767421360279513
6362.643713161420237
5460.088330246509940
5463.503214269410819
4559.538242904310209
4563.478398364070017
3658.188389972870027
3662.095475450850245
2752.846568824979840
2756.236771444539954
1841.643595816429979
1844.136829286559987
923.748752184520981
925.041639274195973
1732.050807568880145
1000.000000000000000
1822.133031724239800
1043.206273579490016
10000.000000000000000
10000.000000000000000
10000.000000000000000
10000.000000000000000
10000.000000000000000
10000.000000000000000
10000.000000000000000
10000.000000000000000
10000.000000000000000
10000.000000000000000
10000.000000000000000
10000.000000000000000
10000.000000000000000
10000.000000000000000
10000.000000000000000
10000.000000000000000
10000.000000000000000
10000.000000000000000
9090.909090909090082
10000.000000000000000
9090.909090909090082
10000.000000000000000
8181.818181818180165
8181.818181818180165
7272.727272727270247
7272.727272727270247
6363.636363636359420
6363.636363636359420
5454.545454545460416
5454.545454545449502
4545.454545454550498
4545.454545454539584
3636.363636363639671
3636.363636363639671
2727.272727272730208
2727.272727272730208
1818.181818181819835
1818.181818181819835
909.090909090909918
909.090909090909918
836.525025297468005
593.653246006417021
801.798452487219038
575.079911982233966
1450.858753139000100
1434.731778984360062
836.502456593921920
836.901242972556929
5242.174681701910231
4184.338536482980089
4778.786346455540297
5467.109687195249535
6306.771735928539783
6198.842211067700191
5503.037039208259557
6356.122502719210388
4698.753438936319981
3882.013765339019756
3064.705133813200064
2943.166658790009933
7206.369000182109630
7149.500931340069656
7243.214178409080887
4114.965787000589444
3076.634755746619703
5137.412763517890198
6129.053716060980150
7106.194601248829713
6367.689072514030158
7258.497850346039741
5496.417570662360049
4637.604821650889789
3768.649870552080301
2858.287955161690206
1980.711256006159829
1922.019050282570106
2051.157478693430221
2106.585948727340110
8098.909225768650685
8074.150317865969555
8129.957033455669261
8151.876680009170741
8162.078989671849740
2998.079602159310070
2148.074731684630024
4046.415627188119743
5087.460575842509570
6096.050576902979628
7084.040572331040494
8061.656795424969459
7261.489901527900656
8167.437371066089327
6367.236133458170116
5481.082796230439271
4596.362557840169757
3705.702132626960065
2799.879648200580050
1878.902156309339944
968.407047610101017
943.917819739101105
999.514558179145979
1040.800212772800023
1115.970743253519913
1329.964202291550009
2738.110586578779930
4021.466814974719910
5085.357964721909411
6096.779668650759959
7084.713737145109917
8061.075400452819849
9032.351174264789734
9032.203177204120948
9037.857299983970734
9048.979775630670702
9062.827455677899707
9072.987320139640360
9077.379861600540607
9079.703125293630364
8171.171030809080548
9084.171662047790960
7265.640622577960130
6365.394719974769941
5466.723583766629417
4567.154824443359757
3665.670067491329974
2759.244312623499809
1846.238538141870094
926.042485519625984
1900.235765926699969
1079.355298693440091
10000.000000000000000
10000.000000000000000
10000.000000000000000
10000.000000000000000
10000.000000000000000
10000.000000000000000
10000.000000000000000
10000.000000000000000
10000.000000000000000
9090.909090909090082
10000.000000000000000
8181.818181818180165
7272.727272727270247
6363.636363636370334
5454.545454545460416
4545.454545454539584
3636.363636363639671
2727.272727272730208
1818.181818181819835
909.090909090909918
769.441972431667978
557.804871039747923
1416.774229899169995
836.591865337143076
5265.791338500959682
4200.120427088940232
4796.347956533620163
5483.549400454440729
6322.935629142039943
6221.670148068840717
5517.027785091279839
6367.990000487539874
4712.817188142359555
3895.363125469179977
3076.122666130940161
2952.514108419309650
7219.270034237570144
7167.749864183560021
7252.631915791400388
4141.937905605050219
3095.312125864259997
5170.797799654270420
6159.941073413220693
7131.305636588170273
6376.264912160049789
7265.628352576589350
5505.543523153700335
4647.601003926240082
3777.825910080709946
2865.015633315480045
1986.204933407160070
1926.884687997059928
2059.139637373099958
2120.639583184349704
8111.627683047218852
8091.775722326449795
8138.958053477640533
8158.606747575980080
8167.298456565729794
3021.613305479749670
2164.473058688000037
4085.428859181700318
5133.753317523350233
6138.643219632569526
7117.933325837269877
8085.131125931089628
7266.555037922819793
8171.154330516958908
6372.682590924599936
5487.021730068070610
4602.834004448009182
3711.999772400120037
2804.983595675670131
1882.113721217900093
970.422429008656081
945.245705579945025
1003.559498323900016
1046.230248696419949
1124.803769903360035
1339.514200105119926
2786.781109385629861
4089.589510768390483
5154.312842053349414
6154.102365434569947
7128.956469959580318
8091.200866502850658
9044.375454593249742
9047.466414853828610
9046.792728023470772
9055.437323616808499
9067.415625735118738
9076.329834668329568
9080.055419217600502
9081.732866516669674
8173.414824463658988
9085.212975114220171
7268.077025788969877
6368.016265866010144
5469.743754657160025
4570.560537054589986
3668.904098350130425
2761.860539692580005
1847.940442154180118
926.745716065799002
1966.241416024129876
1108.326517484510077
10000.000000000000000
10000.000000000000000
10000.000000000000000
10000.000000000000000
10000.000000000000000
10000.000000000000000
10000.000000000000000
10000.000000000000000
10000.000000000000000
9090.909090909090082
10000.000000000000000
8181.818181818180165
7272.727272727270247
6363.636363636359420
5454.545454545460416
4545.454545454539584
3636.363636363639671
2727.272727272730208
1818.181818181819835
909.090909090908895
739.536784881272979
541.881106282997962
1397.017525781310042
835.585463991158917
5288.083003162179921
4214.191954187679585
4812.698002199660550
5498.976047833800294
6338.355034530789453
6243.587072433419962
5530.236589023050328
6379.288383497620089
4725.884793637949770
3907.434992797009727
3085.290199590259817
2960.382118707970221
7231.682390943359678
7185.422451522019401
7261.677202672090061
4166.284330314209910
3110.664000682550068
5202.534390890430586
6189.881010780330143
7155.858288006539624
6384.436386387280436
7272.503861148010401
5514.096922825619913
4656.851158180040329
3786.082250511849907
2870.714217979440036
1990.303214705950040
1930.821867465999958
2064.970863569159974
2131.461534921669681
8124.007425978570609
8109.072300872039705
8147.666621853380093
8165.115981237428969
8172.386098136768851
3040.286087239219796
2176.263926426699982
4121.332535597280184
5178.455030675590024
6180.460512761939754
7151.460138988390099
8108.392103338949710
7271.479989183660109
8174.835557534370309
6377.865158492330011
5492.570927894859778
4608.790184118530306
3717.662415794550270
2809.394394927270241
1884.679572053570155
971.852195733725011
946.159320957815908
1006.727805362390086
1050.259495622889972
1131.256652951019987
1344.119277319490038
2828.438309027910236
4155.581996951619658
5222.483911522550443
6211.225511747990822
7173.153026595519805
8121.340048103389563
9056.253940865179175
9062.704752199570066
9055.554809366540212
9061.727403464130475
9071.861194540810175
9079.567577182149762
9082.678119232110475
9083.780495319679176
8175.686934325549373
9086.349252577880179
7270.457946643939977
6370.504246246549883
5472.558139972390563
4573.688671433149466
3671.789638120299969
2764.076947813120114
1849.234402562809919
927.145851303961990
2020.034396957599938
1130.001431823380017
10000.000000000000000
10000.000000000000000
10000.000000000000000
10000.000000000000000
10000.000000000000000
10000.000000000000000
10000.000000000000000
10000.000000000000000
10000.000000000000000
9090.909090909090082
10000.000000000000000
8181.818181818180165
7272.727272727270247
6363.636363636359420
5454.545454545449502
4545.454545454539584
3636.363636363639671
2727.272727272730208
1818.181818181819835
909.090909090908895
712.162702290773041
527.360695601011912
1375.492549720509942
833.892988906274923
5309.017548909409925
4226.516577496960053
4827.807815473989649
5513.364021554309147
6353.008889893380001
6264.567598799760162
5542.642974721989958
6390.001041443169925
4737.932361045669495
3918.201562500220007
3092.166715977359672
2966.741578981770090
7243.590109056410256
7202.499871582539527
7270.337610241789662
4187.956947471039712
3122.634654480649715
5232.584902192109439
6218.845786568310359
7179.832710340770063
6392.191325687229437
7279.115665813130363
5522.062405852990196
4665.337115065989565
3793.398486790879815
2875.362968302510126
1992.980528657240029
1933.813045510369875
2068.613171810950007
2138.996743665449685
8136.035560195219659
8126.026405913810777
8156.071852407409096
8171.396115764979186
8177.336622833368892
3054.026694315019995
2183.374254962389841
4154.072160398000051
5221.528107510599511
6221.477028012690425
7184.603651874439493
8131.427692324439704
7276.259606836699277
8178.478807535620945
6382.775881443760227
5497.719956479460052
4614.218548412189193
3722.675924844550082
2813.097634347359872
1886.587316676389946
972.686299308707021
946.651682113272955
1009.004068065580100
1052.863209010550008
1135.286970341490132
1343.697953949759949
2862.997769599089679
4219.399325157220119
5289.845340267509528
6268.133343724510269
7217.293357080439819
8151.486183131491089
9067.979089073160139
9077.913140266309711
9064.135809682440595
9067.843028104540281
9076.158399227830159
9082.696304075250737
9085.245540167261424
9085.845809914779238
8177.987254560520341
9087.582561746779902
7272.781110951869778
6372.854631618160056
5475.161254953090065
4576.532488400140210
3674.318901966580142
2765.885187736090302
1850.112429499559994
927.237511870678077
2061.501238209809799
1144.263711414789896
10000.000000000000000
10000.000000000000000
10000.000000000000000
10000.000000000000000
10000.000000000000000
10000.000000000000000
10000.000000000000000
10000.000000000000000
10000.000000000000000
9090.909090909090082
10000.000000000000000
8181.818181818180165
7272.727272727270247
6363.636363636359420
5454.545454545449502
4545.454545454539584
3636.363636363639671
2727.272727272730208
1818.181818181819835
909.090909090908895
687.398077006124936
514.294764157038003
1352.229619823579924
831.525189732670924
-5379.649059435289928
-5511.678921082069792
-4923.844831743180293
-4491.253113762420071
-4292.860033856340124
-5259.850198893690504
-6200.590604574509598
-6247.051768901599644
-6244.223276148900368
-6070.700244678740091
-6017.099680625049587
-4942.263755878239863
-4175.695151655079826
-5168.829518963569171
-6147.914265144620003
-3869.038047570320032
-3662.407066115240013
-3428.351809543460149
-3258.793249640969862
-3154.112067415109777
-7116.783400447119675
-7150.921712098839635
-7165.781045020190504
-7145.675348627850326
-7073.510400828189631
-7025.928287370959879
-7026.214838309550032
-6014.735759738859997
-4994.739093067260001
-4016.023850872430103
-3086.928190265739886
-4099.158191568860275
-5100.394783994080171
-6094.054213599190007
-7080.110941426059981
-3204.362443031219755
-2821.024043314800110
-2530.238241732820370
-2316.922801840810280
-2191.077767231040070
-2113.877046905559837
-2064.747900926509828
-8058.155196686710951
-8083.958721070299362
-8099.007040027620860
-8102.207567608140380
-8086.289781135780686
-8047.655237803230193
-8025.864648080050756
-8025.147309657599180
-8031.575912241130936
-7041.075110925829904
-6037.272571010150386
-5023.130431759230305
-3980.093690128459912
-2788.633324318599989
-1592.872063937889834
-1304.650997455069955
-1169.174147062189832
-1101.267263848630137
-1059.960491200489969
-1033.446954691539986
-1015.115215281940095
-2028.969204341879959
-3038.996554667910004
-4044.818837678350064
-5046.500302393409584
-6044.720512365739523
-7040.096742228030053
-8030.610325729840952
-9016.782552867451159
-9032.949046914540304
-9042.904812274009601
-9048.107879656770820
-9048.795045368020510
-9040.529655041331353
-9023.676339481709874
-9014.615270330788917
-9015.218910290841450
-9018.695752735249698
-1834.795200719880086
-1068.119454422889930
-1000.000000000000000
-2000.000000000000000
-3000.000000000000000
-4000.000000000000000
-5000.000000000000000
-6000.000000000000000
-7000.000000000000000
-8000.000000000000000
-9000.000000000000000
0.000000000000000
0.000000000000000
0.000000000000000
0.000000000000000
0.000000000000000
0.000000000000000
0.000000000000000
0.000000000000000
0.000000000000000
-10000.000000000000000
-10000.000000000000000
-10000.000000000000000
-10000.000000000000000
-10000.000000000000000
-10000.000000000000000
-10000.000000000000000
-10000.000000000000000
-10000.000000000000000
-10000.000000000000000
-10000.000000000000000
-836.525025297468005
0.000000000000000
0.000000000000000
-593.653246006417021
-802.197692336702971
0.000000000000000
0.000000000000000
-576.252303665817067
-1450.858753139000100
-1437.806587140390093
-836.502456593921920
-842.477321002989015
0.000000000000000
0.000000000000000
-5398.443843095310513
-5532.763207432950367
-4951.784387555289868
-4513.112257728449549
-4308.726961488199777
-5273.980357516929871
-6211.047266922019844
-6261.101718360119776
-6262.514894252779413
-6097.050181330369924
-6054.968550596010573
-4993.272071151190175
-4186.839705097600017
-5178.382956372020089
-6154.776610938860358
-3926.848654324790004
-3706.138026886199896
-3453.017038286549905
-3273.952718412990180
-3164.376690625780157
-7121.673368504730206
-7157.658025071879820
-7175.819685334689893
-7159.961198885770500
-7094.613117313780094
-7055.551991046190778
-7061.722320142419449
-6061.325727047189503
-5055.085017228080687
-4086.772149461669414
-3093.299135372019919
-4106.050093215430024
-5106.629372381109533
-6098.815779895900050
-7083.128940605100070
-3278.904698826229833
-2882.176266489399950
-2566.797224620379893
-2338.739284860439966
-2202.745222247990114
-2121.673330657280076
-2069.544955960429888
-8059.728331466059899
-8086.597121595768840
-8104.036890851230055
-8109.427097883479291
-8096.543422552789707
-8063.101289965379692
-8044.938894266579155
-8048.872743343229558
-8061.054046655710408
-7084.998860740480268
-6095.678631174419934
-5093.024241584989795
-4062.661764484589639
-2881.662632000059602
-1642.064299917270091
-1324.359970527529867
-1179.203777539790053
-1107.446574665789967
-1064.043309979739888
-1036.026159200909888
-1016.413221735690058
-2031.395794051389885
-3042.154077097449772
-4048.180944677739717
-5049.623069291249521
-6047.300697191929430
-7041.700111696860404
-8031.310004089309587
-9016.773164127840573
-9033.018836900240785
-9044.388228135228928
-9050.761230372738282
-9052.415792369860355
-9045.705700244039690
-9031.271424998880320
-9024.326057362599386
-9027.173204268859990
-9033.415863869880923
-1927.498356169419822
-1130.026814694859922
-1000.000000000000000
-2000.000000000000000
-3000.000000000000000
-4000.000000000000000
-5000.000000000000000
-6000.000000000000000
-7000.000000000000000
-8000.000000000000000
-9000.000000000000000
0.000000000000000
0.000000000000000
0.000000000000000
0.000000000000000
0.000000000000000
0.000000000000000
0.000000000000000
0.000000000000000
0.000000000000000
-10000.000000000000000
-10000.000000000000000
-10000.000000000000000
-10000.000000000000000
-10000.000000000000000
-10000.000000000000000
-10000.000000000000000
-10000.000000000000000
-10000.000000000000000
-10000.000000000000000
-10000.000000000000000
-770.227686187640074
0.000000000000000
0.000000000000000
-560.182761675001984
-1423.069172369409898
-847.924302857472981
0.000000000000000
-5416.233577408889687
-5552.734243957959734
-4978.262723041570098
-4533.562436219330266
-4323.472050918179775
-5287.272663953969641
-6220.914635327249925
-6274.423939734730084
-6279.974956048169588
-6122.438828362059212
-6091.928897955550383
-5042.762189096210022
-4197.161200736630235
-5187.305399168199983
-6161.199709054339110
-3982.242260837329923
-3747.657410853700185
-3475.850565416510108
-3287.764867974230128
-3173.686643643729894
-7126.291461260059805
-7164.017056677170331
-7185.389515510640194
-7173.700170770700424
-7115.120182915240548
-7084.619648291470185
-7096.923428330090246
-6107.323760649100223
-5114.253970198180468
-4155.362335160240036
-3099.017695526029911
-4112.380139021610375
-5112.433361034400150
-6103.283508365840135
-7085.984574696749405
-3350.206055745450158
-2940.034066664639795
-2600.605733068010068
-2358.584317798110078
-2213.057783949750046
-2128.546330342830061
-2073.706347805099995
-8061.253137023840281
-8089.097678403220925
-8108.846219848839610
-8116.361490699229762
-8106.461726796460425
-8078.171282169929327
-8063.686013853070108
-8072.416710461110597
-8090.569874065589829
-7128.926434783630611
-6153.939105320569979
-5162.482255091330444
-4143.939048526290208
-2970.802074185289712
-1686.907110919180013
-1341.586658579430150
-1187.745926444379847
-1112.700813780169938
-1067.519152375349904
-1038.184277254800008
-1017.415615378620032
-2033.433278412220034
-3044.944580486700033
-4051.238814193379767
-5052.517090164520596
-6049.730008956269558
-7043.232412362460309
-8032.023757037510222
-9016.849293150051381
-9033.100981600049636
-9045.816005843349558
-9053.309338688439311
-9055.896412296160634
-9050.714648358349223
-9038.678089442299097
-9033.855383422700470
-9038.993613523891327
-9048.128073313160712
-2010.042730900449897
-1185.601582415819848
-1000.000000000000000
-2000.000000000000000
-3000.000000000000000
-4000.000000000000000
-5000.000000000000000
-6000.000000000000000
-7000.000000000000000
-8000.000000000000000
-9000.000000000000000
0.000000000000000
0.000000000000000
0.000000000000000
0.000000000000000
0.000000000000000
0.000000000000000
0.000000000000000
0.000000000000000
0.000000000000000
-10000.000000000000000
-10000.000000000000000
-10000.000000000000000
-10000.000000000000000
-10000.000000000000000
-10000.000000000000000
-10000.000000000000000
-10000.000000000000000
-10000.000000000000000
-10000.000000000000000
-10000.000000000000000
-740.696171368073919
0.000000000000000
0.000000000000000
-545.497564078258051
-1406.677925240849845
-852.854527472266000
0.000000000000000
-5432.992159823809743
-5571.562915079839513
-5003.242775937580518
-4552.570804707619573
-4337.069235404750543
-5299.705579837639561
-6230.175764663999871
-6286.997605638190180
-6296.579247256359849
-6146.838139574970228
-6127.951585359750425
-5090.692907251290308
-4206.640266761160092
-5195.580492743260038
-6167.170857925460041
-4035.162563911380403
-3786.916052242600017
-3496.813641979210388
-3300.201009328210148
-3182.021361404669733
-7130.628780786280004
-7169.986399758360676
-7194.474920846049827
-7186.873871720029456
-7135.011046901609916
-7113.110516492610259
-7131.800791833070434
-6152.704555880550288
-5172.208332500869801
-4221.739686024329785
-3104.069727920899822
-4118.135053106590021
-5117.795592806570312
-6107.448954055990725
-7088.672441796090425
-3418.193342315259997
-2994.524719510419800
-2631.607356502140192
-2376.418676520910140
-2221.988853945039864
-2134.477868916150328
-2077.219481014450139
-8062.727303793840292
-8091.455111619929085
-8113.426901962009651
-8123.000132242120344
-8116.031983719050913
-8092.850967382179988
-8082.091578207030580
-8095.766917804299737
-8120.116573960191090
-7172.848026089810446
-6212.038988818339931
-5231.480484431010154
-4223.884567241760124
-3055.971736116639931
-1727.312330335299976
-1356.283152505189946
-1194.773038209089918
-1117.013201543180003
-1070.377325998550077
-1039.914104622269861
-1018.117034142220064
-2035.073791291270027
-3047.360068980280175
-4053.985265551440534
-5055.176470558990331
-6052.004125677689444
-7044.691189907309308
-8032.751387865840115
-9017.013029446390647
-9033.195329900940123
-9047.185785338790083
-9055.748069279630727
-9059.231309719929413
-9055.549658157220620
-9045.888469761839588
-9043.194864293600403
-9050.672178170980260
-9062.827107071150749
-2082.312809367479986
-1234.725337633959953
-1000.000000000000000
-2000.000000000000000
-3000.000000000000000
-4000.000000000000000
-5000.000000000000000
-6000.000000000000000
-7000.000000000000000
-8000.000000000000000
-9000.000000000000000
0.000000000000000
0.000000000000000
0.000000000000000
0.000000000000000
0.000000000000000
0.000000000000000
0.000000000000000
0.000000000000000
0.000000000000000
-10000.000000000000000
-10000.000000000000000
-10000.000000000000000
-10000.000000000000000
-10000.000000000000000
-10000.000000000000000
-10000.000000000000000
-10000.000000000000000
-10000.000000000000000
-10000.000000000000000
-10000.000000000000000
-713.682912408304901
0.000000000000000
0.000000000000000
-532.248741700621963
-1388.663720275209926
-857.278928264349020
0.000000000000000
-5448.693969843059676
-5589.220642920220598
-5026.688168435170155
-4570.105125230080375
-4349.492929600219213
-5311.257964565750626
-6238.814022744229987
-6298.802273318069638
-6312.304000781679861
-6170.220586720200117
-6163.008013565599867
-5137.023784070850525
-4215.257889113770034
-5203.192184521029958
-6172.677590555869756
-4085.554300143219734
-3823.865693258589999
-3515.868234626199865
-3311.232983299360058
-3189.360658634550418
-7134.676593481160126
-7175.553876291280176
-7203.060575007159969
-7199.464248840239634
-7154.265538067540547
-7141.004236104680786
-7166.337360415759576
-6197.443275397509751
-5228.911179406250085
-4285.850490700820046
-3108.441350935439914
-4123.301804765100314
-5122.705116597569940
-6111.303827972529689
-7091.187239759140539
-3482.794738373849668
-3045.576843750750413
-2659.746726125100395
-2392.203861277049782
-2229.512325054760367
-2139.450105020110186
-2080.071992751859852
-8064.148564862330204
-8093.664238880510311
-8117.770962183749361
-8129.332604711990825
-8125.241717900520598
-8107.126361677989735
-8100.141425160220933
-8118.911299193589912
-8149.687451788329781
-7216.754008806010461
-6269.963554139079861
-5299.995384758110049
-4302.458102335079275
-3137.093178881540098
-1763.193419795419913
-1368.402427972190026
-1200.258066156159884
-1120.367268188429989
-1072.607335924860081
-1041.208570118270018
-1018.512214983230024
-2036.309611825120101
-3049.392694388210202
-4056.413250688909557
-5057.595424877699770
-6054.118805192380023
-7046.074035339570401
-8033.492703498419360
-9017.266423940620371
-9033.301733480609983
-9048.495250146959734
-9058.073363192170291
-9062.414992549040107
-9060.204014755610842
-9052.894848120120514
-9052.336270595360475
-9062.201085326289103
-9077.507788548649842
-2144.195209336240168
-1277.281847346509949
-1000.000000000000000
-2000.000000000000000
-3000.000000000000000
-4000.000000000000000
-5000.000000000000000
-6000.000000000000000
-7000.000000000000000
-8000.000000000000000
-9000.000000000000000
0.000000000000000
0.000000000000000
0.000000000000000
0.000000000000000
0.000000000000000
0.000000000000000
0.000000000000000
0.000000000000000
0.000000000000000
-10000.000000000000000
-10000.000000000000000
-10000.000000000000000
-10000.000000000000000
-10000.000000000000000
-10000.000000000000000
-10000.000000000000000
-10000.000000000000000
-10000.000000000000000
-10000.000000000000000
-10000.000000000000000
-689.266200767929035
0.000000000000000
0.000000000000000
-520.487364475319964
-1369.056861810330020
-861.208236735186006
0.000000000000000
5449.682806118230474
4760.041913154389476
4167.218712092929309
5217.265320089300076
6175.129108346420253
6289.884806041880438
6343.702825368040067
5488.285261808409814
4683.718051540050510
3867.414588000559888
2932.374787300549997
3051.107262901619833
7130.694825520469749
7192.995547499300301
7233.436651103490476
3054.941709764650113
4085.585343909669518
5102.736327461690053
6097.247197286770643
7080.545396969569993
7251.121227748370075
6358.721266416780054
5486.734725164899828
4626.881153117969916
3758.575035386710169
2850.554753912149863
1916.244376018410094
1973.845636845309855
2041.054083873630134
2089.009596185680039
8056.209989404610496
8085.865188799019052
8120.674650828719678
8144.934197789780228
8156.733087617230012
2126.892963694840091
2970.080549125520065
4004.606511232189860
5039.995285797579527
6052.403046990770235
7049.799561884399736
8037.981371424941244
8163.686965599939867
7256.289824442630561
6361.533889150310642
5474.764754419889869
4589.388627994489980
3698.783903218330124
2794.097253253580220
1875.057584574270095
942.183082199015075
965.817422900033989
994.612869591825074
1034.066453779149924
1104.815205495119926
1315.375239827720179
2682.759933771299984
3951.460848977360001
5015.968997578769631
6039.273479025279812
7040.435065407500588
8030.970538089500224
9016.920182313930127
9020.188784471029066
9028.756403709270671
9042.361876778941223
9058.102554628288999
9069.544356282220178
9074.653912982350448
9077.691477198779467
9083.223207545981495
8168.955661168271035
7263.151053581849737
6362.643713161420237
5463.503214269410819
4563.478398364070017
3662.095475450859794
2756.236771444539954
1844.136829286559987
925.041639274195973
1042.764140740620178
1822.130356280219985
10000.000000000000000
10000.000000000000000
10000.000000000000000
10000.000000000000000
10000.000000000000000
10000.000000000000000
10000.000000000000000
10000.000000000000000
10000.000000000000000
10000.000000000000000
9090.909090909090082
8181.818181818180165
7272.727272727270247
6363.636363636359420
5454.545454545449502
4545.454545454539584
3636.363636363639671
2727.272727272730208
1818.181818181819835
909.090909090909918
836.525025297468005
593.653246006417021
835.618828240426978
573.555666827362984
1450.858753139000100
1433.657453262929948
836.502456593921920
800.612685734964998
5467.109316558439787
4778.785428333920208
4185.019651191340017
5242.173814413090440
6198.842188331170291
6306.771728899449954
6356.122533162199943
5503.037143636699511
4698.753768480380131
3882.012414656800047
2943.177315276429908
3064.760152052050216
7149.500931358249545
7206.369000259020140
7243.214178718769290
3077.148879277800006
4115.309873447429709
5138.073831979980241
6129.053716060980150
7106.194601248829713
7258.497851792610163
6367.689077833910233
5496.417589891109856
4637.604888850569296
3768.650105302609973
2858.292829032890040
1922.022147652189915
1980.705811145099915
2051.138493958540039
2105.878403103909932
8074.150317865980469
8098.909225768689794
8129.957033455850251
8151.876680009900156
8162.078989674921104
2147.555609478819861
2998.744891875940084
4046.966075959310274
5088.284237585709889
6095.515167560210102
7084.040572331040494
8061.656795424969459
8167.437371080590310
7261.489901582240236
6367.236133661520398
5481.082796989100643
4596.362560659549672
3705.702143202230218
2799.879689219440024
1878.902324423909931
943.918429244335016
968.409318690914915
999.522934215557029
1040.944903628090060
1115.999584195930083
1329.606022791550004
2738.668493333990227
4021.944373701259792
5086.174040344990317
6096.779668650759959
7084.713737145109917
8061.075400452819849
9032.203177204120948
9032.351174264789734
9037.857299983970734
9048.979775630670702
9062.827455677899707
9072.987320139640360
9077.379861600540607
9079.703125293630364
9084.171662047790960
8171.171030809080548
7265.640622577960130
6365.394719974769941
5466.723583766629417
4567.154824443359757
3665.670067491329974
2759.244312623499809
1846.238538141870094
926.042485519627007
1078.463250180720024
1900.286338961959927
10000.000000000000000
10000.000000000000000
10000.000000000000000
10000.000000000000000
10000.000000000000000
10000.000000000000000
10000.000000000000000
10000.000000000000000
10000.000000000000000
10000.000000000000000
9090.909090909090082
8181.818181818180165
7272.727272727270247
6363.636363636359420
5454.545454545460416
4545.454545454550498
3636.363636363639671
2727.272727272730208
1818.181818181819835
909.090909090909918
833.965450619262924
554.717930411136990
1414.571013849699966
767.068274248356033
5483.548849310429432
4796.346585238220541
4201.158145693839288
5265.790051053349998
6221.670114376110178
6322.935618696909842
6367.990045816389284
5517.027940654659687
4712.817679172940188
3895.361015549569856
2952.529984906369918
3076.204087838609667
7167.749864210420128
7219.270034351679897
7252.631916252079463
3096.095330688990089
4142.465087507799581
5171.824879207109916
6159.941073413220693
7131.305636588170273
7265.628354732280059
6376.264920084890036
5505.543551797609325
4647.601104038649282
3777.826259868470061
2865.022925827429845
1926.889325315289852
1986.196379105720098
2059.109674146330235
2119.558311402100117
8091.775722326459800
8111.627683047279788
8138.958053477899739
8158.606747577069655
8167.298456570300004
2163.666962620689901
3022.640201895700102
4086.305725386599988
5135.083788107200235
6137.953310767000403
7117.933325837269877
8085.131125931100541
8171.154330538609429
7266.555038003900336
6372.682591227890043
5487.021731199400165
4602.834008653029741
3711.999788183180044
2804.983656989640167
1882.113973030949865
945.246619513267092
970.425835359994039
1003.572067701500146
1046.448740461670013
1124.847033040470023
1338.970788891570010
2787.713217191690092
4090.418726689909818
5155.790857555830371
6154.102365434569947
7128.956469959580318
8091.200866502850658
9047.466414853828610
9044.375454593249742
9046.792728023479867
9055.437323616808499
9067.415625735118738
9076.329834668329568
9080.055419217600502
9081.732866516669674
9085.212975114220171
8173.414824463658988
7268.077025788969877
6368.016265866010144
5469.743754657160025
4570.560537054589986
3668.904098350130425
2761.860539692580005
1847.940442154180118
926.745716065799002
1106.976770462960076
1966.401161461980109
10000.000000000000000
10000.000000000000000
10000.000000000000000
10000.000000000000000
10000.000000000000000
10000.000000000000000
10000.000000000000000
10000.000000000000000
10000.000000000000000
10000.000000000000000
9090.909090909090082
8181.818181818180165
7272.727272727270247
6363.636363636359420
5454.545454545460416
4545.454545454550498
3636.363636363639671
2727.272727272730208
1818.181818181819835
909.090909090909918
831.576035511744976
537.193023577721078
1393.630859679469950
735.950422213681009
5498.975319390029654
4812.696181655160217
4215.596974384049645
5288.081304546200045
6243.587028059190743
6338.355020735280050
6379.288443488560006
5530.236795001829705
4725.885443964680235
3907.432067709160037
2960.403143033950073
3085.397287666340162
7185.422451557269596
7231.682391093830120
7261.677203281180482
3111.724299819460157
4167.001975827870410
5203.951132773830068
6189.881010780330143
7155.858288006550538
7272.503864003359922
6384.436396880430038
5514.096960751890037
4656.851290747130406
3786.082713778160269
2870.723916935589841
1930.828038908690132
1990.291292957560017
2064.928931100880163
2129.993234749199928
8109.072300872060623
8124.007425978650645
8147.666621853730248
8165.115981238869608
8172.386098142830633
2175.152581325499796
3041.693898248499863
4122.569947934610354
5180.355628746109687
6179.691574472619322
7151.460138988390099
8108.392103338960624
8174.835557563110342
7271.479989291209677
6377.865158894390333
5492.570929394440100
4608.790189693149841
3717.662436732190145
2809.394476393490095
1884.679907325909880
946.160539102873031
971.856737175667035
1006.744571629849929
1050.552758619669930
1131.314339431819917
1343.386539750019892
2829.808116333640100
4156.838121955930546
5224.793134949680280
6211.225511747990822
7173.153026595519805
8121.340048103389563
9062.704752199570066
9056.253940865190089
9055.554809366540212
9061.727403464130475
9071.861194540810175
9079.567577182149762
9082.678119232110475
9083.780495319679176
9086.349252577880179
8175.686934325549373
7270.457946643939977
6370.504246246549883
5472.558139972390563
4573.688671433149466
3671.789638120309974
2764.076947813120114
1849.234402562809919
927.145851303961990
1128.186203458029922
2020.359238721340034
10000.000000000000000
10000.000000000000000
10000.000000000000000
10000.000000000000000
10000.000000000000000
10000.000000000000000
10000.000000000000000
10000.000000000000000
10000.000000000000000
10000.000000000000000
9090.909090909090082
8181.818181818180165
7272.727272727270247
6363.636363636359420
5454.545454545460416
4545.454545454550498
3636.363636363639671
2727.272727272730208
1818.181818181819835
909.090909090909918
828.461535616435981
521.033027868596946
1370.867878640799972
707.338942409180049
5513.363119018250472
4827.805549605090164
4228.299596979690250
5309.015448115480467
6264.567544018749686
6353.008872813170456
6390.001115872450100
5542.643230396650324
4737.933168478210064
3918.197766313289776
2966.767678984950180
3092.298733321429609
7202.499871625899686
7243.590109242410108
7270.337610996720286
3123.980060948380014
4188.872424750589744
5234.414957645870345
6218.845786568310359
7179.832710340780068
7279.115669358709965
6392.191338712030301
5522.062452928829771
4665.337279629689874
3793.399061977039764
2875.375061506289967
1933.820745253389987
1992.964981455320185
2068.558279351530018
2137.128112871359917
8126.026405913829876
8136.035560195318794
8156.071852407830193
8171.396115766769981
8177.336622840899508
2181.939385654899979
3055.834727811629818
4155.704247566499362
5224.062151713819731
6220.704530398679708
7184.603651874449497
8131.427692324450618
8178.478807571389552
7276.259606970420464
6382.775881943460263
5497.719958342840073
4614.218555340379680
3722.675950883560290
2813.097735822950199
1886.587735168820018
946.653204253712033
972.691975661333004
1009.025034771549940
1053.232213560409946
1135.359081315000140
1342.771795381999937
2864.868774853329796
4221.157611132129205
5293.155039664529795
6268.133343724519364
7217.293357080439819
8151.486183131491089
9077.913140266309711
9067.979089073160139
9064.135809682440595
9067.843028104540281
9076.158399227830159
9082.696304075250737
9085.245540167261424
9085.845809914790152
9087.582561746779902
8177.987254560520341
7272.781110951879782
6372.854631618160056
5475.161254953100070
4576.532488400140210
3674.318901966580142
2765.885187736090302
1850.112429499559994
927.237511870679100
1141.975218870670005
2062.047100222730023
10000.000000000000000
10000.000000000000000
10000.000000000000000
10000.000000000000000
10000.000000000000000
10000.000000000000000
10000.000000000000000
10000.000000000000000
10000.000000000000000
10000.000000000000000
9090.909090909090082
8181.818181818180165
7272.727272727270247
6363.636363636359420
5454.545454545460416
4545.454545454550498
3636.363636363639671
2727.272727272730208
1818.181818181819835
909.090909090909918
824.632703260522931
506.289072032646970
1346.312393551580044
681.312187498402068
0.000000000000000
603.340299251794022
0.000000000000000
526.711880189648014
0.000000000000000
450.083461127501039
0.000000000000000
0.000000000000000
603.340299251794022
526.711880189648014
1000.000000000000000
810.897286584497010
673.418151866372000
810.897286584497010
0.000000000000000
0.000000000000000
0.000000000000000
0.000000000000000
-603.340299251794022
-526.711880189648014
-450.083461127501039
-603.340299251794022
-526.711880189648014
-1000.000000000000000
-810.897286584497010
-673.418151866372000
-810.897286584497010
0.000000000000000
-810.897286584497010
0.000000000000000
-673.418151866372000
0.000000000000000
-603.340299251795045
0.000000000000000
-526.711880189648014
0.000000000000000
-526.711880189648014
0.000000000000000
-450.083461127502005
810.897286584497010
673.418151866372000
603.340299251794022
526.711880189648014
526.711880189648014
450.083461127501039
0.000000000000000
603.340299251794022
0.000000000000000
526.711880189648014
0.000000000000000
450.083461127501039
0.000000000000000
526.711880189648014
673.418151866372000
810.897286584497010
0.000000000000000
0.000000000000000
0.000000000000000
526.711880189648014
0.000000000000000
450.083461127501039
0.000000000000000
673.418151866372000
0.000000000000000
526.711880189648014
-603.340299251795045
-526.711880189648014
-450.083461127502005
-810.897286584497010
-673.418151866372000
-526.711880189648014
-526.711880189648014
-450.083461127502005
-526.711880189648014
-673.418151866372000
