4376
1 2 3 4 5 6 7 8 
4 9 10 1 8 11 12 5 
13 14 9 4 15 16 11 8 
17 13 4 3 18 15 8 7 
19 17 3 2 20 18 7 6 
21 22 1 10 23 24 5 12 
25 26 19 2 27 28 20 6 
29 25 2 1 30 27 6 5 
31 29 1 22 32 30 5 24 
33 34 21 10 35 36 23 12 
37 33 10 9 38 35 12 11 
39 37 9 14 40 38 11 16 
41 42 39 14 43 44 40 16 
45 41 14 13 46 43 16 15 
47 45 13 17 48 46 15 18 
49 47 17 19 50 48 18 20 
51 49 19 26 52 50 20 28 
53 54 31 22 55 56 32 24 
57 53 22 21 58 55 24 23 
59 57 21 34 60 58 23 36 
61 62 51 26 63 64 52 28 
65 61 26 25 66 63 28 27 
67 65 25 29 68 66 27 30 
69 67 29 31 70 68 30 32 
71 69 31 54 72 70 32 56 
73 74 59 34 75 76 60 36 
77 73 34 33 78 75 36 35 
79 77 33 37 80 78 35 38 
81 79 37 39 82 80 38 40 
83 81 39 42 84 82 40 44 
85 86 83 42 87 88 84 44 
89 85 42 41 90 87 44 43 
91 89 41 45 92 90 43 46 
93 91 45 47 94 92 46 48 
95 93 47 49 96 94 48 50 
97 95 49 51 98 96 50 52 
99 97 51 62 100 98 52 64 
101 102 71 54 103 104 72 56 
105 101 54 53 106 103 56 55 
107 105 53 57 108 106 55 58 
109 107 57 59 110 108 58 60 
111 109 59 74 112 110 60 76 
113 111 74 73 114 112 76 75 
115 113 73 77 116 114 75 78 
117 115 77 79 118 116 78 80 
119 117 79 81 120 118 80 82 
121 119 81 83 122 120 82 84 
123 121 83 86 124 122 84 88 
125 126 99 62 127 128 100 64 
129 125 62 61 130 127 64 63 
131 129 61 65 132 130 63 66 
133 131 65 67 134 132 66 68 
135 133 67 69 136 134 68 70 
137 135 69 71 138 136 70 72 
139 137 71 102 140 138 72 104 
141 142 123 86 143 144 124 88 
145 141 86 85 146 143 88 87 
147 145 85 89 148 146 87 90 
149 147 89 91 150 148 90 92 
151 149 91 93 152 150 92 94 
153 151 93 95 154 152 94 96 
155 153 95 97 156 154 96 98 
157 155 97 99 158 156 98 100 
159 157 99 126 160 158 100 128 
161 162 111 113 163 164 112 114 
165 166 159 126 167 168 160 128 
169 165 126 125 170 167 128 127 
171 169 125 129 172 170 127 130 
173 171 129 131 174 172 130 132 
175 173 131 133 176 174 132 134 
177 175 133 135 178 176 134 136 
179 177 135 137 180 178 136 138 
181 179 137 139 182 180 138 140 
183 184 161 113 185 186 163 114 
187 183 113 115 188 185 114 116 
189 187 115 117 190 188 116 118 
191 189 117 119 192 190 118 120 
193 191 119 121 194 192 120 122 
195 193 121 123 196 194 122 124 
197 195 123 142 198 196 124 144 
199 200 181 139 201 202 182 140 
203 199 139 102 204 201 140 104 
205 203 102 101 206 204 104 103 
207 205 101 105 208 206 103 106 
209 207 105 107 210 208 106 108 
211 209 107 109 212 210 108 110 
213 211 109 111 214 212 110 112 
215 213 111 162 216 214 112 164 
217 218 197 142 219 220 198 144 
221 217 142 141 222 219 144 143 
223 221 141 145 224 222 143 146 
225 223 145 147 226 224 146 148 
227 225 147 149 228 226 148 150 
229 227 149 151 230 228 150 152 
231 229 151 153 232 230 152 154 
233 231 153 155 234 232 154 156 
235 233 155 157 236 234 156 158 
237 235 157 159 238 236 158 160 
239 237 159 166 240 238 160 168 
241 242 243 244 245 246 247 248 
161 184 242 241 163 186 246 245 
249 162 161 241 250 164 163 245 
251 249 241 244 252 250 245 248 
253 215 162 249 254 216 164 250 
255 253 249 251 256 254 250 252 
257 258 255 251 259 260 256 252 
243 257 251 244 247 259 252 248 
5 6 7 8 261 262 263 264 
8 11 12 5 264 265 266 261 
15 16 11 8 267 268 265 264 
18 15 8 7 269 267 264 263 
20 18 7 6 270 269 263 262 
23 24 5 12 271 272 261 266 
27 28 20 6 273 274 270 262 
30 27 6 5 275 273 262 261 
32 30 5 24 276 275 261 272 
35 36 23 12 277 278 271 266 
38 35 12 11 279 277 266 265 
40 38 11 16 280 279 265 268 
43 44 40 16 281 282 280 268 
46 43 16 15 283 281 268 267 
48 46 15 18 284 283 267 269 
50 48 18 20 285 284 269 270 
52 50 20 28 286 285 270 274 
55 56 32 24 287 288 276 272 
58 55 24 23 289 287 272 271 
60 58 23 36 290 289 271 278 
63 64 52 28 291 292 286 274 
66 63 28 27 293 291 274 273 
68 66 27 30 294 293 273 275 
70 68 30 32 295 294 275 276 
72 70 32 56 296 295 276 288 
75 76 60 36 297 298 290 278 
78 75 36 35 299 297 278 277 
80 78 35 38 300 299 277 279 
82 80 38 40 301 300 279 280 
84 82 40 44 302 301 280 282 
87 88 84 44 303 304 302 282 
90 87 44 43 305 303 282 281 
92 90 43 46 306 305 281 283 
94 92 46 48 307 306 283 284 
96 94 48 50 308 307 284 285 
98 96 50 52 309 308 285 286 
100 98 52 64 310 309 286 292 
103 104 72 56 311 312 296 288 
106 103 56 55 313 311 288 287 
108 106 55 58 314 313 287 289 
110 108 58 60 315 314 289 290 
112 110 60 76 316 315 290 298 
114 112 76 75 317 316 298 297 
116 114 75 78 318 317 297 299 
118 116 78 80 319 318 299 300 
120 118 80 82 320 319 300 301 
122 120 82 84 321 320 301 302 
124 122 84 88 322 321 302 304 
127 128 100 64 323 324 310 292 
130 127 64 63 325 323 292 291 
132 130 63 66 326 325 291 293 
134 132 66 68 327 326 293 294 
136 134 68 70 328 327 294 295 
138 136 70 72 329 328 295 296 
140 138 72 104 330 329 296 312 
143 144 124 88 331 332 322 304 
146 143 88 87 333 331 304 303 
148 146 87 90 334 333 303 305 
150 148 90 92 335 334 305 306 
152 150 92 94 336 335 306 307 
154 152 94 96 337 336 307 308 
156 154 96 98 338 337 308 309 
158 156 98 100 339 338 309 310 
160 158 100 128 340 339 310 324 
163 164 112 114 341 342 316 317 
167 168 160 128 343 344 340 324 
170 167 128 127 345 343 324 323 
172 170 127 130 346 345 323 325 
174 172 130 132 347 346 325 326 
176 174 132 134 348 347 326 327 
178 176 134 136 349 348 327 328 
180 178 136 138 350 349 328 329 
182 180 138 140 351 350 329 330 
185 186 163 114 352 353 341 317 
188 185 114 116 354 352 317 318 
190 188 116 118 355 354 318 319 
192 190 118 120 356 355 319 320 
194 192 120 122 357 356 320 321 
196 194 122 124 358 357 321 322 
198 196 124 144 359 358 322 332 
201 202 182 140 360 361 351 330 
204 201 140 104 362 360 330 312 
206 204 104 103 363 362 312 311 
208 206 103 106 364 363 311 313 
210 208 106 108 365 364 313 314 
212 210 108 110 366 365 314 315 
214 212 110 112 367 366 315 316 
216 214 112 164 368 367 316 342 
219 220 198 144 369 370 359 332 
222 219 144 143 371 369 332 331 
224 222 143 146 372 371 331 333 
226 224 146 148 373 372 333 334 
228 226 148 150 374 373 334 335 
230 228 150 152 375 374 335 336 
232 230 152 154 376 375 336 337 
234 232 154 156 377 376 337 338 
236 234 156 158 378 377 338 339 
238 236 158 160 379 378 339 340 
240 238 160 168 380 379 340 344 
245 246 247 248 381 382 383 384 
163 186 246 245 341 353 382 381 
250 164 163 245 385 342 341 381 
252 250 245 248 386 385 381 384 
254 216 164 250 387 368 342 385 
256 254 250 252 388 387 385 386 
259 260 256 252 389 390 388 386 
247 259 252 248 383 389 386 384 
261 262 263 264 391 392 393 394 
264 265 266 261 394 395 396 391 
267 268 265 264 397 398 395 394 
269 267 264 263 399 397 394 393 
270 269 263 262 400 399 393 392 
271 272 261 266 401 402 391 396 
273 274 270 262 403 404 400 392 
275 273 262 261 405 403 392 391 
276 275 261 272 406 405 391 402 
277 278 271 266 407 408 401 396 
279 277 266 265 409 407 396 395 
280 279 265 268 410 409 395 398 
281 282 280 268 411 412 410 398 
283 281 268 267 413 411 398 397 
284 283 267 269 414 413 397 399 
285 284 269 270 415 414 399 400 
286 285 270 274 416 415 400 404 
287 288 276 272 417 418 406 402 
289 287 272 271 419 417 402 401 
290 289 271 278 420 419 401 408 
291 292 286 274 421 422 416 404 
293 291 274 273 423 421 404 403 
294 293 273 275 424 423 403 405 
295 294 275 276 425 424 405 406 
296 295 276 288 426 425 406 418 
297 298 290 278 427 428 420 408 
299 297 278 277 429 427 408 407 
300 299 277 279 430 429 407 409 
301 300 279 280 431 430 409 410 
302 301 280 282 432 431 410 412 
303 304 302 282 433 434 432 412 
305 303 282 281 435 433 412 411 
306 305 281 283 436 435 411 413 
307 306 283 284 437 436 413 414 
308 307 284 285 438 437 414 415 
309 308 285 286 439 438 415 416 
310 309 286 292 440 439 416 422 
311 312 296 288 441 442 426 418 
313 311 288 287 443 441 418 417 
314 313 287 289 444 443 417 419 
315 314 289 290 445 444 419 420 
316 315 290 298 446 445 420 428 
317 316 298 297 447 446 428 427 
318 317 297 299 448 447 427 429 
319 318 299 300 449 448 429 430 
320 319 300 301 450 449 430 431 
321 320 301 302 451 450 431 432 
322 321 302 304 452 451 432 434 
323 324 310 292 453 454 440 422 
325 323 292 291 455 453 422 421 
326 325 291 293 456 455 421 423 
327 326 293 294 457 456 423 424 
328 327 294 295 458 457 424 425 
329 328 295 296 459 458 425 426 
330 329 296 312 460 459 426 442 
331 332 322 304 461 462 452 434 
333 331 304 303 463 461 434 433 
334 333 303 305 464 463 433 435 
335 334 305 306 465 464 435 436 
336 335 306 307 466 465 436 437 
337 336 307 308 467 466 437 438 
338 337 308 309 468 467 438 439 
339 338 309 310 469 468 439 440 
340 339 310 324 470 469 440 454 
341 342 316 317 471 472 446 447 
343 344 340 324 473 474 470 454 
345 343 324 323 475 473 454 453 
346 345 323 325 476 475 453 455 
347 346 325 326 477 476 455 456 
348 347 326 327 478 477 456 457 
349 348 327 328 479 478 457 458 
350 349 328 329 480 479 458 459 
351 350 329 330 481 480 459 460 
352 353 341 317 482 483 471 447 
354 352 317 318 484 482 447 448 
355 354 318 319 485 484 448 449 
356 355 319 320 486 485 449 450 
357 356 320 321 487 486 450 451 
358 357 321 322 488 487 451 452 
359 358 322 332 489 488 452 462 
360 361 351 330 490 491 481 460 
362 360 330 312 492 490 460 442 
363 362 312 311 493 492 442 441 
364 363 311 313 494 493 441 443 
365 364 313 314 495 494 443 444 
366 365 314 315 496 495 444 445 
367 366 315 316 497 496 445 446 
368 367 316 342 498 497 446 472 
369 370 359 332 499 500 489 462 
371 369 332 331 501 499 462 461 
372 371 331 333 502 501 461 463 
373 372 333 334 503 502 463 464 
374 373 334 335 504 503 464 465 
375 374 335 336 505 504 465 466 
376 375 336 337 506 505 466 467 
377 376 337 338 507 506 467 468 
378 377 338 339 508 507 468 469 
379 378 339 340 509 508 469 470 
380 379 340 344 510 509 470 474 
381 382 383 384 511 512 513 514 
341 353 382 381 471 483 512 511 
385 342 341 381 515 472 471 511 
386 385 381 384 516 515 511 514 
387 368 342 385 517 498 472 515 
388 387 385 386 518 517 515 516 
389 390 388 386 519 520 518 516 
383 389 386 384 513 519 516 514 
391 392 393 394 521 522 523 524 
394 395 396 391 524 525 526 521 
397 398 395 394 527 528 525 524 
399 397 394 393 529 527 524 523 
400 399 393 392 530 529 523 522 
401 402 391 396 531 532 521 526 
403 404 400 392 533 534 530 522 
405 403 392 391 535 533 522 521 
406 405 391 402 536 535 521 532 
407 408 401 396 537 538 531 526 
409 407 396 395 539 537 526 525 
410 409 395 398 540 539 525 528 
411 412 410 398 541 542 540 528 
413 411 398 397 543 541 528 527 
414 413 397 399 544 543 527 529 
415 414 399 400 545 544 529 530 
416 415 400 404 546 545 530 534 
417 418 406 402 547 548 536 532 
419 417 402 401 549 547 532 531 
420 419 401 408 550 549 531 538 
421 422 416 404 551 552 546 534 
423 421 404 403 553 551 534 533 
424 423 403 405 554 553 533 535 
425 424 405 406 555 554 535 536 
426 425 406 418 556 555 536 548 
427 428 420 408 557 558 550 538 
429 427 408 407 559 557 538 537 
430 429 407 409 560 559 537 539 
431 430 409 410 561 560 539 540 
432 431 410 412 562 561 540 542 
433 434 432 412 563 564 562 542 
435 433 412 411 565 563 542 541 
436 435 411 413 566 565 541 543 
437 436 413 414 567 566 543 544 
438 437 414 415 568 567 544 545 
439 438 415 416 569 568 545 546 
440 439 416 422 570 569 546 552 
441 442 426 418 571 572 556 548 
443 441 418 417 573 571 548 547 
444 443 417 419 574 573 547 549 
445 444 419 420 575 574 549 550 
446 445 420 428 576 575 550 558 
447 446 428 427 577 576 558 557 
448 447 427 429 578 577 557 559 
449 448 429 430 579 578 559 560 
450 449 430 431 580 579 560 561 
451 450 431 432 581 580 561 562 
452 451 432 434 582 581 562 564 
453 454 440 422 583 584 570 552 
455 453 422 421 585 583 552 551 
456 455 421 423 586 585 551 553 
457 456 423 424 587 586 553 554 
458 457 424 425 588 587 554 555 
459 458 425 426 589 588 555 556 
460 459 426 442 590 589 556 572 
461 462 452 434 591 592 582 564 
463 461 434 433 593 591 564 563 
464 463 433 435 594 593 563 565 
465 464 435 436 595 594 565 566 
466 465 436 437 596 595 566 567 
467 466 437 438 597 596 567 568 
468 467 438 439 598 597 568 569 
469 468 439 440 599 598 569 570 
470 469 440 454 600 599 570 584 
471 472 446 447 601 602 576 577 
473 474 470 454 603 604 600 584 
475 473 454 453 605 603 584 583 
476 475 453 455 606 605 583 585 
477 476 455 456 607 606 585 586 
478 477 456 457 608 607 586 587 
479 478 457 458 609 608 587 588 
480 479 458 459 610 609 588 589 
481 480 459 460 611 610 589 590 
482 483 471 447 612 613 601 577 
484 482 447 448 614 612 577 578 
485 484 448 449 615 614 578 579 
486 485 449 450 616 615 579 580 
487 486 450 451 617 616 580 581 
488 487 451 452 618 617 581 582 
489 488 452 462 619 618 582 592 
490 491 481 460 620 621 611 590 
492 490 460 442 622 620 590 572 
493 492 442 441 623 622 572 571 
494 493 441 443 624 623 571 573 
495 494 443 444 625 624 573 574 
496 495 444 445 626 625 574 575 
497 496 445 446 627 626 575 576 
498 497 446 472 628 627 576 602 
499 500 489 462 629 630 619 592 
501 499 462 461 631 629 592 591 
502 501 461 463 632 631 591 593 
503 502 463 464 633 632 593 594 
504 503 464 465 634 633 594 595 
505 504 465 466 635 634 595 596 
506 505 466 467 636 635 596 597 
507 506 467 468 637 636 597 598 
508 507 468 469 638 637 598 599 
509 508 469 470 639 638 599 600 
510 509 470 474 640 639 600 604 
511 512 513 514 641 642 643 644 
471 483 512 511 601 613 642 641 
515 472 471 511 645 602 601 641 
516 515 511 514 646 645 641 644 
517 498 472 515 647 628 602 645 
518 517 515 516 648 647 645 646 
519 520 518 516 649 650 648 646 
513 519 516 514 643 649 646 644 
521 522 523 524 651 652 653 654 
524 525 526 521 654 655 656 651 
527 528 525 524 657 658 655 654 
529 527 524 523 659 657 654 653 
530 529 523 522 660 659 653 652 
531 532 521 526 661 662 651 656 
533 534 530 522 663 664 660 652 
535 533 522 521 665 663 652 651 
536 535 521 532 666 665 651 662 
537 538 531 526 667 668 661 656 
539 537 526 525 669 667 656 655 
540 539 525 528 670 669 655 658 
541 542 540 528 671 672 670 658 
543 541 528 527 673 671 658 657 
544 543 527 529 674 673 657 659 
545 544 529 530 675 674 659 660 
546 545 530 534 676 675 660 664 
547 548 536 532 677 678 666 662 
549 547 532 531 679 677 662 661 
550 549 531 538 680 679 661 668 
551 552 546 534 681 682 676 664 
553 551 534 533 683 681 664 663 
554 553 533 535 684 683 663 665 
555 554 535 536 685 684 665 666 
556 555 536 548 686 685 666 678 
557 558 550 538 687 688 680 668 
559 557 538 537 689 687 668 667 
560 559 537 539 690 689 667 669 
561 560 539 540 691 690 669 670 
562 561 540 542 692 691 670 672 
563 564 562 542 693 694 692 672 
565 563 542 541 695 693 672 671 
566 565 541 543 696 695 671 673 
567 566 543 544 697 696 673 674 
568 567 544 545 698 697 674 675 
569 568 545 546 699 698 675 676 
570 569 546 552 700 699 676 682 
571 572 556 548 701 702 686 678 
573 571 548 547 703 701 678 677 
574 573 547 549 704 703 677 679 
575 574 549 550 705 704 679 680 
576 575 550 558 706 705 680 688 
577 576 558 557 707 706 688 687 
578 577 557 559 708 707 687 689 
579 578 559 560 709 708 689 690 
580 579 560 561 710 709 690 691 
581 580 561 562 711 710 691 692 
582 581 562 564 712 711 692 694 
583 584 570 552 713 714 700 682 
585 583 552 551 715 713 682 681 
586 585 551 553 716 715 681 683 
587 586 553 554 717 716 683 684 
588 587 554 555 718 717 684 685 
589 588 555 556 719 718 685 686 
590 589 556 572 720 719 686 702 
591 592 582 564 721 722 712 694 
593 591 564 563 723 721 694 693 
594 593 563 565 724 723 693 695 
595 594 565 566 725 724 695 696 
596 595 566 567 726 725 696 697 
597 596 567 568 727 726 697 698 
598 597 568 569 728 727 698 699 
599 598 569 570 729 728 699 700 
600 599 570 584 730 729 700 714 
601 602 576 577 731 732 706 707 
603 604 600 584 733 734 730 714 
605 603 584 583 735 733 714 713 
606 605 583 585 736 735 713 715 
607 606 585 586 737 736 715 716 
608 607 586 587 738 737 716 717 
609 608 587 588 739 738 717 718 
610 609 588 589 740 739 718 719 
611 610 589 590 741 740 719 720 
612 613 601 577 742 743 731 707 
614 612 577 578 744 742 707 708 
615 614 578 579 745 744 708 709 
616 615 579 580 746 745 709 710 
617 616 580 581 747 746 710 711 
618 617 581 582 748 747 711 712 
619 618 582 592 749 748 712 722 
620 621 611 590 750 751 741 720 
622 620 590 572 752 750 720 702 
623 622 572 571 753 752 702 701 
624 623 571 573 754 753 701 703 
625 624 573 574 755 754 703 704 
626 625 574 575 756 755 704 705 
627 626 575 576 757 756 705 706 
628 627 576 602 758 757 706 732 
629 630 619 592 759 760 749 722 
631 629 592 591 761 759 722 721 
632 631 591 593 762 761 721 723 
633 632 593 594 763 762 723 724 
634 633 594 595 764 763 724 725 
635 634 595 596 765 764 725 726 
636 635 596 597 766 765 726 727 
637 636 597 598 767 766 727 728 
638 637 598 599 768 767 728 729 
639 638 599 600 769 768 729 730 
640 639 600 604 770 769 730 734 
641 642 643 644 771 772 773 774 
601 613 642 641 731 743 772 771 
645 602 601 641 775 732 731 771 
646 645 641 644 776 775 771 774 
647 628 602 645 777 758 732 775 
648 647 645 646 778 777 775 776 
649 650 648 646 779 780 778 776 
643 649 646 644 773 779 776 774 
781 782 783 784 785 786 787 788 
784 789 790 781 788 791 792 785 
793 794 789 784 795 796 791 788 
797 793 784 783 798 795 788 787 
799 797 783 782 800 798 787 786 
801 802 799 782 803 804 800 786 
805 806 790 789 807 808 792 791 
809 805 789 794 810 807 791 796 
811 812 801 782 813 814 803 786 
815 811 782 781 816 813 786 785 
817 815 781 790 818 816 785 792 
819 817 790 806 820 818 792 808 
821 822 809 794 823 824 810 796 
825 821 794 793 826 823 796 795 
827 825 793 797 828 826 795 798 
829 827 797 799 830 828 798 800 
831 829 799 802 832 830 800 804 
833 834 831 802 835 836 832 804 
837 833 802 801 838 835 804 803 
839 837 801 812 840 838 803 814 
841 842 819 806 843 844 820 808 
845 841 806 805 846 843 808 807 
847 845 805 809 848 846 807 810 
849 847 809 822 850 848 810 824 
851 852 839 812 853 854 840 814 
855 851 812 811 856 853 814 813 
857 855 811 815 858 856 813 816 
859 857 815 817 860 858 816 818 
861 859 817 819 862 860 818 820 
863 861 819 842 864 862 820 844 
865 866 849 822 867 868 850 824 
869 865 822 821 870 867 824 823 
871 869 821 825 872 870 823 826 
873 871 825 827 874 872 826 828 
875 873 827 829 876 874 828 830 
877 875 829 831 878 876 830 832 
879 877 831 834 880 878 832 836 
881 882 879 834 883 884 880 836 
885 881 834 833 886 883 836 835 
887 885 833 837 888 886 835 838 
889 887 837 839 890 888 838 840 
891 889 839 852 892 890 840 854 
893 891 852 851 894 892 854 853 
895 893 851 855 896 894 853 856 
897 895 855 857 898 896 856 858 
899 897 857 859 900 898 858 860 
901 899 859 861 902 900 860 862 
903 901 861 863 904 902 862 864 
905 906 903 863 907 908 904 864 
909 905 863 842 910 907 864 844 
911 909 842 841 912 910 844 843 
913 911 841 845 914 912 843 846 
915 913 845 847 916 914 846 848 
917 915 847 849 918 916 848 850 
919 917 849 866 920 918 850 868 
921 922 919 866 923 924 920 868 
925 921 866 865 926 923 868 867 
927 925 865 869 928 926 867 870 
929 927 869 871 930 928 870 872 
931 929 871 873 932 930 872 874 
933 931 873 875 934 932 874 876 
935 933 875 877 936 934 876 878 
937 935 877 879 938 936 878 880 
939 937 879 882 940 938 880 884 
941 942 891 893 943 944 892 894 
945 946 906 905 947 948 908 907 
949 945 905 909 950 947 907 910 
951 949 909 911 952 950 910 912 
953 951 911 913 954 952 912 914 
955 953 913 915 956 954 914 916 
957 955 915 917 958 956 916 918 
959 957 917 919 960 958 918 920 
961 959 919 922 962 960 920 924 
195 197 939 882 196 198 940 884 
193 195 882 881 194 196 884 883 
191 193 881 885 192 194 883 886 
189 191 885 887 190 192 886 888 
187 189 887 889 188 190 888 890 
183 187 889 891 185 188 890 892 
184 183 891 942 186 185 892 944 
963 964 941 893 965 966 943 894 
967 963 893 895 968 965 894 896 
969 967 895 897 970 968 896 898 
971 969 897 899 972 970 898 900 
973 971 899 901 974 972 900 902 
975 973 901 903 976 974 902 904 
977 975 903 906 978 976 904 908 
979 977 906 946 980 978 908 948 
981 982 961 922 983 984 962 924 
985 981 922 921 986 983 924 923 
987 985 921 925 988 986 923 926 
989 987 925 927 990 988 926 928 
991 989 927 929 992 990 928 930 
993 991 929 931 994 992 930 932 
995 993 931 933 996 994 932 934 
997 995 933 935 998 996 934 936 
999 997 935 937 1000 998 936 938 
1001 999 937 939 1002 1000 938 940 
218 1001 939 197 220 1002 940 198 
1003 257 243 1004 1005 259 247 1006 
1007 258 257 1003 1008 260 259 1005 
1009 1010 1007 1003 1011 1012 1008 1005 
1013 1009 1003 1004 1014 1011 1005 1006 
941 964 1010 1009 943 966 1012 1011 
942 941 1009 1013 944 943 1011 1014 
242 184 942 1013 246 186 944 1014 
243 242 1013 1004 247 246 1014 1006 
785 786 787 788 1015 1016 1017 1018 
788 791 792 785 1018 1019 1020 1015 
795 796 791 788 1021 1022 1019 1018 
798 795 788 787 1023 1021 1018 1017 
800 798 787 786 1024 1023 1017 1016 
803 804 800 786 1025 1026 1024 1016 
807 808 792 791 1027 1028 1020 1019 
810 807 791 796 1029 1027 1019 1022 
813 814 803 786 1030 1031 1025 1016 
816 813 786 785 1032 1030 1016 1015 
818 816 785 792 1033 1032 1015 1020 
820 818 792 808 1034 1033 1020 1028 
823 824 810 796 1035 1036 1029 1022 
826 823 796 795 1037 1035 1022 1021 
828 826 795 798 1038 1037 1021 1023 
830 828 798 800 1039 1038 1023 1024 
832 830 800 804 1040 1039 1024 1026 
835 836 832 804 1041 1042 1040 1026 
838 835 804 803 1043 1041 1026 1025 
840 838 803 814 1044 1043 1025 1031 
843 844 820 808 1045 1046 1034 1028 
846 843 808 807 1047 1045 1028 1027 
848 846 807 810 1048 1047 1027 1029 
850 848 810 824 1049 1048 1029 1036 
853 854 840 814 1050 1051 1044 1031 
856 853 814 813 1052 1050 1031 1030 
858 856 813 816 1053 1052 1030 1032 
860 858 816 818 1054 1053 1032 1033 
862 860 818 820 1055 1054 1033 1034 
864 862 820 844 1056 1055 1034 1046 
867 868 850 824 1057 1058 1049 1036 
870 867 824 823 1059 1057 1036 1035 
872 870 823 826 1060 1059 1035 1037 
874 872 826 828 1061 1060 1037 1038 
876 874 828 830 1062 1061 1038 1039 
878 876 830 832 1063 1062 1039 1040 
880 878 832 836 1064 1063 1040 1042 
883 884 880 836 1065 1066 1064 1042 
886 883 836 835 1067 1065 1042 1041 
888 886 835 838 1068 1067 1041 1043 
890 888 838 840 1069 1068 1043 1044 
892 890 840 854 1070 1069 1044 1051 
894 892 854 853 1071 1070 1051 1050 
896 894 853 856 1072 1071 1050 1052 
898 896 856 858 1073 1072 1052 1053 
900 898 858 860 1074 1073 1053 1054 
902 900 860 862 1075 1074 1054 1055 
904 902 862 864 1076 1075 1055 1056 
907 908 904 864 1077 1078 1076 1056 
910 907 864 844 1079 1077 1056 1046 
912 910 844 843 1080 1079 1046 1045 
914 912 843 846 1081 1080 1045 1047 
916 914 846 848 1082 1081 1047 1048 
918 916 848 850 1083 1082 1048 1049 
920 918 850 868 1084 1083 1049 1058 
923 924 920 868 1085 1086 1084 1058 
926 923 868 867 1087 1085 1058 1057 
928 926 867 870 1088 1087 1057 1059 
930 928 870 872 1089 1088 1059 1060 
932 930 872 874 1090 1089 1060 1061 
934 932 874 876 1091 1090 1061 1062 
936 934 876 878 1092 1091 1062 1063 
938 936 878 880 1093 1092 1063 1064 
940 938 880 884 1094 1093 1064 1066 
943 944 892 894 1095 1096 1070 1071 
947 948 908 907 1097 1098 1078 1077 
950 947 907 910 1099 1097 1077 1079 
952 950 910 912 1100 1099 1079 1080 
954 952 912 914 1101 1100 1080 1081 
956 954 914 916 1102 1101 1081 1082 
958 956 916 918 1103 1102 1082 1083 
960 958 918 920 1104 1103 1083 1084 
962 960 920 924 1105 1104 1084 1086 
196 198 940 884 358 359 1094 1066 
194 196 884 883 357 358 1066 1065 
192 194 883 886 356 357 1065 1067 
190 192 886 888 355 356 1067 1068 
188 190 888 890 354 355 1068 1069 
185 188 890 892 352 354 1069 1070 
186 185 892 944 353 352 1070 1096 
965 966 943 894 1106 1107 1095 1071 
968 965 894 896 1108 1106 1071 1072 
970 968 896 898 1109 1108 1072 1073 
972 970 898 900 1110 1109 1073 1074 
974 972 900 902 1111 1110 1074 1075 
976 974 902 904 1112 1111 1075 1076 
978 976 904 908 1113 1112 1076 1078 
980 978 908 948 1114 1113 1078 1098 
983 984 962 924 1115 1116 1105 1086 
986 983 924 923 1117 1115 1086 1085 
988 986 923 926 1118 1117 1085 1087 
990 988 926 928 1119 1118 1087 1088 
992 990 928 930 1120 1119 1088 1089 
994 992 930 932 1121 1120 1089 1090 
996 994 932 934 1122 1121 1090 1091 
998 996 934 936 1123 1122 1091 1092 
1000 998 936 938 1124 1123 1092 1093 
1002 1000 938 940 1125 1124 1093 1094 
220 1002 940 198 370 1125 1094 359 
1005 259 247 1006 1126 389 383 1127 
1008 260 259 1005 1128 390 389 1126 
1011 1012 1008 1005 1129 1130 1128 1126 
1014 1011 1005 1006 1131 1129 1126 1127 
943 966 1012 1011 1095 1107 1130 1129 
944 943 1011 1014 1096 1095 1129 1131 
246 186 944 1014 382 353 1096 1131 
247 246 1014 1006 383 382 1131 1127 
1015 1016 1017 1018 1132 1133 1134 1135 
1018 1019 1020 1015 1135 1136 1137 1132 
1021 1022 1019 1018 1138 1139 1136 1135 
1023 1021 1018 1017 1140 1138 1135 1134 
1024 1023 1017 1016 1141 1140 1134 1133 
1025 1026 1024 1016 1142 1143 1141 1133 
1027 1028 1020 1019 1144 1145 1137 1136 
1029 1027 1019 1022 1146 1144 1136 1139 
1030 1031 1025 1016 1147 1148 1142 1133 
1032 1030 1016 1015 1149 1147 1133 1132 
1033 1032 1015 1020 1150 1149 1132 1137 
1034 1033 1020 1028 1151 1150 1137 1145 
1035 1036 1029 1022 1152 1153 1146 1139 
1037 1035 1022 1021 1154 1152 1139 1138 
1038 1037 1021 1023 1155 1154 1138 1140 
1039 1038 1023 1024 1156 1155 1140 1141 
1040 1039 1024 1026 1157 1156 1141 1143 
1041 1042 1040 1026 1158 1159 1157 1143 
1043 1041 1026 1025 1160 1158 1143 1142 
1044 1043 1025 1031 1161 1160 1142 1148 
1045 1046 1034 1028 1162 1163 1151 1145 
1047 1045 1028 1027 1164 1162 1145 1144 
1048 1047 1027 1029 1165 1164 1144 1146 
1049 1048 1029 1036 1166 1165 1146 1153 
1050 1051 1044 1031 1167 1168 1161 1148 
1052 1050 1031 1030 1169 1167 1148 1147 
1053 1052 1030 1032 1170 1169 1147 1149 
1054 1053 1032 1033 1171 1170 1149 1150 
1055 1054 1033 1034 1172 1171 1150 1151 
1056 1055 1034 1046 1173 1172 1151 1163 
1057 1058 1049 1036 1174 1175 1166 1153 
1059 1057 1036 1035 1176 1174 1153 1152 
1060 1059 1035 1037 1177 1176 1152 1154 
1061 1060 1037 1038 1178 1177 1154 1155 
1062 1061 1038 1039 1179 1178 1155 1156 
1063 1062 1039 1040 1180 1179 1156 1157 
1064 1063 1040 1042 1181 1180 1157 1159 
1065 1066 1064 1042 1182 1183 1181 1159 
1067 1065 1042 1041 1184 1182 1159 1158 
1068 1067 1041 1043 1185 1184 1158 1160 
1069 1068 1043 1044 1186 1185 1160 1161 
1070 1069 1044 1051 1187 1186 1161 1168 
1071 1070 1051 1050 1188 1187 1168 1167 
1072 1071 1050 1052 1189 1188 1167 1169 
1073 1072 1052 1053 1190 1189 1169 1170 
1074 1073 1053 1054 1191 1190 1170 1171 
1075 1074 1054 1055 1192 1191 1171 1172 
1076 1075 1055 1056 1193 1192 1172 1173 
1077 1078 1076 1056 1194 1195 1193 1173 
1079 1077 1056 1046 1196 1194 1173 1163 
1080 1079 1046 1045 1197 1196 1163 1162 
1081 1080 1045 1047 1198 1197 1162 1164 
1082 1081 1047 1048 1199 1198 1164 1165 
1083 1082 1048 1049 1200 1199 1165 1166 
1084 1083 1049 1058 1201 1200 1166 1175 
1085 1086 1084 1058 1202 1203 1201 1175 
1087 1085 1058 1057 1204 1202 1175 1174 
1088 1087 1057 1059 1205 1204 1174 1176 
1089 1088 1059 1060 1206 1205 1176 1177 
1090 1089 1060 1061 1207 1206 1177 1178 
1091 1090 1061 1062 1208 1207 1178 1179 
1092 1091 1062 1063 1209 1208 1179 1180 
1093 1092 1063 1064 1210 1209 1180 1181 
1094 1093 1064 1066 1211 1210 1181 1183 
1095 1096 1070 1071 1212 1213 1187 1188 
1097 1098 1078 1077 1214 1215 1195 1194 
1099 1097 1077 1079 1216 1214 1194 1196 
1100 1099 1079 1080 1217 1216 1196 1197 
1101 1100 1080 1081 1218 1217 1197 1198 
1102 1101 1081 1082 1219 1218 1198 1199 
1103 1102 1082 1083 1220 1219 1199 1200 
1104 1103 1083 1084 1221 1220 1200 1201 
1105 1104 1084 1086 1222 1221 1201 1203 
358 359 1094 1066 488 489 1211 1183 
357 358 1066 1065 487 488 1183 1182 
356 357 1065 1067 486 487 1182 1184 
355 356 1067 1068 485 486 1184 1185 
354 355 1068 1069 484 485 1185 1186 
352 354 1069 1070 482 484 1186 1187 
353 352 1070 1096 483 482 1187 1213 
1106 1107 1095 1071 1223 1224 1212 1188 
1108 1106 1071 1072 1225 1223 1188 1189 
1109 1108 1072 1073 1226 1225 1189 1190 
1110 1109 1073 1074 1227 1226 1190 1191 
1111 1110 1074 1075 1228 1227 1191 1192 
1112 1111 1075 1076 1229 1228 1192 1193 
1113 1112 1076 1078 1230 1229 1193 1195 
1114 1113 1078 1098 1231 1230 1195 1215 
1115 1116 1105 1086 1232 1233 1222 1203 
1117 1115 1086 1085 1234 1232 1203 1202 
1118 1117 1085 1087 1235 1234 1202 1204 
1119 1118 1087 1088 1236 1235 1204 1205 
1120 1119 1088 1089 1237 1236 1205 1206 
1121 1120 1089 1090 1238 1237 1206 1207 
1122 1121 1090 1091 1239 1238 1207 1208 
1123 1122 1091 1092 1240 1239 1208 1209 
1124 1123 1092 1093 1241 1240 1209 1210 
1125 1124 1093 1094 1242 1241 1210 1211 
370 1125 1094 359 500 1242 1211 489 
1126 389 383 1127 1243 519 513 1244 
1128 390 389 1126 1245 520 519 1243 
1129 1130 1128 1126 1246 1247 1245 1243 
1131 1129 1126 1127 1248 1246 1243 1244 
1095 1107 1130 1129 1212 1224 1247 1246 
1096 1095 1129 1131 1213 1212 1246 1248 
382 353 1096 1131 512 483 1213 1248 
383 382 1131 1127 513 512 1248 1244 
1132 1133 1134 1135 1249 1250 1251 1252 
1135 1136 1137 1132 1252 1253 1254 1249 
1138 1139 1136 1135 1255 1256 1253 1252 
1140 1138 1135 1134 1257 1255 1252 1251 
1141 1140 1134 1133 1258 1257 1251 1250 
1142 1143 1141 1133 1259 1260 1258 1250 
1144 1145 1137 1136 1261 1262 1254 1253 
1146 1144 1136 1139 1263 1261 1253 1256 
1147 1148 1142 1133 1264 1265 1259 1250 
1149 1147 1133 1132 1266 1264 1250 1249 
1150 1149 1132 1137 1267 1266 1249 1254 
1151 1150 1137 1145 1268 1267 1254 1262 
1152 1153 1146 1139 1269 1270 1263 1256 
1154 1152 1139 1138 1271 1269 1256 1255 
1155 1154 1138 1140 1272 1271 1255 1257 
1156 1155 1140 1141 1273 1272 1257 1258 
1157 1156 1141 1143 1274 1273 1258 1260 
1158 1159 1157 1143 1275 1276 1274 1260 
1160 1158 1143 1142 1277 1275 1260 1259 
1161 1160 1142 1148 1278 1277 1259 1265 
1162 1163 1151 1145 1279 1280 1268 1262 
1164 1162 1145 1144 1281 1279 1262 1261 
1165 1164 1144 1146 1282 1281 1261 1263 
1166 1165 1146 1153 1283 1282 1263 1270 
1167 1168 1161 1148 1284 1285 1278 1265 
1169 1167 1148 1147 1286 1284 1265 1264 
1170 1169 1147 1149 1287 1286 1264 1266 
1171 1170 1149 1150 1288 1287 1266 1267 
1172 1171 1150 1151 1289 1288 1267 1268 
1173 1172 1151 1163 1290 1289 1268 1280 
1174 1175 1166 1153 1291 1292 1283 1270 
1176 1174 1153 1152 1293 1291 1270 1269 
1177 1176 1152 1154 1294 1293 1269 1271 
1178 1177 1154 1155 1295 1294 1271 1272 
1179 1178 1155 1156 1296 1295 1272 1273 
1180 1179 1156 1157 1297 1296 1273 1274 
1181 1180 1157 1159 1298 1297 1274 1276 
1182 1183 1181 1159 1299 1300 1298 1276 
1184 1182 1159 1158 1301 1299 1276 1275 
1185 1184 1158 1160 1302 1301 1275 1277 
1186 1185 1160 1161 1303 1302 1277 1278 
1187 1186 1161 1168 1304 1303 1278 1285 
1188 1187 1168 1167 1305 1304 1285 1284 
1189 1188 1167 1169 1306 1305 1284 1286 
1190 1189 1169 1170 1307 1306 1286 1287 
1191 1190 1170 1171 1308 1307 1287 1288 
1192 1191 1171 1172 1309 1308 1288 1289 
1193 1192 1172 1173 1310 1309 1289 1290 
1194 1195 1193 1173 1311 1312 1310 1290 
1196 1194 1173 1163 1313 1311 1290 1280 
1197 1196 1163 1162 1314 1313 1280 1279 
1198 1197 1162 1164 1315 1314 1279 1281 
1199 1198 1164 1165 1316 1315 1281 1282 
1200 1199 1165 1166 1317 1316 1282 1283 
1201 1200 1166 1175 1318 1317 1283 1292 
1202 1203 1201 1175 1319 1320 1318 1292 
1204 1202 1175 1174 1321 1319 1292 1291 
1205 1204 1174 1176 1322 1321 1291 1293 
1206 1205 1176 1177 1323 1322 1293 1294 
1207 1206 1177 1178 1324 1323 1294 1295 
1208 1207 1178 1179 1325 1324 1295 1296 
1209 1208 1179 1180 1326 1325 1296 1297 
1210 1209 1180 1181 1327 1326 1297 1298 
1211 1210 1181 1183 1328 1327 1298 1300 
1212 1213 1187 1188 1329 1330 1304 1305 
1214 1215 1195 1194 1331 1332 1312 1311 
1216 1214 1194 1196 1333 1331 1311 1313 
1217 1216 1196 1197 1334 1333 1313 1314 
1218 1217 1197 1198 1335 1334 1314 1315 
1219 1218 1198 1199 1336 1335 1315 1316 
1220 1219 1199 1200 1337 1336 1316 1317 
1221 1220 1200 1201 1338 1337 1317 1318 
1222 1221 1201 1203 1339 1338 1318 1320 
488 489 1211 1183 618 619 1328 1300 
487 488 1183 1182 617 618 1300 1299 
486 487 1182 1184 616 617 1299 1301 
485 486 1184 1185 615 616 1301 1302 
484 485 1185 1186 614 615 1302 1303 
482 484 1186 1187 612 614 1303 1304 
483 482 1187 1213 613 612 1304 1330 
1223 1224 1212 1188 1340 1341 1329 1305 
1225 1223 1188 1189 1342 1340 1305 1306 
1226 1225 1189 1190 1343 1342 1306 1307 
1227 1226 1190 1191 1344 1343 1307 1308 
1228 1227 1191 1192 1345 1344 1308 1309 
1229 1228 1192 1193 1346 1345 1309 1310 
1230 1229 1193 1195 1347 1346 1310 1312 
1231 1230 1195 1215 1348 1347 1312 1332 
1232 1233 1222 1203 1349 1350 1339 1320 
1234 1232 1203 1202 1351 1349 1320 1319 
1235 1234 1202 1204 1352 1351 1319 1321 
1236 1235 1204 1205 1353 1352 1321 1322 
1237 1236 1205 1206 1354 1353 1322 1323 
1238 1237 1206 1207 1355 1354 1323 1324 
1239 1238 1207 1208 1356 1355 1324 1325 
1240 1239 1208 1209 1357 1356 1325 1326 
1241 1240 1209 1210 1358 1357 1326 1327 
1242 1241 1210 1211 1359 1358 1327 1328 
500 1242 1211 489 630 1359 1328 619 
1243 519 513 1244 1360 649 643 1361 
1245 520 519 1243 1362 650 649 1360 
1246 1247 1245 1243 1363 1364 1362 1360 
1248 1246 1243 1244 1365 1363 1360 1361 
1212 1224 1247 1246 1329 1341 1364 1363 
1213 1212 1246 1248 1330 1329 1363 1365 
512 483 1213 1248 642 613 1330 1365 
513 512 1248 1244 643 642 1365 1361 
1249 1250 1251 1252 1366 1367 1368 1369 
1252 1253 1254 1249 1369 1370 1371 1366 
1255 1256 1253 1252 1372 1373 1370 1369 
1257 1255 1252 1251 1374 1372 1369 1368 
1258 1257 1251 1250 1375 1374 1368 1367 
1259 1260 1258 1250 1376 1377 1375 1367 
1261 1262 1254 1253 1378 1379 1371 1370 
1263 1261 1253 1256 1380 1378 1370 1373 
1264 1265 1259 1250 1381 1382 1376 1367 
1266 1264 1250 1249 1383 1381 1367 1366 
1267 1266 1249 1254 1384 1383 1366 1371 
1268 1267 1254 1262 1385 1384 1371 1379 
1269 1270 1263 1256 1386 1387 1380 1373 
1271 1269 1256 1255 1388 1386 1373 1372 
1272 1271 1255 1257 1389 1388 1372 1374 
1273 1272 1257 1258 1390 1389 1374 1375 
1274 1273 1258 1260 1391 1390 1375 1377 
1275 1276 1274 1260 1392 1393 1391 1377 
1277 1275 1260 1259 1394 1392 1377 1376 
1278 1277 1259 1265 1395 1394 1376 1382 
1279 1280 1268 1262 1396 1397 1385 1379 
1281 1279 1262 1261 1398 1396 1379 1378 
1282 1281 1261 1263 1399 1398 1378 1380 
1283 1282 1263 1270 1400 1399 1380 1387 
1284 1285 1278 1265 1401 1402 1395 1382 
1286 1284 1265 1264 1403 1401 1382 1381 
1287 1286 1264 1266 1404 1403 1381 1383 
1288 1287 1266 1267 1405 1404 1383 1384 
1289 1288 1267 1268 1406 1405 1384 1385 
1290 1289 1268 1280 1407 1406 1385 1397 
1291 1292 1283 1270 1408 1409 1400 1387 
1293 1291 1270 1269 1410 1408 1387 1386 
1294 1293 1269 1271 1411 1410 1386 1388 
1295 1294 1271 1272 1412 1411 1388 1389 
1296 1295 1272 1273 1413 1412 1389 1390 
1297 1296 1273 1274 1414 1413 1390 1391 
1298 1297 1274 1276 1415 1414 1391 1393 
1299 1300 1298 1276 1416 1417 1415 1393 
1301 1299 1276 1275 1418 1416 1393 1392 
1302 1301 1275 1277 1419 1418 1392 1394 
1303 1302 1277 1278 1420 1419 1394 1395 
1304 1303 1278 1285 1421 1420 1395 1402 
1305 1304 1285 1284 1422 1421 1402 1401 
1306 1305 1284 1286 1423 1422 1401 1403 
1307 1306 1286 1287 1424 1423 1403 1404 
1308 1307 1287 1288 1425 1424 1404 1405 
1309 1308 1288 1289 1426 1425 1405 1406 
1310 1309 1289 1290 1427 1426 1406 1407 
1311 1312 1310 1290 1428 1429 1427 1407 
1313 1311 1290 1280 1430 1428 1407 1397 
1314 1313 1280 1279 1431 1430 1397 1396 
1315 1314 1279 1281 1432 1431 1396 1398 
1316 1315 1281 1282 1433 1432 1398 1399 
1317 1316 1282 1283 1434 1433 1399 1400 
1318 1317 1283 1292 1435 1434 1400 1409 
1319 1320 1318 1292 1436 1437 1435 1409 
1321 1319 1292 1291 1438 1436 1409 1408 
1322 1321 1291 1293 1439 1438 1408 1410 
1323 1322 1293 1294 1440 1439 1410 1411 
1324 1323 1294 1295 1441 1440 1411 1412 
1325 1324 1295 1296 1442 1441 1412 1413 
1326 1325 1296 1297 1443 1442 1413 1414 
1327 1326 1297 1298 1444 1443 1414 1415 
1328 1327 1298 1300 1445 1444 1415 1417 
1329 1330 1304 1305 1446 1447 1421 1422 
1331 1332 1312 1311 1448 1449 1429 1428 
1333 1331 1311 1313 1450 1448 1428 1430 
1334 1333 1313 1314 1451 1450 1430 1431 
1335 1334 1314 1315 1452 1451 1431 1432 
1336 1335 1315 1316 1453 1452 1432 1433 
1337 1336 1316 1317 1454 1453 1433 1434 
1338 1337 1317 1318 1455 1454 1434 1435 
1339 1338 1318 1320 1456 1455 1435 1437 
618 619 1328 1300 748 749 1445 1417 
617 618 1300 1299 747 748 1417 1416 
616 617 1299 1301 746 747 1416 1418 
615 616 1301 1302 745 746 1418 1419 
614 615 1302 1303 744 745 1419 1420 
612 614 1303 1304 742 744 1420 1421 
613 612 1304 1330 743 742 1421 1447 
1340 1341 1329 1305 1457 1458 1446 1422 
1342 1340 1305 1306 1459 1457 1422 1423 
1343 1342 1306 1307 1460 1459 1423 1424 
1344 1343 1307 1308 1461 1460 1424 1425 
1345 1344 1308 1309 1462 1461 1425 1426 
1346 1345 1309 1310 1463 1462 1426 1427 
1347 1346 1310 1312 1464 1463 1427 1429 
1348 1347 1312 1332 1465 1464 1429 1449 
1349 1350 1339 1320 1466 1467 1456 1437 
1351 1349 1320 1319 1468 1466 1437 1436 
1352 1351 1319 1321 1469 1468 1436 1438 
1353 1352 1321 1322 1470 1469 1438 1439 
1354 1353 1322 1323 1471 1470 1439 1440 
1355 1354 1323 1324 1472 1471 1440 1441 
1356 1355 1324 1325 1473 1472 1441 1442 
1357 1356 1325 1326 1474 1473 1442 1443 
1358 1357 1326 1327 1475 1474 1443 1444 
1359 1358 1327 1328 1476 1475 1444 1445 
630 1359 1328 619 760 1476 1445 749 
1360 649 643 1361 1477 779 773 1478 
1362 650 649 1360 1479 780 779 1477 
1363 1364 1362 1360 1480 1481 1479 1477 
1365 1363 1360 1361 1482 1480 1477 1478 
1329 1341 1364 1363 1446 1458 1481 1480 
1330 1329 1363 1365 1447 1446 1480 1482 
642 613 1330 1365 772 743 1447 1482 
643 642 1365 1361 773 772 1482 1478 
4 3 2 1 1483 1484 1485 1486 
1 10 9 4 1486 1487 1488 1483 
4 9 14 13 1483 1488 1489 1490 
3 4 13 17 1484 1483 1490 1491 
2 3 17 19 1485 1484 1491 1492 
10 1 22 21 1487 1486 1493 1494 
2 19 26 25 1485 1492 1495 1496 
1 2 25 29 1486 1485 1496 1497 
22 1 29 31 1493 1486 1497 1498 
10 21 34 33 1487 1494 1499 1500 
9 10 33 37 1488 1487 1500 1501 
14 9 37 39 1489 1488 1501 1502 
14 39 42 41 1489 1502 1503 1504 
13 14 41 45 1490 1489 1504 1505 
17 13 45 47 1491 1490 1505 1506 
19 17 47 49 1492 1491 1506 1507 
26 19 49 51 1495 1492 1507 1508 
22 31 54 53 1493 1498 1509 1510 
21 22 53 57 1494 1493 1510 1511 
34 21 57 59 1499 1494 1511 1512 
26 51 62 61 1495 1508 1513 1514 
25 26 61 65 1496 1495 1514 1515 
29 25 65 67 1497 1496 1515 1516 
31 29 67 69 1498 1497 1516 1517 
54 31 69 71 1509 1498 1517 1518 
34 59 74 73 1499 1512 1519 1520 
33 34 73 77 1500 1499 1520 1521 
37 33 77 79 1501 1500 1521 1522 
39 37 79 81 1502 1501 1522 1523 
42 39 81 83 1503 1502 1523 1524 
42 83 86 85 1503 1524 1525 1526 
41 42 85 89 1504 1503 1526 1527 
45 41 89 91 1505 1504 1527 1528 
47 45 91 93 1506 1505 1528 1529 
49 47 93 95 1507 1506 1529 1530 
51 49 95 97 1508 1507 1530 1531 
62 51 97 99 1513 1508 1531 1532 
54 71 102 101 1509 1518 1533 1534 
53 54 101 105 1510 1509 1534 1535 
57 53 105 107 1511 1510 1535 1536 
59 57 107 109 1512 1511 1536 1537 
74 59 109 111 1519 1512 1537 1538 
73 74 111 113 1520 1519 1538 1539 
77 73 113 115 1521 1520 1539 1540 
79 77 115 117 1522 1521 1540 1541 
81 79 117 119 1523 1522 1541 1542 
83 81 119 121 1524 1523 1542 1543 
86 83 121 123 1525 1524 1543 1544 
62 99 126 125 1513 1532 1545 1546 
61 62 125 129 1514 1513 1546 1547 
65 61 129 131 1515 1514 1547 1548 
67 65 131 133 1516 1515 1548 1549 
69 67 133 135 1517 1516 1549 1550 
71 69 135 137 1518 1517 1550 1551 
102 71 137 139 1533 1518 1551 1552 
86 123 142 141 1525 1544 1553 1554 
85 86 141 145 1526 1525 1554 1555 
89 85 145 147 1527 1526 1555 1556 
91 89 147 149 1528 1527 1556 1557 
93 91 149 151 1529 1528 1557 1558 
95 93 151 153 1530 1529 1558 1559 
97 95 153 155 1531 1530 1559 1560 
99 97 155 157 1532 1531 1560 1561 
126 99 157 159 1545 1532 1561 1562 
113 111 162 161 1539 1538 1563 1564 
126 159 166 165 1545 1562 1565 1566 
125 126 165 169 1546 1545 1566 1567 
129 125 169 171 1547 1546 1567 1568 
131 129 171 173 1548 1547 1568 1569 
133 131 173 175 1549 1548 1569 1570 
135 133 175 177 1550 1549 1570 1571 
137 135 177 179 1551 1550 1571 1572 
139 137 179 181 1552 1551 1572 1573 
113 161 184 183 1539 1564 1574 1575 
115 113 183 187 1540 1539 1575 1576 
117 115 187 189 1541 1540 1576 1577 
119 117 189 191 1542 1541 1577 1578 
121 119 191 193 1543 1542 1578 1579 
123 121 193 195 1544 1543 1579 1580 
142 123 195 197 1553 1544 1580 1581 
139 181 200 199 1552 1573 1582 1583 
102 139 199 203 1533 1552 1583 1584 
101 102 203 205 1534 1533 1584 1585 
105 101 205 207 1535 1534 1585 1586 
107 105 207 209 1536 1535 1586 1587 
109 107 209 211 1537 1536 1587 1588 
111 109 211 213 1538 1537 1588 1589 
162 111 213 215 1563 1538 1589 1590 
142 197 218 217 1553 1581 1591 1592 
141 142 217 221 1554 1553 1592 1593 
145 141 221 223 1555 1554 1593 1594 
147 145 223 225 1556 1555 1594 1595 
149 147 225 227 1557 1556 1595 1596 
151 149 227 229 1558 1557 1596 1597 
153 151 229 231 1559 1558 1597 1598 
155 153 231 233 1560 1559 1598 1599 
157 155 233 235 1561 1560 1599 1600 
159 157 235 237 1562 1561 1600 1601 
166 159 237 239 1565 1562 1601 1602 
1603 1604 1605 1606 1607 1608 1609 1610 
1611 1612 1604 1603 1613 1614 1608 1607 
1615 1616 1611 1603 1617 1618 1613 1607 
1619 1615 1603 1606 1620 1617 1607 1610 
162 215 1616 1615 1563 1590 1618 1617 
161 162 1615 1619 1564 1563 1617 1620 
1621 184 161 1619 1622 1574 1564 1620 
1605 1621 1619 1606 1609 1622 1620 1610 
1483 1484 1485 1486 1623 1624 1625 1626 
1486 1487 1488 1483 1626 1627 1628 1623 
1483 1488 1489 1490 1623 1628 1629 1630 
1484 1483 1490 1491 1624 1623 1630 1631 
1485 1484 1491 1492 1625 1624 1631 1632 
1487 1486 1493 1494 1627 1626 1633 1634 
1485 1492 1495 1496 1625 1632 1635 1636 
1486 1485 1496 1497 1626 1625 1636 1637 
1493 1486 1497 1498 1633 1626 1637 1638 
1487 1494 1499 1500 1627 1634 1639 1640 
1488 1487 1500 1501 1628 1627 1640 1641 
1489 1488 1501 1502 1629 1628 1641 1642 
1489 1502 1503 1504 1629 1642 1643 1644 
1490 1489 1504 1505 1630 1629 1644 1645 
1491 1490 1505 1506 1631 1630 1645 1646 
1492 1491 1506 1507 1632 1631 1646 1647 
1495 1492 1507 1508 1635 1632 1647 1648 
1493 1498 1509 1510 1633 1638 1649 1650 
1494 1493 1510 1511 1634 1633 1650 1651 
1499 1494 1511 1512 1639 1634 1651 1652 
1495 1508 1513 1514 1635 1648 1653 1654 
1496 1495 1514 1515 1636 1635 1654 1655 
1497 1496 1515 1516 1637 1636 1655 1656 
1498 1497 1516 1517 1638 1637 1656 1657 
1509 1498 1517 1518 1649 1638 1657 1658 
1499 1512 1519 1520 1639 1652 1659 1660 
1500 1499 1520 1521 1640 1639 1660 1661 
1501 1500 1521 1522 1641 1640 1661 1662 
1502 1501 1522 1523 1642 1641 1662 1663 
1503 1502 1523 1524 1643 1642 1663 1664 
1503 1524 1525 1526 1643 1664 1665 1666 
1504 1503 1526 1527 1644 1643 1666 1667 
1505 1504 1527 1528 1645 1644 1667 1668 
1506 1505 1528 1529 1646 1645 1668 1669 
1507 1506 1529 1530 1647 1646 1669 1670 
1508 1507 1530 1531 1648 1647 1670 1671 
1513 1508 1531 1532 1653 1648 1671 1672 
1509 1518 1533 1534 1649 1658 1673 1674 
1510 1509 1534 1535 1650 1649 1674 1675 
1511 1510 1535 1536 1651 1650 1675 1676 
1512 1511 1536 1537 1652 1651 1676 1677 
1519 1512 1537 1538 1659 1652 1677 1678 
1520 1519 1538 1539 1660 1659 1678 1679 
1521 1520 1539 1540 1661 1660 1679 1680 
1522 1521 1540 1541 1662 1661 1680 1681 
1523 1522 1541 1542 1663 1662 1681 1682 
1524 1523 1542 1543 1664 1663 1682 1683 
1525 1524 1543 1544 1665 1664 1683 1684 
1513 1532 1545 1546 1653 1672 1685 1686 
1514 1513 1546 1547 1654 1653 1686 1687 
1515 1514 1547 1548 1655 1654 1687 1688 
1516 1515 1548 1549 1656 1655 1688 1689 
1517 1516 1549 1550 1657 1656 1689 1690 
1518 1517 1550 1551 1658 1657 1690 1691 
1533 1518 1551 1552 1673 1658 1691 1692 
1525 1544 1553 1554 1665 1684 1693 1694 
1526 1525 1554 1555 1666 1665 1694 1695 
1527 1526 1555 1556 1667 1666 1695 1696 
1528 1527 1556 1557 1668 1667 1696 1697 
1529 1528 1557 1558 1669 1668 1697 1698 
1530 1529 1558 1559 1670 1669 1698 1699 
1531 1530 1559 1560 1671 1670 1699 1700 
1532 1531 1560 1561 1672 1671 1700 1701 
1545 1532 1561 1562 1685 1672 1701 1702 
1539 1538 1563 1564 1679 1678 1703 1704 
1545 1562 1565 1566 1685 1702 1705 1706 
1546 1545 1566 1567 1686 1685 1706 1707 
1547 1546 1567 1568 1687 1686 1707 1708 
1548 1547 1568 1569 1688 1687 1708 1709 
1549 1548 1569 1570 1689 1688 1709 1710 
1550 1549 1570 1571 1690 1689 1710 1711 
1551 1550 1571 1572 1691 1690 1711 1712 
1552 1551 1572 1573 1692 1691 1712 1713 
1539 1564 1574 1575 1679 1704 1714 1715 
1540 1539 1575 1576 1680 1679 1715 1716 
1541 1540 1576 1577 1681 1680 1716 1717 
1542 1541 1577 1578 1682 1681 1717 1718 
1543 1542 1578 1579 1683 1682 1718 1719 
1544 1543 1579 1580 1684 1683 1719 1720 
1553 1544 1580 1581 1693 1684 1720 1721 
1552 1573 1582 1583 1692 1713 1722 1723 
1533 1552 1583 1584 1673 1692 1723 1724 
1534 1533 1584 1585 1674 1673 1724 1725 
1535 1534 1585 1586 1675 1674 1725 1726 
1536 1535 1586 1587 1676 1675 1726 1727 
1537 1536 1587 1588 1677 1676 1727 1728 
1538 1537 1588 1589 1678 1677 1728 1729 
1563 1538 1589 1590 1703 1678 1729 1730 
1553 1581 1591 1592 1693 1721 1731 1732 
1554 1553 1592 1593 1694 1693 1732 1733 
1555 1554 1593 1594 1695 1694 1733 1734 
1556 1555 1594 1595 1696 1695 1734 1735 
1557 1556 1595 1596 1697 1696 1735 1736 
1558 1557 1596 1597 1698 1697 1736 1737 
1559 1558 1597 1598 1699 1698 1737 1738 
1560 1559 1598 1599 1700 1699 1738 1739 
1561 1560 1599 1600 1701 1700 1739 1740 
1562 1561 1600 1601 1702 1701 1740 1741 
1565 1562 1601 1602 1705 1702 1741 1742 
1607 1608 1609 1610 1743 1744 1745 1746 
1613 1614 1608 1607 1747 1748 1744 1743 
1617 1618 1613 1607 1749 1750 1747 1743 
1620 1617 1607 1610 1751 1749 1743 1746 
1563 1590 1618 1617 1703 1730 1750 1749 
1564 1563 1617 1620 1704 1703 1749 1751 
1622 1574 1564 1620 1752 1714 1704 1751 
1609 1622 1620 1610 1745 1752 1751 1746 
1623 1624 1625 1626 1753 1754 1755 1756 
1626 1627 1628 1623 1756 1757 1758 1753 
1623 1628 1629 1630 1753 1758 1759 1760 
1624 1623 1630 1631 1754 1753 1760 1761 
1625 1624 1631 1632 1755 1754 1761 1762 
1627 1626 1633 1634 1757 1756 1763 1764 
1625 1632 1635 1636 1755 1762 1765 1766 
1626 1625 1636 1637 1756 1755 1766 1767 
1633 1626 1637 1638 1763 1756 1767 1768 
1627 1634 1639 1640 1757 1764 1769 1770 
1628 1627 1640 1641 1758 1757 1770 1771 
1629 1628 1641 1642 1759 1758 1771 1772 
1629 1642 1643 1644 1759 1772 1773 1774 
1630 1629 1644 1645 1760 1759 1774 1775 
1631 1630 1645 1646 1761 1760 1775 1776 
1632 1631 1646 1647 1762 1761 1776 1777 
1635 1632 1647 1648 1765 1762 1777 1778 
1633 1638 1649 1650 1763 1768 1779 1780 
1634 1633 1650 1651 1764 1763 1780 1781 
1639 1634 1651 1652 1769 1764 1781 1782 
1635 1648 1653 1654 1765 1778 1783 1784 
1636 1635 1654 1655 1766 1765 1784 1785 
1637 1636 1655 1656 1767 1766 1785 1786 
1638 1637 1656 1657 1768 1767 1786 1787 
1649 1638 1657 1658 1779 1768 1787 1788 
1639 1652 1659 1660 1769 1782 1789 1790 
1640 1639 1660 1661 1770 1769 1790 1791 
1641 1640 1661 1662 1771 1770 1791 1792 
1642 1641 1662 1663 1772 1771 1792 1793 
1643 1642 1663 1664 1773 1772 1793 1794 
1643 1664 1665 1666 1773 1794 1795 1796 
1644 1643 1666 1667 1774 1773 1796 1797 
1645 1644 1667 1668 1775 1774 1797 1798 
1646 1645 1668 1669 1776 1775 1798 1799 
1647 1646 1669 1670 1777 1776 1799 1800 
1648 1647 1670 1671 1778 1777 1800 1801 
1653 1648 1671 1672 1783 1778 1801 1802 
1649 1658 1673 1674 1779 1788 1803 1804 
1650 1649 1674 1675 1780 1779 1804 1805 
1651 1650 1675 1676 1781 1780 1805 1806 
1652 1651 1676 1677 1782 1781 1806 1807 
1659 1652 1677 1678 1789 1782 1807 1808 
1660 1659 1678 1679 1790 1789 1808 1809 
1661 1660 1679 1680 1791 1790 1809 1810 
1662 1661 1680 1681 1792 1791 1810 1811 
1663 1662 1681 1682 1793 1792 1811 1812 
1664 1663 1682 1683 1794 1793 1812 1813 
1665 1664 1683 1684 1795 1794 1813 1814 
1653 1672 1685 1686 1783 1802 1815 1816 
1654 1653 1686 1687 1784 1783 1816 1817 
1655 1654 1687 1688 1785 1784 1817 1818 
1656 1655 1688 1689 1786 1785 1818 1819 
1657 1656 1689 1690 1787 1786 1819 1820 
1658 1657 1690 1691 1788 1787 1820 1821 
1673 1658 1691 1692 1803 1788 1821 1822 
1665 1684 1693 1694 1795 1814 1823 1824 
1666 1665 1694 1695 1796 1795 1824 1825 
1667 1666 1695 1696 1797 1796 1825 1826 
1668 1667 1696 1697 1798 1797 1826 1827 
1669 1668 1697 1698 1799 1798 1827 1828 
1670 1669 1698 1699 1800 1799 1828 1829 
1671 1670 1699 1700 1801 1800 1829 1830 
1672 1671 1700 1701 1802 1801 1830 1831 
1685 1672 1701 1702 1815 1802 1831 1832 
1679 1678 1703 1704 1809 1808 1833 1834 
1685 1702 1705 1706 1815 1832 1835 1836 
1686 1685 1706 1707 1816 1815 1836 1837 
1687 1686 1707 1708 1817 1816 1837 1838 
1688 1687 1708 1709 1818 1817 1838 1839 
1689 1688 1709 1710 1819 1818 1839 1840 
1690 1689 1710 1711 1820 1819 1840 1841 
1691 1690 1711 1712 1821 1820 1841 1842 
1692 1691 1712 1713 1822 1821 1842 1843 
1679 1704 1714 1715 1809 1834 1844 1845 
1680 1679 1715 1716 1810 1809 1845 1846 
1681 1680 1716 1717 1811 1810 1846 1847 
1682 1681 1717 1718 1812 1811 1847 1848 
1683 1682 1718 1719 1813 1812 1848 1849 
1684 1683 1719 1720 1814 1813 1849 1850 
1693 1684 1720 1721 1823 1814 1850 1851 
1692 1713 1722 1723 1822 1843 1852 1853 
1673 1692 1723 1724 1803 1822 1853 1854 
1674 1673 1724 1725 1804 1803 1854 1855 
1675 1674 1725 1726 1805 1804 1855 1856 
1676 1675 1726 1727 1806 1805 1856 1857 
1677 1676 1727 1728 1807 1806 1857 1858 
1678 1677 1728 1729 1808 1807 1858 1859 
1703 1678 1729 1730 1833 1808 1859 1860 
1693 1721 1731 1732 1823 1851 1861 1862 
1694 1693 1732 1733 1824 1823 1862 1863 
1695 1694 1733 1734 1825 1824 1863 1864 
1696 1695 1734 1735 1826 1825 1864 1865 
1697 1696 1735 1736 1827 1826 1865 1866 
1698 1697 1736 1737 1828 1827 1866 1867 
1699 1698 1737 1738 1829 1828 1867 1868 
1700 1699 1738 1739 1830 1829 1868 1869 
1701 1700 1739 1740 1831 1830 1869 1870 
1702 1701 1740 1741 1832 1831 1870 1871 
1705 1702 1741 1742 1835 1832 1871 1872 
1743 1744 1745 1746 1873 1874 1875 1876 
1747 1748 1744 1743 1877 1878 1874 1873 
1749 1750 1747 1743 1879 1880 1877 1873 
1751 1749 1743 1746 1881 1879 1873 1876 
1703 1730 1750 1749 1833 1860 1880 1879 
1704 1703 1749 1751 1834 1833 1879 1881 
1752 1714 1704 1751 1882 1844 1834 1881 
1745 1752 1751 1746 1875 1882 1881 1876 
1753 1754 1755 1756 1883 1884 1885 1886 
1756 1757 1758 1753 1886 1887 1888 1883 
1753 1758 1759 1760 1883 1888 1889 1890 
1754 1753 1760 1761 1884 1883 1890 1891 
1755 1754 1761 1762 1885 1884 1891 1892 
1757 1756 1763 1764 1887 1886 1893 1894 
1755 1762 1765 1766 1885 1892 1895 1896 
1756 1755 1766 1767 1886 1885 1896 1897 
1763 1756 1767 1768 1893 1886 1897 1898 
1757 1764 1769 1770 1887 1894 1899 1900 
1758 1757 1770 1771 1888 1887 1900 1901 
1759 1758 1771 1772 1889 1888 1901 1902 
1759 1772 1773 1774 1889 1902 1903 1904 
1760 1759 1774 1775 1890 1889 1904 1905 
1761 1760 1775 1776 1891 1890 1905 1906 
1762 1761 1776 1777 1892 1891 1906 1907 
1765 1762 1777 1778 1895 1892 1907 1908 
1763 1768 1779 1780 1893 1898 1909 1910 
1764 1763 1780 1781 1894 1893 1910 1911 
1769 1764 1781 1782 1899 1894 1911 1912 
1765 1778 1783 1784 1895 1908 1913 1914 
1766 1765 1784 1785 1896 1895 1914 1915 
1767 1766 1785 1786 1897 1896 1915 1916 
1768 1767 1786 1787 1898 1897 1916 1917 
1779 1768 1787 1788 1909 1898 1917 1918 
1769 1782 1789 1790 1899 1912 1919 1920 
1770 1769 1790 1791 1900 1899 1920 1921 
1771 1770 1791 1792 1901 1900 1921 1922 
1772 1771 1792 1793 1902 1901 1922 1923 
1773 1772 1793 1794 1903 1902 1923 1924 
1773 1794 1795 1796 1903 1924 1925 1926 
1774 1773 1796 1797 1904 1903 1926 1927 
1775 1774 1797 1798 1905 1904 1927 1928 
1776 1775 1798 1799 1906 1905 1928 1929 
1777 1776 1799 1800 1907 1906 1929 1930 
1778 1777 1800 1801 1908 1907 1930 1931 
1783 1778 1801 1802 1913 1908 1931 1932 
1779 1788 1803 1804 1909 1918 1933 1934 
1780 1779 1804 1805 1910 1909 1934 1935 
1781 1780 1805 1806 1911 1910 1935 1936 
1782 1781 1806 1807 1912 1911 1936 1937 
1789 1782 1807 1808 1919 1912 1937 1938 
1790 1789 1808 1809 1920 1919 1938 1939 
1791 1790 1809 1810 1921 1920 1939 1940 
1792 1791 1810 1811 1922 1921 1940 1941 
1793 1792 1811 1812 1923 1922 1941 1942 
1794 1793 1812 1813 1924 1923 1942 1943 
1795 1794 1813 1814 1925 1924 1943 1944 
1783 1802 1815 1816 1913 1932 1945 1946 
1784 1783 1816 1817 1914 1913 1946 1947 
1785 1784 1817 1818 1915 1914 1947 1948 
1786 1785 1818 1819 1916 1915 1948 1949 
1787 1786 1819 1820 1917 1916 1949 1950 
1788 1787 1820 1821 1918 1917 1950 1951 
1803 1788 1821 1822 1933 1918 1951 1952 
1795 1814 1823 1824 1925 1944 1953 1954 
1796 1795 1824 1825 1926 1925 1954 1955 
1797 1796 1825 1826 1927 1926 1955 1956 
1798 1797 1826 1827 1928 1927 1956 1957 
1799 1798 1827 1828 1929 1928 1957 1958 
1800 1799 1828 1829 1930 1929 1958 1959 
1801 1800 1829 1830 1931 1930 1959 1960 
1802 1801 1830 1831 1932 1931 1960 1961 
1815 1802 1831 1832 1945 1932 1961 1962 
1809 1808 1833 1834 1939 1938 1963 1964 
1815 1832 1835 1836 1945 1962 1965 1966 
1816 1815 1836 1837 1946 1945 1966 1967 
1817 1816 1837 1838 1947 1946 1967 1968 
1818 1817 1838 1839 1948 1947 1968 1969 
1819 1818 1839 1840 1949 1948 1969 1970 
1820 1819 1840 1841 1950 1949 1970 1971 
1821 1820 1841 1842 1951 1950 1971 1972 
1822 1821 1842 1843 1952 1951 1972 1973 
1809 1834 1844 1845 1939 1964 1974 1975 
1810 1809 1845 1846 1940 1939 1975 1976 
1811 1810 1846 1847 1941 1940 1976 1977 
1812 1811 1847 1848 1942 1941 1977 1978 
1813 1812 1848 1849 1943 1942 1978 1979 
1814 1813 1849 1850 1944 1943 1979 1980 
1823 1814 1850 1851 1953 1944 1980 1981 
1822 1843 1852 1853 1952 1973 1982 1983 
1803 1822 1853 1854 1933 1952 1983 1984 
1804 1803 1854 1855 1934 1933 1984 1985 
1805 1804 1855 1856 1935 1934 1985 1986 
1806 1805 1856 1857 1936 1935 1986 1987 
1807 1806 1857 1858 1937 1936 1987 1988 
1808 1807 1858 1859 1938 1937 1988 1989 
1833 1808 1859 1860 1963 1938 1989 1990 
1823 1851 1861 1862 1953 1981 1991 1992 
1824 1823 1862 1863 1954 1953 1992 1993 
1825 1824 1863 1864 1955 1954 1993 1994 
1826 1825 1864 1865 1956 1955 1994 1995 
1827 1826 1865 1866 1957 1956 1995 1996 
1828 1827 1866 1867 1958 1957 1996 1997 
1829 1828 1867 1868 1959 1958 1997 1998 
1830 1829 1868 1869 1960 1959 1998 1999 
1831 1830 1869 1870 1961 1960 1999 2000 
1832 1831 1870 1871 1962 1961 2000 2001 
1835 1832 1871 1872 1965 1962 2001 2002 
1873 1874 1875 1876 2003 2004 2005 2006 
1877 1878 1874 1873 2007 2008 2004 2003 
1879 1880 1877 1873 2009 2010 2007 2003 
1881 1879 1873 1876 2011 2009 2003 2006 
1833 1860 1880 1879 1963 1990 2010 2009 
1834 1833 1879 1881 1964 1963 2009 2011 
1882 1844 1834 1881 2012 1974 1964 2011 
1875 1882 1881 1876 2005 2012 2011 2006 
1883 1884 1885 1886 2013 2014 2015 2016 
1886 1887 1888 1883 2016 2017 2018 2013 
1883 1888 1889 1890 2013 2018 2019 2020 
1884 1883 1890 1891 2014 2013 2020 2021 
1885 1884 1891 1892 2015 2014 2021 2022 
1887 1886 1893 1894 2017 2016 2023 2024 
1885 1892 1895 1896 2015 2022 2025 2026 
1886 1885 1896 1897 2016 2015 2026 2027 
1893 1886 1897 1898 2023 2016 2027 2028 
1887 1894 1899 1900 2017 2024 2029 2030 
1888 1887 1900 1901 2018 2017 2030 2031 
1889 1888 1901 1902 2019 2018 2031 2032 
1889 1902 1903 1904 2019 2032 2033 2034 
1890 1889 1904 1905 2020 2019 2034 2035 
1891 1890 1905 1906 2021 2020 2035 2036 
1892 1891 1906 1907 2022 2021 2036 2037 
1895 1892 1907 1908 2025 2022 2037 2038 
1893 1898 1909 1910 2023 2028 2039 2040 
1894 1893 1910 1911 2024 2023 2040 2041 
1899 1894 1911 1912 2029 2024 2041 2042 
1895 1908 1913 1914 2025 2038 2043 2044 
1896 1895 1914 1915 2026 2025 2044 2045 
1897 1896 1915 1916 2027 2026 2045 2046 
1898 1897 1916 1917 2028 2027 2046 2047 
1909 1898 1917 1918 2039 2028 2047 2048 
1899 1912 1919 1920 2029 2042 2049 2050 
1900 1899 1920 1921 2030 2029 2050 2051 
1901 1900 1921 1922 2031 2030 2051 2052 
1902 1901 1922 1923 2032 2031 2052 2053 
1903 1902 1923 1924 2033 2032 2053 2054 
1903 1924 1925 1926 2033 2054 2055 2056 
1904 1903 1926 1927 2034 2033 2056 2057 
1905 1904 1927 1928 2035 2034 2057 2058 
1906 1905 1928 1929 2036 2035 2058 2059 
1907 1906 1929 1930 2037 2036 2059 2060 
1908 1907 1930 1931 2038 2037 2060 2061 
1913 1908 1931 1932 2043 2038 2061 2062 
1909 1918 1933 1934 2039 2048 2063 2064 
1910 1909 1934 1935 2040 2039 2064 2065 
1911 1910 1935 1936 2041 2040 2065 2066 
1912 1911 1936 1937 2042 2041 2066 2067 
1919 1912 1937 1938 2049 2042 2067 2068 
1920 1919 1938 1939 2050 2049 2068 2069 
1921 1920 1939 1940 2051 2050 2069 2070 
1922 1921 1940 1941 2052 2051 2070 2071 
1923 1922 1941 1942 2053 2052 2071 2072 
1924 1923 1942 1943 2054 2053 2072 2073 
1925 1924 1943 1944 2055 2054 2073 2074 
1913 1932 1945 1946 2043 2062 2075 2076 
1914 1913 1946 1947 2044 2043 2076 2077 
1915 1914 1947 1948 2045 2044 2077 2078 
1916 1915 1948 1949 2046 2045 2078 2079 
1917 1916 1949 1950 2047 2046 2079 2080 
1918 1917 1950 1951 2048 2047 2080 2081 
1933 1918 1951 1952 2063 2048 2081 2082 
1925 1944 1953 1954 2055 2074 2083 2084 
1926 1925 1954 1955 2056 2055 2084 2085 
1927 1926 1955 1956 2057 2056 2085 2086 
1928 1927 1956 1957 2058 2057 2086 2087 
1929 1928 1957 1958 2059 2058 2087 2088 
1930 1929 1958 1959 2060 2059 2088 2089 
1931 1930 1959 1960 2061 2060 2089 2090 
1932 1931 1960 1961 2062 2061 2090 2091 
1945 1932 1961 1962 2075 2062 2091 2092 
1939 1938 1963 1964 2069 2068 2093 2094 
1945 1962 1965 1966 2075 2092 2095 2096 
1946 1945 1966 1967 2076 2075 2096 2097 
1947 1946 1967 1968 2077 2076 2097 2098 
1948 1947 1968 1969 2078 2077 2098 2099 
1949 1948 1969 1970 2079 2078 2099 2100 
1950 1949 1970 1971 2080 2079 2100 2101 
1951 1950 1971 1972 2081 2080 2101 2102 
1952 1951 1972 1973 2082 2081 2102 2103 
1939 1964 1974 1975 2069 2094 2104 2105 
1940 1939 1975 1976 2070 2069 2105 2106 
1941 1940 1976 1977 2071 2070 2106 2107 
1942 1941 1977 1978 2072 2071 2107 2108 
1943 1942 1978 1979 2073 2072 2108 2109 
1944 1943 1979 1980 2074 2073 2109 2110 
1953 1944 1980 1981 2083 2074 2110 2111 
1952 1973 1982 1983 2082 2103 2112 2113 
1933 1952 1983 1984 2063 2082 2113 2114 
1934 1933 1984 1985 2064 2063 2114 2115 
1935 1934 1985 1986 2065 2064 2115 2116 
1936 1935 1986 1987 2066 2065 2116 2117 
1937 1936 1987 1988 2067 2066 2117 2118 
1938 1937 1988 1989 2068 2067 2118 2119 
1963 1938 1989 1990 2093 2068 2119 2120 
1953 1981 1991 1992 2083 2111 2121 2122 
1954 1953 1992 1993 2084 2083 2122 2123 
1955 1954 1993 1994 2085 2084 2123 2124 
1956 1955 1994 1995 2086 2085 2124 2125 
1957 1956 1995 1996 2087 2086 2125 2126 
1958 1957 1996 1997 2088 2087 2126 2127 
1959 1958 1997 1998 2089 2088 2127 2128 
1960 1959 1998 1999 2090 2089 2128 2129 
1961 1960 1999 2000 2091 2090 2129 2130 
1962 1961 2000 2001 2092 2091 2130 2131 
1965 1962 2001 2002 2095 2092 2131 2132 
2003 2004 2005 2006 2133 2134 2135 2136 
2007 2008 2004 2003 2137 2138 2134 2133 
2009 2010 2007 2003 2139 2140 2137 2133 
2011 2009 2003 2006 2141 2139 2133 2136 
1963 1990 2010 2009 2093 2120 2140 2139 
1964 1963 2009 2011 2094 2093 2139 2141 
2012 1974 1964 2011 2142 2104 2094 2141 
2005 2012 2011 2006 2135 2142 2141 2136 
784 783 782 781 2143 2144 2145 2146 
781 790 789 784 2146 2147 2148 2143 
784 789 794 793 2143 2148 2149 2150 
783 784 793 797 2144 2143 2150 2151 
782 783 797 799 2145 2144 2151 2152 
782 799 802 801 2145 2152 2153 2154 
789 790 806 805 2148 2147 2155 2156 
794 789 805 809 2149 2148 2156 2157 
782 801 812 811 2145 2154 2158 2159 
781 782 811 815 2146 2145 2159 2160 
790 781 815 817 2147 2146 2160 2161 
806 790 817 819 2155 2147 2161 2162 
794 809 822 821 2149 2157 2163 2164 
793 794 821 825 2150 2149 2164 2165 
797 793 825 827 2151 2150 2165 2166 
799 797 827 829 2152 2151 2166 2167 
802 799 829 831 2153 2152 2167 2168 
802 831 834 833 2153 2168 2169 2170 
801 802 833 837 2154 2153 2170 2171 
812 801 837 839 2158 2154 2171 2172 
806 819 842 841 2155 2162 2173 2174 
805 806 841 845 2156 2155 2174 2175 
809 805 845 847 2157 2156 2175 2176 
822 809 847 849 2163 2157 2176 2177 
812 839 852 851 2158 2172 2178 2179 
811 812 851 855 2159 2158 2179 2180 
815 811 855 857 2160 2159 2180 2181 
817 815 857 859 2161 2160 2181 2182 
819 817 859 861 2162 2161 2182 2183 
842 819 861 863 2173 2162 2183 2184 
822 849 866 865 2163 2177 2185 2186 
821 822 865 869 2164 2163 2186 2187 
825 821 869 871 2165 2164 2187 2188 
827 825 871 873 2166 2165 2188 2189 
829 827 873 875 2167 2166 2189 2190 
831 829 875 877 2168 2167 2190 2191 
834 831 877 879 2169 2168 2191 2192 
834 879 882 881 2169 2192 2193 2194 
833 834 881 885 2170 2169 2194 2195 
837 833 885 887 2171 2170 2195 2196 
839 837 887 889 2172 2171 2196 2197 
852 839 889 891 2178 2172 2197 2198 
851 852 891 893 2179 2178 2198 2199 
855 851 893 895 2180 2179 2199 2200 
857 855 895 897 2181 2180 2200 2201 
859 857 897 899 2182 2181 2201 2202 
861 859 899 901 2183 2182 2202 2203 
863 861 901 903 2184 2183 2203 2204 
863 903 906 905 2184 2204 2205 2206 
842 863 905 909 2173 2184 2206 2207 
841 842 909 911 2174 2173 2207 2208 
845 841 911 913 2175 2174 2208 2209 
847 845 913 915 2176 2175 2209 2210 
849 847 915 917 2177 2176 2210 2211 
866 849 917 919 2185 2177 2211 2212 
866 919 922 921 2185 2212 2213 2214 
865 866 921 925 2186 2185 2214 2215 
869 865 925 927 2187 2186 2215 2216 
871 869 927 929 2188 2187 2216 2217 
873 871 929 931 2189 2188 2217 2218 
875 873 931 933 2190 2189 2218 2219 
877 875 933 935 2191 2190 2219 2220 
879 877 935 937 2192 2191 2220 2221 
882 879 937 939 2193 2192 2221 2222 
893 891 942 941 2199 2198 2223 2224 
905 906 946 945 2206 2205 2225 2226 
909 905 945 949 2207 2206 2226 2227 
911 909 949 951 2208 2207 2227 2228 
913 911 951 953 2209 2208 2228 2229 
915 913 953 955 2210 2209 2229 2230 
917 915 955 957 2211 2210 2230 2231 
919 917 957 959 2212 2211 2231 2232 
922 919 959 961 2213 2212 2232 2233 
882 939 197 195 2193 2222 1581 1580 
881 882 195 193 2194 2193 1580 1579 
885 881 193 191 2195 2194 1579 1578 
887 885 191 189 2196 2195 1578 1577 
889 887 189 187 2197 2196 1577 1576 
891 889 187 183 2198 2197 1576 1575 
942 891 183 184 2223 2198 1575 1574 
893 941 964 963 2199 2224 2234 2235 
895 893 963 967 2200 2199 2235 2236 
897 895 967 969 2201 2200 2236 2237 
899 897 969 971 2202 2201 2237 2238 
901 899 971 973 2203 2202 2238 2239 
903 901 973 975 2204 2203 2239 2240 
906 903 975 977 2205 2204 2240 2241 
946 906 977 979 2225 2205 2241 2242 
922 961 982 981 2213 2233 2243 2244 
921 922 981 985 2214 2213 2244 2245 
925 921 985 987 2215 2214 2245 2246 
927 925 987 989 2216 2215 2246 2247 
929 927 989 991 2217 2216 2247 2248 
931 929 991 993 2218 2217 2248 2249 
933 931 993 995 2219 2218 2249 2250 
935 933 995 997 2220 2219 2250 2251 
937 935 997 999 2221 2220 2251 2252 
939 937 999 1001 2222 2221 2252 2253 
197 939 1001 218 1581 2222 2253 1591 
2254 1621 1605 2255 2256 1622 1609 2257 
942 184 1621 2254 2223 1574 1622 2256 
2258 941 942 2254 2259 2224 2223 2256 
2260 2258 2254 2255 2261 2259 2256 2257 
2262 964 941 2258 2263 2234 2224 2259 
2264 2262 2258 2260 2265 2263 2259 2261 
1604 1612 2264 2260 1608 1614 2265 2261 
1605 1604 2260 2255 1609 1608 2261 2257 
2143 2144 2145 2146 2266 2267 2268 2269 
2146 2147 2148 2143 2269 2270 2271 2266 
2143 2148 2149 2150 2266 2271 2272 2273 
2144 2143 2150 2151 2267 2266 2273 2274 
2145 2144 2151 2152 2268 2267 2274 2275 
2145 2152 2153 2154 2268 2275 2276 2277 
2148 2147 2155 2156 2271 2270 2278 2279 
2149 2148 2156 2157 2272 2271 2279 2280 
2145 2154 2158 2159 2268 2277 2281 2282 
2146 2145 2159 2160 2269 2268 2282 2283 
2147 2146 2160 2161 2270 2269 2283 2284 
2155 2147 2161 2162 2278 2270 2284 2285 
2149 2157 2163 2164 2272 2280 2286 2287 
2150 2149 2164 2165 2273 2272 2287 2288 
2151 2150 2165 2166 2274 2273 2288 2289 
2152 2151 2166 2167 2275 2274 2289 2290 
2153 2152 2167 2168 2276 2275 2290 2291 
2153 2168 2169 2170 2276 2291 2292 2293 
2154 2153 2170 2171 2277 2276 2293 2294 
2158 2154 2171 2172 2281 2277 2294 2295 
2155 2162 2173 2174 2278 2285 2296 2297 
2156 2155 2174 2175 2279 2278 2297 2298 
2157 2156 2175 2176 2280 2279 2298 2299 
2163 2157 2176 2177 2286 2280 2299 2300 
2158 2172 2178 2179 2281 2295 2301 2302 
2159 2158 2179 2180 2282 2281 2302 2303 
2160 2159 2180 2181 2283 2282 2303 2304 
2161 2160 2181 2182 2284 2283 2304 2305 
2162 2161 2182 2183 2285 2284 2305 2306 
2173 2162 2183 2184 2296 2285 2306 2307 
2163 2177 2185 2186 2286 2300 2308 2309 
2164 2163 2186 2187 2287 2286 2309 2310 
2165 2164 2187 2188 2288 2287 2310 2311 
2166 2165 2188 2189 2289 2288 2311 2312 
2167 2166 2189 2190 2290 2289 2312 2313 
2168 2167 2190 2191 2291 2290 2313 2314 
2169 2168 2191 2192 2292 2291 2314 2315 
2169 2192 2193 2194 2292 2315 2316 2317 
2170 2169 2194 2195 2293 2292 2317 2318 
2171 2170 2195 2196 2294 2293 2318 2319 
2172 2171 2196 2197 2295 2294 2319 2320 
2178 2172 2197 2198 2301 2295 2320 2321 
2179 2178 2198 2199 2302 2301 2321 2322 
2180 2179 2199 2200 2303 2302 2322 2323 
2181 2180 2200 2201 2304 2303 2323 2324 
2182 2181 2201 2202 2305 2304 2324 2325 
2183 2182 2202 2203 2306 2305 2325 2326 
2184 2183 2203 2204 2307 2306 2326 2327 
2184 2204 2205 2206 2307 2327 2328 2329 
2173 2184 2206 2207 2296 2307 2329 2330 
2174 2173 2207 2208 2297 2296 2330 2331 
2175 2174 2208 2209 2298 2297 2331 2332 
2176 2175 2209 2210 2299 2298 2332 2333 
2177 2176 2210 2211 2300 2299 2333 2334 
2185 2177 2211 2212 2308 2300 2334 2335 
2185 2212 2213 2214 2308 2335 2336 2337 
2186 2185 2214 2215 2309 2308 2337 2338 
2187 2186 2215 2216 2310 2309 2338 2339 
2188 2187 2216 2217 2311 2310 2339 2340 
2189 2188 2217 2218 2312 2311 2340 2341 
2190 2189 2218 2219 2313 2312 2341 2342 
2191 2190 2219 2220 2314 2313 2342 2343 
2192 2191 2220 2221 2315 2314 2343 2344 
2193 2192 2221 2222 2316 2315 2344 2345 
2199 2198 2223 2224 2322 2321 2346 2347 
2206 2205 2225 2226 2329 2328 2348 2349 
2207 2206 2226 2227 2330 2329 2349 2350 
2208 2207 2227 2228 2331 2330 2350 2351 
2209 2208 2228 2229 2332 2331 2351 2352 
2210 2209 2229 2230 2333 2332 2352 2353 
2211 2210 2230 2231 2334 2333 2353 2354 
2212 2211 2231 2232 2335 2334 2354 2355 
2213 2212 2232 2233 2336 2335 2355 2356 
2193 2222 1581 1580 2316 2345 1721 1720 
2194 2193 1580 1579 2317 2316 1720 1719 
2195 2194 1579 1578 2318 2317 1719 1718 
2196 2195 1578 1577 2319 2318 1718 1717 
2197 2196 1577 1576 2320 2319 1717 1716 
2198 2197 1576 1575 2321 2320 1716 1715 
2223 2198 1575 1574 2346 2321 1715 1714 
2199 2224 2234 2235 2322 2347 2357 2358 
2200 2199 2235 2236 2323 2322 2358 2359 
2201 2200 2236 2237 2324 2323 2359 2360 
2202 2201 2237 2238 2325 2324 2360 2361 
2203 2202 2238 2239 2326 2325 2361 2362 
2204 2203 2239 2240 2327 2326 2362 2363 
2205 2204 2240 2241 2328 2327 2363 2364 
2225 2205 2241 2242 2348 2328 2364 2365 
2213 2233 2243 2244 2336 2356 2366 2367 
2214 2213 2244 2245 2337 2336 2367 2368 
2215 2214 2245 2246 2338 2337 2368 2369 
2216 2215 2246 2247 2339 2338 2369 2370 
2217 2216 2247 2248 2340 2339 2370 2371 
2218 2217 2248 2249 2341 2340 2371 2372 
2219 2218 2249 2250 2342 2341 2372 2373 
2220 2219 2250 2251 2343 2342 2373 2374 
2221 2220 2251 2252 2344 2343 2374 2375 
2222 2221 2252 2253 2345 2344 2375 2376 
1581 2222 2253 1591 1721 2345 2376 1731 
2256 1622 1609 2257 2377 1752 1745 2378 
2223 1574 1622 2256 2346 1714 1752 2377 
2259 2224 2223 2256 2379 2347 2346 2377 
2261 2259 2256 2257 2380 2379 2377 2378 
2263 2234 2224 2259 2381 2357 2347 2379 
2265 2263 2259 2261 2382 2381 2379 2380 
1608 1614 2265 2261 1744 1748 2382 2380 
1609 1608 2261 2257 1745 1744 2380 2378 
2266 2267 2268 2269 2383 2384 2385 2386 
2269 2270 2271 2266 2386 2387 2388 2383 
2266 2271 2272 2273 2383 2388 2389 2390 
2267 2266 2273 2274 2384 2383 2390 2391 
2268 2267 2274 2275 2385 2384 2391 2392 
2268 2275 2276 2277 2385 2392 2393 2394 
2271 2270 2278 2279 2388 2387 2395 2396 
2272 2271 2279 2280 2389 2388 2396 2397 
2268 2277 2281 2282 2385 2394 2398 2399 
2269 2268 2282 2283 2386 2385 2399 2400 
2270 2269 2283 2284 2387 2386 2400 2401 
2278 2270 2284 2285 2395 2387 2401 2402 
2272 2280 2286 2287 2389 2397 2403 2404 
2273 2272 2287 2288 2390 2389 2404 2405 
2274 2273 2288 2289 2391 2390 2405 2406 
2275 2274 2289 2290 2392 2391 2406 2407 
2276 2275 2290 2291 2393 2392 2407 2408 
2276 2291 2292 2293 2393 2408 2409 2410 
2277 2276 2293 2294 2394 2393 2410 2411 
2281 2277 2294 2295 2398 2394 2411 2412 
2278 2285 2296 2297 2395 2402 2413 2414 
2279 2278 2297 2298 2396 2395 2414 2415 
2280 2279 2298 2299 2397 2396 2415 2416 
2286 2280 2299 2300 2403 2397 2416 2417 
2281 2295 2301 2302 2398 2412 2418 2419 
2282 2281 2302 2303 2399 2398 2419 2420 
2283 2282 2303 2304 2400 2399 2420 2421 
2284 2283 2304 2305 2401 2400 2421 2422 
2285 2284 2305 2306 2402 2401 2422 2423 
2296 2285 2306 2307 2413 2402 2423 2424 
2286 2300 2308 2309 2403 2417 2425 2426 
2287 2286 2309 2310 2404 2403 2426 2427 
2288 2287 2310 2311 2405 2404 2427 2428 
2289 2288 2311 2312 2406 2405 2428 2429 
2290 2289 2312 2313 2407 2406 2429 2430 
2291 2290 2313 2314 2408 2407 2430 2431 
2292 2291 2314 2315 2409 2408 2431 2432 
2292 2315 2316 2317 2409 2432 2433 2434 
2293 2292 2317 2318 2410 2409 2434 2435 
2294 2293 2318 2319 2411 2410 2435 2436 
2295 2294 2319 2320 2412 2411 2436 2437 
2301 2295 2320 2321 2418 2412 2437 2438 
2302 2301 2321 2322 2419 2418 2438 2439 
2303 2302 2322 2323 2420 2419 2439 2440 
2304 2303 2323 2324 2421 2420 2440 2441 
2305 2304 2324 2325 2422 2421 2441 2442 
2306 2305 2325 2326 2423 2422 2442 2443 
2307 2306 2326 2327 2424 2423 2443 2444 
2307 2327 2328 2329 2424 2444 2445 2446 
2296 2307 2329 2330 2413 2424 2446 2447 
2297 2296 2330 2331 2414 2413 2447 2448 
2298 2297 2331 2332 2415 2414 2448 2449 
2299 2298 2332 2333 2416 2415 2449 2450 
2300 2299 2333 2334 2417 2416 2450 2451 
2308 2300 2334 2335 2425 2417 2451 2452 
2308 2335 2336 2337 2425 2452 2453 2454 
2309 2308 2337 2338 2426 2425 2454 2455 
2310 2309 2338 2339 2427 2426 2455 2456 
2311 2310 2339 2340 2428 2427 2456 2457 
2312 2311 2340 2341 2429 2428 2457 2458 
2313 2312 2341 2342 2430 2429 2458 2459 
2314 2313 2342 2343 2431 2430 2459 2460 
2315 2314 2343 2344 2432 2431 2460 2461 
2316 2315 2344 2345 2433 2432 2461 2462 
2322 2321 2346 2347 2439 2438 2463 2464 
2329 2328 2348 2349 2446 2445 2465 2466 
2330 2329 2349 2350 2447 2446 2466 2467 
2331 2330 2350 2351 2448 2447 2467 2468 
2332 2331 2351 2352 2449 2448 2468 2469 
2333 2332 2352 2353 2450 2449 2469 2470 
2334 2333 2353 2354 2451 2450 2470 2471 
2335 2334 2354 2355 2452 2451 2471 2472 
2336 2335 2355 2356 2453 2452 2472 2473 
2316 2345 1721 1720 2433 2462 1851 1850 
2317 2316 1720 1719 2434 2433 1850 1849 
2318 2317 1719 1718 2435 2434 1849 1848 
2319 2318 1718 1717 2436 2435 1848 1847 
2320 2319 1717 1716 2437 2436 1847 1846 
2321 2320 1716 1715 2438 2437 1846 1845 
2346 2321 1715 1714 2463 2438 1845 1844 
2322 2347 2357 2358 2439 2464 2474 2475 
2323 2322 2358 2359 2440 2439 2475 2476 
2324 2323 2359 2360 2441 2440 2476 2477 
2325 2324 2360 2361 2442 2441 2477 2478 
2326 2325 2361 2362 2443 2442 2478 2479 
2327 2326 2362 2363 2444 2443 2479 2480 
2328 2327 2363 2364 2445 2444 2480 2481 
2348 2328 2364 2365 2465 2445 2481 2482 
2336 2356 2366 2367 2453 2473 2483 2484 
2337 2336 2367 2368 2454 2453 2484 2485 
2338 2337 2368 2369 2455 2454 2485 2486 
2339 2338 2369 2370 2456 2455 2486 2487 
2340 2339 2370 2371 2457 2456 2487 2488 
2341 2340 2371 2372 2458 2457 2488 2489 
2342 2341 2372 2373 2459 2458 2489 2490 
2343 2342 2373 2374 2460 2459 2490 2491 
2344 2343 2374 2375 2461 2460 2491 2492 
2345 2344 2375 2376 2462 2461 2492 2493 
1721 2345 2376 1731 1851 2462 2493 1861 
2377 1752 1745 2378 2494 1882 1875 2495 
2346 1714 1752 2377 2463 1844 1882 2494 
2379 2347 2346 2377 2496 2464 2463 2494 
2380 2379 2377 2378 2497 2496 2494 2495 
2381 2357 2347 2379 2498 2474 2464 2496 
2382 2381 2379 2380 2499 2498 2496 2497 
1744 1748 2382 2380 1874 1878 2499 2497 
1745 1744 2380 2378 1875 1874 2497 2495 
2383 2384 2385 2386 2500 2501 2502 2503 
2386 2387 2388 2383 2503 2504 2505 2500 
2383 2388 2389 2390 2500 2505 2506 2507 
2384 2383 2390 2391 2501 2500 2507 2508 
2385 2384 2391 2392 2502 2501 2508 2509 
2385 2392 2393 2394 2502 2509 2510 2511 
2388 2387 2395 2396 2505 2504 2512 2513 
2389 2388 2396 2397 2506 2505 2513 2514 
2385 2394 2398 2399 2502 2511 2515 2516 
2386 2385 2399 2400 2503 2502 2516 2517 
2387 2386 2400 2401 2504 2503 2517 2518 
2395 2387 2401 2402 2512 2504 2518 2519 
2389 2397 2403 2404 2506 2514 2520 2521 
2390 2389 2404 2405 2507 2506 2521 2522 
2391 2390 2405 2406 2508 2507 2522 2523 
2392 2391 2406 2407 2509 2508 2523 2524 
2393 2392 2407 2408 2510 2509 2524 2525 
2393 2408 2409 2410 2510 2525 2526 2527 
2394 2393 2410 2411 2511 2510 2527 2528 
2398 2394 2411 2412 2515 2511 2528 2529 
2395 2402 2413 2414 2512 2519 2530 2531 
2396 2395 2414 2415 2513 2512 2531 2532 
2397 2396 2415 2416 2514 2513 2532 2533 
2403 2397 2416 2417 2520 2514 2533 2534 
2398 2412 2418 2419 2515 2529 2535 2536 
2399 2398 2419 2420 2516 2515 2536 2537 
2400 2399 2420 2421 2517 2516 2537 2538 
2401 2400 2421 2422 2518 2517 2538 2539 
2402 2401 2422 2423 2519 2518 2539 2540 
2413 2402 2423 2424 2530 2519 2540 2541 
2403 2417 2425 2426 2520 2534 2542 2543 
2404 2403 2426 2427 2521 2520 2543 2544 
2405 2404 2427 2428 2522 2521 2544 2545 
2406 2405 2428 2429 2523 2522 2545 2546 
2407 2406 2429 2430 2524 2523 2546 2547 
2408 2407 2430 2431 2525 2524 2547 2548 
2409 2408 2431 2432 2526 2525 2548 2549 
2409 2432 2433 2434 2526 2549 2550 2551 
2410 2409 2434 2435 2527 2526 2551 2552 
2411 2410 2435 2436 2528 2527 2552 2553 
2412 2411 2436 2437 2529 2528 2553 2554 
2418 2412 2437 2438 2535 2529 2554 2555 
2419 2418 2438 2439 2536 2535 2555 2556 
2420 2419 2439 2440 2537 2536 2556 2557 
2421 2420 2440 2441 2538 2537 2557 2558 
2422 2421 2441 2442 2539 2538 2558 2559 
2423 2422 2442 2443 2540 2539 2559 2560 
2424 2423 2443 2444 2541 2540 2560 2561 
2424 2444 2445 2446 2541 2561 2562 2563 
2413 2424 2446 2447 2530 2541 2563 2564 
2414 2413 2447 2448 2531 2530 2564 2565 
2415 2414 2448 2449 2532 2531 2565 2566 
2416 2415 2449 2450 2533 2532 2566 2567 
2417 2416 2450 2451 2534 2533 2567 2568 
2425 2417 2451 2452 2542 2534 2568 2569 
2425 2452 2453 2454 2542 2569 2570 2571 
2426 2425 2454 2455 2543 2542 2571 2572 
2427 2426 2455 2456 2544 2543 2572 2573 
2428 2427 2456 2457 2545 2544 2573 2574 
2429 2428 2457 2458 2546 2545 2574 2575 
2430 2429 2458 2459 2547 2546 2575 2576 
2431 2430 2459 2460 2548 2547 2576 2577 
2432 2431 2460 2461 2549 2548 2577 2578 
2433 2432 2461 2462 2550 2549 2578 2579 
2439 2438 2463 2464 2556 2555 2580 2581 
2446 2445 2465 2466 2563 2562 2582 2583 
2447 2446 2466 2467 2564 2563 2583 2584 
2448 2447 2467 2468 2565 2564 2584 2585 
2449 2448 2468 2469 2566 2565 2585 2586 
2450 2449 2469 2470 2567 2566 2586 2587 
2451 2450 2470 2471 2568 2567 2587 2588 
2452 2451 2471 2472 2569 2568 2588 2589 
2453 2452 2472 2473 2570 2569 2589 2590 
2433 2462 1851 1850 2550 2579 1981 1980 
2434 2433 1850 1849 2551 2550 1980 1979 
2435 2434 1849 1848 2552 2551 1979 1978 
2436 2435 1848 1847 2553 2552 1978 1977 
2437 2436 1847 1846 2554 2553 1977 1976 
2438 2437 1846 1845 2555 2554 1976 1975 
2463 2438 1845 1844 2580 2555 1975 1974 
2439 2464 2474 2475 2556 2581 2591 2592 
2440 2439 2475 2476 2557 2556 2592 2593 
2441 2440 2476 2477 2558 2557 2593 2594 
2442 2441 2477 2478 2559 2558 2594 2595 
2443 2442 2478 2479 2560 2559 2595 2596 
2444 2443 2479 2480 2561 2560 2596 2597 
2445 2444 2480 2481 2562 2561 2597 2598 
2465 2445 2481 2482 2582 2562 2598 2599 
2453 2473 2483 2484 2570 2590 2600 2601 
2454 2453 2484 2485 2571 2570 2601 2602 
2455 2454 2485 2486 2572 2571 2602 2603 
2456 2455 2486 2487 2573 2572 2603 2604 
2457 2456 2487 2488 2574 2573 2604 2605 
2458 2457 2488 2489 2575 2574 2605 2606 
2459 2458 2489 2490 2576 2575 2606 2607 
2460 2459 2490 2491 2577 2576 2607 2608 
2461 2460 2491 2492 2578 2577 2608 2609 
2462 2461 2492 2493 2579 2578 2609 2610 
1851 2462 2493 1861 1981 2579 2610 1991 
2494 1882 1875 2495 2611 2012 2005 2612 
2463 1844 1882 2494 2580 1974 2012 2611 
2496 2464 2463 2494 2613 2581 2580 2611 
2497 2496 2494 2495 2614 2613 2611 2612 
2498 2474 2464 2496 2615 2591 2581 2613 
2499 2498 2496 2497 2616 2615 2613 2614 
1874 1878 2499 2497 2004 2008 2616 2614 
1875 1874 2497 2495 2005 2004 2614 2612 
2500 2501 2502 2503 2617 2618 2619 2620 
2503 2504 2505 2500 2620 2621 2622 2617 
2500 2505 2506 2507 2617 2622 2623 2624 
2501 2500 2507 2508 2618 2617 2624 2625 
2502 2501 2508 2509 2619 2618 2625 2626 
2502 2509 2510 2511 2619 2626 2627 2628 
2505 2504 2512 2513 2622 2621 2629 2630 
2506 2505 2513 2514 2623 2622 2630 2631 
2502 2511 2515 2516 2619 2628 2632 2633 
2503 2502 2516 2517 2620 2619 2633 2634 
2504 2503 2517 2518 2621 2620 2634 2635 
2512 2504 2518 2519 2629 2621 2635 2636 
2506 2514 2520 2521 2623 2631 2637 2638 
2507 2506 2521 2522 2624 2623 2638 2639 
2508 2507 2522 2523 2625 2624 2639 2640 
2509 2508 2523 2524 2626 2625 2640 2641 
2510 2509 2524 2525 2627 2626 2641 2642 
2510 2525 2526 2527 2627 2642 2643 2644 
2511 2510 2527 2528 2628 2627 2644 2645 
2515 2511 2528 2529 2632 2628 2645 2646 
2512 2519 2530 2531 2629 2636 2647 2648 
2513 2512 2531 2532 2630 2629 2648 2649 
2514 2513 2532 2533 2631 2630 2649 2650 
2520 2514 2533 2534 2637 2631 2650 2651 
2515 2529 2535 2536 2632 2646 2652 2653 
2516 2515 2536 2537 2633 2632 2653 2654 
2517 2516 2537 2538 2634 2633 2654 2655 
2518 2517 2538 2539 2635 2634 2655 2656 
2519 2518 2539 2540 2636 2635 2656 2657 
2530 2519 2540 2541 2647 2636 2657 2658 
2520 2534 2542 2543 2637 2651 2659 2660 
2521 2520 2543 2544 2638 2637 2660 2661 
2522 2521 2544 2545 2639 2638 2661 2662 
2523 2522 2545 2546 2640 2639 2662 2663 
2524 2523 2546 2547 2641 2640 2663 2664 
2525 2524 2547 2548 2642 2641 2664 2665 
2526 2525 2548 2549 2643 2642 2665 2666 
2526 2549 2550 2551 2643 2666 2667 2668 
2527 2526 2551 2552 2644 2643 2668 2669 
2528 2527 2552 2553 2645 2644 2669 2670 
2529 2528 2553 2554 2646 2645 2670 2671 
2535 2529 2554 2555 2652 2646 2671 2672 
2536 2535 2555 2556 2653 2652 2672 2673 
2537 2536 2556 2557 2654 2653 2673 2674 
2538 2537 2557 2558 2655 2654 2674 2675 
2539 2538 2558 2559 2656 2655 2675 2676 
2540 2539 2559 2560 2657 2656 2676 2677 
2541 2540 2560 2561 2658 2657 2677 2678 
2541 2561 2562 2563 2658 2678 2679 2680 
2530 2541 2563 2564 2647 2658 2680 2681 
2531 2530 2564 2565 2648 2647 2681 2682 
2532 2531 2565 2566 2649 2648 2682 2683 
2533 2532 2566 2567 2650 2649 2683 2684 
2534 2533 2567 2568 2651 2650 2684 2685 
2542 2534 2568 2569 2659 2651 2685 2686 
2542 2569 2570 2571 2659 2686 2687 2688 
2543 2542 2571 2572 2660 2659 2688 2689 
2544 2543 2572 2573 2661 2660 2689 2690 
2545 2544 2573 2574 2662 2661 2690 2691 
2546 2545 2574 2575 2663 2662 2691 2692 
2547 2546 2575 2576 2664 2663 2692 2693 
2548 2547 2576 2577 2665 2664 2693 2694 
2549 2548 2577 2578 2666 2665 2694 2695 
2550 2549 2578 2579 2667 2666 2695 2696 
2556 2555 2580 2581 2673 2672 2697 2698 
2563 2562 2582 2583 2680 2679 2699 2700 
2564 2563 2583 2584 2681 2680 2700 2701 
2565 2564 2584 2585 2682 2681 2701 2702 
2566 2565 2585 2586 2683 2682 2702 2703 
2567 2566 2586 2587 2684 2683 2703 2704 
2568 2567 2587 2588 2685 2684 2704 2705 
2569 2568 2588 2589 2686 2685 2705 2706 
2570 2569 2589 2590 2687 2686 2706 2707 
2550 2579 1981 1980 2667 2696 2111 2110 
2551 2550 1980 1979 2668 2667 2110 2109 
2552 2551 1979 1978 2669 2668 2109 2108 
2553 2552 1978 1977 2670 2669 2108 2107 
2554 2553 1977 1976 2671 2670 2107 2106 
2555 2554 1976 1975 2672 2671 2106 2105 
2580 2555 1975 1974 2697 2672 2105 2104 
2556 2581 2591 2592 2673 2698 2708 2709 
2557 2556 2592 2593 2674 2673 2709 2710 
2558 2557 2593 2594 2675 2674 2710 2711 
2559 2558 2594 2595 2676 2675 2711 2712 
2560 2559 2595 2596 2677 2676 2712 2713 
2561 2560 2596 2597 2678 2677 2713 2714 
2562 2561 2597 2598 2679 2678 2714 2715 
2582 2562 2598 2599 2699 2679 2715 2716 
2570 2590 2600 2601 2687 2707 2717 2718 
2571 2570 2601 2602 2688 2687 2718 2719 
2572 2571 2602 2603 2689 2688 2719 2720 
2573 2572 2603 2604 2690 2689 2720 2721 
2574 2573 2604 2605 2691 2690 2721 2722 
2575 2574 2605 2606 2692 2691 2722 2723 
2576 2575 2606 2607 2693 2692 2723 2724 
2577 2576 2607 2608 2694 2693 2724 2725 
2578 2577 2608 2609 2695 2694 2725 2726 
2579 2578 2609 2610 2696 2695 2726 2727 
1981 2579 2610 1991 2111 2696 2727 2121 
2611 2012 2005 2612 2728 2142 2135 2729 
2580 1974 2012 2611 2697 2104 2142 2728 
2613 2581 2580 2611 2730 2698 2697 2728 
2614 2613 2611 2612 2731 2730 2728 2729 
2615 2591 2581 2613 2732 2708 2698 2730 
2616 2615 2613 2614 2733 2732 2730 2731 
2004 2008 2616 2614 2134 2138 2733 2731 
2005 2004 2614 2612 2135 2134 2731 2729 
2734 2735 2736 2737 2738 2739 2740 2741 
2737 2742 2743 2734 2741 2744 2745 2738 
2746 2747 2742 2737 2748 2749 2744 2741 
2750 2746 2737 2736 2751 2748 2741 2740 
2752 2750 2736 2735 2753 2751 2740 2739 
2754 2755 2752 2735 2756 2757 2753 2739 
2758 2759 2743 2742 2760 2761 2745 2744 
2762 2758 2742 2747 2763 2760 2744 2749 
2764 2765 2754 2735 2766 2767 2756 2739 
2768 2764 2735 2734 2769 2766 2739 2738 
2770 2768 2734 2743 2771 2769 2738 2745 
2772 2770 2743 2759 2773 2771 2745 2761 
2774 2775 2762 2747 2776 2777 2763 2749 
2778 2774 2747 2746 2779 2776 2749 2748 
2780 2778 2746 2750 2781 2779 2748 2751 
2782 2780 2750 2752 2783 2781 2751 2753 
2784 2782 2752 2755 2785 2783 2753 2757 
2786 2787 2784 2755 2788 2789 2785 2757 
2790 2786 2755 2754 2791 2788 2757 2756 
2792 2790 2754 2765 2793 2791 2756 2767 
2794 2795 2772 2759 2796 2797 2773 2761 
2798 2794 2759 2758 2799 2796 2761 2760 
2800 2798 2758 2762 2801 2799 2760 2763 
2802 2800 2762 2775 2803 2801 2763 2777 
2804 2805 2792 2765 2806 2807 2793 2767 
2808 2804 2765 2764 2809 2806 2767 2766 
2810 2808 2764 2768 2811 2809 2766 2769 
2812 2810 2768 2770 2813 2811 2769 2771 
2814 2812 2770 2772 2815 2813 2771 2773 
2816 2814 2772 2795 2817 2815 2773 2797 
2818 2819 2802 2775 2820 2821 2803 2777 
2822 2818 2775 2774 2823 2820 2777 2776 
2824 2822 2774 2778 2825 2823 2776 2779 
2826 2824 2778 2780 2827 2825 2779 2781 
2828 2826 2780 2782 2829 2827 2781 2783 
2830 2828 2782 2784 2831 2829 2783 2785 
2832 2830 2784 2787 2833 2831 2785 2789 
2834 2835 2832 2787 2836 2837 2833 2789 
2838 2834 2787 2786 2839 2836 2789 2788 
2840 2838 2786 2790 2841 2839 2788 2791 
2842 2840 2790 2792 2843 2841 2791 2793 
2844 2842 2792 2805 2845 2843 2793 2807 
2846 2844 2805 2804 2847 2845 2807 2806 
2848 2846 2804 2808 2849 2847 2806 2809 
2850 2848 2808 2810 2851 2849 2809 2811 
2852 2850 2810 2812 2853 2851 2811 2813 
2854 2852 2812 2814 2855 2853 2813 2815 
2856 2854 2814 2816 2857 2855 2815 2817 
2858 2859 2856 2816 2860 2861 2857 2817 
2862 2858 2816 2795 2863 2860 2817 2797 
2864 2862 2795 2794 2865 2863 2797 2796 
2866 2864 2794 2798 2867 2865 2796 2799 
2868 2866 2798 2800 2869 2867 2799 2801 
2870 2868 2800 2802 2871 2869 2801 2803 
2872 2870 2802 2819 2873 2871 2803 2821 
2874 2875 2872 2819 2876 2877 2873 2821 
2878 2874 2819 2818 2879 2876 2821 2820 
2880 2878 2818 2822 2881 2879 2820 2823 
2882 2880 2822 2824 2883 2881 2823 2825 
2884 2882 2824 2826 2885 2883 2825 2827 
2886 2884 2826 2828 2887 2885 2827 2829 
2888 2886 2828 2830 2889 2887 2829 2831 
2890 2888 2830 2832 2891 2889 2831 2833 
2892 2890 2832 2835 2893 2891 2833 2837 
2894 2895 2844 2846 2896 2897 2845 2847 
2898 2899 2859 2858 2900 2901 2861 2860 
2902 2898 2858 2862 2903 2900 2860 2863 
2904 2902 2862 2864 2905 2903 2863 2865 
2906 2904 2864 2866 2907 2905 2865 2867 
2908 2906 2866 2868 2909 2907 2867 2869 
2910 2908 2868 2870 2911 2909 2869 2871 
2912 2910 2870 2872 2913 2911 2871 2873 
2914 2912 2872 2875 2915 2913 2873 2877 
975 977 2892 2835 976 978 2893 2837 
973 975 2835 2834 974 976 2837 2836 
971 973 2834 2838 972 974 2836 2839 
969 971 2838 2840 970 972 2839 2841 
967 969 2840 2842 968 970 2841 2843 
963 967 2842 2844 965 968 2843 2845 
964 963 2844 2895 966 965 2845 2897 
2916 2917 2894 2846 2918 2919 2896 2847 
2920 2916 2846 2848 2921 2918 2847 2849 
2922 2920 2848 2850 2923 2921 2849 2851 
2924 2922 2850 2852 2925 2923 2851 2853 
2926 2924 2852 2854 2927 2925 2853 2855 
2928 2926 2854 2856 2929 2927 2855 2857 
2930 2928 2856 2859 2931 2929 2857 2861 
2932 2930 2859 2899 2933 2931 2861 2901 
2934 2935 2914 2875 2936 2937 2915 2877 
2938 2934 2875 2874 2939 2936 2877 2876 
2940 2938 2874 2878 2941 2939 2876 2879 
2942 2940 2878 2880 2943 2941 2879 2881 
2944 2942 2880 2882 2945 2943 2881 2883 
2946 2944 2882 2884 2947 2945 2883 2885 
2948 2946 2884 2886 2949 2947 2885 2887 
2950 2948 2886 2888 2951 2949 2887 2889 
2952 2950 2888 2890 2953 2951 2889 2891 
2954 2952 2890 2892 2955 2953 2891 2893 
979 2954 2892 977 980 2955 2893 978 
2956 2957 2958 2959 2960 2961 2962 2963 
2894 2917 2957 2956 2896 2919 2961 2960 
2964 2895 2894 2956 2965 2897 2896 2960 
2966 2964 2956 2959 2967 2965 2960 2963 
1010 964 2895 2964 1012 966 2897 2965 
1007 1010 2964 2966 1008 1012 2965 2967 
2968 258 1007 2966 2969 260 1008 2967 
2958 2968 2966 2959 2962 2969 2967 2963 
2738 2739 2740 2741 2970 2971 2972 2973 
2741 2744 2745 2738 2973 2974 2975 2970 
2748 2749 2744 2741 2976 2977 2974 2973 
2751 2748 2741 2740 2978 2976 2973 2972 
2753 2751 2740 2739 2979 2978 2972 2971 
2756 2757 2753 2739 2980 2981 2979 2971 
2760 2761 2745 2744 2982 2983 2975 2974 
2763 2760 2744 2749 2984 2982 2974 2977 
2766 2767 2756 2739 2985 2986 2980 2971 
2769 2766 2739 2738 2987 2985 2971 2970 
2771 2769 2738 2745 2988 2987 2970 2975 
2773 2771 2745 2761 2989 2988 2975 2983 
2776 2777 2763 2749 2990 2991 2984 2977 
2779 2776 2749 2748 2992 2990 2977 2976 
2781 2779 2748 2751 2993 2992 2976 2978 
2783 2781 2751 2753 2994 2993 2978 2979 
2785 2783 2753 2757 2995 2994 2979 2981 
2788 2789 2785 2757 2996 2997 2995 2981 
2791 2788 2757 2756 2998 2996 2981 2980 
2793 2791 2756 2767 2999 2998 2980 2986 
2796 2797 2773 2761 3000 3001 2989 2983 
2799 2796 2761 2760 3002 3000 2983 2982 
2801 2799 2760 2763 3003 3002 2982 2984 
2803 2801 2763 2777 3004 3003 2984 2991 
2806 2807 2793 2767 3005 3006 2999 2986 
2809 2806 2767 2766 3007 3005 2986 2985 
2811 2809 2766 2769 3008 3007 2985 2987 
2813 2811 2769 2771 3009 3008 2987 2988 
2815 2813 2771 2773 3010 3009 2988 2989 
2817 2815 2773 2797 3011 3010 2989 3001 
2820 2821 2803 2777 3012 3013 3004 2991 
2823 2820 2777 2776 3014 3012 2991 2990 
2825 2823 2776 2779 3015 3014 2990 2992 
2827 2825 2779 2781 3016 3015 2992 2993 
2829 2827 2781 2783 3017 3016 2993 2994 
2831 2829 2783 2785 3018 3017 2994 2995 
2833 2831 2785 2789 3019 3018 2995 2997 
2836 2837 2833 2789 3020 3021 3019 2997 
2839 2836 2789 2788 3022 3020 2997 2996 
2841 2839 2788 2791 3023 3022 2996 2998 
2843 2841 2791 2793 3024 3023 2998 2999 
2845 2843 2793 2807 3025 3024 2999 3006 
2847 2845 2807 2806 3026 3025 3006 3005 
2849 2847 2806 2809 3027 3026 3005 3007 
2851 2849 2809 2811 3028 3027 3007 3008 
2853 2851 2811 2813 3029 3028 3008 3009 
2855 2853 2813 2815 3030 3029 3009 3010 
2857 2855 2815 2817 3031 3030 3010 3011 
2860 2861 2857 2817 3032 3033 3031 3011 
2863 2860 2817 2797 3034 3032 3011 3001 
2865 2863 2797 2796 3035 3034 3001 3000 
2867 2865 2796 2799 3036 3035 3000 3002 
2869 2867 2799 2801 3037 3036 3002 3003 
2871 2869 2801 2803 3038 3037 3003 3004 
2873 2871 2803 2821 3039 3038 3004 3013 
2876 2877 2873 2821 3040 3041 3039 3013 
2879 2876 2821 2820 3042 3040 3013 3012 
2881 2879 2820 2823 3043 3042 3012 3014 
2883 2881 2823 2825 3044 3043 3014 3015 
2885 2883 2825 2827 3045 3044 3015 3016 
2887 2885 2827 2829 3046 3045 3016 3017 
2889 2887 2829 2831 3047 3046 3017 3018 
2891 2889 2831 2833 3048 3047 3018 3019 
2893 2891 2833 2837 3049 3048 3019 3021 
2896 2897 2845 2847 3050 3051 3025 3026 
2900 2901 2861 2860 3052 3053 3033 3032 
2903 2900 2860 2863 3054 3052 3032 3034 
2905 2903 2863 2865 3055 3054 3034 3035 
2907 2905 2865 2867 3056 3055 3035 3036 
2909 2907 2867 2869 3057 3056 3036 3037 
2911 2909 2869 2871 3058 3057 3037 3038 
2913 2911 2871 2873 3059 3058 3038 3039 
2915 2913 2873 2877 3060 3059 3039 3041 
976 978 2893 2837 1112 1113 3049 3021 
974 976 2837 2836 1111 1112 3021 3020 
972 974 2836 2839 1110 1111 3020 3022 
970 972 2839 2841 1109 1110 3022 3023 
968 970 2841 2843 1108 1109 3023 3024 
965 968 2843 2845 1106 1108 3024 3025 
966 965 2845 2897 1107 1106 3025 3051 
2918 2919 2896 2847 3061 3062 3050 3026 
2921 2918 2847 2849 3063 3061 3026 3027 
2923 2921 2849 2851 3064 3063 3027 3028 
2925 2923 2851 2853 3065 3064 3028 3029 
2927 2925 2853 2855 3066 3065 3029 3030 
2929 2927 2855 2857 3067 3066 3030 3031 
2931 2929 2857 2861 3068 3067 3031 3033 
2933 2931 2861 2901 3069 3068 3033 3053 
2936 2937 2915 2877 3070 3071 3060 3041 
2939 2936 2877 2876 3072 3070 3041 3040 
2941 2939 2876 2879 3073 3072 3040 3042 
2943 2941 2879 2881 3074 3073 3042 3043 
2945 2943 2881 2883 3075 3074 3043 3044 
2947 2945 2883 2885 3076 3075 3044 3045 
2949 2947 2885 2887 3077 3076 3045 3046 
2951 2949 2887 2889 3078 3077 3046 3047 
2953 2951 2889 2891 3079 3078 3047 3048 
2955 2953 2891 2893 3080 3079 3048 3049 
980 2955 2893 978 1114 3080 3049 1113 
2960 2961 2962 2963 3081 3082 3083 3084 
2896 2919 2961 2960 3050 3062 3082 3081 
2965 2897 2896 2960 3085 3051 3050 3081 
2967 2965 2960 2963 3086 3085 3081 3084 
1012 966 2897 2965 1130 1107 3051 3085 
1008 1012 2965 2967 1128 1130 3085 3086 
2969 260 1008 2967 3087 390 1128 3086 
2962 2969 2967 2963 3083 3087 3086 3084 
2970 2971 2972 2973 3088 3089 3090 3091 
2973 2974 2975 2970 3091 3092 3093 3088 
2976 2977 2974 2973 3094 3095 3092 3091 
2978 2976 2973 2972 3096 3094 3091 3090 
2979 2978 2972 2971 3097 3096 3090 3089 
2980 2981 2979 2971 3098 3099 3097 3089 
2982 2983 2975 2974 3100 3101 3093 3092 
2984 2982 2974 2977 3102 3100 3092 3095 
2985 2986 2980 2971 3103 3104 3098 3089 
2987 2985 2971 2970 3105 3103 3089 3088 
2988 2987 2970 2975 3106 3105 3088 3093 
2989 2988 2975 2983 3107 3106 3093 3101 
2990 2991 2984 2977 3108 3109 3102 3095 
2992 2990 2977 2976 3110 3108 3095 3094 
2993 2992 2976 2978 3111 3110 3094 3096 
2994 2993 2978 2979 3112 3111 3096 3097 
2995 2994 2979 2981 3113 3112 3097 3099 
2996 2997 2995 2981 3114 3115 3113 3099 
2998 2996 2981 2980 3116 3114 3099 3098 
2999 2998 2980 2986 3117 3116 3098 3104 
3000 3001 2989 2983 3118 3119 3107 3101 
3002 3000 2983 2982 3120 3118 3101 3100 
3003 3002 2982 2984 3121 3120 3100 3102 
3004 3003 2984 2991 3122 3121 3102 3109 
3005 3006 2999 2986 3123 3124 3117 3104 
3007 3005 2986 2985 3125 3123 3104 3103 
3008 3007 2985 2987 3126 3125 3103 3105 
3009 3008 2987 2988 3127 3126 3105 3106 
3010 3009 2988 2989 3128 3127 3106 3107 
3011 3010 2989 3001 3129 3128 3107 3119 
3012 3013 3004 2991 3130 3131 3122 3109 
3014 3012 2991 2990 3132 3130 3109 3108 
3015 3014 2990 2992 3133 3132 3108 3110 
3016 3015 2992 2993 3134 3133 3110 3111 
3017 3016 2993 2994 3135 3134 3111 3112 
3018 3017 2994 2995 3136 3135 3112 3113 
3019 3018 2995 2997 3137 3136 3113 3115 
3020 3021 3019 2997 3138 3139 3137 3115 
3022 3020 2997 2996 3140 3138 3115 3114 
3023 3022 2996 2998 3141 3140 3114 3116 
3024 3023 2998 2999 3142 3141 3116 3117 
3025 3024 2999 3006 3143 3142 3117 3124 
3026 3025 3006 3005 3144 3143 3124 3123 
3027 3026 3005 3007 3145 3144 3123 3125 
3028 3027 3007 3008 3146 3145 3125 3126 
3029 3028 3008 3009 3147 3146 3126 3127 
3030 3029 3009 3010 3148 3147 3127 3128 
3031 3030 3010 3011 3149 3148 3128 3129 
3032 3033 3031 3011 3150 3151 3149 3129 
3034 3032 3011 3001 3152 3150 3129 3119 
3035 3034 3001 3000 3153 3152 3119 3118 
3036 3035 3000 3002 3154 3153 3118 3120 
3037 3036 3002 3003 3155 3154 3120 3121 
3038 3037 3003 3004 3156 3155 3121 3122 
3039 3038 3004 3013 3157 3156 3122 3131 
3040 3041 3039 3013 3158 3159 3157 3131 
3042 3040 3013 3012 3160 3158 3131 3130 
3043 3042 3012 3014 3161 3160 3130 3132 
3044 3043 3014 3015 3162 3161 3132 3133 
3045 3044 3015 3016 3163 3162 3133 3134 
3046 3045 3016 3017 3164 3163 3134 3135 
3047 3046 3017 3018 3165 3164 3135 3136 
3048 3047 3018 3019 3166 3165 3136 3137 
3049 3048 3019 3021 3167 3166 3137 3139 
3050 3051 3025 3026 3168 3169 3143 3144 
3052 3053 3033 3032 3170 3171 3151 3150 
3054 3052 3032 3034 3172 3170 3150 3152 
3055 3054 3034 3035 3173 3172 3152 3153 
3056 3055 3035 3036 3174 3173 3153 3154 
3057 3056 3036 3037 3175 3174 3154 3155 
3058 3057 3037 3038 3176 3175 3155 3156 
3059 3058 3038 3039 3177 3176 3156 3157 
3060 3059 3039 3041 3178 3177 3157 3159 
1112 1113 3049 3021 1229 1230 3167 3139 
1111 1112 3021 3020 1228 1229 3139 3138 
1110 1111 3020 3022 1227 1228 3138 3140 
1109 1110 3022 3023 1226 1227 3140 3141 
1108 1109 3023 3024 1225 1226 3141 3142 
1106 1108 3024 3025 1223 1225 3142 3143 
1107 1106 3025 3051 1224 1223 3143 3169 
3061 3062 3050 3026 3179 3180 3168 3144 
3063 3061 3026 3027 3181 3179 3144 3145 
3064 3063 3027 3028 3182 3181 3145 3146 
3065 3064 3028 3029 3183 3182 3146 3147 
3066 3065 3029 3030 3184 3183 3147 3148 
3067 3066 3030 3031 3185 3184 3148 3149 
3068 3067 3031 3033 3186 3185 3149 3151 
3069 3068 3033 3053 3187 3186 3151 3171 
3070 3071 3060 3041 3188 3189 3178 3159 
3072 3070 3041 3040 3190 3188 3159 3158 
3073 3072 3040 3042 3191 3190 3158 3160 
3074 3073 3042 3043 3192 3191 3160 3161 
3075 3074 3043 3044 3193 3192 3161 3162 
3076 3075 3044 3045 3194 3193 3162 3163 
3077 3076 3045 3046 3195 3194 3163 3164 
3078 3077 3046 3047 3196 3195 3164 3165 
3079 3078 3047 3048 3197 3196 3165 3166 
3080 3079 3048 3049 3198 3197 3166 3167 
1114 3080 3049 1113 1231 3198 3167 1230 
3081 3082 3083 3084 3199 3200 3201 3202 
3050 3062 3082 3081 3168 3180 3200 3199 
3085 3051 3050 3081 3203 3169 3168 3199 
3086 3085 3081 3084 3204 3203 3199 3202 
1130 1107 3051 3085 1247 1224 3169 3203 
1128 1130 3085 3086 1245 1247 3203 3204 
3087 390 1128 3086 3205 520 1245 3204 
3083 3087 3086 3084 3201 3205 3204 3202 
3088 3089 3090 3091 3206 3207 3208 3209 
3091 3092 3093 3088 3209 3210 3211 3206 
3094 3095 3092 3091 3212 3213 3210 3209 
3096 3094 3091 3090 3214 3212 3209 3208 
3097 3096 3090 3089 3215 3214 3208 3207 
3098 3099 3097 3089 3216 3217 3215 3207 
3100 3101 3093 3092 3218 3219 3211 3210 
3102 3100 3092 3095 3220 3218 3210 3213 
3103 3104 3098 3089 3221 3222 3216 3207 
3105 3103 3089 3088 3223 3221 3207 3206 
3106 3105 3088 3093 3224 3223 3206 3211 
3107 3106 3093 3101 3225 3224 3211 3219 
3108 3109 3102 3095 3226 3227 3220 3213 
3110 3108 3095 3094 3228 3226 3213 3212 
3111 3110 3094 3096 3229 3228 3212 3214 
3112 3111 3096 3097 3230 3229 3214 3215 
3113 3112 3097 3099 3231 3230 3215 3217 
3114 3115 3113 3099 3232 3233 3231 3217 
3116 3114 3099 3098 3234 3232 3217 3216 
3117 3116 3098 3104 3235 3234 3216 3222 
3118 3119 3107 3101 3236 3237 3225 3219 
3120 3118 3101 3100 3238 3236 3219 3218 
3121 3120 3100 3102 3239 3238 3218 3220 
3122 3121 3102 3109 3240 3239 3220 3227 
3123 3124 3117 3104 3241 3242 3235 3222 
3125 3123 3104 3103 3243 3241 3222 3221 
3126 3125 3103 3105 3244 3243 3221 3223 
3127 3126 3105 3106 3245 3244 3223 3224 
3128 3127 3106 3107 3246 3245 3224 3225 
3129 3128 3107 3119 3247 3246 3225 3237 
3130 3131 3122 3109 3248 3249 3240 3227 
3132 3130 3109 3108 3250 3248 3227 3226 
3133 3132 3108 3110 3251 3250 3226 3228 
3134 3133 3110 3111 3252 3251 3228 3229 
3135 3134 3111 3112 3253 3252 3229 3230 
3136 3135 3112 3113 3254 3253 3230 3231 
3137 3136 3113 3115 3255 3254 3231 3233 
3138 3139 3137 3115 3256 3257 3255 3233 
3140 3138 3115 3114 3258 3256 3233 3232 
3141 3140 3114 3116 3259 3258 3232 3234 
3142 3141 3116 3117 3260 3259 3234 3235 
3143 3142 3117 3124 3261 3260 3235 3242 
3144 3143 3124 3123 3262 3261 3242 3241 
3145 3144 3123 3125 3263 3262 3241 3243 
3146 3145 3125 3126 3264 3263 3243 3244 
3147 3146 3126 3127 3265 3264 3244 3245 
3148 3147 3127 3128 3266 3265 3245 3246 
3149 3148 3128 3129 3267 3266 3246 3247 
3150 3151 3149 3129 3268 3269 3267 3247 
3152 3150 3129 3119 3270 3268 3247 3237 
3153 3152 3119 3118 3271 3270 3237 3236 
3154 3153 3118 3120 3272 3271 3236 3238 
3155 3154 3120 3121 3273 3272 3238 3239 
3156 3155 3121 3122 3274 3273 3239 3240 
3157 3156 3122 3131 3275 3274 3240 3249 
3158 3159 3157 3131 3276 3277 3275 3249 
3160 3158 3131 3130 3278 3276 3249 3248 
3161 3160 3130 3132 3279 3278 3248 3250 
3162 3161 3132 3133 3280 3279 3250 3251 
3163 3162 3133 3134 3281 3280 3251 3252 
3164 3163 3134 3135 3282 3281 3252 3253 
3165 3164 3135 3136 3283 3282 3253 3254 
3166 3165 3136 3137 3284 3283 3254 3255 
3167 3166 3137 3139 3285 3284 3255 3257 
3168 3169 3143 3144 3286 3287 3261 3262 
3170 3171 3151 3150 3288 3289 3269 3268 
3172 3170 3150 3152 3290 3288 3268 3270 
3173 3172 3152 3153 3291 3290 3270 3271 
3174 3173 3153 3154 3292 3291 3271 3272 
3175 3174 3154 3155 3293 3292 3272 3273 
3176 3175 3155 3156 3294 3293 3273 3274 
3177 3176 3156 3157 3295 3294 3274 3275 
3178 3177 3157 3159 3296 3295 3275 3277 
1229 1230 3167 3139 1346 1347 3285 3257 
1228 1229 3139 3138 1345 1346 3257 3256 
1227 1228 3138 3140 1344 1345 3256 3258 
1226 1227 3140 3141 1343 1344 3258 3259 
1225 1226 3141 3142 1342 1343 3259 3260 
1223 1225 3142 3143 1340 1342 3260 3261 
1224 1223 3143 3169 1341 1340 3261 3287 
3179 3180 3168 3144 3297 3298 3286 3262 
3181 3179 3144 3145 3299 3297 3262 3263 
3182 3181 3145 3146 3300 3299 3263 3264 
3183 3182 3146 3147 3301 3300 3264 3265 
3184 3183 3147 3148 3302 3301 3265 3266 
3185 3184 3148 3149 3303 3302 3266 3267 
3186 3185 3149 3151 3304 3303 3267 3269 
3187 3186 3151 3171 3305 3304 3269 3289 
3188 3189 3178 3159 3306 3307 3296 3277 
3190 3188 3159 3158 3308 3306 3277 3276 
3191 3190 3158 3160 3309 3308 3276 3278 
3192 3191 3160 3161 3310 3309 3278 3279 
3193 3192 3161 3162 3311 3310 3279 3280 
3194 3193 3162 3163 3312 3311 3280 3281 
3195 3194 3163 3164 3313 3312 3281 3282 
3196 3195 3164 3165 3314 3313 3282 3283 
3197 3196 3165 3166 3315 3314 3283 3284 
3198 3197 3166 3167 3316 3315 3284 3285 
1231 3198 3167 1230 1348 3316 3285 1347 
3199 3200 3201 3202 3317 3318 3319 3320 
3168 3180 3200 3199 3286 3298 3318 3317 
3203 3169 3168 3199 3321 3287 3286 3317 
3204 3203 3199 3202 3322 3321 3317 3320 
1247 1224 3169 3203 1364 1341 3287 3321 
1245 1247 3203 3204 1362 1364 3321 3322 
3205 520 1245 3204 3323 650 1362 3322 
3201 3205 3204 3202 3319 3323 3322 3320 
3206 3207 3208 3209 3324 3325 3326 3327 
3209 3210 3211 3206 3327 3328 3329 3324 
3212 3213 3210 3209 3330 3331 3328 3327 
3214 3212 3209 3208 3332 3330 3327 3326 
3215 3214 3208 3207 3333 3332 3326 3325 
3216 3217 3215 3207 3334 3335 3333 3325 
3218 3219 3211 3210 3336 3337 3329 3328 
3220 3218 3210 3213 3338 3336 3328 3331 
3221 3222 3216 3207 3339 3340 3334 3325 
3223 3221 3207 3206 3341 3339 3325 3324 
3224 3223 3206 3211 3342 3341 3324 3329 
3225 3224 3211 3219 3343 3342 3329 3337 
3226 3227 3220 3213 3344 3345 3338 3331 
3228 3226 3213 3212 3346 3344 3331 3330 
3229 3228 3212 3214 3347 3346 3330 3332 
3230 3229 3214 3215 3348 3347 3332 3333 
3231 3230 3215 3217 3349 3348 3333 3335 
3232 3233 3231 3217 3350 3351 3349 3335 
3234 3232 3217 3216 3352 3350 3335 3334 
3235 3234 3216 3222 3353 3352 3334 3340 
3236 3237 3225 3219 3354 3355 3343 3337 
3238 3236 3219 3218 3356 3354 3337 3336 
3239 3238 3218 3220 3357 3356 3336 3338 
3240 3239 3220 3227 3358 3357 3338 3345 
3241 3242 3235 3222 3359 3360 3353 3340 
3243 3241 3222 3221 3361 3359 3340 3339 
3244 3243 3221 3223 3362 3361 3339 3341 
3245 3244 3223 3224 3363 3362 3341 3342 
3246 3245 3224 3225 3364 3363 3342 3343 
3247 3246 3225 3237 3365 3364 3343 3355 
3248 3249 3240 3227 3366 3367 3358 3345 
3250 3248 3227 3226 3368 3366 3345 3344 
3251 3250 3226 3228 3369 3368 3344 3346 
3252 3251 3228 3229 3370 3369 3346 3347 
3253 3252 3229 3230 3371 3370 3347 3348 
3254 3253 3230 3231 3372 3371 3348 3349 
3255 3254 3231 3233 3373 3372 3349 3351 
3256 3257 3255 3233 3374 3375 3373 3351 
3258 3256 3233 3232 3376 3374 3351 3350 
3259 3258 3232 3234 3377 3376 3350 3352 
3260 3259 3234 3235 3378 3377 3352 3353 
3261 3260 3235 3242 3379 3378 3353 3360 
3262 3261 3242 3241 3380 3379 3360 3359 
3263 3262 3241 3243 3381 3380 3359 3361 
3264 3263 3243 3244 3382 3381 3361 3362 
3265 3264 3244 3245 3383 3382 3362 3363 
3266 3265 3245 3246 3384 3383 3363 3364 
3267 3266 3246 3247 3385 3384 3364 3365 
3268 3269 3267 3247 3386 3387 3385 3365 
3270 3268 3247 3237 3388 3386 3365 3355 
3271 3270 3237 3236 3389 3388 3355 3354 
3272 3271 3236 3238 3390 3389 3354 3356 
3273 3272 3238 3239 3391 3390 3356 3357 
3274 3273 3239 3240 3392 3391 3357 3358 
3275 3274 3240 3249 3393 3392 3358 3367 
3276 3277 3275 3249 3394 3395 3393 3367 
3278 3276 3249 3248 3396 3394 3367 3366 
3279 3278 3248 3250 3397 3396 3366 3368 
3280 3279 3250 3251 3398 3397 3368 3369 
3281 3280 3251 3252 3399 3398 3369 3370 
3282 3281 3252 3253 3400 3399 3370 3371 
3283 3282 3253 3254 3401 3400 3371 3372 
3284 3283 3254 3255 3402 3401 3372 3373 
3285 3284 3255 3257 3403 3402 3373 3375 
3286 3287 3261 3262 3404 3405 3379 3380 
3288 3289 3269 3268 3406 3407 3387 3386 
3290 3288 3268 3270 3408 3406 3386 3388 
3291 3290 3270 3271 3409 3408 3388 3389 
3292 3291 3271 3272 3410 3409 3389 3390 
3293 3292 3272 3273 3411 3410 3390 3391 
3294 3293 3273 3274 3412 3411 3391 3392 
3295 3294 3274 3275 3413 3412 3392 3393 
3296 3295 3275 3277 3414 3413 3393 3395 
1346 1347 3285 3257 1463 1464 3403 3375 
1345 1346 3257 3256 1462 1463 3375 3374 
1344 1345 3256 3258 1461 1462 3374 3376 
1343 1344 3258 3259 1460 1461 3376 3377 
1342 1343 3259 3260 1459 1460 3377 3378 
1340 1342 3260 3261 1457 1459 3378 3379 
1341 1340 3261 3287 1458 1457 3379 3405 
3297 3298 3286 3262 3415 3416 3404 3380 
3299 3297 3262 3263 3417 3415 3380 3381 
3300 3299 3263 3264 3418 3417 3381 3382 
3301 3300 3264 3265 3419 3418 3382 3383 
3302 3301 3265 3266 3420 3419 3383 3384 
3303 3302 3266 3267 3421 3420 3384 3385 
3304 3303 3267 3269 3422 3421 3385 3387 
3305 3304 3269 3289 3423 3422 3387 3407 
3306 3307 3296 3277 3424 3425 3414 3395 
3308 3306 3277 3276 3426 3424 3395 3394 
3309 3308 3276 3278 3427 3426 3394 3396 
3310 3309 3278 3279 3428 3427 3396 3397 
3311 3310 3279 3280 3429 3428 3397 3398 
3312 3311 3280 3281 3430 3429 3398 3399 
3313 3312 3281 3282 3431 3430 3399 3400 
3314 3313 3282 3283 3432 3431 3400 3401 
3315 3314 3283 3284 3433 3432 3401 3402 
3316 3315 3284 3285 3434 3433 3402 3403 
1348 3316 3285 1347 1465 3434 3403 1464 
3317 3318 3319 3320 3435 3436 3437 3438 
3286 3298 3318 3317 3404 3416 3436 3435 
3321 3287 3286 3317 3439 3405 3404 3435 
3322 3321 3317 3320 3440 3439 3435 3438 
1364 1341 3287 3321 1481 1458 3405 3439 
1362 1364 3321 3322 1479 1481 3439 3440 
3323 650 1362 3322 3441 780 1479 3440 
3319 3323 3322 3320 3437 3441 3440 3438 
3442 3443 3444 3445 3446 3447 3448 3449 
3445 3450 3451 3442 3449 3452 3453 3446 
3454 3455 3450 3445 3456 3457 3452 3449 
3458 3454 3445 3444 3459 3456 3449 3448 
3460 3458 3444 3443 3461 3459 3448 3447 
3462 3463 3460 3443 3464 3465 3461 3447 
3466 3467 3451 3450 3468 3469 3453 3452 
3470 3466 3450 3455 3471 3468 3452 3457 
3472 3473 3462 3443 3474 3475 3464 3447 
3476 3472 3443 3442 3477 3474 3447 3446 
3478 3476 3442 3451 3479 3477 3446 3453 
3480 3478 3451 3467 3481 3479 3453 3469 
3482 3483 3470 3455 3484 3485 3471 3457 
3486 3482 3455 3454 3487 3484 3457 3456 
3488 3486 3454 3458 3489 3487 3456 3459 
3490 3488 3458 3460 3491 3489 3459 3461 
3492 3490 3460 3463 3493 3491 3461 3465 
3494 3495 3492 3463 3496 3497 3493 3465 
3498 3494 3463 3462 3499 3496 3465 3464 
3500 3498 3462 3473 3501 3499 3464 3475 
3502 3503 3480 3467 3504 3505 3481 3469 
3506 3502 3467 3466 3507 3504 3469 3468 
3508 3506 3466 3470 3509 3507 3468 3471 
3510 3508 3470 3483 3511 3509 3471 3485 
3512 3513 3500 3473 3514 3515 3501 3475 
3516 3512 3473 3472 3517 3514 3475 3474 
3518 3516 3472 3476 3519 3517 3474 3477 
3520 3518 3476 3478 3521 3519 3477 3479 
3522 3520 3478 3480 3523 3521 3479 3481 
3524 3522 3480 3503 3525 3523 3481 3505 
3526 3527 3510 3483 3528 3529 3511 3485 
3530 3526 3483 3482 3531 3528 3485 3484 
3532 3530 3482 3486 3533 3531 3484 3487 
3534 3532 3486 3488 3535 3533 3487 3489 
3536 3534 3488 3490 3537 3535 3489 3491 
3538 3536 3490 3492 3539 3537 3491 3493 
3540 3538 3492 3495 3541 3539 3493 3497 
3542 3543 3540 3495 3544 3545 3541 3497 
3546 3542 3495 3494 3547 3544 3497 3496 
3548 3546 3494 3498 3549 3547 3496 3499 
3550 3548 3498 3500 3551 3549 3499 3501 
3552 3550 3500 3513 3553 3551 3501 3515 
3554 3552 3513 3512 3555 3553 3515 3514 
3556 3554 3512 3516 3557 3555 3514 3517 
3558 3556 3516 3518 3559 3557 3517 3519 
3560 3558 3518 3520 3561 3559 3519 3521 
3562 3560 3520 3522 3563 3561 3521 3523 
3564 3562 3522 3524 3565 3563 3523 3525 
3566 3567 3564 3524 3568 3569 3565 3525 
3570 3566 3524 3503 3571 3568 3525 3505 
3572 3570 3503 3502 3573 3571 3505 3504 
3574 3572 3502 3506 3575 3573 3504 3507 
3576 3574 3506 3508 3577 3575 3507 3509 
3578 3576 3508 3510 3579 3577 3509 3511 
3580 3578 3510 3527 3581 3579 3511 3529 
3582 3583 3580 3527 3584 3585 3581 3529 
3586 3582 3527 3526 3587 3584 3529 3528 
3588 3586 3526 3530 3589 3587 3528 3531 
3590 3588 3530 3532 3591 3589 3531 3533 
3592 3590 3532 3534 3593 3591 3533 3535 
3594 3592 3534 3536 3595 3593 3535 3537 
3596 3594 3536 3538 3597 3595 3537 3539 
3598 3596 3538 3540 3599 3597 3539 3541 
3600 3598 3540 3543 3601 3599 3541 3545 
3602 3603 3552 3554 3604 3605 3553 3555 
3606 3607 3567 3566 3608 3609 3569 3568 
3610 3606 3566 3570 3611 3608 3568 3571 
3612 3610 3570 3572 3613 3611 3571 3573 
3614 3612 3572 3574 3615 3613 3573 3575 
3616 3614 3574 3576 3617 3615 3575 3577 
3618 3616 3576 3578 3619 3617 3577 3579 
3620 3618 3578 3580 3621 3619 3579 3581 
3622 3620 3580 3583 3623 3621 3581 3585 
2928 2930 3600 3543 2929 2931 3601 3545 
2926 2928 3543 3542 2927 2929 3545 3544 
2924 2926 3542 3546 2925 2927 3544 3547 
2922 2924 3546 3548 2923 2925 3547 3549 
2920 2922 3548 3550 2921 2923 3549 3551 
2916 2920 3550 3552 2918 2921 3551 3553 
2917 2916 3552 3603 2919 2918 3553 3605 
213 215 3602 3554 214 216 3604 3555 
211 213 3554 3556 212 214 3555 3557 
209 211 3556 3558 210 212 3557 3559 
207 209 3558 3560 208 210 3559 3561 
205 207 3560 3562 206 208 3561 3563 
203 205 3562 3564 204 206 3563 3565 
199 203 3564 3567 201 204 3565 3569 
200 199 3567 3607 202 201 3569 3609 
3624 3625 3622 3583 3626 3627 3623 3585 
3628 3624 3583 3582 3629 3626 3585 3584 
3630 3628 3582 3586 3631 3629 3584 3587 
3632 3630 3586 3588 3633 3631 3587 3589 
3634 3632 3588 3590 3635 3633 3589 3591 
3636 3634 3590 3592 3637 3635 3591 3593 
3638 3636 3592 3594 3639 3637 3593 3595 
3640 3638 3594 3596 3641 3639 3595 3597 
3642 3640 3596 3598 3643 3641 3597 3599 
3644 3642 3598 3600 3645 3643 3599 3601 
2932 3644 3600 2930 2933 3645 3601 2931 
3646 2968 2958 3647 3648 2969 2962 3649 
255 258 2968 3646 256 260 2969 3648 
3650 253 255 3646 3651 254 256 3648 
3652 3650 3646 3647 3653 3651 3648 3649 
3602 215 253 3650 3604 216 254 3651 
3603 3602 3650 3652 3605 3604 3651 3653 
2957 2917 3603 3652 2961 2919 3605 3653 
2958 2957 3652 3647 2962 2961 3653 3649 
3446 3447 3448 3449 3654 3655 3656 3657 
3449 3452 3453 3446 3657 3658 3659 3654 
3456 3457 3452 3449 3660 3661 3658 3657 
3459 3456 3449 3448 3662 3660 3657 3656 
3461 3459 3448 3447 3663 3662 3656 3655 
3464 3465 3461 3447 3664 3665 3663 3655 
3468 3469 3453 3452 3666 3667 3659 3658 
3471 3468 3452 3457 3668 3666 3658 3661 
3474 3475 3464 3447 3669 3670 3664 3655 
3477 3474 3447 3446 3671 3669 3655 3654 
3479 3477 3446 3453 3672 3671 3654 3659 
3481 3479 3453 3469 3673 3672 3659 3667 
3484 3485 3471 3457 3674 3675 3668 3661 
3487 3484 3457 3456 3676 3674 3661 3660 
3489 3487 3456 3459 3677 3676 3660 3662 
3491 3489 3459 3461 3678 3677 3662 3663 
3493 3491 3461 3465 3679 3678 3663 3665 
3496 3497 3493 3465 3680 3681 3679 3665 
3499 3496 3465 3464 3682 3680 3665 3664 
3501 3499 3464 3475 3683 3682 3664 3670 
3504 3505 3481 3469 3684 3685 3673 3667 
3507 3504 3469 3468 3686 3684 3667 3666 
3509 3507 3468 3471 3687 3686 3666 3668 
3511 3509 3471 3485 3688 3687 3668 3675 
3514 3515 3501 3475 3689 3690 3683 3670 
3517 3514 3475 3474 3691 3689 3670 3669 
3519 3517 3474 3477 3692 3691 3669 3671 
3521 3519 3477 3479 3693 3692 3671 3672 
3523 3521 3479 3481 3694 3693 3672 3673 
3525 3523 3481 3505 3695 3694 3673 3685 
3528 3529 3511 3485 3696 3697 3688 3675 
3531 3528 3485 3484 3698 3696 3675 3674 
3533 3531 3484 3487 3699 3698 3674 3676 
3535 3533 3487 3489 3700 3699 3676 3677 
3537 3535 3489 3491 3701 3700 3677 3678 
3539 3537 3491 3493 3702 3701 3678 3679 
3541 3539 3493 3497 3703 3702 3679 3681 
3544 3545 3541 3497 3704 3705 3703 3681 
3547 3544 3497 3496 3706 3704 3681 3680 
3549 3547 3496 3499 3707 3706 3680 3682 
3551 3549 3499 3501 3708 3707 3682 3683 
3553 3551 3501 3515 3709 3708 3683 3690 
3555 3553 3515 3514 3710 3709 3690 3689 
3557 3555 3514 3517 3711 3710 3689 3691 
3559 3557 3517 3519 3712 3711 3691 3692 
3561 3559 3519 3521 3713 3712 3692 3693 
3563 3561 3521 3523 3714 3713 3693 3694 
3565 3563 3523 3525 3715 3714 3694 3695 
3568 3569 3565 3525 3716 3717 3715 3695 
3571 3568 3525 3505 3718 3716 3695 3685 
3573 3571 3505 3504 3719 3718 3685 3684 
3575 3573 3504 3507 3720 3719 3684 3686 
3577 3575 3507 3509 3721 3720 3686 3687 
3579 3577 3509 3511 3722 3721 3687 3688 
3581 3579 3511 3529 3723 3722 3688 3697 
3584 3585 3581 3529 3724 3725 3723 3697 
3587 3584 3529 3528 3726 3724 3697 3696 
3589 3587 3528 3531 3727 3726 3696 3698 
3591 3589 3531 3533 3728 3727 3698 3699 
3593 3591 3533 3535 3729 3728 3699 3700 
3595 3593 3535 3537 3730 3729 3700 3701 
3597 3595 3537 3539 3731 3730 3701 3702 
3599 3597 3539 3541 3732 3731 3702 3703 
3601 3599 3541 3545 3733 3732 3703 3705 
3604 3605 3553 3555 3734 3735 3709 3710 
3608 3609 3569 3568 3736 3737 3717 3716 
3611 3608 3568 3571 3738 3736 3716 3718 
3613 3611 3571 3573 3739 3738 3718 3719 
3615 3613 3573 3575 3740 3739 3719 3720 
3617 3615 3575 3577 3741 3740 3720 3721 
3619 3617 3577 3579 3742 3741 3721 3722 
3621 3619 3579 3581 3743 3742 3722 3723 
3623 3621 3581 3585 3744 3743 3723 3725 
2929 2931 3601 3545 3067 3068 3733 3705 
2927 2929 3545 3544 3066 3067 3705 3704 
2925 2927 3544 3547 3065 3066 3704 3706 
2923 2925 3547 3549 3064 3065 3706 3707 
2921 2923 3549 3551 3063 3064 3707 3708 
2918 2921 3551 3553 3061 3063 3708 3709 
2919 2918 3553 3605 3062 3061 3709 3735 
214 216 3604 3555 367 368 3734 3710 
212 214 3555 3557 366 367 3710 3711 
210 212 3557 3559 365 366 3711 3712 
208 210 3559 3561 364 365 3712 3713 
206 208 3561 3563 363 364 3713 3714 
204 206 3563 3565 362 363 3714 3715 
201 204 3565 3569 360 362 3715 3717 
202 201 3569 3609 361 360 3717 3737 
3626 3627 3623 3585 3745 3746 3744 3725 
3629 3626 3585 3584 3747 3745 3725 3724 
3631 3629 3584 3587 3748 3747 3724 3726 
3633 3631 3587 3589 3749 3748 3726 3727 
3635 3633 3589 3591 3750 3749 3727 3728 
3637 3635 3591 3593 3751 3750 3728 3729 
3639 3637 3593 3595 3752 3751 3729 3730 
3641 3639 3595 3597 3753 3752 3730 3731 
3643 3641 3597 3599 3754 3753 3731 3732 
3645 3643 3599 3601 3755 3754 3732 3733 
2933 3645 3601 2931 3069 3755 3733 3068 
3648 2969 2962 3649 3756 3087 3083 3757 
256 260 2969 3648 388 390 3087 3756 
3651 254 256 3648 3758 387 388 3756 
3653 3651 3648 3649 3759 3758 3756 3757 
3604 216 254 3651 3734 368 387 3758 
3605 3604 3651 3653 3735 3734 3758 3759 
2961 2919 3605 3653 3082 3062 3735 3759 
2962 2961 3653 3649 3083 3082 3759 3757 
3654 3655 3656 3657 3760 3761 3762 3763 
3657 3658 3659 3654 3763 3764 3765 3760 
3660 3661 3658 3657 3766 3767 3764 3763 
3662 3660 3657 3656 3768 3766 3763 3762 
3663 3662 3656 3655 3769 3768 3762 3761 
3664 3665 3663 3655 3770 3771 3769 3761 
3666 3667 3659 3658 3772 3773 3765 3764 
3668 3666 3658 3661 3774 3772 3764 3767 
3669 3670 3664 3655 3775 3776 3770 3761 
3671 3669 3655 3654 3777 3775 3761 3760 
3672 3671 3654 3659 3778 3777 3760 3765 
3673 3672 3659 3667 3779 3778 3765 3773 
3674 3675 3668 3661 3780 3781 3774 3767 
3676 3674 3661 3660 3782 3780 3767 3766 
3677 3676 3660 3662 3783 3782 3766 3768 
3678 3677 3662 3663 3784 3783 3768 3769 
3679 3678 3663 3665 3785 3784 3769 3771 
3680 3681 3679 3665 3786 3787 3785 3771 
3682 3680 3665 3664 3788 3786 3771 3770 
3683 3682 3664 3670 3789 3788 3770 3776 
3684 3685 3673 3667 3790 3791 3779 3773 
3686 3684 3667 3666 3792 3790 3773 3772 
3687 3686 3666 3668 3793 3792 3772 3774 
3688 3687 3668 3675 3794 3793 3774 3781 
3689 3690 3683 3670 3795 3796 3789 3776 
3691 3689 3670 3669 3797 3795 3776 3775 
3692 3691 3669 3671 3798 3797 3775 3777 
3693 3692 3671 3672 3799 3798 3777 3778 
3694 3693 3672 3673 3800 3799 3778 3779 
3695 3694 3673 3685 3801 3800 3779 3791 
3696 3697 3688 3675 3802 3803 3794 3781 
3698 3696 3675 3674 3804 3802 3781 3780 
3699 3698 3674 3676 3805 3804 3780 3782 
3700 3699 3676 3677 3806 3805 3782 3783 
3701 3700 3677 3678 3807 3806 3783 3784 
3702 3701 3678 3679 3808 3807 3784 3785 
3703 3702 3679 3681 3809 3808 3785 3787 
3704 3705 3703 3681 3810 3811 3809 3787 
3706 3704 3681 3680 3812 3810 3787 3786 
3707 3706 3680 3682 3813 3812 3786 3788 
3708 3707 3682 3683 3814 3813 3788 3789 
3709 3708 3683 3690 3815 3814 3789 3796 
3710 3709 3690 3689 3816 3815 3796 3795 
3711 3710 3689 3691 3817 3816 3795 3797 
3712 3711 3691 3692 3818 3817 3797 3798 
3713 3712 3692 3693 3819 3818 3798 3799 
3714 3713 3693 3694 3820 3819 3799 3800 
3715 3714 3694 3695 3821 3820 3800 3801 
3716 3717 3715 3695 3822 3823 3821 3801 
3718 3716 3695 3685 3824 3822 3801 3791 
3719 3718 3685 3684 3825 3824 3791 3790 
3720 3719 3684 3686 3826 3825 3790 3792 
3721 3720 3686 3687 3827 3826 3792 3793 
3722 3721 3687 3688 3828 3827 3793 3794 
3723 3722 3688 3697 3829 3828 3794 3803 
3724 3725 3723 3697 3830 3831 3829 3803 
3726 3724 3697 3696 3832 3830 3803 3802 
3727 3726 3696 3698 3833 3832 3802 3804 
3728 3727 3698 3699 3834 3833 3804 3805 
3729 3728 3699 3700 3835 3834 3805 3806 
3730 3729 3700 3701 3836 3835 3806 3807 
3731 3730 3701 3702 3837 3836 3807 3808 
3732 3731 3702 3703 3838 3837 3808 3809 
3733 3732 3703 3705 3839 3838 3809 3811 
3734 3735 3709 3710 3840 3841 3815 3816 
3736 3737 3717 3716 3842 3843 3823 3822 
3738 3736 3716 3718 3844 3842 3822 3824 
3739 3738 3718 3719 3845 3844 3824 3825 
3740 3739 3719 3720 3846 3845 3825 3826 
3741 3740 3720 3721 3847 3846 3826 3827 
3742 3741 3721 3722 3848 3847 3827 3828 
3743 3742 3722 3723 3849 3848 3828 3829 
3744 3743 3723 3725 3850 3849 3829 3831 
3067 3068 3733 3705 3185 3186 3839 3811 
3066 3067 3705 3704 3184 3185 3811 3810 
3065 3066 3704 3706 3183 3184 3810 3812 
3064 3065 3706 3707 3182 3183 3812 3813 
3063 3064 3707 3708 3181 3182 3813 3814 
3061 3063 3708 3709 3179 3181 3814 3815 
3062 3061 3709 3735 3180 3179 3815 3841 
367 368 3734 3710 497 498 3840 3816 
366 367 3710 3711 496 497 3816 3817 
365 366 3711 3712 495 496 3817 3818 
364 365 3712 3713 494 495 3818 3819 
363 364 3713 3714 493 494 3819 3820 
362 363 3714 3715 492 493 3820 3821 
360 362 3715 3717 490 492 3821 3823 
361 360 3717 3737 491 490 3823 3843 
3745 3746 3744 3725 3851 3852 3850 3831 
3747 3745 3725 3724 3853 3851 3831 3830 
3748 3747 3724 3726 3854 3853 3830 3832 
3749 3748 3726 3727 3855 3854 3832 3833 
3750 3749 3727 3728 3856 3855 3833 3834 
3751 3750 3728 3729 3857 3856 3834 3835 
3752 3751 3729 3730 3858 3857 3835 3836 
3753 3752 3730 3731 3859 3858 3836 3837 
3754 3753 3731 3732 3860 3859 3837 3838 
3755 3754 3732 3733 3861 3860 3838 3839 
3069 3755 3733 3068 3187 3861 3839 3186 
3756 3087 3083 3757 3862 3205 3201 3863 
388 390 3087 3756 518 520 3205 3862 
3758 387 388 3756 3864 517 518 3862 
3759 3758 3756 3757 3865 3864 3862 3863 
3734 368 387 3758 3840 498 517 3864 
3735 3734 3758 3759 3841 3840 3864 3865 
3082 3062 3735 3759 3200 3180 3841 3865 
3083 3082 3759 3757 3201 3200 3865 3863 
3760 3761 3762 3763 3866 3867 3868 3869 
3763 3764 3765 3760 3869 3870 3871 3866 
3766 3767 3764 3763 3872 3873 3870 3869 
3768 3766 3763 3762 3874 3872 3869 3868 
3769 3768 3762 3761 3875 3874 3868 3867 
3770 3771 3769 3761 3876 3877 3875 3867 
3772 3773 3765 3764 3878 3879 3871 3870 
3774 3772 3764 3767 3880 3878 3870 3873 
3775 3776 3770 3761 3881 3882 3876 3867 
3777 3775 3761 3760 3883 3881 3867 3866 
3778 3777 3760 3765 3884 3883 3866 3871 
3779 3778 3765 3773 3885 3884 3871 3879 
3780 3781 3774 3767 3886 3887 3880 3873 
3782 3780 3767 3766 3888 3886 3873 3872 
3783 3782 3766 3768 3889 3888 3872 3874 
3784 3783 3768 3769 3890 3889 3874 3875 
3785 3784 3769 3771 3891 3890 3875 3877 
3786 3787 3785 3771 3892 3893 3891 3877 
3788 3786 3771 3770 3894 3892 3877 3876 
3789 3788 3770 3776 3895 3894 3876 3882 
3790 3791 3779 3773 3896 3897 3885 3879 
3792 3790 3773 3772 3898 3896 3879 3878 
3793 3792 3772 3774 3899 3898 3878 3880 
3794 3793 3774 3781 3900 3899 3880 3887 
3795 3796 3789 3776 3901 3902 3895 3882 
3797 3795 3776 3775 3903 3901 3882 3881 
3798 3797 3775 3777 3904 3903 3881 3883 
3799 3798 3777 3778 3905 3904 3883 3884 
3800 3799 3778 3779 3906 3905 3884 3885 
3801 3800 3779 3791 3907 3906 3885 3897 
3802 3803 3794 3781 3908 3909 3900 3887 
3804 3802 3781 3780 3910 3908 3887 3886 
3805 3804 3780 3782 3911 3910 3886 3888 
3806 3805 3782 3783 3912 3911 3888 3889 
3807 3806 3783 3784 3913 3912 3889 3890 
3808 3807 3784 3785 3914 3913 3890 3891 
3809 3808 3785 3787 3915 3914 3891 3893 
3810 3811 3809 3787 3916 3917 3915 3893 
3812 3810 3787 3786 3918 3916 3893 3892 
3813 3812 3786 3788 3919 3918 3892 3894 
3814 3813 3788 3789 3920 3919 3894 3895 
3815 3814 3789 3796 3921 3920 3895 3902 
3816 3815 3796 3795 3922 3921 3902 3901 
3817 3816 3795 3797 3923 3922 3901 3903 
3818 3817 3797 3798 3924 3923 3903 3904 
3819 3818 3798 3799 3925 3924 3904 3905 
3820 3819 3799 3800 3926 3925 3905 3906 
3821 3820 3800 3801 3927 3926 3906 3907 
3822 3823 3821 3801 3928 3929 3927 3907 
3824 3822 3801 3791 3930 3928 3907 3897 
3825 3824 3791 3790 3931 3930 3897 3896 
3826 3825 3790 3792 3932 3931 3896 3898 
3827 3826 3792 3793 3933 3932 3898 3899 
3828 3827 3793 3794 3934 3933 3899 3900 
3829 3828 3794 3803 3935 3934 3900 3909 
3830 3831 3829 3803 3936 3937 3935 3909 
3832 3830 3803 3802 3938 3936 3909 3908 
3833 3832 3802 3804 3939 3938 3908 3910 
3834 3833 3804 3805 3940 3939 3910 3911 
3835 3834 3805 3806 3941 3940 3911 3912 
3836 3835 3806 3807 3942 3941 3912 3913 
3837 3836 3807 3808 3943 3942 3913 3914 
3838 3837 3808 3809 3944 3943 3914 3915 
3839 3838 3809 3811 3945 3944 3915 3917 
3840 3841 3815 3816 3946 3947 3921 3922 
3842 3843 3823 3822 3948 3949 3929 3928 
3844 3842 3822 3824 3950 3948 3928 3930 
3845 3844 3824 3825 3951 3950 3930 3931 
3846 3845 3825 3826 3952 3951 3931 3932 
3847 3846 3826 3827 3953 3952 3932 3933 
3848 3847 3827 3828 3954 3953 3933 3934 
3849 3848 3828 3829 3955 3954 3934 3935 
3850 3849 3829 3831 3956 3955 3935 3937 
3185 3186 3839 3811 3303 3304 3945 3917 
3184 3185 3811 3810 3302 3303 3917 3916 
3183 3184 3810 3812 3301 3302 3916 3918 
3182 3183 3812 3813 3300 3301 3918 3919 
3181 3182 3813 3814 3299 3300 3919 3920 
3179 3181 3814 3815 3297 3299 3920 3921 
3180 3179 3815 3841 3298 3297 3921 3947 
497 498 3840 3816 627 628 3946 3922 
496 497 3816 3817 626 627 3922 3923 
495 496 3817 3818 625 626 3923 3924 
494 495 3818 3819 624 625 3924 3925 
493 494 3819 3820 623 624 3925 3926 
492 493 3820 3821 622 623 3926 3927 
490 492 3821 3823 620 622 3927 3929 
491 490 3823 3843 621 620 3929 3949 
3851 3852 3850 3831 3957 3958 3956 3937 
3853 3851 3831 3830 3959 3957 3937 3936 
3854 3853 3830 3832 3960 3959 3936 3938 
3855 3854 3832 3833 3961 3960 3938 3939 
3856 3855 3833 3834 3962 3961 3939 3940 
3857 3856 3834 3835 3963 3962 3940 3941 
3858 3857 3835 3836 3964 3963 3941 3942 
3859 3858 3836 3837 3965 3964 3942 3943 
3860 3859 3837 3838 3966 3965 3943 3944 
3861 3860 3838 3839 3967 3966 3944 3945 
3187 3861 3839 3186 3305 3967 3945 3304 
3862 3205 3201 3863 3968 3323 3319 3969 
518 520 3205 3862 648 650 3323 3968 
3864 517 518 3862 3970 647 648 3968 
3865 3864 3862 3863 3971 3970 3968 3969 
3840 498 517 3864 3946 628 647 3970 
3841 3840 3864 3865 3947 3946 3970 3971 
3200 3180 3841 3865 3318 3298 3947 3971 
3201 3200 3865 3863 3319 3318 3971 3969 
3866 3867 3868 3869 3972 3973 3974 3975 
3869 3870 3871 3866 3975 3976 3977 3972 
3872 3873 3870 3869 3978 3979 3976 3975 
3874 3872 3869 3868 3980 3978 3975 3974 
3875 3874 3868 3867 3981 3980 3974 3973 
3876 3877 3875 3867 3982 3983 3981 3973 
3878 3879 3871 3870 3984 3985 3977 3976 
3880 3878 3870 3873 3986 3984 3976 3979 
3881 3882 3876 3867 3987 3988 3982 3973 
3883 3881 3867 3866 3989 3987 3973 3972 
3884 3883 3866 3871 3990 3989 3972 3977 
3885 3884 3871 3879 3991 3990 3977 3985 
3886 3887 3880 3873 3992 3993 3986 3979 
3888 3886 3873 3872 3994 3992 3979 3978 
3889 3888 3872 3874 3995 3994 3978 3980 
3890 3889 3874 3875 3996 3995 3980 3981 
3891 3890 3875 3877 3997 3996 3981 3983 
3892 3893 3891 3877 3998 3999 3997 3983 
3894 3892 3877 3876 4000 3998 3983 3982 
3895 3894 3876 3882 4001 4000 3982 3988 
3896 3897 3885 3879 4002 4003 3991 3985 
3898 3896 3879 3878 4004 4002 3985 3984 
3899 3898 3878 3880 4005 4004 3984 3986 
3900 3899 3880 3887 4006 4005 3986 3993 
3901 3902 3895 3882 4007 4008 4001 3988 
3903 3901 3882 3881 4009 4007 3988 3987 
3904 3903 3881 3883 4010 4009 3987 3989 
3905 3904 3883 3884 4011 4010 3989 3990 
3906 3905 3884 3885 4012 4011 3990 3991 
3907 3906 3885 3897 4013 4012 3991 4003 
3908 3909 3900 3887 4014 4015 4006 3993 
3910 3908 3887 3886 4016 4014 3993 3992 
3911 3910 3886 3888 4017 4016 3992 3994 
3912 3911 3888 3889 4018 4017 3994 3995 
3913 3912 3889 3890 4019 4018 3995 3996 
3914 3913 3890 3891 4020 4019 3996 3997 
3915 3914 3891 3893 4021 4020 3997 3999 
3916 3917 3915 3893 4022 4023 4021 3999 
3918 3916 3893 3892 4024 4022 3999 3998 
3919 3918 3892 3894 4025 4024 3998 4000 
3920 3919 3894 3895 4026 4025 4000 4001 
3921 3920 3895 3902 4027 4026 4001 4008 
3922 3921 3902 3901 4028 4027 4008 4007 
3923 3922 3901 3903 4029 4028 4007 4009 
3924 3923 3903 3904 4030 4029 4009 4010 
3925 3924 3904 3905 4031 4030 4010 4011 
3926 3925 3905 3906 4032 4031 4011 4012 
3927 3926 3906 3907 4033 4032 4012 4013 
3928 3929 3927 3907 4034 4035 4033 4013 
3930 3928 3907 3897 4036 4034 4013 4003 
3931 3930 3897 3896 4037 4036 4003 4002 
3932 3931 3896 3898 4038 4037 4002 4004 
3933 3932 3898 3899 4039 4038 4004 4005 
3934 3933 3899 3900 4040 4039 4005 4006 
3935 3934 3900 3909 4041 4040 4006 4015 
3936 3937 3935 3909 4042 4043 4041 4015 
3938 3936 3909 3908 4044 4042 4015 4014 
3939 3938 3908 3910 4045 4044 4014 4016 
3940 3939 3910 3911 4046 4045 4016 4017 
3941 3940 3911 3912 4047 4046 4017 4018 
3942 3941 3912 3913 4048 4047 4018 4019 
3943 3942 3913 3914 4049 4048 4019 4020 
3944 3943 3914 3915 4050 4049 4020 4021 
3945 3944 3915 3917 4051 4050 4021 4023 
3946 3947 3921 3922 4052 4053 4027 4028 
3948 3949 3929 3928 4054 4055 4035 4034 
3950 3948 3928 3930 4056 4054 4034 4036 
3951 3950 3930 3931 4057 4056 4036 4037 
3952 3951 3931 3932 4058 4057 4037 4038 
3953 3952 3932 3933 4059 4058 4038 4039 
3954 3953 3933 3934 4060 4059 4039 4040 
3955 3954 3934 3935 4061 4060 4040 4041 
3956 3955 3935 3937 4062 4061 4041 4043 
3303 3304 3945 3917 3421 3422 4051 4023 
3302 3303 3917 3916 3420 3421 4023 4022 
3301 3302 3916 3918 3419 3420 4022 4024 
3300 3301 3918 3919 3418 3419 4024 4025 
3299 3300 3919 3920 3417 3418 4025 4026 
3297 3299 3920 3921 3415 3417 4026 4027 
3298 3297 3921 3947 3416 3415 4027 4053 
627 628 3946 3922 757 758 4052 4028 
626 627 3922 3923 756 757 4028 4029 
625 626 3923 3924 755 756 4029 4030 
624 625 3924 3925 754 755 4030 4031 
623 624 3925 3926 753 754 4031 4032 
622 623 3926 3927 752 753 4032 4033 
620 622 3927 3929 750 752 4033 4035 
621 620 3929 3949 751 750 4035 4055 
3957 3958 3956 3937 4063 4064 4062 4043 
3959 3957 3937 3936 4065 4063 4043 4042 
3960 3959 3936 3938 4066 4065 4042 4044 
3961 3960 3938 3939 4067 4066 4044 4045 
3962 3961 3939 3940 4068 4067 4045 4046 
3963 3962 3940 3941 4069 4068 4046 4047 
3964 3963 3941 3942 4070 4069 4047 4048 
3965 3964 3942 3943 4071 4070 4048 4049 
3966 3965 3943 3944 4072 4071 4049 4050 
3967 3966 3944 3945 4073 4072 4050 4051 
3305 3967 3945 3304 3423 4073 4051 3422 
3968 3323 3319 3969 4074 3441 3437 4075 
648 650 3323 3968 778 780 3441 4074 
3970 647 648 3968 4076 777 778 4074 
3971 3970 3968 3969 4077 4076 4074 4075 
3946 628 647 3970 4052 758 777 4076 
3947 3946 3970 3971 4053 4052 4076 4077 
3318 3298 3947 3971 3436 3416 4053 4077 
3319 3318 3971 3969 3437 3436 4077 4075 
2737 2736 2735 2734 4078 4079 4080 4081 
2734 2743 2742 2737 4081 4082 4083 4078 
2737 2742 2747 2746 4078 4083 4084 4085 
2736 2737 2746 2750 4079 4078 4085 4086 
2735 2736 2750 2752 4080 4079 4086 4087 
2735 2752 2755 2754 4080 4087 4088 4089 
2742 2743 2759 2758 4083 4082 4090 4091 
2747 2742 2758 2762 4084 4083 4091 4092 
2735 2754 2765 2764 4080 4089 4093 4094 
2734 2735 2764 2768 4081 4080 4094 4095 
2743 2734 2768 2770 4082 4081 4095 4096 
2759 2743 2770 2772 4090 4082 4096 4097 
2747 2762 2775 2774 4084 4092 4098 4099 
2746 2747 2774 2778 4085 4084 4099 4100 
2750 2746 2778 2780 4086 4085 4100 4101 
2752 2750 2780 2782 4087 4086 4101 4102 
2755 2752 2782 2784 4088 4087 4102 4103 
2755 2784 2787 2786 4088 4103 4104 4105 
2754 2755 2786 2790 4089 4088 4105 4106 
2765 2754 2790 2792 4093 4089 4106 4107 
2759 2772 2795 2794 4090 4097 4108 4109 
2758 2759 2794 2798 4091 4090 4109 4110 
2762 2758 2798 2800 4092 4091 4110 4111 
2775 2762 2800 2802 4098 4092 4111 4112 
2765 2792 2805 2804 4093 4107 4113 4114 
2764 2765 2804 2808 4094 4093 4114 4115 
2768 2764 2808 2810 4095 4094 4115 4116 
2770 2768 2810 2812 4096 4095 4116 4117 
2772 2770 2812 2814 4097 4096 4117 4118 
2795 2772 2814 2816 4108 4097 4118 4119 
2775 2802 2819 2818 4098 4112 4120 4121 
2774 2775 2818 2822 4099 4098 4121 4122 
2778 2774 2822 2824 4100 4099 4122 4123 
2780 2778 2824 2826 4101 4100 4123 4124 
2782 2780 2826 2828 4102 4101 4124 4125 
2784 2782 2828 2830 4103 4102 4125 4126 
2787 2784 2830 2832 4104 4103 4126 4127 
2787 2832 2835 2834 4104 4127 4128 4129 
2786 2787 2834 2838 4105 4104 4129 4130 
2790 2786 2838 2840 4106 4105 4130 4131 
2792 2790 2840 2842 4107 4106 4131 4132 
2805 2792 2842 2844 4113 4107 4132 4133 
2804 2805 2844 2846 4114 4113 4133 4134 
2808 2804 2846 2848 4115 4114 4134 4135 
2810 2808 2848 2850 4116 4115 4135 4136 
2812 2810 2850 2852 4117 4116 4136 4137 
2814 2812 2852 2854 4118 4117 4137 4138 
2816 2814 2854 2856 4119 4118 4138 4139 
2816 2856 2859 2858 4119 4139 4140 4141 
2795 2816 2858 2862 4108 4119 4141 4142 
2794 2795 2862 2864 4109 4108 4142 4143 
2798 2794 2864 2866 4110 4109 4143 4144 
2800 2798 2866 2868 4111 4110 4144 4145 
2802 2800 2868 2870 4112 4111 4145 4146 
2819 2802 2870 2872 4120 4112 4146 4147 
2819 2872 2875 2874 4120 4147 4148 4149 
2818 2819 2874 2878 4121 4120 4149 4150 
2822 2818 2878 2880 4122 4121 4150 4151 
2824 2822 2880 2882 4123 4122 4151 4152 
2826 2824 2882 2884 4124 4123 4152 4153 
2828 2826 2884 2886 4125 4124 4153 4154 
2830 2828 2886 2888 4126 4125 4154 4155 
2832 2830 2888 2890 4127 4126 4155 4156 
2835 2832 2890 2892 4128 4127 4156 4157 
2846 2844 2895 2894 4134 4133 4158 4159 
2858 2859 2899 2898 4141 4140 4160 4161 
2862 2858 2898 2902 4142 4141 4161 4162 
2864 2862 2902 2904 4143 4142 4162 4163 
2866 2864 2904 2906 4144 4143 4163 4164 
2868 2866 2906 2908 4145 4144 4164 4165 
2870 2868 2908 2910 4146 4145 4165 4166 
2872 2870 2910 2912 4147 4146 4166 4167 
2875 2872 2912 2914 4148 4147 4167 4168 
2835 2892 977 975 4128 4157 2241 2240 
2834 2835 975 973 4129 4128 2240 2239 
2838 2834 973 971 4130 4129 2239 2238 
2840 2838 971 969 4131 4130 2238 2237 
2842 2840 969 967 4132 4131 2237 2236 
2844 2842 967 963 4133 4132 2236 2235 
2895 2844 963 964 4158 4133 2235 2234 
2846 2894 2917 2916 4134 4159 4169 4170 
2848 2846 2916 2920 4135 4134 4170 4171 
2850 2848 2920 2922 4136 4135 4171 4172 
2852 2850 2922 2924 4137 4136 4172 4173 
2854 2852 2924 2926 4138 4137 4173 4174 
2856 2854 2926 2928 4139 4138 4174 4175 
2859 2856 2928 2930 4140 4139 4175 4176 
2899 2859 2930 2932 4160 4140 4176 4177 
2875 2914 2935 2934 4148 4168 4178 4179 
2874 2875 2934 2938 4149 4148 4179 4180 
2878 2874 2938 2940 4150 4149 4180 4181 
2880 2878 2940 2942 4151 4150 4181 4182 
2882 2880 2942 2944 4152 4151 4182 4183 
2884 2882 2944 2946 4153 4152 4183 4184 
2886 2884 2946 2948 4154 4153 4184 4185 
2888 2886 2948 2950 4155 4154 4185 4186 
2890 2888 2950 2952 4156 4155 4186 4187 
2892 2890 2952 2954 4157 4156 4187 4188 
977 2892 2954 979 2241 4157 4188 2242 
4189 4190 4191 4192 4193 4194 4195 4196 
2264 1612 4190 4189 2265 1614 4194 4193 
4197 2262 2264 4189 4198 2263 2265 4193 
4199 4197 4189 4192 4200 4198 4193 4196 
2895 964 2262 4197 4158 2234 2263 4198 
2894 2895 4197 4199 4159 4158 4198 4200 
4201 2917 2894 4199 4202 4169 4159 4200 
4191 4201 4199 4192 4195 4202 4200 4196 
4078 4079 4080 4081 4203 4204 4205 4206 
4081 4082 4083 4078 4206 4207 4208 4203 
4078 4083 4084 4085 4203 4208 4209 4210 
4079 4078 4085 4086 4204 4203 4210 4211 
4080 4079 4086 4087 4205 4204 4211 4212 
4080 4087 4088 4089 4205 4212 4213 4214 
4083 4082 4090 4091 4208 4207 4215 4216 
4084 4083 4091 4092 4209 4208 4216 4217 
4080 4089 4093 4094 4205 4214 4218 4219 
4081 4080 4094 4095 4206 4205 4219 4220 
4082 4081 4095 4096 4207 4206 4220 4221 
4090 4082 4096 4097 4215 4207 4221 4222 
4084 4092 4098 4099 4209 4217 4223 4224 
4085 4084 4099 4100 4210 4209 4224 4225 
4086 4085 4100 4101 4211 4210 4225 4226 
4087 4086 4101 4102 4212 4211 4226 4227 
4088 4087 4102 4103 4213 4212 4227 4228 
4088 4103 4104 4105 4213 4228 4229 4230 
4089 4088 4105 4106 4214 4213 4230 4231 
4093 4089 4106 4107 4218 4214 4231 4232 
4090 4097 4108 4109 4215 4222 4233 4234 
4091 4090 4109 4110 4216 4215 4234 4235 
4092 4091 4110 4111 4217 4216 4235 4236 
4098 4092 4111 4112 4223 4217 4236 4237 
4093 4107 4113 4114 4218 4232 4238 4239 
4094 4093 4114 4115 4219 4218 4239 4240 
4095 4094 4115 4116 4220 4219 4240 4241 
4096 4095 4116 4117 4221 4220 4241 4242 
4097 4096 4117 4118 4222 4221 4242 4243 
4108 4097 4118 4119 4233 4222 4243 4244 
4098 4112 4120 4121 4223 4237 4245 4246 
4099 4098 4121 4122 4224 4223 4246 4247 
4100 4099 4122 4123 4225 4224 4247 4248 
4101 4100 4123 4124 4226 4225 4248 4249 
4102 4101 4124 4125 4227 4226 4249 4250 
4103 4102 4125 4126 4228 4227 4250 4251 
4104 4103 4126 4127 4229 4228 4251 4252 
4104 4127 4128 4129 4229 4252 4253 4254 
4105 4104 4129 4130 4230 4229 4254 4255 
4106 4105 4130 4131 4231 4230 4255 4256 
4107 4106 4131 4132 4232 4231 4256 4257 
4113 4107 4132 4133 4238 4232 4257 4258 
4114 4113 4133 4134 4239 4238 4258 4259 
4115 4114 4134 4135 4240 4239 4259 4260 
4116 4115 4135 4136 4241 4240 4260 4261 
4117 4116 4136 4137 4242 4241 4261 4262 
4118 4117 4137 4138 4243 4242 4262 4263 
4119 4118 4138 4139 4244 4243 4263 4264 
4119 4139 4140 4141 4244 4264 4265 4266 
4108 4119 4141 4142 4233 4244 4266 4267 
4109 4108 4142 4143 4234 4233 4267 4268 
4110 4109 4143 4144 4235 4234 4268 4269 
4111 4110 4144 4145 4236 4235 4269 4270 
4112 4111 4145 4146 4237 4236 4270 4271 
4120 4112 4146 4147 4245 4237 4271 4272 
4120 4147 4148 4149 4245 4272 4273 4274 
4121 4120 4149 4150 4246 4245 4274 4275 
4122 4121 4150 4151 4247 4246 4275 4276 
4123 4122 4151 4152 4248 4247 4276 4277 
4124 4123 4152 4153 4249 4248 4277 4278 
4125 4124 4153 4154 4250 4249 4278 4279 
4126 4125 4154 4155 4251 4250 4279 4280 
4127 4126 4155 4156 4252 4251 4280 4281 
4128 4127 4156 4157 4253 4252 4281 4282 
4134 4133 4158 4159 4259 4258 4283 4284 
4141 4140 4160 4161 4266 4265 4285 4286 
4142 4141 4161 4162 4267 4266 4286 4287 
4143 4142 4162 4163 4268 4267 4287 4288 
4144 4143 4163 4164 4269 4268 4288 4289 
4145 4144 4164 4165 4270 4269 4289 4290 
4146 4145 4165 4166 4271 4270 4290 4291 
4147 4146 4166 4167 4272 4271 4291 4292 
4148 4147 4167 4168 4273 4272 4292 4293 
4128 4157 2241 2240 4253 4282 2364 2363 
4129 4128 2240 2239 4254 4253 2363 2362 
4130 4129 2239 2238 4255 4254 2362 2361 
4131 4130 2238 2237 4256 4255 2361 2360 
4132 4131 2237 2236 4257 4256 2360 2359 
4133 4132 2236 2235 4258 4257 2359 2358 
4158 4133 2235 2234 4283 4258 2358 2357 
4134 4159 4169 4170 4259 4284 4294 4295 
4135 4134 4170 4171 4260 4259 4295 4296 
4136 4135 4171 4172 4261 4260 4296 4297 
4137 4136 4172 4173 4262 4261 4297 4298 
4138 4137 4173 4174 4263 4262 4298 4299 
4139 4138 4174 4175 4264 4263 4299 4300 
4140 4139 4175 4176 4265 4264 4300 4301 
4160 4140 4176 4177 4285 4265 4301 4302 
4148 4168 4178 4179 4273 4293 4303 4304 
4149 4148 4179 4180 4274 4273 4304 4305 
4150 4149 4180 4181 4275 4274 4305 4306 
4151 4150 4181 4182 4276 4275 4306 4307 
4152 4151 4182 4183 4277 4276 4307 4308 
4153 4152 4183 4184 4278 4277 4308 4309 
4154 4153 4184 4185 4279 4278 4309 4310 
4155 4154 4185 4186 4280 4279 4310 4311 
4156 4155 4186 4187 4281 4280 4311 4312 
4157 4156 4187 4188 4282 4281 4312 4313 
2241 4157 4188 2242 2364 4282 4313 2365 
4193 4194 4195 4196 4314 4315 4316 4317 
2265 1614 4194 4193 2382 1748 4315 4314 
4198 2263 2265 4193 4318 2381 2382 4314 
4200 4198 4193 4196 4319 4318 4314 4317 
4158 2234 2263 4198 4283 2357 2381 4318 
4159 4158 4198 4200 4284 4283 4318 4319 
4202 4169 4159 4200 4320 4294 4284 4319 
4195 4202 4200 4196 4316 4320 4319 4317 
4203 4204 4205 4206 4321 4322 4323 4324 
4206 4207 4208 4203 4324 4325 4326 4321 
4203 4208 4209 4210 4321 4326 4327 4328 
4204 4203 4210 4211 4322 4321 4328 4329 
4205 4204 4211 4212 4323 4322 4329 4330 
4205 4212 4213 4214 4323 4330 4331 4332 
4208 4207 4215 4216 4326 4325 4333 4334 
4209 4208 4216 4217 4327 4326 4334 4335 
4205 4214 4218 4219 4323 4332 4336 4337 
4206 4205 4219 4220 4324 4323 4337 4338 
4207 4206 4220 4221 4325 4324 4338 4339 
4215 4207 4221 4222 4333 4325 4339 4340 
4209 4217 4223 4224 4327 4335 4341 4342 
4210 4209 4224 4225 4328 4327 4342 4343 
4211 4210 4225 4226 4329 4328 4343 4344 
4212 4211 4226 4227 4330 4329 4344 4345 
4213 4212 4227 4228 4331 4330 4345 4346 
4213 4228 4229 4230 4331 4346 4347 4348 
4214 4213 4230 4231 4332 4331 4348 4349 
4218 4214 4231 4232 4336 4332 4349 4350 
4215 4222 4233 4234 4333 4340 4351 4352 
4216 4215 4234 4235 4334 4333 4352 4353 
4217 4216 4235 4236 4335 4334 4353 4354 
4223 4217 4236 4237 4341 4335 4354 4355 
4218 4232 4238 4239 4336 4350 4356 4357 
4219 4218 4239 4240 4337 4336 4357 4358 
4220 4219 4240 4241 4338 4337 4358 4359 
4221 4220 4241 4242 4339 4338 4359 4360 
4222 4221 4242 4243 4340 4339 4360 4361 
4233 4222 4243 4244 4351 4340 4361 4362 
4223 4237 4245 4246 4341 4355 4363 4364 
4224 4223 4246 4247 4342 4341 4364 4365 
4225 4224 4247 4248 4343 4342 4365 4366 
4226 4225 4248 4249 4344 4343 4366 4367 
4227 4226 4249 4250 4345 4344 4367 4368 
4228 4227 4250 4251 4346 4345 4368 4369 
4229 4228 4251 4252 4347 4346 4369 4370 
4229 4252 4253 4254 4347 4370 4371 4372 
4230 4229 4254 4255 4348 4347 4372 4373 
4231 4230 4255 4256 4349 4348 4373 4374 
4232 4231 4256 4257 4350 4349 4374 4375 
4238 4232 4257 4258 4356 4350 4375 4376 
4239 4238 4258 4259 4357 4356 4376 4377 
4240 4239 4259 4260 4358 4357 4377 4378 
4241 4240 4260 4261 4359 4358 4378 4379 
4242 4241 4261 4262 4360 4359 4379 4380 
4243 4242 4262 4263 4361 4360 4380 4381 
4244 4243 4263 4264 4362 4361 4381 4382 
4244 4264 4265 4266 4362 4382 4383 4384 
4233 4244 4266 4267 4351 4362 4384 4385 
4234 4233 4267 4268 4352 4351 4385 4386 
4235 4234 4268 4269 4353 4352 4386 4387 
4236 4235 4269 4270 4354 4353 4387 4388 
4237 4236 4270 4271 4355 4354 4388 4389 
4245 4237 4271 4272 4363 4355 4389 4390 
4245 4272 4273 4274 4363 4390 4391 4392 
4246 4245 4274 4275 4364 4363 4392 4393 
4247 4246 4275 4276 4365 4364 4393 4394 
4248 4247 4276 4277 4366 4365 4394 4395 
4249 4248 4277 4278 4367 4366 4395 4396 
4250 4249 4278 4279 4368 4367 4396 4397 
4251 4250 4279 4280 4369 4368 4397 4398 
4252 4251 4280 4281 4370 4369 4398 4399 
4253 4252 4281 4282 4371 4370 4399 4400 
4259 4258 4283 4284 4377 4376 4401 4402 
4266 4265 4285 4286 4384 4383 4403 4404 
4267 4266 4286 4287 4385 4384 4404 4405 
4268 4267 4287 4288 4386 4385 4405 4406 
4269 4268 4288 4289 4387 4386 4406 4407 
4270 4269 4289 4290 4388 4387 4407 4408 
4271 4270 4290 4291 4389 4388 4408 4409 
4272 4271 4291 4292 4390 4389 4409 4410 
4273 4272 4292 4293 4391 4390 4410 4411 
4253 4282 2364 2363 4371 4400 2481 2480 
4254 4253 2363 2362 4372 4371 2480 2479 
4255 4254 2362 2361 4373 4372 2479 2478 
4256 4255 2361 2360 4374 4373 2478 2477 
4257 4256 2360 2359 4375 4374 2477 2476 
4258 4257 2359 2358 4376 4375 2476 2475 
4283 4258 2358 2357 4401 4376 2475 2474 
4259 4284 4294 4295 4377 4402 4412 4413 
4260 4259 4295 4296 4378 4377 4413 4414 
4261 4260 4296 4297 4379 4378 4414 4415 
4262 4261 4297 4298 4380 4379 4415 4416 
4263 4262 4298 4299 4381 4380 4416 4417 
4264 4263 4299 4300 4382 4381 4417 4418 
4265 4264 4300 4301 4383 4382 4418 4419 
4285 4265 4301 4302 4403 4383 4419 4420 
4273 4293 4303 4304 4391 4411 4421 4422 
4274 4273 4304 4305 4392 4391 4422 4423 
4275 4274 4305 4306 4393 4392 4423 4424 
4276 4275 4306 4307 4394 4393 4424 4425 
4277 4276 4307 4308 4395 4394 4425 4426 
4278 4277 4308 4309 4396 4395 4426 4427 
4279 4278 4309 4310 4397 4396 4427 4428 
4280 4279 4310 4311 4398 4397 4428 4429 
4281 4280 4311 4312 4399 4398 4429 4430 
4282 4281 4312 4313 4400 4399 4430 4431 
2364 4282 4313 2365 2481 4400 4431 2482 
4314 4315 4316 4317 4432 4433 4434 4435 
2382 1748 4315 4314 2499 1878 4433 4432 
4318 2381 2382 4314 4436 2498 2499 4432 
4319 4318 4314 4317 4437 4436 4432 4435 
4283 2357 2381 4318 4401 2474 2498 4436 
4284 4283 4318 4319 4402 4401 4436 4437 
4320 4294 4284 4319 4438 4412 4402 4437 
4316 4320 4319 4317 4434 4438 4437 4435 
4321 4322 4323 4324 4439 4440 4441 4442 
4324 4325 4326 4321 4442 4443 4444 4439 
4321 4326 4327 4328 4439 4444 4445 4446 
4322 4321 4328 4329 4440 4439 4446 4447 
4323 4322 4329 4330 4441 4440 4447 4448 
4323 4330 4331 4332 4441 4448 4449 4450 
4326 4325 4333 4334 4444 4443 4451 4452 
4327 4326 4334 4335 4445 4444 4452 4453 
4323 4332 4336 4337 4441 4450 4454 4455 
4324 4323 4337 4338 4442 4441 4455 4456 
4325 4324 4338 4339 4443 4442 4456 4457 
4333 4325 4339 4340 4451 4443 4457 4458 
4327 4335 4341 4342 4445 4453 4459 4460 
4328 4327 4342 4343 4446 4445 4460 4461 
4329 4328 4343 4344 4447 4446 4461 4462 
4330 4329 4344 4345 4448 4447 4462 4463 
4331 4330 4345 4346 4449 4448 4463 4464 
4331 4346 4347 4348 4449 4464 4465 4466 
4332 4331 4348 4349 4450 4449 4466 4467 
4336 4332 4349 4350 4454 4450 4467 4468 
4333 4340 4351 4352 4451 4458 4469 4470 
4334 4333 4352 4353 4452 4451 4470 4471 
4335 4334 4353 4354 4453 4452 4471 4472 
4341 4335 4354 4355 4459 4453 4472 4473 
4336 4350 4356 4357 4454 4468 4474 4475 
4337 4336 4357 4358 4455 4454 4475 4476 
4338 4337 4358 4359 4456 4455 4476 4477 
4339 4338 4359 4360 4457 4456 4477 4478 
4340 4339 4360 4361 4458 4457 4478 4479 
4351 4340 4361 4362 4469 4458 4479 4480 
4341 4355 4363 4364 4459 4473 4481 4482 
4342 4341 4364 4365 4460 4459 4482 4483 
4343 4342 4365 4366 4461 4460 4483 4484 
4344 4343 4366 4367 4462 4461 4484 4485 
4345 4344 4367 4368 4463 4462 4485 4486 
4346 4345 4368 4369 4464 4463 4486 4487 
4347 4346 4369 4370 4465 4464 4487 4488 
4347 4370 4371 4372 4465 4488 4489 4490 
4348 4347 4372 4373 4466 4465 4490 4491 
4349 4348 4373 4374 4467 4466 4491 4492 
4350 4349 4374 4375 4468 4467 4492 4493 
4356 4350 4375 4376 4474 4468 4493 4494 
4357 4356 4376 4377 4475 4474 4494 4495 
4358 4357 4377 4378 4476 4475 4495 4496 
4359 4358 4378 4379 4477 4476 4496 4497 
4360 4359 4379 4380 4478 4477 4497 4498 
4361 4360 4380 4381 4479 4478 4498 4499 
4362 4361 4381 4382 4480 4479 4499 4500 
4362 4382 4383 4384 4480 4500 4501 4502 
4351 4362 4384 4385 4469 4480 4502 4503 
4352 4351 4385 4386 4470 4469 4503 4504 
4353 4352 4386 4387 4471 4470 4504 4505 
4354 4353 4387 4388 4472 4471 4505 4506 
4355 4354 4388 4389 4473 4472 4506 4507 
4363 4355 4389 4390 4481 4473 4507 4508 
4363 4390 4391 4392 4481 4508 4509 4510 
4364 4363 4392 4393 4482 4481 4510 4511 
4365 4364 4393 4394 4483 4482 4511 4512 
4366 4365 4394 4395 4484 4483 4512 4513 
4367 4366 4395 4396 4485 4484 4513 4514 
4368 4367 4396 4397 4486 4485 4514 4515 
4369 4368 4397 4398 4487 4486 4515 4516 
4370 4369 4398 4399 4488 4487 4516 4517 
4371 4370 4399 4400 4489 4488 4517 4518 
4377 4376 4401 4402 4495 4494 4519 4520 
4384 4383 4403 4404 4502 4501 4521 4522 
4385 4384 4404 4405 4503 4502 4522 4523 
4386 4385 4405 4406 4504 4503 4523 4524 
4387 4386 4406 4407 4505 4504 4524 4525 
4388 4387 4407 4408 4506 4505 4525 4526 
4389 4388 4408 4409 4507 4506 4526 4527 
4390 4389 4409 4410 4508 4507 4527 4528 
4391 4390 4410 4411 4509 4508 4528 4529 
4371 4400 2481 2480 4489 4518 2598 2597 
4372 4371 2480 2479 4490 4489 2597 2596 
4373 4372 2479 2478 4491 4490 2596 2595 
4374 4373 2478 2477 4492 4491 2595 2594 
4375 4374 2477 2476 4493 4492 2594 2593 
4376 4375 2476 2475 4494 4493 2593 2592 
4401 4376 2475 2474 4519 4494 2592 2591 
4377 4402 4412 4413 4495 4520 4530 4531 
4378 4377 4413 4414 4496 4495 4531 4532 
4379 4378 4414 4415 4497 4496 4532 4533 
4380 4379 4415 4416 4498 4497 4533 4534 
4381 4380 4416 4417 4499 4498 4534 4535 
4382 4381 4417 4418 4500 4499 4535 4536 
4383 4382 4418 4419 4501 4500 4536 4537 
4403 4383 4419 4420 4521 4501 4537 4538 
4391 4411 4421 4422 4509 4529 4539 4540 
4392 4391 4422 4423 4510 4509 4540 4541 
4393 4392 4423 4424 4511 4510 4541 4542 
4394 4393 4424 4425 4512 4511 4542 4543 
4395 4394 4425 4426 4513 4512 4543 4544 
4396 4395 4426 4427 4514 4513 4544 4545 
4397 4396 4427 4428 4515 4514 4545 4546 
4398 4397 4428 4429 4516 4515 4546 4547 
4399 4398 4429 4430 4517 4516 4547 4548 
4400 4399 4430 4431 4518 4517 4548 4549 
2481 4400 4431 2482 2598 4518 4549 2599 
4432 4433 4434 4435 4550 4551 4552 4553 
2499 1878 4433 4432 2616 2008 4551 4550 
4436 2498 2499 4432 4554 2615 2616 4550 
4437 4436 4432 4435 4555 4554 4550 4553 
4401 2474 2498 4436 4519 2591 2615 4554 
4402 4401 4436 4437 4520 4519 4554 4555 
4438 4412 4402 4437 4556 4530 4520 4555 
4434 4438 4437 4435 4552 4556 4555 4553 
4439 4440 4441 4442 4557 4558 4559 4560 
4442 4443 4444 4439 4560 4561 4562 4557 
4439 4444 4445 4446 4557 4562 4563 4564 
4440 4439 4446 4447 4558 4557 4564 4565 
4441 4440 4447 4448 4559 4558 4565 4566 
4441 4448 4449 4450 4559 4566 4567 4568 
4444 4443 4451 4452 4562 4561 4569 4570 
4445 4444 4452 4453 4563 4562 4570 4571 
4441 4450 4454 4455 4559 4568 4572 4573 
4442 4441 4455 4456 4560 4559 4573 4574 
4443 4442 4456 4457 4561 4560 4574 4575 
4451 4443 4457 4458 4569 4561 4575 4576 
4445 4453 4459 4460 4563 4571 4577 4578 
4446 4445 4460 4461 4564 4563 4578 4579 
4447 4446 4461 4462 4565 4564 4579 4580 
4448 4447 4462 4463 4566 4565 4580 4581 
4449 4448 4463 4464 4567 4566 4581 4582 
4449 4464 4465 4466 4567 4582 4583 4584 
4450 4449 4466 4467 4568 4567 4584 4585 
4454 4450 4467 4468 4572 4568 4585 4586 
4451 4458 4469 4470 4569 4576 4587 4588 
4452 4451 4470 4471 4570 4569 4588 4589 
4453 4452 4471 4472 4571 4570 4589 4590 
4459 4453 4472 4473 4577 4571 4590 4591 
4454 4468 4474 4475 4572 4586 4592 4593 
4455 4454 4475 4476 4573 4572 4593 4594 
4456 4455 4476 4477 4574 4573 4594 4595 
4457 4456 4477 4478 4575 4574 4595 4596 
4458 4457 4478 4479 4576 4575 4596 4597 
4469 4458 4479 4480 4587 4576 4597 4598 
4459 4473 4481 4482 4577 4591 4599 4600 
4460 4459 4482 4483 4578 4577 4600 4601 
4461 4460 4483 4484 4579 4578 4601 4602 
4462 4461 4484 4485 4580 4579 4602 4603 
4463 4462 4485 4486 4581 4580 4603 4604 
4464 4463 4486 4487 4582 4581 4604 4605 
4465 4464 4487 4488 4583 4582 4605 4606 
4465 4488 4489 4490 4583 4606 4607 4608 
4466 4465 4490 4491 4584 4583 4608 4609 
4467 4466 4491 4492 4585 4584 4609 4610 
4468 4467 4492 4493 4586 4585 4610 4611 
4474 4468 4493 4494 4592 4586 4611 4612 
4475 4474 4494 4495 4593 4592 4612 4613 
4476 4475 4495 4496 4594 4593 4613 4614 
4477 4476 4496 4497 4595 4594 4614 4615 
4478 4477 4497 4498 4596 4595 4615 4616 
4479 4478 4498 4499 4597 4596 4616 4617 
4480 4479 4499 4500 4598 4597 4617 4618 
4480 4500 4501 4502 4598 4618 4619 4620 
4469 4480 4502 4503 4587 4598 4620 4621 
4470 4469 4503 4504 4588 4587 4621 4622 
4471 4470 4504 4505 4589 4588 4622 4623 
4472 4471 4505 4506 4590 4589 4623 4624 
4473 4472 4506 4507 4591 4590 4624 4625 
4481 4473 4507 4508 4599 4591 4625 4626 
4481 4508 4509 4510 4599 4626 4627 4628 
4482 4481 4510 4511 4600 4599 4628 4629 
4483 4482 4511 4512 4601 4600 4629 4630 
4484 4483 4512 4513 4602 4601 4630 4631 
4485 4484 4513 4514 4603 4602 4631 4632 
4486 4485 4514 4515 4604 4603 4632 4633 
4487 4486 4515 4516 4605 4604 4633 4634 
4488 4487 4516 4517 4606 4605 4634 4635 
4489 4488 4517 4518 4607 4606 4635 4636 
4495 4494 4519 4520 4613 4612 4637 4638 
4502 4501 4521 4522 4620 4619 4639 4640 
4503 4502 4522 4523 4621 4620 4640 4641 
4504 4503 4523 4524 4622 4621 4641 4642 
4505 4504 4524 4525 4623 4622 4642 4643 
4506 4505 4525 4526 4624 4623 4643 4644 
4507 4506 4526 4527 4625 4624 4644 4645 
4508 4507 4527 4528 4626 4625 4645 4646 
4509 4508 4528 4529 4627 4626 4646 4647 
4489 4518 2598 2597 4607 4636 2715 2714 
4490 4489 2597 2596 4608 4607 2714 2713 
4491 4490 2596 2595 4609 4608 2713 2712 
4492 4491 2595 2594 4610 4609 2712 2711 
4493 4492 2594 2593 4611 4610 2711 2710 
4494 4493 2593 2592 4612 4611 2710 2709 
4519 4494 2592 2591 4637 4612 2709 2708 
4495 4520 4530 4531 4613 4638 4648 4649 
4496 4495 4531 4532 4614 4613 4649 4650 
4497 4496 4532 4533 4615 4614 4650 4651 
4498 4497 4533 4534 4616 4615 4651 4652 
4499 4498 4534 4535 4617 4616 4652 4653 
4500 4499 4535 4536 4618 4617 4653 4654 
4501 4500 4536 4537 4619 4618 4654 4655 
4521 4501 4537 4538 4639 4619 4655 4656 
4509 4529 4539 4540 4627 4647 4657 4658 
4510 4509 4540 4541 4628 4627 4658 4659 
4511 4510 4541 4542 4629 4628 4659 4660 
4512 4511 4542 4543 4630 4629 4660 4661 
4513 4512 4543 4544 4631 4630 4661 4662 
4514 4513 4544 4545 4632 4631 4662 4663 
4515 4514 4545 4546 4633 4632 4663 4664 
4516 4515 4546 4547 4634 4633 4664 4665 
4517 4516 4547 4548 4635 4634 4665 4666 
4518 4517 4548 4549 4636 4635 4666 4667 
2598 4518 4549 2599 2715 4636 4667 2716 
4550 4551 4552 4553 4668 4669 4670 4671 
2616 2008 4551 4550 2733 2138 4669 4668 
4554 2615 2616 4550 4672 2732 2733 4668 
4555 4554 4550 4553 4673 4672 4668 4671 
4519 2591 2615 4554 4637 2708 2732 4672 
4520 4519 4554 4555 4638 4637 4672 4673 
4556 4530 4520 4555 4674 4648 4638 4673 
4552 4556 4555 4553 4670 4674 4673 4671 
3445 3444 3443 3442 4675 4676 4677 4678 
3442 3451 3450 3445 4678 4679 4680 4675 
3445 3450 3455 3454 4675 4680 4681 4682 
3444 3445 3454 3458 4676 4675 4682 4683 
3443 3444 3458 3460 4677 4676 4683 4684 
3443 3460 3463 3462 4677 4684 4685 4686 
3450 3451 3467 3466 4680 4679 4687 4688 
3455 3450 3466 3470 4681 4680 4688 4689 
3443 3462 3473 3472 4677 4686 4690 4691 
3442 3443 3472 3476 4678 4677 4691 4692 
3451 3442 3476 3478 4679 4678 4692 4693 
3467 3451 3478 3480 4687 4679 4693 4694 
3455 3470 3483 3482 4681 4689 4695 4696 
3454 3455 3482 3486 4682 4681 4696 4697 
3458 3454 3486 3488 4683 4682 4697 4698 
3460 3458 3488 3490 4684 4683 4698 4699 
3463 3460 3490 3492 4685 4684 4699 4700 
3463 3492 3495 3494 4685 4700 4701 4702 
3462 3463 3494 3498 4686 4685 4702 4703 
3473 3462 3498 3500 4690 4686 4703 4704 
3467 3480 3503 3502 4687 4694 4705 4706 
3466 3467 3502 3506 4688 4687 4706 4707 
3470 3466 3506 3508 4689 4688 4707 4708 
3483 3470 3508 3510 4695 4689 4708 4709 
3473 3500 3513 3512 4690 4704 4710 4711 
3472 3473 3512 3516 4691 4690 4711 4712 
3476 3472 3516 3518 4692 4691 4712 4713 
3478 3476 3518 3520 4693 4692 4713 4714 
3480 3478 3520 3522 4694 4693 4714 4715 
3503 3480 3522 3524 4705 4694 4715 4716 
3483 3510 3527 3526 4695 4709 4717 4718 
3482 3483 3526 3530 4696 4695 4718 4719 
3486 3482 3530 3532 4697 4696 4719 4720 
3488 3486 3532 3534 4698 4697 4720 4721 
3490 3488 3534 3536 4699 4698 4721 4722 
3492 3490 3536 3538 4700 4699 4722 4723 
3495 3492 3538 3540 4701 4700 4723 4724 
3495 3540 3543 3542 4701 4724 4725 4726 
3494 3495 3542 3546 4702 4701 4726 4727 
3498 3494 3546 3548 4703 4702 4727 4728 
3500 3498 3548 3550 4704 4703 4728 4729 
3513 3500 3550 3552 4710 4704 4729 4730 
3512 3513 3552 3554 4711 4710 4730 4731 
3516 3512 3554 3556 4712 4711 4731 4732 
3518 3516 3556 3558 4713 4712 4732 4733 
3520 3518 3558 3560 4714 4713 4733 4734 
3522 3520 3560 3562 4715 4714 4734 4735 
3524 3522 3562 3564 4716 4715 4735 4736 
3524 3564 3567 3566 4716 4736 4737 4738 
3503 3524 3566 3570 4705 4716 4738 4739 
3502 3503 3570 3572 4706 4705 4739 4740 
3506 3502 3572 3574 4707 4706 4740 4741 
3508 3506 3574 3576 4708 4707 4741 4742 
3510 3508 3576 3578 4709 4708 4742 4743 
3527 3510 3578 3580 4717 4709 4743 4744 
3527 3580 3583 3582 4717 4744 4745 4746 
3526 3527 3582 3586 4718 4717 4746 4747 
3530 3526 3586 3588 4719 4718 4747 4748 
3532 3530 3588 3590 4720 4719 4748 4749 
3534 3532 3590 3592 4721 4720 4749 4750 
3536 3534 3592 3594 4722 4721 4750 4751 
3538 3536 3594 3596 4723 4722 4751 4752 
3540 3538 3596 3598 4724 4723 4752 4753 
3543 3540 3598 3600 4725 4724 4753 4754 
3554 3552 3603 3602 4731 4730 4755 4756 
3566 3567 3607 3606 4738 4737 4757 4758 
3570 3566 3606 3610 4739 4738 4758 4759 
3572 3570 3610 3612 4740 4739 4759 4760 
3574 3572 3612 3614 4741 4740 4760 4761 
3576 3574 3614 3616 4742 4741 4761 4762 
3578 3576 3616 3618 4743 4742 4762 4763 
3580 3578 3618 3620 4744 4743 4763 4764 
3583 3580 3620 3622 4745 4744 4764 4765 
3543 3600 2930 2928 4725 4754 4176 4175 
3542 3543 2928 2926 4726 4725 4175 4174 
3546 3542 2926 2924 4727 4726 4174 4173 
3548 3546 2924 2922 4728 4727 4173 4172 
3550 3548 2922 2920 4729 4728 4172 4171 
3552 3550 2920 2916 4730 4729 4171 4170 
3603 3552 2916 2917 4755 4730 4170 4169 
3554 3602 215 213 4731 4756 1590 1589 
3556 3554 213 211 4732 4731 1589 1588 
3558 3556 211 209 4733 4732 1588 1587 
3560 3558 209 207 4734 4733 1587 1586 
3562 3560 207 205 4735 4734 1586 1585 
3564 3562 205 203 4736 4735 1585 1584 
3567 3564 203 199 4737 4736 1584 1583 
3607 3567 199 200 4757 4737 1583 1582 
3583 3622 3625 3624 4745 4765 4766 4767 
3582 3583 3624 3628 4746 4745 4767 4768 
3586 3582 3628 3630 4747 4746 4768 4769 
3588 3586 3630 3632 4748 4747 4769 4770 
3590 3588 3632 3634 4749 4748 4770 4771 
3592 3590 3634 3636 4750 4749 4771 4772 
3594 3592 3636 3638 4751 4750 4772 4773 
3596 3594 3638 3640 4752 4751 4773 4774 
3598 3596 3640 3642 4753 4752 4774 4775 
3600 3598 3642 3644 4754 4753 4775 4776 
2930 3600 3644 2932 4176 4754 4776 4177 
4777 4201 4191 4778 4779 4202 4195 4780 
3603 2917 4201 4777 4755 4169 4202 4779 
4781 3602 3603 4777 4782 4756 4755 4779 
4783 4781 4777 4778 4784 4782 4779 4780 
1616 215 3602 4781 1618 1590 4756 4782 
1611 1616 4781 4783 1613 1618 4782 4784 
4190 1612 1611 4783 4194 1614 1613 4784 
4191 4190 4783 4778 4195 4194 4784 4780 
4675 4676 4677 4678 4785 4786 4787 4788 
4678 4679 4680 4675 4788 4789 4790 4785 
4675 4680 4681 4682 4785 4790 4791 4792 
4676 4675 4682 4683 4786 4785 4792 4793 
4677 4676 4683 4684 4787 4786 4793 4794 
4677 4684 4685 4686 4787 4794 4795 4796 
4680 4679 4687 4688 4790 4789 4797 4798 
4681 4680 4688 4689 4791 4790 4798 4799 
4677 4686 4690 4691 4787 4796 4800 4801 
4678 4677 4691 4692 4788 4787 4801 4802 
4679 4678 4692 4693 4789 4788 4802 4803 
4687 4679 4693 4694 4797 4789 4803 4804 
4681 4689 4695 4696 4791 4799 4805 4806 
4682 4681 4696 4697 4792 4791 4806 4807 
4683 4682 4697 4698 4793 4792 4807 4808 
4684 4683 4698 4699 4794 4793 4808 4809 
4685 4684 4699 4700 4795 4794 4809 4810 
4685 4700 4701 4702 4795 4810 4811 4812 
4686 4685 4702 4703 4796 4795 4812 4813 
4690 4686 4703 4704 4800 4796 4813 4814 
4687 4694 4705 4706 4797 4804 4815 4816 
4688 4687 4706 4707 4798 4797 4816 4817 
4689 4688 4707 4708 4799 4798 4817 4818 
4695 4689 4708 4709 4805 4799 4818 4819 
4690 4704 4710 4711 4800 4814 4820 4821 
4691 4690 4711 4712 4801 4800 4821 4822 
4692 4691 4712 4713 4802 4801 4822 4823 
4693 4692 4713 4714 4803 4802 4823 4824 
4694 4693 4714 4715 4804 4803 4824 4825 
4705 4694 4715 4716 4815 4804 4825 4826 
4695 4709 4717 4718 4805 4819 4827 4828 
4696 4695 4718 4719 4806 4805 4828 4829 
4697 4696 4719 4720 4807 4806 4829 4830 
4698 4697 4720 4721 4808 4807 4830 4831 
4699 4698 4721 4722 4809 4808 4831 4832 
4700 4699 4722 4723 4810 4809 4832 4833 
4701 4700 4723 4724 4811 4810 4833 4834 
4701 4724 4725 4726 4811 4834 4835 4836 
4702 4701 4726 4727 4812 4811 4836 4837 
4703 4702 4727 4728 4813 4812 4837 4838 
4704 4703 4728 4729 4814 4813 4838 4839 
4710 4704 4729 4730 4820 4814 4839 4840 
4711 4710 4730 4731 4821 4820 4840 4841 
4712 4711 4731 4732 4822 4821 4841 4842 
4713 4712 4732 4733 4823 4822 4842 4843 
4714 4713 4733 4734 4824 4823 4843 4844 
4715 4714 4734 4735 4825 4824 4844 4845 
4716 4715 4735 4736 4826 4825 4845 4846 
4716 4736 4737 4738 4826 4846 4847 4848 
4705 4716 4738 4739 4815 4826 4848 4849 
4706 4705 4739 4740 4816 4815 4849 4850 
4707 4706 4740 4741 4817 4816 4850 4851 
4708 4707 4741 4742 4818 4817 4851 4852 
4709 4708 4742 4743 4819 4818 4852 4853 
4717 4709 4743 4744 4827 4819 4853 4854 
4717 4744 4745 4746 4827 4854 4855 4856 
4718 4717 4746 4747 4828 4827 4856 4857 
4719 4718 4747 4748 4829 4828 4857 4858 
4720 4719 4748 4749 4830 4829 4858 4859 
4721 4720 4749 4750 4831 4830 4859 4860 
4722 4721 4750 4751 4832 4831 4860 4861 
4723 4722 4751 4752 4833 4832 4861 4862 
4724 4723 4752 4753 4834 4833 4862 4863 
4725 4724 4753 4754 4835 4834 4863 4864 
4731 4730 4755 4756 4841 4840 4865 4866 
4738 4737 4757 4758 4848 4847 4867 4868 
4739 4738 4758 4759 4849 4848 4868 4869 
4740 4739 4759 4760 4850 4849 4869 4870 
4741 4740 4760 4761 4851 4850 4870 4871 
4742 4741 4761 4762 4852 4851 4871 4872 
4743 4742 4762 4763 4853 4852 4872 4873 
4744 4743 4763 4764 4854 4853 4873 4874 
4745 4744 4764 4765 4855 4854 4874 4875 
4725 4754 4176 4175 4835 4864 4301 4300 
4726 4725 4175 4174 4836 4835 4300 4299 
4727 4726 4174 4173 4837 4836 4299 4298 
4728 4727 4173 4172 4838 4837 4298 4297 
4729 4728 4172 4171 4839 4838 4297 4296 
4730 4729 4171 4170 4840 4839 4296 4295 
4755 4730 4170 4169 4865 4840 4295 4294 
4731 4756 1590 1589 4841 4866 1730 1729 
4732 4731 1589 1588 4842 4841 1729 1728 
4733 4732 1588 1587 4843 4842 1728 1727 
4734 4733 1587 1586 4844 4843 1727 1726 
4735 4734 1586 1585 4845 4844 1726 1725 
4736 4735 1585 1584 4846 4845 1725 1724 
4737 4736 1584 1583 4847 4846 1724 1723 
4757 4737 1583 1582 4867 4847 1723 1722 
4745 4765 4766 4767 4855 4875 4876 4877 
4746 4745 4767 4768 4856 4855 4877 4878 
4747 4746 4768 4769 4857 4856 4878 4879 
4748 4747 4769 4770 4858 4857 4879 4880 
4749 4748 4770 4771 4859 4858 4880 4881 
4750 4749 4771 4772 4860 4859 4881 4882 
4751 4750 4772 4773 4861 4860 4882 4883 
4752 4751 4773 4774 4862 4861 4883 4884 
4753 4752 4774 4775 4863 4862 4884 4885 
4754 4753 4775 4776 4864 4863 4885 4886 
4176 4754 4776 4177 4301 4864 4886 4302 
4779 4202 4195 4780 4887 4320 4316 4888 
4755 4169 4202 4779 4865 4294 4320 4887 
4782 4756 4755 4779 4889 4866 4865 4887 
4784 4782 4779 4780 4890 4889 4887 4888 
1618 1590 4756 4782 1750 1730 4866 4889 
1613 1618 4782 4784 1747 1750 4889 4890 
4194 1614 1613 4784 4315 1748 1747 4890 
4195 4194 4784 4780 4316 4315 4890 4888 
4785 4786 4787 4788 4891 4892 4893 4894 
4788 4789 4790 4785 4894 4895 4896 4891 
4785 4790 4791 4792 4891 4896 4897 4898 
4786 4785 4792 4793 4892 4891 4898 4899 
4787 4786 4793 4794 4893 4892 4899 4900 
4787 4794 4795 4796 4893 4900 4901 4902 
4790 4789 4797 4798 4896 4895 4903 4904 
4791 4790 4798 4799 4897 4896 4904 4905 
4787 4796 4800 4801 4893 4902 4906 4907 
4788 4787 4801 4802 4894 4893 4907 4908 
4789 4788 4802 4803 4895 4894 4908 4909 
4797 4789 4803 4804 4903 4895 4909 4910 
4791 4799 4805 4806 4897 4905 4911 4912 
4792 4791 4806 4807 4898 4897 4912 4913 
4793 4792 4807 4808 4899 4898 4913 4914 
4794 4793 4808 4809 4900 4899 4914 4915 
4795 4794 4809 4810 4901 4900 4915 4916 
4795 4810 4811 4812 4901 4916 4917 4918 
4796 4795 4812 4813 4902 4901 4918 4919 
4800 4796 4813 4814 4906 4902 4919 4920 
4797 4804 4815 4816 4903 4910 4921 4922 
4798 4797 4816 4817 4904 4903 4922 4923 
4799 4798 4817 4818 4905 4904 4923 4924 
4805 4799 4818 4819 4911 4905 4924 4925 
4800 4814 4820 4821 4906 4920 4926 4927 
4801 4800 4821 4822 4907 4906 4927 4928 
4802 4801 4822 4823 4908 4907 4928 4929 
4803 4802 4823 4824 4909 4908 4929 4930 
4804 4803 4824 4825 4910 4909 4930 4931 
4815 4804 4825 4826 4921 4910 4931 4932 
4805 4819 4827 4828 4911 4925 4933 4934 
4806 4805 4828 4829 4912 4911 4934 4935 
4807 4806 4829 4830 4913 4912 4935 4936 
4808 4807 4830 4831 4914 4913 4936 4937 
4809 4808 4831 4832 4915 4914 4937 4938 
4810 4809 4832 4833 4916 4915 4938 4939 
4811 4810 4833 4834 4917 4916 4939 4940 
4811 4834 4835 4836 4917 4940 4941 4942 
4812 4811 4836 4837 4918 4917 4942 4943 
4813 4812 4837 4838 4919 4918 4943 4944 
4814 4813 4838 4839 4920 4919 4944 4945 
4820 4814 4839 4840 4926 4920 4945 4946 
4821 4820 4840 4841 4927 4926 4946 4947 
4822 4821 4841 4842 4928 4927 4947 4948 
4823 4822 4842 4843 4929 4928 4948 4949 
4824 4823 4843 4844 4930 4929 4949 4950 
4825 4824 4844 4845 4931 4930 4950 4951 
4826 4825 4845 4846 4932 4931 4951 4952 
4826 4846 4847 4848 4932 4952 4953 4954 
4815 4826 4848 4849 4921 4932 4954 4955 
4816 4815 4849 4850 4922 4921 4955 4956 
4817 4816 4850 4851 4923 4922 4956 4957 
4818 4817 4851 4852 4924 4923 4957 4958 
4819 4818 4852 4853 4925 4924 4958 4959 
4827 4819 4853 4854 4933 4925 4959 4960 
4827 4854 4855 4856 4933 4960 4961 4962 
4828 4827 4856 4857 4934 4933 4962 4963 
4829 4828 4857 4858 4935 4934 4963 4964 
4830 4829 4858 4859 4936 4935 4964 4965 
4831 4830 4859 4860 4937 4936 4965 4966 
4832 4831 4860 4861 4938 4937 4966 4967 
4833 4832 4861 4862 4939 4938 4967 4968 
4834 4833 4862 4863 4940 4939 4968 4969 
4835 4834 4863 4864 4941 4940 4969 4970 
4841 4840 4865 4866 4947 4946 4971 4972 
4848 4847 4867 4868 4954 4953 4973 4974 
4849 4848 4868 4869 4955 4954 4974 4975 
4850 4849 4869 4870 4956 4955 4975 4976 
4851 4850 4870 4871 4957 4956 4976 4977 
4852 4851 4871 4872 4958 4957 4977 4978 
4853 4852 4872 4873 4959 4958 4978 4979 
4854 4853 4873 4874 4960 4959 4979 4980 
4855 4854 4874 4875 4961 4960 4980 4981 
4835 4864 4301 4300 4941 4970 4419 4418 
4836 4835 4300 4299 4942 4941 4418 4417 
4837 4836 4299 4298 4943 4942 4417 4416 
4838 4837 4298 4297 4944 4943 4416 4415 
4839 4838 4297 4296 4945 4944 4415 4414 
4840 4839 4296 4295 4946 4945 4414 4413 
4865 4840 4295 4294 4971 4946 4413 4412 
4841 4866 1730 1729 4947 4972 1860 1859 
4842 4841 1729 1728 4948 4947 1859 1858 
4843 4842 1728 1727 4949 4948 1858 1857 
4844 4843 1727 1726 4950 4949 1857 1856 
4845 4844 1726 1725 4951 4950 1856 1855 
4846 4845 1725 1724 4952 4951 1855 1854 
4847 4846 1724 1723 4953 4952 1854 1853 
4867 4847 1723 1722 4973 4953 1853 1852 
4855 4875 4876 4877 4961 4981 4982 4983 
4856 4855 4877 4878 4962 4961 4983 4984 
4857 4856 4878 4879 4963 4962 4984 4985 
4858 4857 4879 4880 4964 4963 4985 4986 
4859 4858 4880 4881 4965 4964 4986 4987 
4860 4859 4881 4882 4966 4965 4987 4988 
4861 4860 4882 4883 4967 4966 4988 4989 
4862 4861 4883 4884 4968 4967 4989 4990 
4863 4862 4884 4885 4969 4968 4990 4991 
4864 4863 4885 4886 4970 4969 4991 4992 
4301 4864 4886 4302 4419 4970 4992 4420 
4887 4320 4316 4888 4993 4438 4434 4994 
4865 4294 4320 4887 4971 4412 4438 4993 
4889 4866 4865 4887 4995 4972 4971 4993 
4890 4889 4887 4888 4996 4995 4993 4994 
1750 1730 4866 4889 1880 1860 4972 4995 
1747 1750 4889 4890 1877 1880 4995 4996 
4315 1748 1747 4890 4433 1878 1877 4996 
4316 4315 4890 4888 4434 4433 4996 4994 
4891 4892 4893 4894 4997 4998 4999 5000 
4894 4895 4896 4891 5000 5001 5002 4997 
4891 4896 4897 4898 4997 5002 5003 5004 
4892 4891 4898 4899 4998 4997 5004 5005 
4893 4892 4899 4900 4999 4998 5005 5006 
4893 4900 4901 4902 4999 5006 5007 5008 
4896 4895 4903 4904 5002 5001 5009 5010 
4897 4896 4904 4905 5003 5002 5010 5011 
4893 4902 4906 4907 4999 5008 5012 5013 
4894 4893 4907 4908 5000 4999 5013 5014 
4895 4894 4908 4909 5001 5000 5014 5015 
4903 4895 4909 4910 5009 5001 5015 5016 
4897 4905 4911 4912 5003 5011 5017 5018 
4898 4897 4912 4913 5004 5003 5018 5019 
4899 4898 4913 4914 5005 5004 5019 5020 
4900 4899 4914 4915 5006 5005 5020 5021 
4901 4900 4915 4916 5007 5006 5021 5022 
4901 4916 4917 4918 5007 5022 5023 5024 
4902 4901 4918 4919 5008 5007 5024 5025 
4906 4902 4919 4920 5012 5008 5025 5026 
4903 4910 4921 4922 5009 5016 5027 5028 
4904 4903 4922 4923 5010 5009 5028 5029 
4905 4904 4923 4924 5011 5010 5029 5030 
4911 4905 4924 4925 5017 5011 5030 5031 
4906 4920 4926 4927 5012 5026 5032 5033 
4907 4906 4927 4928 5013 5012 5033 5034 
4908 4907 4928 4929 5014 5013 5034 5035 
4909 4908 4929 4930 5015 5014 5035 5036 
4910 4909 4930 4931 5016 5015 5036 5037 
4921 4910 4931 4932 5027 5016 5037 5038 
4911 4925 4933 4934 5017 5031 5039 5040 
4912 4911 4934 4935 5018 5017 5040 5041 
4913 4912 4935 4936 5019 5018 5041 5042 
4914 4913 4936 4937 5020 5019 5042 5043 
4915 4914 4937 4938 5021 5020 5043 5044 
4916 4915 4938 4939 5022 5021 5044 5045 
4917 4916 4939 4940 5023 5022 5045 5046 
4917 4940 4941 4942 5023 5046 5047 5048 
4918 4917 4942 4943 5024 5023 5048 5049 
4919 4918 4943 4944 5025 5024 5049 5050 
4920 4919 4944 4945 5026 5025 5050 5051 
4926 4920 4945 4946 5032 5026 5051 5052 
4927 4926 4946 4947 5033 5032 5052 5053 
4928 4927 4947 4948 5034 5033 5053 5054 
4929 4928 4948 4949 5035 5034 5054 5055 
4930 4929 4949 4950 5036 5035 5055 5056 
4931 4930 4950 4951 5037 5036 5056 5057 
4932 4931 4951 4952 5038 5037 5057 5058 
4932 4952 4953 4954 5038 5058 5059 5060 
4921 4932 4954 4955 5027 5038 5060 5061 
4922 4921 4955 4956 5028 5027 5061 5062 
4923 4922 4956 4957 5029 5028 5062 5063 
4924 4923 4957 4958 5030 5029 5063 5064 
4925 4924 4958 4959 5031 5030 5064 5065 
4933 4925 4959 4960 5039 5031 5065 5066 
4933 4960 4961 4962 5039 5066 5067 5068 
4934 4933 4962 4963 5040 5039 5068 5069 
4935 4934 4963 4964 5041 5040 5069 5070 
4936 4935 4964 4965 5042 5041 5070 5071 
4937 4936 4965 4966 5043 5042 5071 5072 
4938 4937 4966 4967 5044 5043 5072 5073 
4939 4938 4967 4968 5045 5044 5073 5074 
4940 4939 4968 4969 5046 5045 5074 5075 
4941 4940 4969 4970 5047 5046 5075 5076 
4947 4946 4971 4972 5053 5052 5077 5078 
4954 4953 4973 4974 5060 5059 5079 5080 
4955 4954 4974 4975 5061 5060 5080 5081 
4956 4955 4975 4976 5062 5061 5081 5082 
4957 4956 4976 4977 5063 5062 5082 5083 
4958 4957 4977 4978 5064 5063 5083 5084 
4959 4958 4978 4979 5065 5064 5084 5085 
4960 4959 4979 4980 5066 5065 5085 5086 
4961 4960 4980 4981 5067 5066 5086 5087 
4941 4970 4419 4418 5047 5076 4537 4536 
4942 4941 4418 4417 5048 5047 4536 4535 
4943 4942 4417 4416 5049 5048 4535 4534 
4944 4943 4416 4415 5050 5049 4534 4533 
4945 4944 4415 4414 5051 5050 4533 4532 
4946 4945 4414 4413 5052 5051 4532 4531 
4971 4946 4413 4412 5077 5052 4531 4530 
4947 4972 1860 1859 5053 5078 1990 1989 
4948 4947 1859 1858 5054 5053 1989 1988 
4949 4948 1858 1857 5055 5054 1988 1987 
4950 4949 1857 1856 5056 5055 1987 1986 
4951 4950 1856 1855 5057 5056 1986 1985 
4952 4951 1855 1854 5058 5057 1985 1984 
4953 4952 1854 1853 5059 5058 1984 1983 
4973 4953 1853 1852 5079 5059 1983 1982 
4961 4981 4982 4983 5067 5087 5088 5089 
4962 4961 4983 4984 5068 5067 5089 5090 
4963 4962 4984 4985 5069 5068 5090 5091 
4964 4963 4985 4986 5070 5069 5091 5092 
4965 4964 4986 4987 5071 5070 5092 5093 
4966 4965 4987 4988 5072 5071 5093 5094 
4967 4966 4988 4989 5073 5072 5094 5095 
4968 4967 4989 4990 5074 5073 5095 5096 
4969 4968 4990 4991 5075 5074 5096 5097 
4970 4969 4991 4992 5076 5075 5097 5098 
4419 4970 4992 4420 4537 5076 5098 4538 
4993 4438 4434 4994 5099 4556 4552 5100 
4971 4412 4438 4993 5077 4530 4556 5099 
4995 4972 4971 4993 5101 5078 5077 5099 
4996 4995 4993 4994 5102 5101 5099 5100 
1880 1860 4972 4995 2010 1990 5078 5101 
1877 1880 4995 4996 2007 2010 5101 5102 
4433 1878 1877 4996 4551 2008 2007 5102 
4434 4433 4996 4994 4552 4551 5102 5100 
4997 4998 4999 5000 5103 5104 5105 5106 
5000 5001 5002 4997 5106 5107 5108 5103 
4997 5002 5003 5004 5103 5108 5109 5110 
4998 4997 5004 5005 5104 5103 5110 5111 
4999 4998 5005 5006 5105 5104 5111 5112 
4999 5006 5007 5008 5105 5112 5113 5114 
5002 5001 5009 5010 5108 5107 5115 5116 
5003 5002 5010 5011 5109 5108 5116 5117 
4999 5008 5012 5013 5105 5114 5118 5119 
5000 4999 5013 5014 5106 5105 5119 5120 
5001 5000 5014 5015 5107 5106 5120 5121 
5009 5001 5015 5016 5115 5107 5121 5122 
5003 5011 5017 5018 5109 5117 5123 5124 
5004 5003 5018 5019 5110 5109 5124 5125 
5005 5004 5019 5020 5111 5110 5125 5126 
5006 5005 5020 5021 5112 5111 5126 5127 
5007 5006 5021 5022 5113 5112 5127 5128 
5007 5022 5023 5024 5113 5128 5129 5130 
5008 5007 5024 5025 5114 5113 5130 5131 
5012 5008 5025 5026 5118 5114 5131 5132 
5009 5016 5027 5028 5115 5122 5133 5134 
5010 5009 5028 5029 5116 5115 5134 5135 
5011 5010 5029 5030 5117 5116 5135 5136 
5017 5011 5030 5031 5123 5117 5136 5137 
5012 5026 5032 5033 5118 5132 5138 5139 
5013 5012 5033 5034 5119 5118 5139 5140 
5014 5013 5034 5035 5120 5119 5140 5141 
5015 5014 5035 5036 5121 5120 5141 5142 
5016 5015 5036 5037 5122 5121 5142 5143 
5027 5016 5037 5038 5133 5122 5143 5144 
5017 5031 5039 5040 5123 5137 5145 5146 
5018 5017 5040 5041 5124 5123 5146 5147 
5019 5018 5041 5042 5125 5124 5147 5148 
5020 5019 5042 5043 5126 5125 5148 5149 
5021 5020 5043 5044 5127 5126 5149 5150 
5022 5021 5044 5045 5128 5127 5150 5151 
5023 5022 5045 5046 5129 5128 5151 5152 
5023 5046 5047 5048 5129 5152 5153 5154 
5024 5023 5048 5049 5130 5129 5154 5155 
5025 5024 5049 5050 5131 5130 5155 5156 
5026 5025 5050 5051 5132 5131 5156 5157 
5032 5026 5051 5052 5138 5132 5157 5158 
5033 5032 5052 5053 5139 5138 5158 5159 
5034 5033 5053 5054 5140 5139 5159 5160 
5035 5034 5054 5055 5141 5140 5160 5161 
5036 5035 5055 5056 5142 5141 5161 5162 
5037 5036 5056 5057 5143 5142 5162 5163 
5038 5037 5057 5058 5144 5143 5163 5164 
5038 5058 5059 5060 5144 5164 5165 5166 
5027 5038 5060 5061 5133 5144 5166 5167 
5028 5027 5061 5062 5134 5133 5167 5168 
5029 5028 5062 5063 5135 5134 5168 5169 
5030 5029 5063 5064 5136 5135 5169 5170 
5031 5030 5064 5065 5137 5136 5170 5171 
5039 5031 5065 5066 5145 5137 5171 5172 
5039 5066 5067 5068 5145 5172 5173 5174 
5040 5039 5068 5069 5146 5145 5174 5175 
5041 5040 5069 5070 5147 5146 5175 5176 
5042 5041 5070 5071 5148 5147 5176 5177 
5043 5042 5071 5072 5149 5148 5177 5178 
5044 5043 5072 5073 5150 5149 5178 5179 
5045 5044 5073 5074 5151 5150 5179 5180 
5046 5045 5074 5075 5152 5151 5180 5181 
5047 5046 5075 5076 5153 5152 5181 5182 
5053 5052 5077 5078 5159 5158 5183 5184 
5060 5059 5079 5080 5166 5165 5185 5186 
5061 5060 5080 5081 5167 5166 5186 5187 
5062 5061 5081 5082 5168 5167 5187 5188 
5063 5062 5082 5083 5169 5168 5188 5189 
5064 5063 5083 5084 5170 5169 5189 5190 
5065 5064 5084 5085 5171 5170 5190 5191 
5066 5065 5085 5086 5172 5171 5191 5192 
5067 5066 5086 5087 5173 5172 5192 5193 
5047 5076 4537 4536 5153 5182 4655 4654 
5048 5047 4536 4535 5154 5153 4654 4653 
5049 5048 4535 4534 5155 5154 4653 4652 
5050 5049 4534 4533 5156 5155 4652 4651 
5051 5050 4533 4532 5157 5156 4651 4650 
5052 5051 4532 4531 5158 5157 4650 4649 
5077 5052 4531 4530 5183 5158 4649 4648 
5053 5078 1990 1989 5159 5184 2120 2119 
5054 5053 1989 1988 5160 5159 2119 2118 
5055 5054 1988 1987 5161 5160 2118 2117 
5056 5055 1987 1986 5162 5161 2117 2116 
5057 5056 1986 1985 5163 5162 2116 2115 
5058 5057 1985 1984 5164 5163 2115 2114 
5059 5058 1984 1983 5165 5164 2114 2113 
5079 5059 1983 1982 5185 5165 2113 2112 
5067 5087 5088 5089 5173 5193 5194 5195 
5068 5067 5089 5090 5174 5173 5195 5196 
5069 5068 5090 5091 5175 5174 5196 5197 
5070 5069 5091 5092 5176 5175 5197 5198 
5071 5070 5092 5093 5177 5176 5198 5199 
5072 5071 5093 5094 5178 5177 5199 5200 
5073 5072 5094 5095 5179 5178 5200 5201 
5074 5073 5095 5096 5180 5179 5201 5202 
5075 5074 5096 5097 5181 5180 5202 5203 
5076 5075 5097 5098 5182 5181 5203 5204 
4537 5076 5098 4538 4655 5182 5204 4656 
5099 4556 4552 5100 5205 4674 4670 5206 
5077 4530 4556 5099 5183 4648 4674 5205 
5101 5078 5077 5099 5207 5184 5183 5205 
5102 5101 5099 5100 5208 5207 5205 5206 
2010 1990 5078 5101 2140 2120 5184 5207 
2007 2010 5101 5102 2137 2140 5207 5208 
4551 2008 2007 5102 4669 2138 2137 5208 
4552 4551 5102 5100 4670 4669 5208 5206 
2917 5209 5210 3603 4201 5211 5212 4777 
4201 5211 5212 4777 4191 5213 5214 4778 
1612 5215 5216 4190 1611 5217 5218 4783 
4190 5216 5213 4191 4783 5218 5214 4778 
215 1616 4781 3602 5219 5220 5221 5222 
1616 1611 4783 4781 5220 5217 5218 5221 
3602 4781 4777 3603 5222 5221 5212 5210 
4781 4783 4778 4777 5221 5218 5214 5212 
5223 5219 5222 5224 5225 5220 5221 5226 
5224 5222 5210 5209 5226 5221 5212 5211 
5225 5220 5221 5226 5215 5217 5218 5216 
5226 5221 5212 5211 5216 5218 5214 5213 
2917 2894 5227 5209 4201 4199 5228 5211 
4201 4199 5228 5211 4191 4192 5229 5213 
1612 2264 4189 4190 5215 5230 5231 5216 
4190 4189 4192 4191 5216 5231 5229 5213 
5223 5225 5226 5224 5232 5233 5234 5235 
5225 5215 5216 5226 5233 5230 5231 5234 
5224 5226 5211 5209 5235 5234 5228 5227 
5226 5216 5213 5211 5234 5231 5229 5228 
964 5232 5235 2895 2262 5233 5234 4197 
2895 5235 5227 2894 4197 5234 5228 4199 
2262 5233 5234 4197 2264 5230 5231 4189 
4197 5234 5228 4199 4189 5231 5229 4192 
5223 5236 5237 5232 5224 5238 5239 5235 
5236 5240 5241 5237 5238 5242 5243 5239 
5224 5238 5239 5235 5209 5244 5245 5227 
5238 5242 5243 5239 5244 5246 5247 5245 
2917 2957 5244 5209 2894 2956 5245 5227 
2957 2958 5246 5244 2956 2959 5247 5245 
964 2895 5235 5232 1010 2964 5239 5237 
2895 2894 5227 5235 2964 2956 5245 5239 
1010 2964 5239 5237 1007 2966 5243 5241 
2964 2956 5245 5239 2966 2959 5247 5243 
258 1007 5241 5240 2968 2966 5243 5242 
2968 2966 5243 5242 2958 2959 5247 5246 
5223 5219 5248 5236 5224 5222 5249 5238 
5236 5248 5250 5240 5238 5249 5251 5242 
5224 5222 5249 5238 5209 5210 5252 5244 
5238 5249 5251 5242 5244 5252 5253 5246 
2917 3603 5210 5209 2957 3652 5252 5244 
2957 3652 5252 5244 2958 3647 5253 5246 
258 2968 5242 5240 255 3646 5251 5250 
2968 2958 5246 5242 3646 3647 5253 5251 
215 253 5248 5219 3602 3650 5249 5222 
253 255 5250 5248 3650 3646 5251 5249 
3602 3650 5249 5222 3603 3652 5252 5210 
3650 3646 5251 5249 3652 3647 5253 5252 
184 5254 5255 161 242 5256 5257 241 
242 5256 5257 241 243 5258 5259 244 
258 5240 5260 257 255 5250 5261 251 
257 5260 5258 243 251 5261 5259 244 
215 253 249 162 5219 5248 5262 5263 
253 255 251 249 5248 5250 5261 5262 
162 249 241 161 5263 5262 5257 5255 
249 251 244 241 5262 5261 5259 5257 
5223 5219 5263 5264 5236 5248 5262 5265 
5264 5263 5255 5254 5265 5262 5257 5256 
5236 5248 5262 5265 5240 5250 5261 5260 
5265 5262 5257 5256 5260 5261 5259 5258 
184 1621 1619 161 5254 5266 5267 5255 
1621 1605 1606 1619 5266 5268 5269 5267 
5223 5225 5270 5264 5219 5220 5271 5263 
5225 5215 5272 5270 5220 5217 5273 5271 
5264 5270 5266 5254 5263 5271 5267 5255 
5270 5272 5268 5266 5271 5273 5269 5267 
215 5219 5263 162 1616 5220 5271 1615 
162 5263 5255 161 1615 5271 5267 1619 
1616 5220 5271 1615 1611 5217 5273 1603 
1615 5271 5267 1619 1603 5273 5269 1606 
1612 1611 1603 1604 5215 5217 5273 5272 
1604 1603 1606 1605 5272 5273 5269 5268 
184 942 2254 1621 5254 5274 5275 5266 
1621 2254 2255 1605 5266 5275 5276 5268 
5223 5232 5277 5264 5225 5233 5278 5270 
5264 5277 5274 5254 5270 5278 5275 5266 
5225 5233 5278 5270 5215 5230 5279 5272 
5270 5278 5275 5266 5272 5279 5276 5268 
1612 5215 5272 1604 2264 5230 5279 2260 
1604 5272 5268 1605 2260 5279 5276 2255 
964 2262 2258 941 5232 5233 5278 5277 
2262 2264 2260 2258 5233 5230 5279 5278 
941 2258 2254 942 5277 5278 5275 5274 
2258 2260 2255 2254 5278 5279 5276 5275 
184 942 5274 5254 242 1013 5280 5256 
242 1013 5280 5256 243 1004 5281 5258 
258 1007 1003 257 5240 5241 5282 5260 
257 1003 1004 243 5260 5282 5281 5258 
5223 5236 5265 5264 5232 5237 5283 5277 
5236 5240 5260 5265 5237 5241 5282 5283 
5264 5265 5256 5254 5277 5283 5280 5274 
5265 5260 5258 5256 5283 5282 5281 5280 
964 5232 5277 941 1010 5237 5283 1009 
941 5277 5274 942 1009 5283 5280 1013 
1010 5237 5283 1009 1007 5241 5282 1003 
1009 5283 5280 1013 1003 5282 5281 1004 
