45824
77138 6
77137 6
77142 6
77141 6
77122 6
77121 6
77126 6
77125 6
77234 6
77233 6
77238 6
77237 6
77218 6
77217 6
77222 6
77221 6
77202 6
77201 6
77206 6
77205 6
77186 6
77185 6
77190 6
77189 6
77298 6
77297 6
77302 6
77301 6
77282 6
77281 6
77286 6
77285 6
77266 6
77265 6
77270 6
77269 6
77250 6
77249 6
77254 6
77253 6
77362 6
77361 6
77366 6
77365 6
77346 6
77345 6
77350 6
77349 6
77330 6
77329 6
77334 6
77333 6
77314 6
77313 6
77318 6
77317 6
77426 6
77425 6
77430 6
77429 6
77410 6
77409 6
77414 6
77413 6
77394 6
77393 6
77398 6
77397 6
77378 6
77377 6
77382 6
77381 6
77490 6
77489 6
77494 6
77493 6
77474 6
77473 6
77478 6
77477 6
77458 6
77457 6
77462 6
77461 6
77442 6
77441 6
77446 6
77445 6
77554 6
77553 6
77558 6
77557 6
77538 6
77537 6
77542 6
77541 6
77522 6
77521 6
77526 6
77525 6
77506 6
77505 6
77510 6
77509 6
77618 6
77617 6
77622 6
77621 6
77602 6
77601 6
77606 6
77605 6
77586 6
77585 6
77590 6
77589 6
77570 6
77569 6
77574 6
77573 6
77682 6
77681 6
77686 6
77685 6
77666 6
77665 6
77670 6
77669 6
77650 6
77649 6
77654 6
77653 6
77634 6
77633 6
77638 6
77637 6
77746 6
77745 6
77750 6
77749 6
77730 6
77729 6
77734 6
77733 6
77714 6
77713 6
77718 6
77717 6
77698 6
77697 6
77702 6
77701 6
77810 6
77809 6
77814 6
77813 6
77794 6
77793 6
77798 6
77797 6
77778 6
77777 6
77782 6
77781 6
77762 6
77761 6
77766 6
77765 6
77874 6
77873 6
77878 6
77877 6
77858 6
77857 6
77862 6
77861 6
77842 6
77841 6
77846 6
77845 6
77826 6
77825 6
77830 6
77829 6
77938 6
77937 6
77942 6
77941 6
77922 6
77921 6
77926 6
77925 6
77906 6
77905 6
77910 6
77909 6
77890 6
77889 6
77894 6
77893 6
78002 6
78001 6
78006 6
78005 6
77986 6
77985 6
77990 6
77989 6
77970 6
77969 6
77974 6
80565 6
80566 6
80561 6
80562 6
80453 6
80454 6
80449 6
80450 6
80469 6
80470 6
80465 6
80466 6
80485 6
80486 6
80481 6
80482 6
80501 6
80502 6
80497 6
80498 6
80389 6
80390 6
80385 6
80386 6
80405 6
80406 6
80401 6
80402 6
80421 6
80422 6
80417 6
80418 6
80437 6
80438 6
80433 6
80434 6
80325 6
80326 6
80321 6
80322 6
80341 6
80342 6
80337 6
80338 6
80357 6
80358 6
80353 6
80354 6
80373 6
80374 6
80369 6
80370 6
80261 6
80262 6
80257 6
80258 6
80277 6
80278 6
80273 6
80274 6
80293 6
80294 6
80289 6
80290 6
80309 6
80310 6
80305 6
80306 6
80197 6
80198 6
80193 6
80194 6
80213 6
80214 6
80209 6
80210 6
80229 6
80230 6
80225 6
80226 6
80245 6
80246 6
80241 6
80242 6
80133 6
80134 6
80129 6
80130 6
80149 6
80150 6
80145 6
80146 6
80165 6
80166 6
80161 6
80162 6
80181 6
80182 6
80177 6
80178 6
80069 6
80070 6
80065 6
80066 6
80085 6
80086 6
80081 6
80082 6
80101 6
80102 6
80097 6
80098 6
80117 6
80118 6
80113 6
80114 6
80005 6
80006 6
80001 6
80002 6
80021 6
80022 6
80017 6
80018 6
80037 6
80038 6
80033 6
80034 6
80053 6
80054 6
80049 6
80050 6
79941 6
79942 6
79937 6
79938 6
79957 6
79958 6
79953 6
79954 6
79973 6
79974 6
79969 6
79970 6
79989 6
79990 6
79985 6
79986 6
79877 6
79878 6
79873 6
79874 6
79893 6
79894 6
79889 6
79890 6
79909 6
79910 6
79905 6
79906 6
79925 6
79926 6
79921 6
79922 6
79813 6
79814 6
79809 6
79810 6
79829 6
79830 6
79825 6
79826 6
79845 6
79846 6
79841 6
79842 6
79861 6
79862 6
79857 6
79858 6
79749 6
79750 6
79745 6
79746 6
79765 6
79766 6
79761 6
79762 6
79781 6
79782 6
79777 6
79778 6
79797 6
79798 6
79793 6
79794 6
79685 6
79686 6
79681 6
79682 6
79701 6
79702 6
79697 6
79698 6
79717 6
79718 6
79713 6
79714 6
79733 6
79734 6
79729 6
79730 6
79621 6
79622 6
79617 6
79618 6
79637 6
79638 6
79633 6
79634 6
79653 6
79654 6
79649 6
79650 6
79669 6
79670 6
79665 6
79666 6
79557 6
79558 6
79553 6
79554 6
79573 6
79574 6
79569 6
79570 6
79589 6
79590 6
79585 6
79586 6
79605 6
79606 6
79601 6
79602 6
79493 6
79494 6
79489 6
79490 6
79509 6
79510 6
79505 6
79506 6
79525 6
79526 6
79521 6
79522 6
79541 6
79542 6
79537 6
79538 6
79429 6
79430 6
79425 6
79426 6
79445 6
79446 6
79441 6
79442 6
79461 6
79462 6
79457 6
79458 6
79477 6
79478 6
79473 6
79474 6
79365 6
79366 6
79361 6
79362 6
79381 6
79382 6
79377 6
79378 6
79397 6
79398 6
79393 6
79394 6
79413 6
79414 6
79409 6
79410 6
79301 6
79302 6
79297 6
79298 6
79317 6
79318 6
79313 6
79314 6
79333 6
79334 6
79329 6
79330 6
79349 6
79350 6
79345 6
79346 6
79237 6
79238 6
79233 6
79234 6
79253 6
79254 6
79249 6
79250 6
79269 6
79270 6
79265 6
79266 6
79285 6
79286 6
79281 6
79282 6
79173 6
79174 6
79169 6
79170 6
79189 6
79190 6
79185 6
79186 6
79205 6
79206 6
79201 6
79202 6
79221 6
79222 6
79217 6
79218 6
79109 6
79110 6
79105 6
79106 6
79125 6
79126 6
79121 6
79122 6
79141 6
79142 6
79137 6
79138 6
79157 6
79158 6
79153 6
79154 6
79045 6
79046 6
79041 6
79042 6
79061 6
79062 6
79057 6
79058 6
79077 6
79078 6
79073 6
79074 6
79093 6
79094 6
79089 6
79090 6
78981 6
78982 6
78977 6
78978 6
78997 6
78998 6
78993 6
78994 6
79013 6
79014 6
79009 6
79010 6
79029 6
79030 6
79025 6
79026 6
78917 6
78918 6
78913 6
78914 6
78933 6
78934 6
78929 6
78930 6
78949 6
78950 6
78945 6
78946 6
78965 6
78966 6
78961 6
78962 6
78853 6
78854 6
78849 6
78850 6
78869 6
78870 6
78865 6
78866 6
78885 6
78886 6
78881 6
78882 6
78901 6
78902 6
78897 6
78898 6
78789 6
78790 6
78785 6
78786 6
78805 6
78806 6
78801 6
78802 6
78821 6
78822 6
78817 6
78818 6
78837 6
78838 6
78833 6
78834 6
78725 6
78726 6
78721 6
78722 6
78741 6
78742 6
78737 6
78738 6
78757 6
78758 6
78753 6
78754 6
78773 6
78774 6
78769 6
78770 6
78661 6
78662 6
78657 6
78658 6
78677 6
78678 6
78673 6
78674 6
78693 6
78694 6
78689 6
78690 6
78709 6
78710 6
78705 6
78706 6
78597 6
78598 6
78593 6
78594 6
78613 6
78614 6
78609 6
78610 6
78629 6
78630 6
78625 6
78626 6
78645 6
78646 6
78641 6
78642 6
78533 6
78534 6
78529 6
78530 6
78549 6
78550 6
78545 6
78546 6
78565 6
78566 6
78561 6
78562 6
78581 6
78582 6
78577 6
78578 6
78469 6
78470 6
78465 6
78466 6
78485 6
78486 6
78481 6
78482 6
78501 6
78502 6
78497 6
78498 6
78517 6
78518 6
78513 6
78514 6
78405 6
78406 6
78401 6
78402 6
78421 6
78422 6
78417 6
78418 6
78437 6
78438 6
78433 6
78434 6
78453 6
78454 6
78449 6
78450 6
78341 6
78342 6
78337 6
78338 6
78357 6
78358 6
78353 6
78354 6
78373 6
78374 6
78369 6
78370 6
78389 6
78390 6
78385 6
78386 6
78277 6
78278 6
78273 6
78274 6
78293 6
78294 6
78289 6
78290 6
78309 6
78310 6
78305 6
78306 6
78325 6
78326 6
78321 6
78322 6
78213 6
78214 6
78209 6
78210 6
78229 6
78230 6
78225 6
78226 6
78245 6
78246 6
78241 6
78242 6
78261 6
78262 6
78257 6
78258 6
78149 6
78150 6
78145 6
78146 6
78165 6
78166 6
78161 6
78162 6
78181 6
78182 6
78177 6
78178 6
78197 6
78198 6
78193 6
78194 6
78085 6
78086 6
78081 6
78082 6
78101 6
78102 6
78097 6
78098 6
78117 6
78118 6
78113 6
78114 6
78133 6
78134 6
78129 6
78130 6
78021 6
78022 6
78017 6
78018 6
78037 6
78038 6
78033 6
78034 6
78053 6
78054 6
78049 6
78050 6
78069 6
78070 6
78065 6
78066 6
77957 6
77958 6
77953 6
77954 6
77973 6
83842 6
83841 6
83846 6
83845 6
83858 6
83857 6
83862 6
83861 6
83874 6
83873 6
83878 6
83877 6
83890 6
83889 6
83894 6
83893 6
83778 6
83777 6
83782 6
83781 6
83794 6
83793 6
83798 6
83797 6
83810 6
83809 6
83814 6
83813 6
83826 6
83825 6
83830 6
83829 6
83714 6
83713 6
83718 6
83717 6
83730 6
83729 6
83734 6
83733 6
83746 6
83745 6
83750 6
83749 6
83762 6
83761 6
83766 6
83765 6
83650 6
83649 6
83654 6
83653 6
83666 6
83665 6
83670 6
83669 6
83682 6
83681 6
83686 6
83685 6
83698 6
83697 6
83702 6
83701 6
83586 6
83585 6
83590 6
83589 6
83602 6
83601 6
83606 6
83605 6
83618 6
83617 6
83622 6
83621 6
83634 6
83633 6
83638 6
83637 6
83522 6
83521 6
83526 6
83525 6
83538 6
83537 6
83542 6
83541 6
83554 6
83553 6
83558 6
83557 6
83570 6
83569 6
83574 6
83573 6
83458 6
83457 6
83462 6
83461 6
83474 6
83473 6
83478 6
83477 6
83490 6
83489 6
83494 6
83493 6
83506 6
83505 6
83510 6
83509 6
83394 6
83393 6
83398 6
83397 6
83410 6
83409 6
83414 6
83413 6
83426 6
83425 6
83430 6
83429 6
83442 6
83441 6
83446 6
83445 6
83330 6
83329 6
83334 6
83333 6
83346 6
83345 6
83350 6
83349 6
83362 6
83361 6
83366 6
83365 6
83378 6
83377 6
83382 6
83381 6
83266 6
83265 6
83270 6
83269 6
83282 6
83281 6
83286 6
83285 6
83298 6
83297 6
83302 6
83301 6
83314 6
83313 6
83318 6
83317 6
83202 6
83201 6
83206 6
83205 6
83218 6
83217 6
83222 6
83221 6
83234 6
83233 6
83238 6
83237 6
83250 6
83249 6
83254 6
83253 6
83138 6
83137 6
83142 6
83141 6
83154 6
83153 6
83158 6
83157 6
83170 6
83169 6
83174 6
83173 6
83186 6
83185 6
83190 6
83189 6
83074 6
83073 6
83078 6
83077 6
83090 6
83089 6
83094 6
83093 6
83106 6
83105 6
83110 6
83109 6
83122 6
83121 6
83126 6
83125 6
83010 6
83009 6
83014 6
83013 6
83026 6
83025 6
83030 6
83029 6
83042 6
83041 6
83046 6
83045 6
83058 6
83057 6
83062 6
83061 6
82946 6
82945 6
82950 6
82949 6
82962 6
82961 6
82966 6
82965 6
82978 6
82977 6
82982 6
82981 6
82994 6
82993 6
82998 6
82997 6
82882 6
82881 6
82886 6
82885 6
82898 6
82897 6
82902 6
82901 6
82914 6
82913 6
82918 6
82917 6
82930 6
82929 6
82934 6
82933 6
82818 6
82817 6
82822 6
82821 6
82834 6
82833 6
82838 6
82837 6
82850 6
82849 6
82854 6
82853 6
82866 6
82865 6
82870 6
82869 6
82754 6
82753 6
82758 6
82757 6
82770 6
82769 6
82774 6
82773 6
82786 6
82785 6
82790 6
82789 6
82802 6
82801 6
82806 6
82805 6
82690 6
82689 6
82694 6
82693 6
82706 6
82705 6
82710 6
82709 6
82722 6
82721 6
82726 6
82725 6
82738 6
82737 6
82742 6
82741 6
82626 6
82625 6
82630 6
82629 6
82642 6
82641 6
82646 6
82645 6
82658 6
82657 6
82662 6
82661 6
82674 6
82673 6
82678 6
82677 6
82562 6
82561 6
82566 6
82565 6
82578 6
82577 6
82582 6
82581 6
82594 6
82593 6
82598 6
82597 6
82610 6
82609 6
82614 6
82613 6
82498 6
82497 6
82502 6
82501 6
82514 6
82513 6
82518 6
82517 6
82530 6
82529 6
82534 6
82533 6
82546 6
82545 6
82550 6
82549 6
82434 6
82433 6
82438 6
82437 6
82450 6
82449 6
82454 6
82453 6
82466 6
82465 6
82470 6
82469 6
82482 6
82481 6
82486 6
82485 6
82370 6
82369 6
82374 6
82373 6
82386 6
82385 6
82390 6
82389 6
82402 6
82401 6
82406 6
82405 6
82418 6
82417 6
82422 6
82421 6
82306 6
82305 6
82310 6
82309 6
82322 6
82321 6
82326 6
82325 6
82338 6
82337 6
82342 6
82341 6
82354 6
82353 6
82358 6
82357 6
82242 6
82241 6
82246 6
82245 6
82258 6
82257 6
82262 6
82261 6
82274 6
82273 6
82278 6
82277 6
82290 6
82289 6
82294 6
82293 6
82178 6
82177 6
82182 6
82181 6
82194 6
82193 6
82198 6
82197 6
82210 6
82209 6
82214 6
82213 6
82226 6
82225 6
82230 6
82229 6
82114 6
82113 6
82118 6
82117 6
82130 6
82129 6
82134 6
82133 6
82146 6
82145 6
82150 6
82149 6
82162 6
82161 6
82166 6
82165 6
82050 6
82049 6
82054 6
82053 6
82066 6
82065 6
82070 6
82069 6
82082 6
82081 6
82086 6
82085 6
82098 6
82097 6
82102 6
82101 6
81986 6
81985 6
81990 6
81989 6
82002 6
82001 6
82006 6
82005 6
82018 6
82017 6
82022 6
82021 6
82034 6
82033 6
82038 6
82037 6
81922 6
81921 6
81926 6
81925 6
81938 6
81937 6
81942 6
81941 6
81954 6
81953 6
81958 6
81957 6
81970 6
81969 6
81974 6
81973 6
81858 6
81857 6
81862 6
81861 6
81874 6
81873 6
81878 6
81877 6
81890 6
81889 6
81894 6
81893 6
81906 6
81905 6
81910 6
81909 6
81794 6
81793 6
81798 6
81797 6
81810 6
81809 6
81814 6
81813 6
81826 6
81825 6
81830 6
81829 6
81842 6
81841 6
81846 6
81845 6
81730 6
81729 6
81734 6
81733 6
81746 6
81745 6
81750 6
81749 6
81762 6
81761 6
81766 6
81765 6
81778 6
81777 6
81782 6
81781 6
81666 6
81665 6
81670 6
81669 6
81682 6
81681 6
81686 6
81685 6
81698 6
81697 6
81702 6
81701 6
81714 6
81713 6
81718 6
81717 6
81602 6
81601 6
81606 6
81605 6
81618 6
81617 6
81622 6
81621 6
81634 6
81633 6
81638 6
81637 6
81650 6
81649 6
81654 6
81653 6
81538 6
81537 6
81542 6
81541 6
81554 6
81553 6
81558 6
81557 6
81570 6
81569 6
81574 6
81573 6
81586 6
81585 6
81590 6
81589 6
81474 6
81473 6
81478 6
81477 6
81490 6
81489 6
81494 6
81493 6
81506 6
81505 6
81510 6
81509 6
81522 6
81521 6
81526 6
81525 6
81410 6
81409 6
81414 6
81413 6
81426 6
81425 6
81430 6
81429 6
81442 6
81441 6
81446 6
81445 6
81458 6
81457 6
81462 6
81461 6
81346 6
81345 6
81350 6
81349 6
81362 6
81361 6
81366 6
81365 6
81378 6
81377 6
81382 6
81381 6
81394 6
81393 6
81398 6
81397 6
81282 6
81281 6
81286 6
81285 6
81298 6
81297 6
81302 6
81301 6
81314 6
81313 6
81318 6
81317 6
81330 6
81329 6
81334 6
81333 6
81218 6
81217 6
81222 6
81221 6
81234 6
81233 6
81238 6
81237 6
81250 6
81249 6
81254 6
81253 6
81266 6
81265 6
81270 6
81269 6
81154 6
81153 6
81158 6
81157 6
81170 6
81169 6
81174 6
81173 6
81186 6
81185 6
81190 6
81189 6
81202 6
81201 6
81206 6
81205 6
81090 6
81089 6
81094 6
81093 6
81106 6
81105 6
81110 6
81109 6
81122 6
81121 6
81126 6
81125 6
81138 6
81137 6
81142 6
81141 6
81026 6
81025 6
81030 6
81029 6
81042 6
81041 6
81046 6
81045 6
81058 6
81057 6
81062 6
81061 6
81074 6
81073 6
81078 6
81077 6
80962 6
80961 6
80966 6
80965 6
80978 6
80977 6
80982 6
80981 6
80994 6
80993 6
80998 6
80997 6
81010 6
81009 6
81014 6
81013 6
80898 6
80897 6
80902 6
80901 6
80914 6
80913 6
80918 6
80917 6
80930 6
80929 6
80934 6
80933 6
80946 6
80945 6
80950 6
80949 6
80834 6
80833 6
80838 6
80837 6
80850 6
80849 6
80854 6
80853 6
80866 6
80865 6
80870 6
80869 6
80882 6
80881 6
80886 6
80885 6
80770 6
80769 6
80774 6
80773 6
80786 6
80785 6
80790 6
80789 6
80802 6
80801 6
80806 6
80805 6
80818 6
80817 6
80822 6
80821 6
80706 6
80705 6
80710 6
80709 6
80722 6
80721 6
80726 6
80725 6
80738 6
80737 6
80742 6
80741 6
80754 6
80753 6
80758 6
80757 6
80642 6
80641 6
80646 6
80645 6
80658 6
80657 6
80662 6
80661 6
80674 6
80673 6
80678 6
80677 6
80690 6
80689 6
80694 6
80693 6
80578 6
80577 6
80582 6
80581 6
80594 6
80593 6
80598 6
80597 6
80610 6
80609 6
80614 6
80613 6
80626 6
80625 6
80630 6
80629 6
80514 6
80513 6
80518 6
80517 6
80530 6
80529 6
80534 6
80533 6
80546 6
80545 6
80550 6
80549 6
70450 6
70449 6
70454 6
70453 6
70434 6
70433 6
70438 6
70437 6
70418 6
70417 6
70422 6
70421 6
70402 6
70401 6
70406 6
70405 6
70514 6
70513 6
70518 6
70517 6
70498 6
70497 6
70502 6
70501 6
70482 6
70481 6
70486 6
70485 6
70466 6
70465 6
70470 6
70469 6
70578 6
70577 6
70582 6
70581 6
70562 6
70561 6
70566 6
70565 6
70546 6
70545 6
70550 6
70549 6
70530 6
70529 6
70534 6
70533 6
70642 6
70641 6
70646 6
70645 6
70626 6
70625 6
70630 6
70629 6
70610 6
70609 6
70614 6
70613 6
70594 6
70593 6
70598 6
70597 6
70706 6
70705 6
70710 6
70709 6
70690 6
70689 6
70694 6
70693 6
70674 6
70673 6
70678 6
70677 6
70658 6
70657 6
70662 6
70661 6
70770 6
70769 6
70774 6
70773 6
70754 6
70753 6
70758 6
70757 6
70738 6
70737 6
70742 6
70741 6
70722 6
70721 6
70726 6
70725 6
70834 6
70833 6
70838 6
70837 6
70818 6
70817 6
70822 6
70821 6
70802 6
70801 6
70806 6
70805 6
70786 6
70785 6
70790 6
70789 6
70898 6
70897 6
70902 6
70901 6
70882 6
70881 6
70886 6
70885 6
70866 6
70865 6
70870 6
70869 6
70850 6
70849 6
70854 6
70853 6
70962 6
70961 6
70966 6
70965 6
70946 6
70945 6
70950 6
70949 6
70930 6
70929 6
70934 6
70933 6
70914 6
70913 6
70918 6
70917 6
71026 6
71025 6
71030 6
71029 6
71010 6
71009 6
71014 6
71013 6
70994 6
70993 6
70998 6
70997 6
70978 6
70977 6
70982 6
70981 6
71090 6
71089 6
71094 6
71093 6
71074 6
71073 6
71078 6
71077 6
71058 6
71057 6
71062 6
71061 6
71042 6
71041 6
71046 6
71045 6
71154 6
71153 6
71158 6
71157 6
71138 6
71137 6
71142 6
71141 6
71122 6
71121 6
71126 6
71125 6
71106 6
71105 6
71110 6
71109 6
71218 6
71217 6
71222 6
71221 6
71202 6
71201 6
71206 6
71205 6
71186 6
71185 6
71190 6
71189 6
71170 6
71169 6
71174 6
71173 6
71282 6
71281 6
71286 6
71285 6
71266 6
71265 6
71270 6
71269 6
71250 6
71249 6
71254 6
71253 6
71234 6
71233 6
71238 6
71237 6
71346 6
71345 6
71350 6
71349 6
71330 6
71329 6
71334 6
71333 6
71314 6
71313 6
71318 6
71317 6
71298 6
71297 6
71302 6
71301 6
71410 6
71409 6
71414 6
71413 6
71394 6
71393 6
71398 6
71397 6
71378 6
71377 6
71382 6
71381 6
71362 6
71361 6
71366 6
71365 6
71474 6
71473 6
71478 6
71477 6
71458 6
71457 6
71462 6
71461 6
71442 6
71441 6
71446 6
71445 6
71426 6
71425 6
71430 6
71429 6
71538 6
71537 6
71542 6
71541 6
71522 6
71521 6
71526 6
71525 6
71506 6
71505 6
71510 6
71509 6
71490 6
71489 6
71494 6
71493 6
71602 6
71601 6
71606 6
71605 6
71586 6
71585 6
71590 6
71589 6
71570 6
71569 6
71574 6
71573 6
71554 6
71553 6
71558 6
71557 6
71666 6
71665 6
71670 6
71669 6
71650 6
71649 6
71654 6
71653 6
71634 6
71633 6
71638 6
71637 6
71618 6
71617 6
71622 6
71621 6
71730 6
71729 6
71734 6
71733 6
71714 6
71713 6
71718 6
71717 6
71698 6
71697 6
71702 6
71701 6
71682 6
71681 6
71686 6
71685 6
71794 6
71793 6
71798 6
71797 6
71778 6
71777 6
71782 6
71781 6
71762 6
71761 6
71766 6
71765 6
71746 6
71745 6
71750 6
71749 6
71858 6
71857 6
71862 6
71861 6
71842 6
71841 6
71846 6
71845 6
71826 6
71825 6
71830 6
71829 6
71810 6
71809 6
71814 6
71813 6
71922 6
71921 6
71926 6
71925 6
71906 6
71905 6
71910 6
71909 6
71890 6
71889 6
71894 6
71893 6
71874 6
71873 6
71878 6
71877 6
71986 6
71985 6
71990 6
71989 6
71970 6
71969 6
71974 6
71973 6
71954 6
71953 6
71958 6
71957 6
71938 6
71937 6
71942 6
71941 6
72050 6
72049 6
72054 6
72053 6
72034 6
72033 6
72038 6
72037 6
72018 6
72017 6
72022 6
72021 6
72002 6
72001 6
72006 6
72005 6
72114 6
72113 6
72118 6
72117 6
72098 6
72097 6
72102 6
72101 6
72082 6
72081 6
72086 6
72085 6
72066 6
72065 6
72070 6
72069 6
72178 6
72177 6
72182 6
72181 6
72162 6
72161 6
72166 6
72165 6
72146 6
72145 6
72150 6
72149 6
72130 6
72129 6
72134 6
72133 6
72242 6
72241 6
72246 6
72245 6
72226 6
72225 6
72230 6
72229 6
72210 6
72209 6
72214 6
72213 6
72194 6
72193 6
72198 6
72197 6
72306 6
72305 6
72310 6
72309 6
72290 6
72289 6
72294 6
72293 6
72274 6
72273 6
72278 6
72277 6
72258 6
72257 6
72262 6
72261 6
72370 6
72369 6
72374 6
72373 6
72354 6
72353 6
72358 6
72357 6
72338 6
72337 6
72342 6
72341 6
72322 6
72321 6
72326 6
72325 6
72434 6
72433 6
72438 6
72437 6
72418 6
72417 6
72422 6
72421 6
72402 6
72401 6
72406 6
72405 6
72386 6
72385 6
72390 6
72389 6
72498 6
72497 6
72502 6
72501 6
72482 6
72481 6
72486 6
72485 6
72466 6
72465 6
72470 6
72469 6
72450 6
72449 6
72454 6
72453 6
72562 6
72561 6
72566 6
72565 6
72546 6
72545 6
72550 6
72549 6
72530 6
72529 6
72534 6
72533 6
72514 6
72513 6
72518 6
72517 6
72626 6
72625 6
72630 6
72629 6
72610 6
72609 6
72614 6
72613 6
72594 6
72593 6
72598 6
72597 6
72578 6
72577 6
72582 6
72581 6
72690 6
72689 6
72694 6
72693 6
72674 6
72673 6
72678 6
72677 6
72658 6
72657 6
72662 6
72661 6
72642 6
72641 6
72646 6
72645 6
72754 6
72753 6
72758 6
72757 6
72738 6
72737 6
72742 6
72741 6
72722 6
72721 6
72726 6
72725 6
72706 6
72705 6
72710 6
72709 6
72818 6
72817 6
72822 6
72821 6
72802 6
72801 6
72806 6
72805 6
72786 6
72785 6
72790 6
72789 6
72770 6
72769 6
72774 6
72773 6
72882 6
72881 6
72886 6
72885 6
72866 6
72865 6
72870 6
72869 6
72850 6
72849 6
72854 6
72853 6
72834 6
72833 6
72838 6
72837 6
72946 6
72945 6
72950 6
72949 6
72930 6
72929 6
72934 6
72933 6
72914 6
72913 6
72918 6
72917 6
72898 6
72897 6
72902 6
72901 6
73010 6
73009 6
73014 6
73013 6
72994 6
72993 6
72998 6
72997 6
72978 6
72977 6
72982 6
72981 6
72962 6
72961 6
72966 6
72965 6
73074 6
73073 6
73078 6
73077 6
73058 6
73057 6
73062 6
73061 6
73042 6
73041 6
73046 6
73045 6
73026 6
73025 6
73030 6
73029 6
73138 6
73137 6
73142 6
73141 6
73122 6
73121 6
73126 6
73125 6
73106 6
73105 6
73110 6
73109 6
73090 6
73089 6
73094 6
73093 6
73202 6
73201 6
73206 6
73205 6
73186 6
73185 6
73190 6
73189 6
73170 6
73169 6
73174 6
73173 6
73154 6
73153 6
73158 6
73157 6
73266 6
73265 6
73270 6
73269 6
73250 6
73249 6
73254 6
73253 6
73234 6
73233 6
73238 6
73237 6
73218 6
73217 6
73222 6
73221 6
73330 6
73329 6
73334 6
73333 6
73314 6
73313 6
73318 6
73317 6
73298 6
73297 6
73302 6
73301 6
73282 6
73281 6
73286 6
73285 6
73394 6
73393 6
73398 6
73397 6
73378 6
73377 6
73382 6
73381 6
73362 6
73361 6
73366 6
73365 6
73346 6
73345 6
73350 6
73349 6
73458 6
73457 6
73462 6
73461 6
73442 6
73441 6
73446 6
73445 6
73426 6
73425 6
73430 6
73429 6
73410 6
73409 6
73414 6
73413 6
73522 6
73521 6
73526 6
73525 6
73506 6
73505 6
73510 6
73509 6
73490 6
73489 6
73494 6
73493 6
73474 6
73473 6
73478 6
73477 6
73586 6
73585 6
73590 6
73589 6
73570 6
73569 6
73574 6
73573 6
73554 6
73553 6
73558 6
73557 6
73538 6
73537 6
73542 6
73541 6
73650 6
73649 6
73654 6
73653 6
73634 6
73633 6
73638 6
73637 6
73618 6
73617 6
73622 6
73621 6
73602 6
73601 6
73606 6
73605 6
73714 6
73713 6
73718 6
73717 6
73698 6
73697 6
73702 6
73701 6
73682 6
73681 6
73686 6
73685 6
73666 6
73665 6
73670 6
73669 6
73778 6
73777 6
73782 6
73781 6
73762 6
73761 6
73766 6
73765 6
73746 6
73745 6
73750 6
73749 6
73730 6
73729 6
73734 6
73733 6
73842 6
73841 6
73846 6
73845 6
73826 6
73825 6
73830 6
73829 6
73810 6
73809 6
73814 6
73813 6
73794 6
73793 6
73798 6
73797 6
73906 6
73905 6
73910 6
73909 6
73890 6
73889 6
73894 6
73893 6
73874 6
73873 6
73878 6
73877 6
73858 6
73857 6
73862 6
73861 6
73970 6
73969 6
73974 6
73973 6
73954 6
73953 6
73958 6
73957 6
73938 6
73937 6
73942 6
73941 6
73922 6
73921 6
73926 6
73925 6
74034 6
74033 6
74038 6
74037 6
74018 6
74017 6
74022 6
74021 6
74002 6
74001 6
74006 6
74005 6
73986 6
73985 6
73990 6
73989 6
74098 6
74097 6
74102 6
74101 6
74082 6
74081 6
74086 6
74085 6
74066 6
74065 6
74070 6
74069 6
74050 6
74049 6
74054 6
74053 6
74162 6
74161 6
74166 6
74165 6
74146 6
74145 6
74150 6
74149 6
74130 6
74129 6
74134 6
74133 6
74114 6
74113 6
74118 6
74117 6
74226 6
74225 6
74230 6
74229 6
74210 6
74209 6
74214 6
74213 6
74194 6
74193 6
74198 6
74197 6
74178 6
74177 6
74182 6
74181 6
74290 6
74289 6
74294 6
74293 6
74274 6
74273 6
74278 6
74277 6
74258 6
74257 6
74262 6
74261 6
74242 6
74241 6
74246 6
74245 6
74354 6
74353 6
74358 6
74357 6
74338 6
74337 6
74342 6
74341 6
74322 6
74321 6
74326 6
74325 6
74306 6
74305 6
74310 6
74309 6
74418 6
74417 6
74422 6
74421 6
74402 6
74401 6
74406 6
74405 6
74386 6
74385 6
74390 6
74389 6
74370 6
74369 6
74374 6
74373 6
74482 6
74481 6
74486 6
74485 6
74466 6
74465 6
74470 6
74469 6
74450 6
74449 6
74454 6
74453 6
74434 6
74433 6
74438 6
74437 6
74546 6
74545 6
74550 6
74549 6
74530 6
74529 6
74534 6
74533 6
74514 6
74513 6
74518 6
74517 6
74498 6
74497 6
74502 6
74501 6
74610 6
74609 6
74614 6
74613 6
74594 6
74593 6
74598 6
74597 6
74578 6
74577 6
74582 6
74581 6
74562 6
74561 6
74566 6
74565 6
74674 6
74673 6
74678 6
74677 6
74658 6
74657 6
74662 6
74661 6
74642 6
74641 6
74646 6
74645 6
74626 6
74625 6
74630 6
74629 6
74738 6
74737 6
74742 6
74741 6
74722 6
74721 6
74726 6
74725 6
74706 6
74705 6
74710 6
74709 6
74690 6
74689 6
74694 6
74693 6
74802 6
74801 6
74806 6
74805 6
74786 6
74785 6
74790 6
74789 6
74770 6
74769 6
74774 6
74773 6
74754 6
74753 6
74758 6
74757 6
74866 6
74865 6
74870 6
74869 6
74850 6
74849 6
74854 6
74853 6
74834 6
74833 6
74838 6
74837 6
74818 6
74817 6
74822 6
74821 6
74930 6
74929 6
74934 6
74933 6
74914 6
74913 6
74918 6
74917 6
74898 6
74897 6
74902 6
74901 6
74882 6
74881 6
74886 6
74885 6
74994 6
74993 6
74998 6
74997 6
74978 6
74977 6
74982 6
74981 6
74962 6
74961 6
74966 6
74965 6
74946 6
74945 6
74950 6
74949 6
75058 6
75057 6
75062 6
75061 6
75042 6
75041 6
75046 6
75045 6
75026 6
75025 6
75030 6
75029 6
75010 6
75009 6
75014 6
75013 6
75122 6
75121 6
75126 6
75125 6
75106 6
75105 6
75110 6
75109 6
75090 6
75089 6
75094 6
75093 6
75074 6
75073 6
75078 6
75077 6
75186 6
75185 6
75190 6
75189 6
75170 6
75169 6
75174 6
75173 6
75154 6
75153 6
75158 6
75157 6
75138 6
75137 6
75142 6
75141 6
75250 6
75249 6
75254 6
75253 6
75234 6
75233 6
75238 6
75237 6
75218 6
75217 6
75222 6
75221 6
75202 6
75201 6
75206 6
75205 6
75314 6
75313 6
75318 6
75317 6
75298 6
75297 6
75302 6
75301 6
75282 6
75281 6
75286 6
75285 6
75266 6
75265 6
75270 6
75269 6
75378 6
75377 6
75382 6
75381 6
75362 6
75361 6
75366 6
75365 6
75346 6
75345 6
75350 6
75349 6
75330 6
75329 6
75334 6
75333 6
75442 6
75441 6
75446 6
75445 6
75426 6
75425 6
75430 6
75429 6
75410 6
75409 6
75414 6
75413 6
75394 6
75393 6
75398 6
75397 6
75506 6
75505 6
75510 6
75509 6
75490 6
75489 6
75494 6
75493 6
75474 6
75473 6
75478 6
75477 6
75458 6
75457 6
75462 6
75461 6
75570 6
75569 6
75574 6
75573 6
75554 6
75553 6
75558 6
75557 6
75538 6
75537 6
75542 6
75541 6
75522 6
75521 6
75526 6
75525 6
75634 6
75633 6
75638 6
75637 6
75618 6
75617 6
75622 6
75621 6
75602 6
75601 6
75606 6
75605 6
75586 6
75585 6
75590 6
75589 6
75698 6
75697 6
75702 6
75701 6
75682 6
75681 6
75686 6
75685 6
75666 6
75665 6
75670 6
75669 6
75650 6
75649 6
75654 6
75653 6
75762 6
75761 6
75766 6
75765 6
75746 6
75745 6
75750 6
75749 6
75730 6
75729 6
75734 6
75733 6
75714 6
75713 6
75718 6
75717 6
75826 6
75825 6
75830 6
75829 6
75810 6
75809 6
75814 6
75813 6
75794 6
75793 6
75798 6
75797 6
75778 6
75777 6
75782 6
75781 6
75890 6
75889 6
75894 6
75893 6
75874 6
75873 6
75878 6
75877 6
75858 6
75857 6
75862 6
75861 6
75842 6
75841 6
75846 6
75845 6
75954 6
75953 6
75958 6
75957 6
75938 6
75937 6
75942 6
75941 6
75922 6
75921 6
75926 6
75925 6
75906 6
75905 6
75910 6
75909 6
76018 6
76017 6
76022 6
76021 6
76002 6
76001 6
76006 6
76005 6
75986 6
75985 6
75990 6
75989 6
75970 6
75969 6
75974 6
75973 6
76082 6
76081 6
76086 6
76085 6
76066 6
76065 6
76070 6
76069 6
76050 6
76049 6
76054 6
76053 6
76034 6
76033 6
76038 6
76037 6
76146 6
76145 6
76150 6
76149 6
76130 6
76129 6
76134 6
76133 6
76114 6
76113 6
76118 6
76117 6
76098 6
76097 6
76102 6
76101 6
76210 6
76209 6
76214 6
76213 6
76194 6
76193 6
76198 6
76197 6
76178 6
76177 6
76182 6
76181 6
76162 6
76161 6
76166 6
76165 6
76274 6
76273 6
76278 6
76277 6
76258 6
76257 6
76262 6
76261 6
76242 6
76241 6
76246 6
76245 6
76226 6
76225 6
76230 6
76229 6
76338 6
76337 6
76342 6
76341 6
76322 6
76321 6
76326 6
76325 6
76306 6
76305 6
76310 6
76309 6
76290 6
76289 6
76294 6
76293 6
76402 6
76401 6
76406 6
76405 6
76386 6
76385 6
76390 6
76389 6
76370 6
76369 6
76374 6
76373 6
76354 6
76353 6
76358 6
76357 6
76466 6
76465 6
76470 6
76469 6
76450 6
76449 6
76454 6
76453 6
76434 6
76433 6
76438 6
76437 6
76418 6
76417 6
76422 6
76421 6
76530 6
76529 6
76534 6
76533 6
76514 6
76513 6
76518 6
76517 6
76498 6
76497 6
76502 6
76501 6
76482 6
76481 6
76486 6
76485 6
76594 6
76593 6
76598 6
76597 6
76578 6
76577 6
76582 6
76581 6
76562 6
76561 6
76566 6
76565 6
76546 6
76545 6
76550 6
76549 6
76658 6
76657 6
76662 6
76661 6
76642 6
76641 6
76646 6
76645 6
76626 6
76625 6
76630 6
76629 6
76610 6
76609 6
76614 6
76613 6
76722 6
76721 6
76726 6
76725 6
76706 6
76705 6
76710 6
76709 6
76690 6
76689 6
76694 6
76693 6
76674 6
76673 6
76678 6
76677 6
76786 6
76785 6
76790 6
76789 6
76770 6
76769 6
76774 6
76773 6
76754 6
76753 6
76758 6
76757 6
76738 6
76737 6
76742 6
76741 6
76850 6
76849 6
76854 6
76853 6
76834 6
76833 6
76838 6
76837 6
76818 6
76817 6
76822 6
76821 6
76802 6
76801 6
76806 6
76805 6
76914 6
76913 6
76918 6
76917 6
76898 6
76897 6
76902 6
76901 6
76882 6
76881 6
76886 6
76885 6
76866 6
76865 6
76870 6
76869 6
76978 6
76977 6
76982 6
76981 6
76962 6
76961 6
76966 6
76965 6
76946 6
76945 6
76950 6
76949 6
76930 6
76929 6
76934 6
76933 6
77042 6
77041 6
77046 6
77045 6
77026 6
77025 6
77030 6
77029 6
77010 6
77009 6
77014 6
77013 6
76994 6
76993 6
76998 6
76997 6
77106 6
77105 6
77110 6
77109 6
77090 6
77089 6
77094 6
77093 6
77074 6
77073 6
77078 6
77077 6
77058 6
77057 6
77062 6
77061 6
77170 6
77169 6
77174 6
77173 6
77154 6
77153 6
77158 6
77157 6
142930 6
142929 6
142934 6
142933 6
142914 6
142913 6
142918 6
142917 6
143026 6
143025 6
143030 6
143029 6
143010 6
143009 6
143014 6
143013 6
142994 6
142993 6
142998 6
142997 6
142978 6
142977 6
142982 6
142981 6
143090 6
143089 6
143094 6
143093 6
143074 6
143073 6
143078 6
143077 6
143058 6
143057 6
143062 6
143061 6
143042 6
143041 6
143046 6
143045 6
143154 6
143153 6
143158 6
143157 6
143138 6
143137 6
143142 6
143141 6
143122 6
143121 6
143126 6
143125 6
143106 6
143105 6
143110 6
143109 6
143218 6
143217 6
143222 6
143221 6
143202 6
143201 6
143206 6
143205 6
143186 6
143185 6
143190 6
143189 6
143170 6
143169 6
143174 6
143173 6
143282 6
143281 6
143286 6
143285 6
143266 6
143265 6
143270 6
143269 6
143250 6
143249 6
143254 6
143253 6
143234 6
143233 6
143238 6
143237 6
143346 6
143345 6
143350 6
143349 6
143330 6
143329 6
143334 6
143333 6
143314 6
143313 6
143318 6
143317 6
143298 6
143297 6
143302 6
143301 6
143410 6
143409 6
143414 6
143413 6
143394 6
143393 6
143398 6
143397 6
143378 6
143377 6
143382 6
143381 6
143362 6
143361 6
143366 6
143365 6
143474 6
143473 6
143478 6
143477 6
143458 6
143457 6
143462 6
143461 6
143442 6
143441 6
143446 6
143445 6
143426 6
143425 6
143430 6
143429 6
143538 6
143537 6
143542 6
143541 6
143522 6
143521 6
143526 6
143525 6
143506 6
143505 6
143510 6
143509 6
143490 6
143489 6
143494 6
143493 6
143602 6
143601 6
143606 6
143605 6
143586 6
143585 6
143590 6
143589 6
143570 6
143569 6
143574 6
143573 6
143554 6
143553 6
143558 6
143557 6
143666 6
143665 6
143670 6
143669 6
143650 6
143649 6
143654 6
143653 6
143634 6
143633 6
143638 6
143637 6
143618 6
143617 6
143622 6
143621 6
143730 6
143729 6
143734 6
143733 6
143714 6
143713 6
143718 6
143717 6
143698 6
143697 6
143702 6
143701 6
143682 6
143681 6
143686 6
143685 6
143794 6
143793 6
143798 6
143797 6
143778 6
146197 6
146198 6
146193 6
146194 6
146213 6
146214 6
146209 6
146210 6
146229 6
146230 6
146225 6
146226 6
146117 6
146118 6
146113 6
146114 6
146133 6
146134 6
146129 6
146130 6
146149 6
146150 6
146145 6
146146 6
146165 6
146166 6
146161 6
146162 6
146053 6
146054 6
146049 6
146050 6
146069 6
146070 6
146065 6
146066 6
146085 6
146086 6
146081 6
146082 6
146101 6
146102 6
146097 6
146098 6
145989 6
145990 6
145985 6
145986 6
146005 6
146006 6
146001 6
146002 6
146021 6
146022 6
146017 6
146018 6
146037 6
146038 6
146033 6
146034 6
145925 6
145926 6
145921 6
145922 6
145941 6
145942 6
145937 6
145938 6
145957 6
145958 6
145953 6
145954 6
145973 6
145974 6
145969 6
145970 6
145861 6
145862 6
145857 6
145858 6
145877 6
145878 6
145873 6
145874 6
145893 6
145894 6
145889 6
145890 6
145909 6
145910 6
145905 6
145906 6
145797 6
145798 6
145793 6
145794 6
145813 6
145814 6
145809 6
145810 6
145829 6
145830 6
145825 6
145826 6
145845 6
145846 6
145841 6
145842 6
145733 6
145734 6
145729 6
145730 6
145749 6
145750 6
145745 6
145746 6
145765 6
145766 6
145761 6
145762 6
145781 6
145782 6
145777 6
145778 6
145669 6
145670 6
145665 6
145666 6
145685 6
145686 6
145681 6
145682 6
145701 6
145702 6
145697 6
145698 6
145717 6
145718 6
145713 6
145714 6
145605 6
145606 6
145601 6
145602 6
145621 6
145622 6
145617 6
145618 6
145637 6
145638 6
145633 6
145634 6
145653 6
145654 6
145649 6
145650 6
145541 6
145542 6
145537 6
145538 6
145557 6
145558 6
145553 6
145554 6
145573 6
145574 6
145569 6
145570 6
145589 6
145590 6
145585 6
145586 6
145477 6
145478 6
145473 6
145474 6
145493 6
145494 6
145489 6
145490 6
145509 6
145510 6
145505 6
145506 6
145525 6
145526 6
145521 6
145522 6
145413 6
145414 6
145409 6
145410 6
145429 6
145430 6
145425 6
145426 6
145445 6
145446 6
145441 6
145442 6
145461 6
145462 6
145457 6
145458 6
145349 6
145350 6
145345 6
145346 6
145365 6
145366 6
145361 6
145362 6
145381 6
145382 6
145377 6
145378 6
145397 6
145398 6
145393 6
145394 6
145285 6
145286 6
145281 6
145282 6
145301 6
145302 6
145297 6
145298 6
145317 6
145318 6
145313 6
145314 6
145333 6
145334 6
145329 6
145330 6
145221 6
145222 6
145217 6
145218 6
145237 6
145238 6
145233 6
145234 6
145253 6
145254 6
145249 6
145250 6
145269 6
145270 6
145265 6
145266 6
145157 6
145158 6
145153 6
145154 6
145173 6
145174 6
145169 6
145170 6
145189 6
145190 6
145185 6
145186 6
145205 6
145206 6
145201 6
145202 6
145093 6
145094 6
145089 6
145090 6
145109 6
145110 6
145105 6
145106 6
145125 6
145126 6
145121 6
145122 6
145141 6
145142 6
145137 6
145138 6
145029 6
145030 6
145025 6
145026 6
145045 6
145046 6
145041 6
145042 6
145061 6
145062 6
145057 6
145058 6
145077 6
145078 6
145073 6
145074 6
144965 6
144966 6
144961 6
144962 6
144981 6
144982 6
144977 6
144978 6
144997 6
144998 6
144993 6
144994 6
145013 6
145014 6
145009 6
145010 6
144901 6
144902 6
144897 6
144898 6
144917 6
144918 6
144913 6
144914 6
144933 6
144934 6
144929 6
144930 6
144949 6
144950 6
144945 6
144946 6
144837 6
144838 6
144833 6
144834 6
144853 6
144854 6
144849 6
144850 6
144869 6
144870 6
144865 6
144866 6
144885 6
144886 6
144881 6
144882 6
144773 6
144774 6
144769 6
144770 6
144789 6
144790 6
144785 6
144786 6
144805 6
144806 6
144801 6
144802 6
144821 6
144822 6
144817 6
144818 6
144709 6
144710 6
144705 6
144706 6
144725 6
144726 6
144721 6
144722 6
144741 6
144742 6
144737 6
144738 6
144757 6
144758 6
144753 6
144754 6
144645 6
144646 6
144641 6
144642 6
144661 6
144662 6
144657 6
144658 6
144677 6
144678 6
144673 6
144674 6
144693 6
144694 6
144689 6
144690 6
144581 6
144582 6
144577 6
144578 6
144597 6
144598 6
144593 6
144594 6
144613 6
144614 6
144609 6
144610 6
144629 6
144630 6
144625 6
144626 6
144517 6
144518 6
144513 6
144514 6
144533 6
144534 6
144529 6
144530 6
144549 6
144550 6
144545 6
144546 6
144565 6
144566 6
144561 6
144562 6
144453 6
144454 6
144449 6
144450 6
144469 6
144470 6
144465 6
144466 6
144485 6
144486 6
144481 6
144482 6
144501 6
144502 6
144497 6
144498 6
144389 6
144390 6
144385 6
144386 6
144405 6
144406 6
144401 6
144402 6
144421 6
144422 6
144417 6
144418 6
144437 6
144438 6
144433 6
144434 6
144325 6
144326 6
144321 6
144322 6
144341 6
144342 6
144337 6
144338 6
144357 6
144358 6
144353 6
144354 6
144373 6
144374 6
144369 6
144370 6
144261 6
144262 6
144257 6
144258 6
144277 6
144278 6
144273 6
144274 6
144293 6
144294 6
144289 6
144290 6
144309 6
144310 6
144305 6
144306 6
144197 6
144198 6
144193 6
144194 6
144213 6
144214 6
144209 6
144210 6
144229 6
144230 6
144225 6
144226 6
144245 6
144246 6
144241 6
144242 6
144133 6
144134 6
144129 6
144130 6
144149 6
144150 6
144145 6
144146 6
144165 6
144166 6
144161 6
144162 6
144181 6
144182 6
144177 6
144178 6
144069 6
144070 6
144065 6
144066 6
144085 6
144086 6
144081 6
144082 6
144101 6
144102 6
144097 6
144098 6
144117 6
144118 6
144113 6
144114 6
144005 6
144006 6
144001 6
144002 6
144021 6
144022 6
144017 6
144018 6
144037 6
144038 6
144033 6
144034 6
144053 6
144054 6
144049 6
144050 6
143941 6
143942 6
143937 6
143938 6
143957 6
143958 6
143953 6
143954 6
143973 6
143974 6
143969 6
143970 6
143989 6
143990 6
143985 6
143986 6
143877 6
143878 6
143873 6
143874 6
143893 6
143894 6
143889 6
143890 6
143909 6
143910 6
143905 6
143906 6
143925 6
143926 6
143921 6
143922 6
143813 6
143814 6
143809 6
143810 6
143829 6
143830 6
143825 6
143826 6
143845 6
143846 6
143841 6
143842 6
143861 6
143862 6
143857 6
143858 6
143749 6
143750 6
143745 6
143746 6
143765 6
143766 6
143761 6
143762 6
143781 6
143782 6
143777 6
149442 6
149441 6
149446 6
149445 6
149458 6
149457 6
149462 6
149461 6
149474 6
149473 6
149478 6
149477 6
149490 6
149489 6
149494 6
149493 6
149378 6
149377 6
149382 6
149381 6
149394 6
149393 6
149398 6
149397 6
149410 6
149409 6
149414 6
149413 6
149426 6
149425 6
149430 6
149429 6
149314 6
149313 6
149318 6
149317 6
149330 6
149329 6
149334 6
149333 6
149346 6
149345 6
149350 6
149349 6
149362 6
149361 6
149366 6
149365 6
149250 6
149249 6
149254 6
149253 6
149266 6
149265 6
149270 6
149269 6
149282 6
149281 6
149286 6
149285 6
149298 6
149297 6
149302 6
149301 6
149186 6
149185 6
149190 6
149189 6
149202 6
149201 6
149206 6
149205 6
149218 6
149217 6
149222 6
149221 6
149234 6
149233 6
149238 6
149237 6
149122 6
149121 6
149126 6
149125 6
149138 6
149137 6
149142 6
149141 6
149154 6
149153 6
149158 6
149157 6
149170 6
149169 6
149174 6
149173 6
149058 6
149057 6
149062 6
149061 6
149074 6
149073 6
149078 6
149077 6
149090 6
149089 6
149094 6
149093 6
149106 6
149105 6
149110 6
149109 6
148994 6
148993 6
148998 6
148997 6
149010 6
149009 6
149014 6
149013 6
149026 6
149025 6
149030 6
149029 6
149042 6
149041 6
149046 6
149045 6
148930 6
148929 6
148934 6
148933 6
148946 6
148945 6
148950 6
148949 6
148962 6
148961 6
148966 6
148965 6
148978 6
148977 6
148982 6
148981 6
148866 6
148865 6
148870 6
148869 6
148882 6
148881 6
148886 6
148885 6
148898 6
148897 6
148902 6
148901 6
148914 6
148913 6
148918 6
148917 6
148802 6
148801 6
148806 6
148805 6
148818 6
148817 6
148822 6
148821 6
148834 6
148833 6
148838 6
148837 6
148850 6
148849 6
148854 6
148853 6
148738 6
148737 6
148742 6
148741 6
148754 6
148753 6
148758 6
148757 6
148770 6
148769 6
148774 6
148773 6
148786 6
148785 6
148790 6
148789 6
148674 6
148673 6
148678 6
148677 6
148690 6
148689 6
148694 6
148693 6
148706 6
148705 6
148710 6
148709 6
148722 6
148721 6
148726 6
148725 6
148610 6
148609 6
148614 6
148613 6
148626 6
148625 6
148630 6
148629 6
148642 6
148641 6
148646 6
148645 6
148658 6
148657 6
148662 6
148661 6
148546 6
148545 6
148550 6
148549 6
148562 6
148561 6
148566 6
148565 6
148578 6
148577 6
148582 6
148581 6
148594 6
148593 6
148598 6
148597 6
148482 6
148481 6
148486 6
148485 6
148498 6
148497 6
148502 6
148501 6
148514 6
148513 6
148518 6
148517 6
148530 6
148529 6
148534 6
148533 6
148418 6
148417 6
148422 6
148421 6
148434 6
148433 6
148438 6
148437 6
148450 6
148449 6
148454 6
148453 6
148466 6
148465 6
148470 6
148469 6
148354 6
148353 6
148358 6
148357 6
148370 6
148369 6
148374 6
148373 6
148386 6
148385 6
148390 6
148389 6
148402 6
148401 6
148406 6
148405 6
148290 6
148289 6
148294 6
148293 6
148306 6
148305 6
148310 6
148309 6
148322 6
148321 6
148326 6
148325 6
148338 6
148337 6
148342 6
148341 6
148226 6
148225 6
148230 6
148229 6
148242 6
148241 6
148246 6
148245 6
148258 6
148257 6
148262 6
148261 6
148274 6
148273 6
148278 6
148277 6
148162 6
148161 6
148166 6
148165 6
148178 6
148177 6
148182 6
148181 6
148194 6
148193 6
148198 6
148197 6
148210 6
148209 6
148214 6
148213 6
148098 6
148097 6
148102 6
148101 6
148114 6
148113 6
148118 6
148117 6
148130 6
148129 6
148134 6
148133 6
148146 6
148145 6
148150 6
148149 6
148034 6
148033 6
148038 6
148037 6
148050 6
148049 6
148054 6
148053 6
148066 6
148065 6
148070 6
148069 6
148082 6
148081 6
148086 6
148085 6
147970 6
147969 6
147974 6
147973 6
147986 6
147985 6
147990 6
147989 6
148002 6
148001 6
148006 6
148005 6
148018 6
148017 6
148022 6
148021 6
147906 6
147905 6
147910 6
147909 6
147922 6
147921 6
147926 6
147925 6
147938 6
147937 6
147942 6
147941 6
147954 6
147953 6
147958 6
147957 6
147842 6
147841 6
147846 6
147845 6
147858 6
147857 6
147862 6
147861 6
147874 6
147873 6
147878 6
147877 6
147890 6
147889 6
147894 6
147893 6
147778 6
147777 6
147782 6
147781 6
147794 6
147793 6
147798 6
147797 6
147810 6
147809 6
147814 6
147813 6
147826 6
147825 6
147830 6
147829 6
147714 6
147713 6
147718 6
147717 6
147730 6
147729 6
147734 6
147733 6
147746 6
147745 6
147750 6
147749 6
147762 6
147761 6
147766 6
147765 6
147650 6
147649 6
147654 6
147653 6
147666 6
147665 6
147670 6
147669 6
147682 6
147681 6
147686 6
147685 6
147698 6
147697 6
147702 6
147701 6
147586 6
147585 6
147590 6
147589 6
147602 6
147601 6
147606 6
147605 6
147618 6
147617 6
147622 6
147621 6
147634 6
147633 6
147638 6
147637 6
147522 6
147521 6
147526 6
147525 6
147538 6
147537 6
147542 6
147541 6
147554 6
147553 6
147558 6
147557 6
147570 6
147569 6
147574 6
147573 6
147458 6
147457 6
147462 6
147461 6
147474 6
147473 6
147478 6
147477 6
147490 6
147489 6
147494 6
147493 6
147506 6
147505 6
147510 6
147509 6
147394 6
147393 6
147398 6
147397 6
147410 6
147409 6
147414 6
147413 6
147426 6
147425 6
147430 6
147429 6
147442 6
147441 6
147446 6
147445 6
147330 6
147329 6
147334 6
147333 6
147346 6
147345 6
147350 6
147349 6
147362 6
147361 6
147366 6
147365 6
147378 6
147377 6
147382 6
147381 6
147266 6
147265 6
147270 6
147269 6
147282 6
147281 6
147286 6
147285 6
147298 6
147297 6
147302 6
147301 6
147314 6
147313 6
147318 6
147317 6
147202 6
147201 6
147206 6
147205 6
147218 6
147217 6
147222 6
147221 6
147234 6
147233 6
147238 6
147237 6
147250 6
147249 6
147254 6
147253 6
147138 6
147137 6
147142 6
147141 6
147154 6
147153 6
147158 6
147157 6
147170 6
147169 6
147174 6
147173 6
147186 6
147185 6
147190 6
147189 6
147074 6
147073 6
147078 6
147077 6
147090 6
147089 6
147094 6
147093 6
147106 6
147105 6
147110 6
147109 6
147122 6
147121 6
147126 6
147125 6
147010 6
147009 6
147014 6
147013 6
147026 6
147025 6
147030 6
147029 6
147042 6
147041 6
147046 6
147045 6
147058 6
147057 6
147062 6
147061 6
146946 6
146945 6
146950 6
146949 6
146962 6
146961 6
146966 6
146965 6
146978 6
146977 6
146982 6
146981 6
146994 6
146993 6
146998 6
146997 6
146882 6
146881 6
146886 6
146885 6
146898 6
146897 6
146902 6
146901 6
146914 6
146913 6
146918 6
146917 6
146930 6
146929 6
146934 6
146933 6
146818 6
146817 6
146822 6
146821 6
146834 6
146833 6
146838 6
146837 6
146850 6
146849 6
146854 6
146853 6
146866 6
146865 6
146870 6
146869 6
146754 6
146753 6
146758 6
146757 6
146770 6
146769 6
146774 6
146773 6
146786 6
146785 6
146790 6
146789 6
146802 6
146801 6
146806 6
146805 6
146690 6
146689 6
146694 6
146693 6
146706 6
146705 6
146710 6
146709 6
146722 6
146721 6
146726 6
146725 6
146738 6
146737 6
146742 6
146741 6
146626 6
146625 6
146630 6
146629 6
146642 6
146641 6
146646 6
146645 6
146658 6
146657 6
146662 6
146661 6
146674 6
146673 6
146678 6
146677 6
146562 6
146561 6
146566 6
146565 6
146578 6
146577 6
146582 6
146581 6
146594 6
146593 6
146598 6
146597 6
146610 6
146609 6
146614 6
146613 6
146498 6
146497 6
146502 6
146501 6
146514 6
146513 6
146518 6
146517 6
146530 6
146529 6
146534 6
146533 6
146546 6
146545 6
146550 6
146549 6
146434 6
146433 6
146438 6
146437 6
146450 6
146449 6
146454 6
146453 6
146466 6
146465 6
146470 6
146469 6
146482 6
146481 6
146486 6
146485 6
146370 6
146369 6
146374 6
146373 6
146386 6
146385 6
146390 6
146389 6
146402 6
146401 6
146406 6
146405 6
146418 6
146417 6
146422 6
146421 6
146306 6
146305 6
146310 6
146309 6
146322 6
146321 6
146326 6
146325 6
146338 6
146337 6
146342 6
146341 6
146354 6
146353 6
146358 6
146357 6
146242 6
146241 6
146246 6
146245 6
146258 6
146257 6
146262 6
146261 6
146274 6
146273 6
146278 6
146277 6
146290 6
146289 6
146294 6
146293 6
146178 6
146177 6
146182 6
146181 6
136434 6
136433 6
136438 6
136437 6
136418 6
136417 6
136422 6
136421 6
136402 6
136401 6
136406 6
136405 6
136386 6
136385 6
136390 6
136389 6
136498 6
136497 6
136502 6
136501 6
136482 6
136481 6
136486 6
136485 6
136466 6
136465 6
136470 6
136469 6
136450 6
136449 6
136454 6
136453 6
136562 6
136561 6
136566 6
136565 6
136546 6
136545 6
136550 6
136549 6
136530 6
136529 6
136534 6
136533 6
136514 6
136513 6
136518 6
136517 6
136626 6
136625 6
136630 6
136629 6
136610 6
136609 6
136614 6
136613 6
136594 6
136593 6
136598 6
136597 6
136578 6
136577 6
136582 6
136581 6
136690 6
136689 6
136694 6
136693 6
136674 6
136673 6
136678 6
136677 6
136658 6
136657 6
136662 6
136661 6
136642 6
136641 6
136646 6
136645 6
136754 6
136753 6
136758 6
136757 6
136738 6
136737 6
136742 6
136741 6
136722 6
136721 6
136726 6
136725 6
136706 6
136705 6
136710 6
136709 6
136818 6
136817 6
136822 6
136821 6
136802 6
136801 6
136806 6
136805 6
136786 6
136785 6
136790 6
136789 6
136770 6
136769 6
136774 6
136773 6
136882 6
136881 6
136886 6
136885 6
136866 6
136865 6
136870 6
136869 6
136850 6
136849 6
136854 6
136853 6
136834 6
136833 6
136838 6
136837 6
136946 6
136945 6
136950 6
136949 6
136930 6
136929 6
136934 6
136933 6
136914 6
136913 6
136918 6
136917 6
136898 6
136897 6
136902 6
136901 6
137010 6
137009 6
137014 6
137013 6
136994 6
136993 6
136998 6
136997 6
136978 6
136977 6
136982 6
136981 6
136962 6
136961 6
136966 6
136965 6
137074 6
137073 6
137078 6
137077 6
137058 6
137057 6
137062 6
137061 6
137042 6
137041 6
137046 6
137045 6
137026 6
137025 6
137030 6
137029 6
137138 6
137137 6
137142 6
137141 6
137122 6
137121 6
137126 6
137125 6
137106 6
137105 6
137110 6
137109 6
137090 6
137089 6
137094 6
137093 6
137202 6
137201 6
137206 6
137205 6
137186 6
137185 6
137190 6
137189 6
137170 6
137169 6
137174 6
137173 6
137154 6
137153 6
137158 6
137157 6
137266 6
137265 6
137270 6
137269 6
137250 6
137249 6
137254 6
137253 6
137234 6
137233 6
137238 6
137237 6
137218 6
137217 6
137222 6
137221 6
137330 6
137329 6
137334 6
137333 6
137314 6
137313 6
137318 6
137317 6
137298 6
137297 6
137302 6
137301 6
137282 6
137281 6
137286 6
137285 6
137394 6
137393 6
137398 6
137397 6
137378 6
137377 6
137382 6
137381 6
137362 6
137361 6
137366 6
137365 6
137346 6
137345 6
137350 6
137349 6
137458 6
137457 6
137462 6
137461 6
137442 6
137441 6
137446 6
137445 6
137426 6
137425 6
137430 6
137429 6
137410 6
137409 6
137414 6
137413 6
137522 6
137521 6
137526 6
137525 6
137506 6
137505 6
137510 6
137509 6
137490 6
137489 6
137494 6
137493 6
137474 6
137473 6
137478 6
137477 6
137586 6
137585 6
137590 6
137589 6
137570 6
137569 6
137574 6
137573 6
137554 6
137553 6
137558 6
137557 6
137538 6
137537 6
137542 6
137541 6
137650 6
137649 6
137654 6
137653 6
137634 6
137633 6
137638 6
137637 6
137618 6
137617 6
137622 6
137621 6
137602 6
137601 6
137606 6
137605 6
137714 6
137713 6
137718 6
137717 6
137698 6
137697 6
137702 6
137701 6
137682 6
137681 6
137686 6
137685 6
137666 6
137665 6
137670 6
137669 6
137778 6
137777 6
137782 6
137781 6
137762 6
137761 6
137766 6
137765 6
137746 6
137745 6
137750 6
137749 6
137730 6
137729 6
137734 6
137733 6
137842 6
137841 6
137846 6
137845 6
137826 6
137825 6
137830 6
137829 6
137810 6
137809 6
137814 6
137813 6
137794 6
137793 6
137798 6
137797 6
137906 6
137905 6
137910 6
137909 6
137890 6
137889 6
137894 6
137893 6
137874 6
137873 6
137878 6
137877 6
137858 6
137857 6
137862 6
137861 6
137970 6
137969 6
137974 6
137973 6
137954 6
137953 6
137958 6
137957 6
137938 6
137937 6
137942 6
137941 6
137922 6
137921 6
137926 6
137925 6
138034 6
138033 6
138038 6
138037 6
138018 6
138017 6
138022 6
138021 6
138002 6
138001 6
138006 6
138005 6
137986 6
137985 6
137990 6
137989 6
138098 6
138097 6
138102 6
138101 6
138082 6
138081 6
138086 6
138085 6
138066 6
138065 6
138070 6
138069 6
138050 6
138049 6
138054 6
138053 6
138162 6
138161 6
138166 6
138165 6
138146 6
138145 6
138150 6
138149 6
138130 6
138129 6
138134 6
138133 6
138114 6
138113 6
138118 6
138117 6
138226 6
138225 6
138230 6
138229 6
138210 6
138209 6
138214 6
138213 6
138194 6
138193 6
138198 6
138197 6
138178 6
138177 6
138182 6
138181 6
138290 6
138289 6
138294 6
138293 6
138274 6
138273 6
138278 6
138277 6
138258 6
138257 6
138262 6
138261 6
138242 6
138241 6
138246 6
138245 6
138354 6
138353 6
138358 6
138357 6
138338 6
138337 6
138342 6
138341 6
138322 6
138321 6
138326 6
138325 6
138306 6
138305 6
138310 6
138309 6
138418 6
138417 6
138422 6
138421 6
138402 6
138401 6
138406 6
138405 6
138386 6
138385 6
138390 6
138389 6
138370 6
138369 6
138374 6
138373 6
138482 6
138481 6
138486 6
138485 6
138466 6
138465 6
138470 6
138469 6
138450 6
138449 6
138454 6
138453 6
138434 6
138433 6
138438 6
138437 6
138546 6
138545 6
138550 6
138549 6
138530 6
138529 6
138534 6
138533 6
138514 6
138513 6
138518 6
138517 6
138498 6
138497 6
138502 6
138501 6
138610 6
138609 6
138614 6
138613 6
138594 6
138593 6
138598 6
138597 6
138578 6
138577 6
138582 6
138581 6
138562 6
138561 6
138566 6
138565 6
138674 6
138673 6
138678 6
138677 6
138658 6
138657 6
138662 6
138661 6
138642 6
138641 6
138646 6
138645 6
138626 6
138625 6
138630 6
138629 6
138738 6
138737 6
138742 6
138741 6
138722 6
138721 6
138726 6
138725 6
138706 6
138705 6
138710 6
138709 6
138690 6
138689 6
138694 6
138693 6
138802 6
138801 6
138806 6
138805 6
138786 6
138785 6
138790 6
138789 6
138770 6
138769 6
138774 6
138773 6
138754 6
138753 6
138758 6
138757 6
138866 6
138865 6
138870 6
138869 6
138850 6
138849 6
138854 6
138853 6
138834 6
138833 6
138838 6
138837 6
138818 6
138817 6
138822 6
138821 6
138930 6
138929 6
138934 6
138933 6
138914 6
138913 6
138918 6
138917 6
138898 6
138897 6
138902 6
138901 6
138882 6
138881 6
138886 6
138885 6
138994 6
138993 6
138998 6
138997 6
138978 6
138977 6
138982 6
138981 6
138962 6
138961 6
138966 6
138965 6
138946 6
138945 6
138950 6
138949 6
139058 6
139057 6
139062 6
139061 6
139042 6
139041 6
139046 6
139045 6
139026 6
139025 6
139030 6
139029 6
139010 6
139009 6
139014 6
139013 6
139122 6
139121 6
139126 6
139125 6
139106 6
139105 6
139110 6
139109 6
139090 6
139089 6
139094 6
139093 6
139074 6
139073 6
139078 6
139077 6
139186 6
139185 6
139190 6
139189 6
139170 6
139169 6
139174 6
139173 6
139154 6
139153 6
139158 6
139157 6
139138 6
139137 6
139142 6
139141 6
139250 6
139249 6
139254 6
139253 6
139234 6
139233 6
139238 6
139237 6
139218 6
139217 6
139222 6
139221 6
139202 6
139201 6
139206 6
139205 6
139314 6
139313 6
139318 6
139317 6
139298 6
139297 6
139302 6
139301 6
139282 6
139281 6
139286 6
139285 6
139266 6
139265 6
139270 6
139269 6
139378 6
139377 6
139382 6
139381 6
139362 6
139361 6
139366 6
139365 6
139346 6
139345 6
139350 6
139349 6
139330 6
139329 6
139334 6
139333 6
139442 6
139441 6
139446 6
139445 6
139426 6
139425 6
139430 6
139429 6
139410 6
139409 6
139414 6
139413 6
139394 6
139393 6
139398 6
139397 6
139506 6
139505 6
139510 6
139509 6
139490 6
139489 6
139494 6
139493 6
139474 6
139473 6
139478 6
139477 6
139458 6
139457 6
139462 6
139461 6
139570 6
139569 6
139574 6
139573 6
139554 6
139553 6
139558 6
139557 6
139538 6
139537 6
139542 6
139541 6
139522 6
139521 6
139526 6
139525 6
139634 6
139633 6
139638 6
139637 6
139618 6
139617 6
139622 6
139621 6
139602 6
139601 6
139606 6
139605 6
139586 6
139585 6
139590 6
139589 6
139698 6
139697 6
139702 6
139701 6
139682 6
139681 6
139686 6
139685 6
139666 6
139665 6
139670 6
139669 6
139650 6
139649 6
139654 6
139653 6
139762 6
139761 6
139766 6
139765 6
139746 6
139745 6
139750 6
139749 6
139730 6
139729 6
139734 6
139733 6
139714 6
139713 6
139718 6
139717 6
139826 6
139825 6
139830 6
139829 6
139810 6
139809 6
139814 6
139813 6
139794 6
139793 6
139798 6
139797 6
139778 6
139777 6
139782 6
139781 6
139890 6
139889 6
139894 6
139893 6
139874 6
139873 6
139878 6
139877 6
139858 6
139857 6
139862 6
139861 6
139842 6
139841 6
139846 6
139845 6
139954 6
139953 6
139958 6
139957 6
139938 6
139937 6
139942 6
139941 6
139922 6
139921 6
139926 6
139925 6
139906 6
139905 6
139910 6
139909 6
140018 6
140017 6
140022 6
140021 6
140002 6
140001 6
140006 6
140005 6
139986 6
139985 6
139990 6
139989 6
139970 6
139969 6
139974 6
139973 6
140082 6
140081 6
140086 6
140085 6
140066 6
140065 6
140070 6
140069 6
140050 6
140049 6
140054 6
140053 6
140034 6
140033 6
140038 6
140037 6
140146 6
140145 6
140150 6
140149 6
140130 6
140129 6
140134 6
140133 6
140114 6
140113 6
140118 6
140117 6
140098 6
140097 6
140102 6
140101 6
140210 6
140209 6
140214 6
140213 6
140194 6
140193 6
140198 6
140197 6
140178 6
140177 6
140182 6
140181 6
140162 6
140161 6
140166 6
140165 6
140274 6
140273 6
140278 6
140277 6
140258 6
140257 6
140262 6
140261 6
140242 6
140241 6
140246 6
140245 6
140226 6
140225 6
140230 6
140229 6
140338 6
140337 6
140342 6
140341 6
140322 6
140321 6
140326 6
140325 6
140306 6
140305 6
140310 6
140309 6
140290 6
140289 6
140294 6
140293 6
140402 6
140401 6
140406 6
140405 6
140386 6
140385 6
140390 6
140389 6
140370 6
140369 6
140374 6
140373 6
140354 6
140353 6
140358 6
140357 6
140466 6
140465 6
140470 6
140469 6
140450 6
140449 6
140454 6
140453 6
140434 6
140433 6
140438 6
140437 6
140418 6
140417 6
140422 6
140421 6
140530 6
140529 6
140534 6
140533 6
140514 6
140513 6
140518 6
140517 6
140498 6
140497 6
140502 6
140501 6
140482 6
140481 6
140486 6
140485 6
140594 6
140593 6
140598 6
140597 6
140578 6
140577 6
140582 6
140581 6
140562 6
140561 6
140566 6
140565 6
140546 6
140545 6
140550 6
140549 6
140658 6
140657 6
140662 6
140661 6
140642 6
140641 6
140646 6
140645 6
140626 6
140625 6
140630 6
140629 6
140610 6
140609 6
140614 6
140613 6
140722 6
140721 6
140726 6
140725 6
140706 6
140705 6
140710 6
140709 6
140690 6
140689 6
140694 6
140693 6
140674 6
140673 6
140678 6
140677 6
140786 6
140785 6
140790 6
140789 6
140770 6
140769 6
140774 6
140773 6
140754 6
140753 6
140758 6
140757 6
140738 6
140737 6
140742 6
140741 6
140850 6
140849 6
140854 6
140853 6
140834 6
140833 6
140838 6
140837 6
140818 6
140817 6
140822 6
140821 6
140802 6
140801 6
140806 6
140805 6
140914 6
140913 6
140918 6
140917 6
140898 6
140897 6
140902 6
140901 6
140882 6
140881 6
140886 6
140885 6
140866 6
140865 6
140870 6
140869 6
140978 6
140977 6
140982 6
140981 6
140962 6
140961 6
140966 6
140965 6
140946 6
140945 6
140950 6
140949 6
140930 6
140929 6
140934 6
140933 6
141042 6
141041 6
141046 6
141045 6
141026 6
141025 6
141030 6
141029 6
141010 6
141009 6
141014 6
141013 6
140994 6
140993 6
140998 6
140997 6
141106 6
141105 6
141110 6
141109 6
141090 6
141089 6
141094 6
141093 6
141074 6
141073 6
141078 6
141077 6
141058 6
141057 6
141062 6
141061 6
141170 6
141169 6
141174 6
141173 6
141154 6
141153 6
141158 6
141157 6
141138 6
141137 6
141142 6
141141 6
141122 6
141121 6
141126 6
141125 6
141234 6
141233 6
141238 6
141237 6
141218 6
141217 6
141222 6
141221 6
141202 6
141201 6
141206 6
141205 6
141186 6
141185 6
141190 6
141189 6
141298 6
141297 6
141302 6
141301 6
141282 6
141281 6
141286 6
141285 6
141266 6
141265 6
141270 6
141269 6
141250 6
141249 6
141254 6
141253 6
141362 6
141361 6
141366 6
141365 6
141346 6
141345 6
141350 6
141349 6
141330 6
141329 6
141334 6
141333 6
141314 6
141313 6
141318 6
141317 6
141426 6
141425 6
141430 6
141429 6
141410 6
141409 6
141414 6
141413 6
141394 6
141393 6
141398 6
141397 6
141378 6
141377 6
141382 6
141381 6
141490 6
141489 6
141494 6
141493 6
141474 6
141473 6
141478 6
141477 6
141458 6
141457 6
141462 6
141461 6
141442 6
141441 6
141446 6
141445 6
141554 6
141553 6
141558 6
141557 6
141538 6
141537 6
141542 6
141541 6
141522 6
141521 6
141526 6
141525 6
141506 6
141505 6
141510 6
141509 6
141618 6
141617 6
141622 6
141621 6
141602 6
141601 6
141606 6
141605 6
141586 6
141585 6
141590 6
141589 6
141570 6
141569 6
141574 6
141573 6
141682 6
141681 6
141686 6
141685 6
141666 6
141665 6
141670 6
141669 6
141650 6
141649 6
141654 6
141653 6
141634 6
141633 6
141638 6
141637 6
141746 6
141745 6
141750 6
141749 6
141730 6
141729 6
141734 6
141733 6
141714 6
141713 6
141718 6
141717 6
141698 6
141697 6
141702 6
141701 6
141810 6
141809 6
141814 6
141813 6
141794 6
141793 6
141798 6
141797 6
141778 6
141777 6
141782 6
141781 6
141762 6
141761 6
141766 6
141765 6
141874 6
141873 6
141878 6
141877 6
141858 6
141857 6
141862 6
141861 6
141842 6
141841 6
141846 6
141845 6
141826 6
141825 6
141830 6
141829 6
141938 6
141937 6
141942 6
141941 6
141922 6
141921 6
141926 6
141925 6
141906 6
141905 6
141910 6
141909 6
141890 6
141889 6
141894 6
141893 6
142002 6
142001 6
142006 6
142005 6
141986 6
141985 6
141990 6
141989 6
141970 6
141969 6
141974 6
141973 6
141954 6
141953 6
141958 6
141957 6
142066 6
142065 6
142070 6
142069 6
142050 6
142049 6
142054 6
142053 6
142034 6
142033 6
142038 6
142037 6
142018 6
142017 6
142022 6
142021 6
142130 6
142129 6
142134 6
142133 6
142114 6
142113 6
142118 6
142117 6
142098 6
142097 6
142102 6
142101 6
142082 6
142081 6
142086 6
142085 6
142194 6
142193 6
142198 6
142197 6
142178 6
142177 6
142182 6
142181 6
142162 6
142161 6
142166 6
142165 6
142146 6
142145 6
142150 6
142149 6
142258 6
142257 6
142262 6
142261 6
142242 6
142241 6
142246 6
142245 6
142226 6
142225 6
142230 6
142229 6
142210 6
142209 6
142214 6
142213 6
142322 6
142321 6
142326 6
142325 6
142306 6
142305 6
142310 6
142309 6
142290 6
142289 6
142294 6
142293 6
142274 6
142273 6
142278 6
142277 6
142386 6
142385 6
142390 6
142389 6
142370 6
142369 6
142374 6
142373 6
142354 6
142353 6
142358 6
142357 6
142338 6
142337 6
142342 6
142341 6
142450 6
142449 6
142454 6
142453 6
142434 6
142433 6
142438 6
142437 6
142418 6
142417 6
142422 6
142421 6
142402 6
142401 6
142406 6
142405 6
142514 6
142513 6
142518 6
142517 6
142498 6
142497 6
142502 6
142501 6
142482 6
142481 6
142486 6
142485 6
142466 6
142465 6
142470 6
142469 6
142578 6
142577 6
142582 6
142581 6
142562 6
142561 6
142566 6
142565 6
142546 6
142545 6
142550 6
142549 6
142530 6
142529 6
142534 6
142533 6
142642 6
142641 6
142646 6
142645 6
142626 6
142625 6
142630 6
142629 6
142610 6
142609 6
142614 6
142613 6
142594 6
142593 6
142598 6
142597 6
142706 6
142705 6
142710 6
142709 6
142690 6
142689 6
142694 6
142693 6
142674 6
142673 6
142678 6
142677 6
142658 6
142657 6
142662 6
142661 6
142770 6
142769 6
142774 6
142773 6
142754 6
142753 6
142758 6
142757 6
142738 6
142737 6
142742 6
142741 6
142722 6
142721 6
142726 6
142725 6
142834 6
142833 6
142838 6
142837 6
142818 6
142817 6
142822 6
142821 6
142802 6
142801 6
142806 6
142805 6
142786 6
142785 6
142790 6
142789 6
142898 6
142897 6
142902 6
142901 6
142882 6
142881 6
142886 6
142885 6
142866 6
142865 6
142870 6
142869 6
142850 6
142849 6
142854 6
142853 6
142962 6
142961 6
142966 6
142965 6
142946 6
142945 6
142950 6
142949 6
276050 6
276049 6
276054 6
276053 6
276034 6
276033 6
276038 6
276037 6
276146 6
276145 6
276150 6
276149 6
276130 6
276129 6
276134 6
276133 6
276114 6
276113 6
276118 6
276117 6
276098 6
276097 6
276102 6
276101 6
276210 6
276209 6
276214 6
276213 6
276194 6
276193 6
276198 6
276197 6
276178 6
276177 6
276182 6
276181 6
276162 6
276161 6
276166 6
276165 6
276274 6
276273 6
276278 6
276277 6
276258 6
276257 6
276262 6
276261 6
276242 6
276241 6
276246 6
276245 6
276226 6
276225 6
276230 6
276229 6
276338 6
276337 6
276342 6
276341 6
276322 6
276321 6
276326 6
276325 6
276306 6
276305 6
276310 6
276309 6
276290 6
276289 6
276294 6
276293 6
276402 6
276401 6
276406 6
276405 6
276386 6
276385 6
276390 6
276389 6
276370 6
276369 6
276374 6
276373 6
276354 6
276353 6
276358 6
276357 6
276466 6
276465 6
276470 6
276469 6
276450 6
276449 6
276454 6
276453 6
276434 6
276433 6
276438 6
276437 6
276418 6
276417 6
276422 6
276421 6
276530 6
276529 6
276534 6
276533 6
276514 6
276513 6
276518 6
276517 6
276498 6
276497 6
276502 6
276501 6
276482 6
276481 6
276486 6
276485 6
276594 6
276593 6
276598 6
276597 6
276578 6
276577 6
276582 6
276581 6
276562 6
276561 6
276566 6
276565 6
276546 6
276545 6
276550 6
276549 6
276658 6
276657 6
276662 6
276661 6
276642 6
276641 6
276646 6
276645 6
276626 6
276625 6
276630 6
276629 6
276610 6
276609 6
276614 6
276613 6
276722 6
276721 6
276726 6
276725 6
276706 6
276705 6
276710 6
276709 6
276690 6
276689 6
276694 6
276693 6
276674 6
276673 6
276678 6
276677 6
276786 6
276785 6
276790 6
276789 6
276770 6
276769 6
276774 6
276773 6
276754 6
276753 6
276758 6
276757 6
276738 6
276737 6
276742 6
276741 6
276850 6
276849 6
276854 6
276853 6
276834 6
276833 6
276838 6
276837 6
276818 6
276817 6
276822 6
276821 6
276802 6
276801 6
276806 6
276805 6
276914 6
276913 6
276918 6
276917 6
276898 6
279317 6
279318 6
279313 6
279314 6
279333 6
279334 6
279329 6
279330 6
279349 6
279350 6
279345 6
279346 6
279237 6
279238 6
279233 6
279234 6
279253 6
279254 6
279249 6
279250 6
279269 6
279270 6
279265 6
279266 6
279285 6
279286 6
279281 6
279282 6
279173 6
279174 6
279169 6
279170 6
279189 6
279190 6
279185 6
279186 6
279205 6
279206 6
279201 6
279202 6
279221 6
279222 6
279217 6
279218 6
279109 6
279110 6
279105 6
279106 6
279125 6
279126 6
279121 6
279122 6
279141 6
279142 6
279137 6
279138 6
279157 6
279158 6
279153 6
279154 6
279045 6
279046 6
279041 6
279042 6
279061 6
279062 6
279057 6
279058 6
279077 6
279078 6
279073 6
279074 6
279093 6
279094 6
279089 6
279090 6
278981 6
278982 6
278977 6
278978 6
278997 6
278998 6
278993 6
278994 6
279013 6
279014 6
279009 6
279010 6
279029 6
279030 6
279025 6
279026 6
278917 6
278918 6
278913 6
278914 6
278933 6
278934 6
278929 6
278930 6
278949 6
278950 6
278945 6
278946 6
278965 6
278966 6
278961 6
278962 6
278853 6
278854 6
278849 6
278850 6
278869 6
278870 6
278865 6
278866 6
278885 6
278886 6
278881 6
278882 6
278901 6
278902 6
278897 6
278898 6
278789 6
278790 6
278785 6
278786 6
278805 6
278806 6
278801 6
278802 6
278821 6
278822 6
278817 6
278818 6
278837 6
278838 6
278833 6
278834 6
278725 6
278726 6
278721 6
278722 6
278741 6
278742 6
278737 6
278738 6
278757 6
278758 6
278753 6
278754 6
278773 6
278774 6
278769 6
278770 6
278661 6
278662 6
278657 6
278658 6
278677 6
278678 6
278673 6
278674 6
278693 6
278694 6
278689 6
278690 6
278709 6
278710 6
278705 6
278706 6
278597 6
278598 6
278593 6
278594 6
278613 6
278614 6
278609 6
278610 6
278629 6
278630 6
278625 6
278626 6
278645 6
278646 6
278641 6
278642 6
278533 6
278534 6
278529 6
278530 6
278549 6
278550 6
278545 6
278546 6
278565 6
278566 6
278561 6
278562 6
278581 6
278582 6
278577 6
278578 6
278469 6
278470 6
278465 6
278466 6
278485 6
278486 6
278481 6
278482 6
278501 6
278502 6
278497 6
278498 6
278517 6
278518 6
278513 6
278514 6
278405 6
278406 6
278401 6
278402 6
278421 6
278422 6
278417 6
278418 6
278437 6
278438 6
278433 6
278434 6
278453 6
278454 6
278449 6
278450 6
278341 6
278342 6
278337 6
278338 6
278357 6
278358 6
278353 6
278354 6
278373 6
278374 6
278369 6
278370 6
278389 6
278390 6
278385 6
278386 6
278277 6
278278 6
278273 6
278274 6
278293 6
278294 6
278289 6
278290 6
278309 6
278310 6
278305 6
278306 6
278325 6
278326 6
278321 6
278322 6
278213 6
278214 6
278209 6
278210 6
278229 6
278230 6
278225 6
278226 6
278245 6
278246 6
278241 6
278242 6
278261 6
278262 6
278257 6
278258 6
278149 6
278150 6
278145 6
278146 6
278165 6
278166 6
278161 6
278162 6
278181 6
278182 6
278177 6
278178 6
278197 6
278198 6
278193 6
278194 6
278085 6
278086 6
278081 6
278082 6
278101 6
278102 6
278097 6
278098 6
278117 6
278118 6
278113 6
278114 6
278133 6
278134 6
278129 6
278130 6
278021 6
278022 6
278017 6
278018 6
278037 6
278038 6
278033 6
278034 6
278053 6
278054 6
278049 6
278050 6
278069 6
278070 6
278065 6
278066 6
277957 6
277958 6
277953 6
277954 6
277973 6
277974 6
277969 6
277970 6
277989 6
277990 6
277985 6
277986 6
278005 6
278006 6
278001 6
278002 6
277893 6
277894 6
277889 6
277890 6
277909 6
277910 6
277905 6
277906 6
277925 6
277926 6
277921 6
277922 6
277941 6
277942 6
277937 6
277938 6
277829 6
277830 6
277825 6
277826 6
277845 6
277846 6
277841 6
277842 6
277861 6
277862 6
277857 6
277858 6
277877 6
277878 6
277873 6
277874 6
277765 6
277766 6
277761 6
277762 6
277781 6
277782 6
277777 6
277778 6
277797 6
277798 6
277793 6
277794 6
277813 6
277814 6
277809 6
277810 6
277701 6
277702 6
277697 6
277698 6
277717 6
277718 6
277713 6
277714 6
277733 6
277734 6
277729 6
277730 6
277749 6
277750 6
277745 6
277746 6
277637 6
277638 6
277633 6
277634 6
277653 6
277654 6
277649 6
277650 6
277669 6
277670 6
277665 6
277666 6
277685 6
277686 6
277681 6
277682 6
277573 6
277574 6
277569 6
277570 6
277589 6
277590 6
277585 6
277586 6
277605 6
277606 6
277601 6
277602 6
277621 6
277622 6
277617 6
277618 6
277509 6
277510 6
277505 6
277506 6
277525 6
277526 6
277521 6
277522 6
277541 6
277542 6
277537 6
277538 6
277557 6
277558 6
277553 6
277554 6
277445 6
277446 6
277441 6
277442 6
277461 6
277462 6
277457 6
277458 6
277477 6
277478 6
277473 6
277474 6
277493 6
277494 6
277489 6
277490 6
277381 6
277382 6
277377 6
277378 6
277397 6
277398 6
277393 6
277394 6
277413 6
277414 6
277409 6
277410 6
277429 6
277430 6
277425 6
277426 6
277317 6
277318 6
277313 6
277314 6
277333 6
277334 6
277329 6
277330 6
277349 6
277350 6
277345 6
277346 6
277365 6
277366 6
277361 6
277362 6
277253 6
277254 6
277249 6
277250 6
277269 6
277270 6
277265 6
277266 6
277285 6
277286 6
277281 6
277282 6
277301 6
277302 6
277297 6
277298 6
277189 6
277190 6
277185 6
277186 6
277205 6
277206 6
277201 6
277202 6
277221 6
277222 6
277217 6
277218 6
277237 6
277238 6
277233 6
277234 6
277125 6
277126 6
277121 6
277122 6
277141 6
277142 6
277137 6
277138 6
277157 6
277158 6
277153 6
277154 6
277173 6
277174 6
277169 6
277170 6
277061 6
277062 6
277057 6
277058 6
277077 6
277078 6
277073 6
277074 6
277093 6
277094 6
277089 6
277090 6
277109 6
277110 6
277105 6
277106 6
276997 6
276998 6
276993 6
276994 6
277013 6
277014 6
277009 6
277010 6
277029 6
277030 6
277025 6
277026 6
277045 6
277046 6
277041 6
277042 6
276933 6
276934 6
276929 6
276930 6
276949 6
276950 6
276945 6
276946 6
276965 6
276966 6
276961 6
276962 6
276981 6
276982 6
276977 6
276978 6
276869 6
276870 6
276865 6
276866 6
276885 6
276886 6
276881 6
276882 6
276901 6
276902 6
276897 6
282562 6
282561 6
282566 6
282565 6
282578 6
282577 6
282582 6
282581 6
282594 6
282593 6
282598 6
282597 6
282610 6
282609 6
282614 6
282613 6
282498 6
282497 6
282502 6
282501 6
282514 6
282513 6
282518 6
282517 6
282530 6
282529 6
282534 6
282533 6
282546 6
282545 6
282550 6
282549 6
282434 6
282433 6
282438 6
282437 6
282450 6
282449 6
282454 6
282453 6
282466 6
282465 6
282470 6
282469 6
282482 6
282481 6
282486 6
282485 6
282370 6
282369 6
282374 6
282373 6
282386 6
282385 6
282390 6
282389 6
282402 6
282401 6
282406 6
282405 6
282418 6
282417 6
282422 6
282421 6
282306 6
282305 6
282310 6
282309 6
282322 6
282321 6
282326 6
282325 6
282338 6
282337 6
282342 6
282341 6
282354 6
282353 6
282358 6
282357 6
282242 6
282241 6
282246 6
282245 6
282258 6
282257 6
282262 6
282261 6
282274 6
282273 6
282278 6
282277 6
282290 6
282289 6
282294 6
282293 6
282178 6
282177 6
282182 6
282181 6
282194 6
282193 6
282198 6
282197 6
282210 6
282209 6
282214 6
282213 6
282226 6
282225 6
282230 6
282229 6
282114 6
282113 6
282118 6
282117 6
282130 6
282129 6
282134 6
282133 6
282146 6
282145 6
282150 6
282149 6
282162 6
282161 6
282166 6
282165 6
282050 6
282049 6
282054 6
282053 6
282066 6
282065 6
282070 6
282069 6
282082 6
282081 6
282086 6
282085 6
282098 6
282097 6
282102 6
282101 6
281986 6
281985 6
281990 6
281989 6
282002 6
282001 6
282006 6
282005 6
282018 6
282017 6
282022 6
282021 6
282034 6
282033 6
282038 6
282037 6
281922 6
281921 6
281926 6
281925 6
281938 6
281937 6
281942 6
281941 6
281954 6
281953 6
281958 6
281957 6
281970 6
281969 6
281974 6
281973 6
281858 6
281857 6
281862 6
281861 6
281874 6
281873 6
281878 6
281877 6
281890 6
281889 6
281894 6
281893 6
281906 6
281905 6
281910 6
281909 6
281794 6
281793 6
281798 6
281797 6
281810 6
281809 6
281814 6
281813 6
281826 6
281825 6
281830 6
281829 6
281842 6
281841 6
281846 6
281845 6
281730 6
281729 6
281734 6
281733 6
281746 6
281745 6
281750 6
281749 6
281762 6
281761 6
281766 6
281765 6
281778 6
281777 6
281782 6
281781 6
281666 6
281665 6
281670 6
281669 6
281682 6
281681 6
281686 6
281685 6
281698 6
281697 6
281702 6
281701 6
281714 6
281713 6
281718 6
281717 6
281602 6
281601 6
281606 6
281605 6
281618 6
281617 6
281622 6
281621 6
281634 6
281633 6
281638 6
281637 6
281650 6
281649 6
281654 6
281653 6
281538 6
281537 6
281542 6
281541 6
281554 6
281553 6
281558 6
281557 6
281570 6
281569 6
281574 6
281573 6
281586 6
281585 6
281590 6
281589 6
281474 6
281473 6
281478 6
281477 6
281490 6
281489 6
281494 6
281493 6
281506 6
281505 6
281510 6
281509 6
281522 6
281521 6
281526 6
281525 6
281410 6
281409 6
281414 6
281413 6
281426 6
281425 6
281430 6
281429 6
281442 6
281441 6
281446 6
281445 6
281458 6
281457 6
281462 6
281461 6
281346 6
281345 6
281350 6
281349 6
281362 6
281361 6
281366 6
281365 6
281378 6
281377 6
281382 6
281381 6
281394 6
281393 6
281398 6
281397 6
281282 6
281281 6
281286 6
281285 6
281298 6
281297 6
281302 6
281301 6
281314 6
281313 6
281318 6
281317 6
281330 6
281329 6
281334 6
281333 6
281218 6
281217 6
281222 6
281221 6
281234 6
281233 6
281238 6
281237 6
281250 6
281249 6
281254 6
281253 6
281266 6
281265 6
281270 6
281269 6
281154 6
281153 6
281158 6
281157 6
281170 6
281169 6
281174 6
281173 6
281186 6
281185 6
281190 6
281189 6
281202 6
281201 6
281206 6
281205 6
281090 6
281089 6
281094 6
281093 6
281106 6
281105 6
281110 6
281109 6
281122 6
281121 6
281126 6
281125 6
281138 6
281137 6
281142 6
281141 6
281026 6
281025 6
281030 6
281029 6
281042 6
281041 6
281046 6
281045 6
281058 6
281057 6
281062 6
281061 6
281074 6
281073 6
281078 6
281077 6
280962 6
280961 6
280966 6
280965 6
280978 6
280977 6
280982 6
280981 6
280994 6
280993 6
280998 6
280997 6
281010 6
281009 6
281014 6
281013 6
280898 6
280897 6
280902 6
280901 6
280914 6
280913 6
280918 6
280917 6
280930 6
280929 6
280934 6
280933 6
280946 6
280945 6
280950 6
280949 6
280834 6
280833 6
280838 6
280837 6
280850 6
280849 6
280854 6
280853 6
280866 6
280865 6
280870 6
280869 6
280882 6
280881 6
280886 6
280885 6
280770 6
280769 6
280774 6
280773 6
280786 6
280785 6
280790 6
280789 6
280802 6
280801 6
280806 6
280805 6
280818 6
280817 6
280822 6
280821 6
280706 6
280705 6
280710 6
280709 6
280722 6
280721 6
280726 6
280725 6
280738 6
280737 6
280742 6
280741 6
280754 6
280753 6
280758 6
280757 6
280642 6
280641 6
280646 6
280645 6
280658 6
280657 6
280662 6
280661 6
280674 6
280673 6
280678 6
280677 6
280690 6
280689 6
280694 6
280693 6
280578 6
280577 6
280582 6
280581 6
280594 6
280593 6
280598 6
280597 6
280610 6
280609 6
280614 6
280613 6
280626 6
280625 6
280630 6
280629 6
280514 6
280513 6
280518 6
280517 6
280530 6
280529 6
280534 6
280533 6
280546 6
280545 6
280550 6
280549 6
280562 6
280561 6
280566 6
280565 6
280450 6
280449 6
280454 6
280453 6
280466 6
280465 6
280470 6
280469 6
280482 6
280481 6
280486 6
280485 6
280498 6
280497 6
280502 6
280501 6
280386 6
280385 6
280390 6
280389 6
280402 6
280401 6
280406 6
280405 6
280418 6
280417 6
280422 6
280421 6
280434 6
280433 6
280438 6
280437 6
280322 6
280321 6
280326 6
280325 6
280338 6
280337 6
280342 6
280341 6
280354 6
280353 6
280358 6
280357 6
280370 6
280369 6
280374 6
280373 6
280258 6
280257 6
280262 6
280261 6
280274 6
280273 6
280278 6
280277 6
280290 6
280289 6
280294 6
280293 6
280306 6
280305 6
280310 6
280309 6
280194 6
280193 6
280198 6
280197 6
280210 6
280209 6
280214 6
280213 6
280226 6
280225 6
280230 6
280229 6
280242 6
280241 6
280246 6
280245 6
280130 6
280129 6
280134 6
280133 6
280146 6
280145 6
280150 6
280149 6
280162 6
280161 6
280166 6
280165 6
280178 6
280177 6
280182 6
280181 6
280066 6
280065 6
280070 6
280069 6
280082 6
280081 6
280086 6
280085 6
280098 6
280097 6
280102 6
280101 6
280114 6
280113 6
280118 6
280117 6
280002 6
280001 6
280006 6
280005 6
280018 6
280017 6
280022 6
280021 6
280034 6
280033 6
280038 6
280037 6
280050 6
280049 6
280054 6
280053 6
279938 6
279937 6
279942 6
279941 6
279954 6
279953 6
279958 6
279957 6
279970 6
279969 6
279974 6
279973 6
279986 6
279985 6
279990 6
279989 6
279874 6
279873 6
279878 6
279877 6
279890 6
279889 6
279894 6
279893 6
279906 6
279905 6
279910 6
279909 6
279922 6
279921 6
279926 6
279925 6
279810 6
279809 6
279814 6
279813 6
279826 6
279825 6
279830 6
279829 6
279842 6
279841 6
279846 6
279845 6
279858 6
279857 6
279862 6
279861 6
279746 6
279745 6
279750 6
279749 6
279762 6
279761 6
279766 6
279765 6
279778 6
279777 6
279782 6
279781 6
279794 6
279793 6
279798 6
279797 6
279682 6
279681 6
279686 6
279685 6
279698 6
279697 6
279702 6
279701 6
279714 6
279713 6
279718 6
279717 6
279730 6
279729 6
279734 6
279733 6
279618 6
279617 6
279622 6
279621 6
279634 6
279633 6
279638 6
279637 6
279650 6
279649 6
279654 6
279653 6
279666 6
279665 6
279670 6
279669 6
279554 6
279553 6
279558 6
279557 6
279570 6
279569 6
279574 6
279573 6
279586 6
279585 6
279590 6
279589 6
279602 6
279601 6
279606 6
279605 6
279490 6
279489 6
279494 6
279493 6
279506 6
279505 6
279510 6
279509 6
279522 6
279521 6
279526 6
279525 6
279538 6
279537 6
279542 6
279541 6
279426 6
279425 6
279430 6
279429 6
279442 6
279441 6
279446 6
279445 6
279458 6
279457 6
279462 6
279461 6
279474 6
279473 6
279478 6
279477 6
279362 6
279361 6
279366 6
279365 6
279378 6
279377 6
279382 6
279381 6
279394 6
279393 6
279398 6
279397 6
279410 6
279409 6
279414 6
279413 6
279298 6
279297 6
279302 6
279301 6
269554 6
269553 6
269558 6
269557 6
269538 6
269537 6
269542 6
269541 6
269522 6
269521 6
269526 6
269525 6
269506 6
269505 6
269510 6
269509 6
269618 6
269617 6
269622 6
269621 6
269602 6
269601 6
269606 6
269605 6
269586 6
269585 6
269590 6
269589 6
269570 6
269569 6
269574 6
269573 6
269682 6
269681 6
269686 6
269685 6
269666 6
269665 6
269670 6
269669 6
269650 6
269649 6
269654 6
269653 6
269634 6
269633 6
269638 6
269637 6
269746 6
269745 6
269750 6
269749 6
269730 6
269729 6
269734 6
269733 6
269714 6
269713 6
269718 6
269717 6
269698 6
269697 6
269702 6
269701 6
269810 6
269809 6
269814 6
269813 6
269794 6
269793 6
269798 6
269797 6
269778 6
269777 6
269782 6
269781 6
269762 6
269761 6
269766 6
269765 6
269874 6
269873 6
269878 6
269877 6
269858 6
269857 6
269862 6
269861 6
269842 6
269841 6
269846 6
269845 6
269826 6
269825 6
269830 6
269829 6
269938 6
269937 6
269942 6
269941 6
269922 6
269921 6
269926 6
269925 6
269906 6
269905 6
269910 6
269909 6
269890 6
269889 6
269894 6
269893 6
270002 6
270001 6
270006 6
270005 6
269986 6
269985 6
269990 6
269989 6
269970 6
269969 6
269974 6
269973 6
269954 6
269953 6
269958 6
269957 6
270066 6
270065 6
270070 6
270069 6
270050 6
270049 6
270054 6
270053 6
270034 6
270033 6
270038 6
270037 6
270018 6
270017 6
270022 6
270021 6
270130 6
270129 6
270134 6
270133 6
270114 6
270113 6
270118 6
270117 6
270098 6
270097 6
270102 6
270101 6
270082 6
270081 6
270086 6
270085 6
270194 6
270193 6
270198 6
270197 6
270178 6
270177 6
270182 6
270181 6
270162 6
270161 6
270166 6
270165 6
270146 6
270145 6
270150 6
270149 6
270258 6
270257 6
270262 6
270261 6
270242 6
270241 6
270246 6
270245 6
270226 6
270225 6
270230 6
270229 6
270210 6
270209 6
270214 6
270213 6
270322 6
270321 6
270326 6
270325 6
270306 6
270305 6
270310 6
270309 6
270290 6
270289 6
270294 6
270293 6
270274 6
270273 6
270278 6
270277 6
270386 6
270385 6
270390 6
270389 6
270370 6
270369 6
270374 6
270373 6
270354 6
270353 6
270358 6
270357 6
270338 6
270337 6
270342 6
270341 6
270450 6
270449 6
270454 6
270453 6
270434 6
270433 6
270438 6
270437 6
270418 6
270417 6
270422 6
270421 6
270402 6
270401 6
270406 6
270405 6
270514 6
270513 6
270518 6
270517 6
270498 6
270497 6
270502 6
270501 6
270482 6
270481 6
270486 6
270485 6
270466 6
270465 6
270470 6
270469 6
270578 6
270577 6
270582 6
270581 6
270562 6
270561 6
270566 6
270565 6
270546 6
270545 6
270550 6
270549 6
270530 6
270529 6
270534 6
270533 6
270642 6
270641 6
270646 6
270645 6
270626 6
270625 6
270630 6
270629 6
270610 6
270609 6
270614 6
270613 6
270594 6
270593 6
270598 6
270597 6
270706 6
270705 6
270710 6
270709 6
270690 6
270689 6
270694 6
270693 6
270674 6
270673 6
270678 6
270677 6
270658 6
270657 6
270662 6
270661 6
270770 6
270769 6
270774 6
270773 6
270754 6
270753 6
270758 6
270757 6
270738 6
270737 6
270742 6
270741 6
270722 6
270721 6
270726 6
270725 6
270834 6
270833 6
270838 6
270837 6
270818 6
270817 6
270822 6
270821 6
270802 6
270801 6
270806 6
270805 6
270786 6
270785 6
270790 6
270789 6
270898 6
270897 6
270902 6
270901 6
270882 6
270881 6
270886 6
270885 6
270866 6
270865 6
270870 6
270869 6
270850 6
270849 6
270854 6
270853 6
270962 6
270961 6
270966 6
270965 6
270946 6
270945 6
270950 6
270949 6
270930 6
270929 6
270934 6
270933 6
270914 6
270913 6
270918 6
270917 6
271026 6
271025 6
271030 6
271029 6
271010 6
271009 6
271014 6
271013 6
270994 6
270993 6
270998 6
270997 6
270978 6
270977 6
270982 6
270981 6
271090 6
271089 6
271094 6
271093 6
271074 6
271073 6
271078 6
271077 6
271058 6
271057 6
271062 6
271061 6
271042 6
271041 6
271046 6
271045 6
271154 6
271153 6
271158 6
271157 6
271138 6
271137 6
271142 6
271141 6
271122 6
271121 6
271126 6
271125 6
271106 6
271105 6
271110 6
271109 6
271218 6
271217 6
271222 6
271221 6
271202 6
271201 6
271206 6
271205 6
271186 6
271185 6
271190 6
271189 6
271170 6
271169 6
271174 6
271173 6
271282 6
271281 6
271286 6
271285 6
271266 6
271265 6
271270 6
271269 6
271250 6
271249 6
271254 6
271253 6
271234 6
271233 6
271238 6
271237 6
271346 6
271345 6
271350 6
271349 6
271330 6
271329 6
271334 6
271333 6
271314 6
271313 6
271318 6
271317 6
271298 6
271297 6
271302 6
271301 6
271410 6
271409 6
271414 6
271413 6
271394 6
271393 6
271398 6
271397 6
271378 6
271377 6
271382 6
271381 6
271362 6
271361 6
271366 6
271365 6
271474 6
271473 6
271478 6
271477 6
271458 6
271457 6
271462 6
271461 6
271442 6
271441 6
271446 6
271445 6
271426 6
271425 6
271430 6
271429 6
271538 6
271537 6
271542 6
271541 6
271522 6
271521 6
271526 6
271525 6
271506 6
271505 6
271510 6
271509 6
271490 6
271489 6
271494 6
271493 6
271602 6
271601 6
271606 6
271605 6
271586 6
271585 6
271590 6
271589 6
271570 6
271569 6
271574 6
271573 6
271554 6
271553 6
271558 6
271557 6
271666 6
271665 6
271670 6
271669 6
271650 6
271649 6
271654 6
271653 6
271634 6
271633 6
271638 6
271637 6
271618 6
271617 6
271622 6
271621 6
271730 6
271729 6
271734 6
271733 6
271714 6
271713 6
271718 6
271717 6
271698 6
271697 6
271702 6
271701 6
271682 6
271681 6
271686 6
271685 6
271794 6
271793 6
271798 6
271797 6
271778 6
271777 6
271782 6
271781 6
271762 6
271761 6
271766 6
271765 6
271746 6
271745 6
271750 6
271749 6
271858 6
271857 6
271862 6
271861 6
271842 6
271841 6
271846 6
271845 6
271826 6
271825 6
271830 6
271829 6
271810 6
271809 6
271814 6
271813 6
271922 6
271921 6
271926 6
271925 6
271906 6
271905 6
271910 6
271909 6
271890 6
271889 6
271894 6
271893 6
271874 6
271873 6
271878 6
271877 6
271986 6
271985 6
271990 6
271989 6
271970 6
271969 6
271974 6
271973 6
271954 6
271953 6
271958 6
271957 6
271938 6
271937 6
271942 6
271941 6
272050 6
272049 6
272054 6
272053 6
272034 6
272033 6
272038 6
272037 6
272018 6
272017 6
272022 6
272021 6
272002 6
272001 6
272006 6
272005 6
272114 6
272113 6
272118 6
272117 6
272098 6
272097 6
272102 6
272101 6
272082 6
272081 6
272086 6
272085 6
272066 6
272065 6
272070 6
272069 6
272178 6
272177 6
272182 6
272181 6
272162 6
272161 6
272166 6
272165 6
272146 6
272145 6
272150 6
272149 6
272130 6
272129 6
272134 6
272133 6
272242 6
272241 6
272246 6
272245 6
272226 6
272225 6
272230 6
272229 6
272210 6
272209 6
272214 6
272213 6
272194 6
272193 6
272198 6
272197 6
272306 6
272305 6
272310 6
272309 6
272290 6
272289 6
272294 6
272293 6
272274 6
272273 6
272278 6
272277 6
272258 6
272257 6
272262 6
272261 6
272370 6
272369 6
272374 6
272373 6
272354 6
272353 6
272358 6
272357 6
272338 6
272337 6
272342 6
272341 6
272322 6
272321 6
272326 6
272325 6
272434 6
272433 6
272438 6
272437 6
272418 6
272417 6
272422 6
272421 6
272402 6
272401 6
272406 6
272405 6
272386 6
272385 6
272390 6
272389 6
272498 6
272497 6
272502 6
272501 6
272482 6
272481 6
272486 6
272485 6
272466 6
272465 6
272470 6
272469 6
272450 6
272449 6
272454 6
272453 6
272562 6
272561 6
272566 6
272565 6
272546 6
272545 6
272550 6
272549 6
272530 6
272529 6
272534 6
272533 6
272514 6
272513 6
272518 6
272517 6
272626 6
272625 6
272630 6
272629 6
272610 6
272609 6
272614 6
272613 6
272594 6
272593 6
272598 6
272597 6
272578 6
272577 6
272582 6
272581 6
272690 6
272689 6
272694 6
272693 6
272674 6
272673 6
272678 6
272677 6
272658 6
272657 6
272662 6
272661 6
272642 6
272641 6
272646 6
272645 6
272754 6
272753 6
272758 6
272757 6
272738 6
272737 6
272742 6
272741 6
272722 6
272721 6
272726 6
272725 6
272706 6
272705 6
272710 6
272709 6
272818 6
272817 6
272822 6
272821 6
272802 6
272801 6
272806 6
272805 6
272786 6
272785 6
272790 6
272789 6
272770 6
272769 6
272774 6
272773 6
272882 6
272881 6
272886 6
272885 6
272866 6
272865 6
272870 6
272869 6
272850 6
272849 6
272854 6
272853 6
272834 6
272833 6
272838 6
272837 6
272946 6
272945 6
272950 6
272949 6
272930 6
272929 6
272934 6
272933 6
272914 6
272913 6
272918 6
272917 6
272898 6
272897 6
272902 6
272901 6
273010 6
273009 6
273014 6
273013 6
272994 6
272993 6
272998 6
272997 6
272978 6
272977 6
272982 6
272981 6
272962 6
272961 6
272966 6
272965 6
273074 6
273073 6
273078 6
273077 6
273058 6
273057 6
273062 6
273061 6
273042 6
273041 6
273046 6
273045 6
273026 6
273025 6
273030 6
273029 6
273138 6
273137 6
273142 6
273141 6
273122 6
273121 6
273126 6
273125 6
273106 6
273105 6
273110 6
273109 6
273090 6
273089 6
273094 6
273093 6
273202 6
273201 6
273206 6
273205 6
273186 6
273185 6
273190 6
273189 6
273170 6
273169 6
273174 6
273173 6
273154 6
273153 6
273158 6
273157 6
273266 6
273265 6
273270 6
273269 6
273250 6
273249 6
273254 6
273253 6
273234 6
273233 6
273238 6
273237 6
273218 6
273217 6
273222 6
273221 6
273330 6
273329 6
273334 6
273333 6
273314 6
273313 6
273318 6
273317 6
273298 6
273297 6
273302 6
273301 6
273282 6
273281 6
273286 6
273285 6
273394 6
273393 6
273398 6
273397 6
273378 6
273377 6
273382 6
273381 6
273362 6
273361 6
273366 6
273365 6
273346 6
273345 6
273350 6
273349 6
273458 6
273457 6
273462 6
273461 6
273442 6
273441 6
273446 6
273445 6
273426 6
273425 6
273430 6
273429 6
273410 6
273409 6
273414 6
273413 6
273522 6
273521 6
273526 6
273525 6
273506 6
273505 6
273510 6
273509 6
273490 6
273489 6
273494 6
273493 6
273474 6
273473 6
273478 6
273477 6
273586 6
273585 6
273590 6
273589 6
273570 6
273569 6
273574 6
273573 6
273554 6
273553 6
273558 6
273557 6
273538 6
273537 6
273542 6
273541 6
273650 6
273649 6
273654 6
273653 6
273634 6
273633 6
273638 6
273637 6
273618 6
273617 6
273622 6
273621 6
273602 6
273601 6
273606 6
273605 6
273714 6
273713 6
273718 6
273717 6
273698 6
273697 6
273702 6
273701 6
273682 6
273681 6
273686 6
273685 6
273666 6
273665 6
273670 6
273669 6
273778 6
273777 6
273782 6
273781 6
273762 6
273761 6
273766 6
273765 6
273746 6
273745 6
273750 6
273749 6
273730 6
273729 6
273734 6
273733 6
273842 6
273841 6
273846 6
273845 6
273826 6
273825 6
273830 6
273829 6
273810 6
273809 6
273814 6
273813 6
273794 6
273793 6
273798 6
273797 6
273906 6
273905 6
273910 6
273909 6
273890 6
273889 6
273894 6
273893 6
273874 6
273873 6
273878 6
273877 6
273858 6
273857 6
273862 6
273861 6
273970 6
273969 6
273974 6
273973 6
273954 6
273953 6
273958 6
273957 6
273938 6
273937 6
273942 6
273941 6
273922 6
273921 6
273926 6
273925 6
274034 6
274033 6
274038 6
274037 6
274018 6
274017 6
274022 6
274021 6
274002 6
274001 6
274006 6
274005 6
273986 6
273985 6
273990 6
273989 6
274098 6
274097 6
274102 6
274101 6
274082 6
274081 6
274086 6
274085 6
274066 6
274065 6
274070 6
274069 6
274050 6
274049 6
274054 6
274053 6
274162 6
274161 6
274166 6
274165 6
274146 6
274145 6
274150 6
274149 6
274130 6
274129 6
274134 6
274133 6
274114 6
274113 6
274118 6
274117 6
274226 6
274225 6
274230 6
274229 6
274210 6
274209 6
274214 6
274213 6
274194 6
274193 6
274198 6
274197 6
274178 6
274177 6
274182 6
274181 6
274290 6
274289 6
274294 6
274293 6
274274 6
274273 6
274278 6
274277 6
274258 6
274257 6
274262 6
274261 6
274242 6
274241 6
274246 6
274245 6
274354 6
274353 6
274358 6
274357 6
274338 6
274337 6
274342 6
274341 6
274322 6
274321 6
274326 6
274325 6
274306 6
274305 6
274310 6
274309 6
274418 6
274417 6
274422 6
274421 6
274402 6
274401 6
274406 6
274405 6
274386 6
274385 6
274390 6
274389 6
274370 6
274369 6
274374 6
274373 6
274482 6
274481 6
274486 6
274485 6
274466 6
274465 6
274470 6
274469 6
274450 6
274449 6
274454 6
274453 6
274434 6
274433 6
274438 6
274437 6
274546 6
274545 6
274550 6
274549 6
274530 6
274529 6
274534 6
274533 6
274514 6
274513 6
274518 6
274517 6
274498 6
274497 6
274502 6
274501 6
274610 6
274609 6
274614 6
274613 6
274594 6
274593 6
274598 6
274597 6
274578 6
274577 6
274582 6
274581 6
274562 6
274561 6
274566 6
274565 6
274674 6
274673 6
274678 6
274677 6
274658 6
274657 6
274662 6
274661 6
274642 6
274641 6
274646 6
274645 6
274626 6
274625 6
274630 6
274629 6
274738 6
274737 6
274742 6
274741 6
274722 6
274721 6
274726 6
274725 6
274706 6
274705 6
274710 6
274709 6
274690 6
274689 6
274694 6
274693 6
274802 6
274801 6
274806 6
274805 6
274786 6
274785 6
274790 6
274789 6
274770 6
274769 6
274774 6
274773 6
274754 6
274753 6
274758 6
274757 6
274866 6
274865 6
274870 6
274869 6
274850 6
274849 6
274854 6
274853 6
274834 6
274833 6
274838 6
274837 6
274818 6
274817 6
274822 6
274821 6
274930 6
274929 6
274934 6
274933 6
274914 6
274913 6
274918 6
274917 6
274898 6
274897 6
274902 6
274901 6
274882 6
274881 6
274886 6
274885 6
274994 6
274993 6
274998 6
274997 6
274978 6
274977 6
274982 6
274981 6
274962 6
274961 6
274966 6
274965 6
274946 6
274945 6
274950 6
274949 6
275058 6
275057 6
275062 6
275061 6
275042 6
275041 6
275046 6
275045 6
275026 6
275025 6
275030 6
275029 6
275010 6
275009 6
275014 6
275013 6
275122 6
275121 6
275126 6
275125 6
275106 6
275105 6
275110 6
275109 6
275090 6
275089 6
275094 6
275093 6
275074 6
275073 6
275078 6
275077 6
275186 6
275185 6
275190 6
275189 6
275170 6
275169 6
275174 6
275173 6
275154 6
275153 6
275158 6
275157 6
275138 6
275137 6
275142 6
275141 6
275250 6
275249 6
275254 6
275253 6
275234 6
275233 6
275238 6
275237 6
275218 6
275217 6
275222 6
275221 6
275202 6
275201 6
275206 6
275205 6
275314 6
275313 6
275318 6
275317 6
275298 6
275297 6
275302 6
275301 6
275282 6
275281 6
275286 6
275285 6
275266 6
275265 6
275270 6
275269 6
275378 6
275377 6
275382 6
275381 6
275362 6
275361 6
275366 6
275365 6
275346 6
275345 6
275350 6
275349 6
275330 6
275329 6
275334 6
275333 6
275442 6
275441 6
275446 6
275445 6
275426 6
275425 6
275430 6
275429 6
275410 6
275409 6
275414 6
275413 6
275394 6
275393 6
275398 6
275397 6
275506 6
275505 6
275510 6
275509 6
275490 6
275489 6
275494 6
275493 6
275474 6
275473 6
275478 6
275477 6
275458 6
275457 6
275462 6
275461 6
275570 6
275569 6
275574 6
275573 6
275554 6
275553 6
275558 6
275557 6
275538 6
275537 6
275542 6
275541 6
275522 6
275521 6
275526 6
275525 6
275634 6
275633 6
275638 6
275637 6
275618 6
275617 6
275622 6
275621 6
275602 6
275601 6
275606 6
275605 6
275586 6
275585 6
275590 6
275589 6
275698 6
275697 6
275702 6
275701 6
275682 6
275681 6
275686 6
275685 6
275666 6
275665 6
275670 6
275669 6
275650 6
275649 6
275654 6
275653 6
275762 6
275761 6
275766 6
275765 6
275746 6
275745 6
275750 6
275749 6
275730 6
275729 6
275734 6
275733 6
275714 6
275713 6
275718 6
275717 6
275826 6
275825 6
275830 6
275829 6
275810 6
275809 6
275814 6
275813 6
275794 6
275793 6
275798 6
275797 6
275778 6
275777 6
275782 6
275781 6
275890 6
275889 6
275894 6
275893 6
275874 6
275873 6
275878 6
275877 6
275858 6
275857 6
275862 6
275861 6
275842 6
275841 6
275846 6
275845 6
275954 6
275953 6
275958 6
275957 6
275938 6
275937 6
275942 6
275941 6
275922 6
275921 6
275926 6
275925 6
275906 6
275905 6
275910 6
275909 6
276018 6
276017 6
276022 6
276021 6
276002 6
276001 6
276006 6
276005 6
275986 6
275985 6
275990 6
275989 6
275970 6
275969 6
275974 6
275973 6
276082 6
276081 6
276086 6
276085 6
276066 6
276065 6
276070 6
276069 6
210258 6
210257 6
210262 6
210261 6
210242 6
210241 6
210246 6
210245 6
210354 6
210353 6
210358 6
210357 6
210338 6
210337 6
210342 6
210341 6
210322 6
210321 6
210326 6
210325 6
210306 6
210305 6
210310 6
210309 6
210418 6
210417 6
210422 6
210421 6
210402 6
210401 6
210406 6
210405 6
210386 6
210385 6
210390 6
210389 6
210370 6
210369 6
210374 6
210373 6
210482 6
210481 6
210486 6
210485 6
210466 6
210465 6
210470 6
210469 6
210450 6
210449 6
210454 6
210453 6
210434 6
210433 6
210438 6
210437 6
210546 6
210545 6
210550 6
210549 6
210530 6
210529 6
210534 6
210533 6
210514 6
210513 6
210518 6
210517 6
210498 6
210497 6
210502 6
210501 6
210610 6
210609 6
210614 6
210613 6
210594 6
210593 6
210598 6
210597 6
210578 6
210577 6
210582 6
210581 6
210562 6
210561 6
210566 6
210565 6
210674 6
210673 6
210678 6
210677 6
210658 6
210657 6
210662 6
210661 6
210642 6
210641 6
210646 6
210645 6
210626 6
210625 6
210630 6
210629 6
210738 6
210737 6
210742 6
210741 6
210722 6
210721 6
210726 6
210725 6
210706 6
210705 6
210710 6
210709 6
210690 6
210689 6
210694 6
210693 6
210802 6
210801 6
210806 6
210805 6
210786 6
210785 6
210790 6
210789 6
210770 6
210769 6
210774 6
210773 6
210754 6
210753 6
210758 6
210757 6
210866 6
210865 6
210870 6
210869 6
210850 6
210849 6
210854 6
210853 6
210834 6
210833 6
210838 6
210837 6
210818 6
210817 6
210822 6
210821 6
210930 6
210929 6
210934 6
210933 6
210914 6
210913 6
210918 6
210917 6
210898 6
210897 6
210902 6
210901 6
210882 6
210881 6
210886 6
210885 6
210994 6
210993 6
210998 6
210997 6
210978 6
210977 6
210982 6
210981 6
210962 6
210961 6
210966 6
210965 6
210946 6
210945 6
210950 6
210949 6
211058 6
211057 6
211062 6
211061 6
211042 6
211041 6
211046 6
211045 6
211026 6
211025 6
211030 6
211029 6
211010 6
211009 6
211014 6
211013 6
211122 6
211121 6
211126 6
211125 6
211106 6
211105 6
211110 6
211109 6
211090 6
211089 6
211094 6
213685 6
213686 6
213681 6
213682 6
213573 6
213574 6
213569 6
213570 6
213589 6
213590 6
213585 6
213586 6
213605 6
213606 6
213601 6
213602 6
213621 6
213622 6
213617 6
213618 6
213509 6
213510 6
213505 6
213506 6
213525 6
213526 6
213521 6
213522 6
213541 6
213542 6
213537 6
213538 6
213557 6
213558 6
213553 6
213554 6
213445 6
213446 6
213441 6
213442 6
213461 6
213462 6
213457 6
213458 6
213477 6
213478 6
213473 6
213474 6
213493 6
213494 6
213489 6
213490 6
213381 6
213382 6
213377 6
213378 6
213397 6
213398 6
213393 6
213394 6
213413 6
213414 6
213409 6
213410 6
213429 6
213430 6
213425 6
213426 6
213317 6
213318 6
213313 6
213314 6
213333 6
213334 6
213329 6
213330 6
213349 6
213350 6
213345 6
213346 6
213365 6
213366 6
213361 6
213362 6
213253 6
213254 6
213249 6
213250 6
213269 6
213270 6
213265 6
213266 6
213285 6
213286 6
213281 6
213282 6
213301 6
213302 6
213297 6
213298 6
213189 6
213190 6
213185 6
213186 6
213205 6
213206 6
213201 6
213202 6
213221 6
213222 6
213217 6
213218 6
213237 6
213238 6
213233 6
213234 6
213125 6
213126 6
213121 6
213122 6
213141 6
213142 6
213137 6
213138 6
213157 6
213158 6
213153 6
213154 6
213173 6
213174 6
213169 6
213170 6
213061 6
213062 6
213057 6
213058 6
213077 6
213078 6
213073 6
213074 6
213093 6
213094 6
213089 6
213090 6
213109 6
213110 6
213105 6
213106 6
212997 6
212998 6
212993 6
212994 6
213013 6
213014 6
213009 6
213010 6
213029 6
213030 6
213025 6
213026 6
213045 6
213046 6
213041 6
213042 6
212933 6
212934 6
212929 6
212930 6
212949 6
212950 6
212945 6
212946 6
212965 6
212966 6
212961 6
212962 6
212981 6
212982 6
212977 6
212978 6
212869 6
212870 6
212865 6
212866 6
212885 6
212886 6
212881 6
212882 6
212901 6
212902 6
212897 6
212898 6
212917 6
212918 6
212913 6
212914 6
212805 6
212806 6
212801 6
212802 6
212821 6
212822 6
212817 6
212818 6
212837 6
212838 6
212833 6
212834 6
212853 6
212854 6
212849 6
212850 6
212741 6
212742 6
212737 6
212738 6
212757 6
212758 6
212753 6
212754 6
212773 6
212774 6
212769 6
212770 6
212789 6
212790 6
212785 6
212786 6
212677 6
212678 6
212673 6
212674 6
212693 6
212694 6
212689 6
212690 6
212709 6
212710 6
212705 6
212706 6
212725 6
212726 6
212721 6
212722 6
212613 6
212614 6
212609 6
212610 6
212629 6
212630 6
212625 6
212626 6
212645 6
212646 6
212641 6
212642 6
212661 6
212662 6
212657 6
212658 6
212549 6
212550 6
212545 6
212546 6
212565 6
212566 6
212561 6
212562 6
212581 6
212582 6
212577 6
212578 6
212597 6
212598 6
212593 6
212594 6
212485 6
212486 6
212481 6
212482 6
212501 6
212502 6
212497 6
212498 6
212517 6
212518 6
212513 6
212514 6
212533 6
212534 6
212529 6
212530 6
212421 6
212422 6
212417 6
212418 6
212437 6
212438 6
212433 6
212434 6
212453 6
212454 6
212449 6
212450 6
212469 6
212470 6
212465 6
212466 6
212357 6
212358 6
212353 6
212354 6
212373 6
212374 6
212369 6
212370 6
212389 6
212390 6
212385 6
212386 6
212405 6
212406 6
212401 6
212402 6
212293 6
212294 6
212289 6
212290 6
212309 6
212310 6
212305 6
212306 6
212325 6
212326 6
212321 6
212322 6
212341 6
212342 6
212337 6
212338 6
212229 6
212230 6
212225 6
212226 6
212245 6
212246 6
212241 6
212242 6
212261 6
212262 6
212257 6
212258 6
212277 6
212278 6
212273 6
212274 6
212165 6
212166 6
212161 6
212162 6
212181 6
212182 6
212177 6
212178 6
212197 6
212198 6
212193 6
212194 6
212213 6
212214 6
212209 6
212210 6
212101 6
212102 6
212097 6
212098 6
212117 6
212118 6
212113 6
212114 6
212133 6
212134 6
212129 6
212130 6
212149 6
212150 6
212145 6
212146 6
212037 6
212038 6
212033 6
212034 6
212053 6
212054 6
212049 6
212050 6
212069 6
212070 6
212065 6
212066 6
212085 6
212086 6
212081 6
212082 6
211973 6
211974 6
211969 6
211970 6
211989 6
211990 6
211985 6
211986 6
212005 6
212006 6
212001 6
212002 6
212021 6
212022 6
212017 6
212018 6
211909 6
211910 6
211905 6
211906 6
211925 6
211926 6
211921 6
211922 6
211941 6
211942 6
211937 6
211938 6
211957 6
211958 6
211953 6
211954 6
211845 6
211846 6
211841 6
211842 6
211861 6
211862 6
211857 6
211858 6
211877 6
211878 6
211873 6
211874 6
211893 6
211894 6
211889 6
211890 6
211781 6
211782 6
211777 6
211778 6
211797 6
211798 6
211793 6
211794 6
211813 6
211814 6
211809 6
211810 6
211829 6
211830 6
211825 6
211826 6
211717 6
211718 6
211713 6
211714 6
211733 6
211734 6
211729 6
211730 6
211749 6
211750 6
211745 6
211746 6
211765 6
211766 6
211761 6
211762 6
211653 6
211654 6
211649 6
211650 6
211669 6
211670 6
211665 6
211666 6
211685 6
211686 6
211681 6
211682 6
211701 6
211702 6
211697 6
211698 6
211589 6
211590 6
211585 6
211586 6
211605 6
211606 6
211601 6
211602 6
211621 6
211622 6
211617 6
211618 6
211637 6
211638 6
211633 6
211634 6
211525 6
211526 6
211521 6
211522 6
211541 6
211542 6
211537 6
211538 6
211557 6
211558 6
211553 6
211554 6
211573 6
211574 6
211569 6
211570 6
211461 6
211462 6
211457 6
211458 6
211477 6
211478 6
211473 6
211474 6
211493 6
211494 6
211489 6
211490 6
211509 6
211510 6
211505 6
211506 6
211397 6
211398 6
211393 6
211394 6
211413 6
211414 6
211409 6
211410 6
211429 6
211430 6
211425 6
211426 6
211445 6
211446 6
211441 6
211442 6
211333 6
211334 6
211329 6
211330 6
211349 6
211350 6
211345 6
211346 6
211365 6
211366 6
211361 6
211362 6
211381 6
211382 6
211377 6
211378 6
211269 6
211270 6
211265 6
211266 6
211285 6
211286 6
211281 6
211282 6
211301 6
211302 6
211297 6
211298 6
211317 6
211318 6
211313 6
211314 6
211205 6
211206 6
211201 6
211202 6
211221 6
211222 6
211217 6
211218 6
211237 6
211238 6
211233 6
211234 6
211253 6
211254 6
211249 6
211250 6
211141 6
211142 6
211137 6
211138 6
211157 6
211158 6
211153 6
211154 6
211173 6
211174 6
211169 6
211170 6
211189 6
211190 6
211185 6
211186 6
211077 6
211078 6
211073 6
211074 6
211093 6
216962 6
216961 6
216966 6
216965 6
216978 6
216977 6
216982 6
216981 6
216994 6
216993 6
216998 6
216997 6
217010 6
217009 6
217014 6
217013 6
216898 6
216897 6
216902 6
216901 6
216914 6
216913 6
216918 6
216917 6
216930 6
216929 6
216934 6
216933 6
216946 6
216945 6
216950 6
216949 6
216834 6
216833 6
216838 6
216837 6
216850 6
216849 6
216854 6
216853 6
216866 6
216865 6
216870 6
216869 6
216882 6
216881 6
216886 6
216885 6
216770 6
216769 6
216774 6
216773 6
216786 6
216785 6
216790 6
216789 6
216802 6
216801 6
216806 6
216805 6
216818 6
216817 6
216822 6
216821 6
216706 6
216705 6
216710 6
216709 6
216722 6
216721 6
216726 6
216725 6
216738 6
216737 6
216742 6
216741 6
216754 6
216753 6
216758 6
216757 6
216642 6
216641 6
216646 6
216645 6
216658 6
216657 6
216662 6
216661 6
216674 6
216673 6
216678 6
216677 6
216690 6
216689 6
216694 6
216693 6
216578 6
216577 6
216582 6
216581 6
216594 6
216593 6
216598 6
216597 6
216610 6
216609 6
216614 6
216613 6
216626 6
216625 6
216630 6
216629 6
216514 6
216513 6
216518 6
216517 6
216530 6
216529 6
216534 6
216533 6
216546 6
216545 6
216550 6
216549 6
216562 6
216561 6
216566 6
216565 6
216450 6
216449 6
216454 6
216453 6
216466 6
216465 6
216470 6
216469 6
216482 6
216481 6
216486 6
216485 6
216498 6
216497 6
216502 6
216501 6
216386 6
216385 6
216390 6
216389 6
216402 6
216401 6
216406 6
216405 6
216418 6
216417 6
216422 6
216421 6
216434 6
216433 6
216438 6
216437 6
216322 6
216321 6
216326 6
216325 6
216338 6
216337 6
216342 6
216341 6
216354 6
216353 6
216358 6
216357 6
216370 6
216369 6
216374 6
216373 6
216258 6
216257 6
216262 6
216261 6
216274 6
216273 6
216278 6
216277 6
216290 6
216289 6
216294 6
216293 6
216306 6
216305 6
216310 6
216309 6
216194 6
216193 6
216198 6
216197 6
216210 6
216209 6
216214 6
216213 6
216226 6
216225 6
216230 6
216229 6
216242 6
216241 6
216246 6
216245 6
216130 6
216129 6
216134 6
216133 6
216146 6
216145 6
216150 6
216149 6
216162 6
216161 6
216166 6
216165 6
216178 6
216177 6
216182 6
216181 6
216066 6
216065 6
216070 6
216069 6
216082 6
216081 6
216086 6
216085 6
216098 6
216097 6
216102 6
216101 6
216114 6
216113 6
216118 6
216117 6
216002 6
216001 6
216006 6
216005 6
216018 6
216017 6
216022 6
216021 6
216034 6
216033 6
216038 6
216037 6
216050 6
216049 6
216054 6
216053 6
215938 6
215937 6
215942 6
215941 6
215954 6
215953 6
215958 6
215957 6
215970 6
215969 6
215974 6
215973 6
215986 6
215985 6
215990 6
215989 6
215874 6
215873 6
215878 6
215877 6
215890 6
215889 6
215894 6
215893 6
215906 6
215905 6
215910 6
215909 6
215922 6
215921 6
215926 6
215925 6
215810 6
215809 6
215814 6
215813 6
215826 6
215825 6
215830 6
215829 6
215842 6
215841 6
215846 6
215845 6
215858 6
215857 6
215862 6
215861 6
215746 6
215745 6
215750 6
215749 6
215762 6
215761 6
215766 6
215765 6
215778 6
215777 6
215782 6
215781 6
215794 6
215793 6
215798 6
215797 6
215682 6
215681 6
215686 6
215685 6
215698 6
215697 6
215702 6
215701 6
215714 6
215713 6
215718 6
215717 6
215730 6
215729 6
215734 6
215733 6
215618 6
215617 6
215622 6
215621 6
215634 6
215633 6
215638 6
215637 6
215650 6
215649 6
215654 6
215653 6
215666 6
215665 6
215670 6
215669 6
215554 6
215553 6
215558 6
215557 6
215570 6
215569 6
215574 6
215573 6
215586 6
215585 6
215590 6
215589 6
215602 6
215601 6
215606 6
215605 6
215490 6
215489 6
215494 6
215493 6
215506 6
215505 6
215510 6
215509 6
215522 6
215521 6
215526 6
215525 6
215538 6
215537 6
215542 6
215541 6
215426 6
215425 6
215430 6
215429 6
215442 6
215441 6
215446 6
215445 6
215458 6
215457 6
215462 6
215461 6
215474 6
215473 6
215478 6
215477 6
215362 6
215361 6
215366 6
215365 6
215378 6
215377 6
215382 6
215381 6
215394 6
215393 6
215398 6
215397 6
215410 6
215409 6
215414 6
215413 6
215298 6
215297 6
215302 6
215301 6
215314 6
215313 6
215318 6
215317 6
215330 6
215329 6
215334 6
215333 6
215346 6
215345 6
215350 6
215349 6
215234 6
215233 6
215238 6
215237 6
215250 6
215249 6
215254 6
215253 6
215266 6
215265 6
215270 6
215269 6
215282 6
215281 6
215286 6
215285 6
215170 6
215169 6
215174 6
215173 6
215186 6
215185 6
215190 6
215189 6
215202 6
215201 6
215206 6
215205 6
215218 6
215217 6
215222 6
215221 6
215106 6
215105 6
215110 6
215109 6
215122 6
215121 6
215126 6
215125 6
215138 6
215137 6
215142 6
215141 6
215154 6
215153 6
215158 6
215157 6
215042 6
215041 6
215046 6
215045 6
215058 6
215057 6
215062 6
215061 6
215074 6
215073 6
215078 6
215077 6
215090 6
215089 6
215094 6
215093 6
214978 6
214977 6
214982 6
214981 6
214994 6
214993 6
214998 6
214997 6
215010 6
215009 6
215014 6
215013 6
215026 6
215025 6
215030 6
215029 6
214914 6
214913 6
214918 6
214917 6
214930 6
214929 6
214934 6
214933 6
214946 6
214945 6
214950 6
214949 6
214962 6
214961 6
214966 6
214965 6
214850 6
214849 6
214854 6
214853 6
214866 6
214865 6
214870 6
214869 6
214882 6
214881 6
214886 6
214885 6
214898 6
214897 6
214902 6
214901 6
214786 6
214785 6
214790 6
214789 6
214802 6
214801 6
214806 6
214805 6
214818 6
214817 6
214822 6
214821 6
214834 6
214833 6
214838 6
214837 6
214722 6
214721 6
214726 6
214725 6
214738 6
214737 6
214742 6
214741 6
214754 6
214753 6
214758 6
214757 6
214770 6
214769 6
214774 6
214773 6
214658 6
214657 6
214662 6
214661 6
214674 6
214673 6
214678 6
214677 6
214690 6
214689 6
214694 6
214693 6
214706 6
214705 6
214710 6
214709 6
214594 6
214593 6
214598 6
214597 6
214610 6
214609 6
214614 6
214613 6
214626 6
214625 6
214630 6
214629 6
214642 6
214641 6
214646 6
214645 6
214530 6
214529 6
214534 6
214533 6
214546 6
214545 6
214550 6
214549 6
214562 6
214561 6
214566 6
214565 6
214578 6
214577 6
214582 6
214581 6
214466 6
214465 6
214470 6
214469 6
214482 6
214481 6
214486 6
214485 6
214498 6
214497 6
214502 6
214501 6
214514 6
214513 6
214518 6
214517 6
214402 6
214401 6
214406 6
214405 6
214418 6
214417 6
214422 6
214421 6
214434 6
214433 6
214438 6
214437 6
214450 6
214449 6
214454 6
214453 6
214338 6
214337 6
214342 6
214341 6
214354 6
214353 6
214358 6
214357 6
214370 6
214369 6
214374 6
214373 6
214386 6
214385 6
214390 6
214389 6
214274 6
214273 6
214278 6
214277 6
214290 6
214289 6
214294 6
214293 6
214306 6
214305 6
214310 6
214309 6
214322 6
214321 6
214326 6
214325 6
214210 6
214209 6
214214 6
214213 6
214226 6
214225 6
214230 6
214229 6
214242 6
214241 6
214246 6
214245 6
214258 6
214257 6
214262 6
214261 6
214146 6
214145 6
214150 6
214149 6
214162 6
214161 6
214166 6
214165 6
214178 6
214177 6
214182 6
214181 6
214194 6
214193 6
214198 6
214197 6
214082 6
214081 6
214086 6
214085 6
214098 6
214097 6
214102 6
214101 6
214114 6
214113 6
214118 6
214117 6
214130 6
214129 6
214134 6
214133 6
214018 6
214017 6
214022 6
214021 6
214034 6
214033 6
214038 6
214037 6
214050 6
214049 6
214054 6
214053 6
214066 6
214065 6
214070 6
214069 6
213954 6
213953 6
213958 6
213957 6
213970 6
213969 6
213974 6
213973 6
213986 6
213985 6
213990 6
213989 6
214002 6
214001 6
214006 6
214005 6
213890 6
213889 6
213894 6
213893 6
213906 6
213905 6
213910 6
213909 6
213922 6
213921 6
213926 6
213925 6
213938 6
213937 6
213942 6
213941 6
213826 6
213825 6
213830 6
213829 6
213842 6
213841 6
213846 6
213845 6
213858 6
213857 6
213862 6
213861 6
213874 6
213873 6
213878 6
213877 6
213762 6
213761 6
213766 6
213765 6
213778 6
213777 6
213782 6
213781 6
213794 6
213793 6
213798 6
213797 6
213810 6
213809 6
213814 6
213813 6
213698 6
213697 6
213702 6
213701 6
213714 6
213713 6
213718 6
213717 6
213730 6
213729 6
213734 6
213733 6
213746 6
213745 6
213750 6
213749 6
213634 6
213633 6
213638 6
213637 6
213650 6
213649 6
213654 6
213653 6
213666 6
213665 6
213670 6
213669 6
203570 6
203569 6
203574 6
203573 6
203554 6
203553 6
203558 6
203557 6
203538 6
203537 6
203542 6
203541 6
203522 6
203521 6
203526 6
203525 6
203634 6
203633 6
203638 6
203637 6
203618 6
203617 6
203622 6
203621 6
203602 6
203601 6
203606 6
203605 6
203586 6
203585 6
203590 6
203589 6
203698 6
203697 6
203702 6
203701 6
203682 6
203681 6
203686 6
203685 6
203666 6
203665 6
203670 6
203669 6
203650 6
203649 6
203654 6
203653 6
203762 6
203761 6
203766 6
203765 6
203746 6
203745 6
203750 6
203749 6
203730 6
203729 6
203734 6
203733 6
203714 6
203713 6
203718 6
203717 6
203826 6
203825 6
203830 6
203829 6
203810 6
203809 6
203814 6
203813 6
203794 6
203793 6
203798 6
203797 6
203778 6
203777 6
203782 6
203781 6
203890 6
203889 6
203894 6
203893 6
203874 6
203873 6
203878 6
203877 6
203858 6
203857 6
203862 6
203861 6
203842 6
203841 6
203846 6
203845 6
203954 6
203953 6
203958 6
203957 6
203938 6
203937 6
203942 6
203941 6
203922 6
203921 6
203926 6
203925 6
203906 6
203905 6
203910 6
203909 6
204018 6
204017 6
204022 6
204021 6
204002 6
204001 6
204006 6
204005 6
203986 6
203985 6
203990 6
203989 6
203970 6
203969 6
203974 6
203973 6
204082 6
204081 6
204086 6
204085 6
204066 6
204065 6
204070 6
204069 6
204050 6
204049 6
204054 6
204053 6
204034 6
204033 6
204038 6
204037 6
204146 6
204145 6
204150 6
204149 6
204130 6
204129 6
204134 6
204133 6
204114 6
204113 6
204118 6
204117 6
204098 6
204097 6
204102 6
204101 6
204210 6
204209 6
204214 6
204213 6
204194 6
204193 6
204198 6
204197 6
204178 6
204177 6
204182 6
204181 6
204162 6
204161 6
204166 6
204165 6
204274 6
204273 6
204278 6
204277 6
204258 6
204257 6
204262 6
204261 6
204242 6
204241 6
204246 6
204245 6
204226 6
204225 6
204230 6
204229 6
204338 6
204337 6
204342 6
204341 6
204322 6
204321 6
204326 6
204325 6
204306 6
204305 6
204310 6
204309 6
204290 6
204289 6
204294 6
204293 6
204402 6
204401 6
204406 6
204405 6
204386 6
204385 6
204390 6
204389 6
204370 6
204369 6
204374 6
204373 6
204354 6
204353 6
204358 6
204357 6
204466 6
204465 6
204470 6
204469 6
204450 6
204449 6
204454 6
204453 6
204434 6
204433 6
204438 6
204437 6
204418 6
204417 6
204422 6
204421 6
204530 6
204529 6
204534 6
204533 6
204514 6
204513 6
204518 6
204517 6
204498 6
204497 6
204502 6
204501 6
204482 6
204481 6
204486 6
204485 6
204594 6
204593 6
204598 6
204597 6
204578 6
204577 6
204582 6
204581 6
204562 6
204561 6
204566 6
204565 6
204546 6
204545 6
204550 6
204549 6
204658 6
204657 6
204662 6
204661 6
204642 6
204641 6
204646 6
204645 6
204626 6
204625 6
204630 6
204629 6
204610 6
204609 6
204614 6
204613 6
204722 6
204721 6
204726 6
204725 6
204706 6
204705 6
204710 6
204709 6
204690 6
204689 6
204694 6
204693 6
204674 6
204673 6
204678 6
204677 6
204786 6
204785 6
204790 6
204789 6
204770 6
204769 6
204774 6
204773 6
204754 6
204753 6
204758 6
204757 6
204738 6
204737 6
204742 6
204741 6
204850 6
204849 6
204854 6
204853 6
204834 6
204833 6
204838 6
204837 6
204818 6
204817 6
204822 6
204821 6
204802 6
204801 6
204806 6
204805 6
204914 6
204913 6
204918 6
204917 6
204898 6
204897 6
204902 6
204901 6
204882 6
204881 6
204886 6
204885 6
204866 6
204865 6
204870 6
204869 6
204978 6
204977 6
204982 6
204981 6
204962 6
204961 6
204966 6
204965 6
204946 6
204945 6
204950 6
204949 6
204930 6
204929 6
204934 6
204933 6
205042 6
205041 6
205046 6
205045 6
205026 6
205025 6
205030 6
205029 6
205010 6
205009 6
205014 6
205013 6
204994 6
204993 6
204998 6
204997 6
205106 6
205105 6
205110 6
205109 6
205090 6
205089 6
205094 6
205093 6
205074 6
205073 6
205078 6
205077 6
205058 6
205057 6
205062 6
205061 6
205170 6
205169 6
205174 6
205173 6
205154 6
205153 6
205158 6
205157 6
205138 6
205137 6
205142 6
205141 6
205122 6
205121 6
205126 6
205125 6
205234 6
205233 6
205238 6
205237 6
205218 6
205217 6
205222 6
205221 6
205202 6
205201 6
205206 6
205205 6
205186 6
205185 6
205190 6
205189 6
205298 6
205297 6
205302 6
205301 6
205282 6
205281 6
205286 6
205285 6
205266 6
205265 6
205270 6
205269 6
205250 6
205249 6
205254 6
205253 6
205362 6
205361 6
205366 6
205365 6
205346 6
205345 6
205350 6
205349 6
205330 6
205329 6
205334 6
205333 6
205314 6
205313 6
205318 6
205317 6
205426 6
205425 6
205430 6
205429 6
205410 6
205409 6
205414 6
205413 6
205394 6
205393 6
205398 6
205397 6
205378 6
205377 6
205382 6
205381 6
205490 6
205489 6
205494 6
205493 6
205474 6
205473 6
205478 6
205477 6
205458 6
205457 6
205462 6
205461 6
205442 6
205441 6
205446 6
205445 6
205554 6
205553 6
205558 6
205557 6
205538 6
205537 6
205542 6
205541 6
205522 6
205521 6
205526 6
205525 6
205506 6
205505 6
205510 6
205509 6
205618 6
205617 6
205622 6
205621 6
205602 6
205601 6
205606 6
205605 6
205586 6
205585 6
205590 6
205589 6
205570 6
205569 6
205574 6
205573 6
205682 6
205681 6
205686 6
205685 6
205666 6
205665 6
205670 6
205669 6
205650 6
205649 6
205654 6
205653 6
205634 6
205633 6
205638 6
205637 6
205746 6
205745 6
205750 6
205749 6
205730 6
205729 6
205734 6
205733 6
205714 6
205713 6
205718 6
205717 6
205698 6
205697 6
205702 6
205701 6
205810 6
205809 6
205814 6
205813 6
205794 6
205793 6
205798 6
205797 6
205778 6
205777 6
205782 6
205781 6
205762 6
205761 6
205766 6
205765 6
205874 6
205873 6
205878 6
205877 6
205858 6
205857 6
205862 6
205861 6
205842 6
205841 6
205846 6
205845 6
205826 6
205825 6
205830 6
205829 6
205938 6
205937 6
205942 6
205941 6
205922 6
205921 6
205926 6
205925 6
205906 6
205905 6
205910 6
205909 6
205890 6
205889 6
205894 6
205893 6
206002 6
206001 6
206006 6
206005 6
205986 6
205985 6
205990 6
205989 6
205970 6
205969 6
205974 6
205973 6
205954 6
205953 6
205958 6
205957 6
206066 6
206065 6
206070 6
206069 6
206050 6
206049 6
206054 6
206053 6
206034 6
206033 6
206038 6
206037 6
206018 6
206017 6
206022 6
206021 6
206130 6
206129 6
206134 6
206133 6
206114 6
206113 6
206118 6
206117 6
206098 6
206097 6
206102 6
206101 6
206082 6
206081 6
206086 6
206085 6
206194 6
206193 6
206198 6
206197 6
206178 6
206177 6
206182 6
206181 6
206162 6
206161 6
206166 6
206165 6
206146 6
206145 6
206150 6
206149 6
206258 6
206257 6
206262 6
206261 6
206242 6
206241 6
206246 6
206245 6
206226 6
206225 6
206230 6
206229 6
206210 6
206209 6
206214 6
206213 6
206322 6
206321 6
206326 6
206325 6
206306 6
206305 6
206310 6
206309 6
206290 6
206289 6
206294 6
206293 6
206274 6
206273 6
206278 6
206277 6
206386 6
206385 6
206390 6
206389 6
206370 6
206369 6
206374 6
206373 6
206354 6
206353 6
206358 6
206357 6
206338 6
206337 6
206342 6
206341 6
206450 6
206449 6
206454 6
206453 6
206434 6
206433 6
206438 6
206437 6
206418 6
206417 6
206422 6
206421 6
206402 6
206401 6
206406 6
206405 6
206514 6
206513 6
206518 6
206517 6
206498 6
206497 6
206502 6
206501 6
206482 6
206481 6
206486 6
206485 6
206466 6
206465 6
206470 6
206469 6
206578 6
206577 6
206582 6
206581 6
206562 6
206561 6
206566 6
206565 6
206546 6
206545 6
206550 6
206549 6
206530 6
206529 6
206534 6
206533 6
206642 6
206641 6
206646 6
206645 6
206626 6
206625 6
206630 6
206629 6
206610 6
206609 6
206614 6
206613 6
206594 6
206593 6
206598 6
206597 6
206706 6
206705 6
206710 6
206709 6
206690 6
206689 6
206694 6
206693 6
206674 6
206673 6
206678 6
206677 6
206658 6
206657 6
206662 6
206661 6
206770 6
206769 6
206774 6
206773 6
206754 6
206753 6
206758 6
206757 6
206738 6
206737 6
206742 6
206741 6
206722 6
206721 6
206726 6
206725 6
206834 6
206833 6
206838 6
206837 6
206818 6
206817 6
206822 6
206821 6
206802 6
206801 6
206806 6
206805 6
206786 6
206785 6
206790 6
206789 6
206898 6
206897 6
206902 6
206901 6
206882 6
206881 6
206886 6
206885 6
206866 6
206865 6
206870 6
206869 6
206850 6
206849 6
206854 6
206853 6
206962 6
206961 6
206966 6
206965 6
206946 6
206945 6
206950 6
206949 6
206930 6
206929 6
206934 6
206933 6
206914 6
206913 6
206918 6
206917 6
207026 6
207025 6
207030 6
207029 6
207010 6
207009 6
207014 6
207013 6
206994 6
206993 6
206998 6
206997 6
206978 6
206977 6
206982 6
206981 6
207090 6
207089 6
207094 6
207093 6
207074 6
207073 6
207078 6
207077 6
207058 6
207057 6
207062 6
207061 6
207042 6
207041 6
207046 6
207045 6
207154 6
207153 6
207158 6
207157 6
207138 6
207137 6
207142 6
207141 6
207122 6
207121 6
207126 6
207125 6
207106 6
207105 6
207110 6
207109 6
207218 6
207217 6
207222 6
207221 6
207202 6
207201 6
207206 6
207205 6
207186 6
207185 6
207190 6
207189 6
207170 6
207169 6
207174 6
207173 6
207282 6
207281 6
207286 6
207285 6
207266 6
207265 6
207270 6
207269 6
207250 6
207249 6
207254 6
207253 6
207234 6
207233 6
207238 6
207237 6
207346 6
207345 6
207350 6
207349 6
207330 6
207329 6
207334 6
207333 6
207314 6
207313 6
207318 6
207317 6
207298 6
207297 6
207302 6
207301 6
207410 6
207409 6
207414 6
207413 6
207394 6
207393 6
207398 6
207397 6
207378 6
207377 6
207382 6
207381 6
207362 6
207361 6
207366 6
207365 6
207474 6
207473 6
207478 6
207477 6
207458 6
207457 6
207462 6
207461 6
207442 6
207441 6
207446 6
207445 6
207426 6
207425 6
207430 6
207429 6
207538 6
207537 6
207542 6
207541 6
207522 6
207521 6
207526 6
207525 6
207506 6
207505 6
207510 6
207509 6
207490 6
207489 6
207494 6
207493 6
207602 6
207601 6
207606 6
207605 6
207586 6
207585 6
207590 6
207589 6
207570 6
207569 6
207574 6
207573 6
207554 6
207553 6
207558 6
207557 6
207666 6
207665 6
207670 6
207669 6
207650 6
207649 6
207654 6
207653 6
207634 6
207633 6
207638 6
207637 6
207618 6
207617 6
207622 6
207621 6
207730 6
207729 6
207734 6
207733 6
207714 6
207713 6
207718 6
207717 6
207698 6
207697 6
207702 6
207701 6
207682 6
207681 6
207686 6
207685 6
207794 6
207793 6
207798 6
207797 6
207778 6
207777 6
207782 6
207781 6
207762 6
207761 6
207766 6
207765 6
207746 6
207745 6
207750 6
207749 6
207858 6
207857 6
207862 6
207861 6
207842 6
207841 6
207846 6
207845 6
207826 6
207825 6
207830 6
207829 6
207810 6
207809 6
207814 6
207813 6
207922 6
207921 6
207926 6
207925 6
207906 6
207905 6
207910 6
207909 6
207890 6
207889 6
207894 6
207893 6
207874 6
207873 6
207878 6
207877 6
207986 6
207985 6
207990 6
207989 6
207970 6
207969 6
207974 6
207973 6
207954 6
207953 6
207958 6
207957 6
207938 6
207937 6
207942 6
207941 6
208050 6
208049 6
208054 6
208053 6
208034 6
208033 6
208038 6
208037 6
208018 6
208017 6
208022 6
208021 6
208002 6
208001 6
208006 6
208005 6
208114 6
208113 6
208118 6
208117 6
208098 6
208097 6
208102 6
208101 6
208082 6
208081 6
208086 6
208085 6
208066 6
208065 6
208070 6
208069 6
208178 6
208177 6
208182 6
208181 6
208162 6
208161 6
208166 6
208165 6
208146 6
208145 6
208150 6
208149 6
208130 6
208129 6
208134 6
208133 6
208242 6
208241 6
208246 6
208245 6
208226 6
208225 6
208230 6
208229 6
208210 6
208209 6
208214 6
208213 6
208194 6
208193 6
208198 6
208197 6
208306 6
208305 6
208310 6
208309 6
208290 6
208289 6
208294 6
208293 6
208274 6
208273 6
208278 6
208277 6
208258 6
208257 6
208262 6
208261 6
208370 6
208369 6
208374 6
208373 6
208354 6
208353 6
208358 6
208357 6
208338 6
208337 6
208342 6
208341 6
208322 6
208321 6
208326 6
208325 6
208434 6
208433 6
208438 6
208437 6
208418 6
208417 6
208422 6
208421 6
208402 6
208401 6
208406 6
208405 6
208386 6
208385 6
208390 6
208389 6
208498 6
208497 6
208502 6
208501 6
208482 6
208481 6
208486 6
208485 6
208466 6
208465 6
208470 6
208469 6
208450 6
208449 6
208454 6
208453 6
208562 6
208561 6
208566 6
208565 6
208546 6
208545 6
208550 6
208549 6
208530 6
208529 6
208534 6
208533 6
208514 6
208513 6
208518 6
208517 6
208626 6
208625 6
208630 6
208629 6
208610 6
208609 6
208614 6
208613 6
208594 6
208593 6
208598 6
208597 6
208578 6
208577 6
208582 6
208581 6
208690 6
208689 6
208694 6
208693 6
208674 6
208673 6
208678 6
208677 6
208658 6
208657 6
208662 6
208661 6
208642 6
208641 6
208646 6
208645 6
208754 6
208753 6
208758 6
208757 6
208738 6
208737 6
208742 6
208741 6
208722 6
208721 6
208726 6
208725 6
208706 6
208705 6
208710 6
208709 6
208818 6
208817 6
208822 6
208821 6
208802 6
208801 6
208806 6
208805 6
208786 6
208785 6
208790 6
208789 6
208770 6
208769 6
208774 6
208773 6
208882 6
208881 6
208886 6
208885 6
208866 6
208865 6
208870 6
208869 6
208850 6
208849 6
208854 6
208853 6
208834 6
208833 6
208838 6
208837 6
208946 6
208945 6
208950 6
208949 6
208930 6
208929 6
208934 6
208933 6
208914 6
208913 6
208918 6
208917 6
208898 6
208897 6
208902 6
208901 6
209010 6
209009 6
209014 6
209013 6
208994 6
208993 6
208998 6
208997 6
208978 6
208977 6
208982 6
208981 6
208962 6
208961 6
208966 6
208965 6
209074 6
209073 6
209078 6
209077 6
209058 6
209057 6
209062 6
209061 6
209042 6
209041 6
209046 6
209045 6
209026 6
209025 6
209030 6
209029 6
209138 6
209137 6
209142 6
209141 6
209122 6
209121 6
209126 6
209125 6
209106 6
209105 6
209110 6
209109 6
209090 6
209089 6
209094 6
209093 6
209202 6
209201 6
209206 6
209205 6
209186 6
209185 6
209190 6
209189 6
209170 6
209169 6
209174 6
209173 6
209154 6
209153 6
209158 6
209157 6
209266 6
209265 6
209270 6
209269 6
209250 6
209249 6
209254 6
209253 6
209234 6
209233 6
209238 6
209237 6
209218 6
209217 6
209222 6
209221 6
209330 6
209329 6
209334 6
209333 6
209314 6
209313 6
209318 6
209317 6
209298 6
209297 6
209302 6
209301 6
209282 6
209281 6
209286 6
209285 6
209394 6
209393 6
209398 6
209397 6
209378 6
209377 6
209382 6
209381 6
209362 6
209361 6
209366 6
209365 6
209346 6
209345 6
209350 6
209349 6
209458 6
209457 6
209462 6
209461 6
209442 6
209441 6
209446 6
209445 6
209426 6
209425 6
209430 6
209429 6
209410 6
209409 6
209414 6
209413 6
209522 6
209521 6
209526 6
209525 6
209506 6
209505 6
209510 6
209509 6
209490 6
209489 6
209494 6
209493 6
209474 6
209473 6
209478 6
209477 6
209586 6
209585 6
209590 6
209589 6
209570 6
209569 6
209574 6
209573 6
209554 6
209553 6
209558 6
209557 6
209538 6
209537 6
209542 6
209541 6
209650 6
209649 6
209654 6
209653 6
209634 6
209633 6
209638 6
209637 6
209618 6
209617 6
209622 6
209621 6
209602 6
209601 6
209606 6
209605 6
209714 6
209713 6
209718 6
209717 6
209698 6
209697 6
209702 6
209701 6
209682 6
209681 6
209686 6
209685 6
209666 6
209665 6
209670 6
209669 6
209778 6
209777 6
209782 6
209781 6
209762 6
209761 6
209766 6
209765 6
209746 6
209745 6
209750 6
209749 6
209730 6
209729 6
209734 6
209733 6
209842 6
209841 6
209846 6
209845 6
209826 6
209825 6
209830 6
209829 6
209810 6
209809 6
209814 6
209813 6
209794 6
209793 6
209798 6
209797 6
209906 6
209905 6
209910 6
209909 6
209890 6
209889 6
209894 6
209893 6
209874 6
209873 6
209878 6
209877 6
209858 6
209857 6
209862 6
209861 6
209970 6
209969 6
209974 6
209973 6
209954 6
209953 6
209958 6
209957 6
209938 6
209937 6
209942 6
209941 6
209922 6
209921 6
209926 6
209925 6
210034 6
210033 6
210038 6
210037 6
210018 6
210017 6
210022 6
210021 6
210002 6
210001 6
210006 6
210005 6
209986 6
209985 6
209990 6
209989 6
210098 6
210097 6
210102 6
210101 6
210082 6
210081 6
210086 6
210085 6
210066 6
210065 6
210070 6
210069 6
210050 6
210049 6
210054 6
210053 6
210162 6
210161 6
210166 6
210165 6
210146 6
210145 6
210150 6
210149 6
210130 6
210129 6
210134 6
210133 6
210114 6
210113 6
210118 6
210117 6
210226 6
210225 6
210230 6
210229 6
210210 6
210209 6
210214 6
210213 6
210194 6
210193 6
210198 6
210197 6
210178 6
210177 6
210182 6
210181 6
210290 6
210289 6
210294 6
210293 6
210274 6
210273 6
210278 6
210277 6
409201 6
409205 6
409202 6
409206 6
409169 6
409173 6
409170 6
409174 6
409249 6
409253 6
409250 6
409254 6
409217 6
409221 6
409218 6
409222 6
409265 6
409269 6
409266 6
409270 6
409233 6
409237 6
409234 6
409238 6
409313 6
409317 6
409314 6
409318 6
409281 6
409285 6
409282 6
409286 6
409329 6
409333 6
409330 6
409334 6
409297 6
409301 6
409298 6
409302 6
409377 6
409381 6
409378 6
409382 6
409345 6
409349 6
409346 6
409350 6
409393 6
409397 6
409394 6
409398 6
409361 6
409365 6
409362 6
409366 6
409441 6
409445 6
409442 6
409446 6
409409 6
409413 6
409410 6
409414 6
409457 6
409461 6
409458 6
409462 6
409425 6
409429 6
409426 6
409430 6
409505 6
409509 6
409506 6
409510 6
409473 6
409477 6
409474 6
409478 6
409521 6
409525 6
409522 6
409526 6
409489 6
409493 6
409490 6
409494 6
409569 6
409573 6
409570 6
409574 6
409537 6
409541 6
409538 6
409542 6
409585 6
409589 6
409586 6
409590 6
409553 6
409557 6
409554 6
409558 6
409633 6
409637 6
409634 6
409638 6
409601 6
409605 6
409602 6
409606 6
409649 6
409653 6
409650 6
409654 6
409617 6
409621 6
409618 6
409622 6
409697 6
409701 6
409698 6
409702 6
409665 6
409669 6
409666 6
409670 6
409713 6
409717 6
409714 6
409718 6
409681 6
409685 6
409682 6
409686 6
409761 6
409765 6
409762 6
409766 6
409729 6
409733 6
409730 6
409734 6
409777 6
409781 6
409778 6
409782 6
409745 6
409749 6
409746 6
409750 6
409825 6
409829 6
409826 6
409830 6
409793 6
409797 6
409794 6
409798 6
409841 6
409845 6
409842 6
409846 6
409809 6
409813 6
409810 6
409814 6
409889 6
409893 6
409890 6
409894 6
409857 6
409861 6
409858 6
409862 6
409905 6
409909 6
409906 6
409910 6
409873 6
409877 6
409874 6
409878 6
409953 6
409957 6
409954 6
409958 6
409921 6
409925 6
409922 6
409926 6
409969 6
409973 6
409970 6
409974 6
409937 6
409941 6
409938 6
409942 6
410017 6
410021 6
410018 6
410022 6
409985 6
412470 6
412466 6
412469 6
412465 6
412422 6
412418 6
412421 6
412417 6
412454 6
412450 6
412453 6
412449 6
412374 6
412370 6
412373 6
412369 6
412406 6
412402 6
412405 6
412401 6
412358 6
412354 6
412357 6
412353 6
412390 6
412386 6
412389 6
412385 6
412310 6
412306 6
412309 6
412305 6
412342 6
412338 6
412341 6
412337 6
412294 6
412290 6
412293 6
412289 6
412326 6
412322 6
412325 6
412321 6
412246 6
412242 6
412245 6
412241 6
412278 6
412274 6
412277 6
412273 6
412230 6
412226 6
412229 6
412225 6
412262 6
412258 6
412261 6
412257 6
412182 6
412178 6
412181 6
412177 6
412214 6
412210 6
412213 6
412209 6
412166 6
412162 6
412165 6
412161 6
412198 6
412194 6
412197 6
412193 6
412118 6
412114 6
412117 6
412113 6
412150 6
412146 6
412149 6
412145 6
412102 6
412098 6
412101 6
412097 6
412134 6
412130 6
412133 6
412129 6
412054 6
412050 6
412053 6
412049 6
412086 6
412082 6
412085 6
412081 6
412038 6
412034 6
412037 6
412033 6
412070 6
412066 6
412069 6
412065 6
411990 6
411986 6
411989 6
411985 6
412022 6
412018 6
412021 6
412017 6
411974 6
411970 6
411973 6
411969 6
412006 6
412002 6
412005 6
412001 6
411926 6
411922 6
411925 6
411921 6
411958 6
411954 6
411957 6
411953 6
411910 6
411906 6
411909 6
411905 6
411942 6
411938 6
411941 6
411937 6
411862 6
411858 6
411861 6
411857 6
411894 6
411890 6
411893 6
411889 6
411846 6
411842 6
411845 6
411841 6
411878 6
411874 6
411877 6
411873 6
411798 6
411794 6
411797 6
411793 6
411830 6
411826 6
411829 6
411825 6
411782 6
411778 6
411781 6
411777 6
411814 6
411810 6
411813 6
411809 6
411734 6
411730 6
411733 6
411729 6
411766 6
411762 6
411765 6
411761 6
411718 6
411714 6
411717 6
411713 6
411750 6
411746 6
411749 6
411745 6
411670 6
411666 6
411669 6
411665 6
411702 6
411698 6
411701 6
411697 6
411654 6
411650 6
411653 6
411649 6
411686 6
411682 6
411685 6
411681 6
411606 6
411602 6
411605 6
411601 6
411638 6
411634 6
411637 6
411633 6
411590 6
411586 6
411589 6
411585 6
411622 6
411618 6
411621 6
411617 6
411542 6
411538 6
411541 6
411537 6
411574 6
411570 6
411573 6
411569 6
411526 6
411522 6
411525 6
411521 6
411558 6
411554 6
411557 6
411553 6
411478 6
411474 6
411477 6
411473 6
411510 6
411506 6
411509 6
411505 6
411462 6
411458 6
411461 6
411457 6
411494 6
411490 6
411493 6
411489 6
411414 6
411410 6
411413 6
411409 6
411446 6
411442 6
411445 6
411441 6
411398 6
411394 6
411397 6
411393 6
411430 6
411426 6
411429 6
411425 6
411350 6
411346 6
411349 6
411345 6
411382 6
411378 6
411381 6
411377 6
411334 6
411330 6
411333 6
411329 6
411366 6
411362 6
411365 6
411361 6
411286 6
411282 6
411285 6
411281 6
411318 6
411314 6
411317 6
411313 6
411270 6
411266 6
411269 6
411265 6
411302 6
411298 6
411301 6
411297 6
411222 6
411218 6
411221 6
411217 6
411254 6
411250 6
411253 6
411249 6
411206 6
411202 6
411205 6
411201 6
411238 6
411234 6
411237 6
411233 6
411158 6
411154 6
411157 6
411153 6
411190 6
411186 6
411189 6
411185 6
411142 6
411138 6
411141 6
411137 6
411174 6
411170 6
411173 6
411169 6
411094 6
411090 6
411093 6
411089 6
411126 6
411122 6
411125 6
411121 6
411078 6
411074 6
411077 6
411073 6
411110 6
411106 6
411109 6
411105 6
411030 6
411026 6
411029 6
411025 6
411062 6
411058 6
411061 6
411057 6
411014 6
411010 6
411013 6
411009 6
411046 6
411042 6
411045 6
411041 6
410966 6
410962 6
410965 6
410961 6
410998 6
410994 6
410997 6
410993 6
410950 6
410946 6
410949 6
410945 6
410982 6
410978 6
410981 6
410977 6
410902 6
410898 6
410901 6
410897 6
410934 6
410930 6
410933 6
410929 6
410886 6
410882 6
410885 6
410881 6
410918 6
410914 6
410917 6
410913 6
410838 6
410834 6
410837 6
410833 6
410870 6
410866 6
410869 6
410865 6
410822 6
410818 6
410821 6
410817 6
410854 6
410850 6
410853 6
410849 6
410774 6
410770 6
410773 6
410769 6
410806 6
410802 6
410805 6
410801 6
410758 6
410754 6
410757 6
410753 6
410790 6
410786 6
410789 6
410785 6
410710 6
410706 6
410709 6
410705 6
410742 6
410738 6
410741 6
410737 6
410694 6
410690 6
410693 6
410689 6
410726 6
410722 6
410725 6
410721 6
410646 6
410642 6
410645 6
410641 6
410678 6
410674 6
410677 6
410673 6
410630 6
410626 6
410629 6
410625 6
410662 6
410658 6
410661 6
410657 6
410582 6
410578 6
410581 6
410577 6
410614 6
410610 6
410613 6
410609 6
410566 6
410562 6
410565 6
410561 6
410598 6
410594 6
410597 6
410593 6
410518 6
410514 6
410517 6
410513 6
410550 6
410546 6
410549 6
410545 6
410502 6
410498 6
410501 6
410497 6
410534 6
410530 6
410533 6
410529 6
410454 6
410450 6
410453 6
410449 6
410486 6
410482 6
410485 6
410481 6
410438 6
410434 6
410437 6
410433 6
410470 6
410466 6
410469 6
410465 6
410390 6
410386 6
410389 6
410385 6
410422 6
410418 6
410421 6
410417 6
410374 6
410370 6
410373 6
410369 6
410406 6
410402 6
410405 6
410401 6
410326 6
410322 6
410325 6
410321 6
410358 6
410354 6
410357 6
410353 6
410310 6
410306 6
410309 6
410305 6
410342 6
410338 6
410341 6
410337 6
410262 6
410258 6
410261 6
410257 6
410294 6
410290 6
410293 6
410289 6
410246 6
410242 6
410245 6
410241 6
410278 6
410274 6
410277 6
410273 6
410198 6
410194 6
410197 6
410193 6
410230 6
410226 6
410229 6
410225 6
410182 6
410178 6
410181 6
410177 6
410214 6
410210 6
410213 6
410209 6
410134 6
410130 6
410133 6
410129 6
410166 6
410162 6
410165 6
410161 6
410118 6
410114 6
410117 6
410113 6
410150 6
410146 6
410149 6
410145 6
410070 6
410066 6
410069 6
410065 6
410102 6
410098 6
410101 6
410097 6
410054 6
410050 6
410053 6
410049 6
410086 6
410082 6
410085 6
410081 6
410006 6
410002 6
410005 6
410001 6
410038 6
410034 6
410037 6
410033 6
409990 6
409986 6
409989 6
415697 6
415701 6
415698 6
415702 6
415729 6
415733 6
415730 6
415734 6
415681 6
415685 6
415682 6
415686 6
415713 6
415717 6
415714 6
415718 6
415633 6
415637 6
415634 6
415638 6
415665 6
415669 6
415666 6
415670 6
415617 6
415621 6
415618 6
415622 6
415649 6
415653 6
415650 6
415654 6
415569 6
415573 6
415570 6
415574 6
415601 6
415605 6
415602 6
415606 6
415553 6
415557 6
415554 6
415558 6
415585 6
415589 6
415586 6
415590 6
415505 6
415509 6
415506 6
415510 6
415537 6
415541 6
415538 6
415542 6
415489 6
415493 6
415490 6
415494 6
415521 6
415525 6
415522 6
415526 6
415441 6
415445 6
415442 6
415446 6
415473 6
415477 6
415474 6
415478 6
415425 6
415429 6
415426 6
415430 6
415457 6
415461 6
415458 6
415462 6
415377 6
415381 6
415378 6
415382 6
415409 6
415413 6
415410 6
415414 6
415361 6
415365 6
415362 6
415366 6
415393 6
415397 6
415394 6
415398 6
415313 6
415317 6
415314 6
415318 6
415345 6
415349 6
415346 6
415350 6
415297 6
415301 6
415298 6
415302 6
415329 6
415333 6
415330 6
415334 6
415249 6
415253 6
415250 6
415254 6
415281 6
415285 6
415282 6
415286 6
415233 6
415237 6
415234 6
415238 6
415265 6
415269 6
415266 6
415270 6
415185 6
415189 6
415186 6
415190 6
415217 6
415221 6
415218 6
415222 6
415169 6
415173 6
415170 6
415174 6
415201 6
415205 6
415202 6
415206 6
415121 6
415125 6
415122 6
415126 6
415153 6
415157 6
415154 6
415158 6
415105 6
415109 6
415106 6
415110 6
415137 6
415141 6
415138 6
415142 6
415057 6
415061 6
415058 6
415062 6
415089 6
415093 6
415090 6
415094 6
415041 6
415045 6
415042 6
415046 6
415073 6
415077 6
415074 6
415078 6
414993 6
414997 6
414994 6
414998 6
415025 6
415029 6
415026 6
415030 6
414977 6
414981 6
414978 6
414982 6
415009 6
415013 6
415010 6
415014 6
414929 6
414933 6
414930 6
414934 6
414961 6
414965 6
414962 6
414966 6
414913 6
414917 6
414914 6
414918 6
414945 6
414949 6
414946 6
414950 6
414865 6
414869 6
414866 6
414870 6
414897 6
414901 6
414898 6
414902 6
414849 6
414853 6
414850 6
414854 6
414881 6
414885 6
414882 6
414886 6
414801 6
414805 6
414802 6
414806 6
414833 6
414837 6
414834 6
414838 6
414785 6
414789 6
414786 6
414790 6
414817 6
414821 6
414818 6
414822 6
414737 6
414741 6
414738 6
414742 6
414769 6
414773 6
414770 6
414774 6
414721 6
414725 6
414722 6
414726 6
414753 6
414757 6
414754 6
414758 6
414673 6
414677 6
414674 6
414678 6
414705 6
414709 6
414706 6
414710 6
414657 6
414661 6
414658 6
414662 6
414689 6
414693 6
414690 6
414694 6
414609 6
414613 6
414610 6
414614 6
414641 6
414645 6
414642 6
414646 6
414593 6
414597 6
414594 6
414598 6
414625 6
414629 6
414626 6
414630 6
414545 6
414549 6
414546 6
414550 6
414577 6
414581 6
414578 6
414582 6
414529 6
414533 6
414530 6
414534 6
414561 6
414565 6
414562 6
414566 6
414481 6
414485 6
414482 6
414486 6
414513 6
414517 6
414514 6
414518 6
414465 6
414469 6
414466 6
414470 6
414497 6
414501 6
414498 6
414502 6
414417 6
414421 6
414418 6
414422 6
414449 6
414453 6
414450 6
414454 6
414401 6
414405 6
414402 6
414406 6
414433 6
414437 6
414434 6
414438 6
414353 6
414357 6
414354 6
414358 6
414385 6
414389 6
414386 6
414390 6
414337 6
414341 6
414338 6
414342 6
414369 6
414373 6
414370 6
414374 6
414289 6
414293 6
414290 6
414294 6
414321 6
414325 6
414322 6
414326 6
414273 6
414277 6
414274 6
414278 6
414305 6
414309 6
414306 6
414310 6
414225 6
414229 6
414226 6
414230 6
414257 6
414261 6
414258 6
414262 6
414209 6
414213 6
414210 6
414214 6
414241 6
414245 6
414242 6
414246 6
414161 6
414165 6
414162 6
414166 6
414193 6
414197 6
414194 6
414198 6
414145 6
414149 6
414146 6
414150 6
414177 6
414181 6
414178 6
414182 6
414097 6
414101 6
414098 6
414102 6
414129 6
414133 6
414130 6
414134 6
414081 6
414085 6
414082 6
414086 6
414113 6
414117 6
414114 6
414118 6
414033 6
414037 6
414034 6
414038 6
414065 6
414069 6
414066 6
414070 6
414017 6
414021 6
414018 6
414022 6
414049 6
414053 6
414050 6
414054 6
413969 6
413973 6
413970 6
413974 6
414001 6
414005 6
414002 6
414006 6
413953 6
413957 6
413954 6
413958 6
413985 6
413989 6
413986 6
413990 6
413905 6
413909 6
413906 6
413910 6
413937 6
413941 6
413938 6
413942 6
413889 6
413893 6
413890 6
413894 6
413921 6
413925 6
413922 6
413926 6
413841 6
413845 6
413842 6
413846 6
413873 6
413877 6
413874 6
413878 6
413825 6
413829 6
413826 6
413830 6
413857 6
413861 6
413858 6
413862 6
413777 6
413781 6
413778 6
413782 6
413809 6
413813 6
413810 6
413814 6
413761 6
413765 6
413762 6
413766 6
413793 6
413797 6
413794 6
413798 6
413713 6
413717 6
413714 6
413718 6
413745 6
413749 6
413746 6
413750 6
413697 6
413701 6
413698 6
413702 6
413729 6
413733 6
413730 6
413734 6
413649 6
413653 6
413650 6
413654 6
413681 6
413685 6
413682 6
413686 6
413633 6
413637 6
413634 6
413638 6
413665 6
413669 6
413666 6
413670 6
413585 6
413589 6
413586 6
413590 6
413617 6
413621 6
413618 6
413622 6
413569 6
413573 6
413570 6
413574 6
413601 6
413605 6
413602 6
413606 6
413521 6
413525 6
413522 6
413526 6
413553 6
413557 6
413554 6
413558 6
413505 6
413509 6
413506 6
413510 6
413537 6
413541 6
413538 6
413542 6
413457 6
413461 6
413458 6
413462 6
413489 6
413493 6
413490 6
413494 6
413441 6
413445 6
413442 6
413446 6
413473 6
413477 6
413474 6
413478 6
413393 6
413397 6
413394 6
413398 6
413425 6
413429 6
413426 6
413430 6
413377 6
413381 6
413378 6
413382 6
413409 6
413413 6
413410 6
413414 6
413329 6
413333 6
413330 6
413334 6
413361 6
413365 6
413362 6
413366 6
413313 6
413317 6
413314 6
413318 6
413345 6
413349 6
413346 6
413350 6
413265 6
413269 6
413266 6
413270 6
413297 6
413301 6
413298 6
413302 6
413249 6
413253 6
413250 6
413254 6
413281 6
413285 6
413282 6
413286 6
413201 6
413205 6
413202 6
413206 6
413233 6
413237 6
413234 6
413238 6
413185 6
413189 6
413186 6
413190 6
413217 6
413221 6
413218 6
413222 6
413137 6
413141 6
413138 6
413142 6
413169 6
413173 6
413170 6
413174 6
413121 6
413125 6
413122 6
413126 6
413153 6
413157 6
413154 6
413158 6
413073 6
413077 6
413074 6
413078 6
413105 6
413109 6
413106 6
413110 6
413057 6
413061 6
413058 6
413062 6
413089 6
413093 6
413090 6
413094 6
413009 6
413013 6
413010 6
413014 6
413041 6
413045 6
413042 6
413046 6
412993 6
412997 6
412994 6
412998 6
413025 6
413029 6
413026 6
413030 6
412945 6
412949 6
412946 6
412950 6
412977 6
412981 6
412978 6
412982 6
412929 6
412933 6
412930 6
412934 6
412961 6
412965 6
412962 6
412966 6
412881 6
412885 6
412882 6
412886 6
412913 6
412917 6
412914 6
412918 6
412865 6
412869 6
412866 6
412870 6
412897 6
412901 6
412898 6
412902 6
412817 6
412821 6
412818 6
412822 6
412849 6
412853 6
412850 6
412854 6
412801 6
412805 6
412802 6
412806 6
412833 6
412837 6
412834 6
412838 6
412753 6
412757 6
412754 6
412758 6
412785 6
412789 6
412786 6
412790 6
412737 6
412741 6
412738 6
412742 6
412769 6
412773 6
412770 6
412774 6
412689 6
412693 6
412690 6
412694 6
412721 6
412725 6
412722 6
412726 6
412673 6
412677 6
412674 6
412678 6
412705 6
412709 6
412706 6
412710 6
412625 6
412629 6
412626 6
412630 6
412657 6
412661 6
412658 6
412662 6
412609 6
412613 6
412610 6
412614 6
412641 6
412645 6
412642 6
412646 6
412561 6
412565 6
412562 6
412566 6
412593 6
412597 6
412594 6
412598 6
412545 6
412549 6
412546 6
412550 6
412577 6
412581 6
412578 6
412582 6
412497 6
412501 6
412498 6
412502 6
412529 6
412533 6
412530 6
412534 6
412481 6
412485 6
412482 6
412486 6
412513 6
412517 6
412514 6
412518 6
412433 6
412437 6
412434 6
412438 6
402657 6
402661 6
402658 6
402662 6
402625 6
402629 6
402626 6
402630 6
402673 6
402677 6
402674 6
402678 6
402641 6
402645 6
402642 6
402646 6
402721 6
402725 6
402722 6
402726 6
402689 6
402693 6
402690 6
402694 6
402737 6
402741 6
402738 6
402742 6
402705 6
402709 6
402706 6
402710 6
402785 6
402789 6
402786 6
402790 6
402753 6
402757 6
402754 6
402758 6
402801 6
402805 6
402802 6
402806 6
402769 6
402773 6
402770 6
402774 6
402849 6
402853 6
402850 6
402854 6
402817 6
402821 6
402818 6
402822 6
402865 6
402869 6
402866 6
402870 6
402833 6
402837 6
402834 6
402838 6
402913 6
402917 6
402914 6
402918 6
402881 6
402885 6
402882 6
402886 6
402929 6
402933 6
402930 6
402934 6
402897 6
402901 6
402898 6
402902 6
402977 6
402981 6
402978 6
402982 6
402945 6
402949 6
402946 6
402950 6
402993 6
402997 6
402994 6
402998 6
402961 6
402965 6
402962 6
402966 6
403041 6
403045 6
403042 6
403046 6
403009 6
403013 6
403010 6
403014 6
403057 6
403061 6
403058 6
403062 6
403025 6
403029 6
403026 6
403030 6
403105 6
403109 6
403106 6
403110 6
403073 6
403077 6
403074 6
403078 6
403121 6
403125 6
403122 6
403126 6
403089 6
403093 6
403090 6
403094 6
403169 6
403173 6
403170 6
403174 6
403137 6
403141 6
403138 6
403142 6
403185 6
403189 6
403186 6
403190 6
403153 6
403157 6
403154 6
403158 6
403233 6
403237 6
403234 6
403238 6
403201 6
403205 6
403202 6
403206 6
403249 6
403253 6
403250 6
403254 6
403217 6
403221 6
403218 6
403222 6
403297 6
403301 6
403298 6
403302 6
403265 6
403269 6
403266 6
403270 6
403313 6
403317 6
403314 6
403318 6
403281 6
403285 6
403282 6
403286 6
403361 6
403365 6
403362 6
403366 6
403329 6
403333 6
403330 6
403334 6
403377 6
403381 6
403378 6
403382 6
403345 6
403349 6
403346 6
403350 6
403425 6
403429 6
403426 6
403430 6
403393 6
403397 6
403394 6
403398 6
403441 6
403445 6
403442 6
403446 6
403409 6
403413 6
403410 6
403414 6
403489 6
403493 6
403490 6
403494 6
403457 6
403461 6
403458 6
403462 6
403505 6
403509 6
403506 6
403510 6
403473 6
403477 6
403474 6
403478 6
403553 6
403557 6
403554 6
403558 6
403521 6
403525 6
403522 6
403526 6
403569 6
403573 6
403570 6
403574 6
403537 6
403541 6
403538 6
403542 6
403617 6
403621 6
403618 6
403622 6
403585 6
403589 6
403586 6
403590 6
403633 6
403637 6
403634 6
403638 6
403601 6
403605 6
403602 6
403606 6
403681 6
403685 6
403682 6
403686 6
403649 6
403653 6
403650 6
403654 6
403697 6
403701 6
403698 6
403702 6
403665 6
403669 6
403666 6
403670 6
403745 6
403749 6
403746 6
403750 6
403713 6
403717 6
403714 6
403718 6
403761 6
403765 6
403762 6
403766 6
403729 6
403733 6
403730 6
403734 6
403809 6
403813 6
403810 6
403814 6
403777 6
403781 6
403778 6
403782 6
403825 6
403829 6
403826 6
403830 6
403793 6
403797 6
403794 6
403798 6
403873 6
403877 6
403874 6
403878 6
403841 6
403845 6
403842 6
403846 6
403889 6
403893 6
403890 6
403894 6
403857 6
403861 6
403858 6
403862 6
403937 6
403941 6
403938 6
403942 6
403905 6
403909 6
403906 6
403910 6
403953 6
403957 6
403954 6
403958 6
403921 6
403925 6
403922 6
403926 6
404001 6
404005 6
404002 6
404006 6
403969 6
403973 6
403970 6
403974 6
404017 6
404021 6
404018 6
404022 6
403985 6
403989 6
403986 6
403990 6
404065 6
404069 6
404066 6
404070 6
404033 6
404037 6
404034 6
404038 6
404081 6
404085 6
404082 6
404086 6
404049 6
404053 6
404050 6
404054 6
404129 6
404133 6
404130 6
404134 6
404097 6
404101 6
404098 6
404102 6
404145 6
404149 6
404146 6
404150 6
404113 6
404117 6
404114 6
404118 6
404193 6
404197 6
404194 6
404198 6
404161 6
404165 6
404162 6
404166 6
404209 6
404213 6
404210 6
404214 6
404177 6
404181 6
404178 6
404182 6
404257 6
404261 6
404258 6
404262 6
404225 6
404229 6
404226 6
404230 6
404273 6
404277 6
404274 6
404278 6
404241 6
404245 6
404242 6
404246 6
404321 6
404325 6
404322 6
404326 6
404289 6
404293 6
404290 6
404294 6
404337 6
404341 6
404338 6
404342 6
404305 6
404309 6
404306 6
404310 6
404385 6
404389 6
404386 6
404390 6
404353 6
404357 6
404354 6
404358 6
404401 6
404405 6
404402 6
404406 6
404369 6
404373 6
404370 6
404374 6
404449 6
404453 6
404450 6
404454 6
404417 6
404421 6
404418 6
404422 6
404465 6
404469 6
404466 6
404470 6
404433 6
404437 6
404434 6
404438 6
404513 6
404517 6
404514 6
404518 6
404481 6
404485 6
404482 6
404486 6
404529 6
404533 6
404530 6
404534 6
404497 6
404501 6
404498 6
404502 6
404577 6
404581 6
404578 6
404582 6
404545 6
404549 6
404546 6
404550 6
404593 6
404597 6
404594 6
404598 6
404561 6
404565 6
404562 6
404566 6
404641 6
404645 6
404642 6
404646 6
404609 6
404613 6
404610 6
404614 6
404657 6
404661 6
404658 6
404662 6
404625 6
404629 6
404626 6
404630 6
404705 6
404709 6
404706 6
404710 6
404673 6
404677 6
404674 6
404678 6
404721 6
404725 6
404722 6
404726 6
404689 6
404693 6
404690 6
404694 6
404769 6
404773 6
404770 6
404774 6
404737 6
404741 6
404738 6
404742 6
404785 6
404789 6
404786 6
404790 6
404753 6
404757 6
404754 6
404758 6
404833 6
404837 6
404834 6
404838 6
404801 6
404805 6
404802 6
404806 6
404849 6
404853 6
404850 6
404854 6
404817 6
404821 6
404818 6
404822 6
404897 6
404901 6
404898 6
404902 6
404865 6
404869 6
404866 6
404870 6
404913 6
404917 6
404914 6
404918 6
404881 6
404885 6
404882 6
404886 6
404961 6
404965 6
404962 6
404966 6
404929 6
404933 6
404930 6
404934 6
404977 6
404981 6
404978 6
404982 6
404945 6
404949 6
404946 6
404950 6
405025 6
405029 6
405026 6
405030 6
404993 6
404997 6
404994 6
404998 6
405041 6
405045 6
405042 6
405046 6
405009 6
405013 6
405010 6
405014 6
405089 6
405093 6
405090 6
405094 6
405057 6
405061 6
405058 6
405062 6
405105 6
405109 6
405106 6
405110 6
405073 6
405077 6
405074 6
405078 6
405153 6
405157 6
405154 6
405158 6
405121 6
405125 6
405122 6
405126 6
405169 6
405173 6
405170 6
405174 6
405137 6
405141 6
405138 6
405142 6
405217 6
405221 6
405218 6
405222 6
405185 6
405189 6
405186 6
405190 6
405233 6
405237 6
405234 6
405238 6
405201 6
405205 6
405202 6
405206 6
405281 6
405285 6
405282 6
405286 6
405249 6
405253 6
405250 6
405254 6
405297 6
405301 6
405298 6
405302 6
405265 6
405269 6
405266 6
405270 6
405345 6
405349 6
405346 6
405350 6
405313 6
405317 6
405314 6
405318 6
405361 6
405365 6
405362 6
405366 6
405329 6
405333 6
405330 6
405334 6
405409 6
405413 6
405410 6
405414 6
405377 6
405381 6
405378 6
405382 6
405425 6
405429 6
405426 6
405430 6
405393 6
405397 6
405394 6
405398 6
405473 6
405477 6
405474 6
405478 6
405441 6
405445 6
405442 6
405446 6
405489 6
405493 6
405490 6
405494 6
405457 6
405461 6
405458 6
405462 6
405537 6
405541 6
405538 6
405542 6
405505 6
405509 6
405506 6
405510 6
405553 6
405557 6
405554 6
405558 6
405521 6
405525 6
405522 6
405526 6
405601 6
405605 6
405602 6
405606 6
405569 6
405573 6
405570 6
405574 6
405617 6
405621 6
405618 6
405622 6
405585 6
405589 6
405586 6
405590 6
405665 6
405669 6
405666 6
405670 6
405633 6
405637 6
405634 6
405638 6
405681 6
405685 6
405682 6
405686 6
405649 6
405653 6
405650 6
405654 6
405729 6
405733 6
405730 6
405734 6
405697 6
405701 6
405698 6
405702 6
405745 6
405749 6
405746 6
405750 6
405713 6
405717 6
405714 6
405718 6
405793 6
405797 6
405794 6
405798 6
405761 6
405765 6
405762 6
405766 6
405809 6
405813 6
405810 6
405814 6
405777 6
405781 6
405778 6
405782 6
405857 6
405861 6
405858 6
405862 6
405825 6
405829 6
405826 6
405830 6
405873 6
405877 6
405874 6
405878 6
405841 6
405845 6
405842 6
405846 6
405921 6
405925 6
405922 6
405926 6
405889 6
405893 6
405890 6
405894 6
405937 6
405941 6
405938 6
405942 6
405905 6
405909 6
405906 6
405910 6
405985 6
405989 6
405986 6
405990 6
405953 6
405957 6
405954 6
405958 6
406001 6
406005 6
406002 6
406006 6
405969 6
405973 6
405970 6
405974 6
406049 6
406053 6
406050 6
406054 6
406017 6
406021 6
406018 6
406022 6
406065 6
406069 6
406066 6
406070 6
406033 6
406037 6
406034 6
406038 6
406113 6
406117 6
406114 6
406118 6
406081 6
406085 6
406082 6
406086 6
406129 6
406133 6
406130 6
406134 6
406097 6
406101 6
406098 6
406102 6
406177 6
406181 6
406178 6
406182 6
406145 6
406149 6
406146 6
406150 6
406193 6
406197 6
406194 6
406198 6
406161 6
406165 6
406162 6
406166 6
406241 6
406245 6
406242 6
406246 6
406209 6
406213 6
406210 6
406214 6
406257 6
406261 6
406258 6
406262 6
406225 6
406229 6
406226 6
406230 6
406305 6
406309 6
406306 6
406310 6
406273 6
406277 6
406274 6
406278 6
406321 6
406325 6
406322 6
406326 6
406289 6
406293 6
406290 6
406294 6
406369 6
406373 6
406370 6
406374 6
406337 6
406341 6
406338 6
406342 6
406385 6
406389 6
406386 6
406390 6
406353 6
406357 6
406354 6
406358 6
406433 6
406437 6
406434 6
406438 6
406401 6
406405 6
406402 6
406406 6
406449 6
406453 6
406450 6
406454 6
406417 6
406421 6
406418 6
406422 6
406497 6
406501 6
406498 6
406502 6
406465 6
406469 6
406466 6
406470 6
406513 6
406517 6
406514 6
406518 6
406481 6
406485 6
406482 6
406486 6
406561 6
406565 6
406562 6
406566 6
406529 6
406533 6
406530 6
406534 6
406577 6
406581 6
406578 6
406582 6
406545 6
406549 6
406546 6
406550 6
406625 6
406629 6
406626 6
406630 6
406593 6
406597 6
406594 6
406598 6
406641 6
406645 6
406642 6
406646 6
406609 6
406613 6
406610 6
406614 6
406689 6
406693 6
406690 6
406694 6
406657 6
406661 6
406658 6
406662 6
406705 6
406709 6
406706 6
406710 6
406673 6
406677 6
406674 6
406678 6
406753 6
406757 6
406754 6
406758 6
406721 6
406725 6
406722 6
406726 6
406769 6
406773 6
406770 6
406774 6
406737 6
406741 6
406738 6
406742 6
406817 6
406821 6
406818 6
406822 6
406785 6
406789 6
406786 6
406790 6
406833 6
406837 6
406834 6
406838 6
406801 6
406805 6
406802 6
406806 6
406881 6
406885 6
406882 6
406886 6
406849 6
406853 6
406850 6
406854 6
406897 6
406901 6
406898 6
406902 6
406865 6
406869 6
406866 6
406870 6
406945 6
406949 6
406946 6
406950 6
406913 6
406917 6
406914 6
406918 6
406961 6
406965 6
406962 6
406966 6
406929 6
406933 6
406930 6
406934 6
407009 6
407013 6
407010 6
407014 6
406977 6
406981 6
406978 6
406982 6
407025 6
407029 6
407026 6
407030 6
406993 6
406997 6
406994 6
406998 6
407073 6
407077 6
407074 6
407078 6
407041 6
407045 6
407042 6
407046 6
407089 6
407093 6
407090 6
407094 6
407057 6
407061 6
407058 6
407062 6
407137 6
407141 6
407138 6
407142 6
407105 6
407109 6
407106 6
407110 6
407153 6
407157 6
407154 6
407158 6
407121 6
407125 6
407122 6
407126 6
407201 6
407205 6
407202 6
407206 6
407169 6
407173 6
407170 6
407174 6
407217 6
407221 6
407218 6
407222 6
407185 6
407189 6
407186 6
407190 6
407265 6
407269 6
407266 6
407270 6
407233 6
407237 6
407234 6
407238 6
407281 6
407285 6
407282 6
407286 6
407249 6
407253 6
407250 6
407254 6
407329 6
407333 6
407330 6
407334 6
407297 6
407301 6
407298 6
407302 6
407345 6
407349 6
407346 6
407350 6
407313 6
407317 6
407314 6
407318 6
407393 6
407397 6
407394 6
407398 6
407361 6
407365 6
407362 6
407366 6
407409 6
407413 6
407410 6
407414 6
407377 6
407381 6
407378 6
407382 6
407457 6
407461 6
407458 6
407462 6
407425 6
407429 6
407426 6
407430 6
407473 6
407477 6
407474 6
407478 6
407441 6
407445 6
407442 6
407446 6
407521 6
407525 6
407522 6
407526 6
407489 6
407493 6
407490 6
407494 6
407537 6
407541 6
407538 6
407542 6
407505 6
407509 6
407506 6
407510 6
407585 6
407589 6
407586 6
407590 6
407553 6
407557 6
407554 6
407558 6
407601 6
407605 6
407602 6
407606 6
407569 6
407573 6
407570 6
407574 6
407649 6
407653 6
407650 6
407654 6
407617 6
407621 6
407618 6
407622 6
407665 6
407669 6
407666 6
407670 6
407633 6
407637 6
407634 6
407638 6
407713 6
407717 6
407714 6
407718 6
407681 6
407685 6
407682 6
407686 6
407729 6
407733 6
407730 6
407734 6
407697 6
407701 6
407698 6
407702 6
407777 6
407781 6
407778 6
407782 6
407745 6
407749 6
407746 6
407750 6
407793 6
407797 6
407794 6
407798 6
407761 6
407765 6
407762 6
407766 6
407841 6
407845 6
407842 6
407846 6
407809 6
407813 6
407810 6
407814 6
407857 6
407861 6
407858 6
407862 6
407825 6
407829 6
407826 6
407830 6
407905 6
407909 6
407906 6
407910 6
407873 6
407877 6
407874 6
407878 6
407921 6
407925 6
407922 6
407926 6
407889 6
407893 6
407890 6
407894 6
407969 6
407973 6
407970 6
407974 6
407937 6
407941 6
407938 6
407942 6
407985 6
407989 6
407986 6
407990 6
407953 6
407957 6
407954 6
407958 6
408033 6
408037 6
408034 6
408038 6
408001 6
408005 6
408002 6
408006 6
408049 6
408053 6
408050 6
408054 6
408017 6
408021 6
408018 6
408022 6
408097 6
408101 6
408098 6
408102 6
408065 6
408069 6
408066 6
408070 6
408113 6
408117 6
408114 6
408118 6
408081 6
408085 6
408082 6
408086 6
408161 6
408165 6
408162 6
408166 6
408129 6
408133 6
408130 6
408134 6
408177 6
408181 6
408178 6
408182 6
408145 6
408149 6
408146 6
408150 6
408225 6
408229 6
408226 6
408230 6
408193 6
408197 6
408194 6
408198 6
408241 6
408245 6
408242 6
408246 6
408209 6
408213 6
408210 6
408214 6
408289 6
408293 6
408290 6
408294 6
408257 6
408261 6
408258 6
408262 6
408305 6
408309 6
408306 6
408310 6
408273 6
408277 6
408274 6
408278 6
408353 6
408357 6
408354 6
408358 6
408321 6
408325 6
408322 6
408326 6
408369 6
408373 6
408370 6
408374 6
408337 6
408341 6
408338 6
408342 6
408417 6
408421 6
408418 6
408422 6
408385 6
408389 6
408386 6
408390 6
408433 6
408437 6
408434 6
408438 6
408401 6
408405 6
408402 6
408406 6
408481 6
408485 6
408482 6
408486 6
408449 6
408453 6
408450 6
408454 6
408497 6
408501 6
408498 6
408502 6
408465 6
408469 6
408466 6
408470 6
408545 6
408549 6
408546 6
408550 6
408513 6
408517 6
408514 6
408518 6
408561 6
408565 6
408562 6
408566 6
408529 6
408533 6
408530 6
408534 6
408609 6
408613 6
408610 6
408614 6
408577 6
408581 6
408578 6
408582 6
408625 6
408629 6
408626 6
408630 6
408593 6
408597 6
408594 6
408598 6
408673 6
408677 6
408674 6
408678 6
408641 6
408645 6
408642 6
408646 6
408689 6
408693 6
408690 6
408694 6
408657 6
408661 6
408658 6
408662 6
408737 6
408741 6
408738 6
408742 6
408705 6
408709 6
408706 6
408710 6
408753 6
408757 6
408754 6
408758 6
408721 6
408725 6
408722 6
408726 6
408801 6
408805 6
408802 6
408806 6
408769 6
408773 6
408770 6
408774 6
408817 6
408821 6
408818 6
408822 6
408785 6
408789 6
408786 6
408790 6
408865 6
408869 6
408866 6
408870 6
408833 6
408837 6
408834 6
408838 6
408881 6
408885 6
408882 6
408886 6
408849 6
408853 6
408850 6
408854 6
408929 6
408933 6
408930 6
408934 6
408897 6
408901 6
408898 6
408902 6
408945 6
408949 6
408946 6
408950 6
408913 6
408917 6
408914 6
408918 6
408993 6
408997 6
408994 6
408998 6
408961 6
408965 6
408962 6
408966 6
409009 6
409013 6
409010 6
409014 6
408977 6
408981 6
408978 6
408982 6
409057 6
409061 6
409058 6
409062 6
409025 6
409029 6
409026 6
409030 6
409073 6
409077 6
409074 6
409078 6
409041 6
409045 6
409042 6
409046 6
409121 6
409125 6
409122 6
409126 6
409089 6
409093 6
409090 6
409094 6
409137 6
409141 6
409138 6
409142 6
409105 6
409109 6
409106 6
409110 6
409185 6
409189 6
409186 6
409190 6
409153 6
409157 6
409154 6
409158 6
542129 6
542133 6
542130 6
542134 6
542097 6
542101 6
542098 6
542102 6
542177 6
542181 6
542178 6
542182 6
542145 6
542149 6
542146 6
542150 6
542193 6
542197 6
542194 6
542198 6
542161 6
542165 6
542162 6
542166 6
542241 6
542245 6
542242 6
542246 6
542209 6
542213 6
542210 6
542214 6
542257 6
542261 6
542258 6
542262 6
542225 6
542229 6
542226 6
542230 6
542305 6
542309 6
542306 6
542310 6
542273 6
542277 6
542274 6
542278 6
542321 6
542325 6
542322 6
542326 6
542289 6
542293 6
542290 6
542294 6
542369 6
542373 6
542370 6
542374 6
542337 6
542341 6
542338 6
542342 6
542385 6
542389 6
542386 6
542390 6
542353 6
542357 6
542354 6
542358 6
542433 6
542437 6
542434 6
542438 6
542401 6
542405 6
542402 6
542406 6
542449 6
542453 6
542450 6
542454 6
542417 6
542421 6
542418 6
542422 6
542497 6
542501 6
542498 6
542502 6
542465 6
542469 6
542466 6
542470 6
542513 6
542517 6
542514 6
542518 6
542481 6
542485 6
542482 6
542486 6
542561 6
542565 6
542562 6
542566 6
542529 6
542533 6
542530 6
542534 6
542577 6
542581 6
542578 6
542582 6
542545 6
542549 6
542546 6
542550 6
542625 6
542629 6
542626 6
542630 6
542593 6
542597 6
542594 6
542598 6
542641 6
542645 6
542642 6
542646 6
542609 6
542613 6
542610 6
542614 6
542689 6
542693 6
542690 6
542694 6
542657 6
542661 6
542658 6
542662 6
542705 6
542709 6
542706 6
542710 6
542673 6
542677 6
542674 6
542678 6
542753 6
542757 6
542754 6
542758 6
542721 6
542725 6
542722 6
542726 6
542769 6
542773 6
542770 6
542774 6
542737 6
542741 6
542738 6
542742 6
542817 6
542821 6
542818 6
542822 6
542785 6
542789 6
542786 6
542790 6
542833 6
542837 6
542834 6
542838 6
542801 6
542805 6
542802 6
542806 6
542881 6
542885 6
542882 6
542886 6
542849 6
542853 6
542850 6
542854 6
542897 6
542901 6
542898 6
542902 6
542865 6
542869 6
542866 6
542870 6
542945 6
542949 6
542946 6
542950 6
542913 6
542917 6
542914 6
542918 6
542961 6
542965 6
542962 6
545510 6
545506 6
545509 6
545505 6
545430 6
545426 6
545429 6
545425 6
545462 6
545458 6
545461 6
545457 6
545414 6
545410 6
545413 6
545409 6
545446 6
545442 6
545445 6
545441 6
545366 6
545362 6
545365 6
545361 6
545398 6
545394 6
545397 6
545393 6
545350 6
545346 6
545349 6
545345 6
545382 6
545378 6
545381 6
545377 6
545302 6
545298 6
545301 6
545297 6
545334 6
545330 6
545333 6
545329 6
545286 6
545282 6
545285 6
545281 6
545318 6
545314 6
545317 6
545313 6
545238 6
545234 6
545237 6
545233 6
545270 6
545266 6
545269 6
545265 6
545222 6
545218 6
545221 6
545217 6
545254 6
545250 6
545253 6
545249 6
545174 6
545170 6
545173 6
545169 6
545206 6
545202 6
545205 6
545201 6
545158 6
545154 6
545157 6
545153 6
545190 6
545186 6
545189 6
545185 6
545110 6
545106 6
545109 6
545105 6
545142 6
545138 6
545141 6
545137 6
545094 6
545090 6
545093 6
545089 6
545126 6
545122 6
545125 6
545121 6
545046 6
545042 6
545045 6
545041 6
545078 6
545074 6
545077 6
545073 6
545030 6
545026 6
545029 6
545025 6
545062 6
545058 6
545061 6
545057 6
544982 6
544978 6
544981 6
544977 6
545014 6
545010 6
545013 6
545009 6
544966 6
544962 6
544965 6
544961 6
544998 6
544994 6
544997 6
544993 6
544918 6
544914 6
544917 6
544913 6
544950 6
544946 6
544949 6
544945 6
544902 6
544898 6
544901 6
544897 6
544934 6
544930 6
544933 6
544929 6
544854 6
544850 6
544853 6
544849 6
544886 6
544882 6
544885 6
544881 6
544838 6
544834 6
544837 6
544833 6
544870 6
544866 6
544869 6
544865 6
544790 6
544786 6
544789 6
544785 6
544822 6
544818 6
544821 6
544817 6
544774 6
544770 6
544773 6
544769 6
544806 6
544802 6
544805 6
544801 6
544726 6
544722 6
544725 6
544721 6
544758 6
544754 6
544757 6
544753 6
544710 6
544706 6
544709 6
544705 6
544742 6
544738 6
544741 6
544737 6
544662 6
544658 6
544661 6
544657 6
544694 6
544690 6
544693 6
544689 6
544646 6
544642 6
544645 6
544641 6
544678 6
544674 6
544677 6
544673 6
544598 6
544594 6
544597 6
544593 6
544630 6
544626 6
544629 6
544625 6
544582 6
544578 6
544581 6
544577 6
544614 6
544610 6
544613 6
544609 6
544534 6
544530 6
544533 6
544529 6
544566 6
544562 6
544565 6
544561 6
544518 6
544514 6
544517 6
544513 6
544550 6
544546 6
544549 6
544545 6
544470 6
544466 6
544469 6
544465 6
544502 6
544498 6
544501 6
544497 6
544454 6
544450 6
544453 6
544449 6
544486 6
544482 6
544485 6
544481 6
544406 6
544402 6
544405 6
544401 6
544438 6
544434 6
544437 6
544433 6
544390 6
544386 6
544389 6
544385 6
544422 6
544418 6
544421 6
544417 6
544342 6
544338 6
544341 6
544337 6
544374 6
544370 6
544373 6
544369 6
544326 6
544322 6
544325 6
544321 6
544358 6
544354 6
544357 6
544353 6
544278 6
544274 6
544277 6
544273 6
544310 6
544306 6
544309 6
544305 6
544262 6
544258 6
544261 6
544257 6
544294 6
544290 6
544293 6
544289 6
544214 6
544210 6
544213 6
544209 6
544246 6
544242 6
544245 6
544241 6
544198 6
544194 6
544197 6
544193 6
544230 6
544226 6
544229 6
544225 6
544150 6
544146 6
544149 6
544145 6
544182 6
544178 6
544181 6
544177 6
544134 6
544130 6
544133 6
544129 6
544166 6
544162 6
544165 6
544161 6
544086 6
544082 6
544085 6
544081 6
544118 6
544114 6
544117 6
544113 6
544070 6
544066 6
544069 6
544065 6
544102 6
544098 6
544101 6
544097 6
544022 6
544018 6
544021 6
544017 6
544054 6
544050 6
544053 6
544049 6
544006 6
544002 6
544005 6
544001 6
544038 6
544034 6
544037 6
544033 6
543958 6
543954 6
543957 6
543953 6
543990 6
543986 6
543989 6
543985 6
543942 6
543938 6
543941 6
543937 6
543974 6
543970 6
543973 6
543969 6
543894 6
543890 6
543893 6
543889 6
543926 6
543922 6
543925 6
543921 6
543878 6
543874 6
543877 6
543873 6
543910 6
543906 6
543909 6
543905 6
543830 6
543826 6
543829 6
543825 6
543862 6
543858 6
543861 6
543857 6
543814 6
543810 6
543813 6
543809 6
543846 6
543842 6
543845 6
543841 6
543766 6
543762 6
543765 6
543761 6
543798 6
543794 6
543797 6
543793 6
543750 6
543746 6
543749 6
543745 6
543782 6
543778 6
543781 6
543777 6
543702 6
543698 6
543701 6
543697 6
543734 6
543730 6
543733 6
543729 6
543686 6
543682 6
543685 6
543681 6
543718 6
543714 6
543717 6
543713 6
543638 6
543634 6
543637 6
543633 6
543670 6
543666 6
543669 6
543665 6
543622 6
543618 6
543621 6
543617 6
543654 6
543650 6
543653 6
543649 6
543574 6
543570 6
543573 6
543569 6
543606 6
543602 6
543605 6
543601 6
543558 6
543554 6
543557 6
543553 6
543590 6
543586 6
543589 6
543585 6
543510 6
543506 6
543509 6
543505 6
543542 6
543538 6
543541 6
543537 6
543494 6
543490 6
543493 6
543489 6
543526 6
543522 6
543525 6
543521 6
543446 6
543442 6
543445 6
543441 6
543478 6
543474 6
543477 6
543473 6
543430 6
543426 6
543429 6
543425 6
543462 6
543458 6
543461 6
543457 6
543382 6
543378 6
543381 6
543377 6
543414 6
543410 6
543413 6
543409 6
543366 6
543362 6
543365 6
543361 6
543398 6
543394 6
543397 6
543393 6
543318 6
543314 6
543317 6
543313 6
543350 6
543346 6
543349 6
543345 6
543302 6
543298 6
543301 6
543297 6
543334 6
543330 6
543333 6
543329 6
543254 6
543250 6
543253 6
543249 6
543286 6
543282 6
543285 6
543281 6
543238 6
543234 6
543237 6
543233 6
543270 6
543266 6
543269 6
543265 6
543190 6
543186 6
543189 6
543185 6
543222 6
543218 6
543221 6
543217 6
543174 6
543170 6
543173 6
543169 6
543206 6
543202 6
543205 6
543201 6
543126 6
543122 6
543125 6
543121 6
543158 6
543154 6
543157 6
543153 6
543110 6
543106 6
543109 6
543105 6
543142 6
543138 6
543141 6
543137 6
543062 6
543058 6
543061 6
543057 6
543094 6
543090 6
543093 6
543089 6
543046 6
543042 6
543045 6
543041 6
543078 6
543074 6
543077 6
543073 6
542998 6
542994 6
542997 6
542993 6
543030 6
543026 6
543029 6
543025 6
542982 6
542978 6
542981 6
542977 6
543014 6
543010 6
543013 6
543009 6
542934 6
542930 6
542933 6
542929 6
542966 6
548817 6
548821 6
548818 6
548822 6
548849 6
548853 6
548850 6
548854 6
548801 6
548805 6
548802 6
548806 6
548833 6
548837 6
548834 6
548838 6
548753 6
548757 6
548754 6
548758 6
548785 6
548789 6
548786 6
548790 6
548737 6
548741 6
548738 6
548742 6
548769 6
548773 6
548770 6
548774 6
548689 6
548693 6
548690 6
548694 6
548721 6
548725 6
548722 6
548726 6
548673 6
548677 6
548674 6
548678 6
548705 6
548709 6
548706 6
548710 6
548625 6
548629 6
548626 6
548630 6
548657 6
548661 6
548658 6
548662 6
548609 6
548613 6
548610 6
548614 6
548641 6
548645 6
548642 6
548646 6
548561 6
548565 6
548562 6
548566 6
548593 6
548597 6
548594 6
548598 6
548545 6
548549 6
548546 6
548550 6
548577 6
548581 6
548578 6
548582 6
548497 6
548501 6
548498 6
548502 6
548529 6
548533 6
548530 6
548534 6
548481 6
548485 6
548482 6
548486 6
548513 6
548517 6
548514 6
548518 6
548433 6
548437 6
548434 6
548438 6
548465 6
548469 6
548466 6
548470 6
548417 6
548421 6
548418 6
548422 6
548449 6
548453 6
548450 6
548454 6
548369 6
548373 6
548370 6
548374 6
548401 6
548405 6
548402 6
548406 6
548353 6
548357 6
548354 6
548358 6
548385 6
548389 6
548386 6
548390 6
548305 6
548309 6
548306 6
548310 6
548337 6
548341 6
548338 6
548342 6
548289 6
548293 6
548290 6
548294 6
548321 6
548325 6
548322 6
548326 6
548241 6
548245 6
548242 6
548246 6
548273 6
548277 6
548274 6
548278 6
548225 6
548229 6
548226 6
548230 6
548257 6
548261 6
548258 6
548262 6
548177 6
548181 6
548178 6
548182 6
548209 6
548213 6
548210 6
548214 6
548161 6
548165 6
548162 6
548166 6
548193 6
548197 6
548194 6
548198 6
548113 6
548117 6
548114 6
548118 6
548145 6
548149 6
548146 6
548150 6
548097 6
548101 6
548098 6
548102 6
548129 6
548133 6
548130 6
548134 6
548049 6
548053 6
548050 6
548054 6
548081 6
548085 6
548082 6
548086 6
548033 6
548037 6
548034 6
548038 6
548065 6
548069 6
548066 6
548070 6
547985 6
547989 6
547986 6
547990 6
548017 6
548021 6
548018 6
548022 6
547969 6
547973 6
547970 6
547974 6
548001 6
548005 6
548002 6
548006 6
547921 6
547925 6
547922 6
547926 6
547953 6
547957 6
547954 6
547958 6
547905 6
547909 6
547906 6
547910 6
547937 6
547941 6
547938 6
547942 6
547857 6
547861 6
547858 6
547862 6
547889 6
547893 6
547890 6
547894 6
547841 6
547845 6
547842 6
547846 6
547873 6
547877 6
547874 6
547878 6
547793 6
547797 6
547794 6
547798 6
547825 6
547829 6
547826 6
547830 6
547777 6
547781 6
547778 6
547782 6
547809 6
547813 6
547810 6
547814 6
547729 6
547733 6
547730 6
547734 6
547761 6
547765 6
547762 6
547766 6
547713 6
547717 6
547714 6
547718 6
547745 6
547749 6
547746 6
547750 6
547665 6
547669 6
547666 6
547670 6
547697 6
547701 6
547698 6
547702 6
547649 6
547653 6
547650 6
547654 6
547681 6
547685 6
547682 6
547686 6
547601 6
547605 6
547602 6
547606 6
547633 6
547637 6
547634 6
547638 6
547585 6
547589 6
547586 6
547590 6
547617 6
547621 6
547618 6
547622 6
547537 6
547541 6
547538 6
547542 6
547569 6
547573 6
547570 6
547574 6
547521 6
547525 6
547522 6
547526 6
547553 6
547557 6
547554 6
547558 6
547473 6
547477 6
547474 6
547478 6
547505 6
547509 6
547506 6
547510 6
547457 6
547461 6
547458 6
547462 6
547489 6
547493 6
547490 6
547494 6
547409 6
547413 6
547410 6
547414 6
547441 6
547445 6
547442 6
547446 6
547393 6
547397 6
547394 6
547398 6
547425 6
547429 6
547426 6
547430 6
547345 6
547349 6
547346 6
547350 6
547377 6
547381 6
547378 6
547382 6
547329 6
547333 6
547330 6
547334 6
547361 6
547365 6
547362 6
547366 6
547281 6
547285 6
547282 6
547286 6
547313 6
547317 6
547314 6
547318 6
547265 6
547269 6
547266 6
547270 6
547297 6
547301 6
547298 6
547302 6
547217 6
547221 6
547218 6
547222 6
547249 6
547253 6
547250 6
547254 6
547201 6
547205 6
547202 6
547206 6
547233 6
547237 6
547234 6
547238 6
547153 6
547157 6
547154 6
547158 6
547185 6
547189 6
547186 6
547190 6
547137 6
547141 6
547138 6
547142 6
547169 6
547173 6
547170 6
547174 6
547089 6
547093 6
547090 6
547094 6
547121 6
547125 6
547122 6
547126 6
547073 6
547077 6
547074 6
547078 6
547105 6
547109 6
547106 6
547110 6
547025 6
547029 6
547026 6
547030 6
547057 6
547061 6
547058 6
547062 6
547009 6
547013 6
547010 6
547014 6
547041 6
547045 6
547042 6
547046 6
546961 6
546965 6
546962 6
546966 6
546993 6
546997 6
546994 6
546998 6
546945 6
546949 6
546946 6
546950 6
546977 6
546981 6
546978 6
546982 6
546897 6
546901 6
546898 6
546902 6
546929 6
546933 6
546930 6
546934 6
546881 6
546885 6
546882 6
546886 6
546913 6
546917 6
546914 6
546918 6
546833 6
546837 6
546834 6
546838 6
546865 6
546869 6
546866 6
546870 6
546817 6
546821 6
546818 6
546822 6
546849 6
546853 6
546850 6
546854 6
546769 6
546773 6
546770 6
546774 6
546801 6
546805 6
546802 6
546806 6
546753 6
546757 6
546754 6
546758 6
546785 6
546789 6
546786 6
546790 6
546705 6
546709 6
546706 6
546710 6
546737 6
546741 6
546738 6
546742 6
546689 6
546693 6
546690 6
546694 6
546721 6
546725 6
546722 6
546726 6
546641 6
546645 6
546642 6
546646 6
546673 6
546677 6
546674 6
546678 6
546625 6
546629 6
546626 6
546630 6
546657 6
546661 6
546658 6
546662 6
546577 6
546581 6
546578 6
546582 6
546609 6
546613 6
546610 6
546614 6
546561 6
546565 6
546562 6
546566 6
546593 6
546597 6
546594 6
546598 6
546513 6
546517 6
546514 6
546518 6
546545 6
546549 6
546546 6
546550 6
546497 6
546501 6
546498 6
546502 6
546529 6
546533 6
546530 6
546534 6
546449 6
546453 6
546450 6
546454 6
546481 6
546485 6
546482 6
546486 6
546433 6
546437 6
546434 6
546438 6
546465 6
546469 6
546466 6
546470 6
546385 6
546389 6
546386 6
546390 6
546417 6
546421 6
546418 6
546422 6
546369 6
546373 6
546370 6
546374 6
546401 6
546405 6
546402 6
546406 6
546321 6
546325 6
546322 6
546326 6
546353 6
546357 6
546354 6
546358 6
546305 6
546309 6
546306 6
546310 6
546337 6
546341 6
546338 6
546342 6
546257 6
546261 6
546258 6
546262 6
546289 6
546293 6
546290 6
546294 6
546241 6
546245 6
546242 6
546246 6
546273 6
546277 6
546274 6
546278 6
546193 6
546197 6
546194 6
546198 6
546225 6
546229 6
546226 6
546230 6
546177 6
546181 6
546178 6
546182 6
546209 6
546213 6
546210 6
546214 6
546129 6
546133 6
546130 6
546134 6
546161 6
546165 6
546162 6
546166 6
546113 6
546117 6
546114 6
546118 6
546145 6
546149 6
546146 6
546150 6
546065 6
546069 6
546066 6
546070 6
546097 6
546101 6
546098 6
546102 6
546049 6
546053 6
546050 6
546054 6
546081 6
546085 6
546082 6
546086 6
546001 6
546005 6
546002 6
546006 6
546033 6
546037 6
546034 6
546038 6
545985 6
545989 6
545986 6
545990 6
546017 6
546021 6
546018 6
546022 6
545937 6
545941 6
545938 6
545942 6
545969 6
545973 6
545970 6
545974 6
545921 6
545925 6
545922 6
545926 6
545953 6
545957 6
545954 6
545958 6
545873 6
545877 6
545874 6
545878 6
545905 6
545909 6
545906 6
545910 6
545857 6
545861 6
545858 6
545862 6
545889 6
545893 6
545890 6
545894 6
545809 6
545813 6
545810 6
545814 6
545841 6
545845 6
545842 6
545846 6
545793 6
545797 6
545794 6
545798 6
545825 6
545829 6
545826 6
545830 6
545745 6
545749 6
545746 6
545750 6
545777 6
545781 6
545778 6
545782 6
545729 6
545733 6
545730 6
545734 6
545761 6
545765 6
545762 6
545766 6
545681 6
545685 6
545682 6
545686 6
545713 6
545717 6
545714 6
545718 6
545665 6
545669 6
545666 6
545670 6
545697 6
545701 6
545698 6
545702 6
545617 6
545621 6
545618 6
545622 6
545649 6
545653 6
545650 6
545654 6
545601 6
545605 6
545602 6
545606 6
545633 6
545637 6
545634 6
545638 6
545553 6
545557 6
545554 6
545558 6
545585 6
545589 6
545586 6
545590 6
545537 6
545541 6
545538 6
545542 6
545569 6
545573 6
545570 6
545574 6
545489 6
545493 6
545490 6
545494 6
545521 6
545525 6
545522 6
545526 6
545473 6
545477 6
545474 6
545478 6
535393 6
535397 6
535394 6
535398 6
535361 6
535365 6
535362 6
535366 6
535409 6
535413 6
535410 6
535414 6
535377 6
535381 6
535378 6
535382 6
535457 6
535461 6
535458 6
535462 6
535425 6
535429 6
535426 6
535430 6
535473 6
535477 6
535474 6
535478 6
535441 6
535445 6
535442 6
535446 6
535521 6
535525 6
535522 6
535526 6
535489 6
535493 6
535490 6
535494 6
535537 6
535541 6
535538 6
535542 6
535505 6
535509 6
535506 6
535510 6
535585 6
535589 6
535586 6
535590 6
535553 6
535557 6
535554 6
535558 6
535601 6
535605 6
535602 6
535606 6
535569 6
535573 6
535570 6
535574 6
535649 6
535653 6
535650 6
535654 6
535617 6
535621 6
535618 6
535622 6
535665 6
535669 6
535666 6
535670 6
535633 6
535637 6
535634 6
535638 6
535713 6
535717 6
535714 6
535718 6
535681 6
535685 6
535682 6
535686 6
535729 6
535733 6
535730 6
535734 6
535697 6
535701 6
535698 6
535702 6
535777 6
535781 6
535778 6
535782 6
535745 6
535749 6
535746 6
535750 6
535793 6
535797 6
535794 6
535798 6
535761 6
535765 6
535762 6
535766 6
535841 6
535845 6
535842 6
535846 6
535809 6
535813 6
535810 6
535814 6
535857 6
535861 6
535858 6
535862 6
535825 6
535829 6
535826 6
535830 6
535905 6
535909 6
535906 6
535910 6
535873 6
535877 6
535874 6
535878 6
535921 6
535925 6
535922 6
535926 6
535889 6
535893 6
535890 6
535894 6
535969 6
535973 6
535970 6
535974 6
535937 6
535941 6
535938 6
535942 6
535985 6
535989 6
535986 6
535990 6
535953 6
535957 6
535954 6
535958 6
536033 6
536037 6
536034 6
536038 6
536001 6
536005 6
536002 6
536006 6
536049 6
536053 6
536050 6
536054 6
536017 6
536021 6
536018 6
536022 6
536097 6
536101 6
536098 6
536102 6
536065 6
536069 6
536066 6
536070 6
536113 6
536117 6
536114 6
536118 6
536081 6
536085 6
536082 6
536086 6
536161 6
536165 6
536162 6
536166 6
536129 6
536133 6
536130 6
536134 6
536177 6
536181 6
536178 6
536182 6
536145 6
536149 6
536146 6
536150 6
536225 6
536229 6
536226 6
536230 6
536193 6
536197 6
536194 6
536198 6
536241 6
536245 6
536242 6
536246 6
536209 6
536213 6
536210 6
536214 6
536289 6
536293 6
536290 6
536294 6
536257 6
536261 6
536258 6
536262 6
536305 6
536309 6
536306 6
536310 6
536273 6
536277 6
536274 6
536278 6
536353 6
536357 6
536354 6
536358 6
536321 6
536325 6
536322 6
536326 6
536369 6
536373 6
536370 6
536374 6
536337 6
536341 6
536338 6
536342 6
536417 6
536421 6
536418 6
536422 6
536385 6
536389 6
536386 6
536390 6
536433 6
536437 6
536434 6
536438 6
536401 6
536405 6
536402 6
536406 6
536481 6
536485 6
536482 6
536486 6
536449 6
536453 6
536450 6
536454 6
536497 6
536501 6
536498 6
536502 6
536465 6
536469 6
536466 6
536470 6
536545 6
536549 6
536546 6
536550 6
536513 6
536517 6
536514 6
536518 6
536561 6
536565 6
536562 6
536566 6
536529 6
536533 6
536530 6
536534 6
536609 6
536613 6
536610 6
536614 6
536577 6
536581 6
536578 6
536582 6
536625 6
536629 6
536626 6
536630 6
536593 6
536597 6
536594 6
536598 6
536673 6
536677 6
536674 6
536678 6
536641 6
536645 6
536642 6
536646 6
536689 6
536693 6
536690 6
536694 6
536657 6
536661 6
536658 6
536662 6
536737 6
536741 6
536738 6
536742 6
536705 6
536709 6
536706 6
536710 6
536753 6
536757 6
536754 6
536758 6
536721 6
536725 6
536722 6
536726 6
536801 6
536805 6
536802 6
536806 6
536769 6
536773 6
536770 6
536774 6
536817 6
536821 6
536818 6
536822 6
536785 6
536789 6
536786 6
536790 6
536865 6
536869 6
536866 6
536870 6
536833 6
536837 6
536834 6
536838 6
536881 6
536885 6
536882 6
536886 6
536849 6
536853 6
536850 6
536854 6
536929 6
536933 6
536930 6
536934 6
536897 6
536901 6
536898 6
536902 6
536945 6
536949 6
536946 6
536950 6
536913 6
536917 6
536914 6
536918 6
536993 6
536997 6
536994 6
536998 6
536961 6
536965 6
536962 6
536966 6
537009 6
537013 6
537010 6
537014 6
536977 6
536981 6
536978 6
536982 6
537057 6
537061 6
537058 6
537062 6
537025 6
537029 6
537026 6
537030 6
537073 6
537077 6
537074 6
537078 6
537041 6
537045 6
537042 6
537046 6
537121 6
537125 6
537122 6
537126 6
537089 6
537093 6
537090 6
537094 6
537137 6
537141 6
537138 6
537142 6
537105 6
537109 6
537106 6
537110 6
537185 6
537189 6
537186 6
537190 6
537153 6
537157 6
537154 6
537158 6
537201 6
537205 6
537202 6
537206 6
537169 6
537173 6
537170 6
537174 6
537249 6
537253 6
537250 6
537254 6
537217 6
537221 6
537218 6
537222 6
537265 6
537269 6
537266 6
537270 6
537233 6
537237 6
537234 6
537238 6
537313 6
537317 6
537314 6
537318 6
537281 6
537285 6
537282 6
537286 6
537329 6
537333 6
537330 6
537334 6
537297 6
537301 6
537298 6
537302 6
537377 6
537381 6
537378 6
537382 6
537345 6
537349 6
537346 6
537350 6
537393 6
537397 6
537394 6
537398 6
537361 6
537365 6
537362 6
537366 6
537441 6
537445 6
537442 6
537446 6
537409 6
537413 6
537410 6
537414 6
537457 6
537461 6
537458 6
537462 6
537425 6
537429 6
537426 6
537430 6
537505 6
537509 6
537506 6
537510 6
537473 6
537477 6
537474 6
537478 6
537521 6
537525 6
537522 6
537526 6
537489 6
537493 6
537490 6
537494 6
537569 6
537573 6
537570 6
537574 6
537537 6
537541 6
537538 6
537542 6
537585 6
537589 6
537586 6
537590 6
537553 6
537557 6
537554 6
537558 6
537633 6
537637 6
537634 6
537638 6
537601 6
537605 6
537602 6
537606 6
537649 6
537653 6
537650 6
537654 6
537617 6
537621 6
537618 6
537622 6
537697 6
537701 6
537698 6
537702 6
537665 6
537669 6
537666 6
537670 6
537713 6
537717 6
537714 6
537718 6
537681 6
537685 6
537682 6
537686 6
537761 6
537765 6
537762 6
537766 6
537729 6
537733 6
537730 6
537734 6
537777 6
537781 6
537778 6
537782 6
537745 6
537749 6
537746 6
537750 6
537825 6
537829 6
537826 6
537830 6
537793 6
537797 6
537794 6
537798 6
537841 6
537845 6
537842 6
537846 6
537809 6
537813 6
537810 6
537814 6
537889 6
537893 6
537890 6
537894 6
537857 6
537861 6
537858 6
537862 6
537905 6
537909 6
537906 6
537910 6
537873 6
537877 6
537874 6
537878 6
537953 6
537957 6
537954 6
537958 6
537921 6
537925 6
537922 6
537926 6
537969 6
537973 6
537970 6
537974 6
537937 6
537941 6
537938 6
537942 6
538017 6
538021 6
538018 6
538022 6
537985 6
537989 6
537986 6
537990 6
538033 6
538037 6
538034 6
538038 6
538001 6
538005 6
538002 6
538006 6
538081 6
538085 6
538082 6
538086 6
538049 6
538053 6
538050 6
538054 6
538097 6
538101 6
538098 6
538102 6
538065 6
538069 6
538066 6
538070 6
538145 6
538149 6
538146 6
538150 6
538113 6
538117 6
538114 6
538118 6
538161 6
538165 6
538162 6
538166 6
538129 6
538133 6
538130 6
538134 6
538209 6
538213 6
538210 6
538214 6
538177 6
538181 6
538178 6
538182 6
538225 6
538229 6
538226 6
538230 6
538193 6
538197 6
538194 6
538198 6
538273 6
538277 6
538274 6
538278 6
538241 6
538245 6
538242 6
538246 6
538289 6
538293 6
538290 6
538294 6
538257 6
538261 6
538258 6
538262 6
538337 6
538341 6
538338 6
538342 6
538305 6
538309 6
538306 6
538310 6
538353 6
538357 6
538354 6
538358 6
538321 6
538325 6
538322 6
538326 6
538401 6
538405 6
538402 6
538406 6
538369 6
538373 6
538370 6
538374 6
538417 6
538421 6
538418 6
538422 6
538385 6
538389 6
538386 6
538390 6
538465 6
538469 6
538466 6
538470 6
538433 6
538437 6
538434 6
538438 6
538481 6
538485 6
538482 6
538486 6
538449 6
538453 6
538450 6
538454 6
538529 6
538533 6
538530 6
538534 6
538497 6
538501 6
538498 6
538502 6
538545 6
538549 6
538546 6
538550 6
538513 6
538517 6
538514 6
538518 6
538593 6
538597 6
538594 6
538598 6
538561 6
538565 6
538562 6
538566 6
538609 6
538613 6
538610 6
538614 6
538577 6
538581 6
538578 6
538582 6
538657 6
538661 6
538658 6
538662 6
538625 6
538629 6
538626 6
538630 6
538673 6
538677 6
538674 6
538678 6
538641 6
538645 6
538642 6
538646 6
538721 6
538725 6
538722 6
538726 6
538689 6
538693 6
538690 6
538694 6
538737 6
538741 6
538738 6
538742 6
538705 6
538709 6
538706 6
538710 6
538785 6
538789 6
538786 6
538790 6
538753 6
538757 6
538754 6
538758 6
538801 6
538805 6
538802 6
538806 6
538769 6
538773 6
538770 6
538774 6
538849 6
538853 6
538850 6
538854 6
538817 6
538821 6
538818 6
538822 6
538865 6
538869 6
538866 6
538870 6
538833 6
538837 6
538834 6
538838 6
538913 6
538917 6
538914 6
538918 6
538881 6
538885 6
538882 6
538886 6
538929 6
538933 6
538930 6
538934 6
538897 6
538901 6
538898 6
538902 6
538977 6
538981 6
538978 6
538982 6
538945 6
538949 6
538946 6
538950 6
538993 6
538997 6
538994 6
538998 6
538961 6
538965 6
538962 6
538966 6
539041 6
539045 6
539042 6
539046 6
539009 6
539013 6
539010 6
539014 6
539057 6
539061 6
539058 6
539062 6
539025 6
539029 6
539026 6
539030 6
539105 6
539109 6
539106 6
539110 6
539073 6
539077 6
539074 6
539078 6
539121 6
539125 6
539122 6
539126 6
539089 6
539093 6
539090 6
539094 6
539169 6
539173 6
539170 6
539174 6
539137 6
539141 6
539138 6
539142 6
539185 6
539189 6
539186 6
539190 6
539153 6
539157 6
539154 6
539158 6
539233 6
539237 6
539234 6
539238 6
539201 6
539205 6
539202 6
539206 6
539249 6
539253 6
539250 6
539254 6
539217 6
539221 6
539218 6
539222 6
539297 6
539301 6
539298 6
539302 6
539265 6
539269 6
539266 6
539270 6
539313 6
539317 6
539314 6
539318 6
539281 6
539285 6
539282 6
539286 6
539361 6
539365 6
539362 6
539366 6
539329 6
539333 6
539330 6
539334 6
539377 6
539381 6
539378 6
539382 6
539345 6
539349 6
539346 6
539350 6
539425 6
539429 6
539426 6
539430 6
539393 6
539397 6
539394 6
539398 6
539441 6
539445 6
539442 6
539446 6
539409 6
539413 6
539410 6
539414 6
539489 6
539493 6
539490 6
539494 6
539457 6
539461 6
539458 6
539462 6
539505 6
539509 6
539506 6
539510 6
539473 6
539477 6
539474 6
539478 6
539553 6
539557 6
539554 6
539558 6
539521 6
539525 6
539522 6
539526 6
539569 6
539573 6
539570 6
539574 6
539537 6
539541 6
539538 6
539542 6
539617 6
539621 6
539618 6
539622 6
539585 6
539589 6
539586 6
539590 6
539633 6
539637 6
539634 6
539638 6
539601 6
539605 6
539602 6
539606 6
539681 6
539685 6
539682 6
539686 6
539649 6
539653 6
539650 6
539654 6
539697 6
539701 6
539698 6
539702 6
539665 6
539669 6
539666 6
539670 6
539745 6
539749 6
539746 6
539750 6
539713 6
539717 6
539714 6
539718 6
539761 6
539765 6
539762 6
539766 6
539729 6
539733 6
539730 6
539734 6
539809 6
539813 6
539810 6
539814 6
539777 6
539781 6
539778 6
539782 6
539825 6
539829 6
539826 6
539830 6
539793 6
539797 6
539794 6
539798 6
539873 6
539877 6
539874 6
539878 6
539841 6
539845 6
539842 6
539846 6
539889 6
539893 6
539890 6
539894 6
539857 6
539861 6
539858 6
539862 6
539937 6
539941 6
539938 6
539942 6
539905 6
539909 6
539906 6
539910 6
539953 6
539957 6
539954 6
539958 6
539921 6
539925 6
539922 6
539926 6
540001 6
540005 6
540002 6
540006 6
539969 6
539973 6
539970 6
539974 6
540017 6
540021 6
540018 6
540022 6
539985 6
539989 6
539986 6
539990 6
540065 6
540069 6
540066 6
540070 6
540033 6
540037 6
540034 6
540038 6
540081 6
540085 6
540082 6
540086 6
540049 6
540053 6
540050 6
540054 6
540129 6
540133 6
540130 6
540134 6
540097 6
540101 6
540098 6
540102 6
540145 6
540149 6
540146 6
540150 6
540113 6
540117 6
540114 6
540118 6
540193 6
540197 6
540194 6
540198 6
540161 6
540165 6
540162 6
540166 6
540209 6
540213 6
540210 6
540214 6
540177 6
540181 6
540178 6
540182 6
540257 6
540261 6
540258 6
540262 6
540225 6
540229 6
540226 6
540230 6
540273 6
540277 6
540274 6
540278 6
540241 6
540245 6
540242 6
540246 6
540321 6
540325 6
540322 6
540326 6
540289 6
540293 6
540290 6
540294 6
540337 6
540341 6
540338 6
540342 6
540305 6
540309 6
540306 6
540310 6
540385 6
540389 6
540386 6
540390 6
540353 6
540357 6
540354 6
540358 6
540401 6
540405 6
540402 6
540406 6
540369 6
540373 6
540370 6
540374 6
540449 6
540453 6
540450 6
540454 6
540417 6
540421 6
540418 6
540422 6
540465 6
540469 6
540466 6
540470 6
540433 6
540437 6
540434 6
540438 6
540513 6
540517 6
540514 6
540518 6
540481 6
540485 6
540482 6
540486 6
540529 6
540533 6
540530 6
540534 6
540497 6
540501 6
540498 6
540502 6
540577 6
540581 6
540578 6
540582 6
540545 6
540549 6
540546 6
540550 6
540593 6
540597 6
540594 6
540598 6
540561 6
540565 6
540562 6
540566 6
540641 6
540645 6
540642 6
540646 6
540609 6
540613 6
540610 6
540614 6
540657 6
540661 6
540658 6
540662 6
540625 6
540629 6
540626 6
540630 6
540705 6
540709 6
540706 6
540710 6
540673 6
540677 6
540674 6
540678 6
540721 6
540725 6
540722 6
540726 6
540689 6
540693 6
540690 6
540694 6
540769 6
540773 6
540770 6
540774 6
540737 6
540741 6
540738 6
540742 6
540785 6
540789 6
540786 6
540790 6
540753 6
540757 6
540754 6
540758 6
540833 6
540837 6
540834 6
540838 6
540801 6
540805 6
540802 6
540806 6
540849 6
540853 6
540850 6
540854 6
540817 6
540821 6
540818 6
540822 6
540897 6
540901 6
540898 6
540902 6
540865 6
540869 6
540866 6
540870 6
540913 6
540917 6
540914 6
540918 6
540881 6
540885 6
540882 6
540886 6
540961 6
540965 6
540962 6
540966 6
540929 6
540933 6
540930 6
540934 6
540977 6
540981 6
540978 6
540982 6
540945 6
540949 6
540946 6
540950 6
541025 6
541029 6
541026 6
541030 6
540993 6
540997 6
540994 6
540998 6
541041 6
541045 6
541042 6
541046 6
541009 6
541013 6
541010 6
541014 6
541089 6
541093 6
541090 6
541094 6
541057 6
541061 6
541058 6
541062 6
541105 6
541109 6
541106 6
541110 6
541073 6
541077 6
541074 6
541078 6
541153 6
541157 6
541154 6
541158 6
541121 6
541125 6
541122 6
541126 6
541169 6
541173 6
541170 6
541174 6
541137 6
541141 6
541138 6
541142 6
541217 6
541221 6
541218 6
541222 6
541185 6
541189 6
541186 6
541190 6
541233 6
541237 6
541234 6
541238 6
541201 6
541205 6
541202 6
541206 6
541281 6
541285 6
541282 6
541286 6
541249 6
541253 6
541250 6
541254 6
541297 6
541301 6
541298 6
541302 6
541265 6
541269 6
541266 6
541270 6
541345 6
541349 6
541346 6
541350 6
541313 6
541317 6
541314 6
541318 6
541361 6
541365 6
541362 6
541366 6
541329 6
541333 6
541330 6
541334 6
541409 6
541413 6
541410 6
541414 6
541377 6
541381 6
541378 6
541382 6
541425 6
541429 6
541426 6
541430 6
541393 6
541397 6
541394 6
541398 6
541473 6
541477 6
541474 6
541478 6
541441 6
541445 6
541442 6
541446 6
541489 6
541493 6
541490 6
541494 6
541457 6
541461 6
541458 6
541462 6
541537 6
541541 6
541538 6
541542 6
541505 6
541509 6
541506 6
541510 6
541553 6
541557 6
541554 6
541558 6
541521 6
541525 6
541522 6
541526 6
541601 6
541605 6
541602 6
541606 6
541569 6
541573 6
541570 6
541574 6
541617 6
541621 6
541618 6
541622 6
541585 6
541589 6
541586 6
541590 6
541665 6
541669 6
541666 6
541670 6
541633 6
541637 6
541634 6
541638 6
541681 6
541685 6
541682 6
541686 6
541649 6
541653 6
541650 6
541654 6
541729 6
541733 6
541730 6
541734 6
541697 6
541701 6
541698 6
541702 6
541745 6
541749 6
541746 6
541750 6
541713 6
541717 6
541714 6
541718 6
541793 6
541797 6
541794 6
541798 6
541761 6
541765 6
541762 6
541766 6
541809 6
541813 6
541810 6
541814 6
541777 6
541781 6
541778 6
541782 6
541857 6
541861 6
541858 6
541862 6
541825 6
541829 6
541826 6
541830 6
541873 6
541877 6
541874 6
541878 6
541841 6
541845 6
541842 6
541846 6
541921 6
541925 6
541922 6
541926 6
541889 6
541893 6
541890 6
541894 6
541937 6
541941 6
541938 6
541942 6
541905 6
541909 6
541906 6
541910 6
541985 6
541989 6
541986 6
541990 6
541953 6
541957 6
541954 6
541958 6
542001 6
542005 6
542002 6
542006 6
541969 6
541973 6
541970 6
541974 6
542049 6
542053 6
542050 6
542054 6
542017 6
542021 6
542018 6
542022 6
542065 6
542069 6
542066 6
542070 6
542033 6
542037 6
542034 6
542038 6
542113 6
542117 6
542114 6
542118 6
542081 6
542085 6
542082 6
542086 6
343409 6
343413 6
343410 6
343414 6
343377 6
343381 6
343378 6
343382 6
343457 6
343461 6
343458 6
343462 6
343425 6
343429 6
343426 6
343430 6
343473 6
343477 6
343474 6
343478 6
343441 6
343445 6
343442 6
343446 6
343521 6
343525 6
343522 6
343526 6
343489 6
343493 6
343490 6
343494 6
343537 6
343541 6
343538 6
343542 6
343505 6
343509 6
343506 6
343510 6
343585 6
343589 6
343586 6
343590 6
343553 6
343557 6
343554 6
343558 6
343601 6
343605 6
343602 6
343606 6
343569 6
343573 6
343570 6
343574 6
343649 6
343653 6
343650 6
343654 6
343617 6
343621 6
343618 6
343622 6
343665 6
343669 6
343666 6
343670 6
343633 6
343637 6
343634 6
343638 6
343713 6
343717 6
343714 6
343718 6
343681 6
343685 6
343682 6
343686 6
343729 6
343733 6
343730 6
343734 6
343697 6
343701 6
343698 6
343702 6
343777 6
343781 6
343778 6
343782 6
343745 6
343749 6
343746 6
343750 6
343793 6
343797 6
343794 6
343798 6
343761 6
343765 6
343762 6
343766 6
343841 6
343845 6
343842 6
343846 6
343809 6
343813 6
343810 6
343814 6
343857 6
343861 6
343858 6
343862 6
343825 6
343829 6
343826 6
343830 6
343905 6
343909 6
343906 6
343910 6
343873 6
343877 6
343874 6
343878 6
343921 6
343925 6
343922 6
343926 6
343889 6
343893 6
343890 6
343894 6
343969 6
343973 6
343970 6
343974 6
343937 6
343941 6
343938 6
343942 6
343985 6
343989 6
343986 6
343990 6
343953 6
343957 6
343954 6
343958 6
344033 6
344037 6
344034 6
344038 6
344001 6
344005 6
344002 6
344006 6
344049 6
344053 6
344050 6
344054 6
344017 6
344021 6
344018 6
344022 6
344097 6
344101 6
344098 6
344102 6
344065 6
344069 6
344066 6
344070 6
344113 6
344117 6
344114 6
344118 6
344081 6
344085 6
344082 6
344086 6
344161 6
344165 6
344162 6
344166 6
344129 6
344133 6
344130 6
344134 6
344177 6
344181 6
344178 6
344182 6
344145 6
344149 6
344146 6
344150 6
344225 6
344229 6
344226 6
344230 6
344193 6
344197 6
344194 6
344198 6
344241 6
344245 6
344242 6
346790 6
346786 6
346789 6
346785 6
346710 6
346706 6
346709 6
346705 6
346742 6
346738 6
346741 6
346737 6
346694 6
346690 6
346693 6
346689 6
346726 6
346722 6
346725 6
346721 6
346646 6
346642 6
346645 6
346641 6
346678 6
346674 6
346677 6
346673 6
346630 6
346626 6
346629 6
346625 6
346662 6
346658 6
346661 6
346657 6
346582 6
346578 6
346581 6
346577 6
346614 6
346610 6
346613 6
346609 6
346566 6
346562 6
346565 6
346561 6
346598 6
346594 6
346597 6
346593 6
346518 6
346514 6
346517 6
346513 6
346550 6
346546 6
346549 6
346545 6
346502 6
346498 6
346501 6
346497 6
346534 6
346530 6
346533 6
346529 6
346454 6
346450 6
346453 6
346449 6
346486 6
346482 6
346485 6
346481 6
346438 6
346434 6
346437 6
346433 6
346470 6
346466 6
346469 6
346465 6
346390 6
346386 6
346389 6
346385 6
346422 6
346418 6
346421 6
346417 6
346374 6
346370 6
346373 6
346369 6
346406 6
346402 6
346405 6
346401 6
346326 6
346322 6
346325 6
346321 6
346358 6
346354 6
346357 6
346353 6
346310 6
346306 6
346309 6
346305 6
346342 6
346338 6
346341 6
346337 6
346262 6
346258 6
346261 6
346257 6
346294 6
346290 6
346293 6
346289 6
346246 6
346242 6
346245 6
346241 6
346278 6
346274 6
346277 6
346273 6
346198 6
346194 6
346197 6
346193 6
346230 6
346226 6
346229 6
346225 6
346182 6
346178 6
346181 6
346177 6
346214 6
346210 6
346213 6
346209 6
346134 6
346130 6
346133 6
346129 6
346166 6
346162 6
346165 6
346161 6
346118 6
346114 6
346117 6
346113 6
346150 6
346146 6
346149 6
346145 6
346070 6
346066 6
346069 6
346065 6
346102 6
346098 6
346101 6
346097 6
346054 6
346050 6
346053 6
346049 6
346086 6
346082 6
346085 6
346081 6
346006 6
346002 6
346005 6
346001 6
346038 6
346034 6
346037 6
346033 6
345990 6
345986 6
345989 6
345985 6
346022 6
346018 6
346021 6
346017 6
345942 6
345938 6
345941 6
345937 6
345974 6
345970 6
345973 6
345969 6
345926 6
345922 6
345925 6
345921 6
345958 6
345954 6
345957 6
345953 6
345878 6
345874 6
345877 6
345873 6
345910 6
345906 6
345909 6
345905 6
345862 6
345858 6
345861 6
345857 6
345894 6
345890 6
345893 6
345889 6
345814 6
345810 6
345813 6
345809 6
345846 6
345842 6
345845 6
345841 6
345798 6
345794 6
345797 6
345793 6
345830 6
345826 6
345829 6
345825 6
345750 6
345746 6
345749 6
345745 6
345782 6
345778 6
345781 6
345777 6
345734 6
345730 6
345733 6
345729 6
345766 6
345762 6
345765 6
345761 6
345686 6
345682 6
345685 6
345681 6
345718 6
345714 6
345717 6
345713 6
345670 6
345666 6
345669 6
345665 6
345702 6
345698 6
345701 6
345697 6
345622 6
345618 6
345621 6
345617 6
345654 6
345650 6
345653 6
345649 6
345606 6
345602 6
345605 6
345601 6
345638 6
345634 6
345637 6
345633 6
345558 6
345554 6
345557 6
345553 6
345590 6
345586 6
345589 6
345585 6
345542 6
345538 6
345541 6
345537 6
345574 6
345570 6
345573 6
345569 6
345494 6
345490 6
345493 6
345489 6
345526 6
345522 6
345525 6
345521 6
345478 6
345474 6
345477 6
345473 6
345510 6
345506 6
345509 6
345505 6
345430 6
345426 6
345429 6
345425 6
345462 6
345458 6
345461 6
345457 6
345414 6
345410 6
345413 6
345409 6
345446 6
345442 6
345445 6
345441 6
345366 6
345362 6
345365 6
345361 6
345398 6
345394 6
345397 6
345393 6
345350 6
345346 6
345349 6
345345 6
345382 6
345378 6
345381 6
345377 6
345302 6
345298 6
345301 6
345297 6
345334 6
345330 6
345333 6
345329 6
345286 6
345282 6
345285 6
345281 6
345318 6
345314 6
345317 6
345313 6
345238 6
345234 6
345237 6
345233 6
345270 6
345266 6
345269 6
345265 6
345222 6
345218 6
345221 6
345217 6
345254 6
345250 6
345253 6
345249 6
345174 6
345170 6
345173 6
345169 6
345206 6
345202 6
345205 6
345201 6
345158 6
345154 6
345157 6
345153 6
345190 6
345186 6
345189 6
345185 6
345110 6
345106 6
345109 6
345105 6
345142 6
345138 6
345141 6
345137 6
345094 6
345090 6
345093 6
345089 6
345126 6
345122 6
345125 6
345121 6
345046 6
345042 6
345045 6
345041 6
345078 6
345074 6
345077 6
345073 6
345030 6
345026 6
345029 6
345025 6
345062 6
345058 6
345061 6
345057 6
344982 6
344978 6
344981 6
344977 6
345014 6
345010 6
345013 6
345009 6
344966 6
344962 6
344965 6
344961 6
344998 6
344994 6
344997 6
344993 6
344918 6
344914 6
344917 6
344913 6
344950 6
344946 6
344949 6
344945 6
344902 6
344898 6
344901 6
344897 6
344934 6
344930 6
344933 6
344929 6
344854 6
344850 6
344853 6
344849 6
344886 6
344882 6
344885 6
344881 6
344838 6
344834 6
344837 6
344833 6
344870 6
344866 6
344869 6
344865 6
344790 6
344786 6
344789 6
344785 6
344822 6
344818 6
344821 6
344817 6
344774 6
344770 6
344773 6
344769 6
344806 6
344802 6
344805 6
344801 6
344726 6
344722 6
344725 6
344721 6
344758 6
344754 6
344757 6
344753 6
344710 6
344706 6
344709 6
344705 6
344742 6
344738 6
344741 6
344737 6
344662 6
344658 6
344661 6
344657 6
344694 6
344690 6
344693 6
344689 6
344646 6
344642 6
344645 6
344641 6
344678 6
344674 6
344677 6
344673 6
344598 6
344594 6
344597 6
344593 6
344630 6
344626 6
344629 6
344625 6
344582 6
344578 6
344581 6
344577 6
344614 6
344610 6
344613 6
344609 6
344534 6
344530 6
344533 6
344529 6
344566 6
344562 6
344565 6
344561 6
344518 6
344514 6
344517 6
344513 6
344550 6
344546 6
344549 6
344545 6
344470 6
344466 6
344469 6
344465 6
344502 6
344498 6
344501 6
344497 6
344454 6
344450 6
344453 6
344449 6
344486 6
344482 6
344485 6
344481 6
344406 6
344402 6
344405 6
344401 6
344438 6
344434 6
344437 6
344433 6
344390 6
344386 6
344389 6
344385 6
344422 6
344418 6
344421 6
344417 6
344342 6
344338 6
344341 6
344337 6
344374 6
344370 6
344373 6
344369 6
344326 6
344322 6
344325 6
344321 6
344358 6
344354 6
344357 6
344353 6
344278 6
344274 6
344277 6
344273 6
344310 6
344306 6
344309 6
344305 6
344262 6
344258 6
344261 6
344257 6
344294 6
344290 6
344293 6
344289 6
344214 6
344210 6
344213 6
344209 6
344246 6
350097 6
350101 6
350098 6
350102 6
350129 6
350133 6
350130 6
350134 6
350081 6
350085 6
350082 6
350086 6
350113 6
350117 6
350114 6
350118 6
350033 6
350037 6
350034 6
350038 6
350065 6
350069 6
350066 6
350070 6
350017 6
350021 6
350018 6
350022 6
350049 6
350053 6
350050 6
350054 6
349969 6
349973 6
349970 6
349974 6
350001 6
350005 6
350002 6
350006 6
349953 6
349957 6
349954 6
349958 6
349985 6
349989 6
349986 6
349990 6
349905 6
349909 6
349906 6
349910 6
349937 6
349941 6
349938 6
349942 6
349889 6
349893 6
349890 6
349894 6
349921 6
349925 6
349922 6
349926 6
349841 6
349845 6
349842 6
349846 6
349873 6
349877 6
349874 6
349878 6
349825 6
349829 6
349826 6
349830 6
349857 6
349861 6
349858 6
349862 6
349777 6
349781 6
349778 6
349782 6
349809 6
349813 6
349810 6
349814 6
349761 6
349765 6
349762 6
349766 6
349793 6
349797 6
349794 6
349798 6
349713 6
349717 6
349714 6
349718 6
349745 6
349749 6
349746 6
349750 6
349697 6
349701 6
349698 6
349702 6
349729 6
349733 6
349730 6
349734 6
349649 6
349653 6
349650 6
349654 6
349681 6
349685 6
349682 6
349686 6
349633 6
349637 6
349634 6
349638 6
349665 6
349669 6
349666 6
349670 6
349585 6
349589 6
349586 6
349590 6
349617 6
349621 6
349618 6
349622 6
349569 6
349573 6
349570 6
349574 6
349601 6
349605 6
349602 6
349606 6
349521 6
349525 6
349522 6
349526 6
349553 6
349557 6
349554 6
349558 6
349505 6
349509 6
349506 6
349510 6
349537 6
349541 6
349538 6
349542 6
349457 6
349461 6
349458 6
349462 6
349489 6
349493 6
349490 6
349494 6
349441 6
349445 6
349442 6
349446 6
349473 6
349477 6
349474 6
349478 6
349393 6
349397 6
349394 6
349398 6
349425 6
349429 6
349426 6
349430 6
349377 6
349381 6
349378 6
349382 6
349409 6
349413 6
349410 6
349414 6
349329 6
349333 6
349330 6
349334 6
349361 6
349365 6
349362 6
349366 6
349313 6
349317 6
349314 6
349318 6
349345 6
349349 6
349346 6
349350 6
349265 6
349269 6
349266 6
349270 6
349297 6
349301 6
349298 6
349302 6
349249 6
349253 6
349250 6
349254 6
349281 6
349285 6
349282 6
349286 6
349201 6
349205 6
349202 6
349206 6
349233 6
349237 6
349234 6
349238 6
349185 6
349189 6
349186 6
349190 6
349217 6
349221 6
349218 6
349222 6
349137 6
349141 6
349138 6
349142 6
349169 6
349173 6
349170 6
349174 6
349121 6
349125 6
349122 6
349126 6
349153 6
349157 6
349154 6
349158 6
349073 6
349077 6
349074 6
349078 6
349105 6
349109 6
349106 6
349110 6
349057 6
349061 6
349058 6
349062 6
349089 6
349093 6
349090 6
349094 6
349009 6
349013 6
349010 6
349014 6
349041 6
349045 6
349042 6
349046 6
348993 6
348997 6
348994 6
348998 6
349025 6
349029 6
349026 6
349030 6
348945 6
348949 6
348946 6
348950 6
348977 6
348981 6
348978 6
348982 6
348929 6
348933 6
348930 6
348934 6
348961 6
348965 6
348962 6
348966 6
348881 6
348885 6
348882 6
348886 6
348913 6
348917 6
348914 6
348918 6
348865 6
348869 6
348866 6
348870 6
348897 6
348901 6
348898 6
348902 6
348817 6
348821 6
348818 6
348822 6
348849 6
348853 6
348850 6
348854 6
348801 6
348805 6
348802 6
348806 6
348833 6
348837 6
348834 6
348838 6
348753 6
348757 6
348754 6
348758 6
348785 6
348789 6
348786 6
348790 6
348737 6
348741 6
348738 6
348742 6
348769 6
348773 6
348770 6
348774 6
348689 6
348693 6
348690 6
348694 6
348721 6
348725 6
348722 6
348726 6
348673 6
348677 6
348674 6
348678 6
348705 6
348709 6
348706 6
348710 6
348625 6
348629 6
348626 6
348630 6
348657 6
348661 6
348658 6
348662 6
348609 6
348613 6
348610 6
348614 6
348641 6
348645 6
348642 6
348646 6
348561 6
348565 6
348562 6
348566 6
348593 6
348597 6
348594 6
348598 6
348545 6
348549 6
348546 6
348550 6
348577 6
348581 6
348578 6
348582 6
348497 6
348501 6
348498 6
348502 6
348529 6
348533 6
348530 6
348534 6
348481 6
348485 6
348482 6
348486 6
348513 6
348517 6
348514 6
348518 6
348433 6
348437 6
348434 6
348438 6
348465 6
348469 6
348466 6
348470 6
348417 6
348421 6
348418 6
348422 6
348449 6
348453 6
348450 6
348454 6
348369 6
348373 6
348370 6
348374 6
348401 6
348405 6
348402 6
348406 6
348353 6
348357 6
348354 6
348358 6
348385 6
348389 6
348386 6
348390 6
348305 6
348309 6
348306 6
348310 6
348337 6
348341 6
348338 6
348342 6
348289 6
348293 6
348290 6
348294 6
348321 6
348325 6
348322 6
348326 6
348241 6
348245 6
348242 6
348246 6
348273 6
348277 6
348274 6
348278 6
348225 6
348229 6
348226 6
348230 6
348257 6
348261 6
348258 6
348262 6
348177 6
348181 6
348178 6
348182 6
348209 6
348213 6
348210 6
348214 6
348161 6
348165 6
348162 6
348166 6
348193 6
348197 6
348194 6
348198 6
348113 6
348117 6
348114 6
348118 6
348145 6
348149 6
348146 6
348150 6
348097 6
348101 6
348098 6
348102 6
348129 6
348133 6
348130 6
348134 6
348049 6
348053 6
348050 6
348054 6
348081 6
348085 6
348082 6
348086 6
348033 6
348037 6
348034 6
348038 6
348065 6
348069 6
348066 6
348070 6
347985 6
347989 6
347986 6
347990 6
348017 6
348021 6
348018 6
348022 6
347969 6
347973 6
347970 6
347974 6
348001 6
348005 6
348002 6
348006 6
347921 6
347925 6
347922 6
347926 6
347953 6
347957 6
347954 6
347958 6
347905 6
347909 6
347906 6
347910 6
347937 6
347941 6
347938 6
347942 6
347857 6
347861 6
347858 6
347862 6
347889 6
347893 6
347890 6
347894 6
347841 6
347845 6
347842 6
347846 6
347873 6
347877 6
347874 6
347878 6
347793 6
347797 6
347794 6
347798 6
347825 6
347829 6
347826 6
347830 6
347777 6
347781 6
347778 6
347782 6
347809 6
347813 6
347810 6
347814 6
347729 6
347733 6
347730 6
347734 6
347761 6
347765 6
347762 6
347766 6
347713 6
347717 6
347714 6
347718 6
347745 6
347749 6
347746 6
347750 6
347665 6
347669 6
347666 6
347670 6
347697 6
347701 6
347698 6
347702 6
347649 6
347653 6
347650 6
347654 6
347681 6
347685 6
347682 6
347686 6
347601 6
347605 6
347602 6
347606 6
347633 6
347637 6
347634 6
347638 6
347585 6
347589 6
347586 6
347590 6
347617 6
347621 6
347618 6
347622 6
347537 6
347541 6
347538 6
347542 6
347569 6
347573 6
347570 6
347574 6
347521 6
347525 6
347522 6
347526 6
347553 6
347557 6
347554 6
347558 6
347473 6
347477 6
347474 6
347478 6
347505 6
347509 6
347506 6
347510 6
347457 6
347461 6
347458 6
347462 6
347489 6
347493 6
347490 6
347494 6
347409 6
347413 6
347410 6
347414 6
347441 6
347445 6
347442 6
347446 6
347393 6
347397 6
347394 6
347398 6
347425 6
347429 6
347426 6
347430 6
347345 6
347349 6
347346 6
347350 6
347377 6
347381 6
347378 6
347382 6
347329 6
347333 6
347330 6
347334 6
347361 6
347365 6
347362 6
347366 6
347281 6
347285 6
347282 6
347286 6
347313 6
347317 6
347314 6
347318 6
347265 6
347269 6
347266 6
347270 6
347297 6
347301 6
347298 6
347302 6
347217 6
347221 6
347218 6
347222 6
347249 6
347253 6
347250 6
347254 6
347201 6
347205 6
347202 6
347206 6
347233 6
347237 6
347234 6
347238 6
347153 6
347157 6
347154 6
347158 6
347185 6
347189 6
347186 6
347190 6
347137 6
347141 6
347138 6
347142 6
347169 6
347173 6
347170 6
347174 6
347089 6
347093 6
347090 6
347094 6
347121 6
347125 6
347122 6
347126 6
347073 6
347077 6
347074 6
347078 6
347105 6
347109 6
347106 6
347110 6
347025 6
347029 6
347026 6
347030 6
347057 6
347061 6
347058 6
347062 6
347009 6
347013 6
347010 6
347014 6
347041 6
347045 6
347042 6
347046 6
346961 6
346965 6
346962 6
346966 6
346993 6
346997 6
346994 6
346998 6
346945 6
346949 6
346946 6
346950 6
346977 6
346981 6
346978 6
346982 6
346897 6
346901 6
346898 6
346902 6
346929 6
346933 6
346930 6
346934 6
346881 6
346885 6
346882 6
346886 6
346913 6
346917 6
346914 6
346918 6
346833 6
346837 6
346834 6
346838 6
346865 6
346869 6
346866 6
346870 6
346817 6
346821 6
346818 6
346822 6
346849 6
346853 6
346850 6
346854 6
346769 6
346773 6
346770 6
346774 6
346801 6
346805 6
346802 6
346806 6
346753 6
346757 6
346754 6
346758 6
336673 6
336677 6
336674 6
336678 6
336641 6
336645 6
336642 6
336646 6
336689 6
336693 6
336690 6
336694 6
336657 6
336661 6
336658 6
336662 6
336737 6
336741 6
336738 6
336742 6
336705 6
336709 6
336706 6
336710 6
336753 6
336757 6
336754 6
336758 6
336721 6
336725 6
336722 6
336726 6
336801 6
336805 6
336802 6
336806 6
336769 6
336773 6
336770 6
336774 6
336817 6
336821 6
336818 6
336822 6
336785 6
336789 6
336786 6
336790 6
336865 6
336869 6
336866 6
336870 6
336833 6
336837 6
336834 6
336838 6
336881 6
336885 6
336882 6
336886 6
336849 6
336853 6
336850 6
336854 6
336929 6
336933 6
336930 6
336934 6
336897 6
336901 6
336898 6
336902 6
336945 6
336949 6
336946 6
336950 6
336913 6
336917 6
336914 6
336918 6
336993 6
336997 6
336994 6
336998 6
336961 6
336965 6
336962 6
336966 6
337009 6
337013 6
337010 6
337014 6
336977 6
336981 6
336978 6
336982 6
337057 6
337061 6
337058 6
337062 6
337025 6
337029 6
337026 6
337030 6
337073 6
337077 6
337074 6
337078 6
337041 6
337045 6
337042 6
337046 6
337121 6
337125 6
337122 6
337126 6
337089 6
337093 6
337090 6
337094 6
337137 6
337141 6
337138 6
337142 6
337105 6
337109 6
337106 6
337110 6
337185 6
337189 6
337186 6
337190 6
337153 6
337157 6
337154 6
337158 6
337201 6
337205 6
337202 6
337206 6
337169 6
337173 6
337170 6
337174 6
337249 6
337253 6
337250 6
337254 6
337217 6
337221 6
337218 6
337222 6
337265 6
337269 6
337266 6
337270 6
337233 6
337237 6
337234 6
337238 6
337313 6
337317 6
337314 6
337318 6
337281 6
337285 6
337282 6
337286 6
337329 6
337333 6
337330 6
337334 6
337297 6
337301 6
337298 6
337302 6
337377 6
337381 6
337378 6
337382 6
337345 6
337349 6
337346 6
337350 6
337393 6
337397 6
337394 6
337398 6
337361 6
337365 6
337362 6
337366 6
337441 6
337445 6
337442 6
337446 6
337409 6
337413 6
337410 6
337414 6
337457 6
337461 6
337458 6
337462 6
337425 6
337429 6
337426 6
337430 6
337505 6
337509 6
337506 6
337510 6
337473 6
337477 6
337474 6
337478 6
337521 6
337525 6
337522 6
337526 6
337489 6
337493 6
337490 6
337494 6
337569 6
337573 6
337570 6
337574 6
337537 6
337541 6
337538 6
337542 6
337585 6
337589 6
337586 6
337590 6
337553 6
337557 6
337554 6
337558 6
337633 6
337637 6
337634 6
337638 6
337601 6
337605 6
337602 6
337606 6
337649 6
337653 6
337650 6
337654 6
337617 6
337621 6
337618 6
337622 6
337697 6
337701 6
337698 6
337702 6
337665 6
337669 6
337666 6
337670 6
337713 6
337717 6
337714 6
337718 6
337681 6
337685 6
337682 6
337686 6
337761 6
337765 6
337762 6
337766 6
337729 6
337733 6
337730 6
337734 6
337777 6
337781 6
337778 6
337782 6
337745 6
337749 6
337746 6
337750 6
337825 6
337829 6
337826 6
337830 6
337793 6
337797 6
337794 6
337798 6
337841 6
337845 6
337842 6
337846 6
337809 6
337813 6
337810 6
337814 6
337889 6
337893 6
337890 6
337894 6
337857 6
337861 6
337858 6
337862 6
337905 6
337909 6
337906 6
337910 6
337873 6
337877 6
337874 6
337878 6
337953 6
337957 6
337954 6
337958 6
337921 6
337925 6
337922 6
337926 6
337969 6
337973 6
337970 6
337974 6
337937 6
337941 6
337938 6
337942 6
338017 6
338021 6
338018 6
338022 6
337985 6
337989 6
337986 6
337990 6
338033 6
338037 6
338034 6
338038 6
338001 6
338005 6
338002 6
338006 6
338081 6
338085 6
338082 6
338086 6
338049 6
338053 6
338050 6
338054 6
338097 6
338101 6
338098 6
338102 6
338065 6
338069 6
338066 6
338070 6
338145 6
338149 6
338146 6
338150 6
338113 6
338117 6
338114 6
338118 6
338161 6
338165 6
338162 6
338166 6
338129 6
338133 6
338130 6
338134 6
338209 6
338213 6
338210 6
338214 6
338177 6
338181 6
338178 6
338182 6
338225 6
338229 6
338226 6
338230 6
338193 6
338197 6
338194 6
338198 6
338273 6
338277 6
338274 6
338278 6
338241 6
338245 6
338242 6
338246 6
338289 6
338293 6
338290 6
338294 6
338257 6
338261 6
338258 6
338262 6
338337 6
338341 6
338338 6
338342 6
338305 6
338309 6
338306 6
338310 6
338353 6
338357 6
338354 6
338358 6
338321 6
338325 6
338322 6
338326 6
338401 6
338405 6
338402 6
338406 6
338369 6
338373 6
338370 6
338374 6
338417 6
338421 6
338418 6
338422 6
338385 6
338389 6
338386 6
338390 6
338465 6
338469 6
338466 6
338470 6
338433 6
338437 6
338434 6
338438 6
338481 6
338485 6
338482 6
338486 6
338449 6
338453 6
338450 6
338454 6
338529 6
338533 6
338530 6
338534 6
338497 6
338501 6
338498 6
338502 6
338545 6
338549 6
338546 6
338550 6
338513 6
338517 6
338514 6
338518 6
338593 6
338597 6
338594 6
338598 6
338561 6
338565 6
338562 6
338566 6
338609 6
338613 6
338610 6
338614 6
338577 6
338581 6
338578 6
338582 6
338657 6
338661 6
338658 6
338662 6
338625 6
338629 6
338626 6
338630 6
338673 6
338677 6
338674 6
338678 6
338641 6
338645 6
338642 6
338646 6
338721 6
338725 6
338722 6
338726 6
338689 6
338693 6
338690 6
338694 6
338737 6
338741 6
338738 6
338742 6
338705 6
338709 6
338706 6
338710 6
338785 6
338789 6
338786 6
338790 6
338753 6
338757 6
338754 6
338758 6
338801 6
338805 6
338802 6
338806 6
338769 6
338773 6
338770 6
338774 6
338849 6
338853 6
338850 6
338854 6
338817 6
338821 6
338818 6
338822 6
338865 6
338869 6
338866 6
338870 6
338833 6
338837 6
338834 6
338838 6
338913 6
338917 6
338914 6
338918 6
338881 6
338885 6
338882 6
338886 6
338929 6
338933 6
338930 6
338934 6
338897 6
338901 6
338898 6
338902 6
338977 6
338981 6
338978 6
338982 6
338945 6
338949 6
338946 6
338950 6
338993 6
338997 6
338994 6
338998 6
338961 6
338965 6
338962 6
338966 6
339041 6
339045 6
339042 6
339046 6
339009 6
339013 6
339010 6
339014 6
339057 6
339061 6
339058 6
339062 6
339025 6
339029 6
339026 6
339030 6
339105 6
339109 6
339106 6
339110 6
339073 6
339077 6
339074 6
339078 6
339121 6
339125 6
339122 6
339126 6
339089 6
339093 6
339090 6
339094 6
339169 6
339173 6
339170 6
339174 6
339137 6
339141 6
339138 6
339142 6
339185 6
339189 6
339186 6
339190 6
339153 6
339157 6
339154 6
339158 6
339233 6
339237 6
339234 6
339238 6
339201 6
339205 6
339202 6
339206 6
339249 6
339253 6
339250 6
339254 6
339217 6
339221 6
339218 6
339222 6
339297 6
339301 6
339298 6
339302 6
339265 6
339269 6
339266 6
339270 6
339313 6
339317 6
339314 6
339318 6
339281 6
339285 6
339282 6
339286 6
339361 6
339365 6
339362 6
339366 6
339329 6
339333 6
339330 6
339334 6
339377 6
339381 6
339378 6
339382 6
339345 6
339349 6
339346 6
339350 6
339425 6
339429 6
339426 6
339430 6
339393 6
339397 6
339394 6
339398 6
339441 6
339445 6
339442 6
339446 6
339409 6
339413 6
339410 6
339414 6
339489 6
339493 6
339490 6
339494 6
339457 6
339461 6
339458 6
339462 6
339505 6
339509 6
339506 6
339510 6
339473 6
339477 6
339474 6
339478 6
339553 6
339557 6
339554 6
339558 6
339521 6
339525 6
339522 6
339526 6
339569 6
339573 6
339570 6
339574 6
339537 6
339541 6
339538 6
339542 6
339617 6
339621 6
339618 6
339622 6
339585 6
339589 6
339586 6
339590 6
339633 6
339637 6
339634 6
339638 6
339601 6
339605 6
339602 6
339606 6
339681 6
339685 6
339682 6
339686 6
339649 6
339653 6
339650 6
339654 6
339697 6
339701 6
339698 6
339702 6
339665 6
339669 6
339666 6
339670 6
339745 6
339749 6
339746 6
339750 6
339713 6
339717 6
339714 6
339718 6
339761 6
339765 6
339762 6
339766 6
339729 6
339733 6
339730 6
339734 6
339809 6
339813 6
339810 6
339814 6
339777 6
339781 6
339778 6
339782 6
339825 6
339829 6
339826 6
339830 6
339793 6
339797 6
339794 6
339798 6
339873 6
339877 6
339874 6
339878 6
339841 6
339845 6
339842 6
339846 6
339889 6
339893 6
339890 6
339894 6
339857 6
339861 6
339858 6
339862 6
339937 6
339941 6
339938 6
339942 6
339905 6
339909 6
339906 6
339910 6
339953 6
339957 6
339954 6
339958 6
339921 6
339925 6
339922 6
339926 6
340001 6
340005 6
340002 6
340006 6
339969 6
339973 6
339970 6
339974 6
340017 6
340021 6
340018 6
340022 6
339985 6
339989 6
339986 6
339990 6
340065 6
340069 6
340066 6
340070 6
340033 6
340037 6
340034 6
340038 6
340081 6
340085 6
340082 6
340086 6
340049 6
340053 6
340050 6
340054 6
340129 6
340133 6
340130 6
340134 6
340097 6
340101 6
340098 6
340102 6
340145 6
340149 6
340146 6
340150 6
340113 6
340117 6
340114 6
340118 6
340193 6
340197 6
340194 6
340198 6
340161 6
340165 6
340162 6
340166 6
340209 6
340213 6
340210 6
340214 6
340177 6
340181 6
340178 6
340182 6
340257 6
340261 6
340258 6
340262 6
340225 6
340229 6
340226 6
340230 6
340273 6
340277 6
340274 6
340278 6
340241 6
340245 6
340242 6
340246 6
340321 6
340325 6
340322 6
340326 6
340289 6
340293 6
340290 6
340294 6
340337 6
340341 6
340338 6
340342 6
340305 6
340309 6
340306 6
340310 6
340385 6
340389 6
340386 6
340390 6
340353 6
340357 6
340354 6
340358 6
340401 6
340405 6
340402 6
340406 6
340369 6
340373 6
340370 6
340374 6
340449 6
340453 6
340450 6
340454 6
340417 6
340421 6
340418 6
340422 6
340465 6
340469 6
340466 6
340470 6
340433 6
340437 6
340434 6
340438 6
340513 6
340517 6
340514 6
340518 6
340481 6
340485 6
340482 6
340486 6
340529 6
340533 6
340530 6
340534 6
340497 6
340501 6
340498 6
340502 6
340577 6
340581 6
340578 6
340582 6
340545 6
340549 6
340546 6
340550 6
340593 6
340597 6
340594 6
340598 6
340561 6
340565 6
340562 6
340566 6
340641 6
340645 6
340642 6
340646 6
340609 6
340613 6
340610 6
340614 6
340657 6
340661 6
340658 6
340662 6
340625 6
340629 6
340626 6
340630 6
340705 6
340709 6
340706 6
340710 6
340673 6
340677 6
340674 6
340678 6
340721 6
340725 6
340722 6
340726 6
340689 6
340693 6
340690 6
340694 6
340769 6
340773 6
340770 6
340774 6
340737 6
340741 6
340738 6
340742 6
340785 6
340789 6
340786 6
340790 6
340753 6
340757 6
340754 6
340758 6
340833 6
340837 6
340834 6
340838 6
340801 6
340805 6
340802 6
340806 6
340849 6
340853 6
340850 6
340854 6
340817 6
340821 6
340818 6
340822 6
340897 6
340901 6
340898 6
340902 6
340865 6
340869 6
340866 6
340870 6
340913 6
340917 6
340914 6
340918 6
340881 6
340885 6
340882 6
340886 6
340961 6
340965 6
340962 6
340966 6
340929 6
340933 6
340930 6
340934 6
340977 6
340981 6
340978 6
340982 6
340945 6
340949 6
340946 6
340950 6
341025 6
341029 6
341026 6
341030 6
340993 6
340997 6
340994 6
340998 6
341041 6
341045 6
341042 6
341046 6
341009 6
341013 6
341010 6
341014 6
341089 6
341093 6
341090 6
341094 6
341057 6
341061 6
341058 6
341062 6
341105 6
341109 6
341106 6
341110 6
341073 6
341077 6
341074 6
341078 6
341153 6
341157 6
341154 6
341158 6
341121 6
341125 6
341122 6
341126 6
341169 6
341173 6
341170 6
341174 6
341137 6
341141 6
341138 6
341142 6
341217 6
341221 6
341218 6
341222 6
341185 6
341189 6
341186 6
341190 6
341233 6
341237 6
341234 6
341238 6
341201 6
341205 6
341202 6
341206 6
341281 6
341285 6
341282 6
341286 6
341249 6
341253 6
341250 6
341254 6
341297 6
341301 6
341298 6
341302 6
341265 6
341269 6
341266 6
341270 6
341345 6
341349 6
341346 6
341350 6
341313 6
341317 6
341314 6
341318 6
341361 6
341365 6
341362 6
341366 6
341329 6
341333 6
341330 6
341334 6
341409 6
341413 6
341410 6
341414 6
341377 6
341381 6
341378 6
341382 6
341425 6
341429 6
341426 6
341430 6
341393 6
341397 6
341394 6
341398 6
341473 6
341477 6
341474 6
341478 6
341441 6
341445 6
341442 6
341446 6
341489 6
341493 6
341490 6
341494 6
341457 6
341461 6
341458 6
341462 6
341537 6
341541 6
341538 6
341542 6
341505 6
341509 6
341506 6
341510 6
341553 6
341557 6
341554 6
341558 6
341521 6
341525 6
341522 6
341526 6
341601 6
341605 6
341602 6
341606 6
341569 6
341573 6
341570 6
341574 6
341617 6
341621 6
341618 6
341622 6
341585 6
341589 6
341586 6
341590 6
341665 6
341669 6
341666 6
341670 6
341633 6
341637 6
341634 6
341638 6
341681 6
341685 6
341682 6
341686 6
341649 6
341653 6
341650 6
341654 6
341729 6
341733 6
341730 6
341734 6
341697 6
341701 6
341698 6
341702 6
341745 6
341749 6
341746 6
341750 6
341713 6
341717 6
341714 6
341718 6
341793 6
341797 6
341794 6
341798 6
341761 6
341765 6
341762 6
341766 6
341809 6
341813 6
341810 6
341814 6
341777 6
341781 6
341778 6
341782 6
341857 6
341861 6
341858 6
341862 6
341825 6
341829 6
341826 6
341830 6
341873 6
341877 6
341874 6
341878 6
341841 6
341845 6
341842 6
341846 6
341921 6
341925 6
341922 6
341926 6
341889 6
341893 6
341890 6
341894 6
341937 6
341941 6
341938 6
341942 6
341905 6
341909 6
341906 6
341910 6
341985 6
341989 6
341986 6
341990 6
341953 6
341957 6
341954 6
341958 6
342001 6
342005 6
342002 6
342006 6
341969 6
341973 6
341970 6
341974 6
342049 6
342053 6
342050 6
342054 6
342017 6
342021 6
342018 6
342022 6
342065 6
342069 6
342066 6
342070 6
342033 6
342037 6
342034 6
342038 6
342113 6
342117 6
342114 6
342118 6
342081 6
342085 6
342082 6
342086 6
342129 6
342133 6
342130 6
342134 6
342097 6
342101 6
342098 6
342102 6
342177 6
342181 6
342178 6
342182 6
342145 6
342149 6
342146 6
342150 6
342193 6
342197 6
342194 6
342198 6
342161 6
342165 6
342162 6
342166 6
342241 6
342245 6
342242 6
342246 6
342209 6
342213 6
342210 6
342214 6
342257 6
342261 6
342258 6
342262 6
342225 6
342229 6
342226 6
342230 6
342305 6
342309 6
342306 6
342310 6
342273 6
342277 6
342274 6
342278 6
342321 6
342325 6
342322 6
342326 6
342289 6
342293 6
342290 6
342294 6
342369 6
342373 6
342370 6
342374 6
342337 6
342341 6
342338 6
342342 6
342385 6
342389 6
342386 6
342390 6
342353 6
342357 6
342354 6
342358 6
342433 6
342437 6
342434 6
342438 6
342401 6
342405 6
342402 6
342406 6
342449 6
342453 6
342450 6
342454 6
342417 6
342421 6
342418 6
342422 6
342497 6
342501 6
342498 6
342502 6
342465 6
342469 6
342466 6
342470 6
342513 6
342517 6
342514 6
342518 6
342481 6
342485 6
342482 6
342486 6
342561 6
342565 6
342562 6
342566 6
342529 6
342533 6
342530 6
342534 6
342577 6
342581 6
342578 6
342582 6
342545 6
342549 6
342546 6
342550 6
342625 6
342629 6
342626 6
342630 6
342593 6
342597 6
342594 6
342598 6
342641 6
342645 6
342642 6
342646 6
342609 6
342613 6
342610 6
342614 6
342689 6
342693 6
342690 6
342694 6
342657 6
342661 6
342658 6
342662 6
342705 6
342709 6
342706 6
342710 6
342673 6
342677 6
342674 6
342678 6
342753 6
342757 6
342754 6
342758 6
342721 6
342725 6
342722 6
342726 6
342769 6
342773 6
342770 6
342774 6
342737 6
342741 6
342738 6
342742 6
342817 6
342821 6
342818 6
342822 6
342785 6
342789 6
342786 6
342790 6
342833 6
342837 6
342834 6
342838 6
342801 6
342805 6
342802 6
342806 6
342881 6
342885 6
342882 6
342886 6
342849 6
342853 6
342850 6
342854 6
342897 6
342901 6
342898 6
342902 6
342865 6
342869 6
342866 6
342870 6
342945 6
342949 6
342946 6
342950 6
342913 6
342917 6
342914 6
342918 6
342961 6
342965 6
342962 6
342966 6
342929 6
342933 6
342930 6
342934 6
343009 6
343013 6
343010 6
343014 6
342977 6
342981 6
342978 6
342982 6
343025 6
343029 6
343026 6
343030 6
342993 6
342997 6
342994 6
342998 6
343073 6
343077 6
343074 6
343078 6
343041 6
343045 6
343042 6
343046 6
343089 6
343093 6
343090 6
343094 6
343057 6
343061 6
343058 6
343062 6
343137 6
343141 6
343138 6
343142 6
343105 6
343109 6
343106 6
343110 6
343153 6
343157 6
343154 6
343158 6
343121 6
343125 6
343122 6
343126 6
343201 6
343205 6
343202 6
343206 6
343169 6
343173 6
343170 6
343174 6
343217 6
343221 6
343218 6
343222 6
343185 6
343189 6
343186 6
343190 6
343265 6
343269 6
343266 6
343270 6
343233 6
343237 6
343234 6
343238 6
343281 6
343285 6
343282 6
343286 6
343249 6
343253 6
343250 6
343254 6
343329 6
343333 6
343330 6
343334 6
343297 6
343301 6
343298 6
343302 6
343345 6
343349 6
343346 6
343350 6
343313 6
343317 6
343314 6
343318 6
343393 6
343397 6
343394 6
343398 6
343361 6
343365 6
343362 6
343366 6
474801 6
474805 6
474802 6
474806 6
474769 6
474773 6
474770 6
474774 6
474849 6
474853 6
474850 6
474854 6
474817 6
474821 6
474818 6
474822 6
474865 6
474869 6
474866 6
474870 6
474833 6
474837 6
474834 6
474838 6
474913 6
474917 6
474914 6
474918 6
474881 6
474885 6
474882 6
474886 6
474929 6
474933 6
474930 6
474934 6
474897 6
474901 6
474898 6
474902 6
474977 6
474981 6
474978 6
474982 6
474945 6
474949 6
474946 6
474950 6
474993 6
474997 6
474994 6
474998 6
474961 6
474965 6
474962 6
474966 6
475041 6
475045 6
475042 6
475046 6
475009 6
475013 6
475010 6
475014 6
475057 6
475061 6
475058 6
475062 6
475025 6
475029 6
475026 6
475030 6
475105 6
475109 6
475106 6
475110 6
475073 6
475077 6
475074 6
475078 6
475121 6
475125 6
475122 6
475126 6
475089 6
475093 6
475090 6
475094 6
475169 6
475173 6
475170 6
475174 6
475137 6
475141 6
475138 6
475142 6
475185 6
475189 6
475186 6
475190 6
475153 6
475157 6
475154 6
475158 6
475233 6
475237 6
475234 6
475238 6
475201 6
475205 6
475202 6
475206 6
475249 6
475253 6
475250 6
475254 6
475217 6
475221 6
475218 6
475222 6
475297 6
475301 6
475298 6
475302 6
475265 6
475269 6
475266 6
475270 6
475313 6
475317 6
475314 6
475318 6
475281 6
475285 6
475282 6
475286 6
475361 6
475365 6
475362 6
475366 6
475329 6
475333 6
475330 6
475334 6
475377 6
475381 6
475378 6
475382 6
475345 6
475349 6
475346 6
475350 6
475425 6
475429 6
475426 6
475430 6
475393 6
475397 6
475394 6
475398 6
475441 6
475445 6
475442 6
475446 6
475409 6
475413 6
475410 6
475414 6
475489 6
475493 6
475490 6
475494 6
475457 6
475461 6
475458 6
475462 6
475505 6
475509 6
475506 6
475510 6
475473 6
475477 6
475474 6
475478 6
475553 6
475557 6
475554 6
475558 6
475521 6
475525 6
475522 6
475526 6
475569 6
475573 6
475570 6
475574 6
475537 6
475541 6
475538 6
475542 6
475617 6
475621 6
475618 6
475622 6
475585 6
478070 6
478066 6
478069 6
478065 6
478022 6
478018 6
478021 6
478017 6
478054 6
478050 6
478053 6
478049 6
477974 6
477970 6
477973 6
477969 6
478006 6
478002 6
478005 6
478001 6
477958 6
477954 6
477957 6
477953 6
477990 6
477986 6
477989 6
477985 6
477910 6
477906 6
477909 6
477905 6
477942 6
477938 6
477941 6
477937 6
477894 6
477890 6
477893 6
477889 6
477926 6
477922 6
477925 6
477921 6
477846 6
477842 6
477845 6
477841 6
477878 6
477874 6
477877 6
477873 6
477830 6
477826 6
477829 6
477825 6
477862 6
477858 6
477861 6
477857 6
477782 6
477778 6
477781 6
477777 6
477814 6
477810 6
477813 6
477809 6
477766 6
477762 6
477765 6
477761 6
477798 6
477794 6
477797 6
477793 6
477718 6
477714 6
477717 6
477713 6
477750 6
477746 6
477749 6
477745 6
477702 6
477698 6
477701 6
477697 6
477734 6
477730 6
477733 6
477729 6
477654 6
477650 6
477653 6
477649 6
477686 6
477682 6
477685 6
477681 6
477638 6
477634 6
477637 6
477633 6
477670 6
477666 6
477669 6
477665 6
477590 6
477586 6
477589 6
477585 6
477622 6
477618 6
477621 6
477617 6
477574 6
477570 6
477573 6
477569 6
477606 6
477602 6
477605 6
477601 6
477526 6
477522 6
477525 6
477521 6
477558 6
477554 6
477557 6
477553 6
477510 6
477506 6
477509 6
477505 6
477542 6
477538 6
477541 6
477537 6
477462 6
477458 6
477461 6
477457 6
477494 6
477490 6
477493 6
477489 6
477446 6
477442 6
477445 6
477441 6
477478 6
477474 6
477477 6
477473 6
477398 6
477394 6
477397 6
477393 6
477430 6
477426 6
477429 6
477425 6
477382 6
477378 6
477381 6
477377 6
477414 6
477410 6
477413 6
477409 6
477334 6
477330 6
477333 6
477329 6
477366 6
477362 6
477365 6
477361 6
477318 6
477314 6
477317 6
477313 6
477350 6
477346 6
477349 6
477345 6
477270 6
477266 6
477269 6
477265 6
477302 6
477298 6
477301 6
477297 6
477254 6
477250 6
477253 6
477249 6
477286 6
477282 6
477285 6
477281 6
477206 6
477202 6
477205 6
477201 6
477238 6
477234 6
477237 6
477233 6
477190 6
477186 6
477189 6
477185 6
477222 6
477218 6
477221 6
477217 6
477142 6
477138 6
477141 6
477137 6
477174 6
477170 6
477173 6
477169 6
477126 6
477122 6
477125 6
477121 6
477158 6
477154 6
477157 6
477153 6
477078 6
477074 6
477077 6
477073 6
477110 6
477106 6
477109 6
477105 6
477062 6
477058 6
477061 6
477057 6
477094 6
477090 6
477093 6
477089 6
477014 6
477010 6
477013 6
477009 6
477046 6
477042 6
477045 6
477041 6
476998 6
476994 6
476997 6
476993 6
477030 6
477026 6
477029 6
477025 6
476950 6
476946 6
476949 6
476945 6
476982 6
476978 6
476981 6
476977 6
476934 6
476930 6
476933 6
476929 6
476966 6
476962 6
476965 6
476961 6
476886 6
476882 6
476885 6
476881 6
476918 6
476914 6
476917 6
476913 6
476870 6
476866 6
476869 6
476865 6
476902 6
476898 6
476901 6
476897 6
476822 6
476818 6
476821 6
476817 6
476854 6
476850 6
476853 6
476849 6
476806 6
476802 6
476805 6
476801 6
476838 6
476834 6
476837 6
476833 6
476758 6
476754 6
476757 6
476753 6
476790 6
476786 6
476789 6
476785 6
476742 6
476738 6
476741 6
476737 6
476774 6
476770 6
476773 6
476769 6
476694 6
476690 6
476693 6
476689 6
476726 6
476722 6
476725 6
476721 6
476678 6
476674 6
476677 6
476673 6
476710 6
476706 6
476709 6
476705 6
476630 6
476626 6
476629 6
476625 6
476662 6
476658 6
476661 6
476657 6
476614 6
476610 6
476613 6
476609 6
476646 6
476642 6
476645 6
476641 6
476566 6
476562 6
476565 6
476561 6
476598 6
476594 6
476597 6
476593 6
476550 6
476546 6
476549 6
476545 6
476582 6
476578 6
476581 6
476577 6
476502 6
476498 6
476501 6
476497 6
476534 6
476530 6
476533 6
476529 6
476486 6
476482 6
476485 6
476481 6
476518 6
476514 6
476517 6
476513 6
476438 6
476434 6
476437 6
476433 6
476470 6
476466 6
476469 6
476465 6
476422 6
476418 6
476421 6
476417 6
476454 6
476450 6
476453 6
476449 6
476374 6
476370 6
476373 6
476369 6
476406 6
476402 6
476405 6
476401 6
476358 6
476354 6
476357 6
476353 6
476390 6
476386 6
476389 6
476385 6
476310 6
476306 6
476309 6
476305 6
476342 6
476338 6
476341 6
476337 6
476294 6
476290 6
476293 6
476289 6
476326 6
476322 6
476325 6
476321 6
476246 6
476242 6
476245 6
476241 6
476278 6
476274 6
476277 6
476273 6
476230 6
476226 6
476229 6
476225 6
476262 6
476258 6
476261 6
476257 6
476182 6
476178 6
476181 6
476177 6
476214 6
476210 6
476213 6
476209 6
476166 6
476162 6
476165 6
476161 6
476198 6
476194 6
476197 6
476193 6
476118 6
476114 6
476117 6
476113 6
476150 6
476146 6
476149 6
476145 6
476102 6
476098 6
476101 6
476097 6
476134 6
476130 6
476133 6
476129 6
476054 6
476050 6
476053 6
476049 6
476086 6
476082 6
476085 6
476081 6
476038 6
476034 6
476037 6
476033 6
476070 6
476066 6
476069 6
476065 6
475990 6
475986 6
475989 6
475985 6
476022 6
476018 6
476021 6
476017 6
475974 6
475970 6
475973 6
475969 6
476006 6
476002 6
476005 6
476001 6
475926 6
475922 6
475925 6
475921 6
475958 6
475954 6
475957 6
475953 6
475910 6
475906 6
475909 6
475905 6
475942 6
475938 6
475941 6
475937 6
475862 6
475858 6
475861 6
475857 6
475894 6
475890 6
475893 6
475889 6
475846 6
475842 6
475845 6
475841 6
475878 6
475874 6
475877 6
475873 6
475798 6
475794 6
475797 6
475793 6
475830 6
475826 6
475829 6
475825 6
475782 6
475778 6
475781 6
475777 6
475814 6
475810 6
475813 6
475809 6
475734 6
475730 6
475733 6
475729 6
475766 6
475762 6
475765 6
475761 6
475718 6
475714 6
475717 6
475713 6
475750 6
475746 6
475749 6
475745 6
475670 6
475666 6
475669 6
475665 6
475702 6
475698 6
475701 6
475697 6
475654 6
475650 6
475653 6
475649 6
475686 6
475682 6
475685 6
475681 6
475606 6
475602 6
475605 6
475601 6
475638 6
475634 6
475637 6
475633 6
475590 6
475586 6
475589 6
481297 6
481301 6
481298 6
481302 6
481329 6
481333 6
481330 6
481334 6
481281 6
481285 6
481282 6
481286 6
481313 6
481317 6
481314 6
481318 6
481233 6
481237 6
481234 6
481238 6
481265 6
481269 6
481266 6
481270 6
481217 6
481221 6
481218 6
481222 6
481249 6
481253 6
481250 6
481254 6
481169 6
481173 6
481170 6
481174 6
481201 6
481205 6
481202 6
481206 6
481153 6
481157 6
481154 6
481158 6
481185 6
481189 6
481186 6
481190 6
481105 6
481109 6
481106 6
481110 6
481137 6
481141 6
481138 6
481142 6
481089 6
481093 6
481090 6
481094 6
481121 6
481125 6
481122 6
481126 6
481041 6
481045 6
481042 6
481046 6
481073 6
481077 6
481074 6
481078 6
481025 6
481029 6
481026 6
481030 6
481057 6
481061 6
481058 6
481062 6
480977 6
480981 6
480978 6
480982 6
481009 6
481013 6
481010 6
481014 6
480961 6
480965 6
480962 6
480966 6
480993 6
480997 6
480994 6
480998 6
480913 6
480917 6
480914 6
480918 6
480945 6
480949 6
480946 6
480950 6
480897 6
480901 6
480898 6
480902 6
480929 6
480933 6
480930 6
480934 6
480849 6
480853 6
480850 6
480854 6
480881 6
480885 6
480882 6
480886 6
480833 6
480837 6
480834 6
480838 6
480865 6
480869 6
480866 6
480870 6
480785 6
480789 6
480786 6
480790 6
480817 6
480821 6
480818 6
480822 6
480769 6
480773 6
480770 6
480774 6
480801 6
480805 6
480802 6
480806 6
480721 6
480725 6
480722 6
480726 6
480753 6
480757 6
480754 6
480758 6
480705 6
480709 6
480706 6
480710 6
480737 6
480741 6
480738 6
480742 6
480657 6
480661 6
480658 6
480662 6
480689 6
480693 6
480690 6
480694 6
480641 6
480645 6
480642 6
480646 6
480673 6
480677 6
480674 6
480678 6
480593 6
480597 6
480594 6
480598 6
480625 6
480629 6
480626 6
480630 6
480577 6
480581 6
480578 6
480582 6
480609 6
480613 6
480610 6
480614 6
480529 6
480533 6
480530 6
480534 6
480561 6
480565 6
480562 6
480566 6
480513 6
480517 6
480514 6
480518 6
480545 6
480549 6
480546 6
480550 6
480465 6
480469 6
480466 6
480470 6
480497 6
480501 6
480498 6
480502 6
480449 6
480453 6
480450 6
480454 6
480481 6
480485 6
480482 6
480486 6
480401 6
480405 6
480402 6
480406 6
480433 6
480437 6
480434 6
480438 6
480385 6
480389 6
480386 6
480390 6
480417 6
480421 6
480418 6
480422 6
480337 6
480341 6
480338 6
480342 6
480369 6
480373 6
480370 6
480374 6
480321 6
480325 6
480322 6
480326 6
480353 6
480357 6
480354 6
480358 6
480273 6
480277 6
480274 6
480278 6
480305 6
480309 6
480306 6
480310 6
480257 6
480261 6
480258 6
480262 6
480289 6
480293 6
480290 6
480294 6
480209 6
480213 6
480210 6
480214 6
480241 6
480245 6
480242 6
480246 6
480193 6
480197 6
480194 6
480198 6
480225 6
480229 6
480226 6
480230 6
480145 6
480149 6
480146 6
480150 6
480177 6
480181 6
480178 6
480182 6
480129 6
480133 6
480130 6
480134 6
480161 6
480165 6
480162 6
480166 6
480081 6
480085 6
480082 6
480086 6
480113 6
480117 6
480114 6
480118 6
480065 6
480069 6
480066 6
480070 6
480097 6
480101 6
480098 6
480102 6
480017 6
480021 6
480018 6
480022 6
480049 6
480053 6
480050 6
480054 6
480001 6
480005 6
480002 6
480006 6
480033 6
480037 6
480034 6
480038 6
479953 6
479957 6
479954 6
479958 6
479985 6
479989 6
479986 6
479990 6
479937 6
479941 6
479938 6
479942 6
479969 6
479973 6
479970 6
479974 6
479889 6
479893 6
479890 6
479894 6
479921 6
479925 6
479922 6
479926 6
479873 6
479877 6
479874 6
479878 6
479905 6
479909 6
479906 6
479910 6
479825 6
479829 6
479826 6
479830 6
479857 6
479861 6
479858 6
479862 6
479809 6
479813 6
479810 6
479814 6
479841 6
479845 6
479842 6
479846 6
479761 6
479765 6
479762 6
479766 6
479793 6
479797 6
479794 6
479798 6
479745 6
479749 6
479746 6
479750 6
479777 6
479781 6
479778 6
479782 6
479697 6
479701 6
479698 6
479702 6
479729 6
479733 6
479730 6
479734 6
479681 6
479685 6
479682 6
479686 6
479713 6
479717 6
479714 6
479718 6
479633 6
479637 6
479634 6
479638 6
479665 6
479669 6
479666 6
479670 6
479617 6
479621 6
479618 6
479622 6
479649 6
479653 6
479650 6
479654 6
479569 6
479573 6
479570 6
479574 6
479601 6
479605 6
479602 6
479606 6
479553 6
479557 6
479554 6
479558 6
479585 6
479589 6
479586 6
479590 6
479505 6
479509 6
479506 6
479510 6
479537 6
479541 6
479538 6
479542 6
479489 6
479493 6
479490 6
479494 6
479521 6
479525 6
479522 6
479526 6
479441 6
479445 6
479442 6
479446 6
479473 6
479477 6
479474 6
479478 6
479425 6
479429 6
479426 6
479430 6
479457 6
479461 6
479458 6
479462 6
479377 6
479381 6
479378 6
479382 6
479409 6
479413 6
479410 6
479414 6
479361 6
479365 6
479362 6
479366 6
479393 6
479397 6
479394 6
479398 6
479313 6
479317 6
479314 6
479318 6
479345 6
479349 6
479346 6
479350 6
479297 6
479301 6
479298 6
479302 6
479329 6
479333 6
479330 6
479334 6
479249 6
479253 6
479250 6
479254 6
479281 6
479285 6
479282 6
479286 6
479233 6
479237 6
479234 6
479238 6
479265 6
479269 6
479266 6
479270 6
479185 6
479189 6
479186 6
479190 6
479217 6
479221 6
479218 6
479222 6
479169 6
479173 6
479170 6
479174 6
479201 6
479205 6
479202 6
479206 6
479121 6
479125 6
479122 6
479126 6
479153 6
479157 6
479154 6
479158 6
479105 6
479109 6
479106 6
479110 6
479137 6
479141 6
479138 6
479142 6
479057 6
479061 6
479058 6
479062 6
479089 6
479093 6
479090 6
479094 6
479041 6
479045 6
479042 6
479046 6
479073 6
479077 6
479074 6
479078 6
478993 6
478997 6
478994 6
478998 6
479025 6
479029 6
479026 6
479030 6
478977 6
478981 6
478978 6
478982 6
479009 6
479013 6
479010 6
479014 6
478929 6
478933 6
478930 6
478934 6
478961 6
478965 6
478962 6
478966 6
478913 6
478917 6
478914 6
478918 6
478945 6
478949 6
478946 6
478950 6
478865 6
478869 6
478866 6
478870 6
478897 6
478901 6
478898 6
478902 6
478849 6
478853 6
478850 6
478854 6
478881 6
478885 6
478882 6
478886 6
478801 6
478805 6
478802 6
478806 6
478833 6
478837 6
478834 6
478838 6
478785 6
478789 6
478786 6
478790 6
478817 6
478821 6
478818 6
478822 6
478737 6
478741 6
478738 6
478742 6
478769 6
478773 6
478770 6
478774 6
478721 6
478725 6
478722 6
478726 6
478753 6
478757 6
478754 6
478758 6
478673 6
478677 6
478674 6
478678 6
478705 6
478709 6
478706 6
478710 6
478657 6
478661 6
478658 6
478662 6
478689 6
478693 6
478690 6
478694 6
478609 6
478613 6
478610 6
478614 6
478641 6
478645 6
478642 6
478646 6
478593 6
478597 6
478594 6
478598 6
478625 6
478629 6
478626 6
478630 6
478545 6
478549 6
478546 6
478550 6
478577 6
478581 6
478578 6
478582 6
478529 6
478533 6
478530 6
478534 6
478561 6
478565 6
478562 6
478566 6
478481 6
478485 6
478482 6
478486 6
478513 6
478517 6
478514 6
478518 6
478465 6
478469 6
478466 6
478470 6
478497 6
478501 6
478498 6
478502 6
478417 6
478421 6
478418 6
478422 6
478449 6
478453 6
478450 6
478454 6
478401 6
478405 6
478402 6
478406 6
478433 6
478437 6
478434 6
478438 6
478353 6
478357 6
478354 6
478358 6
478385 6
478389 6
478386 6
478390 6
478337 6
478341 6
478338 6
478342 6
478369 6
478373 6
478370 6
478374 6
478289 6
478293 6
478290 6
478294 6
478321 6
478325 6
478322 6
478326 6
478273 6
478277 6
478274 6
478278 6
478305 6
478309 6
478306 6
478310 6
478225 6
478229 6
478226 6
478230 6
478257 6
478261 6
478258 6
478262 6
478209 6
478213 6
478210 6
478214 6
478241 6
478245 6
478242 6
478246 6
478161 6
478165 6
478162 6
478166 6
478193 6
478197 6
478194 6
478198 6
478145 6
478149 6
478146 6
478150 6
478177 6
478181 6
478178 6
478182 6
478097 6
478101 6
478098 6
478102 6
478129 6
478133 6
478130 6
478134 6
478081 6
478085 6
478082 6
478086 6
478113 6
478117 6
478114 6
478118 6
478033 6
478037 6
478034 6
478038 6
468257 6
468261 6
468258 6
468262 6
468225 6
468229 6
468226 6
468230 6
468273 6
468277 6
468274 6
468278 6
468241 6
468245 6
468242 6
468246 6
468321 6
468325 6
468322 6
468326 6
468289 6
468293 6
468290 6
468294 6
468337 6
468341 6
468338 6
468342 6
468305 6
468309 6
468306 6
468310 6
468385 6
468389 6
468386 6
468390 6
468353 6
468357 6
468354 6
468358 6
468401 6
468405 6
468402 6
468406 6
468369 6
468373 6
468370 6
468374 6
468449 6
468453 6
468450 6
468454 6
468417 6
468421 6
468418 6
468422 6
468465 6
468469 6
468466 6
468470 6
468433 6
468437 6
468434 6
468438 6
468513 6
468517 6
468514 6
468518 6
468481 6
468485 6
468482 6
468486 6
468529 6
468533 6
468530 6
468534 6
468497 6
468501 6
468498 6
468502 6
468577 6
468581 6
468578 6
468582 6
468545 6
468549 6
468546 6
468550 6
468593 6
468597 6
468594 6
468598 6
468561 6
468565 6
468562 6
468566 6
468641 6
468645 6
468642 6
468646 6
468609 6
468613 6
468610 6
468614 6
468657 6
468661 6
468658 6
468662 6
468625 6
468629 6
468626 6
468630 6
468705 6
468709 6
468706 6
468710 6
468673 6
468677 6
468674 6
468678 6
468721 6
468725 6
468722 6
468726 6
468689 6
468693 6
468690 6
468694 6
468769 6
468773 6
468770 6
468774 6
468737 6
468741 6
468738 6
468742 6
468785 6
468789 6
468786 6
468790 6
468753 6
468757 6
468754 6
468758 6
468833 6
468837 6
468834 6
468838 6
468801 6
468805 6
468802 6
468806 6
468849 6
468853 6
468850 6
468854 6
468817 6
468821 6
468818 6
468822 6
468897 6
468901 6
468898 6
468902 6
468865 6
468869 6
468866 6
468870 6
468913 6
468917 6
468914 6
468918 6
468881 6
468885 6
468882 6
468886 6
468961 6
468965 6
468962 6
468966 6
468929 6
468933 6
468930 6
468934 6
468977 6
468981 6
468978 6
468982 6
468945 6
468949 6
468946 6
468950 6
469025 6
469029 6
469026 6
469030 6
468993 6
468997 6
468994 6
468998 6
469041 6
469045 6
469042 6
469046 6
469009 6
469013 6
469010 6
469014 6
469089 6
469093 6
469090 6
469094 6
469057 6
469061 6
469058 6
469062 6
469105 6
469109 6
469106 6
469110 6
469073 6
469077 6
469074 6
469078 6
469153 6
469157 6
469154 6
469158 6
469121 6
469125 6
469122 6
469126 6
469169 6
469173 6
469170 6
469174 6
469137 6
469141 6
469138 6
469142 6
469217 6
469221 6
469218 6
469222 6
469185 6
469189 6
469186 6
469190 6
469233 6
469237 6
469234 6
469238 6
469201 6
469205 6
469202 6
469206 6
469281 6
469285 6
469282 6
469286 6
469249 6
469253 6
469250 6
469254 6
469297 6
469301 6
469298 6
469302 6
469265 6
469269 6
469266 6
469270 6
469345 6
469349 6
469346 6
469350 6
469313 6
469317 6
469314 6
469318 6
469361 6
469365 6
469362 6
469366 6
469329 6
469333 6
469330 6
469334 6
469409 6
469413 6
469410 6
469414 6
469377 6
469381 6
469378 6
469382 6
469425 6
469429 6
469426 6
469430 6
469393 6
469397 6
469394 6
469398 6
469473 6
469477 6
469474 6
469478 6
469441 6
469445 6
469442 6
469446 6
469489 6
469493 6
469490 6
469494 6
469457 6
469461 6
469458 6
469462 6
469537 6
469541 6
469538 6
469542 6
469505 6
469509 6
469506 6
469510 6
469553 6
469557 6
469554 6
469558 6
469521 6
469525 6
469522 6
469526 6
469601 6
469605 6
469602 6
469606 6
469569 6
469573 6
469570 6
469574 6
469617 6
469621 6
469618 6
469622 6
469585 6
469589 6
469586 6
469590 6
469665 6
469669 6
469666 6
469670 6
469633 6
469637 6
469634 6
469638 6
469681 6
469685 6
469682 6
469686 6
469649 6
469653 6
469650 6
469654 6
469729 6
469733 6
469730 6
469734 6
469697 6
469701 6
469698 6
469702 6
469745 6
469749 6
469746 6
469750 6
469713 6
469717 6
469714 6
469718 6
469793 6
469797 6
469794 6
469798 6
469761 6
469765 6
469762 6
469766 6
469809 6
469813 6
469810 6
469814 6
469777 6
469781 6
469778 6
469782 6
469857 6
469861 6
469858 6
469862 6
469825 6
469829 6
469826 6
469830 6
469873 6
469877 6
469874 6
469878 6
469841 6
469845 6
469842 6
469846 6
469921 6
469925 6
469922 6
469926 6
469889 6
469893 6
469890 6
469894 6
469937 6
469941 6
469938 6
469942 6
469905 6
469909 6
469906 6
469910 6
469985 6
469989 6
469986 6
469990 6
469953 6
469957 6
469954 6
469958 6
470001 6
470005 6
470002 6
470006 6
469969 6
469973 6
469970 6
469974 6
470049 6
470053 6
470050 6
470054 6
470017 6
470021 6
470018 6
470022 6
470065 6
470069 6
470066 6
470070 6
470033 6
470037 6
470034 6
470038 6
470113 6
470117 6
470114 6
470118 6
470081 6
470085 6
470082 6
470086 6
470129 6
470133 6
470130 6
470134 6
470097 6
470101 6
470098 6
470102 6
470177 6
470181 6
470178 6
470182 6
470145 6
470149 6
470146 6
470150 6
470193 6
470197 6
470194 6
470198 6
470161 6
470165 6
470162 6
470166 6
470241 6
470245 6
470242 6
470246 6
470209 6
470213 6
470210 6
470214 6
470257 6
470261 6
470258 6
470262 6
470225 6
470229 6
470226 6
470230 6
470305 6
470309 6
470306 6
470310 6
470273 6
470277 6
470274 6
470278 6
470321 6
470325 6
470322 6
470326 6
470289 6
470293 6
470290 6
470294 6
470369 6
470373 6
470370 6
470374 6
470337 6
470341 6
470338 6
470342 6
470385 6
470389 6
470386 6
470390 6
470353 6
470357 6
470354 6
470358 6
470433 6
470437 6
470434 6
470438 6
470401 6
470405 6
470402 6
470406 6
470449 6
470453 6
470450 6
470454 6
470417 6
470421 6
470418 6
470422 6
470497 6
470501 6
470498 6
470502 6
470465 6
470469 6
470466 6
470470 6
470513 6
470517 6
470514 6
470518 6
470481 6
470485 6
470482 6
470486 6
470561 6
470565 6
470562 6
470566 6
470529 6
470533 6
470530 6
470534 6
470577 6
470581 6
470578 6
470582 6
470545 6
470549 6
470546 6
470550 6
470625 6
470629 6
470626 6
470630 6
470593 6
470597 6
470594 6
470598 6
470641 6
470645 6
470642 6
470646 6
470609 6
470613 6
470610 6
470614 6
470689 6
470693 6
470690 6
470694 6
470657 6
470661 6
470658 6
470662 6
470705 6
470709 6
470706 6
470710 6
470673 6
470677 6
470674 6
470678 6
470753 6
470757 6
470754 6
470758 6
470721 6
470725 6
470722 6
470726 6
470769 6
470773 6
470770 6
470774 6
470737 6
470741 6
470738 6
470742 6
470817 6
470821 6
470818 6
470822 6
470785 6
470789 6
470786 6
470790 6
470833 6
470837 6
470834 6
470838 6
470801 6
470805 6
470802 6
470806 6
470881 6
470885 6
470882 6
470886 6
470849 6
470853 6
470850 6
470854 6
470897 6
470901 6
470898 6
470902 6
470865 6
470869 6
470866 6
470870 6
470945 6
470949 6
470946 6
470950 6
470913 6
470917 6
470914 6
470918 6
470961 6
470965 6
470962 6
470966 6
470929 6
470933 6
470930 6
470934 6
471009 6
471013 6
471010 6
471014 6
470977 6
470981 6
470978 6
470982 6
471025 6
471029 6
471026 6
471030 6
470993 6
470997 6
470994 6
470998 6
471073 6
471077 6
471074 6
471078 6
471041 6
471045 6
471042 6
471046 6
471089 6
471093 6
471090 6
471094 6
471057 6
471061 6
471058 6
471062 6
471137 6
471141 6
471138 6
471142 6
471105 6
471109 6
471106 6
471110 6
471153 6
471157 6
471154 6
471158 6
471121 6
471125 6
471122 6
471126 6
471201 6
471205 6
471202 6
471206 6
471169 6
471173 6
471170 6
471174 6
471217 6
471221 6
471218 6
471222 6
471185 6
471189 6
471186 6
471190 6
471265 6
471269 6
471266 6
471270 6
471233 6
471237 6
471234 6
471238 6
471281 6
471285 6
471282 6
471286 6
471249 6
471253 6
471250 6
471254 6
471329 6
471333 6
471330 6
471334 6
471297 6
471301 6
471298 6
471302 6
471345 6
471349 6
471346 6
471350 6
471313 6
471317 6
471314 6
471318 6
471393 6
471397 6
471394 6
471398 6
471361 6
471365 6
471362 6
471366 6
471409 6
471413 6
471410 6
471414 6
471377 6
471381 6
471378 6
471382 6
471457 6
471461 6
471458 6
471462 6
471425 6
471429 6
471426 6
471430 6
471473 6
471477 6
471474 6
471478 6
471441 6
471445 6
471442 6
471446 6
471521 6
471525 6
471522 6
471526 6
471489 6
471493 6
471490 6
471494 6
471537 6
471541 6
471538 6
471542 6
471505 6
471509 6
471506 6
471510 6
471585 6
471589 6
471586 6
471590 6
471553 6
471557 6
471554 6
471558 6
471601 6
471605 6
471602 6
471606 6
471569 6
471573 6
471570 6
471574 6
471649 6
471653 6
471650 6
471654 6
471617 6
471621 6
471618 6
471622 6
471665 6
471669 6
471666 6
471670 6
471633 6
471637 6
471634 6
471638 6
471713 6
471717 6
471714 6
471718 6
471681 6
471685 6
471682 6
471686 6
471729 6
471733 6
471730 6
471734 6
471697 6
471701 6
471698 6
471702 6
471777 6
471781 6
471778 6
471782 6
471745 6
471749 6
471746 6
471750 6
471793 6
471797 6
471794 6
471798 6
471761 6
471765 6
471762 6
471766 6
471841 6
471845 6
471842 6
471846 6
471809 6
471813 6
471810 6
471814 6
471857 6
471861 6
471858 6
471862 6
471825 6
471829 6
471826 6
471830 6
471905 6
471909 6
471906 6
471910 6
471873 6
471877 6
471874 6
471878 6
471921 6
471925 6
471922 6
471926 6
471889 6
471893 6
471890 6
471894 6
471969 6
471973 6
471970 6
471974 6
471937 6
471941 6
471938 6
471942 6
471985 6
471989 6
471986 6
471990 6
471953 6
471957 6
471954 6
471958 6
472033 6
472037 6
472034 6
472038 6
472001 6
472005 6
472002 6
472006 6
472049 6
472053 6
472050 6
472054 6
472017 6
472021 6
472018 6
472022 6
472097 6
472101 6
472098 6
472102 6
472065 6
472069 6
472066 6
472070 6
472113 6
472117 6
472114 6
472118 6
472081 6
472085 6
472082 6
472086 6
472161 6
472165 6
472162 6
472166 6
472129 6
472133 6
472130 6
472134 6
472177 6
472181 6
472178 6
472182 6
472145 6
472149 6
472146 6
472150 6
472225 6
472229 6
472226 6
472230 6
472193 6
472197 6
472194 6
472198 6
472241 6
472245 6
472242 6
472246 6
472209 6
472213 6
472210 6
472214 6
472289 6
472293 6
472290 6
472294 6
472257 6
472261 6
472258 6
472262 6
472305 6
472309 6
472306 6
472310 6
472273 6
472277 6
472274 6
472278 6
472353 6
472357 6
472354 6
472358 6
472321 6
472325 6
472322 6
472326 6
472369 6
472373 6
472370 6
472374 6
472337 6
472341 6
472338 6
472342 6
472417 6
472421 6
472418 6
472422 6
472385 6
472389 6
472386 6
472390 6
472433 6
472437 6
472434 6
472438 6
472401 6
472405 6
472402 6
472406 6
472481 6
472485 6
472482 6
472486 6
472449 6
472453 6
472450 6
472454 6
472497 6
472501 6
472498 6
472502 6
472465 6
472469 6
472466 6
472470 6
472545 6
472549 6
472546 6
472550 6
472513 6
472517 6
472514 6
472518 6
472561 6
472565 6
472562 6
472566 6
472529 6
472533 6
472530 6
472534 6
472609 6
472613 6
472610 6
472614 6
472577 6
472581 6
472578 6
472582 6
472625 6
472629 6
472626 6
472630 6
472593 6
472597 6
472594 6
472598 6
472673 6
472677 6
472674 6
472678 6
472641 6
472645 6
472642 6
472646 6
472689 6
472693 6
472690 6
472694 6
472657 6
472661 6
472658 6
472662 6
472737 6
472741 6
472738 6
472742 6
472705 6
472709 6
472706 6
472710 6
472753 6
472757 6
472754 6
472758 6
472721 6
472725 6
472722 6
472726 6
472801 6
472805 6
472802 6
472806 6
472769 6
472773 6
472770 6
472774 6
472817 6
472821 6
472818 6
472822 6
472785 6
472789 6
472786 6
472790 6
472865 6
472869 6
472866 6
472870 6
472833 6
472837 6
472834 6
472838 6
472881 6
472885 6
472882 6
472886 6
472849 6
472853 6
472850 6
472854 6
472929 6
472933 6
472930 6
472934 6
472897 6
472901 6
472898 6
472902 6
472945 6
472949 6
472946 6
472950 6
472913 6
472917 6
472914 6
472918 6
472993 6
472997 6
472994 6
472998 6
472961 6
472965 6
472962 6
472966 6
473009 6
473013 6
473010 6
473014 6
472977 6
472981 6
472978 6
472982 6
473057 6
473061 6
473058 6
473062 6
473025 6
473029 6
473026 6
473030 6
473073 6
473077 6
473074 6
473078 6
473041 6
473045 6
473042 6
473046 6
473121 6
473125 6
473122 6
473126 6
473089 6
473093 6
473090 6
473094 6
473137 6
473141 6
473138 6
473142 6
473105 6
473109 6
473106 6
473110 6
473185 6
473189 6
473186 6
473190 6
473153 6
473157 6
473154 6
473158 6
473201 6
473205 6
473202 6
473206 6
473169 6
473173 6
473170 6
473174 6
473249 6
473253 6
473250 6
473254 6
473217 6
473221 6
473218 6
473222 6
473265 6
473269 6
473266 6
473270 6
473233 6
473237 6
473234 6
473238 6
473313 6
473317 6
473314 6
473318 6
473281 6
473285 6
473282 6
473286 6
473329 6
473333 6
473330 6
473334 6
473297 6
473301 6
473298 6
473302 6
473377 6
473381 6
473378 6
473382 6
473345 6
473349 6
473346 6
473350 6
473393 6
473397 6
473394 6
473398 6
473361 6
473365 6
473362 6
473366 6
473441 6
473445 6
473442 6
473446 6
473409 6
473413 6
473410 6
473414 6
473457 6
473461 6
473458 6
473462 6
473425 6
473429 6
473426 6
473430 6
473505 6
473509 6
473506 6
473510 6
473473 6
473477 6
473474 6
473478 6
473521 6
473525 6
473522 6
473526 6
473489 6
473493 6
473490 6
473494 6
473569 6
473573 6
473570 6
473574 6
473537 6
473541 6
473538 6
473542 6
473585 6
473589 6
473586 6
473590 6
473553 6
473557 6
473554 6
473558 6
473633 6
473637 6
473634 6
473638 6
473601 6
473605 6
473602 6
473606 6
473649 6
473653 6
473650 6
473654 6
473617 6
473621 6
473618 6
473622 6
473697 6
473701 6
473698 6
473702 6
473665 6
473669 6
473666 6
473670 6
473713 6
473717 6
473714 6
473718 6
473681 6
473685 6
473682 6
473686 6
473761 6
473765 6
473762 6
473766 6
473729 6
473733 6
473730 6
473734 6
473777 6
473781 6
473778 6
473782 6
473745 6
473749 6
473746 6
473750 6
473825 6
473829 6
473826 6
473830 6
473793 6
473797 6
473794 6
473798 6
473841 6
473845 6
473842 6
473846 6
473809 6
473813 6
473810 6
473814 6
473889 6
473893 6
473890 6
473894 6
473857 6
473861 6
473858 6
473862 6
473905 6
473909 6
473906 6
473910 6
473873 6
473877 6
473874 6
473878 6
473953 6
473957 6
473954 6
473958 6
473921 6
473925 6
473922 6
473926 6
473969 6
473973 6
473970 6
473974 6
473937 6
473941 6
473938 6
473942 6
474017 6
474021 6
474018 6
474022 6
473985 6
473989 6
473986 6
473990 6
474033 6
474037 6
474034 6
474038 6
474001 6
474005 6
474002 6
474006 6
474081 6
474085 6
474082 6
474086 6
474049 6
474053 6
474050 6
474054 6
474097 6
474101 6
474098 6
474102 6
474065 6
474069 6
474066 6
474070 6
474145 6
474149 6
474146 6
474150 6
474113 6
474117 6
474114 6
474118 6
474161 6
474165 6
474162 6
474166 6
474129 6
474133 6
474130 6
474134 6
474209 6
474213 6
474210 6
474214 6
474177 6
474181 6
474178 6
474182 6
474225 6
474229 6
474226 6
474230 6
474193 6
474197 6
474194 6
474198 6
474273 6
474277 6
474274 6
474278 6
474241 6
474245 6
474242 6
474246 6
474289 6
474293 6
474290 6
474294 6
474257 6
474261 6
474258 6
474262 6
474337 6
474341 6
474338 6
474342 6
474305 6
474309 6
474306 6
474310 6
474353 6
474357 6
474354 6
474358 6
474321 6
474325 6
474322 6
474326 6
474401 6
474405 6
474402 6
474406 6
474369 6
474373 6
474370 6
474374 6
474417 6
474421 6
474418 6
474422 6
474385 6
474389 6
474386 6
474390 6
474465 6
474469 6
474466 6
474470 6
474433 6
474437 6
474434 6
474438 6
474481 6
474485 6
474482 6
474486 6
474449 6
474453 6
474450 6
474454 6
474529 6
474533 6
474530 6
474534 6
474497 6
474501 6
474498 6
474502 6
474545 6
474549 6
474546 6
474550 6
474513 6
474517 6
474514 6
474518 6
474593 6
474597 6
474594 6
474598 6
474561 6
474565 6
474562 6
474566 6
474609 6
474613 6
474610 6
474614 6
474577 6
474581 6
474578 6
474582 6
474657 6
474661 6
474658 6
474662 6
474625 6
474629 6
474626 6
474630 6
474673 6
474677 6
474674 6
474678 6
474641 6
474645 6
474642 6
474646 6
474721 6
474725 6
474722 6
474726 6
474689 6
474693 6
474690 6
474694 6
474737 6
474741 6
474738 6
474742 6
474705 6
474709 6
474706 6
474710 6
474785 6
474789 6
474786 6
474790 6
474753 6
474757 6
474754 6
474758 6
253729 2
253730 2
253731 2
253732 2
253745 2
253746 2
253747 2
253748 2
253737 2
253738 2
253739 2
253740 2
253753 2
253754 2
253755 2
253756 2
253793 2
253794 2
253795 2
253796 2
253809 2
253810 2
253811 2
253812 2
253801 2
253802 2
253803 2
253804 2
253817 2
253818 2
253819 2
253820 2
253857 2
253858 2
253859 2
253860 2
253873 2
253874 2
253875 2
253876 2
253865 2
253866 2
253867 2
253868 2
253881 2
253882 2
253883 2
253884 2
253921 2
253922 2
253923 2
253924 2
253937 2
253938 2
253939 2
253940 2
253929 2
253930 2
253931 2
253932 2
253945 2
253946 2
253947 2
253948 2
253985 2
253986 2
253987 2
253988 2
254001 2
254002 2
254003 2
254004 2
253993 2
253994 2
253995 2
253996 2
254009 2
254010 2
254011 2
254012 2
254049 2
254050 2
254051 2
254052 2
254065 2
254066 2
254067 2
254068 2
254057 2
254058 2
254059 2
254060 2
254073 2
254074 2
254075 2
254076 2
254113 2
254114 2
254115 2
254116 2
267132 2
267131 2
267130 2
267129 2
267116 2
267115 2
267114 2
267113 2
267124 2
267123 2
267122 2
267121 2
267108 2
267107 2
267106 2
267105 2
267068 2
267067 2
267066 2
267065 2
267052 2
267051 2
267050 2
267049 2
267060 2
267059 2
267058 2
267057 2
267044 2
267043 2
267042 2
267041 2
267004 2
267003 2
267002 2
267001 2
266988 2
266987 2
266986 2
266985 2
266996 2
266995 2
266994 2
266993 2
266980 2
266979 2
266978 2
266977 2
266940 2
266939 2
266938 2
266937 2
266924 2
266923 2
266922 2
266921 2
266932 2
266931 2
266930 2
266929 2
266916 2
266915 2
266914 2
266913 2
266876 2
266875 2
266874 2
266873 2
266860 2
266859 2
266858 2
266857 2
266868 2
266867 2
266866 2
266865 2
266852 2
266851 2
266850 2
266849 2
266812 2
266811 2
266810 2
266809 2
266796 2
266795 2
266794 2
266793 2
266804 2
266803 2
266802 2
266801 2
266788 2
266787 2
266786 2
266785 2
266748 2
266747 2
266746 2
266745 2
266732 2
266731 2
266730 2
266729 2
266740 2
266739 2
266738 2
266737 2
266724 2
266723 2
266722 2
266721 2
266684 2
266683 2
266682 2
266681 2
266668 2
266667 2
266666 2
266665 2
266676 2
266675 2
266674 2
266673 2
266660 2
266659 2
266658 2
266657 2
266620 2
266619 2
266618 2
266617 2
266604 2
266603 2
266602 2
266601 2
266612 2
266611 2
266610 2
266609 2
266596 2
266595 2
266594 2
266593 2
266556 2
266555 2
266554 2
266553 2
266540 2
266539 2
266538 2
266537 2
266548 2
266547 2
266546 2
266545 2
266532 2
266531 2
266530 2
266529 2
266492 2
266491 2
266490 2
266489 2
266476 2
266475 2
266474 2
266473 2
266484 2
266483 2
266482 2
266481 2
266468 2
266467 2
266466 2
266465 2
266428 2
266427 2
266426 2
266425 2
266412 2
266411 2
266410 2
266409 2
266420 2
266419 2
266418 2
266417 2
266404 2
266403 2
266402 2
266401 2
266364 2
266363 2
266362 2
266361 2
266348 2
266347 2
266346 2
266345 2
266356 2
266355 2
266354 2
266353 2
266340 2
266339 2
266338 2
266337 2
266300 2
266299 2
266298 2
266297 2
266284 2
266283 2
266282 2
266281 2
266292 2
266291 2
266290 2
266289 2
266276 2
266275 2
266274 2
266273 2
266236 2
266235 2
266234 2
266233 2
266220 2
266219 2
266218 2
266217 2
266228 2
266227 2
266226 2
266225 2
266212 2
266211 2
266210 2
266209 2
254315 3
254319 3
254313 3
254317 3
254283 3
254287 3
254281 3
254285 3
254307 3
254311 3
254305 3
254309 3
254275 3
254279 3
254273 3
254277 3
254268 2
254267 2
254266 2
254265 2
254252 2
254251 2
254250 2
254249 2
254260 2
254259 2
254258 2
254257 2
254244 2
254243 2
254242 2
254241 2
254204 2
254203 2
254202 2
254201 2
254188 2
254187 2
254186 2
254185 2
254196 2
254195 2
254194 2
254193 2
254180 2
254179 2
254178 2
254177 2
254140 2
254139 2
254138 2
254137 2
254124 2
254123 2
254122 2
254121 2
254132 2
254131 2
254130 2
254129 2
280557 3
280553 3
280559 3
280555 3
280525 3
280521 3
280527 3
280523 3
280549 3
280545 3
280551 3
280547 3
280517 3
280513 3
280519 3
280515 3
280505 2
280506 2
280507 2
280508 2
280489 2
280490 2
280491 2
280492 2
280497 2
280498 2
280499 2
280500 2
280481 2
280482 2
280483 2
280484 2
280441 2
280442 2
280443 2
280444 2
280425 2
280426 2
280427 2
280428 2
280433 2
280434 2
280435 2
280436 2
280417 2
280418 2
280419 2
280420 2
280377 2
280378 2
280379 2
280380 2
280361 2
280362 2
280363 2
280364 2
280369 2
280370 2
280371 2
280372 2
280353 2
280354 2
280355 2
280356 2
280313 2
280314 2
280315 2
280316 2
280297 2
280298 2
280299 2
280300 2
280305 2
280306 2
280307 2
280308 2
280289 2
280290 2
280291 2
280292 2
280249 2
280250 2
280251 2
280252 2
280233 2
280234 2
280235 2
280236 2
280241 2
280242 2
280243 2
280244 2
280225 2
280226 2
280227 2
280228 2
280185 2
280186 2
280187 2
280188 2
280169 2
280170 2
280171 2
280172 2
280177 2
280178 2
280179 2
280180 2
280161 2
280162 2
280163 2
280164 2
280121 2
280122 2
280123 2
280124 2
280105 2
280106 2
280107 2
280108 2
280113 2
280114 2
280115 2
280116 2
280097 2
280098 2
280099 2
280100 2
280057 2
280058 2
280059 2
280060 2
280041 2
280042 2
280043 2
280044 2
280049 2
280050 2
280051 2
280052 2
280033 2
280034 2
280035 2
280036 2
279993 2
279994 2
279995 2
279996 2
279977 2
279978 2
279979 2
279980 2
279985 2
279986 2
279987 2
279988 2
279969 2
279970 2
279971 2
279972 2
279929 2
279930 2
279931 2
279932 2
279913 2
279914 2
279915 2
279916 2
279921 2
279922 2
279923 2
279924 2
279905 2
279906 2
279907 2
279908 2
279865 2
279866 2
279867 2
279868 2
279849 2
279850 2
279851 2
279852 2
279857 2
279858 2
279859 2
279860 2
279841 2
279842 2
279843 2
279844 2
279801 2
279802 2
279803 2
279804 2
279785 2
279786 2
279787 2
279788 2
279793 2
279794 2
279795 2
279796 2
279777 2
279778 2
279779 2
279780 2
279737 2
279738 2
279739 2
279740 2
279721 2
279722 2
279723 2
279724 2
279729 2
279730 2
279731 2
279732 2
279713 2
279714 2
279715 2
279716 2
279673 2
279674 2
279675 2
279676 2
279657 2
279658 2
279659 2
279660 2
279665 2
279666 2
279667 2
279668 2
279649 2
279650 2
279651 2
279652 2
279609 2
279610 2
279611 2
279612 2
279593 2
279594 2
279595 2
279596 2
279601 2
279602 2
279603 2
279604 2
279585 2
279586 2
279587 2
279588 2
279545 2
279546 2
279547 2
279548 2
279529 2
279530 2
279531 2
279532 2
279537 2
279538 2
279539 2
279540 2
279521 2
279522 2
279523 2
279524 2
279481 2
279482 2
279483 2
279484 2
279465 2
279466 2
279467 2
279468 2
279473 2
279474 2
279475 2
279476 2
279457 2
279458 2
279459 2
279460 2
279417 2
279418 2
279419 2
279420 2
279401 2
279402 2
279403 2
279404 2
279409 2
279410 2
279411 2
279412 2
279393 2
279394 2
279395 2
279396 2
279353 2
279354 2
279355 2
279356 2
279337 2
279338 2
279339 2
279340 2
279345 2
279346 2
279347 2
279348 2
279329 2
279330 2
279331 2
279332 2
267437 3
267433 3
267439 3
267435 3
267405 3
267401 3
267407 3
267403 3
267429 3
267425 3
267431 3
267427 3
267397 3
267393 3
267399 3
267395 3
267385 2
267386 2
267387 2
267388 2
267369 2
267370 2
267371 2
267372 2
267377 2
267378 2
267379 2
267380 2
267361 2
267362 2
267363 2
267364 2
267321 2
267322 2
267323 2
267324 2
267305 2
267306 2
267307 2
267308 2
267313 2
267314 2
267315 2
267316 2
267297 2
267298 2
267299 2
267300 2
267257 2
267258 2
267259 2
267260 2
267241 2
267242 2
267243 2
267244 2
267249 2
267250 2
267251 2
267252 2
267233 2
267234 2
267235 2
267236 2
267193 2
267194 2
267195 2
267196 2
267177 2
267178 2
267179 2
267180 2
267185 2
267186 2
267187 2
267188 2
267169 2
267170 2
267171 2
267172 2
226849 2
226850 2
226851 2
226852 2
226865 2
226866 2
226867 2
226868 2
226857 2
226858 2
226859 2
226860 2
226873 2
226874 2
226875 2
226876 2
226913 2
226914 2
226915 2
226916 2
226929 2
226930 2
226931 2
226932 2
226921 2
226922 2
226923 2
226924 2
226937 2
226938 2
226939 2
226940 2
226977 2
226978 2
226979 2
226980 2
226993 2
226994 2
226995 2
226996 2
226985 2
226986 2
226987 2
226988 2
227001 2
227002 2
227003 2
227004 2
227041 2
227042 2
227043 2
227044 2
227057 2
227058 2
227059 2
227060 2
227049 2
227050 2
227051 2
227052 2
227065 2
227066 2
227067 2
227068 2
227105 2
227106 2
227107 2
227108 2
227121 2
227122 2
227123 2
227124 2
227113 2
227114 2
227115 2
227116 2
227129 2
227130 2
227131 2
227132 2
227169 2
227170 2
227171 2
227172 2
227185 2
227186 2
227187 2
227188 2
227177 2
227178 2
227179 2
227180 2
227193 2
227194 2
227195 2
227196 2
227233 2
227234 2
227235 2
227236 2
227249 2
227250 2
227251 2
227252 2
227241 2
227242 2
227243 2
227244 2
227257 2
227258 2
227259 2
227260 2
227297 2
227298 2
227299 2
227300 2
227313 2
227314 2
227315 2
227316 2
227305 2
227306 2
227307 2
227308 2
227321 2
227322 2
227323 2
227324 2
227361 2
227362 2
227363 2
227364 2
227377 2
227378 2
227379 2
227380 2
227369 2
227370 2
227371 2
227372 2
227385 2
227386 2
227387 2
227388 2
227425 2
227426 2
227427 2
227428 2
227441 2
227442 2
227443 2
227444 2
227433 2
227434 2
227435 2
227436 2
227449 2
227450 2
227451 2
227452 2
227489 2
227490 2
227491 2
227492 2
227505 2
227506 2
227507 2
227508 2
227497 2
227498 2
227499 2
227500 2
227513 2
227514 2
227515 2
227516 2
227553 2
227554 2
227555 2
227556 2
227569 2
227570 2
227571 2
227572 2
227561 2
227562 2
227563 2
227564 2
227577 2
227578 2
227579 2
227580 2
227617 2
227618 2
227619 2
227620 2
227633 2
227634 2
227635 2
227636 2
227625 2
227626 2
227627 2
227628 2
227641 2
227642 2
227643 2
227644 2
227681 2
227682 2
227683 2
227684 2
227697 2
227698 2
227699 2
227700 2
227689 2
227690 2
227691 2
227692 2
227705 2
227706 2
227707 2
227708 2
227745 2
227746 2
227747 2
227748 2
227761 2
227762 2
227763 2
227764 2
227753 2
227754 2
227755 2
227756 2
227769 2
227770 2
227771 2
227772 2
227809 2
227810 2
227811 2
227812 2
227825 2
227826 2
227827 2
227828 2
227817 2
227818 2
227819 2
227820 2
227833 2
227834 2
227835 2
227836 2
227873 2
227874 2
227875 2
227876 2
227889 2
227890 2
227891 2
227892 2
227881 2
227882 2
227883 2
227884 2
227897 2
227898 2
227899 2
227900 2
227937 2
227938 2
227939 2
227940 2
227953 2
227954 2
227955 2
227956 2
227945 2
227946 2
227947 2
227948 2
227961 2
227962 2
227963 2
227964 2
228001 2
228002 2
228003 2
228004 2
228017 2
228018 2
228019 2
228020 2
228009 2
228010 2
228011 2
228012 2
228025 2
228026 2
228027 2
228028 2
228037 3
228033 3
228039 3
228035 3
228069 3
228065 3
228071 3
228067 3
228045 3
228041 3
228047 3
228043 3
228077 3
228073 3
228079 3
228075 3
239969 2
239970 2
239971 2
239972 2
239985 2
239986 2
239987 2
239988 2
239977 2
239978 2
239979 2
239980 2
239993 2
239994 2
239995 2
239996 2
240033 2
240034 2
240035 2
240036 2
240049 2
240050 2
240051 2
240052 2
240041 2
240042 2
240043 2
240044 2
240057 2
240058 2
240059 2
240060 2
240097 2
240098 2
240099 2
240100 2
240113 2
240114 2
240115 2
240116 2
240105 2
240106 2
240107 2
240108 2
240121 2
240122 2
240123 2
240124 2
240161 2
240162 2
240163 2
240164 2
240177 2
240178 2
240179 2
240180 2
240169 2
240170 2
240171 2
240172 2
240185 2
240186 2
240187 2
240188 2
240225 2
240226 2
240227 2
240228 2
240241 2
240242 2
240243 2
240244 2
240233 2
240234 2
240235 2
240236 2
240249 2
240250 2
240251 2
240252 2
240289 2
240290 2
240291 2
240292 2
240305 2
240306 2
240307 2
240308 2
240297 2
240298 2
240299 2
240300 2
240313 2
240314 2
240315 2
240316 2
240353 2
240354 2
240355 2
240356 2
240369 2
240370 2
240371 2
240372 2
240361 2
240362 2
240363 2
240364 2
240377 2
240378 2
240379 2
240380 2
240417 2
240418 2
240419 2
240420 2
240433 2
240434 2
240435 2
240436 2
240425 2
240426 2
240427 2
240428 2
240441 2
240442 2
240443 2
240444 2
240481 2
240482 2
240483 2
240484 2
240497 2
240498 2
240499 2
240500 2
240489 2
240490 2
240491 2
240492 2
240505 2
240506 2
240507 2
240508 2
240545 2
240546 2
240547 2
240548 2
240561 2
240562 2
240563 2
240564 2
240553 2
240554 2
240555 2
240556 2
240569 2
240570 2
240571 2
240572 2
240609 2
240610 2
240611 2
240612 2
240625 2
240626 2
240627 2
240628 2
240617 2
240618 2
240619 2
240620 2
240633 2
240634 2
240635 2
240636 2
240673 2
240674 2
240675 2
240676 2
240689 2
240690 2
240691 2
240692 2
240681 2
240682 2
240683 2
240684 2
240697 2
240698 2
240699 2
240700 2
240737 2
240738 2
240739 2
240740 2
240753 2
240754 2
240755 2
240756 2
240745 2
240746 2
240747 2
240748 2
240761 2
240762 2
240763 2
240764 2
240801 2
240802 2
240803 2
240804 2
240817 2
240818 2
240819 2
240820 2
240809 2
240810 2
240811 2
240812 2
240825 2
240826 2
240827 2
240828 2
240865 2
240866 2
240867 2
240868 2
240881 2
240882 2
240883 2
240884 2
240873 2
240874 2
240875 2
240876 2
240889 2
240890 2
240891 2
240892 2
240929 2
240930 2
240931 2
240932 2
240945 2
240946 2
240947 2
240948 2
240937 2
240938 2
240939 2
240940 2
240953 2
240954 2
240955 2
240956 2
240993 2
240994 2
240995 2
240996 2
241009 2
241010 2
241011 2
241012 2
241001 2
241002 2
241003 2
241004 2
241017 2
241018 2
241019 2
241020 2
241057 2
241058 2
241059 2
241060 2
241073 2
241074 2
241075 2
241076 2
241065 2
241066 2
241067 2
241068 2
241081 2
241082 2
241083 2
241084 2
241121 2
241122 2
241123 2
241124 2
241137 2
241138 2
241139 2
241140 2
241129 2
241130 2
241131 2
241132 2
241145 2
241146 2
241147 2
241148 2
241157 3
241153 3
241159 3
241155 3
241189 3
241185 3
241191 3
241187 3
241165 3
241161 3
241167 3
241163 3
241197 3
241193 3
241199 3
241195 3
253089 2
253090 2
253091 2
253092 2
253105 2
253106 2
253107 2
253108 2
253097 2
253098 2
253099 2
253100 2
253113 2
253114 2
253115 2
253116 2
253153 2
253154 2
253155 2
253156 2
253169 2
253170 2
253171 2
253172 2
253161 2
253162 2
253163 2
253164 2
253177 2
253178 2
253179 2
253180 2
253217 2
253218 2
253219 2
253220 2
253233 2
253234 2
253235 2
253236 2
253225 2
253226 2
253227 2
253228 2
253241 2
253242 2
253243 2
253244 2
253281 2
253282 2
253283 2
253284 2
253297 2
253298 2
253299 2
253300 2
253289 2
253290 2
253291 2
253292 2
253305 2
253306 2
253307 2
253308 2
253345 2
253346 2
253347 2
253348 2
253361 2
253362 2
253363 2
253364 2
253353 2
253354 2
253355 2
253356 2
253369 2
253370 2
253371 2
253372 2
253409 2
253410 2
253411 2
253412 2
253425 2
253426 2
253427 2
253428 2
253417 2
253418 2
253419 2
253420 2
253433 2
253434 2
253435 2
253436 2
253473 2
253474 2
253475 2
253476 2
253489 2
253490 2
253491 2
253492 2
253481 2
253482 2
253483 2
253484 2
253497 2
253498 2
253499 2
253500 2
253537 2
253538 2
253539 2
253540 2
253553 2
253554 2
253555 2
253556 2
253545 2
253546 2
253547 2
253548 2
253561 2
253562 2
253563 2
253564 2
253601 2
253602 2
253603 2
253604 2
253617 2
253618 2
253619 2
253620 2
253609 2
253610 2
253611 2
253612 2
253625 2
253626 2
253627 2
253628 2
253665 2
253666 2
253667 2
253668 2
253681 2
253682 2
253683 2
253684 2
253673 2
253674 2
253675 2
253676 2
253689 2
253690 2
253691 2
253692 2
187937 2
187938 2
187939 2
187940 2
187953 2
187954 2
187955 2
187956 2
187945 2
187946 2
187947 2
187948 2
187961 2
187962 2
187963 2
187964 2
188001 2
188002 2
188003 2
188004 2
188017 2
188018 2
188019 2
188020 2
188009 2
188010 2
188011 2
188012 2
188025 2
188026 2
188027 2
188028 2
188065 2
188066 2
188067 2
188068 2
188081 2
188082 2
188083 2
188084 2
188073 2
188074 2
188075 2
188076 2
188089 2
188090 2
188091 2
188092 2
188129 2
188130 2
188131 2
188132 2
188145 2
188146 2
188147 2
188148 2
188137 2
188138 2
188139 2
188140 2
188153 2
188154 2
188155 2
188156 2
188193 2
188194 2
188195 2
188196 2
188209 2
188210 2
188211 2
188212 2
188201 2
188202 2
188203 2
188204 2
188217 2
188218 2
188219 2
188220 2
188257 2
188258 2
188259 2
188260 2
188273 2
188274 2
188275 2
188276 2
188265 2
188266 2
188267 2
188268 2
188281 2
188282 2
188283 2
188284 2
188321 2
188322 2
188323 2
188324 2
201724 2
201723 2
201722 2
201721 2
201708 2
201707 2
201706 2
201705 2
201716 2
201715 2
201714 2
201713 2
201700 2
201699 2
201698 2
201697 2
201660 2
201659 2
201658 2
201657 2
201644 2
201643 2
201642 2
201641 2
201652 2
201651 2
201650 2
201649 2
201636 2
201635 2
201634 2
201633 2
201596 2
201595 2
201594 2
201593 2
201580 2
201579 2
201578 2
201577 2
201588 2
201587 2
201586 2
201585 2
201572 2
201571 2
201570 2
201569 2
201532 2
201531 2
201530 2
201529 2
201516 2
201515 2
201514 2
201513 2
201524 2
201523 2
201522 2
201521 2
201508 2
201507 2
201506 2
201505 2
201468 2
201467 2
201466 2
201465 2
201452 2
201451 2
201450 2
201449 2
201460 2
201459 2
201458 2
201457 2
201444 2
201443 2
201442 2
201441 2
201404 2
201403 2
201402 2
201401 2
201388 2
201387 2
201386 2
201385 2
201396 2
201395 2
201394 2
201393 2
201380 2
201379 2
201378 2
201377 2
201340 2
201339 2
201338 2
201337 2
201324 2
201323 2
201322 2
201321 2
201332 2
201331 2
201330 2
201329 2
201316 2
201315 2
201314 2
201313 2
201276 2
201275 2
201274 2
201273 2
201260 2
201259 2
201258 2
201257 2
201268 2
201267 2
201266 2
201265 2
201252 2
201251 2
201250 2
201249 2
201212 2
201211 2
201210 2
201209 2
201196 2
201195 2
201194 2
201193 2
201204 2
201203 2
201202 2
201201 2
201188 2
201187 2
201186 2
201185 2
201148 2
201147 2
201146 2
201145 2
201132 2
201131 2
201130 2
201129 2
201140 2
201139 2
201138 2
201137 2
201124 2
201123 2
201122 2
201121 2
201084 2
201083 2
201082 2
201081 2
201068 2
201067 2
201066 2
201065 2
201076 2
201075 2
201074 2
201073 2
201060 2
201059 2
201058 2
201057 2
201020 2
201019 2
201018 2
201017 2
201004 2
201003 2
201002 2
201001 2
201012 2
201011 2
201010 2
201009 2
200996 2
200995 2
200994 2
200993 2
200956 2
200955 2
200954 2
200953 2
200940 2
200939 2
200938 2
200937 2
200948 2
200947 2
200946 2
200945 2
200932 2
200931 2
200930 2
200929 2
200892 2
200891 2
200890 2
200889 2
200876 2
200875 2
200874 2
200873 2
200884 2
200883 2
200882 2
200881 2
200868 2
200867 2
200866 2
200865 2
200828 2
200827 2
200826 2
200825 2
200812 2
200811 2
200810 2
200809 2
200820 2
200819 2
200818 2
200817 2
200804 2
200803 2
200802 2
200801 2
188540 2
188539 2
188538 2
188537 2
188524 2
188523 2
188522 2
188521 2
188532 2
188531 2
188530 2
188529 2
188516 2
188515 2
188514 2
188513 2
188476 2
188475 2
188474 2
188473 2
188460 2
188459 2
188458 2
188457 2
188468 2
188467 2
188466 2
188465 2
188452 2
188451 2
188450 2
188449 2
188412 2
188411 2
188410 2
188409 2
188396 2
188395 2
188394 2
188393 2
188404 2
188403 2
188402 2
188401 2
188388 2
188387 2
188386 2
188385 2
188348 2
188347 2
188346 2
188345 2
188332 2
188331 2
188330 2
188329 2
188340 2
188339 2
188338 2
188337 2
215545 2
215546 2
215547 2
215548 2
215529 2
215530 2
215531 2
215532 2
215537 2
215538 2
215539 2
215540 2
215521 2
215522 2
215523 2
215524 2
215481 2
215482 2
215483 2
215484 2
215465 2
215466 2
215467 2
215468 2
215473 2
215474 2
215475 2
215476 2
215457 2
215458 2
215459 2
215460 2
215417 2
215418 2
215419 2
215420 2
215401 2
215402 2
215403 2
215404 2
215409 2
215410 2
215411 2
215412 2
215393 2
215394 2
215395 2
215396 2
215353 2
215354 2
215355 2
215356 2
215337 2
215338 2
215339 2
215340 2
215345 2
215346 2
215347 2
215348 2
215329 2
215330 2
215331 2
215332 2
215289 2
215290 2
215291 2
215292 2
215273 2
215274 2
215275 2
215276 2
215281 2
215282 2
215283 2
215284 2
215265 2
215266 2
215267 2
215268 2
215225 2
215226 2
215227 2
215228 2
215209 2
215210 2
215211 2
215212 2
215217 2
215218 2
215219 2
215220 2
215201 2
215202 2
215203 2
215204 2
215161 2
215162 2
215163 2
215164 2
215145 2
215146 2
215147 2
215148 2
215153 2
215154 2
215155 2
215156 2
215137 2
215138 2
215139 2
215140 2
215097 2
215098 2
215099 2
215100 2
215081 2
215082 2
215083 2
215084 2
215089 2
215090 2
215091 2
215092 2
215073 2
215074 2
215075 2
215076 2
215033 2
215034 2
215035 2
215036 2
215017 2
215018 2
215019 2
215020 2
215025 2
215026 2
215027 2
215028 2
215009 2
215010 2
215011 2
215012 2
214969 2
214970 2
214971 2
214972 2
214953 2
214954 2
214955 2
214956 2
214961 2
214962 2
214963 2
214964 2
214945 2
214946 2
214947 2
214948 2
214905 2
214906 2
214907 2
214908 2
214889 2
214890 2
214891 2
214892 2
214897 2
214898 2
214899 2
214900 2
214881 2
214882 2
214883 2
214884 2
214841 2
214842 2
214843 2
214844 2
214825 2
214826 2
214827 2
214828 2
214833 2
214834 2
214835 2
214836 2
214817 2
214818 2
214819 2
214820 2
214777 2
214778 2
214779 2
214780 2
214761 2
214762 2
214763 2
214764 2
214769 2
214770 2
214771 2
214772 2
214753 2
214754 2
214755 2
214756 2
214713 2
214714 2
214715 2
214716 2
214697 2
214698 2
214699 2
214700 2
214705 2
214706 2
214707 2
214708 2
214689 2
214690 2
214691 2
214692 2
214649 2
214650 2
214651 2
214652 2
214633 2
214634 2
214635 2
214636 2
214641 2
214642 2
214643 2
214644 2
214625 2
214626 2
214627 2
214628 2
214585 2
214586 2
214587 2
214588 2
214569 2
214570 2
214571 2
214572 2
214577 2
214578 2
214579 2
214580 2
214561 2
214562 2
214563 2
214564 2
214521 2
214522 2
214523 2
214524 2
214505 2
214506 2
214507 2
214508 2
214513 2
214514 2
214515 2
214516 2
214497 2
214498 2
214499 2
214500 2
214457 2
214458 2
214459 2
214460 2
214441 2
214442 2
214443 2
214444 2
214449 2
214450 2
214451 2
214452 2
214433 2
214434 2
214435 2
214436 2
214393 2
214394 2
214395 2
214396 2
214377 2
214378 2
214379 2
214380 2
214385 2
214386 2
214387 2
214388 2
214369 2
214370 2
214371 2
214372 2
214329 2
214330 2
214331 2
214332 2
214313 2
214314 2
214315 2
214316 2
214321 2
214322 2
214323 2
214324 2
214305 2
214306 2
214307 2
214308 2
202041 2
202042 2
202043 2
202044 2
202025 2
202026 2
202027 2
202028 2
202033 2
202034 2
202035 2
202036 2
202017 2
202018 2
202019 2
202020 2
201977 2
201978 2
201979 2
201980 2
201961 2
201962 2
201963 2
201964 2
201969 2
201970 2
201971 2
201972 2
201953 2
201954 2
201955 2
201956 2
201913 2
201914 2
201915 2
201916 2
201897 2
201898 2
201899 2
201900 2
201905 2
201906 2
201907 2
201908 2
201889 2
201890 2
201891 2
201892 2
201849 2
201850 2
201851 2
201852 2
201833 2
201834 2
201835 2
201836 2
201841 2
201842 2
201843 2
201844 2
201825 2
201826 2
201827 2
201828 2
201785 2
201786 2
201787 2
201788 2
201769 2
201770 2
201771 2
201772 2
201777 2
201778 2
201779 2
201780 2
201761 2
201762 2
201763 2
201764 2
160289 2
160290 2
160291 2
160292 2
160305 2
160306 2
160307 2
160308 2
160297 2
160298 2
160299 2
160300 2
160313 2
160314 2
160315 2
160316 2
160353 2
160354 2
160355 2
160356 2
160369 2
160370 2
160371 2
160372 2
160361 2
160362 2
160363 2
160364 2
160377 2
160378 2
160379 2
160380 2
160417 2
160418 2
160419 2
160420 2
160433 2
160434 2
160435 2
160436 2
160425 2
160426 2
160427 2
160428 2
160441 2
160442 2
160443 2
160444 2
160481 2
160482 2
160483 2
160484 2
160497 2
160498 2
160499 2
160500 2
160489 2
160490 2
160491 2
160492 2
160505 2
160506 2
160507 2
160508 2
160545 2
160546 2
160547 2
160548 2
160561 2
160562 2
160563 2
160564 2
160553 2
160554 2
160555 2
160556 2
160569 2
160570 2
160571 2
160572 2
160609 2
160610 2
160611 2
160612 2
160625 2
160626 2
160627 2
160628 2
160617 2
160618 2
160619 2
160620 2
160633 2
160634 2
160635 2
160636 2
160673 2
160674 2
160675 2
160676 2
160689 2
160690 2
160691 2
160692 2
160681 2
160682 2
160683 2
160684 2
160697 2
160698 2
160699 2
160700 2
160737 2
160738 2
160739 2
160740 2
160753 2
160754 2
160755 2
160756 2
160745 2
160746 2
160747 2
160748 2
160761 2
160762 2
160763 2
160764 2
160801 2
160802 2
160803 2
160804 2
160817 2
160818 2
160819 2
160820 2
160809 2
160810 2
160811 2
160812 2
160825 2
160826 2
160827 2
160828 2
160865 2
160866 2
160867 2
160868 2
160881 2
160882 2
160883 2
160884 2
160873 2
160874 2
160875 2
160876 2
160889 2
160890 2
160891 2
160892 2
160929 2
160930 2
160931 2
160932 2
160945 2
160946 2
160947 2
160948 2
160937 2
160938 2
160939 2
160940 2
160953 2
160954 2
160955 2
160956 2
160993 2
160994 2
160995 2
160996 2
161009 2
161010 2
161011 2
161012 2
161001 2
161002 2
161003 2
161004 2
161017 2
161018 2
161019 2
161020 2
161057 2
161058 2
161059 2
161060 2
161073 2
161074 2
161075 2
161076 2
161065 2
161066 2
161067 2
161068 2
161081 2
161082 2
161083 2
161084 2
161121 2
161122 2
161123 2
161124 2
161137 2
161138 2
161139 2
161140 2
161129 2
161130 2
161131 2
161132 2
161145 2
161146 2
161147 2
161148 2
161185 2
161186 2
161187 2
161188 2
161201 2
161202 2
161203 2
161204 2
161193 2
161194 2
161195 2
161196 2
161209 2
161210 2
161211 2
161212 2
161249 2
161250 2
161251 2
161252 2
161265 2
161266 2
161267 2
161268 2
161257 2
161258 2
161259 2
161260 2
161273 2
161274 2
161275 2
161276 2
161313 2
161314 2
161315 2
161316 2
161329 2
161330 2
161331 2
161332 2
161321 2
161322 2
161323 2
161324 2
161337 2
161338 2
161339 2
161340 2
161377 2
161378 2
161379 2
161380 2
161393 2
161394 2
161395 2
161396 2
161385 2
161386 2
161387 2
161388 2
161401 2
161402 2
161403 2
161404 2
161441 2
161442 2
161443 2
161444 2
161457 2
161458 2
161459 2
161460 2
161449 2
161450 2
161451 2
161452 2
161465 2
161466 2
161467 2
161468 2
161505 2
161506 2
161507 2
161508 2
161521 2
161522 2
161523 2
161524 2
161513 2
161514 2
161515 2
161516 2
161529 2
161530 2
161531 2
161532 2
173793 2
173794 2
173795 2
173796 2
173809 2
173810 2
173811 2
173812 2
173801 2
173802 2
173803 2
173804 2
173817 2
173818 2
173819 2
173820 2
173857 2
173858 2
173859 2
173860 2
173873 2
173874 2
173875 2
173876 2
173865 2
173866 2
173867 2
173868 2
173881 2
173882 2
173883 2
173884 2
173921 2
173922 2
173923 2
173924 2
173937 2
173938 2
173939 2
173940 2
173929 2
173930 2
173931 2
173932 2
173945 2
173946 2
173947 2
173948 2
173985 2
173986 2
173987 2
173988 2
174001 2
174002 2
174003 2
174004 2
173993 2
173994 2
173995 2
173996 2
174009 2
174010 2
174011 2
174012 2
174049 2
174050 2
174051 2
174052 2
174065 2
174066 2
174067 2
174068 2
174057 2
174058 2
174059 2
174060 2
174073 2
174074 2
174075 2
174076 2
174113 2
174114 2
174115 2
174116 2
174129 2
174130 2
174131 2
174132 2
174121 2
174122 2
174123 2
174124 2
174137 2
174138 2
174139 2
174140 2
174177 2
174178 2
174179 2
174180 2
174193 2
174194 2
174195 2
174196 2
174185 2
174186 2
174187 2
174188 2
174201 2
174202 2
174203 2
174204 2
174241 2
174242 2
174243 2
174244 2
174257 2
174258 2
174259 2
174260 2
174249 2
174250 2
174251 2
174252 2
174265 2
174266 2
174267 2
174268 2
174305 2
174306 2
174307 2
174308 2
174321 2
174322 2
174323 2
174324 2
174313 2
174314 2
174315 2
174316 2
174329 2
174330 2
174331 2
174332 2
174369 2
174370 2
174371 2
174372 2
174385 2
174386 2
174387 2
174388 2
174377 2
174378 2
174379 2
174380 2
174393 2
174394 2
174395 2
174396 2
174433 2
174434 2
174435 2
174436 2
174449 2
174450 2
174451 2
174452 2
174441 2
174442 2
174443 2
174444 2
174457 2
174458 2
174459 2
174460 2
174497 2
174498 2
174499 2
174500 2
174513 2
174514 2
174515 2
174516 2
174505 2
174506 2
174507 2
174508 2
174521 2
174522 2
174523 2
174524 2
174561 2
174562 2
174563 2
174564 2
174577 2
174578 2
174579 2
174580 2
174569 2
174570 2
174571 2
174572 2
174585 2
174586 2
174587 2
174588 2
174625 2
174626 2
174627 2
174628 2
174641 2
174642 2
174643 2
174644 2
174633 2
174634 2
174635 2
174636 2
174649 2
174650 2
174651 2
174652 2
174689 2
174690 2
174691 2
174692 2
174705 2
174706 2
174707 2
174708 2
174697 2
174698 2
174699 2
174700 2
174713 2
174714 2
174715 2
174716 2
174753 2
174754 2
174755 2
174756 2
174769 2
174770 2
174771 2
174772 2
174761 2
174762 2
174763 2
174764 2
174777 2
174778 2
174779 2
174780 2
174817 2
174818 2
174819 2
174820 2
174833 2
174834 2
174835 2
174836 2
174825 2
174826 2
174827 2
174828 2
174841 2
174842 2
174843 2
174844 2
174881 2
174882 2
174883 2
174884 2
174897 2
174898 2
174899 2
174900 2
174889 2
174890 2
174891 2
174892 2
174905 2
174906 2
174907 2
174908 2
174945 2
174946 2
174947 2
174948 2
174961 2
174962 2
174963 2
174964 2
174953 2
174954 2
174955 2
174956 2
174969 2
174970 2
174971 2
174972 2
175009 2
175010 2
175011 2
175012 2
175025 2
175026 2
175027 2
175028 2
175017 2
175018 2
175019 2
175020 2
175033 2
175034 2
175035 2
175036 2
187297 2
187298 2
187299 2
187300 2
187313 2
187314 2
187315 2
187316 2
187305 2
187306 2
187307 2
187308 2
187321 2
187322 2
187323 2
187324 2
187361 2
187362 2
187363 2
187364 2
187377 2
187378 2
187379 2
187380 2
187369 2
187370 2
187371 2
187372 2
187385 2
187386 2
187387 2
187388 2
187425 2
187426 2
187427 2
187428 2
187441 2
187442 2
187443 2
187444 2
187433 2
187434 2
187435 2
187436 2
187449 2
187450 2
187451 2
187452 2
187489 2
187490 2
187491 2
187492 2
187505 2
187506 2
187507 2
187508 2
187497 2
187498 2
187499 2
187500 2
187513 2
187514 2
187515 2
187516 2
187553 2
187554 2
187555 2
187556 2
187569 2
187570 2
187571 2
187572 2
187561 2
187562 2
187563 2
187564 2
187577 2
187578 2
187579 2
187580 2
187617 2
187618 2
187619 2
187620 2
187633 2
187634 2
187635 2
187636 2
187625 2
187626 2
187627 2
187628 2
187641 2
187642 2
187643 2
187644 2
187681 2
187682 2
187683 2
187684 2
187697 2
187698 2
187699 2
187700 2
187689 2
187690 2
187691 2
187692 2
187705 2
187706 2
187707 2
187708 2
187745 2
187746 2
187747 2
187748 2
187761 2
187762 2
187763 2
187764 2
187753 2
187754 2
187755 2
187756 2
187769 2
187770 2
187771 2
187772 2
187809 2
187810 2
187811 2
187812 2
187825 2
187826 2
187827 2
187828 2
187817 2
187818 2
187819 2
187820 2
187833 2
187834 2
187835 2
187836 2
187873 2
187874 2
187875 2
187876 2
187889 2
187890 2
187891 2
187892 2
187881 2
187882 2
187883 2
187884 2
187897 2
187898 2
187899 2
187900 2
386821 3
386817 3
386823 3
386819 3
386853 3
386849 3
386855 3
386851 3
386829 3
386825 3
386831 3
386827 3
386861 3
386857 3
386863 3
386859 3
386885 3
386881 3
386887 3
386883 3
386917 3
386913 3
386919 3
386915 3
386893 3
386889 3
386895 3
386891 3
386925 3
386921 3
386927 3
386923 3
386949 3
386945 3
386951 3
386947 3
386981 3
386977 3
386983 3
386979 3
386957 3
386953 3
386959 3
386955 3
386989 3
386985 3
386991 3
386987 3
387013 3
387009 3
387015 3
387011 3
387045 3
387041 3
387047 3
387043 3
387021 3
387017 3
387023 3
387019 3
387053 3
387049 3
387055 3
387051 3
387077 3
387073 3
387079 3
387075 3
387109 3
387105 3
387111 3
387107 3
387085 3
387081 3
387087 3
387083 3
387117 3
387113 3
387119 3
387115 3
387141 3
387137 3
387143 3
387139 3
387173 3
387169 3
387175 3
387171 3
387149 3
387145 3
387151 3
387147 3
387181 3
387177 3
387183 3
387179 3
387205 3
387201 3
387207 3
387203 3
400235 3
400239 3
400233 3
400237 3
400203 3
400207 3
400201 3
400205 3
400227 3
400231 3
400225 3
400229 3
400195 3
400199 3
400193 3
400197 3
400171 3
400175 3
400169 3
400173 3
400139 3
400143 3
400137 3
400141 3
400163 3
400167 3
400161 3
400165 3
400131 3
400135 3
400129 3
400133 3
400107 3
400111 3
400105 3
400109 3
400075 3
400079 3
400073 3
400077 3
400099 3
400103 3
400097 3
400101 3
400067 3
400071 3
400065 3
400069 3
400043 3
400047 3
400041 3
400045 3
400011 3
400015 3
400009 3
400013 3
400035 3
400039 3
400033 3
400037 3
400003 3
400007 3
400001 3
400005 3
399979 3
399983 3
399977 3
399981 3
399947 3
399951 3
399945 3
399949 3
399971 3
399975 3
399969 3
399973 3
399939 3
399943 3
399937 3
399941 3
399915 3
399919 3
399913 3
399917 3
399883 3
399887 3
399881 3
399885 3
399907 3
399911 3
399905 3
399909 3
399875 3
399879 3
399873 3
399877 3
399851 3
399855 3
399849 3
399853 3
399819 3
399823 3
399817 3
399821 3
399843 3
399847 3
399841 3
399845 3
399811 3
399815 3
399809 3
399813 3
399787 3
399791 3
399785 3
399789 3
399755 3
399759 3
399753 3
399757 3
399779 3
399783 3
399777 3
399781 3
399747 3
399751 3
399745 3
399749 3
399723 3
399727 3
399721 3
399725 3
399691 3
399695 3
399689 3
399693 3
399715 3
399719 3
399713 3
399717 3
399683 3
399687 3
399681 3
399685 3
399659 3
399663 3
399657 3
399661 3
399627 3
399631 3
399625 3
399629 3
399651 3
399655 3
399649 3
399653 3
399619 3
399623 3
399617 3
399621 3
399595 3
399599 3
399593 3
399597 3
399563 3
399567 3
399561 3
399565 3
399587 3
399591 3
399585 3
399589 3
399555 3
399559 3
399553 3
399557 3
399531 3
399535 3
399529 3
399533 3
399499 3
399503 3
399497 3
399501 3
399523 3
399527 3
399521 3
399525 3
399491 3
399495 3
399489 3
399493 3
399467 3
399471 3
399465 3
399469 3
399435 3
399439 3
399433 3
399437 3
399459 3
399463 3
399457 3
399461 3
399427 3
399431 3
399425 3
399429 3
399403 3
399407 3
399401 3
399405 3
399371 3
399375 3
399369 3
399373 3
399395 3
399399 3
399393 3
399397 3
399363 3
399367 3
399361 3
399365 3
399339 3
399343 3
399337 3
399341 3
399307 3
399311 3
399305 3
399309 3
399331 3
399335 3
399329 3
399333 3
399299 3
399303 3
399297 3
399301 3
387452 2
387451 2
387450 2
387449 2
387436 2
387435 2
387434 2
387433 2
387444 2
387443 2
387442 2
387441 2
387428 2
387427 2
387426 2
387425 2
387371 3
387375 3
387369 3
387373 3
387339 3
387343 3
387337 3
387341 3
387363 3
387367 3
387361 3
387365 3
387331 3
387335 3
387329 3
387333 3
387307 3
387311 3
387305 3
387309 3
387275 3
387279 3
387273 3
387277 3
387299 3
387303 3
387297 3
387301 3
387267 3
387271 3
387265 3
387269 3
387243 3
387247 3
387241 3
387245 3
387211 3
387215 3
387209 3
387213 3
387235 3
387239 3
387233 3
387237 3
413689 2
413690 2
413691 2
413692 2
413673 2
413674 2
413675 2
413676 2
413681 2
413682 2
413683 2
413684 2
413665 2
413666 2
413667 2
413668 2
413613 3
413609 3
413615 3
413611 3
413581 3
413577 3
413583 3
413579 3
413605 3
413601 3
413607 3
413603 3
413573 3
413569 3
413575 3
413571 3
413549 3
413545 3
413551 3
413547 3
413517 3
413513 3
413519 3
413515 3
413541 3
413537 3
413543 3
413539 3
413509 3
413505 3
413511 3
413507 3
413485 3
413481 3
413487 3
413483 3
413453 3
413449 3
413455 3
413451 3
413477 3
413473 3
413479 3
413475 3
413445 3
413441 3
413447 3
413443 3
413421 3
413417 3
413423 3
413419 3
413389 3
413385 3
413391 3
413387 3
413413 3
413409 3
413415 3
413411 3
413381 3
413377 3
413383 3
413379 3
413357 3
413353 3
413359 3
413355 3
413325 3
413321 3
413327 3
413323 3
413349 3
413345 3
413351 3
413347 3
413317 3
413313 3
413319 3
413315 3
413293 3
413289 3
413295 3
413291 3
413261 3
413257 3
413263 3
413259 3
413285 3
413281 3
413287 3
413283 3
413253 3
413249 3
413255 3
413251 3
413229 3
413225 3
413231 3
413227 3
413197 3
413193 3
413199 3
413195 3
413221 3
413217 3
413223 3
413219 3
413189 3
413185 3
413191 3
413187 3
413165 3
413161 3
413167 3
413163 3
413133 3
413129 3
413135 3
413131 3
413157 3
413153 3
413159 3
413155 3
413125 3
413121 3
413127 3
413123 3
413101 3
413097 3
413103 3
413099 3
413069 3
413065 3
413071 3
413067 3
413093 3
413089 3
413095 3
413091 3
413061 3
413057 3
413063 3
413059 3
413037 3
413033 3
413039 3
413035 3
413005 3
413001 3
413007 3
413003 3
413029 3
413025 3
413031 3
413027 3
412997 3
412993 3
412999 3
412995 3
412973 3
412969 3
412975 3
412971 3
412941 3
412937 3
412943 3
412939 3
412965 3
412961 3
412967 3
412963 3
412933 3
412929 3
412935 3
412931 3
412909 3
412905 3
412911 3
412907 3
412877 3
412873 3
412879 3
412875 3
412901 3
412897 3
412903 3
412899 3
412869 3
412865 3
412871 3
412867 3
412845 3
412841 3
412847 3
412843 3
412813 3
412809 3
412815 3
412811 3
412837 3
412833 3
412839 3
412835 3
412805 3
412801 3
412807 3
412803 3
412781 3
412777 3
412783 3
412779 3
412749 3
412745 3
412751 3
412747 3
412773 3
412769 3
412775 3
412771 3
412741 3
412737 3
412743 3
412739 3
412717 3
412713 3
412719 3
412715 3
412685 3
412681 3
412687 3
412683 3
412709 3
412705 3
412711 3
412707 3
412677 3
412673 3
412679 3
412675 3
412653 3
412649 3
412655 3
412651 3
412621 3
412617 3
412623 3
412619 3
412645 3
412641 3
412647 3
412643 3
412613 3
412609 3
412615 3
412611 3
412589 3
412585 3
412591 3
412587 3
412557 3
412553 3
412559 3
412555 3
412581 3
412577 3
412583 3
412579 3
412549 3
412545 3
412551 3
412547 3
412525 3
412521 3
412527 3
412523 3
412493 3
412489 3
412495 3
412491 3
412517 3
412513 3
412519 3
412515 3
412485 3
412481 3
412487 3
412483 3
412461 3
412457 3
412463 3
412459 3
412429 3
412425 3
412431 3
412427 3
412453 3
412449 3
412455 3
412451 3
412421 3
412417 3
412423 3
412419 3
400569 2
400570 2
400571 2
400572 2
400553 2
400554 2
400555 2
400556 2
400561 2
400562 2
400563 2
400564 2
400545 2
400546 2
400547 2
400548 2
400493 3
400489 3
400495 3
400491 3
400461 3
400457 3
400463 3
400459 3
400485 3
400481 3
400487 3
400483 3
400453 3
400449 3
400455 3
400451 3
400429 3
400425 3
400431 3
400427 3
400397 3
400393 3
400399 3
400395 3
400421 3
400417 3
400423 3
400419 3
400389 3
400385 3
400391 3
400387 3
400365 3
400361 3
400367 3
400363 3
400333 3
400329 3
400335 3
400331 3
400357 3
400353 3
400359 3
400355 3
400325 3
400321 3
400327 3
400323 3
400301 3
400297 3
400303 3
400299 3
400269 3
400265 3
400271 3
400267 3
400293 3
400289 3
400295 3
400291 3
400261 3
400257 3
400263 3
400259 3
359941 3
359937 3
359943 3
359939 3
359973 3
359969 3
359975 3
359971 3
359949 3
359945 3
359951 3
359947 3
359981 3
359977 3
359983 3
359979 3
360005 3
360001 3
360007 3
360003 3
360037 3
360033 3
360039 3
360035 3
360013 3
360009 3
360015 3
360011 3
360045 3
360041 3
360047 3
360043 3
360069 3
360065 3
360071 3
360067 3
360101 3
360097 3
360103 3
360099 3
360077 3
360073 3
360079 3
360075 3
360109 3
360105 3
360111 3
360107 3
360133 3
360129 3
360135 3
360131 3
360165 3
360161 3
360167 3
360163 3
360141 3
360137 3
360143 3
360139 3
360173 3
360169 3
360175 3
360171 3
360197 3
360193 3
360199 3
360195 3
360229 3
360225 3
360231 3
360227 3
360205 3
360201 3
360207 3
360203 3
360237 3
360233 3
360239 3
360235 3
360261 3
360257 3
360263 3
360259 3
360293 3
360289 3
360295 3
360291 3
360269 3
360265 3
360271 3
360267 3
360301 3
360297 3
360303 3
360299 3
360325 3
360321 3
360327 3
360323 3
360357 3
360353 3
360359 3
360355 3
360333 3
360329 3
360335 3
360331 3
360365 3
360361 3
360367 3
360363 3
360389 3
360385 3
360391 3
360387 3
360421 3
360417 3
360423 3
360419 3
360397 3
360393 3
360399 3
360395 3
360429 3
360425 3
360431 3
360427 3
360453 3
360449 3
360455 3
360451 3
360485 3
360481 3
360487 3
360483 3
360461 3
360457 3
360463 3
360459 3
360493 3
360489 3
360495 3
360491 3
360517 3
360513 3
360519 3
360515 3
360549 3
360545 3
360551 3
360547 3
360525 3
360521 3
360527 3
360523 3
360557 3
360553 3
360559 3
360555 3
360581 3
360577 3
360583 3
360579 3
360613 3
360609 3
360615 3
360611 3
360589 3
360585 3
360591 3
360587 3
360621 3
360617 3
360623 3
360619 3
360645 3
360641 3
360647 3
360643 3
360677 3
360673 3
360679 3
360675 3
360653 3
360649 3
360655 3
360651 3
360685 3
360681 3
360687 3
360683 3
360709 3
360705 3
360711 3
360707 3
360741 3
360737 3
360743 3
360739 3
360717 3
360713 3
360719 3
360715 3
360749 3
360745 3
360751 3
360747 3
360773 3
360769 3
360775 3
360771 3
360805 3
360801 3
360807 3
360803 3
360781 3
360777 3
360783 3
360779 3
360813 3
360809 3
360815 3
360811 3
360837 3
360833 3
360839 3
360835 3
360869 3
360865 3
360871 3
360867 3
360845 3
360841 3
360847 3
360843 3
360877 3
360873 3
360879 3
360875 3
360901 3
360897 3
360903 3
360899 3
360933 3
360929 3
360935 3
360931 3
360909 3
360905 3
360911 3
360907 3
360941 3
360937 3
360943 3
360939 3
360965 3
360961 3
360967 3
360963 3
360997 3
360993 3
360999 3
360995 3
360973 3
360969 3
360975 3
360971 3
361005 3
361001 3
361007 3
361003 3
361029 3
361025 3
361031 3
361027 3
361061 3
361057 3
361063 3
361059 3
361037 3
361033 3
361039 3
361035 3
361069 3
361065 3
361071 3
361067 3
361093 3
361089 3
361095 3
361091 3
361125 3
361121 3
361127 3
361123 3
361101 3
361097 3
361103 3
361099 3
361133 3
361129 3
361135 3
361131 3
361185 2
361186 2
361187 2
361188 2
361201 2
361202 2
361203 2
361204 2
361193 2
361194 2
361195 2
361196 2
361209 2
361210 2
361211 2
361212 2
373061 3
373057 3
373063 3
373059 3
373093 3
373089 3
373095 3
373091 3
373069 3
373065 3
373071 3
373067 3
373101 3
373097 3
373103 3
373099 3
373125 3
373121 3
373127 3
373123 3
373157 3
373153 3
373159 3
373155 3
373133 3
373129 3
373135 3
373131 3
373165 3
373161 3
373167 3
373163 3
373189 3
373185 3
373191 3
373187 3
373221 3
373217 3
373223 3
373219 3
373197 3
373193 3
373199 3
373195 3
373229 3
373225 3
373231 3
373227 3
373253 3
373249 3
373255 3
373251 3
373285 3
373281 3
373287 3
373283 3
373261 3
373257 3
373263 3
373259 3
373293 3
373289 3
373295 3
373291 3
373317 3
373313 3
373319 3
373315 3
373349 3
373345 3
373351 3
373347 3
373325 3
373321 3
373327 3
373323 3
373357 3
373353 3
373359 3
373355 3
373381 3
373377 3
373383 3
373379 3
373413 3
373409 3
373415 3
373411 3
373389 3
373385 3
373391 3
373387 3
373421 3
373417 3
373423 3
373419 3
373445 3
373441 3
373447 3
373443 3
373477 3
373473 3
373479 3
373475 3
373453 3
373449 3
373455 3
373451 3
373485 3
373481 3
373487 3
373483 3
373509 3
373505 3
373511 3
373507 3
373541 3
373537 3
373543 3
373539 3
373517 3
373513 3
373519 3
373515 3
373549 3
373545 3
373551 3
373547 3
373573 3
373569 3
373575 3
373571 3
373605 3
373601 3
373607 3
373603 3
373581 3
373577 3
373583 3
373579 3
373613 3
373609 3
373615 3
373611 3
373637 3
373633 3
373639 3
373635 3
373669 3
373665 3
373671 3
373667 3
373645 3
373641 3
373647 3
373643 3
373677 3
373673 3
373679 3
373675 3
373701 3
373697 3
373703 3
373699 3
373733 3
373729 3
373735 3
373731 3
373709 3
373705 3
373711 3
373707 3
373741 3
373737 3
373743 3
373739 3
373765 3
373761 3
373767 3
373763 3
373797 3
373793 3
373799 3
373795 3
373773 3
373769 3
373775 3
373771 3
373805 3
373801 3
373807 3
373803 3
373829 3
373825 3
373831 3
373827 3
373861 3
373857 3
373863 3
373859 3
373837 3
373833 3
373839 3
373835 3
373869 3
373865 3
373871 3
373867 3
373893 3
373889 3
373895 3
373891 3
373925 3
373921 3
373927 3
373923 3
373901 3
373897 3
373903 3
373899 3
373933 3
373929 3
373935 3
373931 3
373957 3
373953 3
373959 3
373955 3
373989 3
373985 3
373991 3
373987 3
373965 3
373961 3
373967 3
373963 3
373997 3
373993 3
373999 3
373995 3
374021 3
374017 3
374023 3
374019 3
374053 3
374049 3
374055 3
374051 3
374029 3
374025 3
374031 3
374027 3
374061 3
374057 3
374063 3
374059 3
374085 3
374081 3
374087 3
374083 3
374117 3
374113 3
374119 3
374115 3
374093 3
374089 3
374095 3
374091 3
374125 3
374121 3
374127 3
374123 3
374149 3
374145 3
374151 3
374147 3
374181 3
374177 3
374183 3
374179 3
374157 3
374153 3
374159 3
374155 3
374189 3
374185 3
374191 3
374187 3
374213 3
374209 3
374215 3
374211 3
374245 3
374241 3
374247 3
374243 3
374221 3
374217 3
374223 3
374219 3
374253 3
374249 3
374255 3
374251 3
374305 2
374306 2
374307 2
374308 2
374321 2
374322 2
374323 2
374324 2
374313 2
374314 2
374315 2
374316 2
374329 2
374330 2
374331 2
374332 2
386181 3
386177 3
386183 3
386179 3
386213 3
386209 3
386215 3
386211 3
386189 3
386185 3
386191 3
386187 3
386221 3
386217 3
386223 3
386219 3
386245 3
386241 3
386247 3
386243 3
386277 3
386273 3
386279 3
386275 3
386253 3
386249 3
386255 3
386251 3
386285 3
386281 3
386287 3
386283 3
386309 3
386305 3
386311 3
386307 3
386341 3
386337 3
386343 3
386339 3
386317 3
386313 3
386319 3
386315 3
386349 3
386345 3
386351 3
386347 3
386373 3
386369 3
386375 3
386371 3
386405 3
386401 3
386407 3
386403 3
386381 3
386377 3
386383 3
386379 3
386413 3
386409 3
386415 3
386411 3
386437 3
386433 3
386439 3
386435 3
386469 3
386465 3
386471 3
386467 3
386445 3
386441 3
386447 3
386443 3
386477 3
386473 3
386479 3
386475 3
386501 3
386497 3
386503 3
386499 3
386533 3
386529 3
386535 3
386531 3
386509 3
386505 3
386511 3
386507 3
386541 3
386537 3
386543 3
386539 3
386565 3
386561 3
386567 3
386563 3
386597 3
386593 3
386599 3
386595 3
386573 3
386569 3
386575 3
386571 3
386605 3
386601 3
386607 3
386603 3
386629 3
386625 3
386631 3
386627 3
386661 3
386657 3
386663 3
386659 3
386637 3
386633 3
386639 3
386635 3
386669 3
386665 3
386671 3
386667 3
386693 3
386689 3
386695 3
386691 3
386725 3
386721 3
386727 3
386723 3
386701 3
386697 3
386703 3
386699 3
386733 3
386729 3
386735 3
386731 3
386757 3
386753 3
386759 3
386755 3
386789 3
386785 3
386791 3
386787 3
386765 3
386761 3
386767 3
386763 3
386797 3
386793 3
386799 3
386795 3
519749 3
519745 3
519751 3
519747 3
519781 3
519777 3
519783 3
519779 3
519757 3
519753 3
519759 3
519755 3
519789 3
519785 3
519791 3
519787 3
519813 3
519809 3
519815 3
519811 3
519845 3
519841 3
519847 3
519843 3
519821 3
519817 3
519823 3
519819 3
519853 3
519849 3
519855 3
519851 3
519877 3
519873 3
519879 3
519875 3
519909 3
519905 3
519911 3
519907 3
519885 3
519881 3
519887 3
519883 3
519917 3
519913 3
519919 3
519915 3
519941 3
519937 3
519943 3
519939 3
519973 3
519969 3
519975 3
519971 3
519949 3
519945 3
519951 3
519947 3
519981 3
519977 3
519983 3
519979 3
520005 3
520001 3
520007 3
520003 3
520037 3
520033 3
520039 3
520035 3
520013 3
520009 3
520015 3
520011 3
520045 3
520041 3
520047 3
520043 3
520069 3
520065 3
520071 3
520067 3
520101 3
520097 3
520103 3
520099 3
520077 3
520073 3
520079 3
520075 3
520109 3
520105 3
520111 3
520107 3
520133 3
520129 3
520135 3
520131 3
533547 3
533551 3
533545 3
533549 3
533515 3
533519 3
533513 3
533517 3
533539 3
533543 3
533537 3
533541 3
533507 3
533511 3
533505 3
533509 3
533483 3
533487 3
533481 3
533485 3
533451 3
533455 3
533449 3
533453 3
533475 3
533479 3
533473 3
533477 3
533443 3
533447 3
533441 3
533445 3
533419 3
533423 3
533417 3
533421 3
533387 3
533391 3
533385 3
533389 3
533411 3
533415 3
533409 3
533413 3
533379 3
533383 3
533377 3
533381 3
533355 3
533359 3
533353 3
533357 3
533323 3
533327 3
533321 3
533325 3
533347 3
533351 3
533345 3
533349 3
533315 3
533319 3
533313 3
533317 3
533291 3
533295 3
533289 3
533293 3
533259 3
533263 3
533257 3
533261 3
533283 3
533287 3
533281 3
533285 3
533251 3
533255 3
533249 3
533253 3
533227 3
533231 3
533225 3
533229 3
533195 3
533199 3
533193 3
533197 3
533219 3
533223 3
533217 3
533221 3
533187 3
533191 3
533185 3
533189 3
533163 3
533167 3
533161 3
533165 3
533131 3
533135 3
533129 3
533133 3
533155 3
533159 3
533153 3
533157 3
533123 3
533127 3
533121 3
533125 3
533099 3
533103 3
533097 3
533101 3
533067 3
533071 3
533065 3
533069 3
533091 3
533095 3
533089 3
533093 3
533059 3
533063 3
533057 3
533061 3
533035 3
533039 3
533033 3
533037 3
533003 3
533007 3
533001 3
533005 3
533027 3
533031 3
533025 3
533029 3
532995 3
532999 3
532993 3
532997 3
532971 3
532975 3
532969 3
532973 3
532939 3
532943 3
532937 3
532941 3
532963 3
532967 3
532961 3
532965 3
532931 3
532935 3
532929 3
532933 3
532907 3
532911 3
532905 3
532909 3
532875 3
532879 3
532873 3
532877 3
532899 3
532903 3
532897 3
532901 3
532867 3
532871 3
532865 3
532869 3
532843 3
532847 3
532841 3
532845 3
532811 3
532815 3
532809 3
532813 3
532835 3
532839 3
532833 3
532837 3
532803 3
532807 3
532801 3
532805 3
532779 3
532783 3
532777 3
532781 3
532747 3
532751 3
532745 3
532749 3
532771 3
532775 3
532769 3
532773 3
532739 3
532743 3
532737 3
532741 3
532715 3
532719 3
532713 3
532717 3
532683 3
532687 3
532681 3
532685 3
532707 3
532711 3
532705 3
532709 3
532675 3
532679 3
532673 3
532677 3
532651 3
532655 3
532649 3
532653 3
532619 3
532623 3
532617 3
532621 3
532643 3
532647 3
532641 3
532645 3
532611 3
532615 3
532609 3
532613 3
520363 3
520367 3
520361 3
520365 3
520331 3
520335 3
520329 3
520333 3
520355 3
520359 3
520353 3
520357 3
520323 3
520327 3
520321 3
520325 3
520299 3
520303 3
520297 3
520301 3
520267 3
520271 3
520265 3
520269 3
520291 3
520295 3
520289 3
520293 3
520259 3
520263 3
520257 3
520261 3
520235 3
520239 3
520233 3
520237 3
520203 3
520207 3
520201 3
520205 3
520227 3
520231 3
520225 3
520229 3
520195 3
520199 3
520193 3
520197 3
520171 3
520175 3
520169 3
520173 3
520139 3
520143 3
520137 3
520141 3
520163 3
520167 3
520161 3
520165 3
547373 3
547369 3
547375 3
547371 3
547341 3
547337 3
547343 3
547339 3
547365 3
547361 3
547367 3
547363 3
547333 3
547329 3
547335 3
547331 3
547309 3
547305 3
547311 3
547307 3
547277 3
547273 3
547279 3
547275 3
547301 3
547297 3
547303 3
547299 3
547269 3
547265 3
547271 3
547267 3
547245 3
547241 3
547247 3
547243 3
547213 3
547209 3
547215 3
547211 3
547237 3
547233 3
547239 3
547235 3
547205 3
547201 3
547207 3
547203 3
547181 3
547177 3
547183 3
547179 3
547149 3
547145 3
547151 3
547147 3
547173 3
547169 3
547175 3
547171 3
547141 3
547137 3
547143 3
547139 3
547117 3
547113 3
547119 3
547115 3
547085 3
547081 3
547087 3
547083 3
547109 3
547105 3
547111 3
547107 3
547077 3
547073 3
547079 3
547075 3
547053 3
547049 3
547055 3
547051 3
547021 3
547017 3
547023 3
547019 3
547045 3
547041 3
547047 3
547043 3
547013 3
547009 3
547015 3
547011 3
546989 3
546985 3
546991 3
546987 3
546957 3
546953 3
546959 3
546955 3
546981 3
546977 3
546983 3
546979 3
546949 3
546945 3
546951 3
546947 3
546925 3
546921 3
546927 3
546923 3
546893 3
546889 3
546895 3
546891 3
546917 3
546913 3
546919 3
546915 3
546885 3
546881 3
546887 3
546883 3
546861 3
546857 3
546863 3
546859 3
546829 3
546825 3
546831 3
546827 3
546853 3
546849 3
546855 3
546851 3
546821 3
546817 3
546823 3
546819 3
546797 3
546793 3
546799 3
546795 3
546765 3
546761 3
546767 3
546763 3
546789 3
546785 3
546791 3
546787 3
546757 3
546753 3
546759 3
546755 3
546733 3
546729 3
546735 3
546731 3
546701 3
546697 3
546703 3
546699 3
546725 3
546721 3
546727 3
546723 3
546693 3
546689 3
546695 3
546691 3
546669 3
546665 3
546671 3
546667 3
546637 3
546633 3
546639 3
546635 3
546661 3
546657 3
546663 3
546659 3
546629 3
546625 3
546631 3
546627 3
546605 3
546601 3
546607 3
546603 3
546573 3
546569 3
546575 3
546571 3
546597 3
546593 3
546599 3
546595 3
546565 3
546561 3
546567 3
546563 3
546541 3
546537 3
546543 3
546539 3
546509 3
546505 3
546511 3
546507 3
546533 3
546529 3
546535 3
546531 3
546501 3
546497 3
546503 3
546499 3
546477 3
546473 3
546479 3
546475 3
546445 3
546441 3
546447 3
546443 3
546469 3
546465 3
546471 3
546467 3
546437 3
546433 3
546439 3
546435 3
546413 3
546409 3
546415 3
546411 3
546381 3
546377 3
546383 3
546379 3
546405 3
546401 3
546407 3
546403 3
546373 3
546369 3
546375 3
546371 3
546349 3
546345 3
546351 3
546347 3
546317 3
546313 3
546319 3
546315 3
546341 3
546337 3
546343 3
546339 3
546309 3
546305 3
546311 3
546307 3
546285 3
546281 3
546287 3
546283 3
546253 3
546249 3
546255 3
546251 3
546277 3
546273 3
546279 3
546275 3
546245 3
546241 3
546247 3
546243 3
546221 3
546217 3
546223 3
546219 3
546189 3
546185 3
546191 3
546187 3
546213 3
546209 3
546215 3
546211 3
546181 3
546177 3
546183 3
546179 3
546157 3
546153 3
546159 3
546155 3
546125 3
546121 3
546127 3
546123 3
546149 3
546145 3
546151 3
546147 3
546117 3
546113 3
546119 3
546115 3
533869 3
533865 3
533871 3
533867 3
533837 3
533833 3
533839 3
533835 3
533861 3
533857 3
533863 3
533859 3
533829 3
533825 3
533831 3
533827 3
533805 3
533801 3
533807 3
533803 3
533773 3
533769 3
533775 3
533771 3
533797 3
533793 3
533799 3
533795 3
533765 3
533761 3
533767 3
533763 3
533741 3
533737 3
533743 3
533739 3
533709 3
533705 3
533711 3
533707 3
533733 3
533729 3
533735 3
533731 3
533701 3
533697 3
533703 3
533699 3
533677 3
533673 3
533679 3
533675 3
533645 3
533641 3
533647 3
533643 3
533669 3
533665 3
533671 3
533667 3
533637 3
533633 3
533639 3
533635 3
533613 3
533609 3
533615 3
533611 3
533581 3
533577 3
533583 3
533579 3
533605 3
533601 3
533607 3
533603 3
533573 3
533569 3
533575 3
533571 3
492101 3
492097 3
492103 3
492099 3
492133 3
492129 3
492135 3
492131 3
492109 3
492105 3
492111 3
492107 3
492141 3
492137 3
492143 3
492139 3
492165 3
492161 3
492167 3
492163 3
492197 3
492193 3
492199 3
492195 3
492173 3
492169 3
492175 3
492171 3
492205 3
492201 3
492207 3
492203 3
492229 3
492225 3
492231 3
492227 3
492261 3
492257 3
492263 3
492259 3
492237 3
492233 3
492239 3
492235 3
492269 3
492265 3
492271 3
492267 3
492293 3
492289 3
492295 3
492291 3
492325 3
492321 3
492327 3
492323 3
492301 3
492297 3
492303 3
492299 3
492333 3
492329 3
492335 3
492331 3
492357 3
492353 3
492359 3
492355 3
492389 3
492385 3
492391 3
492387 3
492365 3
492361 3
492367 3
492363 3
492397 3
492393 3
492399 3
492395 3
492421 3
492417 3
492423 3
492419 3
492453 3
492449 3
492455 3
492451 3
492429 3
492425 3
492431 3
492427 3
492461 3
492457 3
492463 3
492459 3
492485 3
492481 3
492487 3
492483 3
492517 3
492513 3
492519 3
492515 3
492493 3
492489 3
492495 3
492491 3
492525 3
492521 3
492527 3
492523 3
492549 3
492545 3
492551 3
492547 3
492581 3
492577 3
492583 3
492579 3
492557 3
492553 3
492559 3
492555 3
492589 3
492585 3
492591 3
492587 3
492613 3
492609 3
492615 3
492611 3
492645 3
492641 3
492647 3
492643 3
492621 3
492617 3
492623 3
492619 3
492653 3
492649 3
492655 3
492651 3
492677 3
492673 3
492679 3
492675 3
492709 3
492705 3
492711 3
492707 3
492685 3
492681 3
492687 3
492683 3
492717 3
492713 3
492719 3
492715 3
492741 3
492737 3
492743 3
492739 3
492773 3
492769 3
492775 3
492771 3
492749 3
492745 3
492751 3
492747 3
492781 3
492777 3
492783 3
492779 3
492805 3
492801 3
492807 3
492803 3
492837 3
492833 3
492839 3
492835 3
492813 3
492809 3
492815 3
492811 3
492845 3
492841 3
492847 3
492843 3
492869 3
492865 3
492871 3
492867 3
492901 3
492897 3
492903 3
492899 3
492877 3
492873 3
492879 3
492875 3
492909 3
492905 3
492911 3
492907 3
492933 3
492929 3
492935 3
492931 3
492965 3
492961 3
492967 3
492963 3
492941 3
492937 3
492943 3
492939 3
492973 3
492969 3
492975 3
492971 3
492997 3
492993 3
492999 3
492995 3
493029 3
493025 3
493031 3
493027 3
493005 3
493001 3
493007 3
493003 3
493037 3
493033 3
493039 3
493035 3
493061 3
493057 3
493063 3
493059 3
493093 3
493089 3
493095 3
493091 3
493069 3
493065 3
493071 3
493067 3
493101 3
493097 3
493103 3
493099 3
493125 3
493121 3
493127 3
493123 3
493157 3
493153 3
493159 3
493155 3
493133 3
493129 3
493135 3
493131 3
493165 3
493161 3
493167 3
493163 3
493189 3
493185 3
493191 3
493187 3
493221 3
493217 3
493223 3
493219 3
493197 3
493193 3
493199 3
493195 3
493229 3
493225 3
493231 3
493227 3
493253 3
493249 3
493255 3
493251 3
493285 3
493281 3
493287 3
493283 3
493261 3
493257 3
493263 3
493259 3
493293 3
493289 3
493295 3
493291 3
493317 3
493313 3
493319 3
493315 3
493349 3
493345 3
493351 3
493347 3
493325 3
493321 3
493327 3
493323 3
493357 3
493353 3
493359 3
493355 3
505605 3
505601 3
505607 3
505603 3
505637 3
505633 3
505639 3
505635 3
505613 3
505609 3
505615 3
505611 3
505645 3
505641 3
505647 3
505643 3
505669 3
505665 3
505671 3
505667 3
505701 3
505697 3
505703 3
505699 3
505677 3
505673 3
505679 3
505675 3
505709 3
505705 3
505711 3
505707 3
505733 3
505729 3
505735 3
505731 3
505765 3
505761 3
505767 3
505763 3
505741 3
505737 3
505743 3
505739 3
505773 3
505769 3
505775 3
505771 3
505797 3
505793 3
505799 3
505795 3
505829 3
505825 3
505831 3
505827 3
505805 3
505801 3
505807 3
505803 3
505837 3
505833 3
505839 3
505835 3
505861 3
505857 3
505863 3
505859 3
505893 3
505889 3
505895 3
505891 3
505869 3
505865 3
505871 3
505867 3
505901 3
505897 3
505903 3
505899 3
505925 3
505921 3
505927 3
505923 3
505957 3
505953 3
505959 3
505955 3
505933 3
505929 3
505935 3
505931 3
505965 3
505961 3
505967 3
505963 3
505989 3
505985 3
505991 3
505987 3
506021 3
506017 3
506023 3
506019 3
505997 3
505993 3
505999 3
505995 3
506029 3
506025 3
506031 3
506027 3
506053 3
506049 3
506055 3
506051 3
506085 3
506081 3
506087 3
506083 3
506061 3
506057 3
506063 3
506059 3
506093 3
506089 3
506095 3
506091 3
506117 3
506113 3
506119 3
506115 3
506149 3
506145 3
506151 3
506147 3
506125 3
506121 3
506127 3
506123 3
506157 3
506153 3
506159 3
506155 3
506181 3
506177 3
506183 3
506179 3
506213 3
506209 3
506215 3
506211 3
506189 3
506185 3
506191 3
506187 3
506221 3
506217 3
506223 3
506219 3
506245 3
506241 3
506247 3
506243 3
506277 3
506273 3
506279 3
506275 3
506253 3
506249 3
506255 3
506251 3
506285 3
506281 3
506287 3
506283 3
506309 3
506305 3
506311 3
506307 3
506341 3
506337 3
506343 3
506339 3
506317 3
506313 3
506319 3
506315 3
506349 3
506345 3
506351 3
506347 3
506373 3
506369 3
506375 3
506371 3
506405 3
506401 3
506407 3
506403 3
506381 3
506377 3
506383 3
506379 3
506413 3
506409 3
506415 3
506411 3
506437 3
506433 3
506439 3
506435 3
506469 3
506465 3
506471 3
506467 3
506445 3
506441 3
506447 3
506443 3
506477 3
506473 3
506479 3
506475 3
506501 3
506497 3
506503 3
506499 3
506533 3
506529 3
506535 3
506531 3
506509 3
506505 3
506511 3
506507 3
506541 3
506537 3
506543 3
506539 3
506565 3
506561 3
506567 3
506563 3
506597 3
506593 3
506599 3
506595 3
506573 3
506569 3
506575 3
506571 3
506605 3
506601 3
506607 3
506603 3
506629 3
506625 3
506631 3
506627 3
506661 3
506657 3
506663 3
506659 3
506637 3
506633 3
506639 3
506635 3
506669 3
506665 3
506671 3
506667 3
506693 3
506689 3
506695 3
506691 3
506725 3
506721 3
506727 3
506723 3
506701 3
506697 3
506703 3
506699 3
506733 3
506729 3
506735 3
506731 3
506757 3
506753 3
506759 3
506755 3
506789 3
506785 3
506791 3
506787 3
506765 3
506761 3
506767 3
506763 3
506797 3
506793 3
506799 3
506795 3
506821 3
506817 3
506823 3
506819 3
506853 3
506849 3
506855 3
506851 3
506829 3
506825 3
506831 3
506827 3
506861 3
506857 3
506863 3
506859 3
519109 3
519105 3
519111 3
519107 3
519141 3
519137 3
519143 3
519139 3
519117 3
519113 3
519119 3
519115 3
519149 3
519145 3
519151 3
519147 3
519173 3
519169 3
519175 3
519171 3
519205 3
519201 3
519207 3
519203 3
519181 3
519177 3
519183 3
519179 3
519213 3
519209 3
519215 3
519211 3
519237 3
519233 3
519239 3
519235 3
519269 3
519265 3
519271 3
519267 3
519245 3
519241 3
519247 3
519243 3
519277 3
519273 3
519279 3
519275 3
519301 3
519297 3
519303 3
519299 3
519333 3
519329 3
519335 3
519331 3
519309 3
519305 3
519311 3
519307 3
519341 3
519337 3
519343 3
519339 3
519365 3
519361 3
519367 3
519363 3
519397 3
519393 3
519399 3
519395 3
519373 3
519369 3
519375 3
519371 3
519405 3
519401 3
519407 3
519403 3
519429 3
519425 3
519431 3
519427 3
519461 3
519457 3
519463 3
519459 3
519437 3
519433 3
519439 3
519435 3
519469 3
519465 3
519471 3
519467 3
519493 3
519489 3
519495 3
519491 3
519525 3
519521 3
519527 3
519523 3
519501 3
519497 3
519503 3
519499 3
519533 3
519529 3
519535 3
519531 3
519557 3
519553 3
519559 3
519555 3
519589 3
519585 3
519591 3
519587 3
519565 3
519561 3
519567 3
519563 3
519597 3
519593 3
519599 3
519595 3
519621 3
519617 3
519623 3
519619 3
519653 3
519649 3
519655 3
519651 3
519629 3
519625 3
519631 3
519627 3
519661 3
519657 3
519663 3
519659 3
519685 3
519681 3
519687 3
519683 3
519717 3
519713 3
519719 3
519715 3
519693 3
519689 3
519695 3
519691 3
519725 3
519721 3
519727 3
519723 3
120609 2
120610 2
120611 2
120612 2
120625 2
120626 2
120627 2
120628 2
120617 2
120618 2
120619 2
120620 2
120633 2
120634 2
120635 2
120636 2
120673 2
120674 2
120675 2
120676 2
120689 2
120690 2
120691 2
120692 2
120681 2
120682 2
120683 2
120684 2
120697 2
120698 2
120699 2
120700 2
120737 2
120738 2
120739 2
120740 2
120753 2
120754 2
120755 2
120756 2
120745 2
120746 2
120747 2
120748 2
120761 2
120762 2
120763 2
120764 2
120801 2
120802 2
120803 2
120804 2
120817 2
120818 2
120819 2
120820 2
120809 2
120810 2
120811 2
120812 2
120825 2
120826 2
120827 2
120828 2
120865 2
120866 2
120867 2
120868 2
120881 2
120882 2
120883 2
120884 2
120873 2
120874 2
120875 2
120876 2
120889 2
120890 2
120891 2
120892 2
120929 2
120930 2
120931 2
120932 2
120945 2
120946 2
120947 2
120948 2
120937 2
120938 2
120939 2
120940 2
120953 2
120954 2
120955 2
120956 2
120993 2
120994 2
120995 2
120996 2
134012 2
134011 2
134010 2
134009 2
133996 2
133995 2
133994 2
133993 2
134004 2
134003 2
134002 2
134001 2
133988 2
133987 2
133986 2
133985 2
133948 2
133947 2
133946 2
133945 2
133932 2
133931 2
133930 2
133929 2
133940 2
133939 2
133938 2
133937 2
133924 2
133923 2
133922 2
133921 2
133884 2
133883 2
133882 2
133881 2
133868 2
133867 2
133866 2
133865 2
133876 2
133875 2
133874 2
133873 2
133860 2
133859 2
133858 2
133857 2
133820 2
133819 2
133818 2
133817 2
133804 2
133803 2
133802 2
133801 2
133812 2
133811 2
133810 2
133809 2
133796 2
133795 2
133794 2
133793 2
133756 2
133755 2
133754 2
133753 2
133740 2
133739 2
133738 2
133737 2
133748 2
133747 2
133746 2
133745 2
133732 2
133731 2
133730 2
133729 2
133692 2
133691 2
133690 2
133689 2
133676 2
133675 2
133674 2
133673 2
133684 2
133683 2
133682 2
133681 2
133668 2
133667 2
133666 2
133665 2
133628 2
133627 2
133626 2
133625 2
133612 2
133611 2
133610 2
133609 2
133620 2
133619 2
133618 2
133617 2
133604 2
133603 2
133602 2
133601 2
133564 2
133563 2
133562 2
133561 2
133548 2
133547 2
133546 2
133545 2
133556 2
133555 2
133554 2
133553 2
133540 2
133539 2
133538 2
133537 2
133500 2
133499 2
133498 2
133497 2
133484 2
133483 2
133482 2
133481 2
133492 2
133491 2
133490 2
133489 2
133476 2
133475 2
133474 2
133473 2
133436 2
133435 2
133434 2
133433 2
133420 2
133419 2
133418 2
133417 2
133428 2
133427 2
133426 2
133425 2
133412 2
133411 2
133410 2
133409 2
133372 2
133371 2
133370 2
133369 2
133356 2
133355 2
133354 2
133353 2
133364 2
133363 2
133362 2
133361 2
133348 2
133347 2
133346 2
133345 2
133308 2
133307 2
133306 2
133305 2
133292 2
133291 2
133290 2
133289 2
133300 2
133299 2
133298 2
133297 2
133284 2
133283 2
133282 2
133281 2
133244 2
133243 2
133242 2
133241 2
133228 2
133227 2
133226 2
133225 2
133236 2
133235 2
133234 2
133233 2
133220 2
133219 2
133218 2
133217 2
133180 2
133179 2
133178 2
133177 2
133164 2
133163 2
133162 2
133161 2
133172 2
133171 2
133170 2
133169 2
133156 2
133155 2
133154 2
133153 2
133116 2
133115 2
133114 2
133113 2
133100 2
133099 2
133098 2
133097 2
133108 2
133107 2
133106 2
133105 2
133092 2
133091 2
133090 2
133089 2
121195 3
121199 3
121193 3
121197 3
121163 3
121167 3
121161 3
121165 3
121187 3
121191 3
121185 3
121189 3
121155 3
121159 3
121153 3
121157 3
121148 2
121147 2
121146 2
121145 2
121132 2
121131 2
121130 2
121129 2
121140 2
121139 2
121138 2
121137 2
121124 2
121123 2
121122 2
121121 2
121084 2
121083 2
121082 2
121081 2
121068 2
121067 2
121066 2
121065 2
121076 2
121075 2
121074 2
121073 2
121060 2
121059 2
121058 2
121057 2
121020 2
121019 2
121018 2
121017 2
121004 2
121003 2
121002 2
121001 2
121012 2
121011 2
121010 2
121009 2
147437 3
147433 3
147439 3
147435 3
147405 3
147401 3
147407 3
147403 3
147429 3
147425 3
147431 3
147427 3
147397 3
147393 3
147399 3
147395 3
147385 2
147386 2
147387 2
147388 2
147369 2
147370 2
147371 2
147372 2
147377 2
147378 2
147379 2
147380 2
147361 2
147362 2
147363 2
147364 2
147321 2
147322 2
147323 2
147324 2
147305 2
147306 2
147307 2
147308 2
147313 2
147314 2
147315 2
147316 2
147297 2
147298 2
147299 2
147300 2
147257 2
147258 2
147259 2
147260 2
147241 2
147242 2
147243 2
147244 2
147249 2
147250 2
147251 2
147252 2
147233 2
147234 2
147235 2
147236 2
147193 2
147194 2
147195 2
147196 2
147177 2
147178 2
147179 2
147180 2
147185 2
147186 2
147187 2
147188 2
147169 2
147170 2
147171 2
147172 2
147129 2
147130 2
147131 2
147132 2
147113 2
147114 2
147115 2
147116 2
147121 2
147122 2
147123 2
147124 2
147105 2
147106 2
147107 2
147108 2
147065 2
147066 2
147067 2
147068 2
147049 2
147050 2
147051 2
147052 2
147057 2
147058 2
147059 2
147060 2
147041 2
147042 2
147043 2
147044 2
147001 2
147002 2
147003 2
147004 2
146985 2
146986 2
146987 2
146988 2
146993 2
146994 2
146995 2
146996 2
146977 2
146978 2
146979 2
146980 2
146937 2
146938 2
146939 2
146940 2
146921 2
146922 2
146923 2
146924 2
146929 2
146930 2
146931 2
146932 2
146913 2
146914 2
146915 2
146916 2
146873 2
146874 2
146875 2
146876 2
146857 2
146858 2
146859 2
146860 2
146865 2
146866 2
146867 2
146868 2
146849 2
146850 2
146851 2
146852 2
146809 2
146810 2
146811 2
146812 2
146793 2
146794 2
146795 2
146796 2
146801 2
146802 2
146803 2
146804 2
146785 2
146786 2
146787 2
146788 2
146745 2
146746 2
146747 2
146748 2
146729 2
146730 2
146731 2
146732 2
146737 2
146738 2
146739 2
146740 2
146721 2
146722 2
146723 2
146724 2
146681 2
146682 2
146683 2
146684 2
146665 2
146666 2
146667 2
146668 2
146673 2
146674 2
146675 2
146676 2
146657 2
146658 2
146659 2
146660 2
146617 2
146618 2
146619 2
146620 2
146601 2
146602 2
146603 2
146604 2
146609 2
146610 2
146611 2
146612 2
146593 2
146594 2
146595 2
146596 2
146553 2
146554 2
146555 2
146556 2
146537 2
146538 2
146539 2
146540 2
146545 2
146546 2
146547 2
146548 2
146529 2
146530 2
146531 2
146532 2
146489 2
146490 2
146491 2
146492 2
146473 2
146474 2
146475 2
146476 2
146481 2
146482 2
146483 2
146484 2
146465 2
146466 2
146467 2
146468 2
146425 2
146426 2
146427 2
146428 2
146409 2
146410 2
146411 2
146412 2
146417 2
146418 2
146419 2
146420 2
146401 2
146402 2
146403 2
146404 2
146361 2
146362 2
146363 2
146364 2
146345 2
146346 2
146347 2
146348 2
146353 2
146354 2
146355 2
146356 2
146337 2
146338 2
146339 2
146340 2
146297 2
146298 2
146299 2
146300 2
146281 2
146282 2
146283 2
146284 2
146289 2
146290 2
146291 2
146292 2
146273 2
146274 2
146275 2
146276 2
146233 2
146234 2
146235 2
146236 2
146217 2
146218 2
146219 2
146220 2
146225 2
146226 2
146227 2
146228 2
146209 2
146210 2
146211 2
146212 2
134317 3
134313 3
134319 3
134315 3
134285 3
134281 3
134287 3
134283 3
134309 3
134305 3
134311 3
134307 3
134277 3
134273 3
134279 3
134275 3
134265 2
134266 2
134267 2
134268 2
134249 2
134250 2
134251 2
134252 2
134257 2
134258 2
134259 2
134260 2
134241 2
134242 2
134243 2
134244 2
134201 2
134202 2
134203 2
134204 2
134185 2
134186 2
134187 2
134188 2
134193 2
134194 2
134195 2
134196 2
134177 2
134178 2
134179 2
134180 2
134137 2
134138 2
134139 2
134140 2
134121 2
134122 2
134123 2
134124 2
134129 2
134130 2
134131 2
134132 2
134113 2
134114 2
134115 2
134116 2
134073 2
134074 2
134075 2
134076 2
134057 2
134058 2
134059 2
134060 2
134065 2
134066 2
134067 2
134068 2
134049 2
134050 2
134051 2
134052 2
93729 2
93730 2
93731 2
93732 2
93745 2
93746 2
93747 2
93748 2
93737 2
93738 2
93739 2
93740 2
93753 2
93754 2
93755 2
93756 2
93793 2
93794 2
93795 2
93796 2
93809 2
93810 2
93811 2
93812 2
93801 2
93802 2
93803 2
93804 2
93817 2
93818 2
93819 2
93820 2
93857 2
93858 2
93859 2
93860 2
93873 2
93874 2
93875 2
93876 2
93865 2
93866 2
93867 2
93868 2
93881 2
93882 2
93883 2
93884 2
93921 2
93922 2
93923 2
93924 2
93937 2
93938 2
93939 2
93940 2
93929 2
93930 2
93931 2
93932 2
93945 2
93946 2
93947 2
93948 2
93985 2
93986 2
93987 2
93988 2
94001 2
94002 2
94003 2
94004 2
93993 2
93994 2
93995 2
93996 2
94009 2
94010 2
94011 2
94012 2
94049 2
94050 2
94051 2
94052 2
94065 2
94066 2
94067 2
94068 2
94057 2
94058 2
94059 2
94060 2
94073 2
94074 2
94075 2
94076 2
94113 2
94114 2
94115 2
94116 2
94129 2
94130 2
94131 2
94132 2
94121 2
94122 2
94123 2
94124 2
94137 2
94138 2
94139 2
94140 2
94177 2
94178 2
94179 2
94180 2
94193 2
94194 2
94195 2
94196 2
94185 2
94186 2
94187 2
94188 2
94201 2
94202 2
94203 2
94204 2
94241 2
94242 2
94243 2
94244 2
94257 2
94258 2
94259 2
94260 2
94249 2
94250 2
94251 2
94252 2
94265 2
94266 2
94267 2
94268 2
94305 2
94306 2
94307 2
94308 2
94321 2
94322 2
94323 2
94324 2
94313 2
94314 2
94315 2
94316 2
94329 2
94330 2
94331 2
94332 2
94369 2
94370 2
94371 2
94372 2
94385 2
94386 2
94387 2
94388 2
94377 2
94378 2
94379 2
94380 2
94393 2
94394 2
94395 2
94396 2
94433 2
94434 2
94435 2
94436 2
94449 2
94450 2
94451 2
94452 2
94441 2
94442 2
94443 2
94444 2
94457 2
94458 2
94459 2
94460 2
94497 2
94498 2
94499 2
94500 2
94513 2
94514 2
94515 2
94516 2
94505 2
94506 2
94507 2
94508 2
94521 2
94522 2
94523 2
94524 2
94561 2
94562 2
94563 2
94564 2
94577 2
94578 2
94579 2
94580 2
94569 2
94570 2
94571 2
94572 2
94585 2
94586 2
94587 2
94588 2
94625 2
94626 2
94627 2
94628 2
94641 2
94642 2
94643 2
94644 2
94633 2
94634 2
94635 2
94636 2
94649 2
94650 2
94651 2
94652 2
94689 2
94690 2
94691 2
94692 2
94705 2
94706 2
94707 2
94708 2
94697 2
94698 2
94699 2
94700 2
94713 2
94714 2
94715 2
94716 2
94753 2
94754 2
94755 2
94756 2
94769 2
94770 2
94771 2
94772 2
94761 2
94762 2
94763 2
94764 2
94777 2
94778 2
94779 2
94780 2
94817 2
94818 2
94819 2
94820 2
94833 2
94834 2
94835 2
94836 2
94825 2
94826 2
94827 2
94828 2
94841 2
94842 2
94843 2
94844 2
94881 2
94882 2
94883 2
94884 2
94897 2
94898 2
94899 2
94900 2
94889 2
94890 2
94891 2
94892 2
94905 2
94906 2
94907 2
94908 2
94917 3
94913 3
94919 3
94915 3
94949 3
94945 3
94951 3
94947 3
94925 3
94921 3
94927 3
94923 3
94957 3
94953 3
94959 3
94955 3
106849 2
106850 2
106851 2
106852 2
106865 2
106866 2
106867 2
106868 2
106857 2
106858 2
106859 2
106860 2
106873 2
106874 2
106875 2
106876 2
106913 2
106914 2
106915 2
106916 2
106929 2
106930 2
106931 2
106932 2
106921 2
106922 2
106923 2
106924 2
106937 2
106938 2
106939 2
106940 2
106977 2
106978 2
106979 2
106980 2
106993 2
106994 2
106995 2
106996 2
106985 2
106986 2
106987 2
106988 2
107001 2
107002 2
107003 2
107004 2
107041 2
107042 2
107043 2
107044 2
107057 2
107058 2
107059 2
107060 2
107049 2
107050 2
107051 2
107052 2
107065 2
107066 2
107067 2
107068 2
107105 2
107106 2
107107 2
107108 2
107121 2
107122 2
107123 2
107124 2
107113 2
107114 2
107115 2
107116 2
107129 2
107130 2
107131 2
107132 2
107169 2
107170 2
107171 2
107172 2
107185 2
107186 2
107187 2
107188 2
107177 2
107178 2
107179 2
107180 2
107193 2
107194 2
107195 2
107196 2
107233 2
107234 2
107235 2
107236 2
107249 2
107250 2
107251 2
107252 2
107241 2
107242 2
107243 2
107244 2
107257 2
107258 2
107259 2
107260 2
107297 2
107298 2
107299 2
107300 2
107313 2
107314 2
107315 2
107316 2
107305 2
107306 2
107307 2
107308 2
107321 2
107322 2
107323 2
107324 2
107361 2
107362 2
107363 2
107364 2
107377 2
107378 2
107379 2
107380 2
107369 2
107370 2
107371 2
107372 2
107385 2
107386 2
107387 2
107388 2
107425 2
107426 2
107427 2
107428 2
107441 2
107442 2
107443 2
107444 2
107433 2
107434 2
107435 2
107436 2
107449 2
107450 2
107451 2
107452 2
107489 2
107490 2
107491 2
107492 2
107505 2
107506 2
107507 2
107508 2
107497 2
107498 2
107499 2
107500 2
107513 2
107514 2
107515 2
107516 2
107553 2
107554 2
107555 2
107556 2
107569 2
107570 2
107571 2
107572 2
107561 2
107562 2
107563 2
107564 2
107577 2
107578 2
107579 2
107580 2
107617 2
107618 2
107619 2
107620 2
107633 2
107634 2
107635 2
107636 2
107625 2
107626 2
107627 2
107628 2
107641 2
107642 2
107643 2
107644 2
107681 2
107682 2
107683 2
107684 2
107697 2
107698 2
107699 2
107700 2
107689 2
107690 2
107691 2
107692 2
107705 2
107706 2
107707 2
107708 2
107745 2
107746 2
107747 2
107748 2
107761 2
107762 2
107763 2
107764 2
107753 2
107754 2
107755 2
107756 2
107769 2
107770 2
107771 2
107772 2
107809 2
107810 2
107811 2
107812 2
107825 2
107826 2
107827 2
107828 2
107817 2
107818 2
107819 2
107820 2
107833 2
107834 2
107835 2
107836 2
107873 2
107874 2
107875 2
107876 2
107889 2
107890 2
107891 2
107892 2
107881 2
107882 2
107883 2
107884 2
107897 2
107898 2
107899 2
107900 2
107937 2
107938 2
107939 2
107940 2
107953 2
107954 2
107955 2
107956 2
107945 2
107946 2
107947 2
107948 2
107961 2
107962 2
107963 2
107964 2
108001 2
108002 2
108003 2
108004 2
108017 2
108018 2
108019 2
108020 2
108009 2
108010 2
108011 2
108012 2
108025 2
108026 2
108027 2
108028 2
108037 3
108033 3
108039 3
108035 3
108069 3
108065 3
108071 3
108067 3
108045 3
108041 3
108047 3
108043 3
108077 3
108073 3
108079 3
108075 3
119969 2
119970 2
119971 2
119972 2
119985 2
119986 2
119987 2
119988 2
119977 2
119978 2
119979 2
119980 2
119993 2
119994 2
119995 2
119996 2
120033 2
120034 2
120035 2
120036 2
120049 2
120050 2
120051 2
120052 2
120041 2
120042 2
120043 2
120044 2
120057 2
120058 2
120059 2
120060 2
120097 2
120098 2
120099 2
120100 2
120113 2
120114 2
120115 2
120116 2
120105 2
120106 2
120107 2
120108 2
120121 2
120122 2
120123 2
120124 2
120161 2
120162 2
120163 2
120164 2
120177 2
120178 2
120179 2
120180 2
120169 2
120170 2
120171 2
120172 2
120185 2
120186 2
120187 2
120188 2
120225 2
120226 2
120227 2
120228 2
120241 2
120242 2
120243 2
120244 2
120233 2
120234 2
120235 2
120236 2
120249 2
120250 2
120251 2
120252 2
120289 2
120290 2
120291 2
120292 2
120305 2
120306 2
120307 2
120308 2
120297 2
120298 2
120299 2
120300 2
120313 2
120314 2
120315 2
120316 2
120353 2
120354 2
120355 2
120356 2
120369 2
120370 2
120371 2
120372 2
120361 2
120362 2
120363 2
120364 2
120377 2
120378 2
120379 2
120380 2
120417 2
120418 2
120419 2
120420 2
120433 2
120434 2
120435 2
120436 2
120425 2
120426 2
120427 2
120428 2
120441 2
120442 2
120443 2
120444 2
120481 2
120482 2
120483 2
120484 2
120497 2
120498 2
120499 2
120500 2
120489 2
120490 2
120491 2
120492 2
120505 2
120506 2
120507 2
120508 2
120545 2
120546 2
120547 2
120548 2
120561 2
120562 2
120563 2
120564 2
120553 2
120554 2
120555 2
120556 2
120569 2
120570 2
120571 2
120572 2
54817 2
54818 2
54819 2
54820 2
54833 2
54834 2
54835 2
54836 2
54825 2
54826 2
54827 2
54828 2
54841 2
54842 2
54843 2
54844 2
54881 2
54882 2
54883 2
54884 2
54897 2
54898 2
54899 2
54900 2
54889 2
54890 2
54891 2
54892 2
54905 2
54906 2
54907 2
54908 2
54945 2
54946 2
54947 2
54948 2
54961 2
54962 2
54963 2
54964 2
54953 2
54954 2
54955 2
54956 2
54969 2
54970 2
54971 2
54972 2
55009 2
55010 2
55011 2
55012 2
55025 2
55026 2
55027 2
55028 2
55017 2
55018 2
55019 2
55020 2
55033 2
55034 2
55035 2
55036 2
55073 2
55074 2
55075 2
55076 2
55089 2
55090 2
55091 2
55092 2
55081 2
55082 2
55083 2
55084 2
55097 2
55098 2
55099 2
55100 2
55137 2
55138 2
55139 2
55140 2
55153 2
55154 2
55155 2
55156 2
55145 2
55146 2
55147 2
55148 2
55161 2
55162 2
55163 2
55164 2
55201 2
55202 2
55203 2
55204 2
68604 2
68603 2
68602 2
68601 2
68588 2
68587 2
68586 2
68585 2
68596 2
68595 2
68594 2
68593 2
68580 2
68579 2
68578 2
68577 2
68540 2
68539 2
68538 2
68537 2
68524 2
68523 2
68522 2
68521 2
68532 2
68531 2
68530 2
68529 2
68516 2
68515 2
68514 2
68513 2
68476 2
68475 2
68474 2
68473 2
68460 2
68459 2
68458 2
68457 2
68468 2
68467 2
68466 2
68465 2
68452 2
68451 2
68450 2
68449 2
68412 2
68411 2
68410 2
68409 2
68396 2
68395 2
68394 2
68393 2
68404 2
68403 2
68402 2
68401 2
68388 2
68387 2
68386 2
68385 2
68348 2
68347 2
68346 2
68345 2
68332 2
68331 2
68330 2
68329 2
68340 2
68339 2
68338 2
68337 2
68324 2
68323 2
68322 2
68321 2
68284 2
68283 2
68282 2
68281 2
68268 2
68267 2
68266 2
68265 2
68276 2
68275 2
68274 2
68273 2
68260 2
68259 2
68258 2
68257 2
68220 2
68219 2
68218 2
68217 2
68204 2
68203 2
68202 2
68201 2
68212 2
68211 2
68210 2
68209 2
68196 2
68195 2
68194 2
68193 2
68156 2
68155 2
68154 2
68153 2
68140 2
68139 2
68138 2
68137 2
68148 2
68147 2
68146 2
68145 2
68132 2
68131 2
68130 2
68129 2
68092 2
68091 2
68090 2
68089 2
68076 2
68075 2
68074 2
68073 2
68084 2
68083 2
68082 2
68081 2
68068 2
68067 2
68066 2
68065 2
68028 2
68027 2
68026 2
68025 2
68012 2
68011 2
68010 2
68009 2
68020 2
68019 2
68018 2
68017 2
68004 2
68003 2
68002 2
68001 2
67964 2
67963 2
67962 2
67961 2
67948 2
67947 2
67946 2
67945 2
67956 2
67955 2
67954 2
67953 2
67940 2
67939 2
67938 2
67937 2
67900 2
67899 2
67898 2
67897 2
67884 2
67883 2
67882 2
67881 2
67892 2
67891 2
67890 2
67889 2
67876 2
67875 2
67874 2
67873 2
67836 2
67835 2
67834 2
67833 2
67820 2
67819 2
67818 2
67817 2
67828 2
67827 2
67826 2
67825 2
67812 2
67811 2
67810 2
67809 2
67772 2
67771 2
67770 2
67769 2
67756 2
67755 2
67754 2
67753 2
67764 2
67763 2
67762 2
67761 2
67748 2
67747 2
67746 2
67745 2
67708 2
67707 2
67706 2
67705 2
67692 2
67691 2
67690 2
67689 2
67700 2
67699 2
67698 2
67697 2
67684 2
67683 2
67682 2
67681 2
55420 2
55419 2
55418 2
55417 2
55404 2
55403 2
55402 2
55401 2
55412 2
55411 2
55410 2
55409 2
55396 2
55395 2
55394 2
55393 2
55356 2
55355 2
55354 2
55353 2
55340 2
55339 2
55338 2
55337 2
55348 2
55347 2
55346 2
55345 2
55332 2
55331 2
55330 2
55329 2
55292 2
55291 2
55290 2
55289 2
55276 2
55275 2
55274 2
55273 2
55284 2
55283 2
55282 2
55281 2
55268 2
55267 2
55266 2
55265 2
55228 2
55227 2
55226 2
55225 2
55212 2
55211 2
55210 2
55209 2
55220 2
55219 2
55218 2
55217 2
82425 2
82426 2
82427 2
82428 2
82409 2
82410 2
82411 2
82412 2
82417 2
82418 2
82419 2
82420 2
82401 2
82402 2
82403 2
82404 2
82361 2
82362 2
82363 2
82364 2
82345 2
82346 2
82347 2
82348 2
82353 2
82354 2
82355 2
82356 2
82337 2
82338 2
82339 2
82340 2
82297 2
82298 2
82299 2
82300 2
82281 2
82282 2
82283 2
82284 2
82289 2
82290 2
82291 2
82292 2
82273 2
82274 2
82275 2
82276 2
82233 2
82234 2
82235 2
82236 2
82217 2
82218 2
82219 2
82220 2
82225 2
82226 2
82227 2
82228 2
82209 2
82210 2
82211 2
82212 2
82169 2
82170 2
82171 2
82172 2
82153 2
82154 2
82155 2
82156 2
82161 2
82162 2
82163 2
82164 2
82145 2
82146 2
82147 2
82148 2
82105 2
82106 2
82107 2
82108 2
82089 2
82090 2
82091 2
82092 2
82097 2
82098 2
82099 2
82100 2
82081 2
82082 2
82083 2
82084 2
82041 2
82042 2
82043 2
82044 2
82025 2
82026 2
82027 2
82028 2
82033 2
82034 2
82035 2
82036 2
82017 2
82018 2
82019 2
82020 2
81977 2
81978 2
81979 2
81980 2
81961 2
81962 2
81963 2
81964 2
81969 2
81970 2
81971 2
81972 2
81953 2
81954 2
81955 2
81956 2
81913 2
81914 2
81915 2
81916 2
81897 2
81898 2
81899 2
81900 2
81905 2
81906 2
81907 2
81908 2
81889 2
81890 2
81891 2
81892 2
81849 2
81850 2
81851 2
81852 2
81833 2
81834 2
81835 2
81836 2
81841 2
81842 2
81843 2
81844 2
81825 2
81826 2
81827 2
81828 2
81785 2
81786 2
81787 2
81788 2
81769 2
81770 2
81771 2
81772 2
81777 2
81778 2
81779 2
81780 2
81761 2
81762 2
81763 2
81764 2
81721 2
81722 2
81723 2
81724 2
81705 2
81706 2
81707 2
81708 2
81713 2
81714 2
81715 2
81716 2
81697 2
81698 2
81699 2
81700 2
81657 2
81658 2
81659 2
81660 2
81641 2
81642 2
81643 2
81644 2
81649 2
81650 2
81651 2
81652 2
81633 2
81634 2
81635 2
81636 2
81593 2
81594 2
81595 2
81596 2
81577 2
81578 2
81579 2
81580 2
81585 2
81586 2
81587 2
81588 2
81569 2
81570 2
81571 2
81572 2
81529 2
81530 2
81531 2
81532 2
81513 2
81514 2
81515 2
81516 2
81521 2
81522 2
81523 2
81524 2
81505 2
81506 2
81507 2
81508 2
81465 2
81466 2
81467 2
81468 2
81449 2
81450 2
81451 2
81452 2
81457 2
81458 2
81459 2
81460 2
81441 2
81442 2
81443 2
81444 2
81401 2
81402 2
81403 2
81404 2
81385 2
81386 2
81387 2
81388 2
81393 2
81394 2
81395 2
81396 2
81377 2
81378 2
81379 2
81380 2
81337 2
81338 2
81339 2
81340 2
81321 2
81322 2
81323 2
81324 2
81329 2
81330 2
81331 2
81332 2
81313 2
81314 2
81315 2
81316 2
81273 2
81274 2
81275 2
81276 2
81257 2
81258 2
81259 2
81260 2
81265 2
81266 2
81267 2
81268 2
81249 2
81250 2
81251 2
81252 2
81209 2
81210 2
81211 2
81212 2
81193 2
81194 2
81195 2
81196 2
81201 2
81202 2
81203 2
81204 2
81185 2
81186 2
81187 2
81188 2
68921 2
68922 2
68923 2
68924 2
68905 2
68906 2
68907 2
68908 2
68913 2
68914 2
68915 2
68916 2
68897 2
68898 2
68899 2
68900 2
68857 2
68858 2
68859 2
68860 2
68841 2
68842 2
68843 2
68844 2
68849 2
68850 2
68851 2
68852 2
68833 2
68834 2
68835 2
68836 2
68793 2
68794 2
68795 2
68796 2
68777 2
68778 2
68779 2
68780 2
68785 2
68786 2
68787 2
68788 2
68769 2
68770 2
68771 2
68772 2
68729 2
68730 2
68731 2
68732 2
68713 2
68714 2
68715 2
68716 2
68721 2
68722 2
68723 2
68724 2
68705 2
68706 2
68707 2
68708 2
68665 2
68666 2
68667 2
68668 2
68649 2
68650 2
68651 2
68652 2
68657 2
68658 2
68659 2
68660 2
68641 2
68642 2
68643 2
68644 2
27169 2
27170 2
27171 2
27172 2
27185 2
27186 2
27187 2
27188 2
27177 2
27178 2
27179 2
27180 2
27193 2
27194 2
27195 2
27196 2
27233 2
27234 2
27235 2
27236 2
27249 2
27250 2
27251 2
27252 2
27241 2
27242 2
27243 2
27244 2
27257 2
27258 2
27259 2
27260 2
27297 2
27298 2
27299 2
27300 2
27313 2
27314 2
27315 2
27316 2
27305 2
27306 2
27307 2
27308 2
27321 2
27322 2
27323 2
27324 2
27361 2
27362 2
27363 2
27364 2
27377 2
27378 2
27379 2
27380 2
27369 2
27370 2
27371 2
27372 2
27385 2
27386 2
27387 2
27388 2
27425 2
27426 2
27427 2
27428 2
27441 2
27442 2
27443 2
27444 2
27433 2
27434 2
27435 2
27436 2
27449 2
27450 2
27451 2
27452 2
27489 2
27490 2
27491 2
27492 2
27505 2
27506 2
27507 2
27508 2
27497 2
27498 2
27499 2
27500 2
27513 2
27514 2
27515 2
27516 2
27553 2
27554 2
27555 2
27556 2
27569 2
27570 2
27571 2
27572 2
27561 2
27562 2
27563 2
27564 2
27577 2
27578 2
27579 2
27580 2
27617 2
27618 2
27619 2
27620 2
27633 2
27634 2
27635 2
27636 2
27625 2
27626 2
27627 2
27628 2
27641 2
27642 2
27643 2
27644 2
27681 2
27682 2
27683 2
27684 2
27697 2
27698 2
27699 2
27700 2
27689 2
27690 2
27691 2
27692 2
27705 2
27706 2
27707 2
27708 2
27745 2
27746 2
27747 2
27748 2
27761 2
27762 2
27763 2
27764 2
27753 2
27754 2
27755 2
27756 2
27769 2
27770 2
27771 2
27772 2
27809 2
27810 2
27811 2
27812 2
27825 2
27826 2
27827 2
27828 2
27817 2
27818 2
27819 2
27820 2
27833 2
27834 2
27835 2
27836 2
27873 2
27874 2
27875 2
27876 2
27889 2
27890 2
27891 2
27892 2
27881 2
27882 2
27883 2
27884 2
27897 2
27898 2
27899 2
27900 2
27937 2
27938 2
27939 2
27940 2
27953 2
27954 2
27955 2
27956 2
27945 2
27946 2
27947 2
27948 2
27961 2
27962 2
27963 2
27964 2
28001 2
28002 2
28003 2
28004 2
28017 2
28018 2
28019 2
28020 2
28009 2
28010 2
28011 2
28012 2
28025 2
28026 2
28027 2
28028 2
28065 2
28066 2
28067 2
28068 2
28081 2
28082 2
28083 2
28084 2
28073 2
28074 2
28075 2
28076 2
28089 2
28090 2
28091 2
28092 2
28129 2
28130 2
28131 2
28132 2
28145 2
28146 2
28147 2
28148 2
28137 2
28138 2
28139 2
28140 2
28153 2
28154 2
28155 2
28156 2
28193 2
28194 2
28195 2
28196 2
28209 2
28210 2
28211 2
28212 2
28201 2
28202 2
28203 2
28204 2
28217 2
28218 2
28219 2
28220 2
28257 2
28258 2
28259 2
28260 2
28273 2
28274 2
28275 2
28276 2
28265 2
28266 2
28267 2
28268 2
28281 2
28282 2
28283 2
28284 2
28321 2
28322 2
28323 2
28324 2
28337 2
28338 2
28339 2
28340 2
28329 2
28330 2
28331 2
28332 2
28345 2
28346 2
28347 2
28348 2
28385 2
28386 2
28387 2
28388 2
28401 2
28402 2
28403 2
28404 2
28393 2
28394 2
28395 2
28396 2
28409 2
28410 2
28411 2
28412 2
40673 2
40674 2
40675 2
40676 2
40689 2
40690 2
40691 2
40692 2
40681 2
40682 2
40683 2
40684 2
40697 2
40698 2
40699 2
40700 2
40737 2
40738 2
40739 2
40740 2
40753 2
40754 2
40755 2
40756 2
40745 2
40746 2
40747 2
40748 2
40761 2
40762 2
40763 2
40764 2
40801 2
40802 2
40803 2
40804 2
40817 2
40818 2
40819 2
40820 2
40809 2
40810 2
40811 2
40812 2
40825 2
40826 2
40827 2
40828 2
40865 2
40866 2
40867 2
40868 2
40881 2
40882 2
40883 2
40884 2
40873 2
40874 2
40875 2
40876 2
40889 2
40890 2
40891 2
40892 2
40929 2
40930 2
40931 2
40932 2
40945 2
40946 2
40947 2
40948 2
40937 2
40938 2
40939 2
40940 2
40953 2
40954 2
40955 2
40956 2
40993 2
40994 2
40995 2
40996 2
41009 2
41010 2
41011 2
41012 2
41001 2
41002 2
41003 2
41004 2
41017 2
41018 2
41019 2
41020 2
41057 2
41058 2
41059 2
41060 2
41073 2
41074 2
41075 2
41076 2
41065 2
41066 2
41067 2
41068 2
41081 2
41082 2
41083 2
41084 2
41121 2
41122 2
41123 2
41124 2
41137 2
41138 2
41139 2
41140 2
41129 2
41130 2
41131 2
41132 2
41145 2
41146 2
41147 2
41148 2
41185 2
41186 2
41187 2
41188 2
41201 2
41202 2
41203 2
41204 2
41193 2
41194 2
41195 2
41196 2
41209 2
41210 2
41211 2
41212 2
41249 2
41250 2
41251 2
41252 2
41265 2
41266 2
41267 2
41268 2
41257 2
41258 2
41259 2
41260 2
41273 2
41274 2
41275 2
41276 2
41313 2
41314 2
41315 2
41316 2
41329 2
41330 2
41331 2
41332 2
41321 2
41322 2
41323 2
41324 2
41337 2
41338 2
41339 2
41340 2
41377 2
41378 2
41379 2
41380 2
41393 2
41394 2
41395 2
41396 2
41385 2
41386 2
41387 2
41388 2
41401 2
41402 2
41403 2
41404 2
41441 2
41442 2
41443 2
41444 2
41457 2
41458 2
41459 2
41460 2
41449 2
41450 2
41451 2
41452 2
41465 2
41466 2
41467 2
41468 2
41505 2
41506 2
41507 2
41508 2
41521 2
41522 2
41523 2
41524 2
41513 2
41514 2
41515 2
41516 2
41529 2
41530 2
41531 2
41532 2
41569 2
41570 2
41571 2
41572 2
41585 2
41586 2
41587 2
41588 2
41577 2
41578 2
41579 2
41580 2
41593 2
41594 2
41595 2
41596 2
41633 2
41634 2
41635 2
41636 2
41649 2
41650 2
41651 2
41652 2
41641 2
41642 2
41643 2
41644 2
41657 2
41658 2
41659 2
41660 2
41697 2
41698 2
41699 2
41700 2
41713 2
41714 2
41715 2
41716 2
41705 2
41706 2
41707 2
41708 2
41721 2
41722 2
41723 2
41724 2
41761 2
41762 2
41763 2
41764 2
41777 2
41778 2
41779 2
41780 2
41769 2
41770 2
41771 2
41772 2
41785 2
41786 2
41787 2
41788 2
41825 2
41826 2
41827 2
41828 2
41841 2
41842 2
41843 2
41844 2
41833 2
41834 2
41835 2
41836 2
41849 2
41850 2
41851 2
41852 2
41889 2
41890 2
41891 2
41892 2
41905 2
41906 2
41907 2
41908 2
41897 2
41898 2
41899 2
41900 2
41913 2
41914 2
41915 2
41916 2
54177 2
54178 2
54179 2
54180 2
54193 2
54194 2
54195 2
54196 2
54185 2
54186 2
54187 2
54188 2
54201 2
54202 2
54203 2
54204 2
54241 2
54242 2
54243 2
54244 2
54257 2
54258 2
54259 2
54260 2
54249 2
54250 2
54251 2
54252 2
54265 2
54266 2
54267 2
54268 2
54305 2
54306 2
54307 2
54308 2
54321 2
54322 2
54323 2
54324 2
54313 2
54314 2
54315 2
54316 2
54329 2
54330 2
54331 2
54332 2
54369 2
54370 2
54371 2
54372 2
54385 2
54386 2
54387 2
54388 2
54377 2
54378 2
54379 2
54380 2
54393 2
54394 2
54395 2
54396 2
54433 2
54434 2
54435 2
54436 2
54449 2
54450 2
54451 2
54452 2
54441 2
54442 2
54443 2
54444 2
54457 2
54458 2
54459 2
54460 2
54497 2
54498 2
54499 2
54500 2
54513 2
54514 2
54515 2
54516 2
54505 2
54506 2
54507 2
54508 2
54521 2
54522 2
54523 2
54524 2
54561 2
54562 2
54563 2
54564 2
54577 2
54578 2
54579 2
54580 2
54569 2
54570 2
54571 2
54572 2
54585 2
54586 2
54587 2
54588 2
54625 2
54626 2
54627 2
54628 2
54641 2
54642 2
54643 2
54644 2
54633 2
54634 2
54635 2
54636 2
54649 2
54650 2
54651 2
54652 2
54689 2
54690 2
54691 2
54692 2
54705 2
54706 2
54707 2
54708 2
54697 2
54698 2
54699 2
54700 2
54713 2
54714 2
54715 2
54716 2
54753 2
54754 2
54755 2
54756 2
54769 2
54770 2
54771 2
54772 2
54761 2
54762 2
54763 2
54764 2
54777 2
54778 2
54779 2
54780 2
452421 3
452417 3
452423 3
452419 3
452453 3
452449 3
452455 3
452451 3
452429 3
452425 3
452431 3
452427 3
452461 3
452457 3
452463 3
452459 3
452485 3
452481 3
452487 3
452483 3
452517 3
452513 3
452519 3
452515 3
452493 3
452489 3
452495 3
452491 3
452525 3
452521 3
452527 3
452523 3
452549 3
452545 3
452551 3
452547 3
452581 3
452577 3
452583 3
452579 3
452557 3
452553 3
452559 3
452555 3
452589 3
452585 3
452591 3
452587 3
452613 3
452609 3
452615 3
452611 3
452645 3
452641 3
452647 3
452643 3
452621 3
452617 3
452623 3
452619 3
452653 3
452649 3
452655 3
452651 3
452677 3
452673 3
452679 3
452675 3
452709 3
452705 3
452711 3
452707 3
452685 3
452681 3
452687 3
452683 3
452717 3
452713 3
452719 3
452715 3
452741 3
452737 3
452743 3
452739 3
452773 3
452769 3
452775 3
452771 3
452749 3
452745 3
452751 3
452747 3
452781 3
452777 3
452783 3
452779 3
452805 3
452801 3
452807 3
452803 3
465835 3
465839 3
465833 3
465837 3
465803 3
465807 3
465801 3
465805 3
465827 3
465831 3
465825 3
465829 3
465795 3
465799 3
465793 3
465797 3
465771 3
465775 3
465769 3
465773 3
465739 3
465743 3
465737 3
465741 3
465763 3
465767 3
465761 3
465765 3
465731 3
465735 3
465729 3
465733 3
465707 3
465711 3
465705 3
465709 3
465675 3
465679 3
465673 3
465677 3
465699 3
465703 3
465697 3
465701 3
465667 3
465671 3
465665 3
465669 3
465643 3
465647 3
465641 3
465645 3
465611 3
465615 3
465609 3
465613 3
465635 3
465639 3
465633 3
465637 3
465603 3
465607 3
465601 3
465605 3
465579 3
465583 3
465577 3
465581 3
465547 3
465551 3
465545 3
465549 3
465571 3
465575 3
465569 3
465573 3
465539 3
465543 3
465537 3
465541 3
465515 3
465519 3
465513 3
465517 3
465483 3
465487 3
465481 3
465485 3
465507 3
465511 3
465505 3
465509 3
465475 3
465479 3
465473 3
465477 3
465451 3
465455 3
465449 3
465453 3
465419 3
465423 3
465417 3
465421 3
465443 3
465447 3
465441 3
465445 3
465411 3
465415 3
465409 3
465413 3
465387 3
465391 3
465385 3
465389 3
465355 3
465359 3
465353 3
465357 3
465379 3
465383 3
465377 3
465381 3
465347 3
465351 3
465345 3
465349 3
465323 3
465327 3
465321 3
465325 3
465291 3
465295 3
465289 3
465293 3
465315 3
465319 3
465313 3
465317 3
465283 3
465287 3
465281 3
465285 3
465259 3
465263 3
465257 3
465261 3
465227 3
465231 3
465225 3
465229 3
465251 3
465255 3
465249 3
465253 3
465219 3
465223 3
465217 3
465221 3
465195 3
465199 3
465193 3
465197 3
465163 3
465167 3
465161 3
465165 3
465187 3
465191 3
465185 3
465189 3
465155 3
465159 3
465153 3
465157 3
465131 3
465135 3
465129 3
465133 3
465099 3
465103 3
465097 3
465101 3
465123 3
465127 3
465121 3
465125 3
465091 3
465095 3
465089 3
465093 3
465067 3
465071 3
465065 3
465069 3
465035 3
465039 3
465033 3
465037 3
465059 3
465063 3
465057 3
465061 3
465027 3
465031 3
465025 3
465029 3
465003 3
465007 3
465001 3
465005 3
464971 3
464975 3
464969 3
464973 3
464995 3
464999 3
464993 3
464997 3
464963 3
464967 3
464961 3
464965 3
464939 3
464943 3
464937 3
464941 3
464907 3
464911 3
464905 3
464909 3
464931 3
464935 3
464929 3
464933 3
464899 3
464903 3
464897 3
464901 3
453052 2
453051 2
453050 2
453049 2
453036 2
453035 2
453034 2
453033 2
453044 2
453043 2
453042 2
453041 2
453028 2
453027 2
453026 2
453025 2
452971 3
452975 3
452969 3
452973 3
452939 3
452943 3
452937 3
452941 3
452963 3
452967 3
452961 3
452965 3
452931 3
452935 3
452929 3
452933 3
452907 3
452911 3
452905 3
452909 3
452875 3
452879 3
452873 3
452877 3
452899 3
452903 3
452897 3
452901 3
452867 3
452871 3
452865 3
452869 3
452843 3
452847 3
452841 3
452845 3
452811 3
452815 3
452809 3
452813 3
452835 3
452839 3
452833 3
452837 3
479289 2
479290 2
479291 2
479292 2
479273 2
479274 2
479275 2
479276 2
479281 2
479282 2
479283 2
479284 2
479265 2
479266 2
479267 2
479268 2
479213 3
479209 3
479215 3
479211 3
479181 3
479177 3
479183 3
479179 3
479205 3
479201 3
479207 3
479203 3
479173 3
479169 3
479175 3
479171 3
479149 3
479145 3
479151 3
479147 3
479117 3
479113 3
479119 3
479115 3
479141 3
479137 3
479143 3
479139 3
479109 3
479105 3
479111 3
479107 3
479085 3
479081 3
479087 3
479083 3
479053 3
479049 3
479055 3
479051 3
479077 3
479073 3
479079 3
479075 3
479045 3
479041 3
479047 3
479043 3
479021 3
479017 3
479023 3
479019 3
478989 3
478985 3
478991 3
478987 3
479013 3
479009 3
479015 3
479011 3
478981 3
478977 3
478983 3
478979 3
478957 3
478953 3
478959 3
478955 3
478925 3
478921 3
478927 3
478923 3
478949 3
478945 3
478951 3
478947 3
478917 3
478913 3
478919 3
478915 3
478893 3
478889 3
478895 3
478891 3
478861 3
478857 3
478863 3
478859 3
478885 3
478881 3
478887 3
478883 3
478853 3
478849 3
478855 3
478851 3
478829 3
478825 3
478831 3
478827 3
478797 3
478793 3
478799 3
478795 3
478821 3
478817 3
478823 3
478819 3
478789 3
478785 3
478791 3
478787 3
478765 3
478761 3
478767 3
478763 3
478733 3
478729 3
478735 3
478731 3
478757 3
478753 3
478759 3
478755 3
478725 3
478721 3
478727 3
478723 3
478701 3
478697 3
478703 3
478699 3
478669 3
478665 3
478671 3
478667 3
478693 3
478689 3
478695 3
478691 3
478661 3
478657 3
478663 3
478659 3
478637 3
478633 3
478639 3
478635 3
478605 3
478601 3
478607 3
478603 3
478629 3
478625 3
478631 3
478627 3
478597 3
478593 3
478599 3
478595 3
478573 3
478569 3
478575 3
478571 3
478541 3
478537 3
478543 3
478539 3
478565 3
478561 3
478567 3
478563 3
478533 3
478529 3
478535 3
478531 3
478509 3
478505 3
478511 3
478507 3
478477 3
478473 3
478479 3
478475 3
478501 3
478497 3
478503 3
478499 3
478469 3
478465 3
478471 3
478467 3
478445 3
478441 3
478447 3
478443 3
478413 3
478409 3
478415 3
478411 3
478437 3
478433 3
478439 3
478435 3
478405 3
478401 3
478407 3
478403 3
478381 3
478377 3
478383 3
478379 3
478349 3
478345 3
478351 3
478347 3
478373 3
478369 3
478375 3
478371 3
478341 3
478337 3
478343 3
478339 3
478317 3
478313 3
478319 3
478315 3
478285 3
478281 3
478287 3
478283 3
478309 3
478305 3
478311 3
478307 3
478277 3
478273 3
478279 3
478275 3
478253 3
478249 3
478255 3
478251 3
478221 3
478217 3
478223 3
478219 3
478245 3
478241 3
478247 3
478243 3
478213 3
478209 3
478215 3
478211 3
478189 3
478185 3
478191 3
478187 3
478157 3
478153 3
478159 3
478155 3
478181 3
478177 3
478183 3
478179 3
478149 3
478145 3
478151 3
478147 3
478125 3
478121 3
478127 3
478123 3
478093 3
478089 3
478095 3
478091 3
478117 3
478113 3
478119 3
478115 3
478085 3
478081 3
478087 3
478083 3
478061 3
478057 3
478063 3
478059 3
478029 3
478025 3
478031 3
478027 3
478053 3
478049 3
478055 3
478051 3
478021 3
478017 3
478023 3
478019 3
466169 2
466170 2
466171 2
466172 2
466153 2
466154 2
466155 2
466156 2
466161 2
466162 2
466163 2
466164 2
466145 2
466146 2
466147 2
466148 2
466093 3
466089 3
466095 3
466091 3
466061 3
466057 3
466063 3
466059 3
466085 3
466081 3
466087 3
466083 3
466053 3
466049 3
466055 3
466051 3
466029 3
466025 3
466031 3
466027 3
465997 3
465993 3
465999 3
465995 3
466021 3
466017 3
466023 3
466019 3
465989 3
465985 3
465991 3
465987 3
465965 3
465961 3
465967 3
465963 3
465933 3
465929 3
465935 3
465931 3
465957 3
465953 3
465959 3
465955 3
465925 3
465921 3
465927 3
465923 3
465901 3
465897 3
465903 3
465899 3
465869 3
465865 3
465871 3
465867 3
465893 3
465889 3
465895 3
465891 3
465861 3
465857 3
465863 3
465859 3
425541 3
425537 3
425543 3
425539 3
425573 3
425569 3
425575 3
425571 3
425549 3
425545 3
425551 3
425547 3
425581 3
425577 3
425583 3
425579 3
425605 3
425601 3
425607 3
425603 3
425637 3
425633 3
425639 3
425635 3
425613 3
425609 3
425615 3
425611 3
425645 3
425641 3
425647 3
425643 3
425669 3
425665 3
425671 3
425667 3
425701 3
425697 3
425703 3
425699 3
425677 3
425673 3
425679 3
425675 3
425709 3
425705 3
425711 3
425707 3
425733 3
425729 3
425735 3
425731 3
425765 3
425761 3
425767 3
425763 3
425741 3
425737 3
425743 3
425739 3
425773 3
425769 3
425775 3
425771 3
425797 3
425793 3
425799 3
425795 3
425829 3
425825 3
425831 3
425827 3
425805 3
425801 3
425807 3
425803 3
425837 3
425833 3
425839 3
425835 3
425861 3
425857 3
425863 3
425859 3
425893 3
425889 3
425895 3
425891 3
425869 3
425865 3
425871 3
425867 3
425901 3
425897 3
425903 3
425899 3
425925 3
425921 3
425927 3
425923 3
425957 3
425953 3
425959 3
425955 3
425933 3
425929 3
425935 3
425931 3
425965 3
425961 3
425967 3
425963 3
425989 3
425985 3
425991 3
425987 3
426021 3
426017 3
426023 3
426019 3
425997 3
425993 3
425999 3
425995 3
426029 3
426025 3
426031 3
426027 3
426053 3
426049 3
426055 3
426051 3
426085 3
426081 3
426087 3
426083 3
426061 3
426057 3
426063 3
426059 3
426093 3
426089 3
426095 3
426091 3
426117 3
426113 3
426119 3
426115 3
426149 3
426145 3
426151 3
426147 3
426125 3
426121 3
426127 3
426123 3
426157 3
426153 3
426159 3
426155 3
426181 3
426177 3
426183 3
426179 3
426213 3
426209 3
426215 3
426211 3
426189 3
426185 3
426191 3
426187 3
426221 3
426217 3
426223 3
426219 3
426245 3
426241 3
426247 3
426243 3
426277 3
426273 3
426279 3
426275 3
426253 3
426249 3
426255 3
426251 3
426285 3
426281 3
426287 3
426283 3
426309 3
426305 3
426311 3
426307 3
426341 3
426337 3
426343 3
426339 3
426317 3
426313 3
426319 3
426315 3
426349 3
426345 3
426351 3
426347 3
426373 3
426369 3
426375 3
426371 3
426405 3
426401 3
426407 3
426403 3
426381 3
426377 3
426383 3
426379 3
426413 3
426409 3
426415 3
426411 3
426437 3
426433 3
426439 3
426435 3
426469 3
426465 3
426471 3
426467 3
426445 3
426441 3
426447 3
426443 3
426477 3
426473 3
426479 3
426475 3
426501 3
426497 3
426503 3
426499 3
426533 3
426529 3
426535 3
426531 3
426509 3
426505 3
426511 3
426507 3
426541 3
426537 3
426543 3
426539 3
426565 3
426561 3
426567 3
426563 3
426597 3
426593 3
426599 3
426595 3
426573 3
426569 3
426575 3
426571 3
426605 3
426601 3
426607 3
426603 3
426629 3
426625 3
426631 3
426627 3
426661 3
426657 3
426663 3
426659 3
426637 3
426633 3
426639 3
426635 3
426669 3
426665 3
426671 3
426667 3
426693 3
426689 3
426695 3
426691 3
426725 3
426721 3
426727 3
426723 3
426701 3
426697 3
426703 3
426699 3
426733 3
426729 3
426735 3
426731 3
426785 2
426786 2
426787 2
426788 2
426801 2
426802 2
426803 2
426804 2
426793 2
426794 2
426795 2
426796 2
426809 2
426810 2
426811 2
426812 2
438661 3
438657 3
438663 3
438659 3
438693 3
438689 3
438695 3
438691 3
438669 3
438665 3
438671 3
438667 3
438701 3
438697 3
438703 3
438699 3
438725 3
438721 3
438727 3
438723 3
438757 3
438753 3
438759 3
438755 3
438733 3
438729 3
438735 3
438731 3
438765 3
438761 3
438767 3
438763 3
438789 3
438785 3
438791 3
438787 3
438821 3
438817 3
438823 3
438819 3
438797 3
438793 3
438799 3
438795 3
438829 3
438825 3
438831 3
438827 3
438853 3
438849 3
438855 3
438851 3
438885 3
438881 3
438887 3
438883 3
438861 3
438857 3
438863 3
438859 3
438893 3
438889 3
438895 3
438891 3
438917 3
438913 3
438919 3
438915 3
438949 3
438945 3
438951 3
438947 3
438925 3
438921 3
438927 3
438923 3
438957 3
438953 3
438959 3
438955 3
438981 3
438977 3
438983 3
438979 3
439013 3
439009 3
439015 3
439011 3
438989 3
438985 3
438991 3
438987 3
439021 3
439017 3
439023 3
439019 3
439045 3
439041 3
439047 3
439043 3
439077 3
439073 3
439079 3
439075 3
439053 3
439049 3
439055 3
439051 3
439085 3
439081 3
439087 3
439083 3
439109 3
439105 3
439111 3
439107 3
439141 3
439137 3
439143 3
439139 3
439117 3
439113 3
439119 3
439115 3
439149 3
439145 3
439151 3
439147 3
439173 3
439169 3
439175 3
439171 3
439205 3
439201 3
439207 3
439203 3
439181 3
439177 3
439183 3
439179 3
439213 3
439209 3
439215 3
439211 3
439237 3
439233 3
439239 3
439235 3
439269 3
439265 3
439271 3
439267 3
439245 3
439241 3
439247 3
439243 3
439277 3
439273 3
439279 3
439275 3
439301 3
439297 3
439303 3
439299 3
439333 3
439329 3
439335 3
439331 3
439309 3
439305 3
439311 3
439307 3
439341 3
439337 3
439343 3
439339 3
439365 3
439361 3
439367 3
439363 3
439397 3
439393 3
439399 3
439395 3
439373 3
439369 3
439375 3
439371 3
439405 3
439401 3
439407 3
439403 3
439429 3
439425 3
439431 3
439427 3
439461 3
439457 3
439463 3
439459 3
439437 3
439433 3
439439 3
439435 3
439469 3
439465 3
439471 3
439467 3
439493 3
439489 3
439495 3
439491 3
439525 3
439521 3
439527 3
439523 3
439501 3
439497 3
439503 3
439499 3
439533 3
439529 3
439535 3
439531 3
439557 3
439553 3
439559 3
439555 3
439589 3
439585 3
439591 3
439587 3
439565 3
439561 3
439567 3
439563 3
439597 3
439593 3
439599 3
439595 3
439621 3
439617 3
439623 3
439619 3
439653 3
439649 3
439655 3
439651 3
439629 3
439625 3
439631 3
439627 3
439661 3
439657 3
439663 3
439659 3
439685 3
439681 3
439687 3
439683 3
439717 3
439713 3
439719 3
439715 3
439693 3
439689 3
439695 3
439691 3
439725 3
439721 3
439727 3
439723 3
439749 3
439745 3
439751 3
439747 3
439781 3
439777 3
439783 3
439779 3
439757 3
439753 3
439759 3
439755 3
439789 3
439785 3
439791 3
439787 3
439813 3
439809 3
439815 3
439811 3
439845 3
439841 3
439847 3
439843 3
439821 3
439817 3
439823 3
439819 3
439853 3
439849 3
439855 3
439851 3
439905 2
439906 2
439907 2
439908 2
439921 2
439922 2
439923 2
439924 2
439913 2
439914 2
439915 2
439916 2
439929 2
439930 2
439931 2
439932 2
451781 3
451777 3
451783 3
451779 3
451813 3
451809 3
451815 3
451811 3
451789 3
451785 3
451791 3
451787 3
451821 3
451817 3
451823 3
451819 3
451845 3
451841 3
451847 3
451843 3
451877 3
451873 3
451879 3
451875 3
451853 3
451849 3
451855 3
451851 3
451885 3
451881 3
451887 3
451883 3
451909 3
451905 3
451911 3
451907 3
451941 3
451937 3
451943 3
451939 3
451917 3
451913 3
451919 3
451915 3
451949 3
451945 3
451951 3
451947 3
451973 3
451969 3
451975 3
451971 3
452005 3
452001 3
452007 3
452003 3
451981 3
451977 3
451983 3
451979 3
452013 3
452009 3
452015 3
452011 3
452037 3
452033 3
452039 3
452035 3
452069 3
452065 3
452071 3
452067 3
452045 3
452041 3
452047 3
452043 3
452077 3
452073 3
452079 3
452075 3
452101 3
452097 3
452103 3
452099 3
452133 3
452129 3
452135 3
452131 3
452109 3
452105 3
452111 3
452107 3
452141 3
452137 3
452143 3
452139 3
452165 3
452161 3
452167 3
452163 3
452197 3
452193 3
452199 3
452195 3
452173 3
452169 3
452175 3
452171 3
452205 3
452201 3
452207 3
452203 3
452229 3
452225 3
452231 3
452227 3
452261 3
452257 3
452263 3
452259 3
452237 3
452233 3
452239 3
452235 3
452269 3
452265 3
452271 3
452267 3
452293 3
452289 3
452295 3
452291 3
452325 3
452321 3
452327 3
452323 3
452301 3
452297 3
452303 3
452299 3
452333 3
452329 3
452335 3
452331 3
452357 3
452353 3
452359 3
452355 3
452389 3
452385 3
452391 3
452387 3
452365 3
452361 3
452367 3
452363 3
452397 3
452393 3
452399 3
452395 3
321029 3
321025 3
321031 3
321027 3
321061 3
321057 3
321063 3
321059 3
321037 3
321033 3
321039 3
321035 3
321069 3
321065 3
321071 3
321067 3
321093 3
321089 3
321095 3
321091 3
321125 3
321121 3
321127 3
321123 3
321101 3
321097 3
321103 3
321099 3
321133 3
321129 3
321135 3
321131 3
321157 3
321153 3
321159 3
321155 3
321189 3
321185 3
321191 3
321187 3
321165 3
321161 3
321167 3
321163 3
321197 3
321193 3
321199 3
321195 3
321221 3
321217 3
321223 3
321219 3
321253 3
321249 3
321255 3
321251 3
321229 3
321225 3
321231 3
321227 3
321261 3
321257 3
321263 3
321259 3
321285 3
321281 3
321287 3
321283 3
321317 3
321313 3
321319 3
321315 3
321293 3
321289 3
321295 3
321291 3
321325 3
321321 3
321327 3
321323 3
321349 3
321345 3
321351 3
321347 3
321381 3
321377 3
321383 3
321379 3
321357 3
321353 3
321359 3
321355 3
321389 3
321385 3
321391 3
321387 3
321413 3
321409 3
321415 3
321411 3
334827 3
334831 3
334825 3
334829 3
334795 3
334799 3
334793 3
334797 3
334819 3
334823 3
334817 3
334821 3
334787 3
334791 3
334785 3
334789 3
334763 3
334767 3
334761 3
334765 3
334731 3
334735 3
334729 3
334733 3
334755 3
334759 3
334753 3
334757 3
334723 3
334727 3
334721 3
334725 3
334699 3
334703 3
334697 3
334701 3
334667 3
334671 3
334665 3
334669 3
334691 3
334695 3
334689 3
334693 3
334659 3
334663 3
334657 3
334661 3
334635 3
334639 3
334633 3
334637 3
334603 3
334607 3
334601 3
334605 3
334627 3
334631 3
334625 3
334629 3
334595 3
334599 3
334593 3
334597 3
334571 3
334575 3
334569 3
334573 3
334539 3
334543 3
334537 3
334541 3
334563 3
334567 3
334561 3
334565 3
334531 3
334535 3
334529 3
334533 3
334507 3
334511 3
334505 3
334509 3
334475 3
334479 3
334473 3
334477 3
334499 3
334503 3
334497 3
334501 3
334467 3
334471 3
334465 3
334469 3
334443 3
334447 3
334441 3
334445 3
334411 3
334415 3
334409 3
334413 3
334435 3
334439 3
334433 3
334437 3
334403 3
334407 3
334401 3
334405 3
334379 3
334383 3
334377 3
334381 3
334347 3
334351 3
334345 3
334349 3
334371 3
334375 3
334369 3
334373 3
334339 3
334343 3
334337 3
334341 3
334315 3
334319 3
334313 3
334317 3
334283 3
334287 3
334281 3
334285 3
334307 3
334311 3
334305 3
334309 3
334275 3
334279 3
334273 3
334277 3
334251 3
334255 3
334249 3
334253 3
334219 3
334223 3
334217 3
334221 3
334243 3
334247 3
334241 3
334245 3
334211 3
334215 3
334209 3
334213 3
334187 3
334191 3
334185 3
334189 3
334155 3
334159 3
334153 3
334157 3
334179 3
334183 3
334177 3
334181 3
334147 3
334151 3
334145 3
334149 3
334123 3
334127 3
334121 3
334125 3
334091 3
334095 3
334089 3
334093 3
334115 3
334119 3
334113 3
334117 3
334083 3
334087 3
334081 3
334085 3
334059 3
334063 3
334057 3
334061 3
334027 3
334031 3
334025 3
334029 3
334051 3
334055 3
334049 3
334053 3
334019 3
334023 3
334017 3
334021 3
333995 3
333999 3
333993 3
333997 3
333963 3
333967 3
333961 3
333965 3
333987 3
333991 3
333985 3
333989 3
333955 3
333959 3
333953 3
333957 3
333931 3
333935 3
333929 3
333933 3
333899 3
333903 3
333897 3
333901 3
333923 3
333927 3
333921 3
333925 3
333891 3
333895 3
333889 3
333893 3
321643 3
321647 3
321641 3
321645 3
321611 3
321615 3
321609 3
321613 3
321635 3
321639 3
321633 3
321637 3
321603 3
321607 3
321601 3
321605 3
321579 3
321583 3
321577 3
321581 3
321547 3
321551 3
321545 3
321549 3
321571 3
321575 3
321569 3
321573 3
321539 3
321543 3
321537 3
321541 3
321515 3
321519 3
321513 3
321517 3
321483 3
321487 3
321481 3
321485 3
321507 3
321511 3
321505 3
321509 3
321475 3
321479 3
321473 3
321477 3
321451 3
321455 3
321449 3
321453 3
321419 3
321423 3
321417 3
321421 3
321443 3
321447 3
321441 3
321445 3
348653 3
348649 3
348655 3
348651 3
348621 3
348617 3
348623 3
348619 3
348645 3
348641 3
348647 3
348643 3
348613 3
348609 3
348615 3
348611 3
348589 3
348585 3
348591 3
348587 3
348557 3
348553 3
348559 3
348555 3
348581 3
348577 3
348583 3
348579 3
348549 3
348545 3
348551 3
348547 3
348525 3
348521 3
348527 3
348523 3
348493 3
348489 3
348495 3
348491 3
348517 3
348513 3
348519 3
348515 3
348485 3
348481 3
348487 3
348483 3
348461 3
348457 3
348463 3
348459 3
348429 3
348425 3
348431 3
348427 3
348453 3
348449 3
348455 3
348451 3
348421 3
348417 3
348423 3
348419 3
348397 3
348393 3
348399 3
348395 3
348365 3
348361 3
348367 3
348363 3
348389 3
348385 3
348391 3
348387 3
348357 3
348353 3
348359 3
348355 3
348333 3
348329 3
348335 3
348331 3
348301 3
348297 3
348303 3
348299 3
348325 3
348321 3
348327 3
348323 3
348293 3
348289 3
348295 3
348291 3
348269 3
348265 3
348271 3
348267 3
348237 3
348233 3
348239 3
348235 3
348261 3
348257 3
348263 3
348259 3
348229 3
348225 3
348231 3
348227 3
348205 3
348201 3
348207 3
348203 3
348173 3
348169 3
348175 3
348171 3
348197 3
348193 3
348199 3
348195 3
348165 3
348161 3
348167 3
348163 3
348141 3
348137 3
348143 3
348139 3
348109 3
348105 3
348111 3
348107 3
348133 3
348129 3
348135 3
348131 3
348101 3
348097 3
348103 3
348099 3
348077 3
348073 3
348079 3
348075 3
348045 3
348041 3
348047 3
348043 3
348069 3
348065 3
348071 3
348067 3
348037 3
348033 3
348039 3
348035 3
348013 3
348009 3
348015 3
348011 3
347981 3
347977 3
347983 3
347979 3
348005 3
348001 3
348007 3
348003 3
347973 3
347969 3
347975 3
347971 3
347949 3
347945 3
347951 3
347947 3
347917 3
347913 3
347919 3
347915 3
347941 3
347937 3
347943 3
347939 3
347909 3
347905 3
347911 3
347907 3
347885 3
347881 3
347887 3
347883 3
347853 3
347849 3
347855 3
347851 3
347877 3
347873 3
347879 3
347875 3
347845 3
347841 3
347847 3
347843 3
347821 3
347817 3
347823 3
347819 3
347789 3
347785 3
347791 3
347787 3
347813 3
347809 3
347815 3
347811 3
347781 3
347777 3
347783 3
347779 3
347757 3
347753 3
347759 3
347755 3
347725 3
347721 3
347727 3
347723 3
347749 3
347745 3
347751 3
347747 3
347717 3
347713 3
347719 3
347715 3
347693 3
347689 3
347695 3
347691 3
347661 3
347657 3
347663 3
347659 3
347685 3
347681 3
347687 3
347683 3
347653 3
347649 3
347655 3
347651 3
347629 3
347625 3
347631 3
347627 3
347597 3
347593 3
347599 3
347595 3
347621 3
347617 3
347623 3
347619 3
347589 3
347585 3
347591 3
347587 3
347565 3
347561 3
347567 3
347563 3
347533 3
347529 3
347535 3
347531 3
347557 3
347553 3
347559 3
347555 3
347525 3
347521 3
347527 3
347523 3
347501 3
347497 3
347503 3
347499 3
347469 3
347465 3
347471 3
347467 3
347493 3
347489 3
347495 3
347491 3
347461 3
347457 3
347463 3
347459 3
347437 3
347433 3
347439 3
347435 3
347405 3
347401 3
347407 3
347403 3
347429 3
347425 3
347431 3
347427 3
347397 3
347393 3
347399 3
347395 3
335149 3
335145 3
335151 3
335147 3
335117 3
335113 3
335119 3
335115 3
335141 3
335137 3
335143 3
335139 3
335109 3
335105 3
335111 3
335107 3
335085 3
335081 3
335087 3
335083 3
335053 3
335049 3
335055 3
335051 3
335077 3
335073 3
335079 3
335075 3
335045 3
335041 3
335047 3
335043 3
335021 3
335017 3
335023 3
335019 3
334989 3
334985 3
334991 3
334987 3
335013 3
335009 3
335015 3
335011 3
334981 3
334977 3
334983 3
334979 3
334957 3
334953 3
334959 3
334955 3
334925 3
334921 3
334927 3
334923 3
334949 3
334945 3
334951 3
334947 3
334917 3
334913 3
334919 3
334915 3
334893 3
334889 3
334895 3
334891 3
334861 3
334857 3
334863 3
334859 3
334885 3
334881 3
334887 3
334883 3
334853 3
334849 3
334855 3
334851 3
293381 3
293377 3
293383 3
293379 3
293413 3
293409 3
293415 3
293411 3
293389 3
293385 3
293391 3
293387 3
293421 3
293417 3
293423 3
293419 3
293445 3
293441 3
293447 3
293443 3
293477 3
293473 3
293479 3
293475 3
293453 3
293449 3
293455 3
293451 3
293485 3
293481 3
293487 3
293483 3
293509 3
293505 3
293511 3
293507 3
293541 3
293537 3
293543 3
293539 3
293517 3
293513 3
293519 3
293515 3
293549 3
293545 3
293551 3
293547 3
293573 3
293569 3
293575 3
293571 3
293605 3
293601 3
293607 3
293603 3
293581 3
293577 3
293583 3
293579 3
293613 3
293609 3
293615 3
293611 3
293637 3
293633 3
293639 3
293635 3
293669 3
293665 3
293671 3
293667 3
293645 3
293641 3
293647 3
293643 3
293677 3
293673 3
293679 3
293675 3
293701 3
293697 3
293703 3
293699 3
293733 3
293729 3
293735 3
293731 3
293709 3
293705 3
293711 3
293707 3
293741 3
293737 3
293743 3
293739 3
293765 3
293761 3
293767 3
293763 3
293797 3
293793 3
293799 3
293795 3
293773 3
293769 3
293775 3
293771 3
293805 3
293801 3
293807 3
293803 3
293829 3
293825 3
293831 3
293827 3
293861 3
293857 3
293863 3
293859 3
293837 3
293833 3
293839 3
293835 3
293869 3
293865 3
293871 3
293867 3
293893 3
293889 3
293895 3
293891 3
293925 3
293921 3
293927 3
293923 3
293901 3
293897 3
293903 3
293899 3
293933 3
293929 3
293935 3
293931 3
293957 3
293953 3
293959 3
293955 3
293989 3
293985 3
293991 3
293987 3
293965 3
293961 3
293967 3
293963 3
293997 3
293993 3
293999 3
293995 3
294021 3
294017 3
294023 3
294019 3
294053 3
294049 3
294055 3
294051 3
294029 3
294025 3
294031 3
294027 3
294061 3
294057 3
294063 3
294059 3
294085 3
294081 3
294087 3
294083 3
294117 3
294113 3
294119 3
294115 3
294093 3
294089 3
294095 3
294091 3
294125 3
294121 3
294127 3
294123 3
294149 3
294145 3
294151 3
294147 3
294181 3
294177 3
294183 3
294179 3
294157 3
294153 3
294159 3
294155 3
294189 3
294185 3
294191 3
294187 3
294213 3
294209 3
294215 3
294211 3
294245 3
294241 3
294247 3
294243 3
294221 3
294217 3
294223 3
294219 3
294253 3
294249 3
294255 3
294251 3
294277 3
294273 3
294279 3
294275 3
294309 3
294305 3
294311 3
294307 3
294285 3
294281 3
294287 3
294283 3
294317 3
294313 3
294319 3
294315 3
294341 3
294337 3
294343 3
294339 3
294373 3
294369 3
294375 3
294371 3
294349 3
294345 3
294351 3
294347 3
294381 3
294377 3
294383 3
294379 3
294405 3
294401 3
294407 3
294403 3
294437 3
294433 3
294439 3
294435 3
294413 3
294409 3
294415 3
294411 3
294445 3
294441 3
294447 3
294443 3
294469 3
294465 3
294471 3
294467 3
294501 3
294497 3
294503 3
294499 3
294477 3
294473 3
294479 3
294475 3
294509 3
294505 3
294511 3
294507 3
294533 3
294529 3
294535 3
294531 3
294565 3
294561 3
294567 3
294563 3
294541 3
294537 3
294543 3
294539 3
294573 3
294569 3
294575 3
294571 3
294597 3
294593 3
294599 3
294595 3
294629 3
294625 3
294631 3
294627 3
294605 3
294601 3
294607 3
294603 3
294637 3
294633 3
294639 3
294635 3
306885 3
306881 3
306887 3
306883 3
306917 3
306913 3
306919 3
306915 3
306893 3
306889 3
306895 3
306891 3
306925 3
306921 3
306927 3
306923 3
306949 3
306945 3
306951 3
306947 3
306981 3
306977 3
306983 3
306979 3
306957 3
306953 3
306959 3
306955 3
306989 3
306985 3
306991 3
306987 3
307013 3
307009 3
307015 3
307011 3
307045 3
307041 3
307047 3
307043 3
307021 3
307017 3
307023 3
307019 3
307053 3
307049 3
307055 3
307051 3
307077 3
307073 3
307079 3
307075 3
307109 3
307105 3
307111 3
307107 3
307085 3
307081 3
307087 3
307083 3
307117 3
307113 3
307119 3
307115 3
307141 3
307137 3
307143 3
307139 3
307173 3
307169 3
307175 3
307171 3
307149 3
307145 3
307151 3
307147 3
307181 3
307177 3
307183 3
307179 3
307205 3
307201 3
307207 3
307203 3
307237 3
307233 3
307239 3
307235 3
307213 3
307209 3
307215 3
307211 3
307245 3
307241 3
307247 3
307243 3
307269 3
307265 3
307271 3
307267 3
307301 3
307297 3
307303 3
307299 3
307277 3
307273 3
307279 3
307275 3
307309 3
307305 3
307311 3
307307 3
307333 3
307329 3
307335 3
307331 3
307365 3
307361 3
307367 3
307363 3
307341 3
307337 3
307343 3
307339 3
307373 3
307369 3
307375 3
307371 3
307397 3
307393 3
307399 3
307395 3
307429 3
307425 3
307431 3
307427 3
307405 3
307401 3
307407 3
307403 3
307437 3
307433 3
307439 3
307435 3
307461 3
307457 3
307463 3
307459 3
307493 3
307489 3
307495 3
307491 3
307469 3
307465 3
307471 3
307467 3
307501 3
307497 3
307503 3
307499 3
307525 3
307521 3
307527 3
307523 3
307557 3
307553 3
307559 3
307555 3
307533 3
307529 3
307535 3
307531 3
307565 3
307561 3
307567 3
307563 3
307589 3
307585 3
307591 3
307587 3
307621 3
307617 3
307623 3
307619 3
307597 3
307593 3
307599 3
307595 3
307629 3
307625 3
307631 3
307627 3
307653 3
307649 3
307655 3
307651 3
307685 3
307681 3
307687 3
307683 3
307661 3
307657 3
307663 3
307659 3
307693 3
307689 3
307695 3
307691 3
307717 3
307713 3
307719 3
307715 3
307749 3
307745 3
307751 3
307747 3
307725 3
307721 3
307727 3
307723 3
307757 3
307753 3
307759 3
307755 3
307781 3
307777 3
307783 3
307779 3
307813 3
307809 3
307815 3
307811 3
307789 3
307785 3
307791 3
307787 3
307821 3
307817 3
307823 3
307819 3
307845 3
307841 3
307847 3
307843 3
307877 3
307873 3
307879 3
307875 3
307853 3
307849 3
307855 3
307851 3
307885 3
307881 3
307887 3
307883 3
307909 3
307905 3
307911 3
307907 3
307941 3
307937 3
307943 3
307939 3
307917 3
307913 3
307919 3
307915 3
307949 3
307945 3
307951 3
307947 3
307973 3
307969 3
307975 3
307971 3
308005 3
308001 3
308007 3
308003 3
307981 3
307977 3
307983 3
307979 3
308013 3
308009 3
308015 3
308011 3
308037 3
308033 3
308039 3
308035 3
308069 3
308065 3
308071 3
308067 3
308045 3
308041 3
308047 3
308043 3
308077 3
308073 3
308079 3
308075 3
308101 3
308097 3
308103 3
308099 3
308133 3
308129 3
308135 3
308131 3
308109 3
308105 3
308111 3
308107 3
308141 3
308137 3
308143 3
308139 3
320389 3
320385 3
320391 3
320387 3
320421 3
320417 3
320423 3
320419 3
320397 3
320393 3
320399 3
320395 3
320429 3
320425 3
320431 3
320427 3
320453 3
320449 3
320455 3
320451 3
320485 3
320481 3
320487 3
320483 3
320461 3
320457 3
320463 3
320459 3
320493 3
320489 3
320495 3
320491 3
320517 3
320513 3
320519 3
320515 3
320549 3
320545 3
320551 3
320547 3
320525 3
320521 3
320527 3
320523 3
320557 3
320553 3
320559 3
320555 3
320581 3
320577 3
320583 3
320579 3
320613 3
320609 3
320615 3
320611 3
320589 3
320585 3
320591 3
320587 3
320621 3
320617 3
320623 3
320619 3
320645 3
320641 3
320647 3
320643 3
320677 3
320673 3
320679 3
320675 3
320653 3
320649 3
320655 3
320651 3
320685 3
320681 3
320687 3
320683 3
320709 3
320705 3
320711 3
320707 3
320741 3
320737 3
320743 3
320739 3
320717 3
320713 3
320719 3
320715 3
320749 3
320745 3
320751 3
320747 3
320773 3
320769 3
320775 3
320771 3
320805 3
320801 3
320807 3
320803 3
320781 3
320777 3
320783 3
320779 3
320813 3
320809 3
320815 3
320811 3
320837 3
320833 3
320839 3
320835 3
320869 3
320865 3
320871 3
320867 3
320845 3
320841 3
320847 3
320843 3
320877 3
320873 3
320879 3
320875 3
320901 3
320897 3
320903 3
320899 3
320933 3
320929 3
320935 3
320931 3
320909 3
320905 3
320911 3
320907 3
320941 3
320937 3
320943 3
320939 3
320965 3
320961 3
320967 3
320963 3
320997 3
320993 3
320999 3
320995 3
320973 3
320969 3
320975 3
320971 3
321005 3
321001 3
321007 3
321003 3
187041 2
187042 2
187043 2
187044 2
187057 2
187058 2
187059 2
187060 2
187049 2
187050 2
187051 2
187052 2
187065 2
187066 2
187067 2
187068 2
187105 2
187106 2
187107 2
187108 2
187121 2
187122 2
187123 2
187124 2
187113 2
187114 2
187115 2
187116 2
187129 2
187130 2
187131 2
187132 2
187169 2
187170 2
187171 2
187172 2
187185 2
187186 2
187187 2
187188 2
187177 2
187178 2
187179 2
187180 2
187193 2
187194 2
187195 2
187196 2
187233 2
187234 2
200692 2
200691 2
200690 2
200689 2
200676 2
200675 2
200674 2
200673 2
200636 2
200635 2
200634 2
200633 2
200620 2
200619 2
200618 2
200617 2
200628 2
200627 2
200626 2
200625 2
200612 2
200611 2
200610 2
200609 2
200572 2
200571 2
200570 2
200569 2
200556 2
200555 2
200554 2
200553 2
200564 2
200563 2
200562 2
200561 2
200548 2
200547 2
200546 2
200545 2
200508 2
200507 2
200506 2
200505 2
200492 2
200491 2
200490 2
200489 2
200500 2
200499 2
200498 2
200497 2
200484 2
200483 2
200482 2
200481 2
200444 2
200443 2
200442 2
200441 2
200428 2
200427 2
200426 2
200425 2
200436 2
200435 2
200434 2
200433 2
200420 2
200419 2
200418 2
200417 2
200380 2
200379 2
200378 2
200377 2
200364 2
200363 2
200362 2
200361 2
200372 2
200371 2
200370 2
200369 2
200356 2
200355 2
200354 2
200353 2
200316 2
200315 2
200314 2
200313 2
200300 2
200299 2
200298 2
200297 2
200308 2
200307 2
200306 2
200305 2
200292 2
200291 2
200290 2
200289 2
200252 2
200251 2
200250 2
200249 2
200236 2
200235 2
200234 2
200233 2
200244 2
200243 2
200242 2
200241 2
200228 2
200227 2
200226 2
200225 2
187307 3
187311 3
187305 3
187309 3
187275 3
187279 3
187273 3
187277 3
187299 3
187303 3
187297 3
187301 3
187267 3
187271 3
187265 3
187269 3
187260 2
187259 2
187258 2
187257 2
187244 2
187243 2
187242 2
187241 2
187252 2
187251 2
187250 2
187249 2
187236 2
187235 2
214317 3
214313 3
214319 3
214315 3
214285 3
214281 3
214287 3
214283 3
214309 3
214305 3
214311 3
214307 3
214277 3
214273 3
214279 3
214275 3
214265 2
214266 2
214267 2
214268 2
214249 2
214250 2
214251 2
214252 2
214257 2
214258 2
214259 2
214260 2
214241 2
214242 2
214243 2
214244 2
214201 2
214202 2
214203 2
214204 2
214185 2
214186 2
214187 2
214188 2
214193 2
214194 2
214195 2
214196 2
214177 2
214178 2
214179 2
214180 2
214137 2
214138 2
214139 2
214140 2
214121 2
214122 2
214123 2
214124 2
214129 2
214130 2
214131 2
214132 2
214113 2
214114 2
214115 2
214116 2
214073 2
214074 2
214075 2
214076 2
214057 2
214058 2
214059 2
214060 2
214065 2
214066 2
214067 2
214068 2
214049 2
214050 2
214051 2
214052 2
214009 2
214010 2
214011 2
214012 2
213993 2
213994 2
213995 2
213996 2
214001 2
214002 2
214003 2
214004 2
213985 2
213986 2
213987 2
213988 2
213945 2
213946 2
213947 2
213948 2
213929 2
213930 2
213931 2
213932 2
213937 2
213938 2
213939 2
213940 2
213921 2
213922 2
213923 2
213924 2
213881 2
213882 2
213883 2
213884 2
213865 2
213866 2
213867 2
213868 2
213873 2
213874 2
213875 2
213876 2
213857 2
213858 2
213859 2
213860 2
213817 2
213818 2
213819 2
213820 2
213801 2
213802 2
213803 2
213804 2
213809 2
213810 2
213811 2
213812 2
213793 2
213794 2
213795 2
213796 2
213753 2
213754 2
213755 2
213756 2
213737 2
213738 2
213739 2
213740 2
213745 2
213746 2
213747 2
213748 2
213729 2
213730 2
213731 2
213732 2
200813 3
200809 3
200815 3
200811 3
200781 3
200777 3
200783 3
200779 3
200805 3
200801 3
200807 3
200803 3
200773 3
200769 3
200775 3
200771 3
200761 2
200762 2
200763 2
200764 2
200745 2
200746 2
200747 2
200748 2
200753 2
200754 2
200755 2
200756 2
200737 2
200738 2
200739 2
200740 2
200697 2
200698 2
200699 2
200700 2
200681 2
200682 2
200683 2
200684 2
159713 2
159714 2
159715 2
159716 2
159729 2
159730 2
159731 2
159732 2
159721 2
159722 2
159723 2
159724 2
159737 2
159738 2
159739 2
159740 2
159777 2
159778 2
159779 2
159780 2
159793 2
159794 2
159795 2
159796 2
159785 2
159786 2
159787 2
159788 2
159801 2
159802 2
159803 2
159804 2
159841 2
159842 2
159843 2
159844 2
159857 2
159858 2
159859 2
159860 2
159849 2
159850 2
159851 2
159852 2
159865 2
159866 2
159867 2
159868 2
159905 2
159906 2
159907 2
159908 2
159921 2
159922 2
159923 2
159924 2
159913 2
159914 2
159915 2
159916 2
159929 2
159930 2
159931 2
159932 2
159969 2
159970 2
159971 2
159972 2
159985 2
159986 2
159987 2
159988 2
159977 2
159978 2
159979 2
159980 2
159993 2
159994 2
159995 2
159996 2
160033 2
160034 2
160035 2
160036 2
160049 2
160050 2
160051 2
160052 2
160041 2
160042 2
160043 2
160044 2
160057 2
160058 2
160059 2
160060 2
160097 2
160098 2
160099 2
160100 2
160113 2
160114 2
160115 2
160116 2
160105 2
160106 2
160107 2
160108 2
160121 2
160122 2
160123 2
160124 2
160161 2
160162 2
160163 2
160164 2
160177 2
160178 2
160179 2
160180 2
160169 2
160170 2
160171 2
160172 2
160185 2
160186 2
160187 2
160188 2
160225 2
160226 2
160227 2
160228 2
160241 2
160242 2
160243 2
160244 2
160233 2
160234 2
160235 2
160236 2
160249 2
160250 2
160251 2
160252 2
160261 3
160257 3
160263 3
160259 3
160293 3
160289 3
160295 3
160291 3
160269 3
160265 3
160271 3
160267 3
160301 3
160297 3
160303 3
160299 3
173217 2
173218 2
173219 2
173220 2
173233 2
173234 2
173235 2
173236 2
173225 2
173226 2
173227 2
173228 2
173241 2
173242 2
173243 2
173244 2
173281 2
173282 2
173283 2
173284 2
173297 2
173298 2
173299 2
173300 2
173289 2
173290 2
173291 2
173292 2
173305 2
173306 2
173307 2
173308 2
173345 2
173346 2
173347 2
173348 2
173361 2
173362 2
173363 2
173364 2
173353 2
173354 2
173355 2
173356 2
173369 2
173370 2
173371 2
173372 2
173409 2
173410 2
173411 2
173412 2
173425 2
173426 2
173427 2
173428 2
173417 2
173418 2
173419 2
173420 2
173433 2
173434 2
173435 2
173436 2
173473 2
173474 2
173475 2
173476 2
173489 2
173490 2
173491 2
173492 2
173481 2
173482 2
173483 2
173484 2
173497 2
173498 2
173499 2
173500 2
173537 2
173538 2
173539 2
173540 2
173553 2
173554 2
173555 2
173556 2
173545 2
173546 2
173547 2
173548 2
173561 2
173562 2
173563 2
173564 2
173601 2
173602 2
173603 2
173604 2
173617 2
173618 2
173619 2
173620 2
173609 2
173610 2
173611 2
173612 2
173625 2
173626 2
173627 2
173628 2
173665 2
173666 2
173667 2
173668 2
173681 2
173682 2
173683 2
173684 2
173673 2
173674 2
173675 2
173676 2
173689 2
173690 2
173691 2
173692 2
173729 2
173730 2
173731 2
173732 2
173745 2
173746 2
173747 2
173748 2
173737 2
173738 2
173739 2
173740 2
173753 2
173754 2
173755 2
173756 2
173765 3
173761 3
173767 3
173763 3
173797 3
173793 3
173799 3
173795 3
173773 3
173769 3
173775 3
173771 3
173805 3
173801 3
173807 3
173803 3
186721 2
186722 2
186723 2
186724 2
186737 2
186738 2
186739 2
186740 2
186729 2
186730 2
186731 2
186732 2
186745 2
186746 2
186747 2
186748 2
186785 2
186786 2
186787 2
186788 2
186801 2
186802 2
186803 2
186804 2
186793 2
186794 2
186795 2
186796 2
186809 2
186810 2
186811 2
186812 2
186849 2
186850 2
186851 2
186852 2
186865 2
186866 2
186867 2
186868 2
186857 2
186858 2
186859 2
186860 2
186873 2
186874 2
186875 2
186876 2
186913 2
186914 2
186915 2
186916 2
186929 2
186930 2
186931 2
186932 2
186921 2
186922 2
186923 2
186924 2
186937 2
186938 2
186939 2
186940 2
186977 2
186978 2
186979 2
186980 2
186993 2
186994 2
186995 2
186996 2
186985 2
186986 2
186987 2
186988 2
187001 2
187002 2
187003 2
187004 2
121505 2
121506 2
121507 2
121508 2
121521 2
121522 2
121523 2
121524 2
121513 2
121514 2
121515 2
121516 2
121529 2
121530 2
121531 2
121532 2
121569 2
121570 2
121571 2
121572 2
121585 2
121586 2
121587 2
121588 2
121577 2
121578 2
121579 2
121580 2
121593 2
121594 2
121595 2
121596 2
121633 2
121634 2
121635 2
121636 2
121649 2
121650 2
121651 2
121652 2
121641 2
121642 2
121643 2
121644 2
121657 2
121658 2
121659 2
121660 2
121697 2
121698 2
134772 2
134771 2
134770 2
134769 2
134756 2
134755 2
134754 2
134753 2
134716 2
134715 2
134714 2
134713 2
134700 2
134699 2
134698 2
134697 2
134708 2
134707 2
134706 2
134705 2
134692 2
134691 2
134690 2
134689 2
134652 2
134651 2
134650 2
134649 2
134636 2
134635 2
134634 2
134633 2
134644 2
134643 2
134642 2
134641 2
134628 2
134627 2
134626 2
134625 2
134588 2
134587 2
134586 2
134585 2
134572 2
134571 2
134570 2
134569 2
134580 2
134579 2
134578 2
134577 2
134564 2
134563 2
134562 2
134561 2
134524 2
134523 2
134522 2
134521 2
134508 2
134507 2
134506 2
134505 2
134516 2
134515 2
134514 2
134513 2
134500 2
134499 2
134498 2
134497 2
134460 2
134459 2
134458 2
134457 2
134444 2
134443 2
134442 2
134441 2
134452 2
134451 2
134450 2
134449 2
134436 2
134435 2
134434 2
134433 2
134396 2
134395 2
134394 2
134393 2
134380 2
134379 2
134378 2
134377 2
134388 2
134387 2
134386 2
134385 2
134372 2
134371 2
134370 2
134369 2
134332 2
134331 2
134330 2
134329 2
134316 2
134315 2
134314 2
134313 2
134324 2
134323 2
134322 2
134321 2
134308 2
134307 2
134306 2
134305 2
121788 2
121787 2
121786 2
121785 2
121772 2
121771 2
121770 2
121769 2
121780 2
121779 2
121778 2
121777 2
121764 2
121763 2
121762 2
121761 2
121724 2
121723 2
121722 2
121721 2
121708 2
121707 2
121706 2
121705 2
121716 2
121715 2
121714 2
121713 2
121700 2
121699 2
148025 2
148026 2
148027 2
148028 2
148009 2
148010 2
148011 2
148012 2
148017 2
148018 2
148019 2
148020 2
148001 2
148002 2
148003 2
148004 2
147961 2
147962 2
147963 2
147964 2
147945 2
147946 2
147947 2
147948 2
147953 2
147954 2
147955 2
147956 2
147937 2
147938 2
147939 2
147940 2
147897 2
147898 2
147899 2
147900 2
147881 2
147882 2
147883 2
147884 2
147889 2
147890 2
147891 2
147892 2
147873 2
147874 2
147875 2
147876 2
147833 2
147834 2
147835 2
147836 2
147817 2
147818 2
147819 2
147820 2
147825 2
147826 2
147827 2
147828 2
147809 2
147810 2
147811 2
147812 2
147769 2
147770 2
147771 2
147772 2
147753 2
147754 2
147755 2
147756 2
147761 2
147762 2
147763 2
147764 2
147745 2
147746 2
147747 2
147748 2
147705 2
147706 2
147707 2
147708 2
147689 2
147690 2
147691 2
147692 2
147697 2
147698 2
147699 2
147700 2
147681 2
147682 2
147683 2
147684 2
147641 2
147642 2
147643 2
147644 2
147625 2
147626 2
147627 2
147628 2
147633 2
147634 2
147635 2
147636 2
147617 2
147618 2
147619 2
147620 2
147577 2
147578 2
147579 2
147580 2
147561 2
147562 2
147563 2
147564 2
147569 2
147570 2
147571 2
147572 2
147553 2
147554 2
147555 2
147556 2
147513 2
147514 2
147515 2
147516 2
147497 2
147498 2
147499 2
147500 2
147505 2
147506 2
147507 2
147508 2
147489 2
147490 2
147491 2
147492 2
147449 2
147450 2
147451 2
147452 2
147433 2
147434 2
147435 2
147436 2
147441 2
147442 2
147443 2
147444 2
147425 2
147426 2
147427 2
147428 2
134905 2
134906 2
134907 2
134908 2
134889 2
134890 2
134891 2
134892 2
134897 2
134898 2
134899 2
134900 2
134881 2
134882 2
134883 2
134884 2
134841 2
134842 2
134843 2
134844 2
134825 2
134826 2
134827 2
134828 2
134833 2
134834 2
134835 2
134836 2
134817 2
134818 2
134819 2
134820 2
134777 2
134778 2
134779 2
134780 2
134761 2
134762 2
134763 2
134764 2
94945 2
94946 2
94947 2
94948 2
94961 2
94962 2
94963 2
94964 2
94953 2
94954 2
94955 2
94956 2
94969 2
94970 2
94971 2
94972 2
95009 2
95010 2
95011 2
95012 2
95025 2
95026 2
95027 2
95028 2
95017 2
95018 2
95019 2
95020 2
95033 2
95034 2
95035 2
95036 2
95073 2
95074 2
95075 2
95076 2
95089 2
95090 2
95091 2
95092 2
95081 2
95082 2
95083 2
95084 2
95097 2
95098 2
95099 2
95100 2
95137 2
95138 2
95139 2
95140 2
95153 2
95154 2
95155 2
95156 2
95145 2
95146 2
95147 2
95148 2
95161 2
95162 2
95163 2
95164 2
95201 2
95202 2
95203 2
95204 2
95217 2
95218 2
95219 2
95220 2
95209 2
95210 2
95211 2
95212 2
95225 2
95226 2
95227 2
95228 2
95265 2
95266 2
95267 2
95268 2
95281 2
95282 2
95283 2
95284 2
95273 2
95274 2
95275 2
95276 2
95289 2
95290 2
95291 2
95292 2
95329 2
95330 2
95331 2
95332 2
95345 2
95346 2
95347 2
95348 2
95337 2
95338 2
95339 2
95340 2
95353 2
95354 2
95355 2
95356 2
95393 2
95394 2
95395 2
95396 2
95409 2
95410 2
95411 2
95412 2
95401 2
95402 2
95403 2
95404 2
95417 2
95418 2
95419 2
95420 2
95457 2
95458 2
95459 2
95460 2
95473 2
95474 2
95475 2
95476 2
95465 2
95466 2
95467 2
95468 2
95481 2
95482 2
95483 2
95484 2
95521 2
95522 2
95523 2
95524 2
95537 2
95538 2
95539 2
95540 2
95529 2
95530 2
95531 2
95532 2
95545 2
95546 2
95547 2
95548 2
108065 2
108066 2
108067 2
108068 2
108081 2
108082 2
108083 2
108084 2
108073 2
108074 2
108075 2
108076 2
108089 2
108090 2
108091 2
108092 2
108129 2
108130 2
108131 2
108132 2
108145 2
108146 2
108147 2
108148 2
108137 2
108138 2
108139 2
108140 2
108153 2
108154 2
108155 2
108156 2
108193 2
108194 2
108195 2
108196 2
108209 2
108210 2
108211 2
108212 2
108201 2
108202 2
108203 2
108204 2
108217 2
108218 2
108219 2
108220 2
108257 2
108258 2
108259 2
108260 2
108273 2
108274 2
108275 2
108276 2
108265 2
108266 2
108267 2
108268 2
108281 2
108282 2
108283 2
108284 2
108321 2
108322 2
108323 2
108324 2
108337 2
108338 2
108339 2
108340 2
108329 2
108330 2
108331 2
108332 2
108345 2
108346 2
108347 2
108348 2
108385 2
108386 2
108387 2
108388 2
108401 2
108402 2
108403 2
108404 2
108393 2
108394 2
108395 2
108396 2
108409 2
108410 2
108411 2
108412 2
108449 2
108450 2
108451 2
108452 2
108465 2
108466 2
108467 2
108468 2
108457 2
108458 2
108459 2
108460 2
108473 2
108474 2
108475 2
108476 2
108513 2
108514 2
108515 2
108516 2
108529 2
108530 2
108531 2
108532 2
108521 2
108522 2
108523 2
108524 2
108537 2
108538 2
108539 2
108540 2
108577 2
108578 2
108579 2
108580 2
108593 2
108594 2
108595 2
108596 2
108585 2
108586 2
108587 2
108588 2
108601 2
108602 2
108603 2
108604 2
108641 2
108642 2
108643 2
108644 2
108657 2
108658 2
108659 2
108660 2
108649 2
108650 2
108651 2
108652 2
108665 2
108666 2
108667 2
108668 2
121185 2
121186 2
121187 2
121188 2
121201 2
121202 2
121203 2
121204 2
121193 2
121194 2
121195 2
121196 2
121209 2
121210 2
121211 2
121212 2
121249 2
121250 2
121251 2
121252 2
121265 2
121266 2
121267 2
121268 2
121257 2
121258 2
121259 2
121260 2
121273 2
121274 2
121275 2
121276 2
121313 2
121314 2
121315 2
121316 2
121329 2
121330 2
121331 2
121332 2
121321 2
121322 2
121323 2
121324 2
121337 2
121338 2
121339 2
121340 2
121377 2
121378 2
121379 2
121380 2
121393 2
121394 2
121395 2
121396 2
121385 2
121386 2
121387 2
121388 2
121401 2
121402 2
121403 2
121404 2
121441 2
121442 2
121443 2
121444 2
121457 2
121458 2
121459 2
121460 2
121449 2
121450 2
121451 2
121452 2
121465 2
121466 2
121467 2
121468 2
518853 3
518849 3
518855 3
518851 3
518885 3
518881 3
518887 3
518883 3
518861 3
518857 3
518863 3
518859 3
518893 3
518889 3
518895 3
518891 3
518917 3
518913 3
518919 3
518915 3
518949 3
518945 3
518951 3
518947 3
518925 3
518921 3
518927 3
518923 3
518957 3
518953 3
518959 3
518955 3
518981 3
518977 3
518983 3
518979 3
519013 3
519009 3
519015 3
519011 3
518989 3
518985 3
518991 3
518987 3
519021 3
519017 3
519023 3
519019 3
519045 3
519041 3
532515 3
532519 3
532513 3
532517 3
532483 3
532487 3
532481 3
532485 3
532459 3
532463 3
532457 3
532461 3
532427 3
532431 3
532425 3
532429 3
532451 3
532455 3
532449 3
532453 3
532419 3
532423 3
532417 3
532421 3
532395 3
532399 3
532393 3
532397 3
532363 3
532367 3
532361 3
532365 3
532387 3
532391 3
532385 3
532389 3
532355 3
532359 3
532353 3
532357 3
532331 3
532335 3
532329 3
532333 3
532299 3
532303 3
532297 3
532301 3
532323 3
532327 3
532321 3
532325 3
532291 3
532295 3
532289 3
532293 3
532267 3
532271 3
532265 3
532269 3
532235 3
532239 3
532233 3
532237 3
532259 3
532263 3
532257 3
532261 3
532227 3
532231 3
532225 3
532229 3
532203 3
532207 3
532201 3
532205 3
532171 3
532175 3
532169 3
532173 3
532195 3
532199 3
532193 3
532197 3
532163 3
532167 3
532161 3
532165 3
532139 3
532143 3
532137 3
532141 3
532107 3
532111 3
532105 3
532109 3
532131 3
532135 3
532129 3
532133 3
532099 3
532103 3
532097 3
532101 3
532075 3
532079 3
532073 3
532077 3
532043 3
532047 3
532041 3
532045 3
532067 3
532071 3
532065 3
532069 3
532035 3
532039 3
532033 3
532037 3
519164 2
519163 2
519162 2
519161 2
519148 2
519147 2
519146 2
519145 2
519156 2
519155 2
519154 2
519153 2
519140 2
519139 2
519138 2
519137 2
519083 3
519087 3
519081 3
519085 3
519051 3
519055 3
519049 3
519053 3
519075 3
519079 3
519073 3
519077 3
519043 3
519047 3
546169 2
546170 2
546171 2
546172 2
546153 2
546154 2
546155 2
546156 2
546161 2
546162 2
546163 2
546164 2
546145 2
546146 2
546147 2
546148 2
546093 3
546089 3
546095 3
546091 3
546061 3
546057 3
546063 3
546059 3
546085 3
546081 3
546087 3
546083 3
546053 3
546049 3
546055 3
546051 3
546029 3
546025 3
546031 3
546027 3
545997 3
545993 3
545999 3
545995 3
546021 3
546017 3
546023 3
546019 3
545989 3
545985 3
545991 3
545987 3
545965 3
545961 3
545967 3
545963 3
545933 3
545929 3
545935 3
545931 3
545957 3
545953 3
545959 3
545955 3
545925 3
545921 3
545927 3
545923 3
545901 3
545897 3
545903 3
545899 3
545869 3
545865 3
545871 3
545867 3
545893 3
545889 3
545895 3
545891 3
545861 3
545857 3
545863 3
545859 3
545837 3
545833 3
545839 3
545835 3
545805 3
545801 3
545807 3
545803 3
545829 3
545825 3
545831 3
545827 3
545797 3
545793 3
545799 3
545795 3
545773 3
545769 3
545775 3
545771 3
545741 3
545737 3
545743 3
545739 3
545765 3
545761 3
545767 3
545763 3
545733 3
545729 3
545735 3
545731 3
545709 3
545705 3
545711 3
545707 3
545677 3
545673 3
545679 3
545675 3
545701 3
545697 3
545703 3
545699 3
545669 3
545665 3
545671 3
545667 3
545645 3
545641 3
545647 3
545643 3
545613 3
545609 3
545615 3
545611 3
545637 3
545633 3
545639 3
545635 3
545605 3
545601 3
545607 3
545603 3
545581 3
545577 3
545583 3
545579 3
545549 3
545545 3
545551 3
545547 3
545573 3
545569 3
545575 3
545571 3
545541 3
545537 3
545543 3
545539 3
532665 2
532666 2
532667 2
532668 2
532649 2
532650 2
532651 2
532652 2
532657 2
532658 2
532659 2
532660 2
532641 2
532642 2
532643 2
532644 2
532589 3
532585 3
532591 3
532587 3
532557 3
532553 3
532559 3
532555 3
532581 3
532577 3
532583 3
532579 3
532549 3
532545 3
532551 3
532547 3
532525 3
532521 3
532527 3
532523 3
532493 3
532489 3
532495 3
532491 3
491525 3
491521 3
491527 3
491523 3
491557 3
491553 3
491559 3
491555 3
491533 3
491529 3
491535 3
491531 3
491565 3
491561 3
491567 3
491563 3
491589 3
491585 3
491591 3
491587 3
491621 3
491617 3
491623 3
491619 3
491597 3
491593 3
491599 3
491595 3
491629 3
491625 3
491631 3
491627 3
491653 3
491649 3
491655 3
491651 3
491685 3
491681 3
491687 3
491683 3
491661 3
491657 3
491663 3
491659 3
491693 3
491689 3
491695 3
491691 3
491717 3
491713 3
491719 3
491715 3
491749 3
491745 3
491751 3
491747 3
491725 3
491721 3
491727 3
491723 3
491757 3
491753 3
491759 3
491755 3
491781 3
491777 3
491783 3
491779 3
491813 3
491809 3
491815 3
491811 3
491789 3
491785 3
491791 3
491787 3
491821 3
491817 3
491823 3
491819 3
491845 3
491841 3
491847 3
491843 3
491877 3
491873 3
491879 3
491875 3
491853 3
491849 3
491855 3
491851 3
491885 3
491881 3
491887 3
491883 3
491909 3
491905 3
491911 3
491907 3
491941 3
491937 3
491943 3
491939 3
491917 3
491913 3
491919 3
491915 3
491949 3
491945 3
491951 3
491947 3
491973 3
491969 3
491975 3
491971 3
492005 3
492001 3
492007 3
492003 3
491981 3
491977 3
491983 3
491979 3
492013 3
492009 3
492015 3
492011 3
492037 3
492033 3
492039 3
492035 3
492069 3
492065 3
492071 3
492067 3
492045 3
492041 3
492047 3
492043 3
492077 3
492073 3
492079 3
492075 3
492129 2
492130 2
492131 2
492132 2
492145 2
492146 2
492147 2
492148 2
492137 2
492138 2
492139 2
492140 2
492153 2
492154 2
492155 2
492156 2
505029 3
505025 3
505031 3
505027 3
505061 3
505057 3
505063 3
505059 3
505037 3
505033 3
505039 3
505035 3
505069 3
505065 3
505071 3
505067 3
505093 3
505089 3
505095 3
505091 3
505125 3
505121 3
505127 3
505123 3
505101 3
505097 3
505103 3
505099 3
505133 3
505129 3
505135 3
505131 3
505157 3
505153 3
505159 3
505155 3
505189 3
505185 3
505191 3
505187 3
505165 3
505161 3
505167 3
505163 3
505197 3
505193 3
505199 3
505195 3
505221 3
505217 3
505223 3
505219 3
505253 3
505249 3
505255 3
505251 3
505229 3
505225 3
505231 3
505227 3
505261 3
505257 3
505263 3
505259 3
505285 3
505281 3
505287 3
505283 3
505317 3
505313 3
505319 3
505315 3
505293 3
505289 3
505295 3
505291 3
505325 3
505321 3
505327 3
505323 3
505349 3
505345 3
505351 3
505347 3
505381 3
505377 3
505383 3
505379 3
505357 3
505353 3
505359 3
505355 3
505389 3
505385 3
505391 3
505387 3
505413 3
505409 3
505415 3
505411 3
505445 3
505441 3
505447 3
505443 3
505421 3
505417 3
505423 3
505419 3
505453 3
505449 3
505455 3
505451 3
505477 3
505473 3
505479 3
505475 3
505509 3
505505 3
505511 3
505507 3
505485 3
505481 3
505487 3
505483 3
505517 3
505513 3
505519 3
505515 3
505541 3
505537 3
505543 3
505539 3
505573 3
505569 3
505575 3
505571 3
505549 3
505545 3
505551 3
505547 3
505581 3
505577 3
505583 3
505579 3
505633 2
505634 2
505635 2
505636 2
505649 2
505650 2
505651 2
505652 2
505641 2
505642 2
505643 2
505644 2
505657 2
505658 2
505659 2
505660 2
518533 3
518529 3
518535 3
518531 3
518565 3
518561 3
518567 3
518563 3
518541 3
518537 3
518543 3
518539 3
518573 3
518569 3
518575 3
518571 3
518597 3
518593 3
518599 3
518595 3
518629 3
518625 3
518631 3
518627 3
518605 3
518601 3
518607 3
518603 3
518637 3
518633 3
518639 3
518635 3
518661 3
518657 3
518663 3
518659 3
518693 3
518689 3
518695 3
518691 3
518669 3
518665 3
518671 3
518667 3
518701 3
518697 3
518703 3
518699 3
518725 3
518721 3
518727 3
518723 3
518757 3
518753 3
518759 3
518755 3
518733 3
518729 3
518735 3
518731 3
518765 3
518761 3
518767 3
518763 3
518789 3
518785 3
518791 3
518787 3
518821 3
518817 3
518823 3
518819 3
518797 3
518793 3
518799 3
518795 3
518829 3
518825 3
518831 3
518827 3
453317 3
453313 3
453319 3
453315 3
453349 3
453345 3
453351 3
453347 3
453325 3
453321 3
453327 3
453323 3
453357 3
453353 3
453359 3
453355 3
453381 3
453377 3
453383 3
453379 3
453413 3
453409 3
453415 3
453411 3
453389 3
453385 3
453391 3
453387 3
453421 3
453417 3
453423 3
453419 3
453445 3
453441 3
453447 3
453443 3
453477 3
453473 3
453479 3
453475 3
453453 3
453449 3
453455 3
453451 3
453485 3
453481 3
453487 3
453483 3
453509 3
453505 3
466595 3
466599 3
466593 3
466597 3
466563 3
466567 3
466561 3
466565 3
466539 3
466543 3
466537 3
466541 3
466507 3
466511 3
466505 3
466509 3
466531 3
466535 3
466529 3
466533 3
466499 3
466503 3
466497 3
466501 3
466475 3
466479 3
466473 3
466477 3
466443 3
466447 3
466441 3
466445 3
466467 3
466471 3
466465 3
466469 3
466435 3
466439 3
466433 3
466437 3
466411 3
466415 3
466409 3
466413 3
466379 3
466383 3
466377 3
466381 3
466403 3
466407 3
466401 3
466405 3
466371 3
466375 3
466369 3
466373 3
466347 3
466351 3
466345 3
466349 3
466315 3
466319 3
466313 3
466317 3
466339 3
466343 3
466337 3
466341 3
466307 3
466311 3
466305 3
466309 3
466283 3
466287 3
466281 3
466285 3
466251 3
466255 3
466249 3
466253 3
466275 3
466279 3
466273 3
466277 3
466243 3
466247 3
466241 3
466245 3
466219 3
466223 3
466217 3
466221 3
466187 3
466191 3
466185 3
466189 3
466211 3
466215 3
466209 3
466213 3
466179 3
466183 3
466177 3
466181 3
466155 3
466159 3
466153 3
466157 3
466123 3
466127 3
466121 3
466125 3
466147 3
466151 3
466145 3
466149 3
466115 3
466119 3
466113 3
466117 3
453611 3
453615 3
453609 3
453613 3
453579 3
453583 3
453577 3
453581 3
453603 3
453607 3
453601 3
453605 3
453571 3
453575 3
453569 3
453573 3
453547 3
453551 3
453545 3
453549 3
453515 3
453519 3
453513 3
453517 3
453539 3
453543 3
453537 3
453541 3
453507 3
453511 3
479853 3
479849 3
479855 3
479851 3
479821 3
479817 3
479823 3
479819 3
479845 3
479841 3
479847 3
479843 3
479813 3
479809 3
479815 3
479811 3
479789 3
479785 3
479791 3
479787 3
479757 3
479753 3
479759 3
479755 3
479781 3
479777 3
479783 3
479779 3
479749 3
479745 3
479751 3
479747 3
479725 3
479721 3
479727 3
479723 3
479693 3
479689 3
479695 3
479691 3
479717 3
479713 3
479719 3
479715 3
479685 3
479681 3
479687 3
479683 3
479661 3
479657 3
479663 3
479659 3
479629 3
479625 3
479631 3
479627 3
479653 3
479649 3
479655 3
479651 3
479621 3
479617 3
479623 3
479619 3
479597 3
479593 3
479599 3
479595 3
479565 3
479561 3
479567 3
479563 3
479589 3
479585 3
479591 3
479587 3
479557 3
479553 3
479559 3
479555 3
479533 3
479529 3
479535 3
479531 3
479501 3
479497 3
479503 3
479499 3
479525 3
479521 3
479527 3
479523 3
479493 3
479489 3
479495 3
479491 3
479469 3
479465 3
479471 3
479467 3
479437 3
479433 3
479439 3
479435 3
479461 3
479457 3
479463 3
479459 3
479429 3
479425 3
479431 3
479427 3
479405 3
479401 3
479407 3
479403 3
479373 3
479369 3
479375 3
479371 3
479397 3
479393 3
479399 3
479395 3
479365 3
479361 3
479367 3
479363 3
479341 3
479337 3
479343 3
479339 3
479309 3
479305 3
479311 3
479307 3
479333 3
479329 3
479335 3
479331 3
479301 3
479297 3
479303 3
479299 3
479277 3
479273 3
479279 3
479275 3
479245 3
479241 3
479247 3
479243 3
479269 3
479265 3
479271 3
479267 3
479237 3
479233 3
479239 3
479235 3
466733 3
466729 3
466735 3
466731 3
466701 3
466697 3
466703 3
466699 3
466725 3
466721 3
466727 3
466723 3
466693 3
466689 3
466695 3
466691 3
466669 3
466665 3
466671 3
466667 3
466637 3
466633 3
466639 3
466635 3
466661 3
466657 3
466663 3
466659 3
466629 3
466625 3
466631 3
466627 3
466605 3
466601 3
466607 3
466603 3
466573 3
466569 3
466575 3
466571 3
426757 3
426753 3
426759 3
426755 3
426789 3
426785 3
426791 3
426787 3
426765 3
426761 3
426767 3
426763 3
426797 3
426793 3
426799 3
426795 3
426821 3
426817 3
426823 3
426819 3
426853 3
426849 3
426855 3
426851 3
426829 3
426825 3
426831 3
426827 3
426861 3
426857 3
426863 3
426859 3
426885 3
426881 3
426887 3
426883 3
426917 3
426913 3
426919 3
426915 3
426893 3
426889 3
426895 3
426891 3
426925 3
426921 3
426927 3
426923 3
426949 3
426945 3
426951 3
426947 3
426981 3
426977 3
426983 3
426979 3
426957 3
426953 3
426959 3
426955 3
426989 3
426985 3
426991 3
426987 3
427013 3
427009 3
427015 3
427011 3
427045 3
427041 3
427047 3
427043 3
427021 3
427017 3
427023 3
427019 3
427053 3
427049 3
427055 3
427051 3
427077 3
427073 3
427079 3
427075 3
427109 3
427105 3
427111 3
427107 3
427085 3
427081 3
427087 3
427083 3
427117 3
427113 3
427119 3
427115 3
427141 3
427137 3
427143 3
427139 3
427173 3
427169 3
427175 3
427171 3
427149 3
427145 3
427151 3
427147 3
427181 3
427177 3
427183 3
427179 3
427205 3
427201 3
427207 3
427203 3
427237 3
427233 3
427239 3
427235 3
427213 3
427209 3
427215 3
427211 3
427245 3
427241 3
427247 3
427243 3
427269 3
427265 3
427271 3
427267 3
427301 3
427297 3
427303 3
427299 3
427277 3
427273 3
427279 3
427275 3
427309 3
427305 3
427311 3
427307 3
427333 3
427329 3
427335 3
427331 3
427365 3
427361 3
427367 3
427363 3
427341 3
427337 3
427343 3
427339 3
427373 3
427369 3
427375 3
427371 3
439877 3
439873 3
439879 3
439875 3
439909 3
439905 3
439911 3
439907 3
439885 3
439881 3
439887 3
439883 3
439917 3
439913 3
439919 3
439915 3
439941 3
439937 3
439943 3
439939 3
439973 3
439969 3
439975 3
439971 3
439949 3
439945 3
439951 3
439947 3
439981 3
439977 3
439983 3
439979 3
440005 3
440001 3
440007 3
440003 3
440037 3
440033 3
440039 3
440035 3
440013 3
440009 3
440015 3
440011 3
440045 3
440041 3
440047 3
440043 3
440069 3
440065 3
440071 3
440067 3
440101 3
440097 3
440103 3
440099 3
440077 3
440073 3
440079 3
440075 3
440109 3
440105 3
440111 3
440107 3
440133 3
440129 3
440135 3
440131 3
440165 3
440161 3
440167 3
440163 3
440141 3
440137 3
440143 3
440139 3
440173 3
440169 3
440175 3
440171 3
440197 3
440193 3
440199 3
440195 3
440229 3
440225 3
440231 3
440227 3
440205 3
440201 3
440207 3
440203 3
440237 3
440233 3
440239 3
440235 3
440261 3
440257 3
440263 3
440259 3
440293 3
440289 3
440295 3
440291 3
440269 3
440265 3
440271 3
440267 3
440301 3
440297 3
440303 3
440299 3
440325 3
440321 3
440327 3
440323 3
440357 3
440353 3
440359 3
440355 3
440333 3
440329 3
440335 3
440331 3
440365 3
440361 3
440367 3
440363 3
440389 3
440385 3
440391 3
440387 3
440421 3
440417 3
440423 3
440419 3
440397 3
440393 3
440399 3
440395 3
440429 3
440425 3
440431 3
440427 3
440453 3
440449 3
440455 3
440451 3
440485 3
440481 3
440487 3
440483 3
440461 3
440457 3
440463 3
440459 3
440493 3
440489 3
440495 3
440491 3
452997 3
452993 3
452999 3
452995 3
453029 3
453025 3
453031 3
453027 3
453005 3
453001 3
453007 3
453003 3
453037 3
453033 3
453039 3
453035 3
453061 3
453057 3
453063 3
453059 3
453093 3
453089 3
453095 3
453091 3
453069 3
453065 3
453071 3
453067 3
453101 3
453097 3
453103 3
453099 3
453125 3
453121 3
453127 3
453123 3
453157 3
453153 3
453159 3
453155 3
453133 3
453129 3
453135 3
453131 3
453165 3
453161 3
453167 3
453163 3
453189 3
453185 3
453191 3
453187 3
453221 3
453217 3
453223 3
453219 3
453197 3
453193 3
453199 3
453195 3
453229 3
453225 3
453231 3
453227 3
453253 3
453249 3
453255 3
453251 3
453285 3
453281 3
453287 3
453283 3
453261 3
453257 3
453263 3
453259 3
453293 3
453289 3
453295 3
453291 3
53921 2
53922 2
53923 2
53924 2
53937 2
53938 2
53939 2
53940 2
53929 2
53930 2
53931 2
53932 2
53945 2
53946 2
53947 2
53948 2
53985 2
53986 2
53987 2
53988 2
54001 2
54002 2
54003 2
54004 2
53993 2
53994 2
53995 2
53996 2
54009 2
54010 2
54011 2
54012 2
54049 2
54050 2
54051 2
54052 2
54065 2
54066 2
54067 2
54068 2
54057 2
54058 2
54059 2
54060 2
54073 2
54074 2
54075 2
54076 2
54113 2
54114 2
67572 2
67571 2
67570 2
67569 2
67556 2
67555 2
67554 2
67553 2
67516 2
67515 2
67514 2
67513 2
67500 2
67499 2
67498 2
67497 2
67508 2
67507 2
67506 2
67505 2
67492 2
67491 2
67490 2
67489 2
67452 2
67451 2
67450 2
67449 2
67436 2
67435 2
67434 2
67433 2
67444 2
67443 2
67442 2
67441 2
67428 2
67427 2
67426 2
67425 2
67388 2
67387 2
67386 2
67385 2
67372 2
67371 2
67370 2
67369 2
67380 2
67379 2
67378 2
67377 2
67364 2
67363 2
67362 2
67361 2
67324 2
67323 2
67322 2
67321 2
67308 2
67307 2
67306 2
67305 2
67316 2
67315 2
67314 2
67313 2
67300 2
67299 2
67298 2
67297 2
67260 2
67259 2
67258 2
67257 2
67244 2
67243 2
67242 2
67241 2
67252 2
67251 2
67250 2
67249 2
67236 2
67235 2
67234 2
67233 2
67196 2
67195 2
67194 2
67193 2
67180 2
67179 2
67178 2
67177 2
67188 2
67187 2
67186 2
67185 2
67172 2
67171 2
67170 2
67169 2
67132 2
67131 2
67130 2
67129 2
67116 2
67115 2
67114 2
67113 2
67124 2
67123 2
67122 2
67121 2
67108 2
67107 2
67106 2
67105 2
54187 3
54191 3
54185 3
54189 3
54155 3
54159 3
54153 3
54157 3
54179 3
54183 3
54177 3
54181 3
54147 3
54151 3
54145 3
54149 3
54140 2
54139 2
54138 2
54137 2
54124 2
54123 2
54122 2
54121 2
54132 2
54131 2
54130 2
54129 2
54116 2
54115 2
81197 3
81193 3
81199 3
81195 3
81165 3
81161 3
81167 3
81163 3
81189 3
81185 3
81191 3
81187 3
81157 3
81153 3
81159 3
81155 3
81145 2
81146 2
81147 2
81148 2
81129 2
81130 2
81131 2
81132 2
81137 2
81138 2
81139 2
81140 2
81121 2
81122 2
81123 2
81124 2
81081 2
81082 2
81083 2
81084 2
81065 2
81066 2
81067 2
81068 2
81073 2
81074 2
81075 2
81076 2
81057 2
81058 2
81059 2
81060 2
81017 2
81018 2
81019 2
81020 2
81001 2
81002 2
81003 2
81004 2
81009 2
81010 2
81011 2
81012 2
80993 2
80994 2
80995 2
80996 2
80953 2
80954 2
80955 2
80956 2
80937 2
80938 2
80939 2
80940 2
80945 2
80946 2
80947 2
80948 2
80929 2
80930 2
80931 2
80932 2
80889 2
80890 2
80891 2
80892 2
80873 2
80874 2
80875 2
80876 2
80881 2
80882 2
80883 2
80884 2
80865 2
80866 2
80867 2
80868 2
80825 2
80826 2
80827 2
80828 2
80809 2
80810 2
80811 2
80812 2
80817 2
80818 2
80819 2
80820 2
80801 2
80802 2
80803 2
80804 2
80761 2
80762 2
80763 2
80764 2
80745 2
80746 2
80747 2
80748 2
80753 2
80754 2
80755 2
80756 2
80737 2
80738 2
80739 2
80740 2
80697 2
80698 2
80699 2
80700 2
80681 2
80682 2
80683 2
80684 2
80689 2
80690 2
80691 2
80692 2
80673 2
80674 2
80675 2
80676 2
80633 2
80634 2
80635 2
80636 2
80617 2
80618 2
80619 2
80620 2
80625 2
80626 2
80627 2
80628 2
80609 2
80610 2
80611 2
80612 2
67693 3
67689 3
67695 3
67691 3
67661 3
67657 3
67663 3
67659 3
67685 3
67681 3
67687 3
67683 3
67653 3
67649 3
67655 3
67651 3
67641 2
67642 2
67643 2
67644 2
67625 2
67626 2
67627 2
67628 2
67633 2
67634 2
67635 2
67636 2
67617 2
67618 2
67619 2
67620 2
67577 2
67578 2
67579 2
67580 2
67561 2
67562 2
67563 2
67564 2
26593 2
26594 2
26595 2
26596 2
26609 2
26610 2
26611 2
26612 2
26601 2
26602 2
26603 2
26604 2
26617 2
26618 2
26619 2
26620 2
26657 2
26658 2
26659 2
26660 2
26673 2
26674 2
26675 2
26676 2
26665 2
26666 2
26667 2
26668 2
26681 2
26682 2
26683 2
26684 2
26721 2
26722 2
26723 2
26724 2
26737 2
26738 2
26739 2
26740 2
26729 2
26730 2
26731 2
26732 2
26745 2
26746 2
26747 2
26748 2
26785 2
26786 2
26787 2
26788 2
26801 2
26802 2
26803 2
26804 2
26793 2
26794 2
26795 2
26796 2
26809 2
26810 2
26811 2
26812 2
26849 2
26850 2
26851 2
26852 2
26865 2
26866 2
26867 2
26868 2
26857 2
26858 2
26859 2
26860 2
26873 2
26874 2
26875 2
26876 2
26913 2
26914 2
26915 2
26916 2
26929 2
26930 2
26931 2
26932 2
26921 2
26922 2
26923 2
26924 2
26937 2
26938 2
26939 2
26940 2
26977 2
26978 2
26979 2
26980 2
26993 2
26994 2
26995 2
26996 2
26985 2
26986 2
26987 2
26988 2
27001 2
27002 2
27003 2
27004 2
27041 2
27042 2
27043 2
27044 2
27057 2
27058 2
27059 2
27060 2
27049 2
27050 2
27051 2
27052 2
27065 2
27066 2
27067 2
27068 2
27105 2
27106 2
27107 2
27108 2
27121 2
27122 2
27123 2
27124 2
27113 2
27114 2
27115 2
27116 2
27129 2
27130 2
27131 2
27132 2
27141 3
27137 3
27143 3
27139 3
27173 3
27169 3
27175 3
27171 3
27149 3
27145 3
27151 3
27147 3
27181 3
27177 3
27183 3
27179 3
40097 2
40098 2
40099 2
40100 2
40113 2
40114 2
40115 2
40116 2
40105 2
40106 2
40107 2
40108 2
40121 2
40122 2
40123 2
40124 2
40161 2
40162 2
40163 2
40164 2
40177 2
40178 2
40179 2
40180 2
40169 2
40170 2
40171 2
40172 2
40185 2
40186 2
40187 2
40188 2
40225 2
40226 2
40227 2
40228 2
40241 2
40242 2
40243 2
40244 2
40233 2
40234 2
40235 2
40236 2
40249 2
40250 2
40251 2
40252 2
40289 2
40290 2
40291 2
40292 2
40305 2
40306 2
40307 2
40308 2
40297 2
40298 2
40299 2
40300 2
40313 2
40314 2
40315 2
40316 2
40353 2
40354 2
40355 2
40356 2
40369 2
40370 2
40371 2
40372 2
40361 2
40362 2
40363 2
40364 2
40377 2
40378 2
40379 2
40380 2
40417 2
40418 2
40419 2
40420 2
40433 2
40434 2
40435 2
40436 2
40425 2
40426 2
40427 2
40428 2
40441 2
40442 2
40443 2
40444 2
40481 2
40482 2
40483 2
40484 2
40497 2
40498 2
40499 2
40500 2
40489 2
40490 2
40491 2
40492 2
40505 2
40506 2
40507 2
40508 2
40545 2
40546 2
40547 2
40548 2
40561 2
40562 2
40563 2
40564 2
40553 2
40554 2
40555 2
40556 2
40569 2
40570 2
40571 2
40572 2
40609 2
40610 2
40611 2
40612 2
40625 2
40626 2
40627 2
40628 2
40617 2
40618 2
40619 2
40620 2
40633 2
40634 2
40635 2
40636 2
40645 3
40641 3
40647 3
40643 3
40677 3
40673 3
40679 3
40675 3
40653 3
40649 3
40655 3
40651 3
40685 3
40681 3
40687 3
40683 3
53601 2
53602 2
53603 2
53604 2
53617 2
53618 2
53619 2
53620 2
53609 2
53610 2
53611 2
53612 2
53625 2
53626 2
53627 2
53628 2
53665 2
53666 2
53667 2
53668 2
53681 2
53682 2
53683 2
53684 2
53673 2
53674 2
53675 2
53676 2
53689 2
53690 2
53691 2
53692 2
53729 2
53730 2
53731 2
53732 2
53745 2
53746 2
53747 2
53748 2
53737 2
53738 2
53739 2
53740 2
53753 2
53754 2
53755 2
53756 2
53793 2
53794 2
53795 2
53796 2
53809 2
53810 2
53811 2
53812 2
53801 2
53802 2
53803 2
53804 2
53817 2
53818 2
53819 2
53820 2
53857 2
53858 2
53859 2
53860 2
53873 2
53874 2
53875 2
53876 2
53865 2
53866 2
53867 2
53868 2
53881 2
53882 2
53883 2
53884 2
254625 2
254626 2
254627 2
254628 2
254641 2
254642 2
254643 2
254644 2
254633 2
254634 2
254635 2
254636 2
254649 2
254650 2
254651 2
254652 2
254689 2
254690 2
254691 2
254692 2
254705 2
254706 2
254707 2
254708 2
254697 2
254698 2
254699 2
254700 2
254713 2
254714 2
254715 2
254716 2
254753 2
254754 2
254755 2
254756 2
254769 2
254770 2
254771 2
254772 2
254761 2
254762 2
254763 2
254764 2
254777 2
254778 2
254779 2
254780 2
254817 2
254818 2
267892 2
267891 2
267890 2
267889 2
267876 2
267875 2
267874 2
267873 2
267836 2
267835 2
267834 2
267833 2
267820 2
267819 2
267818 2
267817 2
267828 2
267827 2
267826 2
267825 2
267812 2
267811 2
267810 2
267809 2
267772 2
267771 2
267770 2
267769 2
267756 2
267755 2
267754 2
267753 2
267764 2
267763 2
267762 2
267761 2
267748 2
267747 2
267746 2
267745 2
267708 2
267707 2
267706 2
267705 2
267692 2
267691 2
267690 2
267689 2
267700 2
267699 2
267698 2
267697 2
267684 2
267683 2
267682 2
267681 2
267644 2
267643 2
267642 2
267641 2
267628 2
267627 2
267626 2
267625 2
267636 2
267635 2
267634 2
267633 2
267620 2
267619 2
267618 2
267617 2
267580 2
267579 2
267578 2
267577 2
267564 2
267563 2
267562 2
267561 2
267572 2
267571 2
267570 2
267569 2
267556 2
267555 2
267554 2
267553 2
267516 2
267515 2
267514 2
267513 2
267500 2
267499 2
267498 2
267497 2
267508 2
267507 2
267506 2
267505 2
267492 2
267491 2
267490 2
267489 2
267452 2
267451 2
267450 2
267449 2
267436 2
267435 2
267434 2
267433 2
267444 2
267443 2
267442 2
267441 2
267428 2
267427 2
267426 2
267425 2
254908 2
254907 2
254906 2
254905 2
254892 2
254891 2
254890 2
254889 2
254900 2
254899 2
254898 2
254897 2
254884 2
254883 2
254882 2
254881 2
254844 2
254843 2
254842 2
254841 2
254828 2
254827 2
254826 2
254825 2
254836 2
254835 2
254834 2
254833 2
254820 2
254819 2
281145 2
281146 2
281147 2
281148 2
281129 2
281130 2
281131 2
281132 2
281137 2
281138 2
281139 2
281140 2
281121 2
281122 2
281123 2
281124 2
281081 2
281082 2
281083 2
281084 2
281065 2
281066 2
281067 2
281068 2
281073 2
281074 2
281075 2
281076 2
281057 2
281058 2
281059 2
281060 2
281017 2
281018 2
281019 2
281020 2
281001 2
281002 2
281003 2
281004 2
281009 2
281010 2
281011 2
281012 2
280993 2
280994 2
280995 2
280996 2
280953 2
280954 2
280955 2
280956 2
280937 2
280938 2
280939 2
280940 2
280945 2
280946 2
280947 2
280948 2
280929 2
280930 2
280931 2
280932 2
280889 2
280890 2
280891 2
280892 2
280873 2
280874 2
280875 2
280876 2
280881 2
280882 2
280883 2
280884 2
280865 2
280866 2
280867 2
280868 2
280825 2
280826 2
280827 2
280828 2
280809 2
280810 2
280811 2
280812 2
280817 2
280818 2
280819 2
280820 2
280801 2
280802 2
280803 2
280804 2
280761 2
280762 2
280763 2
280764 2
280745 2
280746 2
280747 2
280748 2
280753 2
280754 2
280755 2
280756 2
280737 2
280738 2
280739 2
280740 2
280697 2
280698 2
280699 2
280700 2
280681 2
280682 2
280683 2
280684 2
280689 2
280690 2
280691 2
280692 2
280673 2
280674 2
280675 2
280676 2
280633 2
280634 2
280635 2
280636 2
280617 2
280618 2
280619 2
280620 2
280625 2
280626 2
280627 2
280628 2
280609 2
280610 2
280611 2
280612 2
280569 2
280570 2
280571 2
280572 2
280553 2
280554 2
280555 2
280556 2
280561 2
280562 2
280563 2
280564 2
280545 2
280546 2
280547 2
280548 2
268025 2
268026 2
268027 2
268028 2
268009 2
268010 2
268011 2
268012 2
268017 2
268018 2
268019 2
268020 2
268001 2
268002 2
268003 2
268004 2
267961 2
267962 2
267963 2
267964 2
267945 2
267946 2
267947 2
267948 2
267953 2
267954 2
267955 2
267956 2
267937 2
267938 2
267939 2
267940 2
267897 2
267898 2
267899 2
267900 2
267881 2
267882 2
267883 2
267884 2
228065 2
228066 2
228067 2
228068 2
228081 2
228082 2
228083 2
228084 2
228073 2
228074 2
228075 2
228076 2
228089 2
228090 2
228091 2
228092 2
228129 2
228130 2
228131 2
228132 2
228145 2
228146 2
228147 2
228148 2
228137 2
228138 2
228139 2
228140 2
228153 2
228154 2
228155 2
228156 2
228193 2
228194 2
228195 2
228196 2
228209 2
228210 2
228211 2
228212 2
228201 2
228202 2
228203 2
228204 2
228217 2
228218 2
228219 2
228220 2
228257 2
228258 2
228259 2
228260 2
228273 2
228274 2
228275 2
228276 2
228265 2
228266 2
228267 2
228268 2
228281 2
228282 2
228283 2
228284 2
228321 2
228322 2
228323 2
228324 2
228337 2
228338 2
228339 2
228340 2
228329 2
228330 2
228331 2
228332 2
228345 2
228346 2
228347 2
228348 2
228385 2
228386 2
228387 2
228388 2
228401 2
228402 2
228403 2
228404 2
228393 2
228394 2
228395 2
228396 2
228409 2
228410 2
228411 2
228412 2
228449 2
228450 2
228451 2
228452 2
228465 2
228466 2
228467 2
228468 2
228457 2
228458 2
228459 2
228460 2
228473 2
228474 2
228475 2
228476 2
228513 2
228514 2
228515 2
228516 2
228529 2
228530 2
228531 2
228532 2
228521 2
228522 2
228523 2
228524 2
228537 2
228538 2
228539 2
228540 2
228577 2
228578 2
228579 2
228580 2
228593 2
228594 2
228595 2
228596 2
228585 2
228586 2
228587 2
228588 2
228601 2
228602 2
228603 2
228604 2
228641 2
228642 2
228643 2
228644 2
228657 2
228658 2
228659 2
228660 2
228649 2
228650 2
228651 2
228652 2
228665 2
228666 2
228667 2
228668 2
241185 2
241186 2
241187 2
241188 2
241201 2
241202 2
241203 2
241204 2
241193 2
241194 2
241195 2
241196 2
241209 2
241210 2
241211 2
241212 2
241249 2
241250 2
241251 2
241252 2
241265 2
241266 2
241267 2
241268 2
241257 2
241258 2
241259 2
241260 2
241273 2
241274 2
241275 2
241276 2
241313 2
241314 2
241315 2
241316 2
241329 2
241330 2
241331 2
241332 2
241321 2
241322 2
241323 2
241324 2
241337 2
241338 2
241339 2
241340 2
241377 2
241378 2
241379 2
241380 2
241393 2
241394 2
241395 2
241396 2
241385 2
241386 2
241387 2
241388 2
241401 2
241402 2
241403 2
241404 2
241441 2
241442 2
241443 2
241444 2
241457 2
241458 2
241459 2
241460 2
241449 2
241450 2
241451 2
241452 2
241465 2
241466 2
241467 2
241468 2
241505 2
241506 2
241507 2
241508 2
241521 2
241522 2
241523 2
241524 2
241513 2
241514 2
241515 2
241516 2
241529 2
241530 2
241531 2
241532 2
241569 2
241570 2
241571 2
241572 2
241585 2
241586 2
241587 2
241588 2
241577 2
241578 2
241579 2
241580 2
241593 2
241594 2
241595 2
241596 2
241633 2
241634 2
241635 2
241636 2
241649 2
241650 2
241651 2
241652 2
241641 2
241642 2
241643 2
241644 2
241657 2
241658 2
241659 2
241660 2
241697 2
241698 2
241699 2
241700 2
241713 2
241714 2
241715 2
241716 2
241705 2
241706 2
241707 2
241708 2
241721 2
241722 2
241723 2
241724 2
241761 2
241762 2
241763 2
241764 2
241777 2
241778 2
241779 2
241780 2
241769 2
241770 2
241771 2
241772 2
241785 2
241786 2
241787 2
241788 2
254305 2
254306 2
254307 2
254308 2
254321 2
254322 2
254323 2
254324 2
254313 2
254314 2
254315 2
254316 2
254329 2
254330 2
254331 2
254332 2
254369 2
254370 2
254371 2
254372 2
254385 2
254386 2
254387 2
254388 2
254377 2
254378 2
254379 2
254380 2
254393 2
254394 2
254395 2
254396 2
254433 2
254434 2
254435 2
254436 2
254449 2
254450 2
254451 2
254452 2
254441 2
254442 2
254443 2
254444 2
254457 2
254458 2
254459 2
254460 2
254497 2
254498 2
254499 2
254500 2
254513 2
254514 2
254515 2
254516 2
254505 2
254506 2
254507 2
254508 2
254521 2
254522 2
254523 2
254524 2
254561 2
254562 2
254563 2
254564 2
254577 2
254578 2
254579 2
254580 2
254569 2
254570 2
254571 2
254572 2
254585 2
254586 2
254587 2
254588 2
320133 3
320129 3
320135 3
320131 3
320165 3
320161 3
320167 3
320163 3
320141 3
320137 3
320143 3
320139 3
320173 3
320169 3
320175 3
320171 3
320197 3
320193 3
320199 3
320195 3
320229 3
320225 3
320231 3
320227 3
320205 3
320201 3
320207 3
320203 3
320237 3
320233 3
320239 3
320235 3
320261 3
320257 3
320263 3
320259 3
320293 3
320289 3
320295 3
320291 3
320269 3
320265 3
320271 3
320267 3
320301 3
320297 3
320303 3
320299 3
320325 3
320321 3
333795 3
333799 3
333793 3
333797 3
333763 3
333767 3
333761 3
333765 3
333739 3
333743 3
333737 3
333741 3
333707 3
333711 3
333705 3
333709 3
333731 3
333735 3
333729 3
333733 3
333699 3
333703 3
333697 3
333701 3
333675 3
333679 3
333673 3
333677 3
333643 3
333647 3
333641 3
333645 3
333667 3
333671 3
333665 3
333669 3
333635 3
333639 3
333633 3
333637 3
333611 3
333615 3
333609 3
333613 3
333579 3
333583 3
333577 3
333581 3
333603 3
333607 3
333601 3
333605 3
333571 3
333575 3
333569 3
333573 3
333547 3
333551 3
333545 3
333549 3
333515 3
333519 3
333513 3
333517 3
333539 3
333543 3
333537 3
333541 3
333507 3
333511 3
333505 3
333509 3
333483 3
333487 3
333481 3
333485 3
333451 3
333455 3
333449 3
333453 3
333475 3
333479 3
333473 3
333477 3
333443 3
333447 3
333441 3
333445 3
333419 3
333423 3
333417 3
333421 3
333387 3
333391 3
333385 3
333389 3
333411 3
333415 3
333409 3
333413 3
333379 3
333383 3
333377 3
333381 3
333355 3
333359 3
333353 3
333357 3
333323 3
333327 3
333321 3
333325 3
333347 3
333351 3
333345 3
333349 3
333315 3
333319 3
333313 3
333317 3
320444 2
320443 2
320442 2
320441 2
320428 2
320427 2
320426 2
320425 2
320436 2
320435 2
320434 2
320433 2
320420 2
320419 2
320418 2
320417 2
320363 3
320367 3
320361 3
320365 3
320331 3
320335 3
320329 3
320333 3
320355 3
320359 3
320353 3
320357 3
320323 3
320327 3
347449 2
347450 2
347451 2
347452 2
347433 2
347434 2
347435 2
347436 2
347441 2
347442 2
347443 2
347444 2
347425 2
347426 2
347427 2
347428 2
347373 3
347369 3
347375 3
347371 3
347341 3
347337 3
347343 3
347339 3
347365 3
347361 3
347367 3
347363 3
347333 3
347329 3
347335 3
347331 3
347309 3
347305 3
347311 3
347307 3
347277 3
347273 3
347279 3
347275 3
347301 3
347297 3
347303 3
347299 3
347269 3
347265 3
347271 3
347267 3
347245 3
347241 3
347247 3
347243 3
347213 3
347209 3
347215 3
347211 3
347237 3
347233 3
347239 3
347235 3
347205 3
347201 3
347207 3
347203 3
347181 3
347177 3
347183 3
347179 3
347149 3
347145 3
347151 3
347147 3
347173 3
347169 3
347175 3
347171 3
347141 3
347137 3
347143 3
347139 3
347117 3
347113 3
347119 3
347115 3
347085 3
347081 3
347087 3
347083 3
347109 3
347105 3
347111 3
347107 3
347077 3
347073 3
347079 3
347075 3
347053 3
347049 3
347055 3
347051 3
347021 3
347017 3
347023 3
347019 3
347045 3
347041 3
347047 3
347043 3
347013 3
347009 3
347015 3
347011 3
346989 3
346985 3
346991 3
346987 3
346957 3
346953 3
346959 3
346955 3
346981 3
346977 3
346983 3
346979 3
346949 3
346945 3
346951 3
346947 3
346925 3
346921 3
346927 3
346923 3
346893 3
346889 3
346895 3
346891 3
346917 3
346913 3
346919 3
346915 3
346885 3
346881 3
346887 3
346883 3
346861 3
346857 3
346863 3
346859 3
346829 3
346825 3
346831 3
346827 3
346853 3
346849 3
346855 3
346851 3
346821 3
346817 3
346823 3
346819 3
333945 2
333946 2
333947 2
333948 2
333929 2
333930 2
333931 2
333932 2
333937 2
333938 2
333939 2
333940 2
333921 2
333922 2
333923 2
333924 2
333869 3
333865 3
333871 3
333867 3
333837 3
333833 3
333839 3
333835 3
333861 3
333857 3
333863 3
333859 3
333829 3
333825 3
333831 3
333827 3
333805 3
333801 3
333807 3
333803 3
333773 3
333769 3
333775 3
333771 3
292805 3
292801 3
292807 3
292803 3
292837 3
292833 3
292839 3
292835 3
292813 3
292809 3
292815 3
292811 3
292845 3
292841 3
292847 3
292843 3
292869 3
292865 3
292871 3
292867 3
292901 3
292897 3
292903 3
292899 3
292877 3
292873 3
292879 3
292875 3
292909 3
292905 3
292911 3
292907 3
292933 3
292929 3
292935 3
292931 3
292965 3
292961 3
292967 3
292963 3
292941 3
292937 3
292943 3
292939 3
292973 3
292969 3
292975 3
292971 3
292997 3
292993 3
292999 3
292995 3
293029 3
293025 3
293031 3
293027 3
293005 3
293001 3
293007 3
293003 3
293037 3
293033 3
293039 3
293035 3
293061 3
293057 3
293063 3
293059 3
293093 3
293089 3
293095 3
293091 3
293069 3
293065 3
293071 3
293067 3
293101 3
293097 3
293103 3
293099 3
293125 3
293121 3
293127 3
293123 3
293157 3
293153 3
293159 3
293155 3
293133 3
293129 3
293135 3
293131 3
293165 3
293161 3
293167 3
293163 3
293189 3
293185 3
293191 3
293187 3
293221 3
293217 3
293223 3
293219 3
293197 3
293193 3
293199 3
293195 3
293229 3
293225 3
293231 3
293227 3
293253 3
293249 3
293255 3
293251 3
293285 3
293281 3
293287 3
293283 3
293261 3
293257 3
293263 3
293259 3
293293 3
293289 3
293295 3
293291 3
293317 3
293313 3
293319 3
293315 3
293349 3
293345 3
293351 3
293347 3
293325 3
293321 3
293327 3
293323 3
293357 3
293353 3
293359 3
293355 3
293409 2
293410 2
293411 2
293412 2
293425 2
293426 2
293427 2
293428 2
293417 2
293418 2
293419 2
293420 2
293433 2
293434 2
293435 2
293436 2
306309 3
306305 3
306311 3
306307 3
306341 3
306337 3
306343 3
306339 3
306317 3
306313 3
306319 3
306315 3
306349 3
306345 3
306351 3
306347 3
306373 3
306369 3
306375 3
306371 3
306405 3
306401 3
306407 3
306403 3
306381 3
306377 3
306383 3
306379 3
306413 3
306409 3
306415 3
306411 3
306437 3
306433 3
306439 3
306435 3
306469 3
306465 3
306471 3
306467 3
306445 3
306441 3
306447 3
306443 3
306477 3
306473 3
306479 3
306475 3
306501 3
306497 3
306503 3
306499 3
306533 3
306529 3
306535 3
306531 3
306509 3
306505 3
306511 3
306507 3
306541 3
306537 3
306543 3
306539 3
306565 3
306561 3
306567 3
306563 3
306597 3
306593 3
306599 3
306595 3
306573 3
306569 3
306575 3
306571 3
306605 3
306601 3
306607 3
306603 3
306629 3
306625 3
306631 3
306627 3
306661 3
306657 3
306663 3
306659 3
306637 3
306633 3
306639 3
306635 3
306669 3
306665 3
306671 3
306667 3
306693 3
306689 3
306695 3
306691 3
306725 3
306721 3
306727 3
306723 3
306701 3
306697 3
306703 3
306699 3
306733 3
306729 3
306735 3
306731 3
306757 3
306753 3
306759 3
306755 3
306789 3
306785 3
306791 3
306787 3
306765 3
306761 3
306767 3
306763 3
306797 3
306793 3
306799 3
306795 3
306821 3
306817 3
306823 3
306819 3
306853 3
306849 3
306855 3
306851 3
306829 3
306825 3
306831 3
306827 3
306861 3
306857 3
306863 3
306859 3
306913 2
306914 2
306915 2
306916 2
306929 2
306930 2
306931 2
306932 2
306921 2
306922 2
306923 2
306924 2
306937 2
306938 2
306939 2
306940 2
319813 3
319809 3
319815 3
319811 3
319845 3
319841 3
319847 3
319843 3
319821 3
319817 3
319823 3
319819 3
319853 3
319849 3
319855 3
319851 3
319877 3
319873 3
319879 3
319875 3
319909 3
319905 3
319911 3
319907 3
319885 3
319881 3
319887 3
319883 3
319917 3
319913 3
319919 3
319915 3
319941 3
319937 3
319943 3
319939 3
319973 3
319969 3
319975 3
319971 3
319949 3
319945 3
319951 3
319947 3
319981 3
319977 3
319983 3
319979 3
320005 3
320001 3
320007 3
320003 3
320037 3
320033 3
320039 3
320035 3
320013 3
320009 3
320015 3
320011 3
320045 3
320041 3
320047 3
320043 3
320069 3
320065 3
320071 3
320067 3
320101 3
320097 3
320103 3
320099 3
320077 3
320073 3
320079 3
320075 3
320109 3
320105 3
320111 3
320107 3
387717 3
387713 3
387719 3
387715 3
387749 3
387745 3
387751 3
387747 3
387725 3
387721 3
387727 3
387723 3
387757 3
387753 3
387759 3
387755 3
387781 3
387777 3
387783 3
387779 3
387813 3
387809 3
387815 3
387811 3
387789 3
387785 3
387791 3
387787 3
387821 3
387817 3
387823 3
387819 3
387845 3
387841 3
387847 3
387843 3
387877 3
387873 3
387879 3
387875 3
387853 3
387849 3
387855 3
387851 3
387885 3
387881 3
387887 3
387883 3
387909 3
387905 3
400995 3
400999 3
400993 3
400997 3
400963 3
400967 3
400961 3
400965 3
400939 3
400943 3
400937 3
400941 3
400907 3
400911 3
400905 3
400909 3
400931 3
400935 3
400929 3
400933 3
400899 3
400903 3
400897 3
400901 3
400875 3
400879 3
400873 3
400877 3
400843 3
400847 3
400841 3
400845 3
400867 3
400871 3
400865 3
400869 3
400835 3
400839 3
400833 3
400837 3
400811 3
400815 3
400809 3
400813 3
400779 3
400783 3
400777 3
400781 3
400803 3
400807 3
400801 3
400805 3
400771 3
400775 3
400769 3
400773 3
400747 3
400751 3
400745 3
400749 3
400715 3
400719 3
400713 3
400717 3
400739 3
400743 3
400737 3
400741 3
400707 3
400711 3
400705 3
400709 3
400683 3
400687 3
400681 3
400685 3
400651 3
400655 3
400649 3
400653 3
400675 3
400679 3
400673 3
400677 3
400643 3
400647 3
400641 3
400645 3
400619 3
400623 3
400617 3
400621 3
400587 3
400591 3
400585 3
400589 3
400611 3
400615 3
400609 3
400613 3
400579 3
400583 3
400577 3
400581 3
400555 3
400559 3
400553 3
400557 3
400523 3
400527 3
400521 3
400525 3
400547 3
400551 3
400545 3
400549 3
400515 3
400519 3
400513 3
400517 3
388011 3
388015 3
388009 3
388013 3
387979 3
387983 3
387977 3
387981 3
388003 3
388007 3
388001 3
388005 3
387971 3
387975 3
387969 3
387973 3
387947 3
387951 3
387945 3
387949 3
387915 3
387919 3
387913 3
387917 3
387939 3
387943 3
387937 3
387941 3
387907 3
387911 3
414253 3
414249 3
414255 3
414251 3
414221 3
414217 3
414223 3
414219 3
414245 3
414241 3
414247 3
414243 3
414213 3
414209 3
414215 3
414211 3
414189 3
414185 3
414191 3
414187 3
414157 3
414153 3
414159 3
414155 3
414181 3
414177 3
414183 3
414179 3
414149 3
414145 3
414151 3
414147 3
414125 3
414121 3
414127 3
414123 3
414093 3
414089 3
414095 3
414091 3
414117 3
414113 3
414119 3
414115 3
414085 3
414081 3
414087 3
414083 3
414061 3
414057 3
414063 3
414059 3
414029 3
414025 3
414031 3
414027 3
414053 3
414049 3
414055 3
414051 3
414021 3
414017 3
414023 3
414019 3
413997 3
413993 3
413999 3
413995 3
413965 3
413961 3
413967 3
413963 3
413989 3
413985 3
413991 3
413987 3
413957 3
413953 3
413959 3
413955 3
413933 3
413929 3
413935 3
413931 3
413901 3
413897 3
413903 3
413899 3
413925 3
413921 3
413927 3
413923 3
413893 3
413889 3
413895 3
413891 3
413869 3
413865 3
413871 3
413867 3
413837 3
413833 3
413839 3
413835 3
413861 3
413857 3
413863 3
413859 3
413829 3
413825 3
413831 3
413827 3
413805 3
413801 3
413807 3
413803 3
413773 3
413769 3
413775 3
413771 3
413797 3
413793 3
413799 3
413795 3
413765 3
413761 3
413767 3
413763 3
413741 3
413737 3
413743 3
413739 3
413709 3
413705 3
413711 3
413707 3
413733 3
413729 3
413735 3
413731 3
413701 3
413697 3
413703 3
413699 3
413677 3
413673 3
413679 3
413675 3
413645 3
413641 3
413647 3
413643 3
413669 3
413665 3
413671 3
413667 3
413637 3
413633 3
413639 3
413635 3
401133 3
401129 3
401135 3
401131 3
401101 3
401097 3
401103 3
401099 3
401125 3
401121 3
401127 3
401123 3
401093 3
401089 3
401095 3
401091 3
401069 3
401065 3
401071 3
401067 3
401037 3
401033 3
401039 3
401035 3
401061 3
401057 3
401063 3
401059 3
401029 3
401025 3
401031 3
401027 3
401005 3
401001 3
401007 3
401003 3
400973 3
400969 3
400975 3
400971 3
361157 3
361153 3
361159 3
361155 3
361189 3
361185 3
361191 3
361187 3
361165 3
361161 3
361167 3
361163 3
361197 3
361193 3
361199 3
361195 3
361221 3
361217 3
361223 3
361219 3
361253 3
361249 3
361255 3
361251 3
361229 3
361225 3
361231 3
361227 3
361261 3
361257 3
361263 3
361259 3
361285 3
361281 3
361287 3
361283 3
361317 3
361313 3
361319 3
361315 3
361293 3
361289 3
361295 3
361291 3
361325 3
361321 3
361327 3
361323 3
361349 3
361345 3
361351 3
361347 3
361381 3
361377 3
361383 3
361379 3
361357 3
361353 3
361359 3
361355 3
361389 3
361385 3
361391 3
361387 3
361413 3
361409 3
361415 3
361411 3
361445 3
361441 3
361447 3
361443 3
361421 3
361417 3
361423 3
361419 3
361453 3
361449 3
361455 3
361451 3
361477 3
361473 3
361479 3
361475 3
361509 3
361505 3
361511 3
361507 3
361485 3
361481 3
361487 3
361483 3
361517 3
361513 3
361519 3
361515 3
361541 3
361537 3
361543 3
361539 3
361573 3
361569 3
361575 3
361571 3
361549 3
361545 3
361551 3
361547 3
361581 3
361577 3
361583 3
361579 3
361605 3
361601 3
361607 3
361603 3
361637 3
361633 3
361639 3
361635 3
361613 3
361609 3
361615 3
361611 3
361645 3
361641 3
361647 3
361643 3
361669 3
361665 3
361671 3
361667 3
361701 3
361697 3
361703 3
361699 3
361677 3
361673 3
361679 3
361675 3
361709 3
361705 3
361711 3
361707 3
361733 3
361729 3
361735 3
361731 3
361765 3
361761 3
361767 3
361763 3
361741 3
361737 3
361743 3
361739 3
361773 3
361769 3
361775 3
361771 3
374277 3
374273 3
374279 3
374275 3
374309 3
374305 3
374311 3
374307 3
374285 3
374281 3
374287 3
374283 3
374317 3
374313 3
374319 3
374315 3
374341 3
374337 3
374343 3
374339 3
374373 3
374369 3
374375 3
374371 3
374349 3
374345 3
374351 3
374347 3
374381 3
374377 3
374383 3
374379 3
374405 3
374401 3
374407 3
374403 3
374437 3
374433 3
374439 3
374435 3
374413 3
374409 3
374415 3
374411 3
374445 3
374441 3
374447 3
374443 3
374469 3
374465 3
374471 3
374467 3
374501 3
374497 3
374503 3
374499 3
374477 3
374473 3
374479 3
374475 3
374509 3
374505 3
374511 3
374507 3
374533 3
374529 3
374535 3
374531 3
374565 3
374561 3
374567 3
374563 3
374541 3
374537 3
374543 3
374539 3
374573 3
374569 3
374575 3
374571 3
374597 3
374593 3
374599 3
374595 3
374629 3
374625 3
374631 3
374627 3
374605 3
374601 3
374607 3
374603 3
374637 3
374633 3
374639 3
374635 3
374661 3
374657 3
374663 3
374659 3
374693 3
374689 3
374695 3
374691 3
374669 3
374665 3
374671 3
374667 3
374701 3
374697 3
374703 3
374699 3
374725 3
374721 3
374727 3
374723 3
374757 3
374753 3
374759 3
374755 3
374733 3
374729 3
374735 3
374731 3
374765 3
374761 3
374767 3
374763 3
374789 3
374785 3
374791 3
374787 3
374821 3
374817 3
374823 3
374819 3
374797 3
374793 3
374799 3
374795 3
374829 3
374825 3
374831 3
374827 3
374853 3
374849 3
374855 3
374851 3
374885 3
374881 3
374887 3
374883 3
374861 3
374857 3
374863 3
374859 3
374893 3
374889 3
374895 3
374891 3
387397 3
387393 3
387399 3
387395 3
387429 3
387425 3
387431 3
387427 3
387405 3
387401 3
387407 3
387403 3
387437 3
387433 3
387439 3
387435 3
387461 3
387457 3
387463 3
387459 3
387493 3
387489 3
387495 3
387491 3
387469 3
387465 3
387471 3
387467 3
387501 3
387497 3
387503 3
387499 3
387525 3
387521 3
387527 3
387523 3
387557 3
387553 3
387559 3
387555 3
387533 3
387529 3
387535 3
387531 3
387565 3
387561 3
387567 3
387563 3
387589 3
387585 3
387591 3
387587 3
387621 3
387617 3
387623 3
387619 3
387597 3
387593 3
387599 3
387595 3
387629 3
387625 3
387631 3
387627 3
387653 3
387649 3
387655 3
387651 3
387685 3
387681 3
387687 3
387683 3
387661 3
387657 3
387663 3
387659 3
387693 3
387689 3
387695 3
387691 3
