netcdf vertical_fault_course {
dimensions:
	len_string = 33 ;
	len_line = 81 ;
	four = 4 ;
	len_name = 33 ;
	time_step = UNLIMITED ; // (0 currently)
	num_dim = 3 ;
	num_nodes = 8190 ;
	num_elem = 7000 ;
	num_el_blk = 2 ;
	num_side_sets = 8 ;
	num_el_in_blk1 = 3500 ;
	num_nod_per_el1 = 8 ;
	num_el_in_blk2 = 3500 ;
	num_nod_per_el2 = 8 ;
	num_side_ss1 = 280 ;
	num_df_ss1 = 1120 ;
	num_side_ss2 = 280 ;
	num_df_ss2 = 1120 ;
	num_side_ss3 = 350 ;
	num_df_ss3 = 1400 ;
	num_side_ss4 = 350 ;
	num_df_ss4 = 1400 ;
	num_side_ss5 = 500 ;
	num_df_ss5 = 2000 ;
	num_side_ss6 = 15 ;
	num_df_ss6 = 60 ;
	num_side_ss7 = 15 ;
	num_df_ss7 = 60 ;
	num_side_ss8 = 1760 ;
	num_df_ss8 = 7040 ;
	num_qa_rec = 1 ;
variables:
	double time_whole(time_step) ;
	int eb_status(num_el_blk) ;
	int eb_prop1(num_el_blk) ;
		eb_prop1:name = "ID" ;
	int ss_status(num_side_sets) ;
	int ss_prop1(num_side_sets) ;
		ss_prop1:name = "ID" ;
	double coordx(num_nodes) ;
	double coordy(num_nodes) ;
	double coordz(num_nodes) ;
	char eb_names(num_el_blk, len_name) ;
	char ss_names(num_side_sets, len_name) ;
	char coor_names(num_dim, len_name) ;
	int connect1(num_el_in_blk1, num_nod_per_el1) ;
		connect1:elem_type = "HEX8" ;
	int connect2(num_el_in_blk2, num_nod_per_el2) ;
		connect2:elem_type = "HEX8" ;
	int elem_ss1(num_side_ss1) ;
	int side_ss1(num_side_ss1) ;
	double dist_fact_ss1(num_df_ss1) ;
	int elem_ss2(num_side_ss2) ;
	int side_ss2(num_side_ss2) ;
	double dist_fact_ss2(num_df_ss2) ;
	int elem_ss3(num_side_ss3) ;
	int side_ss3(num_side_ss3) ;
	double dist_fact_ss3(num_df_ss3) ;
	int elem_ss4(num_side_ss4) ;
	int side_ss4(num_side_ss4) ;
	double dist_fact_ss4(num_df_ss4) ;
	int elem_ss5(num_side_ss5) ;
	int side_ss5(num_side_ss5) ;
	double dist_fact_ss5(num_df_ss5) ;
	int elem_ss6(num_side_ss6) ;
	int side_ss6(num_side_ss6) ;
	double dist_fact_ss6(num_df_ss6) ;
	int elem_ss7(num_side_ss7) ;
	int side_ss7(num_side_ss7) ;
	double dist_fact_ss7(num_df_ss7) ;
	int elem_ss8(num_side_ss8) ;
	int side_ss8(num_side_ss8) ;
	double dist_fact_ss8(num_df_ss8) ;
	char qa_records(num_qa_rec, four, len_string) ;
	int elem_map(num_elem) ;
	int elem_num_map(num_elem) ;
	int node_num_map(num_nodes) ;

// global attributes:
		:api_version = 6.05f ;
		:version = 6.05f ;
		:floating_point_word_size = 8 ;
		:file_size = 1 ;
		:maximum_name_length = 32 ;
		:int64_status = 0 ;
		:title = "cubit(/home/hgharti/clover/meshes/fault/vertical_fault_course.e): 04/09/2018: 10" ;
data:

 eb_status = 1, 1 ;

 eb_prop1 = 1, 2 ;

 ss_status = 1, 1, 1, 1, 1, 1, 1, 1 ;

 ss_prop1 = 1, 2, 3, 4, 5, 6, 7, 8 ;

 coordx = 50, 50, 50, 50, 46, 46, 46, 46, 50, 50, 46, 46, 50, 50, 46, 46, 50, 
    50, 46, 46, 50, 50, 46, 46, 50, 50, 46, 46, 50, 50, 46, 46, 50, 50, 46, 
    46, 50, 50, 46, 46, 50, 50, 46, 46, 42, 42, 42, 42, 42, 42, 42, 42, 42, 
    42, 42, 42, 42, 42, 42, 42, 42, 42, 42, 42, 42, 42, 38, 38, 38, 38, 38, 
    38, 38, 38, 38, 38, 38, 38, 38, 38, 38, 38, 38, 38, 38, 38, 38, 38, 34, 
    34, 34, 34, 34, 34, 34, 34, 34, 34, 34, 34, 34, 34, 34, 34, 34, 34, 34, 
    34, 34, 34, 30, 30, 30, 30, 30, 30, 30, 30, 30, 30, 30, 30, 30, 30, 30, 
    30, 30, 30, 30, 30, 30, 30, 26, 26, 26, 26, 26, 26, 26, 26, 26, 26, 26, 
    26, 26, 26, 26, 26, 26, 26, 26, 26, 26, 26, 22, 22, 22, 22, 22, 22, 22, 
    22, 22, 22, 22, 22, 22, 22, 22, 22, 22, 22, 22, 22, 22, 22, 18, 18, 18, 
    18, 18, 18, 18, 18, 18, 18, 18, 18, 18, 18, 18, 18, 18, 18, 18, 18, 18, 
    18, 14, 14, 14, 14, 14, 14, 14, 14, 14, 14, 14, 14, 14, 14, 14, 14, 14, 
    14, 14, 14, 14, 14, 10, 10, 10, 10, 10, 10, 10, 10, 10, 10, 10, 10, 10, 
    10, 10, 10, 10, 10, 10, 10, 10, 10, 6, 6, 6, 6, 2, 2, 2, 2, -2, -2, -2, 
    -2, -6, -6, -6, -6, -10, -10, -10, -10, 6, 6, 2, 2, -2, -2, -6, 
    -5.99999999999999, -10, -10, 6, 6, 2, 2, -2, -2, -6, -6, -10, -10, 6, 6, 
    2, 2, -2, -2, -6, -6, -10, -10, 6, 6, 2, 2, -2, -2, -6, -6, -10, -10, 6, 
    6, 2, 2, -2, -2, -6, -6, -10, -10, 6, 6, 2, 2, -2, -2, -6, -6, -10, -10, 
    6, 6, 2, 2, -2, -2, -6, -6, -10, -10, 6, 6, 2, 2, -2, -2, -6, -6, -10, 
    -10, 6, 6, 2, 2, -2, -2, -6, -6, -10, -10, -14, -14, -14, -14, -14, -14, 
    -14, -14, -14, -14, -14, -14, -14, -14, -14, -14, -14, -14, -14, -14, 
    -14, -14, -18, -18, -18, -18, -18, -18, -18, -18, -18, -18, -18, -18, 
    -18, -18, -18, -18, -18, -18, -18, -18, -18, -18, -22, -22, -22, -22, 
    -22, -22, -22, -22, -22, -22, -22, -22, -22, -22, -22, -22, -22, -22, 
    -22, -22, -22, -22, -26, -26, -26, -26, -26, -26, -26, -26, -26, -26, 
    -26, -26, -26, -26, -26, -26, -26, -26, -26, -26, -26, -26, -30, -30, 
    -30, -30, -30, -30, -30, -30, -30, -30, -30, -30, -30, -30, -30, -30, 
    -30, -30, -30, -30, -30, -30, -34, -34, -34, -34, -34, -34, -34, -34, 
    -34, -34, -34, -34, -34, -34, -34, -34, -34, -34, -34, -34, -34, -34, 
    -38, -38, -38, -38, -38, -38, -38, -38, -38, -38, -38, -38, -38, -38, 
    -38, -38, -38, -38, -38, -38, -38, -38, -42, -42, -42, -42, -42, -42, 
    -42, -42, -42, -42, -42, -42, -42, -42, -42, -42, -42, -42, -42, -42, 
    -42, -42, -46, -46, -46, -46, -46, -46, -46, -46, -46, -46, -46, -46, 
    -46, -46, -46, -46, -46, -46, -46, -46, -46, -46, -50, -50, -50, -50, 
    -50, -50, -50, -50, -50, -50, -50, -50, -50, -50, -50, -50, -50, -50, 
    -50, -50, -50, -50, 10, 14, 14, 10, 10, 14, 14, 10, 18, 18, 18, 18, 22, 
    22, 22, 22, 26, 26, 26, 26, 30, 30, 30, 30, 34, 34, 34, 34, 38, 38, 38, 
    38, 42, 42, 42, 42, 46, 46, 46, 46, 50, 50, 50, 50, 14, 10, 14, 10, 18, 
    18, 22, 22, 26, 26, 30, 30, 34, 34, 38, 38, 42, 42, 46, 46, 50, 50, 14, 
    10, 14, 10, 18, 18, 22, 22, 26, 26, 30, 30, 34, 34, 38, 38, 42, 42, 46, 
    46, 50, 50, 14, 10, 14, 10, 18, 18, 22, 22, 26, 26, 30, 30, 34, 34, 38, 
    38, 42, 42, 46, 46, 50, 50, 14, 10, 14, 10, 18, 18, 22, 22, 26, 26, 30, 
    30, 34, 34, 38, 38, 42, 42, 46, 46, 50, 50, 14, 10, 14, 10, 18, 18, 22, 
    22, 26, 26, 30, 30, 34, 34, 38, 38, 42, 42, 46, 46, 50, 50, 14, 10, 14, 
    10, 18, 18, 22, 22, 26, 26, 30, 30, 34, 34, 38, 38, 42, 42, 46, 46, 50, 
    50, 14, 10, 14, 10, 18, 18, 22, 22, 26, 26, 30, 30, 34, 34, 38, 38, 42, 
    42, 46, 46, 50, 50, 14, 10, 14, 10, 18, 18, 22, 22, 26, 26, 30, 30, 34, 
    34, 38, 38, 42, 42, 46, 46, 50, 50, 14, 10, 14, 10, 18, 18, 22, 22, 26, 
    26, 30, 30, 34, 34, 38, 38, 42, 42, 46, 46, 50, 50, 10, 14, 14, 10, 18, 
    18, 22, 22, 26, 26, 30, 30, 34, 34, 38, 38, 42, 42, 46, 46, 50, 50, 14, 
    10, 18, 22, 26, 30, 34, 38, 42, 46, 50, 14, 10, 18, 22, 26, 30, 34, 38, 
    42, 46, 50, 14, 10, 18, 22, 26, 30, 34, 38, 42, 46, 50, 14, 10, 18, 22, 
    26, 30, 34, 38, 42, 46, 50, 14, 10, 18, 22, 26, 30, 34, 38, 42, 46, 50, 
    14, 10, 18, 22, 26, 30, 34, 38, 42, 46, 50, 14, 10, 18, 22, 26, 30, 34, 
    38, 42, 46, 50, 14, 10, 18, 22, 26, 30, 34, 38, 42, 46, 50, 14, 10, 18, 
    22, 26, 30, 34, 38, 42, 46, 50, -10, -10, -6, -5.99999999999999, -10, 
    -10, -6, -6, -10, -10, -6, -6, -10, -5.99999999999999, -10, -6, -10, -6, 
    -10, -6, -10, -6, -10, -6, -10, -6, -10, -6, -10, -6, -10, -6, -10, -6, 
    -10, -6, -10, -6, -10, -5.99999999999999, -10, -6, -10, -6, -10, -6, -10, 
    -6, -10, -5.99999999999999, -10, -6, -10, -5.99999999999999, -10, -6, 
    -10, -6, -10, -6, -10, -6, -10, -6, -10, -6, -2, -2, -2, -2, -2, -2, -2, 
    -2, -2, -2, -2, -2, -2, -2, -2, -2, -2, -2, -2, -2, -2, -2, -2, -2, -2, 
    -2, -2, -2, -2, -2, -2, -2, -2, 2, 2, 2, 2, 2, 2, 2, 2, 2, 2, 2, 2, 2, 2, 
    2, 2, 2, 2, 2, 2, 2, 2, 2, 2, 2, 2, 2, 2, 2, 2, 2, 2, 2, 6, 6, 6, 6, 6, 
    6, 6, 6, 6, 6, 6, 6, 6, 6, 6, 6, 6, 6, 6, 6, 6, 6, 6, 6, 6, 6, 6, 6, 6, 
    6, 6, 6, 6, -14, -14, -14, -14, -14, -14, -18, -18, -18, -18, -18, -18, 
    -22, -22, -22, -22, -22, -22, -26, -26, -26, -26, -26, -26, -30, -30, 
    -30, -30, -30, -30, -34, -34, -34, -34, -34, -34, -38, -38, -38, -38, 
    -38, -38, -42, -42, -42, -42, -42, -42, -46, -46, -46, -46, -46, -46, 
    -50, -50, -50, -50, -50, -50, -14, -14, -14, -18, -18, -18, -22, -22, 
    -22, -26, -26, -26, -30, -30, -30, -34, -34, -34, -38, -38, -38, -42, 
    -42, -42, -46, -46, -46, -50, -50, -50, -14, -14, -14, -18, -18, -18, 
    -22, -22, -22, -26, -26, -26, -30, -30, -30, -34, -34, -34, -38, -38, 
    -38, -42, -42, -42, -46, -46, -46, -50, -50, -50, -14, -14, -14, -18, 
    -18, -18, -22, -22, -22, -26, -26, -26, -30, -30, -30, -34, -34, -34, 
    -38, -38, -38, -42, -42, -42, -46, -46, -46, -50, -50, -50, -14, -14, 
    -14, -18, -18, -18, -22, -22, -22, -26, -26, -26, -30, -30, -30, -34, 
    -34, -34, -38, -38, -38, -42, -42, -42, -46, -46, -46, -50, -50, -50, 
    -14, -14, -14, -18, -18, -18, -22, -22, -22, -26, -26, -26, -30, -30, 
    -30, -34, -34, -34, -38, -38, -38, -42, -42, -42, -46, -46, -46, -50, 
    -50, -50, -14, -14, -14, -18, -18, -18, -22, -22, -22, -26, -26, -26, 
    -30, -30, -30, -34, -34, -34, -38, -38, -38, -42, -42, -42, -46, -46, 
    -46, -50, -50, -50, -14, -14, -14, -18, -18, -18, -22, -22, -22, -26, 
    -26, -26, -30, -30, -30, -34, -34, -34, -38, -38, -38, -42, -42, -42, 
    -46, -46, -46, -50, -50, -50, -14, -14, -14, -18, -18, -18, -22, -22, 
    -22, -26, -26, -26, -30, -30, -30, -34, -34, -34, -38, -38, -38, -42, 
    -42, -42, -46, -46, -46, -50, -50, -50, -14, -14, -14, -18, -18, -18, 
    -22, -22, -22, -26, -26, -26, -30, -30, -30, -34, -34, -34, -38, -38, 
    -38, -42, -42, -42, -46, -46, -46, -50, -50, -50, 50, 50, 46, 46, 50, 50, 
    46, 46, 50, 46, 50, 46, 50, 46, 50, 46, 50, 46, 50, 46, 50, 46, 50, 46, 
    50, 46, 50, 46, 50, 46, 50, 46, 50, 46, 50, 46, 50, 46, 50, 46, 50, 46, 
    50, 46, 42, 42, 42, 42, 42, 42, 42, 42, 42, 42, 42, 42, 42, 42, 42, 42, 
    42, 42, 42, 42, 42, 42, 38, 38, 38, 38, 38, 38, 38, 38, 38, 38, 38, 38, 
    38, 38, 38, 38, 38, 38, 38, 38, 38, 38, 34, 34, 34, 34, 34, 34, 34, 34, 
    34, 34, 34, 34, 34, 34, 34, 34, 34, 34, 34, 34, 34, 34, 30, 30, 30, 30, 
    30, 30, 30, 30, 30, 30, 30, 30, 30, 30, 30, 30, 30, 30, 30, 30, 30, 30, 
    26, 26, 26, 26, 26, 26, 26, 26, 26, 26, 26, 26, 26, 26, 26, 26, 26, 26, 
    26, 26, 26, 26, 22, 22, 22, 22, 22, 22, 22, 22, 22, 22, 22, 22, 22, 22, 
    22, 22, 22, 22, 22, 22, 22, 22, 18, 18, 18, 18, 18, 18, 18, 18, 18, 18, 
    18, 18, 18, 18, 18, 18, 18, 18, 18, 18, 18, 18, 14, 14, 14, 14, 14, 14, 
    14, 14, 14, 14, 14, 14, 14, 14, 14, 14, 14, 14, 14, 14, 14, 14, 10, 10, 
    10, 10, 10, 10, 10, 10, 10, 10, 10, 10, 10, 10, 10, 10, 10, 10, 10, 10, 
    10, 10, 50, 50, 46, 46, 50, 46, 50, 46, 50, 46, 50, 46, 50, 46, 50, 46, 
    50, 46, 50, 46, 50, 46, 42, 42, 42, 42, 42, 42, 42, 42, 42, 42, 42, 38, 
    38, 38, 38, 38, 38, 38, 38, 38, 38, 38, 34, 34, 34, 34, 34, 34, 34, 34, 
    34, 34, 34, 30, 30, 30, 30, 30, 30, 30, 30, 30, 30, 30, 26, 26, 26, 26, 
    26, 26, 26, 26, 26, 26, 26, 22, 22, 22, 22, 22, 22, 22, 22, 22, 22, 22, 
    18, 18, 18, 18, 18, 18, 18, 18, 18, 18, 18, 14, 14, 14, 14, 14, 14, 14, 
    14, 14, 14, 14, 10, 10, 10, 10, 10, 10, 10, 10, 10, 10, 10, 50, 50, 46, 
    46, 50, 46, 50, 46, 50, 46, 50, 46, 50, 46, 50, 46, 50, 46, 50, 46, 50, 
    46, 42, 42, 42, 42, 42, 42, 42, 42, 42, 42, 42, 38, 38, 38, 38, 38, 38, 
    38, 38, 38, 38, 38, 34, 34, 34, 34, 34, 34, 34, 34, 34, 34, 34, 30, 30, 
    30, 30, 30, 30, 30, 30, 30, 30, 30, 26, 26, 26, 26, 26, 26, 26, 26, 26, 
    26, 26, 22, 22, 22, 22, 22, 22, 22, 22, 22, 22, 22, 18, 18, 18, 18, 18, 
    18, 18, 18, 18, 18, 18, 14, 14, 14, 14, 14, 14, 14, 14, 14, 14, 14, 10, 
    10, 10, 10, 10, 10, 10, 10, 10, 10, 10, 50, 50, 46, 46, 50, 46, 50, 46, 
    50, 46, 50, 46, 50, 46, 50, 46, 50, 46, 50, 46, 50, 46, 42, 42, 42, 42, 
    42, 42, 42, 42, 42, 42, 42, 38, 38, 38, 38, 38, 38, 38, 38, 38, 38, 38, 
    34, 34, 34, 34, 34, 34, 34, 34, 34, 34, 34, 30, 30, 30, 30, 30, 30, 30, 
    30, 30, 30, 30, 26, 26, 26, 26, 26, 26, 26, 26, 26, 26, 26, 22, 22, 22, 
    22, 22, 22, 22, 22, 22, 22, 22, 18, 18, 18, 18, 18, 18, 18, 18, 18, 18, 
    18, 14, 14, 14, 14, 14, 14, 14, 14, 14, 14, 14, 10, 10, 10, 10, 10, 10, 
    10, 10, 10, 10, 10, 50, 50, 46, 46, 50, 46, 50, 46, 50, 46, 50, 46, 50, 
    46, 50, 46, 50, 46, 50, 46, 50, 46, 42, 42, 42, 42, 42, 42, 42, 42, 42, 
    42, 42, 38, 38, 38, 38, 38, 38, 38, 38, 38, 38, 38, 34, 34, 34, 34, 34, 
    34, 34, 34, 34, 34, 34, 30, 30, 30, 30, 30, 30, 30, 30, 30, 30, 30, 26, 
    26, 26, 26, 26, 26, 26, 26, 26, 26, 26, 22, 22, 22, 22, 22, 22, 22, 22, 
    22, 22, 22, 18, 18, 18, 18, 18, 18, 18, 18, 18, 18, 18, 14, 14, 14, 14, 
    14, 14, 14, 14, 14, 14, 14, 10, 10, 10, 10, 10, 10, 10, 10, 10, 10, 10, 
    50, 50, 46, 46, 50, 46, 50, 46, 50, 46, 50, 46, 50, 46, 50, 46, 50, 46, 
    50, 46, 50, 46, 42, 42, 42, 42, 42, 42, 42, 42, 42, 42, 42, 38, 38, 38, 
    38, 38, 38, 38, 38, 38, 38, 38, 34, 34, 34, 34, 34, 34, 34, 34, 34, 34, 
    34, 30, 30, 30, 30, 30, 30, 30, 30, 30, 30, 30, 26, 26, 26, 26, 26, 26, 
    26, 26, 26, 26, 26, 22, 22, 22, 22, 22, 22, 22, 22, 22, 22, 22, 18, 18, 
    18, 18, 18, 18, 18, 18, 18, 18, 18, 14, 14, 14, 14, 14, 14, 14, 14, 14, 
    14, 14, 10, 10, 10, 10, 10, 10, 10, 10, 10, 10, 10, 50, 50, 46, 46, 50, 
    46, 50, 46, 50, 46, 50, 46, 50, 46, 50, 46, 50, 46, 50, 46, 50, 46, 42, 
    42, 42, 42, 42, 42, 42, 42, 42, 42, 42, 38, 38, 38, 38, 38, 38, 38, 38, 
    38, 38, 38, 34, 34, 34, 34, 34, 34, 34, 34, 34, 34, 34, 30, 30, 30, 30, 
    30, 30, 30, 30, 30, 30, 30, 26, 26, 26, 26, 26, 26, 26, 26, 26, 26, 26, 
    22, 22, 22, 22, 22, 22, 22, 22, 22, 22, 22, 18, 18, 18, 18, 18, 18, 18, 
    18, 18, 18, 18, 14, 14, 14, 14, 14, 14, 14, 14, 14, 14, 14, 10, 10, 10, 
    10, 10, 10, 10, 10, 10, 10, 10, 50, 50, 46, 46, 50, 46, 50, 46, 50, 46, 
    50, 46, 50, 46, 50, 46, 50, 46, 50, 46, 50, 46, 42, 42, 42, 42, 42, 42, 
    42, 42, 42, 42, 42, 38, 38, 38, 38, 38, 38, 38, 38, 38, 38, 38, 34, 34, 
    34, 34, 34, 34, 34, 34, 34, 34, 34, 30, 30, 30, 30, 30, 30, 30, 30, 30, 
    30, 30, 26, 26, 26, 26, 26, 26, 26, 26, 26, 26, 26, 22, 22, 22, 22, 22, 
    22, 22, 22, 22, 22, 22, 18, 18, 18, 18, 18, 18, 18, 18, 18, 18, 18, 14, 
    14, 14, 14, 14, 14, 14, 14, 14, 14, 14, 10, 10, 10, 10, 10, 10, 10, 10, 
    10, 10, 10, 50, 50, 46, 46, 50, 46, 50, 46, 50, 46, 50, 46, 50, 46, 50, 
    46, 50, 46, 50, 46, 50, 46, 42, 42, 42, 42, 42, 42, 42, 42, 42, 42, 42, 
    38, 38, 38, 38, 38, 38, 38, 38, 38, 38, 38, 34, 34, 34, 34, 34, 34, 34, 
    34, 34, 34, 34, 30, 30, 30, 30, 30, 30, 30, 30, 30, 30, 30, 26, 26, 26, 
    26, 26, 26, 26, 26, 26, 26, 26, 22, 22, 22, 22, 22, 22, 22, 22, 22, 22, 
    22, 18, 18, 18, 18, 18, 18, 18, 18, 18, 18, 18, 14, 14, 14, 14, 14, 14, 
    14, 14, 14, 14, 14, 10, 10, 10, 10, 10, 10, 10, 10, 10, 10, 10, -10, -10, 
    -6, -6, -10, -6, -10, -6, -10, -5.99999999999999, -10, -6, -10, -6, -10, 
    -6, -10, -6, -10, -5.99999999999999, -10, -6, -10, -10, -6, -6, -10, -6, 
    -10, -6, -10, -6, -10, -6, -10, -5.99999999999999, -10, -6, -10, -6, -10, 
    -6, -10, -6, -10, -10, -6, -6, -10, -6, -10, -6, -10, -6, -10, -6, -10, 
    -6, -10, -6, -10, -6, -10, -5.99999999999999, -10, -6, -10, -10, -6, -6, 
    -10, -6, -10, -6, -10, -6, -10, -6, -10, -6, -10, -6, -10, -6, -10, 
    -5.99999999999999, -10, -6, -10, -10, -6, -6, -10, -6, -10, -6, -10, -6, 
    -10, -6, -10, -6, -10, -6, -10, -6, -10, -6, -10, -6, -10, -10, 
    -5.99999999999999, -6, -10, -6, -10, -6, -10, -6, -10, -6, -10, -6, -10, 
    -6, -10, -6, -10, -5.99999999999999, -10, -6, -10, -10, -6, -6, -10, -6, 
    -10, -6, -10, -6, -10, -6, -10, -6, -10, -6, -10, -6, -10, -6, -10, -6, 
    -10, -10, -6, -6, -10, -6, -10, -5.99999999999999, -10, -6, -10, -6, -10, 
    -6, -10, -6, -10, -6, -10, -6, -10, -6, -10, -10, -5.99999999999999, -6, 
    -10, -6, -10, -5.99999999999999, -10, -6, -10, -5.99999999999999, -10, 
    -6, -10, -6, -10, -6, -10, -6, -10, -6, -10, -10, -6, -6, -10, -6, -10, 
    -6, -10, -6, -10, -6, -10, -6, -10, -6, -10, -6, -10, -6, -10, -6, -2, 
    -2, -2, -2, -2, -2, -2, -2, -2, -2, -2, -2, -2, -2, -2, -2, -2, -2, -2, 
    -2, -2, -2, -2, -2, -2, -2, -2, -2, -2, -2, -2, -2, -2, -2, -2, -2, -2, 
    -2, -2, -2, -2, -2, -2, -2, -2, -2, -2, -2, -2, -2, -2, -2, -2, -2, -2, 
    -2, -2, -2, -2, -2, -2, -2, -2, -2, -2, -2, -2, -2, -2, -2, -2, -2, -2, 
    -2, -2, -2, -2, -2, -2, -2, -2, -2, -2, -2, -2, -2, -2, -2, -2, -2, -2, 
    -2, -2, -2, -2, -2, -2, -2, -2, -2, -2, -2, -2, -2, -2, -2, -2, -2, -2, 
    -2, 2, 2, 2, 2, 2, 2, 2, 2, 2, 2, 2, 2, 2, 2, 2, 2, 2, 2, 2, 2, 2, 2, 2, 
    2, 2, 2, 2, 2, 2, 2, 2, 2, 2, 2, 2, 2, 2, 2, 2, 2, 2, 2, 2, 2, 2, 2, 2, 
    2, 2, 2, 2, 2, 2, 2, 2, 2, 2, 2, 2, 2, 2, 2, 2, 2, 2, 2, 2, 2, 2, 2, 2, 
    2, 2, 2, 2, 2, 2, 2, 2, 2, 2, 2, 2, 2, 2, 2, 2, 2, 2, 2, 2, 2, 2, 2, 2, 
    2, 2, 2, 2, 2, 2, 2, 2, 2, 2, 2, 2, 2, 2, 2, 6, 6, 6, 6, 6, 6, 6, 6, 6, 
    6, 6, 6, 6, 6, 6, 6, 6, 6, 6, 6, 6, 6, 6, 6, 6, 6, 6, 6, 6, 6, 6, 6, 6, 
    6, 6, 6, 6, 6, 6, 6, 6, 6, 6, 6, 6, 6, 6, 6, 6, 6, 6, 6, 6, 6, 6, 6, 6, 
    6, 6, 6, 6, 6, 6, 6, 6, 6, 6, 6, 6, 5.99999999999999, 6, 6, 6, 6, 6, 6, 
    6, 6, 6, 6, 6, 6, 6, 6, 6, 6, 6, 6, 5.99999999999999, 6, 6, 6, 
    5.99999999999999, 6, 6, 6, 6, 6, 6, 6, 6, 6, 6, 6, 6, 6, 6, 6, 6, 6, -14, 
    -14, -14, -14, -14, -14, -14, -14, -14, -14, -14, -14, -14, -14, -14, 
    -14, -14, -14, -14, -14, -18, -18, -18, -18, -18, -18, -18, -18, -18, 
    -18, -18, -18, -18, -18, -18, -18, -18, -18, -18, -18, -22, -22, -22, 
    -22, -22, -22, -22, -22, -22, -22, -22, -22, -22, -22, -22, -22, -22, 
    -22, -22, -22, -26, -26, -26, -26, -26, -26, -26, -26, -26, -26, -26, 
    -26, -26, -26, -26, -26, -26, -26, -26, -26, -30, -30, -30, -30, -30, 
    -30, -30, -30, -30, -30, -30, -30, -30, -30, -30, -30, -30, -30, -30, 
    -30, -34, -34, -34, -34, -34, -34, -34, -34, -34, -34, -34, -34, -34, 
    -34, -34, -34, -34, -34, -34, -34, -38, -38, -38, -38, -38, -38, -38, 
    -38, -38, -38, -38, -38, -38, -38, -38, -38, -38, -38, -38, -38, -42, 
    -42, -42, -42, -42, -42, -42, -42, -42, -42, -42, -42, -42, -42, -42, 
    -42, -42, -42, -42, -42, -46, -46, -46, -46, -46, -46, -46, -46, -46, 
    -46, -46, -46, -46, -46, -46, -46, -46, -46, -46, -46, -50, -50, -50, 
    -50, -50, -50, -50, -50, -50, -50, -50, -50, -50, -50, -50, -50, -50, 
    -50, -50, -50, -14, -14, -14, -14, -14, -14, -14, -14, -14, -14, -18, 
    -18, -18, -18, -18, -18, -18, -18, -18, -18, -22, -22, -22, -22, -22, 
    -22, -22, -22, -22, -22, -26, -26, -26, -26, -26, -26, -26, -26, -26, 
    -26, -30, -30, -30, -30, -30, -30, -30, -30, -30, -30, -34, -34, -34, 
    -34, -34, -34, -34, -34, -34, -34, -38, -38, -38, -38, -38, -38, -38, 
    -38, -38, -38, -42, -42, -42, -42, -42, -42, -42, -42, -42, -42, -46, 
    -46, -46, -46, -46, -46, -46, -46, -46, -46, -50, -50, -50, -50, -50, 
    -50, -50, -50, -50, -50, -14, -14, -14, -14, -14, -14, -14, -14, -14, 
    -14, -18, -18, -18, -18, -18, -18, -18, -18, -18, -18, -22, -22, -22, 
    -22, -22, -22, -22, -22, -22, -22, -26, -26, -26, -26, -26, -26, -26, 
    -26, -26, -26, -30, -30, -30, -30, -30, -30, -30, -30, -30, -30, -34, 
    -34, -34, -34, -34, -34, -34, -34, -34, -34, -38, -38, -38, -38, -38, 
    -38, -38, -38, -38, -38, -42, -42, -42, -42, -42, -42, -42, -42, -42, 
    -42, -46, -46, -46, -46, -46, -46, -46, -46, -46, -46, -50, -50, -50, 
    -50, -50, -50, -50, -50, -50, -50, -14, -14, -14, -14, -14, -14, -14, 
    -14, -14, -14, -18, -18, -18, -18, -18, -18, -18, -18, -18, -18, -22, 
    -22, -22, -22, -22, -22, -22, -22, -22, -22, -26, -26, -26, -26, -26, 
    -26, -26, -26, -26, -26, -30, -30, -30, -30, -30, -30, -30, -30, -30, 
    -30, -34, -34, -34, -34, -34, -34, -34, -34, -34, -34, -38, -38, -38, 
    -38, -38, -38, -38, -38, -38, -38, -42, -42, -42, -42, -42, -42, -42, 
    -42, -42, -42, -46, -46, -46, -46, -46, -46, -46, -46, -46, -46, -50, 
    -50, -50, -50, -50, -50, -50, -50, -50, -50, -14, -14, -14, -14, -14, 
    -14, -14, -14, -14, -14, -18, -18, -18, -18, -18, -18, -18, -18, -18, 
    -18, -22, -22, -22, -22, -22, -22, -22, -22, -22, -22, -26, -26, -26, 
    -26, -26, -26, -26, -26, -26, -26, -30, -30, -30, -30, -30, -30, -30, 
    -30, -30, -30, -34, -34, -34, -34, -34, -34, -34, -34, -34, -34, -38, 
    -38, -38, -38, -38, -38, -38, -38, -38, -38, -42, -42, -42, -42, -42, 
    -42, -42, -42, -42, -42, -46, -46, -46, -46, -46, -46, -46, -46, -46, 
    -46, -50, -50, -50, -50, -50, -50, -50, -50, -50, -50, -14, -14, -14, 
    -14, -14, -14, -14, -14, -14, -14, -18, -18, -18, -18, -18, -18, -18, 
    -18, -18, -18, -22, -22, -22, -22, -22, -22, -22, -22, -22, -22, -26, 
    -26, -26, -26, -26, -26, -26, -26, -26, -26, -30, -30, -30, -30, -30, 
    -30, -30, -30, -30, -30, -34, -34, -34, -34, -34, -34, -34, -34, -34, 
    -34, -38, -38, -38, -38, -38, -38, -38, -38, -38, -38, -42, -42, -42, 
    -42, -42, -42, -42, -42, -42, -42, -46, -46, -46, -46, -46, -46, -46, 
    -46, -46, -46, -50, -50, -50, -50, -50, -50, -50, -50, -50, -50, -14, 
    -14, -14, -14, -14, -14, -14, -14, -14, -14, -18, -18, -18, -18, -18, 
    -18, -18, -18, -18, -18, -22, -22, -22, -22, -22, -22, -22, -22, -22, 
    -22, -26, -26, -26, -26, -26, -26, -26, -26, -26, -26, -30, -30, -30, 
    -30, -30, -30, -30, -30, -30, -30, -34, -34, -34, -34, -34, -34, -34, 
    -34, -34, -34, -38, -38, -38, -38, -38, -38, -38, -38, -38, -38, -42, 
    -42, -42, -42, -42, -42, -42, -42, -42, -42, -46, -46, -46, -46, -46, 
    -46, -46, -46, -46, -46, -50, -50, -50, -50, -50, -50, -50, -50, -50, 
    -50, -14, -14, -14, -14, -14, -14, -14, -14, -14, -14, -18, -18, -18, 
    -18, -18, -18, -18, -18, -18, -18, -22, -22, -22, -22, -22, -22, -22, 
    -22, -22, -22, -26, -26, -26, -26, -26, -26, -26, -26, -26, -26, -30, 
    -30, -30, -30, -30, -30, -30, -30, -30, -30, -34, -34, -34, -34, -34, 
    -34, -34, -34, -34, -34, -38, -38, -38, -38, -38, -38, -38, -38, -38, 
    -38, -42, -42, -42, -42, -42, -42, -42, -42, -42, -42, -46, -46, -46, 
    -46, -46, -46, -46, -46, -46, -46, -50, -50, -50, -50, -50, -50, -50, 
    -50, -50, -50, -14, -14, -14, -14, -14, -14, -14, -14, -14, -14, -18, 
    -18, -18, -18, -18, -18, -18, -18, -18, -18, -22, -22, -22, -22, -22, 
    -22, -22, -22, -22, -22, -26, -26, -26, -26, -26, -26, -26, -26, -26, 
    -26, -30, -30, -30, -30, -30, -30, -30, -30, -30, -30, -34, -34, -34, 
    -34, -34, -34, -34, -34, -34, -34, -38, -38, -38, -38, -38, -38, -38, 
    -38, -38, -38, -42, -42, -42, -42, -42, -42, -42, -42, -42, -42, -46, 
    -46, -46, -46, -46, -46, -46, -46, -46, -46, -50, -50, -50, -50, -50, 
    -50, -50, -50, -50, -50, -14, -14, -14, -14, -14, -14, -14, -14, -14, 
    -14, -18, -18, -18, -18, -18, -18, -18, -18, -18, -18, -22, -22, -22, 
    -22, -22, -22, -22, -22, -22, -22, -26, -26, -26, -26, -26, -26, -26, 
    -26, -26, -26, -30, -30, -30, -30, -30, -30, -30, -30, -30, -30, -34, 
    -34, -34, -34, -34, -34, -34, -34, -34, -34, -38, -38, -38, -38, -38, 
    -38, -38, -38, -38, -38, -42, -42, -42, -42, -42, -42, -42, -42, -42, 
    -42, -46, -46, -46, -46, -46, -46, -46, -46, -46, -46, -50, -50, -50, 
    -50, -50, -50, -50, -50, -50, -50, 50, 50, 46, 46, 50, 50, 46, 46, 50, 
    50, 46, 46, 50, 50, 46, 46, 50, 50, 46, 46, 50, 50, 46, 46, 50, 50, 46, 
    46, 50, 50, 46, 46, 50, 50, 46, 46, 50, 50, 46, 46, 42, 42, 42, 42, 42, 
    42, 42, 42, 42, 42, 42, 42, 42, 42, 42, 42, 42, 42, 42, 42, 38, 38, 38, 
    38, 38, 38, 38, 38, 38, 38, 38, 38, 38, 38, 38, 38, 38, 38, 38, 38, 34, 
    34, 34, 34, 34, 34, 34, 34, 34, 34, 34, 34, 34, 34, 34, 34, 34, 34, 34, 
    34, 30, 30, 30, 30, 30, 30, 30, 30, 30, 30, 30, 30, 30, 30, 30, 30, 30, 
    30, 30, 30, 26, 26, 26, 26, 26, 26, 26, 26, 26, 26, 26, 26, 26, 26, 26, 
    26, 26, 26, 26, 26, 22, 22, 22, 22, 22, 22, 22, 22, 22, 22, 22, 22, 22, 
    22, 22, 22, 22, 22, 22, 22, 18, 18, 18, 18, 18, 18, 18, 18, 18, 18, 18, 
    18, 18, 18, 18, 18, 18, 18, 18, 18, 14, 14, 14, 14, 14, 14, 14, 14, 14, 
    14, 14, 14, 14, 14, 14, 14, 14, 14, 14, 14, 10, 10, 10, 10, 10, 10, 10, 
    10, 10, 10, 10, 10, 10, 10, 10, 10, 10, 10, 10, 10, 6, 6, 2, 2, -2, -2, 
    -6, -6, -10, -10, 6, 6, 2, 2, -2, -2, -6, -5.99999999999999, -10, -10, 6, 
    6, 2, 2, -2, -2, -6, -6, -10, -10, 6, 6, 2, 2, -2, -2, -6, -6, -10, -10, 
    6, 6, 2, 2, -2, -2, -6, -6, -10, -10, 6, 6, 2, 2, -2, -2, -6, -6, -10, 
    -10, 6, 6, 2, 2, -2, -2, -6, -6, -10, -10, 6, 6, 2, 2, -2, -2, -6, -6, 
    -10, -10, 6, 6, 2, 2, -2, -2, -6, -6, -10, -10, 6, 6, 2, 2, -2, -2, -6, 
    -6, -10, -10, -50, -50, -50, -50, -46, -46, -46, -46, -50, -50, -46, -46, 
    -50, -50, -46, -46, -50, -50, -46, -46, -50, -50, -46, -46, -50, -50, 
    -46, -46, -50, -50, -46, -46, -50, -50, -46, -46, -50, -50, -46, -46, 
    -42, -42, -42, -42, -42, -42, -42, -42, -42, -42, -42, -42, -42, -42, 
    -42, -42, -42, -42, -42, -42, -38, -38, -38, -38, -38, -38, -38, -38, 
    -38, -38, -38, -38, -38, -38, -38, -38, -38, -38, -38, -38, -34, -34, 
    -34, -34, -34, -34, -34, -34, -34, -34, -34, -34, -34, -34, -34, -34, 
    -34, -34, -34, -34, -30, -30, -30, -30, -30, -30, -30, -30, -30, -30, 
    -30, -30, -30, -30, -30, -30, -30, -30, -30, -30, -26, -26, -26, -26, 
    -26, -26, -26, -26, -26, -26, -26, -26, -26, -26, -26, -26, -26, -26, 
    -26, -26, -22, -22, -22, -22, -22, -22, -22, -22, -22, -22, -22, -22, 
    -22, -22, -22, -22, -22, -22, -22, -22, -18, -18, -18, -18, -18, -18, 
    -18, -18, -18, -18, -18, -18, -18, -18, -18, -18, -18, -18, -18, -18, 
    -14, -14, -14, -14, -14, -14, -14, -14, -14, -14, -14, -14, -14, -14, 
    -14, -14, -14, -14, -14, -14, 14, 10, 14, 10, 18, 18, 22, 22, 26, 26, 30, 
    30, 34, 34, 38, 38, 42, 42, 46, 46, 50, 50, 14, 10, 14, 10, 18, 18, 22, 
    22, 26, 26, 30, 30, 34, 34, 38, 38, 42, 42, 46, 46, 50, 50, 14, 10, 14, 
    10, 18, 18, 22, 22, 26, 26, 30, 30, 34, 34, 38, 38, 42, 42, 46, 46, 50, 
    50, 14, 10, 14, 10, 18, 18, 22, 22, 26, 26, 30, 30, 34, 34, 38, 38, 42, 
    42, 46, 46, 50, 50, 14, 10, 14, 10, 18, 18, 22, 22, 26, 26, 30, 30, 34, 
    34, 38, 38, 42, 42, 46, 46, 50, 50, 14, 10, 14, 10, 18, 18, 22, 22, 26, 
    26, 30, 30, 34, 34, 38, 38, 42, 42, 46, 46, 50, 50, 14, 10, 14, 10, 18, 
    18, 22, 22, 26, 26, 30, 30, 34, 34, 38, 38, 42, 42, 46, 46, 50, 50, 14, 
    10, 14, 10, 18, 18, 22, 22, 26, 26, 30, 30, 34, 34, 38, 38, 42, 42, 46, 
    46, 50, 50, 14, 10, 14, 10, 18, 18, 22, 22, 26, 26, 30, 30, 34, 34, 38, 
    38, 42, 42, 46, 46, 50, 50, 14, 10, 14, 10, 18, 18, 22, 22, 26, 26, 30, 
    30, 34, 34, 38, 38, 42, 42, 46, 46, 50, 50, 14, 10, 18, 22, 26, 30, 34, 
    38, 42, 46, 50, 14, 10, 18, 22, 26, 30, 34, 38, 42, 46, 50, 14, 10, 18, 
    22, 26, 30, 34, 38, 42, 46, 50, 14, 10, 18, 22, 26, 30, 34, 38, 42, 46, 
    50, 14, 10, 18, 22, 26, 30, 34, 38, 42, 46, 50, 14, 10, 18, 22, 26, 30, 
    34, 38, 42, 46, 50, 14, 10, 18, 22, 26, 30, 34, 38, 42, 46, 50, 14, 10, 
    18, 22, 26, 30, 34, 38, 42, 46, 50, 14, 10, 18, 22, 26, 30, 34, 38, 42, 
    46, 50, 14, 10, 18, 22, 26, 30, 34, 38, 42, 46, 50, -10, -6, -10, -6, 
    -10, -6, -10, -6, -10, -6, -10, -6, -10, -6, -10, -6, -10, -6, -10, -6, 
    -10, -6, -10, -6, -10, -6, -10, -6, -10, -6, -10, -6, -10, -6, -10, -6, 
    -10, -6, -10, -6, -10, -6, -10, -6, -10, -6, -10, -5.99999999999999, -10, 
    -6, -10, -5.99999999999999, -10, -6, -10, -6, -10, -6, -10, -6, -2, -2, 
    -2, -2, -2, -2, -2, -2, -2, -2, -2, -2, -2, -2, -2, -2, -2, -2, -2, -2, 
    -2, -2, -2, -2, -2, -2, -2, -2, -2, -2, 2, 2, 2, 2, 2, 2, 2, 2, 2, 2, 2, 
    2, 2, 2, 2, 2, 2, 2, 2, 2, 2, 2, 2, 2, 2, 2, 2, 2, 2, 2, 6, 6, 6, 6, 6, 
    6, 6, 6, 6, 6, 6, 6, 6, 6, 6, 6, 6, 6, 6, 6, 6, 6, 6, 6, 6, 6, 6, 6, 6, 
    6, -14, -14, -14, -14, -18, -18, -18, -18, -22, -22, -22, -22, -26, -26, 
    -26, -26, -30, -30, -30, -30, -34, -34, -34, -34, -38, -38, -38, -38, 
    -42, -42, -42, -42, -46, -46, -46, -46, -50, -50, -50, -50, -14, -14, 
    -18, -18, -22, -22, -26, -26, -30, -30, -34, -34, -38, -38, -42, -42, 
    -46, -46, -50, -50, -14, -14, -18, -18, -22, -22, -26, -26, -30, -30, 
    -34, -34, -38, -38, -42, -42, -46, -46, -50, -50, -14, -14, -18, -18, 
    -22, -22, -26, -26, -30, -30, -34, -34, -38, -38, -42, -42, -46, -46, 
    -50, -50, -14, -14, -18, -18, -22, -22, -26, -26, -30, -30, -34, -34, 
    -38, -38, -42, -42, -46, -46, -50, -50, -14, -14, -18, -18, -22, -22, 
    -26, -26, -30, -30, -34, -34, -38, -38, -42, -42, -46, -46, -50, -50, 
    -14, -14, -18, -18, -22, -22, -26, -26, -30, -30, -34, -34, -38, -38, 
    -42, -42, -46, -46, -50, -50, -14, -14, -18, -18, -22, -22, -26, -26, 
    -30, -30, -34, -34, -38, -38, -42, -42, -46, -46, -50, -50, -14, -14, 
    -18, -18, -22, -22, -26, -26, -30, -30, -34, -34, -38, -38, -42, -42, 
    -46, -46, -50, -50, -14, -14, -18, -18, -22, -22, -26, -26, -30, -30, 
    -34, -34, -38, -38, -42, -42, -46, -46, -50, -50, -14, -18, -22, -26, 
    -30, -34, -38, -42, -46, -50, -14, -18, -22, -26, -30, -34, -38, -42, 
    -46, -50, -14, -18, -22, -26, -30, -34, -38, -42, -46, -50, -14, -18, 
    -22, -26, -30, -34, -38, -42, -46, -50, -14, -18, -22, -26, -30, -34, 
    -38, -42, -46, -50, -14, -18, -22, -26, -30, -34, -38, -42, -46, -50, 
    -14, -18, -22, -26, -30, -34, -38, -42, -46, -50, -14, -18, -22, -26, 
    -30, -34, -38, -42, -46, -50, 50, 46, 50, 46, 50, 46, 50, 46, 50, 46, 50, 
    46, 50, 46, 50, 46, 50, 46, 50, 46, 50, 46, 50, 46, 50, 46, 50, 46, 50, 
    46, 50, 46, 50, 46, 50, 46, 50, 46, 50, 46, 42, 42, 42, 42, 42, 42, 42, 
    42, 42, 42, 42, 42, 42, 42, 42, 42, 42, 42, 42, 42, 38, 38, 38, 38, 38, 
    38, 38, 38, 38, 38, 38, 38, 38, 38, 38, 38, 38, 38, 38, 38, 34, 34, 34, 
    34, 34, 34, 34, 34, 34, 34, 34, 34, 34, 34, 34, 34, 34, 34, 34, 34, 30, 
    30, 30, 30, 30, 30, 30, 30, 30, 30, 30, 30, 30, 30, 30, 30, 30, 30, 30, 
    30, 26, 26, 26, 26, 26, 26, 26, 26, 26, 26, 26, 26, 26, 26, 26, 26, 26, 
    26, 26, 26, 22, 22, 22, 22, 22, 22, 22, 22, 22, 22, 22, 22, 22, 22, 22, 
    22, 22, 22, 22, 22, 18, 18, 18, 18, 18, 18, 18, 18, 18, 18, 18, 18, 18, 
    18, 18, 18, 18, 18, 18, 18, 14, 14, 14, 14, 14, 14, 14, 14, 14, 14, 14, 
    14, 14, 14, 14, 14, 14, 14, 14, 14, 10, 10, 10, 10, 10, 10, 10, 10, 10, 
    10, 10, 10, 10, 10, 10, 10, 10, 10, 10, 10, 50, 46, 50, 46, 50, 46, 50, 
    46, 50, 46, 50, 46, 50, 46, 50, 46, 50, 46, 50, 46, 42, 42, 42, 42, 42, 
    42, 42, 42, 42, 42, 38, 38, 38, 38, 38, 38, 38, 38, 38, 38, 34, 34, 34, 
    34, 34, 34, 34, 34, 34, 34, 30, 30, 30, 30, 30, 30, 30, 30, 30, 30, 26, 
    26, 26, 26, 26, 26, 26, 26, 26, 26, 22, 22, 22, 22, 22, 22, 22, 22, 22, 
    22, 18, 18, 18, 18, 18, 18, 18, 18, 18, 18, 14, 14, 14, 14, 14, 14, 14, 
    14, 14, 14, 10, 10, 10, 10, 10, 10, 10, 10, 10, 10, 50, 46, 50, 46, 50, 
    46, 50, 46, 50, 46, 50, 46, 50, 46, 50, 46, 50, 46, 50, 46, 42, 42, 42, 
    42, 42, 42, 42, 42, 42, 42, 38, 38, 38, 38, 38, 38, 38, 38, 38, 38, 34, 
    34, 34, 34, 34, 34, 34, 34, 34, 34, 30, 30, 30, 30, 30, 30, 30, 30, 30, 
    30, 26, 26, 26, 26, 26, 26, 26, 26, 26, 26, 22, 22, 22, 22, 22, 22, 22, 
    22, 22, 22, 18, 18, 18, 18, 18, 18, 18, 18, 18, 18, 14, 14, 14, 14, 14, 
    14, 14, 14, 14, 14, 10, 10, 10, 10, 10, 10, 10, 10, 10, 10, 50, 46, 50, 
    46, 50, 46, 50, 46, 50, 46, 50, 46, 50, 46, 50, 46, 50, 46, 50, 46, 42, 
    42, 42, 42, 42, 42, 42, 42, 42, 42, 38, 38, 38, 38, 38, 38, 38, 38, 38, 
    38, 34, 34, 34, 34, 34, 34, 34, 34, 34, 34, 30, 30, 30, 30, 30, 30, 30, 
    30, 30, 30, 26, 26, 26, 26, 26, 26, 26, 26, 26, 26, 22, 22, 22, 22, 22, 
    22, 22, 22, 22, 22, 18, 18, 18, 18, 18, 18, 18, 18, 18, 18, 14, 14, 14, 
    14, 14, 14, 14, 14, 14, 14, 10, 10, 10, 10, 10, 10, 10, 10, 10, 10, 50, 
    46, 50, 46, 50, 46, 50, 46, 50, 46, 50, 46, 50, 46, 50, 46, 50, 46, 50, 
    46, 42, 42, 42, 42, 42, 42, 42, 42, 42, 42, 38, 38, 38, 38, 38, 38, 38, 
    38, 38, 38, 34, 34, 34, 34, 34, 34, 34, 34, 34, 34, 30, 30, 30, 30, 30, 
    30, 30, 30, 30, 30, 26, 26, 26, 26, 26, 26, 26, 26, 26, 26, 22, 22, 22, 
    22, 22, 22, 22, 22, 22, 22, 18, 18, 18, 18, 18, 18, 18, 18, 18, 18, 14, 
    14, 14, 14, 14, 14, 14, 14, 14, 14, 10, 10, 10, 10, 10, 10, 10, 10, 10, 
    10, 50, 46, 50, 46, 50, 46, 50, 46, 50, 46, 50, 46, 50, 46, 50, 46, 50, 
    46, 50, 46, 42, 42, 42, 42, 42, 42, 42, 42, 42, 42, 38, 38, 38, 38, 38, 
    38, 38, 38, 38, 38, 34, 34, 34, 34, 34, 34, 34, 34, 34, 34, 30, 30, 30, 
    30, 30, 30, 30, 30, 30, 30, 26, 26, 26, 26, 26, 26, 26, 26, 26, 26, 22, 
    22, 22, 22, 22, 22, 22, 22, 22, 22, 18, 18, 18, 18, 18, 18, 18, 18, 18, 
    18, 14, 14, 14, 14, 14, 14, 14, 14, 14, 14, 10, 10, 10, 10, 10, 10, 10, 
    10, 10, 10, 50, 46, 50, 46, 50, 46, 50, 46, 50, 46, 50, 46, 50, 46, 50, 
    46, 50, 46, 50, 46, 42, 42, 42, 42, 42, 42, 42, 42, 42, 42, 38, 38, 38, 
    38, 38, 38, 38, 38, 38, 38, 34, 34, 34, 34, 34, 34, 34, 34, 34, 34, 30, 
    30, 30, 30, 30, 30, 30, 30, 30, 30, 26, 26, 26, 26, 26, 26, 26, 26, 26, 
    26, 22, 22, 22, 22, 22, 22, 22, 22, 22, 22, 18, 18, 18, 18, 18, 18, 18, 
    18, 18, 18, 14, 14, 14, 14, 14, 14, 14, 14, 14, 14, 10, 10, 10, 10, 10, 
    10, 10, 10, 10, 10, 50, 46, 50, 46, 50, 46, 50, 46, 50, 46, 50, 46, 50, 
    46, 50, 46, 50, 46, 50, 46, 42, 42, 42, 42, 42, 42, 42, 42, 42, 42, 38, 
    38, 38, 38, 38, 38, 38, 38, 38, 38, 34, 34, 34, 34, 34, 34, 34, 34, 34, 
    34, 30, 30, 30, 30, 30, 30, 30, 30, 30, 30, 26, 26, 26, 26, 26, 26, 26, 
    26, 26, 26, 22, 22, 22, 22, 22, 22, 22, 22, 22, 22, 18, 18, 18, 18, 18, 
    18, 18, 18, 18, 18, 14, 14, 14, 14, 14, 14, 14, 14, 14, 14, 10, 10, 10, 
    10, 10, 10, 10, 10, 10, 10, 50, 46, 50, 46, 50, 46, 50, 46, 50, 46, 50, 
    46, 50, 46, 50, 46, 50, 46, 50, 46, 42, 42, 42, 42, 42, 42, 42, 42, 42, 
    42, 38, 38, 38, 38, 38, 38, 38, 38, 38, 38, 34, 34, 34, 34, 34, 34, 34, 
    34, 34, 34, 30, 30, 30, 30, 30, 30, 30, 30, 30, 30, 26, 26, 26, 26, 26, 
    26, 26, 26, 26, 26, 22, 22, 22, 22, 22, 22, 22, 22, 22, 22, 18, 18, 18, 
    18, 18, 18, 18, 18, 18, 18, 14, 14, 14, 14, 14, 14, 14, 14, 14, 14, 10, 
    10, 10, 10, 10, 10, 10, 10, 10, 10, 6, 6, 6, 6, 6, 6, 6, 6, 6, 6, 6, 6, 
    6, 6, 6, 6, 6, 6, 6, 6, 6, 6, 6, 6, 6, 6, 6, 6, 6, 6, 6, 6, 6, 6, 6, 6, 
    6, 6, 6, 6, 6, 6, 6, 6, 6, 6, 6, 6, 6, 6, 6, 6, 6, 6, 6, 6, 6, 6, 6, 6, 
    6, 6, 6, 6, 6, 6, 6, 6, 6, 6, 6, 6, 6, 5.99999999999999, 6, 6, 6, 6, 6, 
    6, 6, 6, 6, 6, 6, 6, 6, 6, 5.99999999999999, 6, 6, 6, 6, 6, 6, 6, 6, 6, 
    6, 6, 2, 2, 2, 2, 2, 2, 2, 2, 2, 2, 2, 2, 2, 2, 2, 2, 2, 2, 2, 2, 2, 2, 
    2, 2, 2, 2, 2, 2, 2, 2, 2, 2, 2, 2, 2, 2, 2, 2, 2, 2, 2, 2, 2, 2, 2, 2, 
    2, 2, 2, 2, 2, 2, 2, 2, 2, 2, 2, 2, 2, 2, 2, 2, 2, 2, 2, 2, 2, 2, 2, 2, 
    2, 2, 2, 2, 2, 2, 2, 2, 2, 2, 2, 2, 2, 2, 2, 2, 2, 2, 2, 2, 2, 2, 2, 2, 
    2, 2, 2, 2, 2, 2, -2, -2, -2, -2, -2, -2, -2, -2, -2, -2, -2, -2, -2, -2, 
    -2, -2, -2, -2, -2, -2, -2, -2, -2, -2, -2, -2, -2, -2, -2, -2, -2, -2, 
    -2, -2, -2, -2, -2, -2, -2, -2, -2, -2, -2, -2, -2, -2, -2, -2, -2, -2, 
    -2, -2, -2, -2, -2, -2, -2, -2, -2, -2, -2, -2, -2, -2, -2, -2, -2, -2, 
    -2, -2, -2, -2, -2, -2, -2, -2, -2, -2, -2, -2, -2, -2, -2, -2, -2, -2, 
    -2, -2, -2, -2, -2, -2, -2, -2, -2, -2, -2, -2, -2, -2, -6, 
    -5.99999999999999, -6, -5.99999999999999, -6, -6, -6, -6, -6, -6, -6, -6, 
    -6, -6, -6, -6, -6, -6, -6, -6, -5.99999999999999, -5.99999999999999, -6, 
    -6, -5.99999999999999, -6, -6, -6, -6, -6, -6, -6, -6, -6, -6, -6, -6, 
    -6, -6, -6, -6, -6, -6, -5.99999999999999, -6, -5.99999999999999, -6, -6, 
    -6, -6, -6, -6, -6, -6, -6, -6, -6, -6, -6, -6, -6, -6, -6, -6, -6, -6, 
    -6, -6, -6, -6, -6, -6, -6, -5.99999999999999, -6, -6, -6, -6, -6, -6, 
    -6, -5.99999999999999, -6, -6, -6, -6, -6, -6, -6, -6, -6, -6, -6, 
    -5.99999999999999, -6, -6, -6, -6, -5.99999999999999, -6, -10, -10, -10, 
    -10, -10, -10, -10, -10, -10, -10, -10, -10, -10, -10, -10, -10, -10, 
    -10, -10, -10, -10, -10, -10, -10, -10, -10, -10, -10, -10, -10, -10, 
    -10, -10, -10, -10, -10, -10, -10, -10, -10, -10, -10, -10, -10, -10, 
    -10, -10, -10, -10, -10, -10, -10, -10, -10, -10, -10, -10, -10, -10, 
    -10, -10, -10, -10, -10, -10, -10, -10, -10, -10, -10, -10, -10, -10, 
    -10, -10, -10, -10, -10, -10, -10, -10, -10, -10, -10, -10, -10, -10, 
    -10, -10, -10, -10, -10, -10, -10, -10, -10, -10, -10, -10, -10, -50, 
    -50, -46, -46, -50, -50, -46, -46, -50, -46, -50, -46, -50, -46, -50, 
    -46, -50, -46, -50, -46, -50, -46, -50, -46, -50, -46, -50, -46, -50, 
    -46, -50, -46, -50, -46, -50, -46, -50, -46, -50, -46, -42, -42, -42, 
    -42, -42, -42, -42, -42, -42, -42, -42, -42, -42, -42, -42, -42, -42, 
    -42, -42, -42, -38, -38, -38, -38, -38, -38, -38, -38, -38, -38, -38, 
    -38, -38, -38, -38, -38, -38, -38, -38, -38, -34, -34, -34, -34, -34, 
    -34, -34, -34, -34, -34, -34, -34, -34, -34, -34, -34, -34, -34, -34, 
    -34, -30, -30, -30, -30, -30, -30, -30, -30, -30, -30, -30, -30, -30, 
    -30, -30, -30, -30, -30, -30, -30, -26, -26, -26, -26, -26, -26, -26, 
    -26, -26, -26, -26, -26, -26, -26, -26, -26, -26, -26, -26, -26, -22, 
    -22, -22, -22, -22, -22, -22, -22, -22, -22, -22, -22, -22, -22, -22, 
    -22, -22, -22, -22, -22, -18, -18, -18, -18, -18, -18, -18, -18, -18, 
    -18, -18, -18, -18, -18, -18, -18, -18, -18, -18, -18, -14, -14, -14, 
    -14, -14, -14, -14, -14, -14, -14, -14, -14, -14, -14, -14, -14, -14, 
    -14, -14, -14, -50, -50, -46, -46, -50, -46, -50, -46, -50, -46, -50, 
    -46, -50, -46, -50, -46, -50, -46, -50, -46, -42, -42, -42, -42, -42, 
    -42, -42, -42, -42, -42, -38, -38, -38, -38, -38, -38, -38, -38, -38, 
    -38, -34, -34, -34, -34, -34, -34, -34, -34, -34, -34, -30, -30, -30, 
    -30, -30, -30, -30, -30, -30, -30, -26, -26, -26, -26, -26, -26, -26, 
    -26, -26, -26, -22, -22, -22, -22, -22, -22, -22, -22, -22, -22, -18, 
    -18, -18, -18, -18, -18, -18, -18, -18, -18, -14, -14, -14, -14, -14, 
    -14, -14, -14, -14, -14, -50, -50, -46, -46, -50, -46, -50, -46, -50, 
    -46, -50, -46, -50, -46, -50, -46, -50, -46, -50, -46, -42, -42, -42, 
    -42, -42, -42, -42, -42, -42, -42, -38, -38, -38, -38, -38, -38, -38, 
    -38, -38, -38, -34, -34, -34, -34, -34, -34, -34, -34, -34, -34, -30, 
    -30, -30, -30, -30, -30, -30, -30, -30, -30, -26, -26, -26, -26, -26, 
    -26, -26, -26, -26, -26, -22, -22, -22, -22, -22, -22, -22, -22, -22, 
    -22, -18, -18, -18, -18, -18, -18, -18, -18, -18, -18, -14, -14, -14, 
    -14, -14, -14, -14, -14, -14, -14, -50, -50, -46, -46, -50, -46, -50, 
    -46, -50, -46, -50, -46, -50, -46, -50, -46, -50, -46, -50, -46, -42, 
    -42, -42, -42, -42, -42, -42, -42, -42, -42, -38, -38, -38, -38, -38, 
    -38, -38, -38, -38, -38, -34, -34, -34, -34, -34, -34, -34, -34, -34, 
    -34, -30, -30, -30, -30, -30, -30, -30, -30, -30, -30, -26, -26, -26, 
    -26, -26, -26, -26, -26, -26, -26, -22, -22, -22, -22, -22, -22, -22, 
    -22, -22, -22, -18, -18, -18, -18, -18, -18, -18, -18, -18, -18, -14, 
    -14, -14, -14, -14, -14, -14, -14, -14, -14, -50, -50, -46, -46, -50, 
    -46, -50, -46, -50, -46, -50, -46, -50, -46, -50, -46, -50, -46, -50, 
    -46, -42, -42, -42, -42, -42, -42, -42, -42, -42, -42, -38, -38, -38, 
    -38, -38, -38, -38, -38, -38, -38, -34, -34, -34, -34, -34, -34, -34, 
    -34, -34, -34, -30, -30, -30, -30, -30, -30, -30, -30, -30, -30, -26, 
    -26, -26, -26, -26, -26, -26, -26, -26, -26, -22, -22, -22, -22, -22, 
    -22, -22, -22, -22, -22, -18, -18, -18, -18, -18, -18, -18, -18, -18, 
    -18, -14, -14, -14, -14, -14, -14, -14, -14, -14, -14, -50, -50, -46, 
    -46, -50, -46, -50, -46, -50, -46, -50, -46, -50, -46, -50, -46, -50, 
    -46, -50, -46, -42, -42, -42, -42, -42, -42, -42, -42, -42, -42, -38, 
    -38, -38, -38, -38, -38, -38, -38, -38, -38, -34, -34, -34, -34, -34, 
    -34, -34, -34, -34, -34, -30, -30, -30, -30, -30, -30, -30, -30, -30, 
    -30, -26, -26, -26, -26, -26, -26, -26, -26, -26, -26, -22, -22, -22, 
    -22, -22, -22, -22, -22, -22, -22, -18, -18, -18, -18, -18, -18, -18, 
    -18, -18, -18, -14, -14, -14, -14, -14, -14, -14, -14, -14, -14, -50, 
    -50, -46, -46, -50, -46, -50, -46, -50, -46, -50, -46, -50, -46, -50, 
    -46, -50, -46, -50, -46, -42, -42, -42, -42, -42, -42, -42, -42, -42, 
    -42, -38, -38, -38, -38, -38, -38, -38, -38, -38, -38, -34, -34, -34, 
    -34, -34, -34, -34, -34, -34, -34, -30, -30, -30, -30, -30, -30, -30, 
    -30, -30, -30, -26, -26, -26, -26, -26, -26, -26, -26, -26, -26, -22, 
    -22, -22, -22, -22, -22, -22, -22, -22, -22, -18, -18, -18, -18, -18, 
    -18, -18, -18, -18, -18, -14, -14, -14, -14, -14, -14, -14, -14, -14, 
    -14, -50, -50, -46, -46, -50, -46, -50, -46, -50, -46, -50, -46, -50, 
    -46, -50, -46, -50, -46, -50, -46, -42, -42, -42, -42, -42, -42, -42, 
    -42, -42, -42, -38, -38, -38, -38, -38, -38, -38, -38, -38, -38, -34, 
    -34, -34, -34, -34, -34, -34, -34, -34, -34, -30, -30, -30, -30, -30, 
    -30, -30, -30, -30, -30, -26, -26, -26, -26, -26, -26, -26, -26, -26, 
    -26, -22, -22, -22, -22, -22, -22, -22, -22, -22, -22, -18, -18, -18, 
    -18, -18, -18, -18, -18, -18, -18, -14, -14, -14, -14, -14, -14, -14, 
    -14, -14, -14, -50, -50, -46, -46, -50, -46, -50, -46, -50, -46, -50, 
    -46, -50, -46, -50, -46, -50, -46, -50, -46, -42, -42, -42, -42, -42, 
    -42, -42, -42, -42, -42, -38, -38, -38, -38, -38, -38, -38, -38, -38, 
    -38, -34, -34, -34, -34, -34, -34, -34, -34, -34, -34, -30, -30, -30, 
    -30, -30, -30, -30, -30, -30, -30, -26, -26, -26, -26, -26, -26, -26, 
    -26, -26, -26, -22, -22, -22, -22, -22, -22, -22, -22, -22, -22, -18, 
    -18, -18, -18, -18, -18, -18, -18, -18, -18, -14, -14, -14, -14, -14, 
    -14, -14, -14, -14, -14 ;

 coordy = -40, -40, -36, -36, -40, -40, -36, -36, -32, -32, -32, -32, -28, 
    -28, -28, -28, -24, -24, -24, -24, -20, -20, -20, -20, -16, -16, -16, 
    -16, -12, -12, -12, -12, -8, -8, -8, -8, -4, -4, -4, -4, 
    -4.28626379701574e-16, -3.06161699786838e-16, -4.28626379701574e-16, 
    -3.06161699786838e-16, -40, -40, -36, -36, -32, -32, -28, -28, -24, -24, 
    -20, -20, -16, -16, -12, -12, -8, -8, -4, -4, -4.28626379701574e-16, 
    -3.06161699786838e-16, -40, -40, -36, -36, -32, -32, -28, -28, -24, -24, 
    -20, -20, -16, -16, -12, -12, -8, -8, -4, -4, -4.28626379701574e-16, 
    -3.06161699786838e-16, -40, -40, -36, -36, -32, -32, -28, -28, -24, -24, 
    -20, -20, -16, -16, -12, -12, -8, -8, -4, -4, -4.28626379701574e-16, 
    -3.06161699786838e-16, -40, -40, -36, -36, -32, -32, -28, -28, -24, -24, 
    -20, -20, -16, -16, -12, -12, -8, -8, -4, -4, -4.28626379701574e-16, 
    -3.06161699786838e-16, -40, -40, -36, -36, -32, -32, -28, -28, -24, -24, 
    -20, -20, -16, -16, -12, -12, -8, -8, -4, -4, -4.28626379701574e-16, 
    -3.06161699786838e-16, -40, -40, -36, -36, -32, -32, -28, -28, -24, -24, 
    -20, -20, -16, -16, -12, -12, -8, -8, -4, -4, -4.28626379701574e-16, 
    -3.06161699786838e-16, -40, -40, -36, -36, -32, -32, -28, -28, -24, -24, 
    -20, -20, -16, -16, -12, -12, -8, -8, -4, -4, -4.28626379701574e-16, 
    -3.06161699786838e-16, -40, -40, -36, -36, -32, -32, -28, -28, -24, -24, 
    -20, -20, -16, -16, -12, -12, -8, -8, -4, -4, -4.28626379701574e-16, 
    -3.06161699786838e-16, -40, -40, -36, -36, -32, -32, -28, -28, -24, -24, 
    -20, -20, -16, -16, -12, -12, -8, -8, -4, -4, -4.28626379701574e-16, 
    -3.06161699786838e-16, -40, -36, -40, -36, -40, -36, -40, -36, -40, -36, 
    -40, -36, -40, -36, -40, -36, -40, -36, -40, -36, -32, -32, -32, -32, 
    -32, -32, -32, -32, -32, -32, -28, -28, -28, -28, -28, -28, -28, -28, 
    -28, -28, -24, -24, -24, -24, -24, -24, -24, -24, -24, -24, -20, -20, 
    -20, -20, -20, -20, -20, -20, -20, -20, -16, -16, -16, -16, -16, -16, 
    -16, -16, -16, -16, -12, -12, -12, -12, -12, -12, -12, -12, -12, -12, -8, 
    -8, -8, -8, -8, -8, -8, -8, -8, -8, -4, -4, -4, -4, -4, -4, -4, -4, -4, 
    -4, -4.28626379701574e-16, -3.06161699786838e-16, -4.28626379701574e-16, 
    -3.06161699786838e-16, -4.28626379701574e-16, -3.06161699786838e-16, 
    -4.28626379701574e-16, -3.06161699786838e-16, -4.28626379701574e-16, 
    -3.06161699786838e-16, -4, -4.28626379701574e-16, -4, 
    -3.06161699786838e-16, -8, -8, -12, -12, -16, -16, -20, -20, -24, -24, 
    -28, -28, -32, -32, -36, -36, -40, -40, -4, -4.28626379701574e-16, -4, 
    -3.06161699786838e-16, -8, -8, -12, -12, -16, -16, -20, -20, -24, -24, 
    -28, -28, -32, -32, -36, -36, -40, -40, -4, -4.28626379701574e-16, -4, 
    -3.06161699786838e-16, -8, -8, -12, -12, -16, -16, -20, -20, -24, -24, 
    -28, -28, -32, -32, -36, -36, -40, -40, -4, -4.28626379701574e-16, -4, 
    -3.06161699786838e-16, -8, -8, -12, -12, -16, -16, -20, -20, -24, -24, 
    -28, -28, -32, -32, -36, -36, -40, -40, -4, -4.28626379701574e-16, -4, 
    -3.06161699786838e-16, -8, -8, -12, -12, -16, -16, -20, -20, -24, -24, 
    -28, -28, -32, -32, -36, -36, -40, -40, -4, -4.28626379701574e-16, -4, 
    -3.06161699786838e-16, -8, -8, -12, -12, -16, -16, -20, -20, -24, -24, 
    -28, -28, -32, -32, -36, -36, -40, -40, -4, -4.28626379701574e-16, -4, 
    -3.06161699786838e-16, -8, -8, -12, -12, -16, -16, -20, -20, -24, -24, 
    -28, -28, -32, -32, -36, -36, -40, -40, -4, -4.28626379701574e-16, -4, 
    -3.06161699786838e-16, -8, -8, -12, -12, -16, -16, -20, -20, -24, -24, 
    -28, -28, -32, -32, -36, -36, -40, -40, -4, -4.28626379701574e-16, -4, 
    -3.06161699786838e-16, -8, -8, -12, -12, -16, -16, -20, -20, -24, -24, 
    -28, -28, -32, -32, -36, -36, -40, -40, -4, -4.28626379701574e-16, -4, 
    -3.06161699786838e-16, -8, -8, -12, -12, -16, -16, -20, -20, -24, -24, 
    -28, -28, -32, -32, -36, -36, -40, -40, -40, -40, -36, -36, -40, -40, 
    -36, -36, -40, -36, -40, -36, -40, -36, -40, -36, -40, -36, -40, -36, 
    -40, -36, -40, -36, -40, -36, -40, -36, -40, -36, -40, -36, -40, -36, 
    -40, -36, -40, -36, -40, -36, -40, -36, -40, -36, -32, -32, -32, -32, 
    -32, -32, -32, -32, -32, -32, -32, -32, -32, -32, -32, -32, -32, -32, 
    -32, -32, -32, -32, -28, -28, -28, -28, -28, -28, -28, -28, -28, -28, 
    -28, -28, -28, -28, -28, -28, -28, -28, -28, -28, -28, -28, -24, -24, 
    -24, -24, -24, -24, -24, -24, -24, -24, -24, -24, -24, -24, -24, -24, 
    -24, -24, -24, -24, -24, -24, -20, -20, -20, -20, -20, -20, -20, -20, 
    -20, -20, -20, -20, -20, -20, -20, -20, -20, -20, -20, -20, -20, -20, 
    -16, -16, -16, -16, -16, -16, -16, -16, -16, -16, -16, -16, -16, -16, 
    -16, -16, -16, -16, -16, -16, -16, -16, -12, -12, -12, -12, -12, -12, 
    -12, -12, -12, -12, -12, -12, -12, -12, -12, -12, -12, -12, -12, -12, 
    -12, -12, -8, -8, -8, -8, -8, -8, -8, -8, -8, -8, -8, -8, -8, -8, -8, -8, 
    -8, -8, -8, -8, -8, -8, -4, -4, -4, -4, -4, -4, -4, -4, -4, -4, -4, -4, 
    -4, -4, -4, -4, -4, -4, -4, -4, -4, -4, 3.06161699786838e-16, 
    3.06161699786838e-16, 1.02053899928946e-16, 1.02053899928946e-16, 
    3.06161699786838e-16, 1.02053899928946e-16, 3.06161699786838e-16, 
    1.02053899928946e-16, 3.06161699786838e-16, 1.02053899928946e-16, 
    3.06161699786838e-16, 1.02053899928946e-16, 3.06161699786838e-16, 
    1.02053899928946e-16, 3.06161699786838e-16, 1.02053899928946e-16, 
    3.06161699786838e-16, 1.02053899928946e-16, 3.06161699786838e-16, 
    1.02053899928946e-16, 3.06161699786838e-16, 1.02053899928946e-16, -40, 
    -40, -36, -36, -40, -36, -40, -36, -40, -36, -40, -36, -40, -36, -40, 
    -36, -40, -36, -40, -36, -40, -36, -32, -32, -32, -32, -32, -32, -32, 
    -32, -32, -32, -32, -28, -28, -28, -28, -28, -28, -28, -28, -28, -28, 
    -28, -24, -24, -24, -24, -24, -24, -24, -24, -24, -24, -24, -20, -20, 
    -20, -20, -20, -20, -20, -20, -20, -20, -20, -16, -16, -16, -16, -16, 
    -16, -16, -16, -16, -16, -16, -12, -12, -12, -12, -12, -12, -12, -12, 
    -12, -12, -12, -8, -8, -8, -8, -8, -8, -8, -8, -8, -8, -8, -4, -4, -4, 
    -4, -4, -4, -4, -4, -4, -4, -4, -1.02053899928946e-16, 
    -1.02053899928946e-16, -1.02053899928946e-16, -1.02053899928946e-16, 
    -1.02053899928946e-16, -1.02053899928946e-16, -1.02053899928946e-16, 
    -1.02053899928946e-16, -1.02053899928946e-16, -1.02053899928946e-16, 
    -1.02053899928946e-16, -40, -36, -40, -36, -40, -36, -40, -36, -40, -36, 
    -40, -36, -32, -32, -32, -32, -32, -32, -28, -28, -28, -28, -28, -28, 
    -24, -24, -24, -24, -24, -24, -20, -20, -20, -20, -20, -20, -16, -16, 
    -16, -16, -16, -16, -12, -12, -12, -12, -12, -12, -8, -8, -8, -8, -8, -8, 
    -4, -4, -4, -4, -4, -4, -1.02053899928946e-16, -1.02053899928946e-16, 
    1.02053899928946e-16, 1.02053899928946e-16, 3.06161699786838e-16, 
    3.06161699786838e-16, -40, -36, -40, -36, -40, -36, -32, -32, -32, -28, 
    -28, -28, -24, -24, -24, -20, -20, -20, -16, -16, -16, -12, -12, -12, -8, 
    -8, -8, -4, -4, -4, -1.02053899928946e-16, 1.02053899928946e-16, 
    3.06161699786838e-16, -40, -36, -40, -36, -40, -36, -32, -32, -32, -28, 
    -28, -28, -24, -24, -24, -20, -20, -20, -16, -16, -16, -12, -12, -12, -8, 
    -8, -8, -4, -4, -4, -1.02053899928946e-16, 1.02053899928946e-16, 
    3.06161699786838e-16, -40, -36, -40, -36, -40, -36, -32, -32, -32, -28, 
    -28, -28, -24, -24, -24, -20, -20, -20, -16, -16, -16, -12, -12, -12, -8, 
    -8, -8, -4, -4, -4, -1.02053899928946e-16, 1.02053899928946e-16, 
    3.06161699786838e-16, -40, -36, -40, -36, -40, -36, -40, -36, -40, -36, 
    -40, -36, -40, -36, -40, -36, -40, -36, -40, -36, -40, -36, -40, -36, 
    -40, -36, -40, -36, -40, -36, -40, -36, -40, -36, -40, -36, -40, -36, 
    -40, -36, -40, -36, -40, -36, -40, -36, -40, -36, -40, -36, -40, -36, 
    -40, -36, -40, -36, -40, -36, -40, -36, -32, -32, -32, -32, -32, -32, 
    -32, -32, -32, -32, -32, -32, -32, -32, -32, -32, -32, -32, -32, -32, 
    -32, -32, -32, -32, -32, -32, -32, -32, -32, -32, -28, -28, -28, -28, 
    -28, -28, -28, -28, -28, -28, -28, -28, -28, -28, -28, -28, -28, -28, 
    -28, -28, -28, -28, -28, -28, -28, -28, -28, -28, -28, -28, -24, -24, 
    -24, -24, -24, -24, -24, -24, -24, -24, -24, -24, -24, -24, -24, -24, 
    -24, -24, -24, -24, -24, -24, -24, -24, -24, -24, -24, -24, -24, -24, 
    -20, -20, -20, -20, -20, -20, -20, -20, -20, -20, -20, -20, -20, -20, 
    -20, -20, -20, -20, -20, -20, -20, -20, -20, -20, -20, -20, -20, -20, 
    -20, -20, -16, -16, -16, -16, -16, -16, -16, -16, -16, -16, -16, -16, 
    -16, -16, -16, -16, -16, -16, -16, -16, -16, -16, -16, -16, -16, -16, 
    -16, -16, -16, -16, -12, -12, -12, -12, -12, -12, -12, -12, -12, -12, 
    -12, -12, -12, -12, -12, -12, -12, -12, -12, -12, -12, -12, -12, -12, 
    -12, -12, -12, -12, -12, -12, -8, -8, -8, -8, -8, -8, -8, -8, -8, -8, -8, 
    -8, -8, -8, -8, -8, -8, -8, -8, -8, -8, -8, -8, -8, -8, -8, -8, -8, -8, 
    -8, -4, -4, -4, -4, -4, -4, -4, -4, -4, -4, -4, -4, -4, -4, -4, -4, -4, 
    -4, -4, -4, -4, -4, -4, -4, -4, -4, -4, -4, -4, -4, 
    -1.02053899928946e-16, 1.02053899928946e-16, 3.06161699786838e-16, 
    -1.02053899928946e-16, 1.02053899928946e-16, 3.06161699786838e-16, 
    -1.02053899928946e-16, 1.02053899928946e-16, 3.06161699786838e-16, 
    -1.02053899928946e-16, 1.02053899928946e-16, 3.06161699786838e-16, 
    -1.02053899928946e-16, 1.02053899928946e-16, 3.06161699786838e-16, 
    -1.02053899928946e-16, 1.02053899928946e-16, 3.06161699786838e-16, 
    -1.02053899928946e-16, 1.02053899928946e-16, 3.06161699786838e-16, 
    -1.02053899928946e-16, 1.02053899928946e-16, 3.06161699786838e-16, 
    -1.02053899928946e-16, 1.02053899928946e-16, 3.06161699786838e-16, 
    -1.02053899928946e-16, 1.02053899928946e-16, 3.06161699786838e-16, -40, 
    -36, -36, -40, -40, -36, -36, -40, -32, -32, -32, -32, -28, -28, -28, 
    -28, -24, -24, -24, -24, -20, -20, -20, -20, -16, -16, -16, -16, -12, 
    -12, -12, -12, -8, -8, -8, -8, -4, -4, -4, -4, 2.75545529808154e-15, 
    2.75545529808154e-15, 2.51052593825207e-15, 2.51052593825207e-15, -36, 
    -40, -36, -40, -32, -32, -28, -28, -24, -24, -20, -20, -16, -16, -12, 
    -12, -8, -8, -4, -4, 2.75545529808154e-15, 2.51052593825207e-15, -36, 
    -40, -36, -40, -32, -32, -28, -28, -24, -24, -20, -20, -16, -16, -12, 
    -12, -8, -8, -4, -4, 2.75545529808154e-15, 2.51052593825207e-15, -36, 
    -40, -36, -40, -32, -32, -28, -28, -24, -24, -20, -20, -16, -16, -12, 
    -12, -8, -8, -4, -4, 2.75545529808154e-15, 2.51052593825207e-15, -36, 
    -40, -36, -40, -32, -32, -28, -28, -24, -24, -20, -20, -16, -16, -12, 
    -12, -8, -8, -4, -4, 2.75545529808154e-15, 2.51052593825207e-15, -36, 
    -40, -36, -40, -32, -32, -28, -28, -24, -24, -20, -20, -16, -16, -12, 
    -12, -8, -8, -4, -4, 2.75545529808154e-15, 2.51052593825207e-15, -36, 
    -40, -36, -40, -32, -32, -28, -28, -24, -24, -20, -20, -16, -16, -12, 
    -12, -8, -8, -4, -4, 2.75545529808154e-15, 2.51052593825207e-15, -36, 
    -40, -36, -40, -32, -32, -28, -28, -24, -24, -20, -20, -16, -16, -12, 
    -12, -8, -8, -4, -4, 2.75545529808154e-15, 2.51052593825207e-15, -36, 
    -40, -36, -40, -32, -32, -28, -28, -24, -24, -20, -20, -16, -16, -12, 
    -12, -8, -8, -4, -4, 2.75545529808154e-15, 2.51052593825207e-15, -36, 
    -40, -36, -40, -32, -32, -28, -28, -24, -24, -20, -20, -16, -16, -12, 
    -12, -8, -8, -4, -4, 2.75545529808154e-15, 2.51052593825207e-15, -40, 
    -36, -36, -40, -32, -32, -28, -28, -24, -24, -20, -20, -16, -16, -12, 
    -12, -8, -8, -4, -4, 2.2655965784226e-15, 2.2655965784226e-15, -36, -40, 
    -32, -28, -24, -20, -16, -12, -8, -4, 2.2655965784226e-15, -36, -40, -32, 
    -28, -24, -20, -16, -12, -8, -4, 2.2655965784226e-15, -36, -40, -32, -28, 
    -24, -20, -16, -12, -8, -4, 2.2655965784226e-15, -36, -40, -32, -28, -24, 
    -20, -16, -12, -8, -4, 2.2655965784226e-15, -36, -40, -32, -28, -24, -20, 
    -16, -12, -8, -4, 2.2655965784226e-15, -36, -40, -32, -28, -24, -20, -16, 
    -12, -8, -4, 2.2655965784226e-15, -36, -40, -32, -28, -24, -20, -16, -12, 
    -8, -4, 2.2655965784226e-15, -36, -40, -32, -28, -24, -20, -16, -12, -8, 
    -4, 2.2655965784226e-15, -36, -40, -32, -28, -24, -20, -16, -12, -8, -4, 
    2.2655965784226e-15, -40, -36, -36, -40, -32, -32, -28, -28, -24, -24, 
    -20, -20, -16, -16, -12, -12, -8, -8, -4, -4, 2.02066721859313e-15, 
    2.02066721859313e-15, -36, -40, -32, -28, -24, -20, -16, -12, -8, -4, 
    2.02066721859313e-15, -36, -40, -32, -28, -24, -20, -16, -12, -8, -4, 
    2.02066721859313e-15, -36, -40, -32, -28, -24, -20, -16, -12, -8, -4, 
    2.02066721859313e-15, -36, -40, -32, -28, -24, -20, -16, -12, -8, -4, 
    2.02066721859313e-15, -36, -40, -32, -28, -24, -20, -16, -12, -8, -4, 
    2.02066721859313e-15, -36, -40, -32, -28, -24, -20, -16, -12, -8, -4, 
    2.02066721859313e-15, -36, -40, -32, -28, -24, -20, -16, -12, -8, -4, 
    2.02066721859313e-15, -36, -40, -32, -28, -24, -20, -16, -12, -8, -4, 
    2.02066721859313e-15, -36, -40, -32, -28, -24, -20, -16, -12, -8, -4, 
    2.02066721859313e-15, -40, -36, -36, -40, -32, -32, -28, -28, -24, -24, 
    -20, -20, -16, -16, -12, -12, -8, -8, -4, -4, 1.77573785876366e-15, 
    1.77573785876366e-15, -36, -40, -32, -28, -24, -20, -16, -12, -8, -4, 
    1.77573785876366e-15, -36, -40, -32, -28, -24, -20, -16, -12, -8, -4, 
    1.77573785876366e-15, -36, -40, -32, -28, -24, -20, -16, -12, -8, -4, 
    1.77573785876366e-15, -36, -40, -32, -28, -24, -20, -16, -12, -8, -4, 
    1.77573785876366e-15, -36, -40, -32, -28, -24, -20, -16, -12, -8, -4, 
    1.77573785876366e-15, -36, -40, -32, -28, -24, -20, -16, -12, -8, -4, 
    1.77573785876366e-15, -36, -40, -32, -28, -24, -20, -16, -12, -8, -4, 
    1.77573785876366e-15, -36, -40, -32, -28, -24, -20, -16, -12, -8, -4, 
    1.77573785876366e-15, -36, -40, -32, -28, -24, -20, -16, -12, -8, -4, 
    1.77573785876366e-15, -40, -36, -36, -40, -32, -32, -28, -28, -24, -24, 
    -20, -20, -16, -16, -12, -12, -8, -8, -4, -4, 1.53080849893419e-15, 
    1.53080849893419e-15, -36, -40, -32, -28, -24, -20, -16, -12, -8, -4, 
    1.53080849893419e-15, -36, -40, -32, -28, -24, -20, -16, -12, -8, -4, 
    1.53080849893419e-15, -36, -40, -32, -28, -24, -20, -16, -12, -8, -4, 
    1.53080849893419e-15, -36, -40, -32, -28, -24, -20, -16, -12, -8, -4, 
    1.53080849893419e-15, -36, -40, -32, -28, -24, -20, -16, -12, -8, -4, 
    1.53080849893419e-15, -36, -40, -32, -28, -24, -20, -16, -12, -8, -4, 
    1.53080849893419e-15, -36, -40, -32, -28, -24, -20, -16, -12, -8, -4, 
    1.53080849893419e-15, -36, -40, -32, -28, -24, -20, -16, -12, -8, -4, 
    1.53080849893419e-15, -36, -40, -32, -28, -24, -20, -16, -12, -8, -4, 
    1.53080849893419e-15, -40, -36, -36, -40, -32, -32, -28, -28, -24, -24, 
    -20, -20, -16, -16, -12, -12, -8, -8, -4, -4, 1.28587913910472e-15, 
    1.28587913910472e-15, -36, -40, -32, -28, -24, -20, -16, -12, -8, -4, 
    1.28587913910472e-15, -36, -40, -32, -28, -24, -20, -16, -12, -8, -4, 
    1.28587913910472e-15, -36, -40, -32, -28, -24, -20, -16, -12, -8, -4, 
    1.28587913910472e-15, -36, -40, -32, -28, -24, -20, -16, -12, -8, -4, 
    1.28587913910472e-15, -36, -40, -32, -28, -24, -20, -16, -12, -8, -4, 
    1.28587913910472e-15, -36, -40, -32, -28, -24, -20, -16, -12, -8, -4, 
    1.28587913910472e-15, -36, -40, -32, -28, -24, -20, -16, -12, -8, -4, 
    1.28587913910472e-15, -36, -40, -32, -28, -24, -20, -16, -12, -8, -4, 
    1.28587913910472e-15, -36, -40, -32, -28, -24, -20, -16, -12, -8, -4, 
    1.28587913910472e-15, -40, -36, -36, -40, -32, -32, -28, -28, -24, -24, 
    -20, -20, -16, -16, -12, -12, -8, -8, -4, -4, 1.04094977927525e-15, 
    1.04094977927525e-15, -36, -40, -32, -28, -24, -20, -16, -12, -8, -4, 
    1.04094977927525e-15, -36, -40, -32, -28, -24, -20, -16, -12, -8, -4, 
    1.04094977927525e-15, -36, -40, -32, -28, -24, -20, -16, -12, -8, -4, 
    1.04094977927525e-15, -36, -40, -32, -28, -24, -20, -16, -12, -8, -4, 
    1.04094977927525e-15, -36, -40, -32, -28, -24, -20, -16, -12, -8, -4, 
    1.04094977927525e-15, -36, -40, -32, -28, -24, -20, -16, -12, -8, -4, 
    1.04094977927525e-15, -36, -40, -32, -28, -24, -20, -16, -12, -8, -4, 
    1.04094977927525e-15, -36, -40, -32, -28, -24, -20, -16, -12, -8, -4, 
    1.04094977927525e-15, -36, -40, -32, -28, -24, -20, -16, -12, -8, -4, 
    1.04094977927525e-15, -40, -36, -36, -40, -32, -32, -28, -28, -24, -24, 
    -20, -20, -16, -16, -12, -12, -8, -8, -4, -4, 7.96020419445779e-16, 
    7.96020419445779e-16, -36, -40, -32, -28, -24, -20, -16, -12, -8, -4, 
    7.96020419445779e-16, -36, -40, -32, -28, -24, -20, -16, -12, -8, -4, 
    7.96020419445779e-16, -36, -40, -32, -28, -24, -20, -16, -12, -8, -4, 
    7.96020419445779e-16, -36, -40, -32, -28, -24, -20, -16, -12, -8, -4, 
    7.96020419445779e-16, -36, -40, -32, -28, -24, -20, -16, -12, -8, -4, 
    7.96020419445779e-16, -36, -40, -32, -28, -24, -20, -16, -12, -8, -4, 
    7.96020419445779e-16, -36, -40, -32, -28, -24, -20, -16, -12, -8, -4, 
    7.9602041944578e-16, -36, -40, -32, -28, -24, -20, -16, -12, -8, -4, 
    7.96020419445779e-16, -36, -40, -32, -28, -24, -20, -16, -12, -8, -4, 
    7.96020419445779e-16, -40, -36, -36, -40, -32, -32, -28, -28, -24, -24, 
    -20, -20, -16, -16, -12, -12, -8, -8, -4, -4, 5.51091059616309e-16, 
    5.51091059616309e-16, -36, -40, -32, -28, -24, -20, -16, -12, -8, -4, 
    5.51091059616309e-16, -36, -40, -32, -28, -24, -20, -16, -12, -8, -4, 
    5.51091059616309e-16, -36, -40, -32, -28, -24, -20, -16, -12, -8, -4, 
    5.51091059616309e-16, -36, -40, -32, -28, -24, -20, -16, -12, -8, -4, 
    5.51091059616309e-16, -36, -40, -32, -28, -24, -20, -16, -12, -8, -4, 
    5.51091059616309e-16, -36, -40, -32, -28, -24, -20, -16, -12, -8, -4, 
    5.51091059616309e-16, -36, -40, -32, -28, -24, -20, -16, -12, -8, -4, 
    5.51091059616309e-16, -36, -40, -32, -28, -24, -20, -16, -12, -8, -4, 
    5.51091059616309e-16, -36, -40, -32, -28, -24, -20, -16, -12, -8, -4, 
    5.51091059616309e-16, -4, 5.51091059616309e-16, -4, 5.51091059616309e-16, 
    -8, -8, -12, -12, -16, -16, -20, -20, -24, -24, -28, -28, -32, -32, -36, 
    -36, -40, -40, -4, 7.96020419445779e-16, -4, 7.9602041944578e-16, -8, -8, 
    -12, -12, -16, -16, -20, -20, -24, -24, -28, -28, -32, -32, -36, -36, 
    -40, -40, -4, 1.04094977927525e-15, -4, 1.04094977927525e-15, -8, -8, 
    -12, -12, -16, -16, -20, -20, -24, -24, -28, -28, -32, -32, -36, -36, 
    -40, -40, -4, 1.28587913910472e-15, -4, 1.28587913910472e-15, -8, -8, 
    -12, -12, -16, -16, -20, -20, -24, -24, -28, -28, -32, -32, -36, -36, 
    -40, -40, -4, 1.53080849893419e-15, -4, 1.53080849893419e-15, -8, -8, 
    -12, -12, -16, -16, -20, -20, -24, -24, -28, -28, -32, -32, -36, -36, 
    -40, -40, -4, 1.77573785876366e-15, -4, 1.77573785876366e-15, -8, 
    -7.99999999999999, -12, -12, -16, -16, -20, -20, -24, -24, -28, -28, -32, 
    -32, -36, -36, -40, -40, -4, 2.02066721859313e-15, -4, 
    2.02066721859313e-15, -8, -7.99999999999999, -12, -12, -16, -16, -20, 
    -20, -24, -24, -28, -28, -32, -32, -36, -36, -40, -40, -4, 
    2.2655965784226e-15, -4, 2.2655965784226e-15, -8, -8, -12, -12, -16, -16, 
    -20, -20, -24, -24, -28, -28, -32, -32, -36, -36, -40, -40, -4, 
    2.51052593825207e-15, -4, 2.51052593825207e-15, -8, -8, -12, -12, -16, 
    -16, -20, -20, -24, -24, -28, -28, -32, -32, -36, -36, -40, -40, -4, 
    2.75545529808154e-15, -4, 2.75545529808154e-15, -8, -8, -12, -12, -16, 
    -16, -20, -20, -24, -24, -28, -28, -32, -32, -36, -36, -40, -40, -4, 
    5.51091059616309e-16, -8, -12, -16, -20, -24, -28, -32, -36, -40, -4, 
    7.96020419445779e-16, -8, -12, -16, -20, -24, -28, -32, -36, -40, -4, 
    1.04094977927525e-15, -7.99999999999999, -12, -16, -20, -24, -28, -32, 
    -36, -40, -4, 1.28587913910472e-15, -8, -12, -16, -20, -24, -28, -32, 
    -36, -40, -4, 1.53080849893419e-15, -8, -12, -16, -20, -24, -28, -32, 
    -36, -40, -4, 1.77573785876366e-15, -8, -12, -16, -20, -24, -28, -32, 
    -36, -40, -4, 2.02066721859313e-15, -8, -12, -16, -20, -24, -28, -32, 
    -36, -40, -4, 2.2655965784226e-15, -8, -12, -16, -20, -24, -28, -32, -36, 
    -40, -4, 2.51052593825207e-15, -8, -12, -16, -20, -24, -28, -32, -36, 
    -40, -4, 2.75545529808154e-15, -7.99999999999999, -12, -16, -20, -24, 
    -28, -32, -36, -40, -4, 5.51091059616309e-16, -7.99999999999999, -12, 
    -16, -20, -24, -28, -32, -36, -40, -4, 7.96020419445779e-16, -8, -12, 
    -16, -20, -24, -28, -32, -36, -40, -4, 1.04094977927525e-15, -8, -12, 
    -16, -20, -24, -28, -32, -36, -40, -4, 1.28587913910472e-15, -8, -12, 
    -16, -20, -24, -28, -32, -36, -40, -4, 1.53080849893419e-15, 
    -7.99999999999999, -12, -16, -20, -24, -28, -32, -36, -40, -4, 
    1.77573785876366e-15, -8, -12, -16, -20, -24, -28, -32, -36, -40, -4, 
    2.02066721859313e-15, -8, -12, -16, -20, -24, -28, -32, -36, -40, -4, 
    2.2655965784226e-15, -8, -12, -16, -20, -24, -28, -32, -36, -40, -4, 
    2.51052593825207e-15, -8, -12, -16, -20, -24, -28, -32, -36, -40, -4, 
    2.75545529808154e-15, -8, -12, -16, -20, -24, -28, -32, -36, -40, -4, 
    5.51091059616309e-16, -7.99999999999999, -12, -16, -20, -24, -28, -32, 
    -36, -40, -4, 7.96020419445779e-16, -8, -12, -16, -20, -24, -28, -32, 
    -36, -40, -4, 1.04094977927525e-15, -8, -12, -16, -20, -24, -28, -32, 
    -36, -40, -4, 1.28587913910472e-15, -7.99999999999999, -12, -16, -20, 
    -24, -28, -32, -36, -40, -4, 1.53080849893419e-15, -7.99999999999999, 
    -12, -16, -20, -24, -28, -32, -36, -40, -4, 1.77573785876366e-15, -8, 
    -12, -16, -20, -24, -28, -32, -36, -40, -4, 2.02066721859313e-15, 
    -7.99999999999999, -12, -16, -20, -24, -28, -32, -36, -40, -4, 
    2.2655965784226e-15, -7.99999999999999, -12, -16, -20, -24, -28, -32, 
    -36, -40, -4, 2.51052593825207e-15, -7.99999999999999, -12, -16, -20, 
    -24, -28, -32, -36, -40, -4, 2.75545529808154e-15, -7.99999999999999, 
    -12, -16, -20, -24, -28, -32, -36, -40, -40, -36, -40, -36, -40, -36, 
    -40, -36, -40, -36, -40, -36, -40, -36, -40, -36, -40, -36, -40, -36, 
    -40, -36, -40, -36, -40, -36, -40, -36, -40, -36, -40, -36, -40, -36, 
    -40, -36, -40, -36, -40, -36, -40, -36, -40, -36, -40, -36, -40, -36, 
    -40, -36, -40, -36, -40, -36, -40, -36, -40, -36, -40, -36, -40, -36, 
    -40, -36, -40, -36, -40, -36, -40, -36, -40, -36, -40, -36, -40, -36, 
    -40, -36, -40, -36, -40, -36, -40, -36, -40, -36, -40, -36, -40, -36, 
    -40, -36, -40, -36, -40, -36, -40, -36, -40, -36, -40, -36, -40, -36, 
    -40, -36, -40, -36, -40, -36, -40, -36, -40, -36, -40, -36, -40, -36, 
    -40, -36, -40, -36, -40, -36, -40, -36, -40, -36, -40, -36, -40, -36, 
    -40, -36, -40, -36, -40, -36, -40, -36, -40, -36, -40, -36, -40, -36, 
    -40, -36, -40, -36, -40, -36, -40, -36, -40, -36, -40, -36, -40, -36, 
    -40, -36, -40, -36, -40, -36, -40, -36, -40, -36, -40, -36, -40, -36, 
    -40, -36, -40, -36, -40, -36, -40, -36, -40, -36, -40, -36, -40, -36, 
    -40, -36, -40, -36, -40, -36, -40, -36, -40, -36, -40, -36, -32, -32, 
    -32, -32, -32, -32, -32, -32, -32, -32, -32, -32, -32, -32, -32, -32, 
    -32, -32, -32, -32, -32, -32, -32, -32, -32, -32, -32, -32, -32, -32, 
    -32, -32, -32, -32, -32, -32, -32, -32, -32, -32, -32, -32, -32, -32, 
    -32, -32, -32, -32, -32, -32, -32, -32, -32, -32, -32, -32, -32, -32, 
    -32, -32, -32, -32, -32, -32, -32, -32, -32, -32, -32, -32, -32, -32, 
    -32, -32, -32, -32, -32, -32, -32, -32, -32, -32, -32, -32, -32, -32, 
    -32, -32, -32, -32, -32, -32, -32, -32, -32, -32, -32, -32, -32, -32, 
    -28, -28, -28, -28, -28, -28, -28, -28, -28, -28, -28, -28, -28, -28, 
    -28, -28, -28, -28, -28, -28, -28, -28, -28, -28, -28, -28, -28, -28, 
    -28, -28, -28, -28, -28, -28, -28, -28, -28, -28, -28, -28, -28, -28, 
    -28, -28, -28, -28, -28, -28, -28, -28, -28, -28, -28, -28, -28, -28, 
    -28, -28, -28, -28, -28, -28, -28, -28, -28, -28, -28, -28, -28, -28, 
    -28, -28, -28, -28, -28, -28, -28, -28, -28, -28, -28, -28, -28, -28, 
    -28, -28, -28, -28, -28, -28, -28, -28, -28, -28, -28, -28, -28, -28, 
    -28, -28, -24, -24, -24, -24, -24, -24, -24, -24, -24, -24, -24, -24, 
    -24, -24, -24, -24, -24, -24, -24, -24, -24, -24, -24, -24, -24, -24, 
    -24, -24, -24, -24, -24, -24, -24, -24, -24, -24, -24, -24, -24, -24, 
    -24, -24, -24, -24, -24, -24, -24, -24, -24, -24, -24, -24, -24, -24, 
    -24, -24, -24, -24, -24, -24, -24, -24, -24, -24, -24, -24, -24, -24, 
    -24, -24, -24, -24, -24, -24, -24, -24, -24, -24, -24, -24, -24, -24, 
    -24, -24, -24, -24, -24, -24, -24, -24, -24, -24, -24, -24, -24, -24, 
    -24, -24, -24, -24, -20, -20, -20, -20, -20, -20, -20, -20, -20, -20, 
    -20, -20, -20, -20, -20, -20, -20, -20, -20, -20, -20, -20, -20, -20, 
    -20, -20, -20, -20, -20, -20, -20, -20, -20, -20, -20, -20, -20, -20, 
    -20, -20, -20, -20, -20, -20, -20, -20, -20, -20, -20, -20, -20, -20, 
    -20, -20, -20, -20, -20, -20, -20, -20, -20, -20, -20, -20, -20, -20, 
    -20, -20, -20, -20, -20, -20, -20, -20, -20, -20, -20, -20, -20, -20, 
    -20, -20, -20, -20, -20, -20, -20, -20, -20, -20, -20, -20, -20, -20, 
    -20, -20, -20, -20, -20, -20, -16, -16, -16, -16, -16, -16, -16, -16, 
    -16, -16, -16, -16, -16, -16, -16, -16, -16, -16, -16, -16, -16, -16, 
    -16, -16, -16, -16, -16, -16, -16, -16, -16, -16, -16, -16, -16, -16, 
    -16, -16, -16, -16, -16, -16, -16, -16, -16, -16, -16, -16, -16, -16, 
    -16, -16, -16, -16, -16, -16, -16, -16, -16, -16, -16, -16, -16, -16, 
    -16, -16, -16, -16, -16, -16, -16, -16, -16, -16, -16, -16, -16, -16, 
    -16, -16, -16, -16, -16, -16, -16, -16, -16, -16, -16, -16, -16, -16, 
    -16, -16, -16, -16, -16, -16, -16, -16, -12, -12, -12, -12, -12, -12, 
    -12, -12, -12, -12, -12, -12, -12, -12, -12, -12, -12, -12, -12, -12, 
    -12, -12, -12, -12, -12, -12, -12, -12, -12, -12, -12, -12, -12, -12, 
    -12, -12, -12, -12, -12, -12, -12, -12, -12, -12, -12, -12, -12, -12, 
    -12, -12, -12, -12, -12, -12, -12, -12, -12, -12, -12, -12, -12, -12, 
    -12, -12, -12, -12, -12, -12, -12, -12, -12, -12, -12, -12, -12, -12, 
    -12, -12, -12, -12, -12, -12, -12, -12, -12, -12, -12, -12, -12, -12, 
    -12, -12, -12, -12, -12, -12, -12, -12, -12, -12, -8, -8, -8, -8, -8, -8, 
    -8, -8, -8, -8, -8, -8, -8, -8, -7.99999999999999, -7.99999999999999, -8, 
    -7.99999999999999, -8, -7.99999999999999, -8, -8, -8, -8, -8, -8, -8, -8, 
    -8, -8, -8, -8, -8, -8, -8, -8, -8, -8, -8, -8, -8, -8, -8, -8, -8, -8, 
    -8, -8, -8, -8, -8, -8, -8, -8, -7.99999999999999, -7.99999999999999, 
    -7.99999999999999, -8, -8, -7.99999999999999, -8, -8, -8, -8, -8, -8, -8, 
    -8, -8, -7.99999999999999, -8, -8, -8, -8, -7.99999999999999, -8, -8, -8, 
    -8, -8, -8, -8, -8, -8, -8, -8, -8, -8, -8, -8, -8, -8, -8, -8, -8, -8, 
    -8, -8, -8, -8, -4, -4, -4, -4, -4, -4, -4, -4, -4, -4, -4, -4, -4, -4, 
    -4, -4, -4, -4, -4, -4, -4, -4, -4, -4, -4, -4, -4, -4, -4, -4, -4, -4, 
    -4, -4, -4, -4, -4, -4, -4, -4, -4, -4, -4, -4, -4, -4, -4, -4, -4, -4, 
    -4, -4, -4, -4, -4, -4, -4, -4, -4, -4, -4, -4, -4, -4, -4, -4, -4, -4, 
    -4, -4, -4, -4, -4, -4, -4, -4, -4, -4, -4, -4, -4, -4, -4, -4, -4, -4, 
    -4, -4, -4, -4, -4, -4, -4, -4, -4, -4, -4, -4, -4, -4, 
    5.51091059616309e-16, 7.96020419445779e-16, 1.04094977927525e-15, 
    1.28587913910472e-15, 1.53080849893419e-15, 1.77573785876366e-15, 
    2.02066721859313e-15, 2.2655965784226e-15, 2.51052593825207e-15, 
    2.75545529808154e-15, 5.51091059616309e-16, 7.96020419445779e-16, 
    1.04094977927525e-15, 1.28587913910472e-15, 1.53080849893419e-15, 
    1.77573785876366e-15, 2.02066721859313e-15, 2.2655965784226e-15, 
    2.51052593825207e-15, 2.75545529808154e-15, 5.51091059616309e-16, 
    7.96020419445779e-16, 1.04094977927525e-15, 1.28587913910472e-15, 
    1.53080849893419e-15, 1.77573785876366e-15, 2.02066721859313e-15, 
    2.2655965784226e-15, 2.51052593825207e-15, 2.75545529808154e-15, 
    5.51091059616309e-16, 7.96020419445779e-16, 1.04094977927525e-15, 
    1.28587913910472e-15, 1.53080849893419e-15, 1.77573785876366e-15, 
    2.02066721859313e-15, 2.2655965784226e-15, 2.51052593825207e-15, 
    2.75545529808154e-15, 5.51091059616309e-16, 7.96020419445779e-16, 
    1.04094977927525e-15, 1.28587913910472e-15, 1.53080849893419e-15, 
    1.77573785876366e-15, 2.02066721859313e-15, 2.2655965784226e-15, 
    2.51052593825207e-15, 2.75545529808154e-15, 5.51091059616309e-16, 
    7.96020419445779e-16, 1.04094977927525e-15, 1.28587913910472e-15, 
    1.53080849893419e-15, 1.77573785876366e-15, 2.02066721859313e-15, 
    2.2655965784226e-15, 2.51052593825207e-15, 2.75545529808154e-15, 
    5.51091059616309e-16, 7.96020419445779e-16, 1.04094977927525e-15, 
    1.28587913910472e-15, 1.53080849893419e-15, 1.77573785876366e-15, 
    2.02066721859313e-15, 2.2655965784226e-15, 2.51052593825207e-15, 
    2.75545529808154e-15, 5.51091059616309e-16, 7.9602041944578e-16, 
    1.04094977927525e-15, 1.28587913910472e-15, 1.53080849893419e-15, 
    1.77573785876366e-15, 2.02066721859313e-15, 2.2655965784226e-15, 
    2.51052593825207e-15, 2.75545529808154e-15, 5.51091059616309e-16, 
    7.96020419445779e-16, 1.04094977927525e-15, 1.28587913910472e-15, 
    1.53080849893419e-15, 1.77573785876366e-15, 2.02066721859313e-15, 
    2.2655965784226e-15, 2.51052593825207e-15, 2.75545529808154e-15, 
    5.51091059616309e-16, 7.96020419445779e-16, 1.04094977927525e-15, 
    1.28587913910472e-15, 1.53080849893419e-15, 1.77573785876366e-15, 
    2.02066721859313e-15, 2.2655965784226e-15, 2.51052593825207e-15, 
    2.75545529808154e-15, 4, 4, 4, 4, 8, 8, 8, 8, 12, 12, 12, 12, 16, 16, 16, 
    16, 20, 20, 20, 20, 24, 24, 24, 24, 28, 28, 28, 28, 32, 32, 32, 32, 36, 
    36, 36, 36, 40, 40, 40, 40, 4, 4, 8, 8, 12, 12, 16, 16, 20, 20, 24, 24, 
    28, 28, 32, 32, 36, 36, 40, 40, 4, 4, 8, 8, 12, 12, 16, 16, 20, 20, 24, 
    24, 28, 28, 32, 32, 36, 36, 40, 40, 4, 4, 8, 8, 12, 12, 16, 16, 20, 20, 
    24, 24, 28, 28, 32, 32, 36, 36, 40, 40, 4, 4, 8, 8, 12, 12, 16, 16, 20, 
    20, 24, 24, 28, 28, 32, 32, 36, 36, 40, 40, 4, 4, 8, 8, 12, 12, 16, 16, 
    20, 20, 24, 24, 28, 28, 32, 32, 36, 36, 40, 40, 4, 4, 8, 8, 12, 12, 16, 
    16, 20, 20, 24, 24, 28, 28, 32, 32, 36, 36, 40, 40, 4, 4, 8, 8, 12, 12, 
    16, 16, 20, 20, 24, 24, 28, 28, 32, 32, 36, 36, 40, 40, 4, 4, 8, 8, 12, 
    12, 16, 16, 20, 20, 24, 24, 28, 28, 32, 32, 36, 36, 40, 40, 4, 4, 8, 8, 
    12, 12, 16, 16, 20, 20, 24, 24, 28, 28, 32, 32, 36, 36, 40, 40, 4, 4, 4, 
    4, 4, 4, 4, 4, 4, 4, 8, 8, 8, 8, 8, 8, 8, 8, 8, 8, 12, 12, 12, 12, 12, 
    12, 12, 12, 12, 12, 16, 16, 16, 16, 16, 16, 16, 16, 16, 16, 20, 20, 20, 
    20, 20, 20, 20, 20, 20, 20, 24, 24, 24, 24, 24, 24, 24, 24, 24, 24, 28, 
    28, 28, 28, 28, 28, 28, 28, 28, 28, 32, 32, 32, 32, 32, 32, 32, 32, 32, 
    32, 36, 36, 36, 36, 36, 36, 36, 36, 36, 36, 40, 40, 40, 40, 40, 40, 40, 
    40, 40, 40, 40, 40, 36, 36, 40, 40, 36, 36, 32, 32, 32, 32, 28, 28, 28, 
    28, 24, 24, 24, 24, 20, 20, 20, 20, 16, 16, 16, 16, 12, 12, 12, 12, 8, 8, 
    8, 8, 4, 4, 4, 4, 40, 40, 36, 36, 32, 32, 28, 28, 24, 24, 20, 20, 16, 16, 
    12, 12, 8, 8, 4, 4, 40, 40, 36, 36, 32, 32, 28, 28, 24, 24, 20, 20, 16, 
    16, 12, 12, 8, 8, 4, 4, 40, 40, 36, 36, 32, 32, 28, 28, 24, 24, 20, 20, 
    16, 16, 12, 12, 8, 8, 4, 4, 40, 40, 36, 36, 32, 32, 28, 28, 24, 24, 20, 
    20, 16, 16, 12, 12, 8, 8, 4, 4, 40, 40, 36, 36, 32, 32, 28, 28, 24, 24, 
    20, 20, 16, 16, 12, 12, 8, 8, 4, 4, 40, 40, 36, 36, 32, 32, 28, 28, 24, 
    24, 20, 20, 16, 16, 12, 12, 8, 8, 4, 4, 40, 40, 36, 36, 32, 32, 28, 28, 
    24, 24, 20, 20, 16, 16, 12, 12, 8, 8, 4, 4, 40, 40, 36, 36, 32, 32, 28, 
    28, 24, 24, 20, 20, 16, 16, 12, 12, 8, 8, 4, 4, 4, 4, 4, 4, 4, 4, 4, 4, 
    4, 4, 4, 4, 4, 4, 4, 4, 4, 4, 4, 4, 4, 4, 8, 8, 8, 8, 8, 
    7.99999999999999, 8, 8, 8, 8, 8, 8, 8, 8, 8, 8, 8, 8, 8, 8, 8, 8, 12, 12, 
    12, 12, 12, 12, 12, 12, 12, 12, 12, 12, 12, 12, 12, 12, 12, 12, 12, 12, 
    12, 12, 16, 16, 16, 16, 16, 16, 16, 16, 16, 16, 16, 16, 16, 16, 16, 16, 
    16, 16, 16, 16, 16, 16, 20, 20, 20, 20, 20, 20, 20, 20, 20, 20, 20, 20, 
    20, 20, 20, 20, 20, 20, 20, 20, 20, 20, 24, 24, 24, 24, 24, 24, 24, 24, 
    24, 24, 24, 24, 24, 24, 24, 24, 24, 24, 24, 24, 24, 24, 28, 28, 28, 28, 
    28, 28, 28, 28, 28, 28, 28, 28, 28, 28, 28, 28, 28, 28, 28, 28, 28, 28, 
    32, 32, 32, 32, 32, 32, 32, 32, 32, 32, 32, 32, 32, 32, 32, 32, 32, 32, 
    32, 32, 32, 32, 36, 36, 36, 36, 36, 36, 36, 36, 36, 36, 36, 36, 36, 36, 
    36, 36, 36, 36, 36, 36, 36, 36, 40, 40, 40, 40, 40, 40, 40, 40, 40, 40, 
    40, 40, 40, 40, 40, 40, 40, 40, 40, 40, 40, 40, 4, 4, 4, 4, 4, 4, 4, 4, 
    4, 4, 4, 8.00000000000001, 8, 8, 8, 8, 8, 8, 8, 8, 8, 8, 12, 12, 12, 12, 
    12, 12, 12, 12, 12, 12, 12, 16, 16, 16, 16, 16, 16, 16, 16, 16, 16, 16, 
    20, 20, 20, 20, 20, 20, 20, 20, 20, 20, 20, 24, 24, 24, 24, 24, 24, 24, 
    24, 24, 24, 24, 28, 28, 28, 28, 28, 28, 28, 28, 28, 28, 28, 32, 32, 32, 
    32, 32, 32, 32, 32, 32, 32, 32, 36, 36, 36, 36, 36, 36, 36, 36, 36, 36, 
    36, 40, 40, 40, 40, 40, 40, 40, 40, 40, 40, 40, 4, 4, 4, 4, 4, 4, 8, 8, 
    8, 8, 8, 8, 12, 12, 12, 12, 12, 12, 16, 16, 16, 16, 16, 16, 20, 20, 20, 
    20, 20, 20, 24, 24, 24, 24, 24, 24, 28, 28, 28, 28, 28, 28, 32, 32, 32, 
    32, 32, 32, 36, 36, 36, 36, 36, 36, 40, 40, 40, 40, 40, 40, 4, 4, 4, 8, 
    8, 8, 12, 12, 12, 16, 16, 16, 20, 20, 20, 24, 24, 24, 28, 28, 28, 32, 32, 
    32, 36, 36, 36, 40, 40, 40, 4, 4, 4, 8, 7.99999999999999, 8, 12, 12, 12, 
    16, 16, 16, 20, 20, 20, 24, 24, 24, 28, 28, 28, 32, 32, 32, 36, 36, 36, 
    40, 40, 40, 4, 4, 4, 8, 8, 8, 12, 12, 12, 16, 16, 16, 20, 20, 20, 24, 24, 
    24, 28, 28, 28, 32, 32, 32, 36, 36, 36, 40, 40, 40, 40, 36, 40, 36, 40, 
    36, 40, 36, 40, 36, 40, 36, 40, 36, 40, 36, 40, 36, 40, 36, 40, 36, 40, 
    36, 40, 36, 40, 36, 40, 36, 40, 36, 40, 36, 40, 36, 40, 36, 40, 36, 32, 
    32, 32, 32, 32, 32, 32, 32, 32, 32, 32, 32, 32, 32, 32, 32, 32, 32, 32, 
    32, 28, 28, 28, 28, 28, 28, 28, 28, 28, 28, 28, 28, 28, 28, 28, 28, 28, 
    28, 28, 28, 24, 24, 24, 24, 24, 24, 24, 24, 24, 24, 24, 24, 24, 24, 24, 
    24, 24, 24, 24, 24, 20, 20, 20, 20, 20, 20, 20, 20, 20, 20, 20, 20, 20, 
    20, 20, 20, 20, 20, 20, 20, 16, 16, 16, 16, 16, 16, 16, 16, 16, 16, 16, 
    16, 16, 16, 16, 16, 16, 16, 16, 16, 12, 12, 12, 12, 12, 12, 12, 12, 12, 
    12, 12, 12, 12, 12, 12, 12, 12, 12, 12, 12, 8, 8, 8, 8, 8, 8, 8, 8, 8, 8, 
    8, 8, 8, 8, 8, 8, 8, 8, 8, 8, 4, 4, 4, 4, 4, 4, 4, 4, 4, 4, 4, 4, 4, 4, 
    4, 4, 4, 4, 4, 4, 40, 36, 40, 36, 40, 36, 40, 36, 40, 36, 40, 36, 40, 36, 
    40, 36, 40, 36, 40, 36, 32, 32, 32, 32, 32, 32, 32, 32, 32, 32, 28, 28, 
    28, 28, 28, 28, 28, 28, 28, 28, 24, 24, 24, 24, 24, 24, 24, 24, 24, 24, 
    20, 20, 20, 20, 20, 20, 20, 20, 20, 20, 16, 16, 16, 16, 16, 16, 16, 16, 
    16, 16, 12, 12, 12, 12, 12, 12, 12, 12, 12, 12, 8, 8, 8, 8, 8, 8, 8, 8, 
    8, 8, 4, 4, 4, 4, 4, 4, 4, 4, 4, 4, 4, 4, 4, 4, 8, 8, 8, 8, 12, 12, 12, 
    12, 16, 16, 16, 16, 20, 20, 20, 20, 24, 24, 24, 24, 28, 28, 28, 28, 32, 
    32, 32, 32, 36, 36, 36, 36, 40, 40, 40, 40, 4, 4, 8, 8, 12, 12, 16, 16, 
    20, 20, 24, 24, 28, 28, 32, 32, 36, 36, 40, 40, 4, 4, 8, 8, 12, 12, 16, 
    16, 20, 20, 24, 24, 28, 28, 32, 32, 36, 36, 40, 40, 4, 4, 8, 8, 12, 12, 
    16, 16, 20, 20, 24, 24, 28, 28, 32, 32, 36, 36, 40, 40, 4, 4, 8, 8, 12, 
    12, 16, 16, 20, 20, 24, 24, 28, 28, 32, 32, 36, 36, 40, 40, 4, 4, 8, 8, 
    12, 12, 16, 16, 20, 20, 24, 24, 28, 28, 32, 32, 36, 36, 40, 40, 4, 4, 8, 
    8, 12, 12, 16, 16, 20, 20, 24, 24, 28, 28, 32, 32, 36, 36, 40, 40, 4, 4, 
    8, 8, 12, 12, 16, 16, 20, 20, 24, 24, 28, 28, 32, 32, 36, 36, 40, 40, 4, 
    4, 8, 8, 12, 12, 16, 16, 20, 20, 24, 24, 28, 28, 32, 32, 36, 36, 40, 40, 
    4, 4, 8, 8, 12, 12, 16, 16, 20, 20, 24, 24, 28, 28, 32, 32, 36, 36, 40, 
    40, 4, 4, 8, 8, 12, 12, 16, 16, 20, 20, 24, 24, 28, 28, 32, 32, 36, 36, 
    40, 40, 4, 8, 12, 16, 20, 24, 28, 32, 36, 40, 4, 8, 12, 16, 20, 24, 28, 
    32, 36, 40, 4, 8, 12, 16, 20, 24, 28, 32, 36, 40, 4, 8, 12, 16, 20, 24, 
    28, 32, 36, 40, 4, 8, 12, 16, 20, 24, 28, 32, 36, 40, 4, 8, 12, 16, 20, 
    24, 28, 32, 36, 40, 4, 8, 12, 16, 20, 24, 28, 32, 36, 40, 4, 8, 12, 16, 
    20, 24, 28, 32, 36, 40, 4, 8, 12, 16, 20, 24, 28, 32, 36, 40, 4, 4, 8, 8, 
    12, 12, 16, 16, 20, 20, 24, 24, 28, 28, 32, 32, 36, 36, 40, 40, 4, 8, 12, 
    16, 20, 24, 28, 32, 36, 40, 4, 8, 12, 16, 20, 24, 28, 32, 36, 40, 4, 8, 
    12, 16, 20, 24, 28, 32, 36, 40, 4, 8, 12, 16, 20, 24, 28, 32, 36, 40, 4, 
    8, 12, 16, 20, 24, 28, 32, 36, 40, 4, 8, 12, 16, 20, 24, 28, 32, 36, 40, 
    4, 8, 12, 16, 20, 24, 28, 32, 36, 40, 4, 8, 12, 16, 20, 24, 28, 32, 36, 
    40, 4, 8, 12, 16, 20, 24, 28, 32, 36, 40, 4, 4, 8, 8, 12, 12, 16, 16, 20, 
    20, 24, 24, 28, 28, 32, 32, 36, 36, 40, 40, 4, 8, 12, 16, 20, 24, 28, 32, 
    36, 40, 4, 8, 12, 16, 20, 24, 28, 32, 36, 40, 4, 8, 12, 16, 20, 24, 28, 
    32, 36, 40, 4, 8, 12, 16, 20, 24, 28, 32, 36, 40, 4, 8, 12, 16, 20, 24, 
    28, 32, 36, 40, 4, 8, 12, 16, 20, 24, 28, 32, 36, 40, 4, 8, 12, 16, 20, 
    24, 28, 32, 36, 40, 4, 8, 12, 16, 20, 24, 28, 32, 36, 40, 4, 8, 12, 16, 
    20, 24, 28, 32, 36, 40, 4, 4, 8, 8, 12, 12, 16, 16, 20, 20, 24, 24, 28, 
    28, 32, 32, 36, 36, 40, 40, 4, 8, 12, 16, 20, 24, 28, 32, 36, 40, 4, 8, 
    12, 16, 20, 24, 28, 32, 36, 40, 4, 8, 12, 16, 20, 24, 28, 32, 36, 40, 4, 
    8, 12, 16, 20, 24, 28, 32, 36, 40, 4, 8, 12, 16, 20, 24, 28, 32, 36, 40, 
    4, 8, 12, 16, 20, 24, 28, 32, 36, 40, 4, 8, 12, 16, 20, 24, 28, 32, 36, 
    40, 4, 8, 12, 16, 20, 24, 28, 32, 36, 40, 4, 8, 12, 16, 20, 24, 28, 32, 
    36, 40, 4, 4, 8, 8, 12, 12, 16, 16, 20, 20, 24, 24, 28, 28, 32, 32, 36, 
    36, 40, 40, 4, 8, 12, 16, 20, 24, 28, 32, 36, 40, 4, 8, 12, 16, 20, 24, 
    28, 32, 36, 40, 4, 8, 12, 16, 20, 24, 28, 32, 36, 40, 4, 8, 12, 16, 20, 
    24, 28, 32, 36, 40, 4, 8, 12, 16, 20, 24, 28, 32, 36, 40, 4, 8, 12, 16, 
    20, 24, 28, 32, 36, 40, 4, 8, 12, 16, 20, 24, 28, 32, 36, 40, 4, 8, 12, 
    16, 20, 24, 28, 32, 36, 40, 4, 8, 12, 16, 20, 24, 28, 32, 36, 40, 4, 4, 
    8, 8, 12, 12, 16, 16, 20, 20, 24, 24, 28, 28, 32, 32, 36, 36, 40, 40, 4, 
    8, 12, 16, 20, 24, 28, 32, 36, 40, 4, 8, 12, 16, 20, 24, 28, 32, 36, 40, 
    4, 8, 12, 16, 20, 24, 28, 32, 36, 40, 4, 8, 12, 16, 20, 24, 28, 32, 36, 
    40, 4, 8, 12, 16, 20, 24, 28, 32, 36, 40, 4, 8, 12, 16, 20, 24, 28, 32, 
    36, 40, 4, 8, 12, 16, 20, 24, 28, 32, 36, 40, 4, 8, 12, 16, 20, 24, 28, 
    32, 36, 40, 4, 8, 12, 16, 20, 24, 28, 32, 36, 40, 4, 4, 8, 8, 12, 12, 16, 
    16, 20, 20, 24, 24, 28, 28, 32, 32, 36, 36, 40, 40, 4, 8, 12, 16, 20, 24, 
    28, 32, 36, 40, 4, 8, 12, 16, 20, 24, 28, 32, 36, 40, 4, 8, 12, 16, 20, 
    24, 28, 32, 36, 40, 4, 8, 12, 16, 20, 24, 28, 32, 36, 40, 4, 8, 12, 16, 
    20, 24, 28, 32, 36, 40, 4, 8, 12, 16, 20, 24, 28, 32, 36, 40, 4, 8, 12, 
    16, 20, 24, 28, 32, 36, 40, 4, 8, 12, 16, 20, 24, 28, 32, 36, 40, 4, 8, 
    12, 16, 20, 24, 28, 32, 36, 40, 4, 4, 8, 8, 12, 12, 16, 16, 20, 20, 24, 
    24, 28, 28, 32, 32, 36, 36, 40, 40, 4, 8, 12, 16, 20, 24, 28, 32, 36, 40, 
    4, 8, 12, 16, 20, 24, 28, 32, 36, 40, 4, 8, 12, 16, 20, 24, 28, 32, 36, 
    40, 4, 8, 12, 16, 20, 24, 28, 32, 36, 40, 4, 8, 12, 16, 20, 24, 28, 32, 
    36, 40, 4, 8, 12, 16, 20, 24, 28, 32, 36, 40, 4, 8, 12, 16, 20, 24, 28, 
    32, 36, 40, 4, 8, 12, 16, 20, 24, 28, 32, 36, 40, 4, 8, 12, 16, 20, 24, 
    28, 32, 36, 40, 40, 36, 40, 36, 40, 36, 40, 36, 40, 36, 40, 36, 40, 36, 
    40, 36, 40, 36, 40, 36, 32, 32, 32, 32, 32, 32, 32, 32, 32, 32, 28, 28, 
    28, 28, 28, 28, 28, 28, 28, 28, 24, 24, 24, 24, 24, 24, 24, 24, 24, 24, 
    20, 20, 20, 20, 20, 20, 20, 20, 20, 20, 16, 16, 16, 16, 16, 16, 16, 16, 
    16, 16, 12, 12, 12, 12, 12, 12, 12, 12, 12, 12, 8, 8, 8, 8, 8, 8, 8, 8, 
    8, 8.00000000000001, 4, 4, 4, 4, 4, 4, 4, 4, 4, 4, 40, 36, 40, 36, 40, 
    36, 40, 36, 40, 36, 40, 36, 40, 36, 40, 36, 40, 36, 40, 36, 32, 32, 32, 
    32, 32, 32, 32, 32, 32, 32, 28, 28, 28, 28, 28, 28, 28, 28, 28, 28, 24, 
    24, 24, 24, 24, 24, 24, 24, 24, 24, 20, 20, 20, 20, 20, 20, 20, 20, 20, 
    20, 16, 16, 16, 16, 16, 16, 16, 16, 16, 16, 12, 12, 12, 12, 12, 12, 12, 
    12, 12, 12, 8, 8, 8, 8, 8, 8, 8.00000000000001, 8.00000000000001, 
    8.00000000000001, 8.00000000000001, 4, 4, 4, 4, 4, 4, 4, 4, 4, 4, 40, 36, 
    40, 36, 40, 36, 40, 36, 40, 36, 40, 36, 40, 36, 40, 36, 40, 36, 40, 36, 
    32, 32, 32, 32, 32, 32, 32, 32, 32, 32, 28, 28, 28, 28, 28, 28, 28, 28, 
    28, 28, 24, 24, 24, 24, 24, 24, 24, 24, 24, 24, 20, 20, 20, 20, 20, 20, 
    20, 20, 20, 20, 16, 16, 16, 16, 16, 16, 16, 16, 16, 16, 12, 12, 12, 12, 
    12, 12, 12, 12, 12, 12, 8, 8, 8.00000000000001, 8, 8, 8.00000000000001, 
    8.00000000000001, 8, 8.00000000000001, 8.00000000000001, 4, 4, 4, 4, 4, 
    4, 4, 4, 4, 4, 40, 36, 40, 36, 40, 36, 40, 36, 40, 36, 40, 36, 40, 36, 
    40, 36, 40, 36, 40, 36, 32, 32, 32, 32, 32, 32, 32, 32, 32, 32, 28, 28, 
    28, 28, 28, 28, 28, 28, 28, 28, 24, 24, 24, 24, 24, 24, 24, 24, 24, 24, 
    20, 20, 20, 20, 20, 20, 20, 20, 20, 20, 16, 16, 16, 16, 16, 16, 16, 16, 
    16, 16, 12, 12, 12, 12, 12, 12, 12, 12, 12, 12, 8, 8, 8, 8, 8, 8, 
    8.00000000000001, 8, 8, 8.00000000000001, 4, 4, 4, 4, 4, 4, 4, 4, 4, 4, 
    40, 36, 40, 36, 40, 36, 40, 36, 40, 36, 40, 36, 40, 36, 40, 36, 40, 36, 
    40, 36, 32, 32, 32, 32, 32, 32, 32, 32, 32, 32, 28, 28, 28, 28, 28, 28, 
    28, 28, 28, 28, 24, 24, 24, 24, 24, 24, 24, 24, 24, 24, 20, 20, 20, 20, 
    20, 20, 20, 20, 20, 20, 16, 16, 16, 16, 16, 16, 16, 16, 16, 16, 12, 12, 
    12, 12, 12, 12, 12, 12, 12, 12, 8, 8, 8, 8, 8, 8, 8, 8, 8, 8, 4, 4, 4, 4, 
    4, 4, 4, 4, 4, 4, 40, 36, 36, 40, 40, 36, 36, 40, 32, 32, 32, 32, 28, 28, 
    28, 28, 24, 24, 24, 24, 20, 20, 20, 20, 16, 16, 16, 16, 12, 12, 12, 12, 
    8, 8.00000000000001, 8, 8, 4, 4, 4, 4, 36, 40, 36, 40, 32, 32, 28, 28, 
    24, 24, 20, 20, 16, 16, 12, 12, 8.00000000000001, 8.00000000000001, 4, 4, 
    36, 40, 36, 40, 32, 32, 28, 28, 24, 24, 20, 20, 16, 16, 12, 12, 
    8.00000000000001, 8, 4, 4, 36, 40, 36, 40, 32, 32, 28, 28, 24, 24, 20, 
    20, 16, 16, 12, 12, 8.00000000000001, 8, 4, 4, 36, 40, 36, 40, 32, 32, 
    28, 28, 24, 24, 20, 20, 16, 16, 12, 12, 8, 8, 4, 4, 36, 40, 36, 40, 32, 
    32, 28, 28, 24, 24, 20, 20, 16, 16, 12, 12, 8.00000000000001, 
    8.00000000000001, 4, 4, 36, 40, 36, 40, 32, 32, 28, 28, 24, 24, 20, 20, 
    16, 16, 12, 12, 8.00000000000001, 8.00000000000001, 4, 4, 36, 40, 36, 40, 
    32, 32, 28, 28, 24, 24, 20, 20, 16, 16, 12, 12, 8.00000000000001, 8, 4, 
    4, 36, 40, 36, 40, 32, 32, 28, 28, 24, 24, 20, 20, 16, 16, 12, 12, 
    8.00000000000001, 8, 4, 4, 40, 36, 36, 40, 32, 32, 28, 28, 24, 24, 20, 
    20, 16, 16, 12, 12, 8.00000000000001, 8.00000000000001, 4, 4, 36, 40, 32, 
    28, 24, 20, 16, 12, 8.00000000000001, 4, 36, 40, 32, 28, 24, 20, 16, 12, 
    8.00000000000001, 4, 36, 40, 32, 28, 24, 20, 16, 12, 8.00000000000001, 4, 
    36, 40, 32, 28, 24, 20, 16, 12, 8, 4, 36, 40, 32, 28, 24, 20, 16, 12, 8, 
    4, 36, 40, 32, 28, 24, 20, 16, 12, 8, 4, 36, 40, 32, 28, 24, 20, 16, 12, 
    8, 4, 36, 40, 32, 28, 24, 20, 16, 12, 8, 4, 40, 36, 36, 40, 32, 32, 28, 
    28, 24, 24, 20, 20, 16, 16, 12, 12, 8.00000000000001, 8.00000000000001, 
    4, 4, 36, 40, 32, 28, 24, 20, 16, 12, 8.00000000000001, 4, 36, 40, 32, 
    28, 24, 20, 16, 12, 8.00000000000001, 4, 36, 40, 32, 28, 24, 20, 16, 12, 
    8.00000000000001, 4, 36, 40, 32, 28, 24, 20, 16, 12, 8, 4, 36, 40, 32, 
    28, 24, 20, 16, 12, 8.00000000000001, 4, 36, 40, 32, 28, 24, 20, 16, 12, 
    8.00000000000001, 4, 36, 40, 32, 28, 24, 20, 16, 12, 8.00000000000001, 4, 
    36, 40, 32, 28, 24, 20, 16, 12, 8, 4, 40, 36, 36, 40, 32, 32, 28, 28, 24, 
    24, 20, 20, 16, 16, 12, 12, 8, 8.00000000000001, 4, 4, 36, 40, 32, 28, 
    24, 20, 16, 12, 8, 4, 36, 40, 32, 28, 24, 20, 16, 12, 8, 4, 36, 40, 32, 
    28, 24, 20, 16, 12, 8, 4, 36, 40, 32, 28, 24, 20, 16, 12, 8, 4, 36, 40, 
    32, 28, 24, 20, 16, 12, 8, 4, 36, 40, 32, 28, 24, 20, 16, 12, 8, 4, 36, 
    40, 32, 28, 24, 20, 16, 12, 8, 4, 36, 40, 32, 28, 24, 20, 16, 12, 8, 4, 
    40, 36, 36, 40, 32, 32, 28, 28, 24, 24, 20, 20, 16, 16, 12, 12, 8, 8, 4, 
    4, 36, 40, 32, 28, 24, 20, 16, 12, 8, 4, 36, 40, 32, 28, 24, 20, 16, 12, 
    8, 4, 36, 40, 32, 28, 24, 20, 16, 12, 8.00000000000001, 4, 36, 40, 32, 
    28, 24, 20, 16, 12, 8, 4, 36, 40, 32, 28, 24, 20, 16, 12, 8, 4, 36, 40, 
    32, 28, 24, 20, 16, 12, 8, 4, 36, 40, 32, 28, 24, 20, 16, 12, 8, 4, 36, 
    40, 32, 28, 24, 20, 16, 12, 8.00000000000001, 4, 40, 36, 36, 40, 32, 32, 
    28, 28, 24, 24, 20, 20, 16, 16, 12, 12, 8, 8, 4, 4, 36, 40, 32, 28, 24, 
    20, 16, 12, 8, 4, 36, 40, 32, 28, 24, 20, 16, 12, 8, 4, 36, 40, 32, 28, 
    24, 20, 16, 12, 8.00000000000001, 4, 36, 40, 32, 28, 24, 20, 16, 12, 8, 
    4, 36, 40, 32, 28, 24, 20, 16, 12, 8, 4, 36, 40, 32, 28, 24, 20, 16, 12, 
    8.00000000000001, 4, 36, 40, 32, 28, 24, 20, 16, 12, 8, 4, 36, 40, 32, 
    28, 24, 20, 16, 12, 8, 4, 40, 36, 36, 40, 32, 32, 28, 28, 24, 24, 20, 20, 
    16, 16, 12, 12, 8, 8, 4, 4, 36, 40, 32, 28, 24, 20, 16, 12, 8, 4, 36, 40, 
    32, 28, 24, 20, 16, 12, 8, 4, 36, 40, 32, 28, 24, 20, 16, 12, 8, 4, 36, 
    40, 32, 28, 24, 20, 16, 12, 8, 4, 36, 40, 32, 28, 24, 20, 16, 12, 8, 4, 
    36, 40, 32, 28, 24, 20, 16, 12, 8.00000000000001, 4, 36, 40, 32, 28, 24, 
    20, 16, 12, 8, 4, 36, 40, 32, 28, 24, 20, 16, 12, 8.00000000000001, 4, 
    40, 36, 36, 40, 32, 32, 28, 28, 24, 24, 20, 20, 16, 16, 12, 12, 8, 8, 4, 
    4, 36, 40, 32, 28, 24, 20, 16, 12, 8, 4, 36, 40, 32, 28, 24, 20, 16, 12, 
    8, 4, 36, 40, 32, 28, 24, 20, 16, 12, 8, 4, 36, 40, 32, 28, 24, 20, 16, 
    12, 8, 4, 36, 40, 32, 28, 24, 20, 16, 12, 8, 4, 36, 40, 32, 28, 24, 20, 
    16, 12, 8, 4, 36, 40, 32, 28, 24, 20, 16, 12, 8, 4, 36, 40, 32, 28, 24, 
    20, 16, 12, 8, 4, 40, 36, 36, 40, 32, 32, 28, 28, 24, 24, 20, 20, 16, 16, 
    12, 12, 8, 8, 4, 4, 36, 40, 32, 28, 24, 20, 16, 12, 8, 4, 36, 40, 32, 28, 
    24, 20, 16, 12, 8, 4, 36, 40, 32, 28, 24, 20, 16, 12, 8, 4, 36, 40, 32, 
    28, 24, 20, 16, 12, 8, 4, 36, 40, 32, 28, 24, 20, 16, 12, 8, 4, 36, 40, 
    32, 28, 24, 20, 16, 12, 8, 4, 36, 40, 32, 28, 24, 20, 16, 12, 8, 4, 36, 
    40, 32, 28, 24, 20, 16, 12, 8, 4 ;

 coordz = -2, 0, 0, -2, -2, 0, 0, -2, 0, -2, 0, -2, 0, -2, 0, -2, 0, -2, 0, 
    -2, 0, -2, 0, -2, 0, -2, 0, -2, 0, -2, 0, -2, 0, -2, 0, -2, 0, -2, 0, -2, 
    0, -2, 0, -2, -2, 0, 0, -2, 0, -2, 0, -2, 0, -2, 0, -2, 0, -2, 0, -2, 0, 
    -2, 0, -2, 0, -2, -2, 0, 0, -2, 0, -2, 0, -2, 0, -2, 0, -2, 0, -2, 0, -2, 
    0, -2, 0, -2, 0, -2, -2, 0, 0, -2, 0, -2, 0, -2, 0, -2, 0, -2, 0, -2, 0, 
    -2, 0, -2, 0, -2, 0, -2, -2, 0, 0, -2, 0, -2, 0, -2, 0, -2, 0, -2, 0, -2, 
    0, -2, 0, -2, 0, -2, 0, -2, -2, 0, 0, -2, 0, -2, 0, -2, 0, -2, 0, -2, 0, 
    -2, 0, -2, 0, -2, 0, -2, 0, -2, -2, 0, 0, -2, 0, -2, 0, -2, 0, -2, 0, -2, 
    0, -2, 0, -2, 0, -2, 0, -2, 0, -2, -2, 0, 0, -2, 0, -2, 0, -2, 0, -2, 0, 
    -2, 0, -2, 0, -2, 0, -2, 0, -2, 0, -2, -2, 0, 0, -2, 0, -2, 0, -2, 0, -2, 
    0, -2, 0, -2, 0, -2, 0, -2, 0, -2, 0, -2, -2, 0, 0, -2, 0, -2, 0, -2, 0, 
    -2, 0, -2, 0, -2, 0, -2, 0, -2, 0, -2, 0, -2, 0, 0, -2, -2, 0, 0, -2, -2, 
    0, 0, -2, -2, 0, 0, -2, -2, 0, 0, -2, -2, 0, -2, 0, -2, 0, -2, 0, -2, 0, 
    -2, 0, -2, 0, -2, 0, -2, 0, -2, 0, -2, 0, -2, 0, -2, 0, -2, 0, -2, 0, -2, 
    0, -2, 0, -2, 0, -2, 0, -2, 0, -2, 0, -2, 0, -2, 0, -2, 0, -2, 0, -2, 0, 
    -2, 0, -2, 0, -2, 0, -2, 0, -2, 0, -2, 0, -2, 0, -2, 0, -2, 0, -2, 0, -2, 
    0, -2, 0, -2, 0, -2, 0, -2, 0, -2, 0, -2, 0, -2, 0, -2, 0, -2, 0, 0, -2, 
    -2, 0, -2, 0, -2, 0, -2, 0, -2, 0, -2, 0, -2, 0, -2, 0, -2, 0, -2, 0, 0, 
    -2, -2, 0, -2, 0, -2, 0, -2, 0, -2, 0, -2, 0, -2, 0, -2, 0, -2, 0, -2, 0, 
    0, -2, -2, 0, -2, 0, -2, 0, -2, 0, -2, 0, -2, 0, -2, 0, -2, 0, -2, 0, -2, 
    0, 0, -2, -2, 0, -2, 0, -2, 0, -2, 0, -2, 0, -2, 0, -2, 0, -2, 0, -2, 0, 
    -2, 0, 0, -2, -2, 0, -2, 0, -2, 0, -2, 0, -2, 0, -2, 0, -2, 0, -2, 0, -2, 
    0, -2, 0, 0, -2, -2, 0, -2, 0, -2, 0, -2, 0, -2, 0, -2, 0, -2, 0, -2, 0, 
    -2, 0, -2, 0, 0, -2, -2, 0, -2, 0, -2, 0, -2, 0, -2, 0, -2, 0, -2, 0, -2, 
    0, -2, 0, -2, 0, 0, -2, -2, 0, -2, 0, -2, 0, -2, 0, -2, 0, -2, 0, -2, 0, 
    -2, 0, -2, 0, -2, 0, 0, -2, -2, 0, -2, 0, -2, 0, -2, 0, -2, 0, -2, 0, -2, 
    0, -2, 0, -2, 0, -2, 0, 0, -2, -2, 0, -2, 0, -2, 0, -2, 0, -2, 0, -2, 0, 
    -2, 0, -2, 0, -2, 0, -2, -12, -12, -12, -12, -8.66666666666667, 
    -8.66666666666666, -8.66666666666667, -8.66666666666667, -12, -12, 
    -8.66666666666667, -8.66666666666667, -12, -12, -8.66666666666666, 
    -8.66666666666666, -12, -12, -8.66666666666667, -8.66666666666667, -12, 
    -12, -8.66666666666667, -8.66666666666667, -12, -12, -8.66666666666667, 
    -8.66666666666667, -12, -12, -8.66666666666667, -8.66666666666667, -12, 
    -12, -8.66666666666667, -8.66666666666667, -12, -12, -8.66666666666667, 
    -8.66666666666667, -12, -12, -8.66666666666667, -8.66666666666666, -12, 
    -12, -8.66666666666667, -8.66666666666667, -12, -8.66666666666667, -12, 
    -8.66666666666667, -12, -8.66666666666667, -12, -8.66666666666667, -12, 
    -8.66666666666667, -12, -8.66666666666668, -12, -8.66666666666667, -12, 
    -8.66666666666667, -12, -8.66666666666667, -12, -12, -8.66666666666667, 
    -8.66666666666667, -12, -8.66666666666667, -12, -8.66666666666667, -12, 
    -8.66666666666667, -12, -8.66666666666667, -12, -8.66666666666666, -12, 
    -8.66666666666667, -12, -8.66666666666667, -12, -8.66666666666667, -12, 
    -8.66666666666666, -12, -12, -8.66666666666666, -8.66666666666667, -12, 
    -8.66666666666667, -12, -8.66666666666667, -12, -8.66666666666667, -12, 
    -8.66666666666667, -12, -8.66666666666667, -12, -8.66666666666667, -12, 
    -8.66666666666668, -12, -8.66666666666667, -12, -8.66666666666667, -12, 
    -12, -8.66666666666667, -8.66666666666667, -12, -8.66666666666667, -12, 
    -8.66666666666667, -12, -8.66666666666667, -12, -8.66666666666667, -12, 
    -8.66666666666666, -12, -8.66666666666667, -12, -8.66666666666667, -12, 
    -8.66666666666667, -12, -8.66666666666667, -12, -12, -8.66666666666666, 
    -8.66666666666667, -12, -8.66666666666667, -12, -8.66666666666666, -12, 
    -8.66666666666667, -12, -8.66666666666666, -12, -8.66666666666667, -12, 
    -8.66666666666667, -12, -8.66666666666667, -12, -8.66666666666667, -12, 
    -8.66666666666667, -12, -12, -8.66666666666667, -8.66666666666667, -12, 
    -8.66666666666667, -12, -8.66666666666667, -12, -8.66666666666667, -12, 
    -8.66666666666667, -12, -8.66666666666667, -12, -8.66666666666668, -12, 
    -8.66666666666667, -12, -8.66666666666668, -12, -8.66666666666667, -12, 
    -12, -8.66666666666667, -8.66666666666667, -12, -8.66666666666667, -12, 
    -8.66666666666667, -12, -8.66666666666667, -12, -8.66666666666667, -12, 
    -8.66666666666667, -12, -8.66666666666667, -12, -8.66666666666667, -12, 
    -8.66666666666667, -12, -8.66666666666667, -12, -12, -8.66666666666667, 
    -8.66666666666667, -12, -8.66666666666667, -12, -8.66666666666667, -12, 
    -8.66666666666667, -12, -8.66666666666667, -12, -8.66666666666667, -12, 
    -8.66666666666667, -12, -8.66666666666667, -12, -8.66666666666667, -12, 
    -8.66666666666667, -12, -12, -8.66666666666667, -8.66666666666667, -12, 
    -8.66666666666667, -12, -8.66666666666667, -12, -8.66666666666667, -12, 
    -8.66666666666667, -12, -8.66666666666667, -12, -8.66666666666667, -12, 
    -8.66666666666667, -12, -8.66666666666667, -12, -8.66666666666667, 
    -5.33333333333333, -5.33333333333334, -5.33333333333334, 
    -5.33333333333333, -5.33333333333334, -5.33333333333334, 
    -5.33333333333333, -5.33333333333333, -5.33333333333334, 
    -5.33333333333334, -5.33333333333334, -5.33333333333334, 
    -5.33333333333334, -5.33333333333334, -5.33333333333334, 
    -5.33333333333335, -5.33333333333334, -5.33333333333334, 
    -5.33333333333334, -5.33333333333335, -5.33333333333333, 
    -5.33333333333334, -5.33333333333334, -5.33333333333333, 
    -5.33333333333334, -5.33333333333334, -5.33333333333334, 
    -5.33333333333334, -5.33333333333334, -5.33333333333334, 
    -5.33333333333334, -5.33333333333335, -5.33333333333334, 
    -5.33333333333334, -5.33333333333333, -5.33333333333334, 
    -5.33333333333333, -5.33333333333333, -5.33333333333333, 
    -5.33333333333333, -5.33333333333333, -5.33333333333333, 
    -5.33333333333334, -5.33333333333333, -5.33333333333334, 
    -5.33333333333333, -5.33333333333334, -5.33333333333333, 
    -5.33333333333334, -5.33333333333333, -5.33333333333333, 
    -5.33333333333333, -5.33333333333333, -5.33333333333333, 
    -5.33333333333333, -5.33333333333334, -5.33333333333333, 
    -5.33333333333334, -5.33333333333333, -5.33333333333333, 
    -5.33333333333333, -5.33333333333333, -5.33333333333333, 
    -5.33333333333333, -5.33333333333333, -5.33333333333333, 
    -5.33333333333334, -5.33333333333333, -5.33333333333334, 
    -5.33333333333333, -5.33333333333334, -5.33333333333334, 
    -5.33333333333334, -5.33333333333333, -5.33333333333334, 
    -5.33333333333334, -5.33333333333334, -5.33333333333334, 
    -5.33333333333333, -5.33333333333334, -5.33333333333334, 
    -5.33333333333334, -5.33333333333334, -5.33333333333334, 
    -5.33333333333334, -5.33333333333334, -5.33333333333334, 
    -5.33333333333334, -5.33333333333334, -5.33333333333333, 
    -5.33333333333334, -5.33333333333334, -5.33333333333334, 
    -5.33333333333333, -5.33333333333334, -5.33333333333334, 
    -5.33333333333334, -5.33333333333334, -5.33333333333334, 
    -5.33333333333333, -5.33333333333333, -5.33333333333334, 
    -5.33333333333334, -5.33333333333334, -5.33333333333334, 
    -5.33333333333334, -5.33333333333334, -5.33333333333334, 
    -5.33333333333334, -5.33333333333334, -5.33333333333333, 
    -5.33333333333333, -5.33333333333333, -5.33333333333333, 
    -5.33333333333333, -5.33333333333333, -5.33333333333333, 
    -5.33333333333333, -5.33333333333333, -5.33333333333333, 
    -5.33333333333333, -5.33333333333333, -5.33333333333333, 
    -5.33333333333334, -5.33333333333334, -8.66666666666667, 
    -8.66666666666667, -8.66666666666667, -8.66666666666667, -12, -12, -12, 
    -12, -5.33333333333333, -5.33333333333334, -8.66666666666667, 
    -8.66666666666667, -12, -12, -5.33333333333333, -5.33333333333333, 
    -8.66666666666667, -8.66666666666667, -12, -12, -5.33333333333333, 
    -5.33333333333334, -8.66666666666667, -8.66666666666667, -12, -12, 
    -5.33333333333333, -5.33333333333334, -8.66666666666667, 
    -8.66666666666667, -12, -12, -5.33333333333333, -5.33333333333333, 
    -8.66666666666667, -8.66666666666666, -12, -12, -5.33333333333333, 
    -5.33333333333334, -8.66666666666667, -8.66666666666667, -12, -12, 
    -5.33333333333333, -5.33333333333333, -8.66666666666667, 
    -8.66666666666666, -12, -12, -5.33333333333333, -5.33333333333333, 
    -8.66666666666667, -8.66666666666667, -12, -12, -5.33333333333333, 
    -5.33333333333333, -8.66666666666667, -8.66666666666667, -12, -12, 
    -5.33333333333333, -5.33333333333333, -8.66666666666667, 
    -8.66666666666667, -12, -12, -5.33333333333333, -8.66666666666667, -12, 
    -5.33333333333333, -8.66666666666667, -12, -5.33333333333333, 
    -8.66666666666667, -12, -5.33333333333333, -8.66666666666667, -12, 
    -5.33333333333333, -8.66666666666667, -12, -5.33333333333333, 
    -8.66666666666667, -12, -5.33333333333333, -8.66666666666667, -12, 
    -5.33333333333333, -8.66666666666667, -12, -5.33333333333333, 
    -8.66666666666667, -12, -5.33333333333333, -5.33333333333333, 
    -8.66666666666667, -8.66666666666667, -12, -12, -5.33333333333333, 
    -8.66666666666667, -12, -5.33333333333333, -8.66666666666666, -12, 
    -5.33333333333333, -8.66666666666666, -12, -5.33333333333333, 
    -8.66666666666667, -12, -5.33333333333333, -8.66666666666667, -12, 
    -5.33333333333333, -8.66666666666667, -12, -5.33333333333333, 
    -8.66666666666667, -12, -5.33333333333333, -8.66666666666667, -12, 
    -5.33333333333333, -8.66666666666667, -12, -5.33333333333334, 
    -5.33333333333334, -8.66666666666667, -8.66666666666667, -12, -12, 
    -5.33333333333334, -8.66666666666667, -12, -5.33333333333333, 
    -8.66666666666667, -12, -5.33333333333333, -8.66666666666667, -12, 
    -5.33333333333333, -8.66666666666667, -12, -5.33333333333334, 
    -8.66666666666667, -12, -5.33333333333334, -8.66666666666667, -12, 
    -5.33333333333333, -8.66666666666666, -12, -5.33333333333333, 
    -8.66666666666667, -12, -5.33333333333333, -8.66666666666667, -12, 
    -5.33333333333334, -5.33333333333334, -8.66666666666667, 
    -8.66666666666667, -12, -12, -5.33333333333334, -5.33333333333334, 
    -8.66666666666667, -8.66666666666667, -12, -12, -5.33333333333334, 
    -5.33333333333334, -8.66666666666667, -8.66666666666668, -12, -12, 
    -5.33333333333334, -5.33333333333333, -8.66666666666667, 
    -8.66666666666667, -12, -12, -5.33333333333333, -5.33333333333333, 
    -8.66666666666667, -8.66666666666667, -12, -12, -5.33333333333333, 
    -5.33333333333333, -8.66666666666667, -8.66666666666667, -12, -12, 
    -5.33333333333333, -5.33333333333333, -8.66666666666666, 
    -8.66666666666667, -12, -12, -5.33333333333334, -5.33333333333334, 
    -8.66666666666667, -8.66666666666667, -12, -12, -5.33333333333334, 
    -5.33333333333334, -8.66666666666666, -8.66666666666667, -12, -12, 
    -5.33333333333333, -5.33333333333333, -8.66666666666667, 
    -8.66666666666667, -12, -12, -5.33333333333334, -8.66666666666667, -12, 
    -5.33333333333333, -8.66666666666667, -12, -5.33333333333334, 
    -8.66666666666668, -12, -5.33333333333333, -8.66666666666667, -12, 
    -5.33333333333333, -8.66666666666667, -12, -5.33333333333333, 
    -8.66666666666667, -12, -5.33333333333333, -8.66666666666667, -12, 
    -5.33333333333334, -8.66666666666667, -12, -5.33333333333334, 
    -8.66666666666667, -12, -5.33333333333333, -8.66666666666667, -12, 
    -5.33333333333334, -8.66666666666667, -12, -5.33333333333333, 
    -8.66666666666667, -12, -5.33333333333334, -8.66666666666667, -12, 
    -5.33333333333333, -8.66666666666667, -12, -5.33333333333333, 
    -8.66666666666667, -12, -5.33333333333333, -8.66666666666667, -12, 
    -5.33333333333333, -8.66666666666667, -12, -5.33333333333334, 
    -8.66666666666667, -12, -5.33333333333334, -8.66666666666666, -12, 
    -5.33333333333333, -8.66666666666667, -12, -5.33333333333334, 
    -8.66666666666667, -12, -5.33333333333334, -8.66666666666667, -12, 
    -5.33333333333334, -8.66666666666667, -12, -5.33333333333334, 
    -8.66666666666666, -12, -5.33333333333333, -8.66666666666667, -12, 
    -5.33333333333334, -8.66666666666667, -12, -5.33333333333334, 
    -8.66666666666666, -12, -5.33333333333334, -8.66666666666667, -12, 
    -5.33333333333334, -8.66666666666667, -12, -5.33333333333334, 
    -8.66666666666667, -12, -5.33333333333333, -8.66666666666667, -12, 
    -5.33333333333333, -8.66666666666667, -12, -5.33333333333334, 
    -8.66666666666667, -12, -5.33333333333333, -8.66666666666666, -12, 
    -5.33333333333333, -8.66666666666666, -12, -5.33333333333333, 
    -8.66666666666666, -12, -5.33333333333333, -8.66666666666666, -12, 
    -5.33333333333333, -8.66666666666666, -12, -5.33333333333333, 
    -8.66666666666665, -12, -5.33333333333333, -8.66666666666666, -12, 
    -5.33333333333333, -8.66666666666667, -12, -5.33333333333334, 
    -8.66666666666667, -12, -5.33333333333334, -8.66666666666667, -12, 
    -5.33333333333333, -8.66666666666667, -12, -5.33333333333333, 
    -8.66666666666667, -12, -5.33333333333333, -8.66666666666667, -12, 
    -5.33333333333333, -8.66666666666666, -12, -5.33333333333334, 
    -8.66666666666667, -12, -5.33333333333334, -8.66666666666667, -12, 
    -5.33333333333334, -8.66666666666667, -12, -5.33333333333334, 
    -8.66666666666667, -12, -5.33333333333333, -8.66666666666667, -12, 
    -5.33333333333334, -8.66666666666667, -12, -5.33333333333333, 
    -8.66666666666666, -12, -5.33333333333333, -8.66666666666666, -12, 
    -5.33333333333333, -8.66666666666666, -12, -5.33333333333333, 
    -8.66666666666666, -12, -5.33333333333333, -8.66666666666666, -12, 
    -5.33333333333334, -8.66666666666666, -12, -5.33333333333333, 
    -8.66666666666666, -12, -5.33333333333333, -8.66666666666667, -12, 
    -5.33333333333334, -8.66666666666667, -12, -5.33333333333334, 
    -8.66666666666667, -12, -5.33333333333334, -8.66666666666667, -12, 
    -5.33333333333334, -8.66666666666666, -12, -5.33333333333334, 
    -8.66666666666667, -12, -5.33333333333334, -8.66666666666666, -12, 
    -5.33333333333334, -8.66666666666667, -12, -5.33333333333334, 
    -8.66666666666666, -12, -5.33333333333334, -8.66666666666666, -12, 
    -5.33333333333333, -8.66666666666667, -12, -5.33333333333334, 
    -8.66666666666667, -12, -5.33333333333334, -8.66666666666667, -12, 
    -5.33333333333334, -8.66666666666666, -12, -5.33333333333334, 
    -8.66666666666667, -12, -5.33333333333334, -8.66666666666666, -12, 
    -5.33333333333334, -8.66666666666666, -12, -5.33333333333334, 
    -8.66666666666666, -12, -5.33333333333334, -8.66666666666666, -12, 
    -5.33333333333334, -8.66666666666666, -12, -5.33333333333333, 
    -8.66666666666667, -12, -5.33333333333333, -8.66666666666667, -12, 
    -5.33333333333333, -8.66666666666667, -12, -5.33333333333333, 
    -8.66666666666667, -12, -5.33333333333333, -8.66666666666667, -12, 
    -5.33333333333333, -8.66666666666667, -12, -5.33333333333333, 
    -8.66666666666667, -12, -5.33333333333333, -8.66666666666667, -12, 
    -5.33333333333333, -8.66666666666667, -12, -5.33333333333333, 
    -8.66666666666667, -12, -52, -52, -52, -52, -48, -48, -48, -48, -52, -52, 
    -48, -48, -52, -52, -48, -48, -52, -52, -48, -48, -52, -52, -48, -48, 
    -52, -52, -48, -48, -52, -52, -48, -48, -52, -52, -48, -48, -52, -52, 
    -48, -48, -52, -52, -48, -48, -52, -52, -48, -48, -52, -48, -52, -48, 
    -52, -48, -52, -48, -52, -48, -52, -48, -52, -48, -52, -48, -52, -48, 
    -52, -52, -48, -48, -52, -48, -52, -48, -52, -48, -52, -48, -52, -48, 
    -52, -48, -52, -48, -52, -48, -52, -48, -52, -52, -48, -48, -52, -48, 
    -52, -48, -52, -48, -52, -48, -52, -48, -52, -48, -52, -48, -52, -48, 
    -52, -48, -52, -52, -48, -48, -52, -48, -52, -48, -52, -48, -52, -48, 
    -52, -48, -52, -48, -52, -48, -52, -48, -52, -48, -52, -52, -48, -48, 
    -52, -48, -52, -48, -52, -48, -52, -48, -52, -48, -52, -48, -52, -48, 
    -52, -48, -52, -48, -52, -52, -48, -48, -52, -48, -52, -48, -52, -48, 
    -52, -48, -52, -48, -52, -48, -52, -48, -52, -48, -52, -48, -52, -52, 
    -48, -48, -52, -48, -52, -48, -52, -48, -52, -48, -52, -48, -52, -48, 
    -52, -48, -52, -48, -52, -48, -52, -52, -48, -48, -52, -48, -52, -48, 
    -52, -48, -52, -48, -52, -48, -52, -48, -52, -48, -52, -48, -52, -48, 
    -52, -52, -48, -48, -52, -48, -52, -48, -52, -48, -52, -48, -52, -48, 
    -52, -48, -52, -48, -52, -48, -52, -48, -44, -44, -44, -44, -44, -44, 
    -44, -44, -44, -44, -44, -44, -44, -44, -44, -44, -44, -44, -44, -44, 
    -44, -44, -44, -44, -44, -44, -44, -44, -44, -44, -44, -44, -44, -44, 
    -44, -44, -44, -44, -44, -44, -44, -44, -44, -44, -44, -44, -44, -44, 
    -44, -44, -44, -44, -44, -44, -44, -44, -44, -44, -44, -44, -44, -44, 
    -44, -44, -44, -44, -44, -44, -44, -44, -44, -44, -44, -44, -44, -44, 
    -44, -44, -44, -44, -44, -44, -44, -44, -44, -44, -44, -44, -44, -44, 
    -44, -44, -44, -44, -44, -44, -44, -44, -44, -44, -44, -44, -44, -44, 
    -44, -44, -44, -44, -44, -44, -44, -44, -44, -44, -44, -44, -44, -44, 
    -44, -44, -44, -40, -40, -40, -40, -40, -40, -40, -40, -40, -40, -40, 
    -40, -40, -40, -40, -40, -40, -40, -40, -40, -40, -40, -40, -40, -40, 
    -40, -40, -40, -40, -40, -40, -40, -40, -40, -40, -40, -40, -40, -40, 
    -40, -40, -40, -40, -40, -40, -40, -40, -40, -40, -40, -40, -40, -40, 
    -40, -40, -40, -40, -40, -40, -40, -40, -40, -40, -40, -40, -40, -40, 
    -40, -40, -40, -40, -40, -40, -40, -40, -40, -40, -40, -40, -40, -40, 
    -40, -40, -40, -40, -40, -40, -40, -40, -40, -40, -40, -40, -40, -40, 
    -40, -40, -40, -40, -40, -40, -40, -40, -40, -40, -40, -40, -40, -40, 
    -40, -40, -40, -40, -40, -40, -40, -40, -40, -40, -40, -40, -36, -36, 
    -36, -36, -36, -36, -36, -36, -36, -36, -36, -36, -36, -36, -36, -36, 
    -36, -36, -36, -36, -36, -36, -36, -36, -36, -36, -36, -36, -36, -36, 
    -36, -36, -36, -36, -36, -36, -36, -36, -36, -36, -36, -36, -36, -36, 
    -36, -36, -36, -36, -36, -36, -36, -36, -36, -36, -36, -36, -36, -36, 
    -36, -36, -36, -36, -36, -36, -36, -36, -36, -36, -36, -36, -36, -36, 
    -36, -36, -36, -36, -36, -36, -36, -36, -36, -36, -36, -36, -36, -36, 
    -36, -36, -36, -36, -36, -36, -36, -36, -36, -36, -36, -36, -36, -36, 
    -36, -36, -36, -36, -36, -36, -36, -36, -36, -36, -36, -36, -36, -36, 
    -36, -36, -36, -36, -36, -36, -36, -32, -32, -32, -32, -32, -32, -32, 
    -32, -32, -32, -32, -32, -32, -32, -32, -32, -32, -32, -32, -32, -32, 
    -32, -32, -32, -32, -32, -32, -32, -32, -32, -32, -32, -32, -32, -32, 
    -32, -32, -32, -32, -32, -32, -32, -32, -32, -32, -32, -32, -32, -32, 
    -32, -32, -32, -32, -32, -32, -32, -32, -32, -32, -32, -32, -32, -32, 
    -32, -32, -32, -32, -32, -32, -32, -32, -32, -32, -32, -32, -32, -32, 
    -32, -32, -32, -32, -32, -32, -32, -32, -32, -32, -32, -32, -32, -32, 
    -32, -32, -32, -32, -32, -32, -32, -32, -32, -32, -32, -32, -32, -32, 
    -32, -32, -32, -32, -32, -32, -32, -32, -32, -32, -32, -32, -32, -32, 
    -32, -32, -28, -28, -28, -28, -28, -28, -28, -28, -28, -28, -28, -28, 
    -28, -28, -28, -28, -28, -28, -28, -28, -28, -28, -28, -28, -28, -28, 
    -28, -28, -28, -28, -28, -28, -28, -28, -28, -28, -28, -28, -28, -28, 
    -28, -28, -28, -28, -28, -28, -28, -28, -28, -28, -28, -28, -28, -28, 
    -28, -28, -28, -28, -28, -28, -28, -28, -28, -28, -28, -28, -28, -28, 
    -28, -28, -28, -28, -28, -28, -28, -28, -28, -28, -28, -28, -28, -28, 
    -28, -28, -28, -28, -28, -28, -28, -28, -28, -28, -28, -28, -28, -28, 
    -28, -28, -28, -28, -28, -28, -28, -28, -28, -28, -28, -28, -28, -28, 
    -28, -28, -28, -28, -28, -28, -28, -28, -28, -28, -28, -24, -24, -24, 
    -24, -24, -24, -24, -24, -24, -24, -24, -24, -24, -24, -24, -24, -24, 
    -24, -24, -24, -24, -24, -24, -24, -24, -24, -24, -24, -24, -24, -24, 
    -24, -24, -24, -24, -24, -24, -24, -24, -24, -24, -24, -24, -24, -24, 
    -24, -24, -24, -24, -24, -24, -24, -24, -24, -24, -24, -24, -24, -24, 
    -24, -24, -24, -24, -24, -24, -24, -24, -24, -24, -24, -24, -24, -24, 
    -24, -24, -24, -24, -24, -24, -24, -24, -24, -24, -24, -24, -24, -24, 
    -24, -24, -24, -24, -24, -24, -24, -24, -24, -24, -24, -24, -24, -24, 
    -24, -24, -24, -24, -24, -24, -24, -24, -24, -24, -24, -24, -24, -24, 
    -24, -24, -24, -24, -24, -24, -20, -20, -20, -20, -20, -20, -20, -20, 
    -20, -20, -20, -20, -20, -20, -20, -20, -20, -20, -20, -20, -20, -20, 
    -20, -20, -20, -20, -20, -20, -20, -20, -20, -20, -20, -20, -20, -20, 
    -20, -20, -20, -20, -20, -20, -20, -20, -20, -20, -20, -20, -20, -20, 
    -20, -20, -20, -20, -20, -20, -20, -20, -20, -20, -20, -20, -20, -20, 
    -20, -20, -20, -20, -20, -20, -20, -20, -20, -20, -20, -20, -20, -20, 
    -20, -20, -20, -20, -20, -20, -20, -20, -20, -20, -20, -20, -20, -20, 
    -20, -20, -20, -20, -20, -20, -20, -20, -20, -20, -20, -20, -20, -20, 
    -20, -20, -20, -20, -20, -20, -20, -20, -20, -20, -20, -20, -20, -20, 
    -20, -16, -16, -16, -16, -16, -16, -16, -16, -16, -16, -16, -16, -16, 
    -16, -16, -16, -16, -16, -16, -16, -16, -16, -16, -16, -16, -16, -16, 
    -16, -16, -16, -16, -16, -16, -16, -16, -16, -16, -16, -16, -16, -16, 
    -16, -16, -16, -16, -16, -16, -16, -16, -16, -16, -16, -16, -16, -16, 
    -16, -16, -16, -16, -16, -16, -16, -16, -16, -16, -16, -16, -16, -16, 
    -16, -16, -16, -16, -16, -16, -16, -16, -16, -16, -16, -16, -16, -16, 
    -16, -16, -16, -16, -16, -16, -16, -16, -16, -16, -16, -16, -16, -16, 
    -16, -16, -16, -16, -16, -16, -16, -16, -16, -16, -16, -16, -16, -16, 
    -16, -16, -16, -16, -16, -16, -16, -16, -16, -16, -16, -16, -16, -16, 
    -16, -16, -16, -16, -16, -16, -16, -16, -16, -16, -16, -16, -16, -16, 
    -16, -16, -16, -16, -20, -20, -20, -20, -20, -20, -20, -20, -20, -20, 
    -20, -20, -20, -20, -20, -20, -20, -20, -20, -20, -20, -20, -24, -24, 
    -24, -24, -24, -24, -24, -24, -24, -24, -24, -24, -24, -24, -24, -24, 
    -24, -24, -24, -24, -24, -24, -28, -28, -28, -28, -28, -28, -28, -28, 
    -28, -28, -28, -28, -28, -28, -28, -28, -28, -28, -28, -28, -28, -28, 
    -32, -32, -32, -32, -32, -32, -32, -32, -32, -32, -32, -32, -32, -32, 
    -32, -32, -32, -32, -32, -32, -32, -32, -36, -36, -36, -36, -36, -36, 
    -36, -36, -36, -36, -36, -36, -36, -36, -36, -36, -36, -36, -36, -36, 
    -36, -36, -40, -40, -40, -40, -40, -40, -40, -40, -40, -40, -40, -40, 
    -40, -40, -40, -40, -40, -40, -40, -40, -40, -40, -44, -44, -44, -44, 
    -44, -44, -44, -44, -44, -44, -44, -44, -44, -44, -44, -44, -44, -44, 
    -44, -44, -44, -44, -48, -48, -48, -48, -48, -48, -48, -48, -48, -48, 
    -48, -48, -48, -48, -48, -48, -48, -48, -48, -48, -48, -48, -52, -52, 
    -52, -52, -52, -52, -52, -52, -52, -52, -52, -52, -52, -52, -52, -52, 
    -52, -52, -52, -52, -52, -52, -16, -16, -16, -16, -16, -16, -16, -16, 
    -16, -16, -16, -20, -20, -20, -20, -20, -20, -20, -20, -20, -20, -20, 
    -24, -24, -24, -24, -24, -24, -24, -24, -24, -24, -24, -28, -28, -28, 
    -28, -28, -28, -28, -28, -28, -28, -28, -32, -32, -32, -32, -32, -32, 
    -32, -32, -32, -32, -32, -36, -36, -36, -36, -36, -36, -36, -36, -36, 
    -36, -36, -40, -40, -40, -40, -40, -40, -40, -40, -40, -40, -40, -44, 
    -44, -44, -44, -44, -44, -44, -44, -44, -44, -44, -48, -48, -48, -48, 
    -48, -48, -48, -48, -48, -48, -48, -52, -52, -52, -52, -52, -52, -52, 
    -52, -52, -52, -52, -16, -16, -16, -16, -16, -16, -16, -16, -16, -16, 
    -16, -20, -20, -20, -20, -20, -20, -20, -20, -20, -20, -20, -24, -24, 
    -24, -24, -24, -24, -24, -24, -24, -24, -24, -28, -28, -28, -28, -28, 
    -28, -28, -28, -28, -28, -28, -32, -32, -32, -32, -32, -32, -32, -32, 
    -32, -32, -32, -36, -36, -36, -36, -36, -36, -36, -36, -36, -36, -36, 
    -40, -40, -40, -40, -40, -40, -40, -40, -40, -40, -40, -44, -44, -44, 
    -44, -44, -44, -44, -44, -44, -44, -44, -48, -48, -48, -48, -48, -48, 
    -48, -48, -48, -48, -48, -52, -52, -52, -52, -52, -52, -52, -52, -52, 
    -52, -52, -16, -16, -16, -16, -16, -16, -16, -16, -16, -16, -16, -20, 
    -20, -20, -20, -20, -20, -20, -20, -20, -20, -20, -24, -24, -24, -24, 
    -24, -24, -24, -24, -24, -24, -24, -28, -28, -28, -28, -28, -28, -28, 
    -28, -28, -28, -28, -32, -32, -32, -32, -32, -32, -32, -32, -32, -32, 
    -32, -36, -36, -36, -36, -36, -36, -36, -36, -36, -36, -36, -40, -40, 
    -40, -40, -40, -40, -40, -40, -40, -40, -40, -44, -44, -44, -44, -44, 
    -44, -44, -44, -44, -44, -44, -48, -48, -48, -48, -48, -48, -48, -48, 
    -48, -48, -48, -52, -52, -52, -52, -52, -52, -52, -52, -52, -52, -52, 
    -16, -16, -20, -20, -24, -24, -28, -28, -32, -32, -36, -36, -40, -40, 
    -44, -44, -48, -48, -52, -52, -16, -16, -20, -20, -24, -24, -28, -28, 
    -32, -32, -36, -36, -40, -40, -44, -44, -48, -48, -52, -52, -16, -16, 
    -20, -20, -24, -24, -28, -28, -32, -32, -36, -36, -40, -40, -44, -44, 
    -48, -48, -52, -52, -16, -16, -20, -20, -24, -24, -28, -28, -32, -32, 
    -36, -36, -40, -40, -44, -44, -48, -48, -52, -52, -16, -16, -20, -20, 
    -24, -24, -28, -28, -32, -32, -36, -36, -40, -40, -44, -44, -48, -48, 
    -52, -52, -16, -16, -20, -20, -24, -24, -28, -28, -32, -32, -36, -36, 
    -40, -40, -44, -44, -48, -48, -52, -52, -16, -16, -20, -20, -24, -24, 
    -28, -28, -32, -32, -36, -36, -40, -40, -44, -44, -48, -48, -52, -52, 
    -16, -16, -20, -20, -24, -24, -28, -28, -32, -32, -36, -36, -40, -40, 
    -44, -44, -48, -48, -52, -52, -16, -16, -20, -20, -24, -24, -28, -28, 
    -32, -32, -36, -36, -40, -40, -44, -44, -48, -48, -52, -52, -16, -16, 
    -20, -20, -24, -24, -28, -28, -32, -32, -36, -36, -40, -40, -44, -44, 
    -48, -48, -52, -52, -16, -20, -24, -28, -32, -36, -40, -44, -48, -52, 
    -16, -20, -24, -28, -32, -36, -40, -44, -48, -52, -16, -20, -24, -28, 
    -32, -36, -40, -44, -48, -52, -16, -20, -24, -28, -32, -36, -40, -44, 
    -48, -52, -16, -20, -24, -28, -32, -36, -40, -44, -48, -52, -16, -20, 
    -24, -28, -32, -36, -40, -44, -48, -52, -16, -20, -24, -28, -32, -36, 
    -40, -44, -48, -52, -16, -20, -24, -28, -32, -36, -40, -44, -48, -52, 
    -16, -20, -24, -28, -32, -36, -40, -44, -48, -52, -16, -20, -24, -28, 
    -32, -36, -40, -44, -48, -52, -16, -20, -24, -28, -32, -36, -40, -44, 
    -48, -52, -16, -20, -24, -28, -32, -36, -40, -44, -48, -52, -16, -20, 
    -24, -28, -32, -36, -40, -44, -48, -52, -16, -20, -24, -28, -32, -36, 
    -40, -44, -48, -52, -16, -20, -24, -28, -32, -36, -40, -44, -48, -52, 
    -16, -20, -24, -28, -32, -36, -40, -44, -48, -52, -16, -20, -24, -28, 
    -32, -36, -40, -44, -48, -52, -16, -20, -24, -28, -32, -36, -40, -44, 
    -48, -52, -16, -20, -24, -28, -32, -36, -40, -44, -48, -52, -16, -20, 
    -24, -28, -32, -36, -40, -44, -48, -52, -16, -20, -24, -28, -32, -36, 
    -40, -44, -48, -52, -16, -20, -24, -28, -32, -36, -40, -44, -48, -52, 
    -16, -20, -24, -28, -32, -36, -40, -44, -48, -52, -16, -20, -24, -28, 
    -32, -36, -40, -44, -48, -52, -16, -20, -24, -28, -32, -36, -40, -44, 
    -48, -52, -16, -20, -24, -28, -32, -36, -40, -44, -48, -52, -16, -20, 
    -24, -28, -32, -36, -40, -44, -48, -52, -16, -20, -24, -28, -32, -36, 
    -40, -44, -48, -52, -16, -20, -24, -28, -32, -36, -40, -44, -48, -52, 
    -16, -20, -24, -28, -32, -36, -40, -44, -48, -52, -16, -20, -24, -28, 
    -32, -36, -40, -44, -48, -52, -16, -20, -24, -28, -32, -36, -40, -44, 
    -48, -52, -16, -20, -24, -28, -32, -36, -40, -44, -48, -52, -16, -20, 
    -24, -28, -32, -36, -40, -44, -48, -52, -16, -20, -24, -28, -32, -36, 
    -40, -44, -48, -52, -16, -20, -24, -28, -32, -36, -40, -44, -48, -52, 
    -16, -20, -24, -28, -32, -36, -40, -44, -48, -52, -16, -20, -24, -28, 
    -32, -36, -40, -44, -48, -52, -16, -20, -24, -28, -32, -36, -40, -44, 
    -48, -52, -16, -20, -24, -28, -32, -36, -40, -44, -48, -52, -16, -20, 
    -24, -28, -32, -36, -40, -44, -48, -52, -16, -20, -24, -28, -32, -36, 
    -40, -44, -48, -52, -16, -20, -24, -28, -32, -36, -40, -44, -48, -52, 
    -16, -20, -24, -28, -32, -36, -40, -44, -48, -52, -16, -20, -24, -28, 
    -32, -36, -40, -44, -48, -52, -16, -20, -24, -28, -32, -36, -40, -44, 
    -48, -52, -16, -20, -24, -28, -32, -36, -40, -44, -48, -52, -16, -20, 
    -24, -28, -32, -36, -40, -44, -48, -52, -16, -20, -24, -28, -32, -36, 
    -40, -44, -48, -52, -16, -20, -24, -28, -32, -36, -40, -44, -48, -52, 
    -16, -20, -24, -28, -32, -36, -40, -44, -48, -52, -16, -20, -24, -28, 
    -32, -36, -40, -44, -48, -52, -16, -20, -24, -28, -32, -36, -40, -44, 
    -48, -52, -16, -20, -24, -28, -32, -36, -40, -44, -48, -52, -16, -20, 
    -24, -28, -32, -36, -40, -44, -48, -52, -16, -20, -24, -28, -32, -36, 
    -40, -44, -48, -52, -16, -20, -24, -28, -32, -36, -40, -44, -48, -52, 
    -16, -20, -24, -28, -32, -36, -40, -44, -48, -52, -16, -20, -24, -28, 
    -32, -36, -40, -44, -48, -52, -16, -20, -24, -28, -32, -36, -40, -44, 
    -48, -52, -16, -20, -24, -28, -32, -36, -40, -44, -48, -52, -16, -20, 
    -24, -28, -32, -36, -40, -44, -48, -52, -16, -20, -24, -28, -32, -36, 
    -40, -44, -48, -52, -16, -20, -24, -28, -32, -36, -40, -44, -48, -52, 
    -16, -20, -24, -28, -32, -36, -40, -44, -48, -52, -16, -20, -24, -28, 
    -32, -36, -40, -44, -48, -52, -16, -20, -24, -28, -32, -36, -40, -44, 
    -48, -52, -16, -20, -24, -28, -32, -36, -40, -44, -48, -52, -16, -20, 
    -24, -28, -32, -36, -40, -44, -48, -52, -16, -20, -24, -28, -32, -36, 
    -40, -44, -48, -52, -16, -20, -24, -28, -32, -36, -40, -44, -48, -52, 
    -16, -20, -24, -28, -32, -36, -40, -44, -48, -52, -16, -20, -24, -28, 
    -32, -36, -40, -44, -48, -52, -16, -20, -24, -28, -32, -36, -40, -44, 
    -48, -52, -16, -20, -24, -28, -32, -36, -40, -44, -48, -52, -16, -20, 
    -24, -28, -32, -36, -40, -44, -48, -52, -16, -20, -24, -28, -32, -36, 
    -40, -44, -48, -52, -16, -20, -24, -28, -32, -36, -40, -44, -48, -52, 
    -16, -20, -24, -28, -32, -36, -40, -44, -48, -52, -16, -20, -24, -28, 
    -32, -36, -40, -44, -48, -52, -16, -20, -24, -28, -32, -36, -40, -44, 
    -48, -52, -16, -20, -24, -28, -32, -36, -40, -44, -48, -52, -16, -20, 
    -24, -28, -32, -36, -40, -44, -48, -52, -16, -20, -24, -28, -32, -36, 
    -40, -44, -48, -52, -16, -20, -24, -28, -32, -36, -40, -44, -48, -52, 
    -16, -20, -24, -28, -32, -36, -40, -44, -48, -52, -16, -20, -24, -28, 
    -32, -36, -40, -44, -48, -52, -16, -20, -24, -28, -32, -36, -40, -44, 
    -48, -52, -16, -20, -24, -28, -32, -36, -40, -44, -48, -52, -16, -20, 
    -24, -28, -32, -36, -40, -44, -48, -52, 0, -2, 0, -2, 0, -2, 0, -2, 0, 
    -2, 0, -2, 0, -2, 0, -2, 0, -2, 0, -2, 0, -2, 0, -2, 0, -2, 0, -2, 0, -2, 
    0, -2, 0, -2, 0, -2, 0, -2, 0, -2, 0, -2, 0, -2, 0, -2, 0, -2, 0, -2, 0, 
    -2, 0, -2, 0, -2, 0, -2, 0, -2, 0, -2, 0, -2, 0, -2, 0, -2, 0, -2, 0, -2, 
    0, -2, 0, -2, 0, -2, 0, -2, 0, -2, 0, -2, 0, -2, 0, -2, 0, -2, 0, -2, 0, 
    -2, 0, -2, 0, -2, 0, -2, 0, -2, 0, -2, 0, -2, 0, -2, 0, -2, 0, -2, 0, -2, 
    0, -2, 0, -2, 0, -2, 0, -2, 0, -2, 0, -2, 0, -2, 0, -2, 0, -2, 0, -2, 0, 
    -2, 0, -2, 0, -2, 0, -2, 0, -2, 0, -2, 0, -2, 0, -2, 0, -2, 0, -2, 0, -2, 
    0, -2, 0, -2, 0, -2, 0, -2, 0, -2, 0, -2, 0, -2, 0, -2, 0, -2, 0, -2, 0, 
    -2, 0, -2, 0, -2, 0, -2, 0, -2, 0, -2, 0, -2, 0, -2, 0, -2, 0, -2, 0, -2, 
    0, -2, 0, -2, 0, -2, 0, -2, 0, -2, 0, -2, 0, -2, 0, -2, 0, -2, 0, -2, 0, 
    -2, 0, -2, 0, -2, 0, -2, 0, -2, 0, -2, 0, -2, 0, -2, 0, -2, 0, -2, 0, -2, 
    0, -2, 0, -2, 0, -2, 0, -2, 0, -2, 0, -2, 0, -2, 0, -2, 0, -2, 0, -2, 0, 
    -2, 0, -2, 0, -2, 0, -2, 0, -2, 0, -2, 0, -2, 0, -2, 0, -2, 0, -2, 0, -2, 
    0, -2, 0, -2, 0, -2, 0, -2, 0, -2, 0, -2, 0, -2, 0, -2, 0, -2, 0, -2, 0, 
    -2, 0, -2, 0, -2, 0, -2, 0, -2, 0, -2, 0, -2, 0, -2, 0, -2, -2, 0, 0, -2, 
    -2, 0, 0, -2, 0, -2, 0, -2, 0, -2, 0, -2, 0, -2, 0, -2, 0, -2, 0, -2, 0, 
    -2, 0, -2, 0, -2, 0, -2, 0, -2, 0, -2, 0, -2, 0, -2, -2, 0, 0, -2, 0, -2, 
    0, -2, 0, -2, 0, -2, 0, -2, 0, -2, 0, -2, 0, -2, -2, 0, 0, -2, 0, -2, 0, 
    -2, 0, -2, 0, -2, 0, -2, 0, -2, 0, -2, 0, -2, -2, 0, 0, -2, 0, -2, 0, -2, 
    0, -2, 0, -2, 0, -2, 0, -2, 0, -2, 0, -2, -2, 0, 0, -2, 0, -2, 0, -2, 0, 
    -2, 0, -2, 0, -2, 0, -2, 0, -2, 0, -2, -2, 0, 0, -2, 0, -2, 0, -2, 0, -2, 
    0, -2, 0, -2, 0, -2, 0, -2, 0, -2, -2, 0, 0, -2, 0, -2, 0, -2, 0, -2, 0, 
    -2, 0, -2, 0, -2, 0, -2, 0, -2, -2, 0, 0, -2, 0, -2, 0, -2, 0, -2, 0, -2, 
    0, -2, 0, -2, 0, -2, 0, -2, -2, 0, 0, -2, 0, -2, 0, -2, 0, -2, 0, -2, 0, 
    -2, 0, -2, 0, -2, 0, -2, -12, -12, -8.66666666666667, -8.66666666666667, 
    -12, -8.66666666666667, -12, -8.66666666666666, -12, -8.66666666666666, 
    -12, -8.66666666666667, -12, -8.66666666666666, -12, -8.66666666666666, 
    -12, -8.66666666666667, -12, -8.66666666666666, -12, -8.66666666666666, 
    -12, -12, -8.66666666666667, -8.66666666666667, -12, -8.66666666666667, 
    -12, -8.66666666666667, -12, -8.66666666666667, -12, -8.66666666666666, 
    -12, -8.66666666666667, -12, -8.66666666666667, -12, -8.66666666666667, 
    -12, -8.66666666666667, -12, -8.66666666666667, -12, -12, 
    -8.66666666666667, -8.66666666666667, -12, -8.66666666666667, -12, 
    -8.66666666666666, -12, -8.66666666666666, -12, -8.66666666666666, -12, 
    -8.66666666666666, -12, -8.66666666666666, -12, -8.66666666666666, -12, 
    -8.66666666666666, -12, -8.66666666666666, -12, -12, -8.66666666666667, 
    -8.66666666666667, -12, -8.66666666666667, -12, -8.66666666666667, -12, 
    -8.66666666666667, -12, -8.66666666666666, -12, -8.66666666666667, -12, 
    -8.66666666666667, -12, -8.66666666666667, -12, -8.66666666666667, -12, 
    -8.66666666666667, -12, -12, -8.66666666666667, -8.66666666666667, -12, 
    -8.66666666666667, -12, -8.66666666666667, -12, -8.66666666666666, -12, 
    -8.66666666666666, -12, -8.66666666666667, -12, -8.66666666666667, -12, 
    -8.66666666666667, -12, -8.66666666666667, -12, -8.66666666666667, -12, 
    -12, -8.66666666666666, -8.66666666666667, -12, -8.66666666666667, -12, 
    -8.66666666666666, -12, -8.66666666666667, -12, -8.66666666666666, -12, 
    -8.66666666666667, -12, -8.66666666666667, -12, -8.66666666666667, -12, 
    -8.66666666666666, -12, -8.66666666666667, -12, -12, -8.66666666666667, 
    -8.66666666666667, -12, -8.66666666666667, -12, -8.66666666666667, -12, 
    -8.66666666666667, -12, -8.66666666666666, -12, -8.66666666666668, -12, 
    -8.66666666666667, -12, -8.66666666666668, -12, -8.66666666666667, -12, 
    -8.66666666666667, -12, -12, -8.66666666666667, -8.66666666666667, -12, 
    -8.66666666666667, -12, -8.66666666666667, -12, -8.66666666666666, -12, 
    -8.66666666666666, -12, -8.66666666666668, -12, -8.66666666666667, -12, 
    -8.66666666666667, -12, -8.66666666666667, -12, -8.66666666666667, -12, 
    -12, -8.66666666666666, -8.66666666666666, -12, -8.66666666666667, -12, 
    -8.66666666666667, -12, -8.66666666666667, -12, -8.66666666666666, -12, 
    -8.66666666666667, -12, -8.66666666666667, -12, -8.66666666666667, -12, 
    -8.66666666666667, -12, -8.66666666666667, -12, -12, -8.66666666666666, 
    -8.66666666666667, -12, -8.66666666666666, -12, -8.66666666666666, -12, 
    -8.66666666666666, -12, -8.66666666666666, -12, -8.66666666666667, -12, 
    -8.66666666666666, -12, -8.66666666666667, -12, -8.66666666666666, -12, 
    -8.66666666666667, -5.33333333333333, -5.33333333333333, 
    -5.33333333333334, -5.33333333333334, -5.33333333333334, 
    -5.33333333333334, -5.33333333333334, -5.33333333333334, 
    -5.33333333333334, -5.33333333333334, -5.33333333333334, 
    -5.33333333333333, -5.33333333333333, -5.33333333333334, 
    -5.33333333333333, -5.33333333333334, -5.33333333333333, 
    -5.33333333333334, -5.33333333333334, -5.33333333333334, 
    -5.33333333333334, -5.33333333333334, -5.33333333333333, 
    -5.33333333333333, -5.33333333333333, -5.33333333333333, 
    -5.33333333333333, -5.33333333333333, -5.33333333333333, 
    -5.33333333333333, -5.33333333333333, -5.33333333333333, 
    -5.33333333333333, -5.33333333333333, -5.33333333333333, 
    -5.33333333333333, -5.33333333333333, -5.33333333333334, 
    -5.33333333333333, -5.33333333333334, -5.33333333333334, 
    -5.33333333333334, -5.33333333333334, -5.33333333333334, 
    -5.33333333333333, -5.33333333333333, -5.33333333333334, 
    -5.33333333333333, -5.33333333333334, -5.33333333333333, 
    -5.33333333333334, -5.33333333333333, -5.33333333333334, 
    -5.33333333333334, -5.33333333333334, -5.33333333333333, 
    -5.33333333333333, -5.33333333333333, -5.33333333333333, 
    -5.33333333333334, -5.33333333333333, -5.33333333333334, 
    -5.33333333333334, -5.33333333333334, -5.33333333333334, 
    -5.33333333333334, -5.33333333333333, -5.33333333333333, 
    -5.33333333333333, -5.33333333333333, -5.33333333333334, 
    -5.33333333333333, -5.33333333333334, -5.33333333333333, 
    -5.33333333333334, -5.33333333333334, -5.33333333333334, 
    -5.33333333333333, -5.33333333333333, -5.33333333333333, 
    -5.33333333333333, -5.33333333333334, -5.33333333333333, 
    -5.33333333333334, -5.33333333333333, -5.33333333333334, 
    -5.33333333333335, -5.33333333333334, -5.33333333333333, 
    -5.33333333333333, -5.33333333333333, -5.33333333333333, 
    -5.33333333333334, -5.33333333333333, -5.33333333333334, 
    -5.33333333333334, -5.33333333333335, -5.33333333333335, 
    -5.33333333333334, -5.33333333333333, -5.33333333333333, 
    -5.33333333333333, -5.33333333333333, -5.33333333333334, 
    -5.33333333333333, -5.33333333333334, -5.33333333333333, 
    -5.33333333333334, -5.33333333333334, -5.33333333333333, 
    -5.33333333333333, -5.33333333333333, -8.66666666666667, 
    -8.66666666666666, -12, -12, -5.33333333333333, -5.33333333333333, 
    -8.66666666666667, -8.66666666666666, -12, -12, -5.33333333333333, 
    -5.33333333333333, -8.66666666666667, -8.66666666666667, -12, -12, 
    -5.33333333333333, -5.33333333333333, -8.66666666666667, 
    -8.66666666666666, -12, -12, -5.33333333333333, -5.33333333333333, 
    -8.66666666666667, -8.66666666666667, -12, -12, -5.33333333333333, 
    -5.33333333333333, -8.66666666666667, -8.66666666666666, -12, -12, 
    -5.33333333333333, -5.33333333333333, -8.66666666666667, 
    -8.66666666666667, -12, -12, -5.33333333333333, -5.33333333333333, 
    -8.66666666666667, -8.66666666666666, -12, -12, -5.33333333333333, 
    -5.33333333333333, -8.66666666666667, -8.66666666666666, -12, -12, 
    -5.33333333333333, -5.33333333333333, -8.66666666666667, 
    -8.66666666666666, -12, -12, -5.33333333333334, -8.66666666666667, -12, 
    -5.33333333333334, -8.66666666666667, -12, -5.33333333333334, 
    -8.66666666666667, -12, -5.33333333333334, -8.66666666666666, -12, 
    -5.33333333333334, -8.66666666666667, -12, -5.33333333333334, 
    -8.66666666666666, -12, -5.33333333333334, -8.66666666666666, -12, 
    -5.33333333333334, -8.66666666666667, -12, -5.33333333333334, 
    -8.66666666666666, -12, -5.33333333333334, -8.66666666666666, -12, 
    -5.33333333333333, -8.66666666666667, -12, -5.33333333333334, 
    -8.66666666666667, -12, -5.33333333333333, -8.66666666666666, -12, 
    -5.33333333333334, -8.66666666666666, -12, -5.33333333333334, 
    -8.66666666666666, -12, -5.33333333333334, -8.66666666666666, -12, 
    -5.33333333333333, -8.66666666666666, -12, -5.33333333333333, 
    -8.66666666666666, -12, -5.33333333333333, -8.66666666666666, -12, 
    -5.33333333333334, -8.66666666666666, -12, -5.33333333333333, 
    -8.66666666666666, -12, -5.33333333333334, -8.66666666666666, -12, 
    -5.33333333333333, -8.66666666666666, -12, -5.33333333333334, 
    -8.66666666666667, -12, -5.33333333333334, -8.66666666666667, -12, 
    -5.33333333333334, -8.66666666666666, -12, -5.33333333333334, 
    -8.66666666666666, -12, -5.33333333333334, -8.66666666666667, -12, 
    -5.33333333333334, -8.66666666666666, -12, -5.33333333333334, 
    -8.66666666666666, -12, -12, -12, -8.66666666666666, -8.66666666666666, 
    -12, -12, -8.66666666666666, -8.66666666666666, -12, -12, 
    -8.66666666666666, -8.66666666666666, -12, -12, -8.66666666666667, 
    -8.66666666666666, -12, -12, -8.66666666666666, -8.66666666666666, -12, 
    -12, -8.66666666666667, -8.66666666666667, -12, -12, -8.66666666666667, 
    -8.66666666666666, -12, -12, -8.66666666666667, -8.66666666666667, -12, 
    -12, -8.66666666666667, -8.66666666666667, -12, -12, -8.66666666666667, 
    -8.66666666666666, -12, -8.66666666666666, -12, -8.66666666666667, -12, 
    -8.66666666666667, -12, -8.66666666666667, -12, -8.66666666666666, -12, 
    -8.66666666666667, -12, -8.66666666666667, -12, -8.66666666666667, -12, 
    -8.66666666666668, -12, -8.66666666666667, -12, -8.66666666666666, -12, 
    -8.66666666666666, -12, -8.66666666666666, -12, -8.66666666666667, -12, 
    -8.66666666666666, -12, -8.66666666666666, -12, -8.66666666666666, -12, 
    -8.66666666666667, -12, -8.66666666666667, -12, -8.66666666666666, -12, 
    -8.66666666666666, -12, -8.66666666666667, -12, -8.66666666666666, -12, 
    -8.66666666666667, -12, -8.66666666666666, -12, -8.66666666666667, -12, 
    -8.66666666666667, -12, -8.66666666666667, -12, -8.66666666666667, -12, 
    -8.66666666666667, -12, -8.66666666666666, -12, -8.66666666666666, -12, 
    -8.66666666666666, -12, -8.66666666666666, -12, -8.66666666666665, -12, 
    -8.66666666666666, -12, -8.66666666666666, -12, -8.66666666666666, -12, 
    -8.66666666666666, -12, -8.66666666666666, -12, -8.66666666666667, -12, 
    -8.66666666666666, -12, -8.66666666666667, -12, -8.66666666666667, -12, 
    -8.66666666666666, -12, -8.66666666666667, -12, -8.66666666666667, -12, 
    -8.66666666666667, -12, -8.66666666666667, -12, -8.66666666666666, -12, 
    -8.66666666666667, -12, -8.66666666666667, -12, -8.66666666666667, -12, 
    -8.66666666666666, -12, -8.66666666666667, -12, -8.66666666666666, -12, 
    -8.66666666666667, -12, -8.66666666666666, -12, -8.66666666666666, -12, 
    -8.66666666666666, -12, -8.66666666666667, -12, -8.66666666666667, -12, 
    -8.66666666666667, -12, -8.66666666666667, -12, -8.66666666666667, -12, 
    -8.66666666666666, -12, -8.66666666666666, -12, -8.66666666666667, -12, 
    -8.66666666666666, -12, -8.66666666666666, -12, -8.66666666666667, -12, 
    -8.66666666666666, -12, -8.66666666666666, -12, -8.66666666666667, -12, 
    -8.66666666666667, -12, -8.66666666666666, -12, -8.66666666666667, -12, 
    -8.66666666666667, -12, -8.66666666666667, -12, -8.66666666666666, 
    -5.33333333333334, -5.33333333333334, -5.33333333333334, 
    -5.33333333333334, -5.33333333333333, -5.33333333333334, 
    -5.33333333333334, -5.33333333333334, -5.33333333333333, 
    -5.33333333333333, -5.33333333333334, -5.33333333333334, 
    -5.33333333333333, -5.33333333333334, -5.33333333333333, 
    -5.33333333333334, -5.33333333333333, -5.33333333333334, 
    -5.33333333333333, -5.33333333333334, -5.33333333333334, 
    -5.33333333333334, -5.33333333333333, -5.33333333333334, 
    -5.33333333333333, -5.33333333333334, -5.33333333333333, 
    -5.33333333333334, -5.33333333333334, -5.33333333333334, 
    -5.33333333333334, -5.33333333333334, -5.33333333333333, 
    -5.33333333333333, -5.33333333333333, -5.33333333333334, 
    -5.33333333333333, -5.33333333333333, -5.33333333333333, 
    -5.33333333333333, -5.33333333333334, -5.33333333333334, 
    -5.33333333333333, -5.33333333333334, -5.33333333333333, 
    -5.33333333333334, -5.33333333333333, -5.33333333333334, 
    -5.33333333333333, -5.33333333333334, -5.33333333333334, 
    -5.33333333333333, -5.33333333333333, -5.33333333333333, 
    -5.33333333333333, -5.33333333333333, -5.33333333333333, 
    -5.33333333333333, -5.33333333333333, -5.33333333333333, 
    -5.33333333333334, -5.33333333333334, -5.33333333333334, 
    -5.33333333333334, -5.33333333333334, -5.33333333333334, 
    -5.33333333333334, -5.33333333333334, -5.33333333333334, 
    -5.33333333333334, -5.33333333333334, -5.33333333333333, 
    -5.33333333333333, -5.33333333333333, -5.33333333333333, 
    -5.33333333333333, -5.33333333333333, -5.33333333333333, 
    -5.33333333333333, -5.33333333333333, -5.33333333333334, 
    -5.33333333333334, -5.33333333333333, -5.33333333333333, 
    -5.33333333333333, -5.33333333333333, -5.33333333333333, 
    -5.33333333333333, -5.33333333333333, -5.33333333333333, 
    -5.33333333333334, -5.33333333333334, -5.33333333333334, 
    -5.33333333333334, -5.33333333333334, -5.33333333333334, 
    -5.33333333333334, -5.33333333333334, -5.33333333333334, 
    -5.33333333333334, -52, -52, -48, -48, -52, -52, -48, -48, -52, -52, -48, 
    -48, -52, -52, -48, -48, -52, -52, -48, -48, -52, -52, -48, -48, -52, 
    -52, -48, -48, -52, -52, -48, -48, -52, -52, -48, -48, -52, -52, -48, 
    -48, -52, -48, -52, -48, -52, -48, -52, -48, -52, -48, -52, -48, -52, 
    -48, -52, -48, -52, -48, -52, -48, -52, -48, -52, -48, -52, -48, -52, 
    -48, -52, -48, -52, -48, -52, -48, -52, -48, -52, -48, -52, -48, -52, 
    -48, -52, -48, -52, -48, -52, -48, -52, -48, -52, -48, -52, -48, -52, 
    -48, -52, -48, -52, -48, -52, -48, -52, -48, -52, -48, -52, -48, -52, 
    -48, -52, -48, -52, -48, -52, -48, -52, -48, -52, -48, -52, -48, -52, 
    -48, -52, -48, -52, -48, -52, -48, -52, -48, -52, -48, -52, -48, -52, 
    -48, -52, -48, -52, -48, -52, -48, -52, -48, -52, -48, -52, -48, -52, 
    -48, -52, -48, -52, -48, -52, -48, -52, -48, -52, -48, -52, -48, -52, 
    -48, -52, -48, -52, -48, -52, -48, -52, -48, -52, -48, -52, -48, -52, 
    -48, -52, -48, -52, -48, -52, -48, -52, -48, -52, -48, -52, -48, -52, 
    -48, -52, -48, -52, -48, -52, -48, -52, -48, -52, -48, -52, -48, -52, 
    -48, -52, -48, -52, -48, -52, -48, -52, -48, -52, -48, -52, -48, -44, 
    -44, -44, -44, -44, -44, -44, -44, -44, -44, -44, -44, -44, -44, -44, 
    -44, -44, -44, -44, -44, -44, -44, -44, -44, -44, -44, -44, -44, -44, 
    -44, -44, -44, -44, -44, -44, -44, -44, -44, -44, -44, -44, -44, -44, 
    -44, -44, -44, -44, -44, -44, -44, -44, -44, -44, -44, -44, -44, -44, 
    -44, -44, -44, -44, -44, -44, -44, -44, -44, -44, -44, -44, -44, -44, 
    -44, -44, -44, -44, -44, -44, -44, -44, -44, -44, -44, -44, -44, -44, 
    -44, -44, -44, -44, -44, -44, -44, -44, -44, -44, -44, -44, -44, -44, 
    -44, -44, -44, -44, -44, -44, -44, -44, -44, -44, -44, -40, -40, -40, 
    -40, -40, -40, -40, -40, -40, -40, -40, -40, -40, -40, -40, -40, -40, 
    -40, -40, -40, -40, -40, -40, -40, -40, -40, -40, -40, -40, -40, -40, 
    -40, -40, -40, -40, -40, -40, -40, -40, -40, -40, -40, -40, -40, -40, 
    -40, -40, -40, -40, -40, -40, -40, -40, -40, -40, -40, -40, -40, -40, 
    -40, -40, -40, -40, -40, -40, -40, -40, -40, -40, -40, -40, -40, -40, 
    -40, -40, -40, -40, -40, -40, -40, -40, -40, -40, -40, -40, -40, -40, 
    -40, -40, -40, -40, -40, -40, -40, -40, -40, -40, -40, -40, -40, -40, 
    -40, -40, -40, -40, -40, -40, -40, -40, -40, -36, -36, -36, -36, -36, 
    -36, -36, -36, -36, -36, -36, -36, -36, -36, -36, -36, -36, -36, -36, 
    -36, -36, -36, -36, -36, -36, -36, -36, -36, -36, -36, -36, -36, -36, 
    -36, -36, -36, -36, -36, -36, -36, -36, -36, -36, -36, -36, -36, -36, 
    -36, -36, -36, -36, -36, -36, -36, -36, -36, -36, -36, -36, -36, -36, 
    -36, -36, -36, -36, -36, -36, -36, -36, -36, -36, -36, -36, -36, -36, 
    -36, -36, -36, -36, -36, -36, -36, -36, -36, -36, -36, -36, -36, -36, 
    -36, -36, -36, -36, -36, -36, -36, -36, -36, -36, -36, -36, -36, -36, 
    -36, -36, -36, -36, -36, -36, -36, -32, -32, -32, -32, -32, -32, -32, 
    -32, -32, -32, -32, -32, -32, -32, -32, -32, -32, -32, -32, -32, -32, 
    -32, -32, -32, -32, -32, -32, -32, -32, -32, -32, -32, -32, -32, -32, 
    -32, -32, -32, -32, -32, -32, -32, -32, -32, -32, -32, -32, -32, -32, 
    -32, -32, -32, -32, -32, -32, -32, -32, -32, -32, -32, -32, -32, -32, 
    -32, -32, -32, -32, -32, -32, -32, -32, -32, -32, -32, -32, -32, -32, 
    -32, -32, -32, -32, -32, -32, -32, -32, -32, -32, -32, -32, -32, -32, 
    -32, -32, -32, -32, -32, -32, -32, -32, -32, -32, -32, -32, -32, -32, 
    -32, -32, -32, -32, -32, -28, -28, -28, -28, -28, -28, -28, -28, -28, 
    -28, -28, -28, -28, -28, -28, -28, -28, -28, -28, -28, -28, -28, -28, 
    -28, -28, -28, -28, -28, -28, -28, -28, -28, -28, -28, -28, -28, -28, 
    -28, -28, -28, -28, -28, -28, -28, -28, -28, -28, -28, -28, -28, -28, 
    -28, -28, -28, -28, -28, -28, -28, -28, -28, -28, -28, -28, -28, -28, 
    -28, -28, -28, -28, -28, -28, -28, -28, -28, -28, -28, -28, -28, -28, 
    -28, -28, -28, -28, -28, -28, -28, -28, -28, -28, -28, -28, -28, -28, 
    -28, -28, -28, -28, -28, -28, -28, -28, -28, -28, -28, -28, -28, -28, 
    -28, -28, -28, -24, -24, -24, -24, -24, -24, -24, -24, -24, -24, -24, 
    -24, -24, -24, -24, -24, -24, -24, -24, -24, -24, -24, -24, -24, -24, 
    -24, -24, -24, -24, -24, -24, -24, -24, -24, -24, -24, -24, -24, -24, 
    -24, -24, -24, -24, -24, -24, -24, -24, -24, -24, -24, -24, -24, -24, 
    -24, -24, -24, -24, -24, -24, -24, -24, -24, -24, -24, -24, -24, -24, 
    -24, -24, -24, -24, -24, -24, -24, -24, -24, -24, -24, -24, -24, -24, 
    -24, -24, -24, -24, -24, -24, -24, -24, -24, -24, -24, -24, -24, -24, 
    -24, -24, -24, -24, -24, -24, -24, -24, -24, -24, -24, -24, -24, -24, 
    -24, -20, -20, -20, -20, -20, -20, -20, -20, -20, -20, -20, -20, -20, 
    -20, -20, -20, -20, -20, -20, -20, -20, -20, -20, -20, -20, -20, -20, 
    -20, -20, -20, -20, -20, -20, -20, -20, -20, -20, -20, -20, -20, -20, 
    -20, -20, -20, -20, -20, -20, -20, -20, -20, -20, -20, -20, -20, -20, 
    -20, -20, -20, -20, -20, -20, -20, -20, -20, -20, -20, -20, -20, -20, 
    -20, -20, -20, -20, -20, -20, -20, -20, -20, -20, -20, -20, -20, -20, 
    -20, -20, -20, -20, -20, -20, -20, -20, -20, -20, -20, -20, -20, -20, 
    -20, -20, -20, -20, -20, -20, -20, -20, -20, -20, -20, -20, -20, -16, 
    -16, -16, -16, -16, -16, -16, -16, -16, -16, -16, -16, -16, -16, -16, 
    -16, -16, -16, -16, -16, -16, -16, -16, -16, -16, -16, -16, -16, -16, 
    -16, -16, -16, -16, -16, -16, -16, -16, -16, -16, -16, -16, -16, -16, 
    -16, -16, -16, -16, -16, -16, -16, -16, -16, -16, -16, -16, -16, -16, 
    -16, -16, -16, -16, -16, -16, -16, -16, -16, -16, -16, -16, -16, -16, 
    -16, -16, -16, -16, -16, -16, -16, -16, -16, -16, -16, -16, -16, -16, 
    -16, -16, -16, -16, -16, -16, -16, -16, -16, -16, -16, -16, -16, -16, 
    -16, -16, -16, -16, -16, -16, -16, -16, -16, -16, -16, -16, -16, -20, 
    -20, -24, -24, -28, -28, -32, -32, -36, -36, -40, -40, -44, -44, -48, 
    -48, -52, -52, -16, -20, -24, -28, -32, -36, -40, -44, -48, -52, -16, 
    -20, -24, -28, -32, -36, -40, -44, -48, -52, -16, -20, -24, -28, -32, 
    -36, -40, -44, -48, -52, -16, -20, -24, -28, -32, -36, -40, -44, -48, 
    -52, -16, -20, -24, -28, -32, -36, -40, -44, -48, -52, -16, -20, -24, 
    -28, -32, -36, -40, -44, -48, -52, -16, -20, -24, -28, -32, -36, -40, 
    -44, -48, -52, -16, -20, -24, -28, -32, -36, -40, -44, -48, -52, -16, 
    -16, -20, -20, -24, -24, -28, -28, -32, -32, -36, -36, -40, -40, -44, 
    -44, -48, -48, -52, -52, -16, -20, -24, -28, -32, -36, -40, -44, -48, 
    -52, -16, -20, -24, -28, -32, -36, -40, -44, -48, -52, -16, -20, -24, 
    -28, -32, -36, -40, -44, -48, -52, -16, -20, -24, -28, -32, -36, -40, 
    -44, -48, -52, -16, -20, -24, -28, -32, -36, -40, -44, -48, -52, -16, 
    -20, -24, -28, -32, -36, -40, -44, -48, -52, -16, -20, -24, -28, -32, 
    -36, -40, -44, -48, -52, -16, -20, -24, -28, -32, -36, -40, -44, -48, 
    -52, -16, -16, -20, -20, -24, -24, -28, -28, -32, -32, -36, -36, -40, 
    -40, -44, -44, -48, -48, -52, -52, -16, -20, -24, -28, -32, -36, -40, 
    -44, -48, -52, -16, -20, -24, -28, -32, -36, -40, -44, -48, -52, -16, 
    -20, -24, -28, -32, -36, -40, -44, -48, -52, -16, -20, -24, -28, -32, 
    -36, -40, -44, -48, -52, -16, -20, -24, -28, -32, -36, -40, -44, -48, 
    -52, -16, -20, -24, -28, -32, -36, -40, -44, -48, -52, -16, -20, -24, 
    -28, -32, -36, -40, -44, -48, -52, -16, -20, -24, -28, -32, -36, -40, 
    -44, -48, -52, -16, -16, -20, -20, -24, -24, -28, -28, -32, -32, -36, 
    -36, -40, -40, -44, -44, -48, -48, -52, -52, -16, -20, -24, -28, -32, 
    -36, -40, -44, -48, -52, -16, -20, -24, -28, -32, -36, -40, -44, -48, 
    -52, -16, -20, -24, -28, -32, -36, -40, -44, -48, -52, -16, -20, -24, 
    -28, -32, -36, -40, -44, -48, -52, -16, -20, -24, -28, -32, -36, -40, 
    -44, -48, -52, -16, -20, -24, -28, -32, -36, -40, -44, -48, -52, -16, 
    -20, -24, -28, -32, -36, -40, -44, -48, -52, -16, -20, -24, -28, -32, 
    -36, -40, -44, -48, -52, -16, -16, -20, -20, -24, -24, -28, -28, -32, 
    -32, -36, -36, -40, -40, -44, -44, -48, -48, -52, -52, -16, -20, -24, 
    -28, -32, -36, -40, -44, -48, -52, -16, -20, -24, -28, -32, -36, -40, 
    -44, -48, -52, -16, -20, -24, -28, -32, -36, -40, -44, -48, -52, -16, 
    -20, -24, -28, -32, -36, -40, -44, -48, -52, -16, -20, -24, -28, -32, 
    -36, -40, -44, -48, -52, -16, -20, -24, -28, -32, -36, -40, -44, -48, 
    -52, -16, -20, -24, -28, -32, -36, -40, -44, -48, -52, -16, -20, -24, 
    -28, -32, -36, -40, -44, -48, -52, -52, -52, -52, -52, -48, -48, -48, 
    -48, -52, -52, -48, -48, -52, -52, -48, -48, -52, -52, -48, -48, -52, 
    -52, -48, -48, -52, -52, -48, -48, -52, -52, -48, -48, -52, -52, -48, 
    -48, -52, -52, -48, -48, -52, -52, -48, -48, -52, -48, -52, -48, -52, 
    -48, -52, -48, -52, -48, -52, -48, -52, -48, -52, -48, -52, -52, -48, 
    -48, -52, -48, -52, -48, -52, -48, -52, -48, -52, -48, -52, -48, -52, 
    -48, -52, -48, -52, -52, -48, -48, -52, -48, -52, -48, -52, -48, -52, 
    -48, -52, -48, -52, -48, -52, -48, -52, -48, -52, -52, -48, -48, -52, 
    -48, -52, -48, -52, -48, -52, -48, -52, -48, -52, -48, -52, -48, -52, 
    -48, -52, -52, -48, -48, -52, -48, -52, -48, -52, -48, -52, -48, -52, 
    -48, -52, -48, -52, -48, -52, -48, -52, -52, -48, -48, -52, -48, -52, 
    -48, -52, -48, -52, -48, -52, -48, -52, -48, -52, -48, -52, -48, -52, 
    -52, -48, -48, -52, -48, -52, -48, -52, -48, -52, -48, -52, -48, -52, 
    -48, -52, -48, -52, -48, -52, -52, -48, -48, -52, -48, -52, -48, -52, 
    -48, -52, -48, -52, -48, -52, -48, -52, -48, -52, -48, -44, -44, -44, 
    -44, -44, -44, -44, -44, -44, -44, -44, -44, -44, -44, -44, -44, -44, 
    -44, -44, -44, -44, -44, -44, -44, -44, -44, -44, -44, -44, -44, -44, 
    -44, -44, -44, -44, -44, -44, -44, -44, -44, -44, -44, -44, -44, -44, 
    -44, -44, -44, -44, -44, -44, -44, -44, -44, -44, -44, -44, -44, -44, 
    -44, -44, -44, -44, -44, -44, -44, -44, -44, -44, -44, -44, -44, -44, 
    -44, -44, -44, -44, -44, -44, -44, -44, -44, -44, -44, -44, -44, -44, 
    -44, -44, -44, -44, -44, -44, -44, -44, -44, -44, -44, -44, -44, -40, 
    -40, -40, -40, -40, -40, -40, -40, -40, -40, -40, -40, -40, -40, -40, 
    -40, -40, -40, -40, -40, -40, -40, -40, -40, -40, -40, -40, -40, -40, 
    -40, -40, -40, -40, -40, -40, -40, -40, -40, -40, -40, -40, -40, -40, 
    -40, -40, -40, -40, -40, -40, -40, -40, -40, -40, -40, -40, -40, -40, 
    -40, -40, -40, -40, -40, -40, -40, -40, -40, -40, -40, -40, -40, -40, 
    -40, -40, -40, -40, -40, -40, -40, -40, -40, -40, -40, -40, -40, -40, 
    -40, -40, -40, -40, -40, -40, -40, -40, -40, -40, -40, -40, -40, -40, 
    -40, -36, -36, -36, -36, -36, -36, -36, -36, -36, -36, -36, -36, -36, 
    -36, -36, -36, -36, -36, -36, -36, -36, -36, -36, -36, -36, -36, -36, 
    -36, -36, -36, -36, -36, -36, -36, -36, -36, -36, -36, -36, -36, -36, 
    -36, -36, -36, -36, -36, -36, -36, -36, -36, -36, -36, -36, -36, -36, 
    -36, -36, -36, -36, -36, -36, -36, -36, -36, -36, -36, -36, -36, -36, 
    -36, -36, -36, -36, -36, -36, -36, -36, -36, -36, -36, -36, -36, -36, 
    -36, -36, -36, -36, -36, -36, -36, -36, -36, -36, -36, -36, -36, -36, 
    -36, -36, -36, -32, -32, -32, -32, -32, -32, -32, -32, -32, -32, -32, 
    -32, -32, -32, -32, -32, -32, -32, -32, -32, -32, -32, -32, -32, -32, 
    -32, -32, -32, -32, -32, -32, -32, -32, -32, -32, -32, -32, -32, -32, 
    -32, -32, -32, -32, -32, -32, -32, -32, -32, -32, -32, -32, -32, -32, 
    -32, -32, -32, -32, -32, -32, -32, -32, -32, -32, -32, -32, -32, -32, 
    -32, -32, -32, -32, -32, -32, -32, -32, -32, -32, -32, -32, -32, -32, 
    -32, -32, -32, -32, -32, -32, -32, -32, -32, -32, -32, -32, -32, -32, 
    -32, -32, -32, -32, -32, -28, -28, -28, -28, -28, -28, -28, -28, -28, 
    -28, -28, -28, -28, -28, -28, -28, -28, -28, -28, -28, -28, -28, -28, 
    -28, -28, -28, -28, -28, -28, -28, -28, -28, -28, -28, -28, -28, -28, 
    -28, -28, -28, -28, -28, -28, -28, -28, -28, -28, -28, -28, -28, -28, 
    -28, -28, -28, -28, -28, -28, -28, -28, -28, -28, -28, -28, -28, -28, 
    -28, -28, -28, -28, -28, -28, -28, -28, -28, -28, -28, -28, -28, -28, 
    -28, -28, -28, -28, -28, -28, -28, -28, -28, -28, -28, -28, -28, -28, 
    -28, -28, -28, -28, -28, -28, -28, -24, -24, -24, -24, -24, -24, -24, 
    -24, -24, -24, -24, -24, -24, -24, -24, -24, -24, -24, -24, -24, -24, 
    -24, -24, -24, -24, -24, -24, -24, -24, -24, -24, -24, -24, -24, -24, 
    -24, -24, -24, -24, -24, -24, -24, -24, -24, -24, -24, -24, -24, -24, 
    -24, -24, -24, -24, -24, -24, -24, -24, -24, -24, -24, -24, -24, -24, 
    -24, -24, -24, -24, -24, -24, -24, -24, -24, -24, -24, -24, -24, -24, 
    -24, -24, -24, -24, -24, -24, -24, -24, -24, -24, -24, -24, -24, -24, 
    -24, -24, -24, -24, -24, -24, -24, -24, -24, -20, -20, -20, -20, -20, 
    -20, -20, -20, -20, -20, -20, -20, -20, -20, -20, -20, -20, -20, -20, 
    -20, -20, -20, -20, -20, -20, -20, -20, -20, -20, -20, -20, -20, -20, 
    -20, -20, -20, -20, -20, -20, -20, -20, -20, -20, -20, -20, -20, -20, 
    -20, -20, -20, -20, -20, -20, -20, -20, -20, -20, -20, -20, -20, -20, 
    -20, -20, -20, -20, -20, -20, -20, -20, -20, -20, -20, -20, -20, -20, 
    -20, -20, -20, -20, -20, -20, -20, -20, -20, -20, -20, -20, -20, -20, 
    -20, -20, -20, -20, -20, -20, -20, -20, -20, -20, -20, -16, -16, -16, 
    -16, -16, -16, -16, -16, -16, -16, -16, -16, -16, -16, -16, -16, -16, 
    -16, -16, -16, -16, -16, -16, -16, -16, -16, -16, -16, -16, -16, -16, 
    -16, -16, -16, -16, -16, -16, -16, -16, -16, -16, -16, -16, -16, -16, 
    -16, -16, -16, -16, -16, -16, -16, -16, -16, -16, -16, -16, -16, -16, 
    -16, -16, -16, -16, -16, -16, -16, -16, -16, -16, -16, -16, -16, -16, 
    -16, -16, -16, -16, -16, -16, -16, -16, -16, -16, -16, -16, -16, -16, 
    -16, -16, -16, -16, -16, -16, -16, -16, -16, -16, -16, -16, -16 ;

 eb_names =
  "",
  "" ;

 ss_names =
  "xmin_ssbcux",
  "xmax_ssbcux",
  "ymin_ssbcuy",
  "ymax_ssbcuy",
  "zmin_ssbcuz",
  "fault_plus",
  "fault_minus",
  "add_infinite" ;

 coor_names =
  "x",
  "y",
  "z" ;

 connect1 =
  1, 2, 3, 4, 5, 6, 7, 8,
  4, 3, 9, 10, 8, 7, 11, 12,
  10, 9, 13, 14, 12, 11, 15, 16,
  14, 13, 17, 18, 16, 15, 19, 20,
  18, 17, 21, 22, 20, 19, 23, 24,
  22, 21, 25, 26, 24, 23, 27, 28,
  26, 25, 29, 30, 28, 27, 31, 32,
  30, 29, 33, 34, 32, 31, 35, 36,
  34, 33, 37, 38, 36, 35, 39, 40,
  38, 37, 41, 42, 40, 39, 43, 44,
  5, 6, 7, 8, 45, 46, 47, 48,
  8, 7, 11, 12, 48, 47, 49, 50,
  12, 11, 15, 16, 50, 49, 51, 52,
  16, 15, 19, 20, 52, 51, 53, 54,
  20, 19, 23, 24, 54, 53, 55, 56,
  24, 23, 27, 28, 56, 55, 57, 58,
  28, 27, 31, 32, 58, 57, 59, 60,
  32, 31, 35, 36, 60, 59, 61, 62,
  36, 35, 39, 40, 62, 61, 63, 64,
  40, 39, 43, 44, 64, 63, 65, 66,
  45, 46, 47, 48, 67, 68, 69, 70,
  48, 47, 49, 50, 70, 69, 71, 72,
  50, 49, 51, 52, 72, 71, 73, 74,
  52, 51, 53, 54, 74, 73, 75, 76,
  54, 53, 55, 56, 76, 75, 77, 78,
  56, 55, 57, 58, 78, 77, 79, 80,
  58, 57, 59, 60, 80, 79, 81, 82,
  60, 59, 61, 62, 82, 81, 83, 84,
  62, 61, 63, 64, 84, 83, 85, 86,
  64, 63, 65, 66, 86, 85, 87, 88,
  67, 68, 69, 70, 89, 90, 91, 92,
  70, 69, 71, 72, 92, 91, 93, 94,
  72, 71, 73, 74, 94, 93, 95, 96,
  74, 73, 75, 76, 96, 95, 97, 98,
  76, 75, 77, 78, 98, 97, 99, 100,
  78, 77, 79, 80, 100, 99, 101, 102,
  80, 79, 81, 82, 102, 101, 103, 104,
  82, 81, 83, 84, 104, 103, 105, 106,
  84, 83, 85, 86, 106, 105, 107, 108,
  86, 85, 87, 88, 108, 107, 109, 110,
  89, 90, 91, 92, 111, 112, 113, 114,
  92, 91, 93, 94, 114, 113, 115, 116,
  94, 93, 95, 96, 116, 115, 117, 118,
  96, 95, 97, 98, 118, 117, 119, 120,
  98, 97, 99, 100, 120, 119, 121, 122,
  100, 99, 101, 102, 122, 121, 123, 124,
  102, 101, 103, 104, 124, 123, 125, 126,
  104, 103, 105, 106, 126, 125, 127, 128,
  106, 105, 107, 108, 128, 127, 129, 130,
  108, 107, 109, 110, 130, 129, 131, 132,
  111, 112, 113, 114, 133, 134, 135, 136,
  114, 113, 115, 116, 136, 135, 137, 138,
  116, 115, 117, 118, 138, 137, 139, 140,
  118, 117, 119, 120, 140, 139, 141, 142,
  120, 119, 121, 122, 142, 141, 143, 144,
  122, 121, 123, 124, 144, 143, 145, 146,
  124, 123, 125, 126, 146, 145, 147, 148,
  126, 125, 127, 128, 148, 147, 149, 150,
  128, 127, 129, 130, 150, 149, 151, 152,
  130, 129, 131, 132, 152, 151, 153, 154,
  133, 134, 135, 136, 155, 156, 157, 158,
  136, 135, 137, 138, 158, 157, 159, 160,
  138, 137, 139, 140, 160, 159, 161, 162,
  140, 139, 141, 142, 162, 161, 163, 164,
  142, 141, 143, 144, 164, 163, 165, 166,
  144, 143, 145, 146, 166, 165, 167, 168,
  146, 145, 147, 148, 168, 167, 169, 170,
  148, 147, 149, 150, 170, 169, 171, 172,
  150, 149, 151, 152, 172, 171, 173, 174,
  152, 151, 153, 154, 174, 173, 175, 176,
  155, 156, 157, 158, 177, 178, 179, 180,
  158, 157, 159, 160, 180, 179, 181, 182,
  160, 159, 161, 162, 182, 181, 183, 184,
  162, 161, 163, 164, 184, 183, 185, 186,
  164, 163, 165, 166, 186, 185, 187, 188,
  166, 165, 167, 168, 188, 187, 189, 190,
  168, 167, 169, 170, 190, 189, 191, 192,
  170, 169, 171, 172, 192, 191, 193, 194,
  172, 171, 173, 174, 194, 193, 195, 196,
  174, 173, 175, 176, 196, 195, 197, 198,
  177, 178, 179, 180, 199, 200, 201, 202,
  180, 179, 181, 182, 202, 201, 203, 204,
  182, 181, 183, 184, 204, 203, 205, 206,
  184, 183, 185, 186, 206, 205, 207, 208,
  186, 185, 187, 188, 208, 207, 209, 210,
  188, 187, 189, 190, 210, 209, 211, 212,
  190, 189, 191, 192, 212, 211, 213, 214,
  192, 191, 193, 194, 214, 213, 215, 216,
  194, 193, 195, 196, 216, 215, 217, 218,
  196, 195, 197, 198, 218, 217, 219, 220,
  199, 200, 201, 202, 221, 222, 223, 224,
  202, 201, 203, 204, 224, 223, 225, 226,
  204, 203, 205, 206, 226, 225, 227, 228,
  206, 205, 207, 208, 228, 227, 229, 230,
  208, 207, 209, 210, 230, 229, 231, 232,
  210, 209, 211, 212, 232, 231, 233, 234,
  212, 211, 213, 214, 234, 233, 235, 236,
  214, 213, 215, 216, 236, 235, 237, 238,
  216, 215, 217, 218, 238, 237, 239, 240,
  218, 217, 219, 220, 240, 239, 241, 242,
  222, 243, 244, 223, 221, 245, 246, 224,
  243, 247, 248, 244, 245, 249, 250, 246,
  247, 251, 252, 248, 249, 253, 254, 250,
  251, 255, 256, 252, 253, 257, 258, 254,
  255, 259, 260, 256, 257, 261, 262, 258,
  223, 244, 263, 225, 224, 246, 264, 226,
  244, 248, 265, 263, 246, 250, 266, 264,
  248, 252, 267, 265, 250, 254, 268, 266,
  252, 256, 269, 267, 254, 258, 270, 268,
  256, 260, 271, 269, 258, 262, 272, 270,
  225, 263, 273, 227, 226, 264, 274, 228,
  263, 265, 275, 273, 264, 266, 276, 274,
  265, 267, 277, 275, 266, 268, 278, 276,
  267, 269, 279, 277, 268, 270, 280, 278,
  269, 271, 281, 279, 270, 272, 282, 280,
  227, 273, 283, 229, 228, 274, 284, 230,
  273, 275, 285, 283, 274, 276, 286, 284,
  275, 277, 287, 285, 276, 278, 288, 286,
  277, 279, 289, 287, 278, 280, 290, 288,
  279, 281, 291, 289, 280, 282, 292, 290,
  229, 283, 293, 231, 230, 284, 294, 232,
  283, 285, 295, 293, 284, 286, 296, 294,
  285, 287, 297, 295, 286, 288, 298, 296,
  287, 289, 299, 297, 288, 290, 300, 298,
  289, 291, 301, 299, 290, 292, 302, 300,
  231, 293, 303, 233, 232, 294, 304, 234,
  293, 295, 305, 303, 294, 296, 306, 304,
  295, 297, 307, 305, 296, 298, 308, 306,
  297, 299, 309, 307, 298, 300, 310, 308,
  299, 301, 311, 309, 300, 302, 312, 310,
  233, 303, 313, 235, 234, 304, 314, 236,
  303, 305, 315, 313, 304, 306, 316, 314,
  305, 307, 317, 315, 306, 308, 318, 316,
  307, 309, 319, 317, 308, 310, 320, 318,
  309, 311, 321, 319, 310, 312, 322, 320,
  235, 313, 323, 237, 236, 314, 324, 238,
  313, 315, 325, 323, 314, 316, 326, 324,
  315, 317, 327, 325, 316, 318, 328, 326,
  317, 319, 329, 327, 318, 320, 330, 328,
  319, 321, 331, 329, 320, 322, 332, 330,
  237, 323, 333, 239, 238, 324, 334, 240,
  323, 325, 335, 333, 324, 326, 336, 334,
  325, 327, 337, 335, 326, 328, 338, 336,
  327, 329, 339, 337, 328, 330, 340, 338,
  329, 331, 341, 339, 330, 332, 342, 340,
  239, 333, 343, 241, 240, 334, 344, 242,
  333, 335, 345, 343, 334, 336, 346, 344,
  335, 337, 347, 345, 336, 338, 348, 346,
  337, 339, 349, 347, 338, 340, 350, 348,
  339, 341, 351, 349, 340, 342, 352, 350,
  351, 341, 353, 354, 352, 342, 355, 356,
  341, 331, 357, 353, 342, 332, 358, 355,
  331, 321, 359, 357, 332, 322, 360, 358,
  321, 311, 361, 359, 322, 312, 362, 360,
  311, 301, 363, 361, 312, 302, 364, 362,
  301, 291, 365, 363, 302, 292, 366, 364,
  291, 281, 367, 365, 292, 282, 368, 366,
  281, 271, 369, 367, 282, 272, 370, 368,
  271, 260, 371, 369, 272, 262, 372, 370,
  260, 259, 373, 371, 262, 261, 374, 372,
  354, 353, 375, 376, 356, 355, 377, 378,
  353, 357, 379, 375, 355, 358, 380, 377,
  357, 359, 381, 379, 358, 360, 382, 380,
  359, 361, 383, 381, 360, 362, 384, 382,
  361, 363, 385, 383, 362, 364, 386, 384,
  363, 365, 387, 385, 364, 366, 388, 386,
  365, 367, 389, 387, 366, 368, 390, 388,
  367, 369, 391, 389, 368, 370, 392, 390,
  369, 371, 393, 391, 370, 372, 394, 392,
  371, 373, 395, 393, 372, 374, 396, 394,
  376, 375, 397, 398, 378, 377, 399, 400,
  375, 379, 401, 397, 377, 380, 402, 399,
  379, 381, 403, 401, 380, 382, 404, 402,
  381, 383, 405, 403, 382, 384, 406, 404,
  383, 385, 407, 405, 384, 386, 408, 406,
  385, 387, 409, 407, 386, 388, 410, 408,
  387, 389, 411, 409, 388, 390, 412, 410,
  389, 391, 413, 411, 390, 392, 414, 412,
  391, 393, 415, 413, 392, 394, 416, 414,
  393, 395, 417, 415, 394, 396, 418, 416,
  398, 397, 419, 420, 400, 399, 421, 422,
  397, 401, 423, 419, 399, 402, 424, 421,
  401, 403, 425, 423, 402, 404, 426, 424,
  403, 405, 427, 425, 404, 406, 428, 426,
  405, 407, 429, 427, 406, 408, 430, 428,
  407, 409, 431, 429, 408, 410, 432, 430,
  409, 411, 433, 431, 410, 412, 434, 432,
  411, 413, 435, 433, 412, 414, 436, 434,
  413, 415, 437, 435, 414, 416, 438, 436,
  415, 417, 439, 437, 416, 418, 440, 438,
  420, 419, 441, 442, 422, 421, 443, 444,
  419, 423, 445, 441, 421, 424, 446, 443,
  423, 425, 447, 445, 424, 426, 448, 446,
  425, 427, 449, 447, 426, 428, 450, 448,
  427, 429, 451, 449, 428, 430, 452, 450,
  429, 431, 453, 451, 430, 432, 454, 452,
  431, 433, 455, 453, 432, 434, 456, 454,
  433, 435, 457, 455, 434, 436, 458, 456,
  435, 437, 459, 457, 436, 438, 460, 458,
  437, 439, 461, 459, 438, 440, 462, 460,
  442, 441, 463, 464, 444, 443, 465, 466,
  441, 445, 467, 463, 443, 446, 468, 465,
  445, 447, 469, 467, 446, 448, 470, 468,
  447, 449, 471, 469, 448, 450, 472, 470,
  449, 451, 473, 471, 450, 452, 474, 472,
  451, 453, 475, 473, 452, 454, 476, 474,
  453, 455, 477, 475, 454, 456, 478, 476,
  455, 457, 479, 477, 456, 458, 480, 478,
  457, 459, 481, 479, 458, 460, 482, 480,
  459, 461, 483, 481, 460, 462, 484, 482,
  464, 463, 485, 486, 466, 465, 487, 488,
  463, 467, 489, 485, 465, 468, 490, 487,
  467, 469, 491, 489, 468, 470, 492, 490,
  469, 471, 493, 491, 470, 472, 494, 492,
  471, 473, 495, 493, 472, 474, 496, 494,
  473, 475, 497, 495, 474, 476, 498, 496,
  475, 477, 499, 497, 476, 478, 500, 498,
  477, 479, 501, 499, 478, 480, 502, 500,
  479, 481, 503, 501, 480, 482, 504, 502,
  481, 483, 505, 503, 482, 484, 506, 504,
  486, 485, 507, 508, 488, 487, 509, 510,
  485, 489, 511, 507, 487, 490, 512, 509,
  489, 491, 513, 511, 490, 492, 514, 512,
  491, 493, 515, 513, 492, 494, 516, 514,
  493, 495, 517, 515, 494, 496, 518, 516,
  495, 497, 519, 517, 496, 498, 520, 518,
  497, 499, 521, 519, 498, 500, 522, 520,
  499, 501, 523, 521, 500, 502, 524, 522,
  501, 503, 525, 523, 502, 504, 526, 524,
  503, 505, 527, 525, 504, 506, 528, 526,
  508, 507, 529, 530, 510, 509, 531, 532,
  507, 511, 533, 529, 509, 512, 534, 531,
  511, 513, 535, 533, 512, 514, 536, 534,
  513, 515, 537, 535, 514, 516, 538, 536,
  515, 517, 539, 537, 516, 518, 540, 538,
  517, 519, 541, 539, 518, 520, 542, 540,
  519, 521, 543, 541, 520, 522, 544, 542,
  521, 523, 545, 543, 522, 524, 546, 544,
  523, 525, 547, 545, 524, 526, 548, 546,
  525, 527, 549, 547, 526, 528, 550, 548,
  530, 529, 551, 552, 532, 531, 553, 554,
  529, 533, 555, 551, 531, 534, 556, 553,
  533, 535, 557, 555, 534, 536, 558, 556,
  535, 537, 559, 557, 536, 538, 560, 558,
  537, 539, 561, 559, 538, 540, 562, 560,
  539, 541, 563, 561, 540, 542, 564, 562,
  541, 543, 565, 563, 542, 544, 566, 564,
  543, 545, 567, 565, 544, 546, 568, 566,
  545, 547, 569, 567, 546, 548, 570, 568,
  547, 549, 571, 569, 548, 550, 572, 570,
  573, 574, 575, 576, 577, 578, 579, 580,
  574, 581, 582, 575, 578, 583, 584, 579,
  581, 585, 586, 582, 583, 587, 588, 584,
  585, 589, 590, 586, 587, 591, 592, 588,
  589, 593, 594, 590, 591, 595, 596, 592,
  593, 597, 598, 594, 595, 599, 600, 596,
  597, 601, 602, 598, 599, 603, 604, 600,
  601, 605, 606, 602, 603, 607, 608, 604,
  605, 609, 610, 606, 607, 611, 612, 608,
  609, 613, 614, 610, 611, 615, 616, 612,
  576, 575, 617, 618, 580, 579, 619, 620,
  575, 582, 621, 617, 579, 584, 622, 619,
  582, 586, 623, 621, 584, 588, 624, 622,
  586, 590, 625, 623, 588, 592, 626, 624,
  590, 594, 627, 625, 592, 596, 628, 626,
  594, 598, 629, 627, 596, 600, 630, 628,
  598, 602, 631, 629, 600, 604, 632, 630,
  602, 606, 633, 631, 604, 608, 634, 632,
  606, 610, 635, 633, 608, 612, 636, 634,
  610, 614, 637, 635, 612, 616, 638, 636,
  618, 617, 639, 640, 620, 619, 641, 642,
  617, 621, 643, 639, 619, 622, 644, 641,
  621, 623, 645, 643, 622, 624, 646, 644,
  623, 625, 647, 645, 624, 626, 648, 646,
  625, 627, 649, 647, 626, 628, 650, 648,
  627, 629, 651, 649, 628, 630, 652, 650,
  629, 631, 653, 651, 630, 632, 654, 652,
  631, 633, 655, 653, 632, 634, 656, 654,
  633, 635, 657, 655, 634, 636, 658, 656,
  635, 637, 659, 657, 636, 638, 660, 658,
  640, 639, 661, 662, 642, 641, 663, 664,
  639, 643, 665, 661, 641, 644, 666, 663,
  643, 645, 667, 665, 644, 646, 668, 666,
  645, 647, 669, 667, 646, 648, 670, 668,
  647, 649, 671, 669, 648, 650, 672, 670,
  649, 651, 673, 671, 650, 652, 674, 672,
  651, 653, 675, 673, 652, 654, 676, 674,
  653, 655, 677, 675, 654, 656, 678, 676,
  655, 657, 679, 677, 656, 658, 680, 678,
  657, 659, 681, 679, 658, 660, 682, 680,
  662, 661, 683, 684, 664, 663, 685, 686,
  661, 665, 687, 683, 663, 666, 688, 685,
  665, 667, 689, 687, 666, 668, 690, 688,
  667, 669, 691, 689, 668, 670, 692, 690,
  669, 671, 693, 691, 670, 672, 694, 692,
  671, 673, 695, 693, 672, 674, 696, 694,
  673, 675, 697, 695, 674, 676, 698, 696,
  675, 677, 699, 697, 676, 678, 700, 698,
  677, 679, 701, 699, 678, 680, 702, 700,
  679, 681, 703, 701, 680, 682, 704, 702,
  684, 683, 705, 706, 686, 685, 707, 708,
  683, 687, 709, 705, 685, 688, 710, 707,
  687, 689, 711, 709, 688, 690, 712, 710,
  689, 691, 713, 711, 690, 692, 714, 712,
  691, 693, 715, 713, 692, 694, 716, 714,
  693, 695, 717, 715, 694, 696, 718, 716,
  695, 697, 719, 717, 696, 698, 720, 718,
  697, 699, 721, 719, 698, 700, 722, 720,
  699, 701, 723, 721, 700, 702, 724, 722,
  701, 703, 725, 723, 702, 704, 726, 724,
  706, 705, 727, 728, 708, 707, 729, 730,
  705, 709, 731, 727, 707, 710, 732, 729,
  709, 711, 733, 731, 710, 712, 734, 732,
  711, 713, 735, 733, 712, 714, 736, 734,
  713, 715, 737, 735, 714, 716, 738, 736,
  715, 717, 739, 737, 716, 718, 740, 738,
  717, 719, 741, 739, 718, 720, 742, 740,
  719, 721, 743, 741, 720, 722, 744, 742,
  721, 723, 745, 743, 722, 724, 746, 744,
  723, 725, 747, 745, 724, 726, 748, 746,
  728, 727, 749, 750, 730, 729, 751, 752,
  727, 731, 753, 749, 729, 732, 754, 751,
  731, 733, 755, 753, 732, 734, 756, 754,
  733, 735, 757, 755, 734, 736, 758, 756,
  735, 737, 759, 757, 736, 738, 760, 758,
  737, 739, 761, 759, 738, 740, 762, 760,
  739, 741, 763, 761, 740, 742, 764, 762,
  741, 743, 765, 763, 742, 744, 766, 764,
  743, 745, 767, 765, 744, 746, 768, 766,
  745, 747, 769, 767, 746, 748, 770, 768,
  750, 749, 771, 772, 752, 751, 773, 774,
  749, 753, 775, 771, 751, 754, 776, 773,
  753, 755, 777, 775, 754, 756, 778, 776,
  755, 757, 779, 777, 756, 758, 780, 778,
  757, 759, 781, 779, 758, 760, 782, 780,
  759, 761, 783, 781, 760, 762, 784, 782,
  761, 763, 785, 783, 762, 764, 786, 784,
  763, 765, 787, 785, 764, 766, 788, 786,
  765, 767, 789, 787, 766, 768, 790, 788,
  767, 769, 791, 789, 768, 770, 792, 790,
  772, 771, 793, 794, 774, 773, 795, 796,
  771, 775, 797, 793, 773, 776, 798, 795,
  775, 777, 799, 797, 776, 778, 800, 798,
  777, 779, 801, 799, 778, 780, 802, 800,
  779, 781, 803, 801, 780, 782, 804, 802,
  781, 783, 805, 803, 782, 784, 806, 804,
  783, 785, 807, 805, 784, 786, 808, 806,
  785, 787, 809, 807, 786, 788, 810, 808,
  787, 789, 811, 809, 788, 790, 812, 810,
  789, 791, 813, 811, 790, 792, 814, 812,
  577, 578, 579, 580, 815, 816, 817, 818,
  578, 583, 584, 579, 816, 819, 820, 817,
  583, 587, 588, 584, 819, 821, 822, 820,
  587, 591, 592, 588, 821, 823, 824, 822,
  591, 595, 596, 592, 823, 825, 826, 824,
  595, 599, 600, 596, 825, 827, 828, 826,
  599, 603, 604, 600, 827, 829, 830, 828,
  603, 607, 608, 604, 829, 831, 832, 830,
  607, 611, 612, 608, 831, 833, 834, 832,
  611, 615, 616, 612, 833, 835, 836, 834,
  580, 579, 619, 620, 818, 817, 837, 838,
  579, 584, 622, 619, 817, 820, 839, 837,
  584, 588, 624, 622, 820, 822, 840, 839,
  588, 592, 626, 624, 822, 824, 841, 840,
  592, 596, 628, 626, 824, 826, 842, 841,
  596, 600, 630, 628, 826, 828, 843, 842,
  600, 604, 632, 630, 828, 830, 844, 843,
  604, 608, 634, 632, 830, 832, 845, 844,
  608, 612, 636, 634, 832, 834, 846, 845,
  612, 616, 638, 636, 834, 836, 847, 846,
  620, 619, 641, 642, 838, 837, 848, 849,
  619, 622, 644, 641, 837, 839, 850, 848,
  622, 624, 646, 644, 839, 840, 851, 850,
  624, 626, 648, 646, 840, 841, 852, 851,
  626, 628, 650, 648, 841, 842, 853, 852,
  628, 630, 652, 650, 842, 843, 854, 853,
  630, 632, 654, 652, 843, 844, 855, 854,
  632, 634, 656, 654, 844, 845, 856, 855,
  634, 636, 658, 656, 845, 846, 857, 856,
  636, 638, 660, 658, 846, 847, 858, 857,
  642, 641, 663, 664, 849, 848, 859, 860,
  641, 644, 666, 663, 848, 850, 861, 859,
  644, 646, 668, 666, 850, 851, 862, 861,
  646, 648, 670, 668, 851, 852, 863, 862,
  648, 650, 672, 670, 852, 853, 864, 863,
  650, 652, 674, 672, 853, 854, 865, 864,
  652, 654, 676, 674, 854, 855, 866, 865,
  654, 656, 678, 676, 855, 856, 867, 866,
  656, 658, 680, 678, 856, 857, 868, 867,
  658, 660, 682, 680, 857, 858, 869, 868,
  664, 663, 685, 686, 860, 859, 870, 871,
  663, 666, 688, 685, 859, 861, 872, 870,
  666, 668, 690, 688, 861, 862, 873, 872,
  668, 670, 692, 690, 862, 863, 874, 873,
  670, 672, 694, 692, 863, 864, 875, 874,
  672, 674, 696, 694, 864, 865, 876, 875,
  674, 676, 698, 696, 865, 866, 877, 876,
  676, 678, 700, 698, 866, 867, 878, 877,
  678, 680, 702, 700, 867, 868, 879, 878,
  680, 682, 704, 702, 868, 869, 880, 879,
  686, 685, 707, 708, 871, 870, 881, 882,
  685, 688, 710, 707, 870, 872, 883, 881,
  688, 690, 712, 710, 872, 873, 884, 883,
  690, 692, 714, 712, 873, 874, 885, 884,
  692, 694, 716, 714, 874, 875, 886, 885,
  694, 696, 718, 716, 875, 876, 887, 886,
  696, 698, 720, 718, 876, 877, 888, 887,
  698, 700, 722, 720, 877, 878, 889, 888,
  700, 702, 724, 722, 878, 879, 890, 889,
  702, 704, 726, 724, 879, 880, 891, 890,
  708, 707, 729, 730, 882, 881, 892, 893,
  707, 710, 732, 729, 881, 883, 894, 892,
  710, 712, 734, 732, 883, 884, 895, 894,
  712, 714, 736, 734, 884, 885, 896, 895,
  714, 716, 738, 736, 885, 886, 897, 896,
  716, 718, 740, 738, 886, 887, 898, 897,
  718, 720, 742, 740, 887, 888, 899, 898,
  720, 722, 744, 742, 888, 889, 900, 899,
  722, 724, 746, 744, 889, 890, 901, 900,
  724, 726, 748, 746, 890, 891, 902, 901,
  730, 729, 751, 752, 893, 892, 903, 904,
  729, 732, 754, 751, 892, 894, 905, 903,
  732, 734, 756, 754, 894, 895, 906, 905,
  734, 736, 758, 756, 895, 896, 907, 906,
  736, 738, 760, 758, 896, 897, 908, 907,
  738, 740, 762, 760, 897, 898, 909, 908,
  740, 742, 764, 762, 898, 899, 910, 909,
  742, 744, 766, 764, 899, 900, 911, 910,
  744, 746, 768, 766, 900, 901, 912, 911,
  746, 748, 770, 768, 901, 902, 913, 912,
  752, 751, 773, 774, 904, 903, 914, 915,
  751, 754, 776, 773, 903, 905, 916, 914,
  754, 756, 778, 776, 905, 906, 917, 916,
  756, 758, 780, 778, 906, 907, 918, 917,
  758, 760, 782, 780, 907, 908, 919, 918,
  760, 762, 784, 782, 908, 909, 920, 919,
  762, 764, 786, 784, 909, 910, 921, 920,
  764, 766, 788, 786, 910, 911, 922, 921,
  766, 768, 790, 788, 911, 912, 923, 922,
  768, 770, 792, 790, 912, 913, 924, 923,
  774, 773, 795, 796, 915, 914, 925, 926,
  773, 776, 798, 795, 914, 916, 927, 925,
  776, 778, 800, 798, 916, 917, 928, 927,
  778, 780, 802, 800, 917, 918, 929, 928,
  780, 782, 804, 802, 918, 919, 930, 929,
  782, 784, 806, 804, 919, 920, 931, 930,
  784, 786, 808, 806, 920, 921, 932, 931,
  786, 788, 810, 808, 921, 922, 933, 932,
  788, 790, 812, 810, 922, 923, 934, 933,
  790, 792, 814, 812, 923, 924, 935, 934,
  815, 816, 817, 818, 221, 199, 202, 224,
  816, 819, 820, 817, 199, 177, 180, 202,
  819, 821, 822, 820, 177, 155, 158, 180,
  821, 823, 824, 822, 155, 133, 136, 158,
  823, 825, 826, 824, 133, 111, 114, 136,
  825, 827, 828, 826, 111, 89, 92, 114,
  827, 829, 830, 828, 89, 67, 70, 92,
  829, 831, 832, 830, 67, 45, 48, 70,
  831, 833, 834, 832, 45, 5, 8, 48,
  833, 835, 836, 834, 5, 1, 4, 8,
  818, 817, 837, 838, 224, 202, 204, 226,
  817, 820, 839, 837, 202, 180, 182, 204,
  820, 822, 840, 839, 180, 158, 160, 182,
  822, 824, 841, 840, 158, 136, 138, 160,
  824, 826, 842, 841, 136, 114, 116, 138,
  826, 828, 843, 842, 114, 92, 94, 116,
  828, 830, 844, 843, 92, 70, 72, 94,
  830, 832, 845, 844, 70, 48, 50, 72,
  832, 834, 846, 845, 48, 8, 12, 50,
  834, 836, 847, 846, 8, 4, 10, 12,
  838, 837, 848, 849, 226, 204, 206, 228,
  837, 839, 850, 848, 204, 182, 184, 206,
  839, 840, 851, 850, 182, 160, 162, 184,
  840, 841, 852, 851, 160, 138, 140, 162,
  841, 842, 853, 852, 138, 116, 118, 140,
  842, 843, 854, 853, 116, 94, 96, 118,
  843, 844, 855, 854, 94, 72, 74, 96,
  844, 845, 856, 855, 72, 50, 52, 74,
  845, 846, 857, 856, 50, 12, 16, 52,
  846, 847, 858, 857, 12, 10, 14, 16,
  849, 848, 859, 860, 228, 206, 208, 230,
  848, 850, 861, 859, 206, 184, 186, 208,
  850, 851, 862, 861, 184, 162, 164, 186,
  851, 852, 863, 862, 162, 140, 142, 164,
  852, 853, 864, 863, 140, 118, 120, 142,
  853, 854, 865, 864, 118, 96, 98, 120,
  854, 855, 866, 865, 96, 74, 76, 98,
  855, 856, 867, 866, 74, 52, 54, 76,
  856, 857, 868, 867, 52, 16, 20, 54,
  857, 858, 869, 868, 16, 14, 18, 20,
  860, 859, 870, 871, 230, 208, 210, 232,
  859, 861, 872, 870, 208, 186, 188, 210,
  861, 862, 873, 872, 186, 164, 166, 188,
  862, 863, 874, 873, 164, 142, 144, 166,
  863, 864, 875, 874, 142, 120, 122, 144,
  864, 865, 876, 875, 120, 98, 100, 122,
  865, 866, 877, 876, 98, 76, 78, 100,
  866, 867, 878, 877, 76, 54, 56, 78,
  867, 868, 879, 878, 54, 20, 24, 56,
  868, 869, 880, 879, 20, 18, 22, 24,
  871, 870, 881, 882, 232, 210, 212, 234,
  870, 872, 883, 881, 210, 188, 190, 212,
  872, 873, 884, 883, 188, 166, 168, 190,
  873, 874, 885, 884, 166, 144, 146, 168,
  874, 875, 886, 885, 144, 122, 124, 146,
  875, 876, 887, 886, 122, 100, 102, 124,
  876, 877, 888, 887, 100, 78, 80, 102,
  877, 878, 889, 888, 78, 56, 58, 80,
  878, 879, 890, 889, 56, 24, 28, 58,
  879, 880, 891, 890, 24, 22, 26, 28,
  882, 881, 892, 893, 234, 212, 214, 236,
  881, 883, 894, 892, 212, 190, 192, 214,
  883, 884, 895, 894, 190, 168, 170, 192,
  884, 885, 896, 895, 168, 146, 148, 170,
  885, 886, 897, 896, 146, 124, 126, 148,
  886, 887, 898, 897, 124, 102, 104, 126,
  887, 888, 899, 898, 102, 80, 82, 104,
  888, 889, 900, 899, 80, 58, 60, 82,
  889, 890, 901, 900, 58, 28, 32, 60,
  890, 891, 902, 901, 28, 26, 30, 32,
  893, 892, 903, 904, 236, 214, 216, 238,
  892, 894, 905, 903, 214, 192, 194, 216,
  894, 895, 906, 905, 192, 170, 172, 194,
  895, 896, 907, 906, 170, 148, 150, 172,
  896, 897, 908, 907, 148, 126, 128, 150,
  897, 898, 909, 908, 126, 104, 106, 128,
  898, 899, 910, 909, 104, 82, 84, 106,
  899, 900, 911, 910, 82, 60, 62, 84,
  900, 901, 912, 911, 60, 32, 36, 62,
  901, 902, 913, 912, 32, 30, 34, 36,
  904, 903, 914, 915, 238, 216, 218, 240,
  903, 905, 916, 914, 216, 194, 196, 218,
  905, 906, 917, 916, 194, 172, 174, 196,
  906, 907, 918, 917, 172, 150, 152, 174,
  907, 908, 919, 918, 150, 128, 130, 152,
  908, 909, 920, 919, 128, 106, 108, 130,
  909, 910, 921, 920, 106, 84, 86, 108,
  910, 911, 922, 921, 84, 62, 64, 86,
  911, 912, 923, 922, 62, 36, 40, 64,
  912, 913, 924, 923, 36, 34, 38, 40,
  915, 914, 925, 926, 240, 218, 220, 242,
  914, 916, 927, 925, 218, 196, 198, 220,
  916, 917, 928, 927, 196, 174, 176, 198,
  917, 918, 929, 928, 174, 152, 154, 176,
  918, 919, 930, 929, 152, 130, 132, 154,
  919, 920, 931, 930, 130, 108, 110, 132,
  920, 921, 932, 931, 108, 86, 88, 110,
  921, 922, 933, 932, 86, 64, 66, 88,
  922, 923, 934, 933, 64, 40, 44, 66,
  923, 924, 935, 934, 40, 38, 42, 44,
  261, 936, 937, 262, 257, 938, 939, 258,
  936, 940, 941, 937, 938, 942, 943, 939,
  940, 944, 945, 941, 942, 946, 947, 943,
  262, 937, 948, 272, 258, 939, 949, 270,
  937, 941, 950, 948, 939, 943, 951, 949,
  941, 945, 952, 950, 943, 947, 953, 951,
  272, 948, 954, 282, 270, 949, 955, 280,
  948, 950, 956, 954, 949, 951, 957, 955,
  950, 952, 958, 956, 951, 953, 959, 957,
  282, 954, 960, 292, 280, 955, 961, 290,
  954, 956, 962, 960, 955, 957, 963, 961,
  956, 958, 964, 962, 957, 959, 965, 963,
  292, 960, 966, 302, 290, 961, 967, 300,
  960, 962, 968, 966, 961, 963, 969, 967,
  962, 964, 970, 968, 963, 965, 971, 969,
  302, 966, 972, 312, 300, 967, 973, 310,
  966, 968, 974, 972, 967, 969, 975, 973,
  968, 970, 976, 974, 969, 971, 977, 975,
  312, 972, 978, 322, 310, 973, 979, 320,
  972, 974, 980, 978, 973, 975, 981, 979,
  974, 976, 982, 980, 975, 977, 983, 981,
  322, 978, 984, 332, 320, 979, 985, 330,
  978, 980, 986, 984, 979, 981, 987, 985,
  980, 982, 988, 986, 981, 983, 989, 987,
  332, 984, 990, 342, 330, 985, 991, 340,
  984, 986, 992, 990, 985, 987, 993, 991,
  986, 988, 994, 992, 987, 989, 995, 993,
  342, 990, 996, 352, 340, 991, 997, 350,
  990, 992, 998, 996, 991, 993, 999, 997,
  992, 994, 1000, 998, 993, 995, 1001, 999,
  257, 938, 939, 258, 253, 1002, 1003, 254,
  938, 942, 943, 939, 1002, 1004, 1005, 1003,
  942, 946, 947, 943, 1004, 1006, 1007, 1005,
  258, 939, 949, 270, 254, 1003, 1008, 268,
  939, 943, 951, 949, 1003, 1005, 1009, 1008,
  943, 947, 953, 951, 1005, 1007, 1010, 1009,
  270, 949, 955, 280, 268, 1008, 1011, 278,
  949, 951, 957, 955, 1008, 1009, 1012, 1011,
  951, 953, 959, 957, 1009, 1010, 1013, 1012,
  280, 955, 961, 290, 278, 1011, 1014, 288,
  955, 957, 963, 961, 1011, 1012, 1015, 1014,
  957, 959, 965, 963, 1012, 1013, 1016, 1015,
  290, 961, 967, 300, 288, 1014, 1017, 298,
  961, 963, 969, 967, 1014, 1015, 1018, 1017,
  963, 965, 971, 969, 1015, 1016, 1019, 1018,
  300, 967, 973, 310, 298, 1017, 1020, 308,
  967, 969, 975, 973, 1017, 1018, 1021, 1020,
  969, 971, 977, 975, 1018, 1019, 1022, 1021,
  310, 973, 979, 320, 308, 1020, 1023, 318,
  973, 975, 981, 979, 1020, 1021, 1024, 1023,
  975, 977, 983, 981, 1021, 1022, 1025, 1024,
  320, 979, 985, 330, 318, 1023, 1026, 328,
  979, 981, 987, 985, 1023, 1024, 1027, 1026,
  981, 983, 989, 987, 1024, 1025, 1028, 1027,
  330, 985, 991, 340, 328, 1026, 1029, 338,
  985, 987, 993, 991, 1026, 1027, 1030, 1029,
  987, 989, 995, 993, 1027, 1028, 1031, 1030,
  340, 991, 997, 350, 338, 1029, 1032, 348,
  991, 993, 999, 997, 1029, 1030, 1033, 1032,
  993, 995, 1001, 999, 1030, 1031, 1034, 1033,
  253, 1002, 1003, 254, 249, 1035, 1036, 250,
  1002, 1004, 1005, 1003, 1035, 1037, 1038, 1036,
  1004, 1006, 1007, 1005, 1037, 1039, 1040, 1038,
  254, 1003, 1008, 268, 250, 1036, 1041, 266,
  1003, 1005, 1009, 1008, 1036, 1038, 1042, 1041,
  1005, 1007, 1010, 1009, 1038, 1040, 1043, 1042,
  268, 1008, 1011, 278, 266, 1041, 1044, 276,
  1008, 1009, 1012, 1011, 1041, 1042, 1045, 1044,
  1009, 1010, 1013, 1012, 1042, 1043, 1046, 1045,
  278, 1011, 1014, 288, 276, 1044, 1047, 286,
  1011, 1012, 1015, 1014, 1044, 1045, 1048, 1047,
  1012, 1013, 1016, 1015, 1045, 1046, 1049, 1048,
  288, 1014, 1017, 298, 286, 1047, 1050, 296,
  1014, 1015, 1018, 1017, 1047, 1048, 1051, 1050,
  1015, 1016, 1019, 1018, 1048, 1049, 1052, 1051,
  298, 1017, 1020, 308, 296, 1050, 1053, 306,
  1017, 1018, 1021, 1020, 1050, 1051, 1054, 1053,
  1018, 1019, 1022, 1021, 1051, 1052, 1055, 1054,
  308, 1020, 1023, 318, 306, 1053, 1056, 316,
  1020, 1021, 1024, 1023, 1053, 1054, 1057, 1056,
  1021, 1022, 1025, 1024, 1054, 1055, 1058, 1057,
  318, 1023, 1026, 328, 316, 1056, 1059, 326,
  1023, 1024, 1027, 1026, 1056, 1057, 1060, 1059,
  1024, 1025, 1028, 1027, 1057, 1058, 1061, 1060,
  328, 1026, 1029, 338, 326, 1059, 1062, 336,
  1026, 1027, 1030, 1029, 1059, 1060, 1063, 1062,
  1027, 1028, 1031, 1030, 1060, 1061, 1064, 1063,
  338, 1029, 1032, 348, 336, 1062, 1065, 346,
  1029, 1030, 1033, 1032, 1062, 1063, 1066, 1065,
  1030, 1031, 1034, 1033, 1063, 1064, 1067, 1066,
  249, 1035, 1036, 250, 245, 1068, 1069, 246,
  1035, 1037, 1038, 1036, 1068, 1070, 1071, 1069,
  1037, 1039, 1040, 1038, 1070, 1072, 1073, 1071,
  250, 1036, 1041, 266, 246, 1069, 1074, 264,
  1036, 1038, 1042, 1041, 1069, 1071, 1075, 1074,
  1038, 1040, 1043, 1042, 1071, 1073, 1076, 1075,
  266, 1041, 1044, 276, 264, 1074, 1077, 274,
  1041, 1042, 1045, 1044, 1074, 1075, 1078, 1077,
  1042, 1043, 1046, 1045, 1075, 1076, 1079, 1078,
  276, 1044, 1047, 286, 274, 1077, 1080, 284,
  1044, 1045, 1048, 1047, 1077, 1078, 1081, 1080,
  1045, 1046, 1049, 1048, 1078, 1079, 1082, 1081,
  286, 1047, 1050, 296, 284, 1080, 1083, 294,
  1047, 1048, 1051, 1050, 1080, 1081, 1084, 1083,
  1048, 1049, 1052, 1051, 1081, 1082, 1085, 1084,
  296, 1050, 1053, 306, 294, 1083, 1086, 304,
  1050, 1051, 1054, 1053, 1083, 1084, 1087, 1086,
  1051, 1052, 1055, 1054, 1084, 1085, 1088, 1087,
  306, 1053, 1056, 316, 304, 1086, 1089, 314,
  1053, 1054, 1057, 1056, 1086, 1087, 1090, 1089,
  1054, 1055, 1058, 1057, 1087, 1088, 1091, 1090,
  316, 1056, 1059, 326, 314, 1089, 1092, 324,
  1056, 1057, 1060, 1059, 1089, 1090, 1093, 1092,
  1057, 1058, 1061, 1060, 1090, 1091, 1094, 1093,
  326, 1059, 1062, 336, 324, 1092, 1095, 334,
  1059, 1060, 1063, 1062, 1092, 1093, 1096, 1095,
  1060, 1061, 1064, 1063, 1093, 1094, 1097, 1096,
  336, 1062, 1065, 346, 334, 1095, 1098, 344,
  1062, 1063, 1066, 1065, 1095, 1096, 1099, 1098,
  1063, 1064, 1067, 1066, 1096, 1097, 1100, 1099,
  245, 1068, 1069, 246, 221, 815, 818, 224,
  1068, 1070, 1071, 1069, 815, 577, 580, 818,
  1070, 1072, 1073, 1071, 577, 573, 576, 580,
  246, 1069, 1074, 264, 224, 818, 838, 226,
  1069, 1071, 1075, 1074, 818, 580, 620, 838,
  1071, 1073, 1076, 1075, 580, 576, 618, 620,
  264, 1074, 1077, 274, 226, 838, 849, 228,
  1074, 1075, 1078, 1077, 838, 620, 642, 849,
  1075, 1076, 1079, 1078, 620, 618, 640, 642,
  274, 1077, 1080, 284, 228, 849, 860, 230,
  1077, 1078, 1081, 1080, 849, 642, 664, 860,
  1078, 1079, 1082, 1081, 642, 640, 662, 664,
  284, 1080, 1083, 294, 230, 860, 871, 232,
  1080, 1081, 1084, 1083, 860, 664, 686, 871,
  1081, 1082, 1085, 1084, 664, 662, 684, 686,
  294, 1083, 1086, 304, 232, 871, 882, 234,
  1083, 1084, 1087, 1086, 871, 686, 708, 882,
  1084, 1085, 1088, 1087, 686, 684, 706, 708,
  304, 1086, 1089, 314, 234, 882, 893, 236,
  1086, 1087, 1090, 1089, 882, 708, 730, 893,
  1087, 1088, 1091, 1090, 708, 706, 728, 730,
  314, 1089, 1092, 324, 236, 893, 904, 238,
  1089, 1090, 1093, 1092, 893, 730, 752, 904,
  1090, 1091, 1094, 1093, 730, 728, 750, 752,
  324, 1092, 1095, 334, 238, 904, 915, 240,
  1092, 1093, 1096, 1095, 904, 752, 774, 915,
  1093, 1094, 1097, 1096, 752, 750, 772, 774,
  334, 1095, 1098, 344, 240, 915, 926, 242,
  1095, 1096, 1099, 1098, 915, 774, 796, 926,
  1096, 1097, 1100, 1099, 774, 772, 794, 796,
  261, 936, 1101, 374, 262, 937, 1102, 372,
  936, 940, 1103, 1101, 937, 941, 1104, 1102,
  940, 944, 1105, 1103, 941, 945, 1106, 1104,
  374, 1101, 1107, 396, 372, 1102, 1108, 394,
  1101, 1103, 1109, 1107, 1102, 1104, 1110, 1108,
  1103, 1105, 1111, 1109, 1104, 1106, 1112, 1110,
  396, 1107, 1113, 418, 394, 1108, 1114, 416,
  1107, 1109, 1115, 1113, 1108, 1110, 1116, 1114,
  1109, 1111, 1117, 1115, 1110, 1112, 1118, 1116,
  418, 1113, 1119, 440, 416, 1114, 1120, 438,
  1113, 1115, 1121, 1119, 1114, 1116, 1122, 1120,
  1115, 1117, 1123, 1121, 1116, 1118, 1124, 1122,
  440, 1119, 1125, 462, 438, 1120, 1126, 460,
  1119, 1121, 1127, 1125, 1120, 1122, 1128, 1126,
  1121, 1123, 1129, 1127, 1122, 1124, 1130, 1128,
  462, 1125, 1131, 484, 460, 1126, 1132, 482,
  1125, 1127, 1133, 1131, 1126, 1128, 1134, 1132,
  1127, 1129, 1135, 1133, 1128, 1130, 1136, 1134,
  484, 1131, 1137, 506, 482, 1132, 1138, 504,
  1131, 1133, 1139, 1137, 1132, 1134, 1140, 1138,
  1133, 1135, 1141, 1139, 1134, 1136, 1142, 1140,
  506, 1137, 1143, 528, 504, 1138, 1144, 526,
  1137, 1139, 1145, 1143, 1138, 1140, 1146, 1144,
  1139, 1141, 1147, 1145, 1140, 1142, 1148, 1146,
  528, 1143, 1149, 550, 526, 1144, 1150, 548,
  1143, 1145, 1151, 1149, 1144, 1146, 1152, 1150,
  1145, 1147, 1153, 1151, 1146, 1148, 1154, 1152,
  550, 1149, 1155, 572, 548, 1150, 1156, 570,
  1149, 1151, 1157, 1155, 1150, 1152, 1158, 1156,
  1151, 1153, 1159, 1157, 1152, 1154, 1160, 1158,
  262, 937, 1102, 372, 272, 948, 1161, 370,
  937, 941, 1104, 1102, 948, 950, 1162, 1161,
  941, 945, 1106, 1104, 950, 952, 1163, 1162,
  372, 1102, 1108, 394, 370, 1161, 1164, 392,
  1102, 1104, 1110, 1108, 1161, 1162, 1165, 1164,
  1104, 1106, 1112, 1110, 1162, 1163, 1166, 1165,
  394, 1108, 1114, 416, 392, 1164, 1167, 414,
  1108, 1110, 1116, 1114, 1164, 1165, 1168, 1167,
  1110, 1112, 1118, 1116, 1165, 1166, 1169, 1168,
  416, 1114, 1120, 438, 414, 1167, 1170, 436,
  1114, 1116, 1122, 1120, 1167, 1168, 1171, 1170,
  1116, 1118, 1124, 1122, 1168, 1169, 1172, 1171,
  438, 1120, 1126, 460, 436, 1170, 1173, 458,
  1120, 1122, 1128, 1126, 1170, 1171, 1174, 1173,
  1122, 1124, 1130, 1128, 1171, 1172, 1175, 1174,
  460, 1126, 1132, 482, 458, 1173, 1176, 480,
  1126, 1128, 1134, 1132, 1173, 1174, 1177, 1176,
  1128, 1130, 1136, 1134, 1174, 1175, 1178, 1177,
  482, 1132, 1138, 504, 480, 1176, 1179, 502,
  1132, 1134, 1140, 1138, 1176, 1177, 1180, 1179,
  1134, 1136, 1142, 1140, 1177, 1178, 1181, 1180,
  504, 1138, 1144, 526, 502, 1179, 1182, 524,
  1138, 1140, 1146, 1144, 1179, 1180, 1183, 1182,
  1140, 1142, 1148, 1146, 1180, 1181, 1184, 1183,
  526, 1144, 1150, 548, 524, 1182, 1185, 546,
  1144, 1146, 1152, 1150, 1182, 1183, 1186, 1185,
  1146, 1148, 1154, 1152, 1183, 1184, 1187, 1186,
  548, 1150, 1156, 570, 546, 1185, 1188, 568,
  1150, 1152, 1158, 1156, 1185, 1186, 1189, 1188,
  1152, 1154, 1160, 1158, 1186, 1187, 1190, 1189,
  272, 948, 1161, 370, 282, 954, 1191, 368,
  948, 950, 1162, 1161, 954, 956, 1192, 1191,
  950, 952, 1163, 1162, 956, 958, 1193, 1192,
  370, 1161, 1164, 392, 368, 1191, 1194, 390,
  1161, 1162, 1165, 1164, 1191, 1192, 1195, 1194,
  1162, 1163, 1166, 1165, 1192, 1193, 1196, 1195,
  392, 1164, 1167, 414, 390, 1194, 1197, 412,
  1164, 1165, 1168, 1167, 1194, 1195, 1198, 1197,
  1165, 1166, 1169, 1168, 1195, 1196, 1199, 1198,
  414, 1167, 1170, 436, 412, 1197, 1200, 434,
  1167, 1168, 1171, 1170, 1197, 1198, 1201, 1200,
  1168, 1169, 1172, 1171, 1198, 1199, 1202, 1201,
  436, 1170, 1173, 458, 434, 1200, 1203, 456,
  1170, 1171, 1174, 1173, 1200, 1201, 1204, 1203,
  1171, 1172, 1175, 1174, 1201, 1202, 1205, 1204,
  458, 1173, 1176, 480, 456, 1203, 1206, 478,
  1173, 1174, 1177, 1176, 1203, 1204, 1207, 1206,
  1174, 1175, 1178, 1177, 1204, 1205, 1208, 1207,
  480, 1176, 1179, 502, 478, 1206, 1209, 500,
  1176, 1177, 1180, 1179, 1206, 1207, 1210, 1209,
  1177, 1178, 1181, 1180, 1207, 1208, 1211, 1210,
  502, 1179, 1182, 524, 500, 1209, 1212, 522,
  1179, 1180, 1183, 1182, 1209, 1210, 1213, 1212,
  1180, 1181, 1184, 1183, 1210, 1211, 1214, 1213,
  524, 1182, 1185, 546, 522, 1212, 1215, 544,
  1182, 1183, 1186, 1185, 1212, 1213, 1216, 1215,
  1183, 1184, 1187, 1186, 1213, 1214, 1217, 1216,
  546, 1185, 1188, 568, 544, 1215, 1218, 566,
  1185, 1186, 1189, 1188, 1215, 1216, 1219, 1218,
  1186, 1187, 1190, 1189, 1216, 1217, 1220, 1219,
  282, 954, 1191, 368, 292, 960, 1221, 366,
  954, 956, 1192, 1191, 960, 962, 1222, 1221,
  956, 958, 1193, 1192, 962, 964, 1223, 1222,
  368, 1191, 1194, 390, 366, 1221, 1224, 388,
  1191, 1192, 1195, 1194, 1221, 1222, 1225, 1224,
  1192, 1193, 1196, 1195, 1222, 1223, 1226, 1225,
  390, 1194, 1197, 412, 388, 1224, 1227, 410,
  1194, 1195, 1198, 1197, 1224, 1225, 1228, 1227,
  1195, 1196, 1199, 1198, 1225, 1226, 1229, 1228,
  412, 1197, 1200, 434, 410, 1227, 1230, 432,
  1197, 1198, 1201, 1200, 1227, 1228, 1231, 1230,
  1198, 1199, 1202, 1201, 1228, 1229, 1232, 1231,
  434, 1200, 1203, 456, 432, 1230, 1233, 454,
  1200, 1201, 1204, 1203, 1230, 1231, 1234, 1233,
  1201, 1202, 1205, 1204, 1231, 1232, 1235, 1234,
  456, 1203, 1206, 478, 454, 1233, 1236, 476,
  1203, 1204, 1207, 1206, 1233, 1234, 1237, 1236,
  1204, 1205, 1208, 1207, 1234, 1235, 1238, 1237,
  478, 1206, 1209, 500, 476, 1236, 1239, 498,
  1206, 1207, 1210, 1209, 1236, 1237, 1240, 1239,
  1207, 1208, 1211, 1210, 1237, 1238, 1241, 1240,
  500, 1209, 1212, 522, 498, 1239, 1242, 520,
  1209, 1210, 1213, 1212, 1239, 1240, 1243, 1242,
  1210, 1211, 1214, 1213, 1240, 1241, 1244, 1243,
  522, 1212, 1215, 544, 520, 1242, 1245, 542,
  1212, 1213, 1216, 1215, 1242, 1243, 1246, 1245,
  1213, 1214, 1217, 1216, 1243, 1244, 1247, 1246,
  544, 1215, 1218, 566, 542, 1245, 1248, 564,
  1215, 1216, 1219, 1218, 1245, 1246, 1249, 1248,
  1216, 1217, 1220, 1219, 1246, 1247, 1250, 1249,
  292, 960, 1221, 366, 302, 966, 1251, 364,
  960, 962, 1222, 1221, 966, 968, 1252, 1251,
  962, 964, 1223, 1222, 968, 970, 1253, 1252,
  366, 1221, 1224, 388, 364, 1251, 1254, 386,
  1221, 1222, 1225, 1224, 1251, 1252, 1255, 1254,
  1222, 1223, 1226, 1225, 1252, 1253, 1256, 1255,
  388, 1224, 1227, 410, 386, 1254, 1257, 408,
  1224, 1225, 1228, 1227, 1254, 1255, 1258, 1257,
  1225, 1226, 1229, 1228, 1255, 1256, 1259, 1258,
  410, 1227, 1230, 432, 408, 1257, 1260, 430,
  1227, 1228, 1231, 1230, 1257, 1258, 1261, 1260,
  1228, 1229, 1232, 1231, 1258, 1259, 1262, 1261,
  432, 1230, 1233, 454, 430, 1260, 1263, 452,
  1230, 1231, 1234, 1233, 1260, 1261, 1264, 1263,
  1231, 1232, 1235, 1234, 1261, 1262, 1265, 1264,
  454, 1233, 1236, 476, 452, 1263, 1266, 474,
  1233, 1234, 1237, 1236, 1263, 1264, 1267, 1266,
  1234, 1235, 1238, 1237, 1264, 1265, 1268, 1267,
  476, 1236, 1239, 498, 474, 1266, 1269, 496,
  1236, 1237, 1240, 1239, 1266, 1267, 1270, 1269,
  1237, 1238, 1241, 1240, 1267, 1268, 1271, 1270,
  498, 1239, 1242, 520, 496, 1269, 1272, 518,
  1239, 1240, 1243, 1242, 1269, 1270, 1273, 1272,
  1240, 1241, 1244, 1243, 1270, 1271, 1274, 1273,
  520, 1242, 1245, 542, 518, 1272, 1275, 540,
  1242, 1243, 1246, 1245, 1272, 1273, 1276, 1275,
  1243, 1244, 1247, 1246, 1273, 1274, 1277, 1276,
  542, 1245, 1248, 564, 540, 1275, 1278, 562,
  1245, 1246, 1249, 1248, 1275, 1276, 1279, 1278,
  1246, 1247, 1250, 1249, 1276, 1277, 1280, 1279,
  302, 966, 1251, 364, 312, 972, 1281, 362,
  966, 968, 1252, 1251, 972, 974, 1282, 1281,
  968, 970, 1253, 1252, 974, 976, 1283, 1282,
  364, 1251, 1254, 386, 362, 1281, 1284, 384,
  1251, 1252, 1255, 1254, 1281, 1282, 1285, 1284,
  1252, 1253, 1256, 1255, 1282, 1283, 1286, 1285,
  386, 1254, 1257, 408, 384, 1284, 1287, 406,
  1254, 1255, 1258, 1257, 1284, 1285, 1288, 1287,
  1255, 1256, 1259, 1258, 1285, 1286, 1289, 1288,
  408, 1257, 1260, 430, 406, 1287, 1290, 428,
  1257, 1258, 1261, 1260, 1287, 1288, 1291, 1290,
  1258, 1259, 1262, 1261, 1288, 1289, 1292, 1291,
  430, 1260, 1263, 452, 428, 1290, 1293, 450,
  1260, 1261, 1264, 1263, 1290, 1291, 1294, 1293,
  1261, 1262, 1265, 1264, 1291, 1292, 1295, 1294,
  452, 1263, 1266, 474, 450, 1293, 1296, 472,
  1263, 1264, 1267, 1266, 1293, 1294, 1297, 1296,
  1264, 1265, 1268, 1267, 1294, 1295, 1298, 1297,
  474, 1266, 1269, 496, 472, 1296, 1299, 494,
  1266, 1267, 1270, 1269, 1296, 1297, 1300, 1299,
  1267, 1268, 1271, 1270, 1297, 1298, 1301, 1300,
  496, 1269, 1272, 518, 494, 1299, 1302, 516,
  1269, 1270, 1273, 1272, 1299, 1300, 1303, 1302,
  1270, 1271, 1274, 1273, 1300, 1301, 1304, 1303,
  518, 1272, 1275, 540, 516, 1302, 1305, 538,
  1272, 1273, 1276, 1275, 1302, 1303, 1306, 1305,
  1273, 1274, 1277, 1276, 1303, 1304, 1307, 1306,
  540, 1275, 1278, 562, 538, 1305, 1308, 560,
  1275, 1276, 1279, 1278, 1305, 1306, 1309, 1308,
  1276, 1277, 1280, 1279, 1306, 1307, 1310, 1309,
  312, 972, 1281, 362, 322, 978, 1311, 360,
  972, 974, 1282, 1281, 978, 980, 1312, 1311,
  974, 976, 1283, 1282, 980, 982, 1313, 1312,
  362, 1281, 1284, 384, 360, 1311, 1314, 382,
  1281, 1282, 1285, 1284, 1311, 1312, 1315, 1314,
  1282, 1283, 1286, 1285, 1312, 1313, 1316, 1315,
  384, 1284, 1287, 406, 382, 1314, 1317, 404,
  1284, 1285, 1288, 1287, 1314, 1315, 1318, 1317,
  1285, 1286, 1289, 1288, 1315, 1316, 1319, 1318,
  406, 1287, 1290, 428, 404, 1317, 1320, 426,
  1287, 1288, 1291, 1290, 1317, 1318, 1321, 1320,
  1288, 1289, 1292, 1291, 1318, 1319, 1322, 1321,
  428, 1290, 1293, 450, 426, 1320, 1323, 448,
  1290, 1291, 1294, 1293, 1320, 1321, 1324, 1323,
  1291, 1292, 1295, 1294, 1321, 1322, 1325, 1324,
  450, 1293, 1296, 472, 448, 1323, 1326, 470,
  1293, 1294, 1297, 1296, 1323, 1324, 1327, 1326,
  1294, 1295, 1298, 1297, 1324, 1325, 1328, 1327,
  472, 1296, 1299, 494, 470, 1326, 1329, 492,
  1296, 1297, 1300, 1299, 1326, 1327, 1330, 1329,
  1297, 1298, 1301, 1300, 1327, 1328, 1331, 1330,
  494, 1299, 1302, 516, 492, 1329, 1332, 514,
  1299, 1300, 1303, 1302, 1329, 1330, 1333, 1332,
  1300, 1301, 1304, 1303, 1330, 1331, 1334, 1333,
  516, 1302, 1305, 538, 514, 1332, 1335, 536,
  1302, 1303, 1306, 1305, 1332, 1333, 1336, 1335,
  1303, 1304, 1307, 1306, 1333, 1334, 1337, 1336,
  538, 1305, 1308, 560, 536, 1335, 1338, 558,
  1305, 1306, 1309, 1308, 1335, 1336, 1339, 1338,
  1306, 1307, 1310, 1309, 1336, 1337, 1340, 1339,
  322, 978, 1311, 360, 332, 984, 1341, 358,
  978, 980, 1312, 1311, 984, 986, 1342, 1341,
  980, 982, 1313, 1312, 986, 988, 1343, 1342,
  360, 1311, 1314, 382, 358, 1341, 1344, 380,
  1311, 1312, 1315, 1314, 1341, 1342, 1345, 1344,
  1312, 1313, 1316, 1315, 1342, 1343, 1346, 1345,
  382, 1314, 1317, 404, 380, 1344, 1347, 402,
  1314, 1315, 1318, 1317, 1344, 1345, 1348, 1347,
  1315, 1316, 1319, 1318, 1345, 1346, 1349, 1348,
  404, 1317, 1320, 426, 402, 1347, 1350, 424,
  1317, 1318, 1321, 1320, 1347, 1348, 1351, 1350,
  1318, 1319, 1322, 1321, 1348, 1349, 1352, 1351,
  426, 1320, 1323, 448, 424, 1350, 1353, 446,
  1320, 1321, 1324, 1323, 1350, 1351, 1354, 1353,
  1321, 1322, 1325, 1324, 1351, 1352, 1355, 1354,
  448, 1323, 1326, 470, 446, 1353, 1356, 468,
  1323, 1324, 1327, 1326, 1353, 1354, 1357, 1356,
  1324, 1325, 1328, 1327, 1354, 1355, 1358, 1357,
  470, 1326, 1329, 492, 468, 1356, 1359, 490,
  1326, 1327, 1330, 1329, 1356, 1357, 1360, 1359,
  1327, 1328, 1331, 1330, 1357, 1358, 1361, 1360,
  492, 1329, 1332, 514, 490, 1359, 1362, 512,
  1329, 1330, 1333, 1332, 1359, 1360, 1363, 1362,
  1330, 1331, 1334, 1333, 1360, 1361, 1364, 1363,
  514, 1332, 1335, 536, 512, 1362, 1365, 534,
  1332, 1333, 1336, 1335, 1362, 1363, 1366, 1365,
  1333, 1334, 1337, 1336, 1363, 1364, 1367, 1366,
  536, 1335, 1338, 558, 534, 1365, 1368, 556,
  1335, 1336, 1339, 1338, 1365, 1366, 1369, 1368,
  1336, 1337, 1340, 1339, 1366, 1367, 1370, 1369,
  332, 984, 1341, 358, 342, 990, 1371, 355,
  984, 986, 1342, 1341, 990, 992, 1372, 1371,
  986, 988, 1343, 1342, 992, 994, 1373, 1372,
  358, 1341, 1344, 380, 355, 1371, 1374, 377,
  1341, 1342, 1345, 1344, 1371, 1372, 1375, 1374,
  1342, 1343, 1346, 1345, 1372, 1373, 1376, 1375,
  380, 1344, 1347, 402, 377, 1374, 1377, 399,
  1344, 1345, 1348, 1347, 1374, 1375, 1378, 1377,
  1345, 1346, 1349, 1348, 1375, 1376, 1379, 1378,
  402, 1347, 1350, 424, 399, 1377, 1380, 421,
  1347, 1348, 1351, 1350, 1377, 1378, 1381, 1380,
  1348, 1349, 1352, 1351, 1378, 1379, 1382, 1381,
  424, 1350, 1353, 446, 421, 1380, 1383, 443,
  1350, 1351, 1354, 1353, 1380, 1381, 1384, 1383,
  1351, 1352, 1355, 1354, 1381, 1382, 1385, 1384,
  446, 1353, 1356, 468, 443, 1383, 1386, 465,
  1353, 1354, 1357, 1356, 1383, 1384, 1387, 1386,
  1354, 1355, 1358, 1357, 1384, 1385, 1388, 1387,
  468, 1356, 1359, 490, 465, 1386, 1389, 487,
  1356, 1357, 1360, 1359, 1386, 1387, 1390, 1389,
  1357, 1358, 1361, 1360, 1387, 1388, 1391, 1390,
  490, 1359, 1362, 512, 487, 1389, 1392, 509,
  1359, 1360, 1363, 1362, 1389, 1390, 1393, 1392,
  1360, 1361, 1364, 1363, 1390, 1391, 1394, 1393,
  512, 1362, 1365, 534, 509, 1392, 1395, 531,
  1362, 1363, 1366, 1365, 1392, 1393, 1396, 1395,
  1363, 1364, 1367, 1366, 1393, 1394, 1397, 1396,
  534, 1365, 1368, 556, 531, 1395, 1398, 553,
  1365, 1366, 1369, 1368, 1395, 1396, 1399, 1398,
  1366, 1367, 1370, 1369, 1396, 1397, 1400, 1399,
  342, 990, 1371, 355, 352, 996, 1401, 356,
  990, 992, 1372, 1371, 996, 998, 1402, 1401,
  992, 994, 1373, 1372, 998, 1000, 1403, 1402,
  355, 1371, 1374, 377, 356, 1401, 1404, 378,
  1371, 1372, 1375, 1374, 1401, 1402, 1405, 1404,
  1372, 1373, 1376, 1375, 1402, 1403, 1406, 1405,
  377, 1374, 1377, 399, 378, 1404, 1407, 400,
  1374, 1375, 1378, 1377, 1404, 1405, 1408, 1407,
  1375, 1376, 1379, 1378, 1405, 1406, 1409, 1408,
  399, 1377, 1380, 421, 400, 1407, 1410, 422,
  1377, 1378, 1381, 1380, 1407, 1408, 1411, 1410,
  1378, 1379, 1382, 1381, 1408, 1409, 1412, 1411,
  421, 1380, 1383, 443, 422, 1410, 1413, 444,
  1380, 1381, 1384, 1383, 1410, 1411, 1414, 1413,
  1381, 1382, 1385, 1384, 1411, 1412, 1415, 1414,
  443, 1383, 1386, 465, 444, 1413, 1416, 466,
  1383, 1384, 1387, 1386, 1413, 1414, 1417, 1416,
  1384, 1385, 1388, 1387, 1414, 1415, 1418, 1417,
  465, 1386, 1389, 487, 466, 1416, 1419, 488,
  1386, 1387, 1390, 1389, 1416, 1417, 1420, 1419,
  1387, 1388, 1391, 1390, 1417, 1418, 1421, 1420,
  487, 1389, 1392, 509, 488, 1419, 1422, 510,
  1389, 1390, 1393, 1392, 1419, 1420, 1423, 1422,
  1390, 1391, 1394, 1393, 1420, 1421, 1424, 1423,
  509, 1392, 1395, 531, 510, 1422, 1425, 532,
  1392, 1393, 1396, 1395, 1422, 1423, 1426, 1425,
  1393, 1394, 1397, 1396, 1423, 1424, 1427, 1426,
  531, 1395, 1398, 553, 532, 1425, 1428, 554,
  1395, 1396, 1399, 1398, 1425, 1426, 1429, 1428,
  1396, 1397, 1400, 1399, 1426, 1427, 1430, 1429,
  1431, 1432, 1433, 1434, 1435, 1436, 1437, 1438,
  1432, 1439, 1440, 1433, 1436, 1441, 1442, 1437,
  1439, 1443, 1444, 1440, 1441, 1445, 1446, 1442,
  1443, 1447, 1448, 1444, 1445, 1449, 1450, 1446,
  1447, 1451, 1452, 1448, 1449, 1453, 1454, 1450,
  1451, 1455, 1456, 1452, 1453, 1457, 1458, 1454,
  1455, 1459, 1460, 1456, 1457, 1461, 1462, 1458,
  1459, 1463, 1464, 1460, 1461, 1465, 1466, 1462,
  1463, 1467, 1468, 1464, 1465, 1469, 1470, 1466,
  1467, 1471, 1472, 1468, 1469, 1473, 1474, 1470,
  1434, 1433, 1475, 1476, 1438, 1437, 1477, 1478,
  1433, 1440, 1479, 1475, 1437, 1442, 1480, 1477,
  1440, 1444, 1481, 1479, 1442, 1446, 1482, 1480,
  1444, 1448, 1483, 1481, 1446, 1450, 1484, 1482,
  1448, 1452, 1485, 1483, 1450, 1454, 1486, 1484,
  1452, 1456, 1487, 1485, 1454, 1458, 1488, 1486,
  1456, 1460, 1489, 1487, 1458, 1462, 1490, 1488,
  1460, 1464, 1491, 1489, 1462, 1466, 1492, 1490,
  1464, 1468, 1493, 1491, 1466, 1470, 1494, 1492,
  1468, 1472, 1495, 1493, 1470, 1474, 1496, 1494,
  1476, 1475, 1497, 1498, 1478, 1477, 1499, 1500,
  1475, 1479, 1501, 1497, 1477, 1480, 1502, 1499,
  1479, 1481, 1503, 1501, 1480, 1482, 1504, 1502,
  1481, 1483, 1505, 1503, 1482, 1484, 1506, 1504,
  1483, 1485, 1507, 1505, 1484, 1486, 1508, 1506,
  1485, 1487, 1509, 1507, 1486, 1488, 1510, 1508,
  1487, 1489, 1511, 1509, 1488, 1490, 1512, 1510,
  1489, 1491, 1513, 1511, 1490, 1492, 1514, 1512,
  1491, 1493, 1515, 1513, 1492, 1494, 1516, 1514,
  1493, 1495, 1517, 1515, 1494, 1496, 1518, 1516,
  1498, 1497, 1519, 1520, 1500, 1499, 1521, 1522,
  1497, 1501, 1523, 1519, 1499, 1502, 1524, 1521,
  1501, 1503, 1525, 1523, 1502, 1504, 1526, 1524,
  1503, 1505, 1527, 1525, 1504, 1506, 1528, 1526,
  1505, 1507, 1529, 1527, 1506, 1508, 1530, 1528,
  1507, 1509, 1531, 1529, 1508, 1510, 1532, 1530,
  1509, 1511, 1533, 1531, 1510, 1512, 1534, 1532,
  1511, 1513, 1535, 1533, 1512, 1514, 1536, 1534,
  1513, 1515, 1537, 1535, 1514, 1516, 1538, 1536,
  1515, 1517, 1539, 1537, 1516, 1518, 1540, 1538,
  1520, 1519, 1541, 1542, 1522, 1521, 1543, 1544,
  1519, 1523, 1545, 1541, 1521, 1524, 1546, 1543,
  1523, 1525, 1547, 1545, 1524, 1526, 1548, 1546,
  1525, 1527, 1549, 1547, 1526, 1528, 1550, 1548,
  1527, 1529, 1551, 1549, 1528, 1530, 1552, 1550,
  1529, 1531, 1553, 1551, 1530, 1532, 1554, 1552,
  1531, 1533, 1555, 1553, 1532, 1534, 1556, 1554,
  1533, 1535, 1557, 1555, 1534, 1536, 1558, 1556,
  1535, 1537, 1559, 1557, 1536, 1538, 1560, 1558,
  1537, 1539, 1561, 1559, 1538, 1540, 1562, 1560,
  1542, 1541, 1563, 1564, 1544, 1543, 1565, 1566,
  1541, 1545, 1567, 1563, 1543, 1546, 1568, 1565,
  1545, 1547, 1569, 1567, 1546, 1548, 1570, 1568,
  1547, 1549, 1571, 1569, 1548, 1550, 1572, 1570,
  1549, 1551, 1573, 1571, 1550, 1552, 1574, 1572,
  1551, 1553, 1575, 1573, 1552, 1554, 1576, 1574,
  1553, 1555, 1577, 1575, 1554, 1556, 1578, 1576,
  1555, 1557, 1579, 1577, 1556, 1558, 1580, 1578,
  1557, 1559, 1581, 1579, 1558, 1560, 1582, 1580,
  1559, 1561, 1583, 1581, 1560, 1562, 1584, 1582,
  1564, 1563, 1585, 1586, 1566, 1565, 1587, 1588,
  1563, 1567, 1589, 1585, 1565, 1568, 1590, 1587,
  1567, 1569, 1591, 1589, 1568, 1570, 1592, 1590,
  1569, 1571, 1593, 1591, 1570, 1572, 1594, 1592,
  1571, 1573, 1595, 1593, 1572, 1574, 1596, 1594,
  1573, 1575, 1597, 1595, 1574, 1576, 1598, 1596,
  1575, 1577, 1599, 1597, 1576, 1578, 1600, 1598,
  1577, 1579, 1601, 1599, 1578, 1580, 1602, 1600,
  1579, 1581, 1603, 1601, 1580, 1582, 1604, 1602,
  1581, 1583, 1605, 1603, 1582, 1584, 1606, 1604,
  1586, 1585, 1607, 1608, 1588, 1587, 1609, 1610,
  1585, 1589, 1611, 1607, 1587, 1590, 1612, 1609,
  1589, 1591, 1613, 1611, 1590, 1592, 1614, 1612,
  1591, 1593, 1615, 1613, 1592, 1594, 1616, 1614,
  1593, 1595, 1617, 1615, 1594, 1596, 1618, 1616,
  1595, 1597, 1619, 1617, 1596, 1598, 1620, 1618,
  1597, 1599, 1621, 1619, 1598, 1600, 1622, 1620,
  1599, 1601, 1623, 1621, 1600, 1602, 1624, 1622,
  1601, 1603, 1625, 1623, 1602, 1604, 1626, 1624,
  1603, 1605, 1627, 1625, 1604, 1606, 1628, 1626,
  1608, 1607, 1629, 1630, 1610, 1609, 1631, 1632,
  1607, 1611, 1633, 1629, 1609, 1612, 1634, 1631,
  1611, 1613, 1635, 1633, 1612, 1614, 1636, 1634,
  1613, 1615, 1637, 1635, 1614, 1616, 1638, 1636,
  1615, 1617, 1639, 1637, 1616, 1618, 1640, 1638,
  1617, 1619, 1641, 1639, 1618, 1620, 1642, 1640,
  1619, 1621, 1643, 1641, 1620, 1622, 1644, 1642,
  1621, 1623, 1645, 1643, 1622, 1624, 1646, 1644,
  1623, 1625, 1647, 1645, 1624, 1626, 1648, 1646,
  1625, 1627, 1649, 1647, 1626, 1628, 1650, 1648,
  1630, 1629, 1651, 1652, 1632, 1631, 1653, 1654,
  1629, 1633, 1655, 1651, 1631, 1634, 1656, 1653,
  1633, 1635, 1657, 1655, 1634, 1636, 1658, 1656,
  1635, 1637, 1659, 1657, 1636, 1638, 1660, 1658,
  1637, 1639, 1661, 1659, 1638, 1640, 1662, 1660,
  1639, 1641, 1663, 1661, 1640, 1642, 1664, 1662,
  1641, 1643, 1665, 1663, 1642, 1644, 1666, 1664,
  1643, 1645, 1667, 1665, 1644, 1646, 1668, 1666,
  1645, 1647, 1669, 1667, 1646, 1648, 1670, 1668,
  1647, 1649, 1671, 1669, 1648, 1650, 1672, 1670,
  1435, 1436, 1437, 1438, 1673, 1674, 1675, 1676,
  1436, 1441, 1442, 1437, 1674, 1677, 1678, 1675,
  1441, 1445, 1446, 1442, 1677, 1679, 1680, 1678,
  1445, 1449, 1450, 1446, 1679, 1681, 1682, 1680,
  1449, 1453, 1454, 1450, 1681, 1683, 1684, 1682,
  1453, 1457, 1458, 1454, 1683, 1685, 1686, 1684,
  1457, 1461, 1462, 1458, 1685, 1687, 1688, 1686,
  1461, 1465, 1466, 1462, 1687, 1689, 1690, 1688,
  1465, 1469, 1470, 1466, 1689, 1691, 1692, 1690,
  1469, 1473, 1474, 1470, 1691, 1693, 1694, 1692,
  1438, 1437, 1477, 1478, 1676, 1675, 1695, 1696,
  1437, 1442, 1480, 1477, 1675, 1678, 1697, 1695,
  1442, 1446, 1482, 1480, 1678, 1680, 1698, 1697,
  1446, 1450, 1484, 1482, 1680, 1682, 1699, 1698,
  1450, 1454, 1486, 1484, 1682, 1684, 1700, 1699,
  1454, 1458, 1488, 1486, 1684, 1686, 1701, 1700,
  1458, 1462, 1490, 1488, 1686, 1688, 1702, 1701,
  1462, 1466, 1492, 1490, 1688, 1690, 1703, 1702,
  1466, 1470, 1494, 1492, 1690, 1692, 1704, 1703,
  1470, 1474, 1496, 1494, 1692, 1694, 1705, 1704,
  1478, 1477, 1499, 1500, 1696, 1695, 1706, 1707,
  1477, 1480, 1502, 1499, 1695, 1697, 1708, 1706,
  1480, 1482, 1504, 1502, 1697, 1698, 1709, 1708,
  1482, 1484, 1506, 1504, 1698, 1699, 1710, 1709,
  1484, 1486, 1508, 1506, 1699, 1700, 1711, 1710,
  1486, 1488, 1510, 1508, 1700, 1701, 1712, 1711,
  1488, 1490, 1512, 1510, 1701, 1702, 1713, 1712,
  1490, 1492, 1514, 1512, 1702, 1703, 1714, 1713,
  1492, 1494, 1516, 1514, 1703, 1704, 1715, 1714,
  1494, 1496, 1518, 1516, 1704, 1705, 1716, 1715,
  1500, 1499, 1521, 1522, 1707, 1706, 1717, 1718,
  1499, 1502, 1524, 1521, 1706, 1708, 1719, 1717,
  1502, 1504, 1526, 1524, 1708, 1709, 1720, 1719,
  1504, 1506, 1528, 1526, 1709, 1710, 1721, 1720,
  1506, 1508, 1530, 1528, 1710, 1711, 1722, 1721,
  1508, 1510, 1532, 1530, 1711, 1712, 1723, 1722,
  1510, 1512, 1534, 1532, 1712, 1713, 1724, 1723,
  1512, 1514, 1536, 1534, 1713, 1714, 1725, 1724,
  1514, 1516, 1538, 1536, 1714, 1715, 1726, 1725,
  1516, 1518, 1540, 1538, 1715, 1716, 1727, 1726,
  1522, 1521, 1543, 1544, 1718, 1717, 1728, 1729,
  1521, 1524, 1546, 1543, 1717, 1719, 1730, 1728,
  1524, 1526, 1548, 1546, 1719, 1720, 1731, 1730,
  1526, 1528, 1550, 1548, 1720, 1721, 1732, 1731,
  1528, 1530, 1552, 1550, 1721, 1722, 1733, 1732,
  1530, 1532, 1554, 1552, 1722, 1723, 1734, 1733,
  1532, 1534, 1556, 1554, 1723, 1724, 1735, 1734,
  1534, 1536, 1558, 1556, 1724, 1725, 1736, 1735,
  1536, 1538, 1560, 1558, 1725, 1726, 1737, 1736,
  1538, 1540, 1562, 1560, 1726, 1727, 1738, 1737,
  1544, 1543, 1565, 1566, 1729, 1728, 1739, 1740,
  1543, 1546, 1568, 1565, 1728, 1730, 1741, 1739,
  1546, 1548, 1570, 1568, 1730, 1731, 1742, 1741,
  1548, 1550, 1572, 1570, 1731, 1732, 1743, 1742,
  1550, 1552, 1574, 1572, 1732, 1733, 1744, 1743,
  1552, 1554, 1576, 1574, 1733, 1734, 1745, 1744,
  1554, 1556, 1578, 1576, 1734, 1735, 1746, 1745,
  1556, 1558, 1580, 1578, 1735, 1736, 1747, 1746,
  1558, 1560, 1582, 1580, 1736, 1737, 1748, 1747,
  1560, 1562, 1584, 1582, 1737, 1738, 1749, 1748,
  1566, 1565, 1587, 1588, 1740, 1739, 1750, 1751,
  1565, 1568, 1590, 1587, 1739, 1741, 1752, 1750,
  1568, 1570, 1592, 1590, 1741, 1742, 1753, 1752,
  1570, 1572, 1594, 1592, 1742, 1743, 1754, 1753,
  1572, 1574, 1596, 1594, 1743, 1744, 1755, 1754,
  1574, 1576, 1598, 1596, 1744, 1745, 1756, 1755,
  1576, 1578, 1600, 1598, 1745, 1746, 1757, 1756,
  1578, 1580, 1602, 1600, 1746, 1747, 1758, 1757,
  1580, 1582, 1604, 1602, 1747, 1748, 1759, 1758,
  1582, 1584, 1606, 1604, 1748, 1749, 1760, 1759,
  1588, 1587, 1609, 1610, 1751, 1750, 1761, 1762,
  1587, 1590, 1612, 1609, 1750, 1752, 1763, 1761,
  1590, 1592, 1614, 1612, 1752, 1753, 1764, 1763,
  1592, 1594, 1616, 1614, 1753, 1754, 1765, 1764,
  1594, 1596, 1618, 1616, 1754, 1755, 1766, 1765,
  1596, 1598, 1620, 1618, 1755, 1756, 1767, 1766,
  1598, 1600, 1622, 1620, 1756, 1757, 1768, 1767,
  1600, 1602, 1624, 1622, 1757, 1758, 1769, 1768,
  1602, 1604, 1626, 1624, 1758, 1759, 1770, 1769,
  1604, 1606, 1628, 1626, 1759, 1760, 1771, 1770,
  1610, 1609, 1631, 1632, 1762, 1761, 1772, 1773,
  1609, 1612, 1634, 1631, 1761, 1763, 1774, 1772,
  1612, 1614, 1636, 1634, 1763, 1764, 1775, 1774,
  1614, 1616, 1638, 1636, 1764, 1765, 1776, 1775,
  1616, 1618, 1640, 1638, 1765, 1766, 1777, 1776,
  1618, 1620, 1642, 1640, 1766, 1767, 1778, 1777,
  1620, 1622, 1644, 1642, 1767, 1768, 1779, 1778,
  1622, 1624, 1646, 1644, 1768, 1769, 1780, 1779,
  1624, 1626, 1648, 1646, 1769, 1770, 1781, 1780,
  1626, 1628, 1650, 1648, 1770, 1771, 1782, 1781,
  1632, 1631, 1653, 1654, 1773, 1772, 1783, 1784,
  1631, 1634, 1656, 1653, 1772, 1774, 1785, 1783,
  1634, 1636, 1658, 1656, 1774, 1775, 1786, 1785,
  1636, 1638, 1660, 1658, 1775, 1776, 1787, 1786,
  1638, 1640, 1662, 1660, 1776, 1777, 1788, 1787,
  1640, 1642, 1664, 1662, 1777, 1778, 1789, 1788,
  1642, 1644, 1666, 1664, 1778, 1779, 1790, 1789,
  1644, 1646, 1668, 1666, 1779, 1780, 1791, 1790,
  1646, 1648, 1670, 1668, 1780, 1781, 1792, 1791,
  1648, 1650, 1672, 1670, 1781, 1782, 1793, 1792,
  1673, 1674, 1675, 1676, 1794, 1795, 1796, 1797,
  1674, 1677, 1678, 1675, 1795, 1798, 1799, 1796,
  1677, 1679, 1680, 1678, 1798, 1800, 1801, 1799,
  1679, 1681, 1682, 1680, 1800, 1802, 1803, 1801,
  1681, 1683, 1684, 1682, 1802, 1804, 1805, 1803,
  1683, 1685, 1686, 1684, 1804, 1806, 1807, 1805,
  1685, 1687, 1688, 1686, 1806, 1808, 1809, 1807,
  1687, 1689, 1690, 1688, 1808, 1810, 1811, 1809,
  1689, 1691, 1692, 1690, 1810, 1812, 1813, 1811,
  1691, 1693, 1694, 1692, 1812, 1814, 1815, 1813,
  1676, 1675, 1695, 1696, 1797, 1796, 1816, 1817,
  1675, 1678, 1697, 1695, 1796, 1799, 1818, 1816,
  1678, 1680, 1698, 1697, 1799, 1801, 1819, 1818,
  1680, 1682, 1699, 1698, 1801, 1803, 1820, 1819,
  1682, 1684, 1700, 1699, 1803, 1805, 1821, 1820,
  1684, 1686, 1701, 1700, 1805, 1807, 1822, 1821,
  1686, 1688, 1702, 1701, 1807, 1809, 1823, 1822,
  1688, 1690, 1703, 1702, 1809, 1811, 1824, 1823,
  1690, 1692, 1704, 1703, 1811, 1813, 1825, 1824,
  1692, 1694, 1705, 1704, 1813, 1815, 1826, 1825,
  1696, 1695, 1706, 1707, 1817, 1816, 1827, 1828,
  1695, 1697, 1708, 1706, 1816, 1818, 1829, 1827,
  1697, 1698, 1709, 1708, 1818, 1819, 1830, 1829,
  1698, 1699, 1710, 1709, 1819, 1820, 1831, 1830,
  1699, 1700, 1711, 1710, 1820, 1821, 1832, 1831,
  1700, 1701, 1712, 1711, 1821, 1822, 1833, 1832,
  1701, 1702, 1713, 1712, 1822, 1823, 1834, 1833,
  1702, 1703, 1714, 1713, 1823, 1824, 1835, 1834,
  1703, 1704, 1715, 1714, 1824, 1825, 1836, 1835,
  1704, 1705, 1716, 1715, 1825, 1826, 1837, 1836,
  1707, 1706, 1717, 1718, 1828, 1827, 1838, 1839,
  1706, 1708, 1719, 1717, 1827, 1829, 1840, 1838,
  1708, 1709, 1720, 1719, 1829, 1830, 1841, 1840,
  1709, 1710, 1721, 1720, 1830, 1831, 1842, 1841,
  1710, 1711, 1722, 1721, 1831, 1832, 1843, 1842,
  1711, 1712, 1723, 1722, 1832, 1833, 1844, 1843,
  1712, 1713, 1724, 1723, 1833, 1834, 1845, 1844,
  1713, 1714, 1725, 1724, 1834, 1835, 1846, 1845,
  1714, 1715, 1726, 1725, 1835, 1836, 1847, 1846,
  1715, 1716, 1727, 1726, 1836, 1837, 1848, 1847,
  1718, 1717, 1728, 1729, 1839, 1838, 1849, 1850,
  1717, 1719, 1730, 1728, 1838, 1840, 1851, 1849,
  1719, 1720, 1731, 1730, 1840, 1841, 1852, 1851,
  1720, 1721, 1732, 1731, 1841, 1842, 1853, 1852,
  1721, 1722, 1733, 1732, 1842, 1843, 1854, 1853,
  1722, 1723, 1734, 1733, 1843, 1844, 1855, 1854,
  1723, 1724, 1735, 1734, 1844, 1845, 1856, 1855,
  1724, 1725, 1736, 1735, 1845, 1846, 1857, 1856,
  1725, 1726, 1737, 1736, 1846, 1847, 1858, 1857,
  1726, 1727, 1738, 1737, 1847, 1848, 1859, 1858,
  1729, 1728, 1739, 1740, 1850, 1849, 1860, 1861,
  1728, 1730, 1741, 1739, 1849, 1851, 1862, 1860,
  1730, 1731, 1742, 1741, 1851, 1852, 1863, 1862,
  1731, 1732, 1743, 1742, 1852, 1853, 1864, 1863,
  1732, 1733, 1744, 1743, 1853, 1854, 1865, 1864,
  1733, 1734, 1745, 1744, 1854, 1855, 1866, 1865,
  1734, 1735, 1746, 1745, 1855, 1856, 1867, 1866,
  1735, 1736, 1747, 1746, 1856, 1857, 1868, 1867,
  1736, 1737, 1748, 1747, 1857, 1858, 1869, 1868,
  1737, 1738, 1749, 1748, 1858, 1859, 1870, 1869,
  1740, 1739, 1750, 1751, 1861, 1860, 1871, 1872,
  1739, 1741, 1752, 1750, 1860, 1862, 1873, 1871,
  1741, 1742, 1753, 1752, 1862, 1863, 1874, 1873,
  1742, 1743, 1754, 1753, 1863, 1864, 1875, 1874,
  1743, 1744, 1755, 1754, 1864, 1865, 1876, 1875,
  1744, 1745, 1756, 1755, 1865, 1866, 1877, 1876,
  1745, 1746, 1757, 1756, 1866, 1867, 1878, 1877,
  1746, 1747, 1758, 1757, 1867, 1868, 1879, 1878,
  1747, 1748, 1759, 1758, 1868, 1869, 1880, 1879,
  1748, 1749, 1760, 1759, 1869, 1870, 1881, 1880,
  1751, 1750, 1761, 1762, 1872, 1871, 1882, 1883,
  1750, 1752, 1763, 1761, 1871, 1873, 1884, 1882,
  1752, 1753, 1764, 1763, 1873, 1874, 1885, 1884,
  1753, 1754, 1765, 1764, 1874, 1875, 1886, 1885,
  1754, 1755, 1766, 1765, 1875, 1876, 1887, 1886,
  1755, 1756, 1767, 1766, 1876, 1877, 1888, 1887,
  1756, 1757, 1768, 1767, 1877, 1878, 1889, 1888,
  1757, 1758, 1769, 1768, 1878, 1879, 1890, 1889,
  1758, 1759, 1770, 1769, 1879, 1880, 1891, 1890,
  1759, 1760, 1771, 1770, 1880, 1881, 1892, 1891,
  1762, 1761, 1772, 1773, 1883, 1882, 1893, 1894,
  1761, 1763, 1774, 1772, 1882, 1884, 1895, 1893,
  1763, 1764, 1775, 1774, 1884, 1885, 1896, 1895,
  1764, 1765, 1776, 1775, 1885, 1886, 1897, 1896,
  1765, 1766, 1777, 1776, 1886, 1887, 1898, 1897,
  1766, 1767, 1778, 1777, 1887, 1888, 1899, 1898,
  1767, 1768, 1779, 1778, 1888, 1889, 1900, 1899,
  1768, 1769, 1780, 1779, 1889, 1890, 1901, 1900,
  1769, 1770, 1781, 1780, 1890, 1891, 1902, 1901,
  1770, 1771, 1782, 1781, 1891, 1892, 1903, 1902,
  1773, 1772, 1783, 1784, 1894, 1893, 1904, 1905,
  1772, 1774, 1785, 1783, 1893, 1895, 1906, 1904,
  1774, 1775, 1786, 1785, 1895, 1896, 1907, 1906,
  1775, 1776, 1787, 1786, 1896, 1897, 1908, 1907,
  1776, 1777, 1788, 1787, 1897, 1898, 1909, 1908,
  1777, 1778, 1789, 1788, 1898, 1899, 1910, 1909,
  1778, 1779, 1790, 1789, 1899, 1900, 1911, 1910,
  1779, 1780, 1791, 1790, 1900, 1901, 1912, 1911,
  1780, 1781, 1792, 1791, 1901, 1902, 1913, 1912,
  1781, 1782, 1793, 1792, 1902, 1903, 1914, 1913,
  1794, 1795, 1796, 1797, 1915, 1916, 1917, 1918,
  1795, 1798, 1799, 1796, 1916, 1919, 1920, 1917,
  1798, 1800, 1801, 1799, 1919, 1921, 1922, 1920,
  1800, 1802, 1803, 1801, 1921, 1923, 1924, 1922,
  1802, 1804, 1805, 1803, 1923, 1925, 1926, 1924,
  1804, 1806, 1807, 1805, 1925, 1927, 1928, 1926,
  1806, 1808, 1809, 1807, 1927, 1929, 1930, 1928,
  1808, 1810, 1811, 1809, 1929, 1931, 1932, 1930,
  1810, 1812, 1813, 1811, 1931, 1933, 1934, 1932,
  1812, 1814, 1815, 1813, 1933, 1935, 1936, 1934,
  1797, 1796, 1816, 1817, 1918, 1917, 1937, 1938,
  1796, 1799, 1818, 1816, 1917, 1920, 1939, 1937,
  1799, 1801, 1819, 1818, 1920, 1922, 1940, 1939,
  1801, 1803, 1820, 1819, 1922, 1924, 1941, 1940,
  1803, 1805, 1821, 1820, 1924, 1926, 1942, 1941,
  1805, 1807, 1822, 1821, 1926, 1928, 1943, 1942,
  1807, 1809, 1823, 1822, 1928, 1930, 1944, 1943,
  1809, 1811, 1824, 1823, 1930, 1932, 1945, 1944,
  1811, 1813, 1825, 1824, 1932, 1934, 1946, 1945,
  1813, 1815, 1826, 1825, 1934, 1936, 1947, 1946,
  1817, 1816, 1827, 1828, 1938, 1937, 1948, 1949,
  1816, 1818, 1829, 1827, 1937, 1939, 1950, 1948,
  1818, 1819, 1830, 1829, 1939, 1940, 1951, 1950,
  1819, 1820, 1831, 1830, 1940, 1941, 1952, 1951,
  1820, 1821, 1832, 1831, 1941, 1942, 1953, 1952,
  1821, 1822, 1833, 1832, 1942, 1943, 1954, 1953,
  1822, 1823, 1834, 1833, 1943, 1944, 1955, 1954,
  1823, 1824, 1835, 1834, 1944, 1945, 1956, 1955,
  1824, 1825, 1836, 1835, 1945, 1946, 1957, 1956,
  1825, 1826, 1837, 1836, 1946, 1947, 1958, 1957,
  1828, 1827, 1838, 1839, 1949, 1948, 1959, 1960,
  1827, 1829, 1840, 1838, 1948, 1950, 1961, 1959,
  1829, 1830, 1841, 1840, 1950, 1951, 1962, 1961,
  1830, 1831, 1842, 1841, 1951, 1952, 1963, 1962,
  1831, 1832, 1843, 1842, 1952, 1953, 1964, 1963,
  1832, 1833, 1844, 1843, 1953, 1954, 1965, 1964,
  1833, 1834, 1845, 1844, 1954, 1955, 1966, 1965,
  1834, 1835, 1846, 1845, 1955, 1956, 1967, 1966,
  1835, 1836, 1847, 1846, 1956, 1957, 1968, 1967,
  1836, 1837, 1848, 1847, 1957, 1958, 1969, 1968,
  1839, 1838, 1849, 1850, 1960, 1959, 1970, 1971,
  1838, 1840, 1851, 1849, 1959, 1961, 1972, 1970,
  1840, 1841, 1852, 1851, 1961, 1962, 1973, 1972,
  1841, 1842, 1853, 1852, 1962, 1963, 1974, 1973,
  1842, 1843, 1854, 1853, 1963, 1964, 1975, 1974,
  1843, 1844, 1855, 1854, 1964, 1965, 1976, 1975,
  1844, 1845, 1856, 1855, 1965, 1966, 1977, 1976,
  1845, 1846, 1857, 1856, 1966, 1967, 1978, 1977,
  1846, 1847, 1858, 1857, 1967, 1968, 1979, 1978,
  1847, 1848, 1859, 1858, 1968, 1969, 1980, 1979,
  1850, 1849, 1860, 1861, 1971, 1970, 1981, 1982,
  1849, 1851, 1862, 1860, 1970, 1972, 1983, 1981,
  1851, 1852, 1863, 1862, 1972, 1973, 1984, 1983,
  1852, 1853, 1864, 1863, 1973, 1974, 1985, 1984,
  1853, 1854, 1865, 1864, 1974, 1975, 1986, 1985,
  1854, 1855, 1866, 1865, 1975, 1976, 1987, 1986,
  1855, 1856, 1867, 1866, 1976, 1977, 1988, 1987,
  1856, 1857, 1868, 1867, 1977, 1978, 1989, 1988,
  1857, 1858, 1869, 1868, 1978, 1979, 1990, 1989,
  1858, 1859, 1870, 1869, 1979, 1980, 1991, 1990,
  1861, 1860, 1871, 1872, 1982, 1981, 1992, 1993,
  1860, 1862, 1873, 1871, 1981, 1983, 1994, 1992,
  1862, 1863, 1874, 1873, 1983, 1984, 1995, 1994,
  1863, 1864, 1875, 1874, 1984, 1985, 1996, 1995,
  1864, 1865, 1876, 1875, 1985, 1986, 1997, 1996,
  1865, 1866, 1877, 1876, 1986, 1987, 1998, 1997,
  1866, 1867, 1878, 1877, 1987, 1988, 1999, 1998,
  1867, 1868, 1879, 1878, 1988, 1989, 2000, 1999,
  1868, 1869, 1880, 1879, 1989, 1990, 2001, 2000,
  1869, 1870, 1881, 1880, 1990, 1991, 2002, 2001,
  1872, 1871, 1882, 1883, 1993, 1992, 2003, 2004,
  1871, 1873, 1884, 1882, 1992, 1994, 2005, 2003,
  1873, 1874, 1885, 1884, 1994, 1995, 2006, 2005,
  1874, 1875, 1886, 1885, 1995, 1996, 2007, 2006,
  1875, 1876, 1887, 1886, 1996, 1997, 2008, 2007,
  1876, 1877, 1888, 1887, 1997, 1998, 2009, 2008,
  1877, 1878, 1889, 1888, 1998, 1999, 2010, 2009,
  1878, 1879, 1890, 1889, 1999, 2000, 2011, 2010,
  1879, 1880, 1891, 1890, 2000, 2001, 2012, 2011,
  1880, 1881, 1892, 1891, 2001, 2002, 2013, 2012,
  1883, 1882, 1893, 1894, 2004, 2003, 2014, 2015,
  1882, 1884, 1895, 1893, 2003, 2005, 2016, 2014,
  1884, 1885, 1896, 1895, 2005, 2006, 2017, 2016,
  1885, 1886, 1897, 1896, 2006, 2007, 2018, 2017,
  1886, 1887, 1898, 1897, 2007, 2008, 2019, 2018,
  1887, 1888, 1899, 1898, 2008, 2009, 2020, 2019,
  1888, 1889, 1900, 1899, 2009, 2010, 2021, 2020,
  1889, 1890, 1901, 1900, 2010, 2011, 2022, 2021,
  1890, 1891, 1902, 1901, 2011, 2012, 2023, 2022,
  1891, 1892, 1903, 1902, 2012, 2013, 2024, 2023,
  1894, 1893, 1904, 1905, 2015, 2014, 2025, 2026,
  1893, 1895, 1906, 1904, 2014, 2016, 2027, 2025,
  1895, 1896, 1907, 1906, 2016, 2017, 2028, 2027,
  1896, 1897, 1908, 1907, 2017, 2018, 2029, 2028,
  1897, 1898, 1909, 1908, 2018, 2019, 2030, 2029,
  1898, 1899, 1910, 1909, 2019, 2020, 2031, 2030,
  1899, 1900, 1911, 1910, 2020, 2021, 2032, 2031,
  1900, 1901, 1912, 1911, 2021, 2022, 2033, 2032,
  1901, 1902, 1913, 1912, 2022, 2023, 2034, 2033,
  1902, 1903, 1914, 1913, 2023, 2024, 2035, 2034,
  1915, 1916, 1917, 1918, 2036, 2037, 2038, 2039,
  1916, 1919, 1920, 1917, 2037, 2040, 2041, 2038,
  1919, 1921, 1922, 1920, 2040, 2042, 2043, 2041,
  1921, 1923, 1924, 1922, 2042, 2044, 2045, 2043,
  1923, 1925, 1926, 1924, 2044, 2046, 2047, 2045,
  1925, 1927, 1928, 1926, 2046, 2048, 2049, 2047,
  1927, 1929, 1930, 1928, 2048, 2050, 2051, 2049,
  1929, 1931, 1932, 1930, 2050, 2052, 2053, 2051,
  1931, 1933, 1934, 1932, 2052, 2054, 2055, 2053,
  1933, 1935, 1936, 1934, 2054, 2056, 2057, 2055,
  1918, 1917, 1937, 1938, 2039, 2038, 2058, 2059,
  1917, 1920, 1939, 1937, 2038, 2041, 2060, 2058,
  1920, 1922, 1940, 1939, 2041, 2043, 2061, 2060,
  1922, 1924, 1941, 1940, 2043, 2045, 2062, 2061,
  1924, 1926, 1942, 1941, 2045, 2047, 2063, 2062,
  1926, 1928, 1943, 1942, 2047, 2049, 2064, 2063,
  1928, 1930, 1944, 1943, 2049, 2051, 2065, 2064,
  1930, 1932, 1945, 1944, 2051, 2053, 2066, 2065,
  1932, 1934, 1946, 1945, 2053, 2055, 2067, 2066,
  1934, 1936, 1947, 1946, 2055, 2057, 2068, 2067,
  1938, 1937, 1948, 1949, 2059, 2058, 2069, 2070,
  1937, 1939, 1950, 1948, 2058, 2060, 2071, 2069,
  1939, 1940, 1951, 1950, 2060, 2061, 2072, 2071,
  1940, 1941, 1952, 1951, 2061, 2062, 2073, 2072,
  1941, 1942, 1953, 1952, 2062, 2063, 2074, 2073,
  1942, 1943, 1954, 1953, 2063, 2064, 2075, 2074,
  1943, 1944, 1955, 1954, 2064, 2065, 2076, 2075,
  1944, 1945, 1956, 1955, 2065, 2066, 2077, 2076,
  1945, 1946, 1957, 1956, 2066, 2067, 2078, 2077,
  1946, 1947, 1958, 1957, 2067, 2068, 2079, 2078,
  1949, 1948, 1959, 1960, 2070, 2069, 2080, 2081,
  1948, 1950, 1961, 1959, 2069, 2071, 2082, 2080,
  1950, 1951, 1962, 1961, 2071, 2072, 2083, 2082,
  1951, 1952, 1963, 1962, 2072, 2073, 2084, 2083,
  1952, 1953, 1964, 1963, 2073, 2074, 2085, 2084,
  1953, 1954, 1965, 1964, 2074, 2075, 2086, 2085,
  1954, 1955, 1966, 1965, 2075, 2076, 2087, 2086,
  1955, 1956, 1967, 1966, 2076, 2077, 2088, 2087,
  1956, 1957, 1968, 1967, 2077, 2078, 2089, 2088,
  1957, 1958, 1969, 1968, 2078, 2079, 2090, 2089,
  1960, 1959, 1970, 1971, 2081, 2080, 2091, 2092,
  1959, 1961, 1972, 1970, 2080, 2082, 2093, 2091,
  1961, 1962, 1973, 1972, 2082, 2083, 2094, 2093,
  1962, 1963, 1974, 1973, 2083, 2084, 2095, 2094,
  1963, 1964, 1975, 1974, 2084, 2085, 2096, 2095,
  1964, 1965, 1976, 1975, 2085, 2086, 2097, 2096,
  1965, 1966, 1977, 1976, 2086, 2087, 2098, 2097,
  1966, 1967, 1978, 1977, 2087, 2088, 2099, 2098,
  1967, 1968, 1979, 1978, 2088, 2089, 2100, 2099,
  1968, 1969, 1980, 1979, 2089, 2090, 2101, 2100,
  1971, 1970, 1981, 1982, 2092, 2091, 2102, 2103,
  1970, 1972, 1983, 1981, 2091, 2093, 2104, 2102,
  1972, 1973, 1984, 1983, 2093, 2094, 2105, 2104,
  1973, 1974, 1985, 1984, 2094, 2095, 2106, 2105,
  1974, 1975, 1986, 1985, 2095, 2096, 2107, 2106,
  1975, 1976, 1987, 1986, 2096, 2097, 2108, 2107,
  1976, 1977, 1988, 1987, 2097, 2098, 2109, 2108,
  1977, 1978, 1989, 1988, 2098, 2099, 2110, 2109,
  1978, 1979, 1990, 1989, 2099, 2100, 2111, 2110,
  1979, 1980, 1991, 1990, 2100, 2101, 2112, 2111,
  1982, 1981, 1992, 1993, 2103, 2102, 2113, 2114,
  1981, 1983, 1994, 1992, 2102, 2104, 2115, 2113,
  1983, 1984, 1995, 1994, 2104, 2105, 2116, 2115,
  1984, 1985, 1996, 1995, 2105, 2106, 2117, 2116,
  1985, 1986, 1997, 1996, 2106, 2107, 2118, 2117,
  1986, 1987, 1998, 1997, 2107, 2108, 2119, 2118,
  1987, 1988, 1999, 1998, 2108, 2109, 2120, 2119,
  1988, 1989, 2000, 1999, 2109, 2110, 2121, 2120,
  1989, 1990, 2001, 2000, 2110, 2111, 2122, 2121,
  1990, 1991, 2002, 2001, 2111, 2112, 2123, 2122,
  1993, 1992, 2003, 2004, 2114, 2113, 2124, 2125,
  1992, 1994, 2005, 2003, 2113, 2115, 2126, 2124,
  1994, 1995, 2006, 2005, 2115, 2116, 2127, 2126,
  1995, 1996, 2007, 2006, 2116, 2117, 2128, 2127,
  1996, 1997, 2008, 2007, 2117, 2118, 2129, 2128,
  1997, 1998, 2009, 2008, 2118, 2119, 2130, 2129,
  1998, 1999, 2010, 2009, 2119, 2120, 2131, 2130,
  1999, 2000, 2011, 2010, 2120, 2121, 2132, 2131,
  2000, 2001, 2012, 2011, 2121, 2122, 2133, 2132,
  2001, 2002, 2013, 2012, 2122, 2123, 2134, 2133,
  2004, 2003, 2014, 2015, 2125, 2124, 2135, 2136,
  2003, 2005, 2016, 2014, 2124, 2126, 2137, 2135,
  2005, 2006, 2017, 2016, 2126, 2127, 2138, 2137,
  2006, 2007, 2018, 2017, 2127, 2128, 2139, 2138,
  2007, 2008, 2019, 2018, 2128, 2129, 2140, 2139,
  2008, 2009, 2020, 2019, 2129, 2130, 2141, 2140,
  2009, 2010, 2021, 2020, 2130, 2131, 2142, 2141,
  2010, 2011, 2022, 2021, 2131, 2132, 2143, 2142,
  2011, 2012, 2023, 2022, 2132, 2133, 2144, 2143,
  2012, 2013, 2024, 2023, 2133, 2134, 2145, 2144,
  2015, 2014, 2025, 2026, 2136, 2135, 2146, 2147,
  2014, 2016, 2027, 2025, 2135, 2137, 2148, 2146,
  2016, 2017, 2028, 2027, 2137, 2138, 2149, 2148,
  2017, 2018, 2029, 2028, 2138, 2139, 2150, 2149,
  2018, 2019, 2030, 2029, 2139, 2140, 2151, 2150,
  2019, 2020, 2031, 2030, 2140, 2141, 2152, 2151,
  2020, 2021, 2032, 2031, 2141, 2142, 2153, 2152,
  2021, 2022, 2033, 2032, 2142, 2143, 2154, 2153,
  2022, 2023, 2034, 2033, 2143, 2144, 2155, 2154,
  2023, 2024, 2035, 2034, 2144, 2145, 2156, 2155,
  2036, 2037, 2038, 2039, 2157, 2158, 2159, 2160,
  2037, 2040, 2041, 2038, 2158, 2161, 2162, 2159,
  2040, 2042, 2043, 2041, 2161, 2163, 2164, 2162,
  2042, 2044, 2045, 2043, 2163, 2165, 2166, 2164,
  2044, 2046, 2047, 2045, 2165, 2167, 2168, 2166,
  2046, 2048, 2049, 2047, 2167, 2169, 2170, 2168,
  2048, 2050, 2051, 2049, 2169, 2171, 2172, 2170,
  2050, 2052, 2053, 2051, 2171, 2173, 2174, 2172,
  2052, 2054, 2055, 2053, 2173, 2175, 2176, 2174,
  2054, 2056, 2057, 2055, 2175, 2177, 2178, 2176,
  2039, 2038, 2058, 2059, 2160, 2159, 2179, 2180,
  2038, 2041, 2060, 2058, 2159, 2162, 2181, 2179,
  2041, 2043, 2061, 2060, 2162, 2164, 2182, 2181,
  2043, 2045, 2062, 2061, 2164, 2166, 2183, 2182,
  2045, 2047, 2063, 2062, 2166, 2168, 2184, 2183,
  2047, 2049, 2064, 2063, 2168, 2170, 2185, 2184,
  2049, 2051, 2065, 2064, 2170, 2172, 2186, 2185,
  2051, 2053, 2066, 2065, 2172, 2174, 2187, 2186,
  2053, 2055, 2067, 2066, 2174, 2176, 2188, 2187,
  2055, 2057, 2068, 2067, 2176, 2178, 2189, 2188,
  2059, 2058, 2069, 2070, 2180, 2179, 2190, 2191,
  2058, 2060, 2071, 2069, 2179, 2181, 2192, 2190,
  2060, 2061, 2072, 2071, 2181, 2182, 2193, 2192,
  2061, 2062, 2073, 2072, 2182, 2183, 2194, 2193,
  2062, 2063, 2074, 2073, 2183, 2184, 2195, 2194,
  2063, 2064, 2075, 2074, 2184, 2185, 2196, 2195,
  2064, 2065, 2076, 2075, 2185, 2186, 2197, 2196,
  2065, 2066, 2077, 2076, 2186, 2187, 2198, 2197,
  2066, 2067, 2078, 2077, 2187, 2188, 2199, 2198,
  2067, 2068, 2079, 2078, 2188, 2189, 2200, 2199,
  2070, 2069, 2080, 2081, 2191, 2190, 2201, 2202,
  2069, 2071, 2082, 2080, 2190, 2192, 2203, 2201,
  2071, 2072, 2083, 2082, 2192, 2193, 2204, 2203,
  2072, 2073, 2084, 2083, 2193, 2194, 2205, 2204,
  2073, 2074, 2085, 2084, 2194, 2195, 2206, 2205,
  2074, 2075, 2086, 2085, 2195, 2196, 2207, 2206,
  2075, 2076, 2087, 2086, 2196, 2197, 2208, 2207,
  2076, 2077, 2088, 2087, 2197, 2198, 2209, 2208,
  2077, 2078, 2089, 2088, 2198, 2199, 2210, 2209,
  2078, 2079, 2090, 2089, 2199, 2200, 2211, 2210,
  2081, 2080, 2091, 2092, 2202, 2201, 2212, 2213,
  2080, 2082, 2093, 2091, 2201, 2203, 2214, 2212,
  2082, 2083, 2094, 2093, 2203, 2204, 2215, 2214,
  2083, 2084, 2095, 2094, 2204, 2205, 2216, 2215,
  2084, 2085, 2096, 2095, 2205, 2206, 2217, 2216,
  2085, 2086, 2097, 2096, 2206, 2207, 2218, 2217,
  2086, 2087, 2098, 2097, 2207, 2208, 2219, 2218,
  2087, 2088, 2099, 2098, 2208, 2209, 2220, 2219,
  2088, 2089, 2100, 2099, 2209, 2210, 2221, 2220,
  2089, 2090, 2101, 2100, 2210, 2211, 2222, 2221,
  2092, 2091, 2102, 2103, 2213, 2212, 2223, 2224,
  2091, 2093, 2104, 2102, 2212, 2214, 2225, 2223,
  2093, 2094, 2105, 2104, 2214, 2215, 2226, 2225,
  2094, 2095, 2106, 2105, 2215, 2216, 2227, 2226,
  2095, 2096, 2107, 2106, 2216, 2217, 2228, 2227,
  2096, 2097, 2108, 2107, 2217, 2218, 2229, 2228,
  2097, 2098, 2109, 2108, 2218, 2219, 2230, 2229,
  2098, 2099, 2110, 2109, 2219, 2220, 2231, 2230,
  2099, 2100, 2111, 2110, 2220, 2221, 2232, 2231,
  2100, 2101, 2112, 2111, 2221, 2222, 2233, 2232,
  2103, 2102, 2113, 2114, 2224, 2223, 2234, 2235,
  2102, 2104, 2115, 2113, 2223, 2225, 2236, 2234,
  2104, 2105, 2116, 2115, 2225, 2226, 2237, 2236,
  2105, 2106, 2117, 2116, 2226, 2227, 2238, 2237,
  2106, 2107, 2118, 2117, 2227, 2228, 2239, 2238,
  2107, 2108, 2119, 2118, 2228, 2229, 2240, 2239,
  2108, 2109, 2120, 2119, 2229, 2230, 2241, 2240,
  2109, 2110, 2121, 2120, 2230, 2231, 2242, 2241,
  2110, 2111, 2122, 2121, 2231, 2232, 2243, 2242,
  2111, 2112, 2123, 2122, 2232, 2233, 2244, 2243,
  2114, 2113, 2124, 2125, 2235, 2234, 2245, 2246,
  2113, 2115, 2126, 2124, 2234, 2236, 2247, 2245,
  2115, 2116, 2127, 2126, 2236, 2237, 2248, 2247,
  2116, 2117, 2128, 2127, 2237, 2238, 2249, 2248,
  2117, 2118, 2129, 2128, 2238, 2239, 2250, 2249,
  2118, 2119, 2130, 2129, 2239, 2240, 2251, 2250,
  2119, 2120, 2131, 2130, 2240, 2241, 2252, 2251,
  2120, 2121, 2132, 2131, 2241, 2242, 2253, 2252,
  2121, 2122, 2133, 2132, 2242, 2243, 2254, 2253,
  2122, 2123, 2134, 2133, 2243, 2244, 2255, 2254,
  2125, 2124, 2135, 2136, 2246, 2245, 2256, 2257,
  2124, 2126, 2137, 2135, 2245, 2247, 2258, 2256,
  2126, 2127, 2138, 2137, 2247, 2248, 2259, 2258,
  2127, 2128, 2139, 2138, 2248, 2249, 2260, 2259,
  2128, 2129, 2140, 2139, 2249, 2250, 2261, 2260,
  2129, 2130, 2141, 2140, 2250, 2251, 2262, 2261,
  2130, 2131, 2142, 2141, 2251, 2252, 2263, 2262,
  2131, 2132, 2143, 2142, 2252, 2253, 2264, 2263,
  2132, 2133, 2144, 2143, 2253, 2254, 2265, 2264,
  2133, 2134, 2145, 2144, 2254, 2255, 2266, 2265,
  2136, 2135, 2146, 2147, 2257, 2256, 2267, 2268,
  2135, 2137, 2148, 2146, 2256, 2258, 2269, 2267,
  2137, 2138, 2149, 2148, 2258, 2259, 2270, 2269,
  2138, 2139, 2150, 2149, 2259, 2260, 2271, 2270,
  2139, 2140, 2151, 2150, 2260, 2261, 2272, 2271,
  2140, 2141, 2152, 2151, 2261, 2262, 2273, 2272,
  2141, 2142, 2153, 2152, 2262, 2263, 2274, 2273,
  2142, 2143, 2154, 2153, 2263, 2264, 2275, 2274,
  2143, 2144, 2155, 2154, 2264, 2265, 2276, 2275,
  2144, 2145, 2156, 2155, 2265, 2266, 2277, 2276,
  2157, 2158, 2159, 2160, 2278, 2279, 2280, 2281,
  2158, 2161, 2162, 2159, 2279, 2282, 2283, 2280,
  2161, 2163, 2164, 2162, 2282, 2284, 2285, 2283,
  2163, 2165, 2166, 2164, 2284, 2286, 2287, 2285,
  2165, 2167, 2168, 2166, 2286, 2288, 2289, 2287,
  2167, 2169, 2170, 2168, 2288, 2290, 2291, 2289,
  2169, 2171, 2172, 2170, 2290, 2292, 2293, 2291,
  2171, 2173, 2174, 2172, 2292, 2294, 2295, 2293,
  2173, 2175, 2176, 2174, 2294, 2296, 2297, 2295,
  2175, 2177, 2178, 2176, 2296, 2298, 2299, 2297,
  2160, 2159, 2179, 2180, 2281, 2280, 2300, 2301,
  2159, 2162, 2181, 2179, 2280, 2283, 2302, 2300,
  2162, 2164, 2182, 2181, 2283, 2285, 2303, 2302,
  2164, 2166, 2183, 2182, 2285, 2287, 2304, 2303,
  2166, 2168, 2184, 2183, 2287, 2289, 2305, 2304,
  2168, 2170, 2185, 2184, 2289, 2291, 2306, 2305,
  2170, 2172, 2186, 2185, 2291, 2293, 2307, 2306,
  2172, 2174, 2187, 2186, 2293, 2295, 2308, 2307,
  2174, 2176, 2188, 2187, 2295, 2297, 2309, 2308,
  2176, 2178, 2189, 2188, 2297, 2299, 2310, 2309,
  2180, 2179, 2190, 2191, 2301, 2300, 2311, 2312,
  2179, 2181, 2192, 2190, 2300, 2302, 2313, 2311,
  2181, 2182, 2193, 2192, 2302, 2303, 2314, 2313,
  2182, 2183, 2194, 2193, 2303, 2304, 2315, 2314,
  2183, 2184, 2195, 2194, 2304, 2305, 2316, 2315,
  2184, 2185, 2196, 2195, 2305, 2306, 2317, 2316,
  2185, 2186, 2197, 2196, 2306, 2307, 2318, 2317,
  2186, 2187, 2198, 2197, 2307, 2308, 2319, 2318,
  2187, 2188, 2199, 2198, 2308, 2309, 2320, 2319,
  2188, 2189, 2200, 2199, 2309, 2310, 2321, 2320,
  2191, 2190, 2201, 2202, 2312, 2311, 2322, 2323,
  2190, 2192, 2203, 2201, 2311, 2313, 2324, 2322,
  2192, 2193, 2204, 2203, 2313, 2314, 2325, 2324,
  2193, 2194, 2205, 2204, 2314, 2315, 2326, 2325,
  2194, 2195, 2206, 2205, 2315, 2316, 2327, 2326,
  2195, 2196, 2207, 2206, 2316, 2317, 2328, 2327,
  2196, 2197, 2208, 2207, 2317, 2318, 2329, 2328,
  2197, 2198, 2209, 2208, 2318, 2319, 2330, 2329,
  2198, 2199, 2210, 2209, 2319, 2320, 2331, 2330,
  2199, 2200, 2211, 2210, 2320, 2321, 2332, 2331,
  2202, 2201, 2212, 2213, 2323, 2322, 2333, 2334,
  2201, 2203, 2214, 2212, 2322, 2324, 2335, 2333,
  2203, 2204, 2215, 2214, 2324, 2325, 2336, 2335,
  2204, 2205, 2216, 2215, 2325, 2326, 2337, 2336,
  2205, 2206, 2217, 2216, 2326, 2327, 2338, 2337,
  2206, 2207, 2218, 2217, 2327, 2328, 2339, 2338,
  2207, 2208, 2219, 2218, 2328, 2329, 2340, 2339,
  2208, 2209, 2220, 2219, 2329, 2330, 2341, 2340,
  2209, 2210, 2221, 2220, 2330, 2331, 2342, 2341,
  2210, 2211, 2222, 2221, 2331, 2332, 2343, 2342,
  2213, 2212, 2223, 2224, 2334, 2333, 2344, 2345,
  2212, 2214, 2225, 2223, 2333, 2335, 2346, 2344,
  2214, 2215, 2226, 2225, 2335, 2336, 2347, 2346,
  2215, 2216, 2227, 2226, 2336, 2337, 2348, 2347,
  2216, 2217, 2228, 2227, 2337, 2338, 2349, 2348,
  2217, 2218, 2229, 2228, 2338, 2339, 2350, 2349,
  2218, 2219, 2230, 2229, 2339, 2340, 2351, 2350,
  2219, 2220, 2231, 2230, 2340, 2341, 2352, 2351,
  2220, 2221, 2232, 2231, 2341, 2342, 2353, 2352,
  2221, 2222, 2233, 2232, 2342, 2343, 2354, 2353,
  2224, 2223, 2234, 2235, 2345, 2344, 2355, 2356,
  2223, 2225, 2236, 2234, 2344, 2346, 2357, 2355,
  2225, 2226, 2237, 2236, 2346, 2347, 2358, 2357,
  2226, 2227, 2238, 2237, 2347, 2348, 2359, 2358,
  2227, 2228, 2239, 2238, 2348, 2349, 2360, 2359,
  2228, 2229, 2240, 2239, 2349, 2350, 2361, 2360,
  2229, 2230, 2241, 2240, 2350, 2351, 2362, 2361,
  2230, 2231, 2242, 2241, 2351, 2352, 2363, 2362,
  2231, 2232, 2243, 2242, 2352, 2353, 2364, 2363,
  2232, 2233, 2244, 2243, 2353, 2354, 2365, 2364,
  2235, 2234, 2245, 2246, 2356, 2355, 2366, 2367,
  2234, 2236, 2247, 2245, 2355, 2357, 2368, 2366,
  2236, 2237, 2248, 2247, 2357, 2358, 2369, 2368,
  2237, 2238, 2249, 2248, 2358, 2359, 2370, 2369,
  2238, 2239, 2250, 2249, 2359, 2360, 2371, 2370,
  2239, 2240, 2251, 2250, 2360, 2361, 2372, 2371,
  2240, 2241, 2252, 2251, 2361, 2362, 2373, 2372,
  2241, 2242, 2253, 2252, 2362, 2363, 2374, 2373,
  2242, 2243, 2254, 2253, 2363, 2364, 2375, 2374,
  2243, 2244, 2255, 2254, 2364, 2365, 2376, 2375,
  2246, 2245, 2256, 2257, 2367, 2366, 2377, 2378,
  2245, 2247, 2258, 2256, 2366, 2368, 2379, 2377,
  2247, 2248, 2259, 2258, 2368, 2369, 2380, 2379,
  2248, 2249, 2260, 2259, 2369, 2370, 2381, 2380,
  2249, 2250, 2261, 2260, 2370, 2371, 2382, 2381,
  2250, 2251, 2262, 2261, 2371, 2372, 2383, 2382,
  2251, 2252, 2263, 2262, 2372, 2373, 2384, 2383,
  2252, 2253, 2264, 2263, 2373, 2374, 2385, 2384,
  2253, 2254, 2265, 2264, 2374, 2375, 2386, 2385,
  2254, 2255, 2266, 2265, 2375, 2376, 2387, 2386,
  2257, 2256, 2267, 2268, 2378, 2377, 2388, 2389,
  2256, 2258, 2269, 2267, 2377, 2379, 2390, 2388,
  2258, 2259, 2270, 2269, 2379, 2380, 2391, 2390,
  2259, 2260, 2271, 2270, 2380, 2381, 2392, 2391,
  2260, 2261, 2272, 2271, 2381, 2382, 2393, 2392,
  2261, 2262, 2273, 2272, 2382, 2383, 2394, 2393,
  2262, 2263, 2274, 2273, 2383, 2384, 2395, 2394,
  2263, 2264, 2275, 2274, 2384, 2385, 2396, 2395,
  2264, 2265, 2276, 2275, 2385, 2386, 2397, 2396,
  2265, 2266, 2277, 2276, 2386, 2387, 2398, 2397,
  2278, 2279, 2280, 2281, 2399, 2400, 2401, 2402,
  2279, 2282, 2283, 2280, 2400, 2403, 2404, 2401,
  2282, 2284, 2285, 2283, 2403, 2405, 2406, 2404,
  2284, 2286, 2287, 2285, 2405, 2407, 2408, 2406,
  2286, 2288, 2289, 2287, 2407, 2409, 2410, 2408,
  2288, 2290, 2291, 2289, 2409, 2411, 2412, 2410,
  2290, 2292, 2293, 2291, 2411, 2413, 2414, 2412,
  2292, 2294, 2295, 2293, 2413, 2415, 2416, 2414,
  2294, 2296, 2297, 2295, 2415, 2417, 2418, 2416,
  2296, 2298, 2299, 2297, 2417, 2419, 2420, 2418,
  2281, 2280, 2300, 2301, 2402, 2401, 2421, 2422,
  2280, 2283, 2302, 2300, 2401, 2404, 2423, 2421,
  2283, 2285, 2303, 2302, 2404, 2406, 2424, 2423,
  2285, 2287, 2304, 2303, 2406, 2408, 2425, 2424,
  2287, 2289, 2305, 2304, 2408, 2410, 2426, 2425,
  2289, 2291, 2306, 2305, 2410, 2412, 2427, 2426,
  2291, 2293, 2307, 2306, 2412, 2414, 2428, 2427,
  2293, 2295, 2308, 2307, 2414, 2416, 2429, 2428,
  2295, 2297, 2309, 2308, 2416, 2418, 2430, 2429,
  2297, 2299, 2310, 2309, 2418, 2420, 2431, 2430,
  2301, 2300, 2311, 2312, 2422, 2421, 2432, 2433,
  2300, 2302, 2313, 2311, 2421, 2423, 2434, 2432,
  2302, 2303, 2314, 2313, 2423, 2424, 2435, 2434,
  2303, 2304, 2315, 2314, 2424, 2425, 2436, 2435,
  2304, 2305, 2316, 2315, 2425, 2426, 2437, 2436,
  2305, 2306, 2317, 2316, 2426, 2427, 2438, 2437,
  2306, 2307, 2318, 2317, 2427, 2428, 2439, 2438,
  2307, 2308, 2319, 2318, 2428, 2429, 2440, 2439,
  2308, 2309, 2320, 2319, 2429, 2430, 2441, 2440,
  2309, 2310, 2321, 2320, 2430, 2431, 2442, 2441,
  2312, 2311, 2322, 2323, 2433, 2432, 2443, 2444,
  2311, 2313, 2324, 2322, 2432, 2434, 2445, 2443,
  2313, 2314, 2325, 2324, 2434, 2435, 2446, 2445,
  2314, 2315, 2326, 2325, 2435, 2436, 2447, 2446,
  2315, 2316, 2327, 2326, 2436, 2437, 2448, 2447,
  2316, 2317, 2328, 2327, 2437, 2438, 2449, 2448,
  2317, 2318, 2329, 2328, 2438, 2439, 2450, 2449,
  2318, 2319, 2330, 2329, 2439, 2440, 2451, 2450,
  2319, 2320, 2331, 2330, 2440, 2441, 2452, 2451,
  2320, 2321, 2332, 2331, 2441, 2442, 2453, 2452,
  2323, 2322, 2333, 2334, 2444, 2443, 2454, 2455,
  2322, 2324, 2335, 2333, 2443, 2445, 2456, 2454,
  2324, 2325, 2336, 2335, 2445, 2446, 2457, 2456,
  2325, 2326, 2337, 2336, 2446, 2447, 2458, 2457,
  2326, 2327, 2338, 2337, 2447, 2448, 2459, 2458,
  2327, 2328, 2339, 2338, 2448, 2449, 2460, 2459,
  2328, 2329, 2340, 2339, 2449, 2450, 2461, 2460,
  2329, 2330, 2341, 2340, 2450, 2451, 2462, 2461,
  2330, 2331, 2342, 2341, 2451, 2452, 2463, 2462,
  2331, 2332, 2343, 2342, 2452, 2453, 2464, 2463,
  2334, 2333, 2344, 2345, 2455, 2454, 2465, 2466,
  2333, 2335, 2346, 2344, 2454, 2456, 2467, 2465,
  2335, 2336, 2347, 2346, 2456, 2457, 2468, 2467,
  2336, 2337, 2348, 2347, 2457, 2458, 2469, 2468,
  2337, 2338, 2349, 2348, 2458, 2459, 2470, 2469,
  2338, 2339, 2350, 2349, 2459, 2460, 2471, 2470,
  2339, 2340, 2351, 2350, 2460, 2461, 2472, 2471,
  2340, 2341, 2352, 2351, 2461, 2462, 2473, 2472,
  2341, 2342, 2353, 2352, 2462, 2463, 2474, 2473,
  2342, 2343, 2354, 2353, 2463, 2464, 2475, 2474,
  2345, 2344, 2355, 2356, 2466, 2465, 2476, 2477,
  2344, 2346, 2357, 2355, 2465, 2467, 2478, 2476,
  2346, 2347, 2358, 2357, 2467, 2468, 2479, 2478,
  2347, 2348, 2359, 2358, 2468, 2469, 2480, 2479,
  2348, 2349, 2360, 2359, 2469, 2470, 2481, 2480,
  2349, 2350, 2361, 2360, 2470, 2471, 2482, 2481,
  2350, 2351, 2362, 2361, 2471, 2472, 2483, 2482,
  2351, 2352, 2363, 2362, 2472, 2473, 2484, 2483,
  2352, 2353, 2364, 2363, 2473, 2474, 2485, 2484,
  2353, 2354, 2365, 2364, 2474, 2475, 2486, 2485,
  2356, 2355, 2366, 2367, 2477, 2476, 2487, 2488,
  2355, 2357, 2368, 2366, 2476, 2478, 2489, 2487,
  2357, 2358, 2369, 2368, 2478, 2479, 2490, 2489,
  2358, 2359, 2370, 2369, 2479, 2480, 2491, 2490,
  2359, 2360, 2371, 2370, 2480, 2481, 2492, 2491,
  2360, 2361, 2372, 2371, 2481, 2482, 2493, 2492,
  2361, 2362, 2373, 2372, 2482, 2483, 2494, 2493,
  2362, 2363, 2374, 2373, 2483, 2484, 2495, 2494,
  2363, 2364, 2375, 2374, 2484, 2485, 2496, 2495,
  2364, 2365, 2376, 2375, 2485, 2486, 2497, 2496,
  2367, 2366, 2377, 2378, 2488, 2487, 2498, 2499,
  2366, 2368, 2379, 2377, 2487, 2489, 2500, 2498,
  2368, 2369, 2380, 2379, 2489, 2490, 2501, 2500,
  2369, 2370, 2381, 2380, 2490, 2491, 2502, 2501,
  2370, 2371, 2382, 2381, 2491, 2492, 2503, 2502,
  2371, 2372, 2383, 2382, 2492, 2493, 2504, 2503,
  2372, 2373, 2384, 2383, 2493, 2494, 2505, 2504,
  2373, 2374, 2385, 2384, 2494, 2495, 2506, 2505,
  2374, 2375, 2386, 2385, 2495, 2496, 2507, 2506,
  2375, 2376, 2387, 2386, 2496, 2497, 2508, 2507,
  2378, 2377, 2388, 2389, 2499, 2498, 2509, 2510,
  2377, 2379, 2390, 2388, 2498, 2500, 2511, 2509,
  2379, 2380, 2391, 2390, 2500, 2501, 2512, 2511,
  2380, 2381, 2392, 2391, 2501, 2502, 2513, 2512,
  2381, 2382, 2393, 2392, 2502, 2503, 2514, 2513,
  2382, 2383, 2394, 2393, 2503, 2504, 2515, 2514,
  2383, 2384, 2395, 2394, 2504, 2505, 2516, 2515,
  2384, 2385, 2396, 2395, 2505, 2506, 2517, 2516,
  2385, 2386, 2397, 2396, 2506, 2507, 2518, 2517,
  2386, 2387, 2398, 2397, 2507, 2508, 2519, 2518,
  2399, 2400, 2401, 2402, 2520, 2521, 2522, 2523,
  2400, 2403, 2404, 2401, 2521, 2524, 2525, 2522,
  2403, 2405, 2406, 2404, 2524, 2526, 2527, 2525,
  2405, 2407, 2408, 2406, 2526, 2528, 2529, 2527,
  2407, 2409, 2410, 2408, 2528, 2530, 2531, 2529,
  2409, 2411, 2412, 2410, 2530, 2532, 2533, 2531,
  2411, 2413, 2414, 2412, 2532, 2534, 2535, 2533,
  2413, 2415, 2416, 2414, 2534, 2536, 2537, 2535,
  2415, 2417, 2418, 2416, 2536, 2538, 2539, 2537,
  2417, 2419, 2420, 2418, 2538, 2540, 2541, 2539,
  2402, 2401, 2421, 2422, 2523, 2522, 2542, 2543,
  2401, 2404, 2423, 2421, 2522, 2525, 2544, 2542,
  2404, 2406, 2424, 2423, 2525, 2527, 2545, 2544,
  2406, 2408, 2425, 2424, 2527, 2529, 2546, 2545,
  2408, 2410, 2426, 2425, 2529, 2531, 2547, 2546,
  2410, 2412, 2427, 2426, 2531, 2533, 2548, 2547,
  2412, 2414, 2428, 2427, 2533, 2535, 2549, 2548,
  2414, 2416, 2429, 2428, 2535, 2537, 2550, 2549,
  2416, 2418, 2430, 2429, 2537, 2539, 2551, 2550,
  2418, 2420, 2431, 2430, 2539, 2541, 2552, 2551,
  2422, 2421, 2432, 2433, 2543, 2542, 2553, 2554,
  2421, 2423, 2434, 2432, 2542, 2544, 2555, 2553,
  2423, 2424, 2435, 2434, 2544, 2545, 2556, 2555,
  2424, 2425, 2436, 2435, 2545, 2546, 2557, 2556,
  2425, 2426, 2437, 2436, 2546, 2547, 2558, 2557,
  2426, 2427, 2438, 2437, 2547, 2548, 2559, 2558,
  2427, 2428, 2439, 2438, 2548, 2549, 2560, 2559,
  2428, 2429, 2440, 2439, 2549, 2550, 2561, 2560,
  2429, 2430, 2441, 2440, 2550, 2551, 2562, 2561,
  2430, 2431, 2442, 2441, 2551, 2552, 2563, 2562,
  2433, 2432, 2443, 2444, 2554, 2553, 2564, 2565,
  2432, 2434, 2445, 2443, 2553, 2555, 2566, 2564,
  2434, 2435, 2446, 2445, 2555, 2556, 2567, 2566,
  2435, 2436, 2447, 2446, 2556, 2557, 2568, 2567,
  2436, 2437, 2448, 2447, 2557, 2558, 2569, 2568,
  2437, 2438, 2449, 2448, 2558, 2559, 2570, 2569,
  2438, 2439, 2450, 2449, 2559, 2560, 2571, 2570,
  2439, 2440, 2451, 2450, 2560, 2561, 2572, 2571,
  2440, 2441, 2452, 2451, 2561, 2562, 2573, 2572,
  2441, 2442, 2453, 2452, 2562, 2563, 2574, 2573,
  2444, 2443, 2454, 2455, 2565, 2564, 2575, 2576,
  2443, 2445, 2456, 2454, 2564, 2566, 2577, 2575,
  2445, 2446, 2457, 2456, 2566, 2567, 2578, 2577,
  2446, 2447, 2458, 2457, 2567, 2568, 2579, 2578,
  2447, 2448, 2459, 2458, 2568, 2569, 2580, 2579,
  2448, 2449, 2460, 2459, 2569, 2570, 2581, 2580,
  2449, 2450, 2461, 2460, 2570, 2571, 2582, 2581,
  2450, 2451, 2462, 2461, 2571, 2572, 2583, 2582,
  2451, 2452, 2463, 2462, 2572, 2573, 2584, 2583,
  2452, 2453, 2464, 2463, 2573, 2574, 2585, 2584,
  2455, 2454, 2465, 2466, 2576, 2575, 2586, 2587,
  2454, 2456, 2467, 2465, 2575, 2577, 2588, 2586,
  2456, 2457, 2468, 2467, 2577, 2578, 2589, 2588,
  2457, 2458, 2469, 2468, 2578, 2579, 2590, 2589,
  2458, 2459, 2470, 2469, 2579, 2580, 2591, 2590,
  2459, 2460, 2471, 2470, 2580, 2581, 2592, 2591,
  2460, 2461, 2472, 2471, 2581, 2582, 2593, 2592,
  2461, 2462, 2473, 2472, 2582, 2583, 2594, 2593,
  2462, 2463, 2474, 2473, 2583, 2584, 2595, 2594,
  2463, 2464, 2475, 2474, 2584, 2585, 2596, 2595,
  2466, 2465, 2476, 2477, 2587, 2586, 2597, 2598,
  2465, 2467, 2478, 2476, 2586, 2588, 2599, 2597,
  2467, 2468, 2479, 2478, 2588, 2589, 2600, 2599,
  2468, 2469, 2480, 2479, 2589, 2590, 2601, 2600,
  2469, 2470, 2481, 2480, 2590, 2591, 2602, 2601,
  2470, 2471, 2482, 2481, 2591, 2592, 2603, 2602,
  2471, 2472, 2483, 2482, 2592, 2593, 2604, 2603,
  2472, 2473, 2484, 2483, 2593, 2594, 2605, 2604,
  2473, 2474, 2485, 2484, 2594, 2595, 2606, 2605,
  2474, 2475, 2486, 2485, 2595, 2596, 2607, 2606,
  2477, 2476, 2487, 2488, 2598, 2597, 2608, 2609,
  2476, 2478, 2489, 2487, 2597, 2599, 2610, 2608,
  2478, 2479, 2490, 2489, 2599, 2600, 2611, 2610,
  2479, 2480, 2491, 2490, 2600, 2601, 2612, 2611,
  2480, 2481, 2492, 2491, 2601, 2602, 2613, 2612,
  2481, 2482, 2493, 2492, 2602, 2603, 2614, 2613,
  2482, 2483, 2494, 2493, 2603, 2604, 2615, 2614,
  2483, 2484, 2495, 2494, 2604, 2605, 2616, 2615,
  2484, 2485, 2496, 2495, 2605, 2606, 2617, 2616,
  2485, 2486, 2497, 2496, 2606, 2607, 2618, 2617,
  2488, 2487, 2498, 2499, 2609, 2608, 2619, 2620,
  2487, 2489, 2500, 2498, 2608, 2610, 2621, 2619,
  2489, 2490, 2501, 2500, 2610, 2611, 2622, 2621,
  2490, 2491, 2502, 2501, 2611, 2612, 2623, 2622,
  2491, 2492, 2503, 2502, 2612, 2613, 2624, 2623,
  2492, 2493, 2504, 2503, 2613, 2614, 2625, 2624,
  2493, 2494, 2505, 2504, 2614, 2615, 2626, 2625,
  2494, 2495, 2506, 2505, 2615, 2616, 2627, 2626,
  2495, 2496, 2507, 2506, 2616, 2617, 2628, 2627,
  2496, 2497, 2508, 2507, 2617, 2618, 2629, 2628,
  2499, 2498, 2509, 2510, 2620, 2619, 2630, 2631,
  2498, 2500, 2511, 2509, 2619, 2621, 2632, 2630,
  2500, 2501, 2512, 2511, 2621, 2622, 2633, 2632,
  2501, 2502, 2513, 2512, 2622, 2623, 2634, 2633,
  2502, 2503, 2514, 2513, 2623, 2624, 2635, 2634,
  2503, 2504, 2515, 2514, 2624, 2625, 2636, 2635,
  2504, 2505, 2516, 2515, 2625, 2626, 2637, 2636,
  2505, 2506, 2517, 2516, 2626, 2627, 2638, 2637,
  2506, 2507, 2518, 2517, 2627, 2628, 2639, 2638,
  2507, 2508, 2519, 2518, 2628, 2629, 2640, 2639,
  2520, 2521, 2522, 2523, 613, 614, 610, 609,
  2521, 2524, 2525, 2522, 614, 637, 635, 610,
  2524, 2526, 2527, 2525, 637, 659, 657, 635,
  2526, 2528, 2529, 2527, 659, 681, 679, 657,
  2528, 2530, 2531, 2529, 681, 703, 701, 679,
  2530, 2532, 2533, 2531, 703, 725, 723, 701,
  2532, 2534, 2535, 2533, 725, 747, 745, 723,
  2534, 2536, 2537, 2535, 747, 769, 767, 745,
  2536, 2538, 2539, 2537, 769, 791, 789, 767,
  2538, 2540, 2541, 2539, 791, 813, 811, 789,
  2523, 2522, 2542, 2543, 609, 610, 606, 605,
  2522, 2525, 2544, 2542, 610, 635, 633, 606,
  2525, 2527, 2545, 2544, 635, 657, 655, 633,
  2527, 2529, 2546, 2545, 657, 679, 677, 655,
  2529, 2531, 2547, 2546, 679, 701, 699, 677,
  2531, 2533, 2548, 2547, 701, 723, 721, 699,
  2533, 2535, 2549, 2548, 723, 745, 743, 721,
  2535, 2537, 2550, 2549, 745, 767, 765, 743,
  2537, 2539, 2551, 2550, 767, 789, 787, 765,
  2539, 2541, 2552, 2551, 789, 811, 809, 787,
  2543, 2542, 2553, 2554, 605, 606, 602, 601,
  2542, 2544, 2555, 2553, 606, 633, 631, 602,
  2544, 2545, 2556, 2555, 633, 655, 653, 631,
  2545, 2546, 2557, 2556, 655, 677, 675, 653,
  2546, 2547, 2558, 2557, 677, 699, 697, 675,
  2547, 2548, 2559, 2558, 699, 721, 719, 697,
  2548, 2549, 2560, 2559, 721, 743, 741, 719,
  2549, 2550, 2561, 2560, 743, 765, 763, 741,
  2550, 2551, 2562, 2561, 765, 787, 785, 763,
  2551, 2552, 2563, 2562, 787, 809, 807, 785,
  2554, 2553, 2564, 2565, 601, 602, 598, 597,
  2553, 2555, 2566, 2564, 602, 631, 629, 598,
  2555, 2556, 2567, 2566, 631, 653, 651, 629,
  2556, 2557, 2568, 2567, 653, 675, 673, 651,
  2557, 2558, 2569, 2568, 675, 697, 695, 673,
  2558, 2559, 2570, 2569, 697, 719, 717, 695,
  2559, 2560, 2571, 2570, 719, 741, 739, 717,
  2560, 2561, 2572, 2571, 741, 763, 761, 739,
  2561, 2562, 2573, 2572, 763, 785, 783, 761,
  2562, 2563, 2574, 2573, 785, 807, 805, 783,
  2565, 2564, 2575, 2576, 597, 598, 594, 593,
  2564, 2566, 2577, 2575, 598, 629, 627, 594,
  2566, 2567, 2578, 2577, 629, 651, 649, 627,
  2567, 2568, 2579, 2578, 651, 673, 671, 649,
  2568, 2569, 2580, 2579, 673, 695, 693, 671,
  2569, 2570, 2581, 2580, 695, 717, 715, 693,
  2570, 2571, 2582, 2581, 717, 739, 737, 715,
  2571, 2572, 2583, 2582, 739, 761, 759, 737,
  2572, 2573, 2584, 2583, 761, 783, 781, 759,
  2573, 2574, 2585, 2584, 783, 805, 803, 781,
  2576, 2575, 2586, 2587, 593, 594, 590, 589,
  2575, 2577, 2588, 2586, 594, 627, 625, 590,
  2577, 2578, 2589, 2588, 627, 649, 647, 625,
  2578, 2579, 2590, 2589, 649, 671, 669, 647,
  2579, 2580, 2591, 2590, 671, 693, 691, 669,
  2580, 2581, 2592, 2591, 693, 715, 713, 691,
  2581, 2582, 2593, 2592, 715, 737, 735, 713,
  2582, 2583, 2594, 2593, 737, 759, 757, 735,
  2583, 2584, 2595, 2594, 759, 781, 779, 757,
  2584, 2585, 2596, 2595, 781, 803, 801, 779,
  2587, 2586, 2597, 2598, 589, 590, 586, 585,
  2586, 2588, 2599, 2597, 590, 625, 623, 586,
  2588, 2589, 2600, 2599, 625, 647, 645, 623,
  2589, 2590, 2601, 2600, 647, 669, 667, 645,
  2590, 2591, 2602, 2601, 669, 691, 689, 667,
  2591, 2592, 2603, 2602, 691, 713, 711, 689,
  2592, 2593, 2604, 2603, 713, 735, 733, 711,
  2593, 2594, 2605, 2604, 735, 757, 755, 733,
  2594, 2595, 2606, 2605, 757, 779, 777, 755,
  2595, 2596, 2607, 2606, 779, 801, 799, 777,
  2598, 2597, 2608, 2609, 585, 586, 582, 581,
  2597, 2599, 2610, 2608, 586, 623, 621, 582,
  2599, 2600, 2611, 2610, 623, 645, 643, 621,
  2600, 2601, 2612, 2611, 645, 667, 665, 643,
  2601, 2602, 2613, 2612, 667, 689, 687, 665,
  2602, 2603, 2614, 2613, 689, 711, 709, 687,
  2603, 2604, 2615, 2614, 711, 733, 731, 709,
  2604, 2605, 2616, 2615, 733, 755, 753, 731,
  2605, 2606, 2617, 2616, 755, 777, 775, 753,
  2606, 2607, 2618, 2617, 777, 799, 797, 775,
  2609, 2608, 2619, 2620, 581, 582, 575, 574,
  2608, 2610, 2621, 2619, 582, 621, 617, 575,
  2610, 2611, 2622, 2621, 621, 643, 639, 617,
  2611, 2612, 2623, 2622, 643, 665, 661, 639,
  2612, 2613, 2624, 2623, 665, 687, 683, 661,
  2613, 2614, 2625, 2624, 687, 709, 705, 683,
  2614, 2615, 2626, 2625, 709, 731, 727, 705,
  2615, 2616, 2627, 2626, 731, 753, 749, 727,
  2616, 2617, 2628, 2627, 753, 775, 771, 749,
  2617, 2618, 2629, 2628, 775, 797, 793, 771,
  2620, 2619, 2630, 2631, 574, 575, 576, 573,
  2619, 2621, 2632, 2630, 575, 617, 618, 576,
  2621, 2622, 2633, 2632, 617, 639, 640, 618,
  2622, 2623, 2634, 2633, 639, 661, 662, 640,
  2623, 2624, 2635, 2634, 661, 683, 684, 662,
  2624, 2625, 2636, 2635, 683, 705, 706, 684,
  2625, 2626, 2637, 2636, 705, 727, 728, 706,
  2626, 2627, 2638, 2637, 727, 749, 750, 728,
  2627, 2628, 2639, 2638, 749, 771, 772, 750,
  2628, 2629, 2640, 2639, 771, 793, 794, 772,
  1000, 994, 2641, 2642, 1001, 995, 2643, 2644,
  994, 988, 2645, 2641, 995, 989, 2646, 2643,
  988, 982, 2647, 2645, 989, 983, 2648, 2646,
  982, 976, 2649, 2647, 983, 977, 2650, 2648,
  976, 970, 2651, 2649, 977, 971, 2652, 2650,
  970, 964, 2653, 2651, 971, 965, 2654, 2652,
  964, 958, 2655, 2653, 965, 959, 2656, 2654,
  958, 952, 2657, 2655, 959, 953, 2658, 2656,
  952, 945, 2659, 2657, 953, 947, 2660, 2658,
  945, 944, 2661, 2659, 947, 946, 2662, 2660,
  2642, 2641, 2663, 2664, 2644, 2643, 2665, 2666,
  2641, 2645, 2667, 2663, 2643, 2646, 2668, 2665,
  2645, 2647, 2669, 2667, 2646, 2648, 2670, 2668,
  2647, 2649, 2671, 2669, 2648, 2650, 2672, 2670,
  2649, 2651, 2673, 2671, 2650, 2652, 2674, 2672,
  2651, 2653, 2675, 2673, 2652, 2654, 2676, 2674,
  2653, 2655, 2677, 2675, 2654, 2656, 2678, 2676,
  2655, 2657, 2679, 2677, 2656, 2658, 2680, 2678,
  2657, 2659, 2681, 2679, 2658, 2660, 2682, 2680,
  2659, 2661, 2683, 2681, 2660, 2662, 2684, 2682,
  2664, 2663, 2685, 2686, 2666, 2665, 2687, 2688,
  2663, 2667, 2689, 2685, 2665, 2668, 2690, 2687,
  2667, 2669, 2691, 2689, 2668, 2670, 2692, 2690,
  2669, 2671, 2693, 2691, 2670, 2672, 2694, 2692,
  2671, 2673, 2695, 2693, 2672, 2674, 2696, 2694,
  2673, 2675, 2697, 2695, 2674, 2676, 2698, 2696,
  2675, 2677, 2699, 2697, 2676, 2678, 2700, 2698,
  2677, 2679, 2701, 2699, 2678, 2680, 2702, 2700,
  2679, 2681, 2703, 2701, 2680, 2682, 2704, 2702,
  2681, 2683, 2705, 2703, 2682, 2684, 2706, 2704,
  2686, 2685, 2707, 2708, 2688, 2687, 2709, 2710,
  2685, 2689, 2711, 2707, 2687, 2690, 2712, 2709,
  2689, 2691, 2713, 2711, 2690, 2692, 2714, 2712,
  2691, 2693, 2715, 2713, 2692, 2694, 2716, 2714,
  2693, 2695, 2717, 2715, 2694, 2696, 2718, 2716,
  2695, 2697, 2719, 2717, 2696, 2698, 2720, 2718,
  2697, 2699, 2721, 2719, 2698, 2700, 2722, 2720,
  2699, 2701, 2723, 2721, 2700, 2702, 2724, 2722,
  2701, 2703, 2725, 2723, 2702, 2704, 2726, 2724,
  2703, 2705, 2727, 2725, 2704, 2706, 2728, 2726,
  2708, 2707, 2729, 2730, 2710, 2709, 2731, 2732,
  2707, 2711, 2733, 2729, 2709, 2712, 2734, 2731,
  2711, 2713, 2735, 2733, 2712, 2714, 2736, 2734,
  2713, 2715, 2737, 2735, 2714, 2716, 2738, 2736,
  2715, 2717, 2739, 2737, 2716, 2718, 2740, 2738,
  2717, 2719, 2741, 2739, 2718, 2720, 2742, 2740,
  2719, 2721, 2743, 2741, 2720, 2722, 2744, 2742,
  2721, 2723, 2745, 2743, 2722, 2724, 2746, 2744,
  2723, 2725, 2747, 2745, 2724, 2726, 2748, 2746,
  2725, 2727, 2749, 2747, 2726, 2728, 2750, 2748,
  2730, 2729, 2751, 2752, 2732, 2731, 2753, 2754,
  2729, 2733, 2755, 2751, 2731, 2734, 2756, 2753,
  2733, 2735, 2757, 2755, 2734, 2736, 2758, 2756,
  2735, 2737, 2759, 2757, 2736, 2738, 2760, 2758,
  2737, 2739, 2761, 2759, 2738, 2740, 2762, 2760,
  2739, 2741, 2763, 2761, 2740, 2742, 2764, 2762,
  2741, 2743, 2765, 2763, 2742, 2744, 2766, 2764,
  2743, 2745, 2767, 2765, 2744, 2746, 2768, 2766,
  2745, 2747, 2769, 2767, 2746, 2748, 2770, 2768,
  2747, 2749, 2771, 2769, 2748, 2750, 2772, 2770,
  2752, 2751, 2773, 2774, 2754, 2753, 2775, 2776,
  2751, 2755, 2777, 2773, 2753, 2756, 2778, 2775,
  2755, 2757, 2779, 2777, 2756, 2758, 2780, 2778,
  2757, 2759, 2781, 2779, 2758, 2760, 2782, 2780,
  2759, 2761, 2783, 2781, 2760, 2762, 2784, 2782,
  2761, 2763, 2785, 2783, 2762, 2764, 2786, 2784,
  2763, 2765, 2787, 2785, 2764, 2766, 2788, 2786,
  2765, 2767, 2789, 2787, 2766, 2768, 2790, 2788,
  2767, 2769, 2791, 2789, 2768, 2770, 2792, 2790,
  2769, 2771, 2793, 2791, 2770, 2772, 2794, 2792,
  2774, 2773, 2795, 2796, 2776, 2775, 2797, 2798,
  2773, 2777, 2799, 2795, 2775, 2778, 2800, 2797,
  2777, 2779, 2801, 2799, 2778, 2780, 2802, 2800,
  2779, 2781, 2803, 2801, 2780, 2782, 2804, 2802,
  2781, 2783, 2805, 2803, 2782, 2784, 2806, 2804,
  2783, 2785, 2807, 2805, 2784, 2786, 2808, 2806,
  2785, 2787, 2809, 2807, 2786, 2788, 2810, 2808,
  2787, 2789, 2811, 2809, 2788, 2790, 2812, 2810,
  2789, 2791, 2813, 2811, 2790, 2792, 2814, 2812,
  2791, 2793, 2815, 2813, 2792, 2794, 2816, 2814,
  2796, 2795, 2817, 2818, 2798, 2797, 2819, 2820,
  2795, 2799, 2821, 2817, 2797, 2800, 2822, 2819,
  2799, 2801, 2823, 2821, 2800, 2802, 2824, 2822,
  2801, 2803, 2825, 2823, 2802, 2804, 2826, 2824,
  2803, 2805, 2827, 2825, 2804, 2806, 2828, 2826,
  2805, 2807, 2829, 2827, 2806, 2808, 2830, 2828,
  2807, 2809, 2831, 2829, 2808, 2810, 2832, 2830,
  2809, 2811, 2833, 2831, 2810, 2812, 2834, 2832,
  2811, 2813, 2835, 2833, 2812, 2814, 2836, 2834,
  2813, 2815, 2837, 2835, 2814, 2816, 2838, 2836,
  2818, 2817, 2839, 2840, 2820, 2819, 2841, 2842,
  2817, 2821, 2843, 2839, 2819, 2822, 2844, 2841,
  2821, 2823, 2845, 2843, 2822, 2824, 2846, 2844,
  2823, 2825, 2847, 2845, 2824, 2826, 2848, 2846,
  2825, 2827, 2849, 2847, 2826, 2828, 2850, 2848,
  2827, 2829, 2851, 2849, 2828, 2830, 2852, 2850,
  2829, 2831, 2853, 2851, 2830, 2832, 2854, 2852,
  2831, 2833, 2855, 2853, 2832, 2834, 2856, 2854,
  2833, 2835, 2857, 2855, 2834, 2836, 2858, 2856,
  2835, 2837, 2859, 2857, 2836, 2838, 2860, 2858,
  1001, 995, 2643, 2644, 1034, 1031, 2861, 2862,
  995, 989, 2646, 2643, 1031, 1028, 2863, 2861,
  989, 983, 2648, 2646, 1028, 1025, 2864, 2863,
  983, 977, 2650, 2648, 1025, 1022, 2865, 2864,
  977, 971, 2652, 2650, 1022, 1019, 2866, 2865,
  971, 965, 2654, 2652, 1019, 1016, 2867, 2866,
  965, 959, 2656, 2654, 1016, 1013, 2868, 2867,
  959, 953, 2658, 2656, 1013, 1010, 2869, 2868,
  953, 947, 2660, 2658, 1010, 1007, 2870, 2869,
  947, 946, 2662, 2660, 1007, 1006, 2871, 2870,
  2644, 2643, 2665, 2666, 2862, 2861, 2872, 2873,
  2643, 2646, 2668, 2665, 2861, 2863, 2874, 2872,
  2646, 2648, 2670, 2668, 2863, 2864, 2875, 2874,
  2648, 2650, 2672, 2670, 2864, 2865, 2876, 2875,
  2650, 2652, 2674, 2672, 2865, 2866, 2877, 2876,
  2652, 2654, 2676, 2674, 2866, 2867, 2878, 2877,
  2654, 2656, 2678, 2676, 2867, 2868, 2879, 2878,
  2656, 2658, 2680, 2678, 2868, 2869, 2880, 2879,
  2658, 2660, 2682, 2680, 2869, 2870, 2881, 2880,
  2660, 2662, 2684, 2682, 2870, 2871, 2882, 2881,
  2666, 2665, 2687, 2688, 2873, 2872, 2883, 2884,
  2665, 2668, 2690, 2687, 2872, 2874, 2885, 2883,
  2668, 2670, 2692, 2690, 2874, 2875, 2886, 2885,
  2670, 2672, 2694, 2692, 2875, 2876, 2887, 2886,
  2672, 2674, 2696, 2694, 2876, 2877, 2888, 2887,
  2674, 2676, 2698, 2696, 2877, 2878, 2889, 2888,
  2676, 2678, 2700, 2698, 2878, 2879, 2890, 2889,
  2678, 2680, 2702, 2700, 2879, 2880, 2891, 2890,
  2680, 2682, 2704, 2702, 2880, 2881, 2892, 2891,
  2682, 2684, 2706, 2704, 2881, 2882, 2893, 2892,
  2688, 2687, 2709, 2710, 2884, 2883, 2894, 2895,
  2687, 2690, 2712, 2709, 2883, 2885, 2896, 2894,
  2690, 2692, 2714, 2712, 2885, 2886, 2897, 2896,
  2692, 2694, 2716, 2714, 2886, 2887, 2898, 2897,
  2694, 2696, 2718, 2716, 2887, 2888, 2899, 2898,
  2696, 2698, 2720, 2718, 2888, 2889, 2900, 2899,
  2698, 2700, 2722, 2720, 2889, 2890, 2901, 2900,
  2700, 2702, 2724, 2722, 2890, 2891, 2902, 2901,
  2702, 2704, 2726, 2724, 2891, 2892, 2903, 2902,
  2704, 2706, 2728, 2726, 2892, 2893, 2904, 2903,
  2710, 2709, 2731, 2732, 2895, 2894, 2905, 2906,
  2709, 2712, 2734, 2731, 2894, 2896, 2907, 2905,
  2712, 2714, 2736, 2734, 2896, 2897, 2908, 2907,
  2714, 2716, 2738, 2736, 2897, 2898, 2909, 2908,
  2716, 2718, 2740, 2738, 2898, 2899, 2910, 2909,
  2718, 2720, 2742, 2740, 2899, 2900, 2911, 2910,
  2720, 2722, 2744, 2742, 2900, 2901, 2912, 2911,
  2722, 2724, 2746, 2744, 2901, 2902, 2913, 2912,
  2724, 2726, 2748, 2746, 2902, 2903, 2914, 2913,
  2726, 2728, 2750, 2748, 2903, 2904, 2915, 2914,
  2732, 2731, 2753, 2754, 2906, 2905, 2916, 2917,
  2731, 2734, 2756, 2753, 2905, 2907, 2918, 2916,
  2734, 2736, 2758, 2756, 2907, 2908, 2919, 2918,
  2736, 2738, 2760, 2758, 2908, 2909, 2920, 2919,
  2738, 2740, 2762, 2760, 2909, 2910, 2921, 2920,
  2740, 2742, 2764, 2762, 2910, 2911, 2922, 2921,
  2742, 2744, 2766, 2764, 2911, 2912, 2923, 2922,
  2744, 2746, 2768, 2766, 2912, 2913, 2924, 2923,
  2746, 2748, 2770, 2768, 2913, 2914, 2925, 2924,
  2748, 2750, 2772, 2770, 2914, 2915, 2926, 2925,
  2754, 2753, 2775, 2776, 2917, 2916, 2927, 2928,
  2753, 2756, 2778, 2775, 2916, 2918, 2929, 2927,
  2756, 2758, 2780, 2778, 2918, 2919, 2930, 2929,
  2758, 2760, 2782, 2780, 2919, 2920, 2931, 2930,
  2760, 2762, 2784, 2782, 2920, 2921, 2932, 2931,
  2762, 2764, 2786, 2784, 2921, 2922, 2933, 2932,
  2764, 2766, 2788, 2786, 2922, 2923, 2934, 2933,
  2766, 2768, 2790, 2788, 2923, 2924, 2935, 2934,
  2768, 2770, 2792, 2790, 2924, 2925, 2936, 2935,
  2770, 2772, 2794, 2792, 2925, 2926, 2937, 2936,
  2776, 2775, 2797, 2798, 2928, 2927, 2938, 2939,
  2775, 2778, 2800, 2797, 2927, 2929, 2940, 2938,
  2778, 2780, 2802, 2800, 2929, 2930, 2941, 2940,
  2780, 2782, 2804, 2802, 2930, 2931, 2942, 2941,
  2782, 2784, 2806, 2804, 2931, 2932, 2943, 2942,
  2784, 2786, 2808, 2806, 2932, 2933, 2944, 2943,
  2786, 2788, 2810, 2808, 2933, 2934, 2945, 2944,
  2788, 2790, 2812, 2810, 2934, 2935, 2946, 2945,
  2790, 2792, 2814, 2812, 2935, 2936, 2947, 2946,
  2792, 2794, 2816, 2814, 2936, 2937, 2948, 2947,
  2798, 2797, 2819, 2820, 2939, 2938, 2949, 2950,
  2797, 2800, 2822, 2819, 2938, 2940, 2951, 2949,
  2800, 2802, 2824, 2822, 2940, 2941, 2952, 2951,
  2802, 2804, 2826, 2824, 2941, 2942, 2953, 2952,
  2804, 2806, 2828, 2826, 2942, 2943, 2954, 2953,
  2806, 2808, 2830, 2828, 2943, 2944, 2955, 2954,
  2808, 2810, 2832, 2830, 2944, 2945, 2956, 2955,
  2810, 2812, 2834, 2832, 2945, 2946, 2957, 2956,
  2812, 2814, 2836, 2834, 2946, 2947, 2958, 2957,
  2814, 2816, 2838, 2836, 2947, 2948, 2959, 2958,
  2820, 2819, 2841, 2842, 2950, 2949, 2960, 2961,
  2819, 2822, 2844, 2841, 2949, 2951, 2962, 2960,
  2822, 2824, 2846, 2844, 2951, 2952, 2963, 2962,
  2824, 2826, 2848, 2846, 2952, 2953, 2964, 2963,
  2826, 2828, 2850, 2848, 2953, 2954, 2965, 2964,
  2828, 2830, 2852, 2850, 2954, 2955, 2966, 2965,
  2830, 2832, 2854, 2852, 2955, 2956, 2967, 2966,
  2832, 2834, 2856, 2854, 2956, 2957, 2968, 2967,
  2834, 2836, 2858, 2856, 2957, 2958, 2969, 2968,
  2836, 2838, 2860, 2858, 2958, 2959, 2970, 2969,
  1034, 1031, 2861, 2862, 1067, 1064, 2971, 2972,
  1031, 1028, 2863, 2861, 1064, 1061, 2973, 2971,
  1028, 1025, 2864, 2863, 1061, 1058, 2974, 2973,
  1025, 1022, 2865, 2864, 1058, 1055, 2975, 2974,
  1022, 1019, 2866, 2865, 1055, 1052, 2976, 2975,
  1019, 1016, 2867, 2866, 1052, 1049, 2977, 2976,
  1016, 1013, 2868, 2867, 1049, 1046, 2978, 2977,
  1013, 1010, 2869, 2868, 1046, 1043, 2979, 2978,
  1010, 1007, 2870, 2869, 1043, 1040, 2980, 2979,
  1007, 1006, 2871, 2870, 1040, 1039, 2981, 2980,
  2862, 2861, 2872, 2873, 2972, 2971, 2982, 2983,
  2861, 2863, 2874, 2872, 2971, 2973, 2984, 2982,
  2863, 2864, 2875, 2874, 2973, 2974, 2985, 2984,
  2864, 2865, 2876, 2875, 2974, 2975, 2986, 2985,
  2865, 2866, 2877, 2876, 2975, 2976, 2987, 2986,
  2866, 2867, 2878, 2877, 2976, 2977, 2988, 2987,
  2867, 2868, 2879, 2878, 2977, 2978, 2989, 2988,
  2868, 2869, 2880, 2879, 2978, 2979, 2990, 2989,
  2869, 2870, 2881, 2880, 2979, 2980, 2991, 2990,
  2870, 2871, 2882, 2881, 2980, 2981, 2992, 2991,
  2873, 2872, 2883, 2884, 2983, 2982, 2993, 2994,
  2872, 2874, 2885, 2883, 2982, 2984, 2995, 2993,
  2874, 2875, 2886, 2885, 2984, 2985, 2996, 2995,
  2875, 2876, 2887, 2886, 2985, 2986, 2997, 2996,
  2876, 2877, 2888, 2887, 2986, 2987, 2998, 2997,
  2877, 2878, 2889, 2888, 2987, 2988, 2999, 2998,
  2878, 2879, 2890, 2889, 2988, 2989, 3000, 2999,
  2879, 2880, 2891, 2890, 2989, 2990, 3001, 3000,
  2880, 2881, 2892, 2891, 2990, 2991, 3002, 3001,
  2881, 2882, 2893, 2892, 2991, 2992, 3003, 3002,
  2884, 2883, 2894, 2895, 2994, 2993, 3004, 3005,
  2883, 2885, 2896, 2894, 2993, 2995, 3006, 3004,
  2885, 2886, 2897, 2896, 2995, 2996, 3007, 3006,
  2886, 2887, 2898, 2897, 2996, 2997, 3008, 3007,
  2887, 2888, 2899, 2898, 2997, 2998, 3009, 3008,
  2888, 2889, 2900, 2899, 2998, 2999, 3010, 3009,
  2889, 2890, 2901, 2900, 2999, 3000, 3011, 3010,
  2890, 2891, 2902, 2901, 3000, 3001, 3012, 3011,
  2891, 2892, 2903, 2902, 3001, 3002, 3013, 3012,
  2892, 2893, 2904, 2903, 3002, 3003, 3014, 3013,
  2895, 2894, 2905, 2906, 3005, 3004, 3015, 3016,
  2894, 2896, 2907, 2905, 3004, 3006, 3017, 3015,
  2896, 2897, 2908, 2907, 3006, 3007, 3018, 3017,
  2897, 2898, 2909, 2908, 3007, 3008, 3019, 3018,
  2898, 2899, 2910, 2909, 3008, 3009, 3020, 3019,
  2899, 2900, 2911, 2910, 3009, 3010, 3021, 3020,
  2900, 2901, 2912, 2911, 3010, 3011, 3022, 3021,
  2901, 2902, 2913, 2912, 3011, 3012, 3023, 3022,
  2902, 2903, 2914, 2913, 3012, 3013, 3024, 3023,
  2903, 2904, 2915, 2914, 3013, 3014, 3025, 3024,
  2906, 2905, 2916, 2917, 3016, 3015, 3026, 3027,
  2905, 2907, 2918, 2916, 3015, 3017, 3028, 3026,
  2907, 2908, 2919, 2918, 3017, 3018, 3029, 3028,
  2908, 2909, 2920, 2919, 3018, 3019, 3030, 3029,
  2909, 2910, 2921, 2920, 3019, 3020, 3031, 3030,
  2910, 2911, 2922, 2921, 3020, 3021, 3032, 3031,
  2911, 2912, 2923, 2922, 3021, 3022, 3033, 3032,
  2912, 2913, 2924, 2923, 3022, 3023, 3034, 3033,
  2913, 2914, 2925, 2924, 3023, 3024, 3035, 3034,
  2914, 2915, 2926, 2925, 3024, 3025, 3036, 3035,
  2917, 2916, 2927, 2928, 3027, 3026, 3037, 3038,
  2916, 2918, 2929, 2927, 3026, 3028, 3039, 3037,
  2918, 2919, 2930, 2929, 3028, 3029, 3040, 3039,
  2919, 2920, 2931, 2930, 3029, 3030, 3041, 3040,
  2920, 2921, 2932, 2931, 3030, 3031, 3042, 3041,
  2921, 2922, 2933, 2932, 3031, 3032, 3043, 3042,
  2922, 2923, 2934, 2933, 3032, 3033, 3044, 3043,
  2923, 2924, 2935, 2934, 3033, 3034, 3045, 3044,
  2924, 2925, 2936, 2935, 3034, 3035, 3046, 3045,
  2925, 2926, 2937, 2936, 3035, 3036, 3047, 3046,
  2928, 2927, 2938, 2939, 3038, 3037, 3048, 3049,
  2927, 2929, 2940, 2938, 3037, 3039, 3050, 3048,
  2929, 2930, 2941, 2940, 3039, 3040, 3051, 3050,
  2930, 2931, 2942, 2941, 3040, 3041, 3052, 3051,
  2931, 2932, 2943, 2942, 3041, 3042, 3053, 3052,
  2932, 2933, 2944, 2943, 3042, 3043, 3054, 3053,
  2933, 2934, 2945, 2944, 3043, 3044, 3055, 3054,
  2934, 2935, 2946, 2945, 3044, 3045, 3056, 3055,
  2935, 2936, 2947, 2946, 3045, 3046, 3057, 3056,
  2936, 2937, 2948, 2947, 3046, 3047, 3058, 3057,
  2939, 2938, 2949, 2950, 3049, 3048, 3059, 3060,
  2938, 2940, 2951, 2949, 3048, 3050, 3061, 3059,
  2940, 2941, 2952, 2951, 3050, 3051, 3062, 3061,
  2941, 2942, 2953, 2952, 3051, 3052, 3063, 3062,
  2942, 2943, 2954, 2953, 3052, 3053, 3064, 3063,
  2943, 2944, 2955, 2954, 3053, 3054, 3065, 3064,
  2944, 2945, 2956, 2955, 3054, 3055, 3066, 3065,
  2945, 2946, 2957, 2956, 3055, 3056, 3067, 3066,
  2946, 2947, 2958, 2957, 3056, 3057, 3068, 3067,
  2947, 2948, 2959, 2958, 3057, 3058, 3069, 3068,
  2950, 2949, 2960, 2961, 3060, 3059, 3070, 3071,
  2949, 2951, 2962, 2960, 3059, 3061, 3072, 3070,
  2951, 2952, 2963, 2962, 3061, 3062, 3073, 3072,
  2952, 2953, 2964, 2963, 3062, 3063, 3074, 3073,
  2953, 2954, 2965, 2964, 3063, 3064, 3075, 3074,
  2954, 2955, 2966, 2965, 3064, 3065, 3076, 3075,
  2955, 2956, 2967, 2966, 3065, 3066, 3077, 3076,
  2956, 2957, 2968, 2967, 3066, 3067, 3078, 3077,
  2957, 2958, 2969, 2968, 3067, 3068, 3079, 3078,
  2958, 2959, 2970, 2969, 3068, 3069, 3080, 3079,
  1067, 1064, 2971, 2972, 1100, 1097, 3081, 3082,
  1064, 1061, 2973, 2971, 1097, 1094, 3083, 3081,
  1061, 1058, 2974, 2973, 1094, 1091, 3084, 3083,
  1058, 1055, 2975, 2974, 1091, 1088, 3085, 3084,
  1055, 1052, 2976, 2975, 1088, 1085, 3086, 3085,
  1052, 1049, 2977, 2976, 1085, 1082, 3087, 3086,
  1049, 1046, 2978, 2977, 1082, 1079, 3088, 3087,
  1046, 1043, 2979, 2978, 1079, 1076, 3089, 3088,
  1043, 1040, 2980, 2979, 1076, 1073, 3090, 3089,
  1040, 1039, 2981, 2980, 1073, 1072, 3091, 3090,
  2972, 2971, 2982, 2983, 3082, 3081, 3092, 3093,
  2971, 2973, 2984, 2982, 3081, 3083, 3094, 3092,
  2973, 2974, 2985, 2984, 3083, 3084, 3095, 3094,
  2974, 2975, 2986, 2985, 3084, 3085, 3096, 3095,
  2975, 2976, 2987, 2986, 3085, 3086, 3097, 3096,
  2976, 2977, 2988, 2987, 3086, 3087, 3098, 3097,
  2977, 2978, 2989, 2988, 3087, 3088, 3099, 3098,
  2978, 2979, 2990, 2989, 3088, 3089, 3100, 3099,
  2979, 2980, 2991, 2990, 3089, 3090, 3101, 3100,
  2980, 2981, 2992, 2991, 3090, 3091, 3102, 3101,
  2983, 2982, 2993, 2994, 3093, 3092, 3103, 3104,
  2982, 2984, 2995, 2993, 3092, 3094, 3105, 3103,
  2984, 2985, 2996, 2995, 3094, 3095, 3106, 3105,
  2985, 2986, 2997, 2996, 3095, 3096, 3107, 3106,
  2986, 2987, 2998, 2997, 3096, 3097, 3108, 3107,
  2987, 2988, 2999, 2998, 3097, 3098, 3109, 3108,
  2988, 2989, 3000, 2999, 3098, 3099, 3110, 3109,
  2989, 2990, 3001, 3000, 3099, 3100, 3111, 3110,
  2990, 2991, 3002, 3001, 3100, 3101, 3112, 3111,
  2991, 2992, 3003, 3002, 3101, 3102, 3113, 3112,
  2994, 2993, 3004, 3005, 3104, 3103, 3114, 3115,
  2993, 2995, 3006, 3004, 3103, 3105, 3116, 3114,
  2995, 2996, 3007, 3006, 3105, 3106, 3117, 3116,
  2996, 2997, 3008, 3007, 3106, 3107, 3118, 3117,
  2997, 2998, 3009, 3008, 3107, 3108, 3119, 3118,
  2998, 2999, 3010, 3009, 3108, 3109, 3120, 3119,
  2999, 3000, 3011, 3010, 3109, 3110, 3121, 3120,
  3000, 3001, 3012, 3011, 3110, 3111, 3122, 3121,
  3001, 3002, 3013, 3012, 3111, 3112, 3123, 3122,
  3002, 3003, 3014, 3013, 3112, 3113, 3124, 3123,
  3005, 3004, 3015, 3016, 3115, 3114, 3125, 3126,
  3004, 3006, 3017, 3015, 3114, 3116, 3127, 3125,
  3006, 3007, 3018, 3017, 3116, 3117, 3128, 3127,
  3007, 3008, 3019, 3018, 3117, 3118, 3129, 3128,
  3008, 3009, 3020, 3019, 3118, 3119, 3130, 3129,
  3009, 3010, 3021, 3020, 3119, 3120, 3131, 3130,
  3010, 3011, 3022, 3021, 3120, 3121, 3132, 3131,
  3011, 3012, 3023, 3022, 3121, 3122, 3133, 3132,
  3012, 3013, 3024, 3023, 3122, 3123, 3134, 3133,
  3013, 3014, 3025, 3024, 3123, 3124, 3135, 3134,
  3016, 3015, 3026, 3027, 3126, 3125, 3136, 3137,
  3015, 3017, 3028, 3026, 3125, 3127, 3138, 3136,
  3017, 3018, 3029, 3028, 3127, 3128, 3139, 3138,
  3018, 3019, 3030, 3029, 3128, 3129, 3140, 3139,
  3019, 3020, 3031, 3030, 3129, 3130, 3141, 3140,
  3020, 3021, 3032, 3031, 3130, 3131, 3142, 3141,
  3021, 3022, 3033, 3032, 3131, 3132, 3143, 3142,
  3022, 3023, 3034, 3033, 3132, 3133, 3144, 3143,
  3023, 3024, 3035, 3034, 3133, 3134, 3145, 3144,
  3024, 3025, 3036, 3035, 3134, 3135, 3146, 3145,
  3027, 3026, 3037, 3038, 3137, 3136, 3147, 3148,
  3026, 3028, 3039, 3037, 3136, 3138, 3149, 3147,
  3028, 3029, 3040, 3039, 3138, 3139, 3150, 3149,
  3029, 3030, 3041, 3040, 3139, 3140, 3151, 3150,
  3030, 3031, 3042, 3041, 3140, 3141, 3152, 3151,
  3031, 3032, 3043, 3042, 3141, 3142, 3153, 3152,
  3032, 3033, 3044, 3043, 3142, 3143, 3154, 3153,
  3033, 3034, 3045, 3044, 3143, 3144, 3155, 3154,
  3034, 3035, 3046, 3045, 3144, 3145, 3156, 3155,
  3035, 3036, 3047, 3046, 3145, 3146, 3157, 3156,
  3038, 3037, 3048, 3049, 3148, 3147, 3158, 3159,
  3037, 3039, 3050, 3048, 3147, 3149, 3160, 3158,
  3039, 3040, 3051, 3050, 3149, 3150, 3161, 3160,
  3040, 3041, 3052, 3051, 3150, 3151, 3162, 3161,
  3041, 3042, 3053, 3052, 3151, 3152, 3163, 3162,
  3042, 3043, 3054, 3053, 3152, 3153, 3164, 3163,
  3043, 3044, 3055, 3054, 3153, 3154, 3165, 3164,
  3044, 3045, 3056, 3055, 3154, 3155, 3166, 3165,
  3045, 3046, 3057, 3056, 3155, 3156, 3167, 3166,
  3046, 3047, 3058, 3057, 3156, 3157, 3168, 3167,
  3049, 3048, 3059, 3060, 3159, 3158, 3169, 3170,
  3048, 3050, 3061, 3059, 3158, 3160, 3171, 3169,
  3050, 3051, 3062, 3061, 3160, 3161, 3172, 3171,
  3051, 3052, 3063, 3062, 3161, 3162, 3173, 3172,
  3052, 3053, 3064, 3063, 3162, 3163, 3174, 3173,
  3053, 3054, 3065, 3064, 3163, 3164, 3175, 3174,
  3054, 3055, 3066, 3065, 3164, 3165, 3176, 3175,
  3055, 3056, 3067, 3066, 3165, 3166, 3177, 3176,
  3056, 3057, 3068, 3067, 3166, 3167, 3178, 3177,
  3057, 3058, 3069, 3068, 3167, 3168, 3179, 3178,
  3060, 3059, 3070, 3071, 3170, 3169, 3180, 3181,
  3059, 3061, 3072, 3070, 3169, 3171, 3182, 3180,
  3061, 3062, 3073, 3072, 3171, 3172, 3183, 3182,
  3062, 3063, 3074, 3073, 3172, 3173, 3184, 3183,
  3063, 3064, 3075, 3074, 3173, 3174, 3185, 3184,
  3064, 3065, 3076, 3075, 3174, 3175, 3186, 3185,
  3065, 3066, 3077, 3076, 3175, 3176, 3187, 3186,
  3066, 3067, 3078, 3077, 3176, 3177, 3188, 3187,
  3067, 3068, 3079, 3078, 3177, 3178, 3189, 3188,
  3068, 3069, 3080, 3079, 3178, 3179, 3190, 3189,
  1100, 1097, 3081, 3082, 794, 772, 2639, 2640,
  1097, 1094, 3083, 3081, 772, 750, 2638, 2639,
  1094, 1091, 3084, 3083, 750, 728, 2637, 2638,
  1091, 1088, 3085, 3084, 728, 706, 2636, 2637,
  1088, 1085, 3086, 3085, 706, 684, 2635, 2636,
  1085, 1082, 3087, 3086, 684, 662, 2634, 2635,
  1082, 1079, 3088, 3087, 662, 640, 2633, 2634,
  1079, 1076, 3089, 3088, 640, 618, 2632, 2633,
  1076, 1073, 3090, 3089, 618, 576, 2630, 2632,
  1073, 1072, 3091, 3090, 576, 573, 2631, 2630,
  3082, 3081, 3092, 3093, 2640, 2639, 2518, 2519,
  3081, 3083, 3094, 3092, 2639, 2638, 2517, 2518,
  3083, 3084, 3095, 3094, 2638, 2637, 2516, 2517,
  3084, 3085, 3096, 3095, 2637, 2636, 2515, 2516,
  3085, 3086, 3097, 3096, 2636, 2635, 2514, 2515,
  3086, 3087, 3098, 3097, 2635, 2634, 2513, 2514,
  3087, 3088, 3099, 3098, 2634, 2633, 2512, 2513,
  3088, 3089, 3100, 3099, 2633, 2632, 2511, 2512,
  3089, 3090, 3101, 3100, 2632, 2630, 2509, 2511,
  3090, 3091, 3102, 3101, 2630, 2631, 2510, 2509,
  3093, 3092, 3103, 3104, 2519, 2518, 2397, 2398,
  3092, 3094, 3105, 3103, 2518, 2517, 2396, 2397,
  3094, 3095, 3106, 3105, 2517, 2516, 2395, 2396,
  3095, 3096, 3107, 3106, 2516, 2515, 2394, 2395,
  3096, 3097, 3108, 3107, 2515, 2514, 2393, 2394,
  3097, 3098, 3109, 3108, 2514, 2513, 2392, 2393,
  3098, 3099, 3110, 3109, 2513, 2512, 2391, 2392,
  3099, 3100, 3111, 3110, 2512, 2511, 2390, 2391,
  3100, 3101, 3112, 3111, 2511, 2509, 2388, 2390,
  3101, 3102, 3113, 3112, 2509, 2510, 2389, 2388,
  3104, 3103, 3114, 3115, 2398, 2397, 2276, 2277,
  3103, 3105, 3116, 3114, 2397, 2396, 2275, 2276,
  3105, 3106, 3117, 3116, 2396, 2395, 2274, 2275,
  3106, 3107, 3118, 3117, 2395, 2394, 2273, 2274,
  3107, 3108, 3119, 3118, 2394, 2393, 2272, 2273,
  3108, 3109, 3120, 3119, 2393, 2392, 2271, 2272,
  3109, 3110, 3121, 3120, 2392, 2391, 2270, 2271,
  3110, 3111, 3122, 3121, 2391, 2390, 2269, 2270,
  3111, 3112, 3123, 3122, 2390, 2388, 2267, 2269,
  3112, 3113, 3124, 3123, 2388, 2389, 2268, 2267,
  3115, 3114, 3125, 3126, 2277, 2276, 2155, 2156,
  3114, 3116, 3127, 3125, 2276, 2275, 2154, 2155,
  3116, 3117, 3128, 3127, 2275, 2274, 2153, 2154,
  3117, 3118, 3129, 3128, 2274, 2273, 2152, 2153,
  3118, 3119, 3130, 3129, 2273, 2272, 2151, 2152,
  3119, 3120, 3131, 3130, 2272, 2271, 2150, 2151,
  3120, 3121, 3132, 3131, 2271, 2270, 2149, 2150,
  3121, 3122, 3133, 3132, 2270, 2269, 2148, 2149,
  3122, 3123, 3134, 3133, 2269, 2267, 2146, 2148,
  3123, 3124, 3135, 3134, 2267, 2268, 2147, 2146,
  3126, 3125, 3136, 3137, 2156, 2155, 2034, 2035,
  3125, 3127, 3138, 3136, 2155, 2154, 2033, 2034,
  3127, 3128, 3139, 3138, 2154, 2153, 2032, 2033,
  3128, 3129, 3140, 3139, 2153, 2152, 2031, 2032,
  3129, 3130, 3141, 3140, 2152, 2151, 2030, 2031,
  3130, 3131, 3142, 3141, 2151, 2150, 2029, 2030,
  3131, 3132, 3143, 3142, 2150, 2149, 2028, 2029,
  3132, 3133, 3144, 3143, 2149, 2148, 2027, 2028,
  3133, 3134, 3145, 3144, 2148, 2146, 2025, 2027,
  3134, 3135, 3146, 3145, 2146, 2147, 2026, 2025,
  3137, 3136, 3147, 3148, 2035, 2034, 1913, 1914,
  3136, 3138, 3149, 3147, 2034, 2033, 1912, 1913,
  3138, 3139, 3150, 3149, 2033, 2032, 1911, 1912,
  3139, 3140, 3151, 3150, 2032, 2031, 1910, 1911,
  3140, 3141, 3152, 3151, 2031, 2030, 1909, 1910,
  3141, 3142, 3153, 3152, 2030, 2029, 1908, 1909,
  3142, 3143, 3154, 3153, 2029, 2028, 1907, 1908,
  3143, 3144, 3155, 3154, 2028, 2027, 1906, 1907,
  3144, 3145, 3156, 3155, 2027, 2025, 1904, 1906,
  3145, 3146, 3157, 3156, 2025, 2026, 1905, 1904,
  3148, 3147, 3158, 3159, 1914, 1913, 1792, 1793,
  3147, 3149, 3160, 3158, 1913, 1912, 1791, 1792,
  3149, 3150, 3161, 3160, 1912, 1911, 1790, 1791,
  3150, 3151, 3162, 3161, 1911, 1910, 1789, 1790,
  3151, 3152, 3163, 3162, 1910, 1909, 1788, 1789,
  3152, 3153, 3164, 3163, 1909, 1908, 1787, 1788,
  3153, 3154, 3165, 3164, 1908, 1907, 1786, 1787,
  3154, 3155, 3166, 3165, 1907, 1906, 1785, 1786,
  3155, 3156, 3167, 3166, 1906, 1904, 1783, 1785,
  3156, 3157, 3168, 3167, 1904, 1905, 1784, 1783,
  3159, 3158, 3169, 3170, 1793, 1792, 1670, 1672,
  3158, 3160, 3171, 3169, 1792, 1791, 1668, 1670,
  3160, 3161, 3172, 3171, 1791, 1790, 1666, 1668,
  3161, 3162, 3173, 3172, 1790, 1789, 1664, 1666,
  3162, 3163, 3174, 3173, 1789, 1788, 1662, 1664,
  3163, 3164, 3175, 3174, 1788, 1787, 1660, 1662,
  3164, 3165, 3176, 3175, 1787, 1786, 1658, 1660,
  3165, 3166, 3177, 3176, 1786, 1785, 1656, 1658,
  3166, 3167, 3178, 3177, 1785, 1783, 1653, 1656,
  3167, 3168, 3179, 3178, 1783, 1784, 1654, 1653,
  3170, 3169, 3180, 3181, 1672, 1670, 1669, 1671,
  3169, 3171, 3182, 3180, 1670, 1668, 1667, 1669,
  3171, 3172, 3183, 3182, 1668, 1666, 1665, 1667,
  3172, 3173, 3184, 3183, 1666, 1664, 1663, 1665,
  3173, 3174, 3185, 3184, 1664, 1662, 1661, 1663,
  3174, 3175, 3186, 3185, 1662, 1660, 1659, 1661,
  3175, 3176, 3187, 3186, 1660, 1658, 1657, 1659,
  3176, 3177, 3188, 3187, 1658, 1656, 1655, 1657,
  3177, 3178, 3189, 3188, 1656, 1653, 1651, 1655,
  3178, 3179, 3190, 3189, 1653, 1654, 1652, 1651,
  944, 2661, 3191, 1105, 945, 2659, 3192, 1106,
  2661, 2683, 3193, 3191, 2659, 2681, 3194, 3192,
  2683, 2705, 3195, 3193, 2681, 2703, 3196, 3194,
  2705, 2727, 3197, 3195, 2703, 2725, 3198, 3196,
  2727, 2749, 3199, 3197, 2725, 2747, 3200, 3198,
  2749, 2771, 3201, 3199, 2747, 2769, 3202, 3200,
  2771, 2793, 3203, 3201, 2769, 2791, 3204, 3202,
  2793, 2815, 3205, 3203, 2791, 2813, 3206, 3204,
  2815, 2837, 3207, 3205, 2813, 2835, 3208, 3206,
  2837, 2859, 3209, 3207, 2835, 2857, 3210, 3208,
  1105, 3191, 3211, 1111, 1106, 3192, 3212, 1112,
  3191, 3193, 3213, 3211, 3192, 3194, 3214, 3212,
  3193, 3195, 3215, 3213, 3194, 3196, 3216, 3214,
  3195, 3197, 3217, 3215, 3196, 3198, 3218, 3216,
  3197, 3199, 3219, 3217, 3198, 3200, 3220, 3218,
  3199, 3201, 3221, 3219, 3200, 3202, 3222, 3220,
  3201, 3203, 3223, 3221, 3202, 3204, 3224, 3222,
  3203, 3205, 3225, 3223, 3204, 3206, 3226, 3224,
  3205, 3207, 3227, 3225, 3206, 3208, 3228, 3226,
  3207, 3209, 3229, 3227, 3208, 3210, 3230, 3228,
  1111, 3211, 3231, 1117, 1112, 3212, 3232, 1118,
  3211, 3213, 3233, 3231, 3212, 3214, 3234, 3232,
  3213, 3215, 3235, 3233, 3214, 3216, 3236, 3234,
  3215, 3217, 3237, 3235, 3216, 3218, 3238, 3236,
  3217, 3219, 3239, 3237, 3218, 3220, 3240, 3238,
  3219, 3221, 3241, 3239, 3220, 3222, 3242, 3240,
  3221, 3223, 3243, 3241, 3222, 3224, 3244, 3242,
  3223, 3225, 3245, 3243, 3224, 3226, 3246, 3244,
  3225, 3227, 3247, 3245, 3226, 3228, 3248, 3246,
  3227, 3229, 3249, 3247, 3228, 3230, 3250, 3248,
  1117, 3231, 3251, 1123, 1118, 3232, 3252, 1124,
  3231, 3233, 3253, 3251, 3232, 3234, 3254, 3252,
  3233, 3235, 3255, 3253, 3234, 3236, 3256, 3254,
  3235, 3237, 3257, 3255, 3236, 3238, 3258, 3256,
  3237, 3239, 3259, 3257, 3238, 3240, 3260, 3258,
  3239, 3241, 3261, 3259, 3240, 3242, 3262, 3260,
  3241, 3243, 3263, 3261, 3242, 3244, 3264, 3262,
  3243, 3245, 3265, 3263, 3244, 3246, 3266, 3264,
  3245, 3247, 3267, 3265, 3246, 3248, 3268, 3266,
  3247, 3249, 3269, 3267, 3248, 3250, 3270, 3268,
  1123, 3251, 3271, 1129, 1124, 3252, 3272, 1130,
  3251, 3253, 3273, 3271, 3252, 3254, 3274, 3272,
  3253, 3255, 3275, 3273, 3254, 3256, 3276, 3274,
  3255, 3257, 3277, 3275, 3256, 3258, 3278, 3276,
  3257, 3259, 3279, 3277, 3258, 3260, 3280, 3278,
  3259, 3261, 3281, 3279, 3260, 3262, 3282, 3280,
  3261, 3263, 3283, 3281, 3262, 3264, 3284, 3282,
  3263, 3265, 3285, 3283, 3264, 3266, 3286, 3284,
  3265, 3267, 3287, 3285, 3266, 3268, 3288, 3286,
  3267, 3269, 3289, 3287, 3268, 3270, 3290, 3288,
  1129, 3271, 3291, 1135, 1130, 3272, 3292, 1136,
  3271, 3273, 3293, 3291, 3272, 3274, 3294, 3292,
  3273, 3275, 3295, 3293, 3274, 3276, 3296, 3294,
  3275, 3277, 3297, 3295, 3276, 3278, 3298, 3296,
  3277, 3279, 3299, 3297, 3278, 3280, 3300, 3298,
  3279, 3281, 3301, 3299, 3280, 3282, 3302, 3300,
  3281, 3283, 3303, 3301, 3282, 3284, 3304, 3302,
  3283, 3285, 3305, 3303, 3284, 3286, 3306, 3304,
  3285, 3287, 3307, 3305, 3286, 3288, 3308, 3306,
  3287, 3289, 3309, 3307, 3288, 3290, 3310, 3308,
  1135, 3291, 3311, 1141, 1136, 3292, 3312, 1142,
  3291, 3293, 3313, 3311, 3292, 3294, 3314, 3312,
  3293, 3295, 3315, 3313, 3294, 3296, 3316, 3314,
  3295, 3297, 3317, 3315, 3296, 3298, 3318, 3316,
  3297, 3299, 3319, 3317, 3298, 3300, 3320, 3318,
  3299, 3301, 3321, 3319, 3300, 3302, 3322, 3320,
  3301, 3303, 3323, 3321, 3302, 3304, 3324, 3322,
  3303, 3305, 3325, 3323, 3304, 3306, 3326, 3324,
  3305, 3307, 3327, 3325, 3306, 3308, 3328, 3326,
  3307, 3309, 3329, 3327, 3308, 3310, 3330, 3328,
  1141, 3311, 3331, 1147, 1142, 3312, 3332, 1148,
  3311, 3313, 3333, 3331, 3312, 3314, 3334, 3332,
  3313, 3315, 3335, 3333, 3314, 3316, 3336, 3334,
  3315, 3317, 3337, 3335, 3316, 3318, 3338, 3336,
  3317, 3319, 3339, 3337, 3318, 3320, 3340, 3338,
  3319, 3321, 3341, 3339, 3320, 3322, 3342, 3340,
  3321, 3323, 3343, 3341, 3322, 3324, 3344, 3342,
  3323, 3325, 3345, 3343, 3324, 3326, 3346, 3344,
  3325, 3327, 3347, 3345, 3326, 3328, 3348, 3346,
  3327, 3329, 3349, 3347, 3328, 3330, 3350, 3348,
  1147, 3331, 3351, 1153, 1148, 3332, 3352, 1154,
  3331, 3333, 3353, 3351, 3332, 3334, 3354, 3352,
  3333, 3335, 3355, 3353, 3334, 3336, 3356, 3354,
  3335, 3337, 3357, 3355, 3336, 3338, 3358, 3356,
  3337, 3339, 3359, 3357, 3338, 3340, 3360, 3358,
  3339, 3341, 3361, 3359, 3340, 3342, 3362, 3360,
  3341, 3343, 3363, 3361, 3342, 3344, 3364, 3362,
  3343, 3345, 3365, 3363, 3344, 3346, 3366, 3364,
  3345, 3347, 3367, 3365, 3346, 3348, 3368, 3366,
  3347, 3349, 3369, 3367, 3348, 3350, 3370, 3368,
  1153, 3351, 3371, 1159, 1154, 3352, 3372, 1160,
  3351, 3353, 3373, 3371, 3352, 3354, 3374, 3372,
  3353, 3355, 3375, 3373, 3354, 3356, 3376, 3374,
  3355, 3357, 3377, 3375, 3356, 3358, 3378, 3376,
  3357, 3359, 3379, 3377, 3358, 3360, 3380, 3378,
  3359, 3361, 3381, 3379, 3360, 3362, 3382, 3380,
  3361, 3363, 3383, 3381, 3362, 3364, 3384, 3382,
  3363, 3365, 3385, 3383, 3364, 3366, 3386, 3384,
  3365, 3367, 3387, 3385, 3366, 3368, 3388, 3386,
  3367, 3369, 3389, 3387, 3368, 3370, 3390, 3388,
  945, 2659, 3192, 1106, 952, 2657, 3391, 1163,
  2659, 2681, 3194, 3192, 2657, 2679, 3392, 3391,
  2681, 2703, 3196, 3194, 2679, 2701, 3393, 3392,
  2703, 2725, 3198, 3196, 2701, 2723, 3394, 3393,
  2725, 2747, 3200, 3198, 2723, 2745, 3395, 3394,
  2747, 2769, 3202, 3200, 2745, 2767, 3396, 3395,
  2769, 2791, 3204, 3202, 2767, 2789, 3397, 3396,
  2791, 2813, 3206, 3204, 2789, 2811, 3398, 3397,
  2813, 2835, 3208, 3206, 2811, 2833, 3399, 3398,
  2835, 2857, 3210, 3208, 2833, 2855, 3400, 3399,
  1106, 3192, 3212, 1112, 1163, 3391, 3401, 1166,
  3192, 3194, 3214, 3212, 3391, 3392, 3402, 3401,
  3194, 3196, 3216, 3214, 3392, 3393, 3403, 3402,
  3196, 3198, 3218, 3216, 3393, 3394, 3404, 3403,
  3198, 3200, 3220, 3218, 3394, 3395, 3405, 3404,
  3200, 3202, 3222, 3220, 3395, 3396, 3406, 3405,
  3202, 3204, 3224, 3222, 3396, 3397, 3407, 3406,
  3204, 3206, 3226, 3224, 3397, 3398, 3408, 3407,
  3206, 3208, 3228, 3226, 3398, 3399, 3409, 3408,
  3208, 3210, 3230, 3228, 3399, 3400, 3410, 3409,
  1112, 3212, 3232, 1118, 1166, 3401, 3411, 1169,
  3212, 3214, 3234, 3232, 3401, 3402, 3412, 3411,
  3214, 3216, 3236, 3234, 3402, 3403, 3413, 3412,
  3216, 3218, 3238, 3236, 3403, 3404, 3414, 3413,
  3218, 3220, 3240, 3238, 3404, 3405, 3415, 3414,
  3220, 3222, 3242, 3240, 3405, 3406, 3416, 3415,
  3222, 3224, 3244, 3242, 3406, 3407, 3417, 3416,
  3224, 3226, 3246, 3244, 3407, 3408, 3418, 3417,
  3226, 3228, 3248, 3246, 3408, 3409, 3419, 3418,
  3228, 3230, 3250, 3248, 3409, 3410, 3420, 3419,
  1118, 3232, 3252, 1124, 1169, 3411, 3421, 1172,
  3232, 3234, 3254, 3252, 3411, 3412, 3422, 3421,
  3234, 3236, 3256, 3254, 3412, 3413, 3423, 3422,
  3236, 3238, 3258, 3256, 3413, 3414, 3424, 3423,
  3238, 3240, 3260, 3258, 3414, 3415, 3425, 3424,
  3240, 3242, 3262, 3260, 3415, 3416, 3426, 3425,
  3242, 3244, 3264, 3262, 3416, 3417, 3427, 3426,
  3244, 3246, 3266, 3264, 3417, 3418, 3428, 3427,
  3246, 3248, 3268, 3266, 3418, 3419, 3429, 3428,
  3248, 3250, 3270, 3268, 3419, 3420, 3430, 3429,
  1124, 3252, 3272, 1130, 1172, 3421, 3431, 1175,
  3252, 3254, 3274, 3272, 3421, 3422, 3432, 3431,
  3254, 3256, 3276, 3274, 3422, 3423, 3433, 3432,
  3256, 3258, 3278, 3276, 3423, 3424, 3434, 3433,
  3258, 3260, 3280, 3278, 3424, 3425, 3435, 3434,
  3260, 3262, 3282, 3280, 3425, 3426, 3436, 3435,
  3262, 3264, 3284, 3282, 3426, 3427, 3437, 3436,
  3264, 3266, 3286, 3284, 3427, 3428, 3438, 3437,
  3266, 3268, 3288, 3286, 3428, 3429, 3439, 3438,
  3268, 3270, 3290, 3288, 3429, 3430, 3440, 3439,
  1130, 3272, 3292, 1136, 1175, 3431, 3441, 1178,
  3272, 3274, 3294, 3292, 3431, 3432, 3442, 3441,
  3274, 3276, 3296, 3294, 3432, 3433, 3443, 3442,
  3276, 3278, 3298, 3296, 3433, 3434, 3444, 3443,
  3278, 3280, 3300, 3298, 3434, 3435, 3445, 3444,
  3280, 3282, 3302, 3300, 3435, 3436, 3446, 3445,
  3282, 3284, 3304, 3302, 3436, 3437, 3447, 3446,
  3284, 3286, 3306, 3304, 3437, 3438, 3448, 3447,
  3286, 3288, 3308, 3306, 3438, 3439, 3449, 3448,
  3288, 3290, 3310, 3308, 3439, 3440, 3450, 3449,
  1136, 3292, 3312, 1142, 1178, 3441, 3451, 1181,
  3292, 3294, 3314, 3312, 3441, 3442, 3452, 3451,
  3294, 3296, 3316, 3314, 3442, 3443, 3453, 3452,
  3296, 3298, 3318, 3316, 3443, 3444, 3454, 3453,
  3298, 3300, 3320, 3318, 3444, 3445, 3455, 3454,
  3300, 3302, 3322, 3320, 3445, 3446, 3456, 3455,
  3302, 3304, 3324, 3322, 3446, 3447, 3457, 3456,
  3304, 3306, 3326, 3324, 3447, 3448, 3458, 3457,
  3306, 3308, 3328, 3326, 3448, 3449, 3459, 3458,
  3308, 3310, 3330, 3328, 3449, 3450, 3460, 3459,
  1142, 3312, 3332, 1148, 1181, 3451, 3461, 1184,
  3312, 3314, 3334, 3332, 3451, 3452, 3462, 3461,
  3314, 3316, 3336, 3334, 3452, 3453, 3463, 3462,
  3316, 3318, 3338, 3336, 3453, 3454, 3464, 3463,
  3318, 3320, 3340, 3338, 3454, 3455, 3465, 3464,
  3320, 3322, 3342, 3340, 3455, 3456, 3466, 3465,
  3322, 3324, 3344, 3342, 3456, 3457, 3467, 3466,
  3324, 3326, 3346, 3344, 3457, 3458, 3468, 3467,
  3326, 3328, 3348, 3346, 3458, 3459, 3469, 3468,
  3328, 3330, 3350, 3348, 3459, 3460, 3470, 3469,
  1148, 3332, 3352, 1154, 1184, 3461, 3471, 1187,
  3332, 3334, 3354, 3352, 3461, 3462, 3472, 3471,
  3334, 3336, 3356, 3354, 3462, 3463, 3473, 3472,
  3336, 3338, 3358, 3356, 3463, 3464, 3474, 3473,
  3338, 3340, 3360, 3358, 3464, 3465, 3475, 3474,
  3340, 3342, 3362, 3360, 3465, 3466, 3476, 3475,
  3342, 3344, 3364, 3362, 3466, 3467, 3477, 3476,
  3344, 3346, 3366, 3364, 3467, 3468, 3478, 3477,
  3346, 3348, 3368, 3366, 3468, 3469, 3479, 3478,
  3348, 3350, 3370, 3368, 3469, 3470, 3480, 3479,
  1154, 3352, 3372, 1160, 1187, 3471, 3481, 1190,
  3352, 3354, 3374, 3372, 3471, 3472, 3482, 3481,
  3354, 3356, 3376, 3374, 3472, 3473, 3483, 3482,
  3356, 3358, 3378, 3376, 3473, 3474, 3484, 3483,
  3358, 3360, 3380, 3378, 3474, 3475, 3485, 3484,
  3360, 3362, 3382, 3380, 3475, 3476, 3486, 3485,
  3362, 3364, 3384, 3382, 3476, 3477, 3487, 3486,
  3364, 3366, 3386, 3384, 3477, 3478, 3488, 3487,
  3366, 3368, 3388, 3386, 3478, 3479, 3489, 3488,
  3368, 3370, 3390, 3388, 3479, 3480, 3490, 3489,
  952, 2657, 3391, 1163, 958, 2655, 3491, 1193,
  2657, 2679, 3392, 3391, 2655, 2677, 3492, 3491,
  2679, 2701, 3393, 3392, 2677, 2699, 3493, 3492,
  2701, 2723, 3394, 3393, 2699, 2721, 3494, 3493,
  2723, 2745, 3395, 3394, 2721, 2743, 3495, 3494,
  2745, 2767, 3396, 3395, 2743, 2765, 3496, 3495,
  2767, 2789, 3397, 3396, 2765, 2787, 3497, 3496,
  2789, 2811, 3398, 3397, 2787, 2809, 3498, 3497,
  2811, 2833, 3399, 3398, 2809, 2831, 3499, 3498,
  2833, 2855, 3400, 3399, 2831, 2853, 3500, 3499,
  1163, 3391, 3401, 1166, 1193, 3491, 3501, 1196,
  3391, 3392, 3402, 3401, 3491, 3492, 3502, 3501,
  3392, 3393, 3403, 3402, 3492, 3493, 3503, 3502,
  3393, 3394, 3404, 3403, 3493, 3494, 3504, 3503,
  3394, 3395, 3405, 3404, 3494, 3495, 3505, 3504,
  3395, 3396, 3406, 3405, 3495, 3496, 3506, 3505,
  3396, 3397, 3407, 3406, 3496, 3497, 3507, 3506,
  3397, 3398, 3408, 3407, 3497, 3498, 3508, 3507,
  3398, 3399, 3409, 3408, 3498, 3499, 3509, 3508,
  3399, 3400, 3410, 3409, 3499, 3500, 3510, 3509,
  1166, 3401, 3411, 1169, 1196, 3501, 3511, 1199,
  3401, 3402, 3412, 3411, 3501, 3502, 3512, 3511,
  3402, 3403, 3413, 3412, 3502, 3503, 3513, 3512,
  3403, 3404, 3414, 3413, 3503, 3504, 3514, 3513,
  3404, 3405, 3415, 3414, 3504, 3505, 3515, 3514,
  3405, 3406, 3416, 3415, 3505, 3506, 3516, 3515,
  3406, 3407, 3417, 3416, 3506, 3507, 3517, 3516,
  3407, 3408, 3418, 3417, 3507, 3508, 3518, 3517,
  3408, 3409, 3419, 3418, 3508, 3509, 3519, 3518,
  3409, 3410, 3420, 3419, 3509, 3510, 3520, 3519,
  1169, 3411, 3421, 1172, 1199, 3511, 3521, 1202,
  3411, 3412, 3422, 3421, 3511, 3512, 3522, 3521,
  3412, 3413, 3423, 3422, 3512, 3513, 3523, 3522,
  3413, 3414, 3424, 3423, 3513, 3514, 3524, 3523,
  3414, 3415, 3425, 3424, 3514, 3515, 3525, 3524,
  3415, 3416, 3426, 3425, 3515, 3516, 3526, 3525,
  3416, 3417, 3427, 3426, 3516, 3517, 3527, 3526,
  3417, 3418, 3428, 3427, 3517, 3518, 3528, 3527,
  3418, 3419, 3429, 3428, 3518, 3519, 3529, 3528,
  3419, 3420, 3430, 3429, 3519, 3520, 3530, 3529,
  1172, 3421, 3431, 1175, 1202, 3521, 3531, 1205,
  3421, 3422, 3432, 3431, 3521, 3522, 3532, 3531,
  3422, 3423, 3433, 3432, 3522, 3523, 3533, 3532,
  3423, 3424, 3434, 3433, 3523, 3524, 3534, 3533,
  3424, 3425, 3435, 3434, 3524, 3525, 3535, 3534,
  3425, 3426, 3436, 3435, 3525, 3526, 3536, 3535,
  3426, 3427, 3437, 3436, 3526, 3527, 3537, 3536,
  3427, 3428, 3438, 3437, 3527, 3528, 3538, 3537,
  3428, 3429, 3439, 3438, 3528, 3529, 3539, 3538,
  3429, 3430, 3440, 3439, 3529, 3530, 3540, 3539,
  1175, 3431, 3441, 1178, 1205, 3531, 3541, 1208,
  3431, 3432, 3442, 3441, 3531, 3532, 3542, 3541,
  3432, 3433, 3443, 3442, 3532, 3533, 3543, 3542,
  3433, 3434, 3444, 3443, 3533, 3534, 3544, 3543,
  3434, 3435, 3445, 3444, 3534, 3535, 3545, 3544,
  3435, 3436, 3446, 3445, 3535, 3536, 3546, 3545,
  3436, 3437, 3447, 3446, 3536, 3537, 3547, 3546,
  3437, 3438, 3448, 3447, 3537, 3538, 3548, 3547,
  3438, 3439, 3449, 3448, 3538, 3539, 3549, 3548,
  3439, 3440, 3450, 3449, 3539, 3540, 3550, 3549,
  1178, 3441, 3451, 1181, 1208, 3541, 3551, 1211,
  3441, 3442, 3452, 3451, 3541, 3542, 3552, 3551,
  3442, 3443, 3453, 3452, 3542, 3543, 3553, 3552,
  3443, 3444, 3454, 3453, 3543, 3544, 3554, 3553,
  3444, 3445, 3455, 3454, 3544, 3545, 3555, 3554,
  3445, 3446, 3456, 3455, 3545, 3546, 3556, 3555,
  3446, 3447, 3457, 3456, 3546, 3547, 3557, 3556,
  3447, 3448, 3458, 3457, 3547, 3548, 3558, 3557,
  3448, 3449, 3459, 3458, 3548, 3549, 3559, 3558,
  3449, 3450, 3460, 3459, 3549, 3550, 3560, 3559,
  1181, 3451, 3461, 1184, 1211, 3551, 3561, 1214,
  3451, 3452, 3462, 3461, 3551, 3552, 3562, 3561,
  3452, 3453, 3463, 3462, 3552, 3553, 3563, 3562,
  3453, 3454, 3464, 3463, 3553, 3554, 3564, 3563,
  3454, 3455, 3465, 3464, 3554, 3555, 3565, 3564,
  3455, 3456, 3466, 3465, 3555, 3556, 3566, 3565,
  3456, 3457, 3467, 3466, 3556, 3557, 3567, 3566,
  3457, 3458, 3468, 3467, 3557, 3558, 3568, 3567,
  3458, 3459, 3469, 3468, 3558, 3559, 3569, 3568,
  3459, 3460, 3470, 3469, 3559, 3560, 3570, 3569,
  1184, 3461, 3471, 1187, 1214, 3561, 3571, 1217,
  3461, 3462, 3472, 3471, 3561, 3562, 3572, 3571,
  3462, 3463, 3473, 3472, 3562, 3563, 3573, 3572,
  3463, 3464, 3474, 3473, 3563, 3564, 3574, 3573,
  3464, 3465, 3475, 3474, 3564, 3565, 3575, 3574,
  3465, 3466, 3476, 3475, 3565, 3566, 3576, 3575,
  3466, 3467, 3477, 3476, 3566, 3567, 3577, 3576,
  3467, 3468, 3478, 3477, 3567, 3568, 3578, 3577,
  3468, 3469, 3479, 3478, 3568, 3569, 3579, 3578,
  3469, 3470, 3480, 3479, 3569, 3570, 3580, 3579,
  1187, 3471, 3481, 1190, 1217, 3571, 3581, 1220,
  3471, 3472, 3482, 3481, 3571, 3572, 3582, 3581,
  3472, 3473, 3483, 3482, 3572, 3573, 3583, 3582,
  3473, 3474, 3484, 3483, 3573, 3574, 3584, 3583,
  3474, 3475, 3485, 3484, 3574, 3575, 3585, 3584,
  3475, 3476, 3486, 3485, 3575, 3576, 3586, 3585,
  3476, 3477, 3487, 3486, 3576, 3577, 3587, 3586,
  3477, 3478, 3488, 3487, 3577, 3578, 3588, 3587,
  3478, 3479, 3489, 3488, 3578, 3579, 3589, 3588,
  3479, 3480, 3490, 3489, 3579, 3580, 3590, 3589,
  958, 2655, 3491, 1193, 964, 2653, 3591, 1223,
  2655, 2677, 3492, 3491, 2653, 2675, 3592, 3591,
  2677, 2699, 3493, 3492, 2675, 2697, 3593, 3592,
  2699, 2721, 3494, 3493, 2697, 2719, 3594, 3593,
  2721, 2743, 3495, 3494, 2719, 2741, 3595, 3594,
  2743, 2765, 3496, 3495, 2741, 2763, 3596, 3595,
  2765, 2787, 3497, 3496, 2763, 2785, 3597, 3596,
  2787, 2809, 3498, 3497, 2785, 2807, 3598, 3597,
  2809, 2831, 3499, 3498, 2807, 2829, 3599, 3598,
  2831, 2853, 3500, 3499, 2829, 2851, 3600, 3599,
  1193, 3491, 3501, 1196, 1223, 3591, 3601, 1226,
  3491, 3492, 3502, 3501, 3591, 3592, 3602, 3601,
  3492, 3493, 3503, 3502, 3592, 3593, 3603, 3602,
  3493, 3494, 3504, 3503, 3593, 3594, 3604, 3603,
  3494, 3495, 3505, 3504, 3594, 3595, 3605, 3604,
  3495, 3496, 3506, 3505, 3595, 3596, 3606, 3605,
  3496, 3497, 3507, 3506, 3596, 3597, 3607, 3606,
  3497, 3498, 3508, 3507, 3597, 3598, 3608, 3607,
  3498, 3499, 3509, 3508, 3598, 3599, 3609, 3608,
  3499, 3500, 3510, 3509, 3599, 3600, 3610, 3609,
  1196, 3501, 3511, 1199, 1226, 3601, 3611, 1229,
  3501, 3502, 3512, 3511, 3601, 3602, 3612, 3611,
  3502, 3503, 3513, 3512, 3602, 3603, 3613, 3612,
  3503, 3504, 3514, 3513, 3603, 3604, 3614, 3613,
  3504, 3505, 3515, 3514, 3604, 3605, 3615, 3614,
  3505, 3506, 3516, 3515, 3605, 3606, 3616, 3615,
  3506, 3507, 3517, 3516, 3606, 3607, 3617, 3616,
  3507, 3508, 3518, 3517, 3607, 3608, 3618, 3617,
  3508, 3509, 3519, 3518, 3608, 3609, 3619, 3618,
  3509, 3510, 3520, 3519, 3609, 3610, 3620, 3619,
  1199, 3511, 3521, 1202, 1229, 3611, 3621, 1232,
  3511, 3512, 3522, 3521, 3611, 3612, 3622, 3621,
  3512, 3513, 3523, 3522, 3612, 3613, 3623, 3622,
  3513, 3514, 3524, 3523, 3613, 3614, 3624, 3623,
  3514, 3515, 3525, 3524, 3614, 3615, 3625, 3624,
  3515, 3516, 3526, 3525, 3615, 3616, 3626, 3625,
  3516, 3517, 3527, 3526, 3616, 3617, 3627, 3626,
  3517, 3518, 3528, 3527, 3617, 3618, 3628, 3627,
  3518, 3519, 3529, 3528, 3618, 3619, 3629, 3628,
  3519, 3520, 3530, 3529, 3619, 3620, 3630, 3629,
  1202, 3521, 3531, 1205, 1232, 3621, 3631, 1235,
  3521, 3522, 3532, 3531, 3621, 3622, 3632, 3631,
  3522, 3523, 3533, 3532, 3622, 3623, 3633, 3632,
  3523, 3524, 3534, 3533, 3623, 3624, 3634, 3633,
  3524, 3525, 3535, 3534, 3624, 3625, 3635, 3634,
  3525, 3526, 3536, 3535, 3625, 3626, 3636, 3635,
  3526, 3527, 3537, 3536, 3626, 3627, 3637, 3636,
  3527, 3528, 3538, 3537, 3627, 3628, 3638, 3637,
  3528, 3529, 3539, 3538, 3628, 3629, 3639, 3638,
  3529, 3530, 3540, 3539, 3629, 3630, 3640, 3639,
  1205, 3531, 3541, 1208, 1235, 3631, 3641, 1238,
  3531, 3532, 3542, 3541, 3631, 3632, 3642, 3641,
  3532, 3533, 3543, 3542, 3632, 3633, 3643, 3642,
  3533, 3534, 3544, 3543, 3633, 3634, 3644, 3643,
  3534, 3535, 3545, 3544, 3634, 3635, 3645, 3644,
  3535, 3536, 3546, 3545, 3635, 3636, 3646, 3645,
  3536, 3537, 3547, 3546, 3636, 3637, 3647, 3646,
  3537, 3538, 3548, 3547, 3637, 3638, 3648, 3647,
  3538, 3539, 3549, 3548, 3638, 3639, 3649, 3648,
  3539, 3540, 3550, 3549, 3639, 3640, 3650, 3649,
  1208, 3541, 3551, 1211, 1238, 3641, 3651, 1241,
  3541, 3542, 3552, 3551, 3641, 3642, 3652, 3651,
  3542, 3543, 3553, 3552, 3642, 3643, 3653, 3652,
  3543, 3544, 3554, 3553, 3643, 3644, 3654, 3653,
  3544, 3545, 3555, 3554, 3644, 3645, 3655, 3654,
  3545, 3546, 3556, 3555, 3645, 3646, 3656, 3655,
  3546, 3547, 3557, 3556, 3646, 3647, 3657, 3656,
  3547, 3548, 3558, 3557, 3647, 3648, 3658, 3657,
  3548, 3549, 3559, 3558, 3648, 3649, 3659, 3658,
  3549, 3550, 3560, 3559, 3649, 3650, 3660, 3659,
  1211, 3551, 3561, 1214, 1241, 3651, 3661, 1244,
  3551, 3552, 3562, 3561, 3651, 3652, 3662, 3661,
  3552, 3553, 3563, 3562, 3652, 3653, 3663, 3662,
  3553, 3554, 3564, 3563, 3653, 3654, 3664, 3663,
  3554, 3555, 3565, 3564, 3654, 3655, 3665, 3664,
  3555, 3556, 3566, 3565, 3655, 3656, 3666, 3665,
  3556, 3557, 3567, 3566, 3656, 3657, 3667, 3666,
  3557, 3558, 3568, 3567, 3657, 3658, 3668, 3667,
  3558, 3559, 3569, 3568, 3658, 3659, 3669, 3668,
  3559, 3560, 3570, 3569, 3659, 3660, 3670, 3669,
  1214, 3561, 3571, 1217, 1244, 3661, 3671, 1247,
  3561, 3562, 3572, 3571, 3661, 3662, 3672, 3671,
  3562, 3563, 3573, 3572, 3662, 3663, 3673, 3672,
  3563, 3564, 3574, 3573, 3663, 3664, 3674, 3673,
  3564, 3565, 3575, 3574, 3664, 3665, 3675, 3674,
  3565, 3566, 3576, 3575, 3665, 3666, 3676, 3675,
  3566, 3567, 3577, 3576, 3666, 3667, 3677, 3676,
  3567, 3568, 3578, 3577, 3667, 3668, 3678, 3677,
  3568, 3569, 3579, 3578, 3668, 3669, 3679, 3678,
  3569, 3570, 3580, 3579, 3669, 3670, 3680, 3679,
  1217, 3571, 3581, 1220, 1247, 3671, 3681, 1250,
  3571, 3572, 3582, 3581, 3671, 3672, 3682, 3681,
  3572, 3573, 3583, 3582, 3672, 3673, 3683, 3682,
  3573, 3574, 3584, 3583, 3673, 3674, 3684, 3683,
  3574, 3575, 3585, 3584, 3674, 3675, 3685, 3684,
  3575, 3576, 3586, 3585, 3675, 3676, 3686, 3685,
  3576, 3577, 3587, 3586, 3676, 3677, 3687, 3686,
  3577, 3578, 3588, 3587, 3677, 3678, 3688, 3687,
  3578, 3579, 3589, 3588, 3678, 3679, 3689, 3688,
  3579, 3580, 3590, 3589, 3679, 3680, 3690, 3689,
  964, 2653, 3591, 1223, 970, 2651, 3691, 1253,
  2653, 2675, 3592, 3591, 2651, 2673, 3692, 3691,
  2675, 2697, 3593, 3592, 2673, 2695, 3693, 3692,
  2697, 2719, 3594, 3593, 2695, 2717, 3694, 3693,
  2719, 2741, 3595, 3594, 2717, 2739, 3695, 3694,
  2741, 2763, 3596, 3595, 2739, 2761, 3696, 3695,
  2763, 2785, 3597, 3596, 2761, 2783, 3697, 3696,
  2785, 2807, 3598, 3597, 2783, 2805, 3698, 3697,
  2807, 2829, 3599, 3598, 2805, 2827, 3699, 3698,
  2829, 2851, 3600, 3599, 2827, 2849, 3700, 3699,
  1223, 3591, 3601, 1226, 1253, 3691, 3701, 1256,
  3591, 3592, 3602, 3601, 3691, 3692, 3702, 3701,
  3592, 3593, 3603, 3602, 3692, 3693, 3703, 3702,
  3593, 3594, 3604, 3603, 3693, 3694, 3704, 3703,
  3594, 3595, 3605, 3604, 3694, 3695, 3705, 3704,
  3595, 3596, 3606, 3605, 3695, 3696, 3706, 3705,
  3596, 3597, 3607, 3606, 3696, 3697, 3707, 3706,
  3597, 3598, 3608, 3607, 3697, 3698, 3708, 3707,
  3598, 3599, 3609, 3608, 3698, 3699, 3709, 3708,
  3599, 3600, 3610, 3609, 3699, 3700, 3710, 3709,
  1226, 3601, 3611, 1229, 1256, 3701, 3711, 1259,
  3601, 3602, 3612, 3611, 3701, 3702, 3712, 3711,
  3602, 3603, 3613, 3612, 3702, 3703, 3713, 3712,
  3603, 3604, 3614, 3613, 3703, 3704, 3714, 3713,
  3604, 3605, 3615, 3614, 3704, 3705, 3715, 3714,
  3605, 3606, 3616, 3615, 3705, 3706, 3716, 3715,
  3606, 3607, 3617, 3616, 3706, 3707, 3717, 3716,
  3607, 3608, 3618, 3617, 3707, 3708, 3718, 3717,
  3608, 3609, 3619, 3618, 3708, 3709, 3719, 3718,
  3609, 3610, 3620, 3619, 3709, 3710, 3720, 3719,
  1229, 3611, 3621, 1232, 1259, 3711, 3721, 1262,
  3611, 3612, 3622, 3621, 3711, 3712, 3722, 3721,
  3612, 3613, 3623, 3622, 3712, 3713, 3723, 3722,
  3613, 3614, 3624, 3623, 3713, 3714, 3724, 3723,
  3614, 3615, 3625, 3624, 3714, 3715, 3725, 3724,
  3615, 3616, 3626, 3625, 3715, 3716, 3726, 3725,
  3616, 3617, 3627, 3626, 3716, 3717, 3727, 3726,
  3617, 3618, 3628, 3627, 3717, 3718, 3728, 3727,
  3618, 3619, 3629, 3628, 3718, 3719, 3729, 3728,
  3619, 3620, 3630, 3629, 3719, 3720, 3730, 3729,
  1232, 3621, 3631, 1235, 1262, 3721, 3731, 1265,
  3621, 3622, 3632, 3631, 3721, 3722, 3732, 3731,
  3622, 3623, 3633, 3632, 3722, 3723, 3733, 3732,
  3623, 3624, 3634, 3633, 3723, 3724, 3734, 3733,
  3624, 3625, 3635, 3634, 3724, 3725, 3735, 3734,
  3625, 3626, 3636, 3635, 3725, 3726, 3736, 3735,
  3626, 3627, 3637, 3636, 3726, 3727, 3737, 3736,
  3627, 3628, 3638, 3637, 3727, 3728, 3738, 3737,
  3628, 3629, 3639, 3638, 3728, 3729, 3739, 3738,
  3629, 3630, 3640, 3639, 3729, 3730, 3740, 3739,
  1235, 3631, 3641, 1238, 1265, 3731, 3741, 1268,
  3631, 3632, 3642, 3641, 3731, 3732, 3742, 3741,
  3632, 3633, 3643, 3642, 3732, 3733, 3743, 3742,
  3633, 3634, 3644, 3643, 3733, 3734, 3744, 3743,
  3634, 3635, 3645, 3644, 3734, 3735, 3745, 3744,
  3635, 3636, 3646, 3645, 3735, 3736, 3746, 3745,
  3636, 3637, 3647, 3646, 3736, 3737, 3747, 3746,
  3637, 3638, 3648, 3647, 3737, 3738, 3748, 3747,
  3638, 3639, 3649, 3648, 3738, 3739, 3749, 3748,
  3639, 3640, 3650, 3649, 3739, 3740, 3750, 3749,
  1238, 3641, 3651, 1241, 1268, 3741, 3751, 1271,
  3641, 3642, 3652, 3651, 3741, 3742, 3752, 3751,
  3642, 3643, 3653, 3652, 3742, 3743, 3753, 3752,
  3643, 3644, 3654, 3653, 3743, 3744, 3754, 3753,
  3644, 3645, 3655, 3654, 3744, 3745, 3755, 3754,
  3645, 3646, 3656, 3655, 3745, 3746, 3756, 3755,
  3646, 3647, 3657, 3656, 3746, 3747, 3757, 3756,
  3647, 3648, 3658, 3657, 3747, 3748, 3758, 3757,
  3648, 3649, 3659, 3658, 3748, 3749, 3759, 3758,
  3649, 3650, 3660, 3659, 3749, 3750, 3760, 3759,
  1241, 3651, 3661, 1244, 1271, 3751, 3761, 1274,
  3651, 3652, 3662, 3661, 3751, 3752, 3762, 3761,
  3652, 3653, 3663, 3662, 3752, 3753, 3763, 3762,
  3653, 3654, 3664, 3663, 3753, 3754, 3764, 3763,
  3654, 3655, 3665, 3664, 3754, 3755, 3765, 3764,
  3655, 3656, 3666, 3665, 3755, 3756, 3766, 3765,
  3656, 3657, 3667, 3666, 3756, 3757, 3767, 3766,
  3657, 3658, 3668, 3667, 3757, 3758, 3768, 3767,
  3658, 3659, 3669, 3668, 3758, 3759, 3769, 3768,
  3659, 3660, 3670, 3669, 3759, 3760, 3770, 3769,
  1244, 3661, 3671, 1247, 1274, 3761, 3771, 1277,
  3661, 3662, 3672, 3671, 3761, 3762, 3772, 3771,
  3662, 3663, 3673, 3672, 3762, 3763, 3773, 3772,
  3663, 3664, 3674, 3673, 3763, 3764, 3774, 3773,
  3664, 3665, 3675, 3674, 3764, 3765, 3775, 3774,
  3665, 3666, 3676, 3675, 3765, 3766, 3776, 3775,
  3666, 3667, 3677, 3676, 3766, 3767, 3777, 3776,
  3667, 3668, 3678, 3677, 3767, 3768, 3778, 3777,
  3668, 3669, 3679, 3678, 3768, 3769, 3779, 3778,
  3669, 3670, 3680, 3679, 3769, 3770, 3780, 3779,
  1247, 3671, 3681, 1250, 1277, 3771, 3781, 1280,
  3671, 3672, 3682, 3681, 3771, 3772, 3782, 3781,
  3672, 3673, 3683, 3682, 3772, 3773, 3783, 3782,
  3673, 3674, 3684, 3683, 3773, 3774, 3784, 3783,
  3674, 3675, 3685, 3684, 3774, 3775, 3785, 3784,
  3675, 3676, 3686, 3685, 3775, 3776, 3786, 3785,
  3676, 3677, 3687, 3686, 3776, 3777, 3787, 3786,
  3677, 3678, 3688, 3687, 3777, 3778, 3788, 3787,
  3678, 3679, 3689, 3688, 3778, 3779, 3789, 3788,
  3679, 3680, 3690, 3689, 3779, 3780, 3790, 3789,
  970, 2651, 3691, 1253, 976, 2649, 3791, 1283,
  2651, 2673, 3692, 3691, 2649, 2671, 3792, 3791,
  2673, 2695, 3693, 3692, 2671, 2693, 3793, 3792,
  2695, 2717, 3694, 3693, 2693, 2715, 3794, 3793,
  2717, 2739, 3695, 3694, 2715, 2737, 3795, 3794,
  2739, 2761, 3696, 3695, 2737, 2759, 3796, 3795,
  2761, 2783, 3697, 3696, 2759, 2781, 3797, 3796,
  2783, 2805, 3698, 3697, 2781, 2803, 3798, 3797,
  2805, 2827, 3699, 3698, 2803, 2825, 3799, 3798,
  2827, 2849, 3700, 3699, 2825, 2847, 3800, 3799,
  1253, 3691, 3701, 1256, 1283, 3791, 3801, 1286,
  3691, 3692, 3702, 3701, 3791, 3792, 3802, 3801,
  3692, 3693, 3703, 3702, 3792, 3793, 3803, 3802,
  3693, 3694, 3704, 3703, 3793, 3794, 3804, 3803,
  3694, 3695, 3705, 3704, 3794, 3795, 3805, 3804,
  3695, 3696, 3706, 3705, 3795, 3796, 3806, 3805,
  3696, 3697, 3707, 3706, 3796, 3797, 3807, 3806,
  3697, 3698, 3708, 3707, 3797, 3798, 3808, 3807,
  3698, 3699, 3709, 3708, 3798, 3799, 3809, 3808,
  3699, 3700, 3710, 3709, 3799, 3800, 3810, 3809,
  1256, 3701, 3711, 1259, 1286, 3801, 3811, 1289,
  3701, 3702, 3712, 3711, 3801, 3802, 3812, 3811,
  3702, 3703, 3713, 3712, 3802, 3803, 3813, 3812,
  3703, 3704, 3714, 3713, 3803, 3804, 3814, 3813,
  3704, 3705, 3715, 3714, 3804, 3805, 3815, 3814,
  3705, 3706, 3716, 3715, 3805, 3806, 3816, 3815,
  3706, 3707, 3717, 3716, 3806, 3807, 3817, 3816,
  3707, 3708, 3718, 3717, 3807, 3808, 3818, 3817,
  3708, 3709, 3719, 3718, 3808, 3809, 3819, 3818,
  3709, 3710, 3720, 3719, 3809, 3810, 3820, 3819,
  1259, 3711, 3721, 1262, 1289, 3811, 3821, 1292,
  3711, 3712, 3722, 3721, 3811, 3812, 3822, 3821,
  3712, 3713, 3723, 3722, 3812, 3813, 3823, 3822,
  3713, 3714, 3724, 3723, 3813, 3814, 3824, 3823,
  3714, 3715, 3725, 3724, 3814, 3815, 3825, 3824,
  3715, 3716, 3726, 3725, 3815, 3816, 3826, 3825,
  3716, 3717, 3727, 3726, 3816, 3817, 3827, 3826,
  3717, 3718, 3728, 3727, 3817, 3818, 3828, 3827,
  3718, 3719, 3729, 3728, 3818, 3819, 3829, 3828,
  3719, 3720, 3730, 3729, 3819, 3820, 3830, 3829,
  1262, 3721, 3731, 1265, 1292, 3821, 3831, 1295,
  3721, 3722, 3732, 3731, 3821, 3822, 3832, 3831,
  3722, 3723, 3733, 3732, 3822, 3823, 3833, 3832,
  3723, 3724, 3734, 3733, 3823, 3824, 3834, 3833,
  3724, 3725, 3735, 3734, 3824, 3825, 3835, 3834,
  3725, 3726, 3736, 3735, 3825, 3826, 3836, 3835,
  3726, 3727, 3737, 3736, 3826, 3827, 3837, 3836,
  3727, 3728, 3738, 3737, 3827, 3828, 3838, 3837,
  3728, 3729, 3739, 3738, 3828, 3829, 3839, 3838,
  3729, 3730, 3740, 3739, 3829, 3830, 3840, 3839,
  1265, 3731, 3741, 1268, 1295, 3831, 3841, 1298,
  3731, 3732, 3742, 3741, 3831, 3832, 3842, 3841,
  3732, 3733, 3743, 3742, 3832, 3833, 3843, 3842,
  3733, 3734, 3744, 3743, 3833, 3834, 3844, 3843,
  3734, 3735, 3745, 3744, 3834, 3835, 3845, 3844,
  3735, 3736, 3746, 3745, 3835, 3836, 3846, 3845,
  3736, 3737, 3747, 3746, 3836, 3837, 3847, 3846,
  3737, 3738, 3748, 3747, 3837, 3838, 3848, 3847,
  3738, 3739, 3749, 3748, 3838, 3839, 3849, 3848,
  3739, 3740, 3750, 3749, 3839, 3840, 3850, 3849,
  1268, 3741, 3751, 1271, 1298, 3841, 3851, 1301,
  3741, 3742, 3752, 3751, 3841, 3842, 3852, 3851,
  3742, 3743, 3753, 3752, 3842, 3843, 3853, 3852,
  3743, 3744, 3754, 3753, 3843, 3844, 3854, 3853,
  3744, 3745, 3755, 3754, 3844, 3845, 3855, 3854,
  3745, 3746, 3756, 3755, 3845, 3846, 3856, 3855,
  3746, 3747, 3757, 3756, 3846, 3847, 3857, 3856,
  3747, 3748, 3758, 3757, 3847, 3848, 3858, 3857,
  3748, 3749, 3759, 3758, 3848, 3849, 3859, 3858,
  3749, 3750, 3760, 3759, 3849, 3850, 3860, 3859,
  1271, 3751, 3761, 1274, 1301, 3851, 3861, 1304,
  3751, 3752, 3762, 3761, 3851, 3852, 3862, 3861,
  3752, 3753, 3763, 3762, 3852, 3853, 3863, 3862,
  3753, 3754, 3764, 3763, 3853, 3854, 3864, 3863,
  3754, 3755, 3765, 3764, 3854, 3855, 3865, 3864,
  3755, 3756, 3766, 3765, 3855, 3856, 3866, 3865,
  3756, 3757, 3767, 3766, 3856, 3857, 3867, 3866,
  3757, 3758, 3768, 3767, 3857, 3858, 3868, 3867,
  3758, 3759, 3769, 3768, 3858, 3859, 3869, 3868,
  3759, 3760, 3770, 3769, 3859, 3860, 3870, 3869,
  1274, 3761, 3771, 1277, 1304, 3861, 3871, 1307,
  3761, 3762, 3772, 3771, 3861, 3862, 3872, 3871,
  3762, 3763, 3773, 3772, 3862, 3863, 3873, 3872,
  3763, 3764, 3774, 3773, 3863, 3864, 3874, 3873,
  3764, 3765, 3775, 3774, 3864, 3865, 3875, 3874,
  3765, 3766, 3776, 3775, 3865, 3866, 3876, 3875,
  3766, 3767, 3777, 3776, 3866, 3867, 3877, 3876,
  3767, 3768, 3778, 3777, 3867, 3868, 3878, 3877,
  3768, 3769, 3779, 3778, 3868, 3869, 3879, 3878,
  3769, 3770, 3780, 3779, 3869, 3870, 3880, 3879,
  1277, 3771, 3781, 1280, 1307, 3871, 3881, 1310,
  3771, 3772, 3782, 3781, 3871, 3872, 3882, 3881,
  3772, 3773, 3783, 3782, 3872, 3873, 3883, 3882,
  3773, 3774, 3784, 3783, 3873, 3874, 3884, 3883,
  3774, 3775, 3785, 3784, 3874, 3875, 3885, 3884,
  3775, 3776, 3786, 3785, 3875, 3876, 3886, 3885,
  3776, 3777, 3787, 3786, 3876, 3877, 3887, 3886,
  3777, 3778, 3788, 3787, 3877, 3878, 3888, 3887,
  3778, 3779, 3789, 3788, 3878, 3879, 3889, 3888,
  3779, 3780, 3790, 3789, 3879, 3880, 3890, 3889,
  976, 2649, 3791, 1283, 982, 2647, 3891, 1313,
  2649, 2671, 3792, 3791, 2647, 2669, 3892, 3891,
  2671, 2693, 3793, 3792, 2669, 2691, 3893, 3892,
  2693, 2715, 3794, 3793, 2691, 2713, 3894, 3893,
  2715, 2737, 3795, 3794, 2713, 2735, 3895, 3894,
  2737, 2759, 3796, 3795, 2735, 2757, 3896, 3895,
  2759, 2781, 3797, 3796, 2757, 2779, 3897, 3896,
  2781, 2803, 3798, 3797, 2779, 2801, 3898, 3897,
  2803, 2825, 3799, 3798, 2801, 2823, 3899, 3898,
  2825, 2847, 3800, 3799, 2823, 2845, 3900, 3899,
  1283, 3791, 3801, 1286, 1313, 3891, 3901, 1316,
  3791, 3792, 3802, 3801, 3891, 3892, 3902, 3901,
  3792, 3793, 3803, 3802, 3892, 3893, 3903, 3902,
  3793, 3794, 3804, 3803, 3893, 3894, 3904, 3903,
  3794, 3795, 3805, 3804, 3894, 3895, 3905, 3904,
  3795, 3796, 3806, 3805, 3895, 3896, 3906, 3905,
  3796, 3797, 3807, 3806, 3896, 3897, 3907, 3906,
  3797, 3798, 3808, 3807, 3897, 3898, 3908, 3907,
  3798, 3799, 3809, 3808, 3898, 3899, 3909, 3908,
  3799, 3800, 3810, 3809, 3899, 3900, 3910, 3909,
  1286, 3801, 3811, 1289, 1316, 3901, 3911, 1319,
  3801, 3802, 3812, 3811, 3901, 3902, 3912, 3911,
  3802, 3803, 3813, 3812, 3902, 3903, 3913, 3912,
  3803, 3804, 3814, 3813, 3903, 3904, 3914, 3913,
  3804, 3805, 3815, 3814, 3904, 3905, 3915, 3914,
  3805, 3806, 3816, 3815, 3905, 3906, 3916, 3915,
  3806, 3807, 3817, 3816, 3906, 3907, 3917, 3916,
  3807, 3808, 3818, 3817, 3907, 3908, 3918, 3917,
  3808, 3809, 3819, 3818, 3908, 3909, 3919, 3918,
  3809, 3810, 3820, 3819, 3909, 3910, 3920, 3919,
  1289, 3811, 3821, 1292, 1319, 3911, 3921, 1322,
  3811, 3812, 3822, 3821, 3911, 3912, 3922, 3921,
  3812, 3813, 3823, 3822, 3912, 3913, 3923, 3922,
  3813, 3814, 3824, 3823, 3913, 3914, 3924, 3923,
  3814, 3815, 3825, 3824, 3914, 3915, 3925, 3924,
  3815, 3816, 3826, 3825, 3915, 3916, 3926, 3925,
  3816, 3817, 3827, 3826, 3916, 3917, 3927, 3926,
  3817, 3818, 3828, 3827, 3917, 3918, 3928, 3927,
  3818, 3819, 3829, 3828, 3918, 3919, 3929, 3928,
  3819, 3820, 3830, 3829, 3919, 3920, 3930, 3929,
  1292, 3821, 3831, 1295, 1322, 3921, 3931, 1325,
  3821, 3822, 3832, 3831, 3921, 3922, 3932, 3931,
  3822, 3823, 3833, 3832, 3922, 3923, 3933, 3932,
  3823, 3824, 3834, 3833, 3923, 3924, 3934, 3933,
  3824, 3825, 3835, 3834, 3924, 3925, 3935, 3934,
  3825, 3826, 3836, 3835, 3925, 3926, 3936, 3935,
  3826, 3827, 3837, 3836, 3926, 3927, 3937, 3936,
  3827, 3828, 3838, 3837, 3927, 3928, 3938, 3937,
  3828, 3829, 3839, 3838, 3928, 3929, 3939, 3938,
  3829, 3830, 3840, 3839, 3929, 3930, 3940, 3939,
  1295, 3831, 3841, 1298, 1325, 3931, 3941, 1328,
  3831, 3832, 3842, 3841, 3931, 3932, 3942, 3941,
  3832, 3833, 3843, 3842, 3932, 3933, 3943, 3942,
  3833, 3834, 3844, 3843, 3933, 3934, 3944, 3943,
  3834, 3835, 3845, 3844, 3934, 3935, 3945, 3944,
  3835, 3836, 3846, 3845, 3935, 3936, 3946, 3945,
  3836, 3837, 3847, 3846, 3936, 3937, 3947, 3946,
  3837, 3838, 3848, 3847, 3937, 3938, 3948, 3947,
  3838, 3839, 3849, 3848, 3938, 3939, 3949, 3948,
  3839, 3840, 3850, 3849, 3939, 3940, 3950, 3949,
  1298, 3841, 3851, 1301, 1328, 3941, 3951, 1331,
  3841, 3842, 3852, 3851, 3941, 3942, 3952, 3951,
  3842, 3843, 3853, 3852, 3942, 3943, 3953, 3952,
  3843, 3844, 3854, 3853, 3943, 3944, 3954, 3953,
  3844, 3845, 3855, 3854, 3944, 3945, 3955, 3954,
  3845, 3846, 3856, 3855, 3945, 3946, 3956, 3955,
  3846, 3847, 3857, 3856, 3946, 3947, 3957, 3956,
  3847, 3848, 3858, 3857, 3947, 3948, 3958, 3957,
  3848, 3849, 3859, 3858, 3948, 3949, 3959, 3958,
  3849, 3850, 3860, 3859, 3949, 3950, 3960, 3959,
  1301, 3851, 3861, 1304, 1331, 3951, 3961, 1334,
  3851, 3852, 3862, 3861, 3951, 3952, 3962, 3961,
  3852, 3853, 3863, 3862, 3952, 3953, 3963, 3962,
  3853, 3854, 3864, 3863, 3953, 3954, 3964, 3963,
  3854, 3855, 3865, 3864, 3954, 3955, 3965, 3964,
  3855, 3856, 3866, 3865, 3955, 3956, 3966, 3965,
  3856, 3857, 3867, 3866, 3956, 3957, 3967, 3966,
  3857, 3858, 3868, 3867, 3957, 3958, 3968, 3967,
  3858, 3859, 3869, 3868, 3958, 3959, 3969, 3968,
  3859, 3860, 3870, 3869, 3959, 3960, 3970, 3969,
  1304, 3861, 3871, 1307, 1334, 3961, 3971, 1337,
  3861, 3862, 3872, 3871, 3961, 3962, 3972, 3971,
  3862, 3863, 3873, 3872, 3962, 3963, 3973, 3972,
  3863, 3864, 3874, 3873, 3963, 3964, 3974, 3973,
  3864, 3865, 3875, 3874, 3964, 3965, 3975, 3974,
  3865, 3866, 3876, 3875, 3965, 3966, 3976, 3975,
  3866, 3867, 3877, 3876, 3966, 3967, 3977, 3976,
  3867, 3868, 3878, 3877, 3967, 3968, 3978, 3977,
  3868, 3869, 3879, 3878, 3968, 3969, 3979, 3978,
  3869, 3870, 3880, 3879, 3969, 3970, 3980, 3979,
  1307, 3871, 3881, 1310, 1337, 3971, 3981, 1340,
  3871, 3872, 3882, 3881, 3971, 3972, 3982, 3981,
  3872, 3873, 3883, 3882, 3972, 3973, 3983, 3982,
  3873, 3874, 3884, 3883, 3973, 3974, 3984, 3983,
  3874, 3875, 3885, 3884, 3974, 3975, 3985, 3984,
  3875, 3876, 3886, 3885, 3975, 3976, 3986, 3985,
  3876, 3877, 3887, 3886, 3976, 3977, 3987, 3986,
  3877, 3878, 3888, 3887, 3977, 3978, 3988, 3987,
  3878, 3879, 3889, 3888, 3978, 3979, 3989, 3988,
  3879, 3880, 3890, 3889, 3979, 3980, 3990, 3989,
  982, 2647, 3891, 1313, 988, 2645, 3991, 1343,
  2647, 2669, 3892, 3891, 2645, 2667, 3992, 3991,
  2669, 2691, 3893, 3892, 2667, 2689, 3993, 3992,
  2691, 2713, 3894, 3893, 2689, 2711, 3994, 3993,
  2713, 2735, 3895, 3894, 2711, 2733, 3995, 3994,
  2735, 2757, 3896, 3895, 2733, 2755, 3996, 3995,
  2757, 2779, 3897, 3896, 2755, 2777, 3997, 3996,
  2779, 2801, 3898, 3897, 2777, 2799, 3998, 3997,
  2801, 2823, 3899, 3898, 2799, 2821, 3999, 3998,
  2823, 2845, 3900, 3899, 2821, 2843, 4000, 3999,
  1313, 3891, 3901, 1316, 1343, 3991, 4001, 1346,
  3891, 3892, 3902, 3901, 3991, 3992, 4002, 4001,
  3892, 3893, 3903, 3902, 3992, 3993, 4003, 4002,
  3893, 3894, 3904, 3903, 3993, 3994, 4004, 4003,
  3894, 3895, 3905, 3904, 3994, 3995, 4005, 4004,
  3895, 3896, 3906, 3905, 3995, 3996, 4006, 4005,
  3896, 3897, 3907, 3906, 3996, 3997, 4007, 4006,
  3897, 3898, 3908, 3907, 3997, 3998, 4008, 4007,
  3898, 3899, 3909, 3908, 3998, 3999, 4009, 4008,
  3899, 3900, 3910, 3909, 3999, 4000, 4010, 4009,
  1316, 3901, 3911, 1319, 1346, 4001, 4011, 1349,
  3901, 3902, 3912, 3911, 4001, 4002, 4012, 4011,
  3902, 3903, 3913, 3912, 4002, 4003, 4013, 4012,
  3903, 3904, 3914, 3913, 4003, 4004, 4014, 4013,
  3904, 3905, 3915, 3914, 4004, 4005, 4015, 4014,
  3905, 3906, 3916, 3915, 4005, 4006, 4016, 4015,
  3906, 3907, 3917, 3916, 4006, 4007, 4017, 4016,
  3907, 3908, 3918, 3917, 4007, 4008, 4018, 4017,
  3908, 3909, 3919, 3918, 4008, 4009, 4019, 4018,
  3909, 3910, 3920, 3919, 4009, 4010, 4020, 4019,
  1319, 3911, 3921, 1322, 1349, 4011, 4021, 1352,
  3911, 3912, 3922, 3921, 4011, 4012, 4022, 4021,
  3912, 3913, 3923, 3922, 4012, 4013, 4023, 4022,
  3913, 3914, 3924, 3923, 4013, 4014, 4024, 4023,
  3914, 3915, 3925, 3924, 4014, 4015, 4025, 4024,
  3915, 3916, 3926, 3925, 4015, 4016, 4026, 4025,
  3916, 3917, 3927, 3926, 4016, 4017, 4027, 4026,
  3917, 3918, 3928, 3927, 4017, 4018, 4028, 4027,
  3918, 3919, 3929, 3928, 4018, 4019, 4029, 4028,
  3919, 3920, 3930, 3929, 4019, 4020, 4030, 4029,
  1322, 3921, 3931, 1325, 1352, 4021, 4031, 1355,
  3921, 3922, 3932, 3931, 4021, 4022, 4032, 4031,
  3922, 3923, 3933, 3932, 4022, 4023, 4033, 4032,
  3923, 3924, 3934, 3933, 4023, 4024, 4034, 4033,
  3924, 3925, 3935, 3934, 4024, 4025, 4035, 4034,
  3925, 3926, 3936, 3935, 4025, 4026, 4036, 4035,
  3926, 3927, 3937, 3936, 4026, 4027, 4037, 4036,
  3927, 3928, 3938, 3937, 4027, 4028, 4038, 4037,
  3928, 3929, 3939, 3938, 4028, 4029, 4039, 4038,
  3929, 3930, 3940, 3939, 4029, 4030, 4040, 4039,
  1325, 3931, 3941, 1328, 1355, 4031, 4041, 1358,
  3931, 3932, 3942, 3941, 4031, 4032, 4042, 4041,
  3932, 3933, 3943, 3942, 4032, 4033, 4043, 4042,
  3933, 3934, 3944, 3943, 4033, 4034, 4044, 4043,
  3934, 3935, 3945, 3944, 4034, 4035, 4045, 4044,
  3935, 3936, 3946, 3945, 4035, 4036, 4046, 4045,
  3936, 3937, 3947, 3946, 4036, 4037, 4047, 4046,
  3937, 3938, 3948, 3947, 4037, 4038, 4048, 4047,
  3938, 3939, 3949, 3948, 4038, 4039, 4049, 4048,
  3939, 3940, 3950, 3949, 4039, 4040, 4050, 4049,
  1328, 3941, 3951, 1331, 1358, 4041, 4051, 1361,
  3941, 3942, 3952, 3951, 4041, 4042, 4052, 4051,
  3942, 3943, 3953, 3952, 4042, 4043, 4053, 4052,
  3943, 3944, 3954, 3953, 4043, 4044, 4054, 4053,
  3944, 3945, 3955, 3954, 4044, 4045, 4055, 4054,
  3945, 3946, 3956, 3955, 4045, 4046, 4056, 4055,
  3946, 3947, 3957, 3956, 4046, 4047, 4057, 4056,
  3947, 3948, 3958, 3957, 4047, 4048, 4058, 4057,
  3948, 3949, 3959, 3958, 4048, 4049, 4059, 4058,
  3949, 3950, 3960, 3959, 4049, 4050, 4060, 4059,
  1331, 3951, 3961, 1334, 1361, 4051, 4061, 1364,
  3951, 3952, 3962, 3961, 4051, 4052, 4062, 4061,
  3952, 3953, 3963, 3962, 4052, 4053, 4063, 4062,
  3953, 3954, 3964, 3963, 4053, 4054, 4064, 4063,
  3954, 3955, 3965, 3964, 4054, 4055, 4065, 4064,
  3955, 3956, 3966, 3965, 4055, 4056, 4066, 4065,
  3956, 3957, 3967, 3966, 4056, 4057, 4067, 4066,
  3957, 3958, 3968, 3967, 4057, 4058, 4068, 4067,
  3958, 3959, 3969, 3968, 4058, 4059, 4069, 4068,
  3959, 3960, 3970, 3969, 4059, 4060, 4070, 4069,
  1334, 3961, 3971, 1337, 1364, 4061, 4071, 1367,
  3961, 3962, 3972, 3971, 4061, 4062, 4072, 4071,
  3962, 3963, 3973, 3972, 4062, 4063, 4073, 4072,
  3963, 3964, 3974, 3973, 4063, 4064, 4074, 4073,
  3964, 3965, 3975, 3974, 4064, 4065, 4075, 4074,
  3965, 3966, 3976, 3975, 4065, 4066, 4076, 4075,
  3966, 3967, 3977, 3976, 4066, 4067, 4077, 4076,
  3967, 3968, 3978, 3977, 4067, 4068, 4078, 4077,
  3968, 3969, 3979, 3978, 4068, 4069, 4079, 4078,
  3969, 3970, 3980, 3979, 4069, 4070, 4080, 4079,
  1337, 3971, 3981, 1340, 1367, 4071, 4081, 1370,
  3971, 3972, 3982, 3981, 4071, 4072, 4082, 4081,
  3972, 3973, 3983, 3982, 4072, 4073, 4083, 4082,
  3973, 3974, 3984, 3983, 4073, 4074, 4084, 4083,
  3974, 3975, 3985, 3984, 4074, 4075, 4085, 4084,
  3975, 3976, 3986, 3985, 4075, 4076, 4086, 4085,
  3976, 3977, 3987, 3986, 4076, 4077, 4087, 4086,
  3977, 3978, 3988, 3987, 4077, 4078, 4088, 4087,
  3978, 3979, 3989, 3988, 4078, 4079, 4089, 4088,
  3979, 3980, 3990, 3989, 4079, 4080, 4090, 4089,
  988, 2645, 3991, 1343, 994, 2641, 4091, 1373,
  2645, 2667, 3992, 3991, 2641, 2663, 4092, 4091,
  2667, 2689, 3993, 3992, 2663, 2685, 4093, 4092,
  2689, 2711, 3994, 3993, 2685, 2707, 4094, 4093,
  2711, 2733, 3995, 3994, 2707, 2729, 4095, 4094,
  2733, 2755, 3996, 3995, 2729, 2751, 4096, 4095,
  2755, 2777, 3997, 3996, 2751, 2773, 4097, 4096,
  2777, 2799, 3998, 3997, 2773, 2795, 4098, 4097,
  2799, 2821, 3999, 3998, 2795, 2817, 4099, 4098,
  2821, 2843, 4000, 3999, 2817, 2839, 4100, 4099,
  1343, 3991, 4001, 1346, 1373, 4091, 4101, 1376,
  3991, 3992, 4002, 4001, 4091, 4092, 4102, 4101,
  3992, 3993, 4003, 4002, 4092, 4093, 4103, 4102,
  3993, 3994, 4004, 4003, 4093, 4094, 4104, 4103,
  3994, 3995, 4005, 4004, 4094, 4095, 4105, 4104,
  3995, 3996, 4006, 4005, 4095, 4096, 4106, 4105,
  3996, 3997, 4007, 4006, 4096, 4097, 4107, 4106,
  3997, 3998, 4008, 4007, 4097, 4098, 4108, 4107,
  3998, 3999, 4009, 4008, 4098, 4099, 4109, 4108,
  3999, 4000, 4010, 4009, 4099, 4100, 4110, 4109,
  1346, 4001, 4011, 1349, 1376, 4101, 4111, 1379,
  4001, 4002, 4012, 4011, 4101, 4102, 4112, 4111,
  4002, 4003, 4013, 4012, 4102, 4103, 4113, 4112,
  4003, 4004, 4014, 4013, 4103, 4104, 4114, 4113,
  4004, 4005, 4015, 4014, 4104, 4105, 4115, 4114,
  4005, 4006, 4016, 4015, 4105, 4106, 4116, 4115,
  4006, 4007, 4017, 4016, 4106, 4107, 4117, 4116,
  4007, 4008, 4018, 4017, 4107, 4108, 4118, 4117,
  4008, 4009, 4019, 4018, 4108, 4109, 4119, 4118,
  4009, 4010, 4020, 4019, 4109, 4110, 4120, 4119,
  1349, 4011, 4021, 1352, 1379, 4111, 4121, 1382,
  4011, 4012, 4022, 4021, 4111, 4112, 4122, 4121,
  4012, 4013, 4023, 4022, 4112, 4113, 4123, 4122,
  4013, 4014, 4024, 4023, 4113, 4114, 4124, 4123,
  4014, 4015, 4025, 4024, 4114, 4115, 4125, 4124,
  4015, 4016, 4026, 4025, 4115, 4116, 4126, 4125,
  4016, 4017, 4027, 4026, 4116, 4117, 4127, 4126,
  4017, 4018, 4028, 4027, 4117, 4118, 4128, 4127,
  4018, 4019, 4029, 4028, 4118, 4119, 4129, 4128,
  4019, 4020, 4030, 4029, 4119, 4120, 4130, 4129,
  1352, 4021, 4031, 1355, 1382, 4121, 4131, 1385,
  4021, 4022, 4032, 4031, 4121, 4122, 4132, 4131,
  4022, 4023, 4033, 4032, 4122, 4123, 4133, 4132,
  4023, 4024, 4034, 4033, 4123, 4124, 4134, 4133,
  4024, 4025, 4035, 4034, 4124, 4125, 4135, 4134,
  4025, 4026, 4036, 4035, 4125, 4126, 4136, 4135,
  4026, 4027, 4037, 4036, 4126, 4127, 4137, 4136,
  4027, 4028, 4038, 4037, 4127, 4128, 4138, 4137,
  4028, 4029, 4039, 4038, 4128, 4129, 4139, 4138,
  4029, 4030, 4040, 4039, 4129, 4130, 4140, 4139,
  1355, 4031, 4041, 1358, 1385, 4131, 4141, 1388,
  4031, 4032, 4042, 4041, 4131, 4132, 4142, 4141,
  4032, 4033, 4043, 4042, 4132, 4133, 4143, 4142,
  4033, 4034, 4044, 4043, 4133, 4134, 4144, 4143,
  4034, 4035, 4045, 4044, 4134, 4135, 4145, 4144,
  4035, 4036, 4046, 4045, 4135, 4136, 4146, 4145,
  4036, 4037, 4047, 4046, 4136, 4137, 4147, 4146,
  4037, 4038, 4048, 4047, 4137, 4138, 4148, 4147,
  4038, 4039, 4049, 4048, 4138, 4139, 4149, 4148,
  4039, 4040, 4050, 4049, 4139, 4140, 4150, 4149,
  1358, 4041, 4051, 1361, 1388, 4141, 4151, 1391,
  4041, 4042, 4052, 4051, 4141, 4142, 4152, 4151,
  4042, 4043, 4053, 4052, 4142, 4143, 4153, 4152,
  4043, 4044, 4054, 4053, 4143, 4144, 4154, 4153,
  4044, 4045, 4055, 4054, 4144, 4145, 4155, 4154,
  4045, 4046, 4056, 4055, 4145, 4146, 4156, 4155,
  4046, 4047, 4057, 4056, 4146, 4147, 4157, 4156,
  4047, 4048, 4058, 4057, 4147, 4148, 4158, 4157,
  4048, 4049, 4059, 4058, 4148, 4149, 4159, 4158,
  4049, 4050, 4060, 4059, 4149, 4150, 4160, 4159,
  1361, 4051, 4061, 1364, 1391, 4151, 4161, 1394,
  4051, 4052, 4062, 4061, 4151, 4152, 4162, 4161,
  4052, 4053, 4063, 4062, 4152, 4153, 4163, 4162,
  4053, 4054, 4064, 4063, 4153, 4154, 4164, 4163,
  4054, 4055, 4065, 4064, 4154, 4155, 4165, 4164,
  4055, 4056, 4066, 4065, 4155, 4156, 4166, 4165,
  4056, 4057, 4067, 4066, 4156, 4157, 4167, 4166,
  4057, 4058, 4068, 4067, 4157, 4158, 4168, 4167,
  4058, 4059, 4069, 4068, 4158, 4159, 4169, 4168,
  4059, 4060, 4070, 4069, 4159, 4160, 4170, 4169,
  1364, 4061, 4071, 1367, 1394, 4161, 4171, 1397,
  4061, 4062, 4072, 4071, 4161, 4162, 4172, 4171,
  4062, 4063, 4073, 4072, 4162, 4163, 4173, 4172,
  4063, 4064, 4074, 4073, 4163, 4164, 4174, 4173,
  4064, 4065, 4075, 4074, 4164, 4165, 4175, 4174,
  4065, 4066, 4076, 4075, 4165, 4166, 4176, 4175,
  4066, 4067, 4077, 4076, 4166, 4167, 4177, 4176,
  4067, 4068, 4078, 4077, 4167, 4168, 4178, 4177,
  4068, 4069, 4079, 4078, 4168, 4169, 4179, 4178,
  4069, 4070, 4080, 4079, 4169, 4170, 4180, 4179,
  1367, 4071, 4081, 1370, 1397, 4171, 4181, 1400,
  4071, 4072, 4082, 4081, 4171, 4172, 4182, 4181,
  4072, 4073, 4083, 4082, 4172, 4173, 4183, 4182,
  4073, 4074, 4084, 4083, 4173, 4174, 4184, 4183,
  4074, 4075, 4085, 4084, 4174, 4175, 4185, 4184,
  4075, 4076, 4086, 4085, 4175, 4176, 4186, 4185,
  4076, 4077, 4087, 4086, 4176, 4177, 4187, 4186,
  4077, 4078, 4088, 4087, 4177, 4178, 4188, 4187,
  4078, 4079, 4089, 4088, 4178, 4179, 4189, 4188,
  4079, 4080, 4090, 4089, 4179, 4180, 4190, 4189,
  994, 2641, 4091, 1373, 1000, 2642, 4191, 1403,
  2641, 2663, 4092, 4091, 2642, 2664, 4192, 4191,
  2663, 2685, 4093, 4092, 2664, 2686, 4193, 4192,
  2685, 2707, 4094, 4093, 2686, 2708, 4194, 4193,
  2707, 2729, 4095, 4094, 2708, 2730, 4195, 4194,
  2729, 2751, 4096, 4095, 2730, 2752, 4196, 4195,
  2751, 2773, 4097, 4096, 2752, 2774, 4197, 4196,
  2773, 2795, 4098, 4097, 2774, 2796, 4198, 4197,
  2795, 2817, 4099, 4098, 2796, 2818, 4199, 4198,
  2817, 2839, 4100, 4099, 2818, 2840, 4200, 4199,
  1373, 4091, 4101, 1376, 1403, 4191, 4201, 1406,
  4091, 4092, 4102, 4101, 4191, 4192, 4202, 4201,
  4092, 4093, 4103, 4102, 4192, 4193, 4203, 4202,
  4093, 4094, 4104, 4103, 4193, 4194, 4204, 4203,
  4094, 4095, 4105, 4104, 4194, 4195, 4205, 4204,
  4095, 4096, 4106, 4105, 4195, 4196, 4206, 4205,
  4096, 4097, 4107, 4106, 4196, 4197, 4207, 4206,
  4097, 4098, 4108, 4107, 4197, 4198, 4208, 4207,
  4098, 4099, 4109, 4108, 4198, 4199, 4209, 4208,
  4099, 4100, 4110, 4109, 4199, 4200, 4210, 4209,
  1376, 4101, 4111, 1379, 1406, 4201, 4211, 1409,
  4101, 4102, 4112, 4111, 4201, 4202, 4212, 4211,
  4102, 4103, 4113, 4112, 4202, 4203, 4213, 4212,
  4103, 4104, 4114, 4113, 4203, 4204, 4214, 4213,
  4104, 4105, 4115, 4114, 4204, 4205, 4215, 4214,
  4105, 4106, 4116, 4115, 4205, 4206, 4216, 4215,
  4106, 4107, 4117, 4116, 4206, 4207, 4217, 4216,
  4107, 4108, 4118, 4117, 4207, 4208, 4218, 4217,
  4108, 4109, 4119, 4118, 4208, 4209, 4219, 4218,
  4109, 4110, 4120, 4119, 4209, 4210, 4220, 4219,
  1379, 4111, 4121, 1382, 1409, 4211, 4221, 1412,
  4111, 4112, 4122, 4121, 4211, 4212, 4222, 4221,
  4112, 4113, 4123, 4122, 4212, 4213, 4223, 4222,
  4113, 4114, 4124, 4123, 4213, 4214, 4224, 4223,
  4114, 4115, 4125, 4124, 4214, 4215, 4225, 4224,
  4115, 4116, 4126, 4125, 4215, 4216, 4226, 4225,
  4116, 4117, 4127, 4126, 4216, 4217, 4227, 4226,
  4117, 4118, 4128, 4127, 4217, 4218, 4228, 4227,
  4118, 4119, 4129, 4128, 4218, 4219, 4229, 4228,
  4119, 4120, 4130, 4129, 4219, 4220, 4230, 4229,
  1382, 4121, 4131, 1385, 1412, 4221, 4231, 1415,
  4121, 4122, 4132, 4131, 4221, 4222, 4232, 4231,
  4122, 4123, 4133, 4132, 4222, 4223, 4233, 4232,
  4123, 4124, 4134, 4133, 4223, 4224, 4234, 4233,
  4124, 4125, 4135, 4134, 4224, 4225, 4235, 4234,
  4125, 4126, 4136, 4135, 4225, 4226, 4236, 4235,
  4126, 4127, 4137, 4136, 4226, 4227, 4237, 4236,
  4127, 4128, 4138, 4137, 4227, 4228, 4238, 4237,
  4128, 4129, 4139, 4138, 4228, 4229, 4239, 4238,
  4129, 4130, 4140, 4139, 4229, 4230, 4240, 4239,
  1385, 4131, 4141, 1388, 1415, 4231, 4241, 1418,
  4131, 4132, 4142, 4141, 4231, 4232, 4242, 4241,
  4132, 4133, 4143, 4142, 4232, 4233, 4243, 4242,
  4133, 4134, 4144, 4143, 4233, 4234, 4244, 4243,
  4134, 4135, 4145, 4144, 4234, 4235, 4245, 4244,
  4135, 4136, 4146, 4145, 4235, 4236, 4246, 4245,
  4136, 4137, 4147, 4146, 4236, 4237, 4247, 4246,
  4137, 4138, 4148, 4147, 4237, 4238, 4248, 4247,
  4138, 4139, 4149, 4148, 4238, 4239, 4249, 4248,
  4139, 4140, 4150, 4149, 4239, 4240, 4250, 4249,
  1388, 4141, 4151, 1391, 1418, 4241, 4251, 1421,
  4141, 4142, 4152, 4151, 4241, 4242, 4252, 4251,
  4142, 4143, 4153, 4152, 4242, 4243, 4253, 4252,
  4143, 4144, 4154, 4153, 4243, 4244, 4254, 4253,
  4144, 4145, 4155, 4154, 4244, 4245, 4255, 4254,
  4145, 4146, 4156, 4155, 4245, 4246, 4256, 4255,
  4146, 4147, 4157, 4156, 4246, 4247, 4257, 4256,
  4147, 4148, 4158, 4157, 4247, 4248, 4258, 4257,
  4148, 4149, 4159, 4158, 4248, 4249, 4259, 4258,
  4149, 4150, 4160, 4159, 4249, 4250, 4260, 4259,
  1391, 4151, 4161, 1394, 1421, 4251, 4261, 1424,
  4151, 4152, 4162, 4161, 4251, 4252, 4262, 4261,
  4152, 4153, 4163, 4162, 4252, 4253, 4263, 4262,
  4153, 4154, 4164, 4163, 4253, 4254, 4264, 4263,
  4154, 4155, 4165, 4164, 4254, 4255, 4265, 4264,
  4155, 4156, 4166, 4165, 4255, 4256, 4266, 4265,
  4156, 4157, 4167, 4166, 4256, 4257, 4267, 4266,
  4157, 4158, 4168, 4167, 4257, 4258, 4268, 4267,
  4158, 4159, 4169, 4168, 4258, 4259, 4269, 4268,
  4159, 4160, 4170, 4169, 4259, 4260, 4270, 4269,
  1394, 4161, 4171, 1397, 1424, 4261, 4271, 1427,
  4161, 4162, 4172, 4171, 4261, 4262, 4272, 4271,
  4162, 4163, 4173, 4172, 4262, 4263, 4273, 4272,
  4163, 4164, 4174, 4173, 4263, 4264, 4274, 4273,
  4164, 4165, 4175, 4174, 4264, 4265, 4275, 4274,
  4165, 4166, 4176, 4175, 4265, 4266, 4276, 4275,
  4166, 4167, 4177, 4176, 4266, 4267, 4277, 4276,
  4167, 4168, 4178, 4177, 4267, 4268, 4278, 4277,
  4168, 4169, 4179, 4178, 4268, 4269, 4279, 4278,
  4169, 4170, 4180, 4179, 4269, 4270, 4280, 4279,
  1397, 4171, 4181, 1400, 1427, 4271, 4281, 1430,
  4171, 4172, 4182, 4181, 4271, 4272, 4282, 4281,
  4172, 4173, 4183, 4182, 4272, 4273, 4283, 4282,
  4173, 4174, 4184, 4183, 4273, 4274, 4284, 4283,
  4174, 4175, 4185, 4184, 4274, 4275, 4285, 4284,
  4175, 4176, 4186, 4185, 4275, 4276, 4286, 4285,
  4176, 4177, 4187, 4186, 4276, 4277, 4287, 4286,
  4177, 4178, 4188, 4187, 4277, 4278, 4288, 4287,
  4178, 4179, 4189, 4188, 4278, 4279, 4289, 4288,
  4179, 4180, 4190, 4189, 4279, 4280, 4290, 4289 ;

 connect2 =
  42, 41, 4291, 4292, 44, 43, 4293, 4294,
  4292, 4291, 4295, 4296, 4294, 4293, 4297, 4298,
  4296, 4295, 4299, 4300, 4298, 4297, 4301, 4302,
  4300, 4299, 4303, 4304, 4302, 4301, 4305, 4306,
  4304, 4303, 4307, 4308, 4306, 4305, 4309, 4310,
  4308, 4307, 4311, 4312, 4310, 4309, 4313, 4314,
  4312, 4311, 4315, 4316, 4314, 4313, 4317, 4318,
  4316, 4315, 4319, 4320, 4318, 4317, 4321, 4322,
  4320, 4319, 4323, 4324, 4322, 4321, 4325, 4326,
  4324, 4323, 4327, 4328, 4326, 4325, 4329, 4330,
  44, 43, 4293, 4294, 66, 65, 4331, 4332,
  4294, 4293, 4297, 4298, 4332, 4331, 4333, 4334,
  4298, 4297, 4301, 4302, 4334, 4333, 4335, 4336,
  4302, 4301, 4305, 4306, 4336, 4335, 4337, 4338,
  4306, 4305, 4309, 4310, 4338, 4337, 4339, 4340,
  4310, 4309, 4313, 4314, 4340, 4339, 4341, 4342,
  4314, 4313, 4317, 4318, 4342, 4341, 4343, 4344,
  4318, 4317, 4321, 4322, 4344, 4343, 4345, 4346,
  4322, 4321, 4325, 4326, 4346, 4345, 4347, 4348,
  4326, 4325, 4329, 4330, 4348, 4347, 4349, 4350,
  66, 65, 4331, 4332, 88, 87, 4351, 4352,
  4332, 4331, 4333, 4334, 4352, 4351, 4353, 4354,
  4334, 4333, 4335, 4336, 4354, 4353, 4355, 4356,
  4336, 4335, 4337, 4338, 4356, 4355, 4357, 4358,
  4338, 4337, 4339, 4340, 4358, 4357, 4359, 4360,
  4340, 4339, 4341, 4342, 4360, 4359, 4361, 4362,
  4342, 4341, 4343, 4344, 4362, 4361, 4363, 4364,
  4344, 4343, 4345, 4346, 4364, 4363, 4365, 4366,
  4346, 4345, 4347, 4348, 4366, 4365, 4367, 4368,
  4348, 4347, 4349, 4350, 4368, 4367, 4369, 4370,
  88, 87, 4351, 4352, 110, 109, 4371, 4372,
  4352, 4351, 4353, 4354, 4372, 4371, 4373, 4374,
  4354, 4353, 4355, 4356, 4374, 4373, 4375, 4376,
  4356, 4355, 4357, 4358, 4376, 4375, 4377, 4378,
  4358, 4357, 4359, 4360, 4378, 4377, 4379, 4380,
  4360, 4359, 4361, 4362, 4380, 4379, 4381, 4382,
  4362, 4361, 4363, 4364, 4382, 4381, 4383, 4384,
  4364, 4363, 4365, 4366, 4384, 4383, 4385, 4386,
  4366, 4365, 4367, 4368, 4386, 4385, 4387, 4388,
  4368, 4367, 4369, 4370, 4388, 4387, 4389, 4390,
  110, 109, 4371, 4372, 132, 131, 4391, 4392,
  4372, 4371, 4373, 4374, 4392, 4391, 4393, 4394,
  4374, 4373, 4375, 4376, 4394, 4393, 4395, 4396,
  4376, 4375, 4377, 4378, 4396, 4395, 4397, 4398,
  4378, 4377, 4379, 4380, 4398, 4397, 4399, 4400,
  4380, 4379, 4381, 4382, 4400, 4399, 4401, 4402,
  4382, 4381, 4383, 4384, 4402, 4401, 4403, 4404,
  4384, 4383, 4385, 4386, 4404, 4403, 4405, 4406,
  4386, 4385, 4387, 4388, 4406, 4405, 4407, 4408,
  4388, 4387, 4389, 4390, 4408, 4407, 4409, 4410,
  132, 131, 4391, 4392, 154, 153, 4411, 4412,
  4392, 4391, 4393, 4394, 4412, 4411, 4413, 4414,
  4394, 4393, 4395, 4396, 4414, 4413, 4415, 4416,
  4396, 4395, 4397, 4398, 4416, 4415, 4417, 4418,
  4398, 4397, 4399, 4400, 4418, 4417, 4419, 4420,
  4400, 4399, 4401, 4402, 4420, 4419, 4421, 4422,
  4402, 4401, 4403, 4404, 4422, 4421, 4423, 4424,
  4404, 4403, 4405, 4406, 4424, 4423, 4425, 4426,
  4406, 4405, 4407, 4408, 4426, 4425, 4427, 4428,
  4408, 4407, 4409, 4410, 4428, 4427, 4429, 4430,
  154, 153, 4411, 4412, 176, 175, 4431, 4432,
  4412, 4411, 4413, 4414, 4432, 4431, 4433, 4434,
  4414, 4413, 4415, 4416, 4434, 4433, 4435, 4436,
  4416, 4415, 4417, 4418, 4436, 4435, 4437, 4438,
  4418, 4417, 4419, 4420, 4438, 4437, 4439, 4440,
  4420, 4419, 4421, 4422, 4440, 4439, 4441, 4442,
  4422, 4421, 4423, 4424, 4442, 4441, 4443, 4444,
  4424, 4423, 4425, 4426, 4444, 4443, 4445, 4446,
  4426, 4425, 4427, 4428, 4446, 4445, 4447, 4448,
  4428, 4427, 4429, 4430, 4448, 4447, 4449, 4450,
  176, 175, 4431, 4432, 198, 197, 4451, 4452,
  4432, 4431, 4433, 4434, 4452, 4451, 4453, 4454,
  4434, 4433, 4435, 4436, 4454, 4453, 4455, 4456,
  4436, 4435, 4437, 4438, 4456, 4455, 4457, 4458,
  4438, 4437, 4439, 4440, 4458, 4457, 4459, 4460,
  4440, 4439, 4441, 4442, 4460, 4459, 4461, 4462,
  4442, 4441, 4443, 4444, 4462, 4461, 4463, 4464,
  4444, 4443, 4445, 4446, 4464, 4463, 4465, 4466,
  4446, 4445, 4447, 4448, 4466, 4465, 4467, 4468,
  4448, 4447, 4449, 4450, 4468, 4467, 4469, 4470,
  198, 197, 4451, 4452, 220, 219, 4471, 4472,
  4452, 4451, 4453, 4454, 4472, 4471, 4473, 4474,
  4454, 4453, 4455, 4456, 4474, 4473, 4475, 4476,
  4456, 4455, 4457, 4458, 4476, 4475, 4477, 4478,
  4458, 4457, 4459, 4460, 4478, 4477, 4479, 4480,
  4460, 4459, 4461, 4462, 4480, 4479, 4481, 4482,
  4462, 4461, 4463, 4464, 4482, 4481, 4483, 4484,
  4464, 4463, 4465, 4466, 4484, 4483, 4485, 4486,
  4466, 4465, 4467, 4468, 4486, 4485, 4487, 4488,
  4468, 4467, 4469, 4470, 4488, 4487, 4489, 4490,
  220, 219, 4471, 4472, 242, 241, 4491, 4492,
  4472, 4471, 4473, 4474, 4492, 4491, 4493, 4494,
  4474, 4473, 4475, 4476, 4494, 4493, 4495, 4496,
  4476, 4475, 4477, 4478, 4496, 4495, 4497, 4498,
  4478, 4477, 4479, 4480, 4498, 4497, 4499, 4500,
  4480, 4479, 4481, 4482, 4500, 4499, 4501, 4502,
  4482, 4481, 4483, 4484, 4502, 4501, 4503, 4504,
  4484, 4483, 4485, 4486, 4504, 4503, 4505, 4506,
  4486, 4485, 4487, 4488, 4506, 4505, 4507, 4508,
  4488, 4487, 4489, 4490, 4508, 4507, 4509, 4510,
  241, 343, 4511, 4491, 242, 344, 4512, 4492,
  343, 345, 4513, 4511, 344, 346, 4514, 4512,
  345, 347, 4515, 4513, 346, 348, 4516, 4514,
  347, 349, 4517, 4515, 348, 350, 4518, 4516,
  349, 351, 4519, 4517, 350, 352, 4520, 4518,
  4491, 4511, 4521, 4493, 4492, 4512, 4522, 4494,
  4511, 4513, 4523, 4521, 4512, 4514, 4524, 4522,
  4513, 4515, 4525, 4523, 4514, 4516, 4526, 4524,
  4515, 4517, 4527, 4525, 4516, 4518, 4528, 4526,
  4517, 4519, 4529, 4527, 4518, 4520, 4530, 4528,
  4493, 4521, 4531, 4495, 4494, 4522, 4532, 4496,
  4521, 4523, 4533, 4531, 4522, 4524, 4534, 4532,
  4523, 4525, 4535, 4533, 4524, 4526, 4536, 4534,
  4525, 4527, 4537, 4535, 4526, 4528, 4538, 4536,
  4527, 4529, 4539, 4537, 4528, 4530, 4540, 4538,
  4495, 4531, 4541, 4497, 4496, 4532, 4542, 4498,
  4531, 4533, 4543, 4541, 4532, 4534, 4544, 4542,
  4533, 4535, 4545, 4543, 4534, 4536, 4546, 4544,
  4535, 4537, 4547, 4545, 4536, 4538, 4548, 4546,
  4537, 4539, 4549, 4547, 4538, 4540, 4550, 4548,
  4497, 4541, 4551, 4499, 4498, 4542, 4552, 4500,
  4541, 4543, 4553, 4551, 4542, 4544, 4554, 4552,
  4543, 4545, 4555, 4553, 4544, 4546, 4556, 4554,
  4545, 4547, 4557, 4555, 4546, 4548, 4558, 4556,
  4547, 4549, 4559, 4557, 4548, 4550, 4560, 4558,
  4499, 4551, 4561, 4501, 4500, 4552, 4562, 4502,
  4551, 4553, 4563, 4561, 4552, 4554, 4564, 4562,
  4553, 4555, 4565, 4563, 4554, 4556, 4566, 4564,
  4555, 4557, 4567, 4565, 4556, 4558, 4568, 4566,
  4557, 4559, 4569, 4567, 4558, 4560, 4570, 4568,
  4501, 4561, 4571, 4503, 4502, 4562, 4572, 4504,
  4561, 4563, 4573, 4571, 4562, 4564, 4574, 4572,
  4563, 4565, 4575, 4573, 4564, 4566, 4576, 4574,
  4565, 4567, 4577, 4575, 4566, 4568, 4578, 4576,
  4567, 4569, 4579, 4577, 4568, 4570, 4580, 4578,
  4503, 4571, 4581, 4505, 4504, 4572, 4582, 4506,
  4571, 4573, 4583, 4581, 4572, 4574, 4584, 4582,
  4573, 4575, 4585, 4583, 4574, 4576, 4586, 4584,
  4575, 4577, 4587, 4585, 4576, 4578, 4588, 4586,
  4577, 4579, 4589, 4587, 4578, 4580, 4590, 4588,
  4505, 4581, 4591, 4507, 4506, 4582, 4592, 4508,
  4581, 4583, 4593, 4591, 4582, 4584, 4594, 4592,
  4583, 4585, 4595, 4593, 4584, 4586, 4596, 4594,
  4585, 4587, 4597, 4595, 4586, 4588, 4598, 4596,
  4587, 4589, 4599, 4597, 4588, 4590, 4600, 4598,
  4507, 4591, 4601, 4509, 4508, 4592, 4602, 4510,
  4591, 4593, 4603, 4601, 4592, 4594, 4604, 4602,
  4593, 4595, 4605, 4603, 4594, 4596, 4606, 4604,
  4595, 4597, 4607, 4605, 4596, 4598, 4608, 4606,
  4597, 4599, 4609, 4607, 4598, 4600, 4610, 4608,
  4611, 4612, 4613, 4614, 4615, 4616, 4617, 4618,
  4614, 4613, 4619, 4620, 4618, 4617, 4621, 4622,
  4620, 4619, 4623, 4624, 4622, 4621, 4625, 4626,
  4624, 4623, 4627, 4628, 4626, 4625, 4629, 4630,
  4628, 4627, 4631, 4632, 4630, 4629, 4633, 4634,
  4632, 4631, 4635, 4636, 4634, 4633, 4637, 4638,
  4636, 4635, 4639, 4640, 4638, 4637, 4641, 4642,
  4640, 4639, 4643, 4644, 4642, 4641, 4645, 4646,
  4644, 4643, 4647, 4648, 4646, 4645, 4649, 4650,
  4648, 4647, 552, 554, 4650, 4649, 530, 532,
  4615, 4616, 4617, 4618, 4651, 4652, 4653, 4654,
  4618, 4617, 4621, 4622, 4654, 4653, 4655, 4656,
  4622, 4621, 4625, 4626, 4656, 4655, 4657, 4658,
  4626, 4625, 4629, 4630, 4658, 4657, 4659, 4660,
  4630, 4629, 4633, 4634, 4660, 4659, 4661, 4662,
  4634, 4633, 4637, 4638, 4662, 4661, 4663, 4664,
  4638, 4637, 4641, 4642, 4664, 4663, 4665, 4666,
  4642, 4641, 4645, 4646, 4666, 4665, 4667, 4668,
  4646, 4645, 4649, 4650, 4668, 4667, 4669, 4670,
  4650, 4649, 530, 532, 4670, 4669, 508, 510,
  4651, 4652, 4653, 4654, 4671, 4672, 4673, 4674,
  4654, 4653, 4655, 4656, 4674, 4673, 4675, 4676,
  4656, 4655, 4657, 4658, 4676, 4675, 4677, 4678,
  4658, 4657, 4659, 4660, 4678, 4677, 4679, 4680,
  4660, 4659, 4661, 4662, 4680, 4679, 4681, 4682,
  4662, 4661, 4663, 4664, 4682, 4681, 4683, 4684,
  4664, 4663, 4665, 4666, 4684, 4683, 4685, 4686,
  4666, 4665, 4667, 4668, 4686, 4685, 4687, 4688,
  4668, 4667, 4669, 4670, 4688, 4687, 4689, 4690,
  4670, 4669, 508, 510, 4690, 4689, 486, 488,
  4671, 4672, 4673, 4674, 4691, 4692, 4693, 4694,
  4674, 4673, 4675, 4676, 4694, 4693, 4695, 4696,
  4676, 4675, 4677, 4678, 4696, 4695, 4697, 4698,
  4678, 4677, 4679, 4680, 4698, 4697, 4699, 4700,
  4680, 4679, 4681, 4682, 4700, 4699, 4701, 4702,
  4682, 4681, 4683, 4684, 4702, 4701, 4703, 4704,
  4684, 4683, 4685, 4686, 4704, 4703, 4705, 4706,
  4686, 4685, 4687, 4688, 4706, 4705, 4707, 4708,
  4688, 4687, 4689, 4690, 4708, 4707, 4709, 4710,
  4690, 4689, 486, 488, 4710, 4709, 464, 466,
  4691, 4692, 4693, 4694, 4711, 4712, 4713, 4714,
  4694, 4693, 4695, 4696, 4714, 4713, 4715, 4716,
  4696, 4695, 4697, 4698, 4716, 4715, 4717, 4718,
  4698, 4697, 4699, 4700, 4718, 4717, 4719, 4720,
  4700, 4699, 4701, 4702, 4720, 4719, 4721, 4722,
  4702, 4701, 4703, 4704, 4722, 4721, 4723, 4724,
  4704, 4703, 4705, 4706, 4724, 4723, 4725, 4726,
  4706, 4705, 4707, 4708, 4726, 4725, 4727, 4728,
  4708, 4707, 4709, 4710, 4728, 4727, 4729, 4730,
  4710, 4709, 464, 466, 4730, 4729, 442, 444,
  4711, 4712, 4713, 4714, 4731, 4732, 4733, 4734,
  4714, 4713, 4715, 4716, 4734, 4733, 4735, 4736,
  4716, 4715, 4717, 4718, 4736, 4735, 4737, 4738,
  4718, 4717, 4719, 4720, 4738, 4737, 4739, 4740,
  4720, 4719, 4721, 4722, 4740, 4739, 4741, 4742,
  4722, 4721, 4723, 4724, 4742, 4741, 4743, 4744,
  4724, 4723, 4725, 4726, 4744, 4743, 4745, 4746,
  4726, 4725, 4727, 4728, 4746, 4745, 4747, 4748,
  4728, 4727, 4729, 4730, 4748, 4747, 4749, 4750,
  4730, 4729, 442, 444, 4750, 4749, 420, 422,
  4731, 4732, 4733, 4734, 4751, 4752, 4753, 4754,
  4734, 4733, 4735, 4736, 4754, 4753, 4755, 4756,
  4736, 4735, 4737, 4738, 4756, 4755, 4757, 4758,
  4738, 4737, 4739, 4740, 4758, 4757, 4759, 4760,
  4740, 4739, 4741, 4742, 4760, 4759, 4761, 4762,
  4742, 4741, 4743, 4744, 4762, 4761, 4763, 4764,
  4744, 4743, 4745, 4746, 4764, 4763, 4765, 4766,
  4746, 4745, 4747, 4748, 4766, 4765, 4767, 4768,
  4748, 4747, 4749, 4750, 4768, 4767, 4769, 4770,
  4750, 4749, 420, 422, 4770, 4769, 398, 400,
  4751, 4752, 4753, 4754, 4771, 4772, 4773, 4774,
  4754, 4753, 4755, 4756, 4774, 4773, 4775, 4776,
  4756, 4755, 4757, 4758, 4776, 4775, 4777, 4778,
  4758, 4757, 4759, 4760, 4778, 4777, 4779, 4780,
  4760, 4759, 4761, 4762, 4780, 4779, 4781, 4782,
  4762, 4761, 4763, 4764, 4782, 4781, 4783, 4784,
  4764, 4763, 4765, 4766, 4784, 4783, 4785, 4786,
  4766, 4765, 4767, 4768, 4786, 4785, 4787, 4788,
  4768, 4767, 4769, 4770, 4788, 4787, 4789, 4790,
  4770, 4769, 398, 400, 4790, 4789, 376, 378,
  4771, 4772, 4773, 4774, 4791, 4792, 4793, 4794,
  4774, 4773, 4775, 4776, 4794, 4793, 4795, 4796,
  4776, 4775, 4777, 4778, 4796, 4795, 4797, 4798,
  4778, 4777, 4779, 4780, 4798, 4797, 4799, 4800,
  4780, 4779, 4781, 4782, 4800, 4799, 4801, 4802,
  4782, 4781, 4783, 4784, 4802, 4801, 4803, 4804,
  4784, 4783, 4785, 4786, 4804, 4803, 4805, 4806,
  4786, 4785, 4787, 4788, 4806, 4805, 4807, 4808,
  4788, 4787, 4789, 4790, 4808, 4807, 4809, 4810,
  4790, 4789, 376, 378, 4810, 4809, 354, 356,
  4791, 4792, 4793, 4794, 4610, 4609, 4599, 4600,
  4794, 4793, 4795, 4796, 4600, 4599, 4589, 4590,
  4796, 4795, 4797, 4798, 4590, 4589, 4579, 4580,
  4798, 4797, 4799, 4800, 4580, 4579, 4569, 4570,
  4800, 4799, 4801, 4802, 4570, 4569, 4559, 4560,
  4802, 4801, 4803, 4804, 4560, 4559, 4549, 4550,
  4804, 4803, 4805, 4806, 4550, 4549, 4539, 4540,
  4806, 4805, 4807, 4808, 4540, 4539, 4529, 4530,
  4808, 4807, 4809, 4810, 4530, 4529, 4519, 4520,
  4810, 4809, 354, 356, 4520, 4519, 351, 352,
  794, 793, 4811, 4812, 796, 795, 4813, 4814,
  793, 797, 4815, 4811, 795, 798, 4816, 4813,
  797, 799, 4817, 4815, 798, 800, 4818, 4816,
  799, 801, 4819, 4817, 800, 802, 4820, 4818,
  801, 803, 4821, 4819, 802, 804, 4822, 4820,
  803, 805, 4823, 4821, 804, 806, 4824, 4822,
  805, 807, 4825, 4823, 806, 808, 4826, 4824,
  807, 809, 4827, 4825, 808, 810, 4828, 4826,
  809, 811, 4829, 4827, 810, 812, 4830, 4828,
  811, 813, 4831, 4829, 812, 814, 4832, 4830,
  4812, 4811, 4833, 4834, 4814, 4813, 4835, 4836,
  4811, 4815, 4837, 4833, 4813, 4816, 4838, 4835,
  4815, 4817, 4839, 4837, 4816, 4818, 4840, 4838,
  4817, 4819, 4841, 4839, 4818, 4820, 4842, 4840,
  4819, 4821, 4843, 4841, 4820, 4822, 4844, 4842,
  4821, 4823, 4845, 4843, 4822, 4824, 4846, 4844,
  4823, 4825, 4847, 4845, 4824, 4826, 4848, 4846,
  4825, 4827, 4849, 4847, 4826, 4828, 4850, 4848,
  4827, 4829, 4851, 4849, 4828, 4830, 4852, 4850,
  4829, 4831, 4853, 4851, 4830, 4832, 4854, 4852,
  4834, 4833, 4855, 4856, 4836, 4835, 4857, 4858,
  4833, 4837, 4859, 4855, 4835, 4838, 4860, 4857,
  4837, 4839, 4861, 4859, 4838, 4840, 4862, 4860,
  4839, 4841, 4863, 4861, 4840, 4842, 4864, 4862,
  4841, 4843, 4865, 4863, 4842, 4844, 4866, 4864,
  4843, 4845, 4867, 4865, 4844, 4846, 4868, 4866,
  4845, 4847, 4869, 4867, 4846, 4848, 4870, 4868,
  4847, 4849, 4871, 4869, 4848, 4850, 4872, 4870,
  4849, 4851, 4873, 4871, 4850, 4852, 4874, 4872,
  4851, 4853, 4875, 4873, 4852, 4854, 4876, 4874,
  4856, 4855, 4877, 4878, 4858, 4857, 4879, 4880,
  4855, 4859, 4881, 4877, 4857, 4860, 4882, 4879,
  4859, 4861, 4883, 4881, 4860, 4862, 4884, 4882,
  4861, 4863, 4885, 4883, 4862, 4864, 4886, 4884,
  4863, 4865, 4887, 4885, 4864, 4866, 4888, 4886,
  4865, 4867, 4889, 4887, 4866, 4868, 4890, 4888,
  4867, 4869, 4891, 4889, 4868, 4870, 4892, 4890,
  4869, 4871, 4893, 4891, 4870, 4872, 4894, 4892,
  4871, 4873, 4895, 4893, 4872, 4874, 4896, 4894,
  4873, 4875, 4897, 4895, 4874, 4876, 4898, 4896,
  4878, 4877, 4899, 4900, 4880, 4879, 4901, 4902,
  4877, 4881, 4903, 4899, 4879, 4882, 4904, 4901,
  4881, 4883, 4905, 4903, 4882, 4884, 4906, 4904,
  4883, 4885, 4907, 4905, 4884, 4886, 4908, 4906,
  4885, 4887, 4909, 4907, 4886, 4888, 4910, 4908,
  4887, 4889, 4911, 4909, 4888, 4890, 4912, 4910,
  4889, 4891, 4913, 4911, 4890, 4892, 4914, 4912,
  4891, 4893, 4915, 4913, 4892, 4894, 4916, 4914,
  4893, 4895, 4917, 4915, 4894, 4896, 4918, 4916,
  4895, 4897, 4919, 4917, 4896, 4898, 4920, 4918,
  4900, 4899, 4921, 4922, 4902, 4901, 4923, 4924,
  4899, 4903, 4925, 4921, 4901, 4904, 4926, 4923,
  4903, 4905, 4927, 4925, 4904, 4906, 4928, 4926,
  4905, 4907, 4929, 4927, 4906, 4908, 4930, 4928,
  4907, 4909, 4931, 4929, 4908, 4910, 4932, 4930,
  4909, 4911, 4933, 4931, 4910, 4912, 4934, 4932,
  4911, 4913, 4935, 4933, 4912, 4914, 4936, 4934,
  4913, 4915, 4937, 4935, 4914, 4916, 4938, 4936,
  4915, 4917, 4939, 4937, 4916, 4918, 4940, 4938,
  4917, 4919, 4941, 4939, 4918, 4920, 4942, 4940,
  4922, 4921, 4943, 4944, 4924, 4923, 4945, 4946,
  4921, 4925, 4947, 4943, 4923, 4926, 4948, 4945,
  4925, 4927, 4949, 4947, 4926, 4928, 4950, 4948,
  4927, 4929, 4951, 4949, 4928, 4930, 4952, 4950,
  4929, 4931, 4953, 4951, 4930, 4932, 4954, 4952,
  4931, 4933, 4955, 4953, 4932, 4934, 4956, 4954,
  4933, 4935, 4957, 4955, 4934, 4936, 4958, 4956,
  4935, 4937, 4959, 4957, 4936, 4938, 4960, 4958,
  4937, 4939, 4961, 4959, 4938, 4940, 4962, 4960,
  4939, 4941, 4963, 4961, 4940, 4942, 4964, 4962,
  4944, 4943, 4965, 4966, 4946, 4945, 4967, 4968,
  4943, 4947, 4969, 4965, 4945, 4948, 4970, 4967,
  4947, 4949, 4971, 4969, 4948, 4950, 4972, 4970,
  4949, 4951, 4973, 4971, 4950, 4952, 4974, 4972,
  4951, 4953, 4975, 4973, 4952, 4954, 4976, 4974,
  4953, 4955, 4977, 4975, 4954, 4956, 4978, 4976,
  4955, 4957, 4979, 4977, 4956, 4958, 4980, 4978,
  4957, 4959, 4981, 4979, 4958, 4960, 4982, 4980,
  4959, 4961, 4983, 4981, 4960, 4962, 4984, 4982,
  4961, 4963, 4985, 4983, 4962, 4964, 4986, 4984,
  4966, 4965, 4987, 4988, 4968, 4967, 4989, 4990,
  4965, 4969, 4991, 4987, 4967, 4970, 4992, 4989,
  4969, 4971, 4993, 4991, 4970, 4972, 4994, 4992,
  4971, 4973, 4995, 4993, 4972, 4974, 4996, 4994,
  4973, 4975, 4997, 4995, 4974, 4976, 4998, 4996,
  4975, 4977, 4999, 4997, 4976, 4978, 5000, 4998,
  4977, 4979, 5001, 4999, 4978, 4980, 5002, 5000,
  4979, 4981, 5003, 5001, 4980, 4982, 5004, 5002,
  4981, 4983, 5005, 5003, 4982, 4984, 5006, 5004,
  4983, 4985, 5007, 5005, 4984, 4986, 5008, 5006,
  4988, 4987, 5009, 5010, 4990, 4989, 5011, 5012,
  4987, 4991, 5013, 5009, 4989, 4992, 5014, 5011,
  4991, 4993, 5015, 5013, 4992, 4994, 5016, 5014,
  4993, 4995, 5017, 5015, 4994, 4996, 5018, 5016,
  4995, 4997, 5019, 5017, 4996, 4998, 5020, 5018,
  4997, 4999, 5021, 5019, 4998, 5000, 5022, 5020,
  4999, 5001, 5023, 5021, 5000, 5002, 5024, 5022,
  5001, 5003, 5025, 5023, 5002, 5004, 5026, 5024,
  5003, 5005, 5027, 5025, 5004, 5006, 5028, 5026,
  5005, 5007, 5029, 5027, 5006, 5008, 5030, 5028,
  796, 795, 4813, 4814, 926, 925, 5031, 5032,
  795, 798, 4816, 4813, 925, 927, 5033, 5031,
  798, 800, 4818, 4816, 927, 928, 5034, 5033,
  800, 802, 4820, 4818, 928, 929, 5035, 5034,
  802, 804, 4822, 4820, 929, 930, 5036, 5035,
  804, 806, 4824, 4822, 930, 931, 5037, 5036,
  806, 808, 4826, 4824, 931, 932, 5038, 5037,
  808, 810, 4828, 4826, 932, 933, 5039, 5038,
  810, 812, 4830, 4828, 933, 934, 5040, 5039,
  812, 814, 4832, 4830, 934, 935, 5041, 5040,
  4814, 4813, 4835, 4836, 5032, 5031, 5042, 5043,
  4813, 4816, 4838, 4835, 5031, 5033, 5044, 5042,
  4816, 4818, 4840, 4838, 5033, 5034, 5045, 5044,
  4818, 4820, 4842, 4840, 5034, 5035, 5046, 5045,
  4820, 4822, 4844, 4842, 5035, 5036, 5047, 5046,
  4822, 4824, 4846, 4844, 5036, 5037, 5048, 5047,
  4824, 4826, 4848, 4846, 5037, 5038, 5049, 5048,
  4826, 4828, 4850, 4848, 5038, 5039, 5050, 5049,
  4828, 4830, 4852, 4850, 5039, 5040, 5051, 5050,
  4830, 4832, 4854, 4852, 5040, 5041, 5052, 5051,
  4836, 4835, 4857, 4858, 5043, 5042, 5053, 5054,
  4835, 4838, 4860, 4857, 5042, 5044, 5055, 5053,
  4838, 4840, 4862, 4860, 5044, 5045, 5056, 5055,
  4840, 4842, 4864, 4862, 5045, 5046, 5057, 5056,
  4842, 4844, 4866, 4864, 5046, 5047, 5058, 5057,
  4844, 4846, 4868, 4866, 5047, 5048, 5059, 5058,
  4846, 4848, 4870, 4868, 5048, 5049, 5060, 5059,
  4848, 4850, 4872, 4870, 5049, 5050, 5061, 5060,
  4850, 4852, 4874, 4872, 5050, 5051, 5062, 5061,
  4852, 4854, 4876, 4874, 5051, 5052, 5063, 5062,
  4858, 4857, 4879, 4880, 5054, 5053, 5064, 5065,
  4857, 4860, 4882, 4879, 5053, 5055, 5066, 5064,
  4860, 4862, 4884, 4882, 5055, 5056, 5067, 5066,
  4862, 4864, 4886, 4884, 5056, 5057, 5068, 5067,
  4864, 4866, 4888, 4886, 5057, 5058, 5069, 5068,
  4866, 4868, 4890, 4888, 5058, 5059, 5070, 5069,
  4868, 4870, 4892, 4890, 5059, 5060, 5071, 5070,
  4870, 4872, 4894, 4892, 5060, 5061, 5072, 5071,
  4872, 4874, 4896, 4894, 5061, 5062, 5073, 5072,
  4874, 4876, 4898, 4896, 5062, 5063, 5074, 5073,
  4880, 4879, 4901, 4902, 5065, 5064, 5075, 5076,
  4879, 4882, 4904, 4901, 5064, 5066, 5077, 5075,
  4882, 4884, 4906, 4904, 5066, 5067, 5078, 5077,
  4884, 4886, 4908, 4906, 5067, 5068, 5079, 5078,
  4886, 4888, 4910, 4908, 5068, 5069, 5080, 5079,
  4888, 4890, 4912, 4910, 5069, 5070, 5081, 5080,
  4890, 4892, 4914, 4912, 5070, 5071, 5082, 5081,
  4892, 4894, 4916, 4914, 5071, 5072, 5083, 5082,
  4894, 4896, 4918, 4916, 5072, 5073, 5084, 5083,
  4896, 4898, 4920, 4918, 5073, 5074, 5085, 5084,
  4902, 4901, 4923, 4924, 5076, 5075, 5086, 5087,
  4901, 4904, 4926, 4923, 5075, 5077, 5088, 5086,
  4904, 4906, 4928, 4926, 5077, 5078, 5089, 5088,
  4906, 4908, 4930, 4928, 5078, 5079, 5090, 5089,
  4908, 4910, 4932, 4930, 5079, 5080, 5091, 5090,
  4910, 4912, 4934, 4932, 5080, 5081, 5092, 5091,
  4912, 4914, 4936, 4934, 5081, 5082, 5093, 5092,
  4914, 4916, 4938, 4936, 5082, 5083, 5094, 5093,
  4916, 4918, 4940, 4938, 5083, 5084, 5095, 5094,
  4918, 4920, 4942, 4940, 5084, 5085, 5096, 5095,
  4924, 4923, 4945, 4946, 5087, 5086, 5097, 5098,
  4923, 4926, 4948, 4945, 5086, 5088, 5099, 5097,
  4926, 4928, 4950, 4948, 5088, 5089, 5100, 5099,
  4928, 4930, 4952, 4950, 5089, 5090, 5101, 5100,
  4930, 4932, 4954, 4952, 5090, 5091, 5102, 5101,
  4932, 4934, 4956, 4954, 5091, 5092, 5103, 5102,
  4934, 4936, 4958, 4956, 5092, 5093, 5104, 5103,
  4936, 4938, 4960, 4958, 5093, 5094, 5105, 5104,
  4938, 4940, 4962, 4960, 5094, 5095, 5106, 5105,
  4940, 4942, 4964, 4962, 5095, 5096, 5107, 5106,
  4946, 4945, 4967, 4968, 5098, 5097, 5108, 5109,
  4945, 4948, 4970, 4967, 5097, 5099, 5110, 5108,
  4948, 4950, 4972, 4970, 5099, 5100, 5111, 5110,
  4950, 4952, 4974, 4972, 5100, 5101, 5112, 5111,
  4952, 4954, 4976, 4974, 5101, 5102, 5113, 5112,
  4954, 4956, 4978, 4976, 5102, 5103, 5114, 5113,
  4956, 4958, 4980, 4978, 5103, 5104, 5115, 5114,
  4958, 4960, 4982, 4980, 5104, 5105, 5116, 5115,
  4960, 4962, 4984, 4982, 5105, 5106, 5117, 5116,
  4962, 4964, 4986, 4984, 5106, 5107, 5118, 5117,
  4968, 4967, 4989, 4990, 5109, 5108, 5119, 5120,
  4967, 4970, 4992, 4989, 5108, 5110, 5121, 5119,
  4970, 4972, 4994, 4992, 5110, 5111, 5122, 5121,
  4972, 4974, 4996, 4994, 5111, 5112, 5123, 5122,
  4974, 4976, 4998, 4996, 5112, 5113, 5124, 5123,
  4976, 4978, 5000, 4998, 5113, 5114, 5125, 5124,
  4978, 4980, 5002, 5000, 5114, 5115, 5126, 5125,
  4980, 4982, 5004, 5002, 5115, 5116, 5127, 5126,
  4982, 4984, 5006, 5004, 5116, 5117, 5128, 5127,
  4984, 4986, 5008, 5006, 5117, 5118, 5129, 5128,
  4990, 4989, 5011, 5012, 5120, 5119, 5130, 5131,
  4989, 4992, 5014, 5011, 5119, 5121, 5132, 5130,
  4992, 4994, 5016, 5014, 5121, 5122, 5133, 5132,
  4994, 4996, 5018, 5016, 5122, 5123, 5134, 5133,
  4996, 4998, 5020, 5018, 5123, 5124, 5135, 5134,
  4998, 5000, 5022, 5020, 5124, 5125, 5136, 5135,
  5000, 5002, 5024, 5022, 5125, 5126, 5137, 5136,
  5002, 5004, 5026, 5024, 5126, 5127, 5138, 5137,
  5004, 5006, 5028, 5026, 5127, 5128, 5139, 5138,
  5006, 5008, 5030, 5028, 5128, 5129, 5140, 5139,
  926, 925, 5031, 5032, 242, 220, 4472, 4492,
  925, 927, 5033, 5031, 220, 198, 4452, 4472,
  927, 928, 5034, 5033, 198, 176, 4432, 4452,
  928, 929, 5035, 5034, 176, 154, 4412, 4432,
  929, 930, 5036, 5035, 154, 132, 4392, 4412,
  930, 931, 5037, 5036, 132, 110, 4372, 4392,
  931, 932, 5038, 5037, 110, 88, 4352, 4372,
  932, 933, 5039, 5038, 88, 66, 4332, 4352,
  933, 934, 5040, 5039, 66, 44, 4294, 4332,
  934, 935, 5041, 5040, 44, 42, 4292, 4294,
  5032, 5031, 5042, 5043, 4492, 4472, 4474, 4494,
  5031, 5033, 5044, 5042, 4472, 4452, 4454, 4474,
  5033, 5034, 5045, 5044, 4452, 4432, 4434, 4454,
  5034, 5035, 5046, 5045, 4432, 4412, 4414, 4434,
  5035, 5036, 5047, 5046, 4412, 4392, 4394, 4414,
  5036, 5037, 5048, 5047, 4392, 4372, 4374, 4394,
  5037, 5038, 5049, 5048, 4372, 4352, 4354, 4374,
  5038, 5039, 5050, 5049, 4352, 4332, 4334, 4354,
  5039, 5040, 5051, 5050, 4332, 4294, 4298, 4334,
  5040, 5041, 5052, 5051, 4294, 4292, 4296, 4298,
  5043, 5042, 5053, 5054, 4494, 4474, 4476, 4496,
  5042, 5044, 5055, 5053, 4474, 4454, 4456, 4476,
  5044, 5045, 5056, 5055, 4454, 4434, 4436, 4456,
  5045, 5046, 5057, 5056, 4434, 4414, 4416, 4436,
  5046, 5047, 5058, 5057, 4414, 4394, 4396, 4416,
  5047, 5048, 5059, 5058, 4394, 4374, 4376, 4396,
  5048, 5049, 5060, 5059, 4374, 4354, 4356, 4376,
  5049, 5050, 5061, 5060, 4354, 4334, 4336, 4356,
  5050, 5051, 5062, 5061, 4334, 4298, 4302, 4336,
  5051, 5052, 5063, 5062, 4298, 4296, 4300, 4302,
  5054, 5053, 5064, 5065, 4496, 4476, 4478, 4498,
  5053, 5055, 5066, 5064, 4476, 4456, 4458, 4478,
  5055, 5056, 5067, 5066, 4456, 4436, 4438, 4458,
  5056, 5057, 5068, 5067, 4436, 4416, 4418, 4438,
  5057, 5058, 5069, 5068, 4416, 4396, 4398, 4418,
  5058, 5059, 5070, 5069, 4396, 4376, 4378, 4398,
  5059, 5060, 5071, 5070, 4376, 4356, 4358, 4378,
  5060, 5061, 5072, 5071, 4356, 4336, 4338, 4358,
  5061, 5062, 5073, 5072, 4336, 4302, 4306, 4338,
  5062, 5063, 5074, 5073, 4302, 4300, 4304, 4306,
  5065, 5064, 5075, 5076, 4498, 4478, 4480, 4500,
  5064, 5066, 5077, 5075, 4478, 4458, 4460, 4480,
  5066, 5067, 5078, 5077, 4458, 4438, 4440, 4460,
  5067, 5068, 5079, 5078, 4438, 4418, 4420, 4440,
  5068, 5069, 5080, 5079, 4418, 4398, 4400, 4420,
  5069, 5070, 5081, 5080, 4398, 4378, 4380, 4400,
  5070, 5071, 5082, 5081, 4378, 4358, 4360, 4380,
  5071, 5072, 5083, 5082, 4358, 4338, 4340, 4360,
  5072, 5073, 5084, 5083, 4338, 4306, 4310, 4340,
  5073, 5074, 5085, 5084, 4306, 4304, 4308, 4310,
  5076, 5075, 5086, 5087, 4500, 4480, 4482, 4502,
  5075, 5077, 5088, 5086, 4480, 4460, 4462, 4482,
  5077, 5078, 5089, 5088, 4460, 4440, 4442, 4462,
  5078, 5079, 5090, 5089, 4440, 4420, 4422, 4442,
  5079, 5080, 5091, 5090, 4420, 4400, 4402, 4422,
  5080, 5081, 5092, 5091, 4400, 4380, 4382, 4402,
  5081, 5082, 5093, 5092, 4380, 4360, 4362, 4382,
  5082, 5083, 5094, 5093, 4360, 4340, 4342, 4362,
  5083, 5084, 5095, 5094, 4340, 4310, 4314, 4342,
  5084, 5085, 5096, 5095, 4310, 4308, 4312, 4314,
  5087, 5086, 5097, 5098, 4502, 4482, 4484, 4504,
  5086, 5088, 5099, 5097, 4482, 4462, 4464, 4484,
  5088, 5089, 5100, 5099, 4462, 4442, 4444, 4464,
  5089, 5090, 5101, 5100, 4442, 4422, 4424, 4444,
  5090, 5091, 5102, 5101, 4422, 4402, 4404, 4424,
  5091, 5092, 5103, 5102, 4402, 4382, 4384, 4404,
  5092, 5093, 5104, 5103, 4382, 4362, 4364, 4384,
  5093, 5094, 5105, 5104, 4362, 4342, 4344, 4364,
  5094, 5095, 5106, 5105, 4342, 4314, 4318, 4344,
  5095, 5096, 5107, 5106, 4314, 4312, 4316, 4318,
  5098, 5097, 5108, 5109, 4504, 4484, 4486, 4506,
  5097, 5099, 5110, 5108, 4484, 4464, 4466, 4486,
  5099, 5100, 5111, 5110, 4464, 4444, 4446, 4466,
  5100, 5101, 5112, 5111, 4444, 4424, 4426, 4446,
  5101, 5102, 5113, 5112, 4424, 4404, 4406, 4426,
  5102, 5103, 5114, 5113, 4404, 4384, 4386, 4406,
  5103, 5104, 5115, 5114, 4384, 4364, 4366, 4386,
  5104, 5105, 5116, 5115, 4364, 4344, 4346, 4366,
  5105, 5106, 5117, 5116, 4344, 4318, 4322, 4346,
  5106, 5107, 5118, 5117, 4318, 4316, 4320, 4322,
  5109, 5108, 5119, 5120, 4506, 4486, 4488, 4508,
  5108, 5110, 5121, 5119, 4486, 4466, 4468, 4488,
  5110, 5111, 5122, 5121, 4466, 4446, 4448, 4468,
  5111, 5112, 5123, 5122, 4446, 4426, 4428, 4448,
  5112, 5113, 5124, 5123, 4426, 4406, 4408, 4428,
  5113, 5114, 5125, 5124, 4406, 4386, 4388, 4408,
  5114, 5115, 5126, 5125, 4386, 4366, 4368, 4388,
  5115, 5116, 5127, 5126, 4366, 4346, 4348, 4368,
  5116, 5117, 5128, 5127, 4346, 4322, 4326, 4348,
  5117, 5118, 5129, 5128, 4322, 4320, 4324, 4326,
  5120, 5119, 5130, 5131, 4508, 4488, 4490, 4510,
  5119, 5121, 5132, 5130, 4488, 4468, 4470, 4490,
  5121, 5122, 5133, 5132, 4468, 4448, 4450, 4470,
  5122, 5123, 5134, 5133, 4448, 4428, 4430, 4450,
  5123, 5124, 5135, 5134, 4428, 4408, 4410, 4430,
  5124, 5125, 5136, 5135, 4408, 4388, 4390, 4410,
  5125, 5126, 5137, 5136, 4388, 4368, 4370, 4390,
  5126, 5127, 5138, 5137, 4368, 4348, 4350, 4370,
  5127, 5128, 5139, 5138, 4348, 4326, 4330, 4350,
  5128, 5129, 5140, 5139, 4326, 4324, 4328, 4330,
  352, 996, 5141, 4520, 350, 997, 5142, 4518,
  996, 998, 5143, 5141, 997, 999, 5144, 5142,
  998, 1000, 5145, 5143, 999, 1001, 5146, 5144,
  4520, 5141, 5147, 4530, 4518, 5142, 5148, 4528,
  5141, 5143, 5149, 5147, 5142, 5144, 5150, 5148,
  5143, 5145, 5151, 5149, 5144, 5146, 5152, 5150,
  4530, 5147, 5153, 4540, 4528, 5148, 5154, 4538,
  5147, 5149, 5155, 5153, 5148, 5150, 5156, 5154,
  5149, 5151, 5157, 5155, 5150, 5152, 5158, 5156,
  4540, 5153, 5159, 4550, 4538, 5154, 5160, 4548,
  5153, 5155, 5161, 5159, 5154, 5156, 5162, 5160,
  5155, 5157, 5163, 5161, 5156, 5158, 5164, 5162,
  4550, 5159, 5165, 4560, 4548, 5160, 5166, 4558,
  5159, 5161, 5167, 5165, 5160, 5162, 5168, 5166,
  5161, 5163, 5169, 5167, 5162, 5164, 5170, 5168,
  4560, 5165, 5171, 4570, 4558, 5166, 5172, 4568,
  5165, 5167, 5173, 5171, 5166, 5168, 5174, 5172,
  5167, 5169, 5175, 5173, 5168, 5170, 5176, 5174,
  4570, 5171, 5177, 4580, 4568, 5172, 5178, 4578,
  5171, 5173, 5179, 5177, 5172, 5174, 5180, 5178,
  5173, 5175, 5181, 5179, 5174, 5176, 5182, 5180,
  4580, 5177, 5183, 4590, 4578, 5178, 5184, 4588,
  5177, 5179, 5185, 5183, 5178, 5180, 5186, 5184,
  5179, 5181, 5187, 5185, 5180, 5182, 5188, 5186,
  4590, 5183, 5189, 4600, 4588, 5184, 5190, 4598,
  5183, 5185, 5191, 5189, 5184, 5186, 5192, 5190,
  5185, 5187, 5193, 5191, 5186, 5188, 5194, 5192,
  4600, 5189, 5195, 4610, 4598, 5190, 5196, 4608,
  5189, 5191, 5197, 5195, 5190, 5192, 5198, 5196,
  5191, 5193, 5199, 5197, 5192, 5194, 5200, 5198,
  350, 997, 5142, 4518, 348, 1032, 5201, 4516,
  997, 999, 5144, 5142, 1032, 1033, 5202, 5201,
  999, 1001, 5146, 5144, 1033, 1034, 5203, 5202,
  4518, 5142, 5148, 4528, 4516, 5201, 5204, 4526,
  5142, 5144, 5150, 5148, 5201, 5202, 5205, 5204,
  5144, 5146, 5152, 5150, 5202, 5203, 5206, 5205,
  4528, 5148, 5154, 4538, 4526, 5204, 5207, 4536,
  5148, 5150, 5156, 5154, 5204, 5205, 5208, 5207,
  5150, 5152, 5158, 5156, 5205, 5206, 5209, 5208,
  4538, 5154, 5160, 4548, 4536, 5207, 5210, 4546,
  5154, 5156, 5162, 5160, 5207, 5208, 5211, 5210,
  5156, 5158, 5164, 5162, 5208, 5209, 5212, 5211,
  4548, 5160, 5166, 4558, 4546, 5210, 5213, 4556,
  5160, 5162, 5168, 5166, 5210, 5211, 5214, 5213,
  5162, 5164, 5170, 5168, 5211, 5212, 5215, 5214,
  4558, 5166, 5172, 4568, 4556, 5213, 5216, 4566,
  5166, 5168, 5174, 5172, 5213, 5214, 5217, 5216,
  5168, 5170, 5176, 5174, 5214, 5215, 5218, 5217,
  4568, 5172, 5178, 4578, 4566, 5216, 5219, 4576,
  5172, 5174, 5180, 5178, 5216, 5217, 5220, 5219,
  5174, 5176, 5182, 5180, 5217, 5218, 5221, 5220,
  4578, 5178, 5184, 4588, 4576, 5219, 5222, 4586,
  5178, 5180, 5186, 5184, 5219, 5220, 5223, 5222,
  5180, 5182, 5188, 5186, 5220, 5221, 5224, 5223,
  4588, 5184, 5190, 4598, 4586, 5222, 5225, 4596,
  5184, 5186, 5192, 5190, 5222, 5223, 5226, 5225,
  5186, 5188, 5194, 5192, 5223, 5224, 5227, 5226,
  4598, 5190, 5196, 4608, 4596, 5225, 5228, 4606,
  5190, 5192, 5198, 5196, 5225, 5226, 5229, 5228,
  5192, 5194, 5200, 5198, 5226, 5227, 5230, 5229,
  348, 1032, 5201, 4516, 346, 1065, 5231, 4514,
  1032, 1033, 5202, 5201, 1065, 1066, 5232, 5231,
  1033, 1034, 5203, 5202, 1066, 1067, 5233, 5232,
  4516, 5201, 5204, 4526, 4514, 5231, 5234, 4524,
  5201, 5202, 5205, 5204, 5231, 5232, 5235, 5234,
  5202, 5203, 5206, 5205, 5232, 5233, 5236, 5235,
  4526, 5204, 5207, 4536, 4524, 5234, 5237, 4534,
  5204, 5205, 5208, 5207, 5234, 5235, 5238, 5237,
  5205, 5206, 5209, 5208, 5235, 5236, 5239, 5238,
  4536, 5207, 5210, 4546, 4534, 5237, 5240, 4544,
  5207, 5208, 5211, 5210, 5237, 5238, 5241, 5240,
  5208, 5209, 5212, 5211, 5238, 5239, 5242, 5241,
  4546, 5210, 5213, 4556, 4544, 5240, 5243, 4554,
  5210, 5211, 5214, 5213, 5240, 5241, 5244, 5243,
  5211, 5212, 5215, 5214, 5241, 5242, 5245, 5244,
  4556, 5213, 5216, 4566, 4554, 5243, 5246, 4564,
  5213, 5214, 5217, 5216, 5243, 5244, 5247, 5246,
  5214, 5215, 5218, 5217, 5244, 5245, 5248, 5247,
  4566, 5216, 5219, 4576, 4564, 5246, 5249, 4574,
  5216, 5217, 5220, 5219, 5246, 5247, 5250, 5249,
  5217, 5218, 5221, 5220, 5247, 5248, 5251, 5250,
  4576, 5219, 5222, 4586, 4574, 5249, 5252, 4584,
  5219, 5220, 5223, 5222, 5249, 5250, 5253, 5252,
  5220, 5221, 5224, 5223, 5250, 5251, 5254, 5253,
  4586, 5222, 5225, 4596, 4584, 5252, 5255, 4594,
  5222, 5223, 5226, 5225, 5252, 5253, 5256, 5255,
  5223, 5224, 5227, 5226, 5253, 5254, 5257, 5256,
  4596, 5225, 5228, 4606, 4594, 5255, 5258, 4604,
  5225, 5226, 5229, 5228, 5255, 5256, 5259, 5258,
  5226, 5227, 5230, 5229, 5256, 5257, 5260, 5259,
  346, 1065, 5231, 4514, 344, 1098, 5261, 4512,
  1065, 1066, 5232, 5231, 1098, 1099, 5262, 5261,
  1066, 1067, 5233, 5232, 1099, 1100, 5263, 5262,
  4514, 5231, 5234, 4524, 4512, 5261, 5264, 4522,
  5231, 5232, 5235, 5234, 5261, 5262, 5265, 5264,
  5232, 5233, 5236, 5235, 5262, 5263, 5266, 5265,
  4524, 5234, 5237, 4534, 4522, 5264, 5267, 4532,
  5234, 5235, 5238, 5237, 5264, 5265, 5268, 5267,
  5235, 5236, 5239, 5238, 5265, 5266, 5269, 5268,
  4534, 5237, 5240, 4544, 4532, 5267, 5270, 4542,
  5237, 5238, 5241, 5240, 5267, 5268, 5271, 5270,
  5238, 5239, 5242, 5241, 5268, 5269, 5272, 5271,
  4544, 5240, 5243, 4554, 4542, 5270, 5273, 4552,
  5240, 5241, 5244, 5243, 5270, 5271, 5274, 5273,
  5241, 5242, 5245, 5244, 5271, 5272, 5275, 5274,
  4554, 5243, 5246, 4564, 4552, 5273, 5276, 4562,
  5243, 5244, 5247, 5246, 5273, 5274, 5277, 5276,
  5244, 5245, 5248, 5247, 5274, 5275, 5278, 5277,
  4564, 5246, 5249, 4574, 4562, 5276, 5279, 4572,
  5246, 5247, 5250, 5249, 5276, 5277, 5280, 5279,
  5247, 5248, 5251, 5250, 5277, 5278, 5281, 5280,
  4574, 5249, 5252, 4584, 4572, 5279, 5282, 4582,
  5249, 5250, 5253, 5252, 5279, 5280, 5283, 5282,
  5250, 5251, 5254, 5253, 5280, 5281, 5284, 5283,
  4584, 5252, 5255, 4594, 4582, 5282, 5285, 4592,
  5252, 5253, 5256, 5255, 5282, 5283, 5286, 5285,
  5253, 5254, 5257, 5256, 5283, 5284, 5287, 5286,
  4594, 5255, 5258, 4604, 4592, 5285, 5288, 4602,
  5255, 5256, 5259, 5258, 5285, 5286, 5289, 5288,
  5256, 5257, 5260, 5259, 5286, 5287, 5290, 5289,
  344, 1098, 5261, 4512, 242, 926, 5032, 4492,
  1098, 1099, 5262, 5261, 926, 796, 4814, 5032,
  1099, 1100, 5263, 5262, 796, 794, 4812, 4814,
  4512, 5261, 5264, 4522, 4492, 5032, 5043, 4494,
  5261, 5262, 5265, 5264, 5032, 4814, 4836, 5043,
  5262, 5263, 5266, 5265, 4814, 4812, 4834, 4836,
  4522, 5264, 5267, 4532, 4494, 5043, 5054, 4496,
  5264, 5265, 5268, 5267, 5043, 4836, 4858, 5054,
  5265, 5266, 5269, 5268, 4836, 4834, 4856, 4858,
  4532, 5267, 5270, 4542, 4496, 5054, 5065, 4498,
  5267, 5268, 5271, 5270, 5054, 4858, 4880, 5065,
  5268, 5269, 5272, 5271, 4858, 4856, 4878, 4880,
  4542, 5270, 5273, 4552, 4498, 5065, 5076, 4500,
  5270, 5271, 5274, 5273, 5065, 4880, 4902, 5076,
  5271, 5272, 5275, 5274, 4880, 4878, 4900, 4902,
  4552, 5273, 5276, 4562, 4500, 5076, 5087, 4502,
  5273, 5274, 5277, 5276, 5076, 4902, 4924, 5087,
  5274, 5275, 5278, 5277, 4902, 4900, 4922, 4924,
  4562, 5276, 5279, 4572, 4502, 5087, 5098, 4504,
  5276, 5277, 5280, 5279, 5087, 4924, 4946, 5098,
  5277, 5278, 5281, 5280, 4924, 4922, 4944, 4946,
  4572, 5279, 5282, 4582, 4504, 5098, 5109, 4506,
  5279, 5280, 5283, 5282, 5098, 4946, 4968, 5109,
  5280, 5281, 5284, 5283, 4946, 4944, 4966, 4968,
  4582, 5282, 5285, 4592, 4506, 5109, 5120, 4508,
  5282, 5283, 5286, 5285, 5109, 4968, 4990, 5120,
  5283, 5284, 5287, 5286, 4968, 4966, 4988, 4990,
  4592, 5285, 5288, 4602, 4508, 5120, 5131, 4510,
  5285, 5286, 5289, 5288, 5120, 4990, 5012, 5131,
  5286, 5287, 5290, 5289, 4990, 4988, 5010, 5012,
  5199, 5291, 5292, 5193, 5197, 5293, 5294, 5191,
  5291, 5295, 5296, 5292, 5293, 5297, 5298, 5294,
  5295, 5299, 5300, 5296, 5297, 5301, 5302, 5298,
  5299, 5303, 5304, 5300, 5301, 5305, 5306, 5302,
  5303, 5307, 5308, 5304, 5305, 5309, 5310, 5306,
  5307, 5311, 5312, 5308, 5309, 5313, 5314, 5310,
  5311, 5315, 5316, 5312, 5313, 5317, 5318, 5314,
  5315, 5319, 5320, 5316, 5317, 5321, 5322, 5318,
  5319, 5323, 5324, 5320, 5321, 5325, 5326, 5322,
  5323, 5327, 5328, 5324, 5325, 5329, 5330, 5326,
  5193, 5292, 5331, 5187, 5191, 5294, 5332, 5185,
  5292, 5296, 5333, 5331, 5294, 5298, 5334, 5332,
  5296, 5300, 5335, 5333, 5298, 5302, 5336, 5334,
  5300, 5304, 5337, 5335, 5302, 5306, 5338, 5336,
  5304, 5308, 5339, 5337, 5306, 5310, 5340, 5338,
  5308, 5312, 5341, 5339, 5310, 5314, 5342, 5340,
  5312, 5316, 5343, 5341, 5314, 5318, 5344, 5342,
  5316, 5320, 5345, 5343, 5318, 5322, 5346, 5344,
  5320, 5324, 5347, 5345, 5322, 5326, 5348, 5346,
  5324, 5328, 5349, 5347, 5326, 5330, 5350, 5348,
  5187, 5331, 5351, 5181, 5185, 5332, 5352, 5179,
  5331, 5333, 5353, 5351, 5332, 5334, 5354, 5352,
  5333, 5335, 5355, 5353, 5334, 5336, 5356, 5354,
  5335, 5337, 5357, 5355, 5336, 5338, 5358, 5356,
  5337, 5339, 5359, 5357, 5338, 5340, 5360, 5358,
  5339, 5341, 5361, 5359, 5340, 5342, 5362, 5360,
  5341, 5343, 5363, 5361, 5342, 5344, 5364, 5362,
  5343, 5345, 5365, 5363, 5344, 5346, 5366, 5364,
  5345, 5347, 5367, 5365, 5346, 5348, 5368, 5366,
  5347, 5349, 5369, 5367, 5348, 5350, 5370, 5368,
  5181, 5351, 5371, 5175, 5179, 5352, 5372, 5173,
  5351, 5353, 5373, 5371, 5352, 5354, 5374, 5372,
  5353, 5355, 5375, 5373, 5354, 5356, 5376, 5374,
  5355, 5357, 5377, 5375, 5356, 5358, 5378, 5376,
  5357, 5359, 5379, 5377, 5358, 5360, 5380, 5378,
  5359, 5361, 5381, 5379, 5360, 5362, 5382, 5380,
  5361, 5363, 5383, 5381, 5362, 5364, 5384, 5382,
  5363, 5365, 5385, 5383, 5364, 5366, 5386, 5384,
  5365, 5367, 5387, 5385, 5366, 5368, 5388, 5386,
  5367, 5369, 5389, 5387, 5368, 5370, 5390, 5388,
  5175, 5371, 5391, 5169, 5173, 5372, 5392, 5167,
  5371, 5373, 5393, 5391, 5372, 5374, 5394, 5392,
  5373, 5375, 5395, 5393, 5374, 5376, 5396, 5394,
  5375, 5377, 5397, 5395, 5376, 5378, 5398, 5396,
  5377, 5379, 5399, 5397, 5378, 5380, 5400, 5398,
  5379, 5381, 5401, 5399, 5380, 5382, 5402, 5400,
  5381, 5383, 5403, 5401, 5382, 5384, 5404, 5402,
  5383, 5385, 5405, 5403, 5384, 5386, 5406, 5404,
  5385, 5387, 5407, 5405, 5386, 5388, 5408, 5406,
  5387, 5389, 5409, 5407, 5388, 5390, 5410, 5408,
  5169, 5391, 5411, 5163, 5167, 5392, 5412, 5161,
  5391, 5393, 5413, 5411, 5392, 5394, 5414, 5412,
  5393, 5395, 5415, 5413, 5394, 5396, 5416, 5414,
  5395, 5397, 5417, 5415, 5396, 5398, 5418, 5416,
  5397, 5399, 5419, 5417, 5398, 5400, 5420, 5418,
  5399, 5401, 5421, 5419, 5400, 5402, 5422, 5420,
  5401, 5403, 5423, 5421, 5402, 5404, 5424, 5422,
  5403, 5405, 5425, 5423, 5404, 5406, 5426, 5424,
  5405, 5407, 5427, 5425, 5406, 5408, 5428, 5426,
  5407, 5409, 5429, 5427, 5408, 5410, 5430, 5428,
  5163, 5411, 5431, 5157, 5161, 5412, 5432, 5155,
  5411, 5413, 5433, 5431, 5412, 5414, 5434, 5432,
  5413, 5415, 5435, 5433, 5414, 5416, 5436, 5434,
  5415, 5417, 5437, 5435, 5416, 5418, 5438, 5436,
  5417, 5419, 5439, 5437, 5418, 5420, 5440, 5438,
  5419, 5421, 5441, 5439, 5420, 5422, 5442, 5440,
  5421, 5423, 5443, 5441, 5422, 5424, 5444, 5442,
  5423, 5425, 5445, 5443, 5424, 5426, 5446, 5444,
  5425, 5427, 5447, 5445, 5426, 5428, 5448, 5446,
  5427, 5429, 5449, 5447, 5428, 5430, 5450, 5448,
  5157, 5431, 5451, 5151, 5155, 5432, 5452, 5149,
  5431, 5433, 5453, 5451, 5432, 5434, 5454, 5452,
  5433, 5435, 5455, 5453, 5434, 5436, 5456, 5454,
  5435, 5437, 5457, 5455, 5436, 5438, 5458, 5456,
  5437, 5439, 5459, 5457, 5438, 5440, 5460, 5458,
  5439, 5441, 5461, 5459, 5440, 5442, 5462, 5460,
  5441, 5443, 5463, 5461, 5442, 5444, 5464, 5462,
  5443, 5445, 5465, 5463, 5444, 5446, 5466, 5464,
  5445, 5447, 5467, 5465, 5446, 5448, 5468, 5466,
  5447, 5449, 5469, 5467, 5448, 5450, 5470, 5468,
  5151, 5451, 5471, 5145, 5149, 5452, 5472, 5143,
  5451, 5453, 5473, 5471, 5452, 5454, 5474, 5472,
  5453, 5455, 5475, 5473, 5454, 5456, 5476, 5474,
  5455, 5457, 5477, 5475, 5456, 5458, 5478, 5476,
  5457, 5459, 5479, 5477, 5458, 5460, 5480, 5478,
  5459, 5461, 5481, 5479, 5460, 5462, 5482, 5480,
  5461, 5463, 5483, 5481, 5462, 5464, 5484, 5482,
  5463, 5465, 5485, 5483, 5464, 5466, 5486, 5484,
  5465, 5467, 5487, 5485, 5466, 5468, 5488, 5486,
  5467, 5469, 5489, 5487, 5468, 5470, 5490, 5488,
  5145, 5471, 1403, 1000, 5143, 5472, 1402, 998,
  5471, 5473, 1406, 1403, 5472, 5474, 1405, 1402,
  5473, 5475, 1409, 1406, 5474, 5476, 1408, 1405,
  5475, 5477, 1412, 1409, 5476, 5478, 1411, 1408,
  5477, 5479, 1415, 1412, 5478, 5480, 1414, 1411,
  5479, 5481, 1418, 1415, 5480, 5482, 1417, 1414,
  5481, 5483, 1421, 1418, 5482, 5484, 1420, 1417,
  5483, 5485, 1424, 1421, 5484, 5486, 1423, 1420,
  5485, 5487, 1427, 1424, 5486, 5488, 1426, 1423,
  5487, 5489, 1430, 1427, 5488, 5490, 1429, 1426,
  5197, 5293, 5294, 5191, 5195, 5491, 5492, 5189,
  5293, 5297, 5298, 5294, 5491, 5493, 5494, 5492,
  5297, 5301, 5302, 5298, 5493, 5495, 5496, 5494,
  5301, 5305, 5306, 5302, 5495, 5497, 5498, 5496,
  5305, 5309, 5310, 5306, 5497, 5499, 5500, 5498,
  5309, 5313, 5314, 5310, 5499, 5501, 5502, 5500,
  5313, 5317, 5318, 5314, 5501, 5503, 5504, 5502,
  5317, 5321, 5322, 5318, 5503, 5505, 5506, 5504,
  5321, 5325, 5326, 5322, 5505, 5507, 5508, 5506,
  5325, 5329, 5330, 5326, 5507, 5509, 5510, 5508,
  5191, 5294, 5332, 5185, 5189, 5492, 5511, 5183,
  5294, 5298, 5334, 5332, 5492, 5494, 5512, 5511,
  5298, 5302, 5336, 5334, 5494, 5496, 5513, 5512,
  5302, 5306, 5338, 5336, 5496, 5498, 5514, 5513,
  5306, 5310, 5340, 5338, 5498, 5500, 5515, 5514,
  5310, 5314, 5342, 5340, 5500, 5502, 5516, 5515,
  5314, 5318, 5344, 5342, 5502, 5504, 5517, 5516,
  5318, 5322, 5346, 5344, 5504, 5506, 5518, 5517,
  5322, 5326, 5348, 5346, 5506, 5508, 5519, 5518,
  5326, 5330, 5350, 5348, 5508, 5510, 5520, 5519,
  5185, 5332, 5352, 5179, 5183, 5511, 5521, 5177,
  5332, 5334, 5354, 5352, 5511, 5512, 5522, 5521,
  5334, 5336, 5356, 5354, 5512, 5513, 5523, 5522,
  5336, 5338, 5358, 5356, 5513, 5514, 5524, 5523,
  5338, 5340, 5360, 5358, 5514, 5515, 5525, 5524,
  5340, 5342, 5362, 5360, 5515, 5516, 5526, 5525,
  5342, 5344, 5364, 5362, 5516, 5517, 5527, 5526,
  5344, 5346, 5366, 5364, 5517, 5518, 5528, 5527,
  5346, 5348, 5368, 5366, 5518, 5519, 5529, 5528,
  5348, 5350, 5370, 5368, 5519, 5520, 5530, 5529,
  5179, 5352, 5372, 5173, 5177, 5521, 5531, 5171,
  5352, 5354, 5374, 5372, 5521, 5522, 5532, 5531,
  5354, 5356, 5376, 5374, 5522, 5523, 5533, 5532,
  5356, 5358, 5378, 5376, 5523, 5524, 5534, 5533,
  5358, 5360, 5380, 5378, 5524, 5525, 5535, 5534,
  5360, 5362, 5382, 5380, 5525, 5526, 5536, 5535,
  5362, 5364, 5384, 5382, 5526, 5527, 5537, 5536,
  5364, 5366, 5386, 5384, 5527, 5528, 5538, 5537,
  5366, 5368, 5388, 5386, 5528, 5529, 5539, 5538,
  5368, 5370, 5390, 5388, 5529, 5530, 5540, 5539,
  5173, 5372, 5392, 5167, 5171, 5531, 5541, 5165,
  5372, 5374, 5394, 5392, 5531, 5532, 5542, 5541,
  5374, 5376, 5396, 5394, 5532, 5533, 5543, 5542,
  5376, 5378, 5398, 5396, 5533, 5534, 5544, 5543,
  5378, 5380, 5400, 5398, 5534, 5535, 5545, 5544,
  5380, 5382, 5402, 5400, 5535, 5536, 5546, 5545,
  5382, 5384, 5404, 5402, 5536, 5537, 5547, 5546,
  5384, 5386, 5406, 5404, 5537, 5538, 5548, 5547,
  5386, 5388, 5408, 5406, 5538, 5539, 5549, 5548,
  5388, 5390, 5410, 5408, 5539, 5540, 5550, 5549,
  5167, 5392, 5412, 5161, 5165, 5541, 5551, 5159,
  5392, 5394, 5414, 5412, 5541, 5542, 5552, 5551,
  5394, 5396, 5416, 5414, 5542, 5543, 5553, 5552,
  5396, 5398, 5418, 5416, 5543, 5544, 5554, 5553,
  5398, 5400, 5420, 5418, 5544, 5545, 5555, 5554,
  5400, 5402, 5422, 5420, 5545, 5546, 5556, 5555,
  5402, 5404, 5424, 5422, 5546, 5547, 5557, 5556,
  5404, 5406, 5426, 5424, 5547, 5548, 5558, 5557,
  5406, 5408, 5428, 5426, 5548, 5549, 5559, 5558,
  5408, 5410, 5430, 5428, 5549, 5550, 5560, 5559,
  5161, 5412, 5432, 5155, 5159, 5551, 5561, 5153,
  5412, 5414, 5434, 5432, 5551, 5552, 5562, 5561,
  5414, 5416, 5436, 5434, 5552, 5553, 5563, 5562,
  5416, 5418, 5438, 5436, 5553, 5554, 5564, 5563,
  5418, 5420, 5440, 5438, 5554, 5555, 5565, 5564,
  5420, 5422, 5442, 5440, 5555, 5556, 5566, 5565,
  5422, 5424, 5444, 5442, 5556, 5557, 5567, 5566,
  5424, 5426, 5446, 5444, 5557, 5558, 5568, 5567,
  5426, 5428, 5448, 5446, 5558, 5559, 5569, 5568,
  5428, 5430, 5450, 5448, 5559, 5560, 5570, 5569,
  5155, 5432, 5452, 5149, 5153, 5561, 5571, 5147,
  5432, 5434, 5454, 5452, 5561, 5562, 5572, 5571,
  5434, 5436, 5456, 5454, 5562, 5563, 5573, 5572,
  5436, 5438, 5458, 5456, 5563, 5564, 5574, 5573,
  5438, 5440, 5460, 5458, 5564, 5565, 5575, 5574,
  5440, 5442, 5462, 5460, 5565, 5566, 5576, 5575,
  5442, 5444, 5464, 5462, 5566, 5567, 5577, 5576,
  5444, 5446, 5466, 5464, 5567, 5568, 5578, 5577,
  5446, 5448, 5468, 5466, 5568, 5569, 5579, 5578,
  5448, 5450, 5470, 5468, 5569, 5570, 5580, 5579,
  5149, 5452, 5472, 5143, 5147, 5571, 5581, 5141,
  5452, 5454, 5474, 5472, 5571, 5572, 5582, 5581,
  5454, 5456, 5476, 5474, 5572, 5573, 5583, 5582,
  5456, 5458, 5478, 5476, 5573, 5574, 5584, 5583,
  5458, 5460, 5480, 5478, 5574, 5575, 5585, 5584,
  5460, 5462, 5482, 5480, 5575, 5576, 5586, 5585,
  5462, 5464, 5484, 5482, 5576, 5577, 5587, 5586,
  5464, 5466, 5486, 5484, 5577, 5578, 5588, 5587,
  5466, 5468, 5488, 5486, 5578, 5579, 5589, 5588,
  5468, 5470, 5490, 5488, 5579, 5580, 5590, 5589,
  5143, 5472, 1402, 998, 5141, 5581, 1401, 996,
  5472, 5474, 1405, 1402, 5581, 5582, 1404, 1401,
  5474, 5476, 1408, 1405, 5582, 5583, 1407, 1404,
  5476, 5478, 1411, 1408, 5583, 5584, 1410, 1407,
  5478, 5480, 1414, 1411, 5584, 5585, 1413, 1410,
  5480, 5482, 1417, 1414, 5585, 5586, 1416, 1413,
  5482, 5484, 1420, 1417, 5586, 5587, 1419, 1416,
  5484, 5486, 1423, 1420, 5587, 5588, 1422, 1419,
  5486, 5488, 1426, 1423, 5588, 5589, 1425, 1422,
  5488, 5490, 1429, 1426, 5589, 5590, 1428, 1425,
  5195, 5491, 5492, 5189, 4610, 4791, 4794, 4600,
  5491, 5493, 5494, 5492, 4791, 4771, 4774, 4794,
  5493, 5495, 5496, 5494, 4771, 4751, 4754, 4774,
  5495, 5497, 5498, 5496, 4751, 4731, 4734, 4754,
  5497, 5499, 5500, 5498, 4731, 4711, 4714, 4734,
  5499, 5501, 5502, 5500, 4711, 4691, 4694, 4714,
  5501, 5503, 5504, 5502, 4691, 4671, 4674, 4694,
  5503, 5505, 5506, 5504, 4671, 4651, 4654, 4674,
  5505, 5507, 5508, 5506, 4651, 4615, 4618, 4654,
  5507, 5509, 5510, 5508, 4615, 4611, 4614, 4618,
  5189, 5492, 5511, 5183, 4600, 4794, 4796, 4590,
  5492, 5494, 5512, 5511, 4794, 4774, 4776, 4796,
  5494, 5496, 5513, 5512, 4774, 4754, 4756, 4776,
  5496, 5498, 5514, 5513, 4754, 4734, 4736, 4756,
  5498, 5500, 5515, 5514, 4734, 4714, 4716, 4736,
  5500, 5502, 5516, 5515, 4714, 4694, 4696, 4716,
  5502, 5504, 5517, 5516, 4694, 4674, 4676, 4696,
  5504, 5506, 5518, 5517, 4674, 4654, 4656, 4676,
  5506, 5508, 5519, 5518, 4654, 4618, 4622, 4656,
  5508, 5510, 5520, 5519, 4618, 4614, 4620, 4622,
  5183, 5511, 5521, 5177, 4590, 4796, 4798, 4580,
  5511, 5512, 5522, 5521, 4796, 4776, 4778, 4798,
  5512, 5513, 5523, 5522, 4776, 4756, 4758, 4778,
  5513, 5514, 5524, 5523, 4756, 4736, 4738, 4758,
  5514, 5515, 5525, 5524, 4736, 4716, 4718, 4738,
  5515, 5516, 5526, 5525, 4716, 4696, 4698, 4718,
  5516, 5517, 5527, 5526, 4696, 4676, 4678, 4698,
  5517, 5518, 5528, 5527, 4676, 4656, 4658, 4678,
  5518, 5519, 5529, 5528, 4656, 4622, 4626, 4658,
  5519, 5520, 5530, 5529, 4622, 4620, 4624, 4626,
  5177, 5521, 5531, 5171, 4580, 4798, 4800, 4570,
  5521, 5522, 5532, 5531, 4798, 4778, 4780, 4800,
  5522, 5523, 5533, 5532, 4778, 4758, 4760, 4780,
  5523, 5524, 5534, 5533, 4758, 4738, 4740, 4760,
  5524, 5525, 5535, 5534, 4738, 4718, 4720, 4740,
  5525, 5526, 5536, 5535, 4718, 4698, 4700, 4720,
  5526, 5527, 5537, 5536, 4698, 4678, 4680, 4700,
  5527, 5528, 5538, 5537, 4678, 4658, 4660, 4680,
  5528, 5529, 5539, 5538, 4658, 4626, 4630, 4660,
  5529, 5530, 5540, 5539, 4626, 4624, 4628, 4630,
  5171, 5531, 5541, 5165, 4570, 4800, 4802, 4560,
  5531, 5532, 5542, 5541, 4800, 4780, 4782, 4802,
  5532, 5533, 5543, 5542, 4780, 4760, 4762, 4782,
  5533, 5534, 5544, 5543, 4760, 4740, 4742, 4762,
  5534, 5535, 5545, 5544, 4740, 4720, 4722, 4742,
  5535, 5536, 5546, 5545, 4720, 4700, 4702, 4722,
  5536, 5537, 5547, 5546, 4700, 4680, 4682, 4702,
  5537, 5538, 5548, 5547, 4680, 4660, 4662, 4682,
  5538, 5539, 5549, 5548, 4660, 4630, 4634, 4662,
  5539, 5540, 5550, 5549, 4630, 4628, 4632, 4634,
  5165, 5541, 5551, 5159, 4560, 4802, 4804, 4550,
  5541, 5542, 5552, 5551, 4802, 4782, 4784, 4804,
  5542, 5543, 5553, 5552, 4782, 4762, 4764, 4784,
  5543, 5544, 5554, 5553, 4762, 4742, 4744, 4764,
  5544, 5545, 5555, 5554, 4742, 4722, 4724, 4744,
  5545, 5546, 5556, 5555, 4722, 4702, 4704, 4724,
  5546, 5547, 5557, 5556, 4702, 4682, 4684, 4704,
  5547, 5548, 5558, 5557, 4682, 4662, 4664, 4684,
  5548, 5549, 5559, 5558, 4662, 4634, 4638, 4664,
  5549, 5550, 5560, 5559, 4634, 4632, 4636, 4638,
  5159, 5551, 5561, 5153, 4550, 4804, 4806, 4540,
  5551, 5552, 5562, 5561, 4804, 4784, 4786, 4806,
  5552, 5553, 5563, 5562, 4784, 4764, 4766, 4786,
  5553, 5554, 5564, 5563, 4764, 4744, 4746, 4766,
  5554, 5555, 5565, 5564, 4744, 4724, 4726, 4746,
  5555, 5556, 5566, 5565, 4724, 4704, 4706, 4726,
  5556, 5557, 5567, 5566, 4704, 4684, 4686, 4706,
  5557, 5558, 5568, 5567, 4684, 4664, 4666, 4686,
  5558, 5559, 5569, 5568, 4664, 4638, 4642, 4666,
  5559, 5560, 5570, 5569, 4638, 4636, 4640, 4642,
  5153, 5561, 5571, 5147, 4540, 4806, 4808, 4530,
  5561, 5562, 5572, 5571, 4806, 4786, 4788, 4808,
  5562, 5563, 5573, 5572, 4786, 4766, 4768, 4788,
  5563, 5564, 5574, 5573, 4766, 4746, 4748, 4768,
  5564, 5565, 5575, 5574, 4746, 4726, 4728, 4748,
  5565, 5566, 5576, 5575, 4726, 4706, 4708, 4728,
  5566, 5567, 5577, 5576, 4706, 4686, 4688, 4708,
  5567, 5568, 5578, 5577, 4686, 4666, 4668, 4688,
  5568, 5569, 5579, 5578, 4666, 4642, 4646, 4668,
  5569, 5570, 5580, 5579, 4642, 4640, 4644, 4646,
  5147, 5571, 5581, 5141, 4530, 4808, 4810, 4520,
  5571, 5572, 5582, 5581, 4808, 4788, 4790, 4810,
  5572, 5573, 5583, 5582, 4788, 4768, 4770, 4790,
  5573, 5574, 5584, 5583, 4768, 4748, 4750, 4770,
  5574, 5575, 5585, 5584, 4748, 4728, 4730, 4750,
  5575, 5576, 5586, 5585, 4728, 4708, 4710, 4730,
  5576, 5577, 5587, 5586, 4708, 4688, 4690, 4710,
  5577, 5578, 5588, 5587, 4688, 4668, 4670, 4690,
  5578, 5579, 5589, 5588, 4668, 4646, 4650, 4670,
  5579, 5580, 5590, 5589, 4646, 4644, 4648, 4650,
  5141, 5581, 1401, 996, 4520, 4810, 356, 352,
  5581, 5582, 1404, 1401, 4810, 4790, 378, 356,
  5582, 5583, 1407, 1404, 4790, 4770, 400, 378,
  5583, 5584, 1410, 1407, 4770, 4750, 422, 400,
  5584, 5585, 1413, 1410, 4750, 4730, 444, 422,
  5585, 5586, 1416, 1413, 4730, 4710, 466, 444,
  5586, 5587, 1419, 1416, 4710, 4690, 488, 466,
  5587, 5588, 1422, 1419, 4690, 4670, 510, 488,
  5588, 5589, 1425, 1422, 4670, 4650, 532, 510,
  5589, 5590, 1428, 1425, 4650, 4648, 554, 532,
  1471, 5591, 5592, 1472, 1473, 5593, 5594, 1474,
  5591, 5595, 5596, 5592, 5593, 5597, 5598, 5594,
  5595, 5599, 5600, 5596, 5597, 5601, 5602, 5598,
  5599, 5603, 5604, 5600, 5601, 5605, 5606, 5602,
  5603, 5607, 5608, 5604, 5605, 5609, 5610, 5606,
  5607, 5611, 5612, 5608, 5609, 5613, 5614, 5610,
  5611, 5615, 5616, 5612, 5613, 5617, 5618, 5614,
  5615, 5619, 5620, 5616, 5617, 5621, 5622, 5618,
  5619, 5623, 5624, 5620, 5621, 5625, 5626, 5622,
  5623, 5627, 5628, 5624, 5625, 5629, 5630, 5626,
  1472, 5592, 5631, 1495, 1474, 5594, 5632, 1496,
  5592, 5596, 5633, 5631, 5594, 5598, 5634, 5632,
  5596, 5600, 5635, 5633, 5598, 5602, 5636, 5634,
  5600, 5604, 5637, 5635, 5602, 5606, 5638, 5636,
  5604, 5608, 5639, 5637, 5606, 5610, 5640, 5638,
  5608, 5612, 5641, 5639, 5610, 5614, 5642, 5640,
  5612, 5616, 5643, 5641, 5614, 5618, 5644, 5642,
  5616, 5620, 5645, 5643, 5618, 5622, 5646, 5644,
  5620, 5624, 5647, 5645, 5622, 5626, 5648, 5646,
  5624, 5628, 5649, 5647, 5626, 5630, 5650, 5648,
  1495, 5631, 5651, 1517, 1496, 5632, 5652, 1518,
  5631, 5633, 5653, 5651, 5632, 5634, 5654, 5652,
  5633, 5635, 5655, 5653, 5634, 5636, 5656, 5654,
  5635, 5637, 5657, 5655, 5636, 5638, 5658, 5656,
  5637, 5639, 5659, 5657, 5638, 5640, 5660, 5658,
  5639, 5641, 5661, 5659, 5640, 5642, 5662, 5660,
  5641, 5643, 5663, 5661, 5642, 5644, 5664, 5662,
  5643, 5645, 5665, 5663, 5644, 5646, 5666, 5664,
  5645, 5647, 5667, 5665, 5646, 5648, 5668, 5666,
  5647, 5649, 5669, 5667, 5648, 5650, 5670, 5668,
  1517, 5651, 5671, 1539, 1518, 5652, 5672, 1540,
  5651, 5653, 5673, 5671, 5652, 5654, 5674, 5672,
  5653, 5655, 5675, 5673, 5654, 5656, 5676, 5674,
  5655, 5657, 5677, 5675, 5656, 5658, 5678, 5676,
  5657, 5659, 5679, 5677, 5658, 5660, 5680, 5678,
  5659, 5661, 5681, 5679, 5660, 5662, 5682, 5680,
  5661, 5663, 5683, 5681, 5662, 5664, 5684, 5682,
  5663, 5665, 5685, 5683, 5664, 5666, 5686, 5684,
  5665, 5667, 5687, 5685, 5666, 5668, 5688, 5686,
  5667, 5669, 5689, 5687, 5668, 5670, 5690, 5688,
  1539, 5671, 5691, 1561, 1540, 5672, 5692, 1562,
  5671, 5673, 5693, 5691, 5672, 5674, 5694, 5692,
  5673, 5675, 5695, 5693, 5674, 5676, 5696, 5694,
  5675, 5677, 5697, 5695, 5676, 5678, 5698, 5696,
  5677, 5679, 5699, 5697, 5678, 5680, 5700, 5698,
  5679, 5681, 5701, 5699, 5680, 5682, 5702, 5700,
  5681, 5683, 5703, 5701, 5682, 5684, 5704, 5702,
  5683, 5685, 5705, 5703, 5684, 5686, 5706, 5704,
  5685, 5687, 5707, 5705, 5686, 5688, 5708, 5706,
  5687, 5689, 5709, 5707, 5688, 5690, 5710, 5708,
  1561, 5691, 5711, 1583, 1562, 5692, 5712, 1584,
  5691, 5693, 5713, 5711, 5692, 5694, 5714, 5712,
  5693, 5695, 5715, 5713, 5694, 5696, 5716, 5714,
  5695, 5697, 5717, 5715, 5696, 5698, 5718, 5716,
  5697, 5699, 5719, 5717, 5698, 5700, 5720, 5718,
  5699, 5701, 5721, 5719, 5700, 5702, 5722, 5720,
  5701, 5703, 5723, 5721, 5702, 5704, 5724, 5722,
  5703, 5705, 5725, 5723, 5704, 5706, 5726, 5724,
  5705, 5707, 5727, 5725, 5706, 5708, 5728, 5726,
  5707, 5709, 5729, 5727, 5708, 5710, 5730, 5728,
  1583, 5711, 5731, 1605, 1584, 5712, 5732, 1606,
  5711, 5713, 5733, 5731, 5712, 5714, 5734, 5732,
  5713, 5715, 5735, 5733, 5714, 5716, 5736, 5734,
  5715, 5717, 5737, 5735, 5716, 5718, 5738, 5736,
  5717, 5719, 5739, 5737, 5718, 5720, 5740, 5738,
  5719, 5721, 5741, 5739, 5720, 5722, 5742, 5740,
  5721, 5723, 5743, 5741, 5722, 5724, 5744, 5742,
  5723, 5725, 5745, 5743, 5724, 5726, 5746, 5744,
  5725, 5727, 5747, 5745, 5726, 5728, 5748, 5746,
  5727, 5729, 5749, 5747, 5728, 5730, 5750, 5748,
  1605, 5731, 5751, 1627, 1606, 5732, 5752, 1628,
  5731, 5733, 5753, 5751, 5732, 5734, 5754, 5752,
  5733, 5735, 5755, 5753, 5734, 5736, 5756, 5754,
  5735, 5737, 5757, 5755, 5736, 5738, 5758, 5756,
  5737, 5739, 5759, 5757, 5738, 5740, 5760, 5758,
  5739, 5741, 5761, 5759, 5740, 5742, 5762, 5760,
  5741, 5743, 5763, 5761, 5742, 5744, 5764, 5762,
  5743, 5745, 5765, 5763, 5744, 5746, 5766, 5764,
  5745, 5747, 5767, 5765, 5746, 5748, 5768, 5766,
  5747, 5749, 5769, 5767, 5748, 5750, 5770, 5768,
  1627, 5751, 5771, 1649, 1628, 5752, 5772, 1650,
  5751, 5753, 5773, 5771, 5752, 5754, 5774, 5772,
  5753, 5755, 5775, 5773, 5754, 5756, 5776, 5774,
  5755, 5757, 5777, 5775, 5756, 5758, 5778, 5776,
  5757, 5759, 5779, 5777, 5758, 5760, 5780, 5778,
  5759, 5761, 5781, 5779, 5760, 5762, 5782, 5780,
  5761, 5763, 5783, 5781, 5762, 5764, 5784, 5782,
  5763, 5765, 5785, 5783, 5764, 5766, 5786, 5784,
  5765, 5767, 5787, 5785, 5766, 5768, 5788, 5786,
  5767, 5769, 5789, 5787, 5768, 5770, 5790, 5788,
  1649, 5771, 5791, 1671, 1650, 5772, 5792, 1672,
  5771, 5773, 5793, 5791, 5772, 5774, 5794, 5792,
  5773, 5775, 5795, 5793, 5774, 5776, 5796, 5794,
  5775, 5777, 5797, 5795, 5776, 5778, 5798, 5796,
  5777, 5779, 5799, 5797, 5778, 5780, 5800, 5798,
  5779, 5781, 5801, 5799, 5780, 5782, 5802, 5800,
  5781, 5783, 5803, 5801, 5782, 5784, 5804, 5802,
  5783, 5785, 5805, 5803, 5784, 5786, 5806, 5804,
  5785, 5787, 5807, 5805, 5786, 5788, 5808, 5806,
  5787, 5789, 5809, 5807, 5788, 5790, 5810, 5808,
  1473, 5593, 5594, 1474, 1693, 5811, 5812, 1694,
  5593, 5597, 5598, 5594, 5811, 5813, 5814, 5812,
  5597, 5601, 5602, 5598, 5813, 5815, 5816, 5814,
  5601, 5605, 5606, 5602, 5815, 5817, 5818, 5816,
  5605, 5609, 5610, 5606, 5817, 5819, 5820, 5818,
  5609, 5613, 5614, 5610, 5819, 5821, 5822, 5820,
  5613, 5617, 5618, 5614, 5821, 5823, 5824, 5822,
  5617, 5621, 5622, 5618, 5823, 5825, 5826, 5824,
  5621, 5625, 5626, 5622, 5825, 5827, 5828, 5826,
  5625, 5629, 5630, 5626, 5827, 5829, 5830, 5828,
  1474, 5594, 5632, 1496, 1694, 5812, 5831, 1705,
  5594, 5598, 5634, 5632, 5812, 5814, 5832, 5831,
  5598, 5602, 5636, 5634, 5814, 5816, 5833, 5832,
  5602, 5606, 5638, 5636, 5816, 5818, 5834, 5833,
  5606, 5610, 5640, 5638, 5818, 5820, 5835, 5834,
  5610, 5614, 5642, 5640, 5820, 5822, 5836, 5835,
  5614, 5618, 5644, 5642, 5822, 5824, 5837, 5836,
  5618, 5622, 5646, 5644, 5824, 5826, 5838, 5837,
  5622, 5626, 5648, 5646, 5826, 5828, 5839, 5838,
  5626, 5630, 5650, 5648, 5828, 5830, 5840, 5839,
  1496, 5632, 5652, 1518, 1705, 5831, 5841, 1716,
  5632, 5634, 5654, 5652, 5831, 5832, 5842, 5841,
  5634, 5636, 5656, 5654, 5832, 5833, 5843, 5842,
  5636, 5638, 5658, 5656, 5833, 5834, 5844, 5843,
  5638, 5640, 5660, 5658, 5834, 5835, 5845, 5844,
  5640, 5642, 5662, 5660, 5835, 5836, 5846, 5845,
  5642, 5644, 5664, 5662, 5836, 5837, 5847, 5846,
  5644, 5646, 5666, 5664, 5837, 5838, 5848, 5847,
  5646, 5648, 5668, 5666, 5838, 5839, 5849, 5848,
  5648, 5650, 5670, 5668, 5839, 5840, 5850, 5849,
  1518, 5652, 5672, 1540, 1716, 5841, 5851, 1727,
  5652, 5654, 5674, 5672, 5841, 5842, 5852, 5851,
  5654, 5656, 5676, 5674, 5842, 5843, 5853, 5852,
  5656, 5658, 5678, 5676, 5843, 5844, 5854, 5853,
  5658, 5660, 5680, 5678, 5844, 5845, 5855, 5854,
  5660, 5662, 5682, 5680, 5845, 5846, 5856, 5855,
  5662, 5664, 5684, 5682, 5846, 5847, 5857, 5856,
  5664, 5666, 5686, 5684, 5847, 5848, 5858, 5857,
  5666, 5668, 5688, 5686, 5848, 5849, 5859, 5858,
  5668, 5670, 5690, 5688, 5849, 5850, 5860, 5859,
  1540, 5672, 5692, 1562, 1727, 5851, 5861, 1738,
  5672, 5674, 5694, 5692, 5851, 5852, 5862, 5861,
  5674, 5676, 5696, 5694, 5852, 5853, 5863, 5862,
  5676, 5678, 5698, 5696, 5853, 5854, 5864, 5863,
  5678, 5680, 5700, 5698, 5854, 5855, 5865, 5864,
  5680, 5682, 5702, 5700, 5855, 5856, 5866, 5865,
  5682, 5684, 5704, 5702, 5856, 5857, 5867, 5866,
  5684, 5686, 5706, 5704, 5857, 5858, 5868, 5867,
  5686, 5688, 5708, 5706, 5858, 5859, 5869, 5868,
  5688, 5690, 5710, 5708, 5859, 5860, 5870, 5869,
  1562, 5692, 5712, 1584, 1738, 5861, 5871, 1749,
  5692, 5694, 5714, 5712, 5861, 5862, 5872, 5871,
  5694, 5696, 5716, 5714, 5862, 5863, 5873, 5872,
  5696, 5698, 5718, 5716, 5863, 5864, 5874, 5873,
  5698, 5700, 5720, 5718, 5864, 5865, 5875, 5874,
  5700, 5702, 5722, 5720, 5865, 5866, 5876, 5875,
  5702, 5704, 5724, 5722, 5866, 5867, 5877, 5876,
  5704, 5706, 5726, 5724, 5867, 5868, 5878, 5877,
  5706, 5708, 5728, 5726, 5868, 5869, 5879, 5878,
  5708, 5710, 5730, 5728, 5869, 5870, 5880, 5879,
  1584, 5712, 5732, 1606, 1749, 5871, 5881, 1760,
  5712, 5714, 5734, 5732, 5871, 5872, 5882, 5881,
  5714, 5716, 5736, 5734, 5872, 5873, 5883, 5882,
  5716, 5718, 5738, 5736, 5873, 5874, 5884, 5883,
  5718, 5720, 5740, 5738, 5874, 5875, 5885, 5884,
  5720, 5722, 5742, 5740, 5875, 5876, 5886, 5885,
  5722, 5724, 5744, 5742, 5876, 5877, 5887, 5886,
  5724, 5726, 5746, 5744, 5877, 5878, 5888, 5887,
  5726, 5728, 5748, 5746, 5878, 5879, 5889, 5888,
  5728, 5730, 5750, 5748, 5879, 5880, 5890, 5889,
  1606, 5732, 5752, 1628, 1760, 5881, 5891, 1771,
  5732, 5734, 5754, 5752, 5881, 5882, 5892, 5891,
  5734, 5736, 5756, 5754, 5882, 5883, 5893, 5892,
  5736, 5738, 5758, 5756, 5883, 5884, 5894, 5893,
  5738, 5740, 5760, 5758, 5884, 5885, 5895, 5894,
  5740, 5742, 5762, 5760, 5885, 5886, 5896, 5895,
  5742, 5744, 5764, 5762, 5886, 5887, 5897, 5896,
  5744, 5746, 5766, 5764, 5887, 5888, 5898, 5897,
  5746, 5748, 5768, 5766, 5888, 5889, 5899, 5898,
  5748, 5750, 5770, 5768, 5889, 5890, 5900, 5899,
  1628, 5752, 5772, 1650, 1771, 5891, 5901, 1782,
  5752, 5754, 5774, 5772, 5891, 5892, 5902, 5901,
  5754, 5756, 5776, 5774, 5892, 5893, 5903, 5902,
  5756, 5758, 5778, 5776, 5893, 5894, 5904, 5903,
  5758, 5760, 5780, 5778, 5894, 5895, 5905, 5904,
  5760, 5762, 5782, 5780, 5895, 5896, 5906, 5905,
  5762, 5764, 5784, 5782, 5896, 5897, 5907, 5906,
  5764, 5766, 5786, 5784, 5897, 5898, 5908, 5907,
  5766, 5768, 5788, 5786, 5898, 5899, 5909, 5908,
  5768, 5770, 5790, 5788, 5899, 5900, 5910, 5909,
  1650, 5772, 5792, 1672, 1782, 5901, 5911, 1793,
  5772, 5774, 5794, 5792, 5901, 5902, 5912, 5911,
  5774, 5776, 5796, 5794, 5902, 5903, 5913, 5912,
  5776, 5778, 5798, 5796, 5903, 5904, 5914, 5913,
  5778, 5780, 5800, 5798, 5904, 5905, 5915, 5914,
  5780, 5782, 5802, 5800, 5905, 5906, 5916, 5915,
  5782, 5784, 5804, 5802, 5906, 5907, 5917, 5916,
  5784, 5786, 5806, 5804, 5907, 5908, 5918, 5917,
  5786, 5788, 5808, 5806, 5908, 5909, 5919, 5918,
  5788, 5790, 5810, 5808, 5909, 5910, 5920, 5919,
  1693, 5811, 5812, 1694, 1814, 5921, 5922, 1815,
  5811, 5813, 5814, 5812, 5921, 5923, 5924, 5922,
  5813, 5815, 5816, 5814, 5923, 5925, 5926, 5924,
  5815, 5817, 5818, 5816, 5925, 5927, 5928, 5926,
  5817, 5819, 5820, 5818, 5927, 5929, 5930, 5928,
  5819, 5821, 5822, 5820, 5929, 5931, 5932, 5930,
  5821, 5823, 5824, 5822, 5931, 5933, 5934, 5932,
  5823, 5825, 5826, 5824, 5933, 5935, 5936, 5934,
  5825, 5827, 5828, 5826, 5935, 5937, 5938, 5936,
  5827, 5829, 5830, 5828, 5937, 5939, 5940, 5938,
  1694, 5812, 5831, 1705, 1815, 5922, 5941, 1826,
  5812, 5814, 5832, 5831, 5922, 5924, 5942, 5941,
  5814, 5816, 5833, 5832, 5924, 5926, 5943, 5942,
  5816, 5818, 5834, 5833, 5926, 5928, 5944, 5943,
  5818, 5820, 5835, 5834, 5928, 5930, 5945, 5944,
  5820, 5822, 5836, 5835, 5930, 5932, 5946, 5945,
  5822, 5824, 5837, 5836, 5932, 5934, 5947, 5946,
  5824, 5826, 5838, 5837, 5934, 5936, 5948, 5947,
  5826, 5828, 5839, 5838, 5936, 5938, 5949, 5948,
  5828, 5830, 5840, 5839, 5938, 5940, 5950, 5949,
  1705, 5831, 5841, 1716, 1826, 5941, 5951, 1837,
  5831, 5832, 5842, 5841, 5941, 5942, 5952, 5951,
  5832, 5833, 5843, 5842, 5942, 5943, 5953, 5952,
  5833, 5834, 5844, 5843, 5943, 5944, 5954, 5953,
  5834, 5835, 5845, 5844, 5944, 5945, 5955, 5954,
  5835, 5836, 5846, 5845, 5945, 5946, 5956, 5955,
  5836, 5837, 5847, 5846, 5946, 5947, 5957, 5956,
  5837, 5838, 5848, 5847, 5947, 5948, 5958, 5957,
  5838, 5839, 5849, 5848, 5948, 5949, 5959, 5958,
  5839, 5840, 5850, 5849, 5949, 5950, 5960, 5959,
  1716, 5841, 5851, 1727, 1837, 5951, 5961, 1848,
  5841, 5842, 5852, 5851, 5951, 5952, 5962, 5961,
  5842, 5843, 5853, 5852, 5952, 5953, 5963, 5962,
  5843, 5844, 5854, 5853, 5953, 5954, 5964, 5963,
  5844, 5845, 5855, 5854, 5954, 5955, 5965, 5964,
  5845, 5846, 5856, 5855, 5955, 5956, 5966, 5965,
  5846, 5847, 5857, 5856, 5956, 5957, 5967, 5966,
  5847, 5848, 5858, 5857, 5957, 5958, 5968, 5967,
  5848, 5849, 5859, 5858, 5958, 5959, 5969, 5968,
  5849, 5850, 5860, 5859, 5959, 5960, 5970, 5969,
  1727, 5851, 5861, 1738, 1848, 5961, 5971, 1859,
  5851, 5852, 5862, 5861, 5961, 5962, 5972, 5971,
  5852, 5853, 5863, 5862, 5962, 5963, 5973, 5972,
  5853, 5854, 5864, 5863, 5963, 5964, 5974, 5973,
  5854, 5855, 5865, 5864, 5964, 5965, 5975, 5974,
  5855, 5856, 5866, 5865, 5965, 5966, 5976, 5975,
  5856, 5857, 5867, 5866, 5966, 5967, 5977, 5976,
  5857, 5858, 5868, 5867, 5967, 5968, 5978, 5977,
  5858, 5859, 5869, 5868, 5968, 5969, 5979, 5978,
  5859, 5860, 5870, 5869, 5969, 5970, 5980, 5979,
  1738, 5861, 5871, 1749, 1859, 5971, 5981, 1870,
  5861, 5862, 5872, 5871, 5971, 5972, 5982, 5981,
  5862, 5863, 5873, 5872, 5972, 5973, 5983, 5982,
  5863, 5864, 5874, 5873, 5973, 5974, 5984, 5983,
  5864, 5865, 5875, 5874, 5974, 5975, 5985, 5984,
  5865, 5866, 5876, 5875, 5975, 5976, 5986, 5985,
  5866, 5867, 5877, 5876, 5976, 5977, 5987, 5986,
  5867, 5868, 5878, 5877, 5977, 5978, 5988, 5987,
  5868, 5869, 5879, 5878, 5978, 5979, 5989, 5988,
  5869, 5870, 5880, 5879, 5979, 5980, 5990, 5989,
  1749, 5871, 5881, 1760, 1870, 5981, 5991, 1881,
  5871, 5872, 5882, 5881, 5981, 5982, 5992, 5991,
  5872, 5873, 5883, 5882, 5982, 5983, 5993, 5992,
  5873, 5874, 5884, 5883, 5983, 5984, 5994, 5993,
  5874, 5875, 5885, 5884, 5984, 5985, 5995, 5994,
  5875, 5876, 5886, 5885, 5985, 5986, 5996, 5995,
  5876, 5877, 5887, 5886, 5986, 5987, 5997, 5996,
  5877, 5878, 5888, 5887, 5987, 5988, 5998, 5997,
  5878, 5879, 5889, 5888, 5988, 5989, 5999, 5998,
  5879, 5880, 5890, 5889, 5989, 5990, 6000, 5999,
  1760, 5881, 5891, 1771, 1881, 5991, 6001, 1892,
  5881, 5882, 5892, 5891, 5991, 5992, 6002, 6001,
  5882, 5883, 5893, 5892, 5992, 5993, 6003, 6002,
  5883, 5884, 5894, 5893, 5993, 5994, 6004, 6003,
  5884, 5885, 5895, 5894, 5994, 5995, 6005, 6004,
  5885, 5886, 5896, 5895, 5995, 5996, 6006, 6005,
  5886, 5887, 5897, 5896, 5996, 5997, 6007, 6006,
  5887, 5888, 5898, 5897, 5997, 5998, 6008, 6007,
  5888, 5889, 5899, 5898, 5998, 5999, 6009, 6008,
  5889, 5890, 5900, 5899, 5999, 6000, 6010, 6009,
  1771, 5891, 5901, 1782, 1892, 6001, 6011, 1903,
  5891, 5892, 5902, 5901, 6001, 6002, 6012, 6011,
  5892, 5893, 5903, 5902, 6002, 6003, 6013, 6012,
  5893, 5894, 5904, 5903, 6003, 6004, 6014, 6013,
  5894, 5895, 5905, 5904, 6004, 6005, 6015, 6014,
  5895, 5896, 5906, 5905, 6005, 6006, 6016, 6015,
  5896, 5897, 5907, 5906, 6006, 6007, 6017, 6016,
  5897, 5898, 5908, 5907, 6007, 6008, 6018, 6017,
  5898, 5899, 5909, 5908, 6008, 6009, 6019, 6018,
  5899, 5900, 5910, 5909, 6009, 6010, 6020, 6019,
  1782, 5901, 5911, 1793, 1903, 6011, 6021, 1914,
  5901, 5902, 5912, 5911, 6011, 6012, 6022, 6021,
  5902, 5903, 5913, 5912, 6012, 6013, 6023, 6022,
  5903, 5904, 5914, 5913, 6013, 6014, 6024, 6023,
  5904, 5905, 5915, 5914, 6014, 6015, 6025, 6024,
  5905, 5906, 5916, 5915, 6015, 6016, 6026, 6025,
  5906, 5907, 5917, 5916, 6016, 6017, 6027, 6026,
  5907, 5908, 5918, 5917, 6017, 6018, 6028, 6027,
  5908, 5909, 5919, 5918, 6018, 6019, 6029, 6028,
  5909, 5910, 5920, 5919, 6019, 6020, 6030, 6029,
  1814, 5921, 5922, 1815, 1935, 6031, 6032, 1936,
  5921, 5923, 5924, 5922, 6031, 6033, 6034, 6032,
  5923, 5925, 5926, 5924, 6033, 6035, 6036, 6034,
  5925, 5927, 5928, 5926, 6035, 6037, 6038, 6036,
  5927, 5929, 5930, 5928, 6037, 6039, 6040, 6038,
  5929, 5931, 5932, 5930, 6039, 6041, 6042, 6040,
  5931, 5933, 5934, 5932, 6041, 6043, 6044, 6042,
  5933, 5935, 5936, 5934, 6043, 6045, 6046, 6044,
  5935, 5937, 5938, 5936, 6045, 6047, 6048, 6046,
  5937, 5939, 5940, 5938, 6047, 6049, 6050, 6048,
  1815, 5922, 5941, 1826, 1936, 6032, 6051, 1947,
  5922, 5924, 5942, 5941, 6032, 6034, 6052, 6051,
  5924, 5926, 5943, 5942, 6034, 6036, 6053, 6052,
  5926, 5928, 5944, 5943, 6036, 6038, 6054, 6053,
  5928, 5930, 5945, 5944, 6038, 6040, 6055, 6054,
  5930, 5932, 5946, 5945, 6040, 6042, 6056, 6055,
  5932, 5934, 5947, 5946, 6042, 6044, 6057, 6056,
  5934, 5936, 5948, 5947, 6044, 6046, 6058, 6057,
  5936, 5938, 5949, 5948, 6046, 6048, 6059, 6058,
  5938, 5940, 5950, 5949, 6048, 6050, 6060, 6059,
  1826, 5941, 5951, 1837, 1947, 6051, 6061, 1958,
  5941, 5942, 5952, 5951, 6051, 6052, 6062, 6061,
  5942, 5943, 5953, 5952, 6052, 6053, 6063, 6062,
  5943, 5944, 5954, 5953, 6053, 6054, 6064, 6063,
  5944, 5945, 5955, 5954, 6054, 6055, 6065, 6064,
  5945, 5946, 5956, 5955, 6055, 6056, 6066, 6065,
  5946, 5947, 5957, 5956, 6056, 6057, 6067, 6066,
  5947, 5948, 5958, 5957, 6057, 6058, 6068, 6067,
  5948, 5949, 5959, 5958, 6058, 6059, 6069, 6068,
  5949, 5950, 5960, 5959, 6059, 6060, 6070, 6069,
  1837, 5951, 5961, 1848, 1958, 6061, 6071, 1969,
  5951, 5952, 5962, 5961, 6061, 6062, 6072, 6071,
  5952, 5953, 5963, 5962, 6062, 6063, 6073, 6072,
  5953, 5954, 5964, 5963, 6063, 6064, 6074, 6073,
  5954, 5955, 5965, 5964, 6064, 6065, 6075, 6074,
  5955, 5956, 5966, 5965, 6065, 6066, 6076, 6075,
  5956, 5957, 5967, 5966, 6066, 6067, 6077, 6076,
  5957, 5958, 5968, 5967, 6067, 6068, 6078, 6077,
  5958, 5959, 5969, 5968, 6068, 6069, 6079, 6078,
  5959, 5960, 5970, 5969, 6069, 6070, 6080, 6079,
  1848, 5961, 5971, 1859, 1969, 6071, 6081, 1980,
  5961, 5962, 5972, 5971, 6071, 6072, 6082, 6081,
  5962, 5963, 5973, 5972, 6072, 6073, 6083, 6082,
  5963, 5964, 5974, 5973, 6073, 6074, 6084, 6083,
  5964, 5965, 5975, 5974, 6074, 6075, 6085, 6084,
  5965, 5966, 5976, 5975, 6075, 6076, 6086, 6085,
  5966, 5967, 5977, 5976, 6076, 6077, 6087, 6086,
  5967, 5968, 5978, 5977, 6077, 6078, 6088, 6087,
  5968, 5969, 5979, 5978, 6078, 6079, 6089, 6088,
  5969, 5970, 5980, 5979, 6079, 6080, 6090, 6089,
  1859, 5971, 5981, 1870, 1980, 6081, 6091, 1991,
  5971, 5972, 5982, 5981, 6081, 6082, 6092, 6091,
  5972, 5973, 5983, 5982, 6082, 6083, 6093, 6092,
  5973, 5974, 5984, 5983, 6083, 6084, 6094, 6093,
  5974, 5975, 5985, 5984, 6084, 6085, 6095, 6094,
  5975, 5976, 5986, 5985, 6085, 6086, 6096, 6095,
  5976, 5977, 5987, 5986, 6086, 6087, 6097, 6096,
  5977, 5978, 5988, 5987, 6087, 6088, 6098, 6097,
  5978, 5979, 5989, 5988, 6088, 6089, 6099, 6098,
  5979, 5980, 5990, 5989, 6089, 6090, 6100, 6099,
  1870, 5981, 5991, 1881, 1991, 6091, 6101, 2002,
  5981, 5982, 5992, 5991, 6091, 6092, 6102, 6101,
  5982, 5983, 5993, 5992, 6092, 6093, 6103, 6102,
  5983, 5984, 5994, 5993, 6093, 6094, 6104, 6103,
  5984, 5985, 5995, 5994, 6094, 6095, 6105, 6104,
  5985, 5986, 5996, 5995, 6095, 6096, 6106, 6105,
  5986, 5987, 5997, 5996, 6096, 6097, 6107, 6106,
  5987, 5988, 5998, 5997, 6097, 6098, 6108, 6107,
  5988, 5989, 5999, 5998, 6098, 6099, 6109, 6108,
  5989, 5990, 6000, 5999, 6099, 6100, 6110, 6109,
  1881, 5991, 6001, 1892, 2002, 6101, 6111, 2013,
  5991, 5992, 6002, 6001, 6101, 6102, 6112, 6111,
  5992, 5993, 6003, 6002, 6102, 6103, 6113, 6112,
  5993, 5994, 6004, 6003, 6103, 6104, 6114, 6113,
  5994, 5995, 6005, 6004, 6104, 6105, 6115, 6114,
  5995, 5996, 6006, 6005, 6105, 6106, 6116, 6115,
  5996, 5997, 6007, 6006, 6106, 6107, 6117, 6116,
  5997, 5998, 6008, 6007, 6107, 6108, 6118, 6117,
  5998, 5999, 6009, 6008, 6108, 6109, 6119, 6118,
  5999, 6000, 6010, 6009, 6109, 6110, 6120, 6119,
  1892, 6001, 6011, 1903, 2013, 6111, 6121, 2024,
  6001, 6002, 6012, 6011, 6111, 6112, 6122, 6121,
  6002, 6003, 6013, 6012, 6112, 6113, 6123, 6122,
  6003, 6004, 6014, 6013, 6113, 6114, 6124, 6123,
  6004, 6005, 6015, 6014, 6114, 6115, 6125, 6124,
  6005, 6006, 6016, 6015, 6115, 6116, 6126, 6125,
  6006, 6007, 6017, 6016, 6116, 6117, 6127, 6126,
  6007, 6008, 6018, 6017, 6117, 6118, 6128, 6127,
  6008, 6009, 6019, 6018, 6118, 6119, 6129, 6128,
  6009, 6010, 6020, 6019, 6119, 6120, 6130, 6129,
  1903, 6011, 6021, 1914, 2024, 6121, 6131, 2035,
  6011, 6012, 6022, 6021, 6121, 6122, 6132, 6131,
  6012, 6013, 6023, 6022, 6122, 6123, 6133, 6132,
  6013, 6014, 6024, 6023, 6123, 6124, 6134, 6133,
  6014, 6015, 6025, 6024, 6124, 6125, 6135, 6134,
  6015, 6016, 6026, 6025, 6125, 6126, 6136, 6135,
  6016, 6017, 6027, 6026, 6126, 6127, 6137, 6136,
  6017, 6018, 6028, 6027, 6127, 6128, 6138, 6137,
  6018, 6019, 6029, 6028, 6128, 6129, 6139, 6138,
  6019, 6020, 6030, 6029, 6129, 6130, 6140, 6139,
  1935, 6031, 6032, 1936, 2056, 6141, 6142, 2057,
  6031, 6033, 6034, 6032, 6141, 6143, 6144, 6142,
  6033, 6035, 6036, 6034, 6143, 6145, 6146, 6144,
  6035, 6037, 6038, 6036, 6145, 6147, 6148, 6146,
  6037, 6039, 6040, 6038, 6147, 6149, 6150, 6148,
  6039, 6041, 6042, 6040, 6149, 6151, 6152, 6150,
  6041, 6043, 6044, 6042, 6151, 6153, 6154, 6152,
  6043, 6045, 6046, 6044, 6153, 6155, 6156, 6154,
  6045, 6047, 6048, 6046, 6155, 6157, 6158, 6156,
  6047, 6049, 6050, 6048, 6157, 6159, 6160, 6158,
  1936, 6032, 6051, 1947, 2057, 6142, 6161, 2068,
  6032, 6034, 6052, 6051, 6142, 6144, 6162, 6161,
  6034, 6036, 6053, 6052, 6144, 6146, 6163, 6162,
  6036, 6038, 6054, 6053, 6146, 6148, 6164, 6163,
  6038, 6040, 6055, 6054, 6148, 6150, 6165, 6164,
  6040, 6042, 6056, 6055, 6150, 6152, 6166, 6165,
  6042, 6044, 6057, 6056, 6152, 6154, 6167, 6166,
  6044, 6046, 6058, 6057, 6154, 6156, 6168, 6167,
  6046, 6048, 6059, 6058, 6156, 6158, 6169, 6168,
  6048, 6050, 6060, 6059, 6158, 6160, 6170, 6169,
  1947, 6051, 6061, 1958, 2068, 6161, 6171, 2079,
  6051, 6052, 6062, 6061, 6161, 6162, 6172, 6171,
  6052, 6053, 6063, 6062, 6162, 6163, 6173, 6172,
  6053, 6054, 6064, 6063, 6163, 6164, 6174, 6173,
  6054, 6055, 6065, 6064, 6164, 6165, 6175, 6174,
  6055, 6056, 6066, 6065, 6165, 6166, 6176, 6175,
  6056, 6057, 6067, 6066, 6166, 6167, 6177, 6176,
  6057, 6058, 6068, 6067, 6167, 6168, 6178, 6177,
  6058, 6059, 6069, 6068, 6168, 6169, 6179, 6178,
  6059, 6060, 6070, 6069, 6169, 6170, 6180, 6179,
  1958, 6061, 6071, 1969, 2079, 6171, 6181, 2090,
  6061, 6062, 6072, 6071, 6171, 6172, 6182, 6181,
  6062, 6063, 6073, 6072, 6172, 6173, 6183, 6182,
  6063, 6064, 6074, 6073, 6173, 6174, 6184, 6183,
  6064, 6065, 6075, 6074, 6174, 6175, 6185, 6184,
  6065, 6066, 6076, 6075, 6175, 6176, 6186, 6185,
  6066, 6067, 6077, 6076, 6176, 6177, 6187, 6186,
  6067, 6068, 6078, 6077, 6177, 6178, 6188, 6187,
  6068, 6069, 6079, 6078, 6178, 6179, 6189, 6188,
  6069, 6070, 6080, 6079, 6179, 6180, 6190, 6189,
  1969, 6071, 6081, 1980, 2090, 6181, 6191, 2101,
  6071, 6072, 6082, 6081, 6181, 6182, 6192, 6191,
  6072, 6073, 6083, 6082, 6182, 6183, 6193, 6192,
  6073, 6074, 6084, 6083, 6183, 6184, 6194, 6193,
  6074, 6075, 6085, 6084, 6184, 6185, 6195, 6194,
  6075, 6076, 6086, 6085, 6185, 6186, 6196, 6195,
  6076, 6077, 6087, 6086, 6186, 6187, 6197, 6196,
  6077, 6078, 6088, 6087, 6187, 6188, 6198, 6197,
  6078, 6079, 6089, 6088, 6188, 6189, 6199, 6198,
  6079, 6080, 6090, 6089, 6189, 6190, 6200, 6199,
  1980, 6081, 6091, 1991, 2101, 6191, 6201, 2112,
  6081, 6082, 6092, 6091, 6191, 6192, 6202, 6201,
  6082, 6083, 6093, 6092, 6192, 6193, 6203, 6202,
  6083, 6084, 6094, 6093, 6193, 6194, 6204, 6203,
  6084, 6085, 6095, 6094, 6194, 6195, 6205, 6204,
  6085, 6086, 6096, 6095, 6195, 6196, 6206, 6205,
  6086, 6087, 6097, 6096, 6196, 6197, 6207, 6206,
  6087, 6088, 6098, 6097, 6197, 6198, 6208, 6207,
  6088, 6089, 6099, 6098, 6198, 6199, 6209, 6208,
  6089, 6090, 6100, 6099, 6199, 6200, 6210, 6209,
  1991, 6091, 6101, 2002, 2112, 6201, 6211, 2123,
  6091, 6092, 6102, 6101, 6201, 6202, 6212, 6211,
  6092, 6093, 6103, 6102, 6202, 6203, 6213, 6212,
  6093, 6094, 6104, 6103, 6203, 6204, 6214, 6213,
  6094, 6095, 6105, 6104, 6204, 6205, 6215, 6214,
  6095, 6096, 6106, 6105, 6205, 6206, 6216, 6215,
  6096, 6097, 6107, 6106, 6206, 6207, 6217, 6216,
  6097, 6098, 6108, 6107, 6207, 6208, 6218, 6217,
  6098, 6099, 6109, 6108, 6208, 6209, 6219, 6218,
  6099, 6100, 6110, 6109, 6209, 6210, 6220, 6219,
  2002, 6101, 6111, 2013, 2123, 6211, 6221, 2134,
  6101, 6102, 6112, 6111, 6211, 6212, 6222, 6221,
  6102, 6103, 6113, 6112, 6212, 6213, 6223, 6222,
  6103, 6104, 6114, 6113, 6213, 6214, 6224, 6223,
  6104, 6105, 6115, 6114, 6214, 6215, 6225, 6224,
  6105, 6106, 6116, 6115, 6215, 6216, 6226, 6225,
  6106, 6107, 6117, 6116, 6216, 6217, 6227, 6226,
  6107, 6108, 6118, 6117, 6217, 6218, 6228, 6227,
  6108, 6109, 6119, 6118, 6218, 6219, 6229, 6228,
  6109, 6110, 6120, 6119, 6219, 6220, 6230, 6229,
  2013, 6111, 6121, 2024, 2134, 6221, 6231, 2145,
  6111, 6112, 6122, 6121, 6221, 6222, 6232, 6231,
  6112, 6113, 6123, 6122, 6222, 6223, 6233, 6232,
  6113, 6114, 6124, 6123, 6223, 6224, 6234, 6233,
  6114, 6115, 6125, 6124, 6224, 6225, 6235, 6234,
  6115, 6116, 6126, 6125, 6225, 6226, 6236, 6235,
  6116, 6117, 6127, 6126, 6226, 6227, 6237, 6236,
  6117, 6118, 6128, 6127, 6227, 6228, 6238, 6237,
  6118, 6119, 6129, 6128, 6228, 6229, 6239, 6238,
  6119, 6120, 6130, 6129, 6229, 6230, 6240, 6239,
  2024, 6121, 6131, 2035, 2145, 6231, 6241, 2156,
  6121, 6122, 6132, 6131, 6231, 6232, 6242, 6241,
  6122, 6123, 6133, 6132, 6232, 6233, 6243, 6242,
  6123, 6124, 6134, 6133, 6233, 6234, 6244, 6243,
  6124, 6125, 6135, 6134, 6234, 6235, 6245, 6244,
  6125, 6126, 6136, 6135, 6235, 6236, 6246, 6245,
  6126, 6127, 6137, 6136, 6236, 6237, 6247, 6246,
  6127, 6128, 6138, 6137, 6237, 6238, 6248, 6247,
  6128, 6129, 6139, 6138, 6238, 6239, 6249, 6248,
  6129, 6130, 6140, 6139, 6239, 6240, 6250, 6249,
  2056, 6141, 6142, 2057, 2177, 6251, 6252, 2178,
  6141, 6143, 6144, 6142, 6251, 6253, 6254, 6252,
  6143, 6145, 6146, 6144, 6253, 6255, 6256, 6254,
  6145, 6147, 6148, 6146, 6255, 6257, 6258, 6256,
  6147, 6149, 6150, 6148, 6257, 6259, 6260, 6258,
  6149, 6151, 6152, 6150, 6259, 6261, 6262, 6260,
  6151, 6153, 6154, 6152, 6261, 6263, 6264, 6262,
  6153, 6155, 6156, 6154, 6263, 6265, 6266, 6264,
  6155, 6157, 6158, 6156, 6265, 6267, 6268, 6266,
  6157, 6159, 6160, 6158, 6267, 6269, 6270, 6268,
  2057, 6142, 6161, 2068, 2178, 6252, 6271, 2189,
  6142, 6144, 6162, 6161, 6252, 6254, 6272, 6271,
  6144, 6146, 6163, 6162, 6254, 6256, 6273, 6272,
  6146, 6148, 6164, 6163, 6256, 6258, 6274, 6273,
  6148, 6150, 6165, 6164, 6258, 6260, 6275, 6274,
  6150, 6152, 6166, 6165, 6260, 6262, 6276, 6275,
  6152, 6154, 6167, 6166, 6262, 6264, 6277, 6276,
  6154, 6156, 6168, 6167, 6264, 6266, 6278, 6277,
  6156, 6158, 6169, 6168, 6266, 6268, 6279, 6278,
  6158, 6160, 6170, 6169, 6268, 6270, 6280, 6279,
  2068, 6161, 6171, 2079, 2189, 6271, 6281, 2200,
  6161, 6162, 6172, 6171, 6271, 6272, 6282, 6281,
  6162, 6163, 6173, 6172, 6272, 6273, 6283, 6282,
  6163, 6164, 6174, 6173, 6273, 6274, 6284, 6283,
  6164, 6165, 6175, 6174, 6274, 6275, 6285, 6284,
  6165, 6166, 6176, 6175, 6275, 6276, 6286, 6285,
  6166, 6167, 6177, 6176, 6276, 6277, 6287, 6286,
  6167, 6168, 6178, 6177, 6277, 6278, 6288, 6287,
  6168, 6169, 6179, 6178, 6278, 6279, 6289, 6288,
  6169, 6170, 6180, 6179, 6279, 6280, 6290, 6289,
  2079, 6171, 6181, 2090, 2200, 6281, 6291, 2211,
  6171, 6172, 6182, 6181, 6281, 6282, 6292, 6291,
  6172, 6173, 6183, 6182, 6282, 6283, 6293, 6292,
  6173, 6174, 6184, 6183, 6283, 6284, 6294, 6293,
  6174, 6175, 6185, 6184, 6284, 6285, 6295, 6294,
  6175, 6176, 6186, 6185, 6285, 6286, 6296, 6295,
  6176, 6177, 6187, 6186, 6286, 6287, 6297, 6296,
  6177, 6178, 6188, 6187, 6287, 6288, 6298, 6297,
  6178, 6179, 6189, 6188, 6288, 6289, 6299, 6298,
  6179, 6180, 6190, 6189, 6289, 6290, 6300, 6299,
  2090, 6181, 6191, 2101, 2211, 6291, 6301, 2222,
  6181, 6182, 6192, 6191, 6291, 6292, 6302, 6301,
  6182, 6183, 6193, 6192, 6292, 6293, 6303, 6302,
  6183, 6184, 6194, 6193, 6293, 6294, 6304, 6303,
  6184, 6185, 6195, 6194, 6294, 6295, 6305, 6304,
  6185, 6186, 6196, 6195, 6295, 6296, 6306, 6305,
  6186, 6187, 6197, 6196, 6296, 6297, 6307, 6306,
  6187, 6188, 6198, 6197, 6297, 6298, 6308, 6307,
  6188, 6189, 6199, 6198, 6298, 6299, 6309, 6308,
  6189, 6190, 6200, 6199, 6299, 6300, 6310, 6309,
  2101, 6191, 6201, 2112, 2222, 6301, 6311, 2233,
  6191, 6192, 6202, 6201, 6301, 6302, 6312, 6311,
  6192, 6193, 6203, 6202, 6302, 6303, 6313, 6312,
  6193, 6194, 6204, 6203, 6303, 6304, 6314, 6313,
  6194, 6195, 6205, 6204, 6304, 6305, 6315, 6314,
  6195, 6196, 6206, 6205, 6305, 6306, 6316, 6315,
  6196, 6197, 6207, 6206, 6306, 6307, 6317, 6316,
  6197, 6198, 6208, 6207, 6307, 6308, 6318, 6317,
  6198, 6199, 6209, 6208, 6308, 6309, 6319, 6318,
  6199, 6200, 6210, 6209, 6309, 6310, 6320, 6319,
  2112, 6201, 6211, 2123, 2233, 6311, 6321, 2244,
  6201, 6202, 6212, 6211, 6311, 6312, 6322, 6321,
  6202, 6203, 6213, 6212, 6312, 6313, 6323, 6322,
  6203, 6204, 6214, 6213, 6313, 6314, 6324, 6323,
  6204, 6205, 6215, 6214, 6314, 6315, 6325, 6324,
  6205, 6206, 6216, 6215, 6315, 6316, 6326, 6325,
  6206, 6207, 6217, 6216, 6316, 6317, 6327, 6326,
  6207, 6208, 6218, 6217, 6317, 6318, 6328, 6327,
  6208, 6209, 6219, 6218, 6318, 6319, 6329, 6328,
  6209, 6210, 6220, 6219, 6319, 6320, 6330, 6329,
  2123, 6211, 6221, 2134, 2244, 6321, 6331, 2255,
  6211, 6212, 6222, 6221, 6321, 6322, 6332, 6331,
  6212, 6213, 6223, 6222, 6322, 6323, 6333, 6332,
  6213, 6214, 6224, 6223, 6323, 6324, 6334, 6333,
  6214, 6215, 6225, 6224, 6324, 6325, 6335, 6334,
  6215, 6216, 6226, 6225, 6325, 6326, 6336, 6335,
  6216, 6217, 6227, 6226, 6326, 6327, 6337, 6336,
  6217, 6218, 6228, 6227, 6327, 6328, 6338, 6337,
  6218, 6219, 6229, 6228, 6328, 6329, 6339, 6338,
  6219, 6220, 6230, 6229, 6329, 6330, 6340, 6339,
  2134, 6221, 6231, 2145, 2255, 6331, 6341, 2266,
  6221, 6222, 6232, 6231, 6331, 6332, 6342, 6341,
  6222, 6223, 6233, 6232, 6332, 6333, 6343, 6342,
  6223, 6224, 6234, 6233, 6333, 6334, 6344, 6343,
  6224, 6225, 6235, 6234, 6334, 6335, 6345, 6344,
  6225, 6226, 6236, 6235, 6335, 6336, 6346, 6345,
  6226, 6227, 6237, 6236, 6336, 6337, 6347, 6346,
  6227, 6228, 6238, 6237, 6337, 6338, 6348, 6347,
  6228, 6229, 6239, 6238, 6338, 6339, 6349, 6348,
  6229, 6230, 6240, 6239, 6339, 6340, 6350, 6349,
  2145, 6231, 6241, 2156, 2266, 6341, 6351, 2277,
  6231, 6232, 6242, 6241, 6341, 6342, 6352, 6351,
  6232, 6233, 6243, 6242, 6342, 6343, 6353, 6352,
  6233, 6234, 6244, 6243, 6343, 6344, 6354, 6353,
  6234, 6235, 6245, 6244, 6344, 6345, 6355, 6354,
  6235, 6236, 6246, 6245, 6345, 6346, 6356, 6355,
  6236, 6237, 6247, 6246, 6346, 6347, 6357, 6356,
  6237, 6238, 6248, 6247, 6347, 6348, 6358, 6357,
  6238, 6239, 6249, 6248, 6348, 6349, 6359, 6358,
  6239, 6240, 6250, 6249, 6349, 6350, 6360, 6359,
  2177, 6251, 6252, 2178, 2298, 6361, 6362, 2299,
  6251, 6253, 6254, 6252, 6361, 6363, 6364, 6362,
  6253, 6255, 6256, 6254, 6363, 6365, 6366, 6364,
  6255, 6257, 6258, 6256, 6365, 6367, 6368, 6366,
  6257, 6259, 6260, 6258, 6367, 6369, 6370, 6368,
  6259, 6261, 6262, 6260, 6369, 6371, 6372, 6370,
  6261, 6263, 6264, 6262, 6371, 6373, 6374, 6372,
  6263, 6265, 6266, 6264, 6373, 6375, 6376, 6374,
  6265, 6267, 6268, 6266, 6375, 6377, 6378, 6376,
  6267, 6269, 6270, 6268, 6377, 6379, 6380, 6378,
  2178, 6252, 6271, 2189, 2299, 6362, 6381, 2310,
  6252, 6254, 6272, 6271, 6362, 6364, 6382, 6381,
  6254, 6256, 6273, 6272, 6364, 6366, 6383, 6382,
  6256, 6258, 6274, 6273, 6366, 6368, 6384, 6383,
  6258, 6260, 6275, 6274, 6368, 6370, 6385, 6384,
  6260, 6262, 6276, 6275, 6370, 6372, 6386, 6385,
  6262, 6264, 6277, 6276, 6372, 6374, 6387, 6386,
  6264, 6266, 6278, 6277, 6374, 6376, 6388, 6387,
  6266, 6268, 6279, 6278, 6376, 6378, 6389, 6388,
  6268, 6270, 6280, 6279, 6378, 6380, 6390, 6389,
  2189, 6271, 6281, 2200, 2310, 6381, 6391, 2321,
  6271, 6272, 6282, 6281, 6381, 6382, 6392, 6391,
  6272, 6273, 6283, 6282, 6382, 6383, 6393, 6392,
  6273, 6274, 6284, 6283, 6383, 6384, 6394, 6393,
  6274, 6275, 6285, 6284, 6384, 6385, 6395, 6394,
  6275, 6276, 6286, 6285, 6385, 6386, 6396, 6395,
  6276, 6277, 6287, 6286, 6386, 6387, 6397, 6396,
  6277, 6278, 6288, 6287, 6387, 6388, 6398, 6397,
  6278, 6279, 6289, 6288, 6388, 6389, 6399, 6398,
  6279, 6280, 6290, 6289, 6389, 6390, 6400, 6399,
  2200, 6281, 6291, 2211, 2321, 6391, 6401, 2332,
  6281, 6282, 6292, 6291, 6391, 6392, 6402, 6401,
  6282, 6283, 6293, 6292, 6392, 6393, 6403, 6402,
  6283, 6284, 6294, 6293, 6393, 6394, 6404, 6403,
  6284, 6285, 6295, 6294, 6394, 6395, 6405, 6404,
  6285, 6286, 6296, 6295, 6395, 6396, 6406, 6405,
  6286, 6287, 6297, 6296, 6396, 6397, 6407, 6406,
  6287, 6288, 6298, 6297, 6397, 6398, 6408, 6407,
  6288, 6289, 6299, 6298, 6398, 6399, 6409, 6408,
  6289, 6290, 6300, 6299, 6399, 6400, 6410, 6409,
  2211, 6291, 6301, 2222, 2332, 6401, 6411, 2343,
  6291, 6292, 6302, 6301, 6401, 6402, 6412, 6411,
  6292, 6293, 6303, 6302, 6402, 6403, 6413, 6412,
  6293, 6294, 6304, 6303, 6403, 6404, 6414, 6413,
  6294, 6295, 6305, 6304, 6404, 6405, 6415, 6414,
  6295, 6296, 6306, 6305, 6405, 6406, 6416, 6415,
  6296, 6297, 6307, 6306, 6406, 6407, 6417, 6416,
  6297, 6298, 6308, 6307, 6407, 6408, 6418, 6417,
  6298, 6299, 6309, 6308, 6408, 6409, 6419, 6418,
  6299, 6300, 6310, 6309, 6409, 6410, 6420, 6419,
  2222, 6301, 6311, 2233, 2343, 6411, 6421, 2354,
  6301, 6302, 6312, 6311, 6411, 6412, 6422, 6421,
  6302, 6303, 6313, 6312, 6412, 6413, 6423, 6422,
  6303, 6304, 6314, 6313, 6413, 6414, 6424, 6423,
  6304, 6305, 6315, 6314, 6414, 6415, 6425, 6424,
  6305, 6306, 6316, 6315, 6415, 6416, 6426, 6425,
  6306, 6307, 6317, 6316, 6416, 6417, 6427, 6426,
  6307, 6308, 6318, 6317, 6417, 6418, 6428, 6427,
  6308, 6309, 6319, 6318, 6418, 6419, 6429, 6428,
  6309, 6310, 6320, 6319, 6419, 6420, 6430, 6429,
  2233, 6311, 6321, 2244, 2354, 6421, 6431, 2365,
  6311, 6312, 6322, 6321, 6421, 6422, 6432, 6431,
  6312, 6313, 6323, 6322, 6422, 6423, 6433, 6432,
  6313, 6314, 6324, 6323, 6423, 6424, 6434, 6433,
  6314, 6315, 6325, 6324, 6424, 6425, 6435, 6434,
  6315, 6316, 6326, 6325, 6425, 6426, 6436, 6435,
  6316, 6317, 6327, 6326, 6426, 6427, 6437, 6436,
  6317, 6318, 6328, 6327, 6427, 6428, 6438, 6437,
  6318, 6319, 6329, 6328, 6428, 6429, 6439, 6438,
  6319, 6320, 6330, 6329, 6429, 6430, 6440, 6439,
  2244, 6321, 6331, 2255, 2365, 6431, 6441, 2376,
  6321, 6322, 6332, 6331, 6431, 6432, 6442, 6441,
  6322, 6323, 6333, 6332, 6432, 6433, 6443, 6442,
  6323, 6324, 6334, 6333, 6433, 6434, 6444, 6443,
  6324, 6325, 6335, 6334, 6434, 6435, 6445, 6444,
  6325, 6326, 6336, 6335, 6435, 6436, 6446, 6445,
  6326, 6327, 6337, 6336, 6436, 6437, 6447, 6446,
  6327, 6328, 6338, 6337, 6437, 6438, 6448, 6447,
  6328, 6329, 6339, 6338, 6438, 6439, 6449, 6448,
  6329, 6330, 6340, 6339, 6439, 6440, 6450, 6449,
  2255, 6331, 6341, 2266, 2376, 6441, 6451, 2387,
  6331, 6332, 6342, 6341, 6441, 6442, 6452, 6451,
  6332, 6333, 6343, 6342, 6442, 6443, 6453, 6452,
  6333, 6334, 6344, 6343, 6443, 6444, 6454, 6453,
  6334, 6335, 6345, 6344, 6444, 6445, 6455, 6454,
  6335, 6336, 6346, 6345, 6445, 6446, 6456, 6455,
  6336, 6337, 6347, 6346, 6446, 6447, 6457, 6456,
  6337, 6338, 6348, 6347, 6447, 6448, 6458, 6457,
  6338, 6339, 6349, 6348, 6448, 6449, 6459, 6458,
  6339, 6340, 6350, 6349, 6449, 6450, 6460, 6459,
  2266, 6341, 6351, 2277, 2387, 6451, 6461, 2398,
  6341, 6342, 6352, 6351, 6451, 6452, 6462, 6461,
  6342, 6343, 6353, 6352, 6452, 6453, 6463, 6462,
  6343, 6344, 6354, 6353, 6453, 6454, 6464, 6463,
  6344, 6345, 6355, 6354, 6454, 6455, 6465, 6464,
  6345, 6346, 6356, 6355, 6455, 6456, 6466, 6465,
  6346, 6347, 6357, 6356, 6456, 6457, 6467, 6466,
  6347, 6348, 6358, 6357, 6457, 6458, 6468, 6467,
  6348, 6349, 6359, 6358, 6458, 6459, 6469, 6468,
  6349, 6350, 6360, 6359, 6459, 6460, 6470, 6469,
  2298, 6361, 6362, 2299, 2419, 6471, 6472, 2420,
  6361, 6363, 6364, 6362, 6471, 6473, 6474, 6472,
  6363, 6365, 6366, 6364, 6473, 6475, 6476, 6474,
  6365, 6367, 6368, 6366, 6475, 6477, 6478, 6476,
  6367, 6369, 6370, 6368, 6477, 6479, 6480, 6478,
  6369, 6371, 6372, 6370, 6479, 6481, 6482, 6480,
  6371, 6373, 6374, 6372, 6481, 6483, 6484, 6482,
  6373, 6375, 6376, 6374, 6483, 6485, 6486, 6484,
  6375, 6377, 6378, 6376, 6485, 6487, 6488, 6486,
  6377, 6379, 6380, 6378, 6487, 6489, 6490, 6488,
  2299, 6362, 6381, 2310, 2420, 6472, 6491, 2431,
  6362, 6364, 6382, 6381, 6472, 6474, 6492, 6491,
  6364, 6366, 6383, 6382, 6474, 6476, 6493, 6492,
  6366, 6368, 6384, 6383, 6476, 6478, 6494, 6493,
  6368, 6370, 6385, 6384, 6478, 6480, 6495, 6494,
  6370, 6372, 6386, 6385, 6480, 6482, 6496, 6495,
  6372, 6374, 6387, 6386, 6482, 6484, 6497, 6496,
  6374, 6376, 6388, 6387, 6484, 6486, 6498, 6497,
  6376, 6378, 6389, 6388, 6486, 6488, 6499, 6498,
  6378, 6380, 6390, 6389, 6488, 6490, 6500, 6499,
  2310, 6381, 6391, 2321, 2431, 6491, 6501, 2442,
  6381, 6382, 6392, 6391, 6491, 6492, 6502, 6501,
  6382, 6383, 6393, 6392, 6492, 6493, 6503, 6502,
  6383, 6384, 6394, 6393, 6493, 6494, 6504, 6503,
  6384, 6385, 6395, 6394, 6494, 6495, 6505, 6504,
  6385, 6386, 6396, 6395, 6495, 6496, 6506, 6505,
  6386, 6387, 6397, 6396, 6496, 6497, 6507, 6506,
  6387, 6388, 6398, 6397, 6497, 6498, 6508, 6507,
  6388, 6389, 6399, 6398, 6498, 6499, 6509, 6508,
  6389, 6390, 6400, 6399, 6499, 6500, 6510, 6509,
  2321, 6391, 6401, 2332, 2442, 6501, 6511, 2453,
  6391, 6392, 6402, 6401, 6501, 6502, 6512, 6511,
  6392, 6393, 6403, 6402, 6502, 6503, 6513, 6512,
  6393, 6394, 6404, 6403, 6503, 6504, 6514, 6513,
  6394, 6395, 6405, 6404, 6504, 6505, 6515, 6514,
  6395, 6396, 6406, 6405, 6505, 6506, 6516, 6515,
  6396, 6397, 6407, 6406, 6506, 6507, 6517, 6516,
  6397, 6398, 6408, 6407, 6507, 6508, 6518, 6517,
  6398, 6399, 6409, 6408, 6508, 6509, 6519, 6518,
  6399, 6400, 6410, 6409, 6509, 6510, 6520, 6519,
  2332, 6401, 6411, 2343, 2453, 6511, 6521, 2464,
  6401, 6402, 6412, 6411, 6511, 6512, 6522, 6521,
  6402, 6403, 6413, 6412, 6512, 6513, 6523, 6522,
  6403, 6404, 6414, 6413, 6513, 6514, 6524, 6523,
  6404, 6405, 6415, 6414, 6514, 6515, 6525, 6524,
  6405, 6406, 6416, 6415, 6515, 6516, 6526, 6525,
  6406, 6407, 6417, 6416, 6516, 6517, 6527, 6526,
  6407, 6408, 6418, 6417, 6517, 6518, 6528, 6527,
  6408, 6409, 6419, 6418, 6518, 6519, 6529, 6528,
  6409, 6410, 6420, 6419, 6519, 6520, 6530, 6529,
  2343, 6411, 6421, 2354, 2464, 6521, 6531, 2475,
  6411, 6412, 6422, 6421, 6521, 6522, 6532, 6531,
  6412, 6413, 6423, 6422, 6522, 6523, 6533, 6532,
  6413, 6414, 6424, 6423, 6523, 6524, 6534, 6533,
  6414, 6415, 6425, 6424, 6524, 6525, 6535, 6534,
  6415, 6416, 6426, 6425, 6525, 6526, 6536, 6535,
  6416, 6417, 6427, 6426, 6526, 6527, 6537, 6536,
  6417, 6418, 6428, 6427, 6527, 6528, 6538, 6537,
  6418, 6419, 6429, 6428, 6528, 6529, 6539, 6538,
  6419, 6420, 6430, 6429, 6529, 6530, 6540, 6539,
  2354, 6421, 6431, 2365, 2475, 6531, 6541, 2486,
  6421, 6422, 6432, 6431, 6531, 6532, 6542, 6541,
  6422, 6423, 6433, 6432, 6532, 6533, 6543, 6542,
  6423, 6424, 6434, 6433, 6533, 6534, 6544, 6543,
  6424, 6425, 6435, 6434, 6534, 6535, 6545, 6544,
  6425, 6426, 6436, 6435, 6535, 6536, 6546, 6545,
  6426, 6427, 6437, 6436, 6536, 6537, 6547, 6546,
  6427, 6428, 6438, 6437, 6537, 6538, 6548, 6547,
  6428, 6429, 6439, 6438, 6538, 6539, 6549, 6548,
  6429, 6430, 6440, 6439, 6539, 6540, 6550, 6549,
  2365, 6431, 6441, 2376, 2486, 6541, 6551, 2497,
  6431, 6432, 6442, 6441, 6541, 6542, 6552, 6551,
  6432, 6433, 6443, 6442, 6542, 6543, 6553, 6552,
  6433, 6434, 6444, 6443, 6543, 6544, 6554, 6553,
  6434, 6435, 6445, 6444, 6544, 6545, 6555, 6554,
  6435, 6436, 6446, 6445, 6545, 6546, 6556, 6555,
  6436, 6437, 6447, 6446, 6546, 6547, 6557, 6556,
  6437, 6438, 6448, 6447, 6547, 6548, 6558, 6557,
  6438, 6439, 6449, 6448, 6548, 6549, 6559, 6558,
  6439, 6440, 6450, 6449, 6549, 6550, 6560, 6559,
  2376, 6441, 6451, 2387, 2497, 6551, 6561, 2508,
  6441, 6442, 6452, 6451, 6551, 6552, 6562, 6561,
  6442, 6443, 6453, 6452, 6552, 6553, 6563, 6562,
  6443, 6444, 6454, 6453, 6553, 6554, 6564, 6563,
  6444, 6445, 6455, 6454, 6554, 6555, 6565, 6564,
  6445, 6446, 6456, 6455, 6555, 6556, 6566, 6565,
  6446, 6447, 6457, 6456, 6556, 6557, 6567, 6566,
  6447, 6448, 6458, 6457, 6557, 6558, 6568, 6567,
  6448, 6449, 6459, 6458, 6558, 6559, 6569, 6568,
  6449, 6450, 6460, 6459, 6559, 6560, 6570, 6569,
  2387, 6451, 6461, 2398, 2508, 6561, 6571, 2519,
  6451, 6452, 6462, 6461, 6561, 6562, 6572, 6571,
  6452, 6453, 6463, 6462, 6562, 6563, 6573, 6572,
  6453, 6454, 6464, 6463, 6563, 6564, 6574, 6573,
  6454, 6455, 6465, 6464, 6564, 6565, 6575, 6574,
  6455, 6456, 6466, 6465, 6565, 6566, 6576, 6575,
  6456, 6457, 6467, 6466, 6566, 6567, 6577, 6576,
  6457, 6458, 6468, 6467, 6567, 6568, 6578, 6577,
  6458, 6459, 6469, 6468, 6568, 6569, 6579, 6578,
  6459, 6460, 6470, 6469, 6569, 6570, 6580, 6579,
  2419, 6471, 6472, 2420, 2540, 6581, 6582, 2541,
  6471, 6473, 6474, 6472, 6581, 6583, 6584, 6582,
  6473, 6475, 6476, 6474, 6583, 6585, 6586, 6584,
  6475, 6477, 6478, 6476, 6585, 6587, 6588, 6586,
  6477, 6479, 6480, 6478, 6587, 6589, 6590, 6588,
  6479, 6481, 6482, 6480, 6589, 6591, 6592, 6590,
  6481, 6483, 6484, 6482, 6591, 6593, 6594, 6592,
  6483, 6485, 6486, 6484, 6593, 6595, 6596, 6594,
  6485, 6487, 6488, 6486, 6595, 6597, 6598, 6596,
  6487, 6489, 6490, 6488, 6597, 6599, 6600, 6598,
  2420, 6472, 6491, 2431, 2541, 6582, 6601, 2552,
  6472, 6474, 6492, 6491, 6582, 6584, 6602, 6601,
  6474, 6476, 6493, 6492, 6584, 6586, 6603, 6602,
  6476, 6478, 6494, 6493, 6586, 6588, 6604, 6603,
  6478, 6480, 6495, 6494, 6588, 6590, 6605, 6604,
  6480, 6482, 6496, 6495, 6590, 6592, 6606, 6605,
  6482, 6484, 6497, 6496, 6592, 6594, 6607, 6606,
  6484, 6486, 6498, 6497, 6594, 6596, 6608, 6607,
  6486, 6488, 6499, 6498, 6596, 6598, 6609, 6608,
  6488, 6490, 6500, 6499, 6598, 6600, 6610, 6609,
  2431, 6491, 6501, 2442, 2552, 6601, 6611, 2563,
  6491, 6492, 6502, 6501, 6601, 6602, 6612, 6611,
  6492, 6493, 6503, 6502, 6602, 6603, 6613, 6612,
  6493, 6494, 6504, 6503, 6603, 6604, 6614, 6613,
  6494, 6495, 6505, 6504, 6604, 6605, 6615, 6614,
  6495, 6496, 6506, 6505, 6605, 6606, 6616, 6615,
  6496, 6497, 6507, 6506, 6606, 6607, 6617, 6616,
  6497, 6498, 6508, 6507, 6607, 6608, 6618, 6617,
  6498, 6499, 6509, 6508, 6608, 6609, 6619, 6618,
  6499, 6500, 6510, 6509, 6609, 6610, 6620, 6619,
  2442, 6501, 6511, 2453, 2563, 6611, 6621, 2574,
  6501, 6502, 6512, 6511, 6611, 6612, 6622, 6621,
  6502, 6503, 6513, 6512, 6612, 6613, 6623, 6622,
  6503, 6504, 6514, 6513, 6613, 6614, 6624, 6623,
  6504, 6505, 6515, 6514, 6614, 6615, 6625, 6624,
  6505, 6506, 6516, 6515, 6615, 6616, 6626, 6625,
  6506, 6507, 6517, 6516, 6616, 6617, 6627, 6626,
  6507, 6508, 6518, 6517, 6617, 6618, 6628, 6627,
  6508, 6509, 6519, 6518, 6618, 6619, 6629, 6628,
  6509, 6510, 6520, 6519, 6619, 6620, 6630, 6629,
  2453, 6511, 6521, 2464, 2574, 6621, 6631, 2585,
  6511, 6512, 6522, 6521, 6621, 6622, 6632, 6631,
  6512, 6513, 6523, 6522, 6622, 6623, 6633, 6632,
  6513, 6514, 6524, 6523, 6623, 6624, 6634, 6633,
  6514, 6515, 6525, 6524, 6624, 6625, 6635, 6634,
  6515, 6516, 6526, 6525, 6625, 6626, 6636, 6635,
  6516, 6517, 6527, 6526, 6626, 6627, 6637, 6636,
  6517, 6518, 6528, 6527, 6627, 6628, 6638, 6637,
  6518, 6519, 6529, 6528, 6628, 6629, 6639, 6638,
  6519, 6520, 6530, 6529, 6629, 6630, 6640, 6639,
  2464, 6521, 6531, 2475, 2585, 6631, 6641, 2596,
  6521, 6522, 6532, 6531, 6631, 6632, 6642, 6641,
  6522, 6523, 6533, 6532, 6632, 6633, 6643, 6642,
  6523, 6524, 6534, 6533, 6633, 6634, 6644, 6643,
  6524, 6525, 6535, 6534, 6634, 6635, 6645, 6644,
  6525, 6526, 6536, 6535, 6635, 6636, 6646, 6645,
  6526, 6527, 6537, 6536, 6636, 6637, 6647, 6646,
  6527, 6528, 6538, 6537, 6637, 6638, 6648, 6647,
  6528, 6529, 6539, 6538, 6638, 6639, 6649, 6648,
  6529, 6530, 6540, 6539, 6639, 6640, 6650, 6649,
  2475, 6531, 6541, 2486, 2596, 6641, 6651, 2607,
  6531, 6532, 6542, 6541, 6641, 6642, 6652, 6651,
  6532, 6533, 6543, 6542, 6642, 6643, 6653, 6652,
  6533, 6534, 6544, 6543, 6643, 6644, 6654, 6653,
  6534, 6535, 6545, 6544, 6644, 6645, 6655, 6654,
  6535, 6536, 6546, 6545, 6645, 6646, 6656, 6655,
  6536, 6537, 6547, 6546, 6646, 6647, 6657, 6656,
  6537, 6538, 6548, 6547, 6647, 6648, 6658, 6657,
  6538, 6539, 6549, 6548, 6648, 6649, 6659, 6658,
  6539, 6540, 6550, 6549, 6649, 6650, 6660, 6659,
  2486, 6541, 6551, 2497, 2607, 6651, 6661, 2618,
  6541, 6542, 6552, 6551, 6651, 6652, 6662, 6661,
  6542, 6543, 6553, 6552, 6652, 6653, 6663, 6662,
  6543, 6544, 6554, 6553, 6653, 6654, 6664, 6663,
  6544, 6545, 6555, 6554, 6654, 6655, 6665, 6664,
  6545, 6546, 6556, 6555, 6655, 6656, 6666, 6665,
  6546, 6547, 6557, 6556, 6656, 6657, 6667, 6666,
  6547, 6548, 6558, 6557, 6657, 6658, 6668, 6667,
  6548, 6549, 6559, 6558, 6658, 6659, 6669, 6668,
  6549, 6550, 6560, 6559, 6659, 6660, 6670, 6669,
  2497, 6551, 6561, 2508, 2618, 6661, 6671, 2629,
  6551, 6552, 6562, 6561, 6661, 6662, 6672, 6671,
  6552, 6553, 6563, 6562, 6662, 6663, 6673, 6672,
  6553, 6554, 6564, 6563, 6663, 6664, 6674, 6673,
  6554, 6555, 6565, 6564, 6664, 6665, 6675, 6674,
  6555, 6556, 6566, 6565, 6665, 6666, 6676, 6675,
  6556, 6557, 6567, 6566, 6666, 6667, 6677, 6676,
  6557, 6558, 6568, 6567, 6667, 6668, 6678, 6677,
  6558, 6559, 6569, 6568, 6668, 6669, 6679, 6678,
  6559, 6560, 6570, 6569, 6669, 6670, 6680, 6679,
  2508, 6561, 6571, 2519, 2629, 6671, 6681, 2640,
  6561, 6562, 6572, 6571, 6671, 6672, 6682, 6681,
  6562, 6563, 6573, 6572, 6672, 6673, 6683, 6682,
  6563, 6564, 6574, 6573, 6673, 6674, 6684, 6683,
  6564, 6565, 6575, 6574, 6674, 6675, 6685, 6684,
  6565, 6566, 6576, 6575, 6675, 6676, 6686, 6685,
  6566, 6567, 6577, 6576, 6676, 6677, 6687, 6686,
  6567, 6568, 6578, 6577, 6677, 6678, 6688, 6687,
  6568, 6569, 6579, 6578, 6678, 6679, 6689, 6688,
  6569, 6570, 6580, 6579, 6679, 6680, 6690, 6689,
  2540, 6581, 6582, 2541, 813, 4831, 4829, 811,
  6581, 6583, 6584, 6582, 4831, 4853, 4851, 4829,
  6583, 6585, 6586, 6584, 4853, 4875, 4873, 4851,
  6585, 6587, 6588, 6586, 4875, 4897, 4895, 4873,
  6587, 6589, 6590, 6588, 4897, 4919, 4917, 4895,
  6589, 6591, 6592, 6590, 4919, 4941, 4939, 4917,
  6591, 6593, 6594, 6592, 4941, 4963, 4961, 4939,
  6593, 6595, 6596, 6594, 4963, 4985, 4983, 4961,
  6595, 6597, 6598, 6596, 4985, 5007, 5005, 4983,
  6597, 6599, 6600, 6598, 5007, 5029, 5027, 5005,
  2541, 6582, 6601, 2552, 811, 4829, 4827, 809,
  6582, 6584, 6602, 6601, 4829, 4851, 4849, 4827,
  6584, 6586, 6603, 6602, 4851, 4873, 4871, 4849,
  6586, 6588, 6604, 6603, 4873, 4895, 4893, 4871,
  6588, 6590, 6605, 6604, 4895, 4917, 4915, 4893,
  6590, 6592, 6606, 6605, 4917, 4939, 4937, 4915,
  6592, 6594, 6607, 6606, 4939, 4961, 4959, 4937,
  6594, 6596, 6608, 6607, 4961, 4983, 4981, 4959,
  6596, 6598, 6609, 6608, 4983, 5005, 5003, 4981,
  6598, 6600, 6610, 6609, 5005, 5027, 5025, 5003,
  2552, 6601, 6611, 2563, 809, 4827, 4825, 807,
  6601, 6602, 6612, 6611, 4827, 4849, 4847, 4825,
  6602, 6603, 6613, 6612, 4849, 4871, 4869, 4847,
  6603, 6604, 6614, 6613, 4871, 4893, 4891, 4869,
  6604, 6605, 6615, 6614, 4893, 4915, 4913, 4891,
  6605, 6606, 6616, 6615, 4915, 4937, 4935, 4913,
  6606, 6607, 6617, 6616, 4937, 4959, 4957, 4935,
  6607, 6608, 6618, 6617, 4959, 4981, 4979, 4957,
  6608, 6609, 6619, 6618, 4981, 5003, 5001, 4979,
  6609, 6610, 6620, 6619, 5003, 5025, 5023, 5001,
  2563, 6611, 6621, 2574, 807, 4825, 4823, 805,
  6611, 6612, 6622, 6621, 4825, 4847, 4845, 4823,
  6612, 6613, 6623, 6622, 4847, 4869, 4867, 4845,
  6613, 6614, 6624, 6623, 4869, 4891, 4889, 4867,
  6614, 6615, 6625, 6624, 4891, 4913, 4911, 4889,
  6615, 6616, 6626, 6625, 4913, 4935, 4933, 4911,
  6616, 6617, 6627, 6626, 4935, 4957, 4955, 4933,
  6617, 6618, 6628, 6627, 4957, 4979, 4977, 4955,
  6618, 6619, 6629, 6628, 4979, 5001, 4999, 4977,
  6619, 6620, 6630, 6629, 5001, 5023, 5021, 4999,
  2574, 6621, 6631, 2585, 805, 4823, 4821, 803,
  6621, 6622, 6632, 6631, 4823, 4845, 4843, 4821,
  6622, 6623, 6633, 6632, 4845, 4867, 4865, 4843,
  6623, 6624, 6634, 6633, 4867, 4889, 4887, 4865,
  6624, 6625, 6635, 6634, 4889, 4911, 4909, 4887,
  6625, 6626, 6636, 6635, 4911, 4933, 4931, 4909,
  6626, 6627, 6637, 6636, 4933, 4955, 4953, 4931,
  6627, 6628, 6638, 6637, 4955, 4977, 4975, 4953,
  6628, 6629, 6639, 6638, 4977, 4999, 4997, 4975,
  6629, 6630, 6640, 6639, 4999, 5021, 5019, 4997,
  2585, 6631, 6641, 2596, 803, 4821, 4819, 801,
  6631, 6632, 6642, 6641, 4821, 4843, 4841, 4819,
  6632, 6633, 6643, 6642, 4843, 4865, 4863, 4841,
  6633, 6634, 6644, 6643, 4865, 4887, 4885, 4863,
  6634, 6635, 6645, 6644, 4887, 4909, 4907, 4885,
  6635, 6636, 6646, 6645, 4909, 4931, 4929, 4907,
  6636, 6637, 6647, 6646, 4931, 4953, 4951, 4929,
  6637, 6638, 6648, 6647, 4953, 4975, 4973, 4951,
  6638, 6639, 6649, 6648, 4975, 4997, 4995, 4973,
  6639, 6640, 6650, 6649, 4997, 5019, 5017, 4995,
  2596, 6641, 6651, 2607, 801, 4819, 4817, 799,
  6641, 6642, 6652, 6651, 4819, 4841, 4839, 4817,
  6642, 6643, 6653, 6652, 4841, 4863, 4861, 4839,
  6643, 6644, 6654, 6653, 4863, 4885, 4883, 4861,
  6644, 6645, 6655, 6654, 4885, 4907, 4905, 4883,
  6645, 6646, 6656, 6655, 4907, 4929, 4927, 4905,
  6646, 6647, 6657, 6656, 4929, 4951, 4949, 4927,
  6647, 6648, 6658, 6657, 4951, 4973, 4971, 4949,
  6648, 6649, 6659, 6658, 4973, 4995, 4993, 4971,
  6649, 6650, 6660, 6659, 4995, 5017, 5015, 4993,
  2607, 6651, 6661, 2618, 799, 4817, 4815, 797,
  6651, 6652, 6662, 6661, 4817, 4839, 4837, 4815,
  6652, 6653, 6663, 6662, 4839, 4861, 4859, 4837,
  6653, 6654, 6664, 6663, 4861, 4883, 4881, 4859,
  6654, 6655, 6665, 6664, 4883, 4905, 4903, 4881,
  6655, 6656, 6666, 6665, 4905, 4927, 4925, 4903,
  6656, 6657, 6667, 6666, 4927, 4949, 4947, 4925,
  6657, 6658, 6668, 6667, 4949, 4971, 4969, 4947,
  6658, 6659, 6669, 6668, 4971, 4993, 4991, 4969,
  6659, 6660, 6670, 6669, 4993, 5015, 5013, 4991,
  2618, 6661, 6671, 2629, 797, 4815, 4811, 793,
  6661, 6662, 6672, 6671, 4815, 4837, 4833, 4811,
  6662, 6663, 6673, 6672, 4837, 4859, 4855, 4833,
  6663, 6664, 6674, 6673, 4859, 4881, 4877, 4855,
  6664, 6665, 6675, 6674, 4881, 4903, 4899, 4877,
  6665, 6666, 6676, 6675, 4903, 4925, 4921, 4899,
  6666, 6667, 6677, 6676, 4925, 4947, 4943, 4921,
  6667, 6668, 6678, 6677, 4947, 4969, 4965, 4943,
  6668, 6669, 6679, 6678, 4969, 4991, 4987, 4965,
  6669, 6670, 6680, 6679, 4991, 5013, 5009, 4987,
  2629, 6671, 6681, 2640, 793, 4811, 4812, 794,
  6671, 6672, 6682, 6681, 4811, 4833, 4834, 4812,
  6672, 6673, 6683, 6682, 4833, 4855, 4856, 4834,
  6673, 6674, 6684, 6683, 4855, 4877, 4878, 4856,
  6674, 6675, 6685, 6684, 4877, 4899, 4900, 4878,
  6675, 6676, 6686, 6685, 4899, 4921, 4922, 4900,
  6676, 6677, 6687, 6686, 4921, 4943, 4944, 4922,
  6677, 6678, 6688, 6687, 4943, 4965, 4966, 4944,
  6678, 6679, 6689, 6688, 4965, 4987, 4988, 4966,
  6679, 6680, 6690, 6689, 4987, 5009, 5010, 4988,
  5010, 6690, 6689, 4988, 5290, 6691, 6692, 5287,
  6690, 6580, 6579, 6689, 6691, 6693, 6694, 6692,
  6580, 6470, 6469, 6579, 6693, 6695, 6696, 6694,
  6470, 6360, 6359, 6469, 6695, 6697, 6698, 6696,
  6360, 6250, 6249, 6359, 6697, 6699, 6700, 6698,
  6250, 6140, 6139, 6249, 6699, 6701, 6702, 6700,
  6140, 6030, 6029, 6139, 6701, 6703, 6704, 6702,
  6030, 5920, 5919, 6029, 6703, 6705, 6706, 6704,
  5920, 5810, 5808, 5919, 6705, 6707, 6708, 6706,
  5810, 5809, 5807, 5808, 6707, 6709, 6710, 6708,
  4988, 6689, 6688, 4966, 5287, 6692, 6711, 5284,
  6689, 6579, 6578, 6688, 6692, 6694, 6712, 6711,
  6579, 6469, 6468, 6578, 6694, 6696, 6713, 6712,
  6469, 6359, 6358, 6468, 6696, 6698, 6714, 6713,
  6359, 6249, 6248, 6358, 6698, 6700, 6715, 6714,
  6249, 6139, 6138, 6248, 6700, 6702, 6716, 6715,
  6139, 6029, 6028, 6138, 6702, 6704, 6717, 6716,
  6029, 5919, 5918, 6028, 6704, 6706, 6718, 6717,
  5919, 5808, 5806, 5918, 6706, 6708, 6719, 6718,
  5808, 5807, 5805, 5806, 6708, 6710, 6720, 6719,
  4966, 6688, 6687, 4944, 5284, 6711, 6721, 5281,
  6688, 6578, 6577, 6687, 6711, 6712, 6722, 6721,
  6578, 6468, 6467, 6577, 6712, 6713, 6723, 6722,
  6468, 6358, 6357, 6467, 6713, 6714, 6724, 6723,
  6358, 6248, 6247, 6357, 6714, 6715, 6725, 6724,
  6248, 6138, 6137, 6247, 6715, 6716, 6726, 6725,
  6138, 6028, 6027, 6137, 6716, 6717, 6727, 6726,
  6028, 5918, 5917, 6027, 6717, 6718, 6728, 6727,
  5918, 5806, 5804, 5917, 6718, 6719, 6729, 6728,
  5806, 5805, 5803, 5804, 6719, 6720, 6730, 6729,
  4944, 6687, 6686, 4922, 5281, 6721, 6731, 5278,
  6687, 6577, 6576, 6686, 6721, 6722, 6732, 6731,
  6577, 6467, 6466, 6576, 6722, 6723, 6733, 6732,
  6467, 6357, 6356, 6466, 6723, 6724, 6734, 6733,
  6357, 6247, 6246, 6356, 6724, 6725, 6735, 6734,
  6247, 6137, 6136, 6246, 6725, 6726, 6736, 6735,
  6137, 6027, 6026, 6136, 6726, 6727, 6737, 6736,
  6027, 5917, 5916, 6026, 6727, 6728, 6738, 6737,
  5917, 5804, 5802, 5916, 6728, 6729, 6739, 6738,
  5804, 5803, 5801, 5802, 6729, 6730, 6740, 6739,
  4922, 6686, 6685, 4900, 5278, 6731, 6741, 5275,
  6686, 6576, 6575, 6685, 6731, 6732, 6742, 6741,
  6576, 6466, 6465, 6575, 6732, 6733, 6743, 6742,
  6466, 6356, 6355, 6465, 6733, 6734, 6744, 6743,
  6356, 6246, 6245, 6355, 6734, 6735, 6745, 6744,
  6246, 6136, 6135, 6245, 6735, 6736, 6746, 6745,
  6136, 6026, 6025, 6135, 6736, 6737, 6747, 6746,
  6026, 5916, 5915, 6025, 6737, 6738, 6748, 6747,
  5916, 5802, 5800, 5915, 6738, 6739, 6749, 6748,
  5802, 5801, 5799, 5800, 6739, 6740, 6750, 6749,
  4900, 6685, 6684, 4878, 5275, 6741, 6751, 5272,
  6685, 6575, 6574, 6684, 6741, 6742, 6752, 6751,
  6575, 6465, 6464, 6574, 6742, 6743, 6753, 6752,
  6465, 6355, 6354, 6464, 6743, 6744, 6754, 6753,
  6355, 6245, 6244, 6354, 6744, 6745, 6755, 6754,
  6245, 6135, 6134, 6244, 6745, 6746, 6756, 6755,
  6135, 6025, 6024, 6134, 6746, 6747, 6757, 6756,
  6025, 5915, 5914, 6024, 6747, 6748, 6758, 6757,
  5915, 5800, 5798, 5914, 6748, 6749, 6759, 6758,
  5800, 5799, 5797, 5798, 6749, 6750, 6760, 6759,
  4878, 6684, 6683, 4856, 5272, 6751, 6761, 5269,
  6684, 6574, 6573, 6683, 6751, 6752, 6762, 6761,
  6574, 6464, 6463, 6573, 6752, 6753, 6763, 6762,
  6464, 6354, 6353, 6463, 6753, 6754, 6764, 6763,
  6354, 6244, 6243, 6353, 6754, 6755, 6765, 6764,
  6244, 6134, 6133, 6243, 6755, 6756, 6766, 6765,
  6134, 6024, 6023, 6133, 6756, 6757, 6767, 6766,
  6024, 5914, 5913, 6023, 6757, 6758, 6768, 6767,
  5914, 5798, 5796, 5913, 6758, 6759, 6769, 6768,
  5798, 5797, 5795, 5796, 6759, 6760, 6770, 6769,
  4856, 6683, 6682, 4834, 5269, 6761, 6771, 5266,
  6683, 6573, 6572, 6682, 6761, 6762, 6772, 6771,
  6573, 6463, 6462, 6572, 6762, 6763, 6773, 6772,
  6463, 6353, 6352, 6462, 6763, 6764, 6774, 6773,
  6353, 6243, 6242, 6352, 6764, 6765, 6775, 6774,
  6243, 6133, 6132, 6242, 6765, 6766, 6776, 6775,
  6133, 6023, 6022, 6132, 6766, 6767, 6777, 6776,
  6023, 5913, 5912, 6022, 6767, 6768, 6778, 6777,
  5913, 5796, 5794, 5912, 6768, 6769, 6779, 6778,
  5796, 5795, 5793, 5794, 6769, 6770, 6780, 6779,
  4834, 6682, 6681, 4812, 5266, 6771, 6781, 5263,
  6682, 6572, 6571, 6681, 6771, 6772, 6782, 6781,
  6572, 6462, 6461, 6571, 6772, 6773, 6783, 6782,
  6462, 6352, 6351, 6461, 6773, 6774, 6784, 6783,
  6352, 6242, 6241, 6351, 6774, 6775, 6785, 6784,
  6242, 6132, 6131, 6241, 6775, 6776, 6786, 6785,
  6132, 6022, 6021, 6131, 6776, 6777, 6787, 6786,
  6022, 5912, 5911, 6021, 6777, 6778, 6788, 6787,
  5912, 5794, 5792, 5911, 6778, 6779, 6789, 6788,
  5794, 5793, 5791, 5792, 6779, 6780, 6790, 6789,
  4812, 6681, 2640, 794, 5263, 6781, 3082, 1100,
  6681, 6571, 2519, 2640, 6781, 6782, 3093, 3082,
  6571, 6461, 2398, 2519, 6782, 6783, 3104, 3093,
  6461, 6351, 2277, 2398, 6783, 6784, 3115, 3104,
  6351, 6241, 2156, 2277, 6784, 6785, 3126, 3115,
  6241, 6131, 2035, 2156, 6785, 6786, 3137, 3126,
  6131, 6021, 1914, 2035, 6786, 6787, 3148, 3137,
  6021, 5911, 1793, 1914, 6787, 6788, 3159, 3148,
  5911, 5792, 1672, 1793, 6788, 6789, 3170, 3159,
  5792, 5791, 1671, 1672, 6789, 6790, 3181, 3170,
  5290, 6691, 6692, 5287, 5260, 6791, 6792, 5257,
  6691, 6693, 6694, 6692, 6791, 6793, 6794, 6792,
  6693, 6695, 6696, 6694, 6793, 6795, 6796, 6794,
  6695, 6697, 6698, 6696, 6795, 6797, 6798, 6796,
  6697, 6699, 6700, 6698, 6797, 6799, 6800, 6798,
  6699, 6701, 6702, 6700, 6799, 6801, 6802, 6800,
  6701, 6703, 6704, 6702, 6801, 6803, 6804, 6802,
  6703, 6705, 6706, 6704, 6803, 6805, 6806, 6804,
  6705, 6707, 6708, 6706, 6805, 6807, 6808, 6806,
  6707, 6709, 6710, 6708, 6807, 6809, 6810, 6808,
  5287, 6692, 6711, 5284, 5257, 6792, 6811, 5254,
  6692, 6694, 6712, 6711, 6792, 6794, 6812, 6811,
  6694, 6696, 6713, 6712, 6794, 6796, 6813, 6812,
  6696, 6698, 6714, 6713, 6796, 6798, 6814, 6813,
  6698, 6700, 6715, 6714, 6798, 6800, 6815, 6814,
  6700, 6702, 6716, 6715, 6800, 6802, 6816, 6815,
  6702, 6704, 6717, 6716, 6802, 6804, 6817, 6816,
  6704, 6706, 6718, 6717, 6804, 6806, 6818, 6817,
  6706, 6708, 6719, 6718, 6806, 6808, 6819, 6818,
  6708, 6710, 6720, 6719, 6808, 6810, 6820, 6819,
  5284, 6711, 6721, 5281, 5254, 6811, 6821, 5251,
  6711, 6712, 6722, 6721, 6811, 6812, 6822, 6821,
  6712, 6713, 6723, 6722, 6812, 6813, 6823, 6822,
  6713, 6714, 6724, 6723, 6813, 6814, 6824, 6823,
  6714, 6715, 6725, 6724, 6814, 6815, 6825, 6824,
  6715, 6716, 6726, 6725, 6815, 6816, 6826, 6825,
  6716, 6717, 6727, 6726, 6816, 6817, 6827, 6826,
  6717, 6718, 6728, 6727, 6817, 6818, 6828, 6827,
  6718, 6719, 6729, 6728, 6818, 6819, 6829, 6828,
  6719, 6720, 6730, 6729, 6819, 6820, 6830, 6829,
  5281, 6721, 6731, 5278, 5251, 6821, 6831, 5248,
  6721, 6722, 6732, 6731, 6821, 6822, 6832, 6831,
  6722, 6723, 6733, 6732, 6822, 6823, 6833, 6832,
  6723, 6724, 6734, 6733, 6823, 6824, 6834, 6833,
  6724, 6725, 6735, 6734, 6824, 6825, 6835, 6834,
  6725, 6726, 6736, 6735, 6825, 6826, 6836, 6835,
  6726, 6727, 6737, 6736, 6826, 6827, 6837, 6836,
  6727, 6728, 6738, 6737, 6827, 6828, 6838, 6837,
  6728, 6729, 6739, 6738, 6828, 6829, 6839, 6838,
  6729, 6730, 6740, 6739, 6829, 6830, 6840, 6839,
  5278, 6731, 6741, 5275, 5248, 6831, 6841, 5245,
  6731, 6732, 6742, 6741, 6831, 6832, 6842, 6841,
  6732, 6733, 6743, 6742, 6832, 6833, 6843, 6842,
  6733, 6734, 6744, 6743, 6833, 6834, 6844, 6843,
  6734, 6735, 6745, 6744, 6834, 6835, 6845, 6844,
  6735, 6736, 6746, 6745, 6835, 6836, 6846, 6845,
  6736, 6737, 6747, 6746, 6836, 6837, 6847, 6846,
  6737, 6738, 6748, 6747, 6837, 6838, 6848, 6847,
  6738, 6739, 6749, 6748, 6838, 6839, 6849, 6848,
  6739, 6740, 6750, 6749, 6839, 6840, 6850, 6849,
  5275, 6741, 6751, 5272, 5245, 6841, 6851, 5242,
  6741, 6742, 6752, 6751, 6841, 6842, 6852, 6851,
  6742, 6743, 6753, 6752, 6842, 6843, 6853, 6852,
  6743, 6744, 6754, 6753, 6843, 6844, 6854, 6853,
  6744, 6745, 6755, 6754, 6844, 6845, 6855, 6854,
  6745, 6746, 6756, 6755, 6845, 6846, 6856, 6855,
  6746, 6747, 6757, 6756, 6846, 6847, 6857, 6856,
  6747, 6748, 6758, 6757, 6847, 6848, 6858, 6857,
  6748, 6749, 6759, 6758, 6848, 6849, 6859, 6858,
  6749, 6750, 6760, 6759, 6849, 6850, 6860, 6859,
  5272, 6751, 6761, 5269, 5242, 6851, 6861, 5239,
  6751, 6752, 6762, 6761, 6851, 6852, 6862, 6861,
  6752, 6753, 6763, 6762, 6852, 6853, 6863, 6862,
  6753, 6754, 6764, 6763, 6853, 6854, 6864, 6863,
  6754, 6755, 6765, 6764, 6854, 6855, 6865, 6864,
  6755, 6756, 6766, 6765, 6855, 6856, 6866, 6865,
  6756, 6757, 6767, 6766, 6856, 6857, 6867, 6866,
  6757, 6758, 6768, 6767, 6857, 6858, 6868, 6867,
  6758, 6759, 6769, 6768, 6858, 6859, 6869, 6868,
  6759, 6760, 6770, 6769, 6859, 6860, 6870, 6869,
  5269, 6761, 6771, 5266, 5239, 6861, 6871, 5236,
  6761, 6762, 6772, 6771, 6861, 6862, 6872, 6871,
  6762, 6763, 6773, 6772, 6862, 6863, 6873, 6872,
  6763, 6764, 6774, 6773, 6863, 6864, 6874, 6873,
  6764, 6765, 6775, 6774, 6864, 6865, 6875, 6874,
  6765, 6766, 6776, 6775, 6865, 6866, 6876, 6875,
  6766, 6767, 6777, 6776, 6866, 6867, 6877, 6876,
  6767, 6768, 6778, 6777, 6867, 6868, 6878, 6877,
  6768, 6769, 6779, 6778, 6868, 6869, 6879, 6878,
  6769, 6770, 6780, 6779, 6869, 6870, 6880, 6879,
  5266, 6771, 6781, 5263, 5236, 6871, 6881, 5233,
  6771, 6772, 6782, 6781, 6871, 6872, 6882, 6881,
  6772, 6773, 6783, 6782, 6872, 6873, 6883, 6882,
  6773, 6774, 6784, 6783, 6873, 6874, 6884, 6883,
  6774, 6775, 6785, 6784, 6874, 6875, 6885, 6884,
  6775, 6776, 6786, 6785, 6875, 6876, 6886, 6885,
  6776, 6777, 6787, 6786, 6876, 6877, 6887, 6886,
  6777, 6778, 6788, 6787, 6877, 6878, 6888, 6887,
  6778, 6779, 6789, 6788, 6878, 6879, 6889, 6888,
  6779, 6780, 6790, 6789, 6879, 6880, 6890, 6889,
  5263, 6781, 3082, 1100, 5233, 6881, 2972, 1067,
  6781, 6782, 3093, 3082, 6881, 6882, 2983, 2972,
  6782, 6783, 3104, 3093, 6882, 6883, 2994, 2983,
  6783, 6784, 3115, 3104, 6883, 6884, 3005, 2994,
  6784, 6785, 3126, 3115, 6884, 6885, 3016, 3005,
  6785, 6786, 3137, 3126, 6885, 6886, 3027, 3016,
  6786, 6787, 3148, 3137, 6886, 6887, 3038, 3027,
  6787, 6788, 3159, 3148, 6887, 6888, 3049, 3038,
  6788, 6789, 3170, 3159, 6888, 6889, 3060, 3049,
  6789, 6790, 3181, 3170, 6889, 6890, 3071, 3060,
  5260, 6791, 6792, 5257, 5230, 6891, 6892, 5227,
  6791, 6793, 6794, 6792, 6891, 6893, 6894, 6892,
  6793, 6795, 6796, 6794, 6893, 6895, 6896, 6894,
  6795, 6797, 6798, 6796, 6895, 6897, 6898, 6896,
  6797, 6799, 6800, 6798, 6897, 6899, 6900, 6898,
  6799, 6801, 6802, 6800, 6899, 6901, 6902, 6900,
  6801, 6803, 6804, 6802, 6901, 6903, 6904, 6902,
  6803, 6805, 6806, 6804, 6903, 6905, 6906, 6904,
  6805, 6807, 6808, 6806, 6905, 6907, 6908, 6906,
  6807, 6809, 6810, 6808, 6907, 6909, 6910, 6908,
  5257, 6792, 6811, 5254, 5227, 6892, 6911, 5224,
  6792, 6794, 6812, 6811, 6892, 6894, 6912, 6911,
  6794, 6796, 6813, 6812, 6894, 6896, 6913, 6912,
  6796, 6798, 6814, 6813, 6896, 6898, 6914, 6913,
  6798, 6800, 6815, 6814, 6898, 6900, 6915, 6914,
  6800, 6802, 6816, 6815, 6900, 6902, 6916, 6915,
  6802, 6804, 6817, 6816, 6902, 6904, 6917, 6916,
  6804, 6806, 6818, 6817, 6904, 6906, 6918, 6917,
  6806, 6808, 6819, 6818, 6906, 6908, 6919, 6918,
  6808, 6810, 6820, 6819, 6908, 6910, 6920, 6919,
  5254, 6811, 6821, 5251, 5224, 6911, 6921, 5221,
  6811, 6812, 6822, 6821, 6911, 6912, 6922, 6921,
  6812, 6813, 6823, 6822, 6912, 6913, 6923, 6922,
  6813, 6814, 6824, 6823, 6913, 6914, 6924, 6923,
  6814, 6815, 6825, 6824, 6914, 6915, 6925, 6924,
  6815, 6816, 6826, 6825, 6915, 6916, 6926, 6925,
  6816, 6817, 6827, 6826, 6916, 6917, 6927, 6926,
  6817, 6818, 6828, 6827, 6917, 6918, 6928, 6927,
  6818, 6819, 6829, 6828, 6918, 6919, 6929, 6928,
  6819, 6820, 6830, 6829, 6919, 6920, 6930, 6929,
  5251, 6821, 6831, 5248, 5221, 6921, 6931, 5218,
  6821, 6822, 6832, 6831, 6921, 6922, 6932, 6931,
  6822, 6823, 6833, 6832, 6922, 6923, 6933, 6932,
  6823, 6824, 6834, 6833, 6923, 6924, 6934, 6933,
  6824, 6825, 6835, 6834, 6924, 6925, 6935, 6934,
  6825, 6826, 6836, 6835, 6925, 6926, 6936, 6935,
  6826, 6827, 6837, 6836, 6926, 6927, 6937, 6936,
  6827, 6828, 6838, 6837, 6927, 6928, 6938, 6937,
  6828, 6829, 6839, 6838, 6928, 6929, 6939, 6938,
  6829, 6830, 6840, 6839, 6929, 6930, 6940, 6939,
  5248, 6831, 6841, 5245, 5218, 6931, 6941, 5215,
  6831, 6832, 6842, 6841, 6931, 6932, 6942, 6941,
  6832, 6833, 6843, 6842, 6932, 6933, 6943, 6942,
  6833, 6834, 6844, 6843, 6933, 6934, 6944, 6943,
  6834, 6835, 6845, 6844, 6934, 6935, 6945, 6944,
  6835, 6836, 6846, 6845, 6935, 6936, 6946, 6945,
  6836, 6837, 6847, 6846, 6936, 6937, 6947, 6946,
  6837, 6838, 6848, 6847, 6937, 6938, 6948, 6947,
  6838, 6839, 6849, 6848, 6938, 6939, 6949, 6948,
  6839, 6840, 6850, 6849, 6939, 6940, 6950, 6949,
  5245, 6841, 6851, 5242, 5215, 6941, 6951, 5212,
  6841, 6842, 6852, 6851, 6941, 6942, 6952, 6951,
  6842, 6843, 6853, 6852, 6942, 6943, 6953, 6952,
  6843, 6844, 6854, 6853, 6943, 6944, 6954, 6953,
  6844, 6845, 6855, 6854, 6944, 6945, 6955, 6954,
  6845, 6846, 6856, 6855, 6945, 6946, 6956, 6955,
  6846, 6847, 6857, 6856, 6946, 6947, 6957, 6956,
  6847, 6848, 6858, 6857, 6947, 6948, 6958, 6957,
  6848, 6849, 6859, 6858, 6948, 6949, 6959, 6958,
  6849, 6850, 6860, 6859, 6949, 6950, 6960, 6959,
  5242, 6851, 6861, 5239, 5212, 6951, 6961, 5209,
  6851, 6852, 6862, 6861, 6951, 6952, 6962, 6961,
  6852, 6853, 6863, 6862, 6952, 6953, 6963, 6962,
  6853, 6854, 6864, 6863, 6953, 6954, 6964, 6963,
  6854, 6855, 6865, 6864, 6954, 6955, 6965, 6964,
  6855, 6856, 6866, 6865, 6955, 6956, 6966, 6965,
  6856, 6857, 6867, 6866, 6956, 6957, 6967, 6966,
  6857, 6858, 6868, 6867, 6957, 6958, 6968, 6967,
  6858, 6859, 6869, 6868, 6958, 6959, 6969, 6968,
  6859, 6860, 6870, 6869, 6959, 6960, 6970, 6969,
  5239, 6861, 6871, 5236, 5209, 6961, 6971, 5206,
  6861, 6862, 6872, 6871, 6961, 6962, 6972, 6971,
  6862, 6863, 6873, 6872, 6962, 6963, 6973, 6972,
  6863, 6864, 6874, 6873, 6963, 6964, 6974, 6973,
  6864, 6865, 6875, 6874, 6964, 6965, 6975, 6974,
  6865, 6866, 6876, 6875, 6965, 6966, 6976, 6975,
  6866, 6867, 6877, 6876, 6966, 6967, 6977, 6976,
  6867, 6868, 6878, 6877, 6967, 6968, 6978, 6977,
  6868, 6869, 6879, 6878, 6968, 6969, 6979, 6978,
  6869, 6870, 6880, 6879, 6969, 6970, 6980, 6979,
  5236, 6871, 6881, 5233, 5206, 6971, 6981, 5203,
  6871, 6872, 6882, 6881, 6971, 6972, 6982, 6981,
  6872, 6873, 6883, 6882, 6972, 6973, 6983, 6982,
  6873, 6874, 6884, 6883, 6973, 6974, 6984, 6983,
  6874, 6875, 6885, 6884, 6974, 6975, 6985, 6984,
  6875, 6876, 6886, 6885, 6975, 6976, 6986, 6985,
  6876, 6877, 6887, 6886, 6976, 6977, 6987, 6986,
  6877, 6878, 6888, 6887, 6977, 6978, 6988, 6987,
  6878, 6879, 6889, 6888, 6978, 6979, 6989, 6988,
  6879, 6880, 6890, 6889, 6979, 6980, 6990, 6989,
  5233, 6881, 2972, 1067, 5203, 6981, 2862, 1034,
  6881, 6882, 2983, 2972, 6981, 6982, 2873, 2862,
  6882, 6883, 2994, 2983, 6982, 6983, 2884, 2873,
  6883, 6884, 3005, 2994, 6983, 6984, 2895, 2884,
  6884, 6885, 3016, 3005, 6984, 6985, 2906, 2895,
  6885, 6886, 3027, 3016, 6985, 6986, 2917, 2906,
  6886, 6887, 3038, 3027, 6986, 6987, 2928, 2917,
  6887, 6888, 3049, 3038, 6987, 6988, 2939, 2928,
  6888, 6889, 3060, 3049, 6988, 6989, 2950, 2939,
  6889, 6890, 3071, 3060, 6989, 6990, 2961, 2950,
  5230, 6891, 6892, 5227, 5200, 6991, 6992, 5194,
  6891, 6893, 6894, 6892, 6991, 6993, 6994, 6992,
  6893, 6895, 6896, 6894, 6993, 6995, 6996, 6994,
  6895, 6897, 6898, 6896, 6995, 6997, 6998, 6996,
  6897, 6899, 6900, 6898, 6997, 6999, 7000, 6998,
  6899, 6901, 6902, 6900, 6999, 7001, 7002, 7000,
  6901, 6903, 6904, 6902, 7001, 7003, 7004, 7002,
  6903, 6905, 6906, 6904, 7003, 7005, 7006, 7004,
  6905, 6907, 6908, 6906, 7005, 7007, 7008, 7006,
  6907, 6909, 6910, 6908, 7007, 7009, 7010, 7008,
  5227, 6892, 6911, 5224, 5194, 6992, 7011, 5188,
  6892, 6894, 6912, 6911, 6992, 6994, 7012, 7011,
  6894, 6896, 6913, 6912, 6994, 6996, 7013, 7012,
  6896, 6898, 6914, 6913, 6996, 6998, 7014, 7013,
  6898, 6900, 6915, 6914, 6998, 7000, 7015, 7014,
  6900, 6902, 6916, 6915, 7000, 7002, 7016, 7015,
  6902, 6904, 6917, 6916, 7002, 7004, 7017, 7016,
  6904, 6906, 6918, 6917, 7004, 7006, 7018, 7017,
  6906, 6908, 6919, 6918, 7006, 7008, 7019, 7018,
  6908, 6910, 6920, 6919, 7008, 7010, 7020, 7019,
  5224, 6911, 6921, 5221, 5188, 7011, 7021, 5182,
  6911, 6912, 6922, 6921, 7011, 7012, 7022, 7021,
  6912, 6913, 6923, 6922, 7012, 7013, 7023, 7022,
  6913, 6914, 6924, 6923, 7013, 7014, 7024, 7023,
  6914, 6915, 6925, 6924, 7014, 7015, 7025, 7024,
  6915, 6916, 6926, 6925, 7015, 7016, 7026, 7025,
  6916, 6917, 6927, 6926, 7016, 7017, 7027, 7026,
  6917, 6918, 6928, 6927, 7017, 7018, 7028, 7027,
  6918, 6919, 6929, 6928, 7018, 7019, 7029, 7028,
  6919, 6920, 6930, 6929, 7019, 7020, 7030, 7029,
  5221, 6921, 6931, 5218, 5182, 7021, 7031, 5176,
  6921, 6922, 6932, 6931, 7021, 7022, 7032, 7031,
  6922, 6923, 6933, 6932, 7022, 7023, 7033, 7032,
  6923, 6924, 6934, 6933, 7023, 7024, 7034, 7033,
  6924, 6925, 6935, 6934, 7024, 7025, 7035, 7034,
  6925, 6926, 6936, 6935, 7025, 7026, 7036, 7035,
  6926, 6927, 6937, 6936, 7026, 7027, 7037, 7036,
  6927, 6928, 6938, 6937, 7027, 7028, 7038, 7037,
  6928, 6929, 6939, 6938, 7028, 7029, 7039, 7038,
  6929, 6930, 6940, 6939, 7029, 7030, 7040, 7039,
  5218, 6931, 6941, 5215, 5176, 7031, 7041, 5170,
  6931, 6932, 6942, 6941, 7031, 7032, 7042, 7041,
  6932, 6933, 6943, 6942, 7032, 7033, 7043, 7042,
  6933, 6934, 6944, 6943, 7033, 7034, 7044, 7043,
  6934, 6935, 6945, 6944, 7034, 7035, 7045, 7044,
  6935, 6936, 6946, 6945, 7035, 7036, 7046, 7045,
  6936, 6937, 6947, 6946, 7036, 7037, 7047, 7046,
  6937, 6938, 6948, 6947, 7037, 7038, 7048, 7047,
  6938, 6939, 6949, 6948, 7038, 7039, 7049, 7048,
  6939, 6940, 6950, 6949, 7039, 7040, 7050, 7049,
  5215, 6941, 6951, 5212, 5170, 7041, 7051, 5164,
  6941, 6942, 6952, 6951, 7041, 7042, 7052, 7051,
  6942, 6943, 6953, 6952, 7042, 7043, 7053, 7052,
  6943, 6944, 6954, 6953, 7043, 7044, 7054, 7053,
  6944, 6945, 6955, 6954, 7044, 7045, 7055, 7054,
  6945, 6946, 6956, 6955, 7045, 7046, 7056, 7055,
  6946, 6947, 6957, 6956, 7046, 7047, 7057, 7056,
  6947, 6948, 6958, 6957, 7047, 7048, 7058, 7057,
  6948, 6949, 6959, 6958, 7048, 7049, 7059, 7058,
  6949, 6950, 6960, 6959, 7049, 7050, 7060, 7059,
  5212, 6951, 6961, 5209, 5164, 7051, 7061, 5158,
  6951, 6952, 6962, 6961, 7051, 7052, 7062, 7061,
  6952, 6953, 6963, 6962, 7052, 7053, 7063, 7062,
  6953, 6954, 6964, 6963, 7053, 7054, 7064, 7063,
  6954, 6955, 6965, 6964, 7054, 7055, 7065, 7064,
  6955, 6956, 6966, 6965, 7055, 7056, 7066, 7065,
  6956, 6957, 6967, 6966, 7056, 7057, 7067, 7066,
  6957, 6958, 6968, 6967, 7057, 7058, 7068, 7067,
  6958, 6959, 6969, 6968, 7058, 7059, 7069, 7068,
  6959, 6960, 6970, 6969, 7059, 7060, 7070, 7069,
  5209, 6961, 6971, 5206, 5158, 7061, 7071, 5152,
  6961, 6962, 6972, 6971, 7061, 7062, 7072, 7071,
  6962, 6963, 6973, 6972, 7062, 7063, 7073, 7072,
  6963, 6964, 6974, 6973, 7063, 7064, 7074, 7073,
  6964, 6965, 6975, 6974, 7064, 7065, 7075, 7074,
  6965, 6966, 6976, 6975, 7065, 7066, 7076, 7075,
  6966, 6967, 6977, 6976, 7066, 7067, 7077, 7076,
  6967, 6968, 6978, 6977, 7067, 7068, 7078, 7077,
  6968, 6969, 6979, 6978, 7068, 7069, 7079, 7078,
  6969, 6970, 6980, 6979, 7069, 7070, 7080, 7079,
  5206, 6971, 6981, 5203, 5152, 7071, 7081, 5146,
  6971, 6972, 6982, 6981, 7071, 7072, 7082, 7081,
  6972, 6973, 6983, 6982, 7072, 7073, 7083, 7082,
  6973, 6974, 6984, 6983, 7073, 7074, 7084, 7083,
  6974, 6975, 6985, 6984, 7074, 7075, 7085, 7084,
  6975, 6976, 6986, 6985, 7075, 7076, 7086, 7085,
  6976, 6977, 6987, 6986, 7076, 7077, 7087, 7086,
  6977, 6978, 6988, 6987, 7077, 7078, 7088, 7087,
  6978, 6979, 6989, 6988, 7078, 7079, 7089, 7088,
  6979, 6980, 6990, 6989, 7079, 7080, 7090, 7089,
  5203, 6981, 2862, 1034, 5146, 7081, 2644, 1001,
  6981, 6982, 2873, 2862, 7081, 7082, 2666, 2644,
  6982, 6983, 2884, 2873, 7082, 7083, 2688, 2666,
  6983, 6984, 2895, 2884, 7083, 7084, 2710, 2688,
  6984, 6985, 2906, 2895, 7084, 7085, 2732, 2710,
  6985, 6986, 2917, 2906, 7085, 7086, 2754, 2732,
  6986, 6987, 2928, 2917, 7086, 7087, 2776, 2754,
  6987, 6988, 2939, 2928, 7087, 7088, 2798, 2776,
  6988, 6989, 2950, 2939, 7088, 7089, 2820, 2798,
  6989, 6990, 2961, 2950, 7089, 7090, 2842, 2820,
  5200, 6991, 6992, 5194, 5199, 7091, 7092, 5193,
  6991, 6993, 6994, 6992, 7091, 7093, 7094, 7092,
  6993, 6995, 6996, 6994, 7093, 7095, 7096, 7094,
  6995, 6997, 6998, 6996, 7095, 7097, 7098, 7096,
  6997, 6999, 7000, 6998, 7097, 7099, 7100, 7098,
  6999, 7001, 7002, 7000, 7099, 7101, 7102, 7100,
  7001, 7003, 7004, 7002, 7101, 7103, 7104, 7102,
  7003, 7005, 7006, 7004, 7103, 7105, 7106, 7104,
  7005, 7007, 7008, 7006, 7105, 7107, 7108, 7106,
  7007, 7009, 7010, 7008, 7107, 7109, 7110, 7108,
  5194, 6992, 7011, 5188, 5193, 7092, 7111, 5187,
  6992, 6994, 7012, 7011, 7092, 7094, 7112, 7111,
  6994, 6996, 7013, 7012, 7094, 7096, 7113, 7112,
  6996, 6998, 7014, 7013, 7096, 7098, 7114, 7113,
  6998, 7000, 7015, 7014, 7098, 7100, 7115, 7114,
  7000, 7002, 7016, 7015, 7100, 7102, 7116, 7115,
  7002, 7004, 7017, 7016, 7102, 7104, 7117, 7116,
  7004, 7006, 7018, 7017, 7104, 7106, 7118, 7117,
  7006, 7008, 7019, 7018, 7106, 7108, 7119, 7118,
  7008, 7010, 7020, 7019, 7108, 7110, 7120, 7119,
  5188, 7011, 7021, 5182, 5187, 7111, 7121, 5181,
  7011, 7012, 7022, 7021, 7111, 7112, 7122, 7121,
  7012, 7013, 7023, 7022, 7112, 7113, 7123, 7122,
  7013, 7014, 7024, 7023, 7113, 7114, 7124, 7123,
  7014, 7015, 7025, 7024, 7114, 7115, 7125, 7124,
  7015, 7016, 7026, 7025, 7115, 7116, 7126, 7125,
  7016, 7017, 7027, 7026, 7116, 7117, 7127, 7126,
  7017, 7018, 7028, 7027, 7117, 7118, 7128, 7127,
  7018, 7019, 7029, 7028, 7118, 7119, 7129, 7128,
  7019, 7020, 7030, 7029, 7119, 7120, 7130, 7129,
  5182, 7021, 7031, 5176, 5181, 7121, 7131, 5175,
  7021, 7022, 7032, 7031, 7121, 7122, 7132, 7131,
  7022, 7023, 7033, 7032, 7122, 7123, 7133, 7132,
  7023, 7024, 7034, 7033, 7123, 7124, 7134, 7133,
  7024, 7025, 7035, 7034, 7124, 7125, 7135, 7134,
  7025, 7026, 7036, 7035, 7125, 7126, 7136, 7135,
  7026, 7027, 7037, 7036, 7126, 7127, 7137, 7136,
  7027, 7028, 7038, 7037, 7127, 7128, 7138, 7137,
  7028, 7029, 7039, 7038, 7128, 7129, 7139, 7138,
  7029, 7030, 7040, 7039, 7129, 7130, 7140, 7139,
  5176, 7031, 7041, 5170, 5175, 7131, 7141, 5169,
  7031, 7032, 7042, 7041, 7131, 7132, 7142, 7141,
  7032, 7033, 7043, 7042, 7132, 7133, 7143, 7142,
  7033, 7034, 7044, 7043, 7133, 7134, 7144, 7143,
  7034, 7035, 7045, 7044, 7134, 7135, 7145, 7144,
  7035, 7036, 7046, 7045, 7135, 7136, 7146, 7145,
  7036, 7037, 7047, 7046, 7136, 7137, 7147, 7146,
  7037, 7038, 7048, 7047, 7137, 7138, 7148, 7147,
  7038, 7039, 7049, 7048, 7138, 7139, 7149, 7148,
  7039, 7040, 7050, 7049, 7139, 7140, 7150, 7149,
  5170, 7041, 7051, 5164, 5169, 7141, 7151, 5163,
  7041, 7042, 7052, 7051, 7141, 7142, 7152, 7151,
  7042, 7043, 7053, 7052, 7142, 7143, 7153, 7152,
  7043, 7044, 7054, 7053, 7143, 7144, 7154, 7153,
  7044, 7045, 7055, 7054, 7144, 7145, 7155, 7154,
  7045, 7046, 7056, 7055, 7145, 7146, 7156, 7155,
  7046, 7047, 7057, 7056, 7146, 7147, 7157, 7156,
  7047, 7048, 7058, 7057, 7147, 7148, 7158, 7157,
  7048, 7049, 7059, 7058, 7148, 7149, 7159, 7158,
  7049, 7050, 7060, 7059, 7149, 7150, 7160, 7159,
  5164, 7051, 7061, 5158, 5163, 7151, 7161, 5157,
  7051, 7052, 7062, 7061, 7151, 7152, 7162, 7161,
  7052, 7053, 7063, 7062, 7152, 7153, 7163, 7162,
  7053, 7054, 7064, 7063, 7153, 7154, 7164, 7163,
  7054, 7055, 7065, 7064, 7154, 7155, 7165, 7164,
  7055, 7056, 7066, 7065, 7155, 7156, 7166, 7165,
  7056, 7057, 7067, 7066, 7156, 7157, 7167, 7166,
  7057, 7058, 7068, 7067, 7157, 7158, 7168, 7167,
  7058, 7059, 7069, 7068, 7158, 7159, 7169, 7168,
  7059, 7060, 7070, 7069, 7159, 7160, 7170, 7169,
  5158, 7061, 7071, 5152, 5157, 7161, 7171, 5151,
  7061, 7062, 7072, 7071, 7161, 7162, 7172, 7171,
  7062, 7063, 7073, 7072, 7162, 7163, 7173, 7172,
  7063, 7064, 7074, 7073, 7163, 7164, 7174, 7173,
  7064, 7065, 7075, 7074, 7164, 7165, 7175, 7174,
  7065, 7066, 7076, 7075, 7165, 7166, 7176, 7175,
  7066, 7067, 7077, 7076, 7166, 7167, 7177, 7176,
  7067, 7068, 7078, 7077, 7167, 7168, 7178, 7177,
  7068, 7069, 7079, 7078, 7168, 7169, 7179, 7178,
  7069, 7070, 7080, 7079, 7169, 7170, 7180, 7179,
  5152, 7071, 7081, 5146, 5151, 7171, 7181, 5145,
  7071, 7072, 7082, 7081, 7171, 7172, 7182, 7181,
  7072, 7073, 7083, 7082, 7172, 7173, 7183, 7182,
  7073, 7074, 7084, 7083, 7173, 7174, 7184, 7183,
  7074, 7075, 7085, 7084, 7174, 7175, 7185, 7184,
  7075, 7076, 7086, 7085, 7175, 7176, 7186, 7185,
  7076, 7077, 7087, 7086, 7176, 7177, 7187, 7186,
  7077, 7078, 7088, 7087, 7177, 7178, 7188, 7187,
  7078, 7079, 7089, 7088, 7178, 7179, 7189, 7188,
  7079, 7080, 7090, 7089, 7179, 7180, 7190, 7189,
  5146, 7081, 2644, 1001, 5145, 7181, 2642, 1000,
  7081, 7082, 2666, 2644, 7181, 7182, 2664, 2642,
  7082, 7083, 2688, 2666, 7182, 7183, 2686, 2664,
  7083, 7084, 2710, 2688, 7183, 7184, 2708, 2686,
  7084, 7085, 2732, 2710, 7184, 7185, 2730, 2708,
  7085, 7086, 2754, 2732, 7185, 7186, 2752, 2730,
  7086, 7087, 2776, 2754, 7186, 7187, 2774, 2752,
  7087, 7088, 2798, 2776, 7187, 7188, 2796, 2774,
  7088, 7089, 2820, 2798, 7188, 7189, 2818, 2796,
  7089, 7090, 2842, 2820, 7189, 7190, 2840, 2818,
  7191, 7192, 7193, 7194, 7195, 7196, 7197, 7198,
  7192, 7199, 7200, 7193, 7196, 7201, 7202, 7197,
  7199, 7203, 7204, 7200, 7201, 7205, 7206, 7202,
  7203, 7207, 7208, 7204, 7205, 7209, 7210, 7206,
  7207, 7211, 7212, 7208, 7209, 7213, 7214, 7210,
  7211, 7215, 7216, 7212, 7213, 7217, 7218, 7214,
  7215, 7219, 7220, 7216, 7217, 7221, 7222, 7218,
  7219, 7223, 7224, 7220, 7221, 7225, 7226, 7222,
  7223, 7227, 7228, 7224, 7225, 7229, 7230, 7226,
  7227, 4290, 4280, 7228, 7229, 4289, 4279, 7230,
  7194, 7193, 7231, 7232, 7198, 7197, 7233, 7234,
  7193, 7200, 7235, 7231, 7197, 7202, 7236, 7233,
  7200, 7204, 7237, 7235, 7202, 7206, 7238, 7236,
  7204, 7208, 7239, 7237, 7206, 7210, 7240, 7238,
  7208, 7212, 7241, 7239, 7210, 7214, 7242, 7240,
  7212, 7216, 7243, 7241, 7214, 7218, 7244, 7242,
  7216, 7220, 7245, 7243, 7218, 7222, 7246, 7244,
  7220, 7224, 7247, 7245, 7222, 7226, 7248, 7246,
  7224, 7228, 7249, 7247, 7226, 7230, 7250, 7248,
  7228, 4280, 4270, 7249, 7230, 4279, 4269, 7250,
  7232, 7231, 7251, 7252, 7234, 7233, 7253, 7254,
  7231, 7235, 7255, 7251, 7233, 7236, 7256, 7253,
  7235, 7237, 7257, 7255, 7236, 7238, 7258, 7256,
  7237, 7239, 7259, 7257, 7238, 7240, 7260, 7258,
  7239, 7241, 7261, 7259, 7240, 7242, 7262, 7260,
  7241, 7243, 7263, 7261, 7242, 7244, 7264, 7262,
  7243, 7245, 7265, 7263, 7244, 7246, 7266, 7264,
  7245, 7247, 7267, 7265, 7246, 7248, 7268, 7266,
  7247, 7249, 7269, 7267, 7248, 7250, 7270, 7268,
  7249, 4270, 4260, 7269, 7250, 4269, 4259, 7270,
  7252, 7251, 7271, 7272, 7254, 7253, 7273, 7274,
  7251, 7255, 7275, 7271, 7253, 7256, 7276, 7273,
  7255, 7257, 7277, 7275, 7256, 7258, 7278, 7276,
  7257, 7259, 7279, 7277, 7258, 7260, 7280, 7278,
  7259, 7261, 7281, 7279, 7260, 7262, 7282, 7280,
  7261, 7263, 7283, 7281, 7262, 7264, 7284, 7282,
  7263, 7265, 7285, 7283, 7264, 7266, 7286, 7284,
  7265, 7267, 7287, 7285, 7266, 7268, 7288, 7286,
  7267, 7269, 7289, 7287, 7268, 7270, 7290, 7288,
  7269, 4260, 4250, 7289, 7270, 4259, 4249, 7290,
  7272, 7271, 7291, 7292, 7274, 7273, 7293, 7294,
  7271, 7275, 7295, 7291, 7273, 7276, 7296, 7293,
  7275, 7277, 7297, 7295, 7276, 7278, 7298, 7296,
  7277, 7279, 7299, 7297, 7278, 7280, 7300, 7298,
  7279, 7281, 7301, 7299, 7280, 7282, 7302, 7300,
  7281, 7283, 7303, 7301, 7282, 7284, 7304, 7302,
  7283, 7285, 7305, 7303, 7284, 7286, 7306, 7304,
  7285, 7287, 7307, 7305, 7286, 7288, 7308, 7306,
  7287, 7289, 7309, 7307, 7288, 7290, 7310, 7308,
  7289, 4250, 4240, 7309, 7290, 4249, 4239, 7310,
  7292, 7291, 7311, 7312, 7294, 7293, 7313, 7314,
  7291, 7295, 7315, 7311, 7293, 7296, 7316, 7313,
  7295, 7297, 7317, 7315, 7296, 7298, 7318, 7316,
  7297, 7299, 7319, 7317, 7298, 7300, 7320, 7318,
  7299, 7301, 7321, 7319, 7300, 7302, 7322, 7320,
  7301, 7303, 7323, 7321, 7302, 7304, 7324, 7322,
  7303, 7305, 7325, 7323, 7304, 7306, 7326, 7324,
  7305, 7307, 7327, 7325, 7306, 7308, 7328, 7326,
  7307, 7309, 7329, 7327, 7308, 7310, 7330, 7328,
  7309, 4240, 4230, 7329, 7310, 4239, 4229, 7330,
  7312, 7311, 7331, 7332, 7314, 7313, 7333, 7334,
  7311, 7315, 7335, 7331, 7313, 7316, 7336, 7333,
  7315, 7317, 7337, 7335, 7316, 7318, 7338, 7336,
  7317, 7319, 7339, 7337, 7318, 7320, 7340, 7338,
  7319, 7321, 7341, 7339, 7320, 7322, 7342, 7340,
  7321, 7323, 7343, 7341, 7322, 7324, 7344, 7342,
  7323, 7325, 7345, 7343, 7324, 7326, 7346, 7344,
  7325, 7327, 7347, 7345, 7326, 7328, 7348, 7346,
  7327, 7329, 7349, 7347, 7328, 7330, 7350, 7348,
  7329, 4230, 4220, 7349, 7330, 4229, 4219, 7350,
  7332, 7331, 7351, 7352, 7334, 7333, 7353, 7354,
  7331, 7335, 7355, 7351, 7333, 7336, 7356, 7353,
  7335, 7337, 7357, 7355, 7336, 7338, 7358, 7356,
  7337, 7339, 7359, 7357, 7338, 7340, 7360, 7358,
  7339, 7341, 7361, 7359, 7340, 7342, 7362, 7360,
  7341, 7343, 7363, 7361, 7342, 7344, 7364, 7362,
  7343, 7345, 7365, 7363, 7344, 7346, 7366, 7364,
  7345, 7347, 7367, 7365, 7346, 7348, 7368, 7366,
  7347, 7349, 7369, 7367, 7348, 7350, 7370, 7368,
  7349, 4220, 4210, 7369, 7350, 4219, 4209, 7370,
  7352, 7351, 7371, 7372, 7354, 7353, 7373, 7374,
  7351, 7355, 7375, 7371, 7353, 7356, 7376, 7373,
  7355, 7357, 7377, 7375, 7356, 7358, 7378, 7376,
  7357, 7359, 7379, 7377, 7358, 7360, 7380, 7378,
  7359, 7361, 7381, 7379, 7360, 7362, 7382, 7380,
  7361, 7363, 7383, 7381, 7362, 7364, 7384, 7382,
  7363, 7365, 7385, 7383, 7364, 7366, 7386, 7384,
  7365, 7367, 7387, 7385, 7366, 7368, 7388, 7386,
  7367, 7369, 7389, 7387, 7368, 7370, 7390, 7388,
  7369, 4210, 4200, 7389, 7370, 4209, 4199, 7390,
  7372, 7371, 7110, 7109, 7374, 7373, 7108, 7107,
  7371, 7375, 7120, 7110, 7373, 7376, 7119, 7108,
  7375, 7377, 7130, 7120, 7376, 7378, 7129, 7119,
  7377, 7379, 7140, 7130, 7378, 7380, 7139, 7129,
  7379, 7381, 7150, 7140, 7380, 7382, 7149, 7139,
  7381, 7383, 7160, 7150, 7382, 7384, 7159, 7149,
  7383, 7385, 7170, 7160, 7384, 7386, 7169, 7159,
  7385, 7387, 7180, 7170, 7386, 7388, 7179, 7169,
  7387, 7389, 7190, 7180, 7388, 7390, 7189, 7179,
  7389, 4200, 2840, 7190, 7390, 4199, 2818, 7189,
  7195, 7196, 7197, 7198, 7391, 7392, 7393, 7394,
  7196, 7201, 7202, 7197, 7392, 7395, 7396, 7393,
  7201, 7205, 7206, 7202, 7395, 7397, 7398, 7396,
  7205, 7209, 7210, 7206, 7397, 7399, 7400, 7398,
  7209, 7213, 7214, 7210, 7399, 7401, 7402, 7400,
  7213, 7217, 7218, 7214, 7401, 7403, 7404, 7402,
  7217, 7221, 7222, 7218, 7403, 7405, 7406, 7404,
  7221, 7225, 7226, 7222, 7405, 7407, 7408, 7406,
  7225, 7229, 7230, 7226, 7407, 7409, 7410, 7408,
  7229, 4289, 4279, 7230, 7409, 4288, 4278, 7410,
  7198, 7197, 7233, 7234, 7394, 7393, 7411, 7412,
  7197, 7202, 7236, 7233, 7393, 7396, 7413, 7411,
  7202, 7206, 7238, 7236, 7396, 7398, 7414, 7413,
  7206, 7210, 7240, 7238, 7398, 7400, 7415, 7414,
  7210, 7214, 7242, 7240, 7400, 7402, 7416, 7415,
  7214, 7218, 7244, 7242, 7402, 7404, 7417, 7416,
  7218, 7222, 7246, 7244, 7404, 7406, 7418, 7417,
  7222, 7226, 7248, 7246, 7406, 7408, 7419, 7418,
  7226, 7230, 7250, 7248, 7408, 7410, 7420, 7419,
  7230, 4279, 4269, 7250, 7410, 4278, 4268, 7420,
  7234, 7233, 7253, 7254, 7412, 7411, 7421, 7422,
  7233, 7236, 7256, 7253, 7411, 7413, 7423, 7421,
  7236, 7238, 7258, 7256, 7413, 7414, 7424, 7423,
  7238, 7240, 7260, 7258, 7414, 7415, 7425, 7424,
  7240, 7242, 7262, 7260, 7415, 7416, 7426, 7425,
  7242, 7244, 7264, 7262, 7416, 7417, 7427, 7426,
  7244, 7246, 7266, 7264, 7417, 7418, 7428, 7427,
  7246, 7248, 7268, 7266, 7418, 7419, 7429, 7428,
  7248, 7250, 7270, 7268, 7419, 7420, 7430, 7429,
  7250, 4269, 4259, 7270, 7420, 4268, 4258, 7430,
  7254, 7253, 7273, 7274, 7422, 7421, 7431, 7432,
  7253, 7256, 7276, 7273, 7421, 7423, 7433, 7431,
  7256, 7258, 7278, 7276, 7423, 7424, 7434, 7433,
  7258, 7260, 7280, 7278, 7424, 7425, 7435, 7434,
  7260, 7262, 7282, 7280, 7425, 7426, 7436, 7435,
  7262, 7264, 7284, 7282, 7426, 7427, 7437, 7436,
  7264, 7266, 7286, 7284, 7427, 7428, 7438, 7437,
  7266, 7268, 7288, 7286, 7428, 7429, 7439, 7438,
  7268, 7270, 7290, 7288, 7429, 7430, 7440, 7439,
  7270, 4259, 4249, 7290, 7430, 4258, 4248, 7440,
  7274, 7273, 7293, 7294, 7432, 7431, 7441, 7442,
  7273, 7276, 7296, 7293, 7431, 7433, 7443, 7441,
  7276, 7278, 7298, 7296, 7433, 7434, 7444, 7443,
  7278, 7280, 7300, 7298, 7434, 7435, 7445, 7444,
  7280, 7282, 7302, 7300, 7435, 7436, 7446, 7445,
  7282, 7284, 7304, 7302, 7436, 7437, 7447, 7446,
  7284, 7286, 7306, 7304, 7437, 7438, 7448, 7447,
  7286, 7288, 7308, 7306, 7438, 7439, 7449, 7448,
  7288, 7290, 7310, 7308, 7439, 7440, 7450, 7449,
  7290, 4249, 4239, 7310, 7440, 4248, 4238, 7450,
  7294, 7293, 7313, 7314, 7442, 7441, 7451, 7452,
  7293, 7296, 7316, 7313, 7441, 7443, 7453, 7451,
  7296, 7298, 7318, 7316, 7443, 7444, 7454, 7453,
  7298, 7300, 7320, 7318, 7444, 7445, 7455, 7454,
  7300, 7302, 7322, 7320, 7445, 7446, 7456, 7455,
  7302, 7304, 7324, 7322, 7446, 7447, 7457, 7456,
  7304, 7306, 7326, 7324, 7447, 7448, 7458, 7457,
  7306, 7308, 7328, 7326, 7448, 7449, 7459, 7458,
  7308, 7310, 7330, 7328, 7449, 7450, 7460, 7459,
  7310, 4239, 4229, 7330, 7450, 4238, 4228, 7460,
  7314, 7313, 7333, 7334, 7452, 7451, 7461, 7462,
  7313, 7316, 7336, 7333, 7451, 7453, 7463, 7461,
  7316, 7318, 7338, 7336, 7453, 7454, 7464, 7463,
  7318, 7320, 7340, 7338, 7454, 7455, 7465, 7464,
  7320, 7322, 7342, 7340, 7455, 7456, 7466, 7465,
  7322, 7324, 7344, 7342, 7456, 7457, 7467, 7466,
  7324, 7326, 7346, 7344, 7457, 7458, 7468, 7467,
  7326, 7328, 7348, 7346, 7458, 7459, 7469, 7468,
  7328, 7330, 7350, 7348, 7459, 7460, 7470, 7469,
  7330, 4229, 4219, 7350, 7460, 4228, 4218, 7470,
  7334, 7333, 7353, 7354, 7462, 7461, 7471, 7472,
  7333, 7336, 7356, 7353, 7461, 7463, 7473, 7471,
  7336, 7338, 7358, 7356, 7463, 7464, 7474, 7473,
  7338, 7340, 7360, 7358, 7464, 7465, 7475, 7474,
  7340, 7342, 7362, 7360, 7465, 7466, 7476, 7475,
  7342, 7344, 7364, 7362, 7466, 7467, 7477, 7476,
  7344, 7346, 7366, 7364, 7467, 7468, 7478, 7477,
  7346, 7348, 7368, 7366, 7468, 7469, 7479, 7478,
  7348, 7350, 7370, 7368, 7469, 7470, 7480, 7479,
  7350, 4219, 4209, 7370, 7470, 4218, 4208, 7480,
  7354, 7353, 7373, 7374, 7472, 7471, 7481, 7482,
  7353, 7356, 7376, 7373, 7471, 7473, 7483, 7481,
  7356, 7358, 7378, 7376, 7473, 7474, 7484, 7483,
  7358, 7360, 7380, 7378, 7474, 7475, 7485, 7484,
  7360, 7362, 7382, 7380, 7475, 7476, 7486, 7485,
  7362, 7364, 7384, 7382, 7476, 7477, 7487, 7486,
  7364, 7366, 7386, 7384, 7477, 7478, 7488, 7487,
  7366, 7368, 7388, 7386, 7478, 7479, 7489, 7488,
  7368, 7370, 7390, 7388, 7479, 7480, 7490, 7489,
  7370, 4209, 4199, 7390, 7480, 4208, 4198, 7490,
  7374, 7373, 7108, 7107, 7482, 7481, 7106, 7105,
  7373, 7376, 7119, 7108, 7481, 7483, 7118, 7106,
  7376, 7378, 7129, 7119, 7483, 7484, 7128, 7118,
  7378, 7380, 7139, 7129, 7484, 7485, 7138, 7128,
  7380, 7382, 7149, 7139, 7485, 7486, 7148, 7138,
  7382, 7384, 7159, 7149, 7486, 7487, 7158, 7148,
  7384, 7386, 7169, 7159, 7487, 7488, 7168, 7158,
  7386, 7388, 7179, 7169, 7488, 7489, 7178, 7168,
  7388, 7390, 7189, 7179, 7489, 7490, 7188, 7178,
  7390, 4199, 2818, 7189, 7490, 4198, 2796, 7188,
  7391, 7392, 7393, 7394, 7491, 7492, 7493, 7494,
  7392, 7395, 7396, 7393, 7492, 7495, 7496, 7493,
  7395, 7397, 7398, 7396, 7495, 7497, 7498, 7496,
  7397, 7399, 7400, 7398, 7497, 7499, 7500, 7498,
  7399, 7401, 7402, 7400, 7499, 7501, 7502, 7500,
  7401, 7403, 7404, 7402, 7501, 7503, 7504, 7502,
  7403, 7405, 7406, 7404, 7503, 7505, 7506, 7504,
  7405, 7407, 7408, 7406, 7505, 7507, 7508, 7506,
  7407, 7409, 7410, 7408, 7507, 7509, 7510, 7508,
  7409, 4288, 4278, 7410, 7509, 4287, 4277, 7510,
  7394, 7393, 7411, 7412, 7494, 7493, 7511, 7512,
  7393, 7396, 7413, 7411, 7493, 7496, 7513, 7511,
  7396, 7398, 7414, 7413, 7496, 7498, 7514, 7513,
  7398, 7400, 7415, 7414, 7498, 7500, 7515, 7514,
  7400, 7402, 7416, 7415, 7500, 7502, 7516, 7515,
  7402, 7404, 7417, 7416, 7502, 7504, 7517, 7516,
  7404, 7406, 7418, 7417, 7504, 7506, 7518, 7517,
  7406, 7408, 7419, 7418, 7506, 7508, 7519, 7518,
  7408, 7410, 7420, 7419, 7508, 7510, 7520, 7519,
  7410, 4278, 4268, 7420, 7510, 4277, 4267, 7520,
  7412, 7411, 7421, 7422, 7512, 7511, 7521, 7522,
  7411, 7413, 7423, 7421, 7511, 7513, 7523, 7521,
  7413, 7414, 7424, 7423, 7513, 7514, 7524, 7523,
  7414, 7415, 7425, 7424, 7514, 7515, 7525, 7524,
  7415, 7416, 7426, 7425, 7515, 7516, 7526, 7525,
  7416, 7417, 7427, 7426, 7516, 7517, 7527, 7526,
  7417, 7418, 7428, 7427, 7517, 7518, 7528, 7527,
  7418, 7419, 7429, 7428, 7518, 7519, 7529, 7528,
  7419, 7420, 7430, 7429, 7519, 7520, 7530, 7529,
  7420, 4268, 4258, 7430, 7520, 4267, 4257, 7530,
  7422, 7421, 7431, 7432, 7522, 7521, 7531, 7532,
  7421, 7423, 7433, 7431, 7521, 7523, 7533, 7531,
  7423, 7424, 7434, 7433, 7523, 7524, 7534, 7533,
  7424, 7425, 7435, 7434, 7524, 7525, 7535, 7534,
  7425, 7426, 7436, 7435, 7525, 7526, 7536, 7535,
  7426, 7427, 7437, 7436, 7526, 7527, 7537, 7536,
  7427, 7428, 7438, 7437, 7527, 7528, 7538, 7537,
  7428, 7429, 7439, 7438, 7528, 7529, 7539, 7538,
  7429, 7430, 7440, 7439, 7529, 7530, 7540, 7539,
  7430, 4258, 4248, 7440, 7530, 4257, 4247, 7540,
  7432, 7431, 7441, 7442, 7532, 7531, 7541, 7542,
  7431, 7433, 7443, 7441, 7531, 7533, 7543, 7541,
  7433, 7434, 7444, 7443, 7533, 7534, 7544, 7543,
  7434, 7435, 7445, 7444, 7534, 7535, 7545, 7544,
  7435, 7436, 7446, 7445, 7535, 7536, 7546, 7545,
  7436, 7437, 7447, 7446, 7536, 7537, 7547, 7546,
  7437, 7438, 7448, 7447, 7537, 7538, 7548, 7547,
  7438, 7439, 7449, 7448, 7538, 7539, 7549, 7548,
  7439, 7440, 7450, 7449, 7539, 7540, 7550, 7549,
  7440, 4248, 4238, 7450, 7540, 4247, 4237, 7550,
  7442, 7441, 7451, 7452, 7542, 7541, 7551, 7552,
  7441, 7443, 7453, 7451, 7541, 7543, 7553, 7551,
  7443, 7444, 7454, 7453, 7543, 7544, 7554, 7553,
  7444, 7445, 7455, 7454, 7544, 7545, 7555, 7554,
  7445, 7446, 7456, 7455, 7545, 7546, 7556, 7555,
  7446, 7447, 7457, 7456, 7546, 7547, 7557, 7556,
  7447, 7448, 7458, 7457, 7547, 7548, 7558, 7557,
  7448, 7449, 7459, 7458, 7548, 7549, 7559, 7558,
  7449, 7450, 7460, 7459, 7549, 7550, 7560, 7559,
  7450, 4238, 4228, 7460, 7550, 4237, 4227, 7560,
  7452, 7451, 7461, 7462, 7552, 7551, 7561, 7562,
  7451, 7453, 7463, 7461, 7551, 7553, 7563, 7561,
  7453, 7454, 7464, 7463, 7553, 7554, 7564, 7563,
  7454, 7455, 7465, 7464, 7554, 7555, 7565, 7564,
  7455, 7456, 7466, 7465, 7555, 7556, 7566, 7565,
  7456, 7457, 7467, 7466, 7556, 7557, 7567, 7566,
  7457, 7458, 7468, 7467, 7557, 7558, 7568, 7567,
  7458, 7459, 7469, 7468, 7558, 7559, 7569, 7568,
  7459, 7460, 7470, 7469, 7559, 7560, 7570, 7569,
  7460, 4228, 4218, 7470, 7560, 4227, 4217, 7570,
  7462, 7461, 7471, 7472, 7562, 7561, 7571, 7572,
  7461, 7463, 7473, 7471, 7561, 7563, 7573, 7571,
  7463, 7464, 7474, 7473, 7563, 7564, 7574, 7573,
  7464, 7465, 7475, 7474, 7564, 7565, 7575, 7574,
  7465, 7466, 7476, 7475, 7565, 7566, 7576, 7575,
  7466, 7467, 7477, 7476, 7566, 7567, 7577, 7576,
  7467, 7468, 7478, 7477, 7567, 7568, 7578, 7577,
  7468, 7469, 7479, 7478, 7568, 7569, 7579, 7578,
  7469, 7470, 7480, 7479, 7569, 7570, 7580, 7579,
  7470, 4218, 4208, 7480, 7570, 4217, 4207, 7580,
  7472, 7471, 7481, 7482, 7572, 7571, 7581, 7582,
  7471, 7473, 7483, 7481, 7571, 7573, 7583, 7581,
  7473, 7474, 7484, 7483, 7573, 7574, 7584, 7583,
  7474, 7475, 7485, 7484, 7574, 7575, 7585, 7584,
  7475, 7476, 7486, 7485, 7575, 7576, 7586, 7585,
  7476, 7477, 7487, 7486, 7576, 7577, 7587, 7586,
  7477, 7478, 7488, 7487, 7577, 7578, 7588, 7587,
  7478, 7479, 7489, 7488, 7578, 7579, 7589, 7588,
  7479, 7480, 7490, 7489, 7579, 7580, 7590, 7589,
  7480, 4208, 4198, 7490, 7580, 4207, 4197, 7590,
  7482, 7481, 7106, 7105, 7582, 7581, 7104, 7103,
  7481, 7483, 7118, 7106, 7581, 7583, 7117, 7104,
  7483, 7484, 7128, 7118, 7583, 7584, 7127, 7117,
  7484, 7485, 7138, 7128, 7584, 7585, 7137, 7127,
  7485, 7486, 7148, 7138, 7585, 7586, 7147, 7137,
  7486, 7487, 7158, 7148, 7586, 7587, 7157, 7147,
  7487, 7488, 7168, 7158, 7587, 7588, 7167, 7157,
  7488, 7489, 7178, 7168, 7588, 7589, 7177, 7167,
  7489, 7490, 7188, 7178, 7589, 7590, 7187, 7177,
  7490, 4198, 2796, 7188, 7590, 4197, 2774, 7187,
  7491, 7492, 7493, 7494, 7591, 7592, 7593, 7594,
  7492, 7495, 7496, 7493, 7592, 7595, 7596, 7593,
  7495, 7497, 7498, 7496, 7595, 7597, 7598, 7596,
  7497, 7499, 7500, 7498, 7597, 7599, 7600, 7598,
  7499, 7501, 7502, 7500, 7599, 7601, 7602, 7600,
  7501, 7503, 7504, 7502, 7601, 7603, 7604, 7602,
  7503, 7505, 7506, 7504, 7603, 7605, 7606, 7604,
  7505, 7507, 7508, 7506, 7605, 7607, 7608, 7606,
  7507, 7509, 7510, 7508, 7607, 7609, 7610, 7608,
  7509, 4287, 4277, 7510, 7609, 4286, 4276, 7610,
  7494, 7493, 7511, 7512, 7594, 7593, 7611, 7612,
  7493, 7496, 7513, 7511, 7593, 7596, 7613, 7611,
  7496, 7498, 7514, 7513, 7596, 7598, 7614, 7613,
  7498, 7500, 7515, 7514, 7598, 7600, 7615, 7614,
  7500, 7502, 7516, 7515, 7600, 7602, 7616, 7615,
  7502, 7504, 7517, 7516, 7602, 7604, 7617, 7616,
  7504, 7506, 7518, 7517, 7604, 7606, 7618, 7617,
  7506, 7508, 7519, 7518, 7606, 7608, 7619, 7618,
  7508, 7510, 7520, 7519, 7608, 7610, 7620, 7619,
  7510, 4277, 4267, 7520, 7610, 4276, 4266, 7620,
  7512, 7511, 7521, 7522, 7612, 7611, 7621, 7622,
  7511, 7513, 7523, 7521, 7611, 7613, 7623, 7621,
  7513, 7514, 7524, 7523, 7613, 7614, 7624, 7623,
  7514, 7515, 7525, 7524, 7614, 7615, 7625, 7624,
  7515, 7516, 7526, 7525, 7615, 7616, 7626, 7625,
  7516, 7517, 7527, 7526, 7616, 7617, 7627, 7626,
  7517, 7518, 7528, 7527, 7617, 7618, 7628, 7627,
  7518, 7519, 7529, 7528, 7618, 7619, 7629, 7628,
  7519, 7520, 7530, 7529, 7619, 7620, 7630, 7629,
  7520, 4267, 4257, 7530, 7620, 4266, 4256, 7630,
  7522, 7521, 7531, 7532, 7622, 7621, 7631, 7632,
  7521, 7523, 7533, 7531, 7621, 7623, 7633, 7631,
  7523, 7524, 7534, 7533, 7623, 7624, 7634, 7633,
  7524, 7525, 7535, 7534, 7624, 7625, 7635, 7634,
  7525, 7526, 7536, 7535, 7625, 7626, 7636, 7635,
  7526, 7527, 7537, 7536, 7626, 7627, 7637, 7636,
  7527, 7528, 7538, 7537, 7627, 7628, 7638, 7637,
  7528, 7529, 7539, 7538, 7628, 7629, 7639, 7638,
  7529, 7530, 7540, 7539, 7629, 7630, 7640, 7639,
  7530, 4257, 4247, 7540, 7630, 4256, 4246, 7640,
  7532, 7531, 7541, 7542, 7632, 7631, 7641, 7642,
  7531, 7533, 7543, 7541, 7631, 7633, 7643, 7641,
  7533, 7534, 7544, 7543, 7633, 7634, 7644, 7643,
  7534, 7535, 7545, 7544, 7634, 7635, 7645, 7644,
  7535, 7536, 7546, 7545, 7635, 7636, 7646, 7645,
  7536, 7537, 7547, 7546, 7636, 7637, 7647, 7646,
  7537, 7538, 7548, 7547, 7637, 7638, 7648, 7647,
  7538, 7539, 7549, 7548, 7638, 7639, 7649, 7648,
  7539, 7540, 7550, 7549, 7639, 7640, 7650, 7649,
  7540, 4247, 4237, 7550, 7640, 4246, 4236, 7650,
  7542, 7541, 7551, 7552, 7642, 7641, 7651, 7652,
  7541, 7543, 7553, 7551, 7641, 7643, 7653, 7651,
  7543, 7544, 7554, 7553, 7643, 7644, 7654, 7653,
  7544, 7545, 7555, 7554, 7644, 7645, 7655, 7654,
  7545, 7546, 7556, 7555, 7645, 7646, 7656, 7655,
  7546, 7547, 7557, 7556, 7646, 7647, 7657, 7656,
  7547, 7548, 7558, 7557, 7647, 7648, 7658, 7657,
  7548, 7549, 7559, 7558, 7648, 7649, 7659, 7658,
  7549, 7550, 7560, 7559, 7649, 7650, 7660, 7659,
  7550, 4237, 4227, 7560, 7650, 4236, 4226, 7660,
  7552, 7551, 7561, 7562, 7652, 7651, 7661, 7662,
  7551, 7553, 7563, 7561, 7651, 7653, 7663, 7661,
  7553, 7554, 7564, 7563, 7653, 7654, 7664, 7663,
  7554, 7555, 7565, 7564, 7654, 7655, 7665, 7664,
  7555, 7556, 7566, 7565, 7655, 7656, 7666, 7665,
  7556, 7557, 7567, 7566, 7656, 7657, 7667, 7666,
  7557, 7558, 7568, 7567, 7657, 7658, 7668, 7667,
  7558, 7559, 7569, 7568, 7658, 7659, 7669, 7668,
  7559, 7560, 7570, 7569, 7659, 7660, 7670, 7669,
  7560, 4227, 4217, 7570, 7660, 4226, 4216, 7670,
  7562, 7561, 7571, 7572, 7662, 7661, 7671, 7672,
  7561, 7563, 7573, 7571, 7661, 7663, 7673, 7671,
  7563, 7564, 7574, 7573, 7663, 7664, 7674, 7673,
  7564, 7565, 7575, 7574, 7664, 7665, 7675, 7674,
  7565, 7566, 7576, 7575, 7665, 7666, 7676, 7675,
  7566, 7567, 7577, 7576, 7666, 7667, 7677, 7676,
  7567, 7568, 7578, 7577, 7667, 7668, 7678, 7677,
  7568, 7569, 7579, 7578, 7668, 7669, 7679, 7678,
  7569, 7570, 7580, 7579, 7669, 7670, 7680, 7679,
  7570, 4217, 4207, 7580, 7670, 4216, 4206, 7680,
  7572, 7571, 7581, 7582, 7672, 7671, 7681, 7682,
  7571, 7573, 7583, 7581, 7671, 7673, 7683, 7681,
  7573, 7574, 7584, 7583, 7673, 7674, 7684, 7683,
  7574, 7575, 7585, 7584, 7674, 7675, 7685, 7684,
  7575, 7576, 7586, 7585, 7675, 7676, 7686, 7685,
  7576, 7577, 7587, 7586, 7676, 7677, 7687, 7686,
  7577, 7578, 7588, 7587, 7677, 7678, 7688, 7687,
  7578, 7579, 7589, 7588, 7678, 7679, 7689, 7688,
  7579, 7580, 7590, 7589, 7679, 7680, 7690, 7689,
  7580, 4207, 4197, 7590, 7680, 4206, 4196, 7690,
  7582, 7581, 7104, 7103, 7682, 7681, 7102, 7101,
  7581, 7583, 7117, 7104, 7681, 7683, 7116, 7102,
  7583, 7584, 7127, 7117, 7683, 7684, 7126, 7116,
  7584, 7585, 7137, 7127, 7684, 7685, 7136, 7126,
  7585, 7586, 7147, 7137, 7685, 7686, 7146, 7136,
  7586, 7587, 7157, 7147, 7686, 7687, 7156, 7146,
  7587, 7588, 7167, 7157, 7687, 7688, 7166, 7156,
  7588, 7589, 7177, 7167, 7688, 7689, 7176, 7166,
  7589, 7590, 7187, 7177, 7689, 7690, 7186, 7176,
  7590, 4197, 2774, 7187, 7690, 4196, 2752, 7186,
  7591, 7592, 7593, 7594, 7691, 7692, 7693, 7694,
  7592, 7595, 7596, 7593, 7692, 7695, 7696, 7693,
  7595, 7597, 7598, 7596, 7695, 7697, 7698, 7696,
  7597, 7599, 7600, 7598, 7697, 7699, 7700, 7698,
  7599, 7601, 7602, 7600, 7699, 7701, 7702, 7700,
  7601, 7603, 7604, 7602, 7701, 7703, 7704, 7702,
  7603, 7605, 7606, 7604, 7703, 7705, 7706, 7704,
  7605, 7607, 7608, 7606, 7705, 7707, 7708, 7706,
  7607, 7609, 7610, 7608, 7707, 7709, 7710, 7708,
  7609, 4286, 4276, 7610, 7709, 4285, 4275, 7710,
  7594, 7593, 7611, 7612, 7694, 7693, 7711, 7712,
  7593, 7596, 7613, 7611, 7693, 7696, 7713, 7711,
  7596, 7598, 7614, 7613, 7696, 7698, 7714, 7713,
  7598, 7600, 7615, 7614, 7698, 7700, 7715, 7714,
  7600, 7602, 7616, 7615, 7700, 7702, 7716, 7715,
  7602, 7604, 7617, 7616, 7702, 7704, 7717, 7716,
  7604, 7606, 7618, 7617, 7704, 7706, 7718, 7717,
  7606, 7608, 7619, 7618, 7706, 7708, 7719, 7718,
  7608, 7610, 7620, 7619, 7708, 7710, 7720, 7719,
  7610, 4276, 4266, 7620, 7710, 4275, 4265, 7720,
  7612, 7611, 7621, 7622, 7712, 7711, 7721, 7722,
  7611, 7613, 7623, 7621, 7711, 7713, 7723, 7721,
  7613, 7614, 7624, 7623, 7713, 7714, 7724, 7723,
  7614, 7615, 7625, 7624, 7714, 7715, 7725, 7724,
  7615, 7616, 7626, 7625, 7715, 7716, 7726, 7725,
  7616, 7617, 7627, 7626, 7716, 7717, 7727, 7726,
  7617, 7618, 7628, 7627, 7717, 7718, 7728, 7727,
  7618, 7619, 7629, 7628, 7718, 7719, 7729, 7728,
  7619, 7620, 7630, 7629, 7719, 7720, 7730, 7729,
  7620, 4266, 4256, 7630, 7720, 4265, 4255, 7730,
  7622, 7621, 7631, 7632, 7722, 7721, 7731, 7732,
  7621, 7623, 7633, 7631, 7721, 7723, 7733, 7731,
  7623, 7624, 7634, 7633, 7723, 7724, 7734, 7733,
  7624, 7625, 7635, 7634, 7724, 7725, 7735, 7734,
  7625, 7626, 7636, 7635, 7725, 7726, 7736, 7735,
  7626, 7627, 7637, 7636, 7726, 7727, 7737, 7736,
  7627, 7628, 7638, 7637, 7727, 7728, 7738, 7737,
  7628, 7629, 7639, 7638, 7728, 7729, 7739, 7738,
  7629, 7630, 7640, 7639, 7729, 7730, 7740, 7739,
  7630, 4256, 4246, 7640, 7730, 4255, 4245, 7740,
  7632, 7631, 7641, 7642, 7732, 7731, 7741, 7742,
  7631, 7633, 7643, 7641, 7731, 7733, 7743, 7741,
  7633, 7634, 7644, 7643, 7733, 7734, 7744, 7743,
  7634, 7635, 7645, 7644, 7734, 7735, 7745, 7744,
  7635, 7636, 7646, 7645, 7735, 7736, 7746, 7745,
  7636, 7637, 7647, 7646, 7736, 7737, 7747, 7746,
  7637, 7638, 7648, 7647, 7737, 7738, 7748, 7747,
  7638, 7639, 7649, 7648, 7738, 7739, 7749, 7748,
  7639, 7640, 7650, 7649, 7739, 7740, 7750, 7749,
  7640, 4246, 4236, 7650, 7740, 4245, 4235, 7750,
  7642, 7641, 7651, 7652, 7742, 7741, 7751, 7752,
  7641, 7643, 7653, 7651, 7741, 7743, 7753, 7751,
  7643, 7644, 7654, 7653, 7743, 7744, 7754, 7753,
  7644, 7645, 7655, 7654, 7744, 7745, 7755, 7754,
  7645, 7646, 7656, 7655, 7745, 7746, 7756, 7755,
  7646, 7647, 7657, 7656, 7746, 7747, 7757, 7756,
  7647, 7648, 7658, 7657, 7747, 7748, 7758, 7757,
  7648, 7649, 7659, 7658, 7748, 7749, 7759, 7758,
  7649, 7650, 7660, 7659, 7749, 7750, 7760, 7759,
  7650, 4236, 4226, 7660, 7750, 4235, 4225, 7760,
  7652, 7651, 7661, 7662, 7752, 7751, 7761, 7762,
  7651, 7653, 7663, 7661, 7751, 7753, 7763, 7761,
  7653, 7654, 7664, 7663, 7753, 7754, 7764, 7763,
  7654, 7655, 7665, 7664, 7754, 7755, 7765, 7764,
  7655, 7656, 7666, 7665, 7755, 7756, 7766, 7765,
  7656, 7657, 7667, 7666, 7756, 7757, 7767, 7766,
  7657, 7658, 7668, 7667, 7757, 7758, 7768, 7767,
  7658, 7659, 7669, 7668, 7758, 7759, 7769, 7768,
  7659, 7660, 7670, 7669, 7759, 7760, 7770, 7769,
  7660, 4226, 4216, 7670, 7760, 4225, 4215, 7770,
  7662, 7661, 7671, 7672, 7762, 7761, 7771, 7772,
  7661, 7663, 7673, 7671, 7761, 7763, 7773, 7771,
  7663, 7664, 7674, 7673, 7763, 7764, 7774, 7773,
  7664, 7665, 7675, 7674, 7764, 7765, 7775, 7774,
  7665, 7666, 7676, 7675, 7765, 7766, 7776, 7775,
  7666, 7667, 7677, 7676, 7766, 7767, 7777, 7776,
  7667, 7668, 7678, 7677, 7767, 7768, 7778, 7777,
  7668, 7669, 7679, 7678, 7768, 7769, 7779, 7778,
  7669, 7670, 7680, 7679, 7769, 7770, 7780, 7779,
  7670, 4216, 4206, 7680, 7770, 4215, 4205, 7780,
  7672, 7671, 7681, 7682, 7772, 7771, 7781, 7782,
  7671, 7673, 7683, 7681, 7771, 7773, 7783, 7781,
  7673, 7674, 7684, 7683, 7773, 7774, 7784, 7783,
  7674, 7675, 7685, 7684, 7774, 7775, 7785, 7784,
  7675, 7676, 7686, 7685, 7775, 7776, 7786, 7785,
  7676, 7677, 7687, 7686, 7776, 7777, 7787, 7786,
  7677, 7678, 7688, 7687, 7777, 7778, 7788, 7787,
  7678, 7679, 7689, 7688, 7778, 7779, 7789, 7788,
  7679, 7680, 7690, 7689, 7779, 7780, 7790, 7789,
  7680, 4206, 4196, 7690, 7780, 4205, 4195, 7790,
  7682, 7681, 7102, 7101, 7782, 7781, 7100, 7099,
  7681, 7683, 7116, 7102, 7781, 7783, 7115, 7100,
  7683, 7684, 7126, 7116, 7783, 7784, 7125, 7115,
  7684, 7685, 7136, 7126, 7784, 7785, 7135, 7125,
  7685, 7686, 7146, 7136, 7785, 7786, 7145, 7135,
  7686, 7687, 7156, 7146, 7786, 7787, 7155, 7145,
  7687, 7688, 7166, 7156, 7787, 7788, 7165, 7155,
  7688, 7689, 7176, 7166, 7788, 7789, 7175, 7165,
  7689, 7690, 7186, 7176, 7789, 7790, 7185, 7175,
  7690, 4196, 2752, 7186, 7790, 4195, 2730, 7185,
  7691, 7692, 7693, 7694, 7791, 7792, 7793, 7794,
  7692, 7695, 7696, 7693, 7792, 7795, 7796, 7793,
  7695, 7697, 7698, 7696, 7795, 7797, 7798, 7796,
  7697, 7699, 7700, 7698, 7797, 7799, 7800, 7798,
  7699, 7701, 7702, 7700, 7799, 7801, 7802, 7800,
  7701, 7703, 7704, 7702, 7801, 7803, 7804, 7802,
  7703, 7705, 7706, 7704, 7803, 7805, 7806, 7804,
  7705, 7707, 7708, 7706, 7805, 7807, 7808, 7806,
  7707, 7709, 7710, 7708, 7807, 7809, 7810, 7808,
  7709, 4285, 4275, 7710, 7809, 4284, 4274, 7810,
  7694, 7693, 7711, 7712, 7794, 7793, 7811, 7812,
  7693, 7696, 7713, 7711, 7793, 7796, 7813, 7811,
  7696, 7698, 7714, 7713, 7796, 7798, 7814, 7813,
  7698, 7700, 7715, 7714, 7798, 7800, 7815, 7814,
  7700, 7702, 7716, 7715, 7800, 7802, 7816, 7815,
  7702, 7704, 7717, 7716, 7802, 7804, 7817, 7816,
  7704, 7706, 7718, 7717, 7804, 7806, 7818, 7817,
  7706, 7708, 7719, 7718, 7806, 7808, 7819, 7818,
  7708, 7710, 7720, 7719, 7808, 7810, 7820, 7819,
  7710, 4275, 4265, 7720, 7810, 4274, 4264, 7820,
  7712, 7711, 7721, 7722, 7812, 7811, 7821, 7822,
  7711, 7713, 7723, 7721, 7811, 7813, 7823, 7821,
  7713, 7714, 7724, 7723, 7813, 7814, 7824, 7823,
  7714, 7715, 7725, 7724, 7814, 7815, 7825, 7824,
  7715, 7716, 7726, 7725, 7815, 7816, 7826, 7825,
  7716, 7717, 7727, 7726, 7816, 7817, 7827, 7826,
  7717, 7718, 7728, 7727, 7817, 7818, 7828, 7827,
  7718, 7719, 7729, 7728, 7818, 7819, 7829, 7828,
  7719, 7720, 7730, 7729, 7819, 7820, 7830, 7829,
  7720, 4265, 4255, 7730, 7820, 4264, 4254, 7830,
  7722, 7721, 7731, 7732, 7822, 7821, 7831, 7832,
  7721, 7723, 7733, 7731, 7821, 7823, 7833, 7831,
  7723, 7724, 7734, 7733, 7823, 7824, 7834, 7833,
  7724, 7725, 7735, 7734, 7824, 7825, 7835, 7834,
  7725, 7726, 7736, 7735, 7825, 7826, 7836, 7835,
  7726, 7727, 7737, 7736, 7826, 7827, 7837, 7836,
  7727, 7728, 7738, 7737, 7827, 7828, 7838, 7837,
  7728, 7729, 7739, 7738, 7828, 7829, 7839, 7838,
  7729, 7730, 7740, 7739, 7829, 7830, 7840, 7839,
  7730, 4255, 4245, 7740, 7830, 4254, 4244, 7840,
  7732, 7731, 7741, 7742, 7832, 7831, 7841, 7842,
  7731, 7733, 7743, 7741, 7831, 7833, 7843, 7841,
  7733, 7734, 7744, 7743, 7833, 7834, 7844, 7843,
  7734, 7735, 7745, 7744, 7834, 7835, 7845, 7844,
  7735, 7736, 7746, 7745, 7835, 7836, 7846, 7845,
  7736, 7737, 7747, 7746, 7836, 7837, 7847, 7846,
  7737, 7738, 7748, 7747, 7837, 7838, 7848, 7847,
  7738, 7739, 7749, 7748, 7838, 7839, 7849, 7848,
  7739, 7740, 7750, 7749, 7839, 7840, 7850, 7849,
  7740, 4245, 4235, 7750, 7840, 4244, 4234, 7850,
  7742, 7741, 7751, 7752, 7842, 7841, 7851, 7852,
  7741, 7743, 7753, 7751, 7841, 7843, 7853, 7851,
  7743, 7744, 7754, 7753, 7843, 7844, 7854, 7853,
  7744, 7745, 7755, 7754, 7844, 7845, 7855, 7854,
  7745, 7746, 7756, 7755, 7845, 7846, 7856, 7855,
  7746, 7747, 7757, 7756, 7846, 7847, 7857, 7856,
  7747, 7748, 7758, 7757, 7847, 7848, 7858, 7857,
  7748, 7749, 7759, 7758, 7848, 7849, 7859, 7858,
  7749, 7750, 7760, 7759, 7849, 7850, 7860, 7859,
  7750, 4235, 4225, 7760, 7850, 4234, 4224, 7860,
  7752, 7751, 7761, 7762, 7852, 7851, 7861, 7862,
  7751, 7753, 7763, 7761, 7851, 7853, 7863, 7861,
  7753, 7754, 7764, 7763, 7853, 7854, 7864, 7863,
  7754, 7755, 7765, 7764, 7854, 7855, 7865, 7864,
  7755, 7756, 7766, 7765, 7855, 7856, 7866, 7865,
  7756, 7757, 7767, 7766, 7856, 7857, 7867, 7866,
  7757, 7758, 7768, 7767, 7857, 7858, 7868, 7867,
  7758, 7759, 7769, 7768, 7858, 7859, 7869, 7868,
  7759, 7760, 7770, 7769, 7859, 7860, 7870, 7869,
  7760, 4225, 4215, 7770, 7860, 4224, 4214, 7870,
  7762, 7761, 7771, 7772, 7862, 7861, 7871, 7872,
  7761, 7763, 7773, 7771, 7861, 7863, 7873, 7871,
  7763, 7764, 7774, 7773, 7863, 7864, 7874, 7873,
  7764, 7765, 7775, 7774, 7864, 7865, 7875, 7874,
  7765, 7766, 7776, 7775, 7865, 7866, 7876, 7875,
  7766, 7767, 7777, 7776, 7866, 7867, 7877, 7876,
  7767, 7768, 7778, 7777, 7867, 7868, 7878, 7877,
  7768, 7769, 7779, 7778, 7868, 7869, 7879, 7878,
  7769, 7770, 7780, 7779, 7869, 7870, 7880, 7879,
  7770, 4215, 4205, 7780, 7870, 4214, 4204, 7880,
  7772, 7771, 7781, 7782, 7872, 7871, 7881, 7882,
  7771, 7773, 7783, 7781, 7871, 7873, 7883, 7881,
  7773, 7774, 7784, 7783, 7873, 7874, 7884, 7883,
  7774, 7775, 7785, 7784, 7874, 7875, 7885, 7884,
  7775, 7776, 7786, 7785, 7875, 7876, 7886, 7885,
  7776, 7777, 7787, 7786, 7876, 7877, 7887, 7886,
  7777, 7778, 7788, 7787, 7877, 7878, 7888, 7887,
  7778, 7779, 7789, 7788, 7878, 7879, 7889, 7888,
  7779, 7780, 7790, 7789, 7879, 7880, 7890, 7889,
  7780, 4205, 4195, 7790, 7880, 4204, 4194, 7890,
  7782, 7781, 7100, 7099, 7882, 7881, 7098, 7097,
  7781, 7783, 7115, 7100, 7881, 7883, 7114, 7098,
  7783, 7784, 7125, 7115, 7883, 7884, 7124, 7114,
  7784, 7785, 7135, 7125, 7884, 7885, 7134, 7124,
  7785, 7786, 7145, 7135, 7885, 7886, 7144, 7134,
  7786, 7787, 7155, 7145, 7886, 7887, 7154, 7144,
  7787, 7788, 7165, 7155, 7887, 7888, 7164, 7154,
  7788, 7789, 7175, 7165, 7888, 7889, 7174, 7164,
  7789, 7790, 7185, 7175, 7889, 7890, 7184, 7174,
  7790, 4195, 2730, 7185, 7890, 4194, 2708, 7184,
  7791, 7792, 7793, 7794, 7891, 7892, 7893, 7894,
  7792, 7795, 7796, 7793, 7892, 7895, 7896, 7893,
  7795, 7797, 7798, 7796, 7895, 7897, 7898, 7896,
  7797, 7799, 7800, 7798, 7897, 7899, 7900, 7898,
  7799, 7801, 7802, 7800, 7899, 7901, 7902, 7900,
  7801, 7803, 7804, 7802, 7901, 7903, 7904, 7902,
  7803, 7805, 7806, 7804, 7903, 7905, 7906, 7904,
  7805, 7807, 7808, 7806, 7905, 7907, 7908, 7906,
  7807, 7809, 7810, 7808, 7907, 7909, 7910, 7908,
  7809, 4284, 4274, 7810, 7909, 4283, 4273, 7910,
  7794, 7793, 7811, 7812, 7894, 7893, 7911, 7912,
  7793, 7796, 7813, 7811, 7893, 7896, 7913, 7911,
  7796, 7798, 7814, 7813, 7896, 7898, 7914, 7913,
  7798, 7800, 7815, 7814, 7898, 7900, 7915, 7914,
  7800, 7802, 7816, 7815, 7900, 7902, 7916, 7915,
  7802, 7804, 7817, 7816, 7902, 7904, 7917, 7916,
  7804, 7806, 7818, 7817, 7904, 7906, 7918, 7917,
  7806, 7808, 7819, 7818, 7906, 7908, 7919, 7918,
  7808, 7810, 7820, 7819, 7908, 7910, 7920, 7919,
  7810, 4274, 4264, 7820, 7910, 4273, 4263, 7920,
  7812, 7811, 7821, 7822, 7912, 7911, 7921, 7922,
  7811, 7813, 7823, 7821, 7911, 7913, 7923, 7921,
  7813, 7814, 7824, 7823, 7913, 7914, 7924, 7923,
  7814, 7815, 7825, 7824, 7914, 7915, 7925, 7924,
  7815, 7816, 7826, 7825, 7915, 7916, 7926, 7925,
  7816, 7817, 7827, 7826, 7916, 7917, 7927, 7926,
  7817, 7818, 7828, 7827, 7917, 7918, 7928, 7927,
  7818, 7819, 7829, 7828, 7918, 7919, 7929, 7928,
  7819, 7820, 7830, 7829, 7919, 7920, 7930, 7929,
  7820, 4264, 4254, 7830, 7920, 4263, 4253, 7930,
  7822, 7821, 7831, 7832, 7922, 7921, 7931, 7932,
  7821, 7823, 7833, 7831, 7921, 7923, 7933, 7931,
  7823, 7824, 7834, 7833, 7923, 7924, 7934, 7933,
  7824, 7825, 7835, 7834, 7924, 7925, 7935, 7934,
  7825, 7826, 7836, 7835, 7925, 7926, 7936, 7935,
  7826, 7827, 7837, 7836, 7926, 7927, 7937, 7936,
  7827, 7828, 7838, 7837, 7927, 7928, 7938, 7937,
  7828, 7829, 7839, 7838, 7928, 7929, 7939, 7938,
  7829, 7830, 7840, 7839, 7929, 7930, 7940, 7939,
  7830, 4254, 4244, 7840, 7930, 4253, 4243, 7940,
  7832, 7831, 7841, 7842, 7932, 7931, 7941, 7942,
  7831, 7833, 7843, 7841, 7931, 7933, 7943, 7941,
  7833, 7834, 7844, 7843, 7933, 7934, 7944, 7943,
  7834, 7835, 7845, 7844, 7934, 7935, 7945, 7944,
  7835, 7836, 7846, 7845, 7935, 7936, 7946, 7945,
  7836, 7837, 7847, 7846, 7936, 7937, 7947, 7946,
  7837, 7838, 7848, 7847, 7937, 7938, 7948, 7947,
  7838, 7839, 7849, 7848, 7938, 7939, 7949, 7948,
  7839, 7840, 7850, 7849, 7939, 7940, 7950, 7949,
  7840, 4244, 4234, 7850, 7940, 4243, 4233, 7950,
  7842, 7841, 7851, 7852, 7942, 7941, 7951, 7952,
  7841, 7843, 7853, 7851, 7941, 7943, 7953, 7951,
  7843, 7844, 7854, 7853, 7943, 7944, 7954, 7953,
  7844, 7845, 7855, 7854, 7944, 7945, 7955, 7954,
  7845, 7846, 7856, 7855, 7945, 7946, 7956, 7955,
  7846, 7847, 7857, 7856, 7946, 7947, 7957, 7956,
  7847, 7848, 7858, 7857, 7947, 7948, 7958, 7957,
  7848, 7849, 7859, 7858, 7948, 7949, 7959, 7958,
  7849, 7850, 7860, 7859, 7949, 7950, 7960, 7959,
  7850, 4234, 4224, 7860, 7950, 4233, 4223, 7960,
  7852, 7851, 7861, 7862, 7952, 7951, 7961, 7962,
  7851, 7853, 7863, 7861, 7951, 7953, 7963, 7961,
  7853, 7854, 7864, 7863, 7953, 7954, 7964, 7963,
  7854, 7855, 7865, 7864, 7954, 7955, 7965, 7964,
  7855, 7856, 7866, 7865, 7955, 7956, 7966, 7965,
  7856, 7857, 7867, 7866, 7956, 7957, 7967, 7966,
  7857, 7858, 7868, 7867, 7957, 7958, 7968, 7967,
  7858, 7859, 7869, 7868, 7958, 7959, 7969, 7968,
  7859, 7860, 7870, 7869, 7959, 7960, 7970, 7969,
  7860, 4224, 4214, 7870, 7960, 4223, 4213, 7970,
  7862, 7861, 7871, 7872, 7962, 7961, 7971, 7972,
  7861, 7863, 7873, 7871, 7961, 7963, 7973, 7971,
  7863, 7864, 7874, 7873, 7963, 7964, 7974, 7973,
  7864, 7865, 7875, 7874, 7964, 7965, 7975, 7974,
  7865, 7866, 7876, 7875, 7965, 7966, 7976, 7975,
  7866, 7867, 7877, 7876, 7966, 7967, 7977, 7976,
  7867, 7868, 7878, 7877, 7967, 7968, 7978, 7977,
  7868, 7869, 7879, 7878, 7968, 7969, 7979, 7978,
  7869, 7870, 7880, 7879, 7969, 7970, 7980, 7979,
  7870, 4214, 4204, 7880, 7970, 4213, 4203, 7980,
  7872, 7871, 7881, 7882, 7972, 7971, 7981, 7982,
  7871, 7873, 7883, 7881, 7971, 7973, 7983, 7981,
  7873, 7874, 7884, 7883, 7973, 7974, 7984, 7983,
  7874, 7875, 7885, 7884, 7974, 7975, 7985, 7984,
  7875, 7876, 7886, 7885, 7975, 7976, 7986, 7985,
  7876, 7877, 7887, 7886, 7976, 7977, 7987, 7986,
  7877, 7878, 7888, 7887, 7977, 7978, 7988, 7987,
  7878, 7879, 7889, 7888, 7978, 7979, 7989, 7988,
  7879, 7880, 7890, 7889, 7979, 7980, 7990, 7989,
  7880, 4204, 4194, 7890, 7980, 4203, 4193, 7990,
  7882, 7881, 7098, 7097, 7982, 7981, 7096, 7095,
  7881, 7883, 7114, 7098, 7981, 7983, 7113, 7096,
  7883, 7884, 7124, 7114, 7983, 7984, 7123, 7113,
  7884, 7885, 7134, 7124, 7984, 7985, 7133, 7123,
  7885, 7886, 7144, 7134, 7985, 7986, 7143, 7133,
  7886, 7887, 7154, 7144, 7986, 7987, 7153, 7143,
  7887, 7888, 7164, 7154, 7987, 7988, 7163, 7153,
  7888, 7889, 7174, 7164, 7988, 7989, 7173, 7163,
  7889, 7890, 7184, 7174, 7989, 7990, 7183, 7173,
  7890, 4194, 2708, 7184, 7990, 4193, 2686, 7183,
  7891, 7892, 7893, 7894, 7991, 7992, 7993, 7994,
  7892, 7895, 7896, 7893, 7992, 7995, 7996, 7993,
  7895, 7897, 7898, 7896, 7995, 7997, 7998, 7996,
  7897, 7899, 7900, 7898, 7997, 7999, 8000, 7998,
  7899, 7901, 7902, 7900, 7999, 8001, 8002, 8000,
  7901, 7903, 7904, 7902, 8001, 8003, 8004, 8002,
  7903, 7905, 7906, 7904, 8003, 8005, 8006, 8004,
  7905, 7907, 7908, 7906, 8005, 8007, 8008, 8006,
  7907, 7909, 7910, 7908, 8007, 8009, 8010, 8008,
  7909, 4283, 4273, 7910, 8009, 4282, 4272, 8010,
  7894, 7893, 7911, 7912, 7994, 7993, 8011, 8012,
  7893, 7896, 7913, 7911, 7993, 7996, 8013, 8011,
  7896, 7898, 7914, 7913, 7996, 7998, 8014, 8013,
  7898, 7900, 7915, 7914, 7998, 8000, 8015, 8014,
  7900, 7902, 7916, 7915, 8000, 8002, 8016, 8015,
  7902, 7904, 7917, 7916, 8002, 8004, 8017, 8016,
  7904, 7906, 7918, 7917, 8004, 8006, 8018, 8017,
  7906, 7908, 7919, 7918, 8006, 8008, 8019, 8018,
  7908, 7910, 7920, 7919, 8008, 8010, 8020, 8019,
  7910, 4273, 4263, 7920, 8010, 4272, 4262, 8020,
  7912, 7911, 7921, 7922, 8012, 8011, 8021, 8022,
  7911, 7913, 7923, 7921, 8011, 8013, 8023, 8021,
  7913, 7914, 7924, 7923, 8013, 8014, 8024, 8023,
  7914, 7915, 7925, 7924, 8014, 8015, 8025, 8024,
  7915, 7916, 7926, 7925, 8015, 8016, 8026, 8025,
  7916, 7917, 7927, 7926, 8016, 8017, 8027, 8026,
  7917, 7918, 7928, 7927, 8017, 8018, 8028, 8027,
  7918, 7919, 7929, 7928, 8018, 8019, 8029, 8028,
  7919, 7920, 7930, 7929, 8019, 8020, 8030, 8029,
  7920, 4263, 4253, 7930, 8020, 4262, 4252, 8030,
  7922, 7921, 7931, 7932, 8022, 8021, 8031, 8032,
  7921, 7923, 7933, 7931, 8021, 8023, 8033, 8031,
  7923, 7924, 7934, 7933, 8023, 8024, 8034, 8033,
  7924, 7925, 7935, 7934, 8024, 8025, 8035, 8034,
  7925, 7926, 7936, 7935, 8025, 8026, 8036, 8035,
  7926, 7927, 7937, 7936, 8026, 8027, 8037, 8036,
  7927, 7928, 7938, 7937, 8027, 8028, 8038, 8037,
  7928, 7929, 7939, 7938, 8028, 8029, 8039, 8038,
  7929, 7930, 7940, 7939, 8029, 8030, 8040, 8039,
  7930, 4253, 4243, 7940, 8030, 4252, 4242, 8040,
  7932, 7931, 7941, 7942, 8032, 8031, 8041, 8042,
  7931, 7933, 7943, 7941, 8031, 8033, 8043, 8041,
  7933, 7934, 7944, 7943, 8033, 8034, 8044, 8043,
  7934, 7935, 7945, 7944, 8034, 8035, 8045, 8044,
  7935, 7936, 7946, 7945, 8035, 8036, 8046, 8045,
  7936, 7937, 7947, 7946, 8036, 8037, 8047, 8046,
  7937, 7938, 7948, 7947, 8037, 8038, 8048, 8047,
  7938, 7939, 7949, 7948, 8038, 8039, 8049, 8048,
  7939, 7940, 7950, 7949, 8039, 8040, 8050, 8049,
  7940, 4243, 4233, 7950, 8040, 4242, 4232, 8050,
  7942, 7941, 7951, 7952, 8042, 8041, 8051, 8052,
  7941, 7943, 7953, 7951, 8041, 8043, 8053, 8051,
  7943, 7944, 7954, 7953, 8043, 8044, 8054, 8053,
  7944, 7945, 7955, 7954, 8044, 8045, 8055, 8054,
  7945, 7946, 7956, 7955, 8045, 8046, 8056, 8055,
  7946, 7947, 7957, 7956, 8046, 8047, 8057, 8056,
  7947, 7948, 7958, 7957, 8047, 8048, 8058, 8057,
  7948, 7949, 7959, 7958, 8048, 8049, 8059, 8058,
  7949, 7950, 7960, 7959, 8049, 8050, 8060, 8059,
  7950, 4233, 4223, 7960, 8050, 4232, 4222, 8060,
  7952, 7951, 7961, 7962, 8052, 8051, 8061, 8062,
  7951, 7953, 7963, 7961, 8051, 8053, 8063, 8061,
  7953, 7954, 7964, 7963, 8053, 8054, 8064, 8063,
  7954, 7955, 7965, 7964, 8054, 8055, 8065, 8064,
  7955, 7956, 7966, 7965, 8055, 8056, 8066, 8065,
  7956, 7957, 7967, 7966, 8056, 8057, 8067, 8066,
  7957, 7958, 7968, 7967, 8057, 8058, 8068, 8067,
  7958, 7959, 7969, 7968, 8058, 8059, 8069, 8068,
  7959, 7960, 7970, 7969, 8059, 8060, 8070, 8069,
  7960, 4223, 4213, 7970, 8060, 4222, 4212, 8070,
  7962, 7961, 7971, 7972, 8062, 8061, 8071, 8072,
  7961, 7963, 7973, 7971, 8061, 8063, 8073, 8071,
  7963, 7964, 7974, 7973, 8063, 8064, 8074, 8073,
  7964, 7965, 7975, 7974, 8064, 8065, 8075, 8074,
  7965, 7966, 7976, 7975, 8065, 8066, 8076, 8075,
  7966, 7967, 7977, 7976, 8066, 8067, 8077, 8076,
  7967, 7968, 7978, 7977, 8067, 8068, 8078, 8077,
  7968, 7969, 7979, 7978, 8068, 8069, 8079, 8078,
  7969, 7970, 7980, 7979, 8069, 8070, 8080, 8079,
  7970, 4213, 4203, 7980, 8070, 4212, 4202, 8080,
  7972, 7971, 7981, 7982, 8072, 8071, 8081, 8082,
  7971, 7973, 7983, 7981, 8071, 8073, 8083, 8081,
  7973, 7974, 7984, 7983, 8073, 8074, 8084, 8083,
  7974, 7975, 7985, 7984, 8074, 8075, 8085, 8084,
  7975, 7976, 7986, 7985, 8075, 8076, 8086, 8085,
  7976, 7977, 7987, 7986, 8076, 8077, 8087, 8086,
  7977, 7978, 7988, 7987, 8077, 8078, 8088, 8087,
  7978, 7979, 7989, 7988, 8078, 8079, 8089, 8088,
  7979, 7980, 7990, 7989, 8079, 8080, 8090, 8089,
  7980, 4203, 4193, 7990, 8080, 4202, 4192, 8090,
  7982, 7981, 7096, 7095, 8082, 8081, 7094, 7093,
  7981, 7983, 7113, 7096, 8081, 8083, 7112, 7094,
  7983, 7984, 7123, 7113, 8083, 8084, 7122, 7112,
  7984, 7985, 7133, 7123, 8084, 8085, 7132, 7122,
  7985, 7986, 7143, 7133, 8085, 8086, 7142, 7132,
  7986, 7987, 7153, 7143, 8086, 8087, 7152, 7142,
  7987, 7988, 7163, 7153, 8087, 8088, 7162, 7152,
  7988, 7989, 7173, 7163, 8088, 8089, 7172, 7162,
  7989, 7990, 7183, 7173, 8089, 8090, 7182, 7172,
  7990, 4193, 2686, 7183, 8090, 4192, 2664, 7182,
  7991, 7992, 7993, 7994, 8091, 8092, 8093, 8094,
  7992, 7995, 7996, 7993, 8092, 8095, 8096, 8093,
  7995, 7997, 7998, 7996, 8095, 8097, 8098, 8096,
  7997, 7999, 8000, 7998, 8097, 8099, 8100, 8098,
  7999, 8001, 8002, 8000, 8099, 8101, 8102, 8100,
  8001, 8003, 8004, 8002, 8101, 8103, 8104, 8102,
  8003, 8005, 8006, 8004, 8103, 8105, 8106, 8104,
  8005, 8007, 8008, 8006, 8105, 8107, 8108, 8106,
  8007, 8009, 8010, 8008, 8107, 8109, 8110, 8108,
  8009, 4282, 4272, 8010, 8109, 4281, 4271, 8110,
  7994, 7993, 8011, 8012, 8094, 8093, 8111, 8112,
  7993, 7996, 8013, 8011, 8093, 8096, 8113, 8111,
  7996, 7998, 8014, 8013, 8096, 8098, 8114, 8113,
  7998, 8000, 8015, 8014, 8098, 8100, 8115, 8114,
  8000, 8002, 8016, 8015, 8100, 8102, 8116, 8115,
  8002, 8004, 8017, 8016, 8102, 8104, 8117, 8116,
  8004, 8006, 8018, 8017, 8104, 8106, 8118, 8117,
  8006, 8008, 8019, 8018, 8106, 8108, 8119, 8118,
  8008, 8010, 8020, 8019, 8108, 8110, 8120, 8119,
  8010, 4272, 4262, 8020, 8110, 4271, 4261, 8120,
  8012, 8011, 8021, 8022, 8112, 8111, 8121, 8122,
  8011, 8013, 8023, 8021, 8111, 8113, 8123, 8121,
  8013, 8014, 8024, 8023, 8113, 8114, 8124, 8123,
  8014, 8015, 8025, 8024, 8114, 8115, 8125, 8124,
  8015, 8016, 8026, 8025, 8115, 8116, 8126, 8125,
  8016, 8017, 8027, 8026, 8116, 8117, 8127, 8126,
  8017, 8018, 8028, 8027, 8117, 8118, 8128, 8127,
  8018, 8019, 8029, 8028, 8118, 8119, 8129, 8128,
  8019, 8020, 8030, 8029, 8119, 8120, 8130, 8129,
  8020, 4262, 4252, 8030, 8120, 4261, 4251, 8130,
  8022, 8021, 8031, 8032, 8122, 8121, 8131, 8132,
  8021, 8023, 8033, 8031, 8121, 8123, 8133, 8131,
  8023, 8024, 8034, 8033, 8123, 8124, 8134, 8133,
  8024, 8025, 8035, 8034, 8124, 8125, 8135, 8134,
  8025, 8026, 8036, 8035, 8125, 8126, 8136, 8135,
  8026, 8027, 8037, 8036, 8126, 8127, 8137, 8136,
  8027, 8028, 8038, 8037, 8127, 8128, 8138, 8137,
  8028, 8029, 8039, 8038, 8128, 8129, 8139, 8138,
  8029, 8030, 8040, 8039, 8129, 8130, 8140, 8139,
  8030, 4252, 4242, 8040, 8130, 4251, 4241, 8140,
  8032, 8031, 8041, 8042, 8132, 8131, 8141, 8142,
  8031, 8033, 8043, 8041, 8131, 8133, 8143, 8141,
  8033, 8034, 8044, 8043, 8133, 8134, 8144, 8143,
  8034, 8035, 8045, 8044, 8134, 8135, 8145, 8144,
  8035, 8036, 8046, 8045, 8135, 8136, 8146, 8145,
  8036, 8037, 8047, 8046, 8136, 8137, 8147, 8146,
  8037, 8038, 8048, 8047, 8137, 8138, 8148, 8147,
  8038, 8039, 8049, 8048, 8138, 8139, 8149, 8148,
  8039, 8040, 8050, 8049, 8139, 8140, 8150, 8149,
  8040, 4242, 4232, 8050, 8140, 4241, 4231, 8150,
  8042, 8041, 8051, 8052, 8142, 8141, 8151, 8152,
  8041, 8043, 8053, 8051, 8141, 8143, 8153, 8151,
  8043, 8044, 8054, 8053, 8143, 8144, 8154, 8153,
  8044, 8045, 8055, 8054, 8144, 8145, 8155, 8154,
  8045, 8046, 8056, 8055, 8145, 8146, 8156, 8155,
  8046, 8047, 8057, 8056, 8146, 8147, 8157, 8156,
  8047, 8048, 8058, 8057, 8147, 8148, 8158, 8157,
  8048, 8049, 8059, 8058, 8148, 8149, 8159, 8158,
  8049, 8050, 8060, 8059, 8149, 8150, 8160, 8159,
  8050, 4232, 4222, 8060, 8150, 4231, 4221, 8160,
  8052, 8051, 8061, 8062, 8152, 8151, 8161, 8162,
  8051, 8053, 8063, 8061, 8151, 8153, 8163, 8161,
  8053, 8054, 8064, 8063, 8153, 8154, 8164, 8163,
  8054, 8055, 8065, 8064, 8154, 8155, 8165, 8164,
  8055, 8056, 8066, 8065, 8155, 8156, 8166, 8165,
  8056, 8057, 8067, 8066, 8156, 8157, 8167, 8166,
  8057, 8058, 8068, 8067, 8157, 8158, 8168, 8167,
  8058, 8059, 8069, 8068, 8158, 8159, 8169, 8168,
  8059, 8060, 8070, 8069, 8159, 8160, 8170, 8169,
  8060, 4222, 4212, 8070, 8160, 4221, 4211, 8170,
  8062, 8061, 8071, 8072, 8162, 8161, 8171, 8172,
  8061, 8063, 8073, 8071, 8161, 8163, 8173, 8171,
  8063, 8064, 8074, 8073, 8163, 8164, 8174, 8173,
  8064, 8065, 8075, 8074, 8164, 8165, 8175, 8174,
  8065, 8066, 8076, 8075, 8165, 8166, 8176, 8175,
  8066, 8067, 8077, 8076, 8166, 8167, 8177, 8176,
  8067, 8068, 8078, 8077, 8167, 8168, 8178, 8177,
  8068, 8069, 8079, 8078, 8168, 8169, 8179, 8178,
  8069, 8070, 8080, 8079, 8169, 8170, 8180, 8179,
  8070, 4212, 4202, 8080, 8170, 4211, 4201, 8180,
  8072, 8071, 8081, 8082, 8172, 8171, 8181, 8182,
  8071, 8073, 8083, 8081, 8171, 8173, 8183, 8181,
  8073, 8074, 8084, 8083, 8173, 8174, 8184, 8183,
  8074, 8075, 8085, 8084, 8174, 8175, 8185, 8184,
  8075, 8076, 8086, 8085, 8175, 8176, 8186, 8185,
  8076, 8077, 8087, 8086, 8176, 8177, 8187, 8186,
  8077, 8078, 8088, 8087, 8177, 8178, 8188, 8187,
  8078, 8079, 8089, 8088, 8178, 8179, 8189, 8188,
  8079, 8080, 8090, 8089, 8179, 8180, 8190, 8189,
  8080, 4202, 4192, 8090, 8180, 4201, 4191, 8190,
  8082, 8081, 7094, 7093, 8182, 8181, 7092, 7091,
  8081, 8083, 7112, 7094, 8181, 8183, 7111, 7092,
  8083, 8084, 7122, 7112, 8183, 8184, 7121, 7111,
  8084, 8085, 7132, 7122, 8184, 8185, 7131, 7121,
  8085, 8086, 7142, 7132, 8185, 8186, 7141, 7131,
  8086, 8087, 7152, 7142, 8186, 8187, 7151, 7141,
  8087, 8088, 7162, 7152, 8187, 8188, 7161, 7151,
  8088, 8089, 7172, 7162, 8188, 8189, 7171, 7161,
  8089, 8090, 7182, 7172, 8189, 8190, 7181, 7171,
  8090, 4192, 2664, 7182, 8190, 4191, 2642, 7181,
  8091, 8092, 8093, 8094, 5327, 5328, 5324, 5323,
  8092, 8095, 8096, 8093, 5328, 5349, 5347, 5324,
  8095, 8097, 8098, 8096, 5349, 5369, 5367, 5347,
  8097, 8099, 8100, 8098, 5369, 5389, 5387, 5367,
  8099, 8101, 8102, 8100, 5389, 5409, 5407, 5387,
  8101, 8103, 8104, 8102, 5409, 5429, 5427, 5407,
  8103, 8105, 8106, 8104, 5429, 5449, 5447, 5427,
  8105, 8107, 8108, 8106, 5449, 5469, 5467, 5447,
  8107, 8109, 8110, 8108, 5469, 5489, 5487, 5467,
  8109, 4281, 4271, 8110, 5489, 1430, 1427, 5487,
  8094, 8093, 8111, 8112, 5323, 5324, 5320, 5319,
  8093, 8096, 8113, 8111, 5324, 5347, 5345, 5320,
  8096, 8098, 8114, 8113, 5347, 5367, 5365, 5345,
  8098, 8100, 8115, 8114, 5367, 5387, 5385, 5365,
  8100, 8102, 8116, 8115, 5387, 5407, 5405, 5385,
  8102, 8104, 8117, 8116, 5407, 5427, 5425, 5405,
  8104, 8106, 8118, 8117, 5427, 5447, 5445, 5425,
  8106, 8108, 8119, 8118, 5447, 5467, 5465, 5445,
  8108, 8110, 8120, 8119, 5467, 5487, 5485, 5465,
  8110, 4271, 4261, 8120, 5487, 1427, 1424, 5485,
  8112, 8111, 8121, 8122, 5319, 5320, 5316, 5315,
  8111, 8113, 8123, 8121, 5320, 5345, 5343, 5316,
  8113, 8114, 8124, 8123, 5345, 5365, 5363, 5343,
  8114, 8115, 8125, 8124, 5365, 5385, 5383, 5363,
  8115, 8116, 8126, 8125, 5385, 5405, 5403, 5383,
  8116, 8117, 8127, 8126, 5405, 5425, 5423, 5403,
  8117, 8118, 8128, 8127, 5425, 5445, 5443, 5423,
  8118, 8119, 8129, 8128, 5445, 5465, 5463, 5443,
  8119, 8120, 8130, 8129, 5465, 5485, 5483, 5463,
  8120, 4261, 4251, 8130, 5485, 1424, 1421, 5483,
  8122, 8121, 8131, 8132, 5315, 5316, 5312, 5311,
  8121, 8123, 8133, 8131, 5316, 5343, 5341, 5312,
  8123, 8124, 8134, 8133, 5343, 5363, 5361, 5341,
  8124, 8125, 8135, 8134, 5363, 5383, 5381, 5361,
  8125, 8126, 8136, 8135, 5383, 5403, 5401, 5381,
  8126, 8127, 8137, 8136, 5403, 5423, 5421, 5401,
  8127, 8128, 8138, 8137, 5423, 5443, 5441, 5421,
  8128, 8129, 8139, 8138, 5443, 5463, 5461, 5441,
  8129, 8130, 8140, 8139, 5463, 5483, 5481, 5461,
  8130, 4251, 4241, 8140, 5483, 1421, 1418, 5481,
  8132, 8131, 8141, 8142, 5311, 5312, 5308, 5307,
  8131, 8133, 8143, 8141, 5312, 5341, 5339, 5308,
  8133, 8134, 8144, 8143, 5341, 5361, 5359, 5339,
  8134, 8135, 8145, 8144, 5361, 5381, 5379, 5359,
  8135, 8136, 8146, 8145, 5381, 5401, 5399, 5379,
  8136, 8137, 8147, 8146, 5401, 5421, 5419, 5399,
  8137, 8138, 8148, 8147, 5421, 5441, 5439, 5419,
  8138, 8139, 8149, 8148, 5441, 5461, 5459, 5439,
  8139, 8140, 8150, 8149, 5461, 5481, 5479, 5459,
  8140, 4241, 4231, 8150, 5481, 1418, 1415, 5479,
  8142, 8141, 8151, 8152, 5307, 5308, 5304, 5303,
  8141, 8143, 8153, 8151, 5308, 5339, 5337, 5304,
  8143, 8144, 8154, 8153, 5339, 5359, 5357, 5337,
  8144, 8145, 8155, 8154, 5359, 5379, 5377, 5357,
  8145, 8146, 8156, 8155, 5379, 5399, 5397, 5377,
  8146, 8147, 8157, 8156, 5399, 5419, 5417, 5397,
  8147, 8148, 8158, 8157, 5419, 5439, 5437, 5417,
  8148, 8149, 8159, 8158, 5439, 5459, 5457, 5437,
  8149, 8150, 8160, 8159, 5459, 5479, 5477, 5457,
  8150, 4231, 4221, 8160, 5479, 1415, 1412, 5477,
  8152, 8151, 8161, 8162, 5303, 5304, 5300, 5299,
  8151, 8153, 8163, 8161, 5304, 5337, 5335, 5300,
  8153, 8154, 8164, 8163, 5337, 5357, 5355, 5335,
  8154, 8155, 8165, 8164, 5357, 5377, 5375, 5355,
  8155, 8156, 8166, 8165, 5377, 5397, 5395, 5375,
  8156, 8157, 8167, 8166, 5397, 5417, 5415, 5395,
  8157, 8158, 8168, 8167, 5417, 5437, 5435, 5415,
  8158, 8159, 8169, 8168, 5437, 5457, 5455, 5435,
  8159, 8160, 8170, 8169, 5457, 5477, 5475, 5455,
  8160, 4221, 4211, 8170, 5477, 1412, 1409, 5475,
  8162, 8161, 8171, 8172, 5299, 5300, 5296, 5295,
  8161, 8163, 8173, 8171, 5300, 5335, 5333, 5296,
  8163, 8164, 8174, 8173, 5335, 5355, 5353, 5333,
  8164, 8165, 8175, 8174, 5355, 5375, 5373, 5353,
  8165, 8166, 8176, 8175, 5375, 5395, 5393, 5373,
  8166, 8167, 8177, 8176, 5395, 5415, 5413, 5393,
  8167, 8168, 8178, 8177, 5415, 5435, 5433, 5413,
  8168, 8169, 8179, 8178, 5435, 5455, 5453, 5433,
  8169, 8170, 8180, 8179, 5455, 5475, 5473, 5453,
  8170, 4211, 4201, 8180, 5475, 1409, 1406, 5473,
  8172, 8171, 8181, 8182, 5295, 5296, 5292, 5291,
  8171, 8173, 8183, 8181, 5296, 5333, 5331, 5292,
  8173, 8174, 8184, 8183, 5333, 5353, 5351, 5331,
  8174, 8175, 8185, 8184, 5353, 5373, 5371, 5351,
  8175, 8176, 8186, 8185, 5373, 5393, 5391, 5371,
  8176, 8177, 8187, 8186, 5393, 5413, 5411, 5391,
  8177, 8178, 8188, 8187, 5413, 5433, 5431, 5411,
  8178, 8179, 8189, 8188, 5433, 5453, 5451, 5431,
  8179, 8180, 8190, 8189, 5453, 5473, 5471, 5451,
  8180, 4201, 4191, 8190, 5473, 1406, 1403, 5471,
  8182, 8181, 7092, 7091, 5291, 5292, 5193, 5199,
  8181, 8183, 7111, 7092, 5292, 5331, 5187, 5193,
  8183, 8184, 7121, 7111, 5331, 5351, 5181, 5187,
  8184, 8185, 7131, 7121, 5351, 5371, 5175, 5181,
  8185, 8186, 7141, 7131, 5371, 5391, 5169, 5175,
  8186, 8187, 7151, 7141, 5391, 5411, 5163, 5169,
  8187, 8188, 7161, 7151, 5411, 5431, 5157, 5163,
  8188, 8189, 7171, 7161, 5431, 5451, 5151, 5157,
  8189, 8190, 7181, 7171, 5451, 5471, 5145, 5151,
  8190, 4191, 2642, 7181, 5471, 1403, 1000, 5145 ;

 elem_ss1 = 3651, 3652, 3653, 3654, 3655, 3656, 3657, 3658, 3659, 3660, 241, 
    242, 243, 244, 245, 246, 247, 248, 249, 250, 4500, 4490, 4480, 4470, 
    4460, 4450, 4440, 4430, 4420, 4410, 4400, 4390, 4380, 4370, 4360, 4350, 
    4340, 4330, 4320, 4310, 4300, 4290, 4280, 4270, 4260, 4250, 4240, 4230, 
    4220, 4210, 728, 758, 788, 818, 848, 878, 908, 938, 968, 998, 729, 759, 
    789, 819, 849, 879, 909, 939, 969, 999, 730, 760, 790, 820, 850, 880, 
    910, 940, 970, 1000, 6910, 6909, 6908, 6907, 6906, 6905, 6904, 6903, 
    6902, 6901, 6810, 6809, 6808, 6807, 6806, 6805, 6804, 6803, 6802, 6801, 
    6710, 6709, 6708, 6707, 6706, 6705, 6704, 6703, 6702, 6701, 6610, 6609, 
    6608, 6607, 6606, 6605, 6604, 6603, 6602, 6601, 6510, 6509, 6508, 6507, 
    6506, 6505, 6504, 6503, 6502, 6501, 6410, 6409, 6408, 6407, 6406, 6405, 
    6404, 6403, 6402, 6401, 6310, 6309, 6308, 6307, 6306, 6305, 6304, 6303, 
    6302, 6301, 6210, 6209, 6208, 6207, 6206, 6205, 6204, 6203, 6202, 6201, 
    6110, 6109, 6108, 6107, 6106, 6105, 6104, 6103, 6102, 6101, 6010, 6009, 
    6008, 6007, 6006, 6005, 6004, 6003, 6002, 6001, 2591, 2691, 2791, 2891, 
    2991, 3091, 3191, 3291, 3391, 3491, 2592, 2692, 2792, 2892, 2992, 3092, 
    3192, 3292, 3392, 3492, 2593, 2693, 2793, 2893, 2993, 3093, 3193, 3293, 
    3393, 3493, 2594, 2694, 2794, 2894, 2994, 3094, 3194, 3294, 3394, 3494, 
    2595, 2695, 2795, 2895, 2995, 3095, 3195, 3295, 3395, 3495, 2596, 2696, 
    2796, 2896, 2996, 3096, 3196, 3296, 3396, 3496, 2597, 2697, 2797, 2897, 
    2997, 3097, 3197, 3297, 3397, 3497, 2598, 2698, 2798, 2898, 2998, 3098, 
    3198, 3298, 3398, 3498, 2599, 2699, 2799, 2899, 2999, 3099, 3199, 3299, 
    3399, 3499, 2600, 2700, 2800, 2900, 3000, 3100, 3200, 3300, 3400, 3500 ;

 side_ss1 = 5, 5, 5, 5, 5, 5, 5, 5, 5, 5, 3, 3, 3, 3, 3, 3, 3, 3, 3, 3, 2, 2, 
    2, 2, 2, 2, 2, 2, 2, 2, 2, 2, 2, 2, 2, 2, 2, 2, 2, 2, 2, 2, 2, 2, 2, 2, 
    2, 2, 2, 2, 3, 3, 3, 3, 3, 3, 3, 3, 3, 3, 3, 3, 3, 3, 3, 3, 3, 3, 3, 3, 
    3, 3, 3, 3, 3, 3, 3, 3, 3, 3, 1, 1, 1, 1, 1, 1, 1, 1, 1, 1, 1, 1, 1, 1, 
    1, 1, 1, 1, 1, 1, 1, 1, 1, 1, 1, 1, 1, 1, 1, 1, 1, 1, 1, 1, 1, 1, 1, 1, 
    1, 1, 1, 1, 1, 1, 1, 1, 1, 1, 1, 1, 1, 1, 1, 1, 1, 1, 1, 1, 1, 1, 1, 1, 
    1, 1, 1, 1, 1, 1, 1, 1, 1, 1, 1, 1, 1, 1, 1, 1, 1, 1, 1, 1, 1, 1, 1, 1, 
    1, 1, 1, 1, 1, 1, 1, 1, 1, 1, 1, 1, 1, 1, 3, 3, 3, 3, 3, 3, 3, 3, 3, 3, 
    3, 3, 3, 3, 3, 3, 3, 3, 3, 3, 3, 3, 3, 3, 3, 3, 3, 3, 3, 3, 3, 3, 3, 3, 
    3, 3, 3, 3, 3, 3, 3, 3, 3, 3, 3, 3, 3, 3, 3, 3, 3, 3, 3, 3, 3, 3, 3, 3, 
    3, 3, 3, 3, 3, 3, 3, 3, 3, 3, 3, 3, 3, 3, 3, 3, 3, 3, 3, 3, 3, 3, 3, 3, 
    3, 3, 3, 3, 3, 3, 3, 3, 3, 3, 3, 3, 3, 3, 3, 3, 3, 3 ;

 dist_fact_ss1 = 1, 1, 1, 1, 1, 1, 1, 1, 1, 1, 1, 1, 1, 1, 1, 1, 1, 1, 1, 1, 
    1, 1, 1, 1, 1, 1, 1, 1, 1, 1, 1, 1, 1, 1, 1, 1, 1, 1, 1, 1, 1, 1, 1, 1, 
    1, 1, 1, 1, 1, 1, 1, 1, 1, 1, 1, 1, 1, 1, 1, 1, 1, 1, 1, 1, 1, 1, 1, 1, 
    1, 1, 1, 1, 1, 1, 1, 1, 1, 1, 1, 1, 1, 1, 1, 1, 1, 1, 1, 1, 1, 1, 1, 1, 
    1, 1, 1, 1, 1, 1, 1, 1, 1, 1, 1, 1, 1, 1, 1, 1, 1, 1, 1, 1, 1, 1, 1, 1, 
    1, 1, 1, 1, 1, 1, 1, 1, 1, 1, 1, 1, 1, 1, 1, 1, 1, 1, 1, 1, 1, 1, 1, 1, 
    1, 1, 1, 1, 1, 1, 1, 1, 1, 1, 1, 1, 1, 1, 1, 1, 1, 1, 1, 1, 1, 1, 1, 1, 
    1, 1, 1, 1, 1, 1, 1, 1, 1, 1, 1, 1, 1, 1, 1, 1, 1, 1, 1, 1, 1, 1, 1, 1, 
    1, 1, 1, 1, 1, 1, 1, 1, 1, 1, 1, 1, 1, 1, 1, 1, 1, 1, 1, 1, 1, 1, 1, 1, 
    1, 1, 1, 1, 1, 1, 1, 1, 1, 1, 1, 1, 1, 1, 1, 1, 1, 1, 1, 1, 1, 1, 1, 1, 
    1, 1, 1, 1, 1, 1, 1, 1, 1, 1, 1, 1, 1, 1, 1, 1, 1, 1, 1, 1, 1, 1, 1, 1, 
    1, 1, 1, 1, 1, 1, 1, 1, 1, 1, 1, 1, 1, 1, 1, 1, 1, 1, 1, 1, 1, 1, 1, 1, 
    1, 1, 1, 1, 1, 1, 1, 1, 1, 1, 1, 1, 1, 1, 1, 1, 1, 1, 1, 1, 1, 1, 1, 1, 
    1, 1, 1, 1, 1, 1, 1, 1, 1, 1, 1, 1, 1, 1, 1, 1, 1, 1, 1, 1, 1, 1, 1, 1, 
    1, 1, 1, 1, 1, 1, 1, 1, 1, 1, 1, 1, 1, 1, 1, 1, 1, 1, 1, 1, 1, 1, 1, 1, 
    1, 1, 1, 1, 1, 1, 1, 1, 1, 1, 1, 1, 1, 1, 1, 1, 1, 1, 1, 1, 1, 1, 1, 1, 
    1, 1, 1, 1, 1, 1, 1, 1, 1, 1, 1, 1, 1, 1, 1, 1, 1, 1, 1, 1, 1, 1, 1, 1, 
    1, 1, 1, 1, 1, 1, 1, 1, 1, 1, 1, 1, 1, 1, 1, 1, 1, 1, 1, 1, 1, 1, 1, 1, 
    1, 1, 1, 1, 1, 1, 1, 1, 1, 1, 1, 1, 1, 1, 1, 1, 1, 1, 1, 1, 1, 1, 1, 1, 
    1, 1, 1, 1, 1, 1, 1, 1, 1, 1, 1, 1, 1, 1, 1, 1, 1, 1, 1, 1, 1, 1, 1, 1, 
    1, 1, 1, 1, 1, 1, 1, 1, 1, 1, 1, 1, 1, 1, 1, 1, 1, 1, 1, 1, 1, 1, 1, 1, 
    1, 1, 1, 1, 1, 1, 1, 1, 1, 1, 1, 1, 1, 1, 1, 1, 1, 1, 1, 1, 1, 1, 1, 1, 
    1, 1, 1, 1, 1, 1, 1, 1, 1, 1, 1, 1, 1, 1, 1, 1, 1, 1, 1, 1, 1, 1, 1, 1, 
    1, 1, 1, 1, 1, 1, 1, 1, 1, 1, 1, 1, 1, 1, 1, 1, 1, 1, 1, 1, 1, 1, 1, 1, 
    1, 1, 1, 1, 1, 1, 1, 1, 1, 1, 1, 1, 1, 1, 1, 1, 1, 1, 1, 1, 1, 1, 1, 1, 
    1, 1, 1, 1, 1, 1, 1, 1, 1, 1, 1, 1, 1, 1, 1, 1, 1, 1, 1, 1, 1, 1, 1, 1, 
    1, 1, 1, 1, 1, 1, 1, 1, 1, 1, 1, 1, 1, 1, 1, 1, 1, 1, 1, 1, 1, 1, 1, 1, 
    1, 1, 1, 1, 1, 1, 1, 1, 1, 1, 1, 1, 1, 1, 1, 1, 1, 1, 1, 1, 1, 1, 1, 1, 
    1, 1, 1, 1, 1, 1, 1, 1, 1, 1, 1, 1, 1, 1, 1, 1, 1, 1, 1, 1, 1, 1, 1, 1, 
    1, 1, 1, 1, 1, 1, 1, 1, 1, 1, 1, 1, 1, 1, 1, 1, 1, 1, 1, 1, 1, 1, 1, 1, 
    1, 1, 1, 1, 1, 1, 1, 1, 1, 1, 1, 1, 1, 1, 1, 1, 1, 1, 1, 1, 1, 1, 1, 1, 
    1, 1, 1, 1, 1, 1, 1, 1, 1, 1, 1, 1, 1, 1, 1, 1, 1, 1, 1, 1, 1, 1, 1, 1, 
    1, 1, 1, 1, 1, 1, 1, 1, 1, 1, 1, 1, 1, 1, 1, 1, 1, 1, 1, 1, 1, 1, 1, 1, 
    1, 1, 1, 1, 1, 1, 1, 1, 1, 1, 1, 1, 1, 1, 1, 1, 1, 1, 1, 1, 1, 1, 1, 1, 
    1, 1, 1, 1, 1, 1, 1, 1, 1, 1, 1, 1, 1, 1, 1, 1, 1, 1, 1, 1, 1, 1, 1, 1, 
    1, 1, 1, 1, 1, 1, 1, 1, 1, 1, 1, 1, 1, 1, 1, 1, 1, 1, 1, 1, 1, 1, 1, 1, 
    1, 1, 1, 1, 1, 1, 1, 1, 1, 1, 1, 1, 1, 1, 1, 1, 1, 1, 1, 1, 1, 1, 1, 1, 
    1, 1, 1, 1, 1, 1, 1, 1, 1, 1, 1, 1, 1, 1, 1, 1, 1, 1, 1, 1, 1, 1, 1, 1, 
    1, 1, 1, 1, 1, 1, 1, 1, 1, 1, 1, 1, 1, 1, 1, 1, 1, 1, 1, 1, 1, 1, 1, 1, 
    1, 1, 1, 1, 1, 1, 1, 1, 1, 1, 1, 1, 1, 1, 1, 1, 1, 1, 1, 1, 1, 1, 1, 1, 
    1, 1, 1, 1, 1, 1, 1, 1, 1, 1, 1, 1, 1, 1, 1, 1, 1, 1, 1, 1, 1, 1, 1, 1, 
    1, 1, 1, 1, 1, 1, 1, 1, 1, 1, 1, 1, 1, 1, 1, 1, 1, 1, 1, 1, 1, 1, 1, 1, 
    1, 1, 1, 1, 1, 1, 1, 1, 1, 1, 1, 1, 1, 1, 1, 1, 1, 1, 1, 1, 1, 1, 1, 1, 
    1, 1, 1, 1, 1, 1, 1, 1, 1, 1, 1, 1, 1, 1, 1, 1, 1, 1, 1, 1, 1, 1, 1, 1, 
    1, 1, 1, 1, 1, 1, 1, 1, 1, 1, 1, 1, 1, 1, 1, 1, 1, 1, 1, 1, 1, 1, 1, 1, 
    1, 1, 1, 1, 1, 1, 1, 1, 1, 1, 1, 1, 1, 1, 1, 1, 1, 1, 1, 1, 1, 1, 1, 1, 
    1, 1, 1, 1, 1, 1, 1, 1, 1, 1, 1, 1, 1, 1, 1, 1, 1, 1, 1, 1 ;

 elem_ss2 = 1, 2, 3, 4, 5, 6, 7, 8, 9, 10, 3501, 3502, 3503, 3504, 3505, 
    3506, 3507, 3508, 3509, 3510, 550, 540, 530, 520, 510, 500, 490, 480, 
    470, 460, 450, 440, 430, 420, 410, 400, 390, 380, 370, 360, 350, 340, 
    330, 320, 310, 300, 290, 280, 270, 260, 4050, 4040, 4030, 4020, 4010, 
    4000, 3990, 3980, 3970, 3960, 3950, 3940, 3930, 3920, 3910, 3900, 3890, 
    3880, 3870, 3860, 3850, 3840, 3830, 3820, 3810, 3800, 3790, 3780, 3770, 
    3760, 1910, 1909, 1908, 1907, 1906, 1905, 1904, 1903, 1902, 1901, 1810, 
    1809, 1808, 1807, 1806, 1805, 1804, 1803, 1802, 1801, 1710, 1709, 1708, 
    1707, 1706, 1705, 1704, 1703, 1702, 1701, 1610, 1609, 1608, 1607, 1606, 
    1605, 1604, 1603, 1602, 1601, 1510, 1509, 1508, 1507, 1506, 1505, 1504, 
    1503, 1502, 1501, 1410, 1409, 1408, 1407, 1406, 1405, 1404, 1403, 1402, 
    1401, 1310, 1309, 1308, 1307, 1306, 1305, 1304, 1303, 1302, 1301, 1210, 
    1209, 1208, 1207, 1206, 1205, 1204, 1203, 1202, 1201, 1110, 1109, 1108, 
    1107, 1106, 1105, 1104, 1103, 1102, 1101, 1010, 1009, 1008, 1007, 1006, 
    1005, 1004, 1003, 1002, 1001, 5410, 5409, 5408, 5407, 5406, 5405, 5404, 
    5403, 5402, 5401, 5310, 5309, 5308, 5307, 5306, 5305, 5304, 5303, 5302, 
    5301, 5210, 5209, 5208, 5207, 5206, 5205, 5204, 5203, 5202, 5201, 5110, 
    5109, 5108, 5107, 5106, 5105, 5104, 5103, 5102, 5101, 5010, 5009, 5008, 
    5007, 5006, 5005, 5004, 5003, 5002, 5001, 4910, 4909, 4908, 4907, 4906, 
    4905, 4904, 4903, 4902, 4901, 4810, 4809, 4808, 4807, 4806, 4805, 4804, 
    4803, 4802, 4801, 4710, 4709, 4708, 4707, 4706, 4705, 4704, 4703, 4702, 
    4701, 4610, 4609, 4608, 4607, 4606, 4605, 4604, 4603, 4602, 4601, 4510, 
    4509, 4508, 4507, 4506, 4505, 4504, 4503, 4502, 4501 ;

 side_ss2 = 5, 5, 5, 5, 5, 5, 5, 5, 5, 5, 5, 5, 5, 5, 5, 5, 5, 5, 5, 5, 2, 2, 
    2, 2, 2, 2, 2, 2, 2, 2, 2, 2, 2, 2, 2, 2, 2, 2, 2, 2, 2, 2, 2, 2, 2, 2, 
    2, 2, 2, 2, 2, 2, 2, 2, 2, 2, 2, 2, 2, 2, 2, 2, 2, 2, 2, 2, 2, 2, 2, 2, 
    2, 2, 2, 2, 2, 2, 2, 2, 2, 2, 1, 1, 1, 1, 1, 1, 1, 1, 1, 1, 1, 1, 1, 1, 
    1, 1, 1, 1, 1, 1, 1, 1, 1, 1, 1, 1, 1, 1, 1, 1, 1, 1, 1, 1, 1, 1, 1, 1, 
    1, 1, 1, 1, 1, 1, 1, 1, 1, 1, 1, 1, 1, 1, 1, 1, 1, 1, 1, 1, 1, 1, 1, 1, 
    1, 1, 1, 1, 1, 1, 1, 1, 1, 1, 1, 1, 1, 1, 1, 1, 1, 1, 1, 1, 1, 1, 1, 1, 
    1, 1, 1, 1, 1, 1, 1, 1, 1, 1, 1, 1, 1, 1, 1, 1, 1, 1, 1, 1, 1, 1, 1, 1, 
    1, 1, 1, 1, 1, 1, 1, 1, 1, 1, 1, 1, 1, 1, 1, 1, 1, 1, 1, 1, 1, 1, 1, 1, 
    1, 1, 1, 1, 1, 1, 1, 1, 1, 1, 1, 1, 1, 1, 1, 1, 1, 1, 1, 1, 1, 1, 1, 1, 
    1, 1, 1, 1, 1, 1, 1, 1, 1, 1, 1, 1, 1, 1, 1, 1, 1, 1, 1, 1, 1, 1, 1, 1, 
    1, 1, 1, 1, 1, 1, 1, 1, 1, 1, 1, 1, 1, 1, 1, 1, 1, 1 ;

 dist_fact_ss2 = 1, 1, 1, 1, 1, 1, 1, 1, 1, 1, 1, 1, 1, 1, 1, 1, 1, 1, 1, 1, 
    1, 1, 1, 1, 1, 1, 1, 1, 1, 1, 1, 1, 1, 1, 1, 1, 1, 1, 1, 1, 1, 1, 1, 1, 
    1, 1, 1, 1, 1, 1, 1, 1, 1, 1, 1, 1, 1, 1, 1, 1, 1, 1, 1, 1, 1, 1, 1, 1, 
    1, 1, 1, 1, 1, 1, 1, 1, 1, 1, 1, 1, 1, 1, 1, 1, 1, 1, 1, 1, 1, 1, 1, 1, 
    1, 1, 1, 1, 1, 1, 1, 1, 1, 1, 1, 1, 1, 1, 1, 1, 1, 1, 1, 1, 1, 1, 1, 1, 
    1, 1, 1, 1, 1, 1, 1, 1, 1, 1, 1, 1, 1, 1, 1, 1, 1, 1, 1, 1, 1, 1, 1, 1, 
    1, 1, 1, 1, 1, 1, 1, 1, 1, 1, 1, 1, 1, 1, 1, 1, 1, 1, 1, 1, 1, 1, 1, 1, 
    1, 1, 1, 1, 1, 1, 1, 1, 1, 1, 1, 1, 1, 1, 1, 1, 1, 1, 1, 1, 1, 1, 1, 1, 
    1, 1, 1, 1, 1, 1, 1, 1, 1, 1, 1, 1, 1, 1, 1, 1, 1, 1, 1, 1, 1, 1, 1, 1, 
    1, 1, 1, 1, 1, 1, 1, 1, 1, 1, 1, 1, 1, 1, 1, 1, 1, 1, 1, 1, 1, 1, 1, 1, 
    1, 1, 1, 1, 1, 1, 1, 1, 1, 1, 1, 1, 1, 1, 1, 1, 1, 1, 1, 1, 1, 1, 1, 1, 
    1, 1, 1, 1, 1, 1, 1, 1, 1, 1, 1, 1, 1, 1, 1, 1, 1, 1, 1, 1, 1, 1, 1, 1, 
    1, 1, 1, 1, 1, 1, 1, 1, 1, 1, 1, 1, 1, 1, 1, 1, 1, 1, 1, 1, 1, 1, 1, 1, 
    1, 1, 1, 1, 1, 1, 1, 1, 1, 1, 1, 1, 1, 1, 1, 1, 1, 1, 1, 1, 1, 1, 1, 1, 
    1, 1, 1, 1, 1, 1, 1, 1, 1, 1, 1, 1, 1, 1, 1, 1, 1, 1, 1, 1, 1, 1, 1, 1, 
    1, 1, 1, 1, 1, 1, 1, 1, 1, 1, 1, 1, 1, 1, 1, 1, 1, 1, 1, 1, 1, 1, 1, 1, 
    1, 1, 1, 1, 1, 1, 1, 1, 1, 1, 1, 1, 1, 1, 1, 1, 1, 1, 1, 1, 1, 1, 1, 1, 
    1, 1, 1, 1, 1, 1, 1, 1, 1, 1, 1, 1, 1, 1, 1, 1, 1, 1, 1, 1, 1, 1, 1, 1, 
    1, 1, 1, 1, 1, 1, 1, 1, 1, 1, 1, 1, 1, 1, 1, 1, 1, 1, 1, 1, 1, 1, 1, 1, 
    1, 1, 1, 1, 1, 1, 1, 1, 1, 1, 1, 1, 1, 1, 1, 1, 1, 1, 1, 1, 1, 1, 1, 1, 
    1, 1, 1, 1, 1, 1, 1, 1, 1, 1, 1, 1, 1, 1, 1, 1, 1, 1, 1, 1, 1, 1, 1, 1, 
    1, 1, 1, 1, 1, 1, 1, 1, 1, 1, 1, 1, 1, 1, 1, 1, 1, 1, 1, 1, 1, 1, 1, 1, 
    1, 1, 1, 1, 1, 1, 1, 1, 1, 1, 1, 1, 1, 1, 1, 1, 1, 1, 1, 1, 1, 1, 1, 1, 
    1, 1, 1, 1, 1, 1, 1, 1, 1, 1, 1, 1, 1, 1, 1, 1, 1, 1, 1, 1, 1, 1, 1, 1, 
    1, 1, 1, 1, 1, 1, 1, 1, 1, 1, 1, 1, 1, 1, 1, 1, 1, 1, 1, 1, 1, 1, 1, 1, 
    1, 1, 1, 1, 1, 1, 1, 1, 1, 1, 1, 1, 1, 1, 1, 1, 1, 1, 1, 1, 1, 1, 1, 1, 
    1, 1, 1, 1, 1, 1, 1, 1, 1, 1, 1, 1, 1, 1, 1, 1, 1, 1, 1, 1, 1, 1, 1, 1, 
    1, 1, 1, 1, 1, 1, 1, 1, 1, 1, 1, 1, 1, 1, 1, 1, 1, 1, 1, 1, 1, 1, 1, 1, 
    1, 1, 1, 1, 1, 1, 1, 1, 1, 1, 1, 1, 1, 1, 1, 1, 1, 1, 1, 1, 1, 1, 1, 1, 
    1, 1, 1, 1, 1, 1, 1, 1, 1, 1, 1, 1, 1, 1, 1, 1, 1, 1, 1, 1, 1, 1, 1, 1, 
    1, 1, 1, 1, 1, 1, 1, 1, 1, 1, 1, 1, 1, 1, 1, 1, 1, 1, 1, 1, 1, 1, 1, 1, 
    1, 1, 1, 1, 1, 1, 1, 1, 1, 1, 1, 1, 1, 1, 1, 1, 1, 1, 1, 1, 1, 1, 1, 1, 
    1, 1, 1, 1, 1, 1, 1, 1, 1, 1, 1, 1, 1, 1, 1, 1, 1, 1, 1, 1, 1, 1, 1, 1, 
    1, 1, 1, 1, 1, 1, 1, 1, 1, 1, 1, 1, 1, 1, 1, 1, 1, 1, 1, 1, 1, 1, 1, 1, 
    1, 1, 1, 1, 1, 1, 1, 1, 1, 1, 1, 1, 1, 1, 1, 1, 1, 1, 1, 1, 1, 1, 1, 1, 
    1, 1, 1, 1, 1, 1, 1, 1, 1, 1, 1, 1, 1, 1, 1, 1, 1, 1, 1, 1, 1, 1, 1, 1, 
    1, 1, 1, 1, 1, 1, 1, 1, 1, 1, 1, 1, 1, 1, 1, 1, 1, 1, 1, 1, 1, 1, 1, 1, 
    1, 1, 1, 1, 1, 1, 1, 1, 1, 1, 1, 1, 1, 1, 1, 1, 1, 1, 1, 1, 1, 1, 1, 1, 
    1, 1, 1, 1, 1, 1, 1, 1, 1, 1, 1, 1, 1, 1, 1, 1, 1, 1, 1, 1, 1, 1, 1, 1, 
    1, 1, 1, 1, 1, 1, 1, 1, 1, 1, 1, 1, 1, 1, 1, 1, 1, 1, 1, 1, 1, 1, 1, 1, 
    1, 1, 1, 1, 1, 1, 1, 1, 1, 1, 1, 1, 1, 1, 1, 1, 1, 1, 1, 1, 1, 1, 1, 1, 
    1, 1, 1, 1, 1, 1, 1, 1, 1, 1, 1, 1, 1, 1, 1, 1, 1, 1, 1, 1, 1, 1, 1, 1, 
    1, 1, 1, 1, 1, 1, 1, 1, 1, 1, 1, 1, 1, 1, 1, 1, 1, 1, 1, 1, 1, 1, 1, 1, 
    1, 1, 1, 1, 1, 1, 1, 1, 1, 1, 1, 1, 1, 1, 1, 1, 1, 1, 1, 1, 1, 1, 1, 1, 
    1, 1, 1, 1, 1, 1, 1, 1, 1, 1, 1, 1, 1, 1, 1, 1, 1, 1, 1, 1, 1, 1, 1, 1, 
    1, 1, 1, 1, 1, 1, 1, 1, 1, 1, 1, 1, 1, 1, 1, 1, 1, 1, 1, 1, 1, 1, 1, 1, 
    1, 1, 1, 1, 1, 1, 1, 1, 1, 1, 1, 1, 1, 1, 1, 1, 1, 1, 1, 1 ;

 elem_ss3 = 250, 240, 230, 220, 210, 200, 190, 180, 170, 160, 105, 104, 103, 
    102, 101, 91, 81, 71, 61, 51, 41, 31, 21, 11, 1, 701, 704, 707, 710, 713, 
    716, 719, 722, 725, 728, 702, 705, 708, 711, 714, 717, 720, 723, 726, 
    729, 703, 706, 709, 712, 715, 718, 721, 724, 727, 730, 671, 641, 611, 
    581, 551, 672, 642, 612, 582, 552, 673, 643, 613, 583, 553, 460, 459, 
    458, 457, 456, 455, 454, 453, 452, 451, 360, 359, 358, 357, 356, 355, 
    354, 353, 352, 351, 260, 259, 258, 257, 256, 255, 254, 253, 252, 251, 
    2501, 2511, 2521, 2531, 2541, 2551, 2561, 2571, 2581, 2591, 2502, 2512, 
    2522, 2532, 2542, 2552, 2562, 2572, 2582, 2592, 2503, 2513, 2523, 2533, 
    2543, 2553, 2563, 2573, 2583, 2593, 2504, 2514, 2524, 2534, 2544, 2554, 
    2564, 2574, 2584, 2594, 2505, 2515, 2525, 2535, 2545, 2555, 2565, 2575, 
    2585, 2595, 2506, 2516, 2526, 2536, 2546, 2556, 2566, 2576, 2586, 2596, 
    2507, 2517, 2527, 2537, 2547, 2557, 2567, 2577, 2587, 2597, 2508, 2518, 
    2528, 2538, 2548, 2558, 2568, 2578, 2588, 2598, 2509, 2519, 2529, 2539, 
    2549, 2559, 2569, 2579, 2589, 2599, 2510, 2520, 2530, 2540, 2550, 2560, 
    2570, 2580, 2590, 2600, 2410, 2310, 2210, 2110, 2010, 2420, 2320, 2220, 
    2120, 2020, 2430, 2330, 2230, 2130, 2030, 2440, 2340, 2240, 2140, 2040, 
    2450, 2350, 2250, 2150, 2050, 2460, 2360, 2260, 2160, 2060, 2470, 2370, 
    2270, 2170, 2070, 2480, 2380, 2280, 2180, 2080, 2490, 2390, 2290, 2190, 
    2090, 2500, 2400, 2300, 2200, 2100, 1901, 1911, 1921, 1931, 1941, 1951, 
    1961, 1971, 1981, 1991, 1801, 1811, 1821, 1831, 1841, 1851, 1861, 1871, 
    1881, 1891, 1701, 1711, 1721, 1731, 1741, 1751, 1761, 1771, 1781, 1791, 
    1601, 1611, 1621, 1631, 1641, 1651, 1661, 1671, 1681, 1691, 1501, 1511, 
    1521, 1531, 1541, 1551, 1561, 1571, 1581, 1591, 1401, 1411, 1421, 1431, 
    1441, 1451, 1461, 1471, 1481, 1491, 1301, 1311, 1321, 1331, 1341, 1351, 
    1361, 1371, 1381, 1391, 1201, 1211, 1221, 1231, 1241, 1251, 1261, 1271, 
    1281, 1291, 1101, 1111, 1121, 1131, 1141, 1151, 1161, 1171, 1181, 1191, 
    1001, 1011, 1021, 1031, 1041, 1051, 1061, 1071, 1081, 1091 ;

 side_ss3 = 2, 2, 2, 2, 2, 2, 2, 2, 2, 2, 1, 1, 1, 1, 1, 1, 1, 1, 1, 1, 1, 1, 
    1, 1, 1, 5, 5, 5, 5, 5, 5, 5, 5, 5, 5, 5, 5, 5, 5, 5, 5, 5, 5, 5, 5, 5, 
    5, 5, 5, 5, 5, 5, 5, 5, 5, 1, 1, 1, 1, 1, 1, 1, 1, 1, 1, 1, 1, 1, 1, 1, 
    1, 1, 1, 1, 1, 1, 1, 1, 1, 1, 1, 1, 1, 1, 1, 1, 1, 1, 1, 1, 1, 1, 1, 1, 
    1, 1, 1, 1, 1, 1, 5, 5, 5, 5, 5, 5, 5, 5, 5, 5, 5, 5, 5, 5, 5, 5, 5, 5, 
    5, 5, 5, 5, 5, 5, 5, 5, 5, 5, 5, 5, 5, 5, 5, 5, 5, 5, 5, 5, 5, 5, 5, 5, 
    5, 5, 5, 5, 5, 5, 5, 5, 5, 5, 5, 5, 5, 5, 5, 5, 5, 5, 5, 5, 5, 5, 5, 5, 
    5, 5, 5, 5, 5, 5, 5, 5, 5, 5, 5, 5, 5, 5, 5, 5, 5, 5, 5, 5, 5, 5, 5, 5, 
    5, 5, 5, 5, 5, 5, 5, 5, 5, 5, 2, 2, 2, 2, 2, 2, 2, 2, 2, 2, 2, 2, 2, 2, 
    2, 2, 2, 2, 2, 2, 2, 2, 2, 2, 2, 2, 2, 2, 2, 2, 2, 2, 2, 2, 2, 2, 2, 2, 
    2, 2, 2, 2, 2, 2, 2, 2, 2, 2, 2, 2, 4, 4, 4, 4, 4, 4, 4, 4, 4, 4, 4, 4, 
    4, 4, 4, 4, 4, 4, 4, 4, 4, 4, 4, 4, 4, 4, 4, 4, 4, 4, 4, 4, 4, 4, 4, 4, 
    4, 4, 4, 4, 4, 4, 4, 4, 4, 4, 4, 4, 4, 4, 4, 4, 4, 4, 4, 4, 4, 4, 4, 4, 
    4, 4, 4, 4, 4, 4, 4, 4, 4, 4, 4, 4, 4, 4, 4, 4, 4, 4, 4, 4, 4, 4, 4, 4, 
    4, 4, 4, 4, 4, 4, 4, 4, 4, 4, 4, 4, 4, 4, 4, 4 ;

 dist_fact_ss3 = 1, 1, 1, 1, 1, 1, 1, 1, 1, 1, 1, 1, 1, 1, 1, 1, 1, 1, 1, 1, 
    1, 1, 1, 1, 1, 1, 1, 1, 1, 1, 1, 1, 1, 1, 1, 1, 1, 1, 1, 1, 1, 1, 1, 1, 
    1, 1, 1, 1, 1, 1, 1, 1, 1, 1, 1, 1, 1, 1, 1, 1, 1, 1, 1, 1, 1, 1, 1, 1, 
    1, 1, 1, 1, 1, 1, 1, 1, 1, 1, 1, 1, 1, 1, 1, 1, 1, 1, 1, 1, 1, 1, 1, 1, 
    1, 1, 1, 1, 1, 1, 1, 1, 1, 1, 1, 1, 1, 1, 1, 1, 1, 1, 1, 1, 1, 1, 1, 1, 
    1, 1, 1, 1, 1, 1, 1, 1, 1, 1, 1, 1, 1, 1, 1, 1, 1, 1, 1, 1, 1, 1, 1, 1, 
    1, 1, 1, 1, 1, 1, 1, 1, 1, 1, 1, 1, 1, 1, 1, 1, 1, 1, 1, 1, 1, 1, 1, 1, 
    1, 1, 1, 1, 1, 1, 1, 1, 1, 1, 1, 1, 1, 1, 1, 1, 1, 1, 1, 1, 1, 1, 1, 1, 
    1, 1, 1, 1, 1, 1, 1, 1, 1, 1, 1, 1, 1, 1, 1, 1, 1, 1, 1, 1, 1, 1, 1, 1, 
    1, 1, 1, 1, 1, 1, 1, 1, 1, 1, 1, 1, 1, 1, 1, 1, 1, 1, 1, 1, 1, 1, 1, 1, 
    1, 1, 1, 1, 1, 1, 1, 1, 1, 1, 1, 1, 1, 1, 1, 1, 1, 1, 1, 1, 1, 1, 1, 1, 
    1, 1, 1, 1, 1, 1, 1, 1, 1, 1, 1, 1, 1, 1, 1, 1, 1, 1, 1, 1, 1, 1, 1, 1, 
    1, 1, 1, 1, 1, 1, 1, 1, 1, 1, 1, 1, 1, 1, 1, 1, 1, 1, 1, 1, 1, 1, 1, 1, 
    1, 1, 1, 1, 1, 1, 1, 1, 1, 1, 1, 1, 1, 1, 1, 1, 1, 1, 1, 1, 1, 1, 1, 1, 
    1, 1, 1, 1, 1, 1, 1, 1, 1, 1, 1, 1, 1, 1, 1, 1, 1, 1, 1, 1, 1, 1, 1, 1, 
    1, 1, 1, 1, 1, 1, 1, 1, 1, 1, 1, 1, 1, 1, 1, 1, 1, 1, 1, 1, 1, 1, 1, 1, 
    1, 1, 1, 1, 1, 1, 1, 1, 1, 1, 1, 1, 1, 1, 1, 1, 1, 1, 1, 1, 1, 1, 1, 1, 
    1, 1, 1, 1, 1, 1, 1, 1, 1, 1, 1, 1, 1, 1, 1, 1, 1, 1, 1, 1, 1, 1, 1, 1, 
    1, 1, 1, 1, 1, 1, 1, 1, 1, 1, 1, 1, 1, 1, 1, 1, 1, 1, 1, 1, 1, 1, 1, 1, 
    1, 1, 1, 1, 1, 1, 1, 1, 1, 1, 1, 1, 1, 1, 1, 1, 1, 1, 1, 1, 1, 1, 1, 1, 
    1, 1, 1, 1, 1, 1, 1, 1, 1, 1, 1, 1, 1, 1, 1, 1, 1, 1, 1, 1, 1, 1, 1, 1, 
    1, 1, 1, 1, 1, 1, 1, 1, 1, 1, 1, 1, 1, 1, 1, 1, 1, 1, 1, 1, 1, 1, 1, 1, 
    1, 1, 1, 1, 1, 1, 1, 1, 1, 1, 1, 1, 1, 1, 1, 1, 1, 1, 1, 1, 1, 1, 1, 1, 
    1, 1, 1, 1, 1, 1, 1, 1, 1, 1, 1, 1, 1, 1, 1, 1, 1, 1, 1, 1, 1, 1, 1, 1, 
    1, 1, 1, 1, 1, 1, 1, 1, 1, 1, 1, 1, 1, 1, 1, 1, 1, 1, 1, 1, 1, 1, 1, 1, 
    1, 1, 1, 1, 1, 1, 1, 1, 1, 1, 1, 1, 1, 1, 1, 1, 1, 1, 1, 1, 1, 1, 1, 1, 
    1, 1, 1, 1, 1, 1, 1, 1, 1, 1, 1, 1, 1, 1, 1, 1, 1, 1, 1, 1, 1, 1, 1, 1, 
    1, 1, 1, 1, 1, 1, 1, 1, 1, 1, 1, 1, 1, 1, 1, 1, 1, 1, 1, 1, 1, 1, 1, 1, 
    1, 1, 1, 1, 1, 1, 1, 1, 1, 1, 1, 1, 1, 1, 1, 1, 1, 1, 1, 1, 1, 1, 1, 1, 
    1, 1, 1, 1, 1, 1, 1, 1, 1, 1, 1, 1, 1, 1, 1, 1, 1, 1, 1, 1, 1, 1, 1, 1, 
    1, 1, 1, 1, 1, 1, 1, 1, 1, 1, 1, 1, 1, 1, 1, 1, 1, 1, 1, 1, 1, 1, 1, 1, 
    1, 1, 1, 1, 1, 1, 1, 1, 1, 1, 1, 1, 1, 1, 1, 1, 1, 1, 1, 1, 1, 1, 1, 1, 
    1, 1, 1, 1, 1, 1, 1, 1, 1, 1, 1, 1, 1, 1, 1, 1, 1, 1, 1, 1, 1, 1, 1, 1, 
    1, 1, 1, 1, 1, 1, 1, 1, 1, 1, 1, 1, 1, 1, 1, 1, 1, 1, 1, 1, 1, 1, 1, 1, 
    1, 1, 1, 1, 1, 1, 1, 1, 1, 1, 1, 1, 1, 1, 1, 1, 1, 1, 1, 1, 1, 1, 1, 1, 
    1, 1, 1, 1, 1, 1, 1, 1, 1, 1, 1, 1, 1, 1, 1, 1, 1, 1, 1, 1, 1, 1, 1, 1, 
    1, 1, 1, 1, 1, 1, 1, 1, 1, 1, 1, 1, 1, 1, 1, 1, 1, 1, 1, 1, 1, 1, 1, 1, 
    1, 1, 1, 1, 1, 1, 1, 1, 1, 1, 1, 1, 1, 1, 1, 1, 1, 1, 1, 1, 1, 1, 1, 1, 
    1, 1, 1, 1, 1, 1, 1, 1, 1, 1, 1, 1, 1, 1, 1, 1, 1, 1, 1, 1, 1, 1, 1, 1, 
    1, 1, 1, 1, 1, 1, 1, 1, 1, 1, 1, 1, 1, 1, 1, 1, 1, 1, 1, 1, 1, 1, 1, 1, 
    1, 1, 1, 1, 1, 1, 1, 1, 1, 1, 1, 1, 1, 1, 1, 1, 1, 1, 1, 1, 1, 1, 1, 1, 
    1, 1, 1, 1, 1, 1, 1, 1, 1, 1, 1, 1, 1, 1, 1, 1, 1, 1, 1, 1, 1, 1, 1, 1, 
    1, 1, 1, 1, 1, 1, 1, 1, 1, 1, 1, 1, 1, 1, 1, 1, 1, 1, 1, 1, 1, 1, 1, 1, 
    1, 1, 1, 1, 1, 1, 1, 1, 1, 1, 1, 1, 1, 1, 1, 1, 1, 1, 1, 1, 1, 1, 1, 1, 
    1, 1, 1, 1, 1, 1, 1, 1, 1, 1, 1, 1, 1, 1, 1, 1, 1, 1, 1, 1, 1, 1, 1, 1, 
    1, 1, 1, 1, 1, 1, 1, 1, 1, 1, 1, 1, 1, 1, 1, 1, 1, 1, 1, 1, 1, 1, 1, 1, 
    1, 1, 1, 1, 1, 1, 1, 1, 1, 1, 1, 1, 1, 1, 1, 1, 1, 1, 1, 1, 1, 1, 1, 1, 
    1, 1, 1, 1, 1, 1, 1, 1, 1, 1, 1, 1, 1, 1, 1, 1, 1, 1, 1, 1, 1, 1, 1, 1, 
    1, 1, 1, 1, 1, 1, 1, 1, 1, 1, 1, 1, 1, 1, 1, 1, 1, 1, 1, 1, 1, 1, 1, 1, 
    1, 1, 1, 1, 1, 1, 1, 1, 1, 1, 1, 1, 1, 1, 1, 1, 1, 1, 1, 1, 1, 1, 1, 1, 
    1, 1, 1, 1, 1, 1, 1, 1, 1, 1, 1, 1, 1, 1, 1, 1, 1, 1, 1, 1, 1, 1, 1, 1, 
    1, 1, 1, 1, 1, 1, 1, 1, 1, 1, 1, 1, 1, 1, 1, 1, 1, 1, 1, 1, 1, 1, 1, 1, 
    1, 1, 1, 1, 1, 1, 1, 1, 1, 1, 1, 1, 1, 1, 1, 1, 1, 1, 1, 1, 1, 1, 1, 1, 
    1, 1, 1, 1, 1, 1, 1, 1, 1, 1, 1, 1, 1, 1, 1, 1, 1, 1, 1, 1, 1, 1, 1, 1, 
    1, 1, 1, 1, 1, 1, 1, 1, 1, 1, 1, 1, 1, 1, 1, 1, 1, 1, 1, 1, 1, 1, 1, 1, 
    1, 1, 1, 1, 1, 1, 1, 1, 1, 1, 1, 1, 1, 1, 1, 1, 1, 1, 1, 1, 1, 1, 1, 1, 
    1, 1, 1, 1, 1, 1, 1, 1, 1, 1, 1, 1, 1, 1, 1, 1, 1, 1, 1, 1, 1, 1, 1, 1, 
    1, 1, 1, 1, 1, 1, 1, 1, 1, 1, 1, 1, 1, 1, 1, 1, 1, 1, 1, 1, 1, 1, 1, 1, 
    1, 1, 1, 1, 1, 1, 1, 1, 1, 1, 1, 1 ;

 elem_ss4 = 3510, 3520, 3530, 3540, 3550, 3560, 3570, 3580, 3590, 3600, 3646, 
    3647, 3648, 3649, 3650, 3741, 3731, 3721, 3711, 3701, 3691, 3681, 3671, 
    3661, 3651, 4041, 4042, 4043, 4044, 4045, 4046, 4047, 4048, 4049, 4050, 
    3941, 3942, 3943, 3944, 3945, 3946, 3947, 3948, 3949, 3950, 3841, 3842, 
    3843, 3844, 3845, 3846, 3847, 3848, 3849, 3850, 4078, 4108, 4138, 4168, 
    4198, 4079, 4109, 4139, 4169, 4199, 4080, 4110, 4140, 4170, 4200, 4410, 
    4409, 4408, 4407, 4406, 4405, 4404, 4403, 4402, 4401, 4310, 4309, 4308, 
    4307, 4306, 4305, 4304, 4303, 4302, 4301, 4210, 4209, 4208, 4207, 4206, 
    4205, 4204, 4203, 4202, 4201, 5500, 5490, 5480, 5470, 5460, 5450, 5440, 
    5430, 5420, 5410, 5400, 5390, 5380, 5370, 5360, 5350, 5340, 5330, 5320, 
    5310, 5300, 5290, 5280, 5270, 5260, 5250, 5240, 5230, 5220, 5210, 5200, 
    5190, 5180, 5170, 5160, 5150, 5140, 5130, 5120, 5110, 5100, 5090, 5080, 
    5070, 5060, 5050, 5040, 5030, 5020, 5010, 5000, 4990, 4980, 4970, 4960, 
    4950, 4940, 4930, 4920, 4910, 4900, 4890, 4880, 4870, 4860, 4850, 4840, 
    4830, 4820, 4810, 4800, 4790, 4780, 4770, 4760, 4750, 4740, 4730, 4720, 
    4710, 4700, 4690, 4680, 4670, 4660, 4650, 4640, 4630, 4620, 4610, 4600, 
    4590, 4580, 4570, 4560, 4550, 4540, 4530, 4520, 4510, 5901, 5801, 5701, 
    5601, 5501, 5902, 5802, 5702, 5602, 5502, 5903, 5803, 5703, 5603, 5503, 
    5904, 5804, 5704, 5604, 5504, 5905, 5805, 5705, 5605, 5505, 5906, 5806, 
    5706, 5606, 5506, 5907, 5807, 5707, 5607, 5507, 5908, 5808, 5708, 5608, 
    5508, 5909, 5809, 5709, 5609, 5509, 5910, 5810, 5710, 5610, 5510, 6901, 
    6911, 6921, 6931, 6941, 6951, 6961, 6971, 6981, 6991, 6801, 6811, 6821, 
    6831, 6841, 6851, 6861, 6871, 6881, 6891, 6701, 6711, 6721, 6731, 6741, 
    6751, 6761, 6771, 6781, 6791, 6601, 6611, 6621, 6631, 6641, 6651, 6661, 
    6671, 6681, 6691, 6501, 6511, 6521, 6531, 6541, 6551, 6561, 6571, 6581, 
    6591, 6401, 6411, 6421, 6431, 6441, 6451, 6461, 6471, 6481, 6491, 6301, 
    6311, 6321, 6331, 6341, 6351, 6361, 6371, 6381, 6391, 6201, 6211, 6221, 
    6231, 6241, 6251, 6261, 6271, 6281, 6291, 6101, 6111, 6121, 6131, 6141, 
    6151, 6161, 6171, 6181, 6191, 6001, 6011, 6021, 6031, 6041, 6051, 6061, 
    6071, 6081, 6091 ;

 side_ss4 = 3, 3, 3, 3, 3, 3, 3, 3, 3, 3, 3, 3, 3, 3, 3, 1, 1, 1, 1, 1, 1, 1, 
    1, 1, 1, 3, 3, 3, 3, 3, 3, 3, 3, 3, 3, 3, 3, 3, 3, 3, 3, 3, 3, 3, 3, 3, 
    3, 3, 3, 3, 3, 3, 3, 3, 3, 3, 3, 3, 3, 3, 3, 3, 3, 3, 3, 3, 3, 3, 3, 3, 
    1, 1, 1, 1, 1, 1, 1, 1, 1, 1, 1, 1, 1, 1, 1, 1, 1, 1, 1, 1, 1, 1, 1, 1, 
    1, 1, 1, 1, 1, 1, 2, 2, 2, 2, 2, 2, 2, 2, 2, 2, 2, 2, 2, 2, 2, 2, 2, 2, 
    2, 2, 2, 2, 2, 2, 2, 2, 2, 2, 2, 2, 2, 2, 2, 2, 2, 2, 2, 2, 2, 2, 2, 2, 
    2, 2, 2, 2, 2, 2, 2, 2, 2, 2, 2, 2, 2, 2, 2, 2, 2, 2, 2, 2, 2, 2, 2, 2, 
    2, 2, 2, 2, 2, 2, 2, 2, 2, 2, 2, 2, 2, 2, 2, 2, 2, 2, 2, 2, 2, 2, 2, 2, 
    2, 2, 2, 2, 2, 2, 2, 2, 2, 2, 1, 1, 1, 1, 1, 1, 1, 1, 1, 1, 1, 1, 1, 1, 
    1, 1, 1, 1, 1, 1, 1, 1, 1, 1, 1, 1, 1, 1, 1, 1, 1, 1, 1, 1, 1, 1, 1, 1, 
    1, 1, 1, 1, 1, 1, 1, 1, 1, 1, 1, 1, 4, 4, 4, 4, 4, 4, 4, 4, 4, 4, 4, 4, 
    4, 4, 4, 4, 4, 4, 4, 4, 4, 4, 4, 4, 4, 4, 4, 4, 4, 4, 4, 4, 4, 4, 4, 4, 
    4, 4, 4, 4, 4, 4, 4, 4, 4, 4, 4, 4, 4, 4, 4, 4, 4, 4, 4, 4, 4, 4, 4, 4, 
    4, 4, 4, 4, 4, 4, 4, 4, 4, 4, 4, 4, 4, 4, 4, 4, 4, 4, 4, 4, 4, 4, 4, 4, 
    4, 4, 4, 4, 4, 4, 4, 4, 4, 4, 4, 4, 4, 4, 4, 4 ;

 dist_fact_ss4 = 1, 1, 1, 1, 1, 1, 1, 1, 1, 1, 1, 1, 1, 1, 1, 1, 1, 1, 1, 1, 
    1, 1, 1, 1, 1, 1, 1, 1, 1, 1, 1, 1, 1, 1, 1, 1, 1, 1, 1, 1, 1, 1, 1, 1, 
    1, 1, 1, 1, 1, 1, 1, 1, 1, 1, 1, 1, 1, 1, 1, 1, 1, 1, 1, 1, 1, 1, 1, 1, 
    1, 1, 1, 1, 1, 1, 1, 1, 1, 1, 1, 1, 1, 1, 1, 1, 1, 1, 1, 1, 1, 1, 1, 1, 
    1, 1, 1, 1, 1, 1, 1, 1, 1, 1, 1, 1, 1, 1, 1, 1, 1, 1, 1, 1, 1, 1, 1, 1, 
    1, 1, 1, 1, 1, 1, 1, 1, 1, 1, 1, 1, 1, 1, 1, 1, 1, 1, 1, 1, 1, 1, 1, 1, 
    1, 1, 1, 1, 1, 1, 1, 1, 1, 1, 1, 1, 1, 1, 1, 1, 1, 1, 1, 1, 1, 1, 1, 1, 
    1, 1, 1, 1, 1, 1, 1, 1, 1, 1, 1, 1, 1, 1, 1, 1, 1, 1, 1, 1, 1, 1, 1, 1, 
    1, 1, 1, 1, 1, 1, 1, 1, 1, 1, 1, 1, 1, 1, 1, 1, 1, 1, 1, 1, 1, 1, 1, 1, 
    1, 1, 1, 1, 1, 1, 1, 1, 1, 1, 1, 1, 1, 1, 1, 1, 1, 1, 1, 1, 1, 1, 1, 1, 
    1, 1, 1, 1, 1, 1, 1, 1, 1, 1, 1, 1, 1, 1, 1, 1, 1, 1, 1, 1, 1, 1, 1, 1, 
    1, 1, 1, 1, 1, 1, 1, 1, 1, 1, 1, 1, 1, 1, 1, 1, 1, 1, 1, 1, 1, 1, 1, 1, 
    1, 1, 1, 1, 1, 1, 1, 1, 1, 1, 1, 1, 1, 1, 1, 1, 1, 1, 1, 1, 1, 1, 1, 1, 
    1, 1, 1, 1, 1, 1, 1, 1, 1, 1, 1, 1, 1, 1, 1, 1, 1, 1, 1, 1, 1, 1, 1, 1, 
    1, 1, 1, 1, 1, 1, 1, 1, 1, 1, 1, 1, 1, 1, 1, 1, 1, 1, 1, 1, 1, 1, 1, 1, 
    1, 1, 1, 1, 1, 1, 1, 1, 1, 1, 1, 1, 1, 1, 1, 1, 1, 1, 1, 1, 1, 1, 1, 1, 
    1, 1, 1, 1, 1, 1, 1, 1, 1, 1, 1, 1, 1, 1, 1, 1, 1, 1, 1, 1, 1, 1, 1, 1, 
    1, 1, 1, 1, 1, 1, 1, 1, 1, 1, 1, 1, 1, 1, 1, 1, 1, 1, 1, 1, 1, 1, 1, 1, 
    1, 1, 1, 1, 1, 1, 1, 1, 1, 1, 1, 1, 1, 1, 1, 1, 1, 1, 1, 1, 1, 1, 1, 1, 
    1, 1, 1, 1, 1, 1, 1, 1, 1, 1, 1, 1, 1, 1, 1, 1, 1, 1, 1, 1, 1, 1, 1, 1, 
    1, 1, 1, 1, 1, 1, 1, 1, 1, 1, 1, 1, 1, 1, 1, 1, 1, 1, 1, 1, 1, 1, 1, 1, 
    1, 1, 1, 1, 1, 1, 1, 1, 1, 1, 1, 1, 1, 1, 1, 1, 1, 1, 1, 1, 1, 1, 1, 1, 
    1, 1, 1, 1, 1, 1, 1, 1, 1, 1, 1, 1, 1, 1, 1, 1, 1, 1, 1, 1, 1, 1, 1, 1, 
    1, 1, 1, 1, 1, 1, 1, 1, 1, 1, 1, 1, 1, 1, 1, 1, 1, 1, 1, 1, 1, 1, 1, 1, 
    1, 1, 1, 1, 1, 1, 1, 1, 1, 1, 1, 1, 1, 1, 1, 1, 1, 1, 1, 1, 1, 1, 1, 1, 
    1, 1, 1, 1, 1, 1, 1, 1, 1, 1, 1, 1, 1, 1, 1, 1, 1, 1, 1, 1, 1, 1, 1, 1, 
    1, 1, 1, 1, 1, 1, 1, 1, 1, 1, 1, 1, 1, 1, 1, 1, 1, 1, 1, 1, 1, 1, 1, 1, 
    1, 1, 1, 1, 1, 1, 1, 1, 1, 1, 1, 1, 1, 1, 1, 1, 1, 1, 1, 1, 1, 1, 1, 1, 
    1, 1, 1, 1, 1, 1, 1, 1, 1, 1, 1, 1, 1, 1, 1, 1, 1, 1, 1, 1, 1, 1, 1, 1, 
    1, 1, 1, 1, 1, 1, 1, 1, 1, 1, 1, 1, 1, 1, 1, 1, 1, 1, 1, 1, 1, 1, 1, 1, 
    1, 1, 1, 1, 1, 1, 1, 1, 1, 1, 1, 1, 1, 1, 1, 1, 1, 1, 1, 1, 1, 1, 1, 1, 
    1, 1, 1, 1, 1, 1, 1, 1, 1, 1, 1, 1, 1, 1, 1, 1, 1, 1, 1, 1, 1, 1, 1, 1, 
    1, 1, 1, 1, 1, 1, 1, 1, 1, 1, 1, 1, 1, 1, 1, 1, 1, 1, 1, 1, 1, 1, 1, 1, 
    1, 1, 1, 1, 1, 1, 1, 1, 1, 1, 1, 1, 1, 1, 1, 1, 1, 1, 1, 1, 1, 1, 1, 1, 
    1, 1, 1, 1, 1, 1, 1, 1, 1, 1, 1, 1, 1, 1, 1, 1, 1, 1, 1, 1, 1, 1, 1, 1, 
    1, 1, 1, 1, 1, 1, 1, 1, 1, 1, 1, 1, 1, 1, 1, 1, 1, 1, 1, 1, 1, 1, 1, 1, 
    1, 1, 1, 1, 1, 1, 1, 1, 1, 1, 1, 1, 1, 1, 1, 1, 1, 1, 1, 1, 1, 1, 1, 1, 
    1, 1, 1, 1, 1, 1, 1, 1, 1, 1, 1, 1, 1, 1, 1, 1, 1, 1, 1, 1, 1, 1, 1, 1, 
    1, 1, 1, 1, 1, 1, 1, 1, 1, 1, 1, 1, 1, 1, 1, 1, 1, 1, 1, 1, 1, 1, 1, 1, 
    1, 1, 1, 1, 1, 1, 1, 1, 1, 1, 1, 1, 1, 1, 1, 1, 1, 1, 1, 1, 1, 1, 1, 1, 
    1, 1, 1, 1, 1, 1, 1, 1, 1, 1, 1, 1, 1, 1, 1, 1, 1, 1, 1, 1, 1, 1, 1, 1, 
    1, 1, 1, 1, 1, 1, 1, 1, 1, 1, 1, 1, 1, 1, 1, 1, 1, 1, 1, 1, 1, 1, 1, 1, 
    1, 1, 1, 1, 1, 1, 1, 1, 1, 1, 1, 1, 1, 1, 1, 1, 1, 1, 1, 1, 1, 1, 1, 1, 
    1, 1, 1, 1, 1, 1, 1, 1, 1, 1, 1, 1, 1, 1, 1, 1, 1, 1, 1, 1, 1, 1, 1, 1, 
    1, 1, 1, 1, 1, 1, 1, 1, 1, 1, 1, 1, 1, 1, 1, 1, 1, 1, 1, 1, 1, 1, 1, 1, 
    1, 1, 1, 1, 1, 1, 1, 1, 1, 1, 1, 1, 1, 1, 1, 1, 1, 1, 1, 1, 1, 1, 1, 1, 
    1, 1, 1, 1, 1, 1, 1, 1, 1, 1, 1, 1, 1, 1, 1, 1, 1, 1, 1, 1, 1, 1, 1, 1, 
    1, 1, 1, 1, 1, 1, 1, 1, 1, 1, 1, 1, 1, 1, 1, 1, 1, 1, 1, 1, 1, 1, 1, 1, 
    1, 1, 1, 1, 1, 1, 1, 1, 1, 1, 1, 1, 1, 1, 1, 1, 1, 1, 1, 1, 1, 1, 1, 1, 
    1, 1, 1, 1, 1, 1, 1, 1, 1, 1, 1, 1, 1, 1, 1, 1, 1, 1, 1, 1, 1, 1, 1, 1, 
    1, 1, 1, 1, 1, 1, 1, 1, 1, 1, 1, 1, 1, 1, 1, 1, 1, 1, 1, 1, 1, 1, 1, 1, 
    1, 1, 1, 1, 1, 1, 1, 1, 1, 1, 1, 1, 1, 1, 1, 1, 1, 1, 1, 1, 1, 1, 1, 1, 
    1, 1, 1, 1, 1, 1, 1, 1, 1, 1, 1, 1, 1, 1, 1, 1, 1, 1, 1, 1, 1, 1, 1, 1, 
    1, 1, 1, 1, 1, 1, 1, 1, 1, 1, 1, 1, 1, 1, 1, 1, 1, 1, 1, 1, 1, 1, 1, 1, 
    1, 1, 1, 1, 1, 1, 1, 1, 1, 1, 1, 1, 1, 1, 1, 1, 1, 1, 1, 1, 1, 1, 1, 1, 
    1, 1, 1, 1, 1, 1, 1, 1, 1, 1, 1, 1, 1, 1, 1, 1, 1, 1, 1, 1, 1, 1, 1, 1, 
    1, 1, 1, 1, 1, 1, 1, 1, 1, 1, 1, 1, 1, 1, 1, 1, 1, 1, 1, 1, 1, 1, 1, 1, 
    1, 1, 1, 1, 1, 1, 1, 1, 1, 1, 1, 1, 1, 1, 1, 1, 1, 1, 1, 1, 1, 1, 1, 1, 
    1, 1, 1, 1, 1, 1, 1, 1, 1, 1, 1, 1 ;

 elem_ss5 = 4591, 4592, 4593, 4594, 4595, 4596, 4597, 4598, 4599, 4600, 4581, 
    4582, 4583, 4584, 4585, 4586, 4587, 4588, 4589, 4590, 4571, 4572, 4573, 
    4574, 4575, 4576, 4577, 4578, 4579, 4580, 4561, 4562, 4563, 4564, 4565, 
    4566, 4567, 4568, 4569, 4570, 4551, 4552, 4553, 4554, 4555, 4556, 4557, 
    4558, 4559, 4560, 4541, 4542, 4543, 4544, 4545, 4546, 4547, 4548, 4549, 
    4550, 4531, 4532, 4533, 4534, 4535, 4536, 4537, 4538, 4539, 4540, 4521, 
    4522, 4523, 4524, 4525, 4526, 4527, 4528, 4529, 4530, 4511, 4512, 4513, 
    4514, 4515, 4516, 4517, 4518, 4519, 4520, 4501, 4502, 4503, 4504, 4505, 
    4506, 4507, 4508, 4509, 4510, 5510, 5520, 5530, 5540, 5550, 5560, 5570, 
    5580, 5590, 5600, 5610, 5620, 5630, 5640, 5650, 5660, 5670, 5680, 5690, 
    5700, 5710, 5720, 5730, 5740, 5750, 5760, 5770, 5780, 5790, 5800, 5810, 
    5820, 5830, 5840, 5850, 5860, 5870, 5880, 5890, 5900, 5910, 5920, 5930, 
    5940, 5950, 5960, 5970, 5980, 5990, 6000, 6091, 6092, 6093, 6094, 6095, 
    6096, 6097, 6098, 6099, 6100, 6081, 6082, 6083, 6084, 6085, 6086, 6087, 
    6088, 6089, 6090, 6071, 6072, 6073, 6074, 6075, 6076, 6077, 6078, 6079, 
    6080, 6061, 6062, 6063, 6064, 6065, 6066, 6067, 6068, 6069, 6070, 6051, 
    6052, 6053, 6054, 6055, 6056, 6057, 6058, 6059, 6060, 6041, 6042, 6043, 
    6044, 6045, 6046, 6047, 6048, 6049, 6050, 6031, 6032, 6033, 6034, 6035, 
    6036, 6037, 6038, 6039, 6040, 6021, 6022, 6023, 6024, 6025, 6026, 6027, 
    6028, 6029, 6030, 6011, 6012, 6013, 6014, 6015, 6016, 6017, 6018, 6019, 
    6020, 6001, 6002, 6003, 6004, 6005, 6006, 6007, 6008, 6009, 6010, 1091, 
    1092, 1093, 1094, 1095, 1096, 1097, 1098, 1099, 1100, 1081, 1082, 1083, 
    1084, 1085, 1086, 1087, 1088, 1089, 1090, 1071, 1072, 1073, 1074, 1075, 
    1076, 1077, 1078, 1079, 1080, 1061, 1062, 1063, 1064, 1065, 1066, 1067, 
    1068, 1069, 1070, 1051, 1052, 1053, 1054, 1055, 1056, 1057, 1058, 1059, 
    1060, 1041, 1042, 1043, 1044, 1045, 1046, 1047, 1048, 1049, 1050, 1031, 
    1032, 1033, 1034, 1035, 1036, 1037, 1038, 1039, 1040, 1021, 1022, 1023, 
    1024, 1025, 1026, 1027, 1028, 1029, 1030, 1011, 1012, 1013, 1014, 1015, 
    1016, 1017, 1018, 1019, 1020, 1001, 1002, 1003, 1004, 1005, 1006, 1007, 
    1008, 1009, 1010, 2491, 2492, 2493, 2494, 2495, 2496, 2497, 2498, 2499, 
    2500, 2391, 2392, 2393, 2394, 2395, 2396, 2397, 2398, 2399, 2400, 2291, 
    2292, 2293, 2294, 2295, 2296, 2297, 2298, 2299, 2300, 2191, 2192, 2193, 
    2194, 2195, 2196, 2197, 2198, 2199, 2200, 2091, 2092, 2093, 2094, 2095, 
    2096, 2097, 2098, 2099, 2100, 3410, 3310, 3210, 3110, 3010, 2910, 2810, 
    2710, 2610, 2510, 3420, 3320, 3220, 3120, 3020, 2920, 2820, 2720, 2620, 
    2520, 3430, 3330, 3230, 3130, 3030, 2930, 2830, 2730, 2630, 2530, 3440, 
    3340, 3240, 3140, 3040, 2940, 2840, 2740, 2640, 2540, 3450, 3350, 3250, 
    3150, 3050, 2950, 2850, 2750, 2650, 2550, 3460, 3360, 3260, 3160, 3060, 
    2960, 2860, 2760, 2660, 2560, 3470, 3370, 3270, 3170, 3070, 2970, 2870, 
    2770, 2670, 2570, 3480, 3380, 3280, 3180, 3080, 2980, 2880, 2780, 2680, 
    2580, 3490, 3390, 3290, 3190, 3090, 2990, 2890, 2790, 2690, 2590, 3500, 
    3400, 3300, 3200, 3100, 3000, 2900, 2800, 2700, 2600 ;

 side_ss5 = 5, 5, 5, 5, 5, 5, 5, 5, 5, 5, 5, 5, 5, 5, 5, 5, 5, 5, 5, 5, 5, 5, 
    5, 5, 5, 5, 5, 5, 5, 5, 5, 5, 5, 5, 5, 5, 5, 5, 5, 5, 5, 5, 5, 5, 5, 5, 
    5, 5, 5, 5, 5, 5, 5, 5, 5, 5, 5, 5, 5, 5, 5, 5, 5, 5, 5, 5, 5, 5, 5, 5, 
    5, 5, 5, 5, 5, 5, 5, 5, 5, 5, 5, 5, 5, 5, 5, 5, 5, 5, 5, 5, 5, 5, 5, 5, 
    5, 5, 5, 5, 5, 5, 2, 2, 2, 2, 2, 2, 2, 2, 2, 2, 2, 2, 2, 2, 2, 2, 2, 2, 
    2, 2, 2, 2, 2, 2, 2, 2, 2, 2, 2, 2, 2, 2, 2, 2, 2, 2, 2, 2, 2, 2, 2, 2, 
    2, 2, 2, 2, 2, 2, 2, 2, 5, 5, 5, 5, 5, 5, 5, 5, 5, 5, 5, 5, 5, 5, 5, 5, 
    5, 5, 5, 5, 5, 5, 5, 5, 5, 5, 5, 5, 5, 5, 5, 5, 5, 5, 5, 5, 5, 5, 5, 5, 
    5, 5, 5, 5, 5, 5, 5, 5, 5, 5, 5, 5, 5, 5, 5, 5, 5, 5, 5, 5, 5, 5, 5, 5, 
    5, 5, 5, 5, 5, 5, 5, 5, 5, 5, 5, 5, 5, 5, 5, 5, 5, 5, 5, 5, 5, 5, 5, 5, 
    5, 5, 5, 5, 5, 5, 5, 5, 5, 5, 5, 5, 5, 5, 5, 5, 5, 5, 5, 5, 5, 5, 5, 5, 
    5, 5, 5, 5, 5, 5, 5, 5, 5, 5, 5, 5, 5, 5, 5, 5, 5, 5, 5, 5, 5, 5, 5, 5, 
    5, 5, 5, 5, 5, 5, 5, 5, 5, 5, 5, 5, 5, 5, 5, 5, 5, 5, 5, 5, 5, 5, 5, 5, 
    5, 5, 5, 5, 5, 5, 5, 5, 5, 5, 5, 5, 5, 5, 5, 5, 5, 5, 5, 5, 5, 5, 5, 5, 
    5, 5, 5, 5, 5, 5, 5, 5, 5, 5, 5, 5, 5, 5, 5, 5, 3, 3, 3, 3, 3, 3, 3, 3, 
    3, 3, 3, 3, 3, 3, 3, 3, 3, 3, 3, 3, 3, 3, 3, 3, 3, 3, 3, 3, 3, 3, 3, 3, 
    3, 3, 3, 3, 3, 3, 3, 3, 3, 3, 3, 3, 3, 3, 3, 3, 3, 3, 2, 2, 2, 2, 2, 2, 
    2, 2, 2, 2, 2, 2, 2, 2, 2, 2, 2, 2, 2, 2, 2, 2, 2, 2, 2, 2, 2, 2, 2, 2, 
    2, 2, 2, 2, 2, 2, 2, 2, 2, 2, 2, 2, 2, 2, 2, 2, 2, 2, 2, 2, 2, 2, 2, 2, 
    2, 2, 2, 2, 2, 2, 2, 2, 2, 2, 2, 2, 2, 2, 2, 2, 2, 2, 2, 2, 2, 2, 2, 2, 
    2, 2, 2, 2, 2, 2, 2, 2, 2, 2, 2, 2, 2, 2, 2, 2, 2, 2, 2, 2, 2, 2 ;

 dist_fact_ss5 = 1, 1, 1, 1, 1, 1, 1, 1, 1, 1, 1, 1, 1, 1, 1, 1, 1, 1, 1, 1, 
    1, 1, 1, 1, 1, 1, 1, 1, 1, 1, 1, 1, 1, 1, 1, 1, 1, 1, 1, 1, 1, 1, 1, 1, 
    1, 1, 1, 1, 1, 1, 1, 1, 1, 1, 1, 1, 1, 1, 1, 1, 1, 1, 1, 1, 1, 1, 1, 1, 
    1, 1, 1, 1, 1, 1, 1, 1, 1, 1, 1, 1, 1, 1, 1, 1, 1, 1, 1, 1, 1, 1, 1, 1, 
    1, 1, 1, 1, 1, 1, 1, 1, 1, 1, 1, 1, 1, 1, 1, 1, 1, 1, 1, 1, 1, 1, 1, 1, 
    1, 1, 1, 1, 1, 1, 1, 1, 1, 1, 1, 1, 1, 1, 1, 1, 1, 1, 1, 1, 1, 1, 1, 1, 
    1, 1, 1, 1, 1, 1, 1, 1, 1, 1, 1, 1, 1, 1, 1, 1, 1, 1, 1, 1, 1, 1, 1, 1, 
    1, 1, 1, 1, 1, 1, 1, 1, 1, 1, 1, 1, 1, 1, 1, 1, 1, 1, 1, 1, 1, 1, 1, 1, 
    1, 1, 1, 1, 1, 1, 1, 1, 1, 1, 1, 1, 1, 1, 1, 1, 1, 1, 1, 1, 1, 1, 1, 1, 
    1, 1, 1, 1, 1, 1, 1, 1, 1, 1, 1, 1, 1, 1, 1, 1, 1, 1, 1, 1, 1, 1, 1, 1, 
    1, 1, 1, 1, 1, 1, 1, 1, 1, 1, 1, 1, 1, 1, 1, 1, 1, 1, 1, 1, 1, 1, 1, 1, 
    1, 1, 1, 1, 1, 1, 1, 1, 1, 1, 1, 1, 1, 1, 1, 1, 1, 1, 1, 1, 1, 1, 1, 1, 
    1, 1, 1, 1, 1, 1, 1, 1, 1, 1, 1, 1, 1, 1, 1, 1, 1, 1, 1, 1, 1, 1, 1, 1, 
    1, 1, 1, 1, 1, 1, 1, 1, 1, 1, 1, 1, 1, 1, 1, 1, 1, 1, 1, 1, 1, 1, 1, 1, 
    1, 1, 1, 1, 1, 1, 1, 1, 1, 1, 1, 1, 1, 1, 1, 1, 1, 1, 1, 1, 1, 1, 1, 1, 
    1, 1, 1, 1, 1, 1, 1, 1, 1, 1, 1, 1, 1, 1, 1, 1, 1, 1, 1, 1, 1, 1, 1, 1, 
    1, 1, 1, 1, 1, 1, 1, 1, 1, 1, 1, 1, 1, 1, 1, 1, 1, 1, 1, 1, 1, 1, 1, 1, 
    1, 1, 1, 1, 1, 1, 1, 1, 1, 1, 1, 1, 1, 1, 1, 1, 1, 1, 1, 1, 1, 1, 1, 1, 
    1, 1, 1, 1, 1, 1, 1, 1, 1, 1, 1, 1, 1, 1, 1, 1, 1, 1, 1, 1, 1, 1, 1, 1, 
    1, 1, 1, 1, 1, 1, 1, 1, 1, 1, 1, 1, 1, 1, 1, 1, 1, 1, 1, 1, 1, 1, 1, 1, 
    1, 1, 1, 1, 1, 1, 1, 1, 1, 1, 1, 1, 1, 1, 1, 1, 1, 1, 1, 1, 1, 1, 1, 1, 
    1, 1, 1, 1, 1, 1, 1, 1, 1, 1, 1, 1, 1, 1, 1, 1, 1, 1, 1, 1, 1, 1, 1, 1, 
    1, 1, 1, 1, 1, 1, 1, 1, 1, 1, 1, 1, 1, 1, 1, 1, 1, 1, 1, 1, 1, 1, 1, 1, 
    1, 1, 1, 1, 1, 1, 1, 1, 1, 1, 1, 1, 1, 1, 1, 1, 1, 1, 1, 1, 1, 1, 1, 1, 
    1, 1, 1, 1, 1, 1, 1, 1, 1, 1, 1, 1, 1, 1, 1, 1, 1, 1, 1, 1, 1, 1, 1, 1, 
    1, 1, 1, 1, 1, 1, 1, 1, 1, 1, 1, 1, 1, 1, 1, 1, 1, 1, 1, 1, 1, 1, 1, 1, 
    1, 1, 1, 1, 1, 1, 1, 1, 1, 1, 1, 1, 1, 1, 1, 1, 1, 1, 1, 1, 1, 1, 1, 1, 
    1, 1, 1, 1, 1, 1, 1, 1, 1, 1, 1, 1, 1, 1, 1, 1, 1, 1, 1, 1, 1, 1, 1, 1, 
    1, 1, 1, 1, 1, 1, 1, 1, 1, 1, 1, 1, 1, 1, 1, 1, 1, 1, 1, 1, 1, 1, 1, 1, 
    1, 1, 1, 1, 1, 1, 1, 1, 1, 1, 1, 1, 1, 1, 1, 1, 1, 1, 1, 1, 1, 1, 1, 1, 
    1, 1, 1, 1, 1, 1, 1, 1, 1, 1, 1, 1, 1, 1, 1, 1, 1, 1, 1, 1, 1, 1, 1, 1, 
    1, 1, 1, 1, 1, 1, 1, 1, 1, 1, 1, 1, 1, 1, 1, 1, 1, 1, 1, 1, 1, 1, 1, 1, 
    1, 1, 1, 1, 1, 1, 1, 1, 1, 1, 1, 1, 1, 1, 1, 1, 1, 1, 1, 1, 1, 1, 1, 1, 
    1, 1, 1, 1, 1, 1, 1, 1, 1, 1, 1, 1, 1, 1, 1, 1, 1, 1, 1, 1, 1, 1, 1, 1, 
    1, 1, 1, 1, 1, 1, 1, 1, 1, 1, 1, 1, 1, 1, 1, 1, 1, 1, 1, 1, 1, 1, 1, 1, 
    1, 1, 1, 1, 1, 1, 1, 1, 1, 1, 1, 1, 1, 1, 1, 1, 1, 1, 1, 1, 1, 1, 1, 1, 
    1, 1, 1, 1, 1, 1, 1, 1, 1, 1, 1, 1, 1, 1, 1, 1, 1, 1, 1, 1, 1, 1, 1, 1, 
    1, 1, 1, 1, 1, 1, 1, 1, 1, 1, 1, 1, 1, 1, 1, 1, 1, 1, 1, 1, 1, 1, 1, 1, 
    1, 1, 1, 1, 1, 1, 1, 1, 1, 1, 1, 1, 1, 1, 1, 1, 1, 1, 1, 1, 1, 1, 1, 1, 
    1, 1, 1, 1, 1, 1, 1, 1, 1, 1, 1, 1, 1, 1, 1, 1, 1, 1, 1, 1, 1, 1, 1, 1, 
    1, 1, 1, 1, 1, 1, 1, 1, 1, 1, 1, 1, 1, 1, 1, 1, 1, 1, 1, 1, 1, 1, 1, 1, 
    1, 1, 1, 1, 1, 1, 1, 1, 1, 1, 1, 1, 1, 1, 1, 1, 1, 1, 1, 1, 1, 1, 1, 1, 
    1, 1, 1, 1, 1, 1, 1, 1, 1, 1, 1, 1, 1, 1, 1, 1, 1, 1, 1, 1, 1, 1, 1, 1, 
    1, 1, 1, 1, 1, 1, 1, 1, 1, 1, 1, 1, 1, 1, 1, 1, 1, 1, 1, 1, 1, 1, 1, 1, 
    1, 1, 1, 1, 1, 1, 1, 1, 1, 1, 1, 1, 1, 1, 1, 1, 1, 1, 1, 1, 1, 1, 1, 1, 
    1, 1, 1, 1, 1, 1, 1, 1, 1, 1, 1, 1, 1, 1, 1, 1, 1, 1, 1, 1, 1, 1, 1, 1, 
    1, 1, 1, 1, 1, 1, 1, 1, 1, 1, 1, 1, 1, 1, 1, 1, 1, 1, 1, 1, 1, 1, 1, 1, 
    1, 1, 1, 1, 1, 1, 1, 1, 1, 1, 1, 1, 1, 1, 1, 1, 1, 1, 1, 1, 1, 1, 1, 1, 
    1, 1, 1, 1, 1, 1, 1, 1, 1, 1, 1, 1, 1, 1, 1, 1, 1, 1, 1, 1, 1, 1, 1, 1, 
    1, 1, 1, 1, 1, 1, 1, 1, 1, 1, 1, 1, 1, 1, 1, 1, 1, 1, 1, 1, 1, 1, 1, 1, 
    1, 1, 1, 1, 1, 1, 1, 1, 1, 1, 1, 1, 1, 1, 1, 1, 1, 1, 1, 1, 1, 1, 1, 1, 
    1, 1, 1, 1, 1, 1, 1, 1, 1, 1, 1, 1, 1, 1, 1, 1, 1, 1, 1, 1, 1, 1, 1, 1, 
    1, 1, 1, 1, 1, 1, 1, 1, 1, 1, 1, 1, 1, 1, 1, 1, 1, 1, 1, 1, 1, 1, 1, 1, 
    1, 1, 1, 1, 1, 1, 1, 1, 1, 1, 1, 1, 1, 1, 1, 1, 1, 1, 1, 1, 1, 1, 1, 1, 
    1, 1, 1, 1, 1, 1, 1, 1, 1, 1, 1, 1, 1, 1, 1, 1, 1, 1, 1, 1, 1, 1, 1, 1, 
    1, 1, 1, 1, 1, 1, 1, 1, 1, 1, 1, 1, 1, 1, 1, 1, 1, 1, 1, 1, 1, 1, 1, 1, 
    1, 1, 1, 1, 1, 1, 1, 1, 1, 1, 1, 1, 1, 1, 1, 1, 1, 1, 1, 1, 1, 1, 1, 1, 
    1, 1, 1, 1, 1, 1, 1, 1, 1, 1, 1, 1, 1, 1, 1, 1, 1, 1, 1, 1, 1, 1, 1, 1, 
    1, 1, 1, 1, 1, 1, 1, 1, 1, 1, 1, 1, 1, 1, 1, 1, 1, 1, 1, 1, 1, 1, 1, 1, 
    1, 1, 1, 1, 1, 1, 1, 1, 1, 1, 1, 1, 1, 1, 1, 1, 1, 1, 1, 1, 1, 1, 1, 1, 
    1, 1, 1, 1, 1, 1, 1, 1, 1, 1, 1, 1, 1, 1, 1, 1, 1, 1, 1, 1, 1, 1, 1, 1, 
    1, 1, 1, 1, 1, 1, 1, 1, 1, 1, 1, 1, 1, 1, 1, 1, 1, 1, 1, 1, 1, 1, 1, 1, 
    1, 1, 1, 1, 1, 1, 1, 1, 1, 1, 1, 1, 1, 1, 1, 1, 1, 1, 1, 1, 1, 1, 1, 1, 
    1, 1, 1, 1, 1, 1, 1, 1, 1, 1, 1, 1, 1, 1, 1, 1, 1, 1, 1, 1, 1, 1, 1, 1, 
    1, 1, 1, 1, 1, 1, 1, 1, 1, 1, 1, 1, 1, 1, 1, 1, 1, 1, 1, 1, 1, 1, 1, 1, 
    1, 1, 1, 1, 1, 1, 1, 1, 1, 1, 1, 1, 1, 1, 1, 1, 1, 1, 1, 1, 1, 1, 1, 1, 
    1, 1, 1, 1, 1, 1, 1, 1, 1, 1, 1, 1, 1, 1, 1, 1, 1, 1, 1, 1, 1, 1, 1, 1, 
    1, 1, 1, 1, 1, 1, 1, 1, 1, 1, 1, 1, 1, 1, 1, 1, 1, 1, 1, 1, 1, 1, 1, 1, 
    1, 1, 1, 1, 1, 1, 1, 1, 1, 1, 1, 1, 1, 1, 1, 1, 1, 1, 1, 1, 1, 1, 1, 1, 
    1, 1, 1, 1, 1, 1, 1, 1, 1, 1, 1, 1, 1, 1, 1, 1, 1, 1, 1, 1, 1, 1, 1, 1, 
    1, 1, 1, 1, 1, 1, 1, 1, 1, 1, 1, 1, 1, 1, 1, 1, 1, 1, 1, 1, 1, 1, 1, 1, 
    1, 1, 1, 1, 1, 1, 1, 1, 1, 1, 1, 1, 1, 1, 1, 1, 1, 1, 1, 1, 1, 1, 1, 1, 
    1, 1, 1, 1, 1, 1, 1, 1, 1, 1, 1, 1, 1, 1, 1, 1, 1, 1, 1, 1, 1, 1, 1, 1, 
    1, 1, 1, 1, 1, 1, 1, 1, 1, 1, 1, 1, 1, 1, 1, 1, 1, 1, 1, 1, 1, 1, 1, 1, 
    1, 1, 1, 1, 1, 1, 1, 1, 1, 1, 1, 1, 1, 1, 1, 1, 1, 1, 1, 1, 1, 1, 1, 1, 
    1, 1, 1, 1, 1, 1, 1, 1, 1, 1, 1, 1, 1, 1, 1, 1, 1, 1, 1, 1, 1, 1, 1, 1, 
    1, 1, 1, 1, 1, 1, 1, 1, 1, 1, 1, 1, 1, 1, 1, 1, 1, 1, 1, 1, 1, 1, 1, 1, 
    1, 1, 1, 1, 1, 1, 1, 1, 1, 1, 1, 1, 1, 1, 1, 1, 1, 1, 1, 1, 1, 1, 1, 1, 
    1, 1, 1, 1, 1, 1, 1, 1, 1, 1, 1, 1, 1, 1, 1, 1, 1, 1, 1, 1, 1, 1, 1, 1, 
    1, 1, 1, 1, 1, 1, 1, 1, 1, 1, 1, 1, 1, 1, 1, 1, 1, 1, 1, 1, 1, 1, 1, 1, 
    1, 1, 1, 1, 1, 1, 1, 1, 1, 1, 1, 1, 1, 1, 1, 1, 1, 1, 1, 1, 1, 1, 1, 1, 
    1, 1, 1, 1, 1, 1, 1, 1, 1, 1, 1, 1, 1, 1, 1, 1, 1, 1, 1, 1, 1, 1, 1, 1, 
    1, 1, 1, 1, 1, 1, 1, 1, 1, 1, 1, 1, 1, 1, 1, 1, 1, 1, 1, 1, 1, 1, 1, 1, 
    1, 1, 1, 1, 1, 1, 1, 1, 1, 1, 1, 1 ;

 elem_ss6 = 4051, 4052, 4053, 4081, 4082, 4083, 4111, 4112, 4113, 4141, 4142, 
    4143, 4171, 4172, 4173 ;

 side_ss6 = 1, 1, 1, 1, 1, 1, 1, 1, 1, 1, 1, 1, 1, 1, 1 ;

 dist_fact_ss6 = 1, 1, 1, 1, 1, 1, 1, 1, 1, 1, 1, 1, 1, 1, 1, 1, 1, 1, 1, 1, 
    1, 1, 1, 1, 1, 1, 1, 1, 1, 1, 1, 1, 1, 1, 1, 1, 1, 1, 1, 1, 1, 1, 1, 1, 
    1, 1, 1, 1, 1, 1, 1, 1, 1, 1, 1, 1, 1, 1, 1, 1 ;

 elem_ss7 = 578, 579, 580, 608, 609, 610, 638, 639, 640, 668, 669, 670, 698, 
    699, 700 ;

 side_ss7 = 3, 3, 3, 3, 3, 3, 3, 3, 3, 3, 3, 3, 3, 3, 3 ;

 dist_fact_ss7 = 1, 1, 1, 1, 1, 1, 1, 1, 1, 1, 1, 1, 1, 1, 1, 1, 1, 1, 1, 1, 
    1, 1, 1, 1, 1, 1, 1, 1, 1, 1, 1, 1, 1, 1, 1, 1, 1, 1, 1, 1, 1, 1, 1, 1, 
    1, 1, 1, 1, 1, 1, 1, 1, 1, 1, 1, 1, 1, 1, 1, 1 ;

 elem_ss8 = 3651, 3652, 3653, 3654, 3655, 3656, 3657, 3658, 3659, 3660, 241, 
    242, 243, 244, 245, 246, 247, 248, 249, 250, 4500, 4490, 4480, 4470, 
    4460, 4450, 4440, 4430, 4420, 4410, 4400, 4390, 4380, 4370, 4360, 4350, 
    4340, 4330, 4320, 4310, 4300, 4290, 4280, 4270, 4260, 4250, 4240, 4230, 
    4220, 4210, 728, 758, 788, 818, 848, 878, 908, 938, 968, 998, 729, 759, 
    789, 819, 849, 879, 909, 939, 969, 999, 730, 760, 790, 820, 850, 880, 
    910, 940, 970, 1000, 6910, 6909, 6908, 6907, 6906, 6905, 6904, 6903, 
    6902, 6901, 6810, 6809, 6808, 6807, 6806, 6805, 6804, 6803, 6802, 6801, 
    6710, 6709, 6708, 6707, 6706, 6705, 6704, 6703, 6702, 6701, 6610, 6609, 
    6608, 6607, 6606, 6605, 6604, 6603, 6602, 6601, 6510, 6509, 6508, 6507, 
    6506, 6505, 6504, 6503, 6502, 6501, 6410, 6409, 6408, 6407, 6406, 6405, 
    6404, 6403, 6402, 6401, 6310, 6309, 6308, 6307, 6306, 6305, 6304, 6303, 
    6302, 6301, 6210, 6209, 6208, 6207, 6206, 6205, 6204, 6203, 6202, 6201, 
    6110, 6109, 6108, 6107, 6106, 6105, 6104, 6103, 6102, 6101, 6010, 6009, 
    6008, 6007, 6006, 6005, 6004, 6003, 6002, 6001, 2591, 2691, 2791, 2891, 
    2991, 3091, 3191, 3291, 3391, 3491, 2592, 2692, 2792, 2892, 2992, 3092, 
    3192, 3292, 3392, 3492, 2593, 2693, 2793, 2893, 2993, 3093, 3193, 3293, 
    3393, 3493, 2594, 2694, 2794, 2894, 2994, 3094, 3194, 3294, 3394, 3494, 
    2595, 2695, 2795, 2895, 2995, 3095, 3195, 3295, 3395, 3495, 2596, 2696, 
    2796, 2896, 2996, 3096, 3196, 3296, 3396, 3496, 2597, 2697, 2797, 2897, 
    2997, 3097, 3197, 3297, 3397, 3497, 2598, 2698, 2798, 2898, 2998, 3098, 
    3198, 3298, 3398, 3498, 2599, 2699, 2799, 2899, 2999, 3099, 3199, 3299, 
    3399, 3499, 2600, 2700, 2800, 2900, 3000, 3100, 3200, 3300, 3400, 3500, 
    250, 240, 230, 220, 210, 200, 190, 180, 170, 160, 105, 104, 103, 102, 
    101, 91, 81, 71, 61, 51, 41, 31, 21, 11, 1, 701, 704, 707, 710, 713, 716, 
    719, 722, 725, 728, 702, 705, 708, 711, 714, 717, 720, 723, 726, 729, 
    703, 706, 709, 712, 715, 718, 721, 724, 727, 730, 671, 641, 611, 581, 
    551, 672, 642, 612, 582, 552, 673, 643, 613, 583, 553, 460, 459, 458, 
    457, 456, 455, 454, 453, 452, 451, 360, 359, 358, 357, 356, 355, 354, 
    353, 352, 351, 260, 259, 258, 257, 256, 255, 254, 253, 252, 251, 2501, 
    2511, 2521, 2531, 2541, 2551, 2561, 2571, 2581, 2591, 2502, 2512, 2522, 
    2532, 2542, 2552, 2562, 2572, 2582, 2592, 2503, 2513, 2523, 2533, 2543, 
    2553, 2563, 2573, 2583, 2593, 2504, 2514, 2524, 2534, 2544, 2554, 2564, 
    2574, 2584, 2594, 2505, 2515, 2525, 2535, 2545, 2555, 2565, 2575, 2585, 
    2595, 2506, 2516, 2526, 2536, 2546, 2556, 2566, 2576, 2586, 2596, 2507, 
    2517, 2527, 2537, 2547, 2557, 2567, 2577, 2587, 2597, 2508, 2518, 2528, 
    2538, 2548, 2558, 2568, 2578, 2588, 2598, 2509, 2519, 2529, 2539, 2549, 
    2559, 2569, 2579, 2589, 2599, 2510, 2520, 2530, 2540, 2550, 2560, 2570, 
    2580, 2590, 2600, 2410, 2310, 2210, 2110, 2010, 2420, 2320, 2220, 2120, 
    2020, 2430, 2330, 2230, 2130, 2030, 2440, 2340, 2240, 2140, 2040, 2450, 
    2350, 2250, 2150, 2050, 2460, 2360, 2260, 2160, 2060, 2470, 2370, 2270, 
    2170, 2070, 2480, 2380, 2280, 2180, 2080, 2490, 2390, 2290, 2190, 2090, 
    2500, 2400, 2300, 2200, 2100, 1901, 1911, 1921, 1931, 1941, 1951, 1961, 
    1971, 1981, 1991, 1801, 1811, 1821, 1831, 1841, 1851, 1861, 1871, 1881, 
    1891, 1701, 1711, 1721, 1731, 1741, 1751, 1761, 1771, 1781, 1791, 1601, 
    1611, 1621, 1631, 1641, 1651, 1661, 1671, 1681, 1691, 1501, 1511, 1521, 
    1531, 1541, 1551, 1561, 1571, 1581, 1591, 1401, 1411, 1421, 1431, 1441, 
    1451, 1461, 1471, 1481, 1491, 1301, 1311, 1321, 1331, 1341, 1351, 1361, 
    1371, 1381, 1391, 1201, 1211, 1221, 1231, 1241, 1251, 1261, 1271, 1281, 
    1291, 1101, 1111, 1121, 1131, 1141, 1151, 1161, 1171, 1181, 1191, 1001, 
    1011, 1021, 1031, 1041, 1051, 1061, 1071, 1081, 1091, 1, 2, 3, 4, 5, 6, 
    7, 8, 9, 10, 3501, 3502, 3503, 3504, 3505, 3506, 3507, 3508, 3509, 3510, 
    550, 540, 530, 520, 510, 500, 490, 480, 470, 460, 450, 440, 430, 420, 
    410, 400, 390, 380, 370, 360, 350, 340, 330, 320, 310, 300, 290, 280, 
    270, 260, 4050, 4040, 4030, 4020, 4010, 4000, 3990, 3980, 3970, 3960, 
    3950, 3940, 3930, 3920, 3910, 3900, 3890, 3880, 3870, 3860, 3850, 3840, 
    3830, 3820, 3810, 3800, 3790, 3780, 3770, 3760, 1910, 1909, 1908, 1907, 
    1906, 1905, 1904, 1903, 1902, 1901, 1810, 1809, 1808, 1807, 1806, 1805, 
    1804, 1803, 1802, 1801, 1710, 1709, 1708, 1707, 1706, 1705, 1704, 1703, 
    1702, 1701, 1610, 1609, 1608, 1607, 1606, 1605, 1604, 1603, 1602, 1601, 
    1510, 1509, 1508, 1507, 1506, 1505, 1504, 1503, 1502, 1501, 1410, 1409, 
    1408, 1407, 1406, 1405, 1404, 1403, 1402, 1401, 1310, 1309, 1308, 1307, 
    1306, 1305, 1304, 1303, 1302, 1301, 1210, 1209, 1208, 1207, 1206, 1205, 
    1204, 1203, 1202, 1201, 1110, 1109, 1108, 1107, 1106, 1105, 1104, 1103, 
    1102, 1101, 1010, 1009, 1008, 1007, 1006, 1005, 1004, 1003, 1002, 1001, 
    5410, 5409, 5408, 5407, 5406, 5405, 5404, 5403, 5402, 5401, 5310, 5309, 
    5308, 5307, 5306, 5305, 5304, 5303, 5302, 5301, 5210, 5209, 5208, 5207, 
    5206, 5205, 5204, 5203, 5202, 5201, 5110, 5109, 5108, 5107, 5106, 5105, 
    5104, 5103, 5102, 5101, 5010, 5009, 5008, 5007, 5006, 5005, 5004, 5003, 
    5002, 5001, 4910, 4909, 4908, 4907, 4906, 4905, 4904, 4903, 4902, 4901, 
    4810, 4809, 4808, 4807, 4806, 4805, 4804, 4803, 4802, 4801, 4710, 4709, 
    4708, 4707, 4706, 4705, 4704, 4703, 4702, 4701, 4610, 4609, 4608, 4607, 
    4606, 4605, 4604, 4603, 4602, 4601, 4510, 4509, 4508, 4507, 4506, 4505, 
    4504, 4503, 4502, 4501, 3510, 3520, 3530, 3540, 3550, 3560, 3570, 3580, 
    3590, 3600, 3646, 3647, 3648, 3649, 3650, 3741, 3731, 3721, 3711, 3701, 
    3691, 3681, 3671, 3661, 3651, 4041, 4042, 4043, 4044, 4045, 4046, 4047, 
    4048, 4049, 4050, 3941, 3942, 3943, 3944, 3945, 3946, 3947, 3948, 3949, 
    3950, 3841, 3842, 3843, 3844, 3845, 3846, 3847, 3848, 3849, 3850, 4078, 
    4108, 4138, 4168, 4198, 4079, 4109, 4139, 4169, 4199, 4080, 4110, 4140, 
    4170, 4200, 4410, 4409, 4408, 4407, 4406, 4405, 4404, 4403, 4402, 4401, 
    4310, 4309, 4308, 4307, 4306, 4305, 4304, 4303, 4302, 4301, 4210, 4209, 
    4208, 4207, 4206, 4205, 4204, 4203, 4202, 4201, 5500, 5490, 5480, 5470, 
    5460, 5450, 5440, 5430, 5420, 5410, 5400, 5390, 5380, 5370, 5360, 5350, 
    5340, 5330, 5320, 5310, 5300, 5290, 5280, 5270, 5260, 5250, 5240, 5230, 
    5220, 5210, 5200, 5190, 5180, 5170, 5160, 5150, 5140, 5130, 5120, 5110, 
    5100, 5090, 5080, 5070, 5060, 5050, 5040, 5030, 5020, 5010, 5000, 4990, 
    4980, 4970, 4960, 4950, 4940, 4930, 4920, 4910, 4900, 4890, 4880, 4870, 
    4860, 4850, 4840, 4830, 4820, 4810, 4800, 4790, 4780, 4770, 4760, 4750, 
    4740, 4730, 4720, 4710, 4700, 4690, 4680, 4670, 4660, 4650, 4640, 4630, 
    4620, 4610, 4600, 4590, 4580, 4570, 4560, 4550, 4540, 4530, 4520, 4510, 
    5901, 5801, 5701, 5601, 5501, 5902, 5802, 5702, 5602, 5502, 5903, 5803, 
    5703, 5603, 5503, 5904, 5804, 5704, 5604, 5504, 5905, 5805, 5705, 5605, 
    5505, 5906, 5806, 5706, 5606, 5506, 5907, 5807, 5707, 5607, 5507, 5908, 
    5808, 5708, 5608, 5508, 5909, 5809, 5709, 5609, 5509, 5910, 5810, 5710, 
    5610, 5510, 6901, 6911, 6921, 6931, 6941, 6951, 6961, 6971, 6981, 6991, 
    6801, 6811, 6821, 6831, 6841, 6851, 6861, 6871, 6881, 6891, 6701, 6711, 
    6721, 6731, 6741, 6751, 6761, 6771, 6781, 6791, 6601, 6611, 6621, 6631, 
    6641, 6651, 6661, 6671, 6681, 6691, 6501, 6511, 6521, 6531, 6541, 6551, 
    6561, 6571, 6581, 6591, 6401, 6411, 6421, 6431, 6441, 6451, 6461, 6471, 
    6481, 6491, 6301, 6311, 6321, 6331, 6341, 6351, 6361, 6371, 6381, 6391, 
    6201, 6211, 6221, 6231, 6241, 6251, 6261, 6271, 6281, 6291, 6101, 6111, 
    6121, 6131, 6141, 6151, 6161, 6171, 6181, 6191, 6001, 6011, 6021, 6031, 
    6041, 6051, 6061, 6071, 6081, 6091, 4591, 4592, 4593, 4594, 4595, 4596, 
    4597, 4598, 4599, 4600, 4581, 4582, 4583, 4584, 4585, 4586, 4587, 4588, 
    4589, 4590, 4571, 4572, 4573, 4574, 4575, 4576, 4577, 4578, 4579, 4580, 
    4561, 4562, 4563, 4564, 4565, 4566, 4567, 4568, 4569, 4570, 4551, 4552, 
    4553, 4554, 4555, 4556, 4557, 4558, 4559, 4560, 4541, 4542, 4543, 4544, 
    4545, 4546, 4547, 4548, 4549, 4550, 4531, 4532, 4533, 4534, 4535, 4536, 
    4537, 4538, 4539, 4540, 4521, 4522, 4523, 4524, 4525, 4526, 4527, 4528, 
    4529, 4530, 4511, 4512, 4513, 4514, 4515, 4516, 4517, 4518, 4519, 4520, 
    4501, 4502, 4503, 4504, 4505, 4506, 4507, 4508, 4509, 4510, 5510, 5520, 
    5530, 5540, 5550, 5560, 5570, 5580, 5590, 5600, 5610, 5620, 5630, 5640, 
    5650, 5660, 5670, 5680, 5690, 5700, 5710, 5720, 5730, 5740, 5750, 5760, 
    5770, 5780, 5790, 5800, 5810, 5820, 5830, 5840, 5850, 5860, 5870, 5880, 
    5890, 5900, 5910, 5920, 5930, 5940, 5950, 5960, 5970, 5980, 5990, 6000, 
    6091, 6092, 6093, 6094, 6095, 6096, 6097, 6098, 6099, 6100, 6081, 6082, 
    6083, 6084, 6085, 6086, 6087, 6088, 6089, 6090, 6071, 6072, 6073, 6074, 
    6075, 6076, 6077, 6078, 6079, 6080, 6061, 6062, 6063, 6064, 6065, 6066, 
    6067, 6068, 6069, 6070, 6051, 6052, 6053, 6054, 6055, 6056, 6057, 6058, 
    6059, 6060, 6041, 6042, 6043, 6044, 6045, 6046, 6047, 6048, 6049, 6050, 
    6031, 6032, 6033, 6034, 6035, 6036, 6037, 6038, 6039, 6040, 6021, 6022, 
    6023, 6024, 6025, 6026, 6027, 6028, 6029, 6030, 6011, 6012, 6013, 6014, 
    6015, 6016, 6017, 6018, 6019, 6020, 6001, 6002, 6003, 6004, 6005, 6006, 
    6007, 6008, 6009, 6010, 1091, 1092, 1093, 1094, 1095, 1096, 1097, 1098, 
    1099, 1100, 1081, 1082, 1083, 1084, 1085, 1086, 1087, 1088, 1089, 1090, 
    1071, 1072, 1073, 1074, 1075, 1076, 1077, 1078, 1079, 1080, 1061, 1062, 
    1063, 1064, 1065, 1066, 1067, 1068, 1069, 1070, 1051, 1052, 1053, 1054, 
    1055, 1056, 1057, 1058, 1059, 1060, 1041, 1042, 1043, 1044, 1045, 1046, 
    1047, 1048, 1049, 1050, 1031, 1032, 1033, 1034, 1035, 1036, 1037, 1038, 
    1039, 1040, 1021, 1022, 1023, 1024, 1025, 1026, 1027, 1028, 1029, 1030, 
    1011, 1012, 1013, 1014, 1015, 1016, 1017, 1018, 1019, 1020, 1001, 1002, 
    1003, 1004, 1005, 1006, 1007, 1008, 1009, 1010, 2491, 2492, 2493, 2494, 
    2495, 2496, 2497, 2498, 2499, 2500, 2391, 2392, 2393, 2394, 2395, 2396, 
    2397, 2398, 2399, 2400, 2291, 2292, 2293, 2294, 2295, 2296, 2297, 2298, 
    2299, 2300, 2191, 2192, 2193, 2194, 2195, 2196, 2197, 2198, 2199, 2200, 
    2091, 2092, 2093, 2094, 2095, 2096, 2097, 2098, 2099, 2100, 3410, 3310, 
    3210, 3110, 3010, 2910, 2810, 2710, 2610, 2510, 3420, 3320, 3220, 3120, 
    3020, 2920, 2820, 2720, 2620, 2520, 3430, 3330, 3230, 3130, 3030, 2930, 
    2830, 2730, 2630, 2530, 3440, 3340, 3240, 3140, 3040, 2940, 2840, 2740, 
    2640, 2540, 3450, 3350, 3250, 3150, 3050, 2950, 2850, 2750, 2650, 2550, 
    3460, 3360, 3260, 3160, 3060, 2960, 2860, 2760, 2660, 2560, 3470, 3370, 
    3270, 3170, 3070, 2970, 2870, 2770, 2670, 2570, 3480, 3380, 3280, 3180, 
    3080, 2980, 2880, 2780, 2680, 2580, 3490, 3390, 3290, 3190, 3090, 2990, 
    2890, 2790, 2690, 2590, 3500, 3400, 3300, 3200, 3100, 3000, 2900, 2800, 
    2700, 2600 ;

 side_ss8 = 5, 5, 5, 5, 5, 5, 5, 5, 5, 5, 3, 3, 3, 3, 3, 3, 3, 3, 3, 3, 2, 2, 
    2, 2, 2, 2, 2, 2, 2, 2, 2, 2, 2, 2, 2, 2, 2, 2, 2, 2, 2, 2, 2, 2, 2, 2, 
    2, 2, 2, 2, 3, 3, 3, 3, 3, 3, 3, 3, 3, 3, 3, 3, 3, 3, 3, 3, 3, 3, 3, 3, 
    3, 3, 3, 3, 3, 3, 3, 3, 3, 3, 1, 1, 1, 1, 1, 1, 1, 1, 1, 1, 1, 1, 1, 1, 
    1, 1, 1, 1, 1, 1, 1, 1, 1, 1, 1, 1, 1, 1, 1, 1, 1, 1, 1, 1, 1, 1, 1, 1, 
    1, 1, 1, 1, 1, 1, 1, 1, 1, 1, 1, 1, 1, 1, 1, 1, 1, 1, 1, 1, 1, 1, 1, 1, 
    1, 1, 1, 1, 1, 1, 1, 1, 1, 1, 1, 1, 1, 1, 1, 1, 1, 1, 1, 1, 1, 1, 1, 1, 
    1, 1, 1, 1, 1, 1, 1, 1, 1, 1, 1, 1, 1, 1, 3, 3, 3, 3, 3, 3, 3, 3, 3, 3, 
    3, 3, 3, 3, 3, 3, 3, 3, 3, 3, 3, 3, 3, 3, 3, 3, 3, 3, 3, 3, 3, 3, 3, 3, 
    3, 3, 3, 3, 3, 3, 3, 3, 3, 3, 3, 3, 3, 3, 3, 3, 3, 3, 3, 3, 3, 3, 3, 3, 
    3, 3, 3, 3, 3, 3, 3, 3, 3, 3, 3, 3, 3, 3, 3, 3, 3, 3, 3, 3, 3, 3, 3, 3, 
    3, 3, 3, 3, 3, 3, 3, 3, 3, 3, 3, 3, 3, 3, 3, 3, 3, 3, 2, 2, 2, 2, 2, 2, 
    2, 2, 2, 2, 1, 1, 1, 1, 1, 1, 1, 1, 1, 1, 1, 1, 1, 1, 1, 5, 5, 5, 5, 5, 
    5, 5, 5, 5, 5, 5, 5, 5, 5, 5, 5, 5, 5, 5, 5, 5, 5, 5, 5, 5, 5, 5, 5, 5, 
    5, 1, 1, 1, 1, 1, 1, 1, 1, 1, 1, 1, 1, 1, 1, 1, 1, 1, 1, 1, 1, 1, 1, 1, 
    1, 1, 1, 1, 1, 1, 1, 1, 1, 1, 1, 1, 1, 1, 1, 1, 1, 1, 1, 1, 1, 1, 5, 5, 
    5, 5, 5, 5, 5, 5, 5, 5, 5, 5, 5, 5, 5, 5, 5, 5, 5, 5, 5, 5, 5, 5, 5, 5, 
    5, 5, 5, 5, 5, 5, 5, 5, 5, 5, 5, 5, 5, 5, 5, 5, 5, 5, 5, 5, 5, 5, 5, 5, 
    5, 5, 5, 5, 5, 5, 5, 5, 5, 5, 5, 5, 5, 5, 5, 5, 5, 5, 5, 5, 5, 5, 5, 5, 
    5, 5, 5, 5, 5, 5, 5, 5, 5, 5, 5, 5, 5, 5, 5, 5, 5, 5, 5, 5, 5, 5, 5, 5, 
    5, 5, 2, 2, 2, 2, 2, 2, 2, 2, 2, 2, 2, 2, 2, 2, 2, 2, 2, 2, 2, 2, 2, 2, 
    2, 2, 2, 2, 2, 2, 2, 2, 2, 2, 2, 2, 2, 2, 2, 2, 2, 2, 2, 2, 2, 2, 2, 2, 
    2, 2, 2, 2, 4, 4, 4, 4, 4, 4, 4, 4, 4, 4, 4, 4, 4, 4, 4, 4, 4, 4, 4, 4, 
    4, 4, 4, 4, 4, 4, 4, 4, 4, 4, 4, 4, 4, 4, 4, 4, 4, 4, 4, 4, 4, 4, 4, 4, 
    4, 4, 4, 4, 4, 4, 4, 4, 4, 4, 4, 4, 4, 4, 4, 4, 4, 4, 4, 4, 4, 4, 4, 4, 
    4, 4, 4, 4, 4, 4, 4, 4, 4, 4, 4, 4, 4, 4, 4, 4, 4, 4, 4, 4, 4, 4, 4, 4, 
    4, 4, 4, 4, 4, 4, 4, 4, 5, 5, 5, 5, 5, 5, 5, 5, 5, 5, 5, 5, 5, 5, 5, 5, 
    5, 5, 5, 5, 2, 2, 2, 2, 2, 2, 2, 2, 2, 2, 2, 2, 2, 2, 2, 2, 2, 2, 2, 2, 
    2, 2, 2, 2, 2, 2, 2, 2, 2, 2, 2, 2, 2, 2, 2, 2, 2, 2, 2, 2, 2, 2, 2, 2, 
    2, 2, 2, 2, 2, 2, 2, 2, 2, 2, 2, 2, 2, 2, 2, 2, 1, 1, 1, 1, 1, 1, 1, 1, 
    1, 1, 1, 1, 1, 1, 1, 1, 1, 1, 1, 1, 1, 1, 1, 1, 1, 1, 1, 1, 1, 1, 1, 1, 
    1, 1, 1, 1, 1, 1, 1, 1, 1, 1, 1, 1, 1, 1, 1, 1, 1, 1, 1, 1, 1, 1, 1, 1, 
    1, 1, 1, 1, 1, 1, 1, 1, 1, 1, 1, 1, 1, 1, 1, 1, 1, 1, 1, 1, 1, 1, 1, 1, 
    1, 1, 1, 1, 1, 1, 1, 1, 1, 1, 1, 1, 1, 1, 1, 1, 1, 1, 1, 1, 1, 1, 1, 1, 
    1, 1, 1, 1, 1, 1, 1, 1, 1, 1, 1, 1, 1, 1, 1, 1, 1, 1, 1, 1, 1, 1, 1, 1, 
    1, 1, 1, 1, 1, 1, 1, 1, 1, 1, 1, 1, 1, 1, 1, 1, 1, 1, 1, 1, 1, 1, 1, 1, 
    1, 1, 1, 1, 1, 1, 1, 1, 1, 1, 1, 1, 1, 1, 1, 1, 1, 1, 1, 1, 1, 1, 1, 1, 
    1, 1, 1, 1, 1, 1, 1, 1, 1, 1, 1, 1, 1, 1, 1, 1, 1, 1, 1, 1, 1, 1, 1, 1, 
    3, 3, 3, 3, 3, 3, 3, 3, 3, 3, 3, 3, 3, 3, 3, 1, 1, 1, 1, 1, 1, 1, 1, 1, 
    1, 3, 3, 3, 3, 3, 3, 3, 3, 3, 3, 3, 3, 3, 3, 3, 3, 3, 3, 3, 3, 3, 3, 3, 
    3, 3, 3, 3, 3, 3, 3, 3, 3, 3, 3, 3, 3, 3, 3, 3, 3, 3, 3, 3, 3, 3, 1, 1, 
    1, 1, 1, 1, 1, 1, 1, 1, 1, 1, 1, 1, 1, 1, 1, 1, 1, 1, 1, 1, 1, 1, 1, 1, 
    1, 1, 1, 1, 2, 2, 2, 2, 2, 2, 2, 2, 2, 2, 2, 2, 2, 2, 2, 2, 2, 2, 2, 2, 
    2, 2, 2, 2, 2, 2, 2, 2, 2, 2, 2, 2, 2, 2, 2, 2, 2, 2, 2, 2, 2, 2, 2, 2, 
    2, 2, 2, 2, 2, 2, 2, 2, 2, 2, 2, 2, 2, 2, 2, 2, 2, 2, 2, 2, 2, 2, 2, 2, 
    2, 2, 2, 2, 2, 2, 2, 2, 2, 2, 2, 2, 2, 2, 2, 2, 2, 2, 2, 2, 2, 2, 2, 2, 
    2, 2, 2, 2, 2, 2, 2, 2, 1, 1, 1, 1, 1, 1, 1, 1, 1, 1, 1, 1, 1, 1, 1, 1, 
    1, 1, 1, 1, 1, 1, 1, 1, 1, 1, 1, 1, 1, 1, 1, 1, 1, 1, 1, 1, 1, 1, 1, 1, 
    1, 1, 1, 1, 1, 1, 1, 1, 1, 1, 4, 4, 4, 4, 4, 4, 4, 4, 4, 4, 4, 4, 4, 4, 
    4, 4, 4, 4, 4, 4, 4, 4, 4, 4, 4, 4, 4, 4, 4, 4, 4, 4, 4, 4, 4, 4, 4, 4, 
    4, 4, 4, 4, 4, 4, 4, 4, 4, 4, 4, 4, 4, 4, 4, 4, 4, 4, 4, 4, 4, 4, 4, 4, 
    4, 4, 4, 4, 4, 4, 4, 4, 4, 4, 4, 4, 4, 4, 4, 4, 4, 4, 4, 4, 4, 4, 4, 4, 
    4, 4, 4, 4, 4, 4, 4, 4, 4, 4, 4, 4, 4, 4, 5, 5, 5, 5, 5, 5, 5, 5, 5, 5, 
    5, 5, 5, 5, 5, 5, 5, 5, 5, 5, 5, 5, 5, 5, 5, 5, 5, 5, 5, 5, 5, 5, 5, 5, 
    5, 5, 5, 5, 5, 5, 5, 5, 5, 5, 5, 5, 5, 5, 5, 5, 5, 5, 5, 5, 5, 5, 5, 5, 
    5, 5, 5, 5, 5, 5, 5, 5, 5, 5, 5, 5, 5, 5, 5, 5, 5, 5, 5, 5, 5, 5, 5, 5, 
    5, 5, 5, 5, 5, 5, 5, 5, 5, 5, 5, 5, 5, 5, 5, 5, 5, 5, 2, 2, 2, 2, 2, 2, 
    2, 2, 2, 2, 2, 2, 2, 2, 2, 2, 2, 2, 2, 2, 2, 2, 2, 2, 2, 2, 2, 2, 2, 2, 
    2, 2, 2, 2, 2, 2, 2, 2, 2, 2, 2, 2, 2, 2, 2, 2, 2, 2, 2, 2, 5, 5, 5, 5, 
    5, 5, 5, 5, 5, 5, 5, 5, 5, 5, 5, 5, 5, 5, 5, 5, 5, 5, 5, 5, 5, 5, 5, 5, 
    5, 5, 5, 5, 5, 5, 5, 5, 5, 5, 5, 5, 5, 5, 5, 5, 5, 5, 5, 5, 5, 5, 5, 5, 
    5, 5, 5, 5, 5, 5, 5, 5, 5, 5, 5, 5, 5, 5, 5, 5, 5, 5, 5, 5, 5, 5, 5, 5, 
    5, 5, 5, 5, 5, 5, 5, 5, 5, 5, 5, 5, 5, 5, 5, 5, 5, 5, 5, 5, 5, 5, 5, 5, 
    5, 5, 5, 5, 5, 5, 5, 5, 5, 5, 5, 5, 5, 5, 5, 5, 5, 5, 5, 5, 5, 5, 5, 5, 
    5, 5, 5, 5, 5, 5, 5, 5, 5, 5, 5, 5, 5, 5, 5, 5, 5, 5, 5, 5, 5, 5, 5, 5, 
    5, 5, 5, 5, 5, 5, 5, 5, 5, 5, 5, 5, 5, 5, 5, 5, 5, 5, 5, 5, 5, 5, 5, 5, 
    5, 5, 5, 5, 5, 5, 5, 5, 5, 5, 5, 5, 5, 5, 5, 5, 5, 5, 5, 5, 5, 5, 5, 5, 
    5, 5, 5, 5, 3, 3, 3, 3, 3, 3, 3, 3, 3, 3, 3, 3, 3, 3, 3, 3, 3, 3, 3, 3, 
    3, 3, 3, 3, 3, 3, 3, 3, 3, 3, 3, 3, 3, 3, 3, 3, 3, 3, 3, 3, 3, 3, 3, 3, 
    3, 3, 3, 3, 3, 3, 2, 2, 2, 2, 2, 2, 2, 2, 2, 2, 2, 2, 2, 2, 2, 2, 2, 2, 
    2, 2, 2, 2, 2, 2, 2, 2, 2, 2, 2, 2, 2, 2, 2, 2, 2, 2, 2, 2, 2, 2, 2, 2, 
    2, 2, 2, 2, 2, 2, 2, 2, 2, 2, 2, 2, 2, 2, 2, 2, 2, 2, 2, 2, 2, 2, 2, 2, 
    2, 2, 2, 2, 2, 2, 2, 2, 2, 2, 2, 2, 2, 2, 2, 2, 2, 2, 2, 2, 2, 2, 2, 2, 
    2, 2, 2, 2, 2, 2, 2, 2, 2, 2 ;

 dist_fact_ss8 = 1, 1, 1, 1, 1, 1, 1, 1, 1, 1, 1, 1, 1, 1, 1, 1, 1, 1, 1, 1, 
    1, 1, 1, 1, 1, 1, 1, 1, 1, 1, 1, 1, 1, 1, 1, 1, 1, 1, 1, 1, 1, 1, 1, 1, 
    1, 1, 1, 1, 1, 1, 1, 1, 1, 1, 1, 1, 1, 1, 1, 1, 1, 1, 1, 1, 1, 1, 1, 1, 
    1, 1, 1, 1, 1, 1, 1, 1, 1, 1, 1, 1, 1, 1, 1, 1, 1, 1, 1, 1, 1, 1, 1, 1, 
    1, 1, 1, 1, 1, 1, 1, 1, 1, 1, 1, 1, 1, 1, 1, 1, 1, 1, 1, 1, 1, 1, 1, 1, 
    1, 1, 1, 1, 1, 1, 1, 1, 1, 1, 1, 1, 1, 1, 1, 1, 1, 1, 1, 1, 1, 1, 1, 1, 
    1, 1, 1, 1, 1, 1, 1, 1, 1, 1, 1, 1, 1, 1, 1, 1, 1, 1, 1, 1, 1, 1, 1, 1, 
    1, 1, 1, 1, 1, 1, 1, 1, 1, 1, 1, 1, 1, 1, 1, 1, 1, 1, 1, 1, 1, 1, 1, 1, 
    1, 1, 1, 1, 1, 1, 1, 1, 1, 1, 1, 1, 1, 1, 1, 1, 1, 1, 1, 1, 1, 1, 1, 1, 
    1, 1, 1, 1, 1, 1, 1, 1, 1, 1, 1, 1, 1, 1, 1, 1, 1, 1, 1, 1, 1, 1, 1, 1, 
    1, 1, 1, 1, 1, 1, 1, 1, 1, 1, 1, 1, 1, 1, 1, 1, 1, 1, 1, 1, 1, 1, 1, 1, 
    1, 1, 1, 1, 1, 1, 1, 1, 1, 1, 1, 1, 1, 1, 1, 1, 1, 1, 1, 1, 1, 1, 1, 1, 
    1, 1, 1, 1, 1, 1, 1, 1, 1, 1, 1, 1, 1, 1, 1, 1, 1, 1, 1, 1, 1, 1, 1, 1, 
    1, 1, 1, 1, 1, 1, 1, 1, 1, 1, 1, 1, 1, 1, 1, 1, 1, 1, 1, 1, 1, 1, 1, 1, 
    1, 1, 1, 1, 1, 1, 1, 1, 1, 1, 1, 1, 1, 1, 1, 1, 1, 1, 1, 1, 1, 1, 1, 1, 
    1, 1, 1, 1, 1, 1, 1, 1, 1, 1, 1, 1, 1, 1, 1, 1, 1, 1, 1, 1, 1, 1, 1, 1, 
    1, 1, 1, 1, 1, 1, 1, 1, 1, 1, 1, 1, 1, 1, 1, 1, 1, 1, 1, 1, 1, 1, 1, 1, 
    1, 1, 1, 1, 1, 1, 1, 1, 1, 1, 1, 1, 1, 1, 1, 1, 1, 1, 1, 1, 1, 1, 1, 1, 
    1, 1, 1, 1, 1, 1, 1, 1, 1, 1, 1, 1, 1, 1, 1, 1, 1, 1, 1, 1, 1, 1, 1, 1, 
    1, 1, 1, 1, 1, 1, 1, 1, 1, 1, 1, 1, 1, 1, 1, 1, 1, 1, 1, 1, 1, 1, 1, 1, 
    1, 1, 1, 1, 1, 1, 1, 1, 1, 1, 1, 1, 1, 1, 1, 1, 1, 1, 1, 1, 1, 1, 1, 1, 
    1, 1, 1, 1, 1, 1, 1, 1, 1, 1, 1, 1, 1, 1, 1, 1, 1, 1, 1, 1, 1, 1, 1, 1, 
    1, 1, 1, 1, 1, 1, 1, 1, 1, 1, 1, 1, 1, 1, 1, 1, 1, 1, 1, 1, 1, 1, 1, 1, 
    1, 1, 1, 1, 1, 1, 1, 1, 1, 1, 1, 1, 1, 1, 1, 1, 1, 1, 1, 1, 1, 1, 1, 1, 
    1, 1, 1, 1, 1, 1, 1, 1, 1, 1, 1, 1, 1, 1, 1, 1, 1, 1, 1, 1, 1, 1, 1, 1, 
    1, 1, 1, 1, 1, 1, 1, 1, 1, 1, 1, 1, 1, 1, 1, 1, 1, 1, 1, 1, 1, 1, 1, 1, 
    1, 1, 1, 1, 1, 1, 1, 1, 1, 1, 1, 1, 1, 1, 1, 1, 1, 1, 1, 1, 1, 1, 1, 1, 
    1, 1, 1, 1, 1, 1, 1, 1, 1, 1, 1, 1, 1, 1, 1, 1, 1, 1, 1, 1, 1, 1, 1, 1, 
    1, 1, 1, 1, 1, 1, 1, 1, 1, 1, 1, 1, 1, 1, 1, 1, 1, 1, 1, 1, 1, 1, 1, 1, 
    1, 1, 1, 1, 1, 1, 1, 1, 1, 1, 1, 1, 1, 1, 1, 1, 1, 1, 1, 1, 1, 1, 1, 1, 
    1, 1, 1, 1, 1, 1, 1, 1, 1, 1, 1, 1, 1, 1, 1, 1, 1, 1, 1, 1, 1, 1, 1, 1, 
    1, 1, 1, 1, 1, 1, 1, 1, 1, 1, 1, 1, 1, 1, 1, 1, 1, 1, 1, 1, 1, 1, 1, 1, 
    1, 1, 1, 1, 1, 1, 1, 1, 1, 1, 1, 1, 1, 1, 1, 1, 1, 1, 1, 1, 1, 1, 1, 1, 
    1, 1, 1, 1, 1, 1, 1, 1, 1, 1, 1, 1, 1, 1, 1, 1, 1, 1, 1, 1, 1, 1, 1, 1, 
    1, 1, 1, 1, 1, 1, 1, 1, 1, 1, 1, 1, 1, 1, 1, 1, 1, 1, 1, 1, 1, 1, 1, 1, 
    1, 1, 1, 1, 1, 1, 1, 1, 1, 1, 1, 1, 1, 1, 1, 1, 1, 1, 1, 1, 1, 1, 1, 1, 
    1, 1, 1, 1, 1, 1, 1, 1, 1, 1, 1, 1, 1, 1, 1, 1, 1, 1, 1, 1, 1, 1, 1, 1, 
    1, 1, 1, 1, 1, 1, 1, 1, 1, 1, 1, 1, 1, 1, 1, 1, 1, 1, 1, 1, 1, 1, 1, 1, 
    1, 1, 1, 1, 1, 1, 1, 1, 1, 1, 1, 1, 1, 1, 1, 1, 1, 1, 1, 1, 1, 1, 1, 1, 
    1, 1, 1, 1, 1, 1, 1, 1, 1, 1, 1, 1, 1, 1, 1, 1, 1, 1, 1, 1, 1, 1, 1, 1, 
    1, 1, 1, 1, 1, 1, 1, 1, 1, 1, 1, 1, 1, 1, 1, 1, 1, 1, 1, 1, 1, 1, 1, 1, 
    1, 1, 1, 1, 1, 1, 1, 1, 1, 1, 1, 1, 1, 1, 1, 1, 1, 1, 1, 1, 1, 1, 1, 1, 
    1, 1, 1, 1, 1, 1, 1, 1, 1, 1, 1, 1, 1, 1, 1, 1, 1, 1, 1, 1, 1, 1, 1, 1, 
    1, 1, 1, 1, 1, 1, 1, 1, 1, 1, 1, 1, 1, 1, 1, 1, 1, 1, 1, 1, 1, 1, 1, 1, 
    1, 1, 1, 1, 1, 1, 1, 1, 1, 1, 1, 1, 1, 1, 1, 1, 1, 1, 1, 1, 1, 1, 1, 1, 
    1, 1, 1, 1, 1, 1, 1, 1, 1, 1, 1, 1, 1, 1, 1, 1, 1, 1, 1, 1, 1, 1, 1, 1, 
    1, 1, 1, 1, 1, 1, 1, 1, 1, 1, 1, 1, 1, 1, 1, 1, 1, 1, 1, 1, 1, 1, 1, 1, 
    1, 1, 1, 1, 1, 1, 1, 1, 1, 1, 1, 1, 1, 1, 1, 1, 1, 1, 1, 1, 1, 1, 1, 1, 
    1, 1, 1, 1, 1, 1, 1, 1, 1, 1, 1, 1, 1, 1, 1, 1, 1, 1, 1, 1, 1, 1, 1, 1, 
    1, 1, 1, 1, 1, 1, 1, 1, 1, 1, 1, 1, 1, 1, 1, 1, 1, 1, 1, 1, 1, 1, 1, 1, 
    1, 1, 1, 1, 1, 1, 1, 1, 1, 1, 1, 1, 1, 1, 1, 1, 1, 1, 1, 1, 1, 1, 1, 1, 
    1, 1, 1, 1, 1, 1, 1, 1, 1, 1, 1, 1, 1, 1, 1, 1, 1, 1, 1, 1, 1, 1, 1, 1, 
    1, 1, 1, 1, 1, 1, 1, 1, 1, 1, 1, 1, 1, 1, 1, 1, 1, 1, 1, 1, 1, 1, 1, 1, 
    1, 1, 1, 1, 1, 1, 1, 1, 1, 1, 1, 1, 1, 1, 1, 1, 1, 1, 1, 1, 1, 1, 1, 1, 
    1, 1, 1, 1, 1, 1, 1, 1, 1, 1, 1, 1, 1, 1, 1, 1, 1, 1, 1, 1, 1, 1, 1, 1, 
    1, 1, 1, 1, 1, 1, 1, 1, 1, 1, 1, 1, 1, 1, 1, 1, 1, 1, 1, 1, 1, 1, 1, 1, 
    1, 1, 1, 1, 1, 1, 1, 1, 1, 1, 1, 1, 1, 1, 1, 1, 1, 1, 1, 1, 1, 1, 1, 1, 
    1, 1, 1, 1, 1, 1, 1, 1, 1, 1, 1, 1, 1, 1, 1, 1, 1, 1, 1, 1, 1, 1, 1, 1, 
    1, 1, 1, 1, 1, 1, 1, 1, 1, 1, 1, 1, 1, 1, 1, 1, 1, 1, 1, 1, 1, 1, 1, 1, 
    1, 1, 1, 1, 1, 1, 1, 1, 1, 1, 1, 1, 1, 1, 1, 1, 1, 1, 1, 1, 1, 1, 1, 1, 
    1, 1, 1, 1, 1, 1, 1, 1, 1, 1, 1, 1, 1, 1, 1, 1, 1, 1, 1, 1, 1, 1, 1, 1, 
    1, 1, 1, 1, 1, 1, 1, 1, 1, 1, 1, 1, 1, 1, 1, 1, 1, 1, 1, 1, 1, 1, 1, 1, 
    1, 1, 1, 1, 1, 1, 1, 1, 1, 1, 1, 1, 1, 1, 1, 1, 1, 1, 1, 1, 1, 1, 1, 1, 
    1, 1, 1, 1, 1, 1, 1, 1, 1, 1, 1, 1, 1, 1, 1, 1, 1, 1, 1, 1, 1, 1, 1, 1, 
    1, 1, 1, 1, 1, 1, 1, 1, 1, 1, 1, 1, 1, 1, 1, 1, 1, 1, 1, 1, 1, 1, 1, 1, 
    1, 1, 1, 1, 1, 1, 1, 1, 1, 1, 1, 1, 1, 1, 1, 1, 1, 1, 1, 1, 1, 1, 1, 1, 
    1, 1, 1, 1, 1, 1, 1, 1, 1, 1, 1, 1, 1, 1, 1, 1, 1, 1, 1, 1, 1, 1, 1, 1, 
    1, 1, 1, 1, 1, 1, 1, 1, 1, 1, 1, 1, 1, 1, 1, 1, 1, 1, 1, 1, 1, 1, 1, 1, 
    1, 1, 1, 1, 1, 1, 1, 1, 1, 1, 1, 1, 1, 1, 1, 1, 1, 1, 1, 1, 1, 1, 1, 1, 
    1, 1, 1, 1, 1, 1, 1, 1, 1, 1, 1, 1, 1, 1, 1, 1, 1, 1, 1, 1, 1, 1, 1, 1, 
    1, 1, 1, 1, 1, 1, 1, 1, 1, 1, 1, 1, 1, 1, 1, 1, 1, 1, 1, 1, 1, 1, 1, 1, 
    1, 1, 1, 1, 1, 1, 1, 1, 1, 1, 1, 1, 1, 1, 1, 1, 1, 1, 1, 1, 1, 1, 1, 1, 
    1, 1, 1, 1, 1, 1, 1, 1, 1, 1, 1, 1, 1, 1, 1, 1, 1, 1, 1, 1, 1, 1, 1, 1, 
    1, 1, 1, 1, 1, 1, 1, 1, 1, 1, 1, 1, 1, 1, 1, 1, 1, 1, 1, 1, 1, 1, 1, 1, 
    1, 1, 1, 1, 1, 1, 1, 1, 1, 1, 1, 1, 1, 1, 1, 1, 1, 1, 1, 1, 1, 1, 1, 1, 
    1, 1, 1, 1, 1, 1, 1, 1, 1, 1, 1, 1, 1, 1, 1, 1, 1, 1, 1, 1, 1, 1, 1, 1, 
    1, 1, 1, 1, 1, 1, 1, 1, 1, 1, 1, 1, 1, 1, 1, 1, 1, 1, 1, 1, 1, 1, 1, 1, 
    1, 1, 1, 1, 1, 1, 1, 1, 1, 1, 1, 1, 1, 1, 1, 1, 1, 1, 1, 1, 1, 1, 1, 1, 
    1, 1, 1, 1, 1, 1, 1, 1, 1, 1, 1, 1, 1, 1, 1, 1, 1, 1, 1, 1, 1, 1, 1, 1, 
    1, 1, 1, 1, 1, 1, 1, 1, 1, 1, 1, 1, 1, 1, 1, 1, 1, 1, 1, 1, 1, 1, 1, 1, 
    1, 1, 1, 1, 1, 1, 1, 1, 1, 1, 1, 1, 1, 1, 1, 1, 1, 1, 1, 1, 1, 1, 1, 1, 
    1, 1, 1, 1, 1, 1, 1, 1, 1, 1, 1, 1, 1, 1, 1, 1, 1, 1, 1, 1, 1, 1, 1, 1, 
    1, 1, 1, 1, 1, 1, 1, 1, 1, 1, 1, 1, 1, 1, 1, 1, 1, 1, 1, 1, 1, 1, 1, 1, 
    1, 1, 1, 1, 1, 1, 1, 1, 1, 1, 1, 1, 1, 1, 1, 1, 1, 1, 1, 1, 1, 1, 1, 1, 
    1, 1, 1, 1, 1, 1, 1, 1, 1, 1, 1, 1, 1, 1, 1, 1, 1, 1, 1, 1, 1, 1, 1, 1, 
    1, 1, 1, 1, 1, 1, 1, 1, 1, 1, 1, 1, 1, 1, 1, 1, 1, 1, 1, 1, 1, 1, 1, 1, 
    1, 1, 1, 1, 1, 1, 1, 1, 1, 1, 1, 1, 1, 1, 1, 1, 1, 1, 1, 1, 1, 1, 1, 1, 
    1, 1, 1, 1, 1, 1, 1, 1, 1, 1, 1, 1, 1, 1, 1, 1, 1, 1, 1, 1, 1, 1, 1, 1, 
    1, 1, 1, 1, 1, 1, 1, 1, 1, 1, 1, 1, 1, 1, 1, 1, 1, 1, 1, 1, 1, 1, 1, 1, 
    1, 1, 1, 1, 1, 1, 1, 1, 1, 1, 1, 1, 1, 1, 1, 1, 1, 1, 1, 1, 1, 1, 1, 1, 
    1, 1, 1, 1, 1, 1, 1, 1, 1, 1, 1, 1, 1, 1, 1, 1, 1, 1, 1, 1, 1, 1, 1, 1, 
    1, 1, 1, 1, 1, 1, 1, 1, 1, 1, 1, 1, 1, 1, 1, 1, 1, 1, 1, 1, 1, 1, 1, 1, 
    1, 1, 1, 1, 1, 1, 1, 1, 1, 1, 1, 1, 1, 1, 1, 1, 1, 1, 1, 1, 1, 1, 1, 1, 
    1, 1, 1, 1, 1, 1, 1, 1, 1, 1, 1, 1, 1, 1, 1, 1, 1, 1, 1, 1, 1, 1, 1, 1, 
    1, 1, 1, 1, 1, 1, 1, 1, 1, 1, 1, 1, 1, 1, 1, 1, 1, 1, 1, 1, 1, 1, 1, 1, 
    1, 1, 1, 1, 1, 1, 1, 1, 1, 1, 1, 1, 1, 1, 1, 1, 1, 1, 1, 1, 1, 1, 1, 1, 
    1, 1, 1, 1, 1, 1, 1, 1, 1, 1, 1, 1, 1, 1, 1, 1, 1, 1, 1, 1, 1, 1, 1, 1, 
    1, 1, 1, 1, 1, 1, 1, 1, 1, 1, 1, 1, 1, 1, 1, 1, 1, 1, 1, 1, 1, 1, 1, 1, 
    1, 1, 1, 1, 1, 1, 1, 1, 1, 1, 1, 1, 1, 1, 1, 1, 1, 1, 1, 1, 1, 1, 1, 1, 
    1, 1, 1, 1, 1, 1, 1, 1, 1, 1, 1, 1, 1, 1, 1, 1, 1, 1, 1, 1, 1, 1, 1, 1, 
    1, 1, 1, 1, 1, 1, 1, 1, 1, 1, 1, 1, 1, 1, 1, 1, 1, 1, 1, 1, 1, 1, 1, 1, 
    1, 1, 1, 1, 1, 1, 1, 1, 1, 1, 1, 1, 1, 1, 1, 1, 1, 1, 1, 1, 1, 1, 1, 1, 
    1, 1, 1, 1, 1, 1, 1, 1, 1, 1, 1, 1, 1, 1, 1, 1, 1, 1, 1, 1, 1, 1, 1, 1, 
    1, 1, 1, 1, 1, 1, 1, 1, 1, 1, 1, 1, 1, 1, 1, 1, 1, 1, 1, 1, 1, 1, 1, 1, 
    1, 1, 1, 1, 1, 1, 1, 1, 1, 1, 1, 1, 1, 1, 1, 1, 1, 1, 1, 1, 1, 1, 1, 1, 
    1, 1, 1, 1, 1, 1, 1, 1, 1, 1, 1, 1, 1, 1, 1, 1, 1, 1, 1, 1, 1, 1, 1, 1, 
    1, 1, 1, 1, 1, 1, 1, 1, 1, 1, 1, 1, 1, 1, 1, 1, 1, 1, 1, 1, 1, 1, 1, 1, 
    1, 1, 1, 1, 1, 1, 1, 1, 1, 1, 1, 1, 1, 1, 1, 1, 1, 1, 1, 1, 1, 1, 1, 1, 
    1, 1, 1, 1, 1, 1, 1, 1, 1, 1, 1, 1, 1, 1, 1, 1, 1, 1, 1, 1, 1, 1, 1, 1, 
    1, 1, 1, 1, 1, 1, 1, 1, 1, 1, 1, 1, 1, 1, 1, 1, 1, 1, 1, 1, 1, 1, 1, 1, 
    1, 1, 1, 1, 1, 1, 1, 1, 1, 1, 1, 1, 1, 1, 1, 1, 1, 1, 1, 1, 1, 1, 1, 1, 
    1, 1, 1, 1, 1, 1, 1, 1, 1, 1, 1, 1, 1, 1, 1, 1, 1, 1, 1, 1, 1, 1, 1, 1, 
    1, 1, 1, 1, 1, 1, 1, 1, 1, 1, 1, 1, 1, 1, 1, 1, 1, 1, 1, 1, 1, 1, 1, 1, 
    1, 1, 1, 1, 1, 1, 1, 1, 1, 1, 1, 1, 1, 1, 1, 1, 1, 1, 1, 1, 1, 1, 1, 1, 
    1, 1, 1, 1, 1, 1, 1, 1, 1, 1, 1, 1, 1, 1, 1, 1, 1, 1, 1, 1, 1, 1, 1, 1, 
    1, 1, 1, 1, 1, 1, 1, 1, 1, 1, 1, 1, 1, 1, 1, 1, 1, 1, 1, 1, 1, 1, 1, 1, 
    1, 1, 1, 1, 1, 1, 1, 1, 1, 1, 1, 1, 1, 1, 1, 1, 1, 1, 1, 1, 1, 1, 1, 1, 
    1, 1, 1, 1, 1, 1, 1, 1, 1, 1, 1, 1, 1, 1, 1, 1, 1, 1, 1, 1, 1, 1, 1, 1, 
    1, 1, 1, 1, 1, 1, 1, 1, 1, 1, 1, 1, 1, 1, 1, 1, 1, 1, 1, 1, 1, 1, 1, 1, 
    1, 1, 1, 1, 1, 1, 1, 1, 1, 1, 1, 1, 1, 1, 1, 1, 1, 1, 1, 1, 1, 1, 1, 1, 
    1, 1, 1, 1, 1, 1, 1, 1, 1, 1, 1, 1, 1, 1, 1, 1, 1, 1, 1, 1, 1, 1, 1, 1, 
    1, 1, 1, 1, 1, 1, 1, 1, 1, 1, 1, 1, 1, 1, 1, 1, 1, 1, 1, 1, 1, 1, 1, 1, 
    1, 1, 1, 1, 1, 1, 1, 1, 1, 1, 1, 1, 1, 1, 1, 1, 1, 1, 1, 1, 1, 1, 1, 1, 
    1, 1, 1, 1, 1, 1, 1, 1, 1, 1, 1, 1, 1, 1, 1, 1, 1, 1, 1, 1, 1, 1, 1, 1, 
    1, 1, 1, 1, 1, 1, 1, 1, 1, 1, 1, 1, 1, 1, 1, 1, 1, 1, 1, 1, 1, 1, 1, 1, 
    1, 1, 1, 1, 1, 1, 1, 1, 1, 1, 1, 1, 1, 1, 1, 1, 1, 1, 1, 1, 1, 1, 1, 1, 
    1, 1, 1, 1, 1, 1, 1, 1, 1, 1, 1, 1, 1, 1, 1, 1, 1, 1, 1, 1, 1, 1, 1, 1, 
    1, 1, 1, 1, 1, 1, 1, 1, 1, 1, 1, 1, 1, 1, 1, 1, 1, 1, 1, 1, 1, 1, 1, 1, 
    1, 1, 1, 1, 1, 1, 1, 1, 1, 1, 1, 1, 1, 1, 1, 1, 1, 1, 1, 1, 1, 1, 1, 1, 
    1, 1, 1, 1, 1, 1, 1, 1, 1, 1, 1, 1, 1, 1, 1, 1, 1, 1, 1, 1, 1, 1, 1, 1, 
    1, 1, 1, 1, 1, 1, 1, 1, 1, 1, 1, 1, 1, 1, 1, 1, 1, 1, 1, 1, 1, 1, 1, 1, 
    1, 1, 1, 1, 1, 1, 1, 1, 1, 1, 1, 1, 1, 1, 1, 1, 1, 1, 1, 1, 1, 1, 1, 1, 
    1, 1, 1, 1, 1, 1, 1, 1, 1, 1, 1, 1, 1, 1, 1, 1, 1, 1, 1, 1, 1, 1, 1, 1, 
    1, 1, 1, 1, 1, 1, 1, 1, 1, 1, 1, 1, 1, 1, 1, 1, 1, 1, 1, 1, 1, 1, 1, 1, 
    1, 1, 1, 1, 1, 1, 1, 1, 1, 1, 1, 1, 1, 1, 1, 1, 1, 1, 1, 1, 1, 1, 1, 1, 
    1, 1, 1, 1, 1, 1, 1, 1, 1, 1, 1, 1, 1, 1, 1, 1, 1, 1, 1, 1, 1, 1, 1, 1, 
    1, 1, 1, 1, 1, 1, 1, 1, 1, 1, 1, 1, 1, 1, 1, 1, 1, 1, 1, 1, 1, 1, 1, 1, 
    1, 1, 1, 1, 1, 1, 1, 1, 1, 1, 1, 1, 1, 1, 1, 1, 1, 1, 1, 1, 1, 1, 1, 1, 
    1, 1, 1, 1, 1, 1, 1, 1, 1, 1, 1, 1, 1, 1, 1, 1, 1, 1, 1, 1, 1, 1, 1, 1, 
    1, 1, 1, 1, 1, 1, 1, 1, 1, 1, 1, 1, 1, 1, 1, 1, 1, 1, 1, 1, 1, 1, 1, 1, 
    1, 1, 1, 1, 1, 1, 1, 1, 1, 1, 1, 1, 1, 1, 1, 1, 1, 1, 1, 1, 1, 1, 1, 1, 
    1, 1, 1, 1, 1, 1, 1, 1, 1, 1, 1, 1, 1, 1, 1, 1, 1, 1, 1, 1, 1, 1, 1, 1, 
    1, 1, 1, 1, 1, 1, 1, 1, 1, 1, 1, 1, 1, 1, 1, 1, 1, 1, 1, 1, 1, 1, 1, 1, 
    1, 1, 1, 1, 1, 1, 1, 1, 1, 1, 1, 1, 1, 1, 1, 1, 1, 1, 1, 1, 1, 1, 1, 1, 
    1, 1, 1, 1, 1, 1, 1, 1, 1, 1, 1, 1, 1, 1, 1, 1, 1, 1, 1, 1, 1, 1, 1, 1, 
    1, 1, 1, 1, 1, 1, 1, 1, 1, 1, 1, 1, 1, 1, 1, 1, 1, 1, 1, 1, 1, 1, 1, 1, 
    1, 1, 1, 1, 1, 1, 1, 1, 1, 1, 1, 1, 1, 1, 1, 1, 1, 1, 1, 1, 1, 1, 1, 1, 
    1, 1, 1, 1, 1, 1, 1, 1, 1, 1, 1, 1, 1, 1, 1, 1, 1, 1, 1, 1, 1, 1, 1, 1, 
    1, 1, 1, 1, 1, 1, 1, 1, 1, 1, 1, 1, 1, 1, 1, 1, 1, 1, 1, 1, 1, 1, 1, 1, 
    1, 1, 1, 1, 1, 1, 1, 1, 1, 1, 1, 1, 1, 1, 1, 1, 1, 1, 1, 1, 1, 1, 1, 1, 
    1, 1, 1, 1, 1, 1, 1, 1, 1, 1, 1, 1, 1, 1, 1, 1, 1, 1, 1, 1, 1, 1, 1, 1, 
    1, 1, 1, 1, 1, 1, 1, 1, 1, 1, 1, 1, 1, 1, 1, 1, 1, 1, 1, 1, 1, 1, 1, 1, 
    1, 1, 1, 1, 1, 1, 1, 1, 1, 1, 1, 1, 1, 1, 1, 1, 1, 1, 1, 1, 1, 1, 1, 1, 
    1, 1, 1, 1, 1, 1, 1, 1, 1, 1, 1, 1, 1, 1, 1, 1, 1, 1, 1, 1, 1, 1, 1, 1, 
    1, 1, 1, 1, 1, 1, 1, 1, 1, 1, 1, 1, 1, 1, 1, 1, 1, 1, 1, 1, 1, 1, 1, 1, 
    1, 1, 1, 1, 1, 1, 1, 1, 1, 1, 1, 1, 1, 1, 1, 1, 1, 1, 1, 1, 1, 1, 1, 1, 
    1, 1, 1, 1, 1, 1, 1, 1, 1, 1, 1, 1, 1, 1, 1, 1, 1, 1, 1, 1, 1, 1, 1, 1, 
    1, 1, 1, 1, 1, 1, 1, 1, 1, 1, 1, 1, 1, 1, 1, 1, 1, 1, 1, 1, 1, 1, 1, 1, 
    1, 1, 1, 1, 1, 1, 1, 1, 1, 1, 1, 1, 1, 1, 1, 1, 1, 1, 1, 1, 1, 1, 1, 1, 
    1, 1, 1, 1, 1, 1, 1, 1, 1, 1, 1, 1, 1, 1, 1, 1, 1, 1, 1, 1, 1, 1, 1, 1, 
    1, 1, 1, 1, 1, 1, 1, 1, 1, 1, 1, 1, 1, 1, 1, 1, 1, 1, 1, 1, 1, 1, 1, 1, 
    1, 1, 1, 1, 1, 1, 1, 1, 1, 1, 1, 1, 1, 1, 1, 1, 1, 1, 1, 1, 1, 1, 1, 1, 
    1, 1, 1, 1, 1, 1, 1, 1, 1, 1, 1, 1, 1, 1, 1, 1, 1, 1, 1, 1, 1, 1, 1, 1, 
    1, 1, 1, 1, 1, 1, 1, 1, 1, 1, 1, 1, 1, 1, 1, 1, 1, 1, 1, 1, 1, 1, 1, 1, 
    1, 1, 1, 1, 1, 1, 1, 1, 1, 1, 1, 1, 1, 1, 1, 1, 1, 1, 1, 1, 1, 1, 1, 1, 
    1, 1, 1, 1, 1, 1, 1, 1, 1, 1, 1, 1, 1, 1, 1, 1, 1, 1, 1, 1, 1, 1, 1, 1, 
    1, 1, 1, 1, 1, 1, 1, 1, 1, 1, 1, 1, 1, 1, 1, 1, 1, 1, 1, 1, 1, 1, 1, 1, 
    1, 1, 1, 1, 1, 1, 1, 1, 1, 1, 1, 1, 1, 1, 1, 1, 1, 1, 1, 1, 1, 1, 1, 1, 
    1, 1, 1, 1, 1, 1, 1, 1, 1, 1, 1, 1, 1, 1, 1, 1, 1, 1, 1, 1, 1, 1, 1, 1, 
    1, 1, 1, 1, 1, 1, 1, 1, 1, 1, 1, 1, 1, 1, 1, 1, 1, 1, 1, 1, 1, 1, 1, 1, 
    1, 1, 1, 1, 1, 1, 1, 1, 1, 1, 1, 1, 1, 1, 1, 1, 1, 1, 1, 1, 1, 1, 1, 1, 
    1, 1, 1, 1, 1, 1, 1, 1, 1, 1, 1, 1, 1, 1, 1, 1, 1, 1, 1, 1, 1, 1, 1, 1, 
    1, 1, 1, 1, 1, 1, 1, 1, 1, 1, 1, 1, 1, 1, 1, 1, 1, 1, 1, 1, 1, 1, 1, 1, 
    1, 1, 1, 1, 1, 1, 1, 1, 1, 1, 1, 1, 1, 1, 1, 1, 1, 1, 1, 1, 1, 1, 1, 1, 
    1, 1, 1, 1, 1, 1, 1, 1, 1, 1, 1, 1, 1, 1, 1, 1, 1, 1, 1, 1, 1, 1, 1, 1, 
    1, 1, 1, 1, 1, 1, 1, 1, 1, 1, 1, 1, 1, 1, 1, 1, 1, 1, 1, 1, 1, 1, 1, 1, 
    1, 1, 1, 1, 1, 1, 1, 1, 1, 1, 1, 1, 1, 1, 1, 1, 1, 1, 1, 1, 1, 1, 1, 1, 
    1, 1, 1, 1, 1, 1, 1, 1, 1, 1, 1, 1, 1, 1, 1, 1, 1, 1, 1, 1, 1, 1, 1, 1, 
    1, 1, 1, 1, 1, 1, 1, 1, 1, 1, 1, 1, 1, 1, 1, 1, 1, 1, 1, 1, 1, 1, 1, 1, 
    1, 1, 1, 1, 1, 1, 1, 1, 1, 1, 1, 1, 1, 1, 1, 1, 1, 1, 1, 1, 1, 1, 1, 1, 
    1, 1, 1, 1, 1, 1, 1, 1, 1, 1, 1, 1, 1, 1, 1, 1, 1, 1, 1, 1, 1, 1, 1, 1, 
    1, 1, 1, 1, 1, 1, 1, 1, 1, 1, 1, 1, 1, 1, 1, 1, 1, 1, 1, 1, 1, 1, 1, 1, 
    1, 1, 1, 1, 1, 1, 1, 1, 1, 1, 1, 1, 1, 1, 1, 1, 1, 1, 1, 1, 1, 1, 1, 1, 
    1, 1, 1, 1, 1, 1, 1, 1, 1, 1, 1, 1, 1, 1, 1, 1, 1, 1, 1, 1, 1, 1, 1, 1, 
    1, 1, 1, 1, 1, 1, 1, 1, 1, 1, 1, 1, 1, 1, 1, 1, 1, 1, 1, 1, 1, 1, 1, 1, 
    1, 1, 1, 1, 1, 1, 1, 1, 1, 1, 1, 1, 1, 1, 1, 1, 1, 1, 1, 1, 1, 1, 1, 1, 
    1, 1, 1, 1, 1, 1, 1, 1, 1, 1, 1, 1, 1, 1, 1, 1, 1, 1, 1, 1, 1, 1, 1, 1, 
    1, 1, 1, 1, 1, 1, 1, 1, 1, 1, 1, 1, 1, 1, 1, 1, 1, 1, 1, 1, 1, 1, 1, 1, 
    1, 1, 1, 1, 1, 1, 1, 1, 1, 1, 1, 1, 1, 1, 1, 1, 1, 1, 1, 1, 1, 1, 1, 1, 
    1, 1, 1, 1, 1, 1, 1, 1, 1, 1, 1, 1, 1, 1, 1, 1, 1, 1, 1, 1, 1, 1, 1, 1, 
    1, 1, 1, 1, 1, 1, 1, 1, 1, 1, 1, 1, 1, 1, 1, 1, 1, 1, 1, 1, 1, 1, 1, 1, 
    1, 1, 1, 1, 1, 1, 1, 1, 1, 1, 1, 1, 1, 1, 1, 1, 1, 1, 1, 1, 1, 1, 1, 1, 
    1, 1, 1, 1, 1, 1, 1, 1, 1, 1, 1, 1, 1, 1, 1, 1, 1, 1, 1, 1, 1, 1, 1, 1, 
    1, 1, 1, 1, 1, 1, 1, 1, 1, 1, 1, 1, 1, 1, 1, 1, 1, 1, 1, 1, 1, 1, 1, 1, 
    1, 1, 1, 1, 1, 1, 1, 1, 1, 1, 1, 1, 1, 1, 1, 1, 1, 1, 1, 1, 1, 1, 1, 1, 
    1, 1, 1, 1, 1, 1, 1, 1, 1, 1, 1, 1, 1, 1, 1, 1, 1, 1, 1, 1, 1, 1, 1, 1, 
    1, 1, 1, 1, 1, 1, 1, 1, 1, 1, 1, 1, 1, 1, 1, 1, 1, 1, 1, 1, 1, 1, 1, 1, 
    1, 1, 1, 1, 1, 1, 1, 1, 1, 1, 1, 1, 1, 1, 1, 1, 1, 1, 1, 1, 1, 1, 1, 1, 
    1, 1, 1, 1, 1, 1, 1, 1, 1, 1, 1, 1, 1, 1, 1, 1, 1, 1, 1, 1, 1, 1, 1, 1, 
    1, 1, 1, 1, 1, 1, 1, 1, 1, 1, 1, 1, 1, 1, 1, 1, 1, 1, 1, 1, 1, 1, 1, 1, 
    1, 1, 1, 1, 1, 1, 1, 1, 1, 1, 1, 1, 1, 1, 1, 1, 1, 1, 1, 1, 1, 1, 1, 1, 
    1, 1, 1, 1, 1, 1, 1, 1, 1, 1, 1, 1, 1, 1, 1, 1, 1, 1, 1, 1, 1, 1, 1, 1, 
    1, 1, 1, 1, 1, 1, 1, 1, 1, 1, 1, 1, 1, 1, 1, 1, 1, 1, 1, 1, 1, 1, 1, 1, 
    1, 1, 1, 1, 1, 1, 1, 1, 1, 1, 1, 1, 1, 1, 1, 1, 1, 1, 1, 1, 1, 1, 1, 1, 
    1, 1, 1, 1, 1, 1, 1, 1, 1, 1, 1, 1, 1, 1, 1, 1, 1, 1, 1, 1, 1, 1, 1, 1, 
    1, 1, 1, 1, 1, 1, 1, 1, 1, 1, 1, 1, 1, 1, 1, 1, 1, 1, 1, 1, 1, 1, 1, 1, 
    1, 1, 1, 1, 1, 1, 1, 1, 1, 1, 1, 1, 1, 1, 1, 1, 1, 1, 1, 1, 1, 1, 1, 1, 
    1, 1, 1, 1, 1, 1, 1, 1, 1, 1, 1, 1, 1, 1, 1, 1, 1, 1, 1, 1, 1, 1, 1, 1, 
    1, 1, 1, 1, 1, 1, 1, 1, 1, 1, 1, 1, 1, 1, 1, 1, 1, 1, 1, 1, 1, 1, 1, 1, 
    1, 1, 1, 1, 1, 1, 1, 1, 1, 1, 1, 1, 1, 1, 1, 1, 1, 1, 1, 1, 1, 1, 1, 1, 
    1, 1, 1, 1, 1, 1, 1, 1, 1, 1, 1, 1, 1, 1, 1, 1, 1, 1, 1, 1, 1, 1, 1, 1, 
    1, 1, 1, 1, 1, 1, 1, 1, 1, 1, 1, 1, 1, 1, 1, 1, 1, 1, 1, 1, 1, 1, 1, 1, 
    1, 1, 1, 1, 1, 1, 1, 1, 1, 1, 1, 1, 1, 1, 1, 1, 1, 1, 1, 1, 1, 1, 1, 1, 
    1, 1, 1, 1, 1, 1, 1, 1, 1, 1, 1, 1, 1, 1, 1, 1, 1, 1, 1, 1, 1, 1, 1, 1, 
    1, 1, 1, 1, 1, 1, 1, 1, 1, 1, 1, 1, 1, 1, 1, 1, 1, 1, 1, 1, 1, 1, 1, 1, 
    1, 1, 1, 1, 1, 1, 1, 1, 1, 1, 1, 1, 1, 1, 1, 1, 1, 1, 1, 1, 1, 1, 1, 1, 
    1, 1, 1, 1, 1, 1, 1, 1, 1, 1, 1, 1, 1, 1, 1, 1, 1, 1, 1, 1, 1, 1, 1, 1, 
    1, 1, 1, 1, 1, 1, 1, 1, 1, 1, 1, 1, 1, 1, 1, 1, 1, 1, 1, 1, 1, 1, 1, 1, 
    1, 1, 1, 1, 1, 1, 1, 1, 1, 1, 1, 1, 1, 1, 1, 1, 1, 1, 1, 1, 1, 1, 1, 1, 
    1, 1, 1, 1, 1, 1, 1, 1, 1, 1, 1, 1, 1, 1, 1, 1, 1, 1, 1, 1, 1, 1, 1, 1, 
    1, 1, 1, 1, 1, 1, 1, 1, 1, 1, 1, 1, 1, 1, 1, 1, 1, 1, 1, 1, 1, 1, 1, 1, 
    1, 1, 1, 1, 1, 1, 1, 1, 1, 1, 1, 1, 1, 1, 1, 1, 1, 1, 1, 1, 1, 1, 1, 1, 
    1, 1, 1, 1, 1, 1, 1, 1, 1, 1, 1, 1, 1, 1, 1, 1, 1, 1, 1, 1, 1, 1, 1, 1, 
    1, 1, 1, 1, 1, 1, 1, 1, 1, 1, 1, 1, 1, 1, 1, 1, 1, 1, 1, 1, 1, 1, 1, 1, 
    1, 1, 1, 1, 1, 1, 1, 1, 1, 1, 1, 1, 1, 1, 1, 1, 1, 1, 1, 1, 1, 1, 1, 1, 
    1, 1, 1, 1, 1, 1, 1, 1, 1, 1, 1, 1, 1, 1, 1, 1, 1, 1, 1, 1, 1, 1, 1, 1, 
    1, 1, 1, 1, 1, 1, 1, 1, 1, 1, 1, 1, 1, 1, 1, 1, 1, 1, 1, 1, 1, 1, 1, 1, 
    1, 1, 1, 1, 1, 1, 1, 1, 1, 1, 1, 1, 1, 1, 1, 1, 1, 1, 1, 1, 1, 1, 1, 1, 
    1, 1, 1, 1, 1, 1, 1, 1, 1, 1, 1, 1, 1, 1, 1, 1, 1, 1, 1, 1, 1, 1, 1, 1, 
    1, 1, 1, 1, 1, 1, 1, 1, 1, 1, 1, 1, 1, 1, 1, 1, 1, 1, 1, 1, 1, 1, 1, 1, 
    1, 1, 1, 1, 1, 1, 1, 1, 1, 1, 1, 1, 1, 1, 1, 1, 1, 1, 1, 1, 1, 1, 1, 1, 
    1, 1, 1, 1, 1, 1, 1, 1, 1, 1, 1, 1, 1, 1, 1, 1, 1, 1, 1, 1, 1, 1, 1, 1, 
    1, 1, 1, 1, 1, 1, 1, 1, 1, 1, 1, 1, 1, 1, 1, 1, 1, 1, 1, 1, 1, 1, 1, 1, 
    1, 1, 1, 1, 1, 1, 1, 1, 1, 1, 1, 1, 1, 1, 1, 1, 1, 1, 1, 1, 1, 1, 1, 1, 
    1, 1, 1, 1, 1, 1, 1, 1, 1, 1, 1, 1, 1, 1, 1, 1, 1, 1, 1, 1, 1, 1, 1, 1, 
    1, 1, 1, 1, 1, 1, 1, 1, 1, 1, 1, 1, 1, 1, 1, 1, 1, 1, 1, 1, 1, 1, 1, 1, 
    1, 1, 1, 1, 1, 1, 1, 1, 1, 1, 1, 1, 1, 1, 1, 1, 1, 1, 1, 1, 1, 1, 1, 1, 
    1, 1, 1, 1, 1, 1, 1, 1, 1, 1, 1, 1, 1, 1, 1, 1, 1, 1, 1, 1, 1, 1, 1, 1, 
    1, 1, 1, 1, 1, 1, 1, 1, 1, 1, 1, 1, 1, 1, 1, 1, 1, 1, 1, 1, 1, 1, 1, 1, 
    1, 1, 1, 1, 1, 1, 1, 1, 1, 1, 1, 1, 1, 1, 1, 1, 1, 1, 1, 1, 1, 1, 1, 1, 
    1, 1, 1, 1, 1, 1, 1, 1, 1, 1, 1, 1, 1, 1, 1, 1, 1, 1, 1, 1, 1, 1, 1, 1, 
    1, 1, 1, 1, 1, 1, 1, 1, 1, 1, 1, 1, 1, 1, 1, 1, 1, 1, 1, 1, 1, 1, 1, 1, 
    1, 1, 1, 1, 1, 1, 1, 1, 1, 1, 1, 1, 1, 1, 1, 1, 1, 1, 1, 1, 1, 1, 1, 1, 
    1, 1, 1, 1, 1, 1, 1, 1, 1, 1, 1, 1, 1, 1, 1, 1, 1, 1, 1, 1, 1, 1, 1, 1, 
    1, 1, 1, 1, 1, 1, 1, 1, 1, 1, 1, 1, 1, 1, 1, 1, 1, 1, 1, 1, 1, 1, 1, 1, 
    1, 1, 1, 1, 1, 1, 1, 1, 1, 1, 1, 1, 1, 1, 1, 1, 1, 1, 1, 1, 1, 1, 1, 1, 
    1, 1, 1, 1, 1, 1, 1, 1, 1, 1, 1, 1, 1, 1, 1, 1, 1, 1, 1, 1, 1, 1, 1, 1, 
    1, 1, 1, 1, 1, 1, 1, 1, 1, 1, 1, 1, 1, 1, 1, 1, 1, 1, 1, 1, 1, 1, 1, 1, 
    1, 1, 1, 1, 1, 1, 1, 1, 1, 1, 1, 1, 1, 1, 1, 1, 1, 1, 1, 1, 1, 1, 1, 1, 
    1, 1, 1, 1, 1, 1, 1, 1, 1, 1, 1, 1, 1, 1, 1, 1, 1, 1, 1, 1, 1, 1, 1, 1, 
    1, 1, 1, 1, 1, 1, 1, 1, 1, 1, 1, 1, 1, 1, 1, 1, 1, 1, 1, 1, 1, 1, 1, 1, 
    1, 1, 1, 1, 1, 1, 1, 1, 1, 1, 1, 1, 1, 1, 1, 1, 1, 1, 1, 1, 1, 1, 1, 1, 
    1, 1, 1, 1, 1, 1, 1, 1, 1, 1, 1, 1, 1, 1, 1, 1, 1, 1, 1, 1, 1, 1, 1, 1, 
    1, 1, 1, 1, 1, 1, 1, 1, 1, 1, 1, 1, 1, 1, 1, 1, 1, 1, 1, 1, 1, 1, 1, 1, 
    1, 1, 1, 1, 1, 1, 1, 1, 1, 1, 1, 1, 1, 1, 1, 1, 1, 1, 1, 1, 1, 1, 1, 1, 
    1, 1, 1, 1, 1, 1, 1, 1, 1, 1, 1, 1, 1, 1, 1, 1, 1, 1, 1, 1, 1, 1, 1, 1, 
    1, 1, 1, 1, 1, 1, 1, 1, 1, 1, 1, 1, 1, 1, 1, 1, 1, 1, 1, 1, 1, 1, 1, 1, 
    1, 1, 1, 1, 1, 1, 1, 1, 1, 1, 1, 1, 1, 1, 1, 1, 1, 1, 1, 1, 1, 1, 1, 1, 
    1, 1, 1, 1, 1, 1, 1, 1, 1, 1, 1, 1, 1, 1, 1, 1, 1, 1, 1, 1, 1, 1, 1, 1, 
    1, 1, 1, 1, 1, 1, 1, 1, 1, 1, 1, 1, 1, 1, 1, 1, 1, 1, 1, 1, 1, 1, 1, 1, 
    1, 1, 1, 1, 1, 1, 1, 1, 1, 1, 1, 1, 1, 1, 1, 1, 1, 1, 1, 1, 1, 1, 1, 1, 
    1, 1, 1, 1, 1, 1, 1, 1, 1, 1, 1, 1, 1, 1, 1, 1, 1, 1, 1, 1, 1, 1, 1, 1, 
    1, 1, 1, 1, 1, 1, 1, 1, 1, 1, 1, 1, 1, 1, 1, 1, 1, 1, 1, 1, 1, 1, 1, 1, 
    1, 1, 1, 1, 1, 1, 1, 1, 1, 1, 1, 1, 1, 1, 1, 1, 1, 1, 1, 1, 1, 1, 1, 1, 
    1, 1, 1, 1, 1, 1, 1, 1, 1, 1, 1, 1, 1, 1, 1, 1, 1, 1, 1, 1, 1, 1, 1, 1, 
    1, 1, 1, 1, 1, 1, 1, 1, 1, 1, 1, 1, 1, 1, 1, 1, 1, 1, 1, 1, 1, 1, 1, 1, 
    1, 1, 1, 1, 1, 1, 1, 1, 1, 1, 1, 1, 1, 1, 1, 1, 1, 1, 1, 1, 1, 1, 1, 1, 
    1, 1, 1, 1, 1, 1, 1, 1, 1, 1, 1, 1, 1, 1, 1, 1, 1, 1, 1, 1, 1, 1, 1, 1, 
    1, 1, 1, 1, 1, 1, 1, 1, 1, 1, 1, 1, 1, 1, 1, 1, 1, 1, 1, 1, 1, 1, 1, 1, 
    1, 1, 1, 1, 1, 1, 1, 1, 1, 1, 1, 1, 1, 1, 1, 1, 1, 1, 1, 1, 1, 1, 1, 1, 
    1, 1, 1, 1, 1, 1, 1, 1, 1, 1, 1, 1, 1, 1, 1, 1, 1, 1, 1, 1, 1, 1, 1, 1, 
    1, 1, 1, 1, 1, 1, 1, 1, 1, 1, 1, 1, 1, 1, 1, 1, 1, 1, 1, 1, 1, 1, 1, 1, 
    1, 1, 1, 1, 1, 1, 1, 1, 1, 1, 1, 1, 1, 1, 1, 1, 1, 1, 1, 1, 1, 1, 1, 1, 
    1, 1, 1, 1, 1, 1, 1, 1, 1, 1, 1, 1, 1, 1, 1, 1, 1, 1, 1, 1, 1, 1, 1, 1, 
    1, 1, 1, 1, 1, 1, 1, 1, 1, 1, 1, 1, 1, 1, 1, 1, 1, 1, 1, 1, 1, 1, 1, 1, 
    1, 1, 1, 1, 1, 1, 1, 1, 1, 1, 1, 1, 1, 1, 1, 1, 1, 1, 1, 1, 1, 1, 1, 1, 
    1, 1, 1, 1, 1, 1, 1, 1, 1, 1, 1, 1, 1, 1, 1, 1, 1, 1, 1, 1, 1, 1, 1, 1, 
    1, 1, 1, 1, 1, 1, 1, 1, 1, 1, 1, 1, 1, 1, 1, 1, 1, 1, 1, 1, 1, 1, 1, 1, 
    1, 1, 1, 1, 1, 1, 1, 1, 1, 1, 1, 1, 1, 1, 1, 1, 1, 1, 1, 1, 1, 1, 1, 1, 
    1, 1, 1, 1, 1, 1, 1, 1, 1, 1, 1, 1, 1, 1, 1, 1, 1, 1, 1, 1, 1, 1, 1, 1, 
    1, 1, 1, 1, 1, 1, 1, 1, 1, 1, 1, 1, 1, 1, 1, 1, 1, 1, 1, 1, 1, 1, 1, 1, 
    1, 1, 1, 1, 1, 1, 1, 1, 1, 1, 1, 1, 1, 1, 1, 1, 1, 1, 1, 1, 1, 1, 1, 1, 
    1, 1, 1, 1, 1, 1, 1, 1, 1, 1, 1, 1, 1, 1, 1, 1, 1, 1, 1, 1, 1, 1, 1, 1, 
    1, 1, 1, 1, 1, 1, 1, 1, 1, 1, 1, 1, 1, 1, 1, 1, 1, 1, 1, 1, 1, 1, 1, 1, 
    1, 1, 1, 1, 1, 1, 1, 1, 1, 1, 1, 1, 1, 1, 1, 1, 1, 1, 1, 1, 1, 1, 1, 1, 
    1, 1, 1, 1, 1, 1, 1, 1, 1, 1, 1, 1, 1, 1, 1, 1, 1, 1, 1, 1, 1, 1, 1, 1, 
    1, 1, 1, 1, 1, 1, 1, 1, 1, 1, 1, 1, 1, 1, 1, 1, 1, 1, 1, 1, 1, 1, 1, 1, 
    1, 1, 1, 1, 1, 1, 1, 1, 1, 1, 1, 1, 1, 1, 1, 1, 1, 1, 1, 1, 1, 1, 1, 1, 
    1, 1, 1, 1, 1, 1, 1, 1, 1, 1, 1, 1, 1, 1, 1, 1, 1, 1, 1, 1, 1, 1, 1, 1, 
    1, 1, 1, 1, 1, 1, 1, 1, 1, 1, 1, 1, 1, 1, 1, 1, 1, 1, 1, 1, 1, 1, 1, 1, 
    1, 1, 1, 1, 1, 1, 1, 1, 1, 1, 1, 1, 1, 1, 1, 1, 1, 1, 1, 1, 1, 1, 1, 1, 
    1, 1, 1, 1, 1, 1, 1, 1, 1, 1, 1, 1, 1, 1, 1, 1, 1, 1, 1, 1, 1, 1, 1, 1, 
    1, 1, 1, 1, 1, 1, 1, 1, 1, 1, 1, 1, 1, 1, 1, 1, 1, 1, 1, 1, 1, 1, 1, 1, 
    1, 1, 1, 1, 1, 1, 1, 1, 1, 1, 1, 1 ;

 qa_records =
  "CUBIT",
  "16.3.3",
  "04/09/2018",
  "10:23:53" ;

 elem_map = 1, 2, 3, 4, 5, 6, 7, 8, 9, 10, 11, 12, 13, 14, 15, 16, 17, 18, 
    19, 20, 21, 22, 23, 24, 25, 26, 27, 28, 29, 30, 31, 32, 33, 34, 35, 36, 
    37, 38, 39, 40, 41, 42, 43, 44, 45, 46, 47, 48, 49, 50, 51, 52, 53, 54, 
    55, 56, 57, 58, 59, 60, 61, 62, 63, 64, 65, 66, 67, 68, 69, 70, 71, 72, 
    73, 74, 75, 76, 77, 78, 79, 80, 81, 82, 83, 84, 85, 86, 87, 88, 89, 90, 
    91, 92, 93, 94, 95, 96, 97, 98, 99, 100, 101, 102, 103, 104, 105, 106, 
    107, 108, 109, 110, 111, 112, 113, 114, 115, 116, 117, 118, 119, 120, 
    121, 122, 123, 124, 125, 126, 127, 128, 129, 130, 131, 132, 133, 134, 
    135, 136, 137, 138, 139, 140, 141, 142, 143, 144, 145, 146, 147, 148, 
    149, 150, 151, 152, 153, 154, 155, 156, 157, 158, 159, 160, 161, 162, 
    163, 164, 165, 166, 167, 168, 169, 170, 171, 172, 173, 174, 175, 176, 
    177, 178, 179, 180, 181, 182, 183, 184, 185, 186, 187, 188, 189, 190, 
    191, 192, 193, 194, 195, 196, 197, 198, 199, 200, 201, 202, 203, 204, 
    205, 206, 207, 208, 209, 210, 211, 212, 213, 214, 215, 216, 217, 218, 
    219, 220, 221, 222, 223, 224, 225, 226, 227, 228, 229, 230, 231, 232, 
    233, 234, 235, 236, 237, 238, 239, 240, 241, 242, 243, 244, 245, 246, 
    247, 248, 249, 250, 251, 252, 253, 254, 255, 256, 257, 258, 259, 260, 
    261, 262, 263, 264, 265, 266, 267, 268, 269, 270, 271, 272, 273, 274, 
    275, 276, 277, 278, 279, 280, 281, 282, 283, 284, 285, 286, 287, 288, 
    289, 290, 291, 292, 293, 294, 295, 296, 297, 298, 299, 300, 301, 302, 
    303, 304, 305, 306, 307, 308, 309, 310, 311, 312, 313, 314, 315, 316, 
    317, 318, 319, 320, 321, 322, 323, 324, 325, 326, 327, 328, 329, 330, 
    331, 332, 333, 334, 335, 336, 337, 338, 339, 340, 341, 342, 343, 344, 
    345, 346, 347, 348, 349, 350, 351, 352, 353, 354, 355, 356, 357, 358, 
    359, 360, 361, 362, 363, 364, 365, 366, 367, 368, 369, 370, 371, 372, 
    373, 374, 375, 376, 377, 378, 379, 380, 381, 382, 383, 384, 385, 386, 
    387, 388, 389, 390, 391, 392, 393, 394, 395, 396, 397, 398, 399, 400, 
    401, 402, 403, 404, 405, 406, 407, 408, 409, 410, 411, 412, 413, 414, 
    415, 416, 417, 418, 419, 420, 421, 422, 423, 424, 425, 426, 427, 428, 
    429, 430, 431, 432, 433, 434, 435, 436, 437, 438, 439, 440, 441, 442, 
    443, 444, 445, 446, 447, 448, 449, 450, 451, 452, 453, 454, 455, 456, 
    457, 458, 459, 460, 461, 462, 463, 464, 465, 466, 467, 468, 469, 470, 
    471, 472, 473, 474, 475, 476, 477, 478, 479, 480, 481, 482, 483, 484, 
    485, 486, 487, 488, 489, 490, 491, 492, 493, 494, 495, 496, 497, 498, 
    499, 500, 501, 502, 503, 504, 505, 506, 507, 508, 509, 510, 511, 512, 
    513, 514, 515, 516, 517, 518, 519, 520, 521, 522, 523, 524, 525, 526, 
    527, 528, 529, 530, 531, 532, 533, 534, 535, 536, 537, 538, 539, 540, 
    541, 542, 543, 544, 545, 546, 547, 548, 549, 550, 551, 552, 553, 554, 
    555, 556, 557, 558, 559, 560, 561, 562, 563, 564, 565, 566, 567, 568, 
    569, 570, 571, 572, 573, 574, 575, 576, 577, 578, 579, 580, 581, 582, 
    583, 584, 585, 586, 587, 588, 589, 590, 591, 592, 593, 594, 595, 596, 
    597, 598, 599, 600, 601, 602, 603, 604, 605, 606, 607, 608, 609, 610, 
    611, 612, 613, 614, 615, 616, 617, 618, 619, 620, 621, 622, 623, 624, 
    625, 626, 627, 628, 629, 630, 631, 632, 633, 634, 635, 636, 637, 638, 
    639, 640, 641, 642, 643, 644, 645, 646, 647, 648, 649, 650, 651, 652, 
    653, 654, 655, 656, 657, 658, 659, 660, 661, 662, 663, 664, 665, 666, 
    667, 668, 669, 670, 671, 672, 673, 674, 675, 676, 677, 678, 679, 680, 
    681, 682, 683, 684, 685, 686, 687, 688, 689, 690, 691, 692, 693, 694, 
    695, 696, 697, 698, 699, 700, 701, 702, 703, 704, 705, 706, 707, 708, 
    709, 710, 711, 712, 713, 714, 715, 716, 717, 718, 719, 720, 721, 722, 
    723, 724, 725, 726, 727, 728, 729, 730, 731, 732, 733, 734, 735, 736, 
    737, 738, 739, 740, 741, 742, 743, 744, 745, 746, 747, 748, 749, 750, 
    751, 752, 753, 754, 755, 756, 757, 758, 759, 760, 761, 762, 763, 764, 
    765, 766, 767, 768, 769, 770, 771, 772, 773, 774, 775, 776, 777, 778, 
    779, 780, 781, 782, 783, 784, 785, 786, 787, 788, 789, 790, 791, 792, 
    793, 794, 795, 796, 797, 798, 799, 800, 801, 802, 803, 804, 805, 806, 
    807, 808, 809, 810, 811, 812, 813, 814, 815, 816, 817, 818, 819, 820, 
    821, 822, 823, 824, 825, 826, 827, 828, 829, 830, 831, 832, 833, 834, 
    835, 836, 837, 838, 839, 840, 841, 842, 843, 844, 845, 846, 847, 848, 
    849, 850, 851, 852, 853, 854, 855, 856, 857, 858, 859, 860, 861, 862, 
    863, 864, 865, 866, 867, 868, 869, 870, 871, 872, 873, 874, 875, 876, 
    877, 878, 879, 880, 881, 882, 883, 884, 885, 886, 887, 888, 889, 890, 
    891, 892, 893, 894, 895, 896, 897, 898, 899, 900, 901, 902, 903, 904, 
    905, 906, 907, 908, 909, 910, 911, 912, 913, 914, 915, 916, 917, 918, 
    919, 920, 921, 922, 923, 924, 925, 926, 927, 928, 929, 930, 931, 932, 
    933, 934, 935, 936, 937, 938, 939, 940, 941, 942, 943, 944, 945, 946, 
    947, 948, 949, 950, 951, 952, 953, 954, 955, 956, 957, 958, 959, 960, 
    961, 962, 963, 964, 965, 966, 967, 968, 969, 970, 971, 972, 973, 974, 
    975, 976, 977, 978, 979, 980, 981, 982, 983, 984, 985, 986, 987, 988, 
    989, 990, 991, 992, 993, 994, 995, 996, 997, 998, 999, 1000, 1001, 1002, 
    1003, 1004, 1005, 1006, 1007, 1008, 1009, 1010, 1011, 1012, 1013, 1014, 
    1015, 1016, 1017, 1018, 1019, 1020, 1021, 1022, 1023, 1024, 1025, 1026, 
    1027, 1028, 1029, 1030, 1031, 1032, 1033, 1034, 1035, 1036, 1037, 1038, 
    1039, 1040, 1041, 1042, 1043, 1044, 1045, 1046, 1047, 1048, 1049, 1050, 
    1051, 1052, 1053, 1054, 1055, 1056, 1057, 1058, 1059, 1060, 1061, 1062, 
    1063, 1064, 1065, 1066, 1067, 1068, 1069, 1070, 1071, 1072, 1073, 1074, 
    1075, 1076, 1077, 1078, 1079, 1080, 1081, 1082, 1083, 1084, 1085, 1086, 
    1087, 1088, 1089, 1090, 1091, 1092, 1093, 1094, 1095, 1096, 1097, 1098, 
    1099, 1100, 1101, 1102, 1103, 1104, 1105, 1106, 1107, 1108, 1109, 1110, 
    1111, 1112, 1113, 1114, 1115, 1116, 1117, 1118, 1119, 1120, 1121, 1122, 
    1123, 1124, 1125, 1126, 1127, 1128, 1129, 1130, 1131, 1132, 1133, 1134, 
    1135, 1136, 1137, 1138, 1139, 1140, 1141, 1142, 1143, 1144, 1145, 1146, 
    1147, 1148, 1149, 1150, 1151, 1152, 1153, 1154, 1155, 1156, 1157, 1158, 
    1159, 1160, 1161, 1162, 1163, 1164, 1165, 1166, 1167, 1168, 1169, 1170, 
    1171, 1172, 1173, 1174, 1175, 1176, 1177, 1178, 1179, 1180, 1181, 1182, 
    1183, 1184, 1185, 1186, 1187, 1188, 1189, 1190, 1191, 1192, 1193, 1194, 
    1195, 1196, 1197, 1198, 1199, 1200, 1201, 1202, 1203, 1204, 1205, 1206, 
    1207, 1208, 1209, 1210, 1211, 1212, 1213, 1214, 1215, 1216, 1217, 1218, 
    1219, 1220, 1221, 1222, 1223, 1224, 1225, 1226, 1227, 1228, 1229, 1230, 
    1231, 1232, 1233, 1234, 1235, 1236, 1237, 1238, 1239, 1240, 1241, 1242, 
    1243, 1244, 1245, 1246, 1247, 1248, 1249, 1250, 1251, 1252, 1253, 1254, 
    1255, 1256, 1257, 1258, 1259, 1260, 1261, 1262, 1263, 1264, 1265, 1266, 
    1267, 1268, 1269, 1270, 1271, 1272, 1273, 1274, 1275, 1276, 1277, 1278, 
    1279, 1280, 1281, 1282, 1283, 1284, 1285, 1286, 1287, 1288, 1289, 1290, 
    1291, 1292, 1293, 1294, 1295, 1296, 1297, 1298, 1299, 1300, 1301, 1302, 
    1303, 1304, 1305, 1306, 1307, 1308, 1309, 1310, 1311, 1312, 1313, 1314, 
    1315, 1316, 1317, 1318, 1319, 1320, 1321, 1322, 1323, 1324, 1325, 1326, 
    1327, 1328, 1329, 1330, 1331, 1332, 1333, 1334, 1335, 1336, 1337, 1338, 
    1339, 1340, 1341, 1342, 1343, 1344, 1345, 1346, 1347, 1348, 1349, 1350, 
    1351, 1352, 1353, 1354, 1355, 1356, 1357, 1358, 1359, 1360, 1361, 1362, 
    1363, 1364, 1365, 1366, 1367, 1368, 1369, 1370, 1371, 1372, 1373, 1374, 
    1375, 1376, 1377, 1378, 1379, 1380, 1381, 1382, 1383, 1384, 1385, 1386, 
    1387, 1388, 1389, 1390, 1391, 1392, 1393, 1394, 1395, 1396, 1397, 1398, 
    1399, 1400, 1401, 1402, 1403, 1404, 1405, 1406, 1407, 1408, 1409, 1410, 
    1411, 1412, 1413, 1414, 1415, 1416, 1417, 1418, 1419, 1420, 1421, 1422, 
    1423, 1424, 1425, 1426, 1427, 1428, 1429, 1430, 1431, 1432, 1433, 1434, 
    1435, 1436, 1437, 1438, 1439, 1440, 1441, 1442, 1443, 1444, 1445, 1446, 
    1447, 1448, 1449, 1450, 1451, 1452, 1453, 1454, 1455, 1456, 1457, 1458, 
    1459, 1460, 1461, 1462, 1463, 1464, 1465, 1466, 1467, 1468, 1469, 1470, 
    1471, 1472, 1473, 1474, 1475, 1476, 1477, 1478, 1479, 1480, 1481, 1482, 
    1483, 1484, 1485, 1486, 1487, 1488, 1489, 1490, 1491, 1492, 1493, 1494, 
    1495, 1496, 1497, 1498, 1499, 1500, 1501, 1502, 1503, 1504, 1505, 1506, 
    1507, 1508, 1509, 1510, 1511, 1512, 1513, 1514, 1515, 1516, 1517, 1518, 
    1519, 1520, 1521, 1522, 1523, 1524, 1525, 1526, 1527, 1528, 1529, 1530, 
    1531, 1532, 1533, 1534, 1535, 1536, 1537, 1538, 1539, 1540, 1541, 1542, 
    1543, 1544, 1545, 1546, 1547, 1548, 1549, 1550, 1551, 1552, 1553, 1554, 
    1555, 1556, 1557, 1558, 1559, 1560, 1561, 1562, 1563, 1564, 1565, 1566, 
    1567, 1568, 1569, 1570, 1571, 1572, 1573, 1574, 1575, 1576, 1577, 1578, 
    1579, 1580, 1581, 1582, 1583, 1584, 1585, 1586, 1587, 1588, 1589, 1590, 
    1591, 1592, 1593, 1594, 1595, 1596, 1597, 1598, 1599, 1600, 1601, 1602, 
    1603, 1604, 1605, 1606, 1607, 1608, 1609, 1610, 1611, 1612, 1613, 1614, 
    1615, 1616, 1617, 1618, 1619, 1620, 1621, 1622, 1623, 1624, 1625, 1626, 
    1627, 1628, 1629, 1630, 1631, 1632, 1633, 1634, 1635, 1636, 1637, 1638, 
    1639, 1640, 1641, 1642, 1643, 1644, 1645, 1646, 1647, 1648, 1649, 1650, 
    1651, 1652, 1653, 1654, 1655, 1656, 1657, 1658, 1659, 1660, 1661, 1662, 
    1663, 1664, 1665, 1666, 1667, 1668, 1669, 1670, 1671, 1672, 1673, 1674, 
    1675, 1676, 1677, 1678, 1679, 1680, 1681, 1682, 1683, 1684, 1685, 1686, 
    1687, 1688, 1689, 1690, 1691, 1692, 1693, 1694, 1695, 1696, 1697, 1698, 
    1699, 1700, 1701, 1702, 1703, 1704, 1705, 1706, 1707, 1708, 1709, 1710, 
    1711, 1712, 1713, 1714, 1715, 1716, 1717, 1718, 1719, 1720, 1721, 1722, 
    1723, 1724, 1725, 1726, 1727, 1728, 1729, 1730, 1731, 1732, 1733, 1734, 
    1735, 1736, 1737, 1738, 1739, 1740, 1741, 1742, 1743, 1744, 1745, 1746, 
    1747, 1748, 1749, 1750, 1751, 1752, 1753, 1754, 1755, 1756, 1757, 1758, 
    1759, 1760, 1761, 1762, 1763, 1764, 1765, 1766, 1767, 1768, 1769, 1770, 
    1771, 1772, 1773, 1774, 1775, 1776, 1777, 1778, 1779, 1780, 1781, 1782, 
    1783, 1784, 1785, 1786, 1787, 1788, 1789, 1790, 1791, 1792, 1793, 1794, 
    1795, 1796, 1797, 1798, 1799, 1800, 1801, 1802, 1803, 1804, 1805, 1806, 
    1807, 1808, 1809, 1810, 1811, 1812, 1813, 1814, 1815, 1816, 1817, 1818, 
    1819, 1820, 1821, 1822, 1823, 1824, 1825, 1826, 1827, 1828, 1829, 1830, 
    1831, 1832, 1833, 1834, 1835, 1836, 1837, 1838, 1839, 1840, 1841, 1842, 
    1843, 1844, 1845, 1846, 1847, 1848, 1849, 1850, 1851, 1852, 1853, 1854, 
    1855, 1856, 1857, 1858, 1859, 1860, 1861, 1862, 1863, 1864, 1865, 1866, 
    1867, 1868, 1869, 1870, 1871, 1872, 1873, 1874, 1875, 1876, 1877, 1878, 
    1879, 1880, 1881, 1882, 1883, 1884, 1885, 1886, 1887, 1888, 1889, 1890, 
    1891, 1892, 1893, 1894, 1895, 1896, 1897, 1898, 1899, 1900, 1901, 1902, 
    1903, 1904, 1905, 1906, 1907, 1908, 1909, 1910, 1911, 1912, 1913, 1914, 
    1915, 1916, 1917, 1918, 1919, 1920, 1921, 1922, 1923, 1924, 1925, 1926, 
    1927, 1928, 1929, 1930, 1931, 1932, 1933, 1934, 1935, 1936, 1937, 1938, 
    1939, 1940, 1941, 1942, 1943, 1944, 1945, 1946, 1947, 1948, 1949, 1950, 
    1951, 1952, 1953, 1954, 1955, 1956, 1957, 1958, 1959, 1960, 1961, 1962, 
    1963, 1964, 1965, 1966, 1967, 1968, 1969, 1970, 1971, 1972, 1973, 1974, 
    1975, 1976, 1977, 1978, 1979, 1980, 1981, 1982, 1983, 1984, 1985, 1986, 
    1987, 1988, 1989, 1990, 1991, 1992, 1993, 1994, 1995, 1996, 1997, 1998, 
    1999, 2000, 2001, 2002, 2003, 2004, 2005, 2006, 2007, 2008, 2009, 2010, 
    2011, 2012, 2013, 2014, 2015, 2016, 2017, 2018, 2019, 2020, 2021, 2022, 
    2023, 2024, 2025, 2026, 2027, 2028, 2029, 2030, 2031, 2032, 2033, 2034, 
    2035, 2036, 2037, 2038, 2039, 2040, 2041, 2042, 2043, 2044, 2045, 2046, 
    2047, 2048, 2049, 2050, 2051, 2052, 2053, 2054, 2055, 2056, 2057, 2058, 
    2059, 2060, 2061, 2062, 2063, 2064, 2065, 2066, 2067, 2068, 2069, 2070, 
    2071, 2072, 2073, 2074, 2075, 2076, 2077, 2078, 2079, 2080, 2081, 2082, 
    2083, 2084, 2085, 2086, 2087, 2088, 2089, 2090, 2091, 2092, 2093, 2094, 
    2095, 2096, 2097, 2098, 2099, 2100, 2101, 2102, 2103, 2104, 2105, 2106, 
    2107, 2108, 2109, 2110, 2111, 2112, 2113, 2114, 2115, 2116, 2117, 2118, 
    2119, 2120, 2121, 2122, 2123, 2124, 2125, 2126, 2127, 2128, 2129, 2130, 
    2131, 2132, 2133, 2134, 2135, 2136, 2137, 2138, 2139, 2140, 2141, 2142, 
    2143, 2144, 2145, 2146, 2147, 2148, 2149, 2150, 2151, 2152, 2153, 2154, 
    2155, 2156, 2157, 2158, 2159, 2160, 2161, 2162, 2163, 2164, 2165, 2166, 
    2167, 2168, 2169, 2170, 2171, 2172, 2173, 2174, 2175, 2176, 2177, 2178, 
    2179, 2180, 2181, 2182, 2183, 2184, 2185, 2186, 2187, 2188, 2189, 2190, 
    2191, 2192, 2193, 2194, 2195, 2196, 2197, 2198, 2199, 2200, 2201, 2202, 
    2203, 2204, 2205, 2206, 2207, 2208, 2209, 2210, 2211, 2212, 2213, 2214, 
    2215, 2216, 2217, 2218, 2219, 2220, 2221, 2222, 2223, 2224, 2225, 2226, 
    2227, 2228, 2229, 2230, 2231, 2232, 2233, 2234, 2235, 2236, 2237, 2238, 
    2239, 2240, 2241, 2242, 2243, 2244, 2245, 2246, 2247, 2248, 2249, 2250, 
    2251, 2252, 2253, 2254, 2255, 2256, 2257, 2258, 2259, 2260, 2261, 2262, 
    2263, 2264, 2265, 2266, 2267, 2268, 2269, 2270, 2271, 2272, 2273, 2274, 
    2275, 2276, 2277, 2278, 2279, 2280, 2281, 2282, 2283, 2284, 2285, 2286, 
    2287, 2288, 2289, 2290, 2291, 2292, 2293, 2294, 2295, 2296, 2297, 2298, 
    2299, 2300, 2301, 2302, 2303, 2304, 2305, 2306, 2307, 2308, 2309, 2310, 
    2311, 2312, 2313, 2314, 2315, 2316, 2317, 2318, 2319, 2320, 2321, 2322, 
    2323, 2324, 2325, 2326, 2327, 2328, 2329, 2330, 2331, 2332, 2333, 2334, 
    2335, 2336, 2337, 2338, 2339, 2340, 2341, 2342, 2343, 2344, 2345, 2346, 
    2347, 2348, 2349, 2350, 2351, 2352, 2353, 2354, 2355, 2356, 2357, 2358, 
    2359, 2360, 2361, 2362, 2363, 2364, 2365, 2366, 2367, 2368, 2369, 2370, 
    2371, 2372, 2373, 2374, 2375, 2376, 2377, 2378, 2379, 2380, 2381, 2382, 
    2383, 2384, 2385, 2386, 2387, 2388, 2389, 2390, 2391, 2392, 2393, 2394, 
    2395, 2396, 2397, 2398, 2399, 2400, 2401, 2402, 2403, 2404, 2405, 2406, 
    2407, 2408, 2409, 2410, 2411, 2412, 2413, 2414, 2415, 2416, 2417, 2418, 
    2419, 2420, 2421, 2422, 2423, 2424, 2425, 2426, 2427, 2428, 2429, 2430, 
    2431, 2432, 2433, 2434, 2435, 2436, 2437, 2438, 2439, 2440, 2441, 2442, 
    2443, 2444, 2445, 2446, 2447, 2448, 2449, 2450, 2451, 2452, 2453, 2454, 
    2455, 2456, 2457, 2458, 2459, 2460, 2461, 2462, 2463, 2464, 2465, 2466, 
    2467, 2468, 2469, 2470, 2471, 2472, 2473, 2474, 2475, 2476, 2477, 2478, 
    2479, 2480, 2481, 2482, 2483, 2484, 2485, 2486, 2487, 2488, 2489, 2490, 
    2491, 2492, 2493, 2494, 2495, 2496, 2497, 2498, 2499, 2500, 2501, 2502, 
    2503, 2504, 2505, 2506, 2507, 2508, 2509, 2510, 2511, 2512, 2513, 2514, 
    2515, 2516, 2517, 2518, 2519, 2520, 2521, 2522, 2523, 2524, 2525, 2526, 
    2527, 2528, 2529, 2530, 2531, 2532, 2533, 2534, 2535, 2536, 2537, 2538, 
    2539, 2540, 2541, 2542, 2543, 2544, 2545, 2546, 2547, 2548, 2549, 2550, 
    2551, 2552, 2553, 2554, 2555, 2556, 2557, 2558, 2559, 2560, 2561, 2562, 
    2563, 2564, 2565, 2566, 2567, 2568, 2569, 2570, 2571, 2572, 2573, 2574, 
    2575, 2576, 2577, 2578, 2579, 2580, 2581, 2582, 2583, 2584, 2585, 2586, 
    2587, 2588, 2589, 2590, 2591, 2592, 2593, 2594, 2595, 2596, 2597, 2598, 
    2599, 2600, 2601, 2602, 2603, 2604, 2605, 2606, 2607, 2608, 2609, 2610, 
    2611, 2612, 2613, 2614, 2615, 2616, 2617, 2618, 2619, 2620, 2621, 2622, 
    2623, 2624, 2625, 2626, 2627, 2628, 2629, 2630, 2631, 2632, 2633, 2634, 
    2635, 2636, 2637, 2638, 2639, 2640, 2641, 2642, 2643, 2644, 2645, 2646, 
    2647, 2648, 2649, 2650, 2651, 2652, 2653, 2654, 2655, 2656, 2657, 2658, 
    2659, 2660, 2661, 2662, 2663, 2664, 2665, 2666, 2667, 2668, 2669, 2670, 
    2671, 2672, 2673, 2674, 2675, 2676, 2677, 2678, 2679, 2680, 2681, 2682, 
    2683, 2684, 2685, 2686, 2687, 2688, 2689, 2690, 2691, 2692, 2693, 2694, 
    2695, 2696, 2697, 2698, 2699, 2700, 2701, 2702, 2703, 2704, 2705, 2706, 
    2707, 2708, 2709, 2710, 2711, 2712, 2713, 2714, 2715, 2716, 2717, 2718, 
    2719, 2720, 2721, 2722, 2723, 2724, 2725, 2726, 2727, 2728, 2729, 2730, 
    2731, 2732, 2733, 2734, 2735, 2736, 2737, 2738, 2739, 2740, 2741, 2742, 
    2743, 2744, 2745, 2746, 2747, 2748, 2749, 2750, 2751, 2752, 2753, 2754, 
    2755, 2756, 2757, 2758, 2759, 2760, 2761, 2762, 2763, 2764, 2765, 2766, 
    2767, 2768, 2769, 2770, 2771, 2772, 2773, 2774, 2775, 2776, 2777, 2778, 
    2779, 2780, 2781, 2782, 2783, 2784, 2785, 2786, 2787, 2788, 2789, 2790, 
    2791, 2792, 2793, 2794, 2795, 2796, 2797, 2798, 2799, 2800, 2801, 2802, 
    2803, 2804, 2805, 2806, 2807, 2808, 2809, 2810, 2811, 2812, 2813, 2814, 
    2815, 2816, 2817, 2818, 2819, 2820, 2821, 2822, 2823, 2824, 2825, 2826, 
    2827, 2828, 2829, 2830, 2831, 2832, 2833, 2834, 2835, 2836, 2837, 2838, 
    2839, 2840, 2841, 2842, 2843, 2844, 2845, 2846, 2847, 2848, 2849, 2850, 
    2851, 2852, 2853, 2854, 2855, 2856, 2857, 2858, 2859, 2860, 2861, 2862, 
    2863, 2864, 2865, 2866, 2867, 2868, 2869, 2870, 2871, 2872, 2873, 2874, 
    2875, 2876, 2877, 2878, 2879, 2880, 2881, 2882, 2883, 2884, 2885, 2886, 
    2887, 2888, 2889, 2890, 2891, 2892, 2893, 2894, 2895, 2896, 2897, 2898, 
    2899, 2900, 2901, 2902, 2903, 2904, 2905, 2906, 2907, 2908, 2909, 2910, 
    2911, 2912, 2913, 2914, 2915, 2916, 2917, 2918, 2919, 2920, 2921, 2922, 
    2923, 2924, 2925, 2926, 2927, 2928, 2929, 2930, 2931, 2932, 2933, 2934, 
    2935, 2936, 2937, 2938, 2939, 2940, 2941, 2942, 2943, 2944, 2945, 2946, 
    2947, 2948, 2949, 2950, 2951, 2952, 2953, 2954, 2955, 2956, 2957, 2958, 
    2959, 2960, 2961, 2962, 2963, 2964, 2965, 2966, 2967, 2968, 2969, 2970, 
    2971, 2972, 2973, 2974, 2975, 2976, 2977, 2978, 2979, 2980, 2981, 2982, 
    2983, 2984, 2985, 2986, 2987, 2988, 2989, 2990, 2991, 2992, 2993, 2994, 
    2995, 2996, 2997, 2998, 2999, 3000, 3001, 3002, 3003, 3004, 3005, 3006, 
    3007, 3008, 3009, 3010, 3011, 3012, 3013, 3014, 3015, 3016, 3017, 3018, 
    3019, 3020, 3021, 3022, 3023, 3024, 3025, 3026, 3027, 3028, 3029, 3030, 
    3031, 3032, 3033, 3034, 3035, 3036, 3037, 3038, 3039, 3040, 3041, 3042, 
    3043, 3044, 3045, 3046, 3047, 3048, 3049, 3050, 3051, 3052, 3053, 3054, 
    3055, 3056, 3057, 3058, 3059, 3060, 3061, 3062, 3063, 3064, 3065, 3066, 
    3067, 3068, 3069, 3070, 3071, 3072, 3073, 3074, 3075, 3076, 3077, 3078, 
    3079, 3080, 3081, 3082, 3083, 3084, 3085, 3086, 3087, 3088, 3089, 3090, 
    3091, 3092, 3093, 3094, 3095, 3096, 3097, 3098, 3099, 3100, 3101, 3102, 
    3103, 3104, 3105, 3106, 3107, 3108, 3109, 3110, 3111, 3112, 3113, 3114, 
    3115, 3116, 3117, 3118, 3119, 3120, 3121, 3122, 3123, 3124, 3125, 3126, 
    3127, 3128, 3129, 3130, 3131, 3132, 3133, 3134, 3135, 3136, 3137, 3138, 
    3139, 3140, 3141, 3142, 3143, 3144, 3145, 3146, 3147, 3148, 3149, 3150, 
    3151, 3152, 3153, 3154, 3155, 3156, 3157, 3158, 3159, 3160, 3161, 3162, 
    3163, 3164, 3165, 3166, 3167, 3168, 3169, 3170, 3171, 3172, 3173, 3174, 
    3175, 3176, 3177, 3178, 3179, 3180, 3181, 3182, 3183, 3184, 3185, 3186, 
    3187, 3188, 3189, 3190, 3191, 3192, 3193, 3194, 3195, 3196, 3197, 3198, 
    3199, 3200, 3201, 3202, 3203, 3204, 3205, 3206, 3207, 3208, 3209, 3210, 
    3211, 3212, 3213, 3214, 3215, 3216, 3217, 3218, 3219, 3220, 3221, 3222, 
    3223, 3224, 3225, 3226, 3227, 3228, 3229, 3230, 3231, 3232, 3233, 3234, 
    3235, 3236, 3237, 3238, 3239, 3240, 3241, 3242, 3243, 3244, 3245, 3246, 
    3247, 3248, 3249, 3250, 3251, 3252, 3253, 3254, 3255, 3256, 3257, 3258, 
    3259, 3260, 3261, 3262, 3263, 3264, 3265, 3266, 3267, 3268, 3269, 3270, 
    3271, 3272, 3273, 3274, 3275, 3276, 3277, 3278, 3279, 3280, 3281, 3282, 
    3283, 3284, 3285, 3286, 3287, 3288, 3289, 3290, 3291, 3292, 3293, 3294, 
    3295, 3296, 3297, 3298, 3299, 3300, 3301, 3302, 3303, 3304, 3305, 3306, 
    3307, 3308, 3309, 3310, 3311, 3312, 3313, 3314, 3315, 3316, 3317, 3318, 
    3319, 3320, 3321, 3322, 3323, 3324, 3325, 3326, 3327, 3328, 3329, 3330, 
    3331, 3332, 3333, 3334, 3335, 3336, 3337, 3338, 3339, 3340, 3341, 3342, 
    3343, 3344, 3345, 3346, 3347, 3348, 3349, 3350, 3351, 3352, 3353, 3354, 
    3355, 3356, 3357, 3358, 3359, 3360, 3361, 3362, 3363, 3364, 3365, 3366, 
    3367, 3368, 3369, 3370, 3371, 3372, 3373, 3374, 3375, 3376, 3377, 3378, 
    3379, 3380, 3381, 3382, 3383, 3384, 3385, 3386, 3387, 3388, 3389, 3390, 
    3391, 3392, 3393, 3394, 3395, 3396, 3397, 3398, 3399, 3400, 3401, 3402, 
    3403, 3404, 3405, 3406, 3407, 3408, 3409, 3410, 3411, 3412, 3413, 3414, 
    3415, 3416, 3417, 3418, 3419, 3420, 3421, 3422, 3423, 3424, 3425, 3426, 
    3427, 3428, 3429, 3430, 3431, 3432, 3433, 3434, 3435, 3436, 3437, 3438, 
    3439, 3440, 3441, 3442, 3443, 3444, 3445, 3446, 3447, 3448, 3449, 3450, 
    3451, 3452, 3453, 3454, 3455, 3456, 3457, 3458, 3459, 3460, 3461, 3462, 
    3463, 3464, 3465, 3466, 3467, 3468, 3469, 3470, 3471, 3472, 3473, 3474, 
    3475, 3476, 3477, 3478, 3479, 3480, 3481, 3482, 3483, 3484, 3485, 3486, 
    3487, 3488, 3489, 3490, 3491, 3492, 3493, 3494, 3495, 3496, 3497, 3498, 
    3499, 3500, 3501, 3502, 3503, 3504, 3505, 3506, 3507, 3508, 3509, 3510, 
    3511, 3512, 3513, 3514, 3515, 3516, 3517, 3518, 3519, 3520, 3521, 3522, 
    3523, 3524, 3525, 3526, 3527, 3528, 3529, 3530, 3531, 3532, 3533, 3534, 
    3535, 3536, 3537, 3538, 3539, 3540, 3541, 3542, 3543, 3544, 3545, 3546, 
    3547, 3548, 3549, 3550, 3551, 3552, 3553, 3554, 3555, 3556, 3557, 3558, 
    3559, 3560, 3561, 3562, 3563, 3564, 3565, 3566, 3567, 3568, 3569, 3570, 
    3571, 3572, 3573, 3574, 3575, 3576, 3577, 3578, 3579, 3580, 3581, 3582, 
    3583, 3584, 3585, 3586, 3587, 3588, 3589, 3590, 3591, 3592, 3593, 3594, 
    3595, 3596, 3597, 3598, 3599, 3600, 3601, 3602, 3603, 3604, 3605, 3606, 
    3607, 3608, 3609, 3610, 3611, 3612, 3613, 3614, 3615, 3616, 3617, 3618, 
    3619, 3620, 3621, 3622, 3623, 3624, 3625, 3626, 3627, 3628, 3629, 3630, 
    3631, 3632, 3633, 3634, 3635, 3636, 3637, 3638, 3639, 3640, 3641, 3642, 
    3643, 3644, 3645, 3646, 3647, 3648, 3649, 3650, 3651, 3652, 3653, 3654, 
    3655, 3656, 3657, 3658, 3659, 3660, 3661, 3662, 3663, 3664, 3665, 3666, 
    3667, 3668, 3669, 3670, 3671, 3672, 3673, 3674, 3675, 3676, 3677, 3678, 
    3679, 3680, 3681, 3682, 3683, 3684, 3685, 3686, 3687, 3688, 3689, 3690, 
    3691, 3692, 3693, 3694, 3695, 3696, 3697, 3698, 3699, 3700, 3701, 3702, 
    3703, 3704, 3705, 3706, 3707, 3708, 3709, 3710, 3711, 3712, 3713, 3714, 
    3715, 3716, 3717, 3718, 3719, 3720, 3721, 3722, 3723, 3724, 3725, 3726, 
    3727, 3728, 3729, 3730, 3731, 3732, 3733, 3734, 3735, 3736, 3737, 3738, 
    3739, 3740, 3741, 3742, 3743, 3744, 3745, 3746, 3747, 3748, 3749, 3750, 
    3751, 3752, 3753, 3754, 3755, 3756, 3757, 3758, 3759, 3760, 3761, 3762, 
    3763, 3764, 3765, 3766, 3767, 3768, 3769, 3770, 3771, 3772, 3773, 3774, 
    3775, 3776, 3777, 3778, 3779, 3780, 3781, 3782, 3783, 3784, 3785, 3786, 
    3787, 3788, 3789, 3790, 3791, 3792, 3793, 3794, 3795, 3796, 3797, 3798, 
    3799, 3800, 3801, 3802, 3803, 3804, 3805, 3806, 3807, 3808, 3809, 3810, 
    3811, 3812, 3813, 3814, 3815, 3816, 3817, 3818, 3819, 3820, 3821, 3822, 
    3823, 3824, 3825, 3826, 3827, 3828, 3829, 3830, 3831, 3832, 3833, 3834, 
    3835, 3836, 3837, 3838, 3839, 3840, 3841, 3842, 3843, 3844, 3845, 3846, 
    3847, 3848, 3849, 3850, 3851, 3852, 3853, 3854, 3855, 3856, 3857, 3858, 
    3859, 3860, 3861, 3862, 3863, 3864, 3865, 3866, 3867, 3868, 3869, 3870, 
    3871, 3872, 3873, 3874, 3875, 3876, 3877, 3878, 3879, 3880, 3881, 3882, 
    3883, 3884, 3885, 3886, 3887, 3888, 3889, 3890, 3891, 3892, 3893, 3894, 
    3895, 3896, 3897, 3898, 3899, 3900, 3901, 3902, 3903, 3904, 3905, 3906, 
    3907, 3908, 3909, 3910, 3911, 3912, 3913, 3914, 3915, 3916, 3917, 3918, 
    3919, 3920, 3921, 3922, 3923, 3924, 3925, 3926, 3927, 3928, 3929, 3930, 
    3931, 3932, 3933, 3934, 3935, 3936, 3937, 3938, 3939, 3940, 3941, 3942, 
    3943, 3944, 3945, 3946, 3947, 3948, 3949, 3950, 3951, 3952, 3953, 3954, 
    3955, 3956, 3957, 3958, 3959, 3960, 3961, 3962, 3963, 3964, 3965, 3966, 
    3967, 3968, 3969, 3970, 3971, 3972, 3973, 3974, 3975, 3976, 3977, 3978, 
    3979, 3980, 3981, 3982, 3983, 3984, 3985, 3986, 3987, 3988, 3989, 3990, 
    3991, 3992, 3993, 3994, 3995, 3996, 3997, 3998, 3999, 4000, 4001, 4002, 
    4003, 4004, 4005, 4006, 4007, 4008, 4009, 4010, 4011, 4012, 4013, 4014, 
    4015, 4016, 4017, 4018, 4019, 4020, 4021, 4022, 4023, 4024, 4025, 4026, 
    4027, 4028, 4029, 4030, 4031, 4032, 4033, 4034, 4035, 4036, 4037, 4038, 
    4039, 4040, 4041, 4042, 4043, 4044, 4045, 4046, 4047, 4048, 4049, 4050, 
    4051, 4052, 4053, 4054, 4055, 4056, 4057, 4058, 4059, 4060, 4061, 4062, 
    4063, 4064, 4065, 4066, 4067, 4068, 4069, 4070, 4071, 4072, 4073, 4074, 
    4075, 4076, 4077, 4078, 4079, 4080, 4081, 4082, 4083, 4084, 4085, 4086, 
    4087, 4088, 4089, 4090, 4091, 4092, 4093, 4094, 4095, 4096, 4097, 4098, 
    4099, 4100, 4101, 4102, 4103, 4104, 4105, 4106, 4107, 4108, 4109, 4110, 
    4111, 4112, 4113, 4114, 4115, 4116, 4117, 4118, 4119, 4120, 4121, 4122, 
    4123, 4124, 4125, 4126, 4127, 4128, 4129, 4130, 4131, 4132, 4133, 4134, 
    4135, 4136, 4137, 4138, 4139, 4140, 4141, 4142, 4143, 4144, 4145, 4146, 
    4147, 4148, 4149, 4150, 4151, 4152, 4153, 4154, 4155, 4156, 4157, 4158, 
    4159, 4160, 4161, 4162, 4163, 4164, 4165, 4166, 4167, 4168, 4169, 4170, 
    4171, 4172, 4173, 4174, 4175, 4176, 4177, 4178, 4179, 4180, 4181, 4182, 
    4183, 4184, 4185, 4186, 4187, 4188, 4189, 4190, 4191, 4192, 4193, 4194, 
    4195, 4196, 4197, 4198, 4199, 4200, 4201, 4202, 4203, 4204, 4205, 4206, 
    4207, 4208, 4209, 4210, 4211, 4212, 4213, 4214, 4215, 4216, 4217, 4218, 
    4219, 4220, 4221, 4222, 4223, 4224, 4225, 4226, 4227, 4228, 4229, 4230, 
    4231, 4232, 4233, 4234, 4235, 4236, 4237, 4238, 4239, 4240, 4241, 4242, 
    4243, 4244, 4245, 4246, 4247, 4248, 4249, 4250, 4251, 4252, 4253, 4254, 
    4255, 4256, 4257, 4258, 4259, 4260, 4261, 4262, 4263, 4264, 4265, 4266, 
    4267, 4268, 4269, 4270, 4271, 4272, 4273, 4274, 4275, 4276, 4277, 4278, 
    4279, 4280, 4281, 4282, 4283, 4284, 4285, 4286, 4287, 4288, 4289, 4290, 
    4291, 4292, 4293, 4294, 4295, 4296, 4297, 4298, 4299, 4300, 4301, 4302, 
    4303, 4304, 4305, 4306, 4307, 4308, 4309, 4310, 4311, 4312, 4313, 4314, 
    4315, 4316, 4317, 4318, 4319, 4320, 4321, 4322, 4323, 4324, 4325, 4326, 
    4327, 4328, 4329, 4330, 4331, 4332, 4333, 4334, 4335, 4336, 4337, 4338, 
    4339, 4340, 4341, 4342, 4343, 4344, 4345, 4346, 4347, 4348, 4349, 4350, 
    4351, 4352, 4353, 4354, 4355, 4356, 4357, 4358, 4359, 4360, 4361, 4362, 
    4363, 4364, 4365, 4366, 4367, 4368, 4369, 4370, 4371, 4372, 4373, 4374, 
    4375, 4376, 4377, 4378, 4379, 4380, 4381, 4382, 4383, 4384, 4385, 4386, 
    4387, 4388, 4389, 4390, 4391, 4392, 4393, 4394, 4395, 4396, 4397, 4398, 
    4399, 4400, 4401, 4402, 4403, 4404, 4405, 4406, 4407, 4408, 4409, 4410, 
    4411, 4412, 4413, 4414, 4415, 4416, 4417, 4418, 4419, 4420, 4421, 4422, 
    4423, 4424, 4425, 4426, 4427, 4428, 4429, 4430, 4431, 4432, 4433, 4434, 
    4435, 4436, 4437, 4438, 4439, 4440, 4441, 4442, 4443, 4444, 4445, 4446, 
    4447, 4448, 4449, 4450, 4451, 4452, 4453, 4454, 4455, 4456, 4457, 4458, 
    4459, 4460, 4461, 4462, 4463, 4464, 4465, 4466, 4467, 4468, 4469, 4470, 
    4471, 4472, 4473, 4474, 4475, 4476, 4477, 4478, 4479, 4480, 4481, 4482, 
    4483, 4484, 4485, 4486, 4487, 4488, 4489, 4490, 4491, 4492, 4493, 4494, 
    4495, 4496, 4497, 4498, 4499, 4500, 4501, 4502, 4503, 4504, 4505, 4506, 
    4507, 4508, 4509, 4510, 4511, 4512, 4513, 4514, 4515, 4516, 4517, 4518, 
    4519, 4520, 4521, 4522, 4523, 4524, 4525, 4526, 4527, 4528, 4529, 4530, 
    4531, 4532, 4533, 4534, 4535, 4536, 4537, 4538, 4539, 4540, 4541, 4542, 
    4543, 4544, 4545, 4546, 4547, 4548, 4549, 4550, 4551, 4552, 4553, 4554, 
    4555, 4556, 4557, 4558, 4559, 4560, 4561, 4562, 4563, 4564, 4565, 4566, 
    4567, 4568, 4569, 4570, 4571, 4572, 4573, 4574, 4575, 4576, 4577, 4578, 
    4579, 4580, 4581, 4582, 4583, 4584, 4585, 4586, 4587, 4588, 4589, 4590, 
    4591, 4592, 4593, 4594, 4595, 4596, 4597, 4598, 4599, 4600, 4601, 4602, 
    4603, 4604, 4605, 4606, 4607, 4608, 4609, 4610, 4611, 4612, 4613, 4614, 
    4615, 4616, 4617, 4618, 4619, 4620, 4621, 4622, 4623, 4624, 4625, 4626, 
    4627, 4628, 4629, 4630, 4631, 4632, 4633, 4634, 4635, 4636, 4637, 4638, 
    4639, 4640, 4641, 4642, 4643, 4644, 4645, 4646, 4647, 4648, 4649, 4650, 
    4651, 4652, 4653, 4654, 4655, 4656, 4657, 4658, 4659, 4660, 4661, 4662, 
    4663, 4664, 4665, 4666, 4667, 4668, 4669, 4670, 4671, 4672, 4673, 4674, 
    4675, 4676, 4677, 4678, 4679, 4680, 4681, 4682, 4683, 4684, 4685, 4686, 
    4687, 4688, 4689, 4690, 4691, 4692, 4693, 4694, 4695, 4696, 4697, 4698, 
    4699, 4700, 4701, 4702, 4703, 4704, 4705, 4706, 4707, 4708, 4709, 4710, 
    4711, 4712, 4713, 4714, 4715, 4716, 4717, 4718, 4719, 4720, 4721, 4722, 
    4723, 4724, 4725, 4726, 4727, 4728, 4729, 4730, 4731, 4732, 4733, 4734, 
    4735, 4736, 4737, 4738, 4739, 4740, 4741, 4742, 4743, 4744, 4745, 4746, 
    4747, 4748, 4749, 4750, 4751, 4752, 4753, 4754, 4755, 4756, 4757, 4758, 
    4759, 4760, 4761, 4762, 4763, 4764, 4765, 4766, 4767, 4768, 4769, 4770, 
    4771, 4772, 4773, 4774, 4775, 4776, 4777, 4778, 4779, 4780, 4781, 4782, 
    4783, 4784, 4785, 4786, 4787, 4788, 4789, 4790, 4791, 4792, 4793, 4794, 
    4795, 4796, 4797, 4798, 4799, 4800, 4801, 4802, 4803, 4804, 4805, 4806, 
    4807, 4808, 4809, 4810, 4811, 4812, 4813, 4814, 4815, 4816, 4817, 4818, 
    4819, 4820, 4821, 4822, 4823, 4824, 4825, 4826, 4827, 4828, 4829, 4830, 
    4831, 4832, 4833, 4834, 4835, 4836, 4837, 4838, 4839, 4840, 4841, 4842, 
    4843, 4844, 4845, 4846, 4847, 4848, 4849, 4850, 4851, 4852, 4853, 4854, 
    4855, 4856, 4857, 4858, 4859, 4860, 4861, 4862, 4863, 4864, 4865, 4866, 
    4867, 4868, 4869, 4870, 4871, 4872, 4873, 4874, 4875, 4876, 4877, 4878, 
    4879, 4880, 4881, 4882, 4883, 4884, 4885, 4886, 4887, 4888, 4889, 4890, 
    4891, 4892, 4893, 4894, 4895, 4896, 4897, 4898, 4899, 4900, 4901, 4902, 
    4903, 4904, 4905, 4906, 4907, 4908, 4909, 4910, 4911, 4912, 4913, 4914, 
    4915, 4916, 4917, 4918, 4919, 4920, 4921, 4922, 4923, 4924, 4925, 4926, 
    4927, 4928, 4929, 4930, 4931, 4932, 4933, 4934, 4935, 4936, 4937, 4938, 
    4939, 4940, 4941, 4942, 4943, 4944, 4945, 4946, 4947, 4948, 4949, 4950, 
    4951, 4952, 4953, 4954, 4955, 4956, 4957, 4958, 4959, 4960, 4961, 4962, 
    4963, 4964, 4965, 4966, 4967, 4968, 4969, 4970, 4971, 4972, 4973, 4974, 
    4975, 4976, 4977, 4978, 4979, 4980, 4981, 4982, 4983, 4984, 4985, 4986, 
    4987, 4988, 4989, 4990, 4991, 4992, 4993, 4994, 4995, 4996, 4997, 4998, 
    4999, 5000, 5001, 5002, 5003, 5004, 5005, 5006, 5007, 5008, 5009, 5010, 
    5011, 5012, 5013, 5014, 5015, 5016, 5017, 5018, 5019, 5020, 5021, 5022, 
    5023, 5024, 5025, 5026, 5027, 5028, 5029, 5030, 5031, 5032, 5033, 5034, 
    5035, 5036, 5037, 5038, 5039, 5040, 5041, 5042, 5043, 5044, 5045, 5046, 
    5047, 5048, 5049, 5050, 5051, 5052, 5053, 5054, 5055, 5056, 5057, 5058, 
    5059, 5060, 5061, 5062, 5063, 5064, 5065, 5066, 5067, 5068, 5069, 5070, 
    5071, 5072, 5073, 5074, 5075, 5076, 5077, 5078, 5079, 5080, 5081, 5082, 
    5083, 5084, 5085, 5086, 5087, 5088, 5089, 5090, 5091, 5092, 5093, 5094, 
    5095, 5096, 5097, 5098, 5099, 5100, 5101, 5102, 5103, 5104, 5105, 5106, 
    5107, 5108, 5109, 5110, 5111, 5112, 5113, 5114, 5115, 5116, 5117, 5118, 
    5119, 5120, 5121, 5122, 5123, 5124, 5125, 5126, 5127, 5128, 5129, 5130, 
    5131, 5132, 5133, 5134, 5135, 5136, 5137, 5138, 5139, 5140, 5141, 5142, 
    5143, 5144, 5145, 5146, 5147, 5148, 5149, 5150, 5151, 5152, 5153, 5154, 
    5155, 5156, 5157, 5158, 5159, 5160, 5161, 5162, 5163, 5164, 5165, 5166, 
    5167, 5168, 5169, 5170, 5171, 5172, 5173, 5174, 5175, 5176, 5177, 5178, 
    5179, 5180, 5181, 5182, 5183, 5184, 5185, 5186, 5187, 5188, 5189, 5190, 
    5191, 5192, 5193, 5194, 5195, 5196, 5197, 5198, 5199, 5200, 5201, 5202, 
    5203, 5204, 5205, 5206, 5207, 5208, 5209, 5210, 5211, 5212, 5213, 5214, 
    5215, 5216, 5217, 5218, 5219, 5220, 5221, 5222, 5223, 5224, 5225, 5226, 
    5227, 5228, 5229, 5230, 5231, 5232, 5233, 5234, 5235, 5236, 5237, 5238, 
    5239, 5240, 5241, 5242, 5243, 5244, 5245, 5246, 5247, 5248, 5249, 5250, 
    5251, 5252, 5253, 5254, 5255, 5256, 5257, 5258, 5259, 5260, 5261, 5262, 
    5263, 5264, 5265, 5266, 5267, 5268, 5269, 5270, 5271, 5272, 5273, 5274, 
    5275, 5276, 5277, 5278, 5279, 5280, 5281, 5282, 5283, 5284, 5285, 5286, 
    5287, 5288, 5289, 5290, 5291, 5292, 5293, 5294, 5295, 5296, 5297, 5298, 
    5299, 5300, 5301, 5302, 5303, 5304, 5305, 5306, 5307, 5308, 5309, 5310, 
    5311, 5312, 5313, 5314, 5315, 5316, 5317, 5318, 5319, 5320, 5321, 5322, 
    5323, 5324, 5325, 5326, 5327, 5328, 5329, 5330, 5331, 5332, 5333, 5334, 
    5335, 5336, 5337, 5338, 5339, 5340, 5341, 5342, 5343, 5344, 5345, 5346, 
    5347, 5348, 5349, 5350, 5351, 5352, 5353, 5354, 5355, 5356, 5357, 5358, 
    5359, 5360, 5361, 5362, 5363, 5364, 5365, 5366, 5367, 5368, 5369, 5370, 
    5371, 5372, 5373, 5374, 5375, 5376, 5377, 5378, 5379, 5380, 5381, 5382, 
    5383, 5384, 5385, 5386, 5387, 5388, 5389, 5390, 5391, 5392, 5393, 5394, 
    5395, 5396, 5397, 5398, 5399, 5400, 5401, 5402, 5403, 5404, 5405, 5406, 
    5407, 5408, 5409, 5410, 5411, 5412, 5413, 5414, 5415, 5416, 5417, 5418, 
    5419, 5420, 5421, 5422, 5423, 5424, 5425, 5426, 5427, 5428, 5429, 5430, 
    5431, 5432, 5433, 5434, 5435, 5436, 5437, 5438, 5439, 5440, 5441, 5442, 
    5443, 5444, 5445, 5446, 5447, 5448, 5449, 5450, 5451, 5452, 5453, 5454, 
    5455, 5456, 5457, 5458, 5459, 5460, 5461, 5462, 5463, 5464, 5465, 5466, 
    5467, 5468, 5469, 5470, 5471, 5472, 5473, 5474, 5475, 5476, 5477, 5478, 
    5479, 5480, 5481, 5482, 5483, 5484, 5485, 5486, 5487, 5488, 5489, 5490, 
    5491, 5492, 5493, 5494, 5495, 5496, 5497, 5498, 5499, 5500, 5501, 5502, 
    5503, 5504, 5505, 5506, 5507, 5508, 5509, 5510, 5511, 5512, 5513, 5514, 
    5515, 5516, 5517, 5518, 5519, 5520, 5521, 5522, 5523, 5524, 5525, 5526, 
    5527, 5528, 5529, 5530, 5531, 5532, 5533, 5534, 5535, 5536, 5537, 5538, 
    5539, 5540, 5541, 5542, 5543, 5544, 5545, 5546, 5547, 5548, 5549, 5550, 
    5551, 5552, 5553, 5554, 5555, 5556, 5557, 5558, 5559, 5560, 5561, 5562, 
    5563, 5564, 5565, 5566, 5567, 5568, 5569, 5570, 5571, 5572, 5573, 5574, 
    5575, 5576, 5577, 5578, 5579, 5580, 5581, 5582, 5583, 5584, 5585, 5586, 
    5587, 5588, 5589, 5590, 5591, 5592, 5593, 5594, 5595, 5596, 5597, 5598, 
    5599, 5600, 5601, 5602, 5603, 5604, 5605, 5606, 5607, 5608, 5609, 5610, 
    5611, 5612, 5613, 5614, 5615, 5616, 5617, 5618, 5619, 5620, 5621, 5622, 
    5623, 5624, 5625, 5626, 5627, 5628, 5629, 5630, 5631, 5632, 5633, 5634, 
    5635, 5636, 5637, 5638, 5639, 5640, 5641, 5642, 5643, 5644, 5645, 5646, 
    5647, 5648, 5649, 5650, 5651, 5652, 5653, 5654, 5655, 5656, 5657, 5658, 
    5659, 5660, 5661, 5662, 5663, 5664, 5665, 5666, 5667, 5668, 5669, 5670, 
    5671, 5672, 5673, 5674, 5675, 5676, 5677, 5678, 5679, 5680, 5681, 5682, 
    5683, 5684, 5685, 5686, 5687, 5688, 5689, 5690, 5691, 5692, 5693, 5694, 
    5695, 5696, 5697, 5698, 5699, 5700, 5701, 5702, 5703, 5704, 5705, 5706, 
    5707, 5708, 5709, 5710, 5711, 5712, 5713, 5714, 5715, 5716, 5717, 5718, 
    5719, 5720, 5721, 5722, 5723, 5724, 5725, 5726, 5727, 5728, 5729, 5730, 
    5731, 5732, 5733, 5734, 5735, 5736, 5737, 5738, 5739, 5740, 5741, 5742, 
    5743, 5744, 5745, 5746, 5747, 5748, 5749, 5750, 5751, 5752, 5753, 5754, 
    5755, 5756, 5757, 5758, 5759, 5760, 5761, 5762, 5763, 5764, 5765, 5766, 
    5767, 5768, 5769, 5770, 5771, 5772, 5773, 5774, 5775, 5776, 5777, 5778, 
    5779, 5780, 5781, 5782, 5783, 5784, 5785, 5786, 5787, 5788, 5789, 5790, 
    5791, 5792, 5793, 5794, 5795, 5796, 5797, 5798, 5799, 5800, 5801, 5802, 
    5803, 5804, 5805, 5806, 5807, 5808, 5809, 5810, 5811, 5812, 5813, 5814, 
    5815, 5816, 5817, 5818, 5819, 5820, 5821, 5822, 5823, 5824, 5825, 5826, 
    5827, 5828, 5829, 5830, 5831, 5832, 5833, 5834, 5835, 5836, 5837, 5838, 
    5839, 5840, 5841, 5842, 5843, 5844, 5845, 5846, 5847, 5848, 5849, 5850, 
    5851, 5852, 5853, 5854, 5855, 5856, 5857, 5858, 5859, 5860, 5861, 5862, 
    5863, 5864, 5865, 5866, 5867, 5868, 5869, 5870, 5871, 5872, 5873, 5874, 
    5875, 5876, 5877, 5878, 5879, 5880, 5881, 5882, 5883, 5884, 5885, 5886, 
    5887, 5888, 5889, 5890, 5891, 5892, 5893, 5894, 5895, 5896, 5897, 5898, 
    5899, 5900, 5901, 5902, 5903, 5904, 5905, 5906, 5907, 5908, 5909, 5910, 
    5911, 5912, 5913, 5914, 5915, 5916, 5917, 5918, 5919, 5920, 5921, 5922, 
    5923, 5924, 5925, 5926, 5927, 5928, 5929, 5930, 5931, 5932, 5933, 5934, 
    5935, 5936, 5937, 5938, 5939, 5940, 5941, 5942, 5943, 5944, 5945, 5946, 
    5947, 5948, 5949, 5950, 5951, 5952, 5953, 5954, 5955, 5956, 5957, 5958, 
    5959, 5960, 5961, 5962, 5963, 5964, 5965, 5966, 5967, 5968, 5969, 5970, 
    5971, 5972, 5973, 5974, 5975, 5976, 5977, 5978, 5979, 5980, 5981, 5982, 
    5983, 5984, 5985, 5986, 5987, 5988, 5989, 5990, 5991, 5992, 5993, 5994, 
    5995, 5996, 5997, 5998, 5999, 6000, 6001, 6002, 6003, 6004, 6005, 6006, 
    6007, 6008, 6009, 6010, 6011, 6012, 6013, 6014, 6015, 6016, 6017, 6018, 
    6019, 6020, 6021, 6022, 6023, 6024, 6025, 6026, 6027, 6028, 6029, 6030, 
    6031, 6032, 6033, 6034, 6035, 6036, 6037, 6038, 6039, 6040, 6041, 6042, 
    6043, 6044, 6045, 6046, 6047, 6048, 6049, 6050, 6051, 6052, 6053, 6054, 
    6055, 6056, 6057, 6058, 6059, 6060, 6061, 6062, 6063, 6064, 6065, 6066, 
    6067, 6068, 6069, 6070, 6071, 6072, 6073, 6074, 6075, 6076, 6077, 6078, 
    6079, 6080, 6081, 6082, 6083, 6084, 6085, 6086, 6087, 6088, 6089, 6090, 
    6091, 6092, 6093, 6094, 6095, 6096, 6097, 6098, 6099, 6100, 6101, 6102, 
    6103, 6104, 6105, 6106, 6107, 6108, 6109, 6110, 6111, 6112, 6113, 6114, 
    6115, 6116, 6117, 6118, 6119, 6120, 6121, 6122, 6123, 6124, 6125, 6126, 
    6127, 6128, 6129, 6130, 6131, 6132, 6133, 6134, 6135, 6136, 6137, 6138, 
    6139, 6140, 6141, 6142, 6143, 6144, 6145, 6146, 6147, 6148, 6149, 6150, 
    6151, 6152, 6153, 6154, 6155, 6156, 6157, 6158, 6159, 6160, 6161, 6162, 
    6163, 6164, 6165, 6166, 6167, 6168, 6169, 6170, 6171, 6172, 6173, 6174, 
    6175, 6176, 6177, 6178, 6179, 6180, 6181, 6182, 6183, 6184, 6185, 6186, 
    6187, 6188, 6189, 6190, 6191, 6192, 6193, 6194, 6195, 6196, 6197, 6198, 
    6199, 6200, 6201, 6202, 6203, 6204, 6205, 6206, 6207, 6208, 6209, 6210, 
    6211, 6212, 6213, 6214, 6215, 6216, 6217, 6218, 6219, 6220, 6221, 6222, 
    6223, 6224, 6225, 6226, 6227, 6228, 6229, 6230, 6231, 6232, 6233, 6234, 
    6235, 6236, 6237, 6238, 6239, 6240, 6241, 6242, 6243, 6244, 6245, 6246, 
    6247, 6248, 6249, 6250, 6251, 6252, 6253, 6254, 6255, 6256, 6257, 6258, 
    6259, 6260, 6261, 6262, 6263, 6264, 6265, 6266, 6267, 6268, 6269, 6270, 
    6271, 6272, 6273, 6274, 6275, 6276, 6277, 6278, 6279, 6280, 6281, 6282, 
    6283, 6284, 6285, 6286, 6287, 6288, 6289, 6290, 6291, 6292, 6293, 6294, 
    6295, 6296, 6297, 6298, 6299, 6300, 6301, 6302, 6303, 6304, 6305, 6306, 
    6307, 6308, 6309, 6310, 6311, 6312, 6313, 6314, 6315, 6316, 6317, 6318, 
    6319, 6320, 6321, 6322, 6323, 6324, 6325, 6326, 6327, 6328, 6329, 6330, 
    6331, 6332, 6333, 6334, 6335, 6336, 6337, 6338, 6339, 6340, 6341, 6342, 
    6343, 6344, 6345, 6346, 6347, 6348, 6349, 6350, 6351, 6352, 6353, 6354, 
    6355, 6356, 6357, 6358, 6359, 6360, 6361, 6362, 6363, 6364, 6365, 6366, 
    6367, 6368, 6369, 6370, 6371, 6372, 6373, 6374, 6375, 6376, 6377, 6378, 
    6379, 6380, 6381, 6382, 6383, 6384, 6385, 6386, 6387, 6388, 6389, 6390, 
    6391, 6392, 6393, 6394, 6395, 6396, 6397, 6398, 6399, 6400, 6401, 6402, 
    6403, 6404, 6405, 6406, 6407, 6408, 6409, 6410, 6411, 6412, 6413, 6414, 
    6415, 6416, 6417, 6418, 6419, 6420, 6421, 6422, 6423, 6424, 6425, 6426, 
    6427, 6428, 6429, 6430, 6431, 6432, 6433, 6434, 6435, 6436, 6437, 6438, 
    6439, 6440, 6441, 6442, 6443, 6444, 6445, 6446, 6447, 6448, 6449, 6450, 
    6451, 6452, 6453, 6454, 6455, 6456, 6457, 6458, 6459, 6460, 6461, 6462, 
    6463, 6464, 6465, 6466, 6467, 6468, 6469, 6470, 6471, 6472, 6473, 6474, 
    6475, 6476, 6477, 6478, 6479, 6480, 6481, 6482, 6483, 6484, 6485, 6486, 
    6487, 6488, 6489, 6490, 6491, 6492, 6493, 6494, 6495, 6496, 6497, 6498, 
    6499, 6500, 6501, 6502, 6503, 6504, 6505, 6506, 6507, 6508, 6509, 6510, 
    6511, 6512, 6513, 6514, 6515, 6516, 6517, 6518, 6519, 6520, 6521, 6522, 
    6523, 6524, 6525, 6526, 6527, 6528, 6529, 6530, 6531, 6532, 6533, 6534, 
    6535, 6536, 6537, 6538, 6539, 6540, 6541, 6542, 6543, 6544, 6545, 6546, 
    6547, 6548, 6549, 6550, 6551, 6552, 6553, 6554, 6555, 6556, 6557, 6558, 
    6559, 6560, 6561, 6562, 6563, 6564, 6565, 6566, 6567, 6568, 6569, 6570, 
    6571, 6572, 6573, 6574, 6575, 6576, 6577, 6578, 6579, 6580, 6581, 6582, 
    6583, 6584, 6585, 6586, 6587, 6588, 6589, 6590, 6591, 6592, 6593, 6594, 
    6595, 6596, 6597, 6598, 6599, 6600, 6601, 6602, 6603, 6604, 6605, 6606, 
    6607, 6608, 6609, 6610, 6611, 6612, 6613, 6614, 6615, 6616, 6617, 6618, 
    6619, 6620, 6621, 6622, 6623, 6624, 6625, 6626, 6627, 6628, 6629, 6630, 
    6631, 6632, 6633, 6634, 6635, 6636, 6637, 6638, 6639, 6640, 6641, 6642, 
    6643, 6644, 6645, 6646, 6647, 6648, 6649, 6650, 6651, 6652, 6653, 6654, 
    6655, 6656, 6657, 6658, 6659, 6660, 6661, 6662, 6663, 6664, 6665, 6666, 
    6667, 6668, 6669, 6670, 6671, 6672, 6673, 6674, 6675, 6676, 6677, 6678, 
    6679, 6680, 6681, 6682, 6683, 6684, 6685, 6686, 6687, 6688, 6689, 6690, 
    6691, 6692, 6693, 6694, 6695, 6696, 6697, 6698, 6699, 6700, 6701, 6702, 
    6703, 6704, 6705, 6706, 6707, 6708, 6709, 6710, 6711, 6712, 6713, 6714, 
    6715, 6716, 6717, 6718, 6719, 6720, 6721, 6722, 6723, 6724, 6725, 6726, 
    6727, 6728, 6729, 6730, 6731, 6732, 6733, 6734, 6735, 6736, 6737, 6738, 
    6739, 6740, 6741, 6742, 6743, 6744, 6745, 6746, 6747, 6748, 6749, 6750, 
    6751, 6752, 6753, 6754, 6755, 6756, 6757, 6758, 6759, 6760, 6761, 6762, 
    6763, 6764, 6765, 6766, 6767, 6768, 6769, 6770, 6771, 6772, 6773, 6774, 
    6775, 6776, 6777, 6778, 6779, 6780, 6781, 6782, 6783, 6784, 6785, 6786, 
    6787, 6788, 6789, 6790, 6791, 6792, 6793, 6794, 6795, 6796, 6797, 6798, 
    6799, 6800, 6801, 6802, 6803, 6804, 6805, 6806, 6807, 6808, 6809, 6810, 
    6811, 6812, 6813, 6814, 6815, 6816, 6817, 6818, 6819, 6820, 6821, 6822, 
    6823, 6824, 6825, 6826, 6827, 6828, 6829, 6830, 6831, 6832, 6833, 6834, 
    6835, 6836, 6837, 6838, 6839, 6840, 6841, 6842, 6843, 6844, 6845, 6846, 
    6847, 6848, 6849, 6850, 6851, 6852, 6853, 6854, 6855, 6856, 6857, 6858, 
    6859, 6860, 6861, 6862, 6863, 6864, 6865, 6866, 6867, 6868, 6869, 6870, 
    6871, 6872, 6873, 6874, 6875, 6876, 6877, 6878, 6879, 6880, 6881, 6882, 
    6883, 6884, 6885, 6886, 6887, 6888, 6889, 6890, 6891, 6892, 6893, 6894, 
    6895, 6896, 6897, 6898, 6899, 6900, 6901, 6902, 6903, 6904, 6905, 6906, 
    6907, 6908, 6909, 6910, 6911, 6912, 6913, 6914, 6915, 6916, 6917, 6918, 
    6919, 6920, 6921, 6922, 6923, 6924, 6925, 6926, 6927, 6928, 6929, 6930, 
    6931, 6932, 6933, 6934, 6935, 6936, 6937, 6938, 6939, 6940, 6941, 6942, 
    6943, 6944, 6945, 6946, 6947, 6948, 6949, 6950, 6951, 6952, 6953, 6954, 
    6955, 6956, 6957, 6958, 6959, 6960, 6961, 6962, 6963, 6964, 6965, 6966, 
    6967, 6968, 6969, 6970, 6971, 6972, 6973, 6974, 6975, 6976, 6977, 6978, 
    6979, 6980, 6981, 6982, 6983, 6984, 6985, 6986, 6987, 6988, 6989, 6990, 
    6991, 6992, 6993, 6994, 6995, 6996, 6997, 6998, 6999, 7000 ;

 elem_num_map = 6601, 6602, 6603, 6604, 6605, 6606, 6607, 6608, 6609, 6610, 
    6611, 6612, 6613, 6614, 6615, 6616, 6617, 6618, 6619, 6620, 6621, 6622, 
    6623, 6624, 6625, 6626, 6627, 6628, 6629, 6630, 6631, 6632, 6633, 6634, 
    6635, 6636, 6637, 6638, 6639, 6640, 6641, 6642, 6643, 6644, 6645, 6646, 
    6647, 6648, 6649, 6650, 6651, 6652, 6653, 6654, 6655, 6656, 6657, 6658, 
    6659, 6660, 6661, 6662, 6663, 6664, 6665, 6666, 6667, 6668, 6669, 6670, 
    6671, 6672, 6673, 6674, 6675, 6676, 6677, 6678, 6679, 6680, 6681, 6682, 
    6683, 6684, 6685, 6686, 6687, 6688, 6689, 6690, 6691, 6692, 6693, 6694, 
    6695, 6696, 6697, 6698, 6699, 6700, 6951, 6952, 6953, 6954, 6955, 6956, 
    6957, 6958, 6959, 6960, 6961, 6962, 6963, 6964, 6965, 6966, 6967, 6968, 
    6969, 6970, 6971, 6972, 6973, 6974, 6975, 6976, 6977, 6978, 6979, 6980, 
    6981, 6982, 6983, 6984, 6985, 6986, 6987, 6988, 6989, 6990, 6991, 6992, 
    6993, 6994, 6995, 6996, 6997, 6998, 6999, 7000, 6801, 6802, 6803, 6804, 
    6805, 6806, 6807, 6808, 6809, 6810, 6811, 6812, 6813, 6814, 6815, 6816, 
    6817, 6818, 6819, 6820, 6821, 6822, 6823, 6824, 6825, 6826, 6827, 6828, 
    6829, 6830, 6831, 6832, 6833, 6834, 6835, 6836, 6837, 6838, 6839, 6840, 
    6841, 6842, 6843, 6844, 6845, 6846, 6847, 6848, 6849, 6850, 6851, 6852, 
    6853, 6854, 6855, 6856, 6857, 6858, 6859, 6860, 6861, 6862, 6863, 6864, 
    6865, 6866, 6867, 6868, 6869, 6870, 6871, 6872, 6873, 6874, 6875, 6876, 
    6877, 6878, 6879, 6880, 6881, 6882, 6883, 6884, 6885, 6886, 6887, 6888, 
    6889, 6890, 6891, 6892, 6893, 6894, 6895, 6896, 6897, 6898, 6899, 6900, 
    5301, 5302, 5303, 5304, 5305, 5306, 5307, 5308, 5309, 5310, 5311, 5312, 
    5313, 5314, 5315, 5316, 5317, 5318, 5319, 5320, 5321, 5322, 5323, 5324, 
    5325, 5326, 5327, 5328, 5329, 5330, 5331, 5332, 5333, 5334, 5335, 5336, 
    5337, 5338, 5339, 5340, 5341, 5342, 5343, 5344, 5345, 5346, 5347, 5348, 
    5349, 5350, 5351, 5352, 5353, 5354, 5355, 5356, 5357, 5358, 5359, 5360, 
    5361, 5362, 5363, 5364, 5365, 5366, 5367, 5368, 5369, 5370, 5371, 5372, 
    5373, 5374, 5375, 5376, 5377, 5378, 5379, 5380, 5381, 5382, 5383, 5384, 
    5385, 5386, 5387, 5388, 5389, 5390, 5391, 5392, 5393, 5394, 5395, 5396, 
    5397, 5398, 5399, 5400, 5401, 5402, 5403, 5404, 5405, 5406, 5407, 5408, 
    5409, 5410, 5411, 5412, 5413, 5414, 5415, 5416, 5417, 5418, 5419, 5420, 
    5421, 5422, 5423, 5424, 5425, 5426, 5427, 5428, 5429, 5430, 5431, 5432, 
    5433, 5434, 5435, 5436, 5437, 5438, 5439, 5440, 5441, 5442, 5443, 5444, 
    5445, 5446, 5447, 5448, 5449, 5450, 5451, 5452, 5453, 5454, 5455, 5456, 
    5457, 5458, 5459, 5460, 5461, 5462, 5463, 5464, 5465, 5466, 5467, 5468, 
    5469, 5470, 5471, 5472, 5473, 5474, 5475, 5476, 5477, 5478, 5479, 5480, 
    5481, 5482, 5483, 5484, 5485, 5486, 5487, 5488, 5489, 5490, 5491, 5492, 
    5493, 5494, 5495, 5496, 5497, 5498, 5499, 5500, 5501, 5502, 5503, 5504, 
    5505, 5506, 5507, 5508, 5509, 5510, 5511, 5512, 5513, 5514, 5515, 5516, 
    5517, 5518, 5519, 5520, 5521, 5522, 5523, 5524, 5525, 5526, 5527, 5528, 
    5529, 5530, 5531, 5532, 5533, 5534, 5535, 5536, 5537, 5538, 5539, 5540, 
    5541, 5542, 5543, 5544, 5545, 5546, 5547, 5548, 5549, 5550, 5551, 5552, 
    5553, 5554, 5555, 5556, 5557, 5558, 5559, 5560, 5561, 5562, 5563, 5564, 
    5565, 5566, 5567, 5568, 5569, 5570, 5571, 5572, 5573, 5574, 5575, 5576, 
    5577, 5578, 5579, 5580, 5581, 5582, 5583, 5584, 5585, 5586, 5587, 5588, 
    5589, 5590, 5591, 5592, 5593, 5594, 5595, 5596, 5597, 5598, 5599, 5600, 
    6351, 6352, 6353, 6354, 6355, 6356, 6357, 6358, 6359, 6360, 6361, 6362, 
    6363, 6364, 6365, 6366, 6367, 6368, 6369, 6370, 6371, 6372, 6373, 6374, 
    6375, 6376, 6377, 6378, 6379, 6380, 6381, 6382, 6383, 6384, 6385, 6386, 
    6387, 6388, 6389, 6390, 6391, 6392, 6393, 6394, 6395, 6396, 6397, 6398, 
    6399, 6400, 6401, 6402, 6403, 6404, 6405, 6406, 6407, 6408, 6409, 6410, 
    6411, 6412, 6413, 6414, 6415, 6416, 6417, 6418, 6419, 6420, 6421, 6422, 
    6423, 6424, 6425, 6426, 6427, 6428, 6429, 6430, 6431, 6432, 6433, 6434, 
    6435, 6436, 6437, 6438, 6439, 6440, 6441, 6442, 6443, 6444, 6445, 6446, 
    6447, 6448, 6449, 6450, 6451, 6452, 6453, 6454, 6455, 6456, 6457, 6458, 
    6459, 6460, 6461, 6462, 6463, 6464, 6465, 6466, 6467, 6468, 6469, 6470, 
    6471, 6472, 6473, 6474, 6475, 6476, 6477, 6478, 6479, 6480, 6481, 6482, 
    6483, 6484, 6485, 6486, 6487, 6488, 6489, 6490, 6491, 6492, 6493, 6494, 
    6495, 6496, 6497, 6498, 6499, 6500, 5901, 5902, 5903, 5904, 5905, 5906, 
    5907, 5908, 5909, 5910, 5911, 5912, 5913, 5914, 5915, 5916, 5917, 5918, 
    5919, 5920, 5921, 5922, 5923, 5924, 5925, 5926, 5927, 5928, 5929, 5930, 
    5931, 5932, 5933, 5934, 5935, 5936, 5937, 5938, 5939, 5940, 5941, 5942, 
    5943, 5944, 5945, 5946, 5947, 5948, 5949, 5950, 5951, 5952, 5953, 5954, 
    5955, 5956, 5957, 5958, 5959, 5960, 5961, 5962, 5963, 5964, 5965, 5966, 
    5967, 5968, 5969, 5970, 5971, 5972, 5973, 5974, 5975, 5976, 5977, 5978, 
    5979, 5980, 5981, 5982, 5983, 5984, 5985, 5986, 5987, 5988, 5989, 5990, 
    5991, 5992, 5993, 5994, 5995, 5996, 5997, 5998, 5999, 6000, 6001, 6002, 
    6003, 6004, 6005, 6006, 6007, 6008, 6009, 6010, 6011, 6012, 6013, 6014, 
    6015, 6016, 6017, 6018, 6019, 6020, 6021, 6022, 6023, 6024, 6025, 6026, 
    6027, 6028, 6029, 6030, 6031, 6032, 6033, 6034, 6035, 6036, 6037, 6038, 
    6039, 6040, 6041, 6042, 6043, 6044, 6045, 6046, 6047, 6048, 6049, 6050, 
    6051, 6052, 6053, 6054, 6055, 6056, 6057, 6058, 6059, 6060, 6061, 6062, 
    6063, 6064, 6065, 6066, 6067, 6068, 6069, 6070, 6071, 6072, 6073, 6074, 
    6075, 6076, 6077, 6078, 6079, 6080, 6081, 6082, 6083, 6084, 6085, 6086, 
    6087, 6088, 6089, 6090, 6091, 6092, 6093, 6094, 6095, 6096, 6097, 6098, 
    6099, 6100, 6101, 6102, 6103, 6104, 6105, 6106, 6107, 6108, 6109, 6110, 
    6111, 6112, 6113, 6114, 6115, 6116, 6117, 6118, 6119, 6120, 6121, 6122, 
    6123, 6124, 6125, 6126, 6127, 6128, 6129, 6130, 6131, 6132, 6133, 6134, 
    6135, 6136, 6137, 6138, 6139, 6140, 6141, 6142, 6143, 6144, 6145, 6146, 
    6147, 6148, 6149, 6150, 6151, 6152, 6153, 6154, 6155, 6156, 6157, 6158, 
    6159, 6160, 6161, 6162, 6163, 6164, 6165, 6166, 6167, 6168, 6169, 6170, 
    6171, 6172, 6173, 6174, 6175, 6176, 6177, 6178, 6179, 6180, 6181, 6182, 
    6183, 6184, 6185, 6186, 6187, 6188, 6189, 6190, 6191, 6192, 6193, 6194, 
    6195, 6196, 6197, 6198, 6199, 6200, 1001, 1002, 1003, 1004, 1005, 1006, 
    1007, 1008, 1009, 1010, 1011, 1012, 1013, 1014, 1015, 1016, 1017, 1018, 
    1019, 1020, 1021, 1022, 1023, 1024, 1025, 1026, 1027, 1028, 1029, 1030, 
    1031, 1032, 1033, 1034, 1035, 1036, 1037, 1038, 1039, 1040, 1041, 1042, 
    1043, 1044, 1045, 1046, 1047, 1048, 1049, 1050, 1051, 1052, 1053, 1054, 
    1055, 1056, 1057, 1058, 1059, 1060, 1061, 1062, 1063, 1064, 1065, 1066, 
    1067, 1068, 1069, 1070, 1071, 1072, 1073, 1074, 1075, 1076, 1077, 1078, 
    1079, 1080, 1081, 1082, 1083, 1084, 1085, 1086, 1087, 1088, 1089, 1090, 
    1091, 1092, 1093, 1094, 1095, 1096, 1097, 1098, 1099, 1100, 1101, 1102, 
    1103, 1104, 1105, 1106, 1107, 1108, 1109, 1110, 1111, 1112, 1113, 1114, 
    1115, 1116, 1117, 1118, 1119, 1120, 1121, 1122, 1123, 1124, 1125, 1126, 
    1127, 1128, 1129, 1130, 1131, 1132, 1133, 1134, 1135, 1136, 1137, 1138, 
    1139, 1140, 1141, 1142, 1143, 1144, 1145, 1146, 1147, 1148, 1149, 1150, 
    1151, 1152, 1153, 1154, 1155, 1156, 1157, 1158, 1159, 1160, 1161, 1162, 
    1163, 1164, 1165, 1166, 1167, 1168, 1169, 1170, 1171, 1172, 1173, 1174, 
    1175, 1176, 1177, 1178, 1179, 1180, 1181, 1182, 1183, 1184, 1185, 1186, 
    1187, 1188, 1189, 1190, 1191, 1192, 1193, 1194, 1195, 1196, 1197, 1198, 
    1199, 1200, 1201, 1202, 1203, 1204, 1205, 1206, 1207, 1208, 1209, 1210, 
    1211, 1212, 1213, 1214, 1215, 1216, 1217, 1218, 1219, 1220, 1221, 1222, 
    1223, 1224, 1225, 1226, 1227, 1228, 1229, 1230, 1231, 1232, 1233, 1234, 
    1235, 1236, 1237, 1238, 1239, 1240, 1241, 1242, 1243, 1244, 1245, 1246, 
    1247, 1248, 1249, 1250, 1251, 1252, 1253, 1254, 1255, 1256, 1257, 1258, 
    1259, 1260, 1261, 1262, 1263, 1264, 1265, 1266, 1267, 1268, 1269, 1270, 
    1271, 1272, 1273, 1274, 1275, 1276, 1277, 1278, 1279, 1280, 1281, 1282, 
    1283, 1284, 1285, 1286, 1287, 1288, 1289, 1290, 1291, 1292, 1293, 1294, 
    1295, 1296, 1297, 1298, 1299, 1300, 1301, 1302, 1303, 1304, 1305, 1306, 
    1307, 1308, 1309, 1310, 1311, 1312, 1313, 1314, 1315, 1316, 1317, 1318, 
    1319, 1320, 1321, 1322, 1323, 1324, 1325, 1326, 1327, 1328, 1329, 1330, 
    1331, 1332, 1333, 1334, 1335, 1336, 1337, 1338, 1339, 1340, 1341, 1342, 
    1343, 1344, 1345, 1346, 1347, 1348, 1349, 1350, 1351, 1352, 1353, 1354, 
    1355, 1356, 1357, 1358, 1359, 1360, 1361, 1362, 1363, 1364, 1365, 1366, 
    1367, 1368, 1369, 1370, 1371, 1372, 1373, 1374, 1375, 1376, 1377, 1378, 
    1379, 1380, 1381, 1382, 1383, 1384, 1385, 1386, 1387, 1388, 1389, 1390, 
    1391, 1392, 1393, 1394, 1395, 1396, 1397, 1398, 1399, 1400, 1401, 1402, 
    1403, 1404, 1405, 1406, 1407, 1408, 1409, 1410, 1411, 1412, 1413, 1414, 
    1415, 1416, 1417, 1418, 1419, 1420, 1421, 1422, 1423, 1424, 1425, 1426, 
    1427, 1428, 1429, 1430, 1431, 1432, 1433, 1434, 1435, 1436, 1437, 1438, 
    1439, 1440, 1441, 1442, 1443, 1444, 1445, 1446, 1447, 1448, 1449, 1450, 
    1451, 1452, 1453, 1454, 1455, 1456, 1457, 1458, 1459, 1460, 1461, 1462, 
    1463, 1464, 1465, 1466, 1467, 1468, 1469, 1470, 1471, 1472, 1473, 1474, 
    1475, 1476, 1477, 1478, 1479, 1480, 1481, 1482, 1483, 1484, 1485, 1486, 
    1487, 1488, 1489, 1490, 1491, 1492, 1493, 1494, 1495, 1496, 1497, 1498, 
    1499, 1500, 1501, 1502, 1503, 1504, 1505, 1506, 1507, 1508, 1509, 1510, 
    1511, 1512, 1513, 1514, 1515, 1516, 1517, 1518, 1519, 1520, 1521, 1522, 
    1523, 1524, 1525, 1526, 1527, 1528, 1529, 1530, 1531, 1532, 1533, 1534, 
    1535, 1536, 1537, 1538, 1539, 1540, 1541, 1542, 1543, 1544, 1545, 1546, 
    1547, 1548, 1549, 1550, 1551, 1552, 1553, 1554, 1555, 1556, 1557, 1558, 
    1559, 1560, 1561, 1562, 1563, 1564, 1565, 1566, 1567, 1568, 1569, 1570, 
    1571, 1572, 1573, 1574, 1575, 1576, 1577, 1578, 1579, 1580, 1581, 1582, 
    1583, 1584, 1585, 1586, 1587, 1588, 1589, 1590, 1591, 1592, 1593, 1594, 
    1595, 1596, 1597, 1598, 1599, 1600, 1601, 1602, 1603, 1604, 1605, 1606, 
    1607, 1608, 1609, 1610, 1611, 1612, 1613, 1614, 1615, 1616, 1617, 1618, 
    1619, 1620, 1621, 1622, 1623, 1624, 1625, 1626, 1627, 1628, 1629, 1630, 
    1631, 1632, 1633, 1634, 1635, 1636, 1637, 1638, 1639, 1640, 1641, 1642, 
    1643, 1644, 1645, 1646, 1647, 1648, 1649, 1650, 1651, 1652, 1653, 1654, 
    1655, 1656, 1657, 1658, 1659, 1660, 1661, 1662, 1663, 1664, 1665, 1666, 
    1667, 1668, 1669, 1670, 1671, 1672, 1673, 1674, 1675, 1676, 1677, 1678, 
    1679, 1680, 1681, 1682, 1683, 1684, 1685, 1686, 1687, 1688, 1689, 1690, 
    1691, 1692, 1693, 1694, 1695, 1696, 1697, 1698, 1699, 1700, 1701, 1702, 
    1703, 1704, 1705, 1706, 1707, 1708, 1709, 1710, 1711, 1712, 1713, 1714, 
    1715, 1716, 1717, 1718, 1719, 1720, 1721, 1722, 1723, 1724, 1725, 1726, 
    1727, 1728, 1729, 1730, 1731, 1732, 1733, 1734, 1735, 1736, 1737, 1738, 
    1739, 1740, 1741, 1742, 1743, 1744, 1745, 1746, 1747, 1748, 1749, 1750, 
    1751, 1752, 1753, 1754, 1755, 1756, 1757, 1758, 1759, 1760, 1761, 1762, 
    1763, 1764, 1765, 1766, 1767, 1768, 1769, 1770, 1771, 1772, 1773, 1774, 
    1775, 1776, 1777, 1778, 1779, 1780, 1781, 1782, 1783, 1784, 1785, 1786, 
    1787, 1788, 1789, 1790, 1791, 1792, 1793, 1794, 1795, 1796, 1797, 1798, 
    1799, 1800, 1801, 1802, 1803, 1804, 1805, 1806, 1807, 1808, 1809, 1810, 
    1811, 1812, 1813, 1814, 1815, 1816, 1817, 1818, 1819, 1820, 1821, 1822, 
    1823, 1824, 1825, 1826, 1827, 1828, 1829, 1830, 1831, 1832, 1833, 1834, 
    1835, 1836, 1837, 1838, 1839, 1840, 1841, 1842, 1843, 1844, 1845, 1846, 
    1847, 1848, 1849, 1850, 1851, 1852, 1853, 1854, 1855, 1856, 1857, 1858, 
    1859, 1860, 1861, 1862, 1863, 1864, 1865, 1866, 1867, 1868, 1869, 1870, 
    1871, 1872, 1873, 1874, 1875, 1876, 1877, 1878, 1879, 1880, 1881, 1882, 
    1883, 1884, 1885, 1886, 1887, 1888, 1889, 1890, 1891, 1892, 1893, 1894, 
    1895, 1896, 1897, 1898, 1899, 1900, 1901, 1902, 1903, 1904, 1905, 1906, 
    1907, 1908, 1909, 1910, 1911, 1912, 1913, 1914, 1915, 1916, 1917, 1918, 
    1919, 1920, 1921, 1922, 1923, 1924, 1925, 1926, 1927, 1928, 1929, 1930, 
    1931, 1932, 1933, 1934, 1935, 1936, 1937, 1938, 1939, 1940, 1941, 1942, 
    1943, 1944, 1945, 1946, 1947, 1948, 1949, 1950, 1951, 1952, 1953, 1954, 
    1955, 1956, 1957, 1958, 1959, 1960, 1961, 1962, 1963, 1964, 1965, 1966, 
    1967, 1968, 1969, 1970, 1971, 1972, 1973, 1974, 1975, 1976, 1977, 1978, 
    1979, 1980, 1981, 1982, 1983, 1984, 1985, 1986, 1987, 1988, 1989, 1990, 
    1991, 1992, 1993, 1994, 1995, 1996, 1997, 1998, 1999, 2000, 4501, 4502, 
    4503, 4504, 4505, 4506, 4507, 4508, 4509, 4510, 4511, 4512, 4513, 4514, 
    4515, 4516, 4517, 4518, 4519, 4520, 4521, 4522, 4523, 4524, 4525, 4526, 
    4527, 4528, 4529, 4530, 4531, 4532, 4533, 4534, 4535, 4536, 4537, 4538, 
    4539, 4540, 4541, 4542, 4543, 4544, 4545, 4546, 4547, 4548, 4549, 4550, 
    4551, 4552, 4553, 4554, 4555, 4556, 4557, 4558, 4559, 4560, 4561, 4562, 
    4563, 4564, 4565, 4566, 4567, 4568, 4569, 4570, 4571, 4572, 4573, 4574, 
    4575, 4576, 4577, 4578, 4579, 4580, 4581, 4582, 4583, 4584, 4585, 4586, 
    4587, 4588, 4589, 4590, 4591, 4592, 4593, 4594, 4595, 4596, 4597, 4598, 
    4599, 4600, 4601, 4602, 4603, 4604, 4605, 4606, 4607, 4608, 4609, 4610, 
    4611, 4612, 4613, 4614, 4615, 4616, 4617, 4618, 4619, 4620, 4621, 4622, 
    4623, 4624, 4625, 4626, 4627, 4628, 4629, 4630, 4631, 4632, 4633, 4634, 
    4635, 4636, 4637, 4638, 4639, 4640, 4641, 4642, 4643, 4644, 4645, 4646, 
    4647, 4648, 4649, 4650, 4651, 4652, 4653, 4654, 4655, 4656, 4657, 4658, 
    4659, 4660, 4661, 4662, 4663, 4664, 4665, 4666, 4667, 4668, 4669, 4670, 
    4671, 4672, 4673, 4674, 4675, 4676, 4677, 4678, 4679, 4680, 4681, 4682, 
    4683, 4684, 4685, 4686, 4687, 4688, 4689, 4690, 4691, 4692, 4693, 4694, 
    4695, 4696, 4697, 4698, 4699, 4700, 4701, 4702, 4703, 4704, 4705, 4706, 
    4707, 4708, 4709, 4710, 4711, 4712, 4713, 4714, 4715, 4716, 4717, 4718, 
    4719, 4720, 4721, 4722, 4723, 4724, 4725, 4726, 4727, 4728, 4729, 4730, 
    4731, 4732, 4733, 4734, 4735, 4736, 4737, 4738, 4739, 4740, 4741, 4742, 
    4743, 4744, 4745, 4746, 4747, 4748, 4749, 4750, 4751, 4752, 4753, 4754, 
    4755, 4756, 4757, 4758, 4759, 4760, 4761, 4762, 4763, 4764, 4765, 4766, 
    4767, 4768, 4769, 4770, 4771, 4772, 4773, 4774, 4775, 4776, 4777, 4778, 
    4779, 4780, 4781, 4782, 4783, 4784, 4785, 4786, 4787, 4788, 4789, 4790, 
    4791, 4792, 4793, 4794, 4795, 4796, 4797, 4798, 4799, 4800, 4801, 4802, 
    4803, 4804, 4805, 4806, 4807, 4808, 4809, 4810, 4811, 4812, 4813, 4814, 
    4815, 4816, 4817, 4818, 4819, 4820, 4821, 4822, 4823, 4824, 4825, 4826, 
    4827, 4828, 4829, 4830, 4831, 4832, 4833, 4834, 4835, 4836, 4837, 4838, 
    4839, 4840, 4841, 4842, 4843, 4844, 4845, 4846, 4847, 4848, 4849, 4850, 
    4851, 4852, 4853, 4854, 4855, 4856, 4857, 4858, 4859, 4860, 4861, 4862, 
    4863, 4864, 4865, 4866, 4867, 4868, 4869, 4870, 4871, 4872, 4873, 4874, 
    4875, 4876, 4877, 4878, 4879, 4880, 4881, 4882, 4883, 4884, 4885, 4886, 
    4887, 4888, 4889, 4890, 4891, 4892, 4893, 4894, 4895, 4896, 4897, 4898, 
    4899, 4900, 4901, 4902, 4903, 4904, 4905, 4906, 4907, 4908, 4909, 4910, 
    4911, 4912, 4913, 4914, 4915, 4916, 4917, 4918, 4919, 4920, 4921, 4922, 
    4923, 4924, 4925, 4926, 4927, 4928, 4929, 4930, 4931, 4932, 4933, 4934, 
    4935, 4936, 4937, 4938, 4939, 4940, 4941, 4942, 4943, 4944, 4945, 4946, 
    4947, 4948, 4949, 4950, 4951, 4952, 4953, 4954, 4955, 4956, 4957, 4958, 
    4959, 4960, 4961, 4962, 4963, 4964, 4965, 4966, 4967, 4968, 4969, 4970, 
    4971, 4972, 4973, 4974, 4975, 4976, 4977, 4978, 4979, 4980, 4981, 4982, 
    4983, 4984, 4985, 4986, 4987, 4988, 4989, 4990, 4991, 4992, 4993, 4994, 
    4995, 4996, 4997, 4998, 4999, 5000, 3001, 3002, 3003, 3004, 3005, 3006, 
    3007, 3008, 3009, 3010, 3011, 3012, 3013, 3014, 3015, 3016, 3017, 3018, 
    3019, 3020, 3021, 3022, 3023, 3024, 3025, 3026, 3027, 3028, 3029, 3030, 
    3031, 3032, 3033, 3034, 3035, 3036, 3037, 3038, 3039, 3040, 3041, 3042, 
    3043, 3044, 3045, 3046, 3047, 3048, 3049, 3050, 3051, 3052, 3053, 3054, 
    3055, 3056, 3057, 3058, 3059, 3060, 3061, 3062, 3063, 3064, 3065, 3066, 
    3067, 3068, 3069, 3070, 3071, 3072, 3073, 3074, 3075, 3076, 3077, 3078, 
    3079, 3080, 3081, 3082, 3083, 3084, 3085, 3086, 3087, 3088, 3089, 3090, 
    3091, 3092, 3093, 3094, 3095, 3096, 3097, 3098, 3099, 3100, 3101, 3102, 
    3103, 3104, 3105, 3106, 3107, 3108, 3109, 3110, 3111, 3112, 3113, 3114, 
    3115, 3116, 3117, 3118, 3119, 3120, 3121, 3122, 3123, 3124, 3125, 3126, 
    3127, 3128, 3129, 3130, 3131, 3132, 3133, 3134, 3135, 3136, 3137, 3138, 
    3139, 3140, 3141, 3142, 3143, 3144, 3145, 3146, 3147, 3148, 3149, 3150, 
    3151, 3152, 3153, 3154, 3155, 3156, 3157, 3158, 3159, 3160, 3161, 3162, 
    3163, 3164, 3165, 3166, 3167, 3168, 3169, 3170, 3171, 3172, 3173, 3174, 
    3175, 3176, 3177, 3178, 3179, 3180, 3181, 3182, 3183, 3184, 3185, 3186, 
    3187, 3188, 3189, 3190, 3191, 3192, 3193, 3194, 3195, 3196, 3197, 3198, 
    3199, 3200, 3201, 3202, 3203, 3204, 3205, 3206, 3207, 3208, 3209, 3210, 
    3211, 3212, 3213, 3214, 3215, 3216, 3217, 3218, 3219, 3220, 3221, 3222, 
    3223, 3224, 3225, 3226, 3227, 3228, 3229, 3230, 3231, 3232, 3233, 3234, 
    3235, 3236, 3237, 3238, 3239, 3240, 3241, 3242, 3243, 3244, 3245, 3246, 
    3247, 3248, 3249, 3250, 3251, 3252, 3253, 3254, 3255, 3256, 3257, 3258, 
    3259, 3260, 3261, 3262, 3263, 3264, 3265, 3266, 3267, 3268, 3269, 3270, 
    3271, 3272, 3273, 3274, 3275, 3276, 3277, 3278, 3279, 3280, 3281, 3282, 
    3283, 3284, 3285, 3286, 3287, 3288, 3289, 3290, 3291, 3292, 3293, 3294, 
    3295, 3296, 3297, 3298, 3299, 3300, 3301, 3302, 3303, 3304, 3305, 3306, 
    3307, 3308, 3309, 3310, 3311, 3312, 3313, 3314, 3315, 3316, 3317, 3318, 
    3319, 3320, 3321, 3322, 3323, 3324, 3325, 3326, 3327, 3328, 3329, 3330, 
    3331, 3332, 3333, 3334, 3335, 3336, 3337, 3338, 3339, 3340, 3341, 3342, 
    3343, 3344, 3345, 3346, 3347, 3348, 3349, 3350, 3351, 3352, 3353, 3354, 
    3355, 3356, 3357, 3358, 3359, 3360, 3361, 3362, 3363, 3364, 3365, 3366, 
    3367, 3368, 3369, 3370, 3371, 3372, 3373, 3374, 3375, 3376, 3377, 3378, 
    3379, 3380, 3381, 3382, 3383, 3384, 3385, 3386, 3387, 3388, 3389, 3390, 
    3391, 3392, 3393, 3394, 3395, 3396, 3397, 3398, 3399, 3400, 3401, 3402, 
    3403, 3404, 3405, 3406, 3407, 3408, 3409, 3410, 3411, 3412, 3413, 3414, 
    3415, 3416, 3417, 3418, 3419, 3420, 3421, 3422, 3423, 3424, 3425, 3426, 
    3427, 3428, 3429, 3430, 3431, 3432, 3433, 3434, 3435, 3436, 3437, 3438, 
    3439, 3440, 3441, 3442, 3443, 3444, 3445, 3446, 3447, 3448, 3449, 3450, 
    3451, 3452, 3453, 3454, 3455, 3456, 3457, 3458, 3459, 3460, 3461, 3462, 
    3463, 3464, 3465, 3466, 3467, 3468, 3469, 3470, 3471, 3472, 3473, 3474, 
    3475, 3476, 3477, 3478, 3479, 3480, 3481, 3482, 3483, 3484, 3485, 3486, 
    3487, 3488, 3489, 3490, 3491, 3492, 3493, 3494, 3495, 3496, 3497, 3498, 
    3499, 3500, 3501, 3502, 3503, 3504, 3505, 3506, 3507, 3508, 3509, 3510, 
    3511, 3512, 3513, 3514, 3515, 3516, 3517, 3518, 3519, 3520, 3521, 3522, 
    3523, 3524, 3525, 3526, 3527, 3528, 3529, 3530, 3531, 3532, 3533, 3534, 
    3535, 3536, 3537, 3538, 3539, 3540, 3541, 3542, 3543, 3544, 3545, 3546, 
    3547, 3548, 3549, 3550, 3551, 3552, 3553, 3554, 3555, 3556, 3557, 3558, 
    3559, 3560, 3561, 3562, 3563, 3564, 3565, 3566, 3567, 3568, 3569, 3570, 
    3571, 3572, 3573, 3574, 3575, 3576, 3577, 3578, 3579, 3580, 3581, 3582, 
    3583, 3584, 3585, 3586, 3587, 3588, 3589, 3590, 3591, 3592, 3593, 3594, 
    3595, 3596, 3597, 3598, 3599, 3600, 3601, 3602, 3603, 3604, 3605, 3606, 
    3607, 3608, 3609, 3610, 3611, 3612, 3613, 3614, 3615, 3616, 3617, 3618, 
    3619, 3620, 3621, 3622, 3623, 3624, 3625, 3626, 3627, 3628, 3629, 3630, 
    3631, 3632, 3633, 3634, 3635, 3636, 3637, 3638, 3639, 3640, 3641, 3642, 
    3643, 3644, 3645, 3646, 3647, 3648, 3649, 3650, 3651, 3652, 3653, 3654, 
    3655, 3656, 3657, 3658, 3659, 3660, 3661, 3662, 3663, 3664, 3665, 3666, 
    3667, 3668, 3669, 3670, 3671, 3672, 3673, 3674, 3675, 3676, 3677, 3678, 
    3679, 3680, 3681, 3682, 3683, 3684, 3685, 3686, 3687, 3688, 3689, 3690, 
    3691, 3692, 3693, 3694, 3695, 3696, 3697, 3698, 3699, 3700, 3701, 3702, 
    3703, 3704, 3705, 3706, 3707, 3708, 3709, 3710, 3711, 3712, 3713, 3714, 
    3715, 3716, 3717, 3718, 3719, 3720, 3721, 3722, 3723, 3724, 3725, 3726, 
    3727, 3728, 3729, 3730, 3731, 3732, 3733, 3734, 3735, 3736, 3737, 3738, 
    3739, 3740, 3741, 3742, 3743, 3744, 3745, 3746, 3747, 3748, 3749, 3750, 
    3751, 3752, 3753, 3754, 3755, 3756, 3757, 3758, 3759, 3760, 3761, 3762, 
    3763, 3764, 3765, 3766, 3767, 3768, 3769, 3770, 3771, 3772, 3773, 3774, 
    3775, 3776, 3777, 3778, 3779, 3780, 3781, 3782, 3783, 3784, 3785, 3786, 
    3787, 3788, 3789, 3790, 3791, 3792, 3793, 3794, 3795, 3796, 3797, 3798, 
    3799, 3800, 3801, 3802, 3803, 3804, 3805, 3806, 3807, 3808, 3809, 3810, 
    3811, 3812, 3813, 3814, 3815, 3816, 3817, 3818, 3819, 3820, 3821, 3822, 
    3823, 3824, 3825, 3826, 3827, 3828, 3829, 3830, 3831, 3832, 3833, 3834, 
    3835, 3836, 3837, 3838, 3839, 3840, 3841, 3842, 3843, 3844, 3845, 3846, 
    3847, 3848, 3849, 3850, 3851, 3852, 3853, 3854, 3855, 3856, 3857, 3858, 
    3859, 3860, 3861, 3862, 3863, 3864, 3865, 3866, 3867, 3868, 3869, 3870, 
    3871, 3872, 3873, 3874, 3875, 3876, 3877, 3878, 3879, 3880, 3881, 3882, 
    3883, 3884, 3885, 3886, 3887, 3888, 3889, 3890, 3891, 3892, 3893, 3894, 
    3895, 3896, 3897, 3898, 3899, 3900, 3901, 3902, 3903, 3904, 3905, 3906, 
    3907, 3908, 3909, 3910, 3911, 3912, 3913, 3914, 3915, 3916, 3917, 3918, 
    3919, 3920, 3921, 3922, 3923, 3924, 3925, 3926, 3927, 3928, 3929, 3930, 
    3931, 3932, 3933, 3934, 3935, 3936, 3937, 3938, 3939, 3940, 3941, 3942, 
    3943, 3944, 3945, 3946, 3947, 3948, 3949, 3950, 3951, 3952, 3953, 3954, 
    3955, 3956, 3957, 3958, 3959, 3960, 3961, 3962, 3963, 3964, 3965, 3966, 
    3967, 3968, 3969, 3970, 3971, 3972, 3973, 3974, 3975, 3976, 3977, 3978, 
    3979, 3980, 3981, 3982, 3983, 3984, 3985, 3986, 3987, 3988, 3989, 3990, 
    3991, 3992, 3993, 3994, 3995, 3996, 3997, 3998, 3999, 4000, 6501, 6502, 
    6503, 6504, 6505, 6506, 6507, 6508, 6509, 6510, 6511, 6512, 6513, 6514, 
    6515, 6516, 6517, 6518, 6519, 6520, 6521, 6522, 6523, 6524, 6525, 6526, 
    6527, 6528, 6529, 6530, 6531, 6532, 6533, 6534, 6535, 6536, 6537, 6538, 
    6539, 6540, 6541, 6542, 6543, 6544, 6545, 6546, 6547, 6548, 6549, 6550, 
    6551, 6552, 6553, 6554, 6555, 6556, 6557, 6558, 6559, 6560, 6561, 6562, 
    6563, 6564, 6565, 6566, 6567, 6568, 6569, 6570, 6571, 6572, 6573, 6574, 
    6575, 6576, 6577, 6578, 6579, 6580, 6581, 6582, 6583, 6584, 6585, 6586, 
    6587, 6588, 6589, 6590, 6591, 6592, 6593, 6594, 6595, 6596, 6597, 6598, 
    6599, 6600, 6901, 6902, 6903, 6904, 6905, 6906, 6907, 6908, 6909, 6910, 
    6911, 6912, 6913, 6914, 6915, 6916, 6917, 6918, 6919, 6920, 6921, 6922, 
    6923, 6924, 6925, 6926, 6927, 6928, 6929, 6930, 6931, 6932, 6933, 6934, 
    6935, 6936, 6937, 6938, 6939, 6940, 6941, 6942, 6943, 6944, 6945, 6946, 
    6947, 6948, 6949, 6950, 6701, 6702, 6703, 6704, 6705, 6706, 6707, 6708, 
    6709, 6710, 6711, 6712, 6713, 6714, 6715, 6716, 6717, 6718, 6719, 6720, 
    6721, 6722, 6723, 6724, 6725, 6726, 6727, 6728, 6729, 6730, 6731, 6732, 
    6733, 6734, 6735, 6736, 6737, 6738, 6739, 6740, 6741, 6742, 6743, 6744, 
    6745, 6746, 6747, 6748, 6749, 6750, 6751, 6752, 6753, 6754, 6755, 6756, 
    6757, 6758, 6759, 6760, 6761, 6762, 6763, 6764, 6765, 6766, 6767, 6768, 
    6769, 6770, 6771, 6772, 6773, 6774, 6775, 6776, 6777, 6778, 6779, 6780, 
    6781, 6782, 6783, 6784, 6785, 6786, 6787, 6788, 6789, 6790, 6791, 6792, 
    6793, 6794, 6795, 6796, 6797, 6798, 6799, 6800, 5001, 5002, 5003, 5004, 
    5005, 5006, 5007, 5008, 5009, 5010, 5011, 5012, 5013, 5014, 5015, 5016, 
    5017, 5018, 5019, 5020, 5021, 5022, 5023, 5024, 5025, 5026, 5027, 5028, 
    5029, 5030, 5031, 5032, 5033, 5034, 5035, 5036, 5037, 5038, 5039, 5040, 
    5041, 5042, 5043, 5044, 5045, 5046, 5047, 5048, 5049, 5050, 5051, 5052, 
    5053, 5054, 5055, 5056, 5057, 5058, 5059, 5060, 5061, 5062, 5063, 5064, 
    5065, 5066, 5067, 5068, 5069, 5070, 5071, 5072, 5073, 5074, 5075, 5076, 
    5077, 5078, 5079, 5080, 5081, 5082, 5083, 5084, 5085, 5086, 5087, 5088, 
    5089, 5090, 5091, 5092, 5093, 5094, 5095, 5096, 5097, 5098, 5099, 5100, 
    5101, 5102, 5103, 5104, 5105, 5106, 5107, 5108, 5109, 5110, 5111, 5112, 
    5113, 5114, 5115, 5116, 5117, 5118, 5119, 5120, 5121, 5122, 5123, 5124, 
    5125, 5126, 5127, 5128, 5129, 5130, 5131, 5132, 5133, 5134, 5135, 5136, 
    5137, 5138, 5139, 5140, 5141, 5142, 5143, 5144, 5145, 5146, 5147, 5148, 
    5149, 5150, 5151, 5152, 5153, 5154, 5155, 5156, 5157, 5158, 5159, 5160, 
    5161, 5162, 5163, 5164, 5165, 5166, 5167, 5168, 5169, 5170, 5171, 5172, 
    5173, 5174, 5175, 5176, 5177, 5178, 5179, 5180, 5181, 5182, 5183, 5184, 
    5185, 5186, 5187, 5188, 5189, 5190, 5191, 5192, 5193, 5194, 5195, 5196, 
    5197, 5198, 5199, 5200, 5201, 5202, 5203, 5204, 5205, 5206, 5207, 5208, 
    5209, 5210, 5211, 5212, 5213, 5214, 5215, 5216, 5217, 5218, 5219, 5220, 
    5221, 5222, 5223, 5224, 5225, 5226, 5227, 5228, 5229, 5230, 5231, 5232, 
    5233, 5234, 5235, 5236, 5237, 5238, 5239, 5240, 5241, 5242, 5243, 5244, 
    5245, 5246, 5247, 5248, 5249, 5250, 5251, 5252, 5253, 5254, 5255, 5256, 
    5257, 5258, 5259, 5260, 5261, 5262, 5263, 5264, 5265, 5266, 5267, 5268, 
    5269, 5270, 5271, 5272, 5273, 5274, 5275, 5276, 5277, 5278, 5279, 5280, 
    5281, 5282, 5283, 5284, 5285, 5286, 5287, 5288, 5289, 5290, 5291, 5292, 
    5293, 5294, 5295, 5296, 5297, 5298, 5299, 5300, 6201, 6202, 6203, 6204, 
    6205, 6206, 6207, 6208, 6209, 6210, 6211, 6212, 6213, 6214, 6215, 6216, 
    6217, 6218, 6219, 6220, 6221, 6222, 6223, 6224, 6225, 6226, 6227, 6228, 
    6229, 6230, 6231, 6232, 6233, 6234, 6235, 6236, 6237, 6238, 6239, 6240, 
    6241, 6242, 6243, 6244, 6245, 6246, 6247, 6248, 6249, 6250, 6251, 6252, 
    6253, 6254, 6255, 6256, 6257, 6258, 6259, 6260, 6261, 6262, 6263, 6264, 
    6265, 6266, 6267, 6268, 6269, 6270, 6271, 6272, 6273, 6274, 6275, 6276, 
    6277, 6278, 6279, 6280, 6281, 6282, 6283, 6284, 6285, 6286, 6287, 6288, 
    6289, 6290, 6291, 6292, 6293, 6294, 6295, 6296, 6297, 6298, 6299, 6300, 
    6301, 6302, 6303, 6304, 6305, 6306, 6307, 6308, 6309, 6310, 6311, 6312, 
    6313, 6314, 6315, 6316, 6317, 6318, 6319, 6320, 6321, 6322, 6323, 6324, 
    6325, 6326, 6327, 6328, 6329, 6330, 6331, 6332, 6333, 6334, 6335, 6336, 
    6337, 6338, 6339, 6340, 6341, 6342, 6343, 6344, 6345, 6346, 6347, 6348, 
    6349, 6350, 5601, 5602, 5603, 5604, 5605, 5606, 5607, 5608, 5609, 5610, 
    5611, 5612, 5613, 5614, 5615, 5616, 5617, 5618, 5619, 5620, 5621, 5622, 
    5623, 5624, 5625, 5626, 5627, 5628, 5629, 5630, 5631, 5632, 5633, 5634, 
    5635, 5636, 5637, 5638, 5639, 5640, 5641, 5642, 5643, 5644, 5645, 5646, 
    5647, 5648, 5649, 5650, 5651, 5652, 5653, 5654, 5655, 5656, 5657, 5658, 
    5659, 5660, 5661, 5662, 5663, 5664, 5665, 5666, 5667, 5668, 5669, 5670, 
    5671, 5672, 5673, 5674, 5675, 5676, 5677, 5678, 5679, 5680, 5681, 5682, 
    5683, 5684, 5685, 5686, 5687, 5688, 5689, 5690, 5691, 5692, 5693, 5694, 
    5695, 5696, 5697, 5698, 5699, 5700, 5701, 5702, 5703, 5704, 5705, 5706, 
    5707, 5708, 5709, 5710, 5711, 5712, 5713, 5714, 5715, 5716, 5717, 5718, 
    5719, 5720, 5721, 5722, 5723, 5724, 5725, 5726, 5727, 5728, 5729, 5730, 
    5731, 5732, 5733, 5734, 5735, 5736, 5737, 5738, 5739, 5740, 5741, 5742, 
    5743, 5744, 5745, 5746, 5747, 5748, 5749, 5750, 5751, 5752, 5753, 5754, 
    5755, 5756, 5757, 5758, 5759, 5760, 5761, 5762, 5763, 5764, 5765, 5766, 
    5767, 5768, 5769, 5770, 5771, 5772, 5773, 5774, 5775, 5776, 5777, 5778, 
    5779, 5780, 5781, 5782, 5783, 5784, 5785, 5786, 5787, 5788, 5789, 5790, 
    5791, 5792, 5793, 5794, 5795, 5796, 5797, 5798, 5799, 5800, 5801, 5802, 
    5803, 5804, 5805, 5806, 5807, 5808, 5809, 5810, 5811, 5812, 5813, 5814, 
    5815, 5816, 5817, 5818, 5819, 5820, 5821, 5822, 5823, 5824, 5825, 5826, 
    5827, 5828, 5829, 5830, 5831, 5832, 5833, 5834, 5835, 5836, 5837, 5838, 
    5839, 5840, 5841, 5842, 5843, 5844, 5845, 5846, 5847, 5848, 5849, 5850, 
    5851, 5852, 5853, 5854, 5855, 5856, 5857, 5858, 5859, 5860, 5861, 5862, 
    5863, 5864, 5865, 5866, 5867, 5868, 5869, 5870, 5871, 5872, 5873, 5874, 
    5875, 5876, 5877, 5878, 5879, 5880, 5881, 5882, 5883, 5884, 5885, 5886, 
    5887, 5888, 5889, 5890, 5891, 5892, 5893, 5894, 5895, 5896, 5897, 5898, 
    5899, 5900, 1, 2, 3, 4, 5, 6, 7, 8, 9, 10, 11, 12, 13, 14, 15, 16, 17, 
    18, 19, 20, 21, 22, 23, 24, 25, 26, 27, 28, 29, 30, 31, 32, 33, 34, 35, 
    36, 37, 38, 39, 40, 41, 42, 43, 44, 45, 46, 47, 48, 49, 50, 51, 52, 53, 
    54, 55, 56, 57, 58, 59, 60, 61, 62, 63, 64, 65, 66, 67, 68, 69, 70, 71, 
    72, 73, 74, 75, 76, 77, 78, 79, 80, 81, 82, 83, 84, 85, 86, 87, 88, 89, 
    90, 91, 92, 93, 94, 95, 96, 97, 98, 99, 100, 101, 102, 103, 104, 105, 
    106, 107, 108, 109, 110, 111, 112, 113, 114, 115, 116, 117, 118, 119, 
    120, 121, 122, 123, 124, 125, 126, 127, 128, 129, 130, 131, 132, 133, 
    134, 135, 136, 137, 138, 139, 140, 141, 142, 143, 144, 145, 146, 147, 
    148, 149, 150, 151, 152, 153, 154, 155, 156, 157, 158, 159, 160, 161, 
    162, 163, 164, 165, 166, 167, 168, 169, 170, 171, 172, 173, 174, 175, 
    176, 177, 178, 179, 180, 181, 182, 183, 184, 185, 186, 187, 188, 189, 
    190, 191, 192, 193, 194, 195, 196, 197, 198, 199, 200, 201, 202, 203, 
    204, 205, 206, 207, 208, 209, 210, 211, 212, 213, 214, 215, 216, 217, 
    218, 219, 220, 221, 222, 223, 224, 225, 226, 227, 228, 229, 230, 231, 
    232, 233, 234, 235, 236, 237, 238, 239, 240, 241, 242, 243, 244, 245, 
    246, 247, 248, 249, 250, 251, 252, 253, 254, 255, 256, 257, 258, 259, 
    260, 261, 262, 263, 264, 265, 266, 267, 268, 269, 270, 271, 272, 273, 
    274, 275, 276, 277, 278, 279, 280, 281, 282, 283, 284, 285, 286, 287, 
    288, 289, 290, 291, 292, 293, 294, 295, 296, 297, 298, 299, 300, 301, 
    302, 303, 304, 305, 306, 307, 308, 309, 310, 311, 312, 313, 314, 315, 
    316, 317, 318, 319, 320, 321, 322, 323, 324, 325, 326, 327, 328, 329, 
    330, 331, 332, 333, 334, 335, 336, 337, 338, 339, 340, 341, 342, 343, 
    344, 345, 346, 347, 348, 349, 350, 351, 352, 353, 354, 355, 356, 357, 
    358, 359, 360, 361, 362, 363, 364, 365, 366, 367, 368, 369, 370, 371, 
    372, 373, 374, 375, 376, 377, 378, 379, 380, 381, 382, 383, 384, 385, 
    386, 387, 388, 389, 390, 391, 392, 393, 394, 395, 396, 397, 398, 399, 
    400, 401, 402, 403, 404, 405, 406, 407, 408, 409, 410, 411, 412, 413, 
    414, 415, 416, 417, 418, 419, 420, 421, 422, 423, 424, 425, 426, 427, 
    428, 429, 430, 431, 432, 433, 434, 435, 436, 437, 438, 439, 440, 441, 
    442, 443, 444, 445, 446, 447, 448, 449, 450, 451, 452, 453, 454, 455, 
    456, 457, 458, 459, 460, 461, 462, 463, 464, 465, 466, 467, 468, 469, 
    470, 471, 472, 473, 474, 475, 476, 477, 478, 479, 480, 481, 482, 483, 
    484, 485, 486, 487, 488, 489, 490, 491, 492, 493, 494, 495, 496, 497, 
    498, 499, 500, 501, 502, 503, 504, 505, 506, 507, 508, 509, 510, 511, 
    512, 513, 514, 515, 516, 517, 518, 519, 520, 521, 522, 523, 524, 525, 
    526, 527, 528, 529, 530, 531, 532, 533, 534, 535, 536, 537, 538, 539, 
    540, 541, 542, 543, 544, 545, 546, 547, 548, 549, 550, 551, 552, 553, 
    554, 555, 556, 557, 558, 559, 560, 561, 562, 563, 564, 565, 566, 567, 
    568, 569, 570, 571, 572, 573, 574, 575, 576, 577, 578, 579, 580, 581, 
    582, 583, 584, 585, 586, 587, 588, 589, 590, 591, 592, 593, 594, 595, 
    596, 597, 598, 599, 600, 601, 602, 603, 604, 605, 606, 607, 608, 609, 
    610, 611, 612, 613, 614, 615, 616, 617, 618, 619, 620, 621, 622, 623, 
    624, 625, 626, 627, 628, 629, 630, 631, 632, 633, 634, 635, 636, 637, 
    638, 639, 640, 641, 642, 643, 644, 645, 646, 647, 648, 649, 650, 651, 
    652, 653, 654, 655, 656, 657, 658, 659, 660, 661, 662, 663, 664, 665, 
    666, 667, 668, 669, 670, 671, 672, 673, 674, 675, 676, 677, 678, 679, 
    680, 681, 682, 683, 684, 685, 686, 687, 688, 689, 690, 691, 692, 693, 
    694, 695, 696, 697, 698, 699, 700, 701, 702, 703, 704, 705, 706, 707, 
    708, 709, 710, 711, 712, 713, 714, 715, 716, 717, 718, 719, 720, 721, 
    722, 723, 724, 725, 726, 727, 728, 729, 730, 731, 732, 733, 734, 735, 
    736, 737, 738, 739, 740, 741, 742, 743, 744, 745, 746, 747, 748, 749, 
    750, 751, 752, 753, 754, 755, 756, 757, 758, 759, 760, 761, 762, 763, 
    764, 765, 766, 767, 768, 769, 770, 771, 772, 773, 774, 775, 776, 777, 
    778, 779, 780, 781, 782, 783, 784, 785, 786, 787, 788, 789, 790, 791, 
    792, 793, 794, 795, 796, 797, 798, 799, 800, 801, 802, 803, 804, 805, 
    806, 807, 808, 809, 810, 811, 812, 813, 814, 815, 816, 817, 818, 819, 
    820, 821, 822, 823, 824, 825, 826, 827, 828, 829, 830, 831, 832, 833, 
    834, 835, 836, 837, 838, 839, 840, 841, 842, 843, 844, 845, 846, 847, 
    848, 849, 850, 851, 852, 853, 854, 855, 856, 857, 858, 859, 860, 861, 
    862, 863, 864, 865, 866, 867, 868, 869, 870, 871, 872, 873, 874, 875, 
    876, 877, 878, 879, 880, 881, 882, 883, 884, 885, 886, 887, 888, 889, 
    890, 891, 892, 893, 894, 895, 896, 897, 898, 899, 900, 901, 902, 903, 
    904, 905, 906, 907, 908, 909, 910, 911, 912, 913, 914, 915, 916, 917, 
    918, 919, 920, 921, 922, 923, 924, 925, 926, 927, 928, 929, 930, 931, 
    932, 933, 934, 935, 936, 937, 938, 939, 940, 941, 942, 943, 944, 945, 
    946, 947, 948, 949, 950, 951, 952, 953, 954, 955, 956, 957, 958, 959, 
    960, 961, 962, 963, 964, 965, 966, 967, 968, 969, 970, 971, 972, 973, 
    974, 975, 976, 977, 978, 979, 980, 981, 982, 983, 984, 985, 986, 987, 
    988, 989, 990, 991, 992, 993, 994, 995, 996, 997, 998, 999, 1000, 4001, 
    4002, 4003, 4004, 4005, 4006, 4007, 4008, 4009, 4010, 4011, 4012, 4013, 
    4014, 4015, 4016, 4017, 4018, 4019, 4020, 4021, 4022, 4023, 4024, 4025, 
    4026, 4027, 4028, 4029, 4030, 4031, 4032, 4033, 4034, 4035, 4036, 4037, 
    4038, 4039, 4040, 4041, 4042, 4043, 4044, 4045, 4046, 4047, 4048, 4049, 
    4050, 4051, 4052, 4053, 4054, 4055, 4056, 4057, 4058, 4059, 4060, 4061, 
    4062, 4063, 4064, 4065, 4066, 4067, 4068, 4069, 4070, 4071, 4072, 4073, 
    4074, 4075, 4076, 4077, 4078, 4079, 4080, 4081, 4082, 4083, 4084, 4085, 
    4086, 4087, 4088, 4089, 4090, 4091, 4092, 4093, 4094, 4095, 4096, 4097, 
    4098, 4099, 4100, 4101, 4102, 4103, 4104, 4105, 4106, 4107, 4108, 4109, 
    4110, 4111, 4112, 4113, 4114, 4115, 4116, 4117, 4118, 4119, 4120, 4121, 
    4122, 4123, 4124, 4125, 4126, 4127, 4128, 4129, 4130, 4131, 4132, 4133, 
    4134, 4135, 4136, 4137, 4138, 4139, 4140, 4141, 4142, 4143, 4144, 4145, 
    4146, 4147, 4148, 4149, 4150, 4151, 4152, 4153, 4154, 4155, 4156, 4157, 
    4158, 4159, 4160, 4161, 4162, 4163, 4164, 4165, 4166, 4167, 4168, 4169, 
    4170, 4171, 4172, 4173, 4174, 4175, 4176, 4177, 4178, 4179, 4180, 4181, 
    4182, 4183, 4184, 4185, 4186, 4187, 4188, 4189, 4190, 4191, 4192, 4193, 
    4194, 4195, 4196, 4197, 4198, 4199, 4200, 4201, 4202, 4203, 4204, 4205, 
    4206, 4207, 4208, 4209, 4210, 4211, 4212, 4213, 4214, 4215, 4216, 4217, 
    4218, 4219, 4220, 4221, 4222, 4223, 4224, 4225, 4226, 4227, 4228, 4229, 
    4230, 4231, 4232, 4233, 4234, 4235, 4236, 4237, 4238, 4239, 4240, 4241, 
    4242, 4243, 4244, 4245, 4246, 4247, 4248, 4249, 4250, 4251, 4252, 4253, 
    4254, 4255, 4256, 4257, 4258, 4259, 4260, 4261, 4262, 4263, 4264, 4265, 
    4266, 4267, 4268, 4269, 4270, 4271, 4272, 4273, 4274, 4275, 4276, 4277, 
    4278, 4279, 4280, 4281, 4282, 4283, 4284, 4285, 4286, 4287, 4288, 4289, 
    4290, 4291, 4292, 4293, 4294, 4295, 4296, 4297, 4298, 4299, 4300, 4301, 
    4302, 4303, 4304, 4305, 4306, 4307, 4308, 4309, 4310, 4311, 4312, 4313, 
    4314, 4315, 4316, 4317, 4318, 4319, 4320, 4321, 4322, 4323, 4324, 4325, 
    4326, 4327, 4328, 4329, 4330, 4331, 4332, 4333, 4334, 4335, 4336, 4337, 
    4338, 4339, 4340, 4341, 4342, 4343, 4344, 4345, 4346, 4347, 4348, 4349, 
    4350, 4351, 4352, 4353, 4354, 4355, 4356, 4357, 4358, 4359, 4360, 4361, 
    4362, 4363, 4364, 4365, 4366, 4367, 4368, 4369, 4370, 4371, 4372, 4373, 
    4374, 4375, 4376, 4377, 4378, 4379, 4380, 4381, 4382, 4383, 4384, 4385, 
    4386, 4387, 4388, 4389, 4390, 4391, 4392, 4393, 4394, 4395, 4396, 4397, 
    4398, 4399, 4400, 4401, 4402, 4403, 4404, 4405, 4406, 4407, 4408, 4409, 
    4410, 4411, 4412, 4413, 4414, 4415, 4416, 4417, 4418, 4419, 4420, 4421, 
    4422, 4423, 4424, 4425, 4426, 4427, 4428, 4429, 4430, 4431, 4432, 4433, 
    4434, 4435, 4436, 4437, 4438, 4439, 4440, 4441, 4442, 4443, 4444, 4445, 
    4446, 4447, 4448, 4449, 4450, 4451, 4452, 4453, 4454, 4455, 4456, 4457, 
    4458, 4459, 4460, 4461, 4462, 4463, 4464, 4465, 4466, 4467, 4468, 4469, 
    4470, 4471, 4472, 4473, 4474, 4475, 4476, 4477, 4478, 4479, 4480, 4481, 
    4482, 4483, 4484, 4485, 4486, 4487, 4488, 4489, 4490, 4491, 4492, 4493, 
    4494, 4495, 4496, 4497, 4498, 4499, 4500, 2001, 2002, 2003, 2004, 2005, 
    2006, 2007, 2008, 2009, 2010, 2011, 2012, 2013, 2014, 2015, 2016, 2017, 
    2018, 2019, 2020, 2021, 2022, 2023, 2024, 2025, 2026, 2027, 2028, 2029, 
    2030, 2031, 2032, 2033, 2034, 2035, 2036, 2037, 2038, 2039, 2040, 2041, 
    2042, 2043, 2044, 2045, 2046, 2047, 2048, 2049, 2050, 2051, 2052, 2053, 
    2054, 2055, 2056, 2057, 2058, 2059, 2060, 2061, 2062, 2063, 2064, 2065, 
    2066, 2067, 2068, 2069, 2070, 2071, 2072, 2073, 2074, 2075, 2076, 2077, 
    2078, 2079, 2080, 2081, 2082, 2083, 2084, 2085, 2086, 2087, 2088, 2089, 
    2090, 2091, 2092, 2093, 2094, 2095, 2096, 2097, 2098, 2099, 2100, 2101, 
    2102, 2103, 2104, 2105, 2106, 2107, 2108, 2109, 2110, 2111, 2112, 2113, 
    2114, 2115, 2116, 2117, 2118, 2119, 2120, 2121, 2122, 2123, 2124, 2125, 
    2126, 2127, 2128, 2129, 2130, 2131, 2132, 2133, 2134, 2135, 2136, 2137, 
    2138, 2139, 2140, 2141, 2142, 2143, 2144, 2145, 2146, 2147, 2148, 2149, 
    2150, 2151, 2152, 2153, 2154, 2155, 2156, 2157, 2158, 2159, 2160, 2161, 
    2162, 2163, 2164, 2165, 2166, 2167, 2168, 2169, 2170, 2171, 2172, 2173, 
    2174, 2175, 2176, 2177, 2178, 2179, 2180, 2181, 2182, 2183, 2184, 2185, 
    2186, 2187, 2188, 2189, 2190, 2191, 2192, 2193, 2194, 2195, 2196, 2197, 
    2198, 2199, 2200, 2201, 2202, 2203, 2204, 2205, 2206, 2207, 2208, 2209, 
    2210, 2211, 2212, 2213, 2214, 2215, 2216, 2217, 2218, 2219, 2220, 2221, 
    2222, 2223, 2224, 2225, 2226, 2227, 2228, 2229, 2230, 2231, 2232, 2233, 
    2234, 2235, 2236, 2237, 2238, 2239, 2240, 2241, 2242, 2243, 2244, 2245, 
    2246, 2247, 2248, 2249, 2250, 2251, 2252, 2253, 2254, 2255, 2256, 2257, 
    2258, 2259, 2260, 2261, 2262, 2263, 2264, 2265, 2266, 2267, 2268, 2269, 
    2270, 2271, 2272, 2273, 2274, 2275, 2276, 2277, 2278, 2279, 2280, 2281, 
    2282, 2283, 2284, 2285, 2286, 2287, 2288, 2289, 2290, 2291, 2292, 2293, 
    2294, 2295, 2296, 2297, 2298, 2299, 2300, 2301, 2302, 2303, 2304, 2305, 
    2306, 2307, 2308, 2309, 2310, 2311, 2312, 2313, 2314, 2315, 2316, 2317, 
    2318, 2319, 2320, 2321, 2322, 2323, 2324, 2325, 2326, 2327, 2328, 2329, 
    2330, 2331, 2332, 2333, 2334, 2335, 2336, 2337, 2338, 2339, 2340, 2341, 
    2342, 2343, 2344, 2345, 2346, 2347, 2348, 2349, 2350, 2351, 2352, 2353, 
    2354, 2355, 2356, 2357, 2358, 2359, 2360, 2361, 2362, 2363, 2364, 2365, 
    2366, 2367, 2368, 2369, 2370, 2371, 2372, 2373, 2374, 2375, 2376, 2377, 
    2378, 2379, 2380, 2381, 2382, 2383, 2384, 2385, 2386, 2387, 2388, 2389, 
    2390, 2391, 2392, 2393, 2394, 2395, 2396, 2397, 2398, 2399, 2400, 2401, 
    2402, 2403, 2404, 2405, 2406, 2407, 2408, 2409, 2410, 2411, 2412, 2413, 
    2414, 2415, 2416, 2417, 2418, 2419, 2420, 2421, 2422, 2423, 2424, 2425, 
    2426, 2427, 2428, 2429, 2430, 2431, 2432, 2433, 2434, 2435, 2436, 2437, 
    2438, 2439, 2440, 2441, 2442, 2443, 2444, 2445, 2446, 2447, 2448, 2449, 
    2450, 2451, 2452, 2453, 2454, 2455, 2456, 2457, 2458, 2459, 2460, 2461, 
    2462, 2463, 2464, 2465, 2466, 2467, 2468, 2469, 2470, 2471, 2472, 2473, 
    2474, 2475, 2476, 2477, 2478, 2479, 2480, 2481, 2482, 2483, 2484, 2485, 
    2486, 2487, 2488, 2489, 2490, 2491, 2492, 2493, 2494, 2495, 2496, 2497, 
    2498, 2499, 2500, 2501, 2502, 2503, 2504, 2505, 2506, 2507, 2508, 2509, 
    2510, 2511, 2512, 2513, 2514, 2515, 2516, 2517, 2518, 2519, 2520, 2521, 
    2522, 2523, 2524, 2525, 2526, 2527, 2528, 2529, 2530, 2531, 2532, 2533, 
    2534, 2535, 2536, 2537, 2538, 2539, 2540, 2541, 2542, 2543, 2544, 2545, 
    2546, 2547, 2548, 2549, 2550, 2551, 2552, 2553, 2554, 2555, 2556, 2557, 
    2558, 2559, 2560, 2561, 2562, 2563, 2564, 2565, 2566, 2567, 2568, 2569, 
    2570, 2571, 2572, 2573, 2574, 2575, 2576, 2577, 2578, 2579, 2580, 2581, 
    2582, 2583, 2584, 2585, 2586, 2587, 2588, 2589, 2590, 2591, 2592, 2593, 
    2594, 2595, 2596, 2597, 2598, 2599, 2600, 2601, 2602, 2603, 2604, 2605, 
    2606, 2607, 2608, 2609, 2610, 2611, 2612, 2613, 2614, 2615, 2616, 2617, 
    2618, 2619, 2620, 2621, 2622, 2623, 2624, 2625, 2626, 2627, 2628, 2629, 
    2630, 2631, 2632, 2633, 2634, 2635, 2636, 2637, 2638, 2639, 2640, 2641, 
    2642, 2643, 2644, 2645, 2646, 2647, 2648, 2649, 2650, 2651, 2652, 2653, 
    2654, 2655, 2656, 2657, 2658, 2659, 2660, 2661, 2662, 2663, 2664, 2665, 
    2666, 2667, 2668, 2669, 2670, 2671, 2672, 2673, 2674, 2675, 2676, 2677, 
    2678, 2679, 2680, 2681, 2682, 2683, 2684, 2685, 2686, 2687, 2688, 2689, 
    2690, 2691, 2692, 2693, 2694, 2695, 2696, 2697, 2698, 2699, 2700, 2701, 
    2702, 2703, 2704, 2705, 2706, 2707, 2708, 2709, 2710, 2711, 2712, 2713, 
    2714, 2715, 2716, 2717, 2718, 2719, 2720, 2721, 2722, 2723, 2724, 2725, 
    2726, 2727, 2728, 2729, 2730, 2731, 2732, 2733, 2734, 2735, 2736, 2737, 
    2738, 2739, 2740, 2741, 2742, 2743, 2744, 2745, 2746, 2747, 2748, 2749, 
    2750, 2751, 2752, 2753, 2754, 2755, 2756, 2757, 2758, 2759, 2760, 2761, 
    2762, 2763, 2764, 2765, 2766, 2767, 2768, 2769, 2770, 2771, 2772, 2773, 
    2774, 2775, 2776, 2777, 2778, 2779, 2780, 2781, 2782, 2783, 2784, 2785, 
    2786, 2787, 2788, 2789, 2790, 2791, 2792, 2793, 2794, 2795, 2796, 2797, 
    2798, 2799, 2800, 2801, 2802, 2803, 2804, 2805, 2806, 2807, 2808, 2809, 
    2810, 2811, 2812, 2813, 2814, 2815, 2816, 2817, 2818, 2819, 2820, 2821, 
    2822, 2823, 2824, 2825, 2826, 2827, 2828, 2829, 2830, 2831, 2832, 2833, 
    2834, 2835, 2836, 2837, 2838, 2839, 2840, 2841, 2842, 2843, 2844, 2845, 
    2846, 2847, 2848, 2849, 2850, 2851, 2852, 2853, 2854, 2855, 2856, 2857, 
    2858, 2859, 2860, 2861, 2862, 2863, 2864, 2865, 2866, 2867, 2868, 2869, 
    2870, 2871, 2872, 2873, 2874, 2875, 2876, 2877, 2878, 2879, 2880, 2881, 
    2882, 2883, 2884, 2885, 2886, 2887, 2888, 2889, 2890, 2891, 2892, 2893, 
    2894, 2895, 2896, 2897, 2898, 2899, 2900, 2901, 2902, 2903, 2904, 2905, 
    2906, 2907, 2908, 2909, 2910, 2911, 2912, 2913, 2914, 2915, 2916, 2917, 
    2918, 2919, 2920, 2921, 2922, 2923, 2924, 2925, 2926, 2927, 2928, 2929, 
    2930, 2931, 2932, 2933, 2934, 2935, 2936, 2937, 2938, 2939, 2940, 2941, 
    2942, 2943, 2944, 2945, 2946, 2947, 2948, 2949, 2950, 2951, 2952, 2953, 
    2954, 2955, 2956, 2957, 2958, 2959, 2960, 2961, 2962, 2963, 2964, 2965, 
    2966, 2967, 2968, 2969, 2970, 2971, 2972, 2973, 2974, 2975, 2976, 2977, 
    2978, 2979, 2980, 2981, 2982, 2983, 2984, 2985, 2986, 2987, 2988, 2989, 
    2990, 2991, 2992, 2993, 2994, 2995, 2996, 2997, 2998, 2999, 3000 ;

 node_num_map = 6380, 7766, 7767, 6398, 6381, 7794, 7875, 6479, 7768, 6397, 
    7874, 6478, 7769, 6396, 7873, 6477, 7770, 6395, 7872, 6476, 7771, 6394, 
    7871, 6475, 7772, 6393, 7870, 6474, 7773, 6392, 7869, 6473, 7774, 6391, 
    7868, 6472, 7775, 6390, 7867, 6471, 7646, 6018, 7684, 6019, 6382, 7793, 
    7866, 6470, 7865, 6469, 7864, 6468, 7863, 6467, 7862, 6466, 7861, 6465, 
    7860, 6464, 7859, 6463, 7858, 6462, 7683, 6020, 6383, 7792, 7857, 6461, 
    7856, 6460, 7855, 6459, 7854, 6458, 7853, 6457, 7852, 6456, 7851, 6455, 
    7850, 6454, 7849, 6453, 7682, 6021, 6384, 7791, 7848, 6452, 7847, 6451, 
    7846, 6450, 7845, 6449, 7844, 6448, 7843, 6447, 7842, 6446, 7841, 6445, 
    7840, 6444, 7681, 6022, 6385, 7790, 7839, 6443, 7838, 6442, 7837, 6441, 
    7836, 6440, 7835, 6439, 7834, 6438, 7833, 6437, 7832, 6436, 7831, 6435, 
    7680, 6023, 6386, 7789, 7830, 6434, 7829, 6433, 7828, 6432, 7827, 6431, 
    7826, 6430, 7825, 6429, 7824, 6428, 7823, 6427, 7822, 6426, 7679, 6024, 
    6387, 7788, 7821, 6425, 7820, 6424, 7819, 6423, 7818, 6422, 7817, 6421, 
    7816, 6420, 7815, 6419, 7814, 6418, 7813, 6417, 7678, 6025, 6388, 7787, 
    7812, 6416, 7811, 6415, 7810, 6414, 7809, 6413, 7808, 6412, 7807, 6411, 
    7806, 6410, 7805, 6409, 7804, 6408, 7677, 6026, 6389, 7786, 7803, 6407, 
    7802, 6406, 7801, 6405, 7800, 6404, 7799, 6403, 7798, 6402, 7797, 6401, 
    7796, 6400, 7795, 6399, 7676, 6027, 6370, 7776, 7785, 6371, 7784, 6372, 
    7783, 6373, 7782, 6374, 7781, 6375, 7780, 6376, 7779, 6377, 7778, 6378, 
    7777, 6379, 7666, 6007, 8154, 8155, 7525, 7529, 8153, 8164, 7526, 7538, 
    8152, 8173, 7527, 7547, 8151, 8182, 7528, 7556, 8007, 8025, 7063, 7072, 
    8156, 7530, 8165, 7539, 8174, 7548, 8183, 7557, 8024, 7071, 8157, 7531, 
    8166, 7540, 8175, 7549, 8184, 7558, 8023, 7070, 8158, 7532, 8167, 7541, 
    8176, 7550, 8185, 7559, 8022, 7069, 8159, 7533, 8168, 7542, 8177, 7551, 
    8186, 7560, 8021, 7068, 8160, 7534, 8169, 7543, 8178, 7552, 8187, 7561, 
    8020, 7067, 8161, 7535, 8170, 7544, 8179, 7553, 8188, 7562, 8019, 7066, 
    8162, 7536, 8171, 7545, 8180, 7554, 8189, 7563, 8018, 7065, 8163, 7537, 
    8172, 7546, 8181, 7555, 8190, 7564, 8017, 7064, 8110, 7397, 8109, 7398, 
    8108, 7399, 8107, 7400, 7887, 6701, 8034, 7896, 7100, 6731, 8033, 7099, 
    8032, 7098, 8031, 7097, 8030, 7096, 8029, 7095, 8028, 7094, 8027, 7093, 
    8026, 7092, 8016, 7083, 8043, 7895, 7109, 6732, 8042, 7108, 8041, 7107, 
    8040, 7106, 8039, 7105, 8038, 7104, 8037, 7103, 8036, 7102, 8035, 7101, 
    8015, 7084, 8052, 7894, 7118, 6733, 8051, 7117, 8050, 7116, 8049, 7115, 
    8048, 7114, 8047, 7113, 8046, 7112, 8045, 7111, 8044, 7110, 8014, 7085, 
    8061, 7893, 7127, 6734, 8060, 7126, 8059, 7125, 8058, 7124, 8057, 7123, 
    8056, 7122, 8055, 7121, 8054, 7120, 8053, 7119, 8013, 7086, 8070, 7892, 
    7136, 6735, 8069, 7135, 8068, 7134, 8067, 7133, 8066, 7132, 8065, 7131, 
    8064, 7130, 8063, 7129, 8062, 7128, 8012, 7087, 8079, 7891, 7145, 6736, 
    8078, 7144, 8077, 7143, 8076, 7142, 8075, 7141, 8074, 7140, 8073, 7139, 
    8072, 7138, 8071, 7137, 8011, 7088, 8088, 7890, 7154, 6737, 8087, 7153, 
    8086, 7152, 8085, 7151, 8084, 7150, 8083, 7149, 8082, 7148, 8081, 7147, 
    8080, 7146, 8010, 7089, 8097, 7889, 7163, 6738, 8096, 7162, 8095, 7161, 
    8094, 7160, 8093, 7159, 8092, 7158, 8091, 7157, 8090, 7156, 8089, 7155, 
    8009, 7090, 8106, 7888, 7172, 6739, 8105, 7171, 8104, 7170, 8103, 7169, 
    8102, 7168, 8101, 7167, 8100, 7166, 8099, 7165, 8098, 7164, 8008, 7091, 
    7998, 7876, 7082, 6721, 7999, 7081, 8000, 7080, 8001, 7079, 8002, 7078, 
    8003, 7077, 8004, 7076, 8005, 7075, 8006, 7074, 7997, 7073, 1333, 1342, 
    1361, 1352, 6481, 6501, 6538, 6519, 1341, 1362, 6500, 6539, 1340, 1363, 
    6499, 6540, 1339, 1364, 6498, 6541, 1338, 1365, 6497, 6542, 1337, 1366, 
    6496, 6543, 1336, 1367, 6495, 6544, 1335, 1368, 6494, 6545, 1334, 1369, 
    6493, 6546, 1332, 1351, 6483, 6537, 1370, 1353, 6547, 6517, 1371, 6548, 
    1372, 6549, 1373, 6550, 1374, 6551, 1375, 6552, 1376, 6553, 1377, 6554, 
    1378, 6555, 1350, 6536, 1379, 1354, 6556, 6515, 1380, 6557, 1381, 6558, 
    1382, 6559, 1383, 6560, 1384, 6561, 1385, 6562, 1386, 6563, 1387, 6564, 
    1349, 6535, 1388, 1355, 6565, 6513, 1389, 6566, 1390, 6567, 1391, 6568, 
    1392, 6569, 1393, 6570, 1394, 6571, 1395, 6572, 1396, 6573, 1348, 6534, 
    1397, 1356, 6574, 6511, 1398, 6575, 1399, 6576, 1400, 6577, 1401, 6578, 
    1402, 6579, 1403, 6580, 1404, 6581, 1405, 6582, 1347, 6533, 1406, 1357, 
    6583, 6509, 1407, 6584, 1408, 6585, 1409, 6586, 1410, 6587, 1411, 6588, 
    1412, 6589, 1413, 6590, 1414, 6591, 1346, 6532, 1415, 1358, 6592, 6507, 
    1416, 6593, 1417, 6594, 1418, 6595, 1419, 6596, 1420, 6597, 1421, 6598, 
    1422, 6599, 1423, 6600, 1345, 6531, 1424, 1359, 6601, 6505, 1425, 6602, 
    1426, 6603, 1427, 6604, 1428, 6605, 1429, 6606, 1430, 6607, 1431, 6608, 
    1432, 6609, 1344, 6530, 1433, 1360, 6610, 6503, 1434, 6611, 1435, 6612, 
    1436, 6613, 1437, 6614, 1438, 6615, 1439, 6616, 1440, 6617, 1441, 6618, 
    1343, 6529, 11, 2, 6133, 6129, 10, 6135, 9, 6137, 8, 6139, 7, 6141, 6, 
    6143, 5, 6145, 4, 6147, 3, 6149, 1, 6131, 6480, 6492, 6619, 6518, 6491, 
    6620, 6490, 6621, 6489, 6622, 6488, 6623, 6487, 6624, 6486, 6625, 6485, 
    6626, 6484, 6627, 6482, 6528, 6628, 6516, 6629, 6630, 6631, 6632, 6633, 
    6634, 6635, 6636, 6527, 6637, 6514, 6638, 6639, 6640, 6641, 6642, 6643, 
    6644, 6645, 6526, 6646, 6512, 6647, 6648, 6649, 6650, 6651, 6652, 6653, 
    6654, 6525, 6655, 6510, 6656, 6657, 6658, 6659, 6660, 6661, 6662, 6663, 
    6524, 6664, 6508, 6665, 6666, 6667, 6668, 6669, 6670, 6671, 6672, 6523, 
    6673, 6506, 6674, 6675, 6676, 6677, 6678, 6679, 6680, 6681, 6522, 6682, 
    6504, 6683, 6684, 6685, 6686, 6687, 6688, 6689, 6690, 6521, 6691, 6502, 
    6692, 6693, 6694, 6695, 6696, 6697, 6698, 6699, 6520, 6132, 6128, 6134, 
    6136, 6138, 6140, 6142, 6144, 6146, 6148, 6130, 7173, 7175, 7568, 7573, 
    7174, 7176, 7572, 7574, 3883, 3901, 5570, 5606, 7177, 7575, 7178, 7576, 
    3900, 5602, 7179, 7577, 7180, 7578, 3899, 5598, 7181, 7579, 7182, 7580, 
    3898, 5594, 7183, 7581, 7184, 7582, 3897, 5590, 7185, 7583, 7186, 7584, 
    3896, 5586, 7187, 7585, 7188, 7586, 3895, 5582, 7189, 7587, 7190, 7588, 
    3894, 5578, 7191, 7589, 7192, 7590, 3893, 5574, 6843, 7445, 6844, 7446, 
    2563, 5090, 7567, 7591, 7571, 7592, 5569, 5605, 7593, 7594, 5601, 7595, 
    7596, 5597, 7597, 7598, 5593, 7599, 7600, 5589, 7601, 7602, 5585, 7603, 
    7604, 5581, 7605, 7606, 5577, 7607, 7608, 5573, 7447, 7448, 5089, 7566, 
    7609, 7570, 7610, 5568, 5604, 7611, 7612, 5600, 7613, 7614, 5596, 7615, 
    7616, 5592, 7617, 7618, 5588, 7619, 7620, 5584, 7621, 7622, 5580, 7623, 
    7624, 5576, 7625, 7626, 5572, 7449, 7450, 5088, 7565, 7627, 7569, 7628, 
    5567, 5603, 7629, 7630, 5599, 7631, 7632, 5595, 7633, 7634, 5591, 7635, 
    7636, 5587, 7637, 7638, 5583, 7639, 7640, 5579, 7641, 7642, 5575, 7643, 
    7644, 5571, 7451, 7452, 5087, 7195, 7231, 7204, 7232, 3884, 3974, 7196, 
    7233, 7205, 7234, 3885, 3975, 7197, 7235, 7206, 7236, 3886, 3976, 7198, 
    7237, 7207, 7238, 3887, 3977, 7199, 7239, 7208, 7240, 3888, 3978, 7200, 
    7241, 7209, 7242, 3889, 3979, 7201, 7243, 7210, 7244, 3890, 3980, 7202, 
    7245, 7211, 7246, 3891, 3981, 7203, 7247, 7212, 7248, 3892, 3982, 7193, 
    7213, 7194, 7222, 3873, 3874, 7249, 7250, 3965, 7251, 7252, 3966, 7253, 
    7254, 3967, 7255, 7256, 3968, 7257, 7258, 3969, 7259, 7260, 3970, 7261, 
    7262, 3971, 7263, 7264, 3972, 7265, 7266, 3973, 7214, 7223, 3875, 7267, 
    7268, 3956, 7269, 7270, 3957, 7271, 7272, 3958, 7273, 7274, 3959, 7275, 
    7276, 3960, 7277, 7278, 3961, 7279, 7280, 3962, 7281, 7282, 3963, 7283, 
    7284, 3964, 7215, 7224, 3876, 7285, 7286, 3947, 7287, 7288, 3948, 7289, 
    7290, 3949, 7291, 7292, 3950, 7293, 7294, 3951, 7295, 7296, 3952, 7297, 
    7298, 3953, 7299, 7300, 3954, 7301, 7302, 3955, 7216, 7225, 3877, 7303, 
    7304, 3938, 7305, 7306, 3939, 7307, 7308, 3940, 7309, 7310, 3941, 7311, 
    7312, 3942, 7313, 7314, 3943, 7315, 7316, 3944, 7317, 7318, 3945, 7319, 
    7320, 3946, 7217, 7226, 3878, 7321, 7322, 3929, 7323, 7324, 3930, 7325, 
    7326, 3931, 7327, 7328, 3932, 7329, 7330, 3933, 7331, 7332, 3934, 7333, 
    7334, 3935, 7335, 7336, 3936, 7337, 7338, 3937, 7218, 7227, 3879, 7339, 
    7340, 3920, 7341, 7342, 3921, 7343, 7344, 3922, 7345, 7346, 3923, 7347, 
    7348, 3924, 7349, 7350, 3925, 7351, 7352, 3926, 7353, 7354, 3927, 7355, 
    7356, 3928, 7219, 7228, 3880, 7357, 7358, 3911, 7359, 7360, 3912, 7361, 
    7362, 3913, 7363, 7364, 3914, 7365, 7366, 3915, 7367, 7368, 3916, 7369, 
    7370, 3917, 7371, 7372, 3918, 7373, 7374, 3919, 7220, 7229, 3881, 7375, 
    7376, 3902, 7377, 7378, 3903, 7379, 7380, 3904, 7381, 7382, 3905, 7383, 
    7384, 3906, 7385, 7386, 3907, 7387, 7388, 3908, 7389, 7390, 3909, 7391, 
    7392, 3910, 7221, 7230, 3882, 6881, 6882, 2564, 6879, 6880, 2565, 6877, 
    6878, 2566, 6875, 6876, 2567, 6873, 6874, 2568, 6871, 6872, 2569, 6869, 
    6870, 2570, 6867, 6868, 2571, 6865, 6866, 2572, 6864, 6863, 2553, 1442, 
    1460, 1804, 1552, 1451, 1541, 1813, 1633, 1459, 1805, 1540, 1814, 1458, 
    1806, 1539, 1815, 1457, 1807, 1538, 1816, 1456, 1808, 1537, 1817, 1455, 
    1809, 1536, 1818, 1454, 1810, 1535, 1819, 1453, 1811, 1534, 1820, 1452, 
    1812, 1533, 1821, 122, 242, 131, 331, 1795, 1553, 1822, 1634, 1796, 1823, 
    1797, 1824, 1798, 1825, 1799, 1826, 1800, 1827, 1801, 1828, 1802, 1829, 
    1803, 1830, 243, 322, 1786, 1554, 1831, 1635, 1787, 1832, 1788, 1833, 
    1789, 1834, 1790, 1835, 1791, 1836, 1792, 1837, 1793, 1838, 1794, 1839, 
    244, 313, 1777, 1555, 1840, 1636, 1778, 1841, 1779, 1842, 1780, 1843, 
    1781, 1844, 1782, 1845, 1783, 1846, 1784, 1847, 1785, 1848, 245, 304, 
    1768, 1556, 1849, 1637, 1769, 1850, 1770, 1851, 1771, 1852, 1772, 1853, 
    1773, 1854, 1774, 1855, 1775, 1856, 1776, 1857, 246, 295, 1759, 1557, 
    1858, 1638, 1760, 1859, 1761, 1860, 1762, 1861, 1763, 1862, 1764, 1863, 
    1765, 1864, 1766, 1865, 1767, 1866, 247, 286, 1750, 1558, 1867, 1639, 
    1751, 1868, 1752, 1869, 1753, 1870, 1754, 1871, 1755, 1872, 1756, 1873, 
    1757, 1874, 1758, 1875, 248, 277, 1741, 1559, 1876, 1640, 1742, 1877, 
    1743, 1878, 1744, 1879, 1745, 1880, 1746, 1881, 1747, 1882, 1748, 1883, 
    1749, 1884, 249, 268, 1732, 1560, 1885, 1641, 1733, 1886, 1734, 1887, 
    1735, 1888, 1736, 1889, 1737, 1890, 1738, 1891, 1739, 1892, 1740, 1893, 
    250, 259, 1642, 1542, 1731, 1551, 1643, 1722, 1644, 1713, 1645, 1704, 
    1646, 1695, 1647, 1686, 1648, 1677, 1649, 1668, 1650, 1659, 232, 241, 
    1450, 1532, 1894, 1624, 1531, 1895, 1530, 1896, 1529, 1897, 1528, 1898, 
    1527, 1899, 1526, 1900, 1525, 1901, 1524, 1902, 130, 330, 1903, 1625, 
    1904, 1905, 1906, 1907, 1908, 1909, 1910, 1911, 321, 1912, 1626, 1913, 
    1914, 1915, 1916, 1917, 1918, 1919, 1920, 312, 1921, 1627, 1922, 1923, 
    1924, 1925, 1926, 1927, 1928, 1929, 303, 1930, 1628, 1931, 1932, 1933, 
    1934, 1935, 1936, 1937, 1938, 294, 1939, 1629, 1940, 1941, 1942, 1943, 
    1944, 1945, 1946, 1947, 285, 1948, 1630, 1949, 1950, 1951, 1952, 1953, 
    1954, 1955, 1956, 276, 1957, 1631, 1958, 1959, 1960, 1961, 1962, 1963, 
    1964, 1965, 267, 1966, 1632, 1967, 1968, 1969, 1970, 1971, 1972, 1973, 
    1974, 258, 1730, 1550, 1721, 1712, 1703, 1694, 1685, 1676, 1667, 1658, 
    240, 1449, 1523, 1975, 1615, 1522, 1976, 1521, 1977, 1520, 1978, 1519, 
    1979, 1518, 1980, 1517, 1981, 1516, 1982, 1515, 1983, 129, 329, 1984, 
    1616, 1985, 1986, 1987, 1988, 1989, 1990, 1991, 1992, 320, 1993, 1617, 
    1994, 1995, 1996, 1997, 1998, 1999, 2000, 2001, 311, 2002, 1618, 2003, 
    2004, 2005, 2006, 2007, 2008, 2009, 2010, 302, 2011, 1619, 2012, 2013, 
    2014, 2015, 2016, 2017, 2018, 2019, 293, 2020, 1620, 2021, 2022, 2023, 
    2024, 2025, 2026, 2027, 2028, 284, 2029, 1621, 2030, 2031, 2032, 2033, 
    2034, 2035, 2036, 2037, 275, 2038, 1622, 2039, 2040, 2041, 2042, 2043, 
    2044, 2045, 2046, 266, 2047, 1623, 2048, 2049, 2050, 2051, 2052, 2053, 
    2054, 2055, 257, 1729, 1549, 1720, 1711, 1702, 1693, 1684, 1675, 1666, 
    1657, 239, 1448, 1514, 2056, 1606, 1513, 2057, 1512, 2058, 1511, 2059, 
    1510, 2060, 1509, 2061, 1508, 2062, 1507, 2063, 1506, 2064, 128, 328, 
    2065, 1607, 2066, 2067, 2068, 2069, 2070, 2071, 2072, 2073, 319, 2074, 
    1608, 2075, 2076, 2077, 2078, 2079, 2080, 2081, 2082, 310, 2083, 1609, 
    2084, 2085, 2086, 2087, 2088, 2089, 2090, 2091, 301, 2092, 1610, 2093, 
    2094, 2095, 2096, 2097, 2098, 2099, 2100, 292, 2101, 1611, 2102, 2103, 
    2104, 2105, 2106, 2107, 2108, 2109, 283, 2110, 1612, 2111, 2112, 2113, 
    2114, 2115, 2116, 2117, 2118, 274, 2119, 1613, 2120, 2121, 2122, 2123, 
    2124, 2125, 2126, 2127, 265, 2128, 1614, 2129, 2130, 2131, 2132, 2133, 
    2134, 2135, 2136, 256, 1728, 1548, 1719, 1710, 1701, 1692, 1683, 1674, 
    1665, 1656, 238, 1447, 1505, 2137, 1597, 1504, 2138, 1503, 2139, 1502, 
    2140, 1501, 2141, 1500, 2142, 1499, 2143, 1498, 2144, 1497, 2145, 127, 
    327, 2146, 1598, 2147, 2148, 2149, 2150, 2151, 2152, 2153, 2154, 318, 
    2155, 1599, 2156, 2157, 2158, 2159, 2160, 2161, 2162, 2163, 309, 2164, 
    1600, 2165, 2166, 2167, 2168, 2169, 2170, 2171, 2172, 300, 2173, 1601, 
    2174, 2175, 2176, 2177, 2178, 2179, 2180, 2181, 291, 2182, 1602, 2183, 
    2184, 2185, 2186, 2187, 2188, 2189, 2190, 282, 2191, 1603, 2192, 2193, 
    2194, 2195, 2196, 2197, 2198, 2199, 273, 2200, 1604, 2201, 2202, 2203, 
    2204, 2205, 2206, 2207, 2208, 264, 2209, 1605, 2210, 2211, 2212, 2213, 
    2214, 2215, 2216, 2217, 255, 1727, 1547, 1718, 1709, 1700, 1691, 1682, 
    1673, 1664, 1655, 237, 1446, 1496, 2218, 1588, 1495, 2219, 1494, 2220, 
    1493, 2221, 1492, 2222, 1491, 2223, 1490, 2224, 1489, 2225, 1488, 2226, 
    126, 326, 2227, 1589, 2228, 2229, 2230, 2231, 2232, 2233, 2234, 2235, 
    317, 2236, 1590, 2237, 2238, 2239, 2240, 2241, 2242, 2243, 2244, 308, 
    2245, 1591, 2246, 2247, 2248, 2249, 2250, 2251, 2252, 2253, 299, 2254, 
    1592, 2255, 2256, 2257, 2258, 2259, 2260, 2261, 2262, 290, 2263, 1593, 
    2264, 2265, 2266, 2267, 2268, 2269, 2270, 2271, 281, 2272, 1594, 2273, 
    2274, 2275, 2276, 2277, 2278, 2279, 2280, 272, 2281, 1595, 2282, 2283, 
    2284, 2285, 2286, 2287, 2288, 2289, 263, 2290, 1596, 2291, 2292, 2293, 
    2294, 2295, 2296, 2297, 2298, 254, 1726, 1546, 1717, 1708, 1699, 1690, 
    1681, 1672, 1663, 1654, 236, 1445, 1487, 2299, 1579, 1486, 2300, 1485, 
    2301, 1484, 2302, 1483, 2303, 1482, 2304, 1481, 2305, 1480, 2306, 1479, 
    2307, 125, 325, 2308, 1580, 2309, 2310, 2311, 2312, 2313, 2314, 2315, 
    2316, 316, 2317, 1581, 2318, 2319, 2320, 2321, 2322, 2323, 2324, 2325, 
    307, 2326, 1582, 2327, 2328, 2329, 2330, 2331, 2332, 2333, 2334, 298, 
    2335, 1583, 2336, 2337, 2338, 2339, 2340, 2341, 2342, 2343, 289, 2344, 
    1584, 2345, 2346, 2347, 2348, 2349, 2350, 2351, 2352, 280, 2353, 1585, 
    2354, 2355, 2356, 2357, 2358, 2359, 2360, 2361, 271, 2362, 1586, 2363, 
    2364, 2365, 2366, 2367, 2368, 2369, 2370, 262, 2371, 1587, 2372, 2373, 
    2374, 2375, 2376, 2377, 2378, 2379, 253, 1725, 1545, 1716, 1707, 1698, 
    1689, 1680, 1671, 1662, 1653, 235, 1444, 1478, 2380, 1570, 1477, 2381, 
    1476, 2382, 1475, 2383, 1474, 2384, 1473, 2385, 1472, 2386, 1471, 2387, 
    1470, 2388, 124, 324, 2389, 1571, 2390, 2391, 2392, 2393, 2394, 2395, 
    2396, 2397, 315, 2398, 1572, 2399, 2400, 2401, 2402, 2403, 2404, 2405, 
    2406, 306, 2407, 1573, 2408, 2409, 2410, 2411, 2412, 2413, 2414, 2415, 
    297, 2416, 1574, 2417, 2418, 2419, 2420, 2421, 2422, 2423, 2424, 288, 
    2425, 1575, 2426, 2427, 2428, 2429, 2430, 2431, 2432, 2433, 279, 2434, 
    1576, 2435, 2436, 2437, 2438, 2439, 2440, 2441, 2442, 270, 2443, 1577, 
    2444, 2445, 2446, 2447, 2448, 2449, 2450, 2451, 261, 2452, 1578, 2453, 
    2454, 2455, 2456, 2457, 2458, 2459, 2460, 252, 1724, 1544, 1715, 1706, 
    1697, 1688, 1679, 1670, 1661, 1652, 234, 1443, 1469, 2461, 1561, 1468, 
    2462, 1467, 2463, 1466, 2464, 1465, 2465, 1464, 2466, 1463, 2467, 1462, 
    2468, 1461, 2469, 123, 323, 2470, 1562, 2471, 2472, 2473, 2474, 2475, 
    2476, 2477, 2478, 314, 2479, 1563, 2480, 2481, 2482, 2483, 2484, 2485, 
    2486, 2487, 305, 2488, 1564, 2489, 2490, 2491, 2492, 2493, 2494, 2495, 
    2496, 296, 2497, 1565, 2498, 2499, 2500, 2501, 2502, 2503, 2504, 2505, 
    287, 2506, 1566, 2507, 2508, 2509, 2510, 2511, 2512, 2513, 2514, 278, 
    2515, 1567, 2516, 2517, 2518, 2519, 2520, 2521, 2522, 2523, 269, 2524, 
    1568, 2525, 2526, 2527, 2528, 2529, 2530, 2531, 2532, 260, 2533, 1569, 
    2534, 2535, 2536, 2537, 2538, 2539, 2540, 2541, 251, 1723, 1543, 1714, 
    1705, 1696, 1687, 1678, 1669, 1660, 1651, 233, 4174, 2874, 5683, 5171, 
    4165, 5684, 4156, 5685, 4147, 5686, 4138, 5687, 4129, 5688, 4120, 5689, 
    4111, 5690, 4102, 5691, 4084, 5650, 4175, 2875, 5692, 5172, 4166, 5693, 
    4157, 5694, 4148, 5695, 4139, 5696, 4130, 5697, 4121, 5698, 4112, 5699, 
    4103, 5700, 4085, 5654, 4176, 2876, 5701, 5173, 4167, 5702, 4158, 5703, 
    4149, 5704, 4140, 5705, 4131, 5706, 4122, 5707, 4113, 5708, 4104, 5709, 
    4086, 5658, 4177, 2877, 5710, 5174, 4168, 5711, 4159, 5712, 4150, 5713, 
    4141, 5714, 4132, 5715, 4123, 5716, 4114, 5717, 4105, 5718, 4087, 5662, 
    4178, 2878, 5719, 5175, 4169, 5720, 4160, 5721, 4151, 5722, 4142, 5723, 
    4133, 5724, 4124, 5725, 4115, 5726, 4106, 5727, 4088, 5666, 4179, 2879, 
    5728, 5176, 4170, 5729, 4161, 5730, 4152, 5731, 4143, 5732, 4134, 5733, 
    4125, 5734, 4116, 5735, 4107, 5736, 4089, 5670, 4180, 2880, 5737, 5177, 
    4171, 5738, 4162, 5739, 4153, 5740, 4144, 5741, 4135, 5742, 4126, 5743, 
    4117, 5744, 4108, 5745, 4090, 5674, 4181, 2881, 5746, 5178, 4172, 5747, 
    4163, 5748, 4154, 5749, 4145, 5750, 4136, 5751, 4127, 5752, 4118, 5753, 
    4109, 5754, 4091, 5678, 4182, 2882, 5755, 5179, 4173, 5756, 4164, 5757, 
    4155, 5758, 4146, 5759, 4137, 5760, 4128, 5761, 4119, 5762, 4110, 5763, 
    4092, 5682, 4101, 2873, 5638, 5170, 4100, 5639, 4099, 5640, 4098, 5641, 
    4097, 5642, 4096, 5643, 4095, 5644, 4094, 5645, 4093, 5646, 4083, 5610, 
    5764, 5180, 5765, 5766, 5767, 5768, 5769, 5770, 5771, 5772, 5649, 5773, 
    5181, 5774, 5775, 5776, 5777, 5778, 5779, 5780, 5781, 5653, 5782, 5182, 
    5783, 5784, 5785, 5786, 5787, 5788, 5789, 5790, 5657, 5791, 5183, 5792, 
    5793, 5794, 5795, 5796, 5797, 5798, 5799, 5661, 5800, 5184, 5801, 5802, 
    5803, 5804, 5805, 5806, 5807, 5808, 5665, 5809, 5185, 5810, 5811, 5812, 
    5813, 5814, 5815, 5816, 5817, 5669, 5818, 5186, 5819, 5820, 5821, 5822, 
    5823, 5824, 5825, 5826, 5673, 5827, 5187, 5828, 5829, 5830, 5831, 5832, 
    5833, 5834, 5835, 5677, 5836, 5188, 5837, 5838, 5839, 5840, 5841, 5842, 
    5843, 5844, 5681, 5629, 5169, 5630, 5631, 5632, 5633, 5634, 5635, 5636, 
    5637, 5609, 5845, 5189, 5846, 5847, 5848, 5849, 5850, 5851, 5852, 5853, 
    5648, 5854, 5190, 5855, 5856, 5857, 5858, 5859, 5860, 5861, 5862, 5652, 
    5863, 5191, 5864, 5865, 5866, 5867, 5868, 5869, 5870, 5871, 5656, 5872, 
    5192, 5873, 5874, 5875, 5876, 5877, 5878, 5879, 5880, 5660, 5881, 5193, 
    5882, 5883, 5884, 5885, 5886, 5887, 5888, 5889, 5664, 5890, 5194, 5891, 
    5892, 5893, 5894, 5895, 5896, 5897, 5898, 5668, 5899, 5195, 5900, 5901, 
    5902, 5903, 5904, 5905, 5906, 5907, 5672, 5908, 5196, 5909, 5910, 5911, 
    5912, 5913, 5914, 5915, 5916, 5676, 5917, 5197, 5918, 5919, 5920, 5921, 
    5922, 5923, 5924, 5925, 5680, 5620, 5168, 5621, 5622, 5623, 5624, 5625, 
    5626, 5627, 5628, 5608, 5926, 5198, 5927, 5928, 5929, 5930, 5931, 5932, 
    5933, 5934, 5647, 5935, 5199, 5936, 5937, 5938, 5939, 5940, 5941, 5942, 
    5943, 5651, 5944, 5200, 5945, 5946, 5947, 5948, 5949, 5950, 5951, 5952, 
    5655, 5953, 5201, 5954, 5955, 5956, 5957, 5958, 5959, 5960, 5961, 5659, 
    5962, 5202, 5963, 5964, 5965, 5966, 5967, 5968, 5969, 5970, 5663, 5971, 
    5203, 5972, 5973, 5974, 5975, 5976, 5977, 5978, 5979, 5667, 5980, 5204, 
    5981, 5982, 5983, 5984, 5985, 5986, 5987, 5988, 5671, 5989, 5205, 5990, 
    5991, 5992, 5993, 5994, 5995, 5996, 5997, 5675, 5998, 5206, 5999, 6000, 
    6001, 6002, 6003, 6004, 6005, 6006, 5679, 5611, 5167, 5612, 5613, 5614, 
    5615, 5616, 5617, 5618, 5619, 5607, 4273, 4354, 4282, 4355, 4291, 4356, 
    4300, 4357, 4309, 4358, 4318, 4359, 4327, 4360, 4336, 4361, 4345, 4362, 
    4183, 4200, 4274, 4363, 4283, 4364, 4292, 4365, 4301, 4366, 4310, 4367, 
    4319, 4368, 4328, 4369, 4337, 4370, 4346, 4371, 4184, 4209, 4275, 4372, 
    4284, 4373, 4293, 4374, 4302, 4375, 4311, 4376, 4320, 4377, 4329, 4378, 
    4338, 4379, 4347, 4380, 4185, 4218, 4276, 4381, 4285, 4382, 4294, 4383, 
    4303, 4384, 4312, 4385, 4321, 4386, 4330, 4387, 4339, 4388, 4348, 4389, 
    4186, 4227, 4277, 4390, 4286, 4391, 4295, 4392, 4304, 4393, 4313, 4394, 
    4322, 4395, 4331, 4396, 4340, 4397, 4349, 4398, 4187, 4236, 4278, 4399, 
    4287, 4400, 4296, 4401, 4305, 4402, 4314, 4403, 4323, 4404, 4332, 4405, 
    4341, 4406, 4350, 4407, 4188, 4245, 4279, 4408, 4288, 4409, 4297, 4410, 
    4306, 4411, 4315, 4412, 4324, 4413, 4333, 4414, 4342, 4415, 4351, 4416, 
    4189, 4254, 4280, 4417, 4289, 4418, 4298, 4419, 4307, 4420, 4316, 4421, 
    4325, 4422, 4334, 4423, 4343, 4424, 4352, 4425, 4190, 4263, 4281, 4426, 
    4290, 4427, 4299, 4428, 4308, 4429, 4317, 4430, 4326, 4431, 4335, 4432, 
    4344, 4433, 4353, 4434, 4191, 4272, 3993, 4002, 3994, 4011, 3995, 4020, 
    3996, 4029, 3997, 4038, 3998, 4047, 3999, 4056, 4000, 4065, 4001, 4074, 
    3983, 3984, 4435, 4436, 4437, 4438, 4439, 4440, 4441, 4442, 4443, 4199, 
    4444, 4445, 4446, 4447, 4448, 4449, 4450, 4451, 4452, 4208, 4453, 4454, 
    4455, 4456, 4457, 4458, 4459, 4460, 4461, 4217, 4462, 4463, 4464, 4465, 
    4466, 4467, 4468, 4469, 4470, 4226, 4471, 4472, 4473, 4474, 4475, 4476, 
    4477, 4478, 4479, 4235, 4480, 4481, 4482, 4483, 4484, 4485, 4486, 4487, 
    4488, 4244, 4489, 4490, 4491, 4492, 4493, 4494, 4495, 4496, 4497, 4253, 
    4498, 4499, 4500, 4501, 4502, 4503, 4504, 4505, 4506, 4262, 4507, 4508, 
    4509, 4510, 4511, 4512, 4513, 4514, 4515, 4271, 4003, 4012, 4021, 4030, 
    4039, 4048, 4057, 4066, 4075, 3985, 4516, 4517, 4518, 4519, 4520, 4521, 
    4522, 4523, 4524, 4198, 4525, 4526, 4527, 4528, 4529, 4530, 4531, 4532, 
    4533, 4207, 4534, 4535, 4536, 4537, 4538, 4539, 4540, 4541, 4542, 4216, 
    4543, 4544, 4545, 4546, 4547, 4548, 4549, 4550, 4551, 4225, 4552, 4553, 
    4554, 4555, 4556, 4557, 4558, 4559, 4560, 4234, 4561, 4562, 4563, 4564, 
    4565, 4566, 4567, 4568, 4569, 4243, 4570, 4571, 4572, 4573, 4574, 4575, 
    4576, 4577, 4578, 4252, 4579, 4580, 4581, 4582, 4583, 4584, 4585, 4586, 
    4587, 4261, 4588, 4589, 4590, 4591, 4592, 4593, 4594, 4595, 4596, 4270, 
    4004, 4013, 4022, 4031, 4040, 4049, 4058, 4067, 4076, 3986, 4597, 4598, 
    4599, 4600, 4601, 4602, 4603, 4604, 4605, 4197, 4606, 4607, 4608, 4609, 
    4610, 4611, 4612, 4613, 4614, 4206, 4615, 4616, 4617, 4618, 4619, 4620, 
    4621, 4622, 4623, 4215, 4624, 4625, 4626, 4627, 4628, 4629, 4630, 4631, 
    4632, 4224, 4633, 4634, 4635, 4636, 4637, 4638, 4639, 4640, 4641, 4233, 
    4642, 4643, 4644, 4645, 4646, 4647, 4648, 4649, 4650, 4242, 4651, 4652, 
    4653, 4654, 4655, 4656, 4657, 4658, 4659, 4251, 4660, 4661, 4662, 4663, 
    4664, 4665, 4666, 4667, 4668, 4260, 4669, 4670, 4671, 4672, 4673, 4674, 
    4675, 4676, 4677, 4269, 4005, 4014, 4023, 4032, 4041, 4050, 4059, 4068, 
    4077, 3987, 4678, 4679, 4680, 4681, 4682, 4683, 4684, 4685, 4686, 4196, 
    4687, 4688, 4689, 4690, 4691, 4692, 4693, 4694, 4695, 4205, 4696, 4697, 
    4698, 4699, 4700, 4701, 4702, 4703, 4704, 4214, 4705, 4706, 4707, 4708, 
    4709, 4710, 4711, 4712, 4713, 4223, 4714, 4715, 4716, 4717, 4718, 4719, 
    4720, 4721, 4722, 4232, 4723, 4724, 4725, 4726, 4727, 4728, 4729, 4730, 
    4731, 4241, 4732, 4733, 4734, 4735, 4736, 4737, 4738, 4739, 4740, 4250, 
    4741, 4742, 4743, 4744, 4745, 4746, 4747, 4748, 4749, 4259, 4750, 4751, 
    4752, 4753, 4754, 4755, 4756, 4757, 4758, 4268, 4006, 4015, 4024, 4033, 
    4042, 4051, 4060, 4069, 4078, 3988, 4759, 4760, 4761, 4762, 4763, 4764, 
    4765, 4766, 4767, 4195, 4768, 4769, 4770, 4771, 4772, 4773, 4774, 4775, 
    4776, 4204, 4777, 4778, 4779, 4780, 4781, 4782, 4783, 4784, 4785, 4213, 
    4786, 4787, 4788, 4789, 4790, 4791, 4792, 4793, 4794, 4222, 4795, 4796, 
    4797, 4798, 4799, 4800, 4801, 4802, 4803, 4231, 4804, 4805, 4806, 4807, 
    4808, 4809, 4810, 4811, 4812, 4240, 4813, 4814, 4815, 4816, 4817, 4818, 
    4819, 4820, 4821, 4249, 4822, 4823, 4824, 4825, 4826, 4827, 4828, 4829, 
    4830, 4258, 4831, 4832, 4833, 4834, 4835, 4836, 4837, 4838, 4839, 4267, 
    4007, 4016, 4025, 4034, 4043, 4052, 4061, 4070, 4079, 3989, 4840, 4841, 
    4842, 4843, 4844, 4845, 4846, 4847, 4848, 4194, 4849, 4850, 4851, 4852, 
    4853, 4854, 4855, 4856, 4857, 4203, 4858, 4859, 4860, 4861, 4862, 4863, 
    4864, 4865, 4866, 4212, 4867, 4868, 4869, 4870, 4871, 4872, 4873, 4874, 
    4875, 4221, 4876, 4877, 4878, 4879, 4880, 4881, 4882, 4883, 4884, 4230, 
    4885, 4886, 4887, 4888, 4889, 4890, 4891, 4892, 4893, 4239, 4894, 4895, 
    4896, 4897, 4898, 4899, 4900, 4901, 4902, 4248, 4903, 4904, 4905, 4906, 
    4907, 4908, 4909, 4910, 4911, 4257, 4912, 4913, 4914, 4915, 4916, 4917, 
    4918, 4919, 4920, 4266, 4008, 4017, 4026, 4035, 4044, 4053, 4062, 4071, 
    4080, 3990, 4921, 4922, 4923, 4924, 4925, 4926, 4927, 4928, 4929, 4193, 
    4930, 4931, 4932, 4933, 4934, 4935, 4936, 4937, 4938, 4202, 4939, 4940, 
    4941, 4942, 4943, 4944, 4945, 4946, 4947, 4211, 4948, 4949, 4950, 4951, 
    4952, 4953, 4954, 4955, 4956, 4220, 4957, 4958, 4959, 4960, 4961, 4962, 
    4963, 4964, 4965, 4229, 4966, 4967, 4968, 4969, 4970, 4971, 4972, 4973, 
    4974, 4238, 4975, 4976, 4977, 4978, 4979, 4980, 4981, 4982, 4983, 4247, 
    4984, 4985, 4986, 4987, 4988, 4989, 4990, 4991, 4992, 4256, 4993, 4994, 
    4995, 4996, 4997, 4998, 4999, 5000, 5001, 4265, 4009, 4018, 4027, 4036, 
    4045, 4054, 4063, 4072, 4081, 3991, 5002, 5003, 5004, 5005, 5006, 5007, 
    5008, 5009, 5010, 4192, 5011, 5012, 5013, 5014, 5015, 5016, 5017, 5018, 
    5019, 4201, 5020, 5021, 5022, 5023, 5024, 5025, 5026, 5027, 5028, 4210, 
    5029, 5030, 5031, 5032, 5033, 5034, 5035, 5036, 5037, 4219, 5038, 5039, 
    5040, 5041, 5042, 5043, 5044, 5045, 5046, 4228, 5047, 5048, 5049, 5050, 
    5051, 5052, 5053, 5054, 5055, 4237, 5056, 5057, 5058, 5059, 5060, 5061, 
    5062, 5063, 5064, 4246, 5065, 5066, 5067, 5068, 5069, 5070, 5071, 5072, 
    5073, 4255, 5074, 5075, 5076, 5077, 5078, 5079, 5080, 5081, 5082, 4264, 
    4010, 4019, 4028, 4037, 4046, 4055, 4064, 4073, 4082, 3992, 3135, 3136, 
    3137, 3138, 3139, 3140, 3141, 3142, 3143, 2973, 3126, 3127, 3128, 3129, 
    3130, 3131, 3132, 3133, 3134, 2974, 3117, 3118, 3119, 3120, 3121, 3122, 
    3123, 3124, 3125, 2975, 3108, 3109, 3110, 3111, 3112, 3113, 3114, 3115, 
    3116, 2976, 3099, 3100, 3101, 3102, 3103, 3104, 3105, 3106, 3107, 2977, 
    3090, 3091, 3092, 3093, 3094, 3095, 3096, 3097, 3098, 2978, 3081, 3082, 
    3083, 3084, 3085, 3086, 3087, 3088, 3089, 2979, 3072, 3073, 3074, 3075, 
    3076, 3077, 3078, 3079, 3080, 2980, 3063, 3064, 3065, 3066, 3067, 3068, 
    3069, 3070, 3071, 2981, 2691, 2690, 2689, 2688, 2687, 2686, 2685, 2684, 
    2683, 2673, 7647, 6037, 7765, 6127, 7648, 6036, 7764, 6126, 7649, 6035, 
    7763, 6125, 7650, 6034, 7762, 6124, 7651, 6033, 7761, 6123, 7652, 6032, 
    7760, 6122, 7653, 6031, 7759, 6121, 7654, 6030, 7758, 6120, 7655, 6029, 
    7757, 6119, 7645, 6028, 7657, 6046, 7756, 6118, 7755, 6117, 7754, 6116, 
    7753, 6115, 7752, 6114, 7751, 6113, 7750, 6112, 7749, 6111, 7748, 6110, 
    7658, 6045, 7747, 6109, 7746, 6108, 7745, 6107, 7744, 6106, 7743, 6105, 
    7742, 6104, 7741, 6103, 7740, 6102, 7739, 6101, 7659, 6044, 7738, 6100, 
    7737, 6099, 7736, 6098, 7735, 6097, 7734, 6096, 7733, 6095, 7732, 6094, 
    7731, 6093, 7730, 6092, 7660, 6043, 7729, 6091, 7728, 6090, 7727, 6089, 
    7726, 6088, 7725, 6087, 7724, 6086, 7723, 6085, 7722, 6084, 7721, 6083, 
    7661, 6042, 7720, 6082, 7719, 6081, 7718, 6080, 7717, 6079, 7716, 6078, 
    7715, 6077, 7714, 6076, 7713, 6075, 7712, 6074, 7662, 6041, 7711, 6073, 
    7710, 6072, 7709, 6071, 7708, 6070, 7707, 6069, 7706, 6068, 7705, 6067, 
    7704, 6066, 7703, 6065, 7663, 6040, 7702, 6064, 7701, 6063, 7700, 6062, 
    7699, 6061, 7698, 6060, 7697, 6059, 7696, 6058, 7695, 6057, 7694, 6056, 
    7664, 6039, 7693, 6055, 7692, 6054, 7691, 6053, 7690, 6052, 7689, 6051, 
    7688, 6050, 7687, 6049, 7686, 6048, 7685, 6047, 7665, 6038, 7675, 6009, 
    7674, 6010, 7673, 6011, 7672, 6012, 7671, 6013, 7670, 6014, 7669, 6015, 
    7668, 6016, 7667, 6017, 7656, 6008, 8115, 7401, 8124, 7410, 8133, 7419, 
    8142, 7428, 7906, 6710, 8116, 7402, 8125, 7411, 8134, 7420, 8143, 7429, 
    7905, 6709, 8117, 7403, 8126, 7412, 8135, 7421, 8144, 7430, 7904, 6708, 
    8118, 7404, 8127, 7413, 8136, 7422, 8145, 7431, 7903, 6707, 8119, 7405, 
    8128, 7414, 8137, 7423, 8146, 7432, 7902, 6706, 8120, 7406, 8129, 7415, 
    8138, 7424, 8147, 7433, 7901, 6705, 8121, 7407, 8130, 7416, 8139, 7425, 
    8148, 7434, 7900, 6704, 8122, 7408, 8131, 7417, 8140, 7426, 8149, 7435, 
    7899, 6703, 8123, 7409, 8132, 7418, 8141, 7427, 8150, 7436, 7898, 6702, 
    8111, 7396, 8112, 7395, 8113, 7394, 8114, 7393, 7897, 6700, 6711, 7877, 
    7878, 6730, 6712, 7915, 7996, 6820, 7879, 6729, 7995, 6819, 7880, 6728, 
    7994, 6818, 7881, 6727, 7993, 6817, 7882, 6726, 7992, 6816, 7883, 6725, 
    7991, 6815, 7884, 6724, 7990, 6814, 7885, 6723, 7989, 6813, 7886, 6722, 
    7988, 6812, 6713, 7914, 7987, 6811, 7986, 6810, 7985, 6809, 7984, 6808, 
    7983, 6807, 7982, 6806, 7981, 6805, 7980, 6804, 7979, 6803, 6714, 7913, 
    7978, 6802, 7977, 6801, 7976, 6800, 7975, 6799, 7974, 6798, 7973, 6797, 
    7972, 6796, 7971, 6795, 7970, 6794, 6715, 7912, 7969, 6793, 7968, 6792, 
    7967, 6791, 7966, 6790, 7965, 6789, 7964, 6788, 7963, 6787, 7962, 6786, 
    7961, 6785, 6716, 7911, 7960, 6784, 7959, 6783, 7958, 6782, 7957, 6781, 
    7956, 6780, 7955, 6779, 7954, 6778, 7953, 6777, 7952, 6776, 6717, 7910, 
    7951, 6775, 7950, 6774, 7949, 6773, 7948, 6772, 7947, 6771, 7946, 6770, 
    7945, 6769, 7944, 6768, 7943, 6767, 6718, 7909, 7942, 6766, 7941, 6765, 
    7940, 6764, 7939, 6763, 7938, 6762, 7937, 6761, 7936, 6760, 7935, 6759, 
    7934, 6758, 6719, 7908, 7933, 6757, 7932, 6756, 7931, 6755, 7930, 6754, 
    7929, 6753, 7928, 6752, 7927, 6751, 7926, 6750, 7925, 6749, 6720, 7907, 
    7924, 6748, 7923, 6747, 7922, 6746, 7921, 6745, 7920, 6744, 7919, 6743, 
    7918, 6742, 7917, 6741, 7916, 6740, 41, 32, 6208, 6169, 42, 6209, 43, 
    6210, 44, 6211, 45, 6212, 46, 6213, 47, 6214, 48, 6215, 49, 6216, 21, 
    6207, 50, 33, 6217, 6167, 51, 6218, 52, 6219, 53, 6220, 54, 6221, 55, 
    6222, 56, 6223, 57, 6224, 58, 6225, 20, 6206, 59, 34, 6226, 6165, 60, 
    6227, 61, 6228, 62, 6229, 63, 6230, 64, 6231, 65, 6232, 66, 6233, 67, 
    6234, 19, 6205, 68, 35, 6235, 6163, 69, 6236, 70, 6237, 71, 6238, 72, 
    6239, 73, 6240, 74, 6241, 75, 6242, 76, 6243, 18, 6204, 77, 36, 6244, 
    6161, 78, 6245, 79, 6246, 80, 6247, 81, 6248, 82, 6249, 83, 6250, 84, 
    6251, 85, 6252, 17, 6203, 86, 37, 6253, 6159, 87, 6254, 88, 6255, 89, 
    6256, 90, 6257, 91, 6258, 92, 6259, 93, 6260, 94, 6261, 16, 6202, 95, 38, 
    6262, 6157, 96, 6263, 97, 6264, 98, 6265, 99, 6266, 100, 6267, 101, 6268, 
    102, 6269, 103, 6270, 15, 6201, 104, 39, 6271, 6155, 105, 6272, 106, 
    6273, 107, 6274, 108, 6275, 109, 6276, 110, 6277, 111, 6278, 112, 6279, 
    14, 6200, 113, 40, 6280, 6153, 114, 6281, 115, 6282, 116, 6283, 117, 
    6284, 118, 6285, 119, 6286, 120, 6287, 121, 6288, 13, 6199, 23, 22, 6181, 
    6150, 24, 6182, 25, 6183, 26, 6184, 27, 6185, 28, 6186, 29, 6187, 30, 
    6188, 31, 6189, 12, 6171, 6289, 6168, 6290, 6291, 6292, 6293, 6294, 6295, 
    6296, 6297, 6198, 6298, 6166, 6299, 6300, 6301, 6302, 6303, 6304, 6305, 
    6306, 6197, 6307, 6164, 6308, 6309, 6310, 6311, 6312, 6313, 6314, 6315, 
    6196, 6316, 6162, 6317, 6318, 6319, 6320, 6321, 6322, 6323, 6324, 6195, 
    6325, 6160, 6326, 6327, 6328, 6329, 6330, 6331, 6332, 6333, 6194, 6334, 
    6158, 6335, 6336, 6337, 6338, 6339, 6340, 6341, 6342, 6193, 6343, 6156, 
    6344, 6345, 6346, 6347, 6348, 6349, 6350, 6351, 6192, 6352, 6154, 6353, 
    6354, 6355, 6356, 6357, 6358, 6359, 6360, 6191, 6361, 6152, 6362, 6363, 
    6364, 6365, 6366, 6367, 6368, 6369, 6190, 6172, 6151, 6173, 6174, 6175, 
    6176, 6177, 6178, 6179, 6180, 6170, 6845, 7453, 6846, 7454, 2581, 5126, 
    6847, 7455, 6848, 7456, 2580, 5122, 6849, 7457, 6850, 7458, 2579, 5118, 
    6851, 7459, 6852, 7460, 2578, 5114, 6853, 7461, 6854, 7462, 2577, 5110, 
    6855, 7463, 6856, 7464, 2576, 5106, 6857, 7465, 6858, 7466, 2575, 5102, 
    6859, 7467, 6860, 7468, 2574, 5098, 6861, 7469, 6862, 7470, 2573, 5094, 
    6822, 7437, 6821, 7441, 2543, 5083, 7471, 7472, 5125, 7473, 7474, 5121, 
    7475, 7476, 5117, 7477, 7478, 5113, 7479, 7480, 5109, 7481, 7482, 5105, 
    7483, 7484, 5101, 7485, 7486, 5097, 7487, 7488, 5093, 7438, 7442, 5084, 
    7489, 7490, 5124, 7491, 7492, 5120, 7493, 7494, 5116, 7495, 7496, 5112, 
    7497, 7498, 5108, 7499, 7500, 5104, 7501, 7502, 5100, 7503, 7504, 5096, 
    7505, 7506, 5092, 7439, 7443, 5085, 7507, 7508, 5123, 7509, 7510, 5119, 
    7511, 7512, 5115, 7513, 7514, 5111, 7515, 7516, 5107, 7517, 7518, 5103, 
    7519, 7520, 5099, 7521, 7522, 5095, 7523, 7524, 5091, 7440, 7444, 5086, 
    2552, 2582, 6842, 6901, 2551, 2583, 6841, 6902, 2550, 2584, 6840, 6903, 
    2549, 2585, 6839, 6904, 2548, 2586, 6838, 6905, 2547, 2587, 6837, 6906, 
    2546, 2588, 6836, 6907, 2545, 2589, 6835, 6908, 2544, 2590, 6834, 6909, 
    2542, 2562, 6824, 6900, 2591, 6910, 2592, 6911, 2593, 6912, 2594, 6913, 
    2595, 6914, 2596, 6915, 2597, 6916, 2598, 6917, 2599, 6918, 2561, 6899, 
    2600, 6919, 2601, 6920, 2602, 6921, 2603, 6922, 2604, 6923, 2605, 6924, 
    2606, 6925, 2607, 6926, 2608, 6927, 2560, 6898, 2609, 6928, 2610, 6929, 
    2611, 6930, 2612, 6931, 2613, 6932, 2614, 6933, 2615, 6934, 2616, 6935, 
    2617, 6936, 2559, 6897, 2618, 6937, 2619, 6938, 2620, 6939, 2621, 6940, 
    2622, 6941, 2623, 6942, 2624, 6943, 2625, 6944, 2626, 6945, 2558, 6896, 
    2627, 6946, 2628, 6947, 2629, 6948, 2630, 6949, 2631, 6950, 2632, 6951, 
    2633, 6952, 2634, 6953, 2635, 6954, 2557, 6895, 2636, 6955, 2637, 6956, 
    2638, 6957, 2639, 6958, 2640, 6959, 2641, 6960, 2642, 6961, 2643, 6962, 
    2644, 6963, 2556, 6894, 2645, 6964, 2646, 6965, 2647, 6966, 2648, 6967, 
    2649, 6968, 2650, 6969, 2651, 6970, 2652, 6971, 2653, 6972, 2555, 6893, 
    2654, 6973, 2655, 6974, 2656, 6975, 2657, 6976, 2658, 6977, 2659, 6978, 
    2660, 6979, 2661, 6980, 2662, 6981, 2554, 6892, 6833, 6982, 6832, 6983, 
    6831, 6984, 6830, 6985, 6829, 6986, 6828, 6987, 6827, 6988, 6826, 6989, 
    6825, 6990, 6823, 6891, 6991, 6992, 6993, 6994, 6995, 6996, 6997, 6998, 
    6999, 6890, 7000, 7001, 7002, 7003, 7004, 7005, 7006, 7007, 7008, 6889, 
    7009, 7010, 7011, 7012, 7013, 7014, 7015, 7016, 7017, 6888, 7018, 7019, 
    7020, 7021, 7022, 7023, 7024, 7025, 7026, 6887, 7027, 7028, 7029, 7030, 
    7031, 7032, 7033, 7034, 7035, 6886, 7036, 7037, 7038, 7039, 7040, 7041, 
    7042, 7043, 7044, 6885, 7045, 7046, 7047, 7048, 7049, 7050, 7051, 7052, 
    7053, 6884, 7054, 7055, 7056, 7057, 7058, 7059, 7060, 7061, 7062, 6883, 
    141, 513, 231, 603, 140, 514, 230, 604, 139, 515, 229, 605, 138, 516, 
    228, 606, 137, 517, 227, 607, 136, 518, 226, 608, 135, 519, 225, 609, 
    134, 520, 224, 610, 133, 521, 223, 611, 132, 440, 150, 602, 504, 612, 
    505, 613, 506, 614, 507, 615, 508, 616, 509, 617, 510, 618, 511, 619, 
    512, 620, 439, 601, 495, 621, 496, 622, 497, 623, 498, 624, 499, 625, 
    500, 626, 501, 627, 502, 628, 503, 629, 438, 600, 486, 630, 487, 631, 
    488, 632, 489, 633, 490, 634, 491, 635, 492, 636, 493, 637, 494, 638, 
    437, 599, 477, 639, 478, 640, 479, 641, 480, 642, 481, 643, 482, 644, 
    483, 645, 484, 646, 485, 647, 436, 598, 468, 648, 469, 649, 470, 650, 
    471, 651, 472, 652, 473, 653, 474, 654, 475, 655, 476, 656, 435, 597, 
    459, 657, 460, 658, 461, 659, 462, 660, 463, 661, 464, 662, 465, 663, 
    466, 664, 467, 665, 434, 596, 450, 666, 451, 667, 452, 668, 453, 669, 
    454, 670, 455, 671, 456, 672, 457, 673, 458, 674, 433, 595, 441, 675, 
    442, 676, 443, 677, 444, 678, 445, 679, 446, 680, 447, 681, 448, 682, 
    449, 683, 432, 594, 342, 431, 343, 422, 344, 413, 345, 404, 346, 395, 
    347, 386, 348, 377, 349, 368, 350, 359, 332, 333, 222, 684, 221, 685, 
    220, 686, 219, 687, 218, 688, 217, 689, 216, 690, 215, 691, 214, 692, 
    149, 593, 693, 694, 695, 696, 697, 698, 699, 700, 701, 592, 702, 703, 
    704, 705, 706, 707, 708, 709, 710, 591, 711, 712, 713, 714, 715, 716, 
    717, 718, 719, 590, 720, 721, 722, 723, 724, 725, 726, 727, 728, 589, 
    729, 730, 731, 732, 733, 734, 735, 736, 737, 588, 738, 739, 740, 741, 
    742, 743, 744, 745, 746, 587, 747, 748, 749, 750, 751, 752, 753, 754, 
    755, 586, 756, 757, 758, 759, 760, 761, 762, 763, 764, 585, 430, 421, 
    412, 403, 394, 385, 376, 367, 358, 334, 213, 765, 212, 766, 211, 767, 
    210, 768, 209, 769, 208, 770, 207, 771, 206, 772, 205, 773, 148, 584, 
    774, 775, 776, 777, 778, 779, 780, 781, 782, 583, 783, 784, 785, 786, 
    787, 788, 789, 790, 791, 582, 792, 793, 794, 795, 796, 797, 798, 799, 
    800, 581, 801, 802, 803, 804, 805, 806, 807, 808, 809, 580, 810, 811, 
    812, 813, 814, 815, 816, 817, 818, 579, 819, 820, 821, 822, 823, 824, 
    825, 826, 827, 578, 828, 829, 830, 831, 832, 833, 834, 835, 836, 577, 
    837, 838, 839, 840, 841, 842, 843, 844, 845, 576, 429, 420, 411, 402, 
    393, 384, 375, 366, 357, 335, 204, 846, 203, 847, 202, 848, 201, 849, 
    200, 850, 199, 851, 198, 852, 197, 853, 196, 854, 147, 575, 855, 856, 
    857, 858, 859, 860, 861, 862, 863, 574, 864, 865, 866, 867, 868, 869, 
    870, 871, 872, 573, 873, 874, 875, 876, 877, 878, 879, 880, 881, 572, 
    882, 883, 884, 885, 886, 887, 888, 889, 890, 571, 891, 892, 893, 894, 
    895, 896, 897, 898, 899, 570, 900, 901, 902, 903, 904, 905, 906, 907, 
    908, 569, 909, 910, 911, 912, 913, 914, 915, 916, 917, 568, 918, 919, 
    920, 921, 922, 923, 924, 925, 926, 567, 428, 419, 410, 401, 392, 383, 
    374, 365, 356, 336, 195, 927, 194, 928, 193, 929, 192, 930, 191, 931, 
    190, 932, 189, 933, 188, 934, 187, 935, 146, 566, 936, 937, 938, 939, 
    940, 941, 942, 943, 944, 565, 945, 946, 947, 948, 949, 950, 951, 952, 
    953, 564, 954, 955, 956, 957, 958, 959, 960, 961, 962, 563, 963, 964, 
    965, 966, 967, 968, 969, 970, 971, 562, 972, 973, 974, 975, 976, 977, 
    978, 979, 980, 561, 981, 982, 983, 984, 985, 986, 987, 988, 989, 560, 
    990, 991, 992, 993, 994, 995, 996, 997, 998, 559, 999, 1000, 1001, 1002, 
    1003, 1004, 1005, 1006, 1007, 558, 427, 418, 409, 400, 391, 382, 373, 
    364, 355, 337, 186, 1008, 185, 1009, 184, 1010, 183, 1011, 182, 1012, 
    181, 1013, 180, 1014, 179, 1015, 178, 1016, 145, 557, 1017, 1018, 1019, 
    1020, 1021, 1022, 1023, 1024, 1025, 556, 1026, 1027, 1028, 1029, 1030, 
    1031, 1032, 1033, 1034, 555, 1035, 1036, 1037, 1038, 1039, 1040, 1041, 
    1042, 1043, 554, 1044, 1045, 1046, 1047, 1048, 1049, 1050, 1051, 1052, 
    553, 1053, 1054, 1055, 1056, 1057, 1058, 1059, 1060, 1061, 552, 1062, 
    1063, 1064, 1065, 1066, 1067, 1068, 1069, 1070, 551, 1071, 1072, 1073, 
    1074, 1075, 1076, 1077, 1078, 1079, 550, 1080, 1081, 1082, 1083, 1084, 
    1085, 1086, 1087, 1088, 549, 426, 417, 408, 399, 390, 381, 372, 363, 354, 
    338, 177, 1089, 176, 1090, 175, 1091, 174, 1092, 173, 1093, 172, 1094, 
    171, 1095, 170, 1096, 169, 1097, 144, 548, 1098, 1099, 1100, 1101, 1102, 
    1103, 1104, 1105, 1106, 547, 1107, 1108, 1109, 1110, 1111, 1112, 1113, 
    1114, 1115, 546, 1116, 1117, 1118, 1119, 1120, 1121, 1122, 1123, 1124, 
    545, 1125, 1126, 1127, 1128, 1129, 1130, 1131, 1132, 1133, 544, 1134, 
    1135, 1136, 1137, 1138, 1139, 1140, 1141, 1142, 543, 1143, 1144, 1145, 
    1146, 1147, 1148, 1149, 1150, 1151, 542, 1152, 1153, 1154, 1155, 1156, 
    1157, 1158, 1159, 1160, 541, 1161, 1162, 1163, 1164, 1165, 1166, 1167, 
    1168, 1169, 540, 425, 416, 407, 398, 389, 380, 371, 362, 353, 339, 168, 
    1170, 167, 1171, 166, 1172, 165, 1173, 164, 1174, 163, 1175, 162, 1176, 
    161, 1177, 160, 1178, 143, 539, 1179, 1180, 1181, 1182, 1183, 1184, 1185, 
    1186, 1187, 538, 1188, 1189, 1190, 1191, 1192, 1193, 1194, 1195, 1196, 
    537, 1197, 1198, 1199, 1200, 1201, 1202, 1203, 1204, 1205, 536, 1206, 
    1207, 1208, 1209, 1210, 1211, 1212, 1213, 1214, 535, 1215, 1216, 1217, 
    1218, 1219, 1220, 1221, 1222, 1223, 534, 1224, 1225, 1226, 1227, 1228, 
    1229, 1230, 1231, 1232, 533, 1233, 1234, 1235, 1236, 1237, 1238, 1239, 
    1240, 1241, 532, 1242, 1243, 1244, 1245, 1246, 1247, 1248, 1249, 1250, 
    531, 424, 415, 406, 397, 388, 379, 370, 361, 352, 340, 159, 1251, 158, 
    1252, 157, 1253, 156, 1254, 155, 1255, 154, 1256, 153, 1257, 152, 1258, 
    151, 1259, 142, 530, 1260, 1261, 1262, 1263, 1264, 1265, 1266, 1267, 
    1268, 529, 1269, 1270, 1271, 1272, 1273, 1274, 1275, 1276, 1277, 528, 
    1278, 1279, 1280, 1281, 1282, 1283, 1284, 1285, 1286, 527, 1287, 1288, 
    1289, 1290, 1291, 1292, 1293, 1294, 1295, 526, 1296, 1297, 1298, 1299, 
    1300, 1301, 1302, 1303, 1304, 525, 1305, 1306, 1307, 1308, 1309, 1310, 
    1311, 1312, 1313, 524, 1314, 1315, 1316, 1317, 1318, 1319, 1320, 1321, 
    1322, 523, 1323, 1324, 1325, 1326, 1327, 1328, 1329, 1330, 1331, 522, 
    423, 414, 405, 396, 387, 378, 369, 360, 351, 341, 5134, 5243, 5138, 5244, 
    5142, 5245, 5146, 5246, 5150, 5247, 5154, 5248, 5158, 5249, 5162, 5250, 
    5166, 5251, 5130, 5207, 5252, 5253, 5254, 5255, 5256, 5257, 5258, 5259, 
    5260, 5208, 5261, 5262, 5263, 5264, 5265, 5266, 5267, 5268, 5269, 5209, 
    5270, 5271, 5272, 5273, 5274, 5275, 5276, 5277, 5278, 5210, 5279, 5280, 
    5281, 5282, 5283, 5284, 5285, 5286, 5287, 5211, 5288, 5289, 5290, 5291, 
    5292, 5293, 5294, 5295, 5296, 5212, 5297, 5298, 5299, 5300, 5301, 5302, 
    5303, 5304, 5305, 5213, 5306, 5307, 5308, 5309, 5310, 5311, 5312, 5313, 
    5314, 5214, 5315, 5316, 5317, 5318, 5319, 5320, 5321, 5322, 5323, 5215, 
    5133, 5324, 5137, 5325, 5141, 5326, 5145, 5327, 5149, 5328, 5153, 5329, 
    5157, 5330, 5161, 5331, 5165, 5332, 5129, 5216, 5333, 5334, 5335, 5336, 
    5337, 5338, 5339, 5340, 5341, 5217, 5342, 5343, 5344, 5345, 5346, 5347, 
    5348, 5349, 5350, 5218, 5351, 5352, 5353, 5354, 5355, 5356, 5357, 5358, 
    5359, 5219, 5360, 5361, 5362, 5363, 5364, 5365, 5366, 5367, 5368, 5220, 
    5369, 5370, 5371, 5372, 5373, 5374, 5375, 5376, 5377, 5221, 5378, 5379, 
    5380, 5381, 5382, 5383, 5384, 5385, 5386, 5222, 5387, 5388, 5389, 5390, 
    5391, 5392, 5393, 5394, 5395, 5223, 5396, 5397, 5398, 5399, 5400, 5401, 
    5402, 5403, 5404, 5224, 5132, 5405, 5136, 5406, 5140, 5407, 5144, 5408, 
    5148, 5409, 5152, 5410, 5156, 5411, 5160, 5412, 5164, 5413, 5128, 5225, 
    5414, 5415, 5416, 5417, 5418, 5419, 5420, 5421, 5422, 5226, 5423, 5424, 
    5425, 5426, 5427, 5428, 5429, 5430, 5431, 5227, 5432, 5433, 5434, 5435, 
    5436, 5437, 5438, 5439, 5440, 5228, 5441, 5442, 5443, 5444, 5445, 5446, 
    5447, 5448, 5449, 5229, 5450, 5451, 5452, 5453, 5454, 5455, 5456, 5457, 
    5458, 5230, 5459, 5460, 5461, 5462, 5463, 5464, 5465, 5466, 5467, 5231, 
    5468, 5469, 5470, 5471, 5472, 5473, 5474, 5475, 5476, 5232, 5477, 5478, 
    5479, 5480, 5481, 5482, 5483, 5484, 5485, 5233, 5131, 5486, 5135, 5487, 
    5139, 5488, 5143, 5489, 5147, 5490, 5151, 5491, 5155, 5492, 5159, 5493, 
    5163, 5494, 5127, 5234, 5495, 5496, 5497, 5498, 5499, 5500, 5501, 5502, 
    5503, 5235, 5504, 5505, 5506, 5507, 5508, 5509, 5510, 5511, 5512, 5236, 
    5513, 5514, 5515, 5516, 5517, 5518, 5519, 5520, 5521, 5237, 5522, 5523, 
    5524, 5525, 5526, 5527, 5528, 5529, 5530, 5238, 5531, 5532, 5533, 5534, 
    5535, 5536, 5537, 5538, 5539, 5239, 5540, 5541, 5542, 5543, 5544, 5545, 
    5546, 5547, 5548, 5240, 5549, 5550, 5551, 5552, 5553, 5554, 5555, 5556, 
    5557, 5241, 5558, 5559, 5560, 5561, 5562, 5563, 5564, 5565, 5566, 5242, 
    2782, 2964, 2781, 2965, 2780, 2966, 2779, 2967, 2778, 2968, 2777, 2969, 
    2776, 2970, 2775, 2971, 2774, 2972, 2773, 2891, 2955, 2956, 2957, 2958, 
    2959, 2960, 2961, 2962, 2963, 2890, 2946, 2947, 2948, 2949, 2950, 2951, 
    2952, 2953, 2954, 2889, 2937, 2938, 2939, 2940, 2941, 2942, 2943, 2944, 
    2945, 2888, 2928, 2929, 2930, 2931, 2932, 2933, 2934, 2935, 2936, 2887, 
    2919, 2920, 2921, 2922, 2923, 2924, 2925, 2926, 2927, 2886, 2910, 2911, 
    2912, 2913, 2914, 2915, 2916, 2917, 2918, 2885, 2901, 2902, 2903, 2904, 
    2905, 2906, 2907, 2908, 2909, 2884, 2892, 2893, 2894, 2895, 2896, 2897, 
    2898, 2899, 2900, 2883, 2663, 2682, 3054, 2783, 2672, 2772, 3144, 2864, 
    2681, 3055, 2771, 3145, 2680, 3056, 2770, 3146, 2679, 3057, 2769, 3147, 
    2678, 3058, 2768, 3148, 2677, 3059, 2767, 3149, 2676, 3060, 2766, 3150, 
    2675, 3061, 2765, 3151, 2674, 3062, 2764, 3152, 3045, 2784, 3153, 2865, 
    3046, 3154, 3047, 3155, 3048, 3156, 3049, 3157, 3050, 3158, 3051, 3159, 
    3052, 3160, 3053, 3161, 3036, 2785, 3162, 2866, 3037, 3163, 3038, 3164, 
    3039, 3165, 3040, 3166, 3041, 3167, 3042, 3168, 3043, 3169, 3044, 3170, 
    3027, 2786, 3171, 2867, 3028, 3172, 3029, 3173, 3030, 3174, 3031, 3175, 
    3032, 3176, 3033, 3177, 3034, 3178, 3035, 3179, 3018, 2787, 3180, 2868, 
    3019, 3181, 3020, 3182, 3021, 3183, 3022, 3184, 3023, 3185, 3024, 3186, 
    3025, 3187, 3026, 3188, 3009, 2788, 3189, 2869, 3010, 3190, 3011, 3191, 
    3012, 3192, 3013, 3193, 3014, 3194, 3015, 3195, 3016, 3196, 3017, 3197, 
    3000, 2789, 3198, 2870, 3001, 3199, 3002, 3200, 3003, 3201, 3004, 3202, 
    3005, 3203, 3006, 3204, 3007, 3205, 3008, 3206, 2991, 2790, 3207, 2871, 
    2992, 3208, 2993, 3209, 2994, 3210, 2995, 3211, 2996, 3212, 2997, 3213, 
    2998, 3214, 2999, 3215, 2982, 2791, 3216, 2872, 2983, 3217, 2984, 3218, 
    2985, 3219, 2986, 3220, 2987, 3221, 2988, 3222, 2989, 3223, 2990, 3224, 
    2671, 2763, 3225, 2855, 2762, 3226, 2761, 3227, 2760, 3228, 2759, 3229, 
    2758, 3230, 2757, 3231, 2756, 3232, 2755, 3233, 3234, 2856, 3235, 3236, 
    3237, 3238, 3239, 3240, 3241, 3242, 3243, 2857, 3244, 3245, 3246, 3247, 
    3248, 3249, 3250, 3251, 3252, 2858, 3253, 3254, 3255, 3256, 3257, 3258, 
    3259, 3260, 3261, 2859, 3262, 3263, 3264, 3265, 3266, 3267, 3268, 3269, 
    3270, 2860, 3271, 3272, 3273, 3274, 3275, 3276, 3277, 3278, 3279, 2861, 
    3280, 3281, 3282, 3283, 3284, 3285, 3286, 3287, 3288, 2862, 3289, 3290, 
    3291, 3292, 3293, 3294, 3295, 3296, 3297, 2863, 3298, 3299, 3300, 3301, 
    3302, 3303, 3304, 3305, 2670, 2754, 3306, 2846, 2753, 3307, 2752, 3308, 
    2751, 3309, 2750, 3310, 2749, 3311, 2748, 3312, 2747, 3313, 2746, 3314, 
    3315, 2847, 3316, 3317, 3318, 3319, 3320, 3321, 3322, 3323, 3324, 2848, 
    3325, 3326, 3327, 3328, 3329, 3330, 3331, 3332, 3333, 2849, 3334, 3335, 
    3336, 3337, 3338, 3339, 3340, 3341, 3342, 2850, 3343, 3344, 3345, 3346, 
    3347, 3348, 3349, 3350, 3351, 2851, 3352, 3353, 3354, 3355, 3356, 3357, 
    3358, 3359, 3360, 2852, 3361, 3362, 3363, 3364, 3365, 3366, 3367, 3368, 
    3369, 2853, 3370, 3371, 3372, 3373, 3374, 3375, 3376, 3377, 3378, 2854, 
    3379, 3380, 3381, 3382, 3383, 3384, 3385, 3386, 2669, 2745, 3387, 2837, 
    2744, 3388, 2743, 3389, 2742, 3390, 2741, 3391, 2740, 3392, 2739, 3393, 
    2738, 3394, 2737, 3395, 3396, 2838, 3397, 3398, 3399, 3400, 3401, 3402, 
    3403, 3404, 3405, 2839, 3406, 3407, 3408, 3409, 3410, 3411, 3412, 3413, 
    3414, 2840, 3415, 3416, 3417, 3418, 3419, 3420, 3421, 3422, 3423, 2841, 
    3424, 3425, 3426, 3427, 3428, 3429, 3430, 3431, 3432, 2842, 3433, 3434, 
    3435, 3436, 3437, 3438, 3439, 3440, 3441, 2843, 3442, 3443, 3444, 3445, 
    3446, 3447, 3448, 3449, 3450, 2844, 3451, 3452, 3453, 3454, 3455, 3456, 
    3457, 3458, 3459, 2845, 3460, 3461, 3462, 3463, 3464, 3465, 3466, 3467, 
    2668, 2736, 3468, 2828, 2735, 3469, 2734, 3470, 2733, 3471, 2732, 3472, 
    2731, 3473, 2730, 3474, 2729, 3475, 2728, 3476, 3477, 2829, 3478, 3479, 
    3480, 3481, 3482, 3483, 3484, 3485, 3486, 2830, 3487, 3488, 3489, 3490, 
    3491, 3492, 3493, 3494, 3495, 2831, 3496, 3497, 3498, 3499, 3500, 3501, 
    3502, 3503, 3504, 2832, 3505, 3506, 3507, 3508, 3509, 3510, 3511, 3512, 
    3513, 2833, 3514, 3515, 3516, 3517, 3518, 3519, 3520, 3521, 3522, 2834, 
    3523, 3524, 3525, 3526, 3527, 3528, 3529, 3530, 3531, 2835, 3532, 3533, 
    3534, 3535, 3536, 3537, 3538, 3539, 3540, 2836, 3541, 3542, 3543, 3544, 
    3545, 3546, 3547, 3548, 2667, 2727, 3549, 2819, 2726, 3550, 2725, 3551, 
    2724, 3552, 2723, 3553, 2722, 3554, 2721, 3555, 2720, 3556, 2719, 3557, 
    3558, 2820, 3559, 3560, 3561, 3562, 3563, 3564, 3565, 3566, 3567, 2821, 
    3568, 3569, 3570, 3571, 3572, 3573, 3574, 3575, 3576, 2822, 3577, 3578, 
    3579, 3580, 3581, 3582, 3583, 3584, 3585, 2823, 3586, 3587, 3588, 3589, 
    3590, 3591, 3592, 3593, 3594, 2824, 3595, 3596, 3597, 3598, 3599, 3600, 
    3601, 3602, 3603, 2825, 3604, 3605, 3606, 3607, 3608, 3609, 3610, 3611, 
    3612, 2826, 3613, 3614, 3615, 3616, 3617, 3618, 3619, 3620, 3621, 2827, 
    3622, 3623, 3624, 3625, 3626, 3627, 3628, 3629, 2666, 2718, 3630, 2810, 
    2717, 3631, 2716, 3632, 2715, 3633, 2714, 3634, 2713, 3635, 2712, 3636, 
    2711, 3637, 2710, 3638, 3639, 2811, 3640, 3641, 3642, 3643, 3644, 3645, 
    3646, 3647, 3648, 2812, 3649, 3650, 3651, 3652, 3653, 3654, 3655, 3656, 
    3657, 2813, 3658, 3659, 3660, 3661, 3662, 3663, 3664, 3665, 3666, 2814, 
    3667, 3668, 3669, 3670, 3671, 3672, 3673, 3674, 3675, 2815, 3676, 3677, 
    3678, 3679, 3680, 3681, 3682, 3683, 3684, 2816, 3685, 3686, 3687, 3688, 
    3689, 3690, 3691, 3692, 3693, 2817, 3694, 3695, 3696, 3697, 3698, 3699, 
    3700, 3701, 3702, 2818, 3703, 3704, 3705, 3706, 3707, 3708, 3709, 3710, 
    2665, 2709, 3711, 2801, 2708, 3712, 2707, 3713, 2706, 3714, 2705, 3715, 
    2704, 3716, 2703, 3717, 2702, 3718, 2701, 3719, 3720, 2802, 3721, 3722, 
    3723, 3724, 3725, 3726, 3727, 3728, 3729, 2803, 3730, 3731, 3732, 3733, 
    3734, 3735, 3736, 3737, 3738, 2804, 3739, 3740, 3741, 3742, 3743, 3744, 
    3745, 3746, 3747, 2805, 3748, 3749, 3750, 3751, 3752, 3753, 3754, 3755, 
    3756, 2806, 3757, 3758, 3759, 3760, 3761, 3762, 3763, 3764, 3765, 2807, 
    3766, 3767, 3768, 3769, 3770, 3771, 3772, 3773, 3774, 2808, 3775, 3776, 
    3777, 3778, 3779, 3780, 3781, 3782, 3783, 2809, 3784, 3785, 3786, 3787, 
    3788, 3789, 3790, 3791, 2664, 2700, 3792, 2792, 2699, 3793, 2698, 3794, 
    2697, 3795, 2696, 3796, 2695, 3797, 2694, 3798, 2693, 3799, 2692, 3800, 
    3801, 2793, 3802, 3803, 3804, 3805, 3806, 3807, 3808, 3809, 3810, 2794, 
    3811, 3812, 3813, 3814, 3815, 3816, 3817, 3818, 3819, 2795, 3820, 3821, 
    3822, 3823, 3824, 3825, 3826, 3827, 3828, 2796, 3829, 3830, 3831, 3832, 
    3833, 3834, 3835, 3836, 3837, 2797, 3838, 3839, 3840, 3841, 3842, 3843, 
    3844, 3845, 3846, 2798, 3847, 3848, 3849, 3850, 3851, 3852, 3853, 3854, 
    3855, 2799, 3856, 3857, 3858, 3859, 3860, 3861, 3862, 3863, 3864, 2800, 
    3865, 3866, 3867, 3868, 3869, 3870, 3871, 3872 ;
}
