200 .000
14372
180041 6  3
180042 6  3
180043 6  3
180044 6  3
180045 6  3
180046 6  3
180047 6  3
180048 6  3
180049 6  3
180050 6  3
180051 6  3
180052 6  3
180053 6  3
180054 6  3
180055 6  3
180056 6  3
180057 6  3
180058 6  3
180059 6  3
180060 6  3
180061 6  3
180062 6  3
180063 6  3
180064 6  3
180065 6  3
180066 6  3
180067 6  3
180068 6  3
180069 6  3
180070 6  3
180071 6  3
180072 6  3
180073 6  3
180074 6  3
180075 6  3
180076 6  3
180077 6  3
180078 6  3
180079 6  3
180080 6  3
180081 6  3
180082 6  3
180083 6  3
180084 6  3
180085 6  3
180086 6  3
180087 6  3
180088 6  3
180089 6  3
180090 6  3
180091 6  3
180092 6  3
180093 6  3
180094 6  3
180095 6  3
180096 6  3
180097 6  3
180098 6  3
180099 6  3
180100 6  3
180101 6  3
180102 6  3
180103 6  3
180104 6  3
180105 6  3
180106 6  3
180107 6  3
180108 6  3
180109 6  3
180110 6  3
180111 6  3
180112 6  3
180113 6  3
180114 6  3
180115 6  3
180116 6  3
180117 6  3
180118 6  3
180119 6  3
180120 6  3
180121 6  3
180122 6  3
180123 6  3
180124 6  3
180125 6  3
180126 6  3
180127 6  3
180128 6  3
180129 6  3
180130 6  3
180131 6  3
180132 6  3
180133 6  3
180134 6  3
180135 6  3
180136 6  3
180137 6  3
180138 6  3
180139 6  3
180140 6  3
180141 6  3
180142 6  3
180143 6  3
180144 6  3
180145 6  3
180146 6  3
180147 6  3
180148 6  3
180149 6  3
180150 6  3
180151 6  3
180152 6  3
180153 6  3
180154 6  3
180155 6  3
180156 6  3
180157 6  3
180158 6  3
180159 6  3
180160 6  3
180161 6  3
180162 6  3
180163 6  3
180164 6  3
180165 6  3
180166 6  3
180167 6  3
180168 6  3
180169 6  3
180170 6  3
180171 6  3
180172 6  3
180173 6  3
180174 6  3
180175 6  3
180176 6  3
180177 6  3
180178 6  3
180179 6  3
180180 6  3
180181 6  3
180182 6  3
180183 6  3
180184 6  3
180185 6  3
180186 6  3
180187 6  3
180188 6  3
180189 6  3
180190 6  3
180191 6  3
180192 6  3
180193 6  3
180194 6  3
180195 6  3
180196 6  3
180197 6  3
180198 6  3
180199 6  3
180200 6  3
180201 6  3
180202 6  3
180203 6  3
180204 6  3
180205 6  3
180206 6  3
180207 6  3
180208 6  3
180209 6  3
180210 6  3
180211 6  3
180212 6  3
180213 6  3
180214 6  3
180215 6  3
180216 6  3
180217 6  3
180218 6  3
180219 6  3
180220 6  3
180221 6  3
180222 6  3
180223 6  3
180224 6  3
180225 6  3
180226 6  3
180227 6  3
180228 6  3
180229 6  3
180230 6  3
180231 6  3
180232 6  3
180233 6  3
180234 6  3
180235 6  3
180236 6  3
180237 6  3
180238 6  3
180239 6  3
180240 6  3
180241 6  3
180242 6  3
180243 6  3
180244 6  3
180245 6  3
180246 6  3
180247 6  3
180248 6  3
180249 6  3
180250 6  3
180251 6  3
180252 6  3
180253 6  3
180254 6  3
180255 6  3
180256 6  3
180257 6  3
180258 6  3
180259 6  3
180260 6  3
180261 6  3
180262 6  3
180263 6  3
180264 6  3
180265 6  3
180266 6  3
180267 6  3
180268 6  3
180269 6  3
180270 6  3
180271 6  3
180272 6  3
180273 6  3
180274 6  3
180275 6  3
180276 6  3
180277 6  3
180278 6  3
180279 6  3
180280 6  3
180281 6  3
180282 6  3
180283 6  3
180284 6  3
180285 6  3
180286 6  3
180287 6  3
180288 6  3
180289 6  3
180290 6  3
180291 6  3
180292 6  3
180293 6  3
180294 6  3
180295 6  3
180296 6  3
180297 6  3
180298 6  3
180299 6  3
180300 6  3
180301 6  3
180302 6  3
180303 6  3
180304 6  3
180305 6  3
180306 6  3
180307 6  3
180308 6  3
180309 6  3
180310 6  3
180311 6  3
180312 6  3
180313 6  3
180314 6  3
180315 6  3
180316 6  3
180317 6  3
180318 6  3
180319 6  3
180320 6  3
180321 6  3
180322 6  3
180323 6  3
180324 6  3
180325 6  3
180326 6  3
180327 6  3
180328 6  3
180329 6  3
180330 6  3
180331 6  3
180332 6  3
180333 6  3
180334 6  3
180335 6  3
180336 6  3
180337 6  3
180338 6  3
180339 6  3
180340 6  3
180341 6  3
180342 6  3
180343 6  3
180344 6  3
180345 6  3
180346 6  3
180347 6  3
180348 6  3
180349 6  3
180350 6  3
180351 6  3
180352 6  3
180353 6  3
180354 6  3
180355 6  3
180356 6  3
180357 6  3
180358 6  3
180359 6  3
180360 6  3
180361 6  3
180362 6  3
180363 6  3
180364 6  3
180365 6  3
180366 6  3
180367 6  3
180368 6  3
180369 6  3
180370 6  3
180371 6  3
180372 6  3
180373 6  3
180374 6  3
180375 6  3
180376 6  3
180377 6  3
180378 6  3
180379 6  3
180380 6  3
180381 6  3
180382 6  3
180383 6  3
180384 6  3
180385 6  3
180386 6  3
180387 6  3
180388 6  3
180389 6  3
180390 6  3
180391 6  3
180392 6  3
180393 6  3
180394 6  3
180395 6  3
180396 6  3
180397 6  3
180398 6  3
180399 6  3
180400 6  3
180401 6  3
180402 6  3
180403 6  3
180404 6  3
180405 6  3
180406 6  3
180407 6  3
180408 6  3
180409 6  3
180410 6  3
180411 6  3
180412 6  3
180413 6  3
180414 6  3
180415 6  3
180416 6  3
180417 6  3
180418 6  3
180419 6  3
180420 6  3
180421 6  3
180422 6  3
180423 6  3
180424 6  3
180425 6  3
180426 6  3
180427 6  3
180428 6  3
180429 6  3
180430 6  3
180431 6  3
180432 6  3
180433 6  3
180434 6  3
180435 6  3
180436 6  3
180437 6  3
180438 6  3
180439 6  3
180440 6  3
180441 6  3
180442 6  3
180443 6  3
180444 6  3
180445 6  3
180446 6  3
180447 6  3
180448 6  3
180449 6  3
180450 6  3
180451 6  3
180452 6  3
180453 6  3
180454 6  3
180455 6  3
180456 6  3
180457 6  3
180458 6  3
180459 6  3
180460 6  3
180461 6  3
180462 6  3
180463 6  3
180464 6  3
180465 6  3
180466 6  3
180467 6  3
180468 6  3
180469 6  3
180470 6  3
180471 6  3
180472 6  3
180473 6  3
180474 6  3
180475 6  3
180476 6  3
180477 6  3
180478 6  3
180479 6  3
180480 6  3
180481 6  3
180482 6  3
180483 6  3
180484 6  3
180485 6  3
180486 6  3
180487 6  3
180488 6  3
180489 6  3
180490 6  3
180491 6  3
180492 6  3
180493 6  3
180494 6  3
180495 6  3
180496 6  3
180497 6  3
180498 6  3
180499 6  3
180500 6  3
180501 6  3
180502 6  3
180503 6  3
180504 6  3
180505 6  3
180506 6  3
180507 6  3
180508 6  3
180509 6  3
180510 6  3
180511 6  3
180512 6  3
180513 6  3
180514 6  3
180515 6  3
180516 6  3
180517 6  3
180518 6  3
180519 6  3
180520 6  3
180521 6  3
180522 6  3
180523 6  3
180524 6  3
180525 6  3
180526 6  3
180527 6  3
180528 6  3
180529 6  3
180530 6  3
180531 6  3
180532 6  3
180533 6  3
180534 6  3
180535 6  3
180536 6  3
180537 6  3
180538 6  3
180539 6  3
180540 6  3
180541 6  3
180542 6  3
180543 6  3
180544 6  3
180545 6  3
180546 6  3
180547 6  3
180548 6  3
180549 6  3
180550 6  3
180551 6  3
180552 6  3
180553 6  3
180554 6  3
180555 6  3
180556 6  3
180557 6  3
180558 6  3
180559 6  3
180560 6  3
180561 6  3
180562 6  3
180563 6  3
180564 6  3
180565 6  3
180566 6  3
180567 6  3
180568 6  3
180569 6  3
180570 6  3
180571 6  3
180572 6  3
180573 6  3
180574 6  3
180575 6  3
180576 6  3
180577 6  3
180578 6  3
180579 6  3
180580 6  3
180581 6  3
180582 6  3
180583 6  3
180584 6  3
180585 6  3
180586 6  3
180587 6  3
180588 6  3
180589 6  3
180590 6  3
180591 6  3
180592 6  3
180593 6  3
180594 6  3
180595 6  3
180596 6  3
180597 6  3
180598 6  3
180599 6  3
180600 6  3
180601 6  3
180602 6  3
180603 6  3
180604 6  3
180605 6  3
180606 6  3
180607 6  3
180608 6  3
180609 6  3
180610 6  3
180611 6  3
180612 6  3
180613 6  3
180614 6  3
180615 6  3
180616 6  3
180617 6  3
180618 6  3
180619 6  3
180620 6  3
180621 6  3
180622 6  3
180623 6  3
180624 6  3
180625 6  3
180626 6  3
180627 6  3
180628 6  3
180629 6  3
180630 6  3
180631 6  3
180632 6  3
180633 6  3
180634 6  3
180635 6  3
180636 6  3
180637 6  3
180638 6  3
180639 6  3
180640 6  3
180641 6  3
180642 6  3
180643 6  3
180644 6  3
180645 6  3
180646 6  3
180647 6  3
180648 6  3
180649 6  3
180650 6  3
180651 6  3
180652 6  3
180653 6  3
180654 6  3
180655 6  3
180656 6  3
180657 6  3
180658 6  3
180659 6  3
180660 6  3
180661 6  3
180662 6  3
180663 6  3
180664 6  3
180665 6  3
180666 6  3
180667 6  3
180668 6  3
180669 6  3
180670 6  3
180671 6  3
180672 6  3
180673 6  3
180674 6  3
180675 6  3
180676 6  3
180677 6  3
180678 6  3
180679 6  3
180680 6  3
180681 6  3
180682 6  3
180683 6  3
180684 6  3
180685 6  3
180686 6  3
180687 6  3
180688 6  3
180689 6  3
180690 6  3
180691 6  3
180692 6  3
180693 6  3
180694 6  3
180695 6  3
180696 6  3
180697 6  3
180698 6  3
180699 6  3
180700 6  3
180701 6  3
180702 6  3
180703 6  3
180704 6  3
180705 6  3
180706 6  3
180707 6  3
180708 6  3
180709 6  3
180710 6  3
180711 6  3
180712 6  3
180713 6  3
180714 6  3
180715 6  3
180716 6  3
180717 6  3
180718 6  3
180719 6  3
180720 6  3
180721 6  3
180722 6  3
180723 6  3
180724 6  3
180725 6  3
180726 6  3
180727 6  3
180728 6  3
180729 6  3
180730 6  3
180731 6  3
180732 6  3
180733 6  3
180734 6  3
180735 6  3
180736 6  3
180737 6  3
180738 6  3
180739 6  3
180740 6  3
180741 6  3
180742 6  3
180743 6  3
180744 6  3
180745 6  3
180746 6  3
180747 6  3
180748 6  3
180749 6  3
180750 6  3
180751 6  3
180752 6  3
180753 6  3
180754 6  3
180755 6  3
180756 6  3
180757 6  3
180758 6  3
180759 6  3
180760 6  3
180761 6  3
180762 6  3
180763 6  3
180764 6  3
180765 6  3
180766 6  3
180767 6  3
180768 6  3
180769 6  3
180770 6  3
180771 6  3
180772 6  3
180773 6  3
180774 6  3
180775 6  3
180776 6  3
180777 6  3
180778 6  3
180779 6  3
180780 6  3
180781 6  3
180782 6  3
180783 6  3
180784 6  3
180785 6  3
180786 6  3
180787 6  3
180788 6  3
180789 6  3
180790 6  3
180791 6  3
180792 6  3
180793 6  3
180794 6  3
180795 6  3
180796 6  3
180797 6  3
180798 6  3
180799 6  3
180800 6  3
180801 6  3
180802 6  3
180803 6  3
180804 6  3
180805 6  3
180806 6  3
180807 6  3
180808 6  3
180809 6  3
180810 6  3
180811 6  3
180812 6  3
180813 6  3
180814 6  3
180815 6  3
180816 6  3
180817 6  3
180818 6  3
180819 6  3
180820 6  3
180821 6  3
180822 6  3
180823 6  3
180824 6  3
180825 6  3
180826 6  3
180827 6  3
180828 6  3
180829 6  3
180830 6  3
180831 6  3
180832 6  3
180833 6  3
180834 6  3
180835 6  3
180836 6  3
180837 6  3
180838 6  3
180839 6  3
180840 6  3
180841 6  3
180842 6  3
180843 6  3
180844 6  3
180845 6  3
180846 6  3
180847 6  3
180848 6  3
180849 6  3
180850 6  3
180851 6  3
180852 6  3
180853 6  3
180854 6  3
180855 6  3
180856 6  3
180857 6  3
180858 6  3
180859 6  3
180860 6  3
180861 6  3
180862 6  3
180863 6  3
180864 6  3
180865 6  3
180866 6  3
180867 6  3
180868 6  3
180869 6  3
180870 6  3
180871 6  3
180872 6  3
180873 6  3
180874 6  3
180875 6  3
180876 6  3
180877 6  3
180878 6  3
180879 6  3
180880 6  3
180881 6  3
180882 6  3
180883 6  3
180884 6  3
180885 6  3
180886 6  3
180887 6  3
180888 6  3
180889 6  3
180890 6  3
180891 6  3
180892 6  3
180893 6  3
180894 6  3
180895 6  3
180896 6  3
180897 6  3
180898 6  3
180899 6  3
180900 6  3
180901 6  3
180902 6  3
180903 6  3
180904 6  3
180905 6  3
180906 6  3
180907 6  3
180908 6  3
180909 6  3
180910 6  3
180911 6  3
180912 6  3
180913 6  3
180914 6  3
180915 6  3
180916 6  3
180917 6  3
180918 6  3
180919 6  3
180920 6  3
180921 6  3
180922 6  3
180923 6  3
180924 6  3
180925 6  3
180926 6  3
180927 6  3
180928 6  3
180929 6  3
180930 6  3
180931 6  3
180932 6  3
180933 6  3
180934 6  3
180935 6  3
180936 6  3
180937 6  3
180938 6  3
180939 6  3
180940 6  3
180941 6  3
180942 6  3
180943 6  3
180944 6  3
180945 6  3
180946 6  3
180947 6  3
180948 6  3
180949 6  3
180950 6  3
180951 6  3
180952 6  3
180953 6  3
180954 6  3
180955 6  3
180956 6  3
180957 6  3
180958 6  3
180959 6  3
180960 6  3
180961 6  3
180962 6  3
180963 6  3
180964 6  3
180965 6  3
180966 6  3
180967 6  3
180968 6  3
180969 6  3
180970 6  3
180971 6  3
180972 6  3
180973 6  3
180974 6  3
180975 6  3
180976 6  3
180977 6  3
180978 6  3
180979 6  3
180980 6  3
180981 6  3
180982 6  3
180983 6  3
180984 6  3
180985 6  3
180986 6  3
180987 6  3
180988 6  3
180989 6  3
180990 6  3
180991 6  3
180992 6  3
180993 6  3
180994 6  3
180995 6  3
180996 6  3
180997 6  3
180998 6  3
180999 6  3
181000 6  3
181001 6  3
181002 6  3
181003 6  3
181004 6  3
181005 6  3
181006 6  3
181007 6  3
181008 6  3
181009 6  3
181010 6  3
181011 6  3
181012 6  3
181013 6  3
181014 6  3
181015 6  3
181016 6  3
181017 6  3
181018 6  3
181019 6  3
181020 6  3
181021 6  3
181022 6  3
181023 6  3
181024 6  3
181025 6  3
181026 6  3
181027 6  3
181028 6  3
181029 6  3
181030 6  3
181031 6  3
181032 6  3
181033 6  3
181034 6  3
181035 6  3
181036 6  3
181037 6  3
181038 6  3
181039 6  3
181040 6  3
181041 6  3
181042 6  3
181043 6  3
181044 6  3
181045 6  3
181046 6  3
181047 6  3
181048 6  3
181049 6  3
181050 6  3
181051 6  3
181052 6  3
181053 6  3
181054 6  3
181055 6  3
181056 6  3
181057 6  3
181058 6  3
181059 6  3
181060 6  3
181061 6  3
181062 6  3
181063 6  3
181064 6  3
181065 6  3
181066 6  3
181067 6  3
181068 6  3
181069 6  3
181070 6  3
181071 6  3
181072 6  3
181073 6  3
181074 6  3
181075 6  3
181076 6  3
181077 6  3
181078 6  3
181079 6  3
181080 6  3
181081 6  3
181082 6  3
181083 6  3
181084 6  3
181085 6  3
181086 6  3
181087 6  3
181088 6  3
181089 6  3
181090 6  3
181091 6  3
181092 6  3
181093 6  3
181094 6  3
181095 6  3
181096 6  3
181097 6  3
181098 6  3
181099 6  3
181100 6  3
181101 6  3
181102 6  3
181103 6  3
181104 6  3
181105 6  3
181106 6  3
181107 6  3
181108 6  3
181109 6  3
181110 6  3
181111 6  3
181112 6  3
181113 6  3
181114 6  3
181115 6  3
181116 6  3
181117 6  3
181118 6  3
181119 6  3
181120 6  3
181121 6  3
181122 6  3
181123 6  3
181124 6  3
181125 6  3
181126 6  3
181127 6  3
181128 6  3
181129 6  3
181130 6  3
181131 6  3
181132 6  3
181133 6  3
181134 6  3
181135 6  3
181136 6  3
181137 6  3
181138 6  3
181139 6  3
181140 6  3
181141 6  3
181142 6  3
181143 6  3
181144 6  3
181145 6  3
181146 6  3
181147 6  3
181148 6  3
181149 6  3
181150 6  3
181151 6  3
181152 6  3
181153 6  3
181154 6  3
181155 6  3
181156 6  3
181157 6  3
181158 6  3
181159 6  3
181160 6  3
181161 6  3
181162 6  3
181163 6  3
181164 6  3
181165 6  3
181166 6  3
181167 6  3
181168 6  3
181169 6  3
181170 6  3
181171 6  3
181172 6  3
181173 6  3
181174 6  3
181175 6  3
181176 6  3
181177 6  3
181178 6  3
181179 6  3
181180 6  3
181181 6  3
181182 6  3
181183 6  3
181184 6  3
181185 6  3
181186 6  3
181187 6  3
181188 6  3
181189 6  3
181190 6  3
181191 6  3
181192 6  3
181193 6  3
181194 6  3
181195 6  3
181196 6  3
181197 6  3
181198 6  3
181199 6  3
181200 6  3
181201 6  3
181202 6  3
181203 6  3
181204 6  3
181205 6  3
181206 6  3
181207 6  3
181208 6  3
181209 6  3
181210 6  3
181211 6  3
181212 6  3
181213 6  3
181214 6  3
181215 6  3
181216 6  3
181217 6  3
181218 6  3
181219 6  3
181220 6  3
181221 6  3
181222 6  3
181223 6  3
181224 6  3
181225 6  3
181226 6  3
181227 6  3
181228 6  3
181229 6  3
181230 6  3
181231 6  3
181232 6  3
181233 6  3
181234 6  3
181235 6  3
181236 6  3
181237 6  3
181238 6  3
181239 6  3
181240 6  3
181241 6  3
181242 6  3
181243 6  3
181244 6  3
181245 6  3
181246 6  3
181247 6  3
181248 6  3
181249 6  3
181250 6  3
181251 6  3
181252 6  3
181253 6  3
181254 6  3
181255 6  3
181256 6  3
181257 6  3
181258 6  3
181259 6  3
181260 6  3
181261 6  3
181262 6  3
181263 6  3
181264 6  3
181265 6  3
181266 6  3
181267 6  3
181268 6  3
181269 6  3
181270 6  3
181271 6  3
181272 6  3
181273 6  3
181274 6  3
181275 6  3
181276 6  3
181277 6  3
181278 6  3
181279 6  3
181280 6  3
181281 6  3
181282 6  3
181283 6  3
181284 6  3
181285 6  3
181286 6  3
181287 6  3
181288 6  3
181289 6  3
181290 6  3
181291 6  3
181292 6  3
181293 6  3
181294 6  3
181295 6  3
181296 6  3
181297 6  3
181298 6  3
181299 6  3
181300 6  3
181301 6  3
181302 6  3
181303 6  3
181304 6  3
181305 6  3
181306 6  3
181307 6  3
181308 6  3
181309 6  3
181310 6  3
181311 6  3
181312 6  3
181313 6  3
181314 6  3
181315 6  3
181316 6  3
181317 6  3
181318 6  3
181319 6  3
181320 6  3
181321 6  3
181322 6  3
181323 6  3
181324 6  3
181325 6  3
181326 6  3
181327 6  3
181328 6  3
181329 6  3
181330 6  3
181331 6  3
181332 6  3
181333 6  3
181334 6  3
181335 6  3
181336 6  3
181337 6  3
181338 6  3
181339 6  3
181340 6  3
181341 6  3
181342 6  3
181343 6  3
181344 6  3
181345 6  3
181346 6  3
181347 6  3
181348 6  3
181349 6  3
181350 6  3
181351 6  3
181352 6  3
181353 6  3
181354 6  3
181355 6  3
181356 6  3
181357 6  3
181358 6  3
181359 6  3
181360 6  3
181361 6  3
181362 6  3
181363 6  3
181364 6  3
181365 6  3
181366 6  3
181367 6  3
181368 6  3
181369 6  3
181370 6  3
181371 6  3
181372 6  3
181373 6  3
181374 6  3
181375 6  3
181376 6  3
181377 6  3
181378 6  3
181379 6  3
181380 6  3
181381 6  3
181382 6  3
181383 6  3
181384 6  3
181385 6  3
181386 6  3
181387 6  3
181388 6  3
181389 6  3
181390 6  3
181391 6  3
181392 6  3
181393 6  3
181394 6  3
181395 6  3
181396 6  3
181397 6  3
181398 6  3
181399 6  3
181400 6  3
181401 6  3
181402 6  3
181403 6  3
181404 6  3
181405 6  3
181406 6  3
181407 6  3
181408 6  3
181409 6  3
181410 6  3
181411 6  3
181412 6  3
181413 6  3
181414 6  3
181415 6  3
181416 6  3
181417 6  3
181418 6  3
181419 6  3
181420 6  3
181421 6  3
181422 6  3
181423 6  3
181424 6  3
181425 6  3
181426 6  3
181427 6  3
181428 6  3
181429 6  3
181430 6  3
181431 6  3
181432 6  3
181433 6  3
181434 6  3
181435 6  3
181436 6  3
181437 6  3
181438 6  3
181439 6  3
181440 6  3
181441 6  3
181442 6  3
181443 6  3
181444 6  3
181445 6  3
181446 6  3
181447 6  3
181448 6  3
181449 6  3
181450 6  3
181451 6  3
181452 6  3
181453 6  3
181454 6  3
181455 6  3
181456 6  3
181457 6  3
181458 6  3
181459 6  3
181460 6  3
181461 6  3
181462 6  3
181463 6  3
181464 6  3
181465 6  3
181466 6  3
181467 6  3
181468 6  3
181469 6  3
181470 6  3
181471 6  3
181472 6  3
181473 6  3
181474 6  3
181475 6  3
181476 6  3
181477 6  3
181478 6  3
181479 6  3
181480 6  3
181481 6  3
181482 6  3
181483 6  3
181484 6  3
181485 6  3
181486 6  3
181487 6  3
181488 6  3
181489 6  3
181490 6  3
181491 6  3
181492 6  3
181493 6  3
181494 6  3
181495 6  3
181496 6  3
181497 6  3
181498 6  3
181499 6  3
181500 6  3
181501 6  3
181502 6  3
181503 6  3
181504 6  3
181505 6  3
181506 6  3
181507 6  3
181508 6  3
181509 6  3
181510 6  3
181511 6  3
181512 6  3
181513 6  3
181514 6  3
181515 6  3
181516 6  3
181517 6  3
181518 6  3
181519 6  3
181520 6  3
181521 6  3
181522 6  3
181523 6  3
181524 6  3
181525 6  3
181526 6  3
181527 6  3
181528 6  3
181529 6  3
181530 6  3
181531 6  3
181532 6  3
181533 6  3
181534 6  3
181535 6  3
181536 6  3
181537 6  3
181538 6  3
181539 6  3
181540 6  3
181541 6  3
181542 6  3
181543 6  3
181544 6  3
181545 6  3
181546 6  3
181547 6  3
181548 6  3
181549 6  3
181550 6  3
181551 6  3
181552 6  3
181553 6  3
181554 6  3
181555 6  3
181556 6  3
181557 6  3
181558 6  3
181559 6  3
181560 6  3
181561 6  3
181562 6  3
181563 6  3
181564 6  3
181565 6  3
181566 6  3
181567 6  3
181568 6  3
181569 6  3
181570 6  3
181571 6  3
181572 6  3
181573 6  3
181574 6  3
181575 6  3
181576 6  3
181577 6  3
181578 6  3
181579 6  3
181580 6  3
181581 6  3
181582 6  3
181583 6  3
181584 6  3
181585 6  3
181586 6  3
181587 6  3
181588 6  3
181589 6  3
181590 6  3
181591 6  3
181592 6  3
181593 6  3
181594 6  3
181595 6  3
181596 6  3
181597 6  3
181598 6  3
181599 6  3
181600 6  3
181601 6  3
181602 6  3
181603 6  3
181604 6  3
181605 6  3
181606 6  3
181607 6  3
181608 6  3
181609 6  3
181610 6  3
181611 6  3
181612 6  3
181613 6  3
181614 6  3
181615 6  3
181616 6  3
181617 6  3
181618 6  3
181619 6  3
181620 6  3
181621 6  3
181622 6  3
181623 6  3
181624 6  3
181625 6  3
181626 6  3
181627 6  3
181628 6  3
181629 6  3
181630 6  3
181631 6  3
181632 6  3
181633 6  3
181634 6  3
181635 6  3
181636 6  3
181637 6  3
181638 6  3
181639 6  3
181640 6  3
181641 6  3
181642 6  3
181643 6  3
181644 6  3
181645 6  3
181646 6  3
181647 6  3
181648 6  3
181649 6  3
181650 6  3
181651 6  3
181652 6  3
181653 6  3
181654 6  3
181655 6  3
181656 6  3
181657 6  3
181658 6  3
181659 6  3
181660 6  3
181661 6  3
181662 6  3
181663 6  3
181664 6  3
181665 6  3
181666 6  3
181667 6  3
181668 6  3
181669 6  3
181670 6  3
181671 6  3
181672 6  3
181673 6  3
181674 6  3
181675 6  3
181676 6  3
181677 6  3
181678 6  3
181679 6  3
181680 6  3
181681 6  3
181682 6  3
181683 6  3
181684 6  3
181685 6  3
181686 6  3
181687 6  3
181688 6  3
181689 6  3
181690 6  3
181691 6  3
181692 6  3
181693 6  3
181694 6  3
181695 6  3
181696 6  3
181697 6  3
181698 6  3
181699 6  3
181700 6  3
181701 6  3
181702 6  3
181703 6  3
181704 6  3
181705 6  3
181706 6  3
181707 6  3
181708 6  3
181709 6  3
181710 6  3
181711 6  3
181712 6  3
181713 6  3
181714 6  3
181715 6  3
181716 6  3
181717 6  3
181718 6  3
181719 6  3
181720 6  3
181721 6  3
181722 6  3
181723 6  3
181724 6  3
181725 6  3
181726 6  3
181727 6  3
181728 6  3
181729 6  3
181730 6  3
181731 6  3
181732 6  3
181733 6  3
181734 6  3
181735 6  3
181736 6  3
181737 6  3
181738 6  3
181739 6  3
181740 6  3
181741 6  3
181742 6  3
181743 6  3
181744 6  3
181745 6  3
181746 6  3
181747 6  3
181748 6  3
181749 6  3
181750 6  3
181751 6  3
181752 6  3
181753 6  3
181754 6  3
181755 6  3
181756 6  3
181757 6  3
181758 6  3
181759 6  3
181760 6  3
181761 6  3
181762 6  3
181763 6  3
181764 6  3
181765 6  3
181766 6  3
181767 6  3
181768 6  3
181769 6  3
181770 6  3
181771 6  3
181772 6  3
181773 6  3
181774 6  3
181775 6  3
181776 6  3
181777 6  3
181778 6  3
181779 6  3
181780 6  3
181781 6  3
181782 6  3
181783 6  3
181784 6  3
181785 6  3
181786 6  3
181787 6  3
181788 6  3
181789 6  3
181790 6  3
181791 6  3
181792 6  3
181793 6  3
181794 6  3
181795 6  3
181796 6  3
181797 6  3
181798 6  3
181799 6  3
181800 6  3
181801 6  3
181802 6  3
181803 6  3
181804 6  3
181805 6  3
181806 6  3
181807 6  3
181808 6  3
181809 6  3
181810 6  3
181811 6  3
181812 6  3
181813 6  3
181814 6  3
181815 6  3
181816 6  3
181817 6  3
181818 6  3
181819 6  3
181820 6  3
181821 6  3
181822 6  3
181823 6  3
181824 6  3
181825 6  3
181826 6  3
181827 6  3
181828 6  3
181829 6  3
181830 6  3
181831 6  3
181832 6  3
181833 6  3
181834 6  3
181835 6  3
181836 6  3
181837 6  3
181838 6  3
181839 6  3
181840 6  3
181841 6  3
181842 6  3
181843 6  3
181844 6  3
181845 6  3
181846 6  3
181847 6  3
181848 6  3
181849 6  3
181850 6  3
181851 6  3
181852 6  3
181853 6  3
181854 6  3
181855 6  3
181856 6  3
181857 6  3
181858 6  3
181859 6  3
181860 6  3
181861 6  3
181862 6  3
181863 6  3
181864 6  3
181865 6  3
181866 6  3
181867 6  3
181868 6  3
181869 6  3
181870 6  3
181871 6  3
181872 6  3
181873 6  3
181874 6  3
181875 6  3
181876 6  3
181877 6  3
181878 6  3
181879 6  3
181880 6  3
181881 6  3
181882 6  3
181883 6  3
181884 6  3
181885 6  3
181886 6  3
181887 6  3
181888 6  3
181889 6  3
181890 6  3
181891 6  3
181892 6  3
181893 6  3
181894 6  3
181895 6  3
181896 6  3
181897 6  3
181898 6  3
181899 6  3
181900 6  3
181901 6  3
181902 6  3
181903 6  3
181904 6  3
181905 6  3
181906 6  3
181907 6  3
181908 6  3
181909 6  3
181910 6  3
181911 6  3
181912 6  3
181913 6  3
181914 6  3
181915 6  3
181916 6  3
181917 6  3
181918 6  3
181919 6  3
181920 6  3
181921 6  3
181922 6  3
181923 6  3
181924 6  3
181925 6  3
181926 6  3
181927 6  3
181928 6  3
181929 6  3
181930 6  3
181931 6  3
181932 6  3
181933 6  3
181934 6  3
181935 6  3
181936 6  3
181937 6  3
181938 6  3
181939 6  3
181940 6  3
181941 6  3
181942 6  3
181943 6  3
181944 6  3
181945 6  3
181946 6  3
181947 6  3
181948 6  3
181949 6  3
181950 6  3
181951 6  3
181952 6  3
181953 6  3
181954 6  3
181955 6  3
181956 6  3
181957 6  3
181958 6  3
181959 6  3
181960 6  3
181961 6  3
181962 6  3
181963 6  3
181964 6  3
181965 6  3
181966 6  3
181967 6  3
181968 6  3
181969 6  3
181970 6  3
181971 6  3
181972 6  3
181973 6  3
181974 6  3
181975 6  3
181976 6  3
181977 6  3
181978 6  3
181979 6  3
181980 6  3
181981 6  3
181982 6  3
181983 6  3
181984 6  3
181985 6  3
181986 6  3
181987 6  3
181988 6  3
181989 6  3
181990 6  3
181991 6  3
181992 6  3
181993 6  3
181994 6  3
181995 6  3
181996 6  3
181997 6  3
181998 6  3
181999 6  3
182000 6  3
182001 6  3
182002 6  3
182003 6  3
182004 6  3
182005 6  3
182006 6  3
182007 6  3
182008 6  3
182009 6  3
182010 6  3
182011 6  3
182012 6  3
182013 6  3
182014 6  3
182015 6  3
182016 6  3
182017 6  3
182018 6  3
182019 6  3
182020 6  3
182021 6  3
182022 6  3
182023 6  3
182024 6  3
182025 6  3
182026 6  3
182027 6  3
182028 6  3
182029 6  3
182030 6  3
182031 6  3
182032 6  3
182033 6  3
182034 6  3
182035 6  3
182036 6  3
182037 6  3
182038 6  3
182039 6  3
182040 6  3
182041 6  3
182042 6  3
182043 6  3
182044 6  3
182045 6  3
182046 6  3
182047 6  3
182048 6  3
182049 6  3
182050 6  3
182051 6  3
182052 6  3
182053 6  3
182054 6  3
182055 6  3
182056 6  3
182057 6  3
182058 6  3
182059 6  3
182060 6  3
182061 6  3
182062 6  3
182063 6  3
182064 6  3
182065 6  3
182066 6  3
182067 6  3
182068 6  3
182069 6  3
182070 6  3
182071 6  3
182072 6  3
182073 6  3
182074 6  3
182075 6  3
182076 6  3
182077 6  3
182078 6  3
182079 6  3
182080 6  3
182081 6  3
182082 6  3
182083 6  3
182084 6  3
182085 6  3
182086 6  3
182087 6  3
182088 6  3
182089 6  3
182090 6  3
182091 6  3
182092 6  3
182093 6  3
182094 6  3
182095 6  3
182096 6  3
182097 6  3
182098 6  3
182099 6  3
182100 6  3
182101 6  3
182102 6  3
182103 6  3
182104 6  3
182105 6  3
182106 6  3
182107 6  3
182108 6  3
182109 6  3
182110 6  3
182111 6  3
182112 6  3
182113 6  3
182114 6  3
182115 6  3
182116 6  3
182117 6  3
182118 6  3
182119 6  3
182120 6  3
182121 6  3
182122 6  3
182123 6  3
182124 6  3
182125 6  3
182126 6  3
182127 6  3
182128 6  3
182129 6  3
182130 6  3
182131 6  3
182132 6  3
182133 6  3
182134 6  3
182135 6  3
182136 6  3
182137 6  3
182138 6  3
182139 6  3
182140 6  3
182141 6  3
182142 6  3
182143 6  3
182144 6  3
182145 6  3
182146 6  3
182147 6  3
182148 6  3
182149 6  3
182150 6  3
182151 6  3
182152 6  3
182153 6  3
182154 6  3
182155 6  3
182156 6  3
182157 6  3
182158 6  3
182159 6  3
182160 6  3
182161 6  3
182162 6  3
182163 6  3
182164 6  3
182165 6  3
182166 6  3
182167 6  3
182168 6  3
182169 6  3
182170 6  3
182171 6  3
182172 6  3
182173 6  3
182174 6  3
182175 6  3
182176 6  3
182177 6  3
182178 6  3
182179 6  3
182180 6  3
182181 6  3
182182 6  3
182183 6  3
182184 6  3
182185 6  3
182186 6  3
182187 6  3
182188 6  3
182189 6  3
182190 6  3
182191 6  3
182192 6  3
182193 6  3
182194 6  3
182195 6  3
182196 6  3
182197 6  3
182198 6  3
182199 6  3
182200 6  3
182201 6  3
182202 6  3
182203 6  3
182204 6  3
182205 6  3
182206 6  3
182207 6  3
182208 6  3
182209 6  3
182210 6  3
182211 6  3
182212 6  3
182213 6  3
182214 6  3
182215 6  3
182216 6  3
182217 6  3
182218 6  3
182219 6  3
182220 6  3
182221 6  3
182222 6  3
182223 6  3
182224 6  3
182225 6  3
182226 6  3
182227 6  3
182228 6  3
182229 6  3
182230 6  3
182231 6  3
182232 6  3
182233 6  3
182234 6  3
182235 6  3
182236 6  3
182237 6  3
182238 6  3
182239 6  3
182240 6  3
182241 6  3
182242 6  3
182243 6  3
182244 6  3
182245 6  3
182246 6  3
182247 6  3
182248 6  3
182249 6  3
182250 6  3
182251 6  3
182252 6  3
182253 6  3
182254 6  3
182255 6  3
182256 6  3
182257 6  3
182258 6  3
182259 6  3
182260 6  3
182261 6  3
182262 6  3
182263 6  3
182264 6  3
182265 6  3
182266 6  3
182267 6  3
182268 6  3
182269 6  3
182270 6  3
182271 6  3
182272 6  3
182273 6  3
182274 6  3
182275 6  3
182276 6  3
182277 6  3
182278 6  3
182279 6  3
182280 6  3
182281 6  3
182282 6  3
182283 6  3
182284 6  3
182285 6  3
182286 6  3
182287 6  3
182288 6  3
182289 6  3
182290 6  3
182291 6  3
182292 6  3
182293 6  3
182294 6  3
182295 6  3
182296 6  3
182297 6  3
182298 6  3
182299 6  3
182300 6  3
182301 6  3
182302 6  3
182303 6  3
182304 6  3
182305 6  3
182306 6  3
182307 6  3
182308 6  3
182309 6  3
182310 6  3
182311 6  3
182312 6  3
182313 6  3
182314 6  3
182315 6  3
182316 6  3
182317 6  3
182318 6  3
182319 6  3
182320 6  3
182321 6  3
182322 6  3
182323 6  3
182324 6  3
182325 6  3
182326 6  3
182327 6  3
182328 6  3
182329 6  3
182330 6  3
182331 6  3
182332 6  3
182333 6  3
182334 6  3
182335 6  3
182336 6  3
182337 6  3
182338 6  3
182339 6  3
182340 6  3
182341 6  3
182342 6  3
182343 6  3
182344 6  3
182345 6  3
182346 6  3
182347 6  3
182348 6  3
182349 6  3
182350 6  3
182351 6  3
182352 6  3
182353 6  3
182354 6  3
182355 6  3
182356 6  3
182357 6  3
182358 6  3
182359 6  3
182360 6  3
182361 6  3
182362 6  3
182363 6  3
182364 6  3
182365 6  3
182366 6  3
182367 6  3
182368 6  3
182369 6  3
182370 6  3
182371 6  3
182372 6  3
182373 6  3
182374 6  3
182375 6  3
182376 6  3
182377 6  3
182378 6  3
182379 6  3
182380 6  3
182381 6  3
182382 6  3
182383 6  3
182384 6  3
182385 6  3
182386 6  3
182387 6  3
182388 6  3
182389 6  3
182390 6  3
182391 6  3
182392 6  3
182393 6  3
182394 6  3
182395 6  3
182396 6  3
182397 6  3
182398 6  3
182399 6  3
182400 6  3
182401 6  3
182402 6  3
182403 6  3
182404 6  3
182405 6  3
182406 6  3
182407 6  3
182408 6  3
182409 6  3
182410 6  3
182411 6  3
182412 6  3
182413 6  3
182414 6  3
182415 6  3
182416 6  3
182417 6  3
182418 6  3
182419 6  3
182420 6  3
182421 6  3
182422 6  3
182423 6  3
182424 6  3
182425 6  3
182426 6  3
182427 6  3
182428 6  3
182429 6  3
182430 6  3
182431 6  3
182432 6  3
182433 6  3
182434 6  3
182435 6  3
182436 6  3
182437 6  3
182438 6  3
182439 6  3
182440 6  3
182441 6  3
182442 6  3
182443 6  3
182444 6  3
182445 6  3
182446 6  3
182447 6  3
182448 6  3
182449 6  3
182450 6  3
182451 6  3
182452 6  3
182453 6  3
182454 6  3
182455 6  3
182456 6  3
182457 6  3
182458 6  3
182459 6  3
182460 6  3
182461 6  3
182462 6  3
182463 6  3
182464 6  3
182465 6  3
182466 6  3
182467 6  3
182468 6  3
182469 6  3
182470 6  3
182471 6  3
182472 6  3
182473 6  3
182474 6  3
182475 6  3
182476 6  3
182477 6  3
182478 6  3
182479 6  3
182480 6  3
182481 6  3
182482 6  3
182483 6  3
182484 6  3
182485 6  3
182486 6  3
182487 6  3
182488 6  3
182489 6  3
182490 6  3
182491 6  3
182492 6  3
182493 6  3
182494 6  3
182495 6  3
182496 6  3
182497 6  3
182498 6  3
182499 6  3
182500 6  3
182501 6  3
182502 6  3
182503 6  3
182504 6  3
182505 6  3
182506 6  3
182507 6  3
182508 6  3
182509 6  3
182510 6  3
182511 6  3
182512 6  3
182513 6  3
182514 6  3
182515 6  3
182516 6  3
182517 6  3
182518 6  3
182519 6  3
182520 6  3
182521 6  3
182522 6  3
182523 6  3
182524 6  3
182525 6  3
182526 6  3
182527 6  3
182528 6  3
182529 6  3
182530 6  3
182531 6  3
182532 6  3
182533 6  3
182534 6  3
182535 6  3
182536 6  3
182537 6  3
182538 6  3
182539 6  3
182540 6  3
182541 6  3
182542 6  3
182543 6  3
182544 6  3
182545 6  3
182546 6  3
182547 6  3
182548 6  3
182549 6  3
182550 6  3
182551 6  3
182552 6  3
182553 6  3
182554 6  3
182555 6  3
182556 6  3
182557 6  3
182558 6  3
182559 6  3
182560 6  3
182561 6  3
182562 6  3
182563 6  3
182564 6  3
182565 6  3
182566 6  3
182567 6  3
182568 6  3
182569 6  3
182570 6  3
182571 6  3
182572 6  3
182573 6  3
182574 6  3
182575 6  3
182576 6  3
182577 6  3
182578 6  3
182579 6  3
182580 6  3
182581 6  3
182582 6  3
182583 6  3
182584 6  3
182585 6  3
182586 6  3
182587 6  3
182588 6  3
182589 6  3
182590 6  3
182591 6  3
182592 6  3
182593 6  3
182594 6  3
182595 6  3
182596 6  3
182597 6  3
182598 6  3
182599 6  3
182600 6  3
182601 6  3
182602 6  3
182603 6  3
182604 6  3
182605 6  3
182606 6  3
182607 6  3
182608 6  3
182609 6  3
182610 6  3
182611 6  3
182612 6  3
182613 6  3
182614 6  3
182615 6  3
182616 6  3
182617 6  3
182618 6  3
182619 6  3
182620 6  3
182621 6  3
182622 6  3
182623 6  3
182624 6  3
182625 6  3
182626 6  3
182627 6  3
182628 6  3
182629 6  3
182630 6  3
182631 6  3
182632 6  3
182633 6  3
182634 6  3
182635 6  3
182636 6  3
182637 6  3
182638 6  3
182639 6  3
182640 6  3
182641 6  3
182642 6  3
182643 6  3
182644 6  3
182645 6  3
182646 6  3
182647 6  3
182648 6  3
182649 6  3
182650 6  3
182651 6  3
182652 6  3
182653 6  3
182654 6  3
182655 6  3
182656 6  3
182657 6  3
182658 6  3
182659 6  3
182660 6  3
182661 6  3
182662 6  3
182663 6  3
182664 6  3
182665 6  3
182666 6  3
182667 6  3
182668 6  3
182669 6  3
182670 6  3
182671 6  3
182672 6  3
182673 6  3
182674 6  3
182675 6  3
182676 6  3
182677 6  3
182678 6  3
182679 6  3
182680 6  3
182681 6  3
182682 6  3
182683 6  3
182684 6  3
182685 6  3
182686 6  3
182687 6  3
182688 6  3
182689 6  3
182690 6  3
182691 6  3
182692 6  3
182693 6  3
182694 6  3
182695 6  3
182696 6  3
182697 6  3
182698 6  3
182699 6  3
182700 6  3
182701 6  3
182702 6  3
182703 6  3
182704 6  3
182705 6  3
182706 6  3
182707 6  3
182708 6  3
182709 6  3
182710 6  3
182711 6  3
182712 6  3
182713 6  3
182714 6  3
182715 6  3
182716 6  3
182717 6  3
182718 6  3
182719 6  3
182720 6  3
182721 6  3
182722 6  3
182723 6  3
182724 6  3
182725 6  3
182726 6  3
182727 6  3
182728 6  3
182729 6  3
182730 6  3
182731 6  3
182732 6  3
182733 6  3
182734 6  3
182735 6  3
182736 6  3
182737 6  3
182738 6  3
182739 6  3
182740 6  3
182741 6  3
182742 6  3
182743 6  3
182744 6  3
182745 6  3
182746 6  3
182747 6  3
182748 6  3
182749 6  3
182750 6  3
182751 6  3
182752 6  3
182753 6  3
182754 6  3
182755 6  3
182756 6  3
182757 6  3
182758 6  3
182759 6  3
182760 6  3
182761 6  3
182762 6  3
182763 6  3
182764 6  3
182765 6  3
182766 6  3
182767 6  3
182768 6  3
182769 6  3
182770 6  3
182771 6  3
182772 6  3
182773 6  3
182774 6  3
182775 6  3
182776 6  3
182777 6  3
182778 6  3
182779 6  3
182780 6  3
182781 6  3
182782 6  3
182783 6  3
182784 6  3
182785 6  3
182786 6  3
182787 6  3
182788 6  3
182789 6  3
182790 6  3
182791 6  3
182792 6  3
182793 6  3
182794 6  3
182795 6  3
182796 6  3
182797 6  3
182798 6  3
182799 6  3
182800 6  3
182801 6  3
182802 6  3
182803 6  3
182804 6  3
182805 6  3
182806 6  3
182807 6  3
182808 6  3
182809 6  3
182810 6  3
182811 6  3
182812 6  3
182813 6  3
182814 6  3
182815 6  3
182816 6  3
182817 6  3
182818 6  3
182819 6  3
182820 6  3
182821 6  3
182822 6  3
182823 6  3
182824 6  3
182825 6  3
182826 6  3
182827 6  3
182828 6  3
182829 6  3
182830 6  3
182831 6  3
182832 6  3
182833 6  3
182834 6  3
182835 6  3
182836 6  3
182837 6  3
182838 6  3
182839 6  3
182840 6  3
182841 6  3
182842 6  3
182843 6  3
182844 6  3
182845 6  3
182846 6  3
182847 6  3
182848 6  3
182849 6  3
182850 6  3
182851 6  3
182852 6  3
182853 6  3
182854 6  3
182855 6  3
182856 6  3
182857 6  3
182858 6  3
182859 6  3
182860 6  3
182861 6  3
182862 6  3
182863 6  3
182864 6  3
182865 6  3
182866 6  3
182867 6  3
182868 6  3
182869 6  3
182870 6  3
182871 6  3
182872 6  3
182873 6  3
182874 6  3
182875 6  3
182876 6  3
182877 6  3
182878 6  3
182879 6  3
182880 6  3
182881 6  3
182882 6  3
182883 6  3
182884 6  3
182885 6  3
182886 6  3
182887 6  3
182888 6  3
182889 6  3
182890 6  3
182891 6  3
182892 6  3
182893 6  3
182894 6  3
182895 6  3
182896 6  3
182897 6  3
182898 6  3
182899 6  3
182900 6  3
182901 6  3
182902 6  3
182903 6  3
182904 6  3
182905 6  3
182906 6  3
182907 6  3
182908 6  3
182909 6  3
182910 6  3
182911 6  3
182912 6  3
182913 6  3
182914 6  3
182915 6  3
182916 6  3
182917 6  3
182918 6  3
182919 6  3
182920 6  3
182921 6  3
182922 6  3
182923 6  3
182924 6  3
182925 6  3
182926 6  3
182927 6  3
182928 6  3
182929 6  3
182930 6  3
182931 6  3
182932 6  3
182933 6  3
182934 6  3
182935 6  3
182936 6  3
182937 6  3
182938 6  3
182939 6  3
182940 6  3
182941 6  3
182942 6  3
182943 6  3
182944 6  3
182945 6  3
182946 6  3
182947 6  3
182948 6  3
182949 6  3
182950 6  3
182951 6  3
182952 6  3
182953 6  3
182954 6  3
182955 6  3
182956 6  3
182957 6  3
182958 6  3
182959 6  3
182960 6  3
182961 6  3
182962 6  3
182963 6  3
182964 6  3
182965 6  3
182966 6  3
182967 6  3
182968 6  3
182969 6  3
182970 6  3
182971 6  3
182972 6  3
182973 6  3
182974 6  3
182975 6  3
182976 6  3
182977 6  3
182978 6  3
182979 6  3
182980 6  3
182981 6  3
182982 6  3
182983 6  3
182984 6  3
182985 6  3
182986 6  3
182987 6  3
182988 6  3
182989 6  3
182990 6  3
182991 6  3
182992 6  3
182993 6  3
182994 6  3
182995 6  3
182996 6  3
182997 6  3
182998 6  3
182999 6  3
183000 6  3
183001 6  3
183002 6  3
183003 6  3
183004 6  3
183005 6  3
183006 6  3
183007 6  3
183008 6  3
183009 6  3
183010 6  3
183011 6  3
183012 6  3
183013 6  3
183014 6  3
183015 6  3
183016 6  3
183017 6  3
183018 6  3
183019 6  3
183020 6  3
183021 6  3
183022 6  3
183023 6  3
183024 6  3
183025 6  3
183026 6  3
183027 6  3
183028 6  3
183029 6  3
183030 6  3
183031 6  3
183032 6  3
183033 6  3
183034 6  3
183035 6  3
183036 6  3
183037 6  3
183038 6  3
183039 6  3
183040 6  3
183041 6  3
183042 6  3
183043 6  3
183044 6  3
183045 6  3
183046 6  3
183047 6  3
183048 6  3
183049 6  3
183050 6  3
183051 6  3
183052 6  3
183053 6  3
183054 6  3
183055 6  3
183056 6  3
183057 6  3
183058 6  3
183059 6  3
183060 6  3
183061 6  3
183062 6  3
183063 6  3
183064 6  3
183065 6  3
183066 6  3
183067 6  3
183068 6  3
183069 6  3
183070 6  3
183071 6  3
183072 6  3
183073 6  3
183074 6  3
183075 6  3
183076 6  3
183077 6  3
183078 6  3
183079 6  3
183080 6  3
183081 6  3
183082 6  3
183083 6  3
183084 6  3
183085 6  3
183086 6  3
183087 6  3
183088 6  3
183089 6  3
183090 6  3
183091 6  3
183092 6  3
183093 6  3
183094 6  3
183095 6  3
183096 6  3
183097 6  3
183098 6  3
183099 6  3
183100 6  3
183101 6  3
183102 6  3
183103 6  3
183104 6  3
183105 6  3
183106 6  3
183107 6  3
183108 6  3
183109 6  3
183110 6  3
183111 6  3
183112 6  3
183113 6  3
183114 6  3
183115 6  3
183116 6  3
183117 6  3
183118 6  3
183119 6  3
183120 6  3
183121 6  3
183122 6  3
183123 6  3
183124 6  3
183125 6  3
183126 6  3
183127 6  3
183128 6  3
183129 6  3
183130 6  3
183131 6  3
183132 6  3
183133 6  3
183134 6  3
183135 6  3
183136 6  3
183137 6  3
183138 6  3
183139 6  3
183140 6  3
183141 6  3
183142 6  3
183143 6  3
183144 6  3
183145 6  3
183146 6  3
183147 6  3
183148 6  3
183149 6  3
183150 6  3
183151 6  3
183152 6  3
183153 6  3
183154 6  3
183155 6  3
183156 6  3
183157 6  3
183158 6  3
183159 6  3
183160 6  3
183161 6  3
183162 6  3
183163 6  3
183164 6  3
183165 6  3
183166 6  3
183167 6  3
183168 6  3
183169 6  3
183170 6  3
183171 6  3
183172 6  3
183173 6  3
183174 6  3
183175 6  3
183176 6  3
183177 6  3
183178 6  3
183179 6  3
183180 6  3
183181 6  3
183182 6  3
183183 6  3
183184 6  3
183185 6  3
183186 6  3
183187 6  3
183188 6  3
183189 6  3
183190 6  3
183191 6  3
183192 6  3
183193 6  3
183194 6  3
183195 6  3
183196 6  3
183197 6  3
183198 6  3
183199 6  3
183200 6  3
183201 6  3
183202 6  3
183203 6  3
183204 6  3
183205 6  3
183206 6  3
183207 6  3
183208 6  3
183209 6  3
183210 6  3
183211 6  3
183212 6  3
183213 6  3
183214 6  3
183215 6  3
183216 6  3
183217 6  3
183218 6  3
183219 6  3
183220 6  3
183221 6  3
183222 6  3
183223 6  3
183224 6  3
183225 6  3
183226 6  3
183227 6  3
183228 6  3
183229 6  3
183230 6  3
183231 6  3
183232 6  3
183233 6  3
183234 6  3
183235 6  3
183236 6  3
183237 6  3
183238 6  3
183239 6  3
183240 6  3
183241 6  3
183242 6  3
183243 6  3
183244 6  3
183245 6  3
183246 6  3
183247 6  3
183248 6  3
183249 6  3
183250 6  3
183251 6  3
183252 6  3
183253 6  3
183254 6  3
183255 6  3
183256 6  3
183257 6  3
183258 6  3
183259 6  3
183260 6  3
183261 6  3
183262 6  3
183263 6  3
183264 6  3
183265 6  3
183266 6  3
183267 6  3
183268 6  3
183269 6  3
183270 6  3
183271 6  3
183272 6  3
183273 6  3
183274 6  3
183275 6  3
183276 6  3
183277 6  3
183278 6  3
183279 6  3
183280 6  3
183281 6  3
183282 6  3
183283 6  3
183284 6  3
183285 6  3
183286 6  3
183287 6  3
183288 6  3
183289 6  3
183290 6  3
183291 6  3
183292 6  3
183293 6  3
183294 6  3
183295 6  3
183296 6  3
183297 6  3
183298 6  3
183299 6  3
183300 6  3
183301 6  3
183302 6  3
183303 6  3
183304 6  3
183305 6  3
183306 6  3
183307 6  3
183308 6  3
183309 6  3
183310 6  3
183311 6  3
183312 6  3
183313 6  3
183314 6  3
183315 6  3
183316 6  3
183317 6  3
183318 6  3
183319 6  3
183320 6  3
183321 6  3
183322 6  3
183323 6  3
183324 6  3
183325 6  3
183326 6  3
183327 6  3
183328 6  3
183329 6  3
183330 6  3
183331 6  3
183332 6  3
183333 6  3
183334 6  3
183335 6  3
183336 6  3
183337 6  3
183338 6  3
183339 6  3
183340 6  3
183341 6  3
183342 6  3
183343 6  3
183344 6  3
183345 6  3
183346 6  3
183347 6  3
183348 6  3
183349 6  3
183350 6  3
183351 6  3
183352 6  3
183353 6  3
183354 6  3
183355 6  3
183356 6  3
183357 6  3
183358 6  3
183359 6  3
183360 6  3
183361 6  3
183362 6  3
183363 6  3
183364 6  3
183365 6  3
183366 6  3
183367 6  3
183368 6  3
183369 6  3
183370 6  3
183371 6  3
183372 6  3
183373 6  3
183374 6  3
183375 6  3
183376 6  3
183377 6  3
183378 6  3
183379 6  3
183380 6  3
183381 6  3
183382 6  3
183383 6  3
183384 6  3
183385 6  3
183386 6  3
183387 6  3
183388 6  3
183389 6  3
183390 6  3
183391 6  3
183392 6  3
183393 6  3
183394 6  3
183395 6  3
183396 6  3
183397 6  3
183398 6  3
183399 6  3
183400 6  3
183401 6  3
183402 6  3
183403 6  3
183404 6  3
183405 6  3
183406 6  3
183407 6  3
183408 6  3
183409 6  3
183410 6  3
183411 6  3
183412 6  3
183413 6  3
183414 6  3
183415 6  3
183416 6  3
183417 6  3
183418 6  3
183419 6  3
183420 6  3
183421 6  3
183422 6  3
183423 6  3
183424 6  3
183425 6  3
183426 6  3
183427 6  3
183428 6  3
183429 6  3
183430 6  3
183431 6  3
183432 6  3
183433 6  3
183434 6  3
183435 6  3
183436 6  3
183437 6  3
183438 6  3
183439 6  3
183440 6  3
183441 6  3
183442 6  3
183443 6  3
183444 6  3
183445 6  3
183446 6  3
183447 6  3
183448 6  3
183449 6  3
183450 6  3
183451 6  3
183452 6  3
183453 6  3
183454 6  3
183455 6  3
183456 6  3
183457 6  3
183458 6  3
183459 6  3
183460 6  3
183461 6  3
183462 6  3
183463 6  3
183464 6  3
183465 6  3
183466 6  3
183467 6  3
183468 6  3
183469 6  3
183470 6  3
183471 6  3
183472 6  3
183473 6  3
183474 6  3
183475 6  3
183476 6  3
183477 6  3
183478 6  3
183479 6  3
183480 6  3
183481 6  3
183482 6  3
183483 6  3
183484 6  3
183485 6  3
183486 6  3
183487 6  3
183488 6  3
183489 6  3
183490 6  3
183491 6  3
183492 6  3
183493 6  3
183494 6  3
183495 6  3
183496 6  3
183497 6  3
183498 6  3
183499 6  3
183500 6  3
183501 6  3
183502 6  3
183503 6  3
183504 6  3
183505 6  3
183506 6  3
183507 6  3
183508 6  3
183509 6  3
183510 6  3
183511 6  3
183512 6  3
183513 6  3
183514 6  3
183515 6  3
183516 6  3
183517 6  3
183518 6  3
183519 6  3
183520 6  3
183521 6  3
183522 6  3
183523 6  3
183524 6  3
183525 6  3
183526 6  3
183527 6  3
183528 6  3
183529 6  3
183530 6  3
183531 6  3
183532 6  3
183533 6  3
183534 6  3
183535 6  3
183536 6  3
183537 6  3
183538 6  3
183539 6  3
183540 6  3
183541 6  3
183542 6  3
183543 6  3
183544 6  3
183545 6  3
183546 6  3
183547 6  3
183548 6  3
183549 6  3
183550 6  3
183551 6  3
183552 6  3
183553 6  3
183554 6  3
183555 6  3
183556 6  3
183557 6  3
183558 6  3
183559 6  3
183560 6  3
183561 6  3
183562 6  3
183563 6  3
183564 6  3
183565 6  3
183566 6  3
183567 6  3
183568 6  3
183569 6  3
183570 6  3
183571 6  3
183572 6  3
183573 6  3
183574 6  3
183575 6  3
183576 6  3
183577 6  3
183578 6  3
183579 6  3
183580 6  3
183581 6  3
183582 6  3
183583 6  3
183584 6  3
183585 6  3
183586 6  3
183587 6  3
183588 6  3
183589 6  3
183590 6  3
183591 6  3
183592 6  3
183593 6  3
183594 6  3
183595 6  3
183596 6  3
183597 6  3
183598 6  3
183599 6  3
183600 6  3
183601 6  3
183602 6  3
183603 6  3
183604 6  3
183605 6  3
183606 6  3
183607 6  3
183608 6  3
183609 6  3
183610 6  3
183611 6  3
183612 6  3
183613 6  3
183614 6  3
183615 6  3
183616 6  3
183617 6  3
183618 6  3
183619 6  3
183620 6  3
183621 6  3
183622 6  3
183623 6  3
183624 6  3
183625 6  3
183626 6  3
183627 6  3
183628 6  3
183629 6  3
183630 6  3
183631 6  3
183632 6  3
183633 6  3
183634 6  3
183635 6  3
183636 6  3
183637 6  3
183638 6  3
183639 6  3
183640 6  3
183641 6  3
183642 6  3
183643 6  3
183644 6  3
183645 6  3
183646 6  3
183647 6  3
183648 6  3
183649 6  3
183650 6  3
183651 6  3
183652 6  3
183653 6  3
183654 6  3
183655 6  3
183656 6  3
183657 6  3
183658 6  3
183659 6  3
183660 6  3
183661 6  3
183662 6  3
183663 6  3
183664 6  3
183665 6  3
183666 6  3
183667 6  3
183668 6  3
183669 6  3
183670 6  3
183671 6  3
183672 6  3
183673 6  3
183674 6  3
183675 6  3
183676 6  3
183677 6  3
183678 6  3
183679 6  3
183680 6  3
183681 6  3
183682 6  3
183683 6  3
183684 6  3
183685 6  3
183686 6  3
183687 6  3
183688 6  3
183689 6  3
183690 6  3
183691 6  3
183692 6  3
183693 6  3
183694 6  3
183695 6  3
183696 6  3
183697 6  3
183698 6  3
183699 6  3
183700 6  3
183701 6  3
183702 6  3
183703 6  3
183704 6  3
183705 6  3
183706 6  3
183707 6  3
183708 6  3
183709 6  3
183710 6  3
183711 6  3
183712 6  3
183713 6  3
183714 6  3
183715 6  3
183716 6  3
183717 6  3
183718 6  3
183719 6  3
183720 6  3
183721 6  3
183722 6  3
183723 6  3
183724 6  3
183725 6  3
183726 6  3
183727 6  3
183728 6  3
183729 6  3
183730 6  3
183731 6  3
183732 6  3
183733 6  3
183734 6  3
183735 6  3
183736 6  3
183737 6  3
183738 6  3
183739 6  3
183740 6  3
183741 6  3
183742 6  3
183743 6  3
183744 6  3
183745 6  3
183746 6  3
183747 6  3
183748 6  3
183749 6  3
183750 6  3
183751 6  3
183752 6  3
183753 6  3
183754 6  3
183755 6  3
183756 6  3
183757 6  3
183758 6  3
183759 6  3
183760 6  3
183761 6  3
183762 6  3
183763 6  3
183764 6  3
183765 6  3
183766 6  3
183767 6  3
183768 6  3
183769 6  3
183770 6  3
183771 6  3
183772 6  3
183773 6  3
183774 6  3
183775 6  3
183776 6  3
183777 6  3
183778 6  3
183779 6  3
183780 6  3
183781 6  3
183782 6  3
183783 6  3
183784 6  3
183785 6  3
183786 6  3
183787 6  3
183788 6  3
183789 6  3
183790 6  3
183791 6  3
183792 6  3
183793 6  3
183794 6  3
183795 6  3
183796 6  3
183797 6  3
183798 6  3
183799 6  3
183800 6  3
183801 6  3
183802 6  3
183803 6  3
183804 6  3
183805 6  3
183806 6  3
183807 6  3
183808 6  3
183809 6  3
183810 6  3
183811 6  3
183812 6  3
183813 6  3
183814 6  3
183815 6  3
183816 6  3
183817 6  3
183818 6  3
183819 6  3
183820 6  3
183821 6  3
183822 6  3
183823 6  3
183824 6  3
183825 6  3
183826 6  3
183827 6  3
183828 6  3
183829 6  3
183830 6  3
183831 6  3
183832 6  3
183833 6  3
183834 6  3
183835 6  3
183836 6  3
183837 6  3
183838 6  3
183839 6  3
183840 6  3
183841 6  3
183842 6  3
183843 6  3
183844 6  3
183845 6  3
183846 6  3
183847 6  3
183848 6  3
183849 6  3
183850 6  3
183851 6  3
183852 6  3
183853 6  3
183854 6  3
183855 6  3
183856 6  3
183857 6  3
183858 6  3
183859 6  3
183860 6  3
183861 6  3
183862 6  3
183863 6  3
183864 6  3
183865 6  3
183866 6  3
183867 6  3
183868 6  3
183869 6  3
183870 6  3
183871 6  3
183872 6  3
183873 6  3
183874 6  3
183875 6  3
183876 6  3
183877 6  3
183878 6  3
183879 6  3
183880 6  3
183881 6  3
183882 6  3
183883 6  3
183884 6  3
183885 6  3
183886 6  3
183887 6  3
183888 6  3
183889 6  3
183890 6  3
183891 6  3
183892 6  3
183893 6  3
183894 6  3
183895 6  3
183896 6  3
183897 6  3
183898 6  3
183899 6  3
183900 6  3
183901 6  3
183902 6  3
183903 6  3
183904 6  3
183905 6  3
183906 6  3
183907 6  3
183908 6  3
183909 6  3
183910 6  3
183911 6  3
183912 6  3
183913 6  3
183914 6  3
183915 6  3
183916 6  3
183917 6  3
183918 6  3
183919 6  3
183920 6  3
183921 6  3
183922 6  3
183923 6  3
183924 6  3
183925 6  3
183926 6  3
183927 6  3
183928 6  3
183929 6  3
183930 6  3
183931 6  3
183932 6  3
183933 6  3
183934 6  3
183935 6  3
183936 6  3
183937 6  3
183938 6  3
183939 6  3
183940 6  3
183941 6  3
183942 6  3
183943 6  3
183944 6  3
183945 6  3
183946 6  3
183947 6  3
183948 6  3
183949 6  3
183950 6  3
183951 6  3
183952 6  3
183953 6  3
183954 6  3
183955 6  3
183956 6  3
183957 6  3
183958 6  3
183959 6  3
183960 6  3
183961 6  3
183962 6  3
183963 6  3
183964 6  3
183965 6  3
183966 6  3
183967 6  3
183968 6  3
183969 6  3
183970 6  3
183971 6  3
183972 6  3
183973 6  3
183974 6  3
183975 6  3
183976 6  3
183977 6  3
183978 6  3
183979 6  3
183980 6  3
183981 6  3
183982 6  3
183983 6  3
183984 6  3
183985 6  3
183986 6  3
183987 6  3
183988 6  3
183989 6  3
183990 6  3
183991 6  3
183992 6  3
183993 6  3
183994 6  3
183995 6  3
183996 6  3
183997 6  3
183998 6  3
183999 6  3
184000 6  3
184001 6  3
184002 6  3
184003 6  3
184004 6  3
184005 6  3
184006 6  3
184007 6  3
184008 6  3
184009 6  3
184010 6  3
184011 6  3
184012 6  3
184013 6  3
184014 6  3
184015 6  3
184016 6  3
184017 6  3
184018 6  3
184019 6  3
184020 6  3
184021 6  3
184022 6  3
184023 6  3
184024 6  3
184025 6  3
184026 6  3
184027 6  3
184028 6  3
184029 6  3
184030 6  3
184031 6  3
184032 6  3
184033 6  3
184034 6  3
184035 6  3
184036 6  3
184037 6  3
184038 6  3
184039 6  3
184040 6  3
184041 6  3
184042 6  3
184043 6  3
184044 6  3
184045 6  3
184046 6  3
184047 6  3
184048 6  3
184049 6  3
184050 6  3
184051 6  3
184052 6  3
184053 6  3
184054 6  3
184055 6  3
184056 6  3
184057 6  3
184058 6  3
184059 6  3
184060 6  3
184061 6  3
184062 6  3
184063 6  3
184064 6  3
184065 6  3
184066 6  3
184067 6  3
184068 6  3
184069 6  3
184070 6  3
184071 6  3
184072 6  3
184073 6  3
184074 6  3
184075 6  3
184076 6  3
184077 6  3
184078 6  3
184079 6  3
184080 6  3
184081 6  3
184082 6  3
184083 6  3
184084 6  3
184085 6  3
184086 6  3
184087 6  3
184088 6  3
184089 6  3
184090 6  3
184091 6  3
184092 6  3
184093 6  3
184094 6  3
184095 6  3
184096 6  3
184097 6  3
184098 6  3
184099 6  3
184100 6  3
184101 6  3
184102 6  3
184103 6  3
184104 6  3
184105 6  3
184106 6  3
184107 6  3
184108 6  3
184109 6  3
184110 6  3
184111 6  3
184112 6  3
184113 6  3
184114 6  3
184115 6  3
184116 6  3
184117 6  3
184118 6  3
184119 6  3
184120 6  3
184121 6  3
184122 6  3
184123 6  3
184124 6  3
184125 6  3
184126 6  3
184127 6  3
184128 6  3
184129 6  3
184130 6  3
184131 6  3
184132 6  3
184133 6  3
184134 6  3
184135 6  3
184136 6  3
184137 6  3
184138 6  3
184139 6  3
184140 6  3
184141 6  3
184142 6  3
184143 6  3
184144 6  3
184145 6  3
184146 6  3
184147 6  3
184148 6  3
184149 6  3
184150 6  3
184151 6  3
184152 6  3
184153 6  3
184154 6  3
184155 6  3
184156 6  3
184157 6  3
184158 6  3
184159 6  3
184160 6  3
184161 6  3
184162 6  3
184163 6  3
184164 6  3
184165 6  3
184166 6  3
184167 6  3
184168 6  3
184169 6  3
184170 6  3
184171 6  3
184172 6  3
184173 6  3
184174 6  3
184175 6  3
184176 6  3
184177 6  3
184178 6  3
184179 6  3
184180 6  3
184181 6  3
184182 6  3
184183 6  3
184184 6  3
184185 6  3
184186 6  3
184187 6  3
184188 6  3
184189 6  3
184190 6  3
184191 6  3
184192 6  3
184193 6  3
184194 6  3
184195 6  3
184196 6  3
184197 6  3
184198 6  3
184199 6  3
184200 6  3
184201 6  3
184202 6  3
184203 6  3
184204 6  3
184205 6  3
184206 6  3
184207 6  3
184208 6  3
184209 6  3
184210 6  3
184211 6  3
184212 6  3
184213 6  3
184214 6  3
184215 6  3
184216 6  3
184217 6  3
184218 6  3
184219 6  3
184220 6  3
184221 6  3
184222 6  3
184223 6  3
184224 6  3
184225 6  3
184226 6  3
184227 6  3
184228 6  3
184229 6  3
184230 6  3
184231 6  3
184232 6  3
184233 6  3
184234 6  3
184235 6  3
184236 6  3
184237 6  3
184238 6  3
184239 6  3
184240 6  3
184241 6  3
184242 6  3
184243 6  3
184244 6  3
184245 6  3
184246 6  3
184247 6  3
184248 6  3
184249 6  3
184250 6  3
184251 6  3
184252 6  3
184253 6  3
184254 6  3
184255 6  3
184256 6  3
184257 6  3
184258 6  3
184259 6  3
184260 6  3
184261 6  3
184262 6  3
184263 6  3
184264 6  3
184265 6  3
184266 6  3
184267 6  3
184268 6  3
184269 6  3
184270 6  3
184271 6  3
184272 6  3
184273 6  3
184274 6  3
184275 6  3
184276 6  3
184277 6  3
184278 6  3
184279 6  3
184280 6  3
184281 6  3
184282 6  3
184283 6  3
184284 6  3
184285 6  3
184286 6  3
184287 6  3
184288 6  3
184289 6  3
184290 6  3
184291 6  3
184292 6  3
184293 6  3
184294 6  3
184295 6  3
184296 6  3
184297 6  3
184298 6  3
184299 6  3
184300 6  3
184301 6  3
184302 6  3
184303 6  3
184304 6  3
184305 6  3
184306 6  3
184307 6  3
184308 6  3
184309 6  3
184310 6  3
184311 6  3
184312 6  3
184313 6  3
184314 6  3
184315 6  3
184316 6  3
184317 6  3
184318 6  3
184319 6  3
184320 6  3
184321 6  3
184322 6  3
184323 6  3
184324 6  3
184325 6  3
184326 6  3
184327 6  3
184328 6  3
184329 6  3
184330 6  3
184331 6  3
184332 6  3
184333 6  3
184334 6  3
184335 6  3
184336 6  3
184337 6  3
184338 6  3
184339 6  3
184340 6  3
184341 6  3
184342 6  3
184343 6  3
184344 6  3
184345 6  3
184346 6  3
184347 6  3
184348 6  3
184349 6  3
184350 6  3
184351 6  3
184352 6  3
184353 6  3
184354 6  3
184355 6  3
184356 6  3
184357 6  3
184358 6  3
184359 6  3
184360 6  3
184361 6  3
184362 6  3
184363 6  3
184364 6  3
184365 6  3
184366 6  3
184367 6  3
184368 6  3
184369 6  3
184370 6  3
184371 6  3
184372 6  3
184373 6  3
184374 6  3
184375 6  3
184376 6  3
184377 6  3
184378 6  3
184379 6  3
184380 6  3
184381 6  3
184382 6  3
184383 6  3
184384 6  3
184385 6  3
184386 6  3
184387 6  3
184388 6  3
184389 6  3
184390 6  3
184391 6  3
184392 6  3
184393 6  3
184394 6  3
184395 6  3
184396 6  3
184397 6  3
184398 6  3
184399 6  3
184400 6  3
184401 6  3
184402 6  3
184403 6  3
184404 6  3
184405 6  3
184406 6  3
184407 6  3
184408 6  3
184409 6  3
184410 6  3
184411 6  3
184412 6  3
184413 6  3
184414 6  3
184415 6  3
184416 6  3
184417 6  3
184418 6  3
184419 6  3
184420 6  3
184421 6  3
184422 6  3
184423 6  3
184424 6  3
184425 6  3
184426 6  3
184427 6  3
184428 6  3
184429 6  3
184430 6  3
184431 6  3
184432 6  3
184433 6  3
184434 6  3
184435 6  3
184436 6  3
184437 6  3
184438 6  3
184439 6  3
184440 6  3
184441 6  3
184442 6  3
184443 6  3
184444 6  3
184445 6  3
184446 6  3
184447 6  3
184448 6  3
184449 6  3
184450 6  3
184451 6  3
184452 6  3
184453 6  3
184454 6  3
184455 6  3
184456 6  3
184457 6  3
184458 6  3
184459 6  3
184460 6  3
184461 6  3
184462 6  3
184463 6  3
184464 6  3
184465 6  3
184466 6  3
184467 6  3
184468 6  3
184469 6  3
184470 6  3
184471 6  3
184472 6  3
184473 6  3
184474 6  3
184475 6  3
184476 6  3
184477 6  3
184478 6  3
184479 6  3
184480 6  3
184481 6  3
184482 6  3
184483 6  3
184484 6  3
184485 6  3
184486 6  3
184487 6  3
184488 6  3
184489 6  3
184490 6  3
184491 6  3
184492 6  3
184493 6  3
184494 6  3
184495 6  3
184496 6  3
184497 6  3
184498 6  3
184499 6  3
184500 6  3
184501 6  3
184502 6  3
184503 6  3
184504 6  3
184505 6  3
184506 6  3
184507 6  3
184508 6  3
184509 6  3
184510 6  3
184511 6  3
184512 6  3
184513 6  3
184514 6  3
184515 6  3
184516 6  3
184517 6  3
184518 6  3
184519 6  3
184520 6  3
184521 6  3
184522 6  3
184523 6  3
184524 6  3
184525 6  3
184526 6  3
184527 6  3
184528 6  3
184529 6  3
184530 6  3
184531 6  3
184532 6  3
184533 6  3
184534 6  3
184535 6  3
184536 6  3
184537 6  3
184538 6  3
184539 6  3
184540 6  3
184541 6  3
184542 6  3
184543 6  3
184544 6  3
184545 6  3
184546 6  3
184547 6  3
184548 6  3
184549 6  3
184550 6  3
184551 6  3
184552 6  3
184553 6  3
184554 6  3
184555 6  3
184556 6  3
184557 6  3
184558 6  3
184559 6  3
184560 6  3
184561 6  3
184562 6  3
184563 6  3
184564 6  3
184565 6  3
184566 6  3
184567 6  3
184568 6  3
184569 6  3
184570 6  3
184571 6  3
184572 6  3
184573 6  3
184574 6  3
184575 6  3
184576 6  3
184577 6  3
184578 6  3
184579 6  3
184580 6  3
184581 6  3
184582 6  3
184583 6  3
184584 6  3
184585 6  3
184586 6  3
184587 6  3
184588 6  3
184589 6  3
184590 6  3
184591 6  3
184592 6  3
184593 6  3
184594 6  3
184595 6  3
184596 6  3
184597 6  3
184598 6  3
184599 6  3
184600 6  3
184601 6  3
184602 6  3
184603 6  3
184604 6  3
184605 6  3
184606 6  3
184607 6  3
184608 6  3
184609 6  3
184610 6  3
184611 6  3
184612 6  3
184613 6  3
184614 6  3
184615 6  3
184616 6  3
184617 6  3
184618 6  3
184619 6  3
184620 6  3
184621 6  3
184622 6  3
184623 6  3
184624 6  3
184625 6  3
184626 6  3
184627 6  3
184628 6  3
184629 6  3
184630 6  3
184631 6  3
184632 6  3
184633 6  3
184634 6  3
184635 6  3
184636 6  3
184637 6  3
184638 6  3
184639 6  3
184640 6  3
184641 6  3
184642 6  3
184643 6  3
184644 6  3
184645 6  3
184646 6  3
184647 6  3
184648 6  3
184649 6  3
184650 6  3
184651 6  3
184652 6  3
184653 6  3
184654 6  3
184655 6  3
184656 6  3
184657 6  3
184658 6  3
184659 6  3
184660 6  3
184661 6  3
184662 6  3
184663 6  3
184664 6  3
184665 6  3
184666 6  3
184667 6  3
184668 6  3
184669 6  3
184670 6  3
184671 6  3
184672 6  3
184673 6  3
184674 6  3
184675 6  3
184676 6  3
184677 6  3
184678 6  3
184679 6  3
184680 6  3
184681 6  3
184682 6  3
184683 6  3
184684 6  3
184685 6  3
184686 6  3
184687 6  3
184688 6  3
184689 6  3
184690 6  3
184691 6  3
184692 6  3
184693 6  3
184694 6  3
184695 6  3
184696 6  3
184697 6  3
184698 6  3
184699 6  3
184700 6  3
184701 6  3
184702 6  3
184703 6  3
184704 6  3
184705 6  3
184706 6  3
184707 6  3
184708 6  3
184709 6  3
184710 6  3
184711 6  3
184712 6  3
184713 6  3
184714 6  3
184715 6  3
184716 6  3
184717 6  3
184718 6  3
184719 6  3
184720 6  3
184721 6  3
184722 6  3
184723 6  3
184724 6  3
184725 6  3
184726 6  3
184727 6  3
184728 6  3
184729 6  3
184730 6  3
184731 6  3
184732 6  3
184733 6  3
184734 6  3
184735 6  3
184736 6  3
184737 6  3
184738 6  3
184739 6  3
184740 6  3
184741 6  3
184742 6  3
184743 6  3
184744 6  3
184745 6  3
184746 6  3
184747 6  3
184748 6  3
184749 6  3
184750 6  3
184751 6  3
184752 6  3
184753 6  3
184754 6  3
184755 6  3
184756 6  3
184757 6  3
184758 6  3
184759 6  3
184760 6  3
184761 6  3
184762 6  3
184763 6  3
184764 6  3
184765 6  3
184766 6  3
184767 6  3
184768 6  3
184769 6  3
184770 6  3
184771 6  3
184772 6  3
184773 6  3
184774 6  3
184775 6  3
184776 6  3
184777 6  3
184778 6  3
184779 6  3
184780 6  3
184781 6  3
184782 6  3
184783 6  3
184784 6  3
184785 6  3
184786 6  3
184787 6  3
184788 6  3
184789 6  3
184790 6  3
184791 6  3
184792 6  3
184793 6  3
184794 6  3
184795 6  3
184796 6  3
184797 6  3
184798 6  3
184799 6  3
184800 6  3
184801 6  3
184802 6  3
184803 6  3
184804 6  3
184805 6  3
184806 6  3
184807 6  3
184808 6  3
184809 6  3
184810 6  3
184811 6  3
184812 6  3
184813 6  3
184814 6  3
184815 6  3
184816 6  3
184817 6  3
184818 6  3
184819 6  3
184820 6  3
184821 6  3
184822 6  3
184823 6  3
184824 6  3
184825 6  3
184826 6  3
184827 6  3
184828 6  3
184829 6  3
184830 6  3
184831 6  3
184832 6  3
184833 6  3
184834 6  3
184835 6  3
184836 6  3
184837 6  3
184838 6  3
184839 6  3
184840 6  3
184841 6  3
184842 6  3
184843 6  3
184844 6  3
184845 6  3
184846 6  3
184847 6  3
184848 6  3
184849 6  3
184850 6  3
184851 6  3
184852 6  3
184853 6  3
184854 6  3
184855 6  3
184856 6  3
184857 6  3
184858 6  3
184859 6  3
184860 6  3
184861 6  3
184862 6  3
184863 6  3
184864 6  3
184865 6  3
184866 6  3
184867 6  3
184868 6  3
184869 6  3
184870 6  3
184871 6  3
184872 6  3
184873 6  3
184874 6  3
184875 6  3
184876 6  3
184877 6  3
184878 6  3
184879 6  3
184880 6  3
184881 6  3
184882 6  3
184883 6  3
184884 6  3
184885 6  3
184886 6  3
184887 6  3
184888 6  3
184889 6  3
184890 6  3
184891 6  3
184892 6  3
184893 6  3
184894 6  3
184895 6  3
184896 6  3
184897 6  3
184898 6  3
184899 6  3
184900 6  3
184901 6  3
184902 6  3
184903 6  3
184904 6  3
184905 6  3
184906 6  3
184907 6  3
184908 6  3
184909 6  3
184910 6  3
184911 6  3
184912 6  3
184913 6  3
184914 6  3
184915 6  3
184916 6  3
184917 6  3
184918 6  3
184919 6  3
184920 6  3
184921 6  3
184922 6  3
184923 6  3
184924 6  3
184925 6  3
184926 6  3
184927 6  3
184928 6  3
184929 6  3
184930 6  3
184931 6  3
184932 6  3
184933 6  3
184934 6  3
184935 6  3
184936 6  3
184937 6  3
184938 6  3
184939 6  3
184940 6  3
184941 6  3
184942 6  3
184943 6  3
184944 6  3
184945 6  3
184946 6  3
184947 6  3
184948 6  3
184949 6  3
184950 6  3
184951 6  3
184952 6  3
184953 6  3
184954 6  3
184955 6  3
184956 6  3
184957 6  3
184958 6  3
184959 6  3
184960 6  3
184961 6  3
184962 6  3
184963 6  3
184964 6  3
184965 6  3
184966 6  3
184967 6  3
184968 6  3
184969 6  3
184970 6  3
184971 6  3
184972 6  3
184973 6  3
184974 6  3
184975 6  3
184976 6  3
184977 6  3
184978 6  3
184979 6  3
184980 6  3
184981 6  3
184982 6  3
184983 6  3
184984 6  3
184985 6  3
184986 6  3
184987 6  3
184988 6  3
184989 6  3
184990 6  3
184991 6  3
184992 6  3
184993 6  3
184994 6  3
184995 6  3
184996 6  3
184997 6  3
184998 6  3
184999 6  3
185000 6  3
185001 6  3
185002 6  3
185003 6  3
185004 6  3
185005 6  3
185006 6  3
185007 6  3
185008 6  3
185009 6  3
185010 6  3
185011 6  3
185012 6  3
185013 6  3
185014 6  3
185015 6  3
185016 6  3
185017 6  3
185018 6  3
185019 6  3
185020 6  3
185021 6  3
185022 6  3
185023 6  3
185024 6  3
185025 6  3
185026 6  3
185027 6  3
185028 6  3
185029 6  3
185030 6  3
185031 6  3
185032 6  3
185033 6  3
185034 6  3
185035 6  3
185036 6  3
185037 6  3
185038 6  3
185039 6  3
185040 6  3
185041 6  3
185042 6  3
185043 6  3
185044 6  3
185045 6  3
185046 6  3
185047 6  3
185048 6  3
185049 6  3
185050 6  3
185051 6  3
185052 6  3
185053 6  3
185054 6  3
185055 6  3
185056 6  3
185057 6  3
185058 6  3
185059 6  3
185060 6  3
185061 6  3
185062 6  3
185063 6  3
185064 6  3
185065 6  3
185066 6  3
185067 6  3
185068 6  3
185069 6  3
185070 6  3
185071 6  3
185072 6  3
185073 6  3
185074 6  3
185075 6  3
185076 6  3
185077 6  3
185078 6  3
185079 6  3
185080 6  3
185081 6  3
185082 6  3
185083 6  3
185084 6  3
185085 6  3
185086 6  3
185087 6  3
185088 6  3
185089 6  3
185090 6  3
185091 6  3
185092 6  3
185093 6  3
185094 6  3
185095 6  3
185096 6  3
185097 6  3
185098 6  3
185099 6  3
185100 6  3
185101 6  3
185102 6  3
185103 6  3
185104 6  3
185105 6  3
185106 6  3
185107 6  3
185108 6  3
185109 6  3
185110 6  3
185111 6  3
185112 6  3
185113 6  3
185114 6  3
185115 6  3
185116 6  3
185117 6  3
185118 6  3
185119 6  3
185120 6  3
185121 6  3
185122 6  3
185123 6  3
185124 6  3
185125 6  3
185126 6  3
185127 6  3
185128 6  3
185129 6  3
185130 6  3
185131 6  3
185132 6  3
185133 6  3
185134 6  3
185135 6  3
185136 6  3
185137 6  3
185138 6  3
185139 6  3
185140 6  3
185141 6  3
185142 6  3
185143 6  3
185144 6  3
185145 6  3
185146 6  3
185147 6  3
185148 6  3
185149 6  3
185150 6  3
185151 6  3
185152 6  3
185153 6  3
185154 6  3
185155 6  3
185156 6  3
185157 6  3
185158 6  3
185159 6  3
185160 6  3
185161 6  3
185162 6  3
185163 6  3
185164 6  3
185165 6  3
185166 6  3
185167 6  3
185168 6  3
185169 6  3
185170 6  3
185171 6  3
185172 6  3
185173 6  3
185174 6  3
185175 6  3
185176 6  3
185177 6  3
185178 6  3
185179 6  3
185180 6  3
185181 6  3
185182 6  3
185183 6  3
185184 6  3
185185 6  3
185186 6  3
185187 6  3
185188 6  3
185189 6  3
185190 6  3
185191 6  3
185192 6  3
185193 6  3
185194 6  3
185195 6  3
185196 6  3
185197 6  3
185198 6  3
185199 6  3
185200 6  3
185201 6  3
185202 6  3
185203 6  3
185204 6  3
185205 6  3
185206 6  3
185207 6  3
185208 6  3
185209 6  3
185210 6  3
185211 6  3
185212 6  3
185213 6  3
185214 6  3
185215 6  3
185216 6  3
185217 6  3
185218 6  3
185219 6  3
185220 6  3
185221 6  3
185222 6  3
185223 6  3
185224 6  3
185225 6  3
185226 6  3
185227 6  3
185228 6  3
185229 6  3
185230 6  3
185231 6  3
185232 6  3
185233 6  3
185234 6  3
185235 6  3
185236 6  3
185237 6  3
185238 6  3
185239 6  3
185240 6  3
185241 6  3
185242 6  3
185243 6  3
185244 6  3
185245 6  3
185246 6  3
185247 6  3
185248 6  3
185249 6  3
185250 6  3
185251 6  3
185252 6  3
185253 6  3
185254 6  3
185255 6  3
185256 6  3
185257 6  3
185258 6  3
185259 6  3
185260 6  3
185261 6  3
185262 6  3
185263 6  3
185264 6  3
185265 6  3
185266 6  3
185267 6  3
185268 6  3
185269 6  3
185270 6  3
185271 6  3
185272 6  3
185273 6  3
185274 6  3
185275 6  3
185276 6  3
185277 6  3
185278 6  3
185279 6  3
185280 6  3
185281 6  3
185282 6  3
185283 6  3
185284 6  3
185285 6  3
185286 6  3
185287 6  3
185288 6  3
185289 6  3
185290 6  3
185291 6  3
185292 6  3
185293 6  3
185294 6  3
185295 6  3
185296 6  3
185297 6  3
185298 6  3
185299 6  3
185300 6  3
185301 6  3
185302 6  3
185303 6  3
185304 6  3
185305 6  3
185306 6  3
185307 6  3
185308 6  3
185309 6  3
185310 6  3
185311 6  3
185312 6  3
185313 6  3
185314 6  3
185315 6  3
185316 6  3
185317 6  3
185318 6  3
185319 6  3
185320 6  3
185321 6  3
185322 6  3
185323 6  3
185324 6  3
185325 6  3
185326 6  3
185327 6  3
185328 6  3
185329 6  3
185330 6  3
185331 6  3
185332 6  3
185333 6  3
185334 6  3
185335 6  3
185336 6  3
185337 6  3
185338 6  3
185339 6  3
185340 6  3
185341 6  3
185342 6  3
185343 6  3
185344 6  3
185345 6  3
185346 6  3
185347 6  3
185348 6  3
185349 6  3
185350 6  3
185351 6  3
185352 6  3
185353 6  3
185354 6  3
185355 6  3
185356 6  3
185357 6  3
185358 6  3
185359 6  3
185360 6  3
185361 6  3
185362 6  3
185363 6  3
185364 6  3
185365 6  3
185366 6  3
185367 6  3
185368 6  3
185369 6  3
185370 6  3
185371 6  3
185372 6  3
185373 6  3
185374 6  3
185375 6  3
185376 6  3
185377 6  3
185378 6  3
185379 6  3
185380 6  3
185381 6  3
185382 6  3
185383 6  3
185384 6  3
185385 6  3
185386 6  3
185387 6  3
185388 6  3
185389 6  3
185390 6  3
185391 6  3
185392 6  3
185393 6  3
185394 6  3
185395 6  3
185396 6  3
185397 6  3
185398 6  3
185399 6  3
185400 6  3
185401 6  3
185402 6  3
185403 6  3
185404 6  3
185405 6  3
185406 6  3
185407 6  3
185408 6  3
185409 6  3
185410 6  3
185411 6  3
185412 6  3
185413 6  3
185414 6  3
185415 6  3
185416 6  3
185417 6  3
185418 6  3
185419 6  3
185420 6  3
185421 6  3
185422 6  3
185423 6  3
185424 6  3
185425 6  3
185426 6  3
185427 6  3
185428 6  3
185429 6  3
185430 6  3
185431 6  3
185432 6  3
185433 6  3
185434 6  3
185435 6  3
185436 6  3
185437 6  3
185438 6  3
185439 6  3
185440 6  3
185441 6  3
185442 6  3
185443 6  3
185444 6  3
185445 6  3
185446 6  3
185447 6  3
185448 6  3
185449 6  3
185450 6  3
185451 6  3
185452 6  3
185453 6  3
185454 6  3
185455 6  3
185456 6  3
185457 6  3
185458 6  3
185459 6  3
185460 6  3
185461 6  3
185462 6  3
185463 6  3
185464 6  3
185465 6  3
185466 6  3
185467 6  3
185468 6  3
185469 6  3
185470 6  3
185471 6  3
185472 6  3
185473 6  3
185474 6  3
185475 6  3
185476 6  3
185477 6  3
185478 6  3
185479 6  3
185480 6  3
185481 6  3
185482 6  3
185483 6  3
185484 6  3
185485 6  3
185486 6  3
185487 6  3
185488 6  3
185489 6  3
185490 6  3
185491 6  3
185492 6  3
185493 6  3
185494 6  3
185495 6  3
185496 6  3
185497 6  3
185498 6  3
185499 6  3
185500 6  3
185501 6  3
185502 6  3
185503 6  3
185504 6  3
185505 6  3
185506 6  3
185507 6  3
185508 6  3
185509 6  3
185510 6  3
185511 6  3
185512 6  3
185513 6  3
185514 6  3
185515 6  3
185516 6  3
185517 6  3
185518 6  3
185519 6  3
185520 6  3
185521 6  3
185522 6  3
185523 6  3
185524 6  3
185525 6  3
185526 6  3
185527 6  3
185528 6  3
185529 6  3
185530 6  3
185531 6  3
185532 6  3
185533 6  3
185534 6  3
185535 6  3
185536 6  3
185537 6  3
185538 6  3
185539 6  3
185540 6  3
185541 6  3
185542 6  3
185543 6  3
185544 6  3
185545 6  3
185546 6  3
185547 6  3
185548 6  3
185549 6  3
185550 6  3
185551 6  3
185552 6  3
185553 6  3
185554 6  3
185555 6  3
185556 6  3
185557 6  3
185558 6  3
185559 6  3
185560 6  3
185561 6  3
185562 6  3
185563 6  3
185564 6  3
185565 6  3
185566 6  3
185567 6  3
185568 6  3
185569 6  3
185570 6  3
185571 6  3
185572 6  3
185573 6  3
185574 6  3
185575 6  3
185576 6  3
185577 6  3
185578 6  3
185579 6  3
185580 6  3
185581 6  3
185582 6  3
185583 6  3
185584 6  3
185585 6  3
185586 6  3
185587 6  3
185588 6  3
185589 6  3
185590 6  3
185591 6  3
185592 6  3
185593 6  3
185594 6  3
185595 6  3
185596 6  3
185597 6  3
185598 6  3
185599 6  3
185600 6  3
185601 6  3
185602 6  3
185603 6  3
185604 6  3
185605 6  3
185606 6  3
185607 6  3
185608 6  3
185609 6  3
185610 6  3
185611 6  3
185612 6  3
185613 6  3
185614 6  3
185615 6  3
185616 6  3
185617 6  3
185618 6  3
185619 6  3
185620 6  3
185621 6  3
185622 6  3
185623 6  3
185624 6  3
185625 6  3
185626 6  3
185627 6  3
185628 6  3
185629 6  3
185630 6  3
185631 6  3
185632 6  3
185633 6  3
185634 6  3
185635 6  3
185636 6  3
185637 6  3
185638 6  3
185639 6  3
185640 6  3
185641 6  3
185642 6  3
185643 6  3
185644 6  3
185645 6  3
185646 6  3
185647 6  3
185648 6  3
185649 6  3
185650 6  3
185651 6  3
185652 6  3
185653 6  3
185654 6  3
185655 6  3
185656 6  3
185657 6  3
185658 6  3
185659 6  3
185660 6  3
185661 6  3
185662 6  3
185663 6  3
185664 6  3
185665 6  3
185666 6  3
185667 6  3
185668 6  3
185669 6  3
185670 6  3
185671 6  3
185672 6  3
185673 6  3
185674 6  3
185675 6  3
185676 6  3
185677 6  3
185678 6  3
185679 6  3
185680 6  3
185681 6  3
185682 6  3
185683 6  3
185684 6  3
185685 6  3
185686 6  3
185687 6  3
185688 6  3
185689 6  3
185690 6  3
185691 6  3
185692 6  3
185693 6  3
185694 6  3
185695 6  3
185696 6  3
185697 6  3
185698 6  3
185699 6  3
185700 6  3
185701 6  3
185702 6  3
185703 6  3
185704 6  3
185705 6  3
185706 6  3
185707 6  3
185708 6  3
185709 6  3
185710 6  3
185711 6  3
185712 6  3
185713 6  3
185714 6  3
185715 6  3
185716 6  3
185717 6  3
185718 6  3
185719 6  3
185720 6  3
185721 6  3
185722 6  3
185723 6  3
185724 6  3
185725 6  3
185726 6  3
185727 6  3
185728 6  3
185729 6  3
185730 6  3
185731 6  3
185732 6  3
185733 6  3
185734 6  3
185735 6  3
185736 6  3
185737 6  3
185738 6  3
185739 6  3
185740 6  3
185741 6  3
185742 6  3
185743 6  3
185744 6  3
185745 6  3
185746 6  3
185747 6  3
185748 6  3
185749 6  3
185750 6  3
185751 6  3
185752 6  3
185753 6  3
185754 6  3
185755 6  3
185756 6  3
185757 6  3
185758 6  3
185759 6  3
185760 6  3
185761 6  3
185762 6  3
185763 6  3
185764 6  3
185765 6  3
185766 6  3
185767 6  3
185768 6  3
185769 6  3
185770 6  3
185771 6  3
185772 6  3
185773 6  3
185774 6  3
185775 6  3
185776 6  3
185777 6  3
185778 6  3
185779 6  3
185780 6  3
185781 6  3
185782 6  3
185783 6  3
185784 6  3
185785 6  3
185786 6  3
185787 6  3
185788 6  3
185789 6  3
185790 6  3
185791 6  3
185792 6  3
185793 6  3
185794 6  3
185795 6  3
185796 6  3
185797 6  3
185798 6  3
185799 6  3
185800 6  3
185801 6  3
185802 6  3
185803 6  3
185804 6  3
185805 6  3
185806 6  3
185807 6  3
185808 6  3
185809 6  3
185810 6  3
185811 6  3
185812 6  3
185813 6  3
185814 6  3
185815 6  3
185816 6  3
185817 6  3
185818 6  3
185819 6  3
185820 6  3
185821 6  3
185822 6  3
185823 6  3
185824 6  3
185825 6  3
185826 6  3
185827 6  3
185828 6  3
185829 6  3
185830 6  3
185831 6  3
185832 6  3
185833 6  3
185834 6  3
185835 6  3
185836 6  3
185837 6  3
185838 6  3
185839 6  3
185840 6  3
185841 6  3
185842 6  3
185843 6  3
185844 6  3
185845 6  3
185846 6  3
185847 6  3
185848 6  3
185849 6  3
185850 6  3
185851 6  3
185852 6  3
185853 6  3
185854 6  3
185855 6  3
185856 6  3
185857 6  3
185858 6  3
185859 6  3
185860 6  3
185861 6  3
185862 6  3
185863 6  3
185864 6  3
185865 6  3
185866 6  3
185867 6  3
185868 6  3
185869 6  3
185870 6  3
185871 6  3
185872 6  3
185873 6  3
185874 6  3
185875 6  3
185876 6  3
185877 6  3
185878 6  3
185879 6  3
185880 6  3
185881 6  3
185882 6  3
185883 6  3
185884 6  3
185885 6  3
185886 6  3
185887 6  3
185888 6  3
185889 6  3
185890 6  3
185891 6  3
185892 6  3
185893 6  3
185894 6  3
185895 6  3
185896 6  3
185897 6  3
185898 6  3
185899 6  3
185900 6  3
185901 6  3
185902 6  3
185903 6  3
185904 6  3
185905 6  3
185906 6  3
185907 6  3
185908 6  3
185909 6  3
185910 6  3
185911 6  3
185912 6  3
185913 6  3
185914 6  3
185915 6  3
185916 6  3
185917 6  3
185918 6  3
185919 6  3
185920 6  3
185921 6  3
185922 6  3
185923 6  3
185924 6  3
185925 6  3
185926 6  3
185927 6  3
185928 6  3
185929 6  3
185930 6  3
185931 6  3
185932 6  3
185933 6  3
185934 6  3
185935 6  3
185936 6  3
185937 6  3
185938 6  3
185939 6  3
185940 6  3
185941 6  3
185942 6  3
185943 6  3
185944 6  3
185945 6  3
185946 6  3
185947 6  3
185948 6  3
185949 6  3
185950 6  3
185951 6  3
185952 6  3
185953 6  3
185954 6  3
185955 6  3
185956 6  3
185957 6  3
185958 6  3
185959 6  3
185960 6  3
185961 6  3
185962 6  3
185963 6  3
185964 6  3
185965 6  3
185966 6  3
185967 6  3
185968 6  3
185969 6  3
185970 6  3
185971 6  3
185972 6  3
185973 6  3
185974 6  3
185975 6  3
185976 6  3
185977 6  3
185978 6  3
185979 6  3
185980 6  3
185981 6  3
185982 6  3
185983 6  3
185984 6  3
185985 6  3
185986 6  3
185987 6  3
185988 6  3
185989 6  3
185990 6  3
185991 6  3
185992 6  3
185993 6  3
185994 6  3
185995 6  3
185996 6  3
185997 6  3
185998 6  3
185999 6  3
186000 6  3
186001 6  3
186002 6  3
186003 6  3
186004 6  3
186005 6  3
186006 6  3
186007 6  3
186008 6  3
186009 6  3
186010 6  3
186011 6  3
186012 6  3
186013 6  3
186014 6  3
186015 6  3
186016 6  3
186017 6  3
186018 6  3
186019 6  3
186020 6  3
186021 6  3
186022 6  3
186023 6  3
186024 6  3
186025 6  3
186026 6  3
186027 6  3
186028 6  3
186029 6  3
186030 6  3
186031 6  3
186032 6  3
186033 6  3
186034 6  3
186035 6  3
186036 6  3
186037 6  3
186038 6  3
186039 6  3
186040 6  3
186041 6  3
186042 6  3
186043 6  3
186044 6  3
186045 6  3
186046 6  3
186047 6  3
186048 6  3
186049 6  3
186050 6  3
186051 6  3
186052 6  3
186053 6  3
186054 6  3
186055 6  3
186056 6  3
186057 6  3
186058 6  3
186059 6  3
186060 6  3
186061 6  3
186062 6  3
186063 6  3
186064 6  3
186065 6  3
186066 6  3
186067 6  3
186068 6  3
186069 6  3
186070 6  3
186071 6  3
186072 6  3
186073 6  3
186074 6  3
186075 6  3
186076 6  3
186077 6  3
186078 6  3
186079 6  3
186080 6  3
186081 6  3
186082 6  3
186083 6  3
186084 6  3
186085 6  3
186086 6  3
186087 6  3
186088 6  3
186089 6  3
186090 6  3
186091 6  3
186092 6  3
186093 6  3
186094 6  3
186095 6  3
186096 6  3
186097 6  3
186098 6  3
186099 6  3
186100 6  3
186101 6  3
186102 6  3
186103 6  3
186104 6  3
186105 6  3
186106 6  3
186107 6  3
186108 6  3
186109 6  3
186110 6  3
186111 6  3
186112 6  3
186113 6  3
186114 6  3
186115 6  3
186116 6  3
186117 6  3
186118 6  3
186119 6  3
186120 6  3
186121 6  3
186122 6  3
186123 6  3
186124 6  3
186125 6  3
186126 6  3
186127 6  3
186128 6  3
186129 6  3
186130 6  3
186131 6  3
186132 6  3
186133 6  3
186134 6  3
186135 6  3
186136 6  3
186137 6  3
186138 6  3
186139 6  3
186140 6  3
186141 6  3
186142 6  3
186143 6  3
186144 6  3
186145 6  3
186146 6  3
186147 6  3
186148 6  3
186149 6  3
186150 6  3
186151 6  3
186152 6  3
186153 6  3
186154 6  3
186155 6  3
186156 6  3
186157 6  3
186158 6  3
186159 6  3
186160 6  3
186161 6  3
186162 6  3
186163 6  3
186164 6  3
186165 6  3
186166 6  3
186167 6  3
186168 6  3
186169 6  3
186170 6  3
186171 6  3
186172 6  3
186173 6  3
186174 6  3
186175 6  3
186176 6  3
186177 6  3
186178 6  3
186179 6  3
186180 6  3
186181 6  3
186182 6  3
186183 6  3
186184 6  3
186185 6  3
186186 6  3
186187 6  3
186188 6  3
186189 6  3
186190 6  3
186191 6  3
186192 6  3
186193 6  3
186194 6  3
186195 6  3
186196 6  3
186197 6  3
186198 6  3
186199 6  3
186200 6  3
186201 6  3
186202 6  3
186203 6  3
186204 6  3
186205 6  3
186206 6  3
186207 6  3
186208 6  3
186209 6  3
186210 6  3
186211 6  3
186212 6  3
186213 6  3
186214 6  3
186215 6  3
186216 6  3
186217 6  3
186218 6  3
186219 6  3
186220 6  3
186221 6  3
186222 6  3
186223 6  3
186224 6  3
186225 6  3
186226 6  3
186227 6  3
186228 6  3
186229 6  3
186230 6  3
186231 6  3
186232 6  3
186233 6  3
186234 6  3
186235 6  3
186236 6  3
186237 6  3
186238 6  3
186239 6  3
186240 6  3
186241 6  3
186242 6  3
186243 6  3
186244 6  3
186245 6  3
186246 6  3
186247 6  3
186248 6  3
186249 6  3
186250 6  3
186251 6  3
186252 6  3
186253 6  3
186254 6  3
186255 6  3
186256 6  3
186257 6  3
186258 6  3
186259 6  3
186260 6  3
186261 6  3
186262 6  3
186263 6  3
186264 6  3
186265 6  3
186266 6  3
186267 6  3
186268 6  3
186269 6  3
186270 6  3
186271 6  3
186272 6  3
186273 6  3
186274 6  3
186275 6  3
186276 6  3
186277 6  3
186278 6  3
186279 6  3
186280 6  3
186281 6  3
186282 6  3
186283 6  3
186284 6  3
186285 6  3
186286 6  3
186287 6  3
186288 6  3
186289 6  3
186290 6  3
186291 6  3
186292 6  3
186293 6  3
186294 6  3
186295 6  3
186296 6  3
186297 6  3
186298 6  3
186299 6  3
186300 6  3
186301 6  3
186302 6  3
186303 6  3
186304 6  3
186305 6  3
186306 6  3
186307 6  3
186308 6  3
186309 6  3
186310 6  3
186311 6  3
186312 6  3
186313 6  3
186314 6  3
186315 6  3
186316 6  3
186317 6  3
186318 6  3
186319 6  3
186320 6  3
186321 6  3
186322 6  3
186323 6  3
186324 6  3
186325 6  3
186326 6  3
186327 6  3
186328 6  3
186329 6  3
186330 6  3
186331 6  3
186332 6  3
186333 6  3
186334 6  3
186335 6  3
186336 6  3
186337 6  3
186338 6  3
186339 6  3
186340 6  3
186341 6  3
186342 6  3
186343 6  3
186344 6  3
186345 6  3
186346 6  3
186347 6  3
186348 6  3
186349 6  3
186350 6  3
186351 6  3
186352 6  3
186353 6  3
186354 6  3
186355 6  3
186356 6  3
186357 6  3
186358 6  3
186359 6  3
186360 6  3
186361 6  3
186362 6  3
186363 6  3
186364 6  3
186365 6  3
186366 6  3
186367 6  3
186368 6  3
186369 6  3
186370 6  3
186371 6  3
186372 6  3
186373 6  3
186374 6  3
186375 6  3
186376 6  3
186377 6  3
186378 6  3
186379 6  3
186380 6  3
186381 6  3
186382 6  3
186383 6  3
186384 6  3
186385 6  3
186386 6  3
186387 6  3
186388 6  3
186389 6  3
186390 6  3
186391 6  3
186392 6  3
186393 6  3
186394 6  3
186395 6  3
186396 6  3
186397 6  3
186398 6  3
186399 6  3
186400 6  3
186401 6  3
186402 6  3
186403 6  3
186404 6  3
186405 6  3
186406 6  3
186407 6  3
186408 6  3
186409 6  3
186410 6  3
186411 6  3
186412 6  3
186413 6  3
186414 6  3
186415 6  3
186416 6  3
186417 6  3
186418 6  3
186419 6  3
186420 6  3
186421 6  3
186422 6  3
186423 6  3
186424 6  3
186425 6  3
186426 6  3
186427 6  3
186428 6  3
186429 6  3
186430 6  3
186431 6  3
186432 6  3
186433 6  3
186434 6  3
186435 6  3
186436 6  3
186437 6  3
186438 6  3
186439 6  3
186440 6  3
186441 6  3
186442 6  3
186443 6  3
186444 6  3
186445 6  3
186446 6  3
186447 6  3
186448 6  3
186449 6  3
186450 6  3
186451 6  3
186452 6  3
186453 6  3
186454 6  3
186455 6  3
186456 6  3
186457 6  3
186458 6  3
186459 6  3
186460 6  3
186461 6  3
186462 6  3
186463 6  3
186464 6  3
186465 6  3
186466 6  3
186467 6  3
186468 6  3
186469 6  3
186470 6  3
186471 6  3
186472 6  3
186473 6  3
186474 6  3
186475 6  3
186476 6  3
186477 6  3
186478 6  3
186479 6  3
186480 6  3
186481 6  3
186482 6  3
186483 6  3
186484 6  3
186485 6  3
186486 6  3
186487 6  3
186488 6  3
186489 6  3
186490 6  3
186491 6  3
186492 6  3
186493 6  3
186494 6  3
186495 6  3
186496 6  3
186497 6  3
186498 6  3
186499 6  3
186500 6  3
186501 6  3
186502 6  3
186503 6  3
186504 6  3
186505 6  3
186506 6  3
186507 6  3
186508 6  3
186509 6  3
186510 6  3
186511 6  3
186512 6  3
186513 6  3
186514 6  3
186515 6  3
186516 6  3
186517 6  3
186518 6  3
186519 6  3
186520 6  3
186521 6  3
186522 6  3
186523 6  3
186524 6  3
186525 6  3
186526 6  3
186527 6  3
186528 6  3
186529 6  3
186530 6  3
186531 6  3
186532 6  3
186533 6  3
186534 6  3
186535 6  3
186536 6  3
186537 6  3
186538 6  3
186539 6  3
186540 6  3
186541 6  3
186542 6  3
186543 6  3
186544 6  3
186545 6  3
186546 6  3
186547 6  3
186548 6  3
186549 6  3
186550 6  3
186551 6  3
186552 6  3
186553 6  3
186554 6  3
186555 6  3
186556 6  3
186557 6  3
186558 6  3
186559 6  3
186560 6  3
186561 6  3
186562 6  3
186563 6  3
186564 6  3
186565 6  3
186566 6  3
186567 6  3
186568 6  3
186569 6  3
186570 6  3
186571 6  3
186572 6  3
186573 6  3
186574 6  3
186575 6  3
186576 6  3
186577 6  3
186578 6  3
186579 6  3
186580 6  3
186581 6  3
186582 6  3
186583 6  3
186584 6  3
186585 6  3
186586 6  3
186587 6  3
186588 6  3
186589 6  3
186590 6  3
186591 6  3
186592 6  3
186593 6  3
186594 6  3
186595 6  3
186596 6  3
186597 6  3
186598 6  3
186599 6  3
186600 6  3
186601 6  3
186602 6  3
186603 6  3
186604 6  3
186605 6  3
186606 6  3
186607 6  3
186608 6  3
186609 6  3
186610 6  3
186611 6  3
186612 6  3
186613 6  3
186614 6  3
186615 6  3
186616 6  3
186617 6  3
186618 6  3
186619 6  3
186620 6  3
186621 6  3
186622 6  3
186623 6  3
186624 6  3
186625 6  3
186626 6  3
186627 6  3
186628 6  3
186629 6  3
186630 6  3
186631 6  3
186632 6  3
186633 6  3
186634 6  3
186635 6  3
186636 6  3
186637 6  3
186638 6  3
186639 6  3
186640 6  3
186641 6  3
186642 6  3
186643 6  3
186644 6  3
186645 6  3
186646 6  3
186647 6  3
186648 6  3
186649 6  3
186650 6  3
186651 6  3
186652 6  3
186653 6  3
186654 6  3
186655 6  3
186656 6  3
186657 6  3
186658 6  3
186659 6  3
186660 6  3
186661 6  3
186662 6  3
186663 6  3
186664 6  3
186665 6  3
186666 6  3
186667 6  3
186668 6  3
186669 6  3
186670 6  3
186671 6  3
186672 6  3
186673 6  3
186674 6  3
186675 6  3
186676 6  3
186677 6  3
186678 6  3
186679 6  3
186680 6  3
186681 6  3
186682 6  3
186683 6  3
186684 6  3
186685 6  3
186686 6  3
186687 6  3
186688 6  3
186689 6  3
186690 6  3
186691 6  3
186692 6  3
186693 6  3
186694 6  3
186695 6  3
186696 6  3
186697 6  3
186698 6  3
186699 6  3
186700 6  3
186701 6  3
186702 6  3
186703 6  3
186704 6  3
186705 6  3
186706 6  3
186707 6  3
186708 6  3
186709 6  3
186710 6  3
186711 6  3
186712 6  3
186713 6  3
186714 6  3
186715 6  3
186716 6  3
186717 6  3
186718 6  3
186719 6  3
186720 6  3
186721 6  3
186722 6  3
186723 6  3
186724 6  3
186725 6  3
186726 6  3
186727 6  3
186728 6  3
186729 6  3
186730 6  3
186731 6  3
186732 6  3
186733 6  3
186734 6  3
186735 6  3
186736 6  3
186737 6  3
186738 6  3
186739 6  3
186740 6  3
186741 6  3
186742 6  3
186743 6  3
186744 6  3
186745 6  3
186746 6  3
186747 6  3
186748 6  3
186749 6  3
186750 6  3
186751 6  3
186752 6  3
186753 6  3
186754 6  3
186755 6  3
186756 6  3
186757 6  3
186758 6  3
186759 6  3
186760 6  3
186761 6  3
186762 6  3
186763 6  3
186764 6  3
186765 6  3
186766 6  3
186767 6  3
186768 6  3
186769 6  3
186770 6  3
186771 6  3
186772 6  3
186773 6  3
186774 6  3
186775 6  3
186776 6  3
186777 6  3
186778 6  3
186779 6  3
186780 6  3
186781 6  3
186782 6  3
186783 6  3
186784 6  3
186785 6  3
186786 6  3
186787 6  3
186788 6  3
186789 6  3
186790 6  3
186791 6  3
186792 6  3
186793 6  3
186794 6  3
186795 6  3
186796 6  3
186797 6  3
186798 6  3
186799 6  3
186800 6  3
186801 6  3
186802 6  3
186803 6  3
186804 6  3
186805 6  3
186806 6  3
186807 6  3
186808 6  3
186809 6  3
186810 6  3
186811 6  3
186812 6  3
186813 6  3
186814 6  3
186815 6  3
186816 6  3
186817 6  3
186818 6  3
186819 6  3
186820 6  3
186821 6  3
186822 6  3
186823 6  3
186824 6  3
186825 6  3
186826 6  3
186827 6  3
186828 6  3
186829 6  3
186830 6  3
186831 6  3
186832 6  3
186833 6  3
186834 6  3
186835 6  3
186836 6  3
186837 6  3
186838 6  3
186839 6  3
186840 6  3
186841 6  3
186842 6  3
186843 6  3
186844 6  3
186845 6  3
186846 6  3
186847 6  3
186848 6  3
186849 6  3
186850 6  3
186851 6  3
186852 6  3
186853 6  3
186854 6  3
186855 6  3
186856 6  3
186857 6  3
186858 6  3
186859 6  3
186860 6  3
186861 6  3
186862 6  3
186863 6  3
186864 6  3
186865 6  3
186866 6  3
186867 6  3
186868 6  3
186869 6  3
186870 6  3
186871 6  3
186872 6  3
186873 6  3
186874 6  3
186875 6  3
186876 6  3
186877 6  3
186878 6  3
186879 6  3
186880 6  3
186881 6  3
186882 6  3
186883 6  3
186884 6  3
186885 6  3
186886 6  3
186887 6  3
186888 6  3
186889 6  3
186890 6  3
186891 6  3
186892 6  3
186893 6  3
186894 6  3
186895 6  3
186896 6  3
186897 6  3
186898 6  3
186899 6  3
186900 6  3
186901 6  3
186902 6  3
186903 6  3
186904 6  3
186905 6  3
186906 6  3
186907 6  3
186908 6  3
186909 6  3
186910 6  3
186911 6  3
186912 6  3
186913 6  3
186914 6  3
186915 6  3
186916 6  3
186917 6  3
186918 6  3
186919 6  3
186920 6  3
186921 6  3
186922 6  3
186923 6  3
186924 6  3
186925 6  3
186926 6  3
186927 6  3
186928 6  3
186929 6  3
186930 6  3
186931 6  3
186932 6  3
186933 6  3
186934 6  3
186935 6  3
186936 6  3
186937 6  3
186938 6  3
186939 6  3
186940 6  3
186941 6  3
186942 6  3
186943 6  3
186944 6  3
186945 6  3
186946 6  3
186947 6  3
186948 6  3
186949 6  3
186950 6  3
186951 6  3
186952 6  3
186953 6  3
186954 6  3
186955 6  3
186956 6  3
186957 6  3
186958 6  3
186959 6  3
186960 6  3
186961 6  3
186962 6  3
186963 6  3
186964 6  3
186965 6  3
186966 6  3
186967 6  3
186968 6  3
186969 6  3
186970 6  3
186971 6  3
186972 6  3
186973 6  3
186974 6  3
186975 6  3
186976 6  3
186977 6  3
186978 6  3
186979 6  3
186980 6  3
186981 6  3
186982 6  3
186983 6  3
186984 6  3
186985 6  3
186986 6  3
186987 6  3
186988 6  3
186989 6  3
186990 6  3
186991 6  3
186992 6  3
186993 6  3
186994 6  3
186995 6  3
186996 6  3
186997 6  3
186998 6  3
186999 6  3
187000 6  3
187001 6  3
187002 6  3
187003 6  3
187004 6  3
187005 6  3
187006 6  3
187007 6  3
187008 6  3
187009 6  3
187010 6  3
187011 6  3
187012 6  3
187013 6  3
187014 6  3
187015 6  3
187016 6  3
187017 6  3
187018 6  3
187019 6  3
187020 6  3
187021 6  3
187022 6  3
187023 6  3
187024 6  3
187025 6  3
187026 6  3
187027 6  3
187028 6  3
187029 6  3
187030 6  3
187031 6  3
187032 6  3
187033 6  3
187034 6  3
187035 6  3
187036 6  3
187037 6  3
187038 6  3
187039 6  3
187040 6  3
187041 6  3
187042 6  3
187043 6  3
187044 6  3
187045 6  3
187046 6  3
187047 6  3
187048 6  3
187049 6  3
187050 6  3
187051 6  3
187052 6  3
187053 6  3
187054 6  3
187055 6  3
187056 6  3
187057 6  3
187058 6  3
187059 6  3
187060 6  3
187061 6  3
187062 6  3
187063 6  3
187064 6  3
187065 6  3
187066 6  3
187067 6  3
187068 6  3
187069 6  3
187070 6  3
187071 6  3
187072 6  3
187073 6  3
187074 6  3
187075 6  3
187076 6  3
187077 6  3
187078 6  3
187079 6  3
187080 6  3
187081 6  3
187082 6  3
187083 6  3
187084 6  3
187085 6  3
187086 6  3
187087 6  3
187088 6  3
187089 6  3
187090 6  3
187091 6  3
187092 6  3
187093 6  3
187094 6  3
187095 6  3
187096 6  3
187097 6  3
187098 6  3
187099 6  3
187100 6  3
187101 6  3
187102 6  3
187103 6  3
187104 6  3
187105 6  3
187106 6  3
187107 6  3
187108 6  3
187109 6  3
187110 6  3
187111 6  3
187112 6  3
187113 6  3
187114 6  3
187115 6  3
187116 6  3
187117 6  3
187118 6  3
187119 6  3
187120 6  3
187121 6  3
187122 6  3
187123 6  3
187124 6  3
187125 6  3
187126 6  3
187127 6  3
187128 6  3
187129 6  3
187130 6  3
187131 6  3
187132 6  3
187133 6  3
187134 6  3
187135 6  3
187136 6  3
187137 6  3
187138 6  3
187139 6  3
187140 6  3
187141 6  3
187142 6  3
187143 6  3
187144 6  3
187145 6  3
187146 6  3
187147 6  3
187148 6  3
187149 6  3
187150 6  3
187151 6  3
187152 6  3
187153 6  3
187154 6  3
187155 6  3
187156 6  3
187157 6  3
187158 6  3
187159 6  3
187160 6  3
187161 6  3
187162 6  3
187163 6  3
187164 6  3
187165 6  3
187166 6  3
187167 6  3
187168 6  3
187169 6  3
187170 6  3
187171 6  3
187172 6  3
187173 6  3
187174 6  3
187175 6  3
187176 6  3
187177 6  3
187178 6  3
187179 6  3
187180 6  3
187181 6  3
187182 6  3
187183 6  3
187184 6  3
187185 6  3
187186 6  3
187187 6  3
187188 6  3
187189 6  3
187190 6  3
187191 6  3
187192 6  3
187193 6  3
187194 6  3
187195 6  3
187196 6  3
187197 6  3
187198 6  3
187199 6  3
187200 6  3
187201 6  3
187202 6  3
187203 6  3
187204 6  3
187205 6  3
187206 6  3
187207 6  3
187208 6  3
187209 6  3
187210 6  3
187211 6  3
187212 6  3
187213 6  3
187214 6  3
187215 6  3
187216 6  3
187217 6  3
187218 6  3
187219 6  3
187220 6  3
187221 6  3
187222 6  3
187223 6  3
187224 6  3
187225 6  3
187226 6  3
187227 6  3
187228 6  3
187229 6  3
187230 6  3
187231 6  3
187232 6  3
187233 6  3
187234 6  3
187235 6  3
187236 6  3
187237 6  3
187238 6  3
187239 6  3
187240 6  3
187241 6  3
187242 6  3
187243 6  3
187244 6  3
187245 6  3
187246 6  3
187247 6  3
187248 6  3
187249 6  3
187250 6  3
187251 6  3
187252 6  3
187253 6  3
187254 6  3
187255 6  3
187256 6  3
187257 6  3
187258 6  3
187259 6  3
187260 6  3
187261 6  3
187262 6  3
187263 6  3
187264 6  3
187265 6  3
187266 6  3
187267 6  3
187268 6  3
187269 6  3
187270 6  3
187271 6  3
187272 6  3
187273 6  3
187274 6  3
187275 6  3
187276 6  3
187277 6  3
187278 6  3
187279 6  3
187280 6  3
187281 6  3
187282 6  3
187283 6  3
187284 6  3
187285 6  3
187286 6  3
187287 6  3
187288 6  3
187289 6  3
187290 6  3
187291 6  3
187292 6  3
187293 6  3
187294 6  3
187295 6  3
187296 6  3
187297 6  3
187298 6  3
187299 6  3
187300 6  3
187301 6  3
187302 6  3
187303 6  3
187304 6  3
187305 6  3
187306 6  3
187307 6  3
187308 6  3
187309 6  3
187310 6  3
187311 6  3
187312 6  3
187313 6  3
187314 6  3
187315 6  3
187316 6  3
187317 6  3
187318 6  3
187319 6  3
187320 6  3
187321 6  3
187322 6  3
187323 6  3
187324 6  3
187325 6  3
187326 6  3
187327 6  3
187328 6  3
187329 6  3
187330 6  3
187331 6  3
187332 6  3
187333 6  3
187334 6  3
187335 6  3
187336 6  3
187337 6  3
187338 6  3
187339 6  3
187340 6  3
187341 6  3
187342 6  3
187343 6  3
187344 6  3
187345 6  3
187346 6  3
187347 6  3
187348 6  3
187349 6  3
187350 6  3
187351 6  3
187352 6  3
187353 6  3
187354 6  3
187355 6  3
187356 6  3
187357 6  3
187358 6  3
187359 6  3
187360 6  3
187361 6  3
187362 6  3
187363 6  3
187364 6  3
187365 6  3
187366 6  3
187367 6  3
187368 6  3
187369 6  3
187370 6  3
187371 6  3
187372 6  3
187373 6  3
187374 6  3
187375 6  3
187376 6  3
187377 6  3
187378 6  3
187379 6  3
187380 6  3
187381 6  3
187382 6  3
187383 6  3
187384 6  3
187385 6  3
187386 6  3
187387 6  3
187388 6  3
187389 6  3
187390 6  3
187391 6  3
187392 6  3
187393 6  3
187394 6  3
187395 6  3
187396 6  3
187397 6  3
187398 6  3
187399 6  3
187400 6  3
187401 6  3
187402 6  3
187403 6  3
187404 6  3
187405 6  3
187406 6  3
187407 6  3
187408 6  3
187409 6  3
187410 6  3
187411 6  3
187412 6  3
187413 6  3
187414 6  3
187415 6  3
187416 6  3
187417 6  3
187418 6  3
187419 6  3
187420 6  3
187421 6  3
187422 6  3
187423 6  3
187424 6  3
187425 6  3
187426 6  3
187427 6  3
187428 6  3
187429 6  3
187430 6  3
187431 6  3
187432 6  3
187433 6  3
187434 6  3
187435 6  3
187436 6  3
187437 6  3
187438 6  3
187439 6  3
187440 6  3
187441 6  3
187442 6  3
187443 6  3
187444 6  3
187445 6  3
187446 6  3
187447 6  3
187448 6  3
187449 6  3
187450 6  3
187451 6  3
187452 6  3
187453 6  3
187454 6  3
187455 6  3
187456 6  3
187457 6  3
187458 6  3
187459 6  3
187460 6  3
187461 6  3
187462 6  3
187463 6  3
187464 6  3
187465 6  3
187466 6  3
187467 6  3
187468 6  3
187469 6  3
187470 6  3
187471 6  3
187472 6  3
187473 6  3
187474 6  3
187475 6  3
187476 6  3
187477 6  3
187478 6  3
187479 6  3
187480 6  3
187481 6  3
187482 6  3
187483 6  3
187484 6  3
187485 6  3
187486 6  3
187487 6  3
187488 6  3
187489 6  3
187490 6  3
187491 6  3
187492 6  3
187493 6  3
187494 6  3
187495 6  3
187496 6  3
187497 6  3
187498 6  3
187499 6  3
187500 6  3
187501 6  3
187502 6  3
187503 6  3
187504 6  3
187505 6  3
187506 6  3
187507 6  3
187508 6  3
187509 6  3
187510 6  3
187511 6  3
187512 6  3
187513 6  3
187514 6  3
187515 6  3
187516 6  3
187517 6  3
187518 6  3
187519 6  3
187520 6  3
187521 6  3
187522 6  3
187523 6  3
187524 6  3
187525 6  3
187526 6  3
187527 6  3
187528 6  3
187529 6  3
187530 6  3
187531 6  3
187532 6  3
187533 6  3
187534 6  3
187535 6  3
187536 6  3
187537 6  3
187538 6  3
187539 6  3
187540 6  3
187541 6  3
187542 6  3
187543 6  3
187544 6  3
187545 6  3
187546 6  3
187547 6  3
187548 6  3
187549 6  3
187550 6  3
187551 6  3
187552 6  3
187553 6  3
187554 6  3
187555 6  3
187556 6  3
187557 6  3
187558 6  3
187559 6  3
187560 6  3
187561 6  3
187562 6  3
187563 6  3
187564 6  3
187565 6  3
187566 6  3
187567 6  3
187568 6  3
187569 6  3
187570 6  3
187571 6  3
187572 6  3
187573 6  3
187574 6  3
187575 6  3
187576 6  3
187577 6  3
187578 6  3
187579 6  3
187580 6  3
187581 6  3
187582 6  3
187583 6  3
187584 6  3
187585 6  3
187586 6  3
187587 6  3
187588 6  3
187589 6  3
187590 6  3
187591 6  3
187592 6  3
187593 6  3
187594 6  3
187595 6  3
187596 6  3
187597 6  3
187598 6  3
187599 6  3
187600 6  3
187601 6  3
187602 6  3
187603 6  3
187604 6  3
187605 6  3
187606 6  3
187607 6  3
187608 6  3
187609 6  3
187610 6  3
187611 6  3
187612 6  3
187613 6  3
187614 6  3
187615 6  3
187616 6  3
187617 6  3
187618 6  3
187619 6  3
187620 6  3
187621 6  3
187622 6  3
187623 6  3
187624 6  3
187625 6  3
187626 6  3
187627 6  3
187628 6  3
187629 6  3
187630 6  3
187631 6  3
187632 6  3
187633 6  3
187634 6  3
187635 6  3
187636 6  3
187637 6  3
187638 6  3
187639 6  3
187640 6  3
187641 6  3
187642 6  3
187643 6  3
187644 6  3
187645 6  3
187646 6  3
187647 6  3
187648 6  3
187649 6  3
187650 6  3
187651 6  3
187652 6  3
187653 6  3
187654 6  3
187655 6  3
187656 6  3
187657 6  3
187658 6  3
187659 6  3
187660 6  3
187661 6  3
187662 6  3
187663 6  3
187664 6  3
187665 6  3
187666 6  3
187667 6  3
187668 6  3
187669 6  3
187670 6  3
187671 6  3
187672 6  3
187673 6  3
187674 6  3
187675 6  3
187676 6  3
187677 6  3
187678 6  3
187679 6  3
187680 6  3
187681 6  3
187682 6  3
187683 6  3
187684 6  3
187685 6  3
187686 6  3
187687 6  3
187688 6  3
187689 6  3
187690 6  3
187691 6  3
187692 6  3
187693 6  3
187694 6  3
187695 6  3
187696 6  3
187697 6  3
187698 6  3
187699 6  3
187700 6  3
187701 6  3
187702 6  3
187703 6  3
187704 6  3
187705 6  3
187706 6  3
187707 6  3
187708 6  3
187709 6  3
187710 6  3
187711 6  3
187712 6  3
187713 6  3
187714 6  3
187715 6  3
187716 6  3
187717 6  3
187718 6  3
187719 6  3
187720 6  3
187721 6  3
187722 6  3
187723 6  3
187724 6  3
187725 6  3
187726 6  3
187727 6  3
187728 6  3
187729 6  3
187730 6  3
187731 6  3
187732 6  3
187733 6  3
187734 6  3
187735 6  3
187736 6  3
187737 6  3
187738 6  3
187739 6  3
187740 6  3
187741 6  3
187742 6  3
187743 6  3
187744 6  3
187745 6  3
187746 6  3
187747 6  3
187748 6  3
187749 6  3
187750 6  3
187751 6  3
187752 6  3
187753 6  3
187754 6  3
187755 6  3
187756 6  3
187757 6  3
187758 6  3
187759 6  3
187760 6  3
187761 6  3
187762 6  3
187763 6  3
187764 6  3
187765 6  3
187766 6  3
187767 6  3
187768 6  3
187769 6  3
187770 6  3
187771 6  3
187772 6  3
187773 6  3
187774 6  3
187775 6  3
187776 6  3
187777 6  3
187778 6  3
187779 6  3
187780 6  3
187781 6  3
187782 6  3
187783 6  3
187784 6  3
187785 6  3
187786 6  3
187787 6  3
187788 6  3
187789 6  3
187790 6  3
187791 6  3
187792 6  3
187793 6  3
187794 6  3
187795 6  3
187796 6  3
187797 6  3
187798 6  3
187799 6  3
187800 6  3
187801 6  3
187802 6  3
187803 6  3
187804 6  3
187805 6  3
187806 6  3
187807 6  3
187808 6  3
187809 6  3
187810 6  3
187811 6  3
187812 6  3
187813 6  3
187814 6  3
187815 6  3
187816 6  3
187817 6  3
187818 6  3
187819 6  3
187820 6  3
187821 6  3
187822 6  3
187823 6  3
187824 6  3
187825 6  3
187826 6  3
187827 6  3
187828 6  3
187829 6  3
187830 6  3
187831 6  3
187832 6  3
187833 6  3
187834 6  3
187835 6  3
187836 6  3
187837 6  3
187838 6  3
187839 6  3
187840 6  3
187841 6  3
187842 6  3
187843 6  3
187844 6  3
187845 6  3
187846 6  3
187847 6  3
187848 6  3
187849 6  3
187850 6  3
187851 6  3
187852 6  3
187853 6  3
187854 6  3
187855 6  3
187856 6  3
187857 6  3
187858 6  3
187859 6  3
187860 6  3
187861 6  3
187862 6  3
187863 6  3
187864 6  3
187865 6  3
187866 6  3
187867 6  3
187868 6  3
187869 6  3
187870 6  3
187871 6  3
187872 6  3
187873 6  3
187874 6  3
187875 6  3
187876 6  3
187877 6  3
187878 6  3
187879 6  3
187880 6  3
187881 6  3
187882 6  3
187883 6  3
187884 6  3
187885 6  3
187886 6  3
187887 6  3
187888 6  3
187889 6  3
187890 6  3
187891 6  3
187892 6  3
187893 6  3
187894 6  3
187895 6  3
187896 6  3
187897 6  3
187898 6  3
187899 6  3
187900 6  3
187901 6  3
187902 6  3
187903 6  3
187904 6  3
187905 6  3
187906 6  3
187907 6  3
187908 6  3
187909 6  3
187910 6  3
187911 6  3
187912 6  3
187913 6  3
187914 6  3
187915 6  3
187916 6  3
187917 6  3
187918 6  3
187919 6  3
187920 6  3
187921 6  3
187922 6  3
187923 6  3
187924 6  3
187925 6  3
187926 6  3
187927 6  3
187928 6  3
187929 6  3
187930 6  3
187931 6  3
187932 6  3
187933 6  3
187934 6  3
187935 6  3
187936 6  3
187937 6  3
187938 6  3
187939 6  3
187940 6  3
187941 6  3
187942 6  3
187943 6  3
187944 6  3
187945 6  3
187946 6  3
187947 6  3
187948 6  3
187949 6  3
187950 6  3
187951 6  3
187952 6  3
187953 6  3
187954 6  3
187955 6  3
187956 6  3
187957 6  3
187958 6  3
187959 6  3
187960 6  3
187961 6  3
187962 6  3
187963 6  3
187964 6  3
187965 6  3
187966 6  3
187967 6  3
187968 6  3
187969 6  3
187970 6  3
187971 6  3
187972 6  3
187973 6  3
187974 6  3
187975 6  3
187976 6  3
187977 6  3
187978 6  3
187979 6  3
187980 6  3
187981 6  3
187982 6  3
187983 6  3
187984 6  3
187985 6  3
187986 6  3
187987 6  3
187988 6  3
187989 6  3
187990 6  3
187991 6  3
187992 6  3
187993 6  3
187994 6  3
187995 6  3
187996 6  3
187997 6  3
187998 6  3
187999 6  3
188000 6  3
188001 6  3
188002 6  3
188003 6  3
188004 6  3
188005 6  3
188006 6  3
188007 6  3
188008 6  3
188009 6  3
188010 6  3
188011 6  3
188012 6  3
188013 6  3
188014 6  3
188015 6  3
188016 6  3
188017 6  3
188018 6  3
188019 6  3
188020 6  3
188021 6  3
188022 6  3
188023 6  3
188024 6  3
188025 6  3
188026 6  3
188027 6  3
188028 6  3
188029 6  3
188030 6  3
188031 6  3
188032 6  3
188033 6  3
188034 6  3
188035 6  3
188036 6  3
188037 6  3
188038 6  3
188039 6  3
188040 6  3
188041 6  3
188042 6  3
188043 6  3
188044 6  3
188045 6  3
188046 6  3
188047 6  3
188048 6  3
188049 6  3
188050 6  3
188051 6  3
188052 6  3
188053 6  3
188054 6  3
188055 6  3
188056 6  3
188057 6  3
188058 6  3
188059 6  3
188060 6  3
188061 6  3
188062 6  3
188063 6  3
188064 6  3
188065 6  3
188066 6  3
188067 6  3
188068 6  3
188069 6  3
188070 6  3
188071 6  3
188072 6  3
188073 6  3
188074 6  3
188075 6  3
188076 6  3
188077 6  3
188078 6  3
188079 6  3
188080 6  3
188081 6  3
188082 6  3
188083 6  3
188084 6  3
188085 6  3
188086 6  3
188087 6  3
188088 6  3
188089 6  3
188090 6  3
188091 6  3
188092 6  3
188093 6  3
188094 6  3
188095 6  3
188096 6  3
188097 6  3
188098 6  3
188099 6  3
188100 6  3
188101 6  3
188102 6  3
188103 6  3
188104 6  3
188105 6  3
188106 6  3
188107 6  3
188108 6  3
188109 6  3
188110 6  3
188111 6  3
188112 6  3
188113 6  3
188114 6  3
188115 6  3
188116 6  3
188117 6  3
188118 6  3
188119 6  3
188120 6  3
188121 6  3
188122 6  3
188123 6  3
188124 6  3
188125 6  3
188126 6  3
188127 6  3
188128 6  3
188129 6  3
188130 6  3
188131 6  3
188132 6  3
188133 6  3
188134 6  3
188135 6  3
188136 6  3
188137 6  3
188138 6  3
188139 6  3
188140 6  3
188141 6  3
188142 6  3
188143 6  3
188144 6  3
188145 6  3
188146 6  3
188147 6  3
188148 6  3
188149 6  3
188150 6  3
188151 6  3
188152 6  3
188153 6  3
188154 6  3
188155 6  3
188156 6  3
188157 6  3
188158 6  3
188159 6  3
188160 6  3
188161 6  3
188162 6  3
188163 6  3
188164 6  3
188165 6  3
188166 6  3
188167 6  3
188168 6  3
188169 6  3
188170 6  3
188171 6  3
188172 6  3
188173 6  3
188174 6  3
188175 6  3
188176 6  3
188177 6  3
188178 6  3
188179 6  3
188180 6  3
188181 6  3
188182 6  3
188183 6  3
188184 6  3
188185 6  3
188186 6  3
188187 6  3
188188 6  3
188189 6  3
188190 6  3
188191 6  3
188192 6  3
188193 6  3
188194 6  3
188195 6  3
188196 6  3
188197 6  3
188198 6  3
188199 6  3
188200 6  3
188201 6  3
188202 6  3
188203 6  3
188204 6  3
188205 6  3
188206 6  3
188207 6  3
188208 6  3
188209 6  3
188210 6  3
188211 6  3
188212 6  3
188213 6  3
188214 6  3
188215 6  3
188216 6  3
188217 6  3
188218 6  3
188219 6  3
188220 6  3
188221 6  3
188222 6  3
188223 6  3
188224 6  3
188225 6  3
188226 6  3
188227 6  3
188228 6  3
188229 6  3
188230 6  3
188231 6  3
188232 6  3
188233 6  3
188234 6  3
188235 6  3
188236 6  3
188237 6  3
188238 6  3
188239 6  3
188240 6  3
188241 6  3
188242 6  3
188243 6  3
188244 6  3
188245 6  3
188246 6  3
188247 6  3
188248 6  3
188249 6  3
188250 6  3
188251 6  3
188252 6  3
188253 6  3
188254 6  3
188255 6  3
188256 6  3
188257 6  3
188258 6  3
188259 6  3
188260 6  3
188261 6  3
188262 6  3
188263 6  3
188264 6  3
188265 6  3
188266 6  3
188267 6  3
188268 6  3
188269 6  3
188270 6  3
188271 6  3
188272 6  3
188273 6  3
188274 6  3
188275 6  3
188276 6  3
188277 6  3
188278 6  3
188279 6  3
188280 6  3
188281 6  3
188282 6  3
188283 6  3
188284 6  3
188285 6  3
188286 6  3
188287 6  3
188288 6  3
188289 6  3
188290 6  3
188291 6  3
188292 6  3
188293 6  3
188294 6  3
188295 6  3
188296 6  3
188297 6  3
188298 6  3
188299 6  3
188300 6  3
188301 6  3
188302 6  3
188303 6  3
188304 6  3
188305 6  3
188306 6  3
188307 6  3
188308 6  3
188309 6  3
188310 6  3
188311 6  3
188312 6  3
188313 6  3
188314 6  3
188315 6  3
188316 6  3
188317 6  3
188318 6  3
188319 6  3
188320 6  3
188321 6  3
188322 6  3
188323 6  3
188324 6  3
188325 6  3
188326 6  3
188327 6  3
188328 6  3
188329 6  3
188330 6  3
188331 6  3
188332 6  3
188333 6  3
188334 6  3
188335 6  3
188336 6  3
188337 6  3
188338 6  3
188339 6  3
188340 6  3
188341 6  3
188342 6  3
188343 6  3
188344 6  3
188345 6  3
188346 6  3
188347 6  3
188348 6  3
188349 6  3
188350 6  3
188351 6  3
188352 6  3
188353 6  3
188354 6  3
188355 6  3
188356 6  3
188357 6  3
188358 6  3
188359 6  3
188360 6  3
188361 6  3
188362 6  3
188363 6  3
188364 6  3
188365 6  3
188366 6  3
188367 6  3
188368 6  3
188369 6  3
188370 6  3
188371 6  3
188372 6  3
188373 6  3
188374 6  3
188375 6  3
188376 6  3
188377 6  3
188378 6  3
188379 6  3
188380 6  3
188381 6  3
188382 6  3
188383 6  3
188384 6  3
188385 6  3
188386 6  3
188387 6  3
188388 6  3
188389 6  3
188390 6  3
188391 6  3
188392 6  3
188393 6  3
188394 6  3
188395 6  3
188396 6  3
188397 6  3
188398 6  3
188399 6  3
188400 6  3
188401 6  3
188402 6  3
188403 6  3
188404 6  3
188405 6  3
188406 6  3
188407 6  3
188408 6  3
188409 6  3
188410 6  3
188411 6  3
188412 6  3
188413 6  3
188414 6  3
188415 6  3
188416 6  3
188417 6  3
188418 6  3
188419 6  3
188420 6  3
188421 6  3
188422 6  3
188423 6  3
188424 6  3
188425 6  3
188426 6  3
188427 6  3
188428 6  3
188429 6  3
188430 6  3
188431 6  3
188432 6  3
188433 6  3
188434 6  3
188435 6  3
188436 6  3
188437 6  3
188438 6  3
188439 6  3
188440 6  3
188441 6  3
188442 6  3
188443 6  3
188444 6  3
188445 6  3
188446 6  3
188447 6  3
188448 6  3
188449 6  3
188450 6  3
188451 6  3
188452 6  3
188453 6  3
188454 6  3
188455 6  3
188456 6  3
188457 6  3
188458 6  3
188459 6  3
188460 6  3
188461 6  3
188462 6  3
188463 6  3
188464 6  3
188465 6  3
188466 6  3
188467 6  3
188468 6  3
188469 6  3
188470 6  3
188471 6  3
188472 6  3
188473 6  3
188474 6  3
188475 6  3
188476 6  3
188477 6  3
188478 6  3
188479 6  3
188480 6  3
188481 6  3
188482 6  3
188483 6  3
188484 6  3
188485 6  3
188486 6  3
188487 6  3
188488 6  3
188489 6  3
188490 6  3
188491 6  3
188492 6  3
188493 6  3
188494 6  3
188495 6  3
188496 6  3
188497 6  3
188498 6  3
188499 6  3
188500 6  3
188501 6  3
188502 6  3
188503 6  3
188504 6  3
188505 6  3
188506 6  3
188507 6  3
188508 6  3
188509 6  3
188510 6  3
188511 6  3
188512 6  3
188513 6  3
188514 6  3
188515 6  3
188516 6  3
188517 6  3
188518 6  3
188519 6  3
188520 6  3
188521 6  3
188522 6  3
188523 6  3
188524 6  3
188525 6  3
188526 6  3
188527 6  3
188528 6  3
188529 6  3
188530 6  3
188531 6  3
188532 6  3
188533 6  3
188534 6  3
188535 6  3
188536 6  3
188537 6  3
188538 6  3
188539 6  3
188540 6  3
188541 6  3
188542 6  3
188543 6  3
188544 6  3
188545 6  3
188546 6  3
188547 6  3
188548 6  3
188549 6  3
188550 6  3
188551 6  3
188552 6  3
188553 6  3
188554 6  3
188555 6  3
188556 6  3
188557 6  3
188558 6  3
188559 6  3
188560 6  3
188561 6  3
188562 6  3
188563 6  3
188564 6  3
188565 6  3
188566 6  3
188567 6  3
188568 6  3
188569 6  3
188570 6  3
188571 6  3
188572 6  3
188573 6  3
188574 6  3
188575 6  3
188576 6  3
188577 6  3
188578 6  3
188579 6  3
188580 6  3
188581 6  3
188582 6  3
188583 6  3
188584 6  3
188585 6  3
188586 6  3
188587 6  3
188588 6  3
188589 6  3
188590 6  3
188591 6  3
188592 6  3
188593 6  3
188594 6  3
188595 6  3
188596 6  3
188597 6  3
188598 6  3
188599 6  3
188600 6  3
188601 6  3
188602 6  3
188603 6  3
188604 6  3
188605 6  3
188606 6  3
188607 6  3
188608 6  3
188609 6  3
188610 6  3
188611 6  3
188612 6  3
188613 6  3
188614 6  3
188615 6  3
188616 6  3
188617 6  3
188618 6  3
188619 6  3
188620 6  3
188621 6  3
188622 6  3
188623 6  3
188624 6  3
188625 6  3
188626 6  3
188627 6  3
188628 6  3
188629 6  3
188630 6  3
188631 6  3
188632 6  3
188633 6  3
188634 6  3
188635 6  3
188636 6  3
188637 6  3
188638 6  3
188639 6  3
188640 6  3
188641 6  3
188642 6  3
188643 6  3
188644 6  3
188645 6  3
188646 6  3
188647 6  3
188648 6  3
188649 6  3
188650 6  3
188651 6  3
188652 6  3
188653 6  3
188654 6  3
188655 6  3
188656 6  3
188657 6  3
188658 6  3
188659 6  3
188660 6  3
188661 6  3
188662 6  3
188663 6  3
188664 6  3
188665 6  3
188666 6  3
188667 6  3
188668 6  3
188669 6  3
188670 6  3
188671 6  3
188672 6  3
188673 6  3
188674 6  3
188675 6  3
188676 6  3
188677 6  3
188678 6  3
188679 6  3
188680 6  3
188681 6  3
188682 6  3
188683 6  3
188684 6  3
188685 6  3
188686 6  3
188687 6  3
188688 6  3
188689 6  3
188690 6  3
188691 6  3
188692 6  3
188693 6  3
188694 6  3
188695 6  3
188696 6  3
188697 6  3
188698 6  3
188699 6  3
188700 6  3
188701 6  3
188702 6  3
188703 6  3
188704 6  3
188705 6  3
188706 6  3
188707 6  3
188708 6  3
188709 6  3
188710 6  3
188711 6  3
188712 6  3
188713 6  3
188714 6  3
188715 6  3
188716 6  3
188717 6  3
188718 6  3
188719 6  3
188720 6  3
188721 6  3
188722 6  3
188723 6  3
188724 6  3
188725 6  3
188726 6  3
188727 6  3
188728 6  3
188729 6  3
188730 6  3
188731 6  3
188732 6  3
188733 6  3
188734 6  3
188735 6  3
188736 6  3
188737 6  3
188738 6  3
188739 6  3
188740 6  3
188741 6  3
188742 6  3
188743 6  3
188744 6  3
188745 6  3
188746 6  3
188747 6  3
188748 6  3
188749 6  3
188750 6  3
188751 6  3
188752 6  3
188753 6  3
188754 6  3
188755 6  3
188756 6  3
188757 6  3
188758 6  3
188759 6  3
188760 6  3
188761 6  3
188762 6  3
188763 6  3
188764 6  3
188765 6  3
188766 6  3
188767 6  3
188768 6  3
188769 6  3
188770 6  3
188771 6  3
188772 6  3
188773 6  3
188774 6  3
188775 6  3
188776 6  3
188777 6  3
188778 6  3
188779 6  3
188780 6  3
188781 6  3
188782 6  3
188783 6  3
188784 6  3
188785 6  3
188786 6  3
188787 6  3
188788 6  3
188789 6  3
188790 6  3
188791 6  3
188792 6  3
188793 6  3
188794 6  3
188795 6  3
188796 6  3
188797 6  3
188798 6  3
188799 6  3
188800 6  3
188801 6  3
188802 6  3
188803 6  3
188804 6  3
188805 6  3
188806 6  3
188807 6  3
188808 6  3
188809 6  3
188810 6  3
188811 6  3
188812 6  3
188813 6  3
188814 6  3
188815 6  3
188816 6  3
188817 6  3
188818 6  3
188819 6  3
188820 6  3
188821 6  3
188822 6  3
188823 6  3
188824 6  3
188825 6  3
188826 6  3
188827 6  3
188828 6  3
188829 6  3
188830 6  3
188831 6  3
188832 6  3
188833 6  3
188834 6  3
188835 6  3
188836 6  3
188837 6  3
188838 6  3
188839 6  3
188840 6  3
188841 6  3
188842 6  3
188843 6  3
188844 6  3
188845 6  3
188846 6  3
188847 6  3
188848 6  3
188849 6  3
188850 6  3
188851 6  3
188852 6  3
188853 6  3
188854 6  3
188855 6  3
188856 6  3
188857 6  3
188858 6  3
188859 6  3
188860 6  3
188861 6  3
188862 6  3
188863 6  3
188864 6  3
188865 6  3
188866 6  3
188867 6  3
188868 6  3
188869 6  3
188870 6  3
188871 6  3
188872 6  3
188873 6  3
188874 6  3
188875 6  3
188876 6  3
188877 6  3
188878 6  3
188879 6  3
188880 6  3
188881 6  3
188882 6  3
188883 6  3
188884 6  3
188885 6  3
188886 6  3
188887 6  3
188888 6  3
188889 6  3
188890 6  3
188891 6  3
188892 6  3
188893 6  3
188894 6  3
188895 6  3
188896 6  3
188897 6  3
188898 6  3
188899 6  3
188900 6  3
188901 6  3
188902 6  3
188903 6  3
188904 6  3
188905 6  3
188906 6  3
188907 6  3
188908 6  3
188909 6  3
188910 6  3
188911 6  3
188912 6  3
188913 6  3
188914 6  3
188915 6  3
188916 6  3
188917 6  3
188918 6  3
188919 6  3
188920 6  3
188921 6  3
188922 6  3
188923 6  3
188924 6  3
188925 6  3
188926 6  3
188927 6  3
188928 6  3
188929 6  3
188930 6  3
188931 6  3
188932 6  3
188933 6  3
188934 6  3
188935 6  3
188936 6  3
188937 6  3
188938 6  3
188939 6  3
188940 6  3
188941 6  3
188942 6  3
188943 6  3
188944 6  3
188945 6  3
188946 6  3
188947 6  3
188948 6  3
188949 6  3
188950 6  3
188951 6  3
188952 6  3
188953 6  3
188954 6  3
188955 6  3
188956 6  3
188957 6  3
188958 6  3
188959 6  3
188960 6  3
188961 6  3
188962 6  3
188963 6  3
188964 6  3
188965 6  3
188966 6  3
188967 6  3
188968 6  3
188969 6  3
188970 6  3
188971 6  3
188972 6  3
188973 6  3
188974 6  3
188975 6  3
188976 6  3
188977 6  3
188978 6  3
188979 6  3
188980 6  3
188981 6  3
188982 6  3
188983 6  3
188984 6  3
188985 6  3
188986 6  3
188987 6  3
188988 6  3
188989 6  3
188990 6  3
188991 6  3
188992 6  3
188993 6  3
188994 6  3
188995 6  3
188996 6  3
188997 6  3
188998 6  3
188999 6  3
189000 6  3
189001 6  3
189002 6  3
189003 6  3
189004 6  3
189005 6  3
189006 6  3
189007 6  3
189008 6  3
189009 6  3
189010 6  3
189011 6  3
189012 6  3
189013 6  3
189014 6  3
189015 6  3
189016 6  3
189017 6  3
189018 6  3
189019 6  3
189020 6  3
189021 6  3
189022 6  3
189023 6  3
189024 6  3
189025 6  3
189026 6  3
189027 6  3
189028 6  3
189029 6  3
189030 6  3
189031 6  3
189032 6  3
189033 6  3
189034 6  3
189035 6  3
189036 6  3
189037 6  3
189038 6  3
189039 6  3
189040 6  3
189041 6  3
189042 6  3
189043 6  3
189044 6  3
189045 6  3
189046 6  3
189047 6  3
189048 6  3
189049 6  3
189050 6  3
189051 6  3
189052 6  3
189053 6  3
189054 6  3
189055 6  3
189056 6  3
189057 6  3
189058 6  3
189059 6  3
189060 6  3
189061 6  3
189062 6  3
189063 6  3
189064 6  3
189065 6  3
189066 6  3
189067 6  3
189068 6  3
189069 6  3
189070 6  3
189071 6  3
189072 6  3
189073 6  3
189074 6  3
189075 6  3
189076 6  3
189077 6  3
189078 6  3
189079 6  3
189080 6  3
189081 6  3
189082 6  3
189083 6  3
189084 6  3
189085 6  3
189086 6  3
189087 6  3
189088 6  3
189089 6  3
189090 6  3
189091 6  3
189092 6  3
189093 6  3
189094 6  3
189095 6  3
189096 6  3
189097 6  3
189098 6  3
189099 6  3
189100 6  3
189101 6  3
189102 6  3
189103 6  3
189104 6  3
189105 6  3
189106 6  3
189107 6  3
189108 6  3
189109 6  3
189110 6  3
189111 6  3
189112 6  3
189113 6  3
189114 6  3
189115 6  3
189116 6  3
189117 6  3
189118 6  3
189119 6  3
189120 6  3
189121 6  3
189122 6  3
189123 6  3
189124 6  3
189125 6  3
189126 6  3
189127 6  3
189128 6  3
189129 6  3
189130 6  3
189131 6  3
189132 6  3
189133 6  3
189134 6  3
189135 6  3
189136 6  3
189137 6  3
189138 6  3
189139 6  3
189140 6  3
189141 6  3
189142 6  3
189143 6  3
189144 6  3
189145 6  3
189146 6  3
189147 6  3
189148 6  3
189149 6  3
189150 6  3
189151 6  3
189152 6  3
189153 6  3
189154 6  3
189155 6  3
189156 6  3
189157 6  3
189158 6  3
189159 6  3
189160 6  3
189161 6  3
189162 6  3
189163 6  3
189164 6  3
189165 6  3
189166 6  3
189167 6  3
189168 6  3
189169 6  3
189170 6  3
189171 6  3
189172 6  3
189173 6  3
189174 6  3
189175 6  3
189176 6  3
189177 6  3
189178 6  3
189179 6  3
189180 6  3
189181 6  3
189182 6  3
189183 6  3
189184 6  3
189185 6  3
189186 6  3
189187 6  3
189188 6  3
189189 6  3
189190 6  3
189191 6  3
189192 6  3
189193 6  3
189194 6  3
189195 6  3
189196 6  3
189197 6  3
189198 6  3
189199 6  3
189200 6  3
189201 6  3
189202 6  3
189203 6  3
189204 6  3
189205 6  3
189206 6  3
189207 6  3
189208 6  3
189209 6  3
189210 6  3
189211 6  3
189212 6  3
189213 6  3
189214 6  3
189215 6  3
189216 6  3
189217 6  3
189218 6  3
189219 6  3
189220 6  3
189221 6  3
189222 6  3
189223 6  3
189224 6  3
189225 6  3
189226 6  3
189227 6  3
189228 6  3
189229 6  3
189230 6  3
189231 6  3
189232 6  3
189233 6  3
189234 6  3
189235 6  3
189236 6  3
189237 6  3
189238 6  3
189239 6  3
189240 6  3
189241 6  3
189242 6  3
189243 6  3
189244 6  3
189245 6  3
189246 6  3
189247 6  3
189248 6  3
189249 6  3
189250 6  3
189251 6  3
189252 6  3
189253 6  3
189254 6  3
189255 6  3
189256 6  3
189257 6  3
189258 6  3
189259 6  3
189260 6  3
189261 6  3
189262 6  3
189263 6  3
189264 6  3
189265 6  3
189266 6  3
189267 6  3
189268 6  3
189269 6  3
189270 6  3
189271 6  3
189272 6  3
189273 6  3
189274 6  3
189275 6  3
189276 6  3
189277 6  3
189278 6  3
189279 6  3
189280 6  3
189281 6  3
189282 6  3
189283 6  3
189284 6  3
189285 6  3
189286 6  3
189287 6  3
189288 6  3
189289 6  3
189290 6  3
189291 6  3
189292 6  3
189293 6  3
189294 6  3
189295 6  3
189296 6  3
189297 6  3
189298 6  3
189299 6  3
189300 6  3
189301 6  3
189302 6  3
189303 6  3
189304 6  3
189305 6  3
189306 6  3
189307 6  3
189308 6  3
189309 6  3
189310 6  3
189311 6  3
189312 6  3
189313 6  3
189314 6  3
189315 6  3
189316 6  3
189317 6  3
189318 6  3
189319 6  3
189320 6  3
189321 6  3
189322 6  3
189323 6  3
189324 6  3
189325 6  3
189326 6  3
189327 6  3
189328 6  3
189329 6  3
189330 6  3
189331 6  3
189332 6  3
189333 6  3
189334 6  3
189335 6  3
189336 6  3
189337 6  3
189338 6  3
189339 6  3
189340 6  3
189341 6  3
189342 6  3
189343 6  3
189344 6  3
189345 6  3
189346 6  3
189347 6  3
189348 6  3
189349 6  3
189350 6  3
189351 6  3
189352 6  3
189353 6  3
189354 6  3
189355 6  3
189356 6  3
189357 6  3
189358 6  3
189359 6  3
189360 6  3
189361 6  3
189362 6  3
189363 6  3
189364 6  3
189365 6  3
189366 6  3
189367 6  3
189368 6  3
189369 6  3
189370 6  3
189371 6  3
189372 6  3
189373 6  3
189374 6  3
189375 6  3
189376 6  3
189377 6  3
189378 6  3
189379 6  3
189380 6  3
189381 6  3
189382 6  3
189383 6  3
189384 6  3
189385 6  3
189386 6  3
189387 6  3
189388 6  3
189389 6  3
189390 6  3
189391 6  3
189392 6  3
189393 6  3
189394 6  3
189395 6  3
189396 6  3
189397 6  3
189398 6  3
189399 6  3
189400 6  3
189401 6  3
189402 6  3
189403 6  3
189404 6  3
189405 6  3
189406 6  3
189407 6  3
189408 6  3
189409 6  3
189410 6  3
189411 6  3
189412 6  3
189413 6  3
189414 6  3
189415 6  3
189416 6  3
189417 6  3
189418 6  3
189419 6  3
189420 6  3
189421 6  3
189422 6  3
189423 6  3
189424 6  3
189425 6  3
189426 6  3
189427 6  3
189428 6  3
189429 6  3
189430 6  3
189431 6  3
189432 6  3
189433 6  3
189434 6  3
189435 6  3
189436 6  3
189437 6  3
189438 6  3
189439 6  3
189440 6  3
189441 6  3
189442 6  3
189443 6  3
189444 6  3
189445 6  3
189446 6  3
189447 6  3
189448 6  3
189449 6  3
189450 6  3
189451 6  3
189452 6  3
189453 6  3
189454 6  3
189455 6  3
189456 6  3
189457 6  3
189458 6  3
189459 6  3
189460 6  3
189461 6  3
189462 6  3
189463 6  3
189464 6  3
189465 6  3
189466 6  3
189467 6  3
189468 6  3
189469 6  3
189470 6  3
189471 6  3
189472 6  3
189473 6  3
189474 6  3
189475 6  3
189476 6  3
189477 6  3
189478 6  3
189479 6  3
189480 6  3
189481 6  3
189482 6  3
189483 6  3
189484 6  3
189485 6  3
189486 6  3
189487 6  3
189488 6  3
189489 6  3
189490 6  3
189491 6  3
189492 6  3
189493 6  3
189494 6  3
189495 6  3
189496 6  3
189497 6  3
189498 6  3
189499 6  3
189500 6  3
189501 6  3
189502 6  3
189503 6  3
189504 6  3
189505 6  3
189506 6  3
189507 6  3
189508 6  3
189509 6  3
189510 6  3
189511 6  3
189512 6  3
189513 6  3
189514 6  3
189515 6  3
189516 6  3
189517 6  3
189518 6  3
189519 6  3
189520 6  3
189521 6  3
189522 6  3
189523 6  3
189524 6  3
189525 6  3
189526 6  3
189527 6  3
189528 6  3
189529 6  3
189530 6  3
189531 6  3
189532 6  3
189533 6  3
189534 6  3
189535 6  3
189536 6  3
189537 6  3
189538 6  3
189539 6  3
189540 6  3
189541 6  3
189542 6  3
189543 6  3
189544 6  3
189545 6  3
189546 6  3
189547 6  3
189548 6  3
189549 6  3
189550 6  3
189551 6  3
189552 6  3
189553 6  3
189554 6  3
189555 6  3
189556 6  3
189557 6  3
189558 6  3
189559 6  3
189560 6  3
189561 6  3
189562 6  3
189563 6  3
189564 6  3
189565 6  3
189566 6  3
189567 6  3
189568 6  3
189569 6  3
189570 6  3
189571 6  3
189572 6  3
189573 6  3
189574 6  3
189575 6  3
189576 6  3
189577 6  3
189578 6  3
189579 6  3
189580 6  3
189581 6  3
189582 6  3
189583 6  3
189584 6  3
189585 6  3
189586 6  3
189587 6  3
189588 6  3
189589 6  3
189590 6  3
189591 6  3
189592 6  3
189593 6  3
189594 6  3
189595 6  3
189596 6  3
189597 6  3
189598 6  3
189599 6  3
189600 6  3
189601 6  3
189602 6  3
189603 6  3
189604 6  3
189605 6  3
189606 6  3
189607 6  3
189608 6  3
189609 6  3
189610 6  3
189611 6  3
189612 6  3
189613 6  3
189614 6  3
189615 6  3
189616 6  3
189617 6  3
189618 6  3
189619 6  3
189620 6  3
189621 6  3
189622 6  3
189623 6  3
189624 6  3
189625 6  3
189626 6  3
189627 6  3
189628 6  3
189629 6  3
189630 6  3
189631 6  3
189632 6  3
189633 6  3
189634 6  3
189635 6  3
189636 6  3
189637 6  3
189638 6  3
189639 6  3
189640 6  3
189641 6  3
189642 6  3
189643 6  3
189644 6  3
189645 6  3
189646 6  3
189647 6  3
189648 6  3
189649 6  3
189650 6  3
189651 6  3
189652 6  3
189653 6  3
189654 6  3
189655 6  3
189656 6  3
189657 6  3
189658 6  3
189659 6  3
189660 6  3
189661 6  3
189662 6  3
189663 6  3
189664 6  3
189665 6  3
189666 6  3
189667 6  3
189668 6  3
189669 6  3
189670 6  3
189671 6  3
189672 6  3
189673 6  3
189674 6  3
189675 6  3
189676 6  3
189677 6  3
189678 6  3
189679 6  3
189680 6  3
189681 6  3
189682 6  3
189683 6  3
189684 6  3
189685 6  3
189686 6  3
189687 6  3
189688 6  3
189689 6  3
189690 6  3
189691 6  3
189692 6  3
189693 6  3
189694 6  3
189695 6  3
189696 6  3
189697 6  3
189698 6  3
189699 6  3
189700 6  3
189701 6  3
189702 6  3
189703 6  3
189704 6  3
189705 6  3
189706 6  3
189707 6  3
189708 6  3
189709 6  3
189710 6  3
189711 6  3
189712 6  3
189713 6  3
189714 6  3
189715 6  3
189716 6  3
189717 6  3
189718 6  3
189719 6  3
189720 6  3
189721 6  3
189722 6  3
189723 6  3
189724 6  3
189725 6  3
189726 6  3
189727 6  3
189728 6  3
189729 6  3
189730 6  3
189731 6  3
189732 6  3
189733 6  3
189734 6  3
189735 6  3
189736 6  3
189737 6  3
189738 6  3
189739 6  3
189740 6  3
189741 6  3
189742 6  3
189743 6  3
189744 6  3
189745 6  3
189746 6  3
189747 6  3
189748 6  3
189749 6  3
189750 6  3
189751 6  3
189752 6  3
189753 6  3
189754 6  3
189755 6  3
189756 6  3
189757 6  3
189758 6  3
189759 6  3
189760 6  3
189761 6  3
189762 6  3
189763 6  3
189764 6  3
189765 6  3
189766 6  3
189767 6  3
189768 6  3
189769 6  3
189770 6  3
189771 6  3
189772 6  3
189773 6  3
189774 6  3
189775 6  3
189776 6  3
189777 6  3
189778 6  3
189779 6  3
189780 6  3
189781 6  3
189782 6  3
189783 6  3
189784 6  3
189785 6  3
189786 6  3
189787 6  3
189788 6  3
189789 6  3
189790 6  3
189791 6  3
189792 6  3
189793 6  3
189794 6  3
189795 6  3
189796 6  3
189797 6  3
189798 6  3
189799 6  3
189800 6  3
189801 6  3
189802 6  3
189803 6  3
189804 6  3
189805 6  3
189806 6  3
189807 6  3
189808 6  3
189809 6  3
189810 6  3
189811 6  3
189812 6  3
189813 6  3
189814 6  3
189815 6  3
189816 6  3
189817 6  3
189818 6  3
189819 6  3
189820 6  3
189821 6  3
189822 6  3
189823 6  3
189824 6  3
189825 6  3
189826 6  3
189827 6  3
189828 6  3
189829 6  3
189830 6  3
189831 6  3
189832 6  3
189833 6  3
189834 6  3
189835 6  3
189836 6  3
189837 6  3
189838 6  3
189839 6  3
189840 6  3
189841 6  3
189842 6  3
189843 6  3
189844 6  3
189845 6  3
189846 6  3
189847 6  3
189848 6  3
189849 6  3
189850 6  3
189851 6  3
189852 6  3
189853 6  3
189854 6  3
189855 6  3
189856 6  3
189857 6  3
189858 6  3
189859 6  3
189860 6  3
189861 6  3
189862 6  3
189863 6  3
189864 6  3
189865 6  3
189866 6  3
189867 6  3
189868 6  3
189869 6  3
189870 6  3
189871 6  3
189872 6  3
189873 6  3
189874 6  3
189875 6  3
189876 6  3
189877 6  3
189878 6  3
189879 6  3
189880 6  3
189881 6  3
189882 6  3
189883 6  3
189884 6  3
189885 6  3
189886 6  3
189887 6  3
189888 6  3
189889 6  3
189890 6  3
189891 6  3
189892 6  3
189893 6  3
189894 6  3
189895 6  3
189896 6  3
189897 6  3
189898 6  3
189899 6  3
189900 6  3
189901 6  3
189902 6  3
189903 6  3
189904 6  3
189905 6  3
189906 6  3
189907 6  3
189908 6  3
189909 6  3
189910 6  3
189911 6  3
189912 6  3
189913 6  3
189914 6  3
189915 6  3
189916 6  3
189917 6  3
189918 6  3
189919 6  3
189920 6  3
189921 6  3
189922 6  3
189923 6  3
189924 6  3
189925 6  3
189926 6  3
189927 6  3
189928 6  3
189929 6  3
189930 6  3
189931 6  3
189932 6  3
189933 6  3
189934 6  3
189935 6  3
189936 6  3
189937 6  3
189938 6  3
189939 6  3
189940 6  3
189941 6  3
189942 6  3
189943 6  3
189944 6  3
189945 6  3
189946 6  3
189947 6  3
189948 6  3
189949 6  3
189950 6  3
189951 6  3
189952 6  3
189953 6  3
189954 6  3
189955 6  3
189956 6  3
189957 6  3
189958 6  3
189959 6  3
189960 6  3
189961 6  3
189962 6  3
189963 6  3
189964 6  3
189965 6  3
189966 6  3
189967 6  3
189968 6  3
189969 6  3
189970 6  3
189971 6  3
189972 6  3
189973 6  3
189974 6  3
189975 6  3
189976 6  3
189977 6  3
189978 6  3
189979 6  3
189980 6  3
189981 6  3
189982 6  3
189983 6  3
189984 6  3
189985 6  3
189986 6  3
189987 6  3
189988 6  3
189989 6  3
189990 6  3
189991 6  3
189992 6  3
189993 6  3
189994 6  3
189995 6  3
189996 6  3
189997 6  3
189998 6  3
189999 6  3
190000 6  3
190001 6  3
190002 6  3
190003 6  3
190004 6  3
190005 6  3
190006 6  3
190007 6  3
190008 6  3
190009 6  3
190010 6  3
190011 6  3
190012 6  3
190013 6  3
190014 6  3
190015 6  3
190016 6  3
190017 6  3
190018 6  3
190019 6  3
190020 6  3
190021 6  3
190022 6  3
190023 6  3
190024 6  3
190025 6  3
190026 6  3
190027 6  3
190028 6  3
190029 6  3
190030 6  3
190031 6  3
190032 6  3
190033 6  3
190034 6  3
190035 6  3
190036 6  3
190037 6  3
190038 6  3
190039 6  3
190040 6  3
190041 6  3
190042 6  3
190043 6  3
190044 6  3
190045 6  3
190046 6  3
190047 6  3
190048 6  3
190049 6  3
190050 6  3
190051 6  3
190052 6  3
190053 6  3
190054 6  3
190055 6  3
190056 6  3
190057 6  3
190058 6  3
190059 6  3
190060 6  3
190061 6  3
190062 6  3
190063 6  3
190064 6  3
190065 6  3
190066 6  3
190067 6  3
190068 6  3
190069 6  3
190070 6  3
190071 6  3
190072 6  3
190073 6  3
190074 6  3
190075 6  3
190076 6  3
190077 6  3
190078 6  3
190079 6  3
190080 6  3
190081 6  3
190082 6  3
190083 6  3
190084 6  3
190085 6  3
190086 6  3
190087 6  3
190088 6  3
190089 6  3
190090 6  3
190091 6  3
190092 6  3
190093 6  3
190094 6  3
190095 6  3
190096 6  3
190097 6  3
190098 6  3
190099 6  3
190100 6  3
190101 6  3
190102 6  3
190103 6  3
190104 6  3
190105 6  3
190106 6  3
190107 6  3
190108 6  3
190109 6  3
190110 6  3
190111 6  3
190112 6  3
190113 6  3
190114 6  3
190115 6  3
190116 6  3
190117 6  3
190118 6  3
190119 6  3
190120 6  3
190121 6  3
190122 6  3
190123 6  3
190124 6  3
190125 6  3
190126 6  3
190127 6  3
190128 6  3
190129 6  3
190130 6  3
190131 6  3
190132 6  3
190133 6  3
190134 6  3
190135 6  3
190136 6  3
190137 6  3
190138 6  3
190139 6  3
190140 6  3
190141 6  3
190142 6  3
190143 6  3
190144 6  3
190145 6  3
190146 6  3
190147 6  3
190148 6  3
190149 6  3
190150 6  3
190151 6  3
190152 6  3
190153 6  3
190154 6  3
190155 6  3
190156 6  3
190157 6  3
190158 6  3
190159 6  3
190160 6  3
190161 6  3
190162 6  3
190163 6  3
190164 6  3
190165 6  3
190166 6  3
190167 6  3
190168 6  3
190169 6  3
190170 6  3
190171 6  3
190172 6  3
190173 6  3
190174 6  3
190175 6  3
190176 6  3
190177 6  3
190178 6  3
190179 6  3
190180 6  3
190181 6  3
190182 6  3
190183 6  3
190184 6  3
190185 6  3
190186 6  3
190187 6  3
190188 6  3
190189 6  3
190190 6  3
190191 6  3
190192 6  3
190193 6  3
190194 6  3
190195 6  3
190196 6  3
190197 6  3
190198 6  3
190199 6  3
190200 6  3
190201 6  3
190202 6  3
190203 6  3
190204 6  3
190205 6  3
190206 6  3
190207 6  3
190208 6  3
190209 6  3
190210 6  3
190211 6  3
190212 6  3
190213 6  3
190214 6  3
190215 6  3
190216 6  3
190217 6  3
190218 6  3
190219 6  3
190220 6  3
190221 6  3
190222 6  3
190223 6  3
190224 6  3
190225 6  3
190226 6  3
190227 6  3
190228 6  3
190229 6  3
190230 6  3
190231 6  3
190232 6  3
190233 6  3
190234 6  3
190235 6  3
190236 6  3
190237 6  3
190238 6  3
190239 6  3
190240 6  3
190241 6  3
190242 6  3
190243 6  3
190244 6  3
190245 6  3
190246 6  3
190247 6  3
190248 6  3
190249 6  3
190250 6  3
190251 6  3
190252 6  3
190253 6  3
190254 6  3
190255 6  3
190256 6  3
190257 6  3
190258 6  3
190259 6  3
190260 6  3
190261 6  3
190262 6  3
190263 6  3
190264 6  3
190265 6  3
190266 6  3
190267 6  3
190268 6  3
190269 6  3
190270 6  3
190271 6  3
190272 6  3
190273 6  3
190274 6  3
190275 6  3
190276 6  3
190277 6  3
190278 6  3
190279 6  3
190280 6  3
190281 6  3
190282 6  3
190283 6  3
190284 6  3
190285 6  3
190286 6  3
190287 6  3
190288 6  3
190289 6  3
190290 6  3
190291 6  3
190292 6  3
190293 6  3
190294 6  3
190295 6  3
190296 6  3
190297 6  3
190298 6  3
190299 6  3
190300 6  3
190301 6  3
190302 6  3
190303 6  3
190304 6  3
190305 6  3
190306 6  3
190307 6  3
190308 6  3
190309 6  3
190310 6  3
190311 6  3
190312 6  3
190313 6  3
190314 6  3
190315 6  3
190316 6  3
190317 6  3
190318 6  3
190319 6  3
190320 6  3
190321 6  3
190322 6  3
190323 6  3
190324 6  3
190325 6  3
190326 6  3
190327 6  3
190328 6  3
190329 6  3
190330 6  3
190331 6  3
190332 6  3
190333 6  3
190334 6  3
190335 6  3
190336 6  3
190337 6  3
190338 6  3
190339 6  3
190340 6  3
190341 6  3
190342 6  3
190343 6  3
190344 6  3
190345 6  3
190346 6  3
190347 6  3
190348 6  3
190349 6  3
190350 6  3
190351 6  3
190352 6  3
190353 6  3
190354 6  3
190355 6  3
190356 6  3
190357 6  3
190358 6  3
190359 6  3
190360 6  3
190361 6  3
190362 6  3
190363 6  3
190364 6  3
190365 6  3
190366 6  3
190367 6  3
190368 6  3
190369 6  3
190370 6  3
190371 6  3
190372 6  3
190373 6  3
190374 6  3
190375 6  3
190376 6  3
190377 6  3
190378 6  3
190379 6  3
190380 6  3
190381 6  3
190382 6  3
190383 6  3
190384 6  3
190385 6  3
190386 6  3
190387 6  3
190388 6  3
190389 6  3
190390 6  3
190391 6  3
190392 6  3
190393 6  3
190394 6  3
190395 6  3
190396 6  3
190397 6  3
190398 6  3
190399 6  3
190400 6  3
190401 6  3
190402 6  3
190403 6  3
190404 6  3
190405 6  3
190406 6  3
190407 6  3
190408 6  3
190409 6  3
190410 6  3
190411 6  3
190412 6  3
190413 6  3
190414 6  3
190415 6  3
190416 6  3
190417 6  3
190418 6  3
190419 6  3
190420 6  3
190421 6  3
190422 6  3
190423 6  3
190424 6  3
190425 6  3
190426 6  3
190427 6  3
190428 6  3
190429 6  3
190430 6  3
190431 6  3
190432 6  3
190433 6  3
190434 6  3
190435 6  3
190436 6  3
190437 6  3
190438 6  3
190439 6  3
190440 6  3
190441 6  3
190442 6  3
190443 6  3
190444 6  3
190445 6  3
190446 6  3
190447 6  3
190448 6  3
190449 6  3
190450 6  3
190451 6  3
190452 6  3
190453 6  3
190454 6  3
190455 6  3
190456 6  3
190457 6  3
190458 6  3
190459 6  3
190460 6  3
190461 6  3
190462 6  3
190463 6  3
190464 6  3
190465 6  3
190466 6  3
190467 6  3
190468 6  3
190469 6  3
190470 6  3
190471 6  3
190472 6  3
190473 6  3
190474 6  3
190475 6  3
190476 6  3
190477 6  3
190478 6  3
190479 6  3
190480 6  3
190481 6  3
190482 6  3
190483 6  3
190484 6  3
190485 6  3
190486 6  3
190487 6  3
190488 6  3
190489 6  3
190490 6  3
190491 6  3
190492 6  3
190493 6  3
190494 6  3
190495 6  3
190496 6  3
190497 6  3
190498 6  3
190499 6  3
190500 6  3
190501 6  3
190502 6  3
190503 6  3
190504 6  3
190505 6  3
190506 6  3
190507 6  3
190508 6  3
190509 6  3
190510 6  3
190511 6  3
190512 6  3
190513 6  3
190514 6  3
190515 6  3
190516 6  3
190517 6  3
190518 6  3
190519 6  3
190520 6  3
190521 6  3
190522 6  3
190523 6  3
190524 6  3
190525 6  3
190526 6  3
190527 6  3
190528 6  3
190529 6  3
190530 6  3
190531 6  3
190532 6  3
190533 6  3
190534 6  3
190535 6  3
190536 6  3
190537 6  3
190538 6  3
190539 6  3
190540 6  3
190541 6  3
190542 6  3
190543 6  3
190544 6  3
190545 6  3
190546 6  3
190547 6  3
190548 6  3
190549 6  3
190550 6  3
190551 6  3
190552 6  3
190553 6  3
190554 6  3
190555 6  3
190556 6  3
190557 6  3
190558 6  3
190559 6  3
190560 6  3
190561 6  3
190562 6  3
190563 6  3
190564 6  3
190565 6  3
190566 6  3
190567 6  3
190568 6  3
190569 6  3
190570 6  3
190571 6  3
190572 6  3
190573 6  3
190574 6  3
190575 6  3
190576 6  3
190577 6  3
190578 6  3
190579 6  3
190580 6  3
190581 6  3
190582 6  3
190583 6  3
190584 6  3
190585 6  3
190586 6  3
190587 6  3
190588 6  3
190589 6  3
190590 6  3
190591 6  3
190592 6  3
190593 6  3
190594 6  3
190595 6  3
190596 6  3
190597 6  3
190598 6  3
190599 6  3
190600 6  3
190601 6  3
190602 6  3
190603 6  3
190604 6  3
190605 6  3
190606 6  3
190607 6  3
190608 6  3
190609 6  3
190610 6  3
190611 6  3
190612 6  3
190613 6  3
190614 6  3
190615 6  3
190616 6  3
190617 6  3
190618 6  3
190619 6  3
190620 6  3
190621 6  3
190622 6  3
190623 6  3
190624 6  3
190625 6  3
190626 6  3
190627 6  3
190628 6  3
190629 6  3
190630 6  3
190631 6  3
190632 6  3
190633 6  3
190634 6  3
190635 6  3
190636 6  3
190637 6  3
190638 6  3
190639 6  3
190640 6  3
190641 6  3
190642 6  3
190643 6  3
190644 6  3
190645 6  3
190646 6  3
190647 6  3
190648 6  3
190649 6  3
190650 6  3
190651 6  3
190652 6  3
190653 6  3
190654 6  3
190655 6  3
190656 6  3
190657 6  3
190658 6  3
190659 6  3
190660 6  3
190661 6  3
190662 6  3
190663 6  3
190664 6  3
190665 6  3
190666 6  3
190667 6  3
190668 6  3
190669 6  3
190670 6  3
190671 6  3
190672 6  3
190673 6  3
190674 6  3
190675 6  3
190676 6  3
190677 6  3
190678 6  3
190679 6  3
190680 6  3
190681 6  3
190682 6  3
190683 6  3
190684 6  3
190685 6  3
190686 6  3
190687 6  3
190688 6  3
190689 6  3
190690 6  3
190691 6  3
190692 6  3
190693 6  3
190694 6  3
190695 6  3
190696 6  3
190697 6  3
190698 6  3
190699 6  3
190700 6  3
190701 6  3
190702 6  3
190703 6  3
190704 6  3
190705 6  3
190706 6  3
190707 6  3
190708 6  3
190709 6  3
190710 6  3
190711 6  3
190712 6  3
190713 6  3
190714 6  3
190715 6  3
190716 6  3
190717 6  3
190718 6  3
190719 6  3
190720 6  3
190721 6  3
190722 6  3
190723 6  3
190724 6  3
190725 6  3
190726 6  3
190727 6  3
190728 6  3
190729 6  3
190730 6  3
190731 6  3
190732 6  3
190733 6  3
190734 6  3
190735 6  3
190736 6  3
190737 6  3
190738 6  3
190739 6  3
190740 6  3
190741 6  3
190742 6  3
190743 6  3
190744 6  3
190745 6  3
190746 6  3
190747 6  3
190748 6  3
190749 6  3
190750 6  3
190751 6  3
190752 6  3
190753 6  3
190754 6  3
190755 6  3
190756 6  3
190757 6  3
190758 6  3
190759 6  3
190760 6  3
190761 6  3
190762 6  3
190763 6  3
190764 6  3
190765 6  3
190766 6  3
190767 6  3
190768 6  3
190769 6  3
190770 6  3
190771 6  3
190772 6  3
190773 6  3
190774 6  3
190775 6  3
190776 6  3
190777 6  3
190778 6  3
190779 6  3
190780 6  3
190781 6  3
190782 6  3
190783 6  3
190784 6  3
190785 6  3
190786 6  3
190787 6  3
190788 6  3
190789 6  3
190790 6  3
190791 6  3
190792 6  3
190793 6  3
190794 6  3
190795 6  3
190796 6  3
190797 6  3
190798 6  3
190799 6  3
190800 6  3
190801 6  3
190802 6  3
190803 6  3
190804 6  3
190805 6  3
190806 6  3
190807 6  3
190808 6  3
190809 6  3
190810 6  3
190811 6  3
190812 6  3
190813 6  3
190814 6  3
190815 6  3
190816 6  3
190817 6  3
190818 6  3
190819 6  3
190820 6  3
190821 6  3
190822 6  3
190823 6  3
190824 6  3
190825 6  3
190826 6  3
190827 6  3
190828 6  3
190829 6  3
190830 6  3
190831 6  3
190832 6  3
190833 6  3
190834 6  3
190835 6  3
190836 6  3
190837 6  3
190838 6  3
190839 6  3
190840 6  3
190841 6  3
190842 6  3
190843 6  3
190844 6  3
190845 6  3
190846 6  3
190847 6  3
190848 6  3
190849 6  3
190850 6  3
190851 6  3
190852 6  3
190853 6  3
190854 6  3
190855 6  3
190856 6  3
190857 6  3
190858 6  3
190859 6  3
190860 6  3
190861 6  3
190862 6  3
190863 6  3
190864 6  3
190865 6  3
190866 6  3
190867 6  3
190868 6  3
190869 6  3
190870 6  3
190871 6  3
190872 6  3
190873 6  3
190874 6  3
190875 6  3
190876 6  3
190877 6  3
190878 6  3
190879 6  3
190880 6  3
190881 6  3
190882 6  3
190883 6  3
190884 6  3
190885 6  3
190886 6  3
190887 6  3
190888 6  3
190889 6  3
190890 6  3
190891 6  3
190892 6  3
190893 6  3
190894 6  3
190895 6  3
190896 6  3
190897 6  3
190898 6  3
190899 6  3
190900 6  3
190901 6  3
190902 6  3
190903 6  3
190904 6  3
190905 6  3
190906 6  3
190907 6  3
190908 6  3
190909 6  3
190910 6  3
190911 6  3
190912 6  3
190913 6  3
190914 6  3
190915 6  3
190916 6  3
190917 6  3
190918 6  3
190919 6  3
190920 6  3
190921 6  3
190922 6  3
190923 6  3
190924 6  3
190925 6  3
190926 6  3
190927 6  3
190928 6  3
190929 6  3
190930 6  3
190931 6  3
190932 6  3
190933 6  3
190934 6  3
190935 6  3
190936 6  3
190937 6  3
190938 6  3
190939 6  3
190940 6  3
190941 6  3
190942 6  3
190943 6  3
190944 6  3
190945 6  3
190946 6  3
190947 6  3
190948 6  3
190949 6  3
190950 6  3
190951 6  3
190952 6  3
190953 6  3
190954 6  3
190955 6  3
190956 6  3
190957 6  3
190958 6  3
190959 6  3
190960 6  3
190961 6  3
190962 6  3
190963 6  3
190964 6  3
190965 6  3
190966 6  3
190967 6  3
190968 6  3
190969 6  3
190970 6  3
190971 6  3
190972 6  3
190973 6  3
190974 6  3
190975 6  3
190976 6  3
190977 6  3
190978 6  3
190979 6  3
190980 6  3
190981 6  3
190982 6  3
190983 6  3
190984 6  3
190985 6  3
190986 6  3
190987 6  3
190988 6  3
190989 6  3
190990 6  3
190991 6  3
190992 6  3
190993 6  3
190994 6  3
190995 6  3
190996 6  3
190997 6  3
190998 6  3
190999 6  3
191000 6  3
191001 6  3
191002 6  3
191003 6  3
191004 6  3
191005 6  3
191006 6  3
191007 6  3
191008 6  3
191009 6  3
191010 6  3
191011 6  3
191012 6  3
191013 6  3
191014 6  3
191015 6  3
191016 6  3
191017 6  3
191018 6  3
191019 6  3
191020 6  3
191021 6  3
191022 6  3
191023 6  3
191024 6  3
191025 6  3
191026 6  3
191027 6  3
191028 6  3
191029 6  3
191030 6  3
191031 6  3
191032 6  3
191033 6  3
191034 6  3
191035 6  3
191036 6  3
191037 6  3
191038 6  3
191039 6  3
191040 6  3
191041 6  3
191042 6  3
191043 6  3
191044 6  3
191045 6  3
191046 6  3
191047 6  3
191048 6  3
191049 6  3
191050 6  3
191051 6  3
191052 6  3
191053 6  3
191054 6  3
191055 6  3
191056 6  3
191057 6  3
191058 6  3
191059 6  3
191060 6  3
191061 6  3
191062 6  3
191063 6  3
191064 6  3
191065 6  3
191066 6  3
191067 6  3
191068 6  3
191069 6  3
191070 6  3
191071 6  3
191072 6  3
191073 6  3
191074 6  3
191075 6  3
191076 6  3
191077 6  3
191078 6  3
191079 6  3
191080 6  3
191081 6  3
191082 6  3
191083 6  3
191084 6  3
191085 6  3
191086 6  3
191087 6  3
191088 6  3
191089 6  3
191090 6  3
191091 6  3
191092 6  3
191093 6  3
191094 6  3
191095 6  3
191096 6  3
191097 6  3
191098 6  3
191099 6  3
191100 6  3
191101 6  3
191102 6  3
191103 6  3
191104 6  3
191105 6  3
191106 6  3
191107 6  3
191108 6  3
191109 6  3
191110 6  3
191111 6  3
191112 6  3
191113 6  3
191114 6  3
191115 6  3
191116 6  3
191117 6  3
191118 6  3
191119 6  3
191120 6  3
191121 6  3
191122 6  3
191123 6  3
191124 6  3
191125 6  3
191126 6  3
191127 6  3
191128 6  3
191129 6  3
191130 6  3
191131 6  3
191132 6  3
191133 6  3
191134 6  3
191135 6  3
191136 6  3
191137 6  3
191138 6  3
191139 6  3
191140 6  3
191141 6  3
191142 6  3
191143 6  3
191144 6  3
191145 6  3
191146 6  3
191147 6  3
191148 6  3
191149 6  3
191150 6  3
191151 6  3
191152 6  3
191153 6  3
191154 6  3
191155 6  3
191156 6  3
191157 6  3
191158 6  3
191159 6  3
191160 6  3
191161 6  3
191162 6  3
191163 6  3
191164 6  3
191165 6  3
191166 6  3
191167 6  3
191168 6  3
191169 6  3
191170 6  3
191171 6  3
191172 6  3
191173 6  3
191174 6  3
191175 6  3
191176 6  3
191177 6  3
191178 6  3
191179 6  3
191180 6  3
191181 6  3
191182 6  3
191183 6  3
191184 6  3
191185 6  3
191186 6  3
191187 6  3
191188 6  3
191189 6  3
191190 6  3
191191 6  3
191192 6  3
191193 6  3
191194 6  3
191195 6  3
191196 6  3
191197 6  3
191198 6  3
191199 6  3
191200 6  3
191201 6  3
191202 6  3
191203 6  3
191204 6  3
191205 6  3
191206 6  3
191207 6  3
191208 6  3
191209 6  3
191210 6  3
191211 6  3
191212 6  3
191213 6  3
191214 6  3
191215 6  3
191216 6  3
191217 6  3
191218 6  3
191219 6  3
191220 6  3
191221 6  3
191222 6  3
191223 6  3
191224 6  3
191225 6  3
191226 6  3
191227 6  3
191228 6  3
191229 6  3
191230 6  3
191231 6  3
191232 6  3
191233 6  3
191234 6  3
191235 6  3
191236 6  3
191237 6  3
191238 6  3
191239 6  3
191240 6  3
191241 6  3
191242 6  3
191243 6  3
191244 6  3
191245 6  3
191246 6  3
191247 6  3
191248 6  3
191249 6  3
191250 6  3
191251 6  3
191252 6  3
191253 6  3
191254 6  3
191255 6  3
191256 6  3
191257 6  3
191258 6  3
191259 6  3
191260 6  3
191261 6  3
191262 6  3
191263 6  3
191264 6  3
191265 6  3
191266 6  3
191267 6  3
191268 6  3
191269 6  3
191270 6  3
191271 6  3
191272 6  3
191273 6  3
191274 6  3
191275 6  3
191276 6  3
191277 6  3
191278 6  3
191279 6  3
191280 6  3
191281 6  3
191282 6  3
191283 6  3
191284 6  3
191285 6  3
191286 6  3
191287 6  3
191288 6  3
191289 6  3
191290 6  3
191291 6  3
191292 6  3
191293 6  3
191294 6  3
191295 6  3
191296 6  3
191297 6  3
191298 6  3
191299 6  3
191300 6  3
191301 6  3
191302 6  3
191303 6  3
191304 6  3
191305 6  3
191306 6  3
191307 6  3
191308 6  3
191309 6  3
191310 6  3
191311 6  3
191312 6  3
191313 6  3
191314 6  3
191315 6  3
191316 6  3
191317 6  3
191318 6  3
191319 6  3
191320 6  3
191321 6  3
191322 6  3
191323 6  3
191324 6  3
191325 6  3
191326 6  3
191327 6  3
191328 6  3
191329 6  3
191330 6  3
191331 6  3
191332 6  3
191333 6  3
191334 6  3
191335 6  3
191336 6  3
191337 6  3
191338 6  3
191339 6  3
191340 6  3
191341 6  3
191342 6  3
191343 6  3
191344 6  3
191345 6  3
191346 6  3
191347 6  3
191348 6  3
191349 6  3
191350 6  3
191351 6  3
191352 6  3
191353 6  3
191354 6  3
191355 6  3
191356 6  3
191357 6  3
191358 6  3
191359 6  3
191360 6  3
191361 6  3
191362 6  3
191363 6  3
191364 6  3
191365 6  3
191366 6  3
191367 6  3
191368 6  3
191369 6  3
191370 6  3
191371 6  3
191372 6  3
191373 6  3
191374 6  3
191375 6  3
191376 6  3
191377 6  3
191378 6  3
191379 6  3
191380 6  3
191381 6  3
191382 6  3
191383 6  3
191384 6  3
191385 6  3
191386 6  3
191387 6  3
191388 6  3
191389 6  3
191390 6  3
191391 6  3
191392 6  3
191393 6  3
191394 6  3
191395 6  3
191396 6  3
191397 6  3
191398 6  3
191399 6  3
191400 6  3
191401 6  3
191402 6  3
191403 6  3
191404 6  3
191405 6  3
191406 6  3
191407 6  3
191408 6  3
191409 6  3
191410 6  3
191411 6  3
191412 6  3
191413 6  3
191414 6  3
191415 6  3
191416 6  3
191417 6  3
191418 6  3
191419 6  3
191420 6  3
191421 6  3
191422 6  3
191423 6  3
191424 6  3
191425 6  3
191426 6  3
191427 6  3
191428 6  3
191429 6  3
191430 6  3
191431 6  3
191432 6  3
191433 6  3
191434 6  3
191435 6  3
191436 6  3
191437 6  3
191438 6  3
191439 6  3
191440 6  3
191441 6  3
191442 6  3
191443 6  3
191444 6  3
191445 6  3
191446 6  3
191447 6  3
191448 6  3
191449 6  3
191450 6  3
191451 6  3
191452 6  3
191453 6  3
191454 6  3
191455 6  3
191456 6  3
191457 6  3
191458 6  3
191459 6  3
191460 6  3
191461 6  3
191462 6  3
191463 6  3
191464 6  3
191465 6  3
191466 6  3
191467 6  3
191468 6  3
191469 6  3
191470 6  3
191471 6  3
191472 6  3
191473 6  3
191474 6  3
191475 6  3
191476 6  3
191477 6  3
191478 6  3
191479 6  3
191480 6  3
191481 6  3
191482 6  3
191483 6  3
191484 6  3
191485 6  3
191486 6  3
191487 6  3
191488 6  3
191489 6  3
191490 6  3
191491 6  3
191492 6  3
191493 6  3
191494 6  3
191495 6  3
191496 6  3
191497 6  3
191498 6  3
191499 6  3
191500 6  3
191501 6  3
191502 6  3
191503 6  3
191504 6  3
191505 6  3
191506 6  3
191507 6  3
191508 6  3
191509 6  3
191510 6  3
191511 6  3
191512 6  3
191513 6  3
191514 6  3
191515 6  3
191516 6  3
191517 6  3
191518 6  3
191519 6  3
191520 6  3
191521 6  3
191522 6  3
191523 6  3
191524 6  3
191525 6  3
191526 6  3
191527 6  3
191528 6  3
191529 6  3
191530 6  3
191531 6  3
191532 6  3
191533 6  3
191534 6  3
191535 6  3
191536 6  3
191537 6  3
191538 6  3
191539 6  3
191540 6  3
191541 6  3
191542 6  3
191543 6  3
191544 6  3
191545 6  3
191546 6  3
191547 6  3
191548 6  3
191549 6  3
191550 6  3
191551 6  3
191552 6  3
191553 6  3
191554 6  3
191555 6  3
191556 6  3
191557 6  3
191558 6  3
191559 6  3
191560 6  3
191561 6  3
191562 6  3
191563 6  3
191564 6  3
191565 6  3
191566 6  3
191567 6  3
191568 6  3
191569 6  3
191570 6  3
191571 6  3
191572 6  3
191573 6  3
191574 6  3
191575 6  3
191576 6  3
191577 6  3
191578 6  3
191579 6  3
191580 6  3
191581 6  3
191582 6  3
191583 6  3
191584 6  3
191585 6  3
191586 6  3
191587 6  3
191588 6  3
191589 6  3
191590 6  3
191591 6  3
191592 6  3
191593 6  3
191594 6  3
191595 6  3
191596 6  3
191597 6  3
191598 6  3
191599 6  3
191600 6  3
191601 6  3
191602 6  3
191603 6  3
191604 6  3
191605 6  3
191606 6  3
191607 6  3
191608 6  3
191609 6  3
191610 6  3
191611 6  3
191612 6  3
191613 6  3
191614 6  3
191615 6  3
191616 6  3
191617 6  3
191618 6  3
191619 6  3
191620 6  3
191621 6  3
191622 6  3
191623 6  3
191624 6  3
191625 6  3
191626 6  3
191627 6  3
191628 6  3
191629 6  3
191630 6  3
191631 6  3
191632 6  3
191633 6  3
191634 6  3
191635 6  3
191636 6  3
191637 6  3
191638 6  3
191639 6  3
191640 6  3
191641 6  3
191642 6  3
191643 6  3
191644 6  3
191645 6  3
191646 6  3
191647 6  3
191648 6  3
191649 6  3
191650 6  3
191651 6  3
191652 6  3
191653 6  3
191654 6  3
191655 6  3
191656 6  3
191657 6  3
191658 6  3
191659 6  3
191660 6  3
191661 6  3
191662 6  3
191663 6  3
191664 6  3
191665 6  3
191666 6  3
191667 6  3
191668 6  3
191669 6  3
191670 6  3
191671 6  3
191672 6  3
191673 6  3
191674 6  3
191675 6  3
191676 6  3
191677 6  3
191678 6  3
191679 6  3
191680 6  3
191681 6  3
191682 6  3
191683 6  3
191684 6  3
191685 6  3
191686 6  3
191687 6  3
191688 6  3
191689 6  3
191690 6  3
191691 6  3
191692 6  3
191693 6  3
191694 6  3
191695 6  3
191696 6  3
191697 6  3
191698 6  3
191699 6  3
191700 6  3
191701 6  3
191702 6  3
191703 6  3
191704 6  3
191705 6  3
191706 6  3
191707 6  3
191708 6  3
191709 6  3
191710 6  3
191711 6  3
191712 6  3
191713 6  3
191714 6  3
191715 6  3
191716 6  3
191717 6  3
191718 6  3
191719 6  3
191720 6  3
191721 6  3
191722 6  3
191723 6  3
191724 6  3
191725 6  3
191726 6  3
191727 6  3
191728 6  3
191729 6  3
191730 6  3
191731 6  3
191732 6  3
191733 6  3
191734 6  3
191735 6  3
191736 6  3
191737 6  3
191738 6  3
191739 6  3
191740 6  3
191741 6  3
191742 6  3
191743 6  3
191744 6  3
191745 6  3
191746 6  3
191747 6  3
191748 6  3
191749 6  3
191750 6  3
191751 6  3
191752 6  3
191753 6  3
191754 6  3
191755 6  3
191756 6  3
191757 6  3
191758 6  3
191759 6  3
191760 6  3
191761 6  3
191762 6  3
191763 6  3
191764 6  3
191765 6  3
191766 6  3
191767 6  3
191768 6  3
191769 6  3
191770 6  3
191771 6  3
191772 6  3
191773 6  3
191774 6  3
191775 6  3
191776 6  3
191777 6  3
191778 6  3
191779 6  3
191780 6  3
191781 6  3
191782 6  3
191783 6  3
191784 6  3
191785 6  3
191786 6  3
191787 6  3
191788 6  3
191789 6  3
191790 6  3
191791 6  3
191792 6  3
191793 6  3
191794 6  3
191795 6  3
191796 6  3
191797 6  3
191798 6  3
191799 6  3
191800 6  3
191801 6  3
191802 6  3
191803 6  3
191804 6  3
191805 6  3
191806 6  3
191807 6  3
191808 6  3
191809 6  3
191810 6  3
191811 6  3
191812 6  3
191813 6  3
191814 6  3
191815 6  3
191816 6  3
191817 6  3
191818 6  3
191819 6  3
191820 6  3
191821 6  3
191822 6  3
191823 6  3
191824 6  3
191825 6  3
191826 6  3
191827 6  3
191828 6  3
191829 6  3
191830 6  3
191831 6  3
191832 6  3
191833 6  3
191834 6  3
191835 6  3
191836 6  3
191837 6  3
191838 6  3
191839 6  3
191840 6  3
191841 6  3
191842 6  3
191843 6  3
191844 6  3
191845 6  3
191846 6  3
191847 6  3
191848 6  3
191849 6  3
191850 6  3
191851 6  3
191852 6  3
191853 6  3
191854 6  3
191855 6  3
191856 6  3
191857 6  3
191858 6  3
191859 6  3
191860 6  3
191861 6  3
191862 6  3
191863 6  3
191864 6  3
191865 6  3
191866 6  3
191867 6  3
191868 6  3
191869 6  3
191870 6  3
191871 6  3
191872 6  3
191873 6  3
191874 6  3
191875 6  3
191876 6  3
191877 6  3
191878 6  3
191879 6  3
191880 6  3
191881 6  3
191882 6  3
191883 6  3
191884 6  3
191885 6  3
191886 6  3
191887 6  3
191888 6  3
191889 6  3
191890 6  3
191891 6  3
191892 6  3
191893 6  3
191894 6  3
191895 6  3
191896 6  3
191897 6  3
191898 6  3
191899 6  3
191900 6  3
191901 6  3
191902 6  3
191903 6  3
191904 6  3
191905 6  3
191906 6  3
191907 6  3
191908 6  3
191909 6  3
191910 6  3
191911 6  3
191912 6  3
191913 6  3
191914 6  3
191915 6  3
191916 6  3
191917 6  3
191918 6  3
191919 6  3
191920 6  3
191921 6  3
191922 6  3
191923 6  3
191924 6  3
191925 6  3
191926 6  3
191927 6  3
191928 6  3
191929 6  3
191930 6  3
191931 6  3
191932 6  3
191933 6  3
191934 6  3
191935 6  3
191936 6  3
191937 6  3
191938 6  3
191939 6  3
191940 6  3
191941 6  3
191942 6  3
191943 6  3
191944 6  3
191945 6  3
191946 6  3
191947 6  3
191948 6  3
191949 6  3
191950 6  3
191951 6  3
191952 6  3
191953 6  3
191954 6  3
191955 6  3
191956 6  3
191957 6  3
191958 6  3
191959 6  3
191960 6  3
191961 6  3
191962 6  3
191963 6  3
191964 6  3
191965 6  3
191966 6  3
191967 6  3
191968 6  3
191969 6  3
191970 6  3
191971 6  3
191972 6  3
191973 6  3
191974 6  3
191975 6  3
191976 6  3
191977 6  3
191978 6  3
191979 6  3
191980 6  3
191981 6  3
191982 6  3
191983 6  3
191984 6  3
191985 6  3
191986 6  3
191987 6  3
191988 6  3
191989 6  3
191990 6  3
191991 6  3
191992 6  3
191993 6  3
191994 6  3
191995 6  3
191996 6  3
191997 6  3
191998 6  3
191999 6  3
192000 6  3
192001 6  3
192002 6  3
192003 6  3
192004 6  3
192005 6  3
192006 6  3
192007 6  3
192008 6  3
192009 6  3
192010 6  3
192011 6  3
192012 6  3
192013 6  3
192014 6  3
192015 6  3
192016 6  3
192017 6  3
192018 6  3
192019 6  3
192020 6  3
192021 6  3
192022 6  3
192023 6  3
192024 6  3
192025 6  3
192026 6  3
192027 6  3
192028 6  3
192029 6  3
192030 6  3
192031 6  3
192032 6  3
192033 6  3
192034 6  3
192035 6  3
192036 6  3
192037 6  3
192038 6  3
192039 6  3
192040 6  3
192041 6  3
192042 6  3
192043 6  3
192044 6  3
192045 6  3
192046 6  3
192047 6  3
192048 6  3
192049 6  3
192050 6  3
192051 6  3
192052 6  3
192053 6  3
192054 6  3
192055 6  3
192056 6  3
192057 6  3
192058 6  3
192059 6  3
192060 6  3
192061 6  3
192062 6  3
192063 6  3
192064 6  3
192065 6  3
192066 6  3
192067 6  3
192068 6  3
192069 6  3
192070 6  3
192071 6  3
192072 6  3
192073 6  3
192074 6  3
192075 6  3
192076 6  3
192077 6  3
192078 6  3
192079 6  3
192080 6  3
192081 6  3
192082 6  3
192083 6  3
192084 6  3
192085 6  3
192086 6  3
192087 6  3
192088 6  3
192089 6  3
192090 6  3
192091 6  3
192092 6  3
192093 6  3
192094 6  3
192095 6  3
192096 6  3
192097 6  3
192098 6  3
192099 6  3
192100 6  3
192101 6  3
192102 6  3
192103 6  3
192104 6  3
192105 6  3
192106 6  3
192107 6  3
192108 6  3
192109 6  3
192110 6  3
192111 6  3
192112 6  3
192113 6  3
192114 6  3
192115 6  3
192116 6  3
192117 6  3
192118 6  3
192119 6  3
192120 6  3
192121 6  3
192122 6  3
192123 6  3
192124 6  3
192125 6  3
192126 6  3
192127 6  3
192128 6  3
192129 6  3
192130 6  3
192131 6  3
192132 6  3
192133 6  3
192134 6  3
192135 6  3
192136 6  3
192137 6  3
192138 6  3
192139 6  3
192140 6  3
192141 6  3
192142 6  3
192143 6  3
192144 6  3
192145 6  3
192146 6  3
192147 6  3
192148 6  3
192149 6  3
192150 6  3
192151 6  3
192152 6  3
192153 6  3
192154 6  3
192155 6  3
192156 6  3
192157 6  3
192158 6  3
192159 6  3
192160 6  3
192161 6  3
192162 6  3
192163 6  3
192164 6  3
192165 6  3
192166 6  3
192167 6  3
192168 6  3
192169 6  3
192170 6  3
192171 6  3
192172 6  3
192173 6  3
192174 6  3
192175 6  3
192176 6  3
192177 6  3
192178 6  3
192179 6  3
192180 6  3
192181 6  3
192182 6  3
192183 6  3
192184 6  3
192185 6  3
192186 6  3
192187 6  3
192188 6  3
192189 6  3
192190 6  3
192191 6  3
192192 6  3
192193 6  3
192194 6  3
192195 6  3
192196 6  3
192197 6  3
192198 6  3
192199 6  3
192200 6  3
192201 6  3
192202 6  3
192203 6  3
192204 6  3
192205 6  3
192206 6  3
192207 6  3
192208 6  3
192209 6  3
192210 6  3
192211 6  3
192212 6  3
192213 6  3
192214 6  3
192215 6  3
192216 6  3
192217 6  3
192218 6  3
192219 6  3
192220 6  3
192221 6  3
192222 6  3
192223 6  3
192224 6  3
192225 6  3
192226 6  3
192227 6  3
192228 6  3
192229 6  3
192230 6  3
192231 6  3
192232 6  3
192233 6  3
192234 6  3
192235 6  3
192236 6  3
192237 6  3
192238 6  3
192239 6  3
192240 6  3
192241 6  3
192242 6  3
192243 6  3
192244 6  3
192245 6  3
192246 6  3
192247 6  3
192248 6  3
192249 6  3
192250 6  3
192251 6  3
192252 6  3
192253 6  3
192254 6  3
192255 6  3
192256 6  3
192257 6  3
192258 6  3
192259 6  3
192260 6  3
192261 6  3
192262 6  3
192263 6  3
192264 6  3
192265 6  3
192266 6  3
192267 6  3
192268 6  3
192269 6  3
192270 6  3
192271 6  3
192272 6  3
192273 6  3
192274 6  3
192275 6  3
192276 6  3
192277 6  3
192278 6  3
192279 6  3
192280 6  3
192281 6  3
192282 6  3
192283 6  3
192284 6  3
192285 6  3
192286 6  3
192287 6  3
192288 6  3
192289 6  3
192290 6  3
192291 6  3
192292 6  3
192293 6  3
192294 6  3
192295 6  3
192296 6  3
192297 6  3
192298 6  3
192299 6  3
192300 6  3
192301 6  3
192302 6  3
192303 6  3
192304 6  3
192305 6  3
192306 6  3
192307 6  3
192308 6  3
192309 6  3
192310 6  3
192311 6  3
192312 6  3
192313 6  3
192314 6  3
192315 6  3
192316 6  3
192317 6  3
192318 6  3
192319 6  3
192320 6  3
192321 6  3
192322 6  3
192323 6  3
192324 6  3
192325 6  3
192326 6  3
192327 6  3
192328 6  3
192329 6  3
192330 6  3
192331 6  3
192332 6  3
192333 6  3
192334 6  3
192335 6  3
192336 6  3
192337 6  3
192338 6  3
192339 6  3
192340 6  3
192341 6  3
192342 6  3
192343 6  3
192344 6  3
192345 6  3
192346 6  3
192347 6  3
192348 6  3
192349 6  3
192350 6  3
192351 6  3
192352 6  3
192353 6  3
192354 6  3
192355 6  3
192356 6  3
192357 6  3
192358 6  3
192359 6  3
192360 6  3
192361 6  3
192362 6  3
192363 6  3
192364 6  3
192365 6  3
192366 6  3
192367 6  3
192368 6  3
192369 6  3
192370 6  3
192371 6  3
192372 6  3
192373 6  3
192374 6  3
192375 6  3
192376 6  3
192377 6  3
192378 6  3
192379 6  3
192380 6  3
192381 6  3
192382 6  3
192383 6  3
192384 6  3
192385 6  3
192386 6  3
192387 6  3
192388 6  3
192389 6  3
192390 6  3
192391 6  3
192392 6  3
192393 6  3
192394 6  3
192395 6  3
192396 6  3
192397 6  3
192398 6  3
192399 6  3
192400 6  3
192401 6  3
192402 6  3
192403 6  3
192404 6  3
192405 6  3
192406 6  3
192407 6  3
192408 6  3
192409 6  3
192410 6  3
192411 6  3
192412 6  3
192413 6  3
192414 6  3
192415 6  3
192416 6  3
192417 6  3
192418 6  3
192419 6  3
192420 6  3
192421 6  3
192422 6  3
192423 6  3
192424 6  3
192425 6  3
192426 6  3
192427 6  3
192428 6  3
192429 6  3
192430 6  3
192431 6  3
192432 6  3
192433 6  3
192434 6  3
192435 6  3
192436 6  3
192437 6  3
192438 6  3
192439 6  3
192440 6  3
192441 6  3
192442 6  3
192443 6  3
192444 6  3
192445 6  3
192446 6  3
192447 6  3
192448 6  3
192449 6  3
192450 6  3
192451 6  3
192452 6  3
192453 6  3
192454 6  3
192455 6  3
192456 6  3
192457 6  3
192458 6  3
192459 6  3
192460 6  3
192461 6  3
192462 6  3
192463 6  3
192464 6  3
192465 6  3
192466 6  3
192467 6  3
192468 6  3
192469 6  3
192470 6  3
192471 6  3
192472 6  3
192473 6  3
192474 6  3
192475 6  3
192476 6  3
192477 6  3
192478 6  3
192479 6  3
192480 6  3
192481 6  3
192482 6  3
192483 6  3
192484 6  3
192485 6  3
192486 6  3
192487 6  3
192488 6  3
192489 6  3
192490 6  3
192491 6  3
192492 6  3
192493 6  3
192494 6  3
192495 6  3
192496 6  3
192497 6  3
192498 6  3
192499 6  3
192500 6  3
192501 6  3
192502 6  3
192503 6  3
192504 6  3
192505 6  3
192506 6  3
192507 6  3
192508 6  3
192509 6  3
192510 6  3
192511 6  3
192512 6  3
192513 6  3
192514 6  3
192515 6  3
192516 6  3
192517 6  3
192518 6  3
192519 6  3
192520 6  3
192521 6  3
192522 6  3
192523 6  3
192524 6  3
192525 6  3
192526 6  3
192527 6  3
192528 6  3
192529 6  3
192530 6  3
192531 6  3
192532 6  3
192533 6  3
192534 6  3
192535 6  3
192536 6  3
192537 6  3
192538 6  3
192539 6  3
192540 6  3
192541 6  3
192542 6  3
192543 6  3
192544 6  3
192545 6  3
192546 6  3
192547 6  3
192548 6  3
192549 6  3
192550 6  3
192551 6  3
192552 6  3
192553 6  3
192554 6  3
192555 6  3
192556 6  3
192557 6  3
192558 6  3
192559 6  3
192560 6  3
192561 6  3
192562 6  3
192563 6  3
192564 6  3
192565 6  3
192566 6  3
192567 6  3
192568 6  3
192569 6  3
192570 6  3
192571 6  3
192572 6  3
192573 6  3
192574 6  3
192575 6  3
192576 6  3
192577 6  3
192578 6  3
192579 6  3
192580 6  3
192581 6  3
192582 6  3
192583 6  3
192584 6  3
192585 6  3
192586 6  3
192587 6  3
192588 6  3
192589 6  3
192590 6  3
192591 6  3
192592 6  3
192593 6  3
192594 6  3
192595 6  3
192596 6  3
192597 6  3
192598 6  3
192599 6  3
192600 6  3
192601 6  3
192602 6  3
192603 6  3
192604 6  3
192605 6  3
192606 6  3
192607 6  3
192608 6  3
192609 6  3
192610 6  3
192611 6  3
192612 6  3
192613 6  3
192614 6  3
192615 6  3
192616 6  3
192617 6  3
192618 6  3
192619 6  3
192620 6  3
192621 6  3
192622 6  3
192623 6  3
192624 6  3
192625 6  3
192626 6  3
192627 6  3
192628 6  3
192629 6  3
192630 6  3
192631 6  3
192632 6  3
192633 6  3
192634 6  3
192635 6  3
192636 6  3
192637 6  3
192638 6  3
192639 6  3
192640 6  3
192641 6  3
192642 6  3
192643 6  3
192644 6  3
192645 6  3
192646 6  3
192647 6  3
192648 6  3
192649 6  3
192650 6  3
192651 6  3
192652 6  3
192653 6  3
192654 6  3
192655 6  3
192656 6  3
192657 6  3
192658 6  3
192659 6  3
192660 6  3
192661 6  3
192662 6  3
192663 6  3
192664 6  3
192665 6  3
192666 6  3
192667 6  3
192668 6  3
192669 6  3
192670 6  3
192671 6  3
192672 6  3
192673 6  3
192674 6  3
192675 6  3
192676 6  3
192677 6  3
192678 6  3
192679 6  3
192680 6  3
192681 6  3
192682 6  3
192683 6  3
192684 6  3
192685 6  3
192686 6  3
192687 6  3
192688 6  3
192689 6  3
192690 6  3
192691 6  3
192692 6  3
192693 6  3
192694 6  3
192695 6  3
192696 6  3
192697 6  3
192698 6  3
192699 6  3
192700 6  3
192701 6  3
192702 6  3
192703 6  3
192704 6  3
192705 6  3
192706 6  3
192707 6  3
192708 6  3
192709 6  3
192710 6  3
192711 6  3
192712 6  3
192713 6  3
192714 6  3
192715 6  3
192716 6  3
192717 6  3
192718 6  3
192719 6  3
192720 6  3
192721 6  3
192722 6  3
192723 6  3
192724 6  3
192725 6  3
192726 6  3
192727 6  3
192728 6  3
192729 6  3
192730 6  3
192731 6  3
192732 6  3
192733 6  3
192734 6  3
192735 6  3
192736 6  3
192737 6  3
192738 6  3
192739 6  3
192740 6  3
192741 6  3
192742 6  3
192743 6  3
192744 6  3
192745 6  3
192746 6  3
192747 6  3
192748 6  3
192749 6  3
192750 6  3
192751 6  3
192752 6  3
192753 6  3
192754 6  3
192755 6  3
192756 6  3
192757 6  3
192758 6  3
192759 6  3
192760 6  3
192761 6  3
192762 6  3
192763 6  3
192764 6  3
192765 6  3
192766 6  3
192767 6  3
192768 6  3
192769 6  3
192770 6  3
192771 6  3
192772 6  3
192773 6  3
192774 6  3
192775 6  3
192776 6  3
192777 6  3
192778 6  3
192779 6  3
192780 6  3
192781 6  3
192782 6  3
192783 6  3
192784 6  3
192785 6  3
192786 6  3
192787 6  3
192788 6  3
192789 6  3
192790 6  3
192791 6  3
192792 6  3
192793 6  3
192794 6  3
192795 6  3
192796 6  3
192797 6  3
192798 6  3
192799 6  3
192800 6  3
192801 6  3
192802 6  3
192803 6  3
192804 6  3
192805 6  3
192806 6  3
192807 6  3
192808 6  3
192809 6  3
192810 6  3
192811 6  3
192812 6  3
192813 6  3
192814 6  3
192815 6  3
192816 6  3
192817 6  3
192818 6  3
192819 6  3
192820 6  3
192821 6  3
192822 6  3
192823 6  3
192824 6  3
192825 6  3
192826 6  3
192827 6  3
192828 6  3
192829 6  3
192830 6  3
192831 6  3
192832 6  3
192833 6  3
192834 6  3
192835 6  3
192836 6  3
192837 6  3
192838 6  3
192839 6  3
192840 6  3
192841 6  3
192842 6  3
192843 6  3
192844 6  3
192845 6  3
192846 6  3
192847 6  3
192848 6  3
192849 6  3
192850 6  3
192851 6  3
192852 6  3
192853 6  3
192854 6  3
192855 6  3
192856 6  3
192857 6  3
192858 6  3
192859 6  3
192860 6  3
192861 6  3
192862 6  3
192863 6  3
192864 6  3
192865 6  3
192866 6  3
192867 6  3
192868 6  3
192869 6  3
192870 6  3
192871 6  3
192872 6  3
192873 6  3
192874 6  3
192875 6  3
192876 6  3
192877 6  3
192878 6  3
192879 6  3
192880 6  3
192881 6  3
192882 6  3
192883 6  3
192884 6  3
192885 6  3
192886 6  3
192887 6  3
192888 6  3
192889 6  3
192890 6  3
192891 6  3
192892 6  3
192893 6  3
192894 6  3
192895 6  3
192896 6  3
192897 6  3
192898 6  3
192899 6  3
192900 6  3
192901 6  3
192902 6  3
192903 6  3
192904 6  3
192905 6  3
192906 6  3
192907 6  3
192908 6  3
192909 6  3
192910 6  3
192911 6  3
192912 6  3
192913 6  3
192914 6  3
192915 6  3
192916 6  3
192917 6  3
192918 6  3
192919 6  3
192920 6  3
192921 6  3
192922 6  3
192923 6  3
192924 6  3
192925 6  3
192926 6  3
192927 6  3
192928 6  3
192929 6  3
192930 6  3
192931 6  3
192932 6  3
192933 6  3
192934 6  3
192935 6  3
192936 6  3
192937 6  3
192938 6  3
192939 6  3
192940 6  3
192941 6  3
192942 6  3
192943 6  3
192944 6  3
192945 6  3
192946 6  3
192947 6  3
192948 6  3
192949 6  3
192950 6  3
192951 6  3
192952 6  3
192953 6  3
192954 6  3
192955 6  3
192956 6  3
192957 6  3
192958 6  3
192959 6  3
192960 6  3
192961 6  3
192962 6  3
192963 6  3
192964 6  3
192965 6  3
192966 6  3
192967 6  3
192968 6  3
192969 6  3
192970 6  3
192971 6  3
192972 6  3
192973 6  3
192974 6  3
192975 6  3
192976 6  3
192977 6  3
192978 6  3
192979 6  3
192980 6  3
192981 6  3
192982 6  3
192983 6  3
192984 6  3
192985 6  3
192986 6  3
192987 6  3
192988 6  3
192989 6  3
192990 6  3
192991 6  3
192992 6  3
192993 6  3
192994 6  3
192995 6  3
192996 6  3
192997 6  3
192998 6  3
192999 6  3
193000 6  3
193001 6  3
193002 6  3
193003 6  3
193004 6  3
193005 6  3
193006 6  3
193007 6  3
193008 6  3
193009 6  3
193010 6  3
193011 6  3
193012 6  3
193013 6  3
193014 6  3
193015 6  3
193016 6  3
193017 6  3
193018 6  3
193019 6  3
193020 6  3
193021 6  3
193022 6  3
193023 6  3
193024 6  3
193025 6  3
193026 6  3
193027 6  3
193028 6  3
193029 6  3
193030 6  3
193031 6  3
193032 6  3
193033 6  3
193034 6  3
193035 6  3
193036 6  3
193037 6  3
193038 6  3
193039 6  3
193040 6  3
193041 6  3
193042 6  3
193043 6  3
193044 6  3
193045 6  3
193046 6  3
193047 6  3
193048 6  3
193049 6  3
193050 6  3
193051 6  3
193052 6  3
193053 6  3
193054 6  3
193055 6  3
193056 6  3
193057 6  3
193058 6  3
193059 6  3
193060 6  3
193061 6  3
193062 6  3
193063 6  3
193064 6  3
193065 6  3
193066 6  3
193067 6  3
193068 6  3
193069 6  3
193070 6  3
193071 6  3
193072 6  3
193073 6  3
193074 6  3
193075 6  3
193076 6  3
193077 6  3
193078 6  3
193079 6  3
193080 6  3
193081 6  3
193082 6  3
193083 6  3
193084 6  3
193085 6  3
193086 6  3
193087 6  3
193088 6  3
193089 6  3
193090 6  3
193091 6  3
193092 6  3
193093 6  3
193094 6  3
193095 6  3
193096 6  3
193097 6  3
193098 6  3
193099 6  3
193100 6  3
193101 6  3
193102 6  3
193103 6  3
193104 6  3
193105 6  3
193106 6  3
193107 6  3
193108 6  3
193109 6  3
193110 6  3
193111 6  3
193112 6  3
193113 6  3
193114 6  3
193115 6  3
193116 6  3
193117 6  3
193118 6  3
193119 6  3
193120 6  3
193121 6  3
193122 6  3
193123 6  3
193124 6  3
193125 6  3
193126 6  3
193127 6  3
193128 6  3
193129 6  3
193130 6  3
193131 6  3
193132 6  3
193133 6  3
193134 6  3
193135 6  3
193136 6  3
193137 6  3
193138 6  3
193139 6  3
193140 6  3
193141 6  3
193142 6  3
193143 6  3
193144 6  3
193145 6  3
193146 6  3
193147 6  3
193148 6  3
193149 6  3
193150 6  3
193151 6  3
193152 6  3
193153 6  3
193154 6  3
193155 6  3
193156 6  3
193157 6  3
193158 6  3
193159 6  3
193160 6  3
193161 6  3
193162 6  3
193163 6  3
193164 6  3
193165 6  3
193166 6  3
193167 6  3
193168 6  3
193169 6  3
193170 6  3
193171 6  3
193172 6  3
193173 6  3
193174 6  3
193175 6  3
193176 6  3
193177 6  3
193178 6  3
193179 6  3
193180 6  3
193181 6  3
193182 6  3
193183 6  3
193184 6  3
193185 6  3
193186 6  3
193187 6  3
193188 6  3
193189 6  3
193190 6  3
193191 6  3
193192 6  3
193193 6  3
193194 6  3
193195 6  3
193196 6  3
193197 6  3
193198 6  3
193199 6  3
193200 6  3
193201 6  3
193202 6  3
193203 6  3
193204 6  3
193205 6  3
193206 6  3
193207 6  3
193208 6  3
193209 6  3
193210 6  3
193211 6  3
193212 6  3
193213 6  3
193214 6  3
193215 6  3
193216 6  3
193217 6  3
193218 6  3
193219 6  3
193220 6  3
193221 6  3
193222 6  3
193223 6  3
193224 6  3
193225 6  3
193226 6  3
193227 6  3
193228 6  3
193229 6  3
193230 6  3
193231 6  3
193232 6  3
193233 6  3
193234 6  3
193235 6  3
193236 6  3
193237 6  3
193238 6  3
193239 6  3
193240 6  3
193241 6  3
193242 6  3
193243 6  3
193244 6  3
193245 6  3
193246 6  3
193247 6  3
193248 6  3
193249 6  3
193250 6  3
193251 6  3
193252 6  3
193253 6  3
193254 6  3
193255 6  3
193256 6  3
193257 6  3
193258 6  3
193259 6  3
193260 6  3
193261 6  3
193262 6  3
193263 6  3
193264 6  3
193265 6  3
193266 6  3
193267 6  3
193268 6  3
193269 6  3
193270 6  3
193271 6  3
193272 6  3
193273 6  3
193274 6  3
193275 6  3
193276 6  3
193277 6  3
193278 6  3
193279 6  3
193280 6  3
193281 6  3
193282 6  3
193283 6  3
193284 6  3
193285 6  3
193286 6  3
193287 6  3
193288 6  3
193289 6  3
193290 6  3
193291 6  3
193292 6  3
193293 6  3
193294 6  3
193295 6  3
193296 6  3
193297 6  3
193298 6  3
193299 6  3
193300 6  3
193301 6  3
193302 6  3
193303 6  3
193304 6  3
193305 6  3
193306 6  3
193307 6  3
193308 6  3
193309 6  3
193310 6  3
193311 6  3
193312 6  3
193313 6  3
193314 6  3
193315 6  3
193316 6  3
193317 6  3
193318 6  3
193319 6  3
193320 6  3
193321 6  3
193322 6  3
193323 6  3
193324 6  3
193325 6  3
193326 6  3
193327 6  3
193328 6  3
193329 6  3
193330 6  3
193331 6  3
193332 6  3
193333 6  3
193334 6  3
193335 6  3
193336 6  3
193337 6  3
193338 6  3
193339 6  3
193340 6  3
193341 6  3
193342 6  3
193343 6  3
193344 6  3
193345 6  3
193346 6  3
193347 6  3
193348 6  3
193349 6  3
193350 6  3
193351 6  3
193352 6  3
193353 6  3
193354 6  3
193355 6  3
193356 6  3
193357 6  3
193358 6  3
193359 6  3
193360 6  3
193361 6  3
193362 6  3
193363 6  3
193364 6  3
193365 6  3
193366 6  3
193367 6  3
193368 6  3
193369 6  3
193370 6  3
193371 6  3
193372 6  3
193373 6  3
193374 6  3
193375 6  3
193376 6  3
193377 6  3
193378 6  3
193379 6  3
193380 6  3
193381 6  3
193382 6  3
193383 6  3
193384 6  3
193385 6  3
193386 6  3
193387 6  3
193388 6  3
193389 6  3
193390 6  3
193391 6  3
193392 6  3
193393 6  3
193394 6  3
193395 6  3
193396 6  3
193397 6  3
193398 6  3
193399 6  3
193400 6  3
193401 6  3
193402 6  3
193403 6  3
193404 6  3
193405 6  3
193406 6  3
193407 6  3
193408 6  3
193409 6  3
193410 6  3
193411 6  3
193412 6  3
193413 6  3
193414 6  3
193415 6  3
193416 6  3
193417 6  3
193418 6  3
193419 6  3
193420 6  3
193421 6  3
193422 6  3
193423 6  3
193424 6  3
193425 6  3
193426 6  3
193427 6  3
193428 6  3
193429 6  3
193430 6  3
193431 6  3
193432 6  3
193433 6  3
193434 6  3
193435 6  3
193436 6  3
193437 6  3
193438 6  3
193439 6  3
193440 6  3
193441 6  3
193442 6  3
193443 6  3
193444 6  3
193445 6  3
193446 6  3
193447 6  3
193448 6  3
193449 6  3
193450 6  3
193451 6  3
193452 6  3
193453 6  3
193454 6  3
193455 6  3
193456 6  3
193457 6  3
193458 6  3
193459 6  3
193460 6  3
193461 6  3
193462 6  3
193463 6  3
193464 6  3
193465 6  3
193466 6  3
193467 6  3
193468 6  3
193469 6  3
193470 6  3
193471 6  3
193472 6  3
193473 6  3
193474 6  3
193475 6  3
193476 6  3
193477 6  3
193478 6  3
193479 6  3
193480 6  3
193481 6  3
193482 6  3
193483 6  3
193484 6  3
193485 6  3
193486 6  3
193487 6  3
193488 6  3
193489 6  3
193490 6  3
193491 6  3
193492 6  3
193493 6  3
193494 6  3
193495 6  3
193496 6  3
193497 6  3
193498 6  3
193499 6  3
193500 6  3
193501 6  3
193502 6  3
193503 6  3
193504 6  3
193505 6  3
193506 6  3
193507 6  3
193508 6  3
193509 6  3
193510 6  3
193511 6  3
193512 6  3
193513 6  3
193514 6  3
193515 6  3
193516 6  3
193517 6  3
193518 6  3
193519 6  3
193520 6  3
193521 6  3
193522 6  3
193523 6  3
193524 6  3
193525 6  3
193526 6  3
193527 6  3
193528 6  3
193529 6  3
193530 6  3
193531 6  3
193532 6  3
193533 6  3
193534 6  3
193535 6  3
193536 6  3
193537 6  3
193538 6  3
193539 6  3
193540 6  3
193541 6  3
193542 6  3
193543 6  3
193544 6  3
193545 6  3
193546 6  3
193547 6  3
193548 6  3
193549 6  3
193550 6  3
193551 6  3
193552 6  3
193553 6  3
193554 6  3
193555 6  3
193556 6  3
193557 6  3
193558 6  3
193559 6  3
193560 6  3
193561 6  3
193562 6  3
193563 6  3
193564 6  3
193565 6  3
193566 6  3
193567 6  3
193568 6  3
193569 6  3
193570 6  3
193571 6  3
193572 6  3
193573 6  3
193574 6  3
193575 6  3
193576 6  3
193577 6  3
193578 6  3
193579 6  3
193580 6  3
193581 6  3
193582 6  3
193583 6  3
193584 6  3
193585 6  3
193586 6  3
193587 6  3
193588 6  3
193589 6  3
193590 6  3
193591 6  3
193592 6  3
193593 6  3
193594 6  3
193595 6  3
193596 6  3
193597 6  3
193598 6  3
193599 6  3
193600 6  3
193601 6  3
193602 6  3
193603 6  3
193604 6  3
193605 6  3
193606 6  3
193607 6  3
193608 6  3
193609 6  3
193610 6  3
193611 6  3
193612 6  3
193613 6  3
193614 6  3
193615 6  3
193616 6  3
193617 6  3
193618 6  3
193619 6  3
193620 6  3
193621 6  3
193622 6  3
193623 6  3
193624 6  3
193625 6  3
193626 6  3
193627 6  3
193628 6  3
193629 6  3
193630 6  3
193631 6  3
193632 6  3
193633 6  3
193634 6  3
193635 6  3
193636 6  3
193637 6  3
193638 6  3
193639 6  3
193640 6  3
193641 6  3
193642 6  3
193643 6  3
193644 6  3
193645 6  3
193646 6  3
193647 6  3
193648 6  3
193649 6  3
193650 6  3
193651 6  3
193652 6  3
193653 6  3
193654 6  3
193655 6  3
193656 6  3
193657 6  3
193658 6  3
193659 6  3
193660 6  3
193661 6  3
193662 6  3
193663 6  3
193664 6  3
193665 6  3
193666 6  3
193667 6  3
193668 6  3
193669 6  3
193670 6  3
193671 6  3
193672 6  3
193673 6  3
193674 6  3
193675 6  3
193676 6  3
193677 6  3
193678 6  3
193679 6  3
193680 6  3
193681 6  3
193682 6  3
193683 6  3
193684 6  3
193685 6  3
193686 6  3
193687 6  3
193688 6  3
193689 6  3
193690 6  3
193691 6  3
193692 6  3
193693 6  3
193694 6  3
193695 6  3
193696 6  3
193697 6  3
193698 6  3
193699 6  3
193700 6  3
193701 6  3
193702 6  3
193703 6  3
193704 6  3
193705 6  3
193706 6  3
193707 6  3
193708 6  3
193709 6  3
193710 6  3
193711 6  3
193712 6  3
193713 6  3
193714 6  3
193715 6  3
193716 6  3
193717 6  3
193718 6  3
193719 6  3
193720 6  3
193721 6  3
193722 6  3
193723 6  3
193724 6  3
193725 6  3
193726 6  3
193727 6  3
193728 6  3
193729 6  3
193730 6  3
193731 6  3
193732 6  3
193733 6  3
193734 6  3
193735 6  3
193736 6  3
193737 6  3
193738 6  3
193739 6  3
193740 6  3
193741 6  3
193742 6  3
193743 6  3
193744 6  3
193745 6  3
193746 6  3
193747 6  3
193748 6  3
193749 6  3
193750 6  3
193751 6  3
193752 6  3
193753 6  3
193754 6  3
193755 6  3
193756 6  3
193757 6  3
193758 6  3
193759 6  3
193760 6  3
193761 6  3
193762 6  3
193763 6  3
193764 6  3
193765 6  3
193766 6  3
193767 6  3
193768 6  3
193769 6  3
193770 6  3
193771 6  3
193772 6  3
193773 6  3
193774 6  3
193775 6  3
193776 6  3
193777 6  3
193778 6  3
193779 6  3
193780 6  3
193781 6  3
193782 6  3
193783 6  3
193784 6  3
193785 6  3
193786 6  3
193787 6  3
193788 6  3
193789 6  3
193790 6  3
193791 6  3
193792 6  3
193793 6  3
193794 6  3
193795 6  3
193796 6  3
193797 6  3
193798 6  3
193799 6  3
193800 6  3
193801 6  3
193802 6  3
193803 6  3
193804 6  3
193805 6  3
193806 6  3
193807 6  3
193808 6  3
193809 6  3
193810 6  3
193811 6  3
193812 6  3
193813 6  3
193814 6  3
193815 6  3
193816 6  3
193817 6  3
193818 6  3
193819 6  3
193820 6  3
193821 6  3
193822 6  3
193823 6  3
193824 6  3
193825 6  3
193826 6  3
193827 6  3
193828 6  3
193829 6  3
193830 6  3
193831 6  3
193832 6  3
193833 6  3
193834 6  3
193835 6  3
193836 6  3
193837 6  3
193838 6  3
193839 6  3
193840 6  3
193841 6  3
193842 6  3
193843 6  3
193844 6  3
193845 6  3
193846 6  3
193847 6  3
193848 6  3
193849 6  3
193850 6  3
193851 6  3
193852 6  3
193853 6  3
193854 6  3
193855 6  3
193856 6  3
193857 6  3
193858 6  3
193859 6  3
193860 6  3
193861 6  3
193862 6  3
193863 6  3
193864 6  3
193865 6  3
193866 6  3
193867 6  3
193868 6  3
193869 6  3
193870 6  3
193871 6  3
193872 6  3
193873 6  3
193874 6  3
193875 6  3
193876 6  3
193877 6  3
193878 6  3
193879 6  3
193880 6  3
193881 6  3
193882 6  3
193883 6  3
193884 6  3
193885 6  3
193886 6  3
193887 6  3
193888 6  3
193889 6  3
193890 6  3
193891 6  3
193892 6  3
193893 6  3
193894 6  3
193895 6  3
193896 6  3
193897 6  3
193898 6  3
193899 6  3
193900 6  3
193901 6  3
193902 6  3
193903 6  3
193904 6  3
193905 6  3
193906 6  3
193907 6  3
193908 6  3
193909 6  3
193910 6  3
193911 6  3
193912 6  3
193913 6  3
193914 6  3
193915 6  3
193916 6  3
193917 6  3
193918 6  3
193919 6  3
193920 6  3
193921 6  3
193922 6  3
193923 6  3
193924 6  3
193925 6  3
193926 6  3
193927 6  3
193928 6  3
193929 6  3
193930 6  3
193931 6  3
193932 6  3
193933 6  3
193934 6  3
193935 6  3
193936 6  3
193937 6  3
193938 6  3
193939 6  3
193940 6  3
193941 6  3
193942 6  3
193943 6  3
193944 6  3
193945 6  3
193946 6  3
193947 6  3
193948 6  3
193949 6  3
193950 6  3
193951 6  3
193952 6  3
193953 6  3
193954 6  3
193955 6  3
193956 6  3
193957 6  3
193958 6  3
193959 6  3
193960 6  3
193961 6  3
193962 6  3
193963 6  3
193964 6  3
193965 6  3
193966 6  3
193967 6  3
193968 6  3
193969 6  3
193970 6  3
193971 6  3
193972 6  3
193973 6  3
193974 6  3
193975 6  3
193976 6  3
193977 6  3
193978 6  3
193979 6  3
193980 6  3
193981 6  3
193982 6  3
193983 6  3
193984 6  3
193985 6  3
193986 6  3
193987 6  3
193988 6  3
193989 6  3
193990 6  3
193991 6  3
193992 6  3
193993 6  3
193994 6  3
193995 6  3
193996 6  3
193997 6  3
193998 6  3
193999 6  3
194000 6  3
194001 6  3
194002 6  3
194003 6  3
194004 6  3
194005 6  3
194006 6  3
194007 6  3
194008 6  3
194009 6  3
194010 6  3
194011 6  3
194012 6  3
194013 6  3
194014 6  3
194015 6  3
194016 6  3
194017 6  3
194018 6  3
194019 6  3
194020 6  3
194021 6  3
194022 6  3
194023 6  3
194024 6  3
194025 6  3
194026 6  3
194027 6  3
194028 6  3
194029 6  3
194030 6  3
194031 6  3
194032 6  3
194033 6  3
194034 6  3
194035 6  3
194036 6  3
194037 6  3
194038 6  3
194039 6  3
194040 6  3
194041 6  3
194042 6  3
194043 6  3
194044 6  3
194045 6  3
194046 6  3
194047 6  3
194048 6  3
194049 6  3
194050 6  3
194051 6  3
194052 6  3
194053 6  3
194054 6  3
194055 6  3
194056 6  3
194057 6  3
194058 6  3
194059 6  3
194060 6  3
194061 6  3
194062 6  3
194063 6  3
194064 6  3
194065 6  3
194066 6  3
194067 6  3
194068 6  3
194069 6  3
194070 6  3
194071 6  3
194072 6  3
194073 6  3
194074 6  3
194075 6  3
194076 6  3
194077 6  3
194078 6  3
194079 6  3
194080 6  3
194081 6  3
194082 6  3
194083 6  3
194084 6  3
194085 6  3
194086 6  3
194087 6  3
194088 6  3
194089 6  3
194090 6  3
194091 6  3
194092 6  3
194093 6  3
194094 6  3
194095 6  3
194096 6  3
194097 6  3
194098 6  3
194099 6  3
194100 6  3
194101 6  3
194102 6  3
194103 6  3
194104 6  3
194105 6  3
194106 6  3
194107 6  3
194108 6  3
194109 6  3
194110 6  3
194111 6  3
194112 6  3
194113 6  3
194114 6  3
194115 6  3
194116 6  3
194117 6  3
194118 6  3
194119 6  3
194120 6  3
194121 6  3
194122 6  3
194123 6  3
194124 6  3
194125 6  3
194126 6  3
194127 6  3
194128 6  3
194129 6  3
194130 6  3
194131 6  3
194132 6  3
194133 6  3
194134 6  3
194135 6  3
194136 6  3
194137 6  3
194138 6  3
194139 6  3
194140 6  3
194141 6  3
194142 6  3
194143 6  3
194144 6  3
194145 6  3
194146 6  3
194147 6  3
194148 6  3
194149 6  3
194150 6  3
194151 6  3
194152 6  3
194153 6  3
194154 6  3
194155 6  3
194156 6  3
194157 6  3
194158 6  3
194159 6  3
194160 6  3
194161 6  3
194162 6  3
194163 6  3
194164 6  3
194165 6  3
194166 6  3
194167 6  3
194168 6  3
194169 6  3
194170 6  3
194171 6  3
194172 6  3
194173 6  3
194174 6  3
194175 6  3
194176 6  3
194177 6  3
194178 6  3
194179 6  3
194180 6  3
194181 6  3
194182 6  3
194183 6  3
194184 6  3
194185 6  3
194186 6  3
194187 6  3
194188 6  3
194189 6  3
194190 6  3
194191 6  3
194192 6  3
194193 6  3
194194 6  3
194195 6  3
194196 6  3
194197 6  3
194198 6  3
194199 6  3
194200 6  3
194201 6  3
194202 6  3
194203 6  3
194204 6  3
194205 6  3
194206 6  3
194207 6  3
194208 6  3
194209 6  3
194210 6  3
194211 6  3
194212 6  3
194213 6  3
194214 6  3
194215 6  3
194216 6  3
194217 6  3
194218 6  3
194219 6  3
194220 6  3
194221 6  3
194222 6  3
194223 6  3
194224 6  3
194225 6  3
194226 6  3
194227 6  3
194228 6  3
194229 6  3
194230 6  3
194231 6  3
194232 6  3
194233 6  3
194234 6  3
194235 6  3
194236 6  3
194237 6  3
194238 6  3
194239 6  3
194240 6  3
194241 6  3
194242 6  3
194243 6  3
194244 6  3
194245 6  3
194246 6  3
194247 6  3
194248 6  3
194249 6  3
194250 6  3
194251 6  3
194252 6  3
194253 6  3
194254 6  3
194255 6  3
194256 6  3
194257 6  3
194258 6  3
194259 6  3
194260 6  3
194261 6  3
194262 6  3
194263 6  3
194264 6  3
194265 6  3
194266 6  3
194267 6  3
194268 6  3
194269 6  3
194270 6  3
194271 6  3
194272 6  3
194273 6  3
194274 6  3
194275 6  3
194276 6  3
194277 6  3
194278 6  3
194279 6  3
194280 6  3
194281 6  3
194282 6  3
194283 6  3
194284 6  3
194285 6  3
194286 6  3
194287 6  3
194288 6  3
194289 6  3
194290 6  3
194291 6  3
194292 6  3
194293 6  3
194294 6  3
194295 6  3
194296 6  3
194297 6  3
194298 6  3
194299 6  3
194300 6  3
194301 6  3
194302 6  3
194303 6  3
194304 6  3
194305 6  3
194306 6  3
194307 6  3
194308 6  3
194309 6  3
194310 6  3
194311 6  3
194312 6  3
194313 6  3
194314 6  3
194315 6  3
194316 6  3
194317 6  3
194318 6  3
194319 6  3
194320 6  3
194321 6  3
194322 6  3
194323 6  3
194324 6  3
194325 6  3
194326 6  3
194327 6  3
194328 6  3
194329 6  3
194330 6  3
194331 6  3
194332 6  3
194333 6  3
194334 6  3
194335 6  3
194336 6  3
194337 6  3
194338 6  3
194339 6  3
194340 6  3
194341 6  3
194342 6  3
194343 6  3
194344 6  3
194345 6  3
194346 6  3
194347 6  3
194348 6  3
194349 6  3
194350 6  3
194351 6  3
194352 6  3
194353 6  3
194354 6  3
194355 6  3
194356 6  3
194357 6  3
194358 6  3
194359 6  3
194360 6  3
194361 6  3
194362 6  3
194363 6  3
194364 6  3
194365 6  3
194366 6  3
194367 6  3
194368 6  3
194369 6  3
194370 6  3
194371 6  3
194372 6  3
194373 6  3
194374 6  3
194375 6  3
194376 6  3
194377 6  3
194378 6  3
194379 6  3
194380 6  3
194381 6  3
194382 6  3
194383 6  3
194384 6  3
194385 6  3
194386 6  3
194387 6  3
194388 6  3
194389 6  3
194390 6  3
194391 6  3
194392 6  3
194393 6  3
194394 6  3
194395 6  3
194396 6  3
194397 6  3
194398 6  3
194399 6  3
194400 6  3
194401 6  3
194402 6  3
194403 6  3
194404 6  3
194405 6  3
194406 6  3
194407 6  3
194408 6  3
194409 6  3
194410 6  3
194411 6  3
194412 6  3
