200 .000
44980
519057 6  3
519058 6  3
519059 6  3
519060 6  3
519061 6  3
519062 6  3
519063 6  3
519064 6  3
519065 6  3
519066 6  3
519067 6  3
519068 6  3
519069 6  3
519070 6  3
519071 6  3
519072 6  3
519073 6  3
519074 6  3
519075 6  3
519076 6  3
519077 6  3
519078 6  3
519079 6  3
519080 6  3
519081 6  3
519082 6  3
519083 6  3
519084 6  3
519085 6  3
519086 6  3
519087 6  3
519088 6  3
519089 6  3
519090 6  3
519091 6  3
519092 6  3
519093 6  3
519094 6  3
519095 6  3
519096 6  3
519097 6  3
519098 6  3
519099 6  3
519100 6  3
519101 6  3
519102 6  3
519103 6  3
519104 6  3
519105 6  3
519106 6  3
519107 6  3
519108 6  3
519109 6  3
519110 6  3
519111 6  3
519112 6  3
519113 6  3
519114 6  3
519115 6  3
519116 6  3
519117 6  3
519118 6  3
519119 6  3
519120 6  3
519121 6  3
519122 6  3
519123 6  3
519124 6  3
519125 6  3
519126 6  3
519127 6  3
519128 6  3
519129 6  3
519130 6  3
519131 6  3
519132 6  3
519133 6  3
519134 6  3
519135 6  3
519136 6  3
519137 6  3
519138 6  3
519139 6  3
519140 6  3
519141 6  3
519142 6  3
519143 6  3
519144 6  3
519145 6  3
519146 6  3
519147 6  3
519148 6  3
519149 6  3
519150 6  3
519151 6  3
519152 6  3
519153 6  3
519154 6  3
519155 6  3
519156 6  3
519157 6  3
519158 6  3
519159 6  3
519160 6  3
519161 6  3
519162 6  3
519163 6  3
519164 6  3
519165 6  3
519166 6  3
519167 6  3
519168 6  3
519169 6  3
519170 6  3
519171 6  3
519172 6  3
519173 6  3
519174 6  3
519175 6  3
519176 6  3
519177 6  3
519178 6  3
519179 6  3
519180 6  3
519181 6  3
519182 6  3
519183 6  3
519184 6  3
519185 6  3
519186 6  3
519187 6  3
519188 6  3
519189 6  3
519190 6  3
519191 6  3
519192 6  3
519193 6  3
519194 6  3
519195 6  3
519196 6  3
519197 6  3
519198 6  3
519199 6  3
519200 6  3
519201 6  3
519202 6  3
519203 6  3
519204 6  3
519205 6  3
519206 6  3
519207 6  3
519208 6  3
519209 6  3
519210 6  3
519211 6  3
519212 6  3
519213 6  3
519214 6  3
519215 6  3
519216 6  3
519217 6  3
519218 6  3
519219 6  3
519220 6  3
519221 6  3
519222 6  3
519223 6  3
519224 6  3
519225 6  3
519226 6  3
519227 6  3
519228 6  3
519229 6  3
519230 6  3
519231 6  3
519232 6  3
519233 6  3
519234 6  3
519235 6  3
519236 6  3
519237 6  3
519238 6  3
519239 6  3
519240 6  3
519241 6  3
519242 6  3
519243 6  3
519244 6  3
519245 6  3
519246 6  3
519247 6  3
519248 6  3
519249 6  3
519250 6  3
519251 6  3
519252 6  3
519253 6  3
519254 6  3
519255 6  3
519256 6  3
519257 6  3
519258 6  3
519259 6  3
519260 6  3
519261 6  3
519262 6  3
519263 6  3
519264 6  3
519265 6  3
519266 6  3
519267 6  3
519268 6  3
519269 6  3
519270 6  3
519271 6  3
519272 6  3
519273 6  3
519274 6  3
519275 6  3
519276 6  3
519277 6  3
519278 6  3
519279 6  3
519280 6  3
519281 6  3
519282 6  3
519283 6  3
519284 6  3
519285 6  3
519286 6  3
519287 6  3
519288 6  3
519289 6  3
519290 6  3
519291 6  3
519292 6  3
519293 6  3
519294 6  3
519295 6  3
519296 6  3
519297 6  3
519298 6  3
519299 6  3
519300 6  3
519301 6  3
519302 6  3
519303 6  3
519304 6  3
519305 6  3
519306 6  3
519307 6  3
519308 6  3
519309 6  3
519310 6  3
519311 6  3
519312 6  3
519313 6  3
519314 6  3
519315 6  3
519316 6  3
519317 6  3
519318 6  3
519319 6  3
519320 6  3
519321 6  3
519322 6  3
519323 6  3
519324 6  3
519325 6  3
519326 6  3
519327 6  3
519328 6  3
519329 6  3
519330 6  3
519331 6  3
519332 6  3
519333 6  3
519334 6  3
519335 6  3
519336 6  3
519337 6  3
519338 6  3
519339 6  3
519340 6  3
519341 6  3
519342 6  3
519343 6  3
519344 6  3
519345 6  3
519346 6  3
519347 6  3
519348 6  3
519349 6  3
519350 6  3
519351 6  3
519352 6  3
519353 6  3
519354 6  3
519355 6  3
519356 6  3
519357 6  3
519358 6  3
519359 6  3
519360 6  3
519361 6  3
519362 6  3
519363 6  3
519364 6  3
519365 6  3
519366 6  3
519367 6  3
519368 6  3
519369 6  3
519370 6  3
519371 6  3
519372 6  3
519373 6  3
519374 6  3
519375 6  3
519376 6  3
519377 6  3
519378 6  3
519379 6  3
519380 6  3
519381 6  3
519382 6  3
519383 6  3
519384 6  3
519385 6  3
519386 6  3
519387 6  3
519388 6  3
519389 6  3
519390 6  3
519391 6  3
519392 6  3
519393 6  3
519394 6  3
519395 6  3
519396 6  3
519397 6  3
519398 6  3
519399 6  3
519400 6  3
519401 6  3
519402 6  3
519403 6  3
519404 6  3
519405 6  3
519406 6  3
519407 6  3
519408 6  3
519409 6  3
519410 6  3
519411 6  3
519412 6  3
519413 6  3
519414 6  3
519415 6  3
519416 6  3
519417 6  3
519418 6  3
519419 6  3
519420 6  3
519421 6  3
519422 6  3
519423 6  3
519424 6  3
519425 6  3
519426 6  3
519427 6  3
519428 6  3
519429 6  3
519430 6  3
519431 6  3
519432 6  3
519433 6  3
519434 6  3
519435 6  3
519436 6  3
519437 6  3
519438 6  3
519439 6  3
519440 6  3
519441 6  3
519442 6  3
519443 6  3
519444 6  3
519445 6  3
519446 6  3
519447 6  3
519448 6  3
519449 6  3
519450 6  3
519451 6  3
519452 6  3
519453 6  3
519454 6  3
519455 6  3
519456 6  3
519457 6  3
519458 6  3
519459 6  3
519460 6  3
519461 6  3
519462 6  3
519463 6  3
519464 6  3
519465 6  3
519466 6  3
519467 6  3
519468 6  3
519469 6  3
519470 6  3
519471 6  3
519472 6  3
519473 6  3
519474 6  3
519475 6  3
519476 6  3
519477 6  3
519478 6  3
519479 6  3
519480 6  3
519481 6  3
519482 6  3
519483 6  3
519484 6  3
519485 6  3
519486 6  3
519487 6  3
519488 6  3
519489 6  3
519490 6  3
519491 6  3
519492 6  3
519493 6  3
519494 6  3
519495 6  3
519496 6  3
519497 6  3
519498 6  3
519499 6  3
519500 6  3
519501 6  3
519502 6  3
519503 6  3
519504 6  3
519505 6  3
519506 6  3
519507 6  3
519508 6  3
519509 6  3
519510 6  3
519511 6  3
519512 6  3
519513 6  3
519514 6  3
519515 6  3
519516 6  3
519517 6  3
519518 6  3
519519 6  3
519520 6  3
519521 6  3
519522 6  3
519523 6  3
519524 6  3
519525 6  3
519526 6  3
519527 6  3
519528 6  3
519529 6  3
519530 6  3
519531 6  3
519532 6  3
519533 6  3
519534 6  3
519535 6  3
519536 6  3
519537 6  3
519538 6  3
519539 6  3
519540 6  3
519541 6  3
519542 6  3
519543 6  3
519544 6  3
519545 6  3
519546 6  3
519547 6  3
519548 6  3
519549 6  3
519550 6  3
519551 6  3
519552 6  3
519553 6  3
519554 6  3
519555 6  3
519556 6  3
519557 6  3
519558 6  3
519559 6  3
519560 6  3
519561 6  3
519562 6  3
519563 6  3
519564 6  3
519565 6  3
519566 6  3
519567 6  3
519568 6  3
519569 6  3
519570 6  3
519571 6  3
519572 6  3
519573 6  3
519574 6  3
519575 6  3
519576 6  3
519577 6  3
519578 6  3
519579 6  3
519580 6  3
519581 6  3
519582 6  3
519583 6  3
519584 6  3
519585 6  3
519586 6  3
519587 6  3
519588 6  3
519589 6  3
519590 6  3
519591 6  3
519592 6  3
519593 6  3
519594 6  3
519595 6  3
519596 6  3
519597 6  3
519598 6  3
519599 6  3
519600 6  3
519601 6  3
519602 6  3
519603 6  3
519604 6  3
519605 6  3
519606 6  3
519607 6  3
519608 6  3
519609 6  3
519610 6  3
519611 6  3
519612 6  3
519613 6  3
519614 6  3
519615 6  3
519616 6  3
519617 6  3
519618 6  3
519619 6  3
519620 6  3
519621 6  3
519622 6  3
519623 6  3
519624 6  3
519625 6  3
519626 6  3
519627 6  3
519628 6  3
519629 6  3
519630 6  3
519631 6  3
519632 6  3
519633 6  3
519634 6  3
519635 6  3
519636 6  3
519637 6  3
519638 6  3
519639 6  3
519640 6  3
519641 6  3
519642 6  3
519643 6  3
519644 6  3
519645 6  3
519646 6  3
519647 6  3
519648 6  3
519649 6  3
519650 6  3
519651 6  3
519652 6  3
519653 6  3
519654 6  3
519655 6  3
519656 6  3
519657 6  3
519658 6  3
519659 6  3
519660 6  3
519661 6  3
519662 6  3
519663 6  3
519664 6  3
519665 6  3
519666 6  3
519667 6  3
519668 6  3
519669 6  3
519670 6  3
519671 6  3
519672 6  3
519673 6  3
519674 6  3
519675 6  3
519676 6  3
519677 6  3
519678 6  3
519679 6  3
519680 6  3
519681 6  3
519682 6  3
519683 6  3
519684 6  3
519685 6  3
519686 6  3
519687 6  3
519688 6  3
519689 6  3
519690 6  3
519691 6  3
519692 6  3
519693 6  3
519694 6  3
519695 6  3
519696 6  3
519697 6  3
519698 6  3
519699 6  3
519700 6  3
519701 6  3
519702 6  3
519703 6  3
519704 6  3
519705 6  3
519706 6  3
519707 6  3
519708 6  3
519709 6  3
519710 6  3
519711 6  3
519712 6  3
519713 6  3
519714 6  3
519715 6  3
519716 6  3
519717 6  3
519718 6  3
519719 6  3
519720 6  3
519721 6  3
519722 6  3
519723 6  3
519724 6  3
519725 6  3
519726 6  3
519727 6  3
519728 6  3
519729 6  3
519730 6  3
519731 6  3
519732 6  3
519733 6  3
519734 6  3
519735 6  3
519736 6  3
519737 6  3
519738 6  3
519739 6  3
519740 6  3
519741 6  3
519742 6  3
519743 6  3
519744 6  3
519745 6  3
519746 6  3
519747 6  3
519748 6  3
519749 6  3
519750 6  3
519751 6  3
519752 6  3
519753 6  3
519754 6  3
519755 6  3
519756 6  3
519757 6  3
519758 6  3
519759 6  3
519760 6  3
519761 6  3
519762 6  3
519763 6  3
519764 6  3
519765 6  3
519766 6  3
519767 6  3
519768 6  3
519769 6  3
519770 6  3
519771 6  3
519772 6  3
519773 6  3
519774 6  3
519775 6  3
519776 6  3
519777 6  3
519778 6  3
519779 6  3
519780 6  3
519781 6  3
519782 6  3
519783 6  3
519784 6  3
519785 6  3
519786 6  3
519787 6  3
519788 6  3
519789 6  3
519790 6  3
519791 6  3
519792 6  3
519793 6  3
519794 6  3
519795 6  3
519796 6  3
519797 6  3
519798 6  3
519799 6  3
519800 6  3
519801 6  3
519802 6  3
519803 6  3
519804 6  3
519805 6  3
519806 6  3
519807 6  3
519808 6  3
519809 6  3
519810 6  3
519811 6  3
519812 6  3
519813 6  3
519814 6  3
519815 6  3
519816 6  3
519817 6  3
519818 6  3
519819 6  3
519820 6  3
519821 6  3
519822 6  3
519823 6  3
519824 6  3
519825 6  3
519826 6  3
519827 6  3
519828 6  3
519829 6  3
519830 6  3
519831 6  3
519832 6  3
519833 6  3
519834 6  3
519835 6  3
519836 6  3
519837 6  3
519838 6  3
519839 6  3
519840 6  3
519841 6  3
519842 6  3
519843 6  3
519844 6  3
519845 6  3
519846 6  3
519847 6  3
519848 6  3
519849 6  3
519850 6  3
519851 6  3
519852 6  3
519853 6  3
519854 6  3
519855 6  3
519856 6  3
519857 6  3
519858 6  3
519859 6  3
519860 6  3
519861 6  3
519862 6  3
519863 6  3
519864 6  3
519865 6  3
519866 6  3
519867 6  3
519868 6  3
519869 6  3
519870 6  3
519871 6  3
519872 6  3
519873 6  3
519874 6  3
519875 6  3
519876 6  3
519877 6  3
519878 6  3
519879 6  3
519880 6  3
519881 6  3
519882 6  3
519883 6  3
519884 6  3
519885 6  3
519886 6  3
519887 6  3
519888 6  3
519889 6  3
519890 6  3
519891 6  3
519892 6  3
519893 6  3
519894 6  3
519895 6  3
519896 6  3
519897 6  3
519898 6  3
519899 6  3
519900 6  3
519901 6  3
519902 6  3
519903 6  3
519904 6  3
519905 6  3
519906 6  3
519907 6  3
519908 6  3
519909 6  3
519910 6  3
519911 6  3
519912 6  3
519913 6  3
519914 6  3
519915 6  3
519916 6  3
519917 6  3
519918 6  3
519919 6  3
519920 6  3
519921 6  3
519922 6  3
519923 6  3
519924 6  3
519925 6  3
519926 6  3
519927 6  3
519928 6  3
519929 6  3
519930 6  3
519931 6  3
519932 6  3
519933 6  3
519934 6  3
519935 6  3
519936 6  3
519937 6  3
519938 6  3
519939 6  3
519940 6  3
519941 6  3
519942 6  3
519943 6  3
519944 6  3
519945 6  3
519946 6  3
519947 6  3
519948 6  3
519949 6  3
519950 6  3
519951 6  3
519952 6  3
519953 6  3
519954 6  3
519955 6  3
519956 6  3
519957 6  3
519958 6  3
519959 6  3
519960 6  3
519961 6  3
519962 6  3
519963 6  3
519964 6  3
519965 6  3
519966 6  3
519967 6  3
519968 6  3
519969 6  3
519970 6  3
519971 6  3
519972 6  3
519973 6  3
519974 6  3
519975 6  3
519976 6  3
519977 6  3
519978 6  3
519979 6  3
519980 6  3
519981 6  3
519982 6  3
519983 6  3
519984 6  3
519985 6  3
519986 6  3
519987 6  3
519988 6  3
519989 6  3
519990 6  3
519991 6  3
519992 6  3
519993 6  3
519994 6  3
519995 6  3
519996 6  3
519997 6  3
519998 6  3
519999 6  3
520000 6  3
520001 6  3
520002 6  3
520003 6  3
520004 6  3
520005 6  3
520006 6  3
520007 6  3
520008 6  3
520009 6  3
520010 6  3
520011 6  3
520012 6  3
520013 6  3
520014 6  3
520015 6  3
520016 6  3
520017 6  3
520018 6  3
520019 6  3
520020 6  3
520021 6  3
520022 6  3
520023 6  3
520024 6  3
520025 6  3
520026 6  3
520027 6  3
520028 6  3
520029 6  3
520030 6  3
520031 6  3
520032 6  3
520033 6  3
520034 6  3
520035 6  3
520036 6  3
520037 6  3
520038 6  3
520039 6  3
520040 6  3
520041 6  3
520042 6  3
520043 6  3
520044 6  3
520045 6  3
520046 6  3
520047 6  3
520048 6  3
520049 6  3
520050 6  3
520051 6  3
520052 6  3
520053 6  3
520054 6  3
520055 6  3
520056 6  3
520057 6  3
520058 6  3
520059 6  3
520060 6  3
520061 6  3
520062 6  3
520063 6  3
520064 6  3
520065 6  3
520066 6  3
520067 6  3
520068 6  3
520069 6  3
520070 6  3
520071 6  3
520072 6  3
520073 6  3
520074 6  3
520075 6  3
520076 6  3
520077 6  3
520078 6  3
520079 6  3
520080 6  3
520081 6  3
520082 6  3
520083 6  3
520084 6  3
520085 6  3
520086 6  3
520087 6  3
520088 6  3
520089 6  3
520090 6  3
520091 6  3
520092 6  3
520093 6  3
520094 6  3
520095 6  3
520096 6  3
520097 6  3
520098 6  3
520099 6  3
520100 6  3
520101 6  3
520102 6  3
520103 6  3
520104 6  3
520105 6  3
520106 6  3
520107 6  3
520108 6  3
520109 6  3
520110 6  3
520111 6  3
520112 6  3
520113 6  3
520114 6  3
520115 6  3
520116 6  3
520117 6  3
520118 6  3
520119 6  3
520120 6  3
520121 6  3
520122 6  3
520123 6  3
520124 6  3
520125 6  3
520126 6  3
520127 6  3
520128 6  3
520129 6  3
520130 6  3
520131 6  3
520132 6  3
520133 6  3
520134 6  3
520135 6  3
520136 6  3
520137 6  3
520138 6  3
520139 6  3
520140 6  3
520141 6  3
520142 6  3
520143 6  3
520144 6  3
520145 6  3
520146 6  3
520147 6  3
520148 6  3
520149 6  3
520150 6  3
520151 6  3
520152 6  3
520153 6  3
520154 6  3
520155 6  3
520156 6  3
520157 6  3
520158 6  3
520159 6  3
520160 6  3
520161 6  3
520162 6  3
520163 6  3
520164 6  3
520165 6  3
520166 6  3
520167 6  3
520168 6  3
520169 6  3
520170 6  3
520171 6  3
520172 6  3
520173 6  3
520174 6  3
520175 6  3
520176 6  3
520177 6  3
520178 6  3
520179 6  3
520180 6  3
520181 6  3
520182 6  3
520183 6  3
520184 6  3
520185 6  3
520186 6  3
520187 6  3
520188 6  3
520189 6  3
520190 6  3
520191 6  3
520192 6  3
520193 6  3
520194 6  3
520195 6  3
520196 6  3
520197 6  3
520198 6  3
520199 6  3
520200 6  3
520201 6  3
520202 6  3
520203 6  3
520204 6  3
520205 6  3
520206 6  3
520207 6  3
520208 6  3
520209 6  3
520210 6  3
520211 6  3
520212 6  3
520213 6  3
520214 6  3
520215 6  3
520216 6  3
520217 6  3
520218 6  3
520219 6  3
520220 6  3
520221 6  3
520222 6  3
520223 6  3
520224 6  3
520225 6  3
520226 6  3
520227 6  3
520228 6  3
520229 6  3
520230 6  3
520231 6  3
520232 6  3
520233 6  3
520234 6  3
520235 6  3
520236 6  3
520237 6  3
520238 6  3
520239 6  3
520240 6  3
520241 6  3
520242 6  3
520243 6  3
520244 6  3
520245 6  3
520246 6  3
520247 6  3
520248 6  3
520249 6  3
520250 6  3
520251 6  3
520252 6  3
520253 6  3
520254 6  3
520255 6  3
520256 6  3
520257 6  3
520258 6  3
520259 6  3
520260 6  3
520261 6  3
520262 6  3
520263 6  3
520264 6  3
520265 6  3
520266 6  3
520267 6  3
520268 6  3
520269 6  3
520270 6  3
520271 6  3
520272 6  3
520273 6  3
520274 6  3
520275 6  3
520276 6  3
520277 6  3
520278 6  3
520279 6  3
520280 6  3
520281 6  3
520282 6  3
520283 6  3
520284 6  3
520285 6  3
520286 6  3
520287 6  3
520288 6  3
520289 6  3
520290 6  3
520291 6  3
520292 6  3
520293 6  3
520294 6  3
520295 6  3
520296 6  3
520297 6  3
520298 6  3
520299 6  3
520300 6  3
520301 6  3
520302 6  3
520303 6  3
520304 6  3
520305 6  3
520306 6  3
520307 6  3
520308 6  3
520309 6  3
520310 6  3
520311 6  3
520312 6  3
520313 6  3
520314 6  3
520315 6  3
520316 6  3
520317 6  3
520318 6  3
520319 6  3
520320 6  3
520321 6  3
520322 6  3
520323 6  3
520324 6  3
520325 6  3
520326 6  3
520327 6  3
520328 6  3
520329 6  3
520330 6  3
520331 6  3
520332 6  3
520333 6  3
520334 6  3
520335 6  3
520336 6  3
520337 6  3
520338 6  3
520339 6  3
520340 6  3
520341 6  3
520342 6  3
520343 6  3
520344 6  3
520345 6  3
520346 6  3
520347 6  3
520348 6  3
520349 6  3
520350 6  3
520351 6  3
520352 6  3
520353 6  3
520354 6  3
520355 6  3
520356 6  3
520357 6  3
520358 6  3
520359 6  3
520360 6  3
520361 6  3
520362 6  3
520363 6  3
520364 6  3
520365 6  3
520366 6  3
520367 6  3
520368 6  3
520369 6  3
520370 6  3
520371 6  3
520372 6  3
520373 6  3
520374 6  3
520375 6  3
520376 6  3
520377 6  3
520378 6  3
520379 6  3
520380 6  3
520381 6  3
520382 6  3
520383 6  3
520384 6  3
520385 6  3
520386 6  3
520387 6  3
520388 6  3
520389 6  3
520390 6  3
520391 6  3
520392 6  3
520393 6  3
520394 6  3
520395 6  3
520396 6  3
520397 6  3
520398 6  3
520399 6  3
520400 6  3
520401 6  3
520402 6  3
520403 6  3
520404 6  3
520405 6  3
520406 6  3
520407 6  3
520408 6  3
520409 6  3
520410 6  3
520411 6  3
520412 6  3
520413 6  3
520414 6  3
520415 6  3
520416 6  3
520417 6  3
520418 6  3
520419 6  3
520420 6  3
520421 6  3
520422 6  3
520423 6  3
520424 6  3
520425 6  3
520426 6  3
520427 6  3
520428 6  3
520429 6  3
520430 6  3
520431 6  3
520432 6  3
520433 6  3
520434 6  3
520435 6  3
520436 6  3
520437 6  3
520438 6  3
520439 6  3
520440 6  3
520441 6  3
520442 6  3
520443 6  3
520444 6  3
520445 6  3
520446 6  3
520447 6  3
520448 6  3
520449 6  3
520450 6  3
520451 6  3
520452 6  3
520453 6  3
520454 6  3
520455 6  3
520456 6  3
520457 6  3
520458 6  3
520459 6  3
520460 6  3
520461 6  3
520462 6  3
520463 6  3
520464 6  3
520465 6  3
520466 6  3
520467 6  3
520468 6  3
520469 6  3
520470 6  3
520471 6  3
520472 6  3
520473 6  3
520474 6  3
520475 6  3
520476 6  3
520477 6  3
520478 6  3
520479 6  3
520480 6  3
520481 6  3
520482 6  3
520483 6  3
520484 6  3
520485 6  3
520486 6  3
520487 6  3
520488 6  3
520489 6  3
520490 6  3
520491 6  3
520492 6  3
520493 6  3
520494 6  3
520495 6  3
520496 6  3
520497 6  3
520498 6  3
520499 6  3
520500 6  3
520501 6  3
520502 6  3
520503 6  3
520504 6  3
520505 6  3
520506 6  3
520507 6  3
520508 6  3
520509 6  3
520510 6  3
520511 6  3
520512 6  3
520513 6  3
520514 6  3
520515 6  3
520516 6  3
520517 6  3
520518 6  3
520519 6  3
520520 6  3
520521 6  3
520522 6  3
520523 6  3
520524 6  3
520525 6  3
520526 6  3
520527 6  3
520528 6  3
520529 6  3
520530 6  3
520531 6  3
520532 6  3
520533 6  3
520534 6  3
520535 6  3
520536 6  3
520537 6  3
520538 6  3
520539 6  3
520540 6  3
520541 6  3
520542 6  3
520543 6  3
520544 6  3
520545 6  3
520546 6  3
520547 6  3
520548 6  3
520549 6  3
520550 6  3
520551 6  3
520552 6  3
520553 6  3
520554 6  3
520555 6  3
520556 6  3
520557 6  3
520558 6  3
520559 6  3
520560 6  3
520561 6  3
520562 6  3
520563 6  3
520564 6  3
520565 6  3
520566 6  3
520567 6  3
520568 6  3
520569 6  3
520570 6  3
520571 6  3
520572 6  3
520573 6  3
520574 6  3
520575 6  3
520576 6  3
520577 6  3
520578 6  3
520579 6  3
520580 6  3
520581 6  3
520582 6  3
520583 6  3
520584 6  3
520585 6  3
520586 6  3
520587 6  3
520588 6  3
520589 6  3
520590 6  3
520591 6  3
520592 6  3
520593 6  3
520594 6  3
520595 6  3
520596 6  3
520597 6  3
520598 6  3
520599 6  3
520600 6  3
520601 6  3
520602 6  3
520603 6  3
520604 6  3
520605 6  3
520606 6  3
520607 6  3
520608 6  3
520609 6  3
520610 6  3
520611 6  3
520612 6  3
520613 6  3
520614 6  3
520615 6  3
520616 6  3
520617 6  3
520618 6  3
520619 6  3
520620 6  3
520621 6  3
520622 6  3
520623 6  3
520624 6  3
520625 6  3
520626 6  3
520627 6  3
520628 6  3
520629 6  3
520630 6  3
520631 6  3
520632 6  3
520633 6  3
520634 6  3
520635 6  3
520636 6  3
520637 6  3
520638 6  3
520639 6  3
520640 6  3
520641 6  3
520642 6  3
520643 6  3
520644 6  3
520645 6  3
520646 6  3
520647 6  3
520648 6  3
520649 6  3
520650 6  3
520651 6  3
520652 6  3
520653 6  3
520654 6  3
520655 6  3
520656 6  3
520657 6  3
520658 6  3
520659 6  3
520660 6  3
520661 6  3
520662 6  3
520663 6  3
520664 6  3
520665 6  3
520666 6  3
520667 6  3
520668 6  3
520669 6  3
520670 6  3
520671 6  3
520672 6  3
520673 6  3
520674 6  3
520675 6  3
520676 6  3
520677 6  3
520678 6  3
520679 6  3
520680 6  3
520681 6  3
520682 6  3
520683 6  3
520684 6  3
520685 6  3
520686 6  3
520687 6  3
520688 6  3
520689 6  3
520690 6  3
520691 6  3
520692 6  3
520693 6  3
520694 6  3
520695 6  3
520696 6  3
520697 6  3
520698 6  3
520699 6  3
520700 6  3
520701 6  3
520702 6  3
520703 6  3
520704 6  3
520705 6  3
520706 6  3
520707 6  3
520708 6  3
520709 6  3
520710 6  3
520711 6  3
520712 6  3
520713 6  3
520714 6  3
520715 6  3
520716 6  3
520717 6  3
520718 6  3
520719 6  3
520720 6  3
520721 6  3
520722 6  3
520723 6  3
520724 6  3
520725 6  3
520726 6  3
520727 6  3
520728 6  3
520729 6  3
520730 6  3
520731 6  3
520732 6  3
520733 6  3
520734 6  3
520735 6  3
520736 6  3
520737 6  3
520738 6  3
520739 6  3
520740 6  3
520741 6  3
520742 6  3
520743 6  3
520744 6  3
520745 6  3
520746 6  3
520747 6  3
520748 6  3
520749 6  3
520750 6  3
520751 6  3
520752 6  3
520753 6  3
520754 6  3
520755 6  3
520756 6  3
520757 6  3
520758 6  3
520759 6  3
520760 6  3
520761 6  3
520762 6  3
520763 6  3
520764 6  3
520765 6  3
520766 6  3
520767 6  3
520768 6  3
520769 6  3
520770 6  3
520771 6  3
520772 6  3
520773 6  3
520774 6  3
520775 6  3
520776 6  3
520777 6  3
520778 6  3
520779 6  3
520780 6  3
520781 6  3
520782 6  3
520783 6  3
520784 6  3
520785 6  3
520786 6  3
520787 6  3
520788 6  3
520789 6  3
520790 6  3
520791 6  3
520792 6  3
520793 6  3
520794 6  3
520795 6  3
520796 6  3
520797 6  3
520798 6  3
520799 6  3
520800 6  3
520801 6  3
520802 6  3
520803 6  3
520804 6  3
520805 6  3
520806 6  3
520807 6  3
520808 6  3
520809 6  3
520810 6  3
520811 6  3
520812 6  3
520813 6  3
520814 6  3
520815 6  3
520816 6  3
520817 6  3
520818 6  3
520819 6  3
520820 6  3
520821 6  3
520822 6  3
520823 6  3
520824 6  3
520825 6  3
520826 6  3
520827 6  3
520828 6  3
520829 6  3
520830 6  3
520831 6  3
520832 6  3
520833 6  3
520834 6  3
520835 6  3
520836 6  3
520837 6  3
520838 6  3
520839 6  3
520840 6  3
520841 6  3
520842 6  3
520843 6  3
520844 6  3
520845 6  3
520846 6  3
520847 6  3
520848 6  3
520849 6  3
520850 6  3
520851 6  3
520852 6  3
520853 6  3
520854 6  3
520855 6  3
520856 6  3
520857 6  3
520858 6  3
520859 6  3
520860 6  3
520861 6  3
520862 6  3
520863 6  3
520864 6  3
520865 6  3
520866 6  3
520867 6  3
520868 6  3
520869 6  3
520870 6  3
520871 6  3
520872 6  3
520873 6  3
520874 6  3
520875 6  3
520876 6  3
520877 6  3
520878 6  3
520879 6  3
520880 6  3
520881 6  3
520882 6  3
520883 6  3
520884 6  3
520885 6  3
520886 6  3
520887 6  3
520888 6  3
520889 6  3
520890 6  3
520891 6  3
520892 6  3
520893 6  3
520894 6  3
520895 6  3
520896 6  3
520897 6  3
520898 6  3
520899 6  3
520900 6  3
520901 6  3
520902 6  3
520903 6  3
520904 6  3
520905 6  3
520906 6  3
520907 6  3
520908 6  3
520909 6  3
520910 6  3
520911 6  3
520912 6  3
520913 6  3
520914 6  3
520915 6  3
520916 6  3
520917 6  3
520918 6  3
520919 6  3
520920 6  3
520921 6  3
520922 6  3
520923 6  3
520924 6  3
520925 6  3
520926 6  3
520927 6  3
520928 6  3
520929 6  3
520930 6  3
520931 6  3
520932 6  3
520933 6  3
520934 6  3
520935 6  3
520936 6  3
520937 6  3
520938 6  3
520939 6  3
520940 6  3
520941 6  3
520942 6  3
520943 6  3
520944 6  3
520945 6  3
520946 6  3
520947 6  3
520948 6  3
520949 6  3
520950 6  3
520951 6  3
520952 6  3
520953 6  3
520954 6  3
520955 6  3
520956 6  3
520957 6  3
520958 6  3
520959 6  3
520960 6  3
520961 6  3
520962 6  3
520963 6  3
520964 6  3
520965 6  3
520966 6  3
520967 6  3
520968 6  3
520969 6  3
520970 6  3
520971 6  3
520972 6  3
520973 6  3
520974 6  3
520975 6  3
520976 6  3
520977 6  3
520978 6  3
520979 6  3
520980 6  3
520981 6  3
520982 6  3
520983 6  3
520984 6  3
520985 6  3
520986 6  3
520987 6  3
520988 6  3
520989 6  3
520990 6  3
520991 6  3
520992 6  3
520993 6  3
520994 6  3
520995 6  3
520996 6  3
520997 6  3
520998 6  3
520999 6  3
521000 6  3
521001 6  3
521002 6  3
521003 6  3
521004 6  3
521005 6  3
521006 6  3
521007 6  3
521008 6  3
521009 6  3
521010 6  3
521011 6  3
521012 6  3
521013 6  3
521014 6  3
521015 6  3
521016 6  3
521017 6  3
521018 6  3
521019 6  3
521020 6  3
521021 6  3
521022 6  3
521023 6  3
521024 6  3
521025 6  3
521026 6  3
521027 6  3
521028 6  3
521029 6  3
521030 6  3
521031 6  3
521032 6  3
521033 6  3
521034 6  3
521035 6  3
521036 6  3
521037 6  3
521038 6  3
521039 6  3
521040 6  3
521041 6  3
521042 6  3
521043 6  3
521044 6  3
521045 6  3
521046 6  3
521047 6  3
521048 6  3
521049 6  3
521050 6  3
521051 6  3
521052 6  3
521053 6  3
521054 6  3
521055 6  3
521056 6  3
521057 6  3
521058 6  3
521059 6  3
521060 6  3
521061 6  3
521062 6  3
521063 6  3
521064 6  3
521065 6  3
521066 6  3
521067 6  3
521068 6  3
521069 6  3
521070 6  3
521071 6  3
521072 6  3
521073 6  3
521074 6  3
521075 6  3
521076 6  3
521077 6  3
521078 6  3
521079 6  3
521080 6  3
521081 6  3
521082 6  3
521083 6  3
521084 6  3
521085 6  3
521086 6  3
521087 6  3
521088 6  3
521089 6  3
521090 6  3
521091 6  3
521092 6  3
521093 6  3
521094 6  3
521095 6  3
521096 6  3
521097 6  3
521098 6  3
521099 6  3
521100 6  3
521101 6  3
521102 6  3
521103 6  3
521104 6  3
521105 6  3
521106 6  3
521107 6  3
521108 6  3
521109 6  3
521110 6  3
521111 6  3
521112 6  3
521113 6  3
521114 6  3
521115 6  3
521116 6  3
521117 6  3
521118 6  3
521119 6  3
521120 6  3
521121 6  3
521122 6  3
521123 6  3
521124 6  3
521125 6  3
521126 6  3
521127 6  3
521128 6  3
521129 6  3
521130 6  3
521131 6  3
521132 6  3
521133 6  3
521134 6  3
521135 6  3
521136 6  3
521137 6  3
521138 6  3
521139 6  3
521140 6  3
521141 6  3
521142 6  3
521143 6  3
521144 6  3
521145 6  3
521146 6  3
521147 6  3
521148 6  3
521149 6  3
521150 6  3
521151 6  3
521152 6  3
521153 6  3
521154 6  3
521155 6  3
521156 6  3
521157 6  3
521158 6  3
521159 6  3
521160 6  3
521161 6  3
521162 6  3
521163 6  3
521164 6  3
521165 6  3
521166 6  3
521167 6  3
521168 6  3
521169 6  3
521170 6  3
521171 6  3
521172 6  3
521173 6  3
521174 6  3
521175 6  3
521176 6  3
521177 6  3
521178 6  3
521179 6  3
521180 6  3
521181 6  3
521182 6  3
521183 6  3
521184 6  3
521185 6  3
521186 6  3
521187 6  3
521188 6  3
521189 6  3
521190 6  3
521191 6  3
521192 6  3
521193 6  3
521194 6  3
521195 6  3
521196 6  3
521197 6  3
521198 6  3
521199 6  3
521200 6  3
521201 6  3
521202 6  3
521203 6  3
521204 6  3
521205 6  3
521206 6  3
521207 6  3
521208 6  3
521209 6  3
521210 6  3
521211 6  3
521212 6  3
521213 6  3
521214 6  3
521215 6  3
521216 6  3
521217 6  3
521218 6  3
521219 6  3
521220 6  3
521221 6  3
521222 6  3
521223 6  3
521224 6  3
521225 6  3
521226 6  3
521227 6  3
521228 6  3
521229 6  3
521230 6  3
521231 6  3
521232 6  3
521233 6  3
521234 6  3
521235 6  3
521236 6  3
521237 6  3
521238 6  3
521239 6  3
521240 6  3
521241 6  3
521242 6  3
521243 6  3
521244 6  3
521245 6  3
521246 6  3
521247 6  3
521248 6  3
521249 6  3
521250 6  3
521251 6  3
521252 6  3
521253 6  3
521254 6  3
521255 6  3
521256 6  3
521257 6  3
521258 6  3
521259 6  3
521260 6  3
521261 6  3
521262 6  3
521263 6  3
521264 6  3
521265 6  3
521266 6  3
521267 6  3
521268 6  3
521269 6  3
521270 6  3
521271 6  3
521272 6  3
521273 6  3
521274 6  3
521275 6  3
521276 6  3
521277 6  3
521278 6  3
521279 6  3
521280 6  3
521281 6  3
521282 6  3
521283 6  3
521284 6  3
521285 6  3
521286 6  3
521287 6  3
521288 6  3
521289 6  3
521290 6  3
521291 6  3
521292 6  3
521293 6  3
521294 6  3
521295 6  3
521296 6  3
521297 6  3
521298 6  3
521299 6  3
521300 6  3
521301 6  3
521302 6  3
521303 6  3
521304 6  3
521305 6  3
521306 6  3
521307 6  3
521308 6  3
521309 6  3
521310 6  3
521311 6  3
521312 6  3
521313 6  3
521314 6  3
521315 6  3
521316 6  3
521317 6  3
521318 6  3
521319 6  3
521320 6  3
521321 6  3
521322 6  3
521323 6  3
521324 6  3
521325 6  3
521326 6  3
521327 6  3
521328 6  3
521329 6  3
521330 6  3
521331 6  3
521332 6  3
521333 6  3
521334 6  3
521335 6  3
521336 6  3
521337 6  3
521338 6  3
521339 6  3
521340 6  3
521341 6  3
521342 6  3
521343 6  3
521344 6  3
521345 6  3
521346 6  3
521347 6  3
521348 6  3
521349 6  3
521350 6  3
521351 6  3
521352 6  3
521353 6  3
521354 6  3
521355 6  3
521356 6  3
521357 6  3
521358 6  3
521359 6  3
521360 6  3
521361 6  3
521362 6  3
521363 6  3
521364 6  3
521365 6  3
521366 6  3
521367 6  3
521368 6  3
521369 6  3
521370 6  3
521371 6  3
521372 6  3
521373 6  3
521374 6  3
521375 6  3
521376 6  3
521377 6  3
521378 6  3
521379 6  3
521380 6  3
521381 6  3
521382 6  3
521383 6  3
521384 6  3
521385 6  3
521386 6  3
521387 6  3
521388 6  3
521389 6  3
521390 6  3
521391 6  3
521392 6  3
521393 6  3
521394 6  3
521395 6  3
521396 6  3
521397 6  3
521398 6  3
521399 6  3
521400 6  3
521401 6  3
521402 6  3
521403 6  3
521404 6  3
521405 6  3
521406 6  3
521407 6  3
521408 6  3
521409 6  3
521410 6  3
521411 6  3
521412 6  3
521413 6  3
521414 6  3
521415 6  3
521416 6  3
521417 6  3
521418 6  3
521419 6  3
521420 6  3
521421 6  3
521422 6  3
521423 6  3
521424 6  3
521425 6  3
521426 6  3
521427 6  3
521428 6  3
521429 6  3
521430 6  3
521431 6  3
521432 6  3
521433 6  3
521434 6  3
521435 6  3
521436 6  3
521437 6  3
521438 6  3
521439 6  3
521440 6  3
521441 6  3
521442 6  3
521443 6  3
521444 6  3
521445 6  3
521446 6  3
521447 6  3
521448 6  3
521449 6  3
521450 6  3
521451 6  3
521452 6  3
521453 6  3
521454 6  3
521455 6  3
521456 6  3
521457 6  3
521458 6  3
521459 6  3
521460 6  3
521461 6  3
521462 6  3
521463 6  3
521464 6  3
521465 6  3
521466 6  3
521467 6  3
521468 6  3
521469 6  3
521470 6  3
521471 6  3
521472 6  3
521473 6  3
521474 6  3
521475 6  3
521476 6  3
521477 6  3
521478 6  3
521479 6  3
521480 6  3
521481 6  3
521482 6  3
521483 6  3
521484 6  3
521485 6  3
521486 6  3
521487 6  3
521488 6  3
521489 6  3
521490 6  3
521491 6  3
521492 6  3
521493 6  3
521494 6  3
521495 6  3
521496 6  3
521497 6  3
521498 6  3
521499 6  3
521500 6  3
521501 6  3
521502 6  3
521503 6  3
521504 6  3
521505 6  3
521506 6  3
521507 6  3
521508 6  3
521509 6  3
521510 6  3
521511 6  3
521512 6  3
521513 6  3
521514 6  3
521515 6  3
521516 6  3
521517 6  3
521518 6  3
521519 6  3
521520 6  3
521521 6  3
521522 6  3
521523 6  3
521524 6  3
521525 6  3
521526 6  3
521527 6  3
521528 6  3
521529 6  3
521530 6  3
521531 6  3
521532 6  3
521533 6  3
521534 6  3
521535 6  3
521536 6  3
521537 6  3
521538 6  3
521539 6  3
521540 6  3
521541 6  3
521542 6  3
521543 6  3
521544 6  3
521545 6  3
521546 6  3
521547 6  3
521548 6  3
521549 6  3
521550 6  3
521551 6  3
521552 6  3
521553 6  3
521554 6  3
521555 6  3
521556 6  3
521557 6  3
521558 6  3
521559 6  3
521560 6  3
521561 6  3
521562 6  3
521563 6  3
521564 6  3
521565 6  3
521566 6  3
521567 6  3
521568 6  3
521569 6  3
521570 6  3
521571 6  3
521572 6  3
521573 6  3
521574 6  3
521575 6  3
521576 6  3
521577 6  3
521578 6  3
521579 6  3
521580 6  3
521581 6  3
521582 6  3
521583 6  3
521584 6  3
521585 6  3
521586 6  3
521587 6  3
521588 6  3
521589 6  3
521590 6  3
521591 6  3
521592 6  3
521593 6  3
521594 6  3
521595 6  3
521596 6  3
521597 6  3
521598 6  3
521599 6  3
521600 6  3
521601 6  3
521602 6  3
521603 6  3
521604 6  3
521605 6  3
521606 6  3
521607 6  3
521608 6  3
521609 6  3
521610 6  3
521611 6  3
521612 6  3
521613 6  3
521614 6  3
521615 6  3
521616 6  3
521617 6  3
521618 6  3
521619 6  3
521620 6  3
521621 6  3
521622 6  3
521623 6  3
521624 6  3
521625 6  3
521626 6  3
521627 6  3
521628 6  3
521629 6  3
521630 6  3
521631 6  3
521632 6  3
521633 6  3
521634 6  3
521635 6  3
521636 6  3
521637 6  3
521638 6  3
521639 6  3
521640 6  3
521641 6  3
521642 6  3
521643 6  3
521644 6  3
521645 6  3
521646 6  3
521647 6  3
521648 6  3
521649 6  3
521650 6  3
521651 6  3
521652 6  3
521653 6  3
521654 6  3
521655 6  3
521656 6  3
521657 6  3
521658 6  3
521659 6  3
521660 6  3
521661 6  3
521662 6  3
521663 6  3
521664 6  3
521665 6  3
521666 6  3
521667 6  3
521668 6  3
521669 6  3
521670 6  3
521671 6  3
521672 6  3
521673 6  3
521674 6  3
521675 6  3
521676 6  3
521677 6  3
521678 6  3
521679 6  3
521680 6  3
521681 6  3
521682 6  3
521683 6  3
521684 6  3
521685 6  3
521686 6  3
521687 6  3
521688 6  3
521689 6  3
521690 6  3
521691 6  3
521692 6  3
521693 6  3
521694 6  3
521695 6  3
521696 6  3
521697 6  3
521698 6  3
521699 6  3
521700 6  3
521701 6  3
521702 6  3
521703 6  3
521704 6  3
521705 6  3
521706 6  3
521707 6  3
521708 6  3
521709 6  3
521710 6  3
521711 6  3
521712 6  3
521713 6  3
521714 6  3
521715 6  3
521716 6  3
521717 6  3
521718 6  3
521719 6  3
521720 6  3
521721 6  3
521722 6  3
521723 6  3
521724 6  3
521725 6  3
521726 6  3
521727 6  3
521728 6  3
521729 6  3
521730 6  3
521731 6  3
521732 6  3
521733 6  3
521734 6  3
521735 6  3
521736 6  3
521737 6  3
521738 6  3
521739 6  3
521740 6  3
521741 6  3
521742 6  3
521743 6  3
521744 6  3
521745 6  3
521746 6  3
521747 6  3
521748 6  3
521749 6  3
521750 6  3
521751 6  3
521752 6  3
521753 6  3
521754 6  3
521755 6  3
521756 6  3
521757 6  3
521758 6  3
521759 6  3
521760 6  3
521761 6  3
521762 6  3
521763 6  3
521764 6  3
521765 6  3
521766 6  3
521767 6  3
521768 6  3
521769 6  3
521770 6  3
521771 6  3
521772 6  3
521773 6  3
521774 6  3
521775 6  3
521776 6  3
521777 6  3
521778 6  3
521779 6  3
521780 6  3
521781 6  3
521782 6  3
521783 6  3
521784 6  3
521785 6  3
521786 6  3
521787 6  3
521788 6  3
521789 6  3
521790 6  3
521791 6  3
521792 6  3
521793 6  3
521794 6  3
521795 6  3
521796 6  3
521797 6  3
521798 6  3
521799 6  3
521800 6  3
521801 6  3
521802 6  3
521803 6  3
521804 6  3
521805 6  3
521806 6  3
521807 6  3
521808 6  3
521809 6  3
521810 6  3
521811 6  3
521812 6  3
521813 6  3
521814 6  3
521815 6  3
521816 6  3
521817 6  3
521818 6  3
521819 6  3
521820 6  3
521821 6  3
521822 6  3
521823 6  3
521824 6  3
521825 6  3
521826 6  3
521827 6  3
521828 6  3
521829 6  3
521830 6  3
521831 6  3
521832 6  3
521833 6  3
521834 6  3
521835 6  3
521836 6  3
521837 6  3
521838 6  3
521839 6  3
521840 6  3
521841 6  3
521842 6  3
521843 6  3
521844 6  3
521845 6  3
521846 6  3
521847 6  3
521848 6  3
521849 6  3
521850 6  3
521851 6  3
521852 6  3
521853 6  3
521854 6  3
521855 6  3
521856 6  3
521857 6  3
521858 6  3
521859 6  3
521860 6  3
521861 6  3
521862 6  3
521863 6  3
521864 6  3
521865 6  3
521866 6  3
521867 6  3
521868 6  3
521869 6  3
521870 6  3
521871 6  3
521872 6  3
521873 6  3
521874 6  3
521875 6  3
521876 6  3
521877 6  3
521878 6  3
521879 6  3
521880 6  3
521881 6  3
521882 6  3
521883 6  3
521884 6  3
521885 6  3
521886 6  3
521887 6  3
521888 6  3
521889 6  3
521890 6  3
521891 6  3
521892 6  3
521893 6  3
521894 6  3
521895 6  3
521896 6  3
521897 6  3
521898 6  3
521899 6  3
521900 6  3
521901 6  3
521902 6  3
521903 6  3
521904 6  3
521905 6  3
521906 6  3
521907 6  3
521908 6  3
521909 6  3
521910 6  3
521911 6  3
521912 6  3
521913 6  3
521914 6  3
521915 6  3
521916 6  3
521917 6  3
521918 6  3
521919 6  3
521920 6  3
521921 6  3
521922 6  3
521923 6  3
521924 6  3
521925 6  3
521926 6  3
521927 6  3
521928 6  3
521929 6  3
521930 6  3
521931 6  3
521932 6  3
521933 6  3
521934 6  3
521935 6  3
521936 6  3
521937 6  3
521938 6  3
521939 6  3
521940 6  3
521941 6  3
521942 6  3
521943 6  3
521944 6  3
521945 6  3
521946 6  3
521947 6  3
521948 6  3
521949 6  3
521950 6  3
521951 6  3
521952 6  3
521953 6  3
521954 6  3
521955 6  3
521956 6  3
521957 6  3
521958 6  3
521959 6  3
521960 6  3
521961 6  3
521962 6  3
521963 6  3
521964 6  3
521965 6  3
521966 6  3
521967 6  3
521968 6  3
521969 6  3
521970 6  3
521971 6  3
521972 6  3
521973 6  3
521974 6  3
521975 6  3
521976 6  3
521977 6  3
521978 6  3
521979 6  3
521980 6  3
521981 6  3
521982 6  3
521983 6  3
521984 6  3
521985 6  3
521986 6  3
521987 6  3
521988 6  3
521989 6  3
521990 6  3
521991 6  3
521992 6  3
521993 6  3
521994 6  3
521995 6  3
521996 6  3
521997 6  3
521998 6  3
521999 6  3
522000 6  3
522001 6  3
522002 6  3
522003 6  3
522004 6  3
522005 6  3
522006 6  3
522007 6  3
522008 6  3
522009 6  3
522010 6  3
522011 6  3
522012 6  3
522013 6  3
522014 6  3
522015 6  3
522016 6  3
522017 6  3
522018 6  3
522019 6  3
522020 6  3
522021 6  3
522022 6  3
522023 6  3
522024 6  3
522025 6  3
522026 6  3
522027 6  3
522028 6  3
522029 6  3
522030 6  3
522031 6  3
522032 6  3
522033 6  3
522034 6  3
522035 6  3
522036 6  3
522037 6  3
522038 6  3
522039 6  3
522040 6  3
522041 6  3
522042 6  3
522043 6  3
522044 6  3
522045 6  3
522046 6  3
522047 6  3
522048 6  3
522049 6  3
522050 6  3
522051 6  3
522052 6  3
522053 6  3
522054 6  3
522055 6  3
522056 6  3
522057 6  3
522058 6  3
522059 6  3
522060 6  3
522061 6  3
522062 6  3
522063 6  3
522064 6  3
522065 6  3
522066 6  3
522067 6  3
522068 6  3
522069 6  3
522070 6  3
522071 6  3
522072 6  3
522073 6  3
522074 6  3
522075 6  3
522076 6  3
522077 6  3
522078 6  3
522079 6  3
522080 6  3
522081 6  3
522082 6  3
522083 6  3
522084 6  3
522085 6  3
522086 6  3
522087 6  3
522088 6  3
522089 6  3
522090 6  3
522091 6  3
522092 6  3
522093 6  3
522094 6  3
522095 6  3
522096 6  3
522097 6  3
522098 6  3
522099 6  3
522100 6  3
522101 6  3
522102 6  3
522103 6  3
522104 6  3
522105 6  3
522106 6  3
522107 6  3
522108 6  3
522109 6  3
522110 6  3
522111 6  3
522112 6  3
522113 6  3
522114 6  3
522115 6  3
522116 6  3
522117 6  3
522118 6  3
522119 6  3
522120 6  3
522121 6  3
522122 6  3
522123 6  3
522124 6  3
522125 6  3
522126 6  3
522127 6  3
522128 6  3
522129 6  3
522130 6  3
522131 6  3
522132 6  3
522133 6  3
522134 6  3
522135 6  3
522136 6  3
522137 6  3
522138 6  3
522139 6  3
522140 6  3
522141 6  3
522142 6  3
522143 6  3
522144 6  3
522145 6  3
522146 6  3
522147 6  3
522148 6  3
522149 6  3
522150 6  3
522151 6  3
522152 6  3
522153 6  3
522154 6  3
522155 6  3
522156 6  3
522157 6  3
522158 6  3
522159 6  3
522160 6  3
522161 6  3
522162 6  3
522163 6  3
522164 6  3
522165 6  3
522166 6  3
522167 6  3
522168 6  3
522169 6  3
522170 6  3
522171 6  3
522172 6  3
522173 6  3
522174 6  3
522175 6  3
522176 6  3
522177 6  3
522178 6  3
522179 6  3
522180 6  3
522181 6  3
522182 6  3
522183 6  3
522184 6  3
522185 6  3
522186 6  3
522187 6  3
522188 6  3
522189 6  3
522190 6  3
522191 6  3
522192 6  3
522193 6  3
522194 6  3
522195 6  3
522196 6  3
522197 6  3
522198 6  3
522199 6  3
522200 6  3
522201 6  3
522202 6  3
522203 6  3
522204 6  3
522205 6  3
522206 6  3
522207 6  3
522208 6  3
522209 6  3
522210 6  3
522211 6  3
522212 6  3
522213 6  3
522214 6  3
522215 6  3
522216 6  3
522217 6  3
522218 6  3
522219 6  3
522220 6  3
522221 6  3
522222 6  3
522223 6  3
522224 6  3
522225 6  3
522226 6  3
522227 6  3
522228 6  3
522229 6  3
522230 6  3
522231 6  3
522232 6  3
522233 6  3
522234 6  3
522235 6  3
522236 6  3
522237 6  3
522238 6  3
522239 6  3
522240 6  3
522241 6  3
522242 6  3
522243 6  3
522244 6  3
522245 6  3
522246 6  3
522247 6  3
522248 6  3
522249 6  3
522250 6  3
522251 6  3
522252 6  3
522253 6  3
522254 6  3
522255 6  3
522256 6  3
522257 6  3
522258 6  3
522259 6  3
522260 6  3
522261 6  3
522262 6  3
522263 6  3
522264 6  3
522265 6  3
522266 6  3
522267 6  3
522268 6  3
522269 6  3
522270 6  3
522271 6  3
522272 6  3
522273 6  3
522274 6  3
522275 6  3
522276 6  3
522277 6  3
522278 6  3
522279 6  3
522280 6  3
522281 6  3
522282 6  3
522283 6  3
522284 6  3
522285 6  3
522286 6  3
522287 6  3
522288 6  3
522289 6  3
522290 6  3
522291 6  3
522292 6  3
522293 6  3
522294 6  3
522295 6  3
522296 6  3
522297 6  3
522298 6  3
522299 6  3
522300 6  3
522301 6  3
522302 6  3
522303 6  3
522304 6  3
522305 6  3
522306 6  3
522307 6  3
522308 6  3
522309 6  3
522310 6  3
522311 6  3
522312 6  3
522313 6  3
522314 6  3
522315 6  3
522316 6  3
522317 6  3
522318 6  3
522319 6  3
522320 6  3
522321 6  3
522322 6  3
522323 6  3
522324 6  3
522325 6  3
522326 6  3
522327 6  3
522328 6  3
522329 6  3
522330 6  3
522331 6  3
522332 6  3
522333 6  3
522334 6  3
522335 6  3
522336 6  3
522337 6  3
522338 6  3
522339 6  3
522340 6  3
522341 6  3
522342 6  3
522343 6  3
522344 6  3
522345 6  3
522346 6  3
522347 6  3
522348 6  3
522349 6  3
522350 6  3
522351 6  3
522352 6  3
522353 6  3
522354 6  3
522355 6  3
522356 6  3
522357 6  3
522358 6  3
522359 6  3
522360 6  3
522361 6  3
522362 6  3
522363 6  3
522364 6  3
522365 6  3
522366 6  3
522367 6  3
522368 6  3
522369 6  3
522370 6  3
522371 6  3
522372 6  3
522373 6  3
522374 6  3
522375 6  3
522376 6  3
522377 6  3
522378 6  3
522379 6  3
522380 6  3
522381 6  3
522382 6  3
522383 6  3
522384 6  3
522385 6  3
522386 6  3
522387 6  3
522388 6  3
522389 6  3
522390 6  3
522391 6  3
522392 6  3
522393 6  3
522394 6  3
522395 6  3
522396 6  3
522397 6  3
522398 6  3
522399 6  3
522400 6  3
522401 6  3
522402 6  3
522403 6  3
522404 6  3
522405 6  3
522406 6  3
522407 6  3
522408 6  3
522409 6  3
522410 6  3
522411 6  3
522412 6  3
522413 6  3
522414 6  3
522415 6  3
522416 6  3
522417 6  3
522418 6  3
522419 6  3
522420 6  3
522421 6  3
522422 6  3
522423 6  3
522424 6  3
522425 6  3
522426 6  3
522427 6  3
522428 6  3
522429 6  3
522430 6  3
522431 6  3
522432 6  3
522433 6  3
522434 6  3
522435 6  3
522436 6  3
522437 6  3
522438 6  3
522439 6  3
522440 6  3
522441 6  3
522442 6  3
522443 6  3
522444 6  3
522445 6  3
522446 6  3
522447 6  3
522448 6  3
522449 6  3
522450 6  3
522451 6  3
522452 6  3
522453 6  3
522454 6  3
522455 6  3
522456 6  3
522457 6  3
522458 6  3
522459 6  3
522460 6  3
522461 6  3
522462 6  3
522463 6  3
522464 6  3
522465 6  3
522466 6  3
522467 6  3
522468 6  3
522469 6  3
522470 6  3
522471 6  3
522472 6  3
522473 6  3
522474 6  3
522475 6  3
522476 6  3
522477 6  3
522478 6  3
522479 6  3
522480 6  3
522481 6  3
522482 6  3
522483 6  3
522484 6  3
522485 6  3
522486 6  3
522487 6  3
522488 6  3
522489 6  3
522490 6  3
522491 6  3
522492 6  3
522493 6  3
522494 6  3
522495 6  3
522496 6  3
522497 6  3
522498 6  3
522499 6  3
522500 6  3
522501 6  3
522502 6  3
522503 6  3
522504 6  3
522505 6  3
522506 6  3
522507 6  3
522508 6  3
522509 6  3
522510 6  3
522511 6  3
522512 6  3
522513 6  3
522514 6  3
522515 6  3
522516 6  3
522517 6  3
522518 6  3
522519 6  3
522520 6  3
522521 6  3
522522 6  3
522523 6  3
522524 6  3
522525 6  3
522526 6  3
522527 6  3
522528 6  3
522529 6  3
522530 6  3
522531 6  3
522532 6  3
522533 6  3
522534 6  3
522535 6  3
522536 6  3
522537 6  3
522538 6  3
522539 6  3
522540 6  3
522541 6  3
522542 6  3
522543 6  3
522544 6  3
522545 6  3
522546 6  3
522547 6  3
522548 6  3
522549 6  3
522550 6  3
522551 6  3
522552 6  3
522553 6  3
522554 6  3
522555 6  3
522556 6  3
522557 6  3
522558 6  3
522559 6  3
522560 6  3
522561 6  3
522562 6  3
522563 6  3
522564 6  3
522565 6  3
522566 6  3
522567 6  3
522568 6  3
522569 6  3
522570 6  3
522571 6  3
522572 6  3
522573 6  3
522574 6  3
522575 6  3
522576 6  3
522577 6  3
522578 6  3
522579 6  3
522580 6  3
522581 6  3
522582 6  3
522583 6  3
522584 6  3
522585 6  3
522586 6  3
522587 6  3
522588 6  3
522589 6  3
522590 6  3
522591 6  3
522592 6  3
522593 6  3
522594 6  3
522595 6  3
522596 6  3
522597 6  3
522598 6  3
522599 6  3
522600 6  3
522601 6  3
522602 6  3
522603 6  3
522604 6  3
522605 6  3
522606 6  3
522607 6  3
522608 6  3
522609 6  3
522610 6  3
522611 6  3
522612 6  3
522613 6  3
522614 6  3
522615 6  3
522616 6  3
522617 6  3
522618 6  3
522619 6  3
522620 6  3
522621 6  3
522622 6  3
522623 6  3
522624 6  3
522625 6  3
522626 6  3
522627 6  3
522628 6  3
522629 6  3
522630 6  3
522631 6  3
522632 6  3
522633 6  3
522634 6  3
522635 6  3
522636 6  3
522637 6  3
522638 6  3
522639 6  3
522640 6  3
522641 6  3
522642 6  3
522643 6  3
522644 6  3
522645 6  3
522646 6  3
522647 6  3
522648 6  3
522649 6  3
522650 6  3
522651 6  3
522652 6  3
522653 6  3
522654 6  3
522655 6  3
522656 6  3
522657 6  3
522658 6  3
522659 6  3
522660 6  3
522661 6  3
522662 6  3
522663 6  3
522664 6  3
522665 6  3
522666 6  3
522667 6  3
522668 6  3
522669 6  3
522670 6  3
522671 6  3
522672 6  3
522673 6  3
522674 6  3
522675 6  3
522676 6  3
522677 6  3
522678 6  3
522679 6  3
522680 6  3
522681 6  3
522682 6  3
522683 6  3
522684 6  3
522685 6  3
522686 6  3
522687 6  3
522688 6  3
522689 6  3
522690 6  3
522691 6  3
522692 6  3
522693 6  3
522694 6  3
522695 6  3
522696 6  3
522697 6  3
522698 6  3
522699 6  3
522700 6  3
522701 6  3
522702 6  3
522703 6  3
522704 6  3
522705 6  3
522706 6  3
522707 6  3
522708 6  3
522709 6  3
522710 6  3
522711 6  3
522712 6  3
522713 6  3
522714 6  3
522715 6  3
522716 6  3
522717 6  3
522718 6  3
522719 6  3
522720 6  3
522721 6  3
522722 6  3
522723 6  3
522724 6  3
522725 6  3
522726 6  3
522727 6  3
522728 6  3
522729 6  3
522730 6  3
522731 6  3
522732 6  3
522733 6  3
522734 6  3
522735 6  3
522736 6  3
522737 6  3
522738 6  3
522739 6  3
522740 6  3
522741 6  3
522742 6  3
522743 6  3
522744 6  3
522745 6  3
522746 6  3
522747 6  3
522748 6  3
522749 6  3
522750 6  3
522751 6  3
522752 6  3
522753 6  3
522754 6  3
522755 6  3
522756 6  3
522757 6  3
522758 6  3
522759 6  3
522760 6  3
522761 6  3
522762 6  3
522763 6  3
522764 6  3
522765 6  3
522766 6  3
522767 6  3
522768 6  3
522769 6  3
522770 6  3
522771 6  3
522772 6  3
522773 6  3
522774 6  3
522775 6  3
522776 6  3
522777 6  3
522778 6  3
522779 6  3
522780 6  3
522781 6  3
522782 6  3
522783 6  3
522784 6  3
522785 6  3
522786 6  3
522787 6  3
522788 6  3
522789 6  3
522790 6  3
522791 6  3
522792 6  3
522793 6  3
522794 6  3
522795 6  3
522796 6  3
522797 6  3
522798 6  3
522799 6  3
522800 6  3
522801 6  3
522802 6  3
522803 6  3
522804 6  3
522805 6  3
522806 6  3
522807 6  3
522808 6  3
522809 6  3
522810 6  3
522811 6  3
522812 6  3
522813 6  3
522814 6  3
522815 6  3
522816 6  3
522817 6  3
522818 6  3
522819 6  3
522820 6  3
522821 6  3
522822 6  3
522823 6  3
522824 6  3
522825 6  3
522826 6  3
522827 6  3
522828 6  3
522829 6  3
522830 6  3
522831 6  3
522832 6  3
522833 6  3
522834 6  3
522835 6  3
522836 6  3
522837 6  3
522838 6  3
522839 6  3
522840 6  3
522841 6  3
522842 6  3
522843 6  3
522844 6  3
522845 6  3
522846 6  3
522847 6  3
522848 6  3
522849 6  3
522850 6  3
522851 6  3
522852 6  3
522853 6  3
522854 6  3
522855 6  3
522856 6  3
522857 6  3
522858 6  3
522859 6  3
522860 6  3
522861 6  3
522862 6  3
522863 6  3
522864 6  3
522865 6  3
522866 6  3
522867 6  3
522868 6  3
522869 6  3
522870 6  3
522871 6  3
522872 6  3
522873 6  3
522874 6  3
522875 6  3
522876 6  3
522877 6  3
522878 6  3
522879 6  3
522880 6  3
522881 6  3
522882 6  3
522883 6  3
522884 6  3
522885 6  3
522886 6  3
522887 6  3
522888 6  3
522889 6  3
522890 6  3
522891 6  3
522892 6  3
522893 6  3
522894 6  3
522895 6  3
522896 6  3
522897 6  3
522898 6  3
522899 6  3
522900 6  3
522901 6  3
522902 6  3
522903 6  3
522904 6  3
522905 6  3
522906 6  3
522907 6  3
522908 6  3
522909 6  3
522910 6  3
522911 6  3
522912 6  3
522913 6  3
522914 6  3
522915 6  3
522916 6  3
522917 6  3
522918 6  3
522919 6  3
522920 6  3
522921 6  3
522922 6  3
522923 6  3
522924 6  3
522925 6  3
522926 6  3
522927 6  3
522928 6  3
522929 6  3
522930 6  3
522931 6  3
522932 6  3
522933 6  3
522934 6  3
522935 6  3
522936 6  3
522937 6  3
522938 6  3
522939 6  3
522940 6  3
522941 6  3
522942 6  3
522943 6  3
522944 6  3
522945 6  3
522946 6  3
522947 6  3
522948 6  3
522949 6  3
522950 6  3
522951 6  3
522952 6  3
522953 6  3
522954 6  3
522955 6  3
522956 6  3
522957 6  3
522958 6  3
522959 6  3
522960 6  3
522961 6  3
522962 6  3
522963 6  3
522964 6  3
522965 6  3
522966 6  3
522967 6  3
522968 6  3
522969 6  3
522970 6  3
522971 6  3
522972 6  3
522973 6  3
522974 6  3
522975 6  3
522976 6  3
522977 6  3
522978 6  3
522979 6  3
522980 6  3
522981 6  3
522982 6  3
522983 6  3
522984 6  3
522985 6  3
522986 6  3
522987 6  3
522988 6  3
522989 6  3
522990 6  3
522991 6  3
522992 6  3
522993 6  3
522994 6  3
522995 6  3
522996 6  3
522997 6  3
522998 6  3
522999 6  3
523000 6  3
523001 6  3
523002 6  3
523003 6  3
523004 6  3
523005 6  3
523006 6  3
523007 6  3
523008 6  3
523009 6  3
523010 6  3
523011 6  3
523012 6  3
523013 6  3
523014 6  3
523015 6  3
523016 6  3
523017 6  3
523018 6  3
523019 6  3
523020 6  3
523021 6  3
523022 6  3
523023 6  3
523024 6  3
523025 6  3
523026 6  3
523027 6  3
523028 6  3
523029 6  3
523030 6  3
523031 6  3
523032 6  3
523033 6  3
523034 6  3
523035 6  3
523036 6  3
523037 6  3
523038 6  3
523039 6  3
523040 6  3
523041 6  3
523042 6  3
523043 6  3
523044 6  3
523045 6  3
523046 6  3
523047 6  3
523048 6  3
523049 6  3
523050 6  3
523051 6  3
523052 6  3
523053 6  3
523054 6  3
523055 6  3
523056 6  3
523057 6  3
523058 6  3
523059 6  3
523060 6  3
523061 6  3
523062 6  3
523063 6  3
523064 6  3
523065 6  3
523066 6  3
523067 6  3
523068 6  3
523069 6  3
523070 6  3
523071 6  3
523072 6  3
523073 6  3
523074 6  3
523075 6  3
523076 6  3
523077 6  3
523078 6  3
523079 6  3
523080 6  3
523081 6  3
523082 6  3
523083 6  3
523084 6  3
523085 6  3
523086 6  3
523087 6  3
523088 6  3
523089 6  3
523090 6  3
523091 6  3
523092 6  3
523093 6  3
523094 6  3
523095 6  3
523096 6  3
523097 6  3
523098 6  3
523099 6  3
523100 6  3
523101 6  3
523102 6  3
523103 6  3
523104 6  3
523105 6  3
523106 6  3
523107 6  3
523108 6  3
523109 6  3
523110 6  3
523111 6  3
523112 6  3
523113 6  3
523114 6  3
523115 6  3
523116 6  3
523117 6  3
523118 6  3
523119 6  3
523120 6  3
523121 6  3
523122 6  3
523123 6  3
523124 6  3
523125 6  3
523126 6  3
523127 6  3
523128 6  3
523129 6  3
523130 6  3
523131 6  3
523132 6  3
523133 6  3
523134 6  3
523135 6  3
523136 6  3
523137 6  3
523138 6  3
523139 6  3
523140 6  3
523141 6  3
523142 6  3
523143 6  3
523144 6  3
523145 6  3
523146 6  3
523147 6  3
523148 6  3
523149 6  3
523150 6  3
523151 6  3
523152 6  3
523153 6  3
523154 6  3
523155 6  3
523156 6  3
523157 6  3
523158 6  3
523159 6  3
523160 6  3
523161 6  3
523162 6  3
523163 6  3
523164 6  3
523165 6  3
523166 6  3
523167 6  3
523168 6  3
523169 6  3
523170 6  3
523171 6  3
523172 6  3
523173 6  3
523174 6  3
523175 6  3
523176 6  3
523177 6  3
523178 6  3
523179 6  3
523180 6  3
523181 6  3
523182 6  3
523183 6  3
523184 6  3
523185 6  3
523186 6  3
523187 6  3
523188 6  3
523189 6  3
523190 6  3
523191 6  3
523192 6  3
523193 6  3
523194 6  3
523195 6  3
523196 6  3
523197 6  3
523198 6  3
523199 6  3
523200 6  3
523201 6  3
523202 6  3
523203 6  3
523204 6  3
523205 6  3
523206 6  3
523207 6  3
523208 6  3
523209 6  3
523210 6  3
523211 6  3
523212 6  3
523213 6  3
523214 6  3
523215 6  3
523216 6  3
523217 6  3
523218 6  3
523219 6  3
523220 6  3
523221 6  3
523222 6  3
523223 6  3
523224 6  3
523225 6  3
523226 6  3
523227 6  3
523228 6  3
523229 6  3
523230 6  3
523231 6  3
523232 6  3
523233 6  3
523234 6  3
523235 6  3
523236 6  3
523237 6  3
523238 6  3
523239 6  3
523240 6  3
523241 6  3
523242 6  3
523243 6  3
523244 6  3
523245 6  3
523246 6  3
523247 6  3
523248 6  3
523249 6  3
523250 6  3
523251 6  3
523252 6  3
523253 6  3
523254 6  3
523255 6  3
523256 6  3
523257 6  3
523258 6  3
523259 6  3
523260 6  3
523261 6  3
523262 6  3
523263 6  3
523264 6  3
523265 6  3
523266 6  3
523267 6  3
523268 6  3
523269 6  3
523270 6  3
523271 6  3
523272 6  3
523273 6  3
523274 6  3
523275 6  3
523276 6  3
523277 6  3
523278 6  3
523279 6  3
523280 6  3
523281 6  3
523282 6  3
523283 6  3
523284 6  3
523285 6  3
523286 6  3
523287 6  3
523288 6  3
523289 6  3
523290 6  3
523291 6  3
523292 6  3
523293 6  3
523294 6  3
523295 6  3
523296 6  3
523297 6  3
523298 6  3
523299 6  3
523300 6  3
523301 6  3
523302 6  3
523303 6  3
523304 6  3
523305 6  3
523306 6  3
523307 6  3
523308 6  3
523309 6  3
523310 6  3
523311 6  3
523312 6  3
523313 6  3
523314 6  3
523315 6  3
523316 6  3
523317 6  3
523318 6  3
523319 6  3
523320 6  3
523321 6  3
523322 6  3
523323 6  3
523324 6  3
523325 6  3
523326 6  3
523327 6  3
523328 6  3
523329 6  3
523330 6  3
523331 6  3
523332 6  3
523333 6  3
523334 6  3
523335 6  3
523336 6  3
523337 6  3
523338 6  3
523339 6  3
523340 6  3
523341 6  3
523342 6  3
523343 6  3
523344 6  3
523345 6  3
523346 6  3
523347 6  3
523348 6  3
523349 6  3
523350 6  3
523351 6  3
523352 6  3
523353 6  3
523354 6  3
523355 6  3
523356 6  3
523357 6  3
523358 6  3
523359 6  3
523360 6  3
523361 6  3
523362 6  3
523363 6  3
523364 6  3
523365 6  3
523366 6  3
523367 6  3
523368 6  3
523369 6  3
523370 6  3
523371 6  3
523372 6  3
523373 6  3
523374 6  3
523375 6  3
523376 6  3
523377 6  3
523378 6  3
523379 6  3
523380 6  3
523381 6  3
523382 6  3
523383 6  3
523384 6  3
523385 6  3
523386 6  3
523387 6  3
523388 6  3
523389 6  3
523390 6  3
523391 6  3
523392 6  3
523393 6  3
523394 6  3
523395 6  3
523396 6  3
523397 6  3
523398 6  3
523399 6  3
523400 6  3
523401 6  3
523402 6  3
523403 6  3
523404 6  3
523405 6  3
523406 6  3
523407 6  3
523408 6  3
523409 6  3
523410 6  3
523411 6  3
523412 6  3
523413 6  3
523414 6  3
523415 6  3
523416 6  3
523417 6  3
523418 6  3
523419 6  3
523420 6  3
523421 6  3
523422 6  3
523423 6  3
523424 6  3
523425 6  3
523426 6  3
523427 6  3
523428 6  3
523429 6  3
523430 6  3
523431 6  3
523432 6  3
523433 6  3
523434 6  3
523435 6  3
523436 6  3
523437 6  3
523438 6  3
523439 6  3
523440 6  3
523441 6  3
523442 6  3
523443 6  3
523444 6  3
523445 6  3
523446 6  3
523447 6  3
523448 6  3
523449 6  3
523450 6  3
523451 6  3
523452 6  3
523453 6  3
523454 6  3
523455 6  3
523456 6  3
523457 6  3
523458 6  3
523459 6  3
523460 6  3
523461 6  3
523462 6  3
523463 6  3
523464 6  3
523465 6  3
523466 6  3
523467 6  3
523468 6  3
523469 6  3
523470 6  3
523471 6  3
523472 6  3
523473 6  3
523474 6  3
523475 6  3
523476 6  3
523477 6  3
523478 6  3
523479 6  3
523480 6  3
523481 6  3
523482 6  3
523483 6  3
523484 6  3
523485 6  3
523486 6  3
523487 6  3
523488 6  3
523489 6  3
523490 6  3
523491 6  3
523492 6  3
523493 6  3
523494 6  3
523495 6  3
523496 6  3
523497 6  3
523498 6  3
523499 6  3
523500 6  3
523501 6  3
523502 6  3
523503 6  3
523504 6  3
523505 6  3
523506 6  3
523507 6  3
523508 6  3
523509 6  3
523510 6  3
523511 6  3
523512 6  3
523513 6  3
523514 6  3
523515 6  3
523516 6  3
523517 6  3
523518 6  3
523519 6  3
523520 6  3
523521 6  3
523522 6  3
523523 6  3
523524 6  3
523525 6  3
523526 6  3
523527 6  3
523528 6  3
523529 6  3
523530 6  3
523531 6  3
523532 6  3
523533 6  3
523534 6  3
523535 6  3
523536 6  3
523537 6  3
523538 6  3
523539 6  3
523540 6  3
523541 6  3
523542 6  3
523543 6  3
523544 6  3
523545 6  3
523546 6  3
523547 6  3
523548 6  3
523549 6  3
523550 6  3
523551 6  3
523552 6  3
523553 6  3
523554 6  3
523555 6  3
523556 6  3
523557 6  3
523558 6  3
523559 6  3
523560 6  3
523561 6  3
523562 6  3
523563 6  3
523564 6  3
523565 6  3
523566 6  3
523567 6  3
523568 6  3
523569 6  3
523570 6  3
523571 6  3
523572 6  3
523573 6  3
523574 6  3
523575 6  3
523576 6  3
523577 6  3
523578 6  3
523579 6  3
523580 6  3
523581 6  3
523582 6  3
523583 6  3
523584 6  3
523585 6  3
523586 6  3
523587 6  3
523588 6  3
523589 6  3
523590 6  3
523591 6  3
523592 6  3
523593 6  3
523594 6  3
523595 6  3
523596 6  3
523597 6  3
523598 6  3
523599 6  3
523600 6  3
523601 6  3
523602 6  3
523603 6  3
523604 6  3
523605 6  3
523606 6  3
523607 6  3
523608 6  3
523609 6  3
523610 6  3
523611 6  3
523612 6  3
523613 6  3
523614 6  3
523615 6  3
523616 6  3
523617 6  3
523618 6  3
523619 6  3
523620 6  3
523621 6  3
523622 6  3
523623 6  3
523624 6  3
523625 6  3
523626 6  3
523627 6  3
523628 6  3
523629 6  3
523630 6  3
523631 6  3
523632 6  3
523633 6  3
523634 6  3
523635 6  3
523636 6  3
523637 6  3
523638 6  3
523639 6  3
523640 6  3
523641 6  3
523642 6  3
523643 6  3
523644 6  3
523645 6  3
523646 6  3
523647 6  3
523648 6  3
523649 6  3
523650 6  3
523651 6  3
523652 6  3
523653 6  3
523654 6  3
523655 6  3
523656 6  3
523657 6  3
523658 6  3
523659 6  3
523660 6  3
523661 6  3
523662 6  3
523663 6  3
523664 6  3
523665 6  3
523666 6  3
523667 6  3
523668 6  3
523669 6  3
523670 6  3
523671 6  3
523672 6  3
523673 6  3
523674 6  3
523675 6  3
523676 6  3
523677 6  3
523678 6  3
523679 6  3
523680 6  3
523681 6  3
523682 6  3
523683 6  3
523684 6  3
523685 6  3
523686 6  3
523687 6  3
523688 6  3
523689 6  3
523690 6  3
523691 6  3
523692 6  3
523693 6  3
523694 6  3
523695 6  3
523696 6  3
523697 6  3
523698 6  3
523699 6  3
523700 6  3
523701 6  3
523702 6  3
523703 6  3
523704 6  3
523705 6  3
523706 6  3
523707 6  3
523708 6  3
523709 6  3
523710 6  3
523711 6  3
523712 6  3
523713 6  3
523714 6  3
523715 6  3
523716 6  3
523717 6  3
523718 6  3
523719 6  3
523720 6  3
523721 6  3
523722 6  3
523723 6  3
523724 6  3
523725 6  3
523726 6  3
523727 6  3
523728 6  3
523729 6  3
523730 6  3
523731 6  3
523732 6  3
523733 6  3
523734 6  3
523735 6  3
523736 6  3
523737 6  3
523738 6  3
523739 6  3
523740 6  3
523741 6  3
523742 6  3
523743 6  3
523744 6  3
523745 6  3
523746 6  3
523747 6  3
523748 6  3
523749 6  3
523750 6  3
523751 6  3
523752 6  3
523753 6  3
523754 6  3
523755 6  3
523756 6  3
523757 6  3
523758 6  3
523759 6  3
523760 6  3
523761 6  3
523762 6  3
523763 6  3
523764 6  3
523765 6  3
523766 6  3
523767 6  3
523768 6  3
523769 6  3
523770 6  3
523771 6  3
523772 6  3
523773 6  3
523774 6  3
523775 6  3
523776 6  3
523777 6  3
523778 6  3
523779 6  3
523780 6  3
523781 6  3
523782 6  3
523783 6  3
523784 6  3
523785 6  3
523786 6  3
523787 6  3
523788 6  3
523789 6  3
523790 6  3
523791 6  3
523792 6  3
523793 6  3
523794 6  3
523795 6  3
523796 6  3
523797 6  3
523798 6  3
523799 6  3
523800 6  3
523801 6  3
523802 6  3
523803 6  3
523804 6  3
523805 6  3
523806 6  3
523807 6  3
523808 6  3
523809 6  3
523810 6  3
523811 6  3
523812 6  3
523813 6  3
523814 6  3
523815 6  3
523816 6  3
523817 6  3
523818 6  3
523819 6  3
523820 6  3
523821 6  3
523822 6  3
523823 6  3
523824 6  3
523825 6  3
523826 6  3
523827 6  3
523828 6  3
523829 6  3
523830 6  3
523831 6  3
523832 6  3
523833 6  3
523834 6  3
523835 6  3
523836 6  3
523837 6  3
523838 6  3
523839 6  3
523840 6  3
523841 6  3
523842 6  3
523843 6  3
523844 6  3
523845 6  3
523846 6  3
523847 6  3
523848 6  3
523849 6  3
523850 6  3
523851 6  3
523852 6  3
523853 6  3
523854 6  3
523855 6  3
523856 6  3
523857 6  3
523858 6  3
523859 6  3
523860 6  3
523861 6  3
523862 6  3
523863 6  3
523864 6  3
523865 6  3
523866 6  3
523867 6  3
523868 6  3
523869 6  3
523870 6  3
523871 6  3
523872 6  3
523873 6  3
523874 6  3
523875 6  3
523876 6  3
523877 6  3
523878 6  3
523879 6  3
523880 6  3
523881 6  3
523882 6  3
523883 6  3
523884 6  3
523885 6  3
523886 6  3
523887 6  3
523888 6  3
523889 6  3
523890 6  3
523891 6  3
523892 6  3
523893 6  3
523894 6  3
523895 6  3
523896 6  3
523897 6  3
523898 6  3
523899 6  3
523900 6  3
523901 6  3
523902 6  3
523903 6  3
523904 6  3
523905 6  3
523906 6  3
523907 6  3
523908 6  3
523909 6  3
523910 6  3
523911 6  3
523912 6  3
523913 6  3
523914 6  3
523915 6  3
523916 6  3
523917 6  3
523918 6  3
523919 6  3
523920 6  3
523921 6  3
523922 6  3
523923 6  3
523924 6  3
523925 6  3
523926 6  3
523927 6  3
523928 6  3
523929 6  3
523930 6  3
523931 6  3
523932 6  3
523933 6  3
523934 6  3
523935 6  3
523936 6  3
523937 6  3
523938 6  3
523939 6  3
523940 6  3
523941 6  3
523942 6  3
523943 6  3
523944 6  3
523945 6  3
523946 6  3
523947 6  3
523948 6  3
523949 6  3
523950 6  3
523951 6  3
523952 6  3
523953 6  3
523954 6  3
523955 6  3
523956 6  3
523957 6  3
523958 6  3
523959 6  3
523960 6  3
523961 6  3
523962 6  3
523963 6  3
523964 6  3
523965 6  3
523966 6  3
523967 6  3
523968 6  3
523969 6  3
523970 6  3
523971 6  3
523972 6  3
523973 6  3
523974 6  3
523975 6  3
523976 6  3
523977 6  3
523978 6  3
523979 6  3
523980 6  3
523981 6  3
523982 6  3
523983 6  3
523984 6  3
523985 6  3
523986 6  3
523987 6  3
523988 6  3
523989 6  3
523990 6  3
523991 6  3
523992 6  3
523993 6  3
523994 6  3
523995 6  3
523996 6  3
523997 6  3
523998 6  3
523999 6  3
524000 6  3
524001 6  3
524002 6  3
524003 6  3
524004 6  3
524005 6  3
524006 6  3
524007 6  3
524008 6  3
524009 6  3
524010 6  3
524011 6  3
524012 6  3
524013 6  3
524014 6  3
524015 6  3
524016 6  3
524017 6  3
524018 6  3
524019 6  3
524020 6  3
524021 6  3
524022 6  3
524023 6  3
524024 6  3
524025 6  3
524026 6  3
524027 6  3
524028 6  3
524029 6  3
524030 6  3
524031 6  3
524032 6  3
524033 6  3
524034 6  3
524035 6  3
524036 6  3
524037 6  3
524038 6  3
524039 6  3
524040 6  3
524041 6  3
524042 6  3
524043 6  3
524044 6  3
524045 6  3
524046 6  3
524047 6  3
524048 6  3
524049 6  3
524050 6  3
524051 6  3
524052 6  3
524053 6  3
524054 6  3
524055 6  3
524056 6  3
524057 6  3
524058 6  3
524059 6  3
524060 6  3
524061 6  3
524062 6  3
524063 6  3
524064 6  3
524065 6  3
524066 6  3
524067 6  3
524068 6  3
524069 6  3
524070 6  3
524071 6  3
524072 6  3
524073 6  3
524074 6  3
524075 6  3
524076 6  3
524077 6  3
524078 6  3
524079 6  3
524080 6  3
524081 6  3
524082 6  3
524083 6  3
524084 6  3
524085 6  3
524086 6  3
524087 6  3
524088 6  3
524089 6  3
524090 6  3
524091 6  3
524092 6  3
524093 6  3
524094 6  3
524095 6  3
524096 6  3
524097 6  3
524098 6  3
524099 6  3
524100 6  3
524101 6  3
524102 6  3
524103 6  3
524104 6  3
524105 6  3
524106 6  3
524107 6  3
524108 6  3
524109 6  3
524110 6  3
524111 6  3
524112 6  3
524113 6  3
524114 6  3
524115 6  3
524116 6  3
524117 6  3
524118 6  3
524119 6  3
524120 6  3
524121 6  3
524122 6  3
524123 6  3
524124 6  3
524125 6  3
524126 6  3
524127 6  3
524128 6  3
524129 6  3
524130 6  3
524131 6  3
524132 6  3
524133 6  3
524134 6  3
524135 6  3
524136 6  3
524137 6  3
524138 6  3
524139 6  3
524140 6  3
524141 6  3
524142 6  3
524143 6  3
524144 6  3
524145 6  3
524146 6  3
524147 6  3
524148 6  3
524149 6  3
524150 6  3
524151 6  3
524152 6  3
524153 6  3
524154 6  3
524155 6  3
524156 6  3
524157 6  3
524158 6  3
524159 6  3
524160 6  3
524161 6  3
524162 6  3
524163 6  3
524164 6  3
524165 6  3
524166 6  3
524167 6  3
524168 6  3
524169 6  3
524170 6  3
524171 6  3
524172 6  3
524173 6  3
524174 6  3
524175 6  3
524176 6  3
524177 6  3
524178 6  3
524179 6  3
524180 6  3
524181 6  3
524182 6  3
524183 6  3
524184 6  3
524185 6  3
524186 6  3
524187 6  3
524188 6  3
524189 6  3
524190 6  3
524191 6  3
524192 6  3
524193 6  3
524194 6  3
524195 6  3
524196 6  3
524197 6  3
524198 6  3
524199 6  3
524200 6  3
524201 6  3
524202 6  3
524203 6  3
524204 6  3
524205 6  3
524206 6  3
524207 6  3
524208 6  3
524209 6  3
524210 6  3
524211 6  3
524212 6  3
524213 6  3
524214 6  3
524215 6  3
524216 6  3
524217 6  3
524218 6  3
524219 6  3
524220 6  3
524221 6  3
524222 6  3
524223 6  3
524224 6  3
524225 6  3
524226 6  3
524227 6  3
524228 6  3
524229 6  3
524230 6  3
524231 6  3
524232 6  3
524233 6  3
524234 6  3
524235 6  3
524236 6  3
524237 6  3
524238 6  3
524239 6  3
524240 6  3
524241 6  3
524242 6  3
524243 6  3
524244 6  3
524245 6  3
524246 6  3
524247 6  3
524248 6  3
524249 6  3
524250 6  3
524251 6  3
524252 6  3
524253 6  3
524254 6  3
524255 6  3
524256 6  3
524257 6  3
524258 6  3
524259 6  3
524260 6  3
524261 6  3
524262 6  3
524263 6  3
524264 6  3
524265 6  3
524266 6  3
524267 6  3
524268 6  3
524269 6  3
524270 6  3
524271 6  3
524272 6  3
524273 6  3
524274 6  3
524275 6  3
524276 6  3
524277 6  3
524278 6  3
524279 6  3
524280 6  3
524281 6  3
524282 6  3
524283 6  3
524284 6  3
524285 6  3
524286 6  3
524287 6  3
524288 6  3
524289 6  3
524290 6  3
524291 6  3
524292 6  3
524293 6  3
524294 6  3
524295 6  3
524296 6  3
524297 6  3
524298 6  3
524299 6  3
524300 6  3
524301 6  3
524302 6  3
524303 6  3
524304 6  3
524305 6  3
524306 6  3
524307 6  3
524308 6  3
524309 6  3
524310 6  3
524311 6  3
524312 6  3
524313 6  3
524314 6  3
524315 6  3
524316 6  3
524317 6  3
524318 6  3
524319 6  3
524320 6  3
524321 6  3
524322 6  3
524323 6  3
524324 6  3
524325 6  3
524326 6  3
524327 6  3
524328 6  3
524329 6  3
524330 6  3
524331 6  3
524332 6  3
524333 6  3
524334 6  3
524335 6  3
524336 6  3
524337 6  3
524338 6  3
524339 6  3
524340 6  3
524341 6  3
524342 6  3
524343 6  3
524344 6  3
524345 6  3
524346 6  3
524347 6  3
524348 6  3
524349 6  3
524350 6  3
524351 6  3
524352 6  3
524353 6  3
524354 6  3
524355 6  3
524356 6  3
524357 6  3
524358 6  3
524359 6  3
524360 6  3
524361 6  3
524362 6  3
524363 6  3
524364 6  3
524365 6  3
524366 6  3
524367 6  3
524368 6  3
524369 6  3
524370 6  3
524371 6  3
524372 6  3
524373 6  3
524374 6  3
524375 6  3
524376 6  3
524377 6  3
524378 6  3
524379 6  3
524380 6  3
524381 6  3
524382 6  3
524383 6  3
524384 6  3
524385 6  3
524386 6  3
524387 6  3
524388 6  3
524389 6  3
524390 6  3
524391 6  3
524392 6  3
524393 6  3
524394 6  3
524395 6  3
524396 6  3
524397 6  3
524398 6  3
524399 6  3
524400 6  3
524401 6  3
524402 6  3
524403 6  3
524404 6  3
524405 6  3
524406 6  3
524407 6  3
524408 6  3
524409 6  3
524410 6  3
524411 6  3
524412 6  3
524413 6  3
524414 6  3
524415 6  3
524416 6  3
524417 6  3
524418 6  3
524419 6  3
524420 6  3
524421 6  3
524422 6  3
524423 6  3
524424 6  3
524425 6  3
524426 6  3
524427 6  3
524428 6  3
524429 6  3
524430 6  3
524431 6  3
524432 6  3
524433 6  3
524434 6  3
524435 6  3
524436 6  3
524437 6  3
524438 6  3
524439 6  3
524440 6  3
524441 6  3
524442 6  3
524443 6  3
524444 6  3
524445 6  3
524446 6  3
524447 6  3
524448 6  3
524449 6  3
524450 6  3
524451 6  3
524452 6  3
524453 6  3
524454 6  3
524455 6  3
524456 6  3
524457 6  3
524458 6  3
524459 6  3
524460 6  3
524461 6  3
524462 6  3
524463 6  3
524464 6  3
524465 6  3
524466 6  3
524467 6  3
524468 6  3
524469 6  3
524470 6  3
524471 6  3
524472 6  3
524473 6  3
524474 6  3
524475 6  3
524476 6  3
524477 6  3
524478 6  3
524479 6  3
524480 6  3
524481 6  3
524482 6  3
524483 6  3
524484 6  3
524485 6  3
524486 6  3
524487 6  3
524488 6  3
524489 6  3
524490 6  3
524491 6  3
524492 6  3
524493 6  3
524494 6  3
524495 6  3
524496 6  3
524497 6  3
524498 6  3
524499 6  3
524500 6  3
524501 6  3
524502 6  3
524503 6  3
524504 6  3
524505 6  3
524506 6  3
524507 6  3
524508 6  3
524509 6  3
524510 6  3
524511 6  3
524512 6  3
524513 6  3
524514 6  3
524515 6  3
524516 6  3
524517 6  3
524518 6  3
524519 6  3
524520 6  3
524521 6  3
524522 6  3
524523 6  3
524524 6  3
524525 6  3
524526 6  3
524527 6  3
524528 6  3
524529 6  3
524530 6  3
524531 6  3
524532 6  3
524533 6  3
524534 6  3
524535 6  3
524536 6  3
524537 6  3
524538 6  3
524539 6  3
524540 6  3
524541 6  3
524542 6  3
524543 6  3
524544 6  3
524545 6  3
524546 6  3
524547 6  3
524548 6  3
524549 6  3
524550 6  3
524551 6  3
524552 6  3
524553 6  3
524554 6  3
524555 6  3
524556 6  3
524557 6  3
524558 6  3
524559 6  3
524560 6  3
524561 6  3
524562 6  3
524563 6  3
524564 6  3
524565 6  3
524566 6  3
524567 6  3
524568 6  3
524569 6  3
524570 6  3
524571 6  3
524572 6  3
524573 6  3
524574 6  3
524575 6  3
524576 6  3
524577 6  3
524578 6  3
524579 6  3
524580 6  3
524581 6  3
524582 6  3
524583 6  3
524584 6  3
524585 6  3
524586 6  3
524587 6  3
524588 6  3
524589 6  3
524590 6  3
524591 6  3
524592 6  3
524593 6  3
524594 6  3
524595 6  3
524596 6  3
524597 6  3
524598 6  3
524599 6  3
524600 6  3
524601 6  3
524602 6  3
524603 6  3
524604 6  3
524605 6  3
524606 6  3
524607 6  3
524608 6  3
524609 6  3
524610 6  3
524611 6  3
524612 6  3
524613 6  3
524614 6  3
524615 6  3
524616 6  3
524617 6  3
524618 6  3
524619 6  3
524620 6  3
524621 6  3
524622 6  3
524623 6  3
524624 6  3
524625 6  3
524626 6  3
524627 6  3
524628 6  3
524629 6  3
524630 6  3
524631 6  3
524632 6  3
524633 6  3
524634 6  3
524635 6  3
524636 6  3
524637 6  3
524638 6  3
524639 6  3
524640 6  3
524641 6  3
524642 6  3
524643 6  3
524644 6  3
524645 6  3
524646 6  3
524647 6  3
524648 6  3
524649 6  3
524650 6  3
524651 6  3
524652 6  3
524653 6  3
524654 6  3
524655 6  3
524656 6  3
524657 6  3
524658 6  3
524659 6  3
524660 6  3
524661 6  3
524662 6  3
524663 6  3
524664 6  3
524665 6  3
524666 6  3
524667 6  3
524668 6  3
524669 6  3
524670 6  3
524671 6  3
524672 6  3
524673 6  3
524674 6  3
524675 6  3
524676 6  3
524677 6  3
524678 6  3
524679 6  3
524680 6  3
524681 6  3
524682 6  3
524683 6  3
524684 6  3
524685 6  3
524686 6  3
524687 6  3
524688 6  3
524689 6  3
524690 6  3
524691 6  3
524692 6  3
524693 6  3
524694 6  3
524695 6  3
524696 6  3
524697 6  3
524698 6  3
524699 6  3
524700 6  3
524701 6  3
524702 6  3
524703 6  3
524704 6  3
524705 6  3
524706 6  3
524707 6  3
524708 6  3
524709 6  3
524710 6  3
524711 6  3
524712 6  3
524713 6  3
524714 6  3
524715 6  3
524716 6  3
524717 6  3
524718 6  3
524719 6  3
524720 6  3
524721 6  3
524722 6  3
524723 6  3
524724 6  3
524725 6  3
524726 6  3
524727 6  3
524728 6  3
524729 6  3
524730 6  3
524731 6  3
524732 6  3
524733 6  3
524734 6  3
524735 6  3
524736 6  3
524737 6  3
524738 6  3
524739 6  3
524740 6  3
524741 6  3
524742 6  3
524743 6  3
524744 6  3
524745 6  3
524746 6  3
524747 6  3
524748 6  3
524749 6  3
524750 6  3
524751 6  3
524752 6  3
524753 6  3
524754 6  3
524755 6  3
524756 6  3
524757 6  3
524758 6  3
524759 6  3
524760 6  3
524761 6  3
524762 6  3
524763 6  3
524764 6  3
524765 6  3
524766 6  3
524767 6  3
524768 6  3
524769 6  3
524770 6  3
524771 6  3
524772 6  3
524773 6  3
524774 6  3
524775 6  3
524776 6  3
524777 6  3
524778 6  3
524779 6  3
524780 6  3
524781 6  3
524782 6  3
524783 6  3
524784 6  3
524785 6  3
524786 6  3
524787 6  3
524788 6  3
524789 6  3
524790 6  3
524791 6  3
524792 6  3
524793 6  3
524794 6  3
524795 6  3
524796 6  3
524797 6  3
524798 6  3
524799 6  3
524800 6  3
524801 6  3
524802 6  3
524803 6  3
524804 6  3
524805 6  3
524806 6  3
524807 6  3
524808 6  3
524809 6  3
524810 6  3
524811 6  3
524812 6  3
524813 6  3
524814 6  3
524815 6  3
524816 6  3
524817 6  3
524818 6  3
524819 6  3
524820 6  3
524821 6  3
524822 6  3
524823 6  3
524824 6  3
524825 6  3
524826 6  3
524827 6  3
524828 6  3
524829 6  3
524830 6  3
524831 6  3
524832 6  3
524833 6  3
524834 6  3
524835 6  3
524836 6  3
524837 6  3
524838 6  3
524839 6  3
524840 6  3
524841 6  3
524842 6  3
524843 6  3
524844 6  3
524845 6  3
524846 6  3
524847 6  3
524848 6  3
524849 6  3
524850 6  3
524851 6  3
524852 6  3
524853 6  3
524854 6  3
524855 6  3
524856 6  3
524857 6  3
524858 6  3
524859 6  3
524860 6  3
524861 6  3
524862 6  3
524863 6  3
524864 6  3
524865 6  3
524866 6  3
524867 6  3
524868 6  3
524869 6  3
524870 6  3
524871 6  3
524872 6  3
524873 6  3
524874 6  3
524875 6  3
524876 6  3
524877 6  3
524878 6  3
524879 6  3
524880 6  3
524881 6  3
524882 6  3
524883 6  3
524884 6  3
524885 6  3
524886 6  3
524887 6  3
524888 6  3
524889 6  3
524890 6  3
524891 6  3
524892 6  3
524893 6  3
524894 6  3
524895 6  3
524896 6  3
524897 6  3
524898 6  3
524899 6  3
524900 6  3
524901 6  3
524902 6  3
524903 6  3
524904 6  3
524905 6  3
524906 6  3
524907 6  3
524908 6  3
524909 6  3
524910 6  3
524911 6  3
524912 6  3
524913 6  3
524914 6  3
524915 6  3
524916 6  3
524917 6  3
524918 6  3
524919 6  3
524920 6  3
524921 6  3
524922 6  3
524923 6  3
524924 6  3
524925 6  3
524926 6  3
524927 6  3
524928 6  3
524929 6  3
524930 6  3
524931 6  3
524932 6  3
524933 6  3
524934 6  3
524935 6  3
524936 6  3
524937 6  3
524938 6  3
524939 6  3
524940 6  3
524941 6  3
524942 6  3
524943 6  3
524944 6  3
524945 6  3
524946 6  3
524947 6  3
524948 6  3
524949 6  3
524950 6  3
524951 6  3
524952 6  3
524953 6  3
524954 6  3
524955 6  3
524956 6  3
524957 6  3
524958 6  3
524959 6  3
524960 6  3
524961 6  3
524962 6  3
524963 6  3
524964 6  3
524965 6  3
524966 6  3
524967 6  3
524968 6  3
524969 6  3
524970 6  3
524971 6  3
524972 6  3
524973 6  3
524974 6  3
524975 6  3
524976 6  3
524977 6  3
524978 6  3
524979 6  3
524980 6  3
524981 6  3
524982 6  3
524983 6  3
524984 6  3
524985 6  3
524986 6  3
524987 6  3
524988 6  3
524989 6  3
524990 6  3
524991 6  3
524992 6  3
524993 6  3
524994 6  3
524995 6  3
524996 6  3
524997 6  3
524998 6  3
524999 6  3
525000 6  3
525001 6  3
525002 6  3
525003 6  3
525004 6  3
525005 6  3
525006 6  3
525007 6  3
525008 6  3
525009 6  3
525010 6  3
525011 6  3
525012 6  3
525013 6  3
525014 6  3
525015 6  3
525016 6  3
525017 6  3
525018 6  3
525019 6  3
525020 6  3
525021 6  3
525022 6  3
525023 6  3
525024 6  3
525025 6  3
525026 6  3
525027 6  3
525028 6  3
525029 6  3
525030 6  3
525031 6  3
525032 6  3
525033 6  3
525034 6  3
525035 6  3
525036 6  3
525037 6  3
525038 6  3
525039 6  3
525040 6  3
525041 6  3
525042 6  3
525043 6  3
525044 6  3
525045 6  3
525046 6  3
525047 6  3
525048 6  3
525049 6  3
525050 6  3
525051 6  3
525052 6  3
525053 6  3
525054 6  3
525055 6  3
525056 6  3
525057 6  3
525058 6  3
525059 6  3
525060 6  3
525061 6  3
525062 6  3
525063 6  3
525064 6  3
525065 6  3
525066 6  3
525067 6  3
525068 6  3
525069 6  3
525070 6  3
525071 6  3
525072 6  3
525073 6  3
525074 6  3
525075 6  3
525076 6  3
525077 6  3
525078 6  3
525079 6  3
525080 6  3
525081 6  3
525082 6  3
525083 6  3
525084 6  3
525085 6  3
525086 6  3
525087 6  3
525088 6  3
525089 6  3
525090 6  3
525091 6  3
525092 6  3
525093 6  3
525094 6  3
525095 6  3
525096 6  3
525097 6  3
525098 6  3
525099 6  3
525100 6  3
525101 6  3
525102 6  3
525103 6  3
525104 6  3
525105 6  3
525106 6  3
525107 6  3
525108 6  3
525109 6  3
525110 6  3
525111 6  3
525112 6  3
525113 6  3
525114 6  3
525115 6  3
525116 6  3
525117 6  3
525118 6  3
525119 6  3
525120 6  3
525121 6  3
525122 6  3
525123 6  3
525124 6  3
525125 6  3
525126 6  3
525127 6  3
525128 6  3
525129 6  3
525130 6  3
525131 6  3
525132 6  3
525133 6  3
525134 6  3
525135 6  3
525136 6  3
525137 6  3
525138 6  3
525139 6  3
525140 6  3
525141 6  3
525142 6  3
525143 6  3
525144 6  3
525145 6  3
525146 6  3
525147 6  3
525148 6  3
525149 6  3
525150 6  3
525151 6  3
525152 6  3
525153 6  3
525154 6  3
525155 6  3
525156 6  3
525157 6  3
525158 6  3
525159 6  3
525160 6  3
525161 6  3
525162 6  3
525163 6  3
525164 6  3
525165 6  3
525166 6  3
525167 6  3
525168 6  3
525169 6  3
525170 6  3
525171 6  3
525172 6  3
525173 6  3
525174 6  3
525175 6  3
525176 6  3
525177 6  3
525178 6  3
525179 6  3
525180 6  3
525181 6  3
525182 6  3
525183 6  3
525184 6  3
525185 6  3
525186 6  3
525187 6  3
525188 6  3
525189 6  3
525190 6  3
525191 6  3
525192 6  3
525193 6  3
525194 6  3
525195 6  3
525196 6  3
525197 6  3
525198 6  3
525199 6  3
525200 6  3
525201 6  3
525202 6  3
525203 6  3
525204 6  3
525205 6  3
525206 6  3
525207 6  3
525208 6  3
525209 6  3
525210 6  3
525211 6  3
525212 6  3
525213 6  3
525214 6  3
525215 6  3
525216 6  3
525217 6  3
525218 6  3
525219 6  3
525220 6  3
525221 6  3
525222 6  3
525223 6  3
525224 6  3
525225 6  3
525226 6  3
525227 6  3
525228 6  3
525229 6  3
525230 6  3
525231 6  3
525232 6  3
525233 6  3
525234 6  3
525235 6  3
525236 6  3
525237 6  3
525238 6  3
525239 6  3
525240 6  3
525241 6  3
525242 6  3
525243 6  3
525244 6  3
525245 6  3
525246 6  3
525247 6  3
525248 6  3
525249 6  3
525250 6  3
525251 6  3
525252 6  3
525253 6  3
525254 6  3
525255 6  3
525256 6  3
525257 6  3
525258 6  3
525259 6  3
525260 6  3
525261 6  3
525262 6  3
525263 6  3
525264 6  3
525265 6  3
525266 6  3
525267 6  3
525268 6  3
525269 6  3
525270 6  3
525271 6  3
525272 6  3
525273 6  3
525274 6  3
525275 6  3
525276 6  3
525277 6  3
525278 6  3
525279 6  3
525280 6  3
525281 6  3
525282 6  3
525283 6  3
525284 6  3
525285 6  3
525286 6  3
525287 6  3
525288 6  3
525289 6  3
525290 6  3
525291 6  3
525292 6  3
525293 6  3
525294 6  3
525295 6  3
525296 6  3
525297 6  3
525298 6  3
525299 6  3
525300 6  3
525301 6  3
525302 6  3
525303 6  3
525304 6  3
525305 6  3
525306 6  3
525307 6  3
525308 6  3
525309 6  3
525310 6  3
525311 6  3
525312 6  3
525313 6  3
525314 6  3
525315 6  3
525316 6  3
525317 6  3
525318 6  3
525319 6  3
525320 6  3
525321 6  3
525322 6  3
525323 6  3
525324 6  3
525325 6  3
525326 6  3
525327 6  3
525328 6  3
525329 6  3
525330 6  3
525331 6  3
525332 6  3
525333 6  3
525334 6  3
525335 6  3
525336 6  3
525337 6  3
525338 6  3
525339 6  3
525340 6  3
525341 6  3
525342 6  3
525343 6  3
525344 6  3
525345 6  3
525346 6  3
525347 6  3
525348 6  3
525349 6  3
525350 6  3
525351 6  3
525352 6  3
525353 6  3
525354 6  3
525355 6  3
525356 6  3
525357 6  3
525358 6  3
525359 6  3
525360 6  3
525361 6  3
525362 6  3
525363 6  3
525364 6  3
525365 6  3
525366 6  3
525367 6  3
525368 6  3
525369 6  3
525370 6  3
525371 6  3
525372 6  3
525373 6  3
525374 6  3
525375 6  3
525376 6  3
525377 6  3
525378 6  3
525379 6  3
525380 6  3
525381 6  3
525382 6  3
525383 6  3
525384 6  3
525385 6  3
525386 6  3
525387 6  3
525388 6  3
525389 6  3
525390 6  3
525391 6  3
525392 6  3
525393 6  3
525394 6  3
525395 6  3
525396 6  3
525397 6  3
525398 6  3
525399 6  3
525400 6  3
525401 6  3
525402 6  3
525403 6  3
525404 6  3
525405 6  3
525406 6  3
525407 6  3
525408 6  3
525409 6  3
525410 6  3
525411 6  3
525412 6  3
525413 6  3
525414 6  3
525415 6  3
525416 6  3
525417 6  3
525418 6  3
525419 6  3
525420 6  3
525421 6  3
525422 6  3
525423 6  3
525424 6  3
525425 6  3
525426 6  3
525427 6  3
525428 6  3
525429 6  3
525430 6  3
525431 6  3
525432 6  3
525433 6  3
525434 6  3
525435 6  3
525436 6  3
525437 6  3
525438 6  3
525439 6  3
525440 6  3
525441 6  3
525442 6  3
525443 6  3
525444 6  3
525445 6  3
525446 6  3
525447 6  3
525448 6  3
525449 6  3
525450 6  3
525451 6  3
525452 6  3
525453 6  3
525454 6  3
525455 6  3
525456 6  3
525457 6  3
525458 6  3
525459 6  3
525460 6  3
525461 6  3
525462 6  3
525463 6  3
525464 6  3
525465 6  3
525466 6  3
525467 6  3
525468 6  3
525469 6  3
525470 6  3
525471 6  3
525472 6  3
525473 6  3
525474 6  3
525475 6  3
525476 6  3
525477 6  3
525478 6  3
525479 6  3
525480 6  3
525481 6  3
525482 6  3
525483 6  3
525484 6  3
525485 6  3
525486 6  3
525487 6  3
525488 6  3
525489 6  3
525490 6  3
525491 6  3
525492 6  3
525493 6  3
525494 6  3
525495 6  3
525496 6  3
525497 6  3
525498 6  3
525499 6  3
525500 6  3
525501 6  3
525502 6  3
525503 6  3
525504 6  3
525505 6  3
525506 6  3
525507 6  3
525508 6  3
525509 6  3
525510 6  3
525511 6  3
525512 6  3
525513 6  3
525514 6  3
525515 6  3
525516 6  3
525517 6  3
525518 6  3
525519 6  3
525520 6  3
525521 6  3
525522 6  3
525523 6  3
525524 6  3
525525 6  3
525526 6  3
525527 6  3
525528 6  3
525529 6  3
525530 6  3
525531 6  3
525532 6  3
525533 6  3
525534 6  3
525535 6  3
525536 6  3
525537 6  3
525538 6  3
525539 6  3
525540 6  3
525541 6  3
525542 6  3
525543 6  3
525544 6  3
525545 6  3
525546 6  3
525547 6  3
525548 6  3
525549 6  3
525550 6  3
525551 6  3
525552 6  3
525553 6  3
525554 6  3
525555 6  3
525556 6  3
525557 6  3
525558 6  3
525559 6  3
525560 6  3
525561 6  3
525562 6  3
525563 6  3
525564 6  3
525565 6  3
525566 6  3
525567 6  3
525568 6  3
525569 6  3
525570 6  3
525571 6  3
525572 6  3
525573 6  3
525574 6  3
525575 6  3
525576 6  3
525577 6  3
525578 6  3
525579 6  3
525580 6  3
525581 6  3
525582 6  3
525583 6  3
525584 6  3
525585 6  3
525586 6  3
525587 6  3
525588 6  3
525589 6  3
525590 6  3
525591 6  3
525592 6  3
525593 6  3
525594 6  3
525595 6  3
525596 6  3
525597 6  3
525598 6  3
525599 6  3
525600 6  3
525601 6  3
525602 6  3
525603 6  3
525604 6  3
525605 6  3
525606 6  3
525607 6  3
525608 6  3
525609 6  3
525610 6  3
525611 6  3
525612 6  3
525613 6  3
525614 6  3
525615 6  3
525616 6  3
525617 6  3
525618 6  3
525619 6  3
525620 6  3
525621 6  3
525622 6  3
525623 6  3
525624 6  3
525625 6  3
525626 6  3
525627 6  3
525628 6  3
525629 6  3
525630 6  3
525631 6  3
525632 6  3
525633 6  3
525634 6  3
525635 6  3
525636 6  3
525637 6  3
525638 6  3
525639 6  3
525640 6  3
525641 6  3
525642 6  3
525643 6  3
525644 6  3
525645 6  3
525646 6  3
525647 6  3
525648 6  3
525649 6  3
525650 6  3
525651 6  3
525652 6  3
525653 6  3
525654 6  3
525655 6  3
525656 6  3
525657 6  3
525658 6  3
525659 6  3
525660 6  3
525661 6  3
525662 6  3
525663 6  3
525664 6  3
525665 6  3
525666 6  3
525667 6  3
525668 6  3
525669 6  3
525670 6  3
525671 6  3
525672 6  3
525673 6  3
525674 6  3
525675 6  3
525676 6  3
525677 6  3
525678 6  3
525679 6  3
525680 6  3
525681 6  3
525682 6  3
525683 6  3
525684 6  3
525685 6  3
525686 6  3
525687 6  3
525688 6  3
525689 6  3
525690 6  3
525691 6  3
525692 6  3
525693 6  3
525694 6  3
525695 6  3
525696 6  3
525697 6  3
525698 6  3
525699 6  3
525700 6  3
525701 6  3
525702 6  3
525703 6  3
525704 6  3
525705 6  3
525706 6  3
525707 6  3
525708 6  3
525709 6  3
525710 6  3
525711 6  3
525712 6  3
525713 6  3
525714 6  3
525715 6  3
525716 6  3
525717 6  3
525718 6  3
525719 6  3
525720 6  3
525721 6  3
525722 6  3
525723 6  3
525724 6  3
525725 6  3
525726 6  3
525727 6  3
525728 6  3
525729 6  3
525730 6  3
525731 6  3
525732 6  3
525733 6  3
525734 6  3
525735 6  3
525736 6  3
525737 6  3
525738 6  3
525739 6  3
525740 6  3
525741 6  3
525742 6  3
525743 6  3
525744 6  3
525745 6  3
525746 6  3
525747 6  3
525748 6  3
525749 6  3
525750 6  3
525751 6  3
525752 6  3
525753 6  3
525754 6  3
525755 6  3
525756 6  3
525757 6  3
525758 6  3
525759 6  3
525760 6  3
525761 6  3
525762 6  3
525763 6  3
525764 6  3
525765 6  3
525766 6  3
525767 6  3
525768 6  3
525769 6  3
525770 6  3
525771 6  3
525772 6  3
525773 6  3
525774 6  3
525775 6  3
525776 6  3
525777 6  3
525778 6  3
525779 6  3
525780 6  3
525781 6  3
525782 6  3
525783 6  3
525784 6  3
525785 6  3
525786 6  3
525787 6  3
525788 6  3
525789 6  3
525790 6  3
525791 6  3
525792 6  3
525793 6  3
525794 6  3
525795 6  3
525796 6  3
525797 6  3
525798 6  3
525799 6  3
525800 6  3
525801 6  3
525802 6  3
525803 6  3
525804 6  3
525805 6  3
525806 6  3
525807 6  3
525808 6  3
525809 6  3
525810 6  3
525811 6  3
525812 6  3
525813 6  3
525814 6  3
525815 6  3
525816 6  3
525817 6  3
525818 6  3
525819 6  3
525820 6  3
525821 6  3
525822 6  3
525823 6  3
525824 6  3
525825 6  3
525826 6  3
525827 6  3
525828 6  3
525829 6  3
525830 6  3
525831 6  3
525832 6  3
525833 6  3
525834 6  3
525835 6  3
525836 6  3
525837 6  3
525838 6  3
525839 6  3
525840 6  3
525841 6  3
525842 6  3
525843 6  3
525844 6  3
525845 6  3
525846 6  3
525847 6  3
525848 6  3
525849 6  3
525850 6  3
525851 6  3
525852 6  3
525853 6  3
525854 6  3
525855 6  3
525856 6  3
525857 6  3
525858 6  3
525859 6  3
525860 6  3
525861 6  3
525862 6  3
525863 6  3
525864 6  3
525865 6  3
525866 6  3
525867 6  3
525868 6  3
525869 6  3
525870 6  3
525871 6  3
525872 6  3
525873 6  3
525874 6  3
525875 6  3
525876 6  3
525877 6  3
525878 6  3
525879 6  3
525880 6  3
525881 6  3
525882 6  3
525883 6  3
525884 6  3
525885 6  3
525886 6  3
525887 6  3
525888 6  3
525889 6  3
525890 6  3
525891 6  3
525892 6  3
525893 6  3
525894 6  3
525895 6  3
525896 6  3
525897 6  3
525898 6  3
525899 6  3
525900 6  3
525901 6  3
525902 6  3
525903 6  3
525904 6  3
525905 6  3
525906 6  3
525907 6  3
525908 6  3
525909 6  3
525910 6  3
525911 6  3
525912 6  3
525913 6  3
525914 6  3
525915 6  3
525916 6  3
525917 6  3
525918 6  3
525919 6  3
525920 6  3
525921 6  3
525922 6  3
525923 6  3
525924 6  3
525925 6  3
525926 6  3
525927 6  3
525928 6  3
525929 6  3
525930 6  3
525931 6  3
525932 6  3
525933 6  3
525934 6  3
525935 6  3
525936 6  3
525937 6  3
525938 6  3
525939 6  3
525940 6  3
525941 6  3
525942 6  3
525943 6  3
525944 6  3
525945 6  3
525946 6  3
525947 6  3
525948 6  3
525949 6  3
525950 6  3
525951 6  3
525952 6  3
525953 6  3
525954 6  3
525955 6  3
525956 6  3
525957 6  3
525958 6  3
525959 6  3
525960 6  3
525961 6  3
525962 6  3
525963 6  3
525964 6  3
525965 6  3
525966 6  3
525967 6  3
525968 6  3
525969 6  3
525970 6  3
525971 6  3
525972 6  3
525973 6  3
525974 6  3
525975 6  3
525976 6  3
525977 6  3
525978 6  3
525979 6  3
525980 6  3
525981 6  3
525982 6  3
525983 6  3
525984 6  3
525985 6  3
525986 6  3
525987 6  3
525988 6  3
525989 6  3
525990 6  3
525991 6  3
525992 6  3
525993 6  3
525994 6  3
525995 6  3
525996 6  3
525997 6  3
525998 6  3
525999 6  3
526000 6  3
526001 6  3
526002 6  3
526003 6  3
526004 6  3
526005 6  3
526006 6  3
526007 6  3
526008 6  3
526009 6  3
526010 6  3
526011 6  3
526012 6  3
526013 6  3
526014 6  3
526015 6  3
526016 6  3
526017 6  3
526018 6  3
526019 6  3
526020 6  3
526021 6  3
526022 6  3
526023 6  3
526024 6  3
526025 6  3
526026 6  3
526027 6  3
526028 6  3
526029 6  3
526030 6  3
526031 6  3
526032 6  3
526033 6  3
526034 6  3
526035 6  3
526036 6  3
526037 6  3
526038 6  3
526039 6  3
526040 6  3
526041 6  3
526042 6  3
526043 6  3
526044 6  3
526045 6  3
526046 6  3
526047 6  3
526048 6  3
526049 6  3
526050 6  3
526051 6  3
526052 6  3
526053 6  3
526054 6  3
526055 6  3
526056 6  3
526057 6  3
526058 6  3
526059 6  3
526060 6  3
526061 6  3
526062 6  3
526063 6  3
526064 6  3
526065 6  3
526066 6  3
526067 6  3
526068 6  3
526069 6  3
526070 6  3
526071 6  3
526072 6  3
526073 6  3
526074 6  3
526075 6  3
526076 6  3
526077 6  3
526078 6  3
526079 6  3
526080 6  3
526081 6  3
526082 6  3
526083 6  3
526084 6  3
526085 6  3
526086 6  3
526087 6  3
526088 6  3
526089 6  3
526090 6  3
526091 6  3
526092 6  3
526093 6  3
526094 6  3
526095 6  3
526096 6  3
526097 6  3
526098 6  3
526099 6  3
526100 6  3
526101 6  3
526102 6  3
526103 6  3
526104 6  3
526105 6  3
526106 6  3
526107 6  3
526108 6  3
526109 6  3
526110 6  3
526111 6  3
526112 6  3
526113 6  3
526114 6  3
526115 6  3
526116 6  3
526117 6  3
526118 6  3
526119 6  3
526120 6  3
526121 6  3
526122 6  3
526123 6  3
526124 6  3
526125 6  3
526126 6  3
526127 6  3
526128 6  3
526129 6  3
526130 6  3
526131 6  3
526132 6  3
526133 6  3
526134 6  3
526135 6  3
526136 6  3
526137 6  3
526138 6  3
526139 6  3
526140 6  3
526141 6  3
526142 6  3
526143 6  3
526144 6  3
526145 6  3
526146 6  3
526147 6  3
526148 6  3
526149 6  3
526150 6  3
526151 6  3
526152 6  3
526153 6  3
526154 6  3
526155 6  3
526156 6  3
526157 6  3
526158 6  3
526159 6  3
526160 6  3
526161 6  3
526162 6  3
526163 6  3
526164 6  3
526165 6  3
526166 6  3
526167 6  3
526168 6  3
526169 6  3
526170 6  3
526171 6  3
526172 6  3
526173 6  3
526174 6  3
526175 6  3
526176 6  3
526177 6  3
526178 6  3
526179 6  3
526180 6  3
526181 6  3
526182 6  3
526183 6  3
526184 6  3
526185 6  3
526186 6  3
526187 6  3
526188 6  3
526189 6  3
526190 6  3
526191 6  3
526192 6  3
526193 6  3
526194 6  3
526195 6  3
526196 6  3
526197 6  3
526198 6  3
526199 6  3
526200 6  3
526201 6  3
526202 6  3
526203 6  3
526204 6  3
526205 6  3
526206 6  3
526207 6  3
526208 6  3
526209 6  3
526210 6  3
526211 6  3
526212 6  3
526213 6  3
526214 6  3
526215 6  3
526216 6  3
526217 6  3
526218 6  3
526219 6  3
526220 6  3
526221 6  3
526222 6  3
526223 6  3
526224 6  3
526225 6  3
526226 6  3
526227 6  3
526228 6  3
526229 6  3
526230 6  3
526231 6  3
526232 6  3
526233 6  3
526234 6  3
526235 6  3
526236 6  3
526237 6  3
526238 6  3
526239 6  3
526240 6  3
526241 6  3
526242 6  3
526243 6  3
526244 6  3
526245 6  3
526246 6  3
526247 6  3
526248 6  3
526249 6  3
526250 6  3
526251 6  3
526252 6  3
526253 6  3
526254 6  3
526255 6  3
526256 6  3
526257 6  3
526258 6  3
526259 6  3
526260 6  3
526261 6  3
526262 6  3
526263 6  3
526264 6  3
526265 6  3
526266 6  3
526267 6  3
526268 6  3
526269 6  3
526270 6  3
526271 6  3
526272 6  3
526273 6  3
526274 6  3
526275 6  3
526276 6  3
526277 6  3
526278 6  3
526279 6  3
526280 6  3
526281 6  3
526282 6  3
526283 6  3
526284 6  3
526285 6  3
526286 6  3
526287 6  3
526288 6  3
526289 6  3
526290 6  3
526291 6  3
526292 6  3
526293 6  3
526294 6  3
526295 6  3
526296 6  3
526297 6  3
526298 6  3
526299 6  3
526300 6  3
526301 6  3
526302 6  3
526303 6  3
526304 6  3
526305 6  3
526306 6  3
526307 6  3
526308 6  3
526309 6  3
526310 6  3
526311 6  3
526312 6  3
526313 6  3
526314 6  3
526315 6  3
526316 6  3
526317 6  3
526318 6  3
526319 6  3
526320 6  3
526321 6  3
526322 6  3
526323 6  3
526324 6  3
526325 6  3
526326 6  3
526327 6  3
526328 6  3
526329 6  3
526330 6  3
526331 6  3
526332 6  3
526333 6  3
526334 6  3
526335 6  3
526336 6  3
526337 6  3
526338 6  3
526339 6  3
526340 6  3
526341 6  3
526342 6  3
526343 6  3
526344 6  3
526345 6  3
526346 6  3
526347 6  3
526348 6  3
526349 6  3
526350 6  3
526351 6  3
526352 6  3
526353 6  3
526354 6  3
526355 6  3
526356 6  3
526357 6  3
526358 6  3
526359 6  3
526360 6  3
526361 6  3
526362 6  3
526363 6  3
526364 6  3
526365 6  3
526366 6  3
526367 6  3
526368 6  3
526369 6  3
526370 6  3
526371 6  3
526372 6  3
526373 6  3
526374 6  3
526375 6  3
526376 6  3
526377 6  3
526378 6  3
526379 6  3
526380 6  3
526381 6  3
526382 6  3
526383 6  3
526384 6  3
526385 6  3
526386 6  3
526387 6  3
526388 6  3
526389 6  3
526390 6  3
526391 6  3
526392 6  3
526393 6  3
526394 6  3
526395 6  3
526396 6  3
526397 6  3
526398 6  3
526399 6  3
526400 6  3
526401 6  3
526402 6  3
526403 6  3
526404 6  3
526405 6  3
526406 6  3
526407 6  3
526408 6  3
526409 6  3
526410 6  3
526411 6  3
526412 6  3
526413 6  3
526414 6  3
526415 6  3
526416 6  3
526417 6  3
526418 6  3
526419 6  3
526420 6  3
526421 6  3
526422 6  3
526423 6  3
526424 6  3
526425 6  3
526426 6  3
526427 6  3
526428 6  3
526429 6  3
526430 6  3
526431 6  3
526432 6  3
526433 6  3
526434 6  3
526435 6  3
526436 6  3
526437 6  3
526438 6  3
526439 6  3
526440 6  3
526441 6  3
526442 6  3
526443 6  3
526444 6  3
526445 6  3
526446 6  3
526447 6  3
526448 6  3
526449 6  3
526450 6  3
526451 6  3
526452 6  3
526453 6  3
526454 6  3
526455 6  3
526456 6  3
526457 6  3
526458 6  3
526459 6  3
526460 6  3
526461 6  3
526462 6  3
526463 6  3
526464 6  3
526465 6  3
526466 6  3
526467 6  3
526468 6  3
526469 6  3
526470 6  3
526471 6  3
526472 6  3
526473 6  3
526474 6  3
526475 6  3
526476 6  3
526477 6  3
526478 6  3
526479 6  3
526480 6  3
526481 6  3
526482 6  3
526483 6  3
526484 6  3
526485 6  3
526486 6  3
526487 6  3
526488 6  3
526489 6  3
526490 6  3
526491 6  3
526492 6  3
526493 6  3
526494 6  3
526495 6  3
526496 6  3
526497 6  3
526498 6  3
526499 6  3
526500 6  3
526501 6  3
526502 6  3
526503 6  3
526504 6  3
526505 6  3
526506 6  3
526507 6  3
526508 6  3
526509 6  3
526510 6  3
526511 6  3
526512 6  3
526513 6  3
526514 6  3
526515 6  3
526516 6  3
526517 6  3
526518 6  3
526519 6  3
526520 6  3
526521 6  3
526522 6  3
526523 6  3
526524 6  3
526525 6  3
526526 6  3
526527 6  3
526528 6  3
526529 6  3
526530 6  3
526531 6  3
526532 6  3
526533 6  3
526534 6  3
526535 6  3
526536 6  3
526537 6  3
526538 6  3
526539 6  3
526540 6  3
526541 6  3
526542 6  3
526543 6  3
526544 6  3
526545 6  3
526546 6  3
526547 6  3
526548 6  3
526549 6  3
526550 6  3
526551 6  3
526552 6  3
526553 6  3
526554 6  3
526555 6  3
526556 6  3
526557 6  3
526558 6  3
526559 6  3
526560 6  3
526561 6  3
526562 6  3
526563 6  3
526564 6  3
526565 6  3
526566 6  3
526567 6  3
526568 6  3
526569 6  3
526570 6  3
526571 6  3
526572 6  3
526573 6  3
526574 6  3
526575 6  3
526576 6  3
526577 6  3
526578 6  3
526579 6  3
526580 6  3
526581 6  3
526582 6  3
526583 6  3
526584 6  3
526585 6  3
526586 6  3
526587 6  3
526588 6  3
526589 6  3
526590 6  3
526591 6  3
526592 6  3
526593 6  3
526594 6  3
526595 6  3
526596 6  3
526597 6  3
526598 6  3
526599 6  3
526600 6  3
526601 6  3
526602 6  3
526603 6  3
526604 6  3
526605 6  3
526606 6  3
526607 6  3
526608 6  3
526609 6  3
526610 6  3
526611 6  3
526612 6  3
526613 6  3
526614 6  3
526615 6  3
526616 6  3
526617 6  3
526618 6  3
526619 6  3
526620 6  3
526621 6  3
526622 6  3
526623 6  3
526624 6  3
526625 6  3
526626 6  3
526627 6  3
526628 6  3
526629 6  3
526630 6  3
526631 6  3
526632 6  3
526633 6  3
526634 6  3
526635 6  3
526636 6  3
526637 6  3
526638 6  3
526639 6  3
526640 6  3
526641 6  3
526642 6  3
526643 6  3
526644 6  3
526645 6  3
526646 6  3
526647 6  3
526648 6  3
526649 6  3
526650 6  3
526651 6  3
526652 6  3
526653 6  3
526654 6  3
526655 6  3
526656 6  3
526657 6  3
526658 6  3
526659 6  3
526660 6  3
526661 6  3
526662 6  3
526663 6  3
526664 6  3
526665 6  3
526666 6  3
526667 6  3
526668 6  3
526669 6  3
526670 6  3
526671 6  3
526672 6  3
526673 6  3
526674 6  3
526675 6  3
526676 6  3
526677 6  3
526678 6  3
526679 6  3
526680 6  3
526681 6  3
526682 6  3
526683 6  3
526684 6  3
526685 6  3
526686 6  3
526687 6  3
526688 6  3
526689 6  3
526690 6  3
526691 6  3
526692 6  3
526693 6  3
526694 6  3
526695 6  3
526696 6  3
526697 6  3
526698 6  3
526699 6  3
526700 6  3
526701 6  3
526702 6  3
526703 6  3
526704 6  3
526705 6  3
526706 6  3
526707 6  3
526708 6  3
526709 6  3
526710 6  3
526711 6  3
526712 6  3
526713 6  3
526714 6  3
526715 6  3
526716 6  3
526717 6  3
526718 6  3
526719 6  3
526720 6  3
526721 6  3
526722 6  3
526723 6  3
526724 6  3
526725 6  3
526726 6  3
526727 6  3
526728 6  3
526729 6  3
526730 6  3
526731 6  3
526732 6  3
526733 6  3
526734 6  3
526735 6  3
526736 6  3
526737 6  3
526738 6  3
526739 6  3
526740 6  3
526741 6  3
526742 6  3
526743 6  3
526744 6  3
526745 6  3
526746 6  3
526747 6  3
526748 6  3
526749 6  3
526750 6  3
526751 6  3
526752 6  3
526753 6  3
526754 6  3
526755 6  3
526756 6  3
526757 6  3
526758 6  3
526759 6  3
526760 6  3
526761 6  3
526762 6  3
526763 6  3
526764 6  3
526765 6  3
526766 6  3
526767 6  3
526768 6  3
526769 6  3
526770 6  3
526771 6  3
526772 6  3
526773 6  3
526774 6  3
526775 6  3
526776 6  3
526777 6  3
526778 6  3
526779 6  3
526780 6  3
526781 6  3
526782 6  3
526783 6  3
526784 6  3
526785 6  3
526786 6  3
526787 6  3
526788 6  3
526789 6  3
526790 6  3
526791 6  3
526792 6  3
526793 6  3
526794 6  3
526795 6  3
526796 6  3
526797 6  3
526798 6  3
526799 6  3
526800 6  3
526801 6  3
526802 6  3
526803 6  3
526804 6  3
526805 6  3
526806 6  3
526807 6  3
526808 6  3
526809 6  3
526810 6  3
526811 6  3
526812 6  3
526813 6  3
526814 6  3
526815 6  3
526816 6  3
526817 6  3
526818 6  3
526819 6  3
526820 6  3
526821 6  3
526822 6  3
526823 6  3
526824 6  3
526825 6  3
526826 6  3
526827 6  3
526828 6  3
526829 6  3
526830 6  3
526831 6  3
526832 6  3
526833 6  3
526834 6  3
526835 6  3
526836 6  3
526837 6  3
526838 6  3
526839 6  3
526840 6  3
526841 6  3
526842 6  3
526843 6  3
526844 6  3
526845 6  3
526846 6  3
526847 6  3
526848 6  3
526849 6  3
526850 6  3
526851 6  3
526852 6  3
526853 6  3
526854 6  3
526855 6  3
526856 6  3
526857 6  3
526858 6  3
526859 6  3
526860 6  3
526861 6  3
526862 6  3
526863 6  3
526864 6  3
526865 6  3
526866 6  3
526867 6  3
526868 6  3
526869 6  3
526870 6  3
526871 6  3
526872 6  3
526873 6  3
526874 6  3
526875 6  3
526876 6  3
526877 6  3
526878 6  3
526879 6  3
526880 6  3
526881 6  3
526882 6  3
526883 6  3
526884 6  3
526885 6  3
526886 6  3
526887 6  3
526888 6  3
526889 6  3
526890 6  3
526891 6  3
526892 6  3
526893 6  3
526894 6  3
526895 6  3
526896 6  3
526897 6  3
526898 6  3
526899 6  3
526900 6  3
526901 6  3
526902 6  3
526903 6  3
526904 6  3
526905 6  3
526906 6  3
526907 6  3
526908 6  3
526909 6  3
526910 6  3
526911 6  3
526912 6  3
526913 6  3
526914 6  3
526915 6  3
526916 6  3
526917 6  3
526918 6  3
526919 6  3
526920 6  3
526921 6  3
526922 6  3
526923 6  3
526924 6  3
526925 6  3
526926 6  3
526927 6  3
526928 6  3
526929 6  3
526930 6  3
526931 6  3
526932 6  3
526933 6  3
526934 6  3
526935 6  3
526936 6  3
526937 6  3
526938 6  3
526939 6  3
526940 6  3
526941 6  3
526942 6  3
526943 6  3
526944 6  3
526945 6  3
526946 6  3
526947 6  3
526948 6  3
526949 6  3
526950 6  3
526951 6  3
526952 6  3
526953 6  3
526954 6  3
526955 6  3
526956 6  3
526957 6  3
526958 6  3
526959 6  3
526960 6  3
526961 6  3
526962 6  3
526963 6  3
526964 6  3
526965 6  3
526966 6  3
526967 6  3
526968 6  3
526969 6  3
526970 6  3
526971 6  3
526972 6  3
526973 6  3
526974 6  3
526975 6  3
526976 6  3
526977 6  3
526978 6  3
526979 6  3
526980 6  3
526981 6  3
526982 6  3
526983 6  3
526984 6  3
526985 6  3
526986 6  3
526987 6  3
526988 6  3
526989 6  3
526990 6  3
526991 6  3
526992 6  3
526993 6  3
526994 6  3
526995 6  3
526996 6  3
526997 6  3
526998 6  3
526999 6  3
527000 6  3
527001 6  3
527002 6  3
527003 6  3
527004 6  3
527005 6  3
527006 6  3
527007 6  3
527008 6  3
527009 6  3
527010 6  3
527011 6  3
527012 6  3
527013 6  3
527014 6  3
527015 6  3
527016 6  3
527017 6  3
527018 6  3
527019 6  3
527020 6  3
527021 6  3
527022 6  3
527023 6  3
527024 6  3
527025 6  3
527026 6  3
527027 6  3
527028 6  3
527029 6  3
527030 6  3
527031 6  3
527032 6  3
527033 6  3
527034 6  3
527035 6  3
527036 6  3
527037 6  3
527038 6  3
527039 6  3
527040 6  3
527041 6  3
527042 6  3
527043 6  3
527044 6  3
527045 6  3
527046 6  3
527047 6  3
527048 6  3
527049 6  3
527050 6  3
527051 6  3
527052 6  3
527053 6  3
527054 6  3
527055 6  3
527056 6  3
527057 6  3
527058 6  3
527059 6  3
527060 6  3
527061 6  3
527062 6  3
527063 6  3
527064 6  3
527065 6  3
527066 6  3
527067 6  3
527068 6  3
527069 6  3
527070 6  3
527071 6  3
527072 6  3
527073 6  3
527074 6  3
527075 6  3
527076 6  3
527077 6  3
527078 6  3
527079 6  3
527080 6  3
527081 6  3
527082 6  3
527083 6  3
527084 6  3
527085 6  3
527086 6  3
527087 6  3
527088 6  3
527089 6  3
527090 6  3
527091 6  3
527092 6  3
527093 6  3
527094 6  3
527095 6  3
527096 6  3
527097 6  3
527098 6  3
527099 6  3
527100 6  3
527101 6  3
527102 6  3
527103 6  3
527104 6  3
527105 6  3
527106 6  3
527107 6  3
527108 6  3
527109 6  3
527110 6  3
527111 6  3
527112 6  3
527113 6  3
527114 6  3
527115 6  3
527116 6  3
527117 6  3
527118 6  3
527119 6  3
527120 6  3
527121 6  3
527122 6  3
527123 6  3
527124 6  3
527125 6  3
527126 6  3
527127 6  3
527128 6  3
527129 6  3
527130 6  3
527131 6  3
527132 6  3
527133 6  3
527134 6  3
527135 6  3
527136 6  3
527137 6  3
527138 6  3
527139 6  3
527140 6  3
527141 6  3
527142 6  3
527143 6  3
527144 6  3
527145 6  3
527146 6  3
527147 6  3
527148 6  3
527149 6  3
527150 6  3
527151 6  3
527152 6  3
527153 6  3
527154 6  3
527155 6  3
527156 6  3
527157 6  3
527158 6  3
527159 6  3
527160 6  3
527161 6  3
527162 6  3
527163 6  3
527164 6  3
527165 6  3
527166 6  3
527167 6  3
527168 6  3
527169 6  3
527170 6  3
527171 6  3
527172 6  3
527173 6  3
527174 6  3
527175 6  3
527176 6  3
527177 6  3
527178 6  3
527179 6  3
527180 6  3
527181 6  3
527182 6  3
527183 6  3
527184 6  3
527185 6  3
527186 6  3
527187 6  3
527188 6  3
527189 6  3
527190 6  3
527191 6  3
527192 6  3
527193 6  3
527194 6  3
527195 6  3
527196 6  3
527197 6  3
527198 6  3
527199 6  3
527200 6  3
527201 6  3
527202 6  3
527203 6  3
527204 6  3
527205 6  3
527206 6  3
527207 6  3
527208 6  3
527209 6  3
527210 6  3
527211 6  3
527212 6  3
527213 6  3
527214 6  3
527215 6  3
527216 6  3
527217 6  3
527218 6  3
527219 6  3
527220 6  3
527221 6  3
527222 6  3
527223 6  3
527224 6  3
527225 6  3
527226 6  3
527227 6  3
527228 6  3
527229 6  3
527230 6  3
527231 6  3
527232 6  3
527233 6  3
527234 6  3
527235 6  3
527236 6  3
527237 6  3
527238 6  3
527239 6  3
527240 6  3
527241 6  3
527242 6  3
527243 6  3
527244 6  3
527245 6  3
527246 6  3
527247 6  3
527248 6  3
527249 6  3
527250 6  3
527251 6  3
527252 6  3
527253 6  3
527254 6  3
527255 6  3
527256 6  3
527257 6  3
527258 6  3
527259 6  3
527260 6  3
527261 6  3
527262 6  3
527263 6  3
527264 6  3
527265 6  3
527266 6  3
527267 6  3
527268 6  3
527269 6  3
527270 6  3
527271 6  3
527272 6  3
527273 6  3
527274 6  3
527275 6  3
527276 6  3
527277 6  3
527278 6  3
527279 6  3
527280 6  3
527281 6  3
527282 6  3
527283 6  3
527284 6  3
527285 6  3
527286 6  3
527287 6  3
527288 6  3
527289 6  3
527290 6  3
527291 6  3
527292 6  3
527293 6  3
527294 6  3
527295 6  3
527296 6  3
527297 6  3
527298 6  3
527299 6  3
527300 6  3
527301 6  3
527302 6  3
527303 6  3
527304 6  3
527305 6  3
527306 6  3
527307 6  3
527308 6  3
527309 6  3
527310 6  3
527311 6  3
527312 6  3
527313 6  3
527314 6  3
527315 6  3
527316 6  3
527317 6  3
527318 6  3
527319 6  3
527320 6  3
527321 6  3
527322 6  3
527323 6  3
527324 6  3
527325 6  3
527326 6  3
527327 6  3
527328 6  3
527329 6  3
527330 6  3
527331 6  3
527332 6  3
527333 6  3
527334 6  3
527335 6  3
527336 6  3
527337 6  3
527338 6  3
527339 6  3
527340 6  3
527341 6  3
527342 6  3
527343 6  3
527344 6  3
527345 6  3
527346 6  3
527347 6  3
527348 6  3
527349 6  3
527350 6  3
527351 6  3
527352 6  3
527353 6  3
527354 6  3
527355 6  3
527356 6  3
527357 6  3
527358 6  3
527359 6  3
527360 6  3
527361 6  3
527362 6  3
527363 6  3
527364 6  3
527365 6  3
527366 6  3
527367 6  3
527368 6  3
527369 6  3
527370 6  3
527371 6  3
527372 6  3
527373 6  3
527374 6  3
527375 6  3
527376 6  3
527377 6  3
527378 6  3
527379 6  3
527380 6  3
527381 6  3
527382 6  3
527383 6  3
527384 6  3
527385 6  3
527386 6  3
527387 6  3
527388 6  3
527389 6  3
527390 6  3
527391 6  3
527392 6  3
527393 6  3
527394 6  3
527395 6  3
527396 6  3
527397 6  3
527398 6  3
527399 6  3
527400 6  3
527401 6  3
527402 6  3
527403 6  3
527404 6  3
527405 6  3
527406 6  3
527407 6  3
527408 6  3
527409 6  3
527410 6  3
527411 6  3
527412 6  3
527413 6  3
527414 6  3
527415 6  3
527416 6  3
527417 6  3
527418 6  3
527419 6  3
527420 6  3
527421 6  3
527422 6  3
527423 6  3
527424 6  3
527425 6  3
527426 6  3
527427 6  3
527428 6  3
527429 6  3
527430 6  3
527431 6  3
527432 6  3
527433 6  3
527434 6  3
527435 6  3
527436 6  3
527437 6  3
527438 6  3
527439 6  3
527440 6  3
527441 6  3
527442 6  3
527443 6  3
527444 6  3
527445 6  3
527446 6  3
527447 6  3
527448 6  3
527449 6  3
527450 6  3
527451 6  3
527452 6  3
527453 6  3
527454 6  3
527455 6  3
527456 6  3
527457 6  3
527458 6  3
527459 6  3
527460 6  3
527461 6  3
527462 6  3
527463 6  3
527464 6  3
527465 6  3
527466 6  3
527467 6  3
527468 6  3
527469 6  3
527470 6  3
527471 6  3
527472 6  3
527473 6  3
527474 6  3
527475 6  3
527476 6  3
527477 6  3
527478 6  3
527479 6  3
527480 6  3
527481 6  3
527482 6  3
527483 6  3
527484 6  3
527485 6  3
527486 6  3
527487 6  3
527488 6  3
527489 6  3
527490 6  3
527491 6  3
527492 6  3
527493 6  3
527494 6  3
527495 6  3
527496 6  3
527497 6  3
527498 6  3
527499 6  3
527500 6  3
527501 6  3
527502 6  3
527503 6  3
527504 6  3
527505 6  3
527506 6  3
527507 6  3
527508 6  3
527509 6  3
527510 6  3
527511 6  3
527512 6  3
527513 6  3
527514 6  3
527515 6  3
527516 6  3
527517 6  3
527518 6  3
527519 6  3
527520 6  3
527521 6  3
527522 6  3
527523 6  3
527524 6  3
527525 6  3
527526 6  3
527527 6  3
527528 6  3
527529 6  3
527530 6  3
527531 6  3
527532 6  3
527533 6  3
527534 6  3
527535 6  3
527536 6  3
527537 6  3
527538 6  3
527539 6  3
527540 6  3
527541 6  3
527542 6  3
527543 6  3
527544 6  3
527545 6  3
527546 6  3
527547 6  3
527548 6  3
527549 6  3
527550 6  3
527551 6  3
527552 6  3
527553 6  3
527554 6  3
527555 6  3
527556 6  3
527557 6  3
527558 6  3
527559 6  3
527560 6  3
527561 6  3
527562 6  3
527563 6  3
527564 6  3
527565 6  3
527566 6  3
527567 6  3
527568 6  3
527569 6  3
527570 6  3
527571 6  3
527572 6  3
527573 6  3
527574 6  3
527575 6  3
527576 6  3
527577 6  3
527578 6  3
527579 6  3
527580 6  3
527581 6  3
527582 6  3
527583 6  3
527584 6  3
527585 6  3
527586 6  3
527587 6  3
527588 6  3
527589 6  3
527590 6  3
527591 6  3
527592 6  3
527593 6  3
527594 6  3
527595 6  3
527596 6  3
527597 6  3
527598 6  3
527599 6  3
527600 6  3
527601 6  3
527602 6  3
527603 6  3
527604 6  3
527605 6  3
527606 6  3
527607 6  3
527608 6  3
527609 6  3
527610 6  3
527611 6  3
527612 6  3
527613 6  3
527614 6  3
527615 6  3
527616 6  3
527617 6  3
527618 6  3
527619 6  3
527620 6  3
527621 6  3
527622 6  3
527623 6  3
527624 6  3
527625 6  3
527626 6  3
527627 6  3
527628 6  3
527629 6  3
527630 6  3
527631 6  3
527632 6  3
527633 6  3
527634 6  3
527635 6  3
527636 6  3
527637 6  3
527638 6  3
527639 6  3
527640 6  3
527641 6  3
527642 6  3
527643 6  3
527644 6  3
527645 6  3
527646 6  3
527647 6  3
527648 6  3
527649 6  3
527650 6  3
527651 6  3
527652 6  3
527653 6  3
527654 6  3
527655 6  3
527656 6  3
527657 6  3
527658 6  3
527659 6  3
527660 6  3
527661 6  3
527662 6  3
527663 6  3
527664 6  3
527665 6  3
527666 6  3
527667 6  3
527668 6  3
527669 6  3
527670 6  3
527671 6  3
527672 6  3
527673 6  3
527674 6  3
527675 6  3
527676 6  3
527677 6  3
527678 6  3
527679 6  3
527680 6  3
527681 6  3
527682 6  3
527683 6  3
527684 6  3
527685 6  3
527686 6  3
527687 6  3
527688 6  3
527689 6  3
527690 6  3
527691 6  3
527692 6  3
527693 6  3
527694 6  3
527695 6  3
527696 6  3
527697 6  3
527698 6  3
527699 6  3
527700 6  3
527701 6  3
527702 6  3
527703 6  3
527704 6  3
527705 6  3
527706 6  3
527707 6  3
527708 6  3
527709 6  3
527710 6  3
527711 6  3
527712 6  3
527713 6  3
527714 6  3
527715 6  3
527716 6  3
527717 6  3
527718 6  3
527719 6  3
527720 6  3
527721 6  3
527722 6  3
527723 6  3
527724 6  3
527725 6  3
527726 6  3
527727 6  3
527728 6  3
527729 6  3
527730 6  3
527731 6  3
527732 6  3
527733 6  3
527734 6  3
527735 6  3
527736 6  3
527737 6  3
527738 6  3
527739 6  3
527740 6  3
527741 6  3
527742 6  3
527743 6  3
527744 6  3
527745 6  3
527746 6  3
527747 6  3
527748 6  3
527749 6  3
527750 6  3
527751 6  3
527752 6  3
527753 6  3
527754 6  3
527755 6  3
527756 6  3
527757 6  3
527758 6  3
527759 6  3
527760 6  3
527761 6  3
527762 6  3
527763 6  3
527764 6  3
527765 6  3
527766 6  3
527767 6  3
527768 6  3
527769 6  3
527770 6  3
527771 6  3
527772 6  3
527773 6  3
527774 6  3
527775 6  3
527776 6  3
527777 6  3
527778 6  3
527779 6  3
527780 6  3
527781 6  3
527782 6  3
527783 6  3
527784 6  3
527785 6  3
527786 6  3
527787 6  3
527788 6  3
527789 6  3
527790 6  3
527791 6  3
527792 6  3
527793 6  3
527794 6  3
527795 6  3
527796 6  3
527797 6  3
527798 6  3
527799 6  3
527800 6  3
527801 6  3
527802 6  3
527803 6  3
527804 6  3
527805 6  3
527806 6  3
527807 6  3
527808 6  3
527809 6  3
527810 6  3
527811 6  3
527812 6  3
527813 6  3
527814 6  3
527815 6  3
527816 6  3
527817 6  3
527818 6  3
527819 6  3
527820 6  3
527821 6  3
527822 6  3
527823 6  3
527824 6  3
527825 6  3
527826 6  3
527827 6  3
527828 6  3
527829 6  3
527830 6  3
527831 6  3
527832 6  3
527833 6  3
527834 6  3
527835 6  3
527836 6  3
527837 6  3
527838 6  3
527839 6  3
527840 6  3
527841 6  3
527842 6  3
527843 6  3
527844 6  3
527845 6  3
527846 6  3
527847 6  3
527848 6  3
527849 6  3
527850 6  3
527851 6  3
527852 6  3
527853 6  3
527854 6  3
527855 6  3
527856 6  3
527857 6  3
527858 6  3
527859 6  3
527860 6  3
527861 6  3
527862 6  3
527863 6  3
527864 6  3
527865 6  3
527866 6  3
527867 6  3
527868 6  3
527869 6  3
527870 6  3
527871 6  3
527872 6  3
527873 6  3
527874 6  3
527875 6  3
527876 6  3
527877 6  3
527878 6  3
527879 6  3
527880 6  3
527881 6  3
527882 6  3
527883 6  3
527884 6  3
527885 6  3
527886 6  3
527887 6  3
527888 6  3
527889 6  3
527890 6  3
527891 6  3
527892 6  3
527893 6  3
527894 6  3
527895 6  3
527896 6  3
527897 6  3
527898 6  3
527899 6  3
527900 6  3
527901 6  3
527902 6  3
527903 6  3
527904 6  3
527905 6  3
527906 6  3
527907 6  3
527908 6  3
527909 6  3
527910 6  3
527911 6  3
527912 6  3
527913 6  3
527914 6  3
527915 6  3
527916 6  3
527917 6  3
527918 6  3
527919 6  3
527920 6  3
527921 6  3
527922 6  3
527923 6  3
527924 6  3
527925 6  3
527926 6  3
527927 6  3
527928 6  3
527929 6  3
527930 6  3
527931 6  3
527932 6  3
527933 6  3
527934 6  3
527935 6  3
527936 6  3
527937 6  3
527938 6  3
527939 6  3
527940 6  3
527941 6  3
527942 6  3
527943 6  3
527944 6  3
527945 6  3
527946 6  3
527947 6  3
527948 6  3
527949 6  3
527950 6  3
527951 6  3
527952 6  3
527953 6  3
527954 6  3
527955 6  3
527956 6  3
527957 6  3
527958 6  3
527959 6  3
527960 6  3
527961 6  3
527962 6  3
527963 6  3
527964 6  3
527965 6  3
527966 6  3
527967 6  3
527968 6  3
527969 6  3
527970 6  3
527971 6  3
527972 6  3
527973 6  3
527974 6  3
527975 6  3
527976 6  3
527977 6  3
527978 6  3
527979 6  3
527980 6  3
527981 6  3
527982 6  3
527983 6  3
527984 6  3
527985 6  3
527986 6  3
527987 6  3
527988 6  3
527989 6  3
527990 6  3
527991 6  3
527992 6  3
527993 6  3
527994 6  3
527995 6  3
527996 6  3
527997 6  3
527998 6  3
527999 6  3
528000 6  3
528001 6  3
528002 6  3
528003 6  3
528004 6  3
528005 6  3
528006 6  3
528007 6  3
528008 6  3
528009 6  3
528010 6  3
528011 6  3
528012 6  3
528013 6  3
528014 6  3
528015 6  3
528016 6  3
528017 6  3
528018 6  3
528019 6  3
528020 6  3
528021 6  3
528022 6  3
528023 6  3
528024 6  3
528025 6  3
528026 6  3
528027 6  3
528028 6  3
528029 6  3
528030 6  3
528031 6  3
528032 6  3
528033 6  3
528034 6  3
528035 6  3
528036 6  3
528037 6  3
528038 6  3
528039 6  3
528040 6  3
528041 6  3
528042 6  3
528043 6  3
528044 6  3
528045 6  3
528046 6  3
528047 6  3
528048 6  3
528049 6  3
528050 6  3
528051 6  3
528052 6  3
528053 6  3
528054 6  3
528055 6  3
528056 6  3
528057 6  3
528058 6  3
528059 6  3
528060 6  3
528061 6  3
528062 6  3
528063 6  3
528064 6  3
528065 6  3
528066 6  3
528067 6  3
528068 6  3
528069 6  3
528070 6  3
528071 6  3
528072 6  3
528073 6  3
528074 6  3
528075 6  3
528076 6  3
528077 6  3
528078 6  3
528079 6  3
528080 6  3
528081 6  3
528082 6  3
528083 6  3
528084 6  3
528085 6  3
528086 6  3
528087 6  3
528088 6  3
528089 6  3
528090 6  3
528091 6  3
528092 6  3
528093 6  3
528094 6  3
528095 6  3
528096 6  3
528097 6  3
528098 6  3
528099 6  3
528100 6  3
528101 6  3
528102 6  3
528103 6  3
528104 6  3
528105 6  3
528106 6  3
528107 6  3
528108 6  3
528109 6  3
528110 6  3
528111 6  3
528112 6  3
528113 6  3
528114 6  3
528115 6  3
528116 6  3
528117 6  3
528118 6  3
528119 6  3
528120 6  3
528121 6  3
528122 6  3
528123 6  3
528124 6  3
528125 6  3
528126 6  3
528127 6  3
528128 6  3
528129 6  3
528130 6  3
528131 6  3
528132 6  3
528133 6  3
528134 6  3
528135 6  3
528136 6  3
528137 6  3
528138 6  3
528139 6  3
528140 6  3
528141 6  3
528142 6  3
528143 6  3
528144 6  3
528145 6  3
528146 6  3
528147 6  3
528148 6  3
528149 6  3
528150 6  3
528151 6  3
528152 6  3
528153 6  3
528154 6  3
528155 6  3
528156 6  3
528157 6  3
528158 6  3
528159 6  3
528160 6  3
528161 6  3
528162 6  3
528163 6  3
528164 6  3
528165 6  3
528166 6  3
528167 6  3
528168 6  3
528169 6  3
528170 6  3
528171 6  3
528172 6  3
528173 6  3
528174 6  3
528175 6  3
528176 6  3
528177 6  3
528178 6  3
528179 6  3
528180 6  3
528181 6  3
528182 6  3
528183 6  3
528184 6  3
528185 6  3
528186 6  3
528187 6  3
528188 6  3
528189 6  3
528190 6  3
528191 6  3
528192 6  3
528193 6  3
528194 6  3
528195 6  3
528196 6  3
528197 6  3
528198 6  3
528199 6  3
528200 6  3
528201 6  3
528202 6  3
528203 6  3
528204 6  3
528205 6  3
528206 6  3
528207 6  3
528208 6  3
528209 6  3
528210 6  3
528211 6  3
528212 6  3
528213 6  3
528214 6  3
528215 6  3
528216 6  3
528217 6  3
528218 6  3
528219 6  3
528220 6  3
528221 6  3
528222 6  3
528223 6  3
528224 6  3
528225 6  3
528226 6  3
528227 6  3
528228 6  3
528229 6  3
528230 6  3
528231 6  3
528232 6  3
528233 6  3
528234 6  3
528235 6  3
528236 6  3
528237 6  3
528238 6  3
528239 6  3
528240 6  3
528241 6  3
528242 6  3
528243 6  3
528244 6  3
528245 6  3
528246 6  3
528247 6  3
528248 6  3
528249 6  3
528250 6  3
528251 6  3
528252 6  3
528253 6  3
528254 6  3
528255 6  3
528256 6  3
528257 6  3
528258 6  3
528259 6  3
528260 6  3
528261 6  3
528262 6  3
528263 6  3
528264 6  3
528265 6  3
528266 6  3
528267 6  3
528268 6  3
528269 6  3
528270 6  3
528271 6  3
528272 6  3
528273 6  3
528274 6  3
528275 6  3
528276 6  3
528277 6  3
528278 6  3
528279 6  3
528280 6  3
528281 6  3
528282 6  3
528283 6  3
528284 6  3
528285 6  3
528286 6  3
528287 6  3
528288 6  3
528289 6  3
528290 6  3
528291 6  3
528292 6  3
528293 6  3
528294 6  3
528295 6  3
528296 6  3
528297 6  3
528298 6  3
528299 6  3
528300 6  3
528301 6  3
528302 6  3
528303 6  3
528304 6  3
528305 6  3
528306 6  3
528307 6  3
528308 6  3
528309 6  3
528310 6  3
528311 6  3
528312 6  3
528313 6  3
528314 6  3
528315 6  3
528316 6  3
528317 6  3
528318 6  3
528319 6  3
528320 6  3
528321 6  3
528322 6  3
528323 6  3
528324 6  3
528325 6  3
528326 6  3
528327 6  3
528328 6  3
528329 6  3
528330 6  3
528331 6  3
528332 6  3
528333 6  3
528334 6  3
528335 6  3
528336 6  3
528337 6  3
528338 6  3
528339 6  3
528340 6  3
528341 6  3
528342 6  3
528343 6  3
528344 6  3
528345 6  3
528346 6  3
528347 6  3
528348 6  3
528349 6  3
528350 6  3
528351 6  3
528352 6  3
528353 6  3
528354 6  3
528355 6  3
528356 6  3
528357 6  3
528358 6  3
528359 6  3
528360 6  3
528361 6  3
528362 6  3
528363 6  3
528364 6  3
528365 6  3
528366 6  3
528367 6  3
528368 6  3
528369 6  3
528370 6  3
528371 6  3
528372 6  3
528373 6  3
528374 6  3
528375 6  3
528376 6  3
528377 6  3
528378 6  3
528379 6  3
528380 6  3
528381 6  3
528382 6  3
528383 6  3
528384 6  3
528385 6  3
528386 6  3
528387 6  3
528388 6  3
528389 6  3
528390 6  3
528391 6  3
528392 6  3
528393 6  3
528394 6  3
528395 6  3
528396 6  3
528397 6  3
528398 6  3
528399 6  3
528400 6  3
528401 6  3
528402 6  3
528403 6  3
528404 6  3
528405 6  3
528406 6  3
528407 6  3
528408 6  3
528409 6  3
528410 6  3
528411 6  3
528412 6  3
528413 6  3
528414 6  3
528415 6  3
528416 6  3
528417 6  3
528418 6  3
528419 6  3
528420 6  3
528421 6  3
528422 6  3
528423 6  3
528424 6  3
528425 6  3
528426 6  3
528427 6  3
528428 6  3
528429 6  3
528430 6  3
528431 6  3
528432 6  3
528433 6  3
528434 6  3
528435 6  3
528436 6  3
528437 6  3
528438 6  3
528439 6  3
528440 6  3
528441 6  3
528442 6  3
528443 6  3
528444 6  3
528445 6  3
528446 6  3
528447 6  3
528448 6  3
528449 6  3
528450 6  3
528451 6  3
528452 6  3
528453 6  3
528454 6  3
528455 6  3
528456 6  3
528457 6  3
528458 6  3
528459 6  3
528460 6  3
528461 6  3
528462 6  3
528463 6  3
528464 6  3
528465 6  3
528466 6  3
528467 6  3
528468 6  3
528469 6  3
528470 6  3
528471 6  3
528472 6  3
528473 6  3
528474 6  3
528475 6  3
528476 6  3
528477 6  3
528478 6  3
528479 6  3
528480 6  3
528481 6  3
528482 6  3
528483 6  3
528484 6  3
528485 6  3
528486 6  3
528487 6  3
528488 6  3
528489 6  3
528490 6  3
528491 6  3
528492 6  3
528493 6  3
528494 6  3
528495 6  3
528496 6  3
528497 6  3
528498 6  3
528499 6  3
528500 6  3
528501 6  3
528502 6  3
528503 6  3
528504 6  3
528505 6  3
528506 6  3
528507 6  3
528508 6  3
528509 6  3
528510 6  3
528511 6  3
528512 6  3
528513 6  3
528514 6  3
528515 6  3
528516 6  3
528517 6  3
528518 6  3
528519 6  3
528520 6  3
528521 6  3
528522 6  3
528523 6  3
528524 6  3
528525 6  3
528526 6  3
528527 6  3
528528 6  3
528529 6  3
528530 6  3
528531 6  3
528532 6  3
528533 6  3
528534 6  3
528535 6  3
528536 6  3
528537 6  3
528538 6  3
528539 6  3
528540 6  3
528541 6  3
528542 6  3
528543 6  3
528544 6  3
528545 6  3
528546 6  3
528547 6  3
528548 6  3
528549 6  3
528550 6  3
528551 6  3
528552 6  3
528553 6  3
528554 6  3
528555 6  3
528556 6  3
528557 6  3
528558 6  3
528559 6  3
528560 6  3
528561 6  3
528562 6  3
528563 6  3
528564 6  3
528565 6  3
528566 6  3
528567 6  3
528568 6  3
528569 6  3
528570 6  3
528571 6  3
528572 6  3
528573 6  3
528574 6  3
528575 6  3
528576 6  3
528577 6  3
528578 6  3
528579 6  3
528580 6  3
528581 6  3
528582 6  3
528583 6  3
528584 6  3
528585 6  3
528586 6  3
528587 6  3
528588 6  3
528589 6  3
528590 6  3
528591 6  3
528592 6  3
528593 6  3
528594 6  3
528595 6  3
528596 6  3
528597 6  3
528598 6  3
528599 6  3
528600 6  3
528601 6  3
528602 6  3
528603 6  3
528604 6  3
528605 6  3
528606 6  3
528607 6  3
528608 6  3
528609 6  3
528610 6  3
528611 6  3
528612 6  3
528613 6  3
528614 6  3
528615 6  3
528616 6  3
528617 6  3
528618 6  3
528619 6  3
528620 6  3
528621 6  3
528622 6  3
528623 6  3
528624 6  3
528625 6  3
528626 6  3
528627 6  3
528628 6  3
528629 6  3
528630 6  3
528631 6  3
528632 6  3
528633 6  3
528634 6  3
528635 6  3
528636 6  3
528637 6  3
528638 6  3
528639 6  3
528640 6  3
528641 6  3
528642 6  3
528643 6  3
528644 6  3
528645 6  3
528646 6  3
528647 6  3
528648 6  3
528649 6  3
528650 6  3
528651 6  3
528652 6  3
528653 6  3
528654 6  3
528655 6  3
528656 6  3
528657 6  3
528658 6  3
528659 6  3
528660 6  3
528661 6  3
528662 6  3
528663 6  3
528664 6  3
528665 6  3
528666 6  3
528667 6  3
528668 6  3
528669 6  3
528670 6  3
528671 6  3
528672 6  3
528673 6  3
528674 6  3
528675 6  3
528676 6  3
528677 6  3
528678 6  3
528679 6  3
528680 6  3
528681 6  3
528682 6  3
528683 6  3
528684 6  3
528685 6  3
528686 6  3
528687 6  3
528688 6  3
528689 6  3
528690 6  3
528691 6  3
528692 6  3
528693 6  3
528694 6  3
528695 6  3
528696 6  3
528697 6  3
528698 6  3
528699 6  3
528700 6  3
528701 6  3
528702 6  3
528703 6  3
528704 6  3
528705 6  3
528706 6  3
528707 6  3
528708 6  3
528709 6  3
528710 6  3
528711 6  3
528712 6  3
528713 6  3
528714 6  3
528715 6  3
528716 6  3
528717 6  3
528718 6  3
528719 6  3
528720 6  3
528721 6  3
528722 6  3
528723 6  3
528724 6  3
528725 6  3
528726 6  3
528727 6  3
528728 6  3
528729 6  3
528730 6  3
528731 6  3
528732 6  3
528733 6  3
528734 6  3
528735 6  3
528736 6  3
528737 6  3
528738 6  3
528739 6  3
528740 6  3
528741 6  3
528742 6  3
528743 6  3
528744 6  3
528745 6  3
528746 6  3
528747 6  3
528748 6  3
528749 6  3
528750 6  3
528751 6  3
528752 6  3
528753 6  3
528754 6  3
528755 6  3
528756 6  3
528757 6  3
528758 6  3
528759 6  3
528760 6  3
528761 6  3
528762 6  3
528763 6  3
528764 6  3
528765 6  3
528766 6  3
528767 6  3
528768 6  3
528769 6  3
528770 6  3
528771 6  3
528772 6  3
528773 6  3
528774 6  3
528775 6  3
528776 6  3
528777 6  3
528778 6  3
528779 6  3
528780 6  3
528781 6  3
528782 6  3
528783 6  3
528784 6  3
528785 6  3
528786 6  3
528787 6  3
528788 6  3
528789 6  3
528790 6  3
528791 6  3
528792 6  3
528793 6  3
528794 6  3
528795 6  3
528796 6  3
528797 6  3
528798 6  3
528799 6  3
528800 6  3
528801 6  3
528802 6  3
528803 6  3
528804 6  3
528805 6  3
528806 6  3
528807 6  3
528808 6  3
528809 6  3
528810 6  3
528811 6  3
528812 6  3
528813 6  3
528814 6  3
528815 6  3
528816 6  3
528817 6  3
528818 6  3
528819 6  3
528820 6  3
528821 6  3
528822 6  3
528823 6  3
528824 6  3
528825 6  3
528826 6  3
528827 6  3
528828 6  3
528829 6  3
528830 6  3
528831 6  3
528832 6  3
528833 6  3
528834 6  3
528835 6  3
528836 6  3
528837 6  3
528838 6  3
528839 6  3
528840 6  3
528841 6  3
528842 6  3
528843 6  3
528844 6  3
528845 6  3
528846 6  3
528847 6  3
528848 6  3
528849 6  3
528850 6  3
528851 6  3
528852 6  3
528853 6  3
528854 6  3
528855 6  3
528856 6  3
528857 6  3
528858 6  3
528859 6  3
528860 6  3
528861 6  3
528862 6  3
528863 6  3
528864 6  3
528865 6  3
528866 6  3
528867 6  3
528868 6  3
528869 6  3
528870 6  3
528871 6  3
528872 6  3
528873 6  3
528874 6  3
528875 6  3
528876 6  3
528877 6  3
528878 6  3
528879 6  3
528880 6  3
528881 6  3
528882 6  3
528883 6  3
528884 6  3
528885 6  3
528886 6  3
528887 6  3
528888 6  3
528889 6  3
528890 6  3
528891 6  3
528892 6  3
528893 6  3
528894 6  3
528895 6  3
528896 6  3
528897 6  3
528898 6  3
528899 6  3
528900 6  3
528901 6  3
528902 6  3
528903 6  3
528904 6  3
528905 6  3
528906 6  3
528907 6  3
528908 6  3
528909 6  3
528910 6  3
528911 6  3
528912 6  3
528913 6  3
528914 6  3
528915 6  3
528916 6  3
528917 6  3
528918 6  3
528919 6  3
528920 6  3
528921 6  3
528922 6  3
528923 6  3
528924 6  3
528925 6  3
528926 6  3
528927 6  3
528928 6  3
528929 6  3
528930 6  3
528931 6  3
528932 6  3
528933 6  3
528934 6  3
528935 6  3
528936 6  3
528937 6  3
528938 6  3
528939 6  3
528940 6  3
528941 6  3
528942 6  3
528943 6  3
528944 6  3
528945 6  3
528946 6  3
528947 6  3
528948 6  3
528949 6  3
528950 6  3
528951 6  3
528952 6  3
528953 6  3
528954 6  3
528955 6  3
528956 6  3
528957 6  3
528958 6  3
528959 6  3
528960 6  3
528961 6  3
528962 6  3
528963 6  3
528964 6  3
528965 6  3
528966 6  3
528967 6  3
528968 6  3
528969 6  3
528970 6  3
528971 6  3
528972 6  3
528973 6  3
528974 6  3
528975 6  3
528976 6  3
528977 6  3
528978 6  3
528979 6  3
528980 6  3
528981 6  3
528982 6  3
528983 6  3
528984 6  3
528985 6  3
528986 6  3
528987 6  3
528988 6  3
528989 6  3
528990 6  3
528991 6  3
528992 6  3
528993 6  3
528994 6  3
528995 6  3
528996 6  3
528997 6  3
528998 6  3
528999 6  3
529000 6  3
529001 6  3
529002 6  3
529003 6  3
529004 6  3
529005 6  3
529006 6  3
529007 6  3
529008 6  3
529009 6  3
529010 6  3
529011 6  3
529012 6  3
529013 6  3
529014 6  3
529015 6  3
529016 6  3
529017 6  3
529018 6  3
529019 6  3
529020 6  3
529021 6  3
529022 6  3
529023 6  3
529024 6  3
529025 6  3
529026 6  3
529027 6  3
529028 6  3
529029 6  3
529030 6  3
529031 6  3
529032 6  3
529033 6  3
529034 6  3
529035 6  3
529036 6  3
529037 6  3
529038 6  3
529039 6  3
529040 6  3
529041 6  3
529042 6  3
529043 6  3
529044 6  3
529045 6  3
529046 6  3
529047 6  3
529048 6  3
529049 6  3
529050 6  3
529051 6  3
529052 6  3
529053 6  3
529054 6  3
529055 6  3
529056 6  3
529057 6  3
529058 6  3
529059 6  3
529060 6  3
529061 6  3
529062 6  3
529063 6  3
529064 6  3
529065 6  3
529066 6  3
529067 6  3
529068 6  3
529069 6  3
529070 6  3
529071 6  3
529072 6  3
529073 6  3
529074 6  3
529075 6  3
529076 6  3
529077 6  3
529078 6  3
529079 6  3
529080 6  3
529081 6  3
529082 6  3
529083 6  3
529084 6  3
529085 6  3
529086 6  3
529087 6  3
529088 6  3
529089 6  3
529090 6  3
529091 6  3
529092 6  3
529093 6  3
529094 6  3
529095 6  3
529096 6  3
529097 6  3
529098 6  3
529099 6  3
529100 6  3
529101 6  3
529102 6  3
529103 6  3
529104 6  3
529105 6  3
529106 6  3
529107 6  3
529108 6  3
529109 6  3
529110 6  3
529111 6  3
529112 6  3
529113 6  3
529114 6  3
529115 6  3
529116 6  3
529117 6  3
529118 6  3
529119 6  3
529120 6  3
529121 6  3
529122 6  3
529123 6  3
529124 6  3
529125 6  3
529126 6  3
529127 6  3
529128 6  3
529129 6  3
529130 6  3
529131 6  3
529132 6  3
529133 6  3
529134 6  3
529135 6  3
529136 6  3
529137 6  3
529138 6  3
529139 6  3
529140 6  3
529141 6  3
529142 6  3
529143 6  3
529144 6  3
529145 6  3
529146 6  3
529147 6  3
529148 6  3
529149 6  3
529150 6  3
529151 6  3
529152 6  3
529153 6  3
529154 6  3
529155 6  3
529156 6  3
529157 6  3
529158 6  3
529159 6  3
529160 6  3
529161 6  3
529162 6  3
529163 6  3
529164 6  3
529165 6  3
529166 6  3
529167 6  3
529168 6  3
529169 6  3
529170 6  3
529171 6  3
529172 6  3
529173 6  3
529174 6  3
529175 6  3
529176 6  3
529177 6  3
529178 6  3
529179 6  3
529180 6  3
529181 6  3
529182 6  3
529183 6  3
529184 6  3
529185 6  3
529186 6  3
529187 6  3
529188 6  3
529189 6  3
529190 6  3
529191 6  3
529192 6  3
529193 6  3
529194 6  3
529195 6  3
529196 6  3
529197 6  3
529198 6  3
529199 6  3
529200 6  3
529201 6  3
529202 6  3
529203 6  3
529204 6  3
529205 6  3
529206 6  3
529207 6  3
529208 6  3
529209 6  3
529210 6  3
529211 6  3
529212 6  3
529213 6  3
529214 6  3
529215 6  3
529216 6  3
529217 6  3
529218 6  3
529219 6  3
529220 6  3
529221 6  3
529222 6  3
529223 6  3
529224 6  3
529225 6  3
529226 6  3
529227 6  3
529228 6  3
529229 6  3
529230 6  3
529231 6  3
529232 6  3
529233 6  3
529234 6  3
529235 6  3
529236 6  3
529237 6  3
529238 6  3
529239 6  3
529240 6  3
529241 6  3
529242 6  3
529243 6  3
529244 6  3
529245 6  3
529246 6  3
529247 6  3
529248 6  3
529249 6  3
529250 6  3
529251 6  3
529252 6  3
529253 6  3
529254 6  3
529255 6  3
529256 6  3
529257 6  3
529258 6  3
529259 6  3
529260 6  3
529261 6  3
529262 6  3
529263 6  3
529264 6  3
529265 6  3
529266 6  3
529267 6  3
529268 6  3
529269 6  3
529270 6  3
529271 6  3
529272 6  3
529273 6  3
529274 6  3
529275 6  3
529276 6  3
529277 6  3
529278 6  3
529279 6  3
529280 6  3
529281 6  3
529282 6  3
529283 6  3
529284 6  3
529285 6  3
529286 6  3
529287 6  3
529288 6  3
529289 6  3
529290 6  3
529291 6  3
529292 6  3
529293 6  3
529294 6  3
529295 6  3
529296 6  3
529297 6  3
529298 6  3
529299 6  3
529300 6  3
529301 6  3
529302 6  3
529303 6  3
529304 6  3
529305 6  3
529306 6  3
529307 6  3
529308 6  3
529309 6  3
529310 6  3
529311 6  3
529312 6  3
529313 6  3
529314 6  3
529315 6  3
529316 6  3
529317 6  3
529318 6  3
529319 6  3
529320 6  3
529321 6  3
529322 6  3
529323 6  3
529324 6  3
529325 6  3
529326 6  3
529327 6  3
529328 6  3
529329 6  3
529330 6  3
529331 6  3
529332 6  3
529333 6  3
529334 6  3
529335 6  3
529336 6  3
529337 6  3
529338 6  3
529339 6  3
529340 6  3
529341 6  3
529342 6  3
529343 6  3
529344 6  3
529345 6  3
529346 6  3
529347 6  3
529348 6  3
529349 6  3
529350 6  3
529351 6  3
529352 6  3
529353 6  3
529354 6  3
529355 6  3
529356 6  3
529357 6  3
529358 6  3
529359 6  3
529360 6  3
529361 6  3
529362 6  3
529363 6  3
529364 6  3
529365 6  3
529366 6  3
529367 6  3
529368 6  3
529369 6  3
529370 6  3
529371 6  3
529372 6  3
529373 6  3
529374 6  3
529375 6  3
529376 6  3
529377 6  3
529378 6  3
529379 6  3
529380 6  3
529381 6  3
529382 6  3
529383 6  3
529384 6  3
529385 6  3
529386 6  3
529387 6  3
529388 6  3
529389 6  3
529390 6  3
529391 6  3
529392 6  3
529393 6  3
529394 6  3
529395 6  3
529396 6  3
529397 6  3
529398 6  3
529399 6  3
529400 6  3
529401 6  3
529402 6  3
529403 6  3
529404 6  3
529405 6  3
529406 6  3
529407 6  3
529408 6  3
529409 6  3
529410 6  3
529411 6  3
529412 6  3
529413 6  3
529414 6  3
529415 6  3
529416 6  3
529417 6  3
529418 6  3
529419 6  3
529420 6  3
529421 6  3
529422 6  3
529423 6  3
529424 6  3
529425 6  3
529426 6  3
529427 6  3
529428 6  3
529429 6  3
529430 6  3
529431 6  3
529432 6  3
529433 6  3
529434 6  3
529435 6  3
529436 6  3
529437 6  3
529438 6  3
529439 6  3
529440 6  3
529441 6  3
529442 6  3
529443 6  3
529444 6  3
529445 6  3
529446 6  3
529447 6  3
529448 6  3
529449 6  3
529450 6  3
529451 6  3
529452 6  3
529453 6  3
529454 6  3
529455 6  3
529456 6  3
529457 6  3
529458 6  3
529459 6  3
529460 6  3
529461 6  3
529462 6  3
529463 6  3
529464 6  3
529465 6  3
529466 6  3
529467 6  3
529468 6  3
529469 6  3
529470 6  3
529471 6  3
529472 6  3
529473 6  3
529474 6  3
529475 6  3
529476 6  3
529477 6  3
529478 6  3
529479 6  3
529480 6  3
529481 6  3
529482 6  3
529483 6  3
529484 6  3
529485 6  3
529486 6  3
529487 6  3
529488 6  3
529489 6  3
529490 6  3
529491 6  3
529492 6  3
529493 6  3
529494 6  3
529495 6  3
529496 6  3
529497 6  3
529498 6  3
529499 6  3
529500 6  3
529501 6  3
529502 6  3
529503 6  3
529504 6  3
529505 6  3
529506 6  3
529507 6  3
529508 6  3
529509 6  3
529510 6  3
529511 6  3
529512 6  3
529513 6  3
529514 6  3
529515 6  3
529516 6  3
529517 6  3
529518 6  3
529519 6  3
529520 6  3
529521 6  3
529522 6  3
529523 6  3
529524 6  3
529525 6  3
529526 6  3
529527 6  3
529528 6  3
529529 6  3
529530 6  3
529531 6  3
529532 6  3
529533 6  3
529534 6  3
529535 6  3
529536 6  3
529537 6  3
529538 6  3
529539 6  3
529540 6  3
529541 6  3
529542 6  3
529543 6  3
529544 6  3
529545 6  3
529546 6  3
529547 6  3
529548 6  3
529549 6  3
529550 6  3
529551 6  3
529552 6  3
529553 6  3
529554 6  3
529555 6  3
529556 6  3
529557 6  3
529558 6  3
529559 6  3
529560 6  3
529561 6  3
529562 6  3
529563 6  3
529564 6  3
529565 6  3
529566 6  3
529567 6  3
529568 6  3
529569 6  3
529570 6  3
529571 6  3
529572 6  3
529573 6  3
529574 6  3
529575 6  3
529576 6  3
529577 6  3
529578 6  3
529579 6  3
529580 6  3
529581 6  3
529582 6  3
529583 6  3
529584 6  3
529585 6  3
529586 6  3
529587 6  3
529588 6  3
529589 6  3
529590 6  3
529591 6  3
529592 6  3
529593 6  3
529594 6  3
529595 6  3
529596 6  3
529597 6  3
529598 6  3
529599 6  3
529600 6  3
529601 6  3
529602 6  3
529603 6  3
529604 6  3
529605 6  3
529606 6  3
529607 6  3
529608 6  3
529609 6  3
529610 6  3
529611 6  3
529612 6  3
529613 6  3
529614 6  3
529615 6  3
529616 6  3
529617 6  3
529618 6  3
529619 6  3
529620 6  3
529621 6  3
529622 6  3
529623 6  3
529624 6  3
529625 6  3
529626 6  3
529627 6  3
529628 6  3
529629 6  3
529630 6  3
529631 6  3
529632 6  3
529633 6  3
529634 6  3
529635 6  3
529636 6  3
529637 6  3
529638 6  3
529639 6  3
529640 6  3
529641 6  3
529642 6  3
529643 6  3
529644 6  3
529645 6  3
529646 6  3
529647 6  3
529648 6  3
529649 6  3
529650 6  3
529651 6  3
529652 6  3
529653 6  3
529654 6  3
529655 6  3
529656 6  3
529657 6  3
529658 6  3
529659 6  3
529660 6  3
529661 6  3
529662 6  3
529663 6  3
529664 6  3
529665 6  3
529666 6  3
529667 6  3
529668 6  3
529669 6  3
529670 6  3
529671 6  3
529672 6  3
529673 6  3
529674 6  3
529675 6  3
529676 6  3
529677 6  3
529678 6  3
529679 6  3
529680 6  3
529681 6  3
529682 6  3
529683 6  3
529684 6  3
529685 6  3
529686 6  3
529687 6  3
529688 6  3
529689 6  3
529690 6  3
529691 6  3
529692 6  3
529693 6  3
529694 6  3
529695 6  3
529696 6  3
529697 6  3
529698 6  3
529699 6  3
529700 6  3
529701 6  3
529702 6  3
529703 6  3
529704 6  3
529705 6  3
529706 6  3
529707 6  3
529708 6  3
529709 6  3
529710 6  3
529711 6  3
529712 6  3
529713 6  3
529714 6  3
529715 6  3
529716 6  3
529717 6  3
529718 6  3
529719 6  3
529720 6  3
529721 6  3
529722 6  3
529723 6  3
529724 6  3
529725 6  3
529726 6  3
529727 6  3
529728 6  3
529729 6  3
529730 6  3
529731 6  3
529732 6  3
529733 6  3
529734 6  3
529735 6  3
529736 6  3
529737 6  3
529738 6  3
529739 6  3
529740 6  3
529741 6  3
529742 6  3
529743 6  3
529744 6  3
529745 6  3
529746 6  3
529747 6  3
529748 6  3
529749 6  3
529750 6  3
529751 6  3
529752 6  3
529753 6  3
529754 6  3
529755 6  3
529756 6  3
529757 6  3
529758 6  3
529759 6  3
529760 6  3
529761 6  3
529762 6  3
529763 6  3
529764 6  3
529765 6  3
529766 6  3
529767 6  3
529768 6  3
529769 6  3
529770 6  3
529771 6  3
529772 6  3
529773 6  3
529774 6  3
529775 6  3
529776 6  3
529777 6  3
529778 6  3
529779 6  3
529780 6  3
529781 6  3
529782 6  3
529783 6  3
529784 6  3
529785 6  3
529786 6  3
529787 6  3
529788 6  3
529789 6  3
529790 6  3
529791 6  3
529792 6  3
529793 6  3
529794 6  3
529795 6  3
529796 6  3
529797 6  3
529798 6  3
529799 6  3
529800 6  3
529801 6  3
529802 6  3
529803 6  3
529804 6  3
529805 6  3
529806 6  3
529807 6  3
529808 6  3
529809 6  3
529810 6  3
529811 6  3
529812 6  3
529813 6  3
529814 6  3
529815 6  3
529816 6  3
529817 6  3
529818 6  3
529819 6  3
529820 6  3
529821 6  3
529822 6  3
529823 6  3
529824 6  3
529825 6  3
529826 6  3
529827 6  3
529828 6  3
529829 6  3
529830 6  3
529831 6  3
529832 6  3
529833 6  3
529834 6  3
529835 6  3
529836 6  3
529837 6  3
529838 6  3
529839 6  3
529840 6  3
529841 6  3
529842 6  3
529843 6  3
529844 6  3
529845 6  3
529846 6  3
529847 6  3
529848 6  3
529849 6  3
529850 6  3
529851 6  3
529852 6  3
529853 6  3
529854 6  3
529855 6  3
529856 6  3
529857 6  3
529858 6  3
529859 6  3
529860 6  3
529861 6  3
529862 6  3
529863 6  3
529864 6  3
529865 6  3
529866 6  3
529867 6  3
529868 6  3
529869 6  3
529870 6  3
529871 6  3
529872 6  3
529873 6  3
529874 6  3
529875 6  3
529876 6  3
529877 6  3
529878 6  3
529879 6  3
529880 6  3
529881 6  3
529882 6  3
529883 6  3
529884 6  3
529885 6  3
529886 6  3
529887 6  3
529888 6  3
529889 6  3
529890 6  3
529891 6  3
529892 6  3
529893 6  3
529894 6  3
529895 6  3
529896 6  3
529897 6  3
529898 6  3
529899 6  3
529900 6  3
529901 6  3
529902 6  3
529903 6  3
529904 6  3
529905 6  3
529906 6  3
529907 6  3
529908 6  3
529909 6  3
529910 6  3
529911 6  3
529912 6  3
529913 6  3
529914 6  3
529915 6  3
529916 6  3
529917 6  3
529918 6  3
529919 6  3
529920 6  3
529921 6  3
529922 6  3
529923 6  3
529924 6  3
529925 6  3
529926 6  3
529927 6  3
529928 6  3
529929 6  3
529930 6  3
529931 6  3
529932 6  3
529933 6  3
529934 6  3
529935 6  3
529936 6  3
529937 6  3
529938 6  3
529939 6  3
529940 6  3
529941 6  3
529942 6  3
529943 6  3
529944 6  3
529945 6  3
529946 6  3
529947 6  3
529948 6  3
529949 6  3
529950 6  3
529951 6  3
529952 6  3
529953 6  3
529954 6  3
529955 6  3
529956 6  3
529957 6  3
529958 6  3
529959 6  3
529960 6  3
529961 6  3
529962 6  3
529963 6  3
529964 6  3
529965 6  3
529966 6  3
529967 6  3
529968 6  3
529969 6  3
529970 6  3
529971 6  3
529972 6  3
529973 6  3
529974 6  3
529975 6  3
529976 6  3
529977 6  3
529978 6  3
529979 6  3
529980 6  3
529981 6  3
529982 6  3
529983 6  3
529984 6  3
529985 6  3
529986 6  3
529987 6  3
529988 6  3
529989 6  3
529990 6  3
529991 6  3
529992 6  3
529993 6  3
529994 6  3
529995 6  3
529996 6  3
529997 6  3
529998 6  3
529999 6  3
530000 6  3
530001 6  3
530002 6  3
530003 6  3
530004 6  3
530005 6  3
530006 6  3
530007 6  3
530008 6  3
530009 6  3
530010 6  3
530011 6  3
530012 6  3
530013 6  3
530014 6  3
530015 6  3
530016 6  3
530017 6  3
530018 6  3
530019 6  3
530020 6  3
530021 6  3
530022 6  3
530023 6  3
530024 6  3
530025 6  3
530026 6  3
530027 6  3
530028 6  3
530029 6  3
530030 6  3
530031 6  3
530032 6  3
530033 6  3
530034 6  3
530035 6  3
530036 6  3
530037 6  3
530038 6  3
530039 6  3
530040 6  3
530041 6  3
530042 6  3
530043 6  3
530044 6  3
530045 6  3
530046 6  3
530047 6  3
530048 6  3
530049 6  3
530050 6  3
530051 6  3
530052 6  3
530053 6  3
530054 6  3
530055 6  3
530056 6  3
530057 6  3
530058 6  3
530059 6  3
530060 6  3
530061 6  3
530062 6  3
530063 6  3
530064 6  3
530065 6  3
530066 6  3
530067 6  3
530068 6  3
530069 6  3
530070 6  3
530071 6  3
530072 6  3
530073 6  3
530074 6  3
530075 6  3
530076 6  3
530077 6  3
530078 6  3
530079 6  3
530080 6  3
530081 6  3
530082 6  3
530083 6  3
530084 6  3
530085 6  3
530086 6  3
530087 6  3
530088 6  3
530089 6  3
530090 6  3
530091 6  3
530092 6  3
530093 6  3
530094 6  3
530095 6  3
530096 6  3
530097 6  3
530098 6  3
530099 6  3
530100 6  3
530101 6  3
530102 6  3
530103 6  3
530104 6  3
530105 6  3
530106 6  3
530107 6  3
530108 6  3
530109 6  3
530110 6  3
530111 6  3
530112 6  3
530113 6  3
530114 6  3
530115 6  3
530116 6  3
530117 6  3
530118 6  3
530119 6  3
530120 6  3
530121 6  3
530122 6  3
530123 6  3
530124 6  3
530125 6  3
530126 6  3
530127 6  3
530128 6  3
530129 6  3
530130 6  3
530131 6  3
530132 6  3
530133 6  3
530134 6  3
530135 6  3
530136 6  3
530137 6  3
530138 6  3
530139 6  3
530140 6  3
530141 6  3
530142 6  3
530143 6  3
530144 6  3
530145 6  3
530146 6  3
530147 6  3
530148 6  3
530149 6  3
530150 6  3
530151 6  3
530152 6  3
530153 6  3
530154 6  3
530155 6  3
530156 6  3
530157 6  3
530158 6  3
530159 6  3
530160 6  3
530161 6  3
530162 6  3
530163 6  3
530164 6  3
530165 6  3
530166 6  3
530167 6  3
530168 6  3
530169 6  3
530170 6  3
530171 6  3
530172 6  3
530173 6  3
530174 6  3
530175 6  3
530176 6  3
530177 6  3
530178 6  3
530179 6  3
530180 6  3
530181 6  3
530182 6  3
530183 6  3
530184 6  3
530185 6  3
530186 6  3
530187 6  3
530188 6  3
530189 6  3
530190 6  3
530191 6  3
530192 6  3
530193 6  3
530194 6  3
530195 6  3
530196 6  3
530197 6  3
530198 6  3
530199 6  3
530200 6  3
530201 6  3
530202 6  3
530203 6  3
530204 6  3
530205 6  3
530206 6  3
530207 6  3
530208 6  3
530209 6  3
530210 6  3
530211 6  3
530212 6  3
530213 6  3
530214 6  3
530215 6  3
530216 6  3
530217 6  3
530218 6  3
530219 6  3
530220 6  3
530221 6  3
530222 6  3
530223 6  3
530224 6  3
530225 6  3
530226 6  3
530227 6  3
530228 6  3
530229 6  3
530230 6  3
530231 6  3
530232 6  3
530233 6  3
530234 6  3
530235 6  3
530236 6  3
530237 6  3
530238 6  3
530239 6  3
530240 6  3
530241 6  3
530242 6  3
530243 6  3
530244 6  3
530245 6  3
530246 6  3
530247 6  3
530248 6  3
530249 6  3
530250 6  3
530251 6  3
530252 6  3
530253 6  3
530254 6  3
530255 6  3
530256 6  3
530257 6  3
530258 6  3
530259 6  3
530260 6  3
530261 6  3
530262 6  3
530263 6  3
530264 6  3
530265 6  3
530266 6  3
530267 6  3
530268 6  3
530269 6  3
530270 6  3
530271 6  3
530272 6  3
530273 6  3
530274 6  3
530275 6  3
530276 6  3
530277 6  3
530278 6  3
530279 6  3
530280 6  3
530281 6  3
530282 6  3
530283 6  3
530284 6  3
530285 6  3
530286 6  3
530287 6  3
530288 6  3
530289 6  3
530290 6  3
530291 6  3
530292 6  3
530293 6  3
530294 6  3
530295 6  3
530296 6  3
530297 6  3
530298 6  3
530299 6  3
530300 6  3
530301 6  3
530302 6  3
530303 6  3
530304 6  3
530305 6  3
530306 6  3
530307 6  3
530308 6  3
530309 6  3
530310 6  3
530311 6  3
530312 6  3
530313 6  3
530314 6  3
530315 6  3
530316 6  3
530317 6  3
530318 6  3
530319 6  3
530320 6  3
530321 6  3
530322 6  3
530323 6  3
530324 6  3
530325 6  3
530326 6  3
530327 6  3
530328 6  3
530329 6  3
530330 6  3
530331 6  3
530332 6  3
530333 6  3
530334 6  3
530335 6  3
530336 6  3
530337 6  3
530338 6  3
530339 6  3
530340 6  3
530341 6  3
530342 6  3
530343 6  3
530344 6  3
530345 6  3
530346 6  3
530347 6  3
530348 6  3
530349 6  3
530350 6  3
530351 6  3
530352 6  3
530353 6  3
530354 6  3
530355 6  3
530356 6  3
530357 6  3
530358 6  3
530359 6  3
530360 6  3
530361 6  3
530362 6  3
530363 6  3
530364 6  3
530365 6  3
530366 6  3
530367 6  3
530368 6  3
530369 6  3
530370 6  3
530371 6  3
530372 6  3
530373 6  3
530374 6  3
530375 6  3
530376 6  3
530377 6  3
530378 6  3
530379 6  3
530380 6  3
530381 6  3
530382 6  3
530383 6  3
530384 6  3
530385 6  3
530386 6  3
530387 6  3
530388 6  3
530389 6  3
530390 6  3
530391 6  3
530392 6  3
530393 6  3
530394 6  3
530395 6  3
530396 6  3
530397 6  3
530398 6  3
530399 6  3
530400 6  3
530401 6  3
530402 6  3
530403 6  3
530404 6  3
530405 6  3
530406 6  3
530407 6  3
530408 6  3
530409 6  3
530410 6  3
530411 6  3
530412 6  3
530413 6  3
530414 6  3
530415 6  3
530416 6  3
530417 6  3
530418 6  3
530419 6  3
530420 6  3
530421 6  3
530422 6  3
530423 6  3
530424 6  3
530425 6  3
530426 6  3
530427 6  3
530428 6  3
530429 6  3
530430 6  3
530431 6  3
530432 6  3
530433 6  3
530434 6  3
530435 6  3
530436 6  3
530437 6  3
530438 6  3
530439 6  3
530440 6  3
530441 6  3
530442 6  3
530443 6  3
530444 6  3
530445 6  3
530446 6  3
530447 6  3
530448 6  3
530449 6  3
530450 6  3
530451 6  3
530452 6  3
530453 6  3
530454 6  3
530455 6  3
530456 6  3
530457 6  3
530458 6  3
530459 6  3
530460 6  3
530461 6  3
530462 6  3
530463 6  3
530464 6  3
530465 6  3
530466 6  3
530467 6  3
530468 6  3
530469 6  3
530470 6  3
530471 6  3
530472 6  3
530473 6  3
530474 6  3
530475 6  3
530476 6  3
530477 6  3
530478 6  3
530479 6  3
530480 6  3
530481 6  3
530482 6  3
530483 6  3
530484 6  3
530485 6  3
530486 6  3
530487 6  3
530488 6  3
530489 6  3
530490 6  3
530491 6  3
530492 6  3
530493 6  3
530494 6  3
530495 6  3
530496 6  3
530497 6  3
530498 6  3
530499 6  3
530500 6  3
530501 6  3
530502 6  3
530503 6  3
530504 6  3
530505 6  3
530506 6  3
530507 6  3
530508 6  3
530509 6  3
530510 6  3
530511 6  3
530512 6  3
530513 6  3
530514 6  3
530515 6  3
530516 6  3
530517 6  3
530518 6  3
530519 6  3
530520 6  3
530521 6  3
530522 6  3
530523 6  3
530524 6  3
530525 6  3
530526 6  3
530527 6  3
530528 6  3
530529 6  3
530530 6  3
530531 6  3
530532 6  3
530533 6  3
530534 6  3
530535 6  3
530536 6  3
530537 6  3
530538 6  3
530539 6  3
530540 6  3
530541 6  3
530542 6  3
530543 6  3
530544 6  3
530545 6  3
530546 6  3
530547 6  3
530548 6  3
530549 6  3
530550 6  3
530551 6  3
530552 6  3
530553 6  3
530554 6  3
530555 6  3
530556 6  3
530557 6  3
530558 6  3
530559 6  3
530560 6  3
530561 6  3
530562 6  3
530563 6  3
530564 6  3
530565 6  3
530566 6  3
530567 6  3
530568 6  3
530569 6  3
530570 6  3
530571 6  3
530572 6  3
530573 6  3
530574 6  3
530575 6  3
530576 6  3
530577 6  3
530578 6  3
530579 6  3
530580 6  3
530581 6  3
530582 6  3
530583 6  3
530584 6  3
530585 6  3
530586 6  3
530587 6  3
530588 6  3
530589 6  3
530590 6  3
530591 6  3
530592 6  3
530593 6  3
530594 6  3
530595 6  3
530596 6  3
530597 6  3
530598 6  3
530599 6  3
530600 6  3
530601 6  3
530602 6  3
530603 6  3
530604 6  3
530605 6  3
530606 6  3
530607 6  3
530608 6  3
530609 6  3
530610 6  3
530611 6  3
530612 6  3
530613 6  3
530614 6  3
530615 6  3
530616 6  3
530617 6  3
530618 6  3
530619 6  3
530620 6  3
530621 6  3
530622 6  3
530623 6  3
530624 6  3
530625 6  3
530626 6  3
530627 6  3
530628 6  3
530629 6  3
530630 6  3
530631 6  3
530632 6  3
530633 6  3
530634 6  3
530635 6  3
530636 6  3
530637 6  3
530638 6  3
530639 6  3
530640 6  3
530641 6  3
530642 6  3
530643 6  3
530644 6  3
530645 6  3
530646 6  3
530647 6  3
530648 6  3
530649 6  3
530650 6  3
530651 6  3
530652 6  3
530653 6  3
530654 6  3
530655 6  3
530656 6  3
530657 6  3
530658 6  3
530659 6  3
530660 6  3
530661 6  3
530662 6  3
530663 6  3
530664 6  3
530665 6  3
530666 6  3
530667 6  3
530668 6  3
530669 6  3
530670 6  3
530671 6  3
530672 6  3
530673 6  3
530674 6  3
530675 6  3
530676 6  3
530677 6  3
530678 6  3
530679 6  3
530680 6  3
530681 6  3
530682 6  3
530683 6  3
530684 6  3
530685 6  3
530686 6  3
530687 6  3
530688 6  3
530689 6  3
530690 6  3
530691 6  3
530692 6  3
530693 6  3
530694 6  3
530695 6  3
530696 6  3
530697 6  3
530698 6  3
530699 6  3
530700 6  3
530701 6  3
530702 6  3
530703 6  3
530704 6  3
530705 6  3
530706 6  3
530707 6  3
530708 6  3
530709 6  3
530710 6  3
530711 6  3
530712 6  3
530713 6  3
530714 6  3
530715 6  3
530716 6  3
530717 6  3
530718 6  3
530719 6  3
530720 6  3
530721 6  3
530722 6  3
530723 6  3
530724 6  3
530725 6  3
530726 6  3
530727 6  3
530728 6  3
530729 6  3
530730 6  3
530731 6  3
530732 6  3
530733 6  3
530734 6  3
530735 6  3
530736 6  3
530737 6  3
530738 6  3
530739 6  3
530740 6  3
530741 6  3
530742 6  3
530743 6  3
530744 6  3
530745 6  3
530746 6  3
530747 6  3
530748 6  3
530749 6  3
530750 6  3
530751 6  3
530752 6  3
530753 6  3
530754 6  3
530755 6  3
530756 6  3
530757 6  3
530758 6  3
530759 6  3
530760 6  3
530761 6  3
530762 6  3
530763 6  3
530764 6  3
530765 6  3
530766 6  3
530767 6  3
530768 6  3
530769 6  3
530770 6  3
530771 6  3
530772 6  3
530773 6  3
530774 6  3
530775 6  3
530776 6  3
530777 6  3
530778 6  3
530779 6  3
530780 6  3
530781 6  3
530782 6  3
530783 6  3
530784 6  3
530785 6  3
530786 6  3
530787 6  3
530788 6  3
530789 6  3
530790 6  3
530791 6  3
530792 6  3
530793 6  3
530794 6  3
530795 6  3
530796 6  3
530797 6  3
530798 6  3
530799 6  3
530800 6  3
530801 6  3
530802 6  3
530803 6  3
530804 6  3
530805 6  3
530806 6  3
530807 6  3
530808 6  3
530809 6  3
530810 6  3
530811 6  3
530812 6  3
530813 6  3
530814 6  3
530815 6  3
530816 6  3
530817 6  3
530818 6  3
530819 6  3
530820 6  3
530821 6  3
530822 6  3
530823 6  3
530824 6  3
530825 6  3
530826 6  3
530827 6  3
530828 6  3
530829 6  3
530830 6  3
530831 6  3
530832 6  3
530833 6  3
530834 6  3
530835 6  3
530836 6  3
530837 6  3
530838 6  3
530839 6  3
530840 6  3
530841 6  3
530842 6  3
530843 6  3
530844 6  3
530845 6  3
530846 6  3
530847 6  3
530848 6  3
530849 6  3
530850 6  3
530851 6  3
530852 6  3
530853 6  3
530854 6  3
530855 6  3
530856 6  3
530857 6  3
530858 6  3
530859 6  3
530860 6  3
530861 6  3
530862 6  3
530863 6  3
530864 6  3
530865 6  3
530866 6  3
530867 6  3
530868 6  3
530869 6  3
530870 6  3
530871 6  3
530872 6  3
530873 6  3
530874 6  3
530875 6  3
530876 6  3
530877 6  3
530878 6  3
530879 6  3
530880 6  3
530881 6  3
530882 6  3
530883 6  3
530884 6  3
530885 6  3
530886 6  3
530887 6  3
530888 6  3
530889 6  3
530890 6  3
530891 6  3
530892 6  3
530893 6  3
530894 6  3
530895 6  3
530896 6  3
530897 6  3
530898 6  3
530899 6  3
530900 6  3
530901 6  3
530902 6  3
530903 6  3
530904 6  3
530905 6  3
530906 6  3
530907 6  3
530908 6  3
530909 6  3
530910 6  3
530911 6  3
530912 6  3
530913 6  3
530914 6  3
530915 6  3
530916 6  3
530917 6  3
530918 6  3
530919 6  3
530920 6  3
530921 6  3
530922 6  3
530923 6  3
530924 6  3
530925 6  3
530926 6  3
530927 6  3
530928 6  3
530929 6  3
530930 6  3
530931 6  3
530932 6  3
530933 6  3
530934 6  3
530935 6  3
530936 6  3
530937 6  3
530938 6  3
530939 6  3
530940 6  3
530941 6  3
530942 6  3
530943 6  3
530944 6  3
530945 6  3
530946 6  3
530947 6  3
530948 6  3
530949 6  3
530950 6  3
530951 6  3
530952 6  3
530953 6  3
530954 6  3
530955 6  3
530956 6  3
530957 6  3
530958 6  3
530959 6  3
530960 6  3
530961 6  3
530962 6  3
530963 6  3
530964 6  3
530965 6  3
530966 6  3
530967 6  3
530968 6  3
530969 6  3
530970 6  3
530971 6  3
530972 6  3
530973 6  3
530974 6  3
530975 6  3
530976 6  3
530977 6  3
530978 6  3
530979 6  3
530980 6  3
530981 6  3
530982 6  3
530983 6  3
530984 6  3
530985 6  3
530986 6  3
530987 6  3
530988 6  3
530989 6  3
530990 6  3
530991 6  3
530992 6  3
530993 6  3
530994 6  3
530995 6  3
530996 6  3
530997 6  3
530998 6  3
530999 6  3
531000 6  3
531001 6  3
531002 6  3
531003 6  3
531004 6  3
531005 6  3
531006 6  3
531007 6  3
531008 6  3
531009 6  3
531010 6  3
531011 6  3
531012 6  3
531013 6  3
531014 6  3
531015 6  3
531016 6  3
531017 6  3
531018 6  3
531019 6  3
531020 6  3
531021 6  3
531022 6  3
531023 6  3
531024 6  3
531025 6  3
531026 6  3
531027 6  3
531028 6  3
531029 6  3
531030 6  3
531031 6  3
531032 6  3
531033 6  3
531034 6  3
531035 6  3
531036 6  3
531037 6  3
531038 6  3
531039 6  3
531040 6  3
531041 6  3
531042 6  3
531043 6  3
531044 6  3
531045 6  3
531046 6  3
531047 6  3
531048 6  3
531049 6  3
531050 6  3
531051 6  3
531052 6  3
531053 6  3
531054 6  3
531055 6  3
531056 6  3
531057 6  3
531058 6  3
531059 6  3
531060 6  3
531061 6  3
531062 6  3
531063 6  3
531064 6  3
531065 6  3
531066 6  3
531067 6  3
531068 6  3
531069 6  3
531070 6  3
531071 6  3
531072 6  3
531073 6  3
531074 6  3
531075 6  3
531076 6  3
531077 6  3
531078 6  3
531079 6  3
531080 6  3
531081 6  3
531082 6  3
531083 6  3
531084 6  3
531085 6  3
531086 6  3
531087 6  3
531088 6  3
531089 6  3
531090 6  3
531091 6  3
531092 6  3
531093 6  3
531094 6  3
531095 6  3
531096 6  3
531097 6  3
531098 6  3
531099 6  3
531100 6  3
531101 6  3
531102 6  3
531103 6  3
531104 6  3
531105 6  3
531106 6  3
531107 6  3
531108 6  3
531109 6  3
531110 6  3
531111 6  3
531112 6  3
531113 6  3
531114 6  3
531115 6  3
531116 6  3
531117 6  3
531118 6  3
531119 6  3
531120 6  3
531121 6  3
531122 6  3
531123 6  3
531124 6  3
531125 6  3
531126 6  3
531127 6  3
531128 6  3
531129 6  3
531130 6  3
531131 6  3
531132 6  3
531133 6  3
531134 6  3
531135 6  3
531136 6  3
531137 6  3
531138 6  3
531139 6  3
531140 6  3
531141 6  3
531142 6  3
531143 6  3
531144 6  3
531145 6  3
531146 6  3
531147 6  3
531148 6  3
531149 6  3
531150 6  3
531151 6  3
531152 6  3
531153 6  3
531154 6  3
531155 6  3
531156 6  3
531157 6  3
531158 6  3
531159 6  3
531160 6  3
531161 6  3
531162 6  3
531163 6  3
531164 6  3
531165 6  3
531166 6  3
531167 6  3
531168 6  3
531169 6  3
531170 6  3
531171 6  3
531172 6  3
531173 6  3
531174 6  3
531175 6  3
531176 6  3
531177 6  3
531178 6  3
531179 6  3
531180 6  3
531181 6  3
531182 6  3
531183 6  3
531184 6  3
531185 6  3
531186 6  3
531187 6  3
531188 6  3
531189 6  3
531190 6  3
531191 6  3
531192 6  3
531193 6  3
531194 6  3
531195 6  3
531196 6  3
531197 6  3
531198 6  3
531199 6  3
531200 6  3
531201 6  3
531202 6  3
531203 6  3
531204 6  3
531205 6  3
531206 6  3
531207 6  3
531208 6  3
531209 6  3
531210 6  3
531211 6  3
531212 6  3
531213 6  3
531214 6  3
531215 6  3
531216 6  3
531217 6  3
531218 6  3
531219 6  3
531220 6  3
531221 6  3
531222 6  3
531223 6  3
531224 6  3
531225 6  3
531226 6  3
531227 6  3
531228 6  3
531229 6  3
531230 6  3
531231 6  3
531232 6  3
531233 6  3
531234 6  3
531235 6  3
531236 6  3
531237 6  3
531238 6  3
531239 6  3
531240 6  3
531241 6  3
531242 6  3
531243 6  3
531244 6  3
531245 6  3
531246 6  3
531247 6  3
531248 6  3
531249 6  3
531250 6  3
531251 6  3
531252 6  3
531253 6  3
531254 6  3
531255 6  3
531256 6  3
531257 6  3
531258 6  3
531259 6  3
531260 6  3
531261 6  3
531262 6  3
531263 6  3
531264 6  3
531265 6  3
531266 6  3
531267 6  3
531268 6  3
531269 6  3
531270 6  3
531271 6  3
531272 6  3
531273 6  3
531274 6  3
531275 6  3
531276 6  3
531277 6  3
531278 6  3
531279 6  3
531280 6  3
531281 6  3
531282 6  3
531283 6  3
531284 6  3
531285 6  3
531286 6  3
531287 6  3
531288 6  3
531289 6  3
531290 6  3
531291 6  3
531292 6  3
531293 6  3
531294 6  3
531295 6  3
531296 6  3
531297 6  3
531298 6  3
531299 6  3
531300 6  3
531301 6  3
531302 6  3
531303 6  3
531304 6  3
531305 6  3
531306 6  3
531307 6  3
531308 6  3
531309 6  3
531310 6  3
531311 6  3
531312 6  3
531313 6  3
531314 6  3
531315 6  3
531316 6  3
531317 6  3
531318 6  3
531319 6  3
531320 6  3
531321 6  3
531322 6  3
531323 6  3
531324 6  3
531325 6  3
531326 6  3
531327 6  3
531328 6  3
531329 6  3
531330 6  3
531331 6  3
531332 6  3
531333 6  3
531334 6  3
531335 6  3
531336 6  3
531337 6  3
531338 6  3
531339 6  3
531340 6  3
531341 6  3
531342 6  3
531343 6  3
531344 6  3
531345 6  3
531346 6  3
531347 6  3
531348 6  3
531349 6  3
531350 6  3
531351 6  3
531352 6  3
531353 6  3
531354 6  3
531355 6  3
531356 6  3
531357 6  3
531358 6  3
531359 6  3
531360 6  3
531361 6  3
531362 6  3
531363 6  3
531364 6  3
531365 6  3
531366 6  3
531367 6  3
531368 6  3
531369 6  3
531370 6  3
531371 6  3
531372 6  3
531373 6  3
531374 6  3
531375 6  3
531376 6  3
531377 6  3
531378 6  3
531379 6  3
531380 6  3
531381 6  3
531382 6  3
531383 6  3
531384 6  3
531385 6  3
531386 6  3
531387 6  3
531388 6  3
531389 6  3
531390 6  3
531391 6  3
531392 6  3
531393 6  3
531394 6  3
531395 6  3
531396 6  3
531397 6  3
531398 6  3
531399 6  3
531400 6  3
531401 6  3
531402 6  3
531403 6  3
531404 6  3
531405 6  3
531406 6  3
531407 6  3
531408 6  3
531409 6  3
531410 6  3
531411 6  3
531412 6  3
531413 6  3
531414 6  3
531415 6  3
531416 6  3
531417 6  3
531418 6  3
531419 6  3
531420 6  3
531421 6  3
531422 6  3
531423 6  3
531424 6  3
531425 6  3
531426 6  3
531427 6  3
531428 6  3
531429 6  3
531430 6  3
531431 6  3
531432 6  3
531433 6  3
531434 6  3
531435 6  3
531436 6  3
531437 6  3
531438 6  3
531439 6  3
531440 6  3
531441 6  3
531442 6  3
531443 6  3
531444 6  3
531445 6  3
531446 6  3
531447 6  3
531448 6  3
531449 6  3
531450 6  3
531451 6  3
531452 6  3
531453 6  3
531454 6  3
531455 6  3
531456 6  3
531457 6  3
531458 6  3
531459 6  3
531460 6  3
531461 6  3
531462 6  3
531463 6  3
531464 6  3
531465 6  3
531466 6  3
531467 6  3
531468 6  3
531469 6  3
531470 6  3
531471 6  3
531472 6  3
531473 6  3
531474 6  3
531475 6  3
531476 6  3
531477 6  3
531478 6  3
531479 6  3
531480 6  3
531481 6  3
531482 6  3
531483 6  3
531484 6  3
531485 6  3
531486 6  3
531487 6  3
531488 6  3
531489 6  3
531490 6  3
531491 6  3
531492 6  3
531493 6  3
531494 6  3
531495 6  3
531496 6  3
531497 6  3
531498 6  3
531499 6  3
531500 6  3
531501 6  3
531502 6  3
531503 6  3
531504 6  3
531505 6  3
531506 6  3
531507 6  3
531508 6  3
531509 6  3
531510 6  3
531511 6  3
531512 6  3
531513 6  3
531514 6  3
531515 6  3
531516 6  3
531517 6  3
531518 6  3
531519 6  3
531520 6  3
531521 6  3
531522 6  3
531523 6  3
531524 6  3
531525 6  3
531526 6  3
531527 6  3
531528 6  3
531529 6  3
531530 6  3
531531 6  3
531532 6  3
531533 6  3
531534 6  3
531535 6  3
531536 6  3
531537 6  3
531538 6  3
531539 6  3
531540 6  3
531541 6  3
531542 6  3
531543 6  3
531544 6  3
531545 6  3
531546 6  3
531547 6  3
531548 6  3
531549 6  3
531550 6  3
531551 6  3
531552 6  3
531553 6  3
531554 6  3
531555 6  3
531556 6  3
531557 6  3
531558 6  3
531559 6  3
531560 6  3
531561 6  3
531562 6  3
531563 6  3
531564 6  3
531565 6  3
531566 6  3
531567 6  3
531568 6  3
531569 6  3
531570 6  3
531571 6  3
531572 6  3
531573 6  3
531574 6  3
531575 6  3
531576 6  3
531577 6  3
531578 6  3
531579 6  3
531580 6  3
531581 6  3
531582 6  3
531583 6  3
531584 6  3
531585 6  3
531586 6  3
531587 6  3
531588 6  3
531589 6  3
531590 6  3
531591 6  3
531592 6  3
531593 6  3
531594 6  3
531595 6  3
531596 6  3
531597 6  3
531598 6  3
531599 6  3
531600 6  3
531601 6  3
531602 6  3
531603 6  3
531604 6  3
531605 6  3
531606 6  3
531607 6  3
531608 6  3
531609 6  3
531610 6  3
531611 6  3
531612 6  3
531613 6  3
531614 6  3
531615 6  3
531616 6  3
531617 6  3
531618 6  3
531619 6  3
531620 6  3
531621 6  3
531622 6  3
531623 6  3
531624 6  3
531625 6  3
531626 6  3
531627 6  3
531628 6  3
531629 6  3
531630 6  3
531631 6  3
531632 6  3
531633 6  3
531634 6  3
531635 6  3
531636 6  3
531637 6  3
531638 6  3
531639 6  3
531640 6  3
531641 6  3
531642 6  3
531643 6  3
531644 6  3
531645 6  3
531646 6  3
531647 6  3
531648 6  3
531649 6  3
531650 6  3
531651 6  3
531652 6  3
531653 6  3
531654 6  3
531655 6  3
531656 6  3
531657 6  3
531658 6  3
531659 6  3
531660 6  3
531661 6  3
531662 6  3
531663 6  3
531664 6  3
531665 6  3
531666 6  3
531667 6  3
531668 6  3
531669 6  3
531670 6  3
531671 6  3
531672 6  3
531673 6  3
531674 6  3
531675 6  3
531676 6  3
531677 6  3
531678 6  3
531679 6  3
531680 6  3
531681 6  3
531682 6  3
531683 6  3
531684 6  3
531685 6  3
531686 6  3
531687 6  3
531688 6  3
531689 6  3
531690 6  3
531691 6  3
531692 6  3
531693 6  3
531694 6  3
531695 6  3
531696 6  3
531697 6  3
531698 6  3
531699 6  3
531700 6  3
531701 6  3
531702 6  3
531703 6  3
531704 6  3
531705 6  3
531706 6  3
531707 6  3
531708 6  3
531709 6  3
531710 6  3
531711 6  3
531712 6  3
531713 6  3
531714 6  3
531715 6  3
531716 6  3
531717 6  3
531718 6  3
531719 6  3
531720 6  3
531721 6  3
531722 6  3
531723 6  3
531724 6  3
531725 6  3
531726 6  3
531727 6  3
531728 6  3
531729 6  3
531730 6  3
531731 6  3
531732 6  3
531733 6  3
531734 6  3
531735 6  3
531736 6  3
531737 6  3
531738 6  3
531739 6  3
531740 6  3
531741 6  3
531742 6  3
531743 6  3
531744 6  3
531745 6  3
531746 6  3
531747 6  3
531748 6  3
531749 6  3
531750 6  3
531751 6  3
531752 6  3
531753 6  3
531754 6  3
531755 6  3
531756 6  3
531757 6  3
531758 6  3
531759 6  3
531760 6  3
531761 6  3
531762 6  3
531763 6  3
531764 6  3
531765 6  3
531766 6  3
531767 6  3
531768 6  3
531769 6  3
531770 6  3
531771 6  3
531772 6  3
531773 6  3
531774 6  3
531775 6  3
531776 6  3
531777 6  3
531778 6  3
531779 6  3
531780 6  3
531781 6  3
531782 6  3
531783 6  3
531784 6  3
531785 6  3
531786 6  3
531787 6  3
531788 6  3
531789 6  3
531790 6  3
531791 6  3
531792 6  3
531793 6  3
531794 6  3
531795 6  3
531796 6  3
531797 6  3
531798 6  3
531799 6  3
531800 6  3
531801 6  3
531802 6  3
531803 6  3
531804 6  3
531805 6  3
531806 6  3
531807 6  3
531808 6  3
531809 6  3
531810 6  3
531811 6  3
531812 6  3
531813 6  3
531814 6  3
531815 6  3
531816 6  3
531817 6  3
531818 6  3
531819 6  3
531820 6  3
531821 6  3
531822 6  3
531823 6  3
531824 6  3
531825 6  3
531826 6  3
531827 6  3
531828 6  3
531829 6  3
531830 6  3
531831 6  3
531832 6  3
531833 6  3
531834 6  3
531835 6  3
531836 6  3
531837 6  3
531838 6  3
531839 6  3
531840 6  3
531841 6  3
531842 6  3
531843 6  3
531844 6  3
531845 6  3
531846 6  3
531847 6  3
531848 6  3
531849 6  3
531850 6  3
531851 6  3
531852 6  3
531853 6  3
531854 6  3
531855 6  3
531856 6  3
531857 6  3
531858 6  3
531859 6  3
531860 6  3
531861 6  3
531862 6  3
531863 6  3
531864 6  3
531865 6  3
531866 6  3
531867 6  3
531868 6  3
531869 6  3
531870 6  3
531871 6  3
531872 6  3
531873 6  3
531874 6  3
531875 6  3
531876 6  3
531877 6  3
531878 6  3
531879 6  3
531880 6  3
531881 6  3
531882 6  3
531883 6  3
531884 6  3
531885 6  3
531886 6  3
531887 6  3
531888 6  3
531889 6  3
531890 6  3
531891 6  3
531892 6  3
531893 6  3
531894 6  3
531895 6  3
531896 6  3
531897 6  3
531898 6  3
531899 6  3
531900 6  3
531901 6  3
531902 6  3
531903 6  3
531904 6  3
531905 6  3
531906 6  3
531907 6  3
531908 6  3
531909 6  3
531910 6  3
531911 6  3
531912 6  3
531913 6  3
531914 6  3
531915 6  3
531916 6  3
531917 6  3
531918 6  3
531919 6  3
531920 6  3
531921 6  3
531922 6  3
531923 6  3
531924 6  3
531925 6  3
531926 6  3
531927 6  3
531928 6  3
531929 6  3
531930 6  3
531931 6  3
531932 6  3
531933 6  3
531934 6  3
531935 6  3
531936 6  3
531937 6  3
531938 6  3
531939 6  3
531940 6  3
531941 6  3
531942 6  3
531943 6  3
531944 6  3
531945 6  3
531946 6  3
531947 6  3
531948 6  3
531949 6  3
531950 6  3
531951 6  3
531952 6  3
531953 6  3
531954 6  3
531955 6  3
531956 6  3
531957 6  3
531958 6  3
531959 6  3
531960 6  3
531961 6  3
531962 6  3
531963 6  3
531964 6  3
531965 6  3
531966 6  3
531967 6  3
531968 6  3
531969 6  3
531970 6  3
531971 6  3
531972 6  3
531973 6  3
531974 6  3
531975 6  3
531976 6  3
531977 6  3
531978 6  3
531979 6  3
531980 6  3
531981 6  3
531982 6  3
531983 6  3
531984 6  3
531985 6  3
531986 6  3
531987 6  3
531988 6  3
531989 6  3
531990 6  3
531991 6  3
531992 6  3
531993 6  3
531994 6  3
531995 6  3
531996 6  3
531997 6  3
531998 6  3
531999 6  3
532000 6  3
532001 6  3
532002 6  3
532003 6  3
532004 6  3
532005 6  3
532006 6  3
532007 6  3
532008 6  3
532009 6  3
532010 6  3
532011 6  3
532012 6  3
532013 6  3
532014 6  3
532015 6  3
532016 6  3
532017 6  3
532018 6  3
532019 6  3
532020 6  3
532021 6  3
532022 6  3
532023 6  3
532024 6  3
532025 6  3
532026 6  3
532027 6  3
532028 6  3
532029 6  3
532030 6  3
532031 6  3
532032 6  3
532033 6  3
532034 6  3
532035 6  3
532036 6  3
532037 6  3
532038 6  3
532039 6  3
532040 6  3
532041 6  3
532042 6  3
532043 6  3
532044 6  3
532045 6  3
532046 6  3
532047 6  3
532048 6  3
532049 6  3
532050 6  3
532051 6  3
532052 6  3
532053 6  3
532054 6  3
532055 6  3
532056 6  3
532057 6  3
532058 6  3
532059 6  3
532060 6  3
532061 6  3
532062 6  3
532063 6  3
532064 6  3
532065 6  3
532066 6  3
532067 6  3
532068 6  3
532069 6  3
532070 6  3
532071 6  3
532072 6  3
532073 6  3
532074 6  3
532075 6  3
532076 6  3
532077 6  3
532078 6  3
532079 6  3
532080 6  3
532081 6  3
532082 6  3
532083 6  3
532084 6  3
532085 6  3
532086 6  3
532087 6  3
532088 6  3
532089 6  3
532090 6  3
532091 6  3
532092 6  3
532093 6  3
532094 6  3
532095 6  3
532096 6  3
532097 6  3
532098 6  3
532099 6  3
532100 6  3
532101 6  3
532102 6  3
532103 6  3
532104 6  3
532105 6  3
532106 6  3
532107 6  3
532108 6  3
532109 6  3
532110 6  3
532111 6  3
532112 6  3
532113 6  3
532114 6  3
532115 6  3
532116 6  3
532117 6  3
532118 6  3
532119 6  3
532120 6  3
532121 6  3
532122 6  3
532123 6  3
532124 6  3
532125 6  3
532126 6  3
532127 6  3
532128 6  3
532129 6  3
532130 6  3
532131 6  3
532132 6  3
532133 6  3
532134 6  3
532135 6  3
532136 6  3
532137 6  3
532138 6  3
532139 6  3
532140 6  3
532141 6  3
532142 6  3
532143 6  3
532144 6  3
532145 6  3
532146 6  3
532147 6  3
532148 6  3
532149 6  3
532150 6  3
532151 6  3
532152 6  3
532153 6  3
532154 6  3
532155 6  3
532156 6  3
532157 6  3
532158 6  3
532159 6  3
532160 6  3
532161 6  3
532162 6  3
532163 6  3
532164 6  3
532165 6  3
532166 6  3
532167 6  3
532168 6  3
532169 6  3
532170 6  3
532171 6  3
532172 6  3
532173 6  3
532174 6  3
532175 6  3
532176 6  3
532177 6  3
532178 6  3
532179 6  3
532180 6  3
532181 6  3
532182 6  3
532183 6  3
532184 6  3
532185 6  3
532186 6  3
532187 6  3
532188 6  3
532189 6  3
532190 6  3
532191 6  3
532192 6  3
532193 6  3
532194 6  3
532195 6  3
532196 6  3
532197 6  3
532198 6  3
532199 6  3
532200 6  3
532201 6  3
532202 6  3
532203 6  3
532204 6  3
532205 6  3
532206 6  3
532207 6  3
532208 6  3
532209 6  3
532210 6  3
532211 6  3
532212 6  3
532213 6  3
532214 6  3
532215 6  3
532216 6  3
532217 6  3
532218 6  3
532219 6  3
532220 6  3
532221 6  3
532222 6  3
532223 6  3
532224 6  3
532225 6  3
532226 6  3
532227 6  3
532228 6  3
532229 6  3
532230 6  3
532231 6  3
532232 6  3
532233 6  3
532234 6  3
532235 6  3
532236 6  3
532237 6  3
532238 6  3
532239 6  3
532240 6  3
532241 6  3
532242 6  3
532243 6  3
532244 6  3
532245 6  3
532246 6  3
532247 6  3
532248 6  3
532249 6  3
532250 6  3
532251 6  3
532252 6  3
532253 6  3
532254 6  3
532255 6  3
532256 6  3
532257 6  3
532258 6  3
532259 6  3
532260 6  3
532261 6  3
532262 6  3
532263 6  3
532264 6  3
532265 6  3
532266 6  3
532267 6  3
532268 6  3
532269 6  3
532270 6  3
532271 6  3
532272 6  3
532273 6  3
532274 6  3
532275 6  3
532276 6  3
532277 6  3
532278 6  3
532279 6  3
532280 6  3
532281 6  3
532282 6  3
532283 6  3
532284 6  3
532285 6  3
532286 6  3
532287 6  3
532288 6  3
532289 6  3
532290 6  3
532291 6  3
532292 6  3
532293 6  3
532294 6  3
532295 6  3
532296 6  3
532297 6  3
532298 6  3
532299 6  3
532300 6  3
532301 6  3
532302 6  3
532303 6  3
532304 6  3
532305 6  3
532306 6  3
532307 6  3
532308 6  3
532309 6  3
532310 6  3
532311 6  3
532312 6  3
532313 6  3
532314 6  3
532315 6  3
532316 6  3
532317 6  3
532318 6  3
532319 6  3
532320 6  3
532321 6  3
532322 6  3
532323 6  3
532324 6  3
532325 6  3
532326 6  3
532327 6  3
532328 6  3
532329 6  3
532330 6  3
532331 6  3
532332 6  3
532333 6  3
532334 6  3
532335 6  3
532336 6  3
532337 6  3
532338 6  3
532339 6  3
532340 6  3
532341 6  3
532342 6  3
532343 6  3
532344 6  3
532345 6  3
532346 6  3
532347 6  3
532348 6  3
532349 6  3
532350 6  3
532351 6  3
532352 6  3
532353 6  3
532354 6  3
532355 6  3
532356 6  3
532357 6  3
532358 6  3
532359 6  3
532360 6  3
532361 6  3
532362 6  3
532363 6  3
532364 6  3
532365 6  3
532366 6  3
532367 6  3
532368 6  3
532369 6  3
532370 6  3
532371 6  3
532372 6  3
532373 6  3
532374 6  3
532375 6  3
532376 6  3
532377 6  3
532378 6  3
532379 6  3
532380 6  3
532381 6  3
532382 6  3
532383 6  3
532384 6  3
532385 6  3
532386 6  3
532387 6  3
532388 6  3
532389 6  3
532390 6  3
532391 6  3
532392 6  3
532393 6  3
532394 6  3
532395 6  3
532396 6  3
532397 6  3
532398 6  3
532399 6  3
532400 6  3
532401 6  3
532402 6  3
532403 6  3
532404 6  3
532405 6  3
532406 6  3
532407 6  3
532408 6  3
532409 6  3
532410 6  3
532411 6  3
532412 6  3
532413 6  3
532414 6  3
532415 6  3
532416 6  3
532417 6  3
532418 6  3
532419 6  3
532420 6  3
532421 6  3
532422 6  3
532423 6  3
532424 6  3
532425 6  3
532426 6  3
532427 6  3
532428 6  3
532429 6  3
532430 6  3
532431 6  3
532432 6  3
532433 6  3
532434 6  3
532435 6  3
532436 6  3
532437 6  3
532438 6  3
532439 6  3
532440 6  3
532441 6  3
532442 6  3
532443 6  3
532444 6  3
532445 6  3
532446 6  3
532447 6  3
532448 6  3
532449 6  3
532450 6  3
532451 6  3
532452 6  3
532453 6  3
532454 6  3
532455 6  3
532456 6  3
532457 6  3
532458 6  3
532459 6  3
532460 6  3
532461 6  3
532462 6  3
532463 6  3
532464 6  3
532465 6  3
532466 6  3
532467 6  3
532468 6  3
532469 6  3
532470 6  3
532471 6  3
532472 6  3
532473 6  3
532474 6  3
532475 6  3
532476 6  3
532477 6  3
532478 6  3
532479 6  3
532480 6  3
532481 6  3
532482 6  3
532483 6  3
532484 6  3
532485 6  3
532486 6  3
532487 6  3
532488 6  3
532489 6  3
532490 6  3
532491 6  3
532492 6  3
532493 6  3
532494 6  3
532495 6  3
532496 6  3
532497 6  3
532498 6  3
532499 6  3
532500 6  3
532501 6  3
532502 6  3
532503 6  3
532504 6  3
532505 6  3
532506 6  3
532507 6  3
532508 6  3
532509 6  3
532510 6  3
532511 6  3
532512 6  3
532513 6  3
532514 6  3
532515 6  3
532516 6  3
532517 6  3
532518 6  3
532519 6  3
532520 6  3
532521 6  3
532522 6  3
532523 6  3
532524 6  3
532525 6  3
532526 6  3
532527 6  3
532528 6  3
532529 6  3
532530 6  3
532531 6  3
532532 6  3
532533 6  3
532534 6  3
532535 6  3
532536 6  3
532537 6  3
532538 6  3
532539 6  3
532540 6  3
532541 6  3
532542 6  3
532543 6  3
532544 6  3
532545 6  3
532546 6  3
532547 6  3
532548 6  3
532549 6  3
532550 6  3
532551 6  3
532552 6  3
532553 6  3
532554 6  3
532555 6  3
532556 6  3
532557 6  3
532558 6  3
532559 6  3
532560 6  3
532561 6  3
532562 6  3
532563 6  3
532564 6  3
532565 6  3
532566 6  3
532567 6  3
532568 6  3
532569 6  3
532570 6  3
532571 6  3
532572 6  3
532573 6  3
532574 6  3
532575 6  3
532576 6  3
532577 6  3
532578 6  3
532579 6  3
532580 6  3
532581 6  3
532582 6  3
532583 6  3
532584 6  3
532585 6  3
532586 6  3
532587 6  3
532588 6  3
532589 6  3
532590 6  3
532591 6  3
532592 6  3
532593 6  3
532594 6  3
532595 6  3
532596 6  3
532597 6  3
532598 6  3
532599 6  3
532600 6  3
532601 6  3
532602 6  3
532603 6  3
532604 6  3
532605 6  3
532606 6  3
532607 6  3
532608 6  3
532609 6  3
532610 6  3
532611 6  3
532612 6  3
532613 6  3
532614 6  3
532615 6  3
532616 6  3
532617 6  3
532618 6  3
532619 6  3
532620 6  3
532621 6  3
532622 6  3
532623 6  3
532624 6  3
532625 6  3
532626 6  3
532627 6  3
532628 6  3
532629 6  3
532630 6  3
532631 6  3
532632 6  3
532633 6  3
532634 6  3
532635 6  3
532636 6  3
532637 6  3
532638 6  3
532639 6  3
532640 6  3
532641 6  3
532642 6  3
532643 6  3
532644 6  3
532645 6  3
532646 6  3
532647 6  3
532648 6  3
532649 6  3
532650 6  3
532651 6  3
532652 6  3
532653 6  3
532654 6  3
532655 6  3
532656 6  3
532657 6  3
532658 6  3
532659 6  3
532660 6  3
532661 6  3
532662 6  3
532663 6  3
532664 6  3
532665 6  3
532666 6  3
532667 6  3
532668 6  3
532669 6  3
532670 6  3
532671 6  3
532672 6  3
532673 6  3
532674 6  3
532675 6  3
532676 6  3
532677 6  3
532678 6  3
532679 6  3
532680 6  3
532681 6  3
532682 6  3
532683 6  3
532684 6  3
532685 6  3
532686 6  3
532687 6  3
532688 6  3
532689 6  3
532690 6  3
532691 6  3
532692 6  3
532693 6  3
532694 6  3
532695 6  3
532696 6  3
532697 6  3
532698 6  3
532699 6  3
532700 6  3
532701 6  3
532702 6  3
532703 6  3
532704 6  3
532705 6  3
532706 6  3
532707 6  3
532708 6  3
532709 6  3
532710 6  3
532711 6  3
532712 6  3
532713 6  3
532714 6  3
532715 6  3
532716 6  3
532717 6  3
532718 6  3
532719 6  3
532720 6  3
532721 6  3
532722 6  3
532723 6  3
532724 6  3
532725 6  3
532726 6  3
532727 6  3
532728 6  3
532729 6  3
532730 6  3
532731 6  3
532732 6  3
532733 6  3
532734 6  3
532735 6  3
532736 6  3
532737 6  3
532738 6  3
532739 6  3
532740 6  3
532741 6  3
532742 6  3
532743 6  3
532744 6  3
532745 6  3
532746 6  3
532747 6  3
532748 6  3
532749 6  3
532750 6  3
532751 6  3
532752 6  3
532753 6  3
532754 6  3
532755 6  3
532756 6  3
532757 6  3
532758 6  3
532759 6  3
532760 6  3
532761 6  3
532762 6  3
532763 6  3
532764 6  3
532765 6  3
532766 6  3
532767 6  3
532768 6  3
532769 6  3
532770 6  3
532771 6  3
532772 6  3
532773 6  3
532774 6  3
532775 6  3
532776 6  3
532777 6  3
532778 6  3
532779 6  3
532780 6  3
532781 6  3
532782 6  3
532783 6  3
532784 6  3
532785 6  3
532786 6  3
532787 6  3
532788 6  3
532789 6  3
532790 6  3
532791 6  3
532792 6  3
532793 6  3
532794 6  3
532795 6  3
532796 6  3
532797 6  3
532798 6  3
532799 6  3
532800 6  3
532801 6  3
532802 6  3
532803 6  3
532804 6  3
532805 6  3
532806 6  3
532807 6  3
532808 6  3
532809 6  3
532810 6  3
532811 6  3
532812 6  3
532813 6  3
532814 6  3
532815 6  3
532816 6  3
532817 6  3
532818 6  3
532819 6  3
532820 6  3
532821 6  3
532822 6  3
532823 6  3
532824 6  3
532825 6  3
532826 6  3
532827 6  3
532828 6  3
532829 6  3
532830 6  3
532831 6  3
532832 6  3
532833 6  3
532834 6  3
532835 6  3
532836 6  3
532837 6  3
532838 6  3
532839 6  3
532840 6  3
532841 6  3
532842 6  3
532843 6  3
532844 6  3
532845 6  3
532846 6  3
532847 6  3
532848 6  3
532849 6  3
532850 6  3
532851 6  3
532852 6  3
532853 6  3
532854 6  3
532855 6  3
532856 6  3
532857 6  3
532858 6  3
532859 6  3
532860 6  3
532861 6  3
532862 6  3
532863 6  3
532864 6  3
532865 6  3
532866 6  3
532867 6  3
532868 6  3
532869 6  3
532870 6  3
532871 6  3
532872 6  3
532873 6  3
532874 6  3
532875 6  3
532876 6  3
532877 6  3
532878 6  3
532879 6  3
532880 6  3
532881 6  3
532882 6  3
532883 6  3
532884 6  3
532885 6  3
532886 6  3
532887 6  3
532888 6  3
532889 6  3
532890 6  3
532891 6  3
532892 6  3
532893 6  3
532894 6  3
532895 6  3
532896 6  3
532897 6  3
532898 6  3
532899 6  3
532900 6  3
532901 6  3
532902 6  3
532903 6  3
532904 6  3
532905 6  3
532906 6  3
532907 6  3
532908 6  3
532909 6  3
532910 6  3
532911 6  3
532912 6  3
532913 6  3
532914 6  3
532915 6  3
532916 6  3
532917 6  3
532918 6  3
532919 6  3
532920 6  3
532921 6  3
532922 6  3
532923 6  3
532924 6  3
532925 6  3
532926 6  3
532927 6  3
532928 6  3
532929 6  3
532930 6  3
532931 6  3
532932 6  3
532933 6  3
532934 6  3
532935 6  3
532936 6  3
532937 6  3
532938 6  3
532939 6  3
532940 6  3
532941 6  3
532942 6  3
532943 6  3
532944 6  3
532945 6  3
532946 6  3
532947 6  3
532948 6  3
532949 6  3
532950 6  3
532951 6  3
532952 6  3
532953 6  3
532954 6  3
532955 6  3
532956 6  3
532957 6  3
532958 6  3
532959 6  3
532960 6  3
532961 6  3
532962 6  3
532963 6  3
532964 6  3
532965 6  3
532966 6  3
532967 6  3
532968 6  3
532969 6  3
532970 6  3
532971 6  3
532972 6  3
532973 6  3
532974 6  3
532975 6  3
532976 6  3
532977 6  3
532978 6  3
532979 6  3
532980 6  3
532981 6  3
532982 6  3
532983 6  3
532984 6  3
532985 6  3
532986 6  3
532987 6  3
532988 6  3
532989 6  3
532990 6  3
532991 6  3
532992 6  3
532993 6  3
532994 6  3
532995 6  3
532996 6  3
532997 6  3
532998 6  3
532999 6  3
533000 6  3
533001 6  3
533002 6  3
533003 6  3
533004 6  3
533005 6  3
533006 6  3
533007 6  3
533008 6  3
533009 6  3
533010 6  3
533011 6  3
533012 6  3
533013 6  3
533014 6  3
533015 6  3
533016 6  3
533017 6  3
533018 6  3
533019 6  3
533020 6  3
533021 6  3
533022 6  3
533023 6  3
533024 6  3
533025 6  3
533026 6  3
533027 6  3
533028 6  3
533029 6  3
533030 6  3
533031 6  3
533032 6  3
533033 6  3
533034 6  3
533035 6  3
533036 6  3
533037 6  3
533038 6  3
533039 6  3
533040 6  3
533041 6  3
533042 6  3
533043 6  3
533044 6  3
533045 6  3
533046 6  3
533047 6  3
533048 6  3
533049 6  3
533050 6  3
533051 6  3
533052 6  3
533053 6  3
533054 6  3
533055 6  3
533056 6  3
533057 6  3
533058 6  3
533059 6  3
533060 6  3
533061 6  3
533062 6  3
533063 6  3
533064 6  3
533065 6  3
533066 6  3
533067 6  3
533068 6  3
533069 6  3
533070 6  3
533071 6  3
533072 6  3
533073 6  3
533074 6  3
533075 6  3
533076 6  3
533077 6  3
533078 6  3
533079 6  3
533080 6  3
533081 6  3
533082 6  3
533083 6  3
533084 6  3
533085 6  3
533086 6  3
533087 6  3
533088 6  3
533089 6  3
533090 6  3
533091 6  3
533092 6  3
533093 6  3
533094 6  3
533095 6  3
533096 6  3
533097 6  3
533098 6  3
533099 6  3
533100 6  3
533101 6  3
533102 6  3
533103 6  3
533104 6  3
533105 6  3
533106 6  3
533107 6  3
533108 6  3
533109 6  3
533110 6  3
533111 6  3
533112 6  3
533113 6  3
533114 6  3
533115 6  3
533116 6  3
533117 6  3
533118 6  3
533119 6  3
533120 6  3
533121 6  3
533122 6  3
533123 6  3
533124 6  3
533125 6  3
533126 6  3
533127 6  3
533128 6  3
533129 6  3
533130 6  3
533131 6  3
533132 6  3
533133 6  3
533134 6  3
533135 6  3
533136 6  3
533137 6  3
533138 6  3
533139 6  3
533140 6  3
533141 6  3
533142 6  3
533143 6  3
533144 6  3
533145 6  3
533146 6  3
533147 6  3
533148 6  3
533149 6  3
533150 6  3
533151 6  3
533152 6  3
533153 6  3
533154 6  3
533155 6  3
533156 6  3
533157 6  3
533158 6  3
533159 6  3
533160 6  3
533161 6  3
533162 6  3
533163 6  3
533164 6  3
533165 6  3
533166 6  3
533167 6  3
533168 6  3
533169 6  3
533170 6  3
533171 6  3
533172 6  3
533173 6  3
533174 6  3
533175 6  3
533176 6  3
533177 6  3
533178 6  3
533179 6  3
533180 6  3
533181 6  3
533182 6  3
533183 6  3
533184 6  3
533185 6  3
533186 6  3
533187 6  3
533188 6  3
533189 6  3
533190 6  3
533191 6  3
533192 6  3
533193 6  3
533194 6  3
533195 6  3
533196 6  3
533197 6  3
533198 6  3
533199 6  3
533200 6  3
533201 6  3
533202 6  3
533203 6  3
533204 6  3
533205 6  3
533206 6  3
533207 6  3
533208 6  3
533209 6  3
533210 6  3
533211 6  3
533212 6  3
533213 6  3
533214 6  3
533215 6  3
533216 6  3
533217 6  3
533218 6  3
533219 6  3
533220 6  3
533221 6  3
533222 6  3
533223 6  3
533224 6  3
533225 6  3
533226 6  3
533227 6  3
533228 6  3
533229 6  3
533230 6  3
533231 6  3
533232 6  3
533233 6  3
533234 6  3
533235 6  3
533236 6  3
533237 6  3
533238 6  3
533239 6  3
533240 6  3
533241 6  3
533242 6  3
533243 6  3
533244 6  3
533245 6  3
533246 6  3
533247 6  3
533248 6  3
533249 6  3
533250 6  3
533251 6  3
533252 6  3
533253 6  3
533254 6  3
533255 6  3
533256 6  3
533257 6  3
533258 6  3
533259 6  3
533260 6  3
533261 6  3
533262 6  3
533263 6  3
533264 6  3
533265 6  3
533266 6  3
533267 6  3
533268 6  3
533269 6  3
533270 6  3
533271 6  3
533272 6  3
533273 6  3
533274 6  3
533275 6  3
533276 6  3
533277 6  3
533278 6  3
533279 6  3
533280 6  3
533281 6  3
533282 6  3
533283 6  3
533284 6  3
533285 6  3
533286 6  3
533287 6  3
533288 6  3
533289 6  3
533290 6  3
533291 6  3
533292 6  3
533293 6  3
533294 6  3
533295 6  3
533296 6  3
533297 6  3
533298 6  3
533299 6  3
533300 6  3
533301 6  3
533302 6  3
533303 6  3
533304 6  3
533305 6  3
533306 6  3
533307 6  3
533308 6  3
533309 6  3
533310 6  3
533311 6  3
533312 6  3
533313 6  3
533314 6  3
533315 6  3
533316 6  3
533317 6  3
533318 6  3
533319 6  3
533320 6  3
533321 6  3
533322 6  3
533323 6  3
533324 6  3
533325 6  3
533326 6  3
533327 6  3
533328 6  3
533329 6  3
533330 6  3
533331 6  3
533332 6  3
533333 6  3
533334 6  3
533335 6  3
533336 6  3
533337 6  3
533338 6  3
533339 6  3
533340 6  3
533341 6  3
533342 6  3
533343 6  3
533344 6  3
533345 6  3
533346 6  3
533347 6  3
533348 6  3
533349 6  3
533350 6  3
533351 6  3
533352 6  3
533353 6  3
533354 6  3
533355 6  3
533356 6  3
533357 6  3
533358 6  3
533359 6  3
533360 6  3
533361 6  3
533362 6  3
533363 6  3
533364 6  3
533365 6  3
533366 6  3
533367 6  3
533368 6  3
533369 6  3
533370 6  3
533371 6  3
533372 6  3
533373 6  3
533374 6  3
533375 6  3
533376 6  3
533377 6  3
533378 6  3
533379 6  3
533380 6  3
533381 6  3
533382 6  3
533383 6  3
533384 6  3
533385 6  3
533386 6  3
533387 6  3
533388 6  3
533389 6  3
533390 6  3
533391 6  3
533392 6  3
533393 6  3
533394 6  3
533395 6  3
533396 6  3
533397 6  3
533398 6  3
533399 6  3
533400 6  3
533401 6  3
533402 6  3
533403 6  3
533404 6  3
533405 6  3
533406 6  3
533407 6  3
533408 6  3
533409 6  3
533410 6  3
533411 6  3
533412 6  3
533413 6  3
533414 6  3
533415 6  3
533416 6  3
533417 6  3
533418 6  3
533419 6  3
533420 6  3
533421 6  3
533422 6  3
533423 6  3
533424 6  3
533425 6  3
533426 6  3
533427 6  3
533428 6  3
533429 6  3
533430 6  3
533431 6  3
533432 6  3
533433 6  3
533434 6  3
533435 6  3
533436 6  3
533437 6  3
533438 6  3
533439 6  3
533440 6  3
533441 6  3
533442 6  3
533443 6  3
533444 6  3
533445 6  3
533446 6  3
533447 6  3
533448 6  3
533449 6  3
533450 6  3
533451 6  3
533452 6  3
533453 6  3
533454 6  3
533455 6  3
533456 6  3
533457 6  3
533458 6  3
533459 6  3
533460 6  3
533461 6  3
533462 6  3
533463 6  3
533464 6  3
533465 6  3
533466 6  3
533467 6  3
533468 6  3
533469 6  3
533470 6  3
533471 6  3
533472 6  3
533473 6  3
533474 6  3
533475 6  3
533476 6  3
533477 6  3
533478 6  3
533479 6  3
533480 6  3
533481 6  3
533482 6  3
533483 6  3
533484 6  3
533485 6  3
533486 6  3
533487 6  3
533488 6  3
533489 6  3
533490 6  3
533491 6  3
533492 6  3
533493 6  3
533494 6  3
533495 6  3
533496 6  3
533497 6  3
533498 6  3
533499 6  3
533500 6  3
533501 6  3
533502 6  3
533503 6  3
533504 6  3
533505 6  3
533506 6  3
533507 6  3
533508 6  3
533509 6  3
533510 6  3
533511 6  3
533512 6  3
533513 6  3
533514 6  3
533515 6  3
533516 6  3
533517 6  3
533518 6  3
533519 6  3
533520 6  3
533521 6  3
533522 6  3
533523 6  3
533524 6  3
533525 6  3
533526 6  3
533527 6  3
533528 6  3
533529 6  3
533530 6  3
533531 6  3
533532 6  3
533533 6  3
533534 6  3
533535 6  3
533536 6  3
533537 6  3
533538 6  3
533539 6  3
533540 6  3
533541 6  3
533542 6  3
533543 6  3
533544 6  3
533545 6  3
533546 6  3
533547 6  3
533548 6  3
533549 6  3
533550 6  3
533551 6  3
533552 6  3
533553 6  3
533554 6  3
533555 6  3
533556 6  3
533557 6  3
533558 6  3
533559 6  3
533560 6  3
533561 6  3
533562 6  3
533563 6  3
533564 6  3
533565 6  3
533566 6  3
533567 6  3
533568 6  3
533569 6  3
533570 6  3
533571 6  3
533572 6  3
533573 6  3
533574 6  3
533575 6  3
533576 6  3
533577 6  3
533578 6  3
533579 6  3
533580 6  3
533581 6  3
533582 6  3
533583 6  3
533584 6  3
533585 6  3
533586 6  3
533587 6  3
533588 6  3
533589 6  3
533590 6  3
533591 6  3
533592 6  3
533593 6  3
533594 6  3
533595 6  3
533596 6  3
533597 6  3
533598 6  3
533599 6  3
533600 6  3
533601 6  3
533602 6  3
533603 6  3
533604 6  3
533605 6  3
533606 6  3
533607 6  3
533608 6  3
533609 6  3
533610 6  3
533611 6  3
533612 6  3
533613 6  3
533614 6  3
533615 6  3
533616 6  3
533617 6  3
533618 6  3
533619 6  3
533620 6  3
533621 6  3
533622 6  3
533623 6  3
533624 6  3
533625 6  3
533626 6  3
533627 6  3
533628 6  3
533629 6  3
533630 6  3
533631 6  3
533632 6  3
533633 6  3
533634 6  3
533635 6  3
533636 6  3
533637 6  3
533638 6  3
533639 6  3
533640 6  3
533641 6  3
533642 6  3
533643 6  3
533644 6  3
533645 6  3
533646 6  3
533647 6  3
533648 6  3
533649 6  3
533650 6  3
533651 6  3
533652 6  3
533653 6  3
533654 6  3
533655 6  3
533656 6  3
533657 6  3
533658 6  3
533659 6  3
533660 6  3
533661 6  3
533662 6  3
533663 6  3
533664 6  3
533665 6  3
533666 6  3
533667 6  3
533668 6  3
533669 6  3
533670 6  3
533671 6  3
533672 6  3
533673 6  3
533674 6  3
533675 6  3
533676 6  3
533677 6  3
533678 6  3
533679 6  3
533680 6  3
533681 6  3
533682 6  3
533683 6  3
533684 6  3
533685 6  3
533686 6  3
533687 6  3
533688 6  3
533689 6  3
533690 6  3
533691 6  3
533692 6  3
533693 6  3
533694 6  3
533695 6  3
533696 6  3
533697 6  3
533698 6  3
533699 6  3
533700 6  3
533701 6  3
533702 6  3
533703 6  3
533704 6  3
533705 6  3
533706 6  3
533707 6  3
533708 6  3
533709 6  3
533710 6  3
533711 6  3
533712 6  3
533713 6  3
533714 6  3
533715 6  3
533716 6  3
533717 6  3
533718 6  3
533719 6  3
533720 6  3
533721 6  3
533722 6  3
533723 6  3
533724 6  3
533725 6  3
533726 6  3
533727 6  3
533728 6  3
533729 6  3
533730 6  3
533731 6  3
533732 6  3
533733 6  3
533734 6  3
533735 6  3
533736 6  3
533737 6  3
533738 6  3
533739 6  3
533740 6  3
533741 6  3
533742 6  3
533743 6  3
533744 6  3
533745 6  3
533746 6  3
533747 6  3
533748 6  3
533749 6  3
533750 6  3
533751 6  3
533752 6  3
533753 6  3
533754 6  3
533755 6  3
533756 6  3
533757 6  3
533758 6  3
533759 6  3
533760 6  3
533761 6  3
533762 6  3
533763 6  3
533764 6  3
533765 6  3
533766 6  3
533767 6  3
533768 6  3
533769 6  3
533770 6  3
533771 6  3
533772 6  3
533773 6  3
533774 6  3
533775 6  3
533776 6  3
533777 6  3
533778 6  3
533779 6  3
533780 6  3
533781 6  3
533782 6  3
533783 6  3
533784 6  3
533785 6  3
533786 6  3
533787 6  3
533788 6  3
533789 6  3
533790 6  3
533791 6  3
533792 6  3
533793 6  3
533794 6  3
533795 6  3
533796 6  3
533797 6  3
533798 6  3
533799 6  3
533800 6  3
533801 6  3
533802 6  3
533803 6  3
533804 6  3
533805 6  3
533806 6  3
533807 6  3
533808 6  3
533809 6  3
533810 6  3
533811 6  3
533812 6  3
533813 6  3
533814 6  3
533815 6  3
533816 6  3
533817 6  3
533818 6  3
533819 6  3
533820 6  3
533821 6  3
533822 6  3
533823 6  3
533824 6  3
533825 6  3
533826 6  3
533827 6  3
533828 6  3
533829 6  3
533830 6  3
533831 6  3
533832 6  3
533833 6  3
533834 6  3
533835 6  3
533836 6  3
533837 6  3
533838 6  3
533839 6  3
533840 6  3
533841 6  3
533842 6  3
533843 6  3
533844 6  3
533845 6  3
533846 6  3
533847 6  3
533848 6  3
533849 6  3
533850 6  3
533851 6  3
533852 6  3
533853 6  3
533854 6  3
533855 6  3
533856 6  3
533857 6  3
533858 6  3
533859 6  3
533860 6  3
533861 6  3
533862 6  3
533863 6  3
533864 6  3
533865 6  3
533866 6  3
533867 6  3
533868 6  3
533869 6  3
533870 6  3
533871 6  3
533872 6  3
533873 6  3
533874 6  3
533875 6  3
533876 6  3
533877 6  3
533878 6  3
533879 6  3
533880 6  3
533881 6  3
533882 6  3
533883 6  3
533884 6  3
533885 6  3
533886 6  3
533887 6  3
533888 6  3
533889 6  3
533890 6  3
533891 6  3
533892 6  3
533893 6  3
533894 6  3
533895 6  3
533896 6  3
533897 6  3
533898 6  3
533899 6  3
533900 6  3
533901 6  3
533902 6  3
533903 6  3
533904 6  3
533905 6  3
533906 6  3
533907 6  3
533908 6  3
533909 6  3
533910 6  3
533911 6  3
533912 6  3
533913 6  3
533914 6  3
533915 6  3
533916 6  3
533917 6  3
533918 6  3
533919 6  3
533920 6  3
533921 6  3
533922 6  3
533923 6  3
533924 6  3
533925 6  3
533926 6  3
533927 6  3
533928 6  3
533929 6  3
533930 6  3
533931 6  3
533932 6  3
533933 6  3
533934 6  3
533935 6  3
533936 6  3
533937 6  3
533938 6  3
533939 6  3
533940 6  3
533941 6  3
533942 6  3
533943 6  3
533944 6  3
533945 6  3
533946 6  3
533947 6  3
533948 6  3
533949 6  3
533950 6  3
533951 6  3
533952 6  3
533953 6  3
533954 6  3
533955 6  3
533956 6  3
533957 6  3
533958 6  3
533959 6  3
533960 6  3
533961 6  3
533962 6  3
533963 6  3
533964 6  3
533965 6  3
533966 6  3
533967 6  3
533968 6  3
533969 6  3
533970 6  3
533971 6  3
533972 6  3
533973 6  3
533974 6  3
533975 6  3
533976 6  3
533977 6  3
533978 6  3
533979 6  3
533980 6  3
533981 6  3
533982 6  3
533983 6  3
533984 6  3
533985 6  3
533986 6  3
533987 6  3
533988 6  3
533989 6  3
533990 6  3
533991 6  3
533992 6  3
533993 6  3
533994 6  3
533995 6  3
533996 6  3
533997 6  3
533998 6  3
533999 6  3
534000 6  3
534001 6  3
534002 6  3
534003 6  3
534004 6  3
534005 6  3
534006 6  3
534007 6  3
534008 6  3
534009 6  3
534010 6  3
534011 6  3
534012 6  3
534013 6  3
534014 6  3
534015 6  3
534016 6  3
534017 6  3
534018 6  3
534019 6  3
534020 6  3
534021 6  3
534022 6  3
534023 6  3
534024 6  3
534025 6  3
534026 6  3
534027 6  3
534028 6  3
534029 6  3
534030 6  3
534031 6  3
534032 6  3
534033 6  3
534034 6  3
534035 6  3
534036 6  3
534037 6  3
534038 6  3
534039 6  3
534040 6  3
534041 6  3
534042 6  3
534043 6  3
534044 6  3
534045 6  3
534046 6  3
534047 6  3
534048 6  3
534049 6  3
534050 6  3
534051 6  3
534052 6  3
534053 6  3
534054 6  3
534055 6  3
534056 6  3
534057 6  3
534058 6  3
534059 6  3
534060 6  3
534061 6  3
534062 6  3
534063 6  3
534064 6  3
534065 6  3
534066 6  3
534067 6  3
534068 6  3
534069 6  3
534070 6  3
534071 6  3
534072 6  3
534073 6  3
534074 6  3
534075 6  3
534076 6  3
534077 6  3
534078 6  3
534079 6  3
534080 6  3
534081 6  3
534082 6  3
534083 6  3
534084 6  3
534085 6  3
534086 6  3
534087 6  3
534088 6  3
534089 6  3
534090 6  3
534091 6  3
534092 6  3
534093 6  3
534094 6  3
534095 6  3
534096 6  3
534097 6  3
534098 6  3
534099 6  3
534100 6  3
534101 6  3
534102 6  3
534103 6  3
534104 6  3
534105 6  3
534106 6  3
534107 6  3
534108 6  3
534109 6  3
534110 6  3
534111 6  3
534112 6  3
534113 6  3
534114 6  3
534115 6  3
534116 6  3
534117 6  3
534118 6  3
534119 6  3
534120 6  3
534121 6  3
534122 6  3
534123 6  3
534124 6  3
534125 6  3
534126 6  3
534127 6  3
534128 6  3
534129 6  3
534130 6  3
534131 6  3
534132 6  3
534133 6  3
534134 6  3
534135 6  3
534136 6  3
534137 6  3
534138 6  3
534139 6  3
534140 6  3
534141 6  3
534142 6  3
534143 6  3
534144 6  3
534145 6  3
534146 6  3
534147 6  3
534148 6  3
534149 6  3
534150 6  3
534151 6  3
534152 6  3
534153 6  3
534154 6  3
534155 6  3
534156 6  3
534157 6  3
534158 6  3
534159 6  3
534160 6  3
534161 6  3
534162 6  3
534163 6  3
534164 6  3
534165 6  3
534166 6  3
534167 6  3
534168 6  3
534169 6  3
534170 6  3
534171 6  3
534172 6  3
534173 6  3
534174 6  3
534175 6  3
534176 6  3
534177 6  3
534178 6  3
534179 6  3
534180 6  3
534181 6  3
534182 6  3
534183 6  3
534184 6  3
534185 6  3
534186 6  3
534187 6  3
534188 6  3
534189 6  3
534190 6  3
534191 6  3
534192 6  3
534193 6  3
534194 6  3
534195 6  3
534196 6  3
534197 6  3
534198 6  3
534199 6  3
534200 6  3
534201 6  3
534202 6  3
534203 6  3
534204 6  3
534205 6  3
534206 6  3
534207 6  3
534208 6  3
534209 6  3
534210 6  3
534211 6  3
534212 6  3
534213 6  3
534214 6  3
534215 6  3
534216 6  3
534217 6  3
534218 6  3
534219 6  3
534220 6  3
534221 6  3
534222 6  3
534223 6  3
534224 6  3
534225 6  3
534226 6  3
534227 6  3
534228 6  3
534229 6  3
534230 6  3
534231 6  3
534232 6  3
534233 6  3
534234 6  3
534235 6  3
534236 6  3
534237 6  3
534238 6  3
534239 6  3
534240 6  3
534241 6  3
534242 6  3
534243 6  3
534244 6  3
534245 6  3
534246 6  3
534247 6  3
534248 6  3
534249 6  3
534250 6  3
534251 6  3
534252 6  3
534253 6  3
534254 6  3
534255 6  3
534256 6  3
534257 6  3
534258 6  3
534259 6  3
534260 6  3
534261 6  3
534262 6  3
534263 6  3
534264 6  3
534265 6  3
534266 6  3
534267 6  3
534268 6  3
534269 6  3
534270 6  3
534271 6  3
534272 6  3
534273 6  3
534274 6  3
534275 6  3
534276 6  3
534277 6  3
534278 6  3
534279 6  3
534280 6  3
534281 6  3
534282 6  3
534283 6  3
534284 6  3
534285 6  3
534286 6  3
534287 6  3
534288 6  3
534289 6  3
534290 6  3
534291 6  3
534292 6  3
534293 6  3
534294 6  3
534295 6  3
534296 6  3
534297 6  3
534298 6  3
534299 6  3
534300 6  3
534301 6  3
534302 6  3
534303 6  3
534304 6  3
534305 6  3
534306 6  3
534307 6  3
534308 6  3
534309 6  3
534310 6  3
534311 6  3
534312 6  3
534313 6  3
534314 6  3
534315 6  3
534316 6  3
534317 6  3
534318 6  3
534319 6  3
534320 6  3
534321 6  3
534322 6  3
534323 6  3
534324 6  3
534325 6  3
534326 6  3
534327 6  3
534328 6  3
534329 6  3
534330 6  3
534331 6  3
534332 6  3
534333 6  3
534334 6  3
534335 6  3
534336 6  3
534337 6  3
534338 6  3
534339 6  3
534340 6  3
534341 6  3
534342 6  3
534343 6  3
534344 6  3
534345 6  3
534346 6  3
534347 6  3
534348 6  3
534349 6  3
534350 6  3
534351 6  3
534352 6  3
534353 6  3
534354 6  3
534355 6  3
534356 6  3
534357 6  3
534358 6  3
534359 6  3
534360 6  3
534361 6  3
534362 6  3
534363 6  3
534364 6  3
534365 6  3
534366 6  3
534367 6  3
534368 6  3
534369 6  3
534370 6  3
534371 6  3
534372 6  3
534373 6  3
534374 6  3
534375 6  3
534376 6  3
534377 6  3
534378 6  3
534379 6  3
534380 6  3
534381 6  3
534382 6  3
534383 6  3
534384 6  3
534385 6  3
534386 6  3
534387 6  3
534388 6  3
534389 6  3
534390 6  3
534391 6  3
534392 6  3
534393 6  3
534394 6  3
534395 6  3
534396 6  3
534397 6  3
534398 6  3
534399 6  3
534400 6  3
534401 6  3
534402 6  3
534403 6  3
534404 6  3
534405 6  3
534406 6  3
534407 6  3
534408 6  3
534409 6  3
534410 6  3
534411 6  3
534412 6  3
534413 6  3
534414 6  3
534415 6  3
534416 6  3
534417 6  3
534418 6  3
534419 6  3
534420 6  3
534421 6  3
534422 6  3
534423 6  3
534424 6  3
534425 6  3
534426 6  3
534427 6  3
534428 6  3
534429 6  3
534430 6  3
534431 6  3
534432 6  3
534433 6  3
534434 6  3
534435 6  3
534436 6  3
534437 6  3
534438 6  3
534439 6  3
534440 6  3
534441 6  3
534442 6  3
534443 6  3
534444 6  3
534445 6  3
534446 6  3
534447 6  3
534448 6  3
534449 6  3
534450 6  3
534451 6  3
534452 6  3
534453 6  3
534454 6  3
534455 6  3
534456 6  3
534457 6  3
534458 6  3
534459 6  3
534460 6  3
534461 6  3
534462 6  3
534463 6  3
534464 6  3
534465 6  3
534466 6  3
534467 6  3
534468 6  3
534469 6  3
534470 6  3
534471 6  3
534472 6  3
534473 6  3
534474 6  3
534475 6  3
534476 6  3
534477 6  3
534478 6  3
534479 6  3
534480 6  3
534481 6  3
534482 6  3
534483 6  3
534484 6  3
534485 6  3
534486 6  3
534487 6  3
534488 6  3
534489 6  3
534490 6  3
534491 6  3
534492 6  3
534493 6  3
534494 6  3
534495 6  3
534496 6  3
534497 6  3
534498 6  3
534499 6  3
534500 6  3
534501 6  3
534502 6  3
534503 6  3
534504 6  3
534505 6  3
534506 6  3
534507 6  3
534508 6  3
534509 6  3
534510 6  3
534511 6  3
534512 6  3
534513 6  3
534514 6  3
534515 6  3
534516 6  3
534517 6  3
534518 6  3
534519 6  3
534520 6  3
534521 6  3
534522 6  3
534523 6  3
534524 6  3
534525 6  3
534526 6  3
534527 6  3
534528 6  3
534529 6  3
534530 6  3
534531 6  3
534532 6  3
534533 6  3
534534 6  3
534535 6  3
534536 6  3
534537 6  3
534538 6  3
534539 6  3
534540 6  3
534541 6  3
534542 6  3
534543 6  3
534544 6  3
534545 6  3
534546 6  3
534547 6  3
534548 6  3
534549 6  3
534550 6  3
534551 6  3
534552 6  3
534553 6  3
534554 6  3
534555 6  3
534556 6  3
534557 6  3
534558 6  3
534559 6  3
534560 6  3
534561 6  3
534562 6  3
534563 6  3
534564 6  3
534565 6  3
534566 6  3
534567 6  3
534568 6  3
534569 6  3
534570 6  3
534571 6  3
534572 6  3
534573 6  3
534574 6  3
534575 6  3
534576 6  3
534577 6  3
534578 6  3
534579 6  3
534580 6  3
534581 6  3
534582 6  3
534583 6  3
534584 6  3
534585 6  3
534586 6  3
534587 6  3
534588 6  3
534589 6  3
534590 6  3
534591 6  3
534592 6  3
534593 6  3
534594 6  3
534595 6  3
534596 6  3
534597 6  3
534598 6  3
534599 6  3
534600 6  3
534601 6  3
534602 6  3
534603 6  3
534604 6  3
534605 6  3
534606 6  3
534607 6  3
534608 6  3
534609 6  3
534610 6  3
534611 6  3
534612 6  3
534613 6  3
534614 6  3
534615 6  3
534616 6  3
534617 6  3
534618 6  3
534619 6  3
534620 6  3
534621 6  3
534622 6  3
534623 6  3
534624 6  3
534625 6  3
534626 6  3
534627 6  3
534628 6  3
534629 6  3
534630 6  3
534631 6  3
534632 6  3
534633 6  3
534634 6  3
534635 6  3
534636 6  3
534637 6  3
534638 6  3
534639 6  3
534640 6  3
534641 6  3
534642 6  3
534643 6  3
534644 6  3
534645 6  3
534646 6  3
534647 6  3
534648 6  3
534649 6  3
534650 6  3
534651 6  3
534652 6  3
534653 6  3
534654 6  3
534655 6  3
534656 6  3
534657 6  3
534658 6  3
534659 6  3
534660 6  3
534661 6  3
534662 6  3
534663 6  3
534664 6  3
534665 6  3
534666 6  3
534667 6  3
534668 6  3
534669 6  3
534670 6  3
534671 6  3
534672 6  3
534673 6  3
534674 6  3
534675 6  3
534676 6  3
534677 6  3
534678 6  3
534679 6  3
534680 6  3
534681 6  3
534682 6  3
534683 6  3
534684 6  3
534685 6  3
534686 6  3
534687 6  3
534688 6  3
534689 6  3
534690 6  3
534691 6  3
534692 6  3
534693 6  3
534694 6  3
534695 6  3
534696 6  3
534697 6  3
534698 6  3
534699 6  3
534700 6  3
534701 6  3
534702 6  3
534703 6  3
534704 6  3
534705 6  3
534706 6  3
534707 6  3
534708 6  3
534709 6  3
534710 6  3
534711 6  3
534712 6  3
534713 6  3
534714 6  3
534715 6  3
534716 6  3
534717 6  3
534718 6  3
534719 6  3
534720 6  3
534721 6  3
534722 6  3
534723 6  3
534724 6  3
534725 6  3
534726 6  3
534727 6  3
534728 6  3
534729 6  3
534730 6  3
534731 6  3
534732 6  3
534733 6  3
534734 6  3
534735 6  3
534736 6  3
534737 6  3
534738 6  3
534739 6  3
534740 6  3
534741 6  3
534742 6  3
534743 6  3
534744 6  3
534745 6  3
534746 6  3
534747 6  3
534748 6  3
534749 6  3
534750 6  3
534751 6  3
534752 6  3
534753 6  3
534754 6  3
534755 6  3
534756 6  3
534757 6  3
534758 6  3
534759 6  3
534760 6  3
534761 6  3
534762 6  3
534763 6  3
534764 6  3
534765 6  3
534766 6  3
534767 6  3
534768 6  3
534769 6  3
534770 6  3
534771 6  3
534772 6  3
534773 6  3
534774 6  3
534775 6  3
534776 6  3
534777 6  3
534778 6  3
534779 6  3
534780 6  3
534781 6  3
534782 6  3
534783 6  3
534784 6  3
534785 6  3
534786 6  3
534787 6  3
534788 6  3
534789 6  3
534790 6  3
534791 6  3
534792 6  3
534793 6  3
534794 6  3
534795 6  3
534796 6  3
534797 6  3
534798 6  3
534799 6  3
534800 6  3
534801 6  3
534802 6  3
534803 6  3
534804 6  3
534805 6  3
534806 6  3
534807 6  3
534808 6  3
534809 6  3
534810 6  3
534811 6  3
534812 6  3
534813 6  3
534814 6  3
534815 6  3
534816 6  3
534817 6  3
534818 6  3
534819 6  3
534820 6  3
534821 6  3
534822 6  3
534823 6  3
534824 6  3
534825 6  3
534826 6  3
534827 6  3
534828 6  3
534829 6  3
534830 6  3
534831 6  3
534832 6  3
534833 6  3
534834 6  3
534835 6  3
534836 6  3
534837 6  3
534838 6  3
534839 6  3
534840 6  3
534841 6  3
534842 6  3
534843 6  3
534844 6  3
534845 6  3
534846 6  3
534847 6  3
534848 6  3
534849 6  3
534850 6  3
534851 6  3
534852 6  3
534853 6  3
534854 6  3
534855 6  3
534856 6  3
534857 6  3
534858 6  3
534859 6  3
534860 6  3
534861 6  3
534862 6  3
534863 6  3
534864 6  3
534865 6  3
534866 6  3
534867 6  3
534868 6  3
534869 6  3
534870 6  3
534871 6  3
534872 6  3
534873 6  3
534874 6  3
534875 6  3
534876 6  3
534877 6  3
534878 6  3
534879 6  3
534880 6  3
534881 6  3
534882 6  3
534883 6  3
534884 6  3
534885 6  3
534886 6  3
534887 6  3
534888 6  3
534889 6  3
534890 6  3
534891 6  3
534892 6  3
534893 6  3
534894 6  3
534895 6  3
534896 6  3
534897 6  3
534898 6  3
534899 6  3
534900 6  3
534901 6  3
534902 6  3
534903 6  3
534904 6  3
534905 6  3
534906 6  3
534907 6  3
534908 6  3
534909 6  3
534910 6  3
534911 6  3
534912 6  3
534913 6  3
534914 6  3
534915 6  3
534916 6  3
534917 6  3
534918 6  3
534919 6  3
534920 6  3
534921 6  3
534922 6  3
534923 6  3
534924 6  3
534925 6  3
534926 6  3
534927 6  3
534928 6  3
534929 6  3
534930 6  3
534931 6  3
534932 6  3
534933 6  3
534934 6  3
534935 6  3
534936 6  3
534937 6  3
534938 6  3
534939 6  3
534940 6  3
534941 6  3
534942 6  3
534943 6  3
534944 6  3
534945 6  3
534946 6  3
534947 6  3
534948 6  3
534949 6  3
534950 6  3
534951 6  3
534952 6  3
534953 6  3
534954 6  3
534955 6  3
534956 6  3
534957 6  3
534958 6  3
534959 6  3
534960 6  3
534961 6  3
534962 6  3
534963 6  3
534964 6  3
534965 6  3
534966 6  3
534967 6  3
534968 6  3
534969 6  3
534970 6  3
534971 6  3
534972 6  3
534973 6  3
534974 6  3
534975 6  3
534976 6  3
534977 6  3
534978 6  3
534979 6  3
534980 6  3
534981 6  3
534982 6  3
534983 6  3
534984 6  3
534985 6  3
534986 6  3
534987 6  3
534988 6  3
534989 6  3
534990 6  3
534991 6  3
534992 6  3
534993 6  3
534994 6  3
534995 6  3
534996 6  3
534997 6  3
534998 6  3
534999 6  3
535000 6  3
535001 6  3
535002 6  3
535003 6  3
535004 6  3
535005 6  3
535006 6  3
535007 6  3
535008 6  3
535009 6  3
535010 6  3
535011 6  3
535012 6  3
535013 6  3
535014 6  3
535015 6  3
535016 6  3
535017 6  3
535018 6  3
535019 6  3
535020 6  3
535021 6  3
535022 6  3
535023 6  3
535024 6  3
535025 6  3
535026 6  3
535027 6  3
535028 6  3
535029 6  3
535030 6  3
535031 6  3
535032 6  3
535033 6  3
535034 6  3
535035 6  3
535036 6  3
535037 6  3
535038 6  3
535039 6  3
535040 6  3
535041 6  3
535042 6  3
535043 6  3
535044 6  3
535045 6  3
535046 6  3
535047 6  3
535048 6  3
535049 6  3
535050 6  3
535051 6  3
535052 6  3
535053 6  3
535054 6  3
535055 6  3
535056 6  3
535057 6  3
535058 6  3
535059 6  3
535060 6  3
535061 6  3
535062 6  3
535063 6  3
535064 6  3
535065 6  3
535066 6  3
535067 6  3
535068 6  3
535069 6  3
535070 6  3
535071 6  3
535072 6  3
535073 6  3
535074 6  3
535075 6  3
535076 6  3
535077 6  3
535078 6  3
535079 6  3
535080 6  3
535081 6  3
535082 6  3
535083 6  3
535084 6  3
535085 6  3
535086 6  3
535087 6  3
535088 6  3
535089 6  3
535090 6  3
535091 6  3
535092 6  3
535093 6  3
535094 6  3
535095 6  3
535096 6  3
535097 6  3
535098 6  3
535099 6  3
535100 6  3
535101 6  3
535102 6  3
535103 6  3
535104 6  3
535105 6  3
535106 6  3
535107 6  3
535108 6  3
535109 6  3
535110 6  3
535111 6  3
535112 6  3
535113 6  3
535114 6  3
535115 6  3
535116 6  3
535117 6  3
535118 6  3
535119 6  3
535120 6  3
535121 6  3
535122 6  3
535123 6  3
535124 6  3
535125 6  3
535126 6  3
535127 6  3
535128 6  3
535129 6  3
535130 6  3
535131 6  3
535132 6  3
535133 6  3
535134 6  3
535135 6  3
535136 6  3
535137 6  3
535138 6  3
535139 6  3
535140 6  3
535141 6  3
535142 6  3
535143 6  3
535144 6  3
535145 6  3
535146 6  3
535147 6  3
535148 6  3
535149 6  3
535150 6  3
535151 6  3
535152 6  3
535153 6  3
535154 6  3
535155 6  3
535156 6  3
535157 6  3
535158 6  3
535159 6  3
535160 6  3
535161 6  3
535162 6  3
535163 6  3
535164 6  3
535165 6  3
535166 6  3
535167 6  3
535168 6  3
535169 6  3
535170 6  3
535171 6  3
535172 6  3
535173 6  3
535174 6  3
535175 6  3
535176 6  3
535177 6  3
535178 6  3
535179 6  3
535180 6  3
535181 6  3
535182 6  3
535183 6  3
535184 6  3
535185 6  3
535186 6  3
535187 6  3
535188 6  3
535189 6  3
535190 6  3
535191 6  3
535192 6  3
535193 6  3
535194 6  3
535195 6  3
535196 6  3
535197 6  3
535198 6  3
535199 6  3
535200 6  3
535201 6  3
535202 6  3
535203 6  3
535204 6  3
535205 6  3
535206 6  3
535207 6  3
535208 6  3
535209 6  3
535210 6  3
535211 6  3
535212 6  3
535213 6  3
535214 6  3
535215 6  3
535216 6  3
535217 6  3
535218 6  3
535219 6  3
535220 6  3
535221 6  3
535222 6  3
535223 6  3
535224 6  3
535225 6  3
535226 6  3
535227 6  3
535228 6  3
535229 6  3
535230 6  3
535231 6  3
535232 6  3
535233 6  3
535234 6  3
535235 6  3
535236 6  3
535237 6  3
535238 6  3
535239 6  3
535240 6  3
535241 6  3
535242 6  3
535243 6  3
535244 6  3
535245 6  3
535246 6  3
535247 6  3
535248 6  3
535249 6  3
535250 6  3
535251 6  3
535252 6  3
535253 6  3
535254 6  3
535255 6  3
535256 6  3
535257 6  3
535258 6  3
535259 6  3
535260 6  3
535261 6  3
535262 6  3
535263 6  3
535264 6  3
535265 6  3
535266 6  3
535267 6  3
535268 6  3
535269 6  3
535270 6  3
535271 6  3
535272 6  3
535273 6  3
535274 6  3
535275 6  3
535276 6  3
535277 6  3
535278 6  3
535279 6  3
535280 6  3
535281 6  3
535282 6  3
535283 6  3
535284 6  3
535285 6  3
535286 6  3
535287 6  3
535288 6  3
535289 6  3
535290 6  3
535291 6  3
535292 6  3
535293 6  3
535294 6  3
535295 6  3
535296 6  3
535297 6  3
535298 6  3
535299 6  3
535300 6  3
535301 6  3
535302 6  3
535303 6  3
535304 6  3
535305 6  3
535306 6  3
535307 6  3
535308 6  3
535309 6  3
535310 6  3
535311 6  3
535312 6  3
535313 6  3
535314 6  3
535315 6  3
535316 6  3
535317 6  3
535318 6  3
535319 6  3
535320 6  3
535321 6  3
535322 6  3
535323 6  3
535324 6  3
535325 6  3
535326 6  3
535327 6  3
535328 6  3
535329 6  3
535330 6  3
535331 6  3
535332 6  3
535333 6  3
535334 6  3
535335 6  3
535336 6  3
535337 6  3
535338 6  3
535339 6  3
535340 6  3
535341 6  3
535342 6  3
535343 6  3
535344 6  3
535345 6  3
535346 6  3
535347 6  3
535348 6  3
535349 6  3
535350 6  3
535351 6  3
535352 6  3
535353 6  3
535354 6  3
535355 6  3
535356 6  3
535357 6  3
535358 6  3
535359 6  3
535360 6  3
535361 6  3
535362 6  3
535363 6  3
535364 6  3
535365 6  3
535366 6  3
535367 6  3
535368 6  3
535369 6  3
535370 6  3
535371 6  3
535372 6  3
535373 6  3
535374 6  3
535375 6  3
535376 6  3
535377 6  3
535378 6  3
535379 6  3
535380 6  3
535381 6  3
535382 6  3
535383 6  3
535384 6  3
535385 6  3
535386 6  3
535387 6  3
535388 6  3
535389 6  3
535390 6  3
535391 6  3
535392 6  3
535393 6  3
535394 6  3
535395 6  3
535396 6  3
535397 6  3
535398 6  3
535399 6  3
535400 6  3
535401 6  3
535402 6  3
535403 6  3
535404 6  3
535405 6  3
535406 6  3
535407 6  3
535408 6  3
535409 6  3
535410 6  3
535411 6  3
535412 6  3
535413 6  3
535414 6  3
535415 6  3
535416 6  3
535417 6  3
535418 6  3
535419 6  3
535420 6  3
535421 6  3
535422 6  3
535423 6  3
535424 6  3
535425 6  3
535426 6  3
535427 6  3
535428 6  3
535429 6  3
535430 6  3
535431 6  3
535432 6  3
535433 6  3
535434 6  3
535435 6  3
535436 6  3
535437 6  3
535438 6  3
535439 6  3
535440 6  3
535441 6  3
535442 6  3
535443 6  3
535444 6  3
535445 6  3
535446 6  3
535447 6  3
535448 6  3
535449 6  3
535450 6  3
535451 6  3
535452 6  3
535453 6  3
535454 6  3
535455 6  3
535456 6  3
535457 6  3
535458 6  3
535459 6  3
535460 6  3
535461 6  3
535462 6  3
535463 6  3
535464 6  3
535465 6  3
535466 6  3
535467 6  3
535468 6  3
535469 6  3
535470 6  3
535471 6  3
535472 6  3
535473 6  3
535474 6  3
535475 6  3
535476 6  3
535477 6  3
535478 6  3
535479 6  3
535480 6  3
535481 6  3
535482 6  3
535483 6  3
535484 6  3
535485 6  3
535486 6  3
535487 6  3
535488 6  3
535489 6  3
535490 6  3
535491 6  3
535492 6  3
535493 6  3
535494 6  3
535495 6  3
535496 6  3
535497 6  3
535498 6  3
535499 6  3
535500 6  3
535501 6  3
535502 6  3
535503 6  3
535504 6  3
535505 6  3
535506 6  3
535507 6  3
535508 6  3
535509 6  3
535510 6  3
535511 6  3
535512 6  3
535513 6  3
535514 6  3
535515 6  3
535516 6  3
535517 6  3
535518 6  3
535519 6  3
535520 6  3
535521 6  3
535522 6  3
535523 6  3
535524 6  3
535525 6  3
535526 6  3
535527 6  3
535528 6  3
535529 6  3
535530 6  3
535531 6  3
535532 6  3
535533 6  3
535534 6  3
535535 6  3
535536 6  3
535537 6  3
535538 6  3
535539 6  3
535540 6  3
535541 6  3
535542 6  3
535543 6  3
535544 6  3
535545 6  3
535546 6  3
535547 6  3
535548 6  3
535549 6  3
535550 6  3
535551 6  3
535552 6  3
535553 6  3
535554 6  3
535555 6  3
535556 6  3
535557 6  3
535558 6  3
535559 6  3
535560 6  3
535561 6  3
535562 6  3
535563 6  3
535564 6  3
535565 6  3
535566 6  3
535567 6  3
535568 6  3
535569 6  3
535570 6  3
535571 6  3
535572 6  3
535573 6  3
535574 6  3
535575 6  3
535576 6  3
535577 6  3
535578 6  3
535579 6  3
535580 6  3
535581 6  3
535582 6  3
535583 6  3
535584 6  3
535585 6  3
535586 6  3
535587 6  3
535588 6  3
535589 6  3
535590 6  3
535591 6  3
535592 6  3
535593 6  3
535594 6  3
535595 6  3
535596 6  3
535597 6  3
535598 6  3
535599 6  3
535600 6  3
535601 6  3
535602 6  3
535603 6  3
535604 6  3
535605 6  3
535606 6  3
535607 6  3
535608 6  3
535609 6  3
535610 6  3
535611 6  3
535612 6  3
535613 6  3
535614 6  3
535615 6  3
535616 6  3
535617 6  3
535618 6  3
535619 6  3
535620 6  3
535621 6  3
535622 6  3
535623 6  3
535624 6  3
535625 6  3
535626 6  3
535627 6  3
535628 6  3
535629 6  3
535630 6  3
535631 6  3
535632 6  3
535633 6  3
535634 6  3
535635 6  3
535636 6  3
535637 6  3
535638 6  3
535639 6  3
535640 6  3
535641 6  3
535642 6  3
535643 6  3
535644 6  3
535645 6  3
535646 6  3
535647 6  3
535648 6  3
535649 6  3
535650 6  3
535651 6  3
535652 6  3
535653 6  3
535654 6  3
535655 6  3
535656 6  3
535657 6  3
535658 6  3
535659 6  3
535660 6  3
535661 6  3
535662 6  3
535663 6  3
535664 6  3
535665 6  3
535666 6  3
535667 6  3
535668 6  3
535669 6  3
535670 6  3
535671 6  3
535672 6  3
535673 6  3
535674 6  3
535675 6  3
535676 6  3
535677 6  3
535678 6  3
535679 6  3
535680 6  3
535681 6  3
535682 6  3
535683 6  3
535684 6  3
535685 6  3
535686 6  3
535687 6  3
535688 6  3
535689 6  3
535690 6  3
535691 6  3
535692 6  3
535693 6  3
535694 6  3
535695 6  3
535696 6  3
535697 6  3
535698 6  3
535699 6  3
535700 6  3
535701 6  3
535702 6  3
535703 6  3
535704 6  3
535705 6  3
535706 6  3
535707 6  3
535708 6  3
535709 6  3
535710 6  3
535711 6  3
535712 6  3
535713 6  3
535714 6  3
535715 6  3
535716 6  3
535717 6  3
535718 6  3
535719 6  3
535720 6  3
535721 6  3
535722 6  3
535723 6  3
535724 6  3
535725 6  3
535726 6  3
535727 6  3
535728 6  3
535729 6  3
535730 6  3
535731 6  3
535732 6  3
535733 6  3
535734 6  3
535735 6  3
535736 6  3
535737 6  3
535738 6  3
535739 6  3
535740 6  3
535741 6  3
535742 6  3
535743 6  3
535744 6  3
535745 6  3
535746 6  3
535747 6  3
535748 6  3
535749 6  3
535750 6  3
535751 6  3
535752 6  3
535753 6  3
535754 6  3
535755 6  3
535756 6  3
535757 6  3
535758 6  3
535759 6  3
535760 6  3
535761 6  3
535762 6  3
535763 6  3
535764 6  3
535765 6  3
535766 6  3
535767 6  3
535768 6  3
535769 6  3
535770 6  3
535771 6  3
535772 6  3
535773 6  3
535774 6  3
535775 6  3
535776 6  3
535777 6  3
535778 6  3
535779 6  3
535780 6  3
535781 6  3
535782 6  3
535783 6  3
535784 6  3
535785 6  3
535786 6  3
535787 6  3
535788 6  3
535789 6  3
535790 6  3
535791 6  3
535792 6  3
535793 6  3
535794 6  3
535795 6  3
535796 6  3
535797 6  3
535798 6  3
535799 6  3
535800 6  3
535801 6  3
535802 6  3
535803 6  3
535804 6  3
535805 6  3
535806 6  3
535807 6  3
535808 6  3
535809 6  3
535810 6  3
535811 6  3
535812 6  3
535813 6  3
535814 6  3
535815 6  3
535816 6  3
535817 6  3
535818 6  3
535819 6  3
535820 6  3
535821 6  3
535822 6  3
535823 6  3
535824 6  3
535825 6  3
535826 6  3
535827 6  3
535828 6  3
535829 6  3
535830 6  3
535831 6  3
535832 6  3
535833 6  3
535834 6  3
535835 6  3
535836 6  3
535837 6  3
535838 6  3
535839 6  3
535840 6  3
535841 6  3
535842 6  3
535843 6  3
535844 6  3
535845 6  3
535846 6  3
535847 6  3
535848 6  3
535849 6  3
535850 6  3
535851 6  3
535852 6  3
535853 6  3
535854 6  3
535855 6  3
535856 6  3
535857 6  3
535858 6  3
535859 6  3
535860 6  3
535861 6  3
535862 6  3
535863 6  3
535864 6  3
535865 6  3
535866 6  3
535867 6  3
535868 6  3
535869 6  3
535870 6  3
535871 6  3
535872 6  3
535873 6  3
535874 6  3
535875 6  3
535876 6  3
535877 6  3
535878 6  3
535879 6  3
535880 6  3
535881 6  3
535882 6  3
535883 6  3
535884 6  3
535885 6  3
535886 6  3
535887 6  3
535888 6  3
535889 6  3
535890 6  3
535891 6  3
535892 6  3
535893 6  3
535894 6  3
535895 6  3
535896 6  3
535897 6  3
535898 6  3
535899 6  3
535900 6  3
535901 6  3
535902 6  3
535903 6  3
535904 6  3
535905 6  3
535906 6  3
535907 6  3
535908 6  3
535909 6  3
535910 6  3
535911 6  3
535912 6  3
535913 6  3
535914 6  3
535915 6  3
535916 6  3
535917 6  3
535918 6  3
535919 6  3
535920 6  3
535921 6  3
535922 6  3
535923 6  3
535924 6  3
535925 6  3
535926 6  3
535927 6  3
535928 6  3
535929 6  3
535930 6  3
535931 6  3
535932 6  3
535933 6  3
535934 6  3
535935 6  3
535936 6  3
535937 6  3
535938 6  3
535939 6  3
535940 6  3
535941 6  3
535942 6  3
535943 6  3
535944 6  3
535945 6  3
535946 6  3
535947 6  3
535948 6  3
535949 6  3
535950 6  3
535951 6  3
535952 6  3
535953 6  3
535954 6  3
535955 6  3
535956 6  3
535957 6  3
535958 6  3
535959 6  3
535960 6  3
535961 6  3
535962 6  3
535963 6  3
535964 6  3
535965 6  3
535966 6  3
535967 6  3
535968 6  3
535969 6  3
535970 6  3
535971 6  3
535972 6  3
535973 6  3
535974 6  3
535975 6  3
535976 6  3
535977 6  3
535978 6  3
535979 6  3
535980 6  3
535981 6  3
535982 6  3
535983 6  3
535984 6  3
535985 6  3
535986 6  3
535987 6  3
535988 6  3
535989 6  3
535990 6  3
535991 6  3
535992 6  3
535993 6  3
535994 6  3
535995 6  3
535996 6  3
535997 6  3
535998 6  3
535999 6  3
536000 6  3
536001 6  3
536002 6  3
536003 6  3
536004 6  3
536005 6  3
536006 6  3
536007 6  3
536008 6  3
536009 6  3
536010 6  3
536011 6  3
536012 6  3
536013 6  3
536014 6  3
536015 6  3
536016 6  3
536017 6  3
536018 6  3
536019 6  3
536020 6  3
536021 6  3
536022 6  3
536023 6  3
536024 6  3
536025 6  3
536026 6  3
536027 6  3
536028 6  3
536029 6  3
536030 6  3
536031 6  3
536032 6  3
536033 6  3
536034 6  3
536035 6  3
536036 6  3
536037 6  3
536038 6  3
536039 6  3
536040 6  3
536041 6  3
536042 6  3
536043 6  3
536044 6  3
536045 6  3
536046 6  3
536047 6  3
536048 6  3
536049 6  3
536050 6  3
536051 6  3
536052 6  3
536053 6  3
536054 6  3
536055 6  3
536056 6  3
536057 6  3
536058 6  3
536059 6  3
536060 6  3
536061 6  3
536062 6  3
536063 6  3
536064 6  3
536065 6  3
536066 6  3
536067 6  3
536068 6  3
536069 6  3
536070 6  3
536071 6  3
536072 6  3
536073 6  3
536074 6  3
536075 6  3
536076 6  3
536077 6  3
536078 6  3
536079 6  3
536080 6  3
536081 6  3
536082 6  3
536083 6  3
536084 6  3
536085 6  3
536086 6  3
536087 6  3
536088 6  3
536089 6  3
536090 6  3
536091 6  3
536092 6  3
536093 6  3
536094 6  3
536095 6  3
536096 6  3
536097 6  3
536098 6  3
536099 6  3
536100 6  3
536101 6  3
536102 6  3
536103 6  3
536104 6  3
536105 6  3
536106 6  3
536107 6  3
536108 6  3
536109 6  3
536110 6  3
536111 6  3
536112 6  3
536113 6  3
536114 6  3
536115 6  3
536116 6  3
536117 6  3
536118 6  3
536119 6  3
536120 6  3
536121 6  3
536122 6  3
536123 6  3
536124 6  3
536125 6  3
536126 6  3
536127 6  3
536128 6  3
536129 6  3
536130 6  3
536131 6  3
536132 6  3
536133 6  3
536134 6  3
536135 6  3
536136 6  3
536137 6  3
536138 6  3
536139 6  3
536140 6  3
536141 6  3
536142 6  3
536143 6  3
536144 6  3
536145 6  3
536146 6  3
536147 6  3
536148 6  3
536149 6  3
536150 6  3
536151 6  3
536152 6  3
536153 6  3
536154 6  3
536155 6  3
536156 6  3
536157 6  3
536158 6  3
536159 6  3
536160 6  3
536161 6  3
536162 6  3
536163 6  3
536164 6  3
536165 6  3
536166 6  3
536167 6  3
536168 6  3
536169 6  3
536170 6  3
536171 6  3
536172 6  3
536173 6  3
536174 6  3
536175 6  3
536176 6  3
536177 6  3
536178 6  3
536179 6  3
536180 6  3
536181 6  3
536182 6  3
536183 6  3
536184 6  3
536185 6  3
536186 6  3
536187 6  3
536188 6  3
536189 6  3
536190 6  3
536191 6  3
536192 6  3
536193 6  3
536194 6  3
536195 6  3
536196 6  3
536197 6  3
536198 6  3
536199 6  3
536200 6  3
536201 6  3
536202 6  3
536203 6  3
536204 6  3
536205 6  3
536206 6  3
536207 6  3
536208 6  3
536209 6  3
536210 6  3
536211 6  3
536212 6  3
536213 6  3
536214 6  3
536215 6  3
536216 6  3
536217 6  3
536218 6  3
536219 6  3
536220 6  3
536221 6  3
536222 6  3
536223 6  3
536224 6  3
536225 6  3
536226 6  3
536227 6  3
536228 6  3
536229 6  3
536230 6  3
536231 6  3
536232 6  3
536233 6  3
536234 6  3
536235 6  3
536236 6  3
536237 6  3
536238 6  3
536239 6  3
536240 6  3
536241 6  3
536242 6  3
536243 6  3
536244 6  3
536245 6  3
536246 6  3
536247 6  3
536248 6  3
536249 6  3
536250 6  3
536251 6  3
536252 6  3
536253 6  3
536254 6  3
536255 6  3
536256 6  3
536257 6  3
536258 6  3
536259 6  3
536260 6  3
536261 6  3
536262 6  3
536263 6  3
536264 6  3
536265 6  3
536266 6  3
536267 6  3
536268 6  3
536269 6  3
536270 6  3
536271 6  3
536272 6  3
536273 6  3
536274 6  3
536275 6  3
536276 6  3
536277 6  3
536278 6  3
536279 6  3
536280 6  3
536281 6  3
536282 6  3
536283 6  3
536284 6  3
536285 6  3
536286 6  3
536287 6  3
536288 6  3
536289 6  3
536290 6  3
536291 6  3
536292 6  3
536293 6  3
536294 6  3
536295 6  3
536296 6  3
536297 6  3
536298 6  3
536299 6  3
536300 6  3
536301 6  3
536302 6  3
536303 6  3
536304 6  3
536305 6  3
536306 6  3
536307 6  3
536308 6  3
536309 6  3
536310 6  3
536311 6  3
536312 6  3
536313 6  3
536314 6  3
536315 6  3
536316 6  3
536317 6  3
536318 6  3
536319 6  3
536320 6  3
536321 6  3
536322 6  3
536323 6  3
536324 6  3
536325 6  3
536326 6  3
536327 6  3
536328 6  3
536329 6  3
536330 6  3
536331 6  3
536332 6  3
536333 6  3
536334 6  3
536335 6  3
536336 6  3
536337 6  3
536338 6  3
536339 6  3
536340 6  3
536341 6  3
536342 6  3
536343 6  3
536344 6  3
536345 6  3
536346 6  3
536347 6  3
536348 6  3
536349 6  3
536350 6  3
536351 6  3
536352 6  3
536353 6  3
536354 6  3
536355 6  3
536356 6  3
536357 6  3
536358 6  3
536359 6  3
536360 6  3
536361 6  3
536362 6  3
536363 6  3
536364 6  3
536365 6  3
536366 6  3
536367 6  3
536368 6  3
536369 6  3
536370 6  3
536371 6  3
536372 6  3
536373 6  3
536374 6  3
536375 6  3
536376 6  3
536377 6  3
536378 6  3
536379 6  3
536380 6  3
536381 6  3
536382 6  3
536383 6  3
536384 6  3
536385 6  3
536386 6  3
536387 6  3
536388 6  3
536389 6  3
536390 6  3
536391 6  3
536392 6  3
536393 6  3
536394 6  3
536395 6  3
536396 6  3
536397 6  3
536398 6  3
536399 6  3
536400 6  3
536401 6  3
536402 6  3
536403 6  3
536404 6  3
536405 6  3
536406 6  3
536407 6  3
536408 6  3
536409 6  3
536410 6  3
536411 6  3
536412 6  3
536413 6  3
536414 6  3
536415 6  3
536416 6  3
536417 6  3
536418 6  3
536419 6  3
536420 6  3
536421 6  3
536422 6  3
536423 6  3
536424 6  3
536425 6  3
536426 6  3
536427 6  3
536428 6  3
536429 6  3
536430 6  3
536431 6  3
536432 6  3
536433 6  3
536434 6  3
536435 6  3
536436 6  3
536437 6  3
536438 6  3
536439 6  3
536440 6  3
536441 6  3
536442 6  3
536443 6  3
536444 6  3
536445 6  3
536446 6  3
536447 6  3
536448 6  3
536449 6  3
536450 6  3
536451 6  3
536452 6  3
536453 6  3
536454 6  3
536455 6  3
536456 6  3
536457 6  3
536458 6  3
536459 6  3
536460 6  3
536461 6  3
536462 6  3
536463 6  3
536464 6  3
536465 6  3
536466 6  3
536467 6  3
536468 6  3
536469 6  3
536470 6  3
536471 6  3
536472 6  3
536473 6  3
536474 6  3
536475 6  3
536476 6  3
536477 6  3
536478 6  3
536479 6  3
536480 6  3
536481 6  3
536482 6  3
536483 6  3
536484 6  3
536485 6  3
536486 6  3
536487 6  3
536488 6  3
536489 6  3
536490 6  3
536491 6  3
536492 6  3
536493 6  3
536494 6  3
536495 6  3
536496 6  3
536497 6  3
536498 6  3
536499 6  3
536500 6  3
536501 6  3
536502 6  3
536503 6  3
536504 6  3
536505 6  3
536506 6  3
536507 6  3
536508 6  3
536509 6  3
536510 6  3
536511 6  3
536512 6  3
536513 6  3
536514 6  3
536515 6  3
536516 6  3
536517 6  3
536518 6  3
536519 6  3
536520 6  3
536521 6  3
536522 6  3
536523 6  3
536524 6  3
536525 6  3
536526 6  3
536527 6  3
536528 6  3
536529 6  3
536530 6  3
536531 6  3
536532 6  3
536533 6  3
536534 6  3
536535 6  3
536536 6  3
536537 6  3
536538 6  3
536539 6  3
536540 6  3
536541 6  3
536542 6  3
536543 6  3
536544 6  3
536545 6  3
536546 6  3
536547 6  3
536548 6  3
536549 6  3
536550 6  3
536551 6  3
536552 6  3
536553 6  3
536554 6  3
536555 6  3
536556 6  3
536557 6  3
536558 6  3
536559 6  3
536560 6  3
536561 6  3
536562 6  3
536563 6  3
536564 6  3
536565 6  3
536566 6  3
536567 6  3
536568 6  3
536569 6  3
536570 6  3
536571 6  3
536572 6  3
536573 6  3
536574 6  3
536575 6  3
536576 6  3
536577 6  3
536578 6  3
536579 6  3
536580 6  3
536581 6  3
536582 6  3
536583 6  3
536584 6  3
536585 6  3
536586 6  3
536587 6  3
536588 6  3
536589 6  3
536590 6  3
536591 6  3
536592 6  3
536593 6  3
536594 6  3
536595 6  3
536596 6  3
536597 6  3
536598 6  3
536599 6  3
536600 6  3
536601 6  3
536602 6  3
536603 6  3
536604 6  3
536605 6  3
536606 6  3
536607 6  3
536608 6  3
536609 6  3
536610 6  3
536611 6  3
536612 6  3
536613 6  3
536614 6  3
536615 6  3
536616 6  3
536617 6  3
536618 6  3
536619 6  3
536620 6  3
536621 6  3
536622 6  3
536623 6  3
536624 6  3
536625 6  3
536626 6  3
536627 6  3
536628 6  3
536629 6  3
536630 6  3
536631 6  3
536632 6  3
536633 6  3
536634 6  3
536635 6  3
536636 6  3
536637 6  3
536638 6  3
536639 6  3
536640 6  3
536641 6  3
536642 6  3
536643 6  3
536644 6  3
536645 6  3
536646 6  3
536647 6  3
536648 6  3
536649 6  3
536650 6  3
536651 6  3
536652 6  3
536653 6  3
536654 6  3
536655 6  3
536656 6  3
536657 6  3
536658 6  3
536659 6  3
536660 6  3
536661 6  3
536662 6  3
536663 6  3
536664 6  3
536665 6  3
536666 6  3
536667 6  3
536668 6  3
536669 6  3
536670 6  3
536671 6  3
536672 6  3
536673 6  3
536674 6  3
536675 6  3
536676 6  3
536677 6  3
536678 6  3
536679 6  3
536680 6  3
536681 6  3
536682 6  3
536683 6  3
536684 6  3
536685 6  3
536686 6  3
536687 6  3
536688 6  3
536689 6  3
536690 6  3
536691 6  3
536692 6  3
536693 6  3
536694 6  3
536695 6  3
536696 6  3
536697 6  3
536698 6  3
536699 6  3
536700 6  3
536701 6  3
536702 6  3
536703 6  3
536704 6  3
536705 6  3
536706 6  3
536707 6  3
536708 6  3
536709 6  3
536710 6  3
536711 6  3
536712 6  3
536713 6  3
536714 6  3
536715 6  3
536716 6  3
536717 6  3
536718 6  3
536719 6  3
536720 6  3
536721 6  3
536722 6  3
536723 6  3
536724 6  3
536725 6  3
536726 6  3
536727 6  3
536728 6  3
536729 6  3
536730 6  3
536731 6  3
536732 6  3
536733 6  3
536734 6  3
536735 6  3
536736 6  3
536737 6  3
536738 6  3
536739 6  3
536740 6  3
536741 6  3
536742 6  3
536743 6  3
536744 6  3
536745 6  3
536746 6  3
536747 6  3
536748 6  3
536749 6  3
536750 6  3
536751 6  3
536752 6  3
536753 6  3
536754 6  3
536755 6  3
536756 6  3
536757 6  3
536758 6  3
536759 6  3
536760 6  3
536761 6  3
536762 6  3
536763 6  3
536764 6  3
536765 6  3
536766 6  3
536767 6  3
536768 6  3
536769 6  3
536770 6  3
536771 6  3
536772 6  3
536773 6  3
536774 6  3
536775 6  3
536776 6  3
536777 6  3
536778 6  3
536779 6  3
536780 6  3
536781 6  3
536782 6  3
536783 6  3
536784 6  3
536785 6  3
536786 6  3
536787 6  3
536788 6  3
536789 6  3
536790 6  3
536791 6  3
536792 6  3
536793 6  3
536794 6  3
536795 6  3
536796 6  3
536797 6  3
536798 6  3
536799 6  3
536800 6  3
536801 6  3
536802 6  3
536803 6  3
536804 6  3
536805 6  3
536806 6  3
536807 6  3
536808 6  3
536809 6  3
536810 6  3
536811 6  3
536812 6  3
536813 6  3
536814 6  3
536815 6  3
536816 6  3
536817 6  3
536818 6  3
536819 6  3
536820 6  3
536821 6  3
536822 6  3
536823 6  3
536824 6  3
536825 6  3
536826 6  3
536827 6  3
536828 6  3
536829 6  3
536830 6  3
536831 6  3
536832 6  3
536833 6  3
536834 6  3
536835 6  3
536836 6  3
536837 6  3
536838 6  3
536839 6  3
536840 6  3
536841 6  3
536842 6  3
536843 6  3
536844 6  3
536845 6  3
536846 6  3
536847 6  3
536848 6  3
536849 6  3
536850 6  3
536851 6  3
536852 6  3
536853 6  3
536854 6  3
536855 6  3
536856 6  3
536857 6  3
536858 6  3
536859 6  3
536860 6  3
536861 6  3
536862 6  3
536863 6  3
536864 6  3
536865 6  3
536866 6  3
536867 6  3
536868 6  3
536869 6  3
536870 6  3
536871 6  3
536872 6  3
536873 6  3
536874 6  3
536875 6  3
536876 6  3
536877 6  3
536878 6  3
536879 6  3
536880 6  3
536881 6  3
536882 6  3
536883 6  3
536884 6  3
536885 6  3
536886 6  3
536887 6  3
536888 6  3
536889 6  3
536890 6  3
536891 6  3
536892 6  3
536893 6  3
536894 6  3
536895 6  3
536896 6  3
536897 6  3
536898 6  3
536899 6  3
536900 6  3
536901 6  3
536902 6  3
536903 6  3
536904 6  3
536905 6  3
536906 6  3
536907 6  3
536908 6  3
536909 6  3
536910 6  3
536911 6  3
536912 6  3
536913 6  3
536914 6  3
536915 6  3
536916 6  3
536917 6  3
536918 6  3
536919 6  3
536920 6  3
536921 6  3
536922 6  3
536923 6  3
536924 6  3
536925 6  3
536926 6  3
536927 6  3
536928 6  3
536929 6  3
536930 6  3
536931 6  3
536932 6  3
536933 6  3
536934 6  3
536935 6  3
536936 6  3
536937 6  3
536938 6  3
536939 6  3
536940 6  3
536941 6  3
536942 6  3
536943 6  3
536944 6  3
536945 6  3
536946 6  3
536947 6  3
536948 6  3
536949 6  3
536950 6  3
536951 6  3
536952 6  3
536953 6  3
536954 6  3
536955 6  3
536956 6  3
536957 6  3
536958 6  3
536959 6  3
536960 6  3
536961 6  3
536962 6  3
536963 6  3
536964 6  3
536965 6  3
536966 6  3
536967 6  3
536968 6  3
536969 6  3
536970 6  3
536971 6  3
536972 6  3
536973 6  3
536974 6  3
536975 6  3
536976 6  3
536977 6  3
536978 6  3
536979 6  3
536980 6  3
536981 6  3
536982 6  3
536983 6  3
536984 6  3
536985 6  3
536986 6  3
536987 6  3
536988 6  3
536989 6  3
536990 6  3
536991 6  3
536992 6  3
536993 6  3
536994 6  3
536995 6  3
536996 6  3
536997 6  3
536998 6  3
536999 6  3
537000 6  3
537001 6  3
537002 6  3
537003 6  3
537004 6  3
537005 6  3
537006 6  3
537007 6  3
537008 6  3
537009 6  3
537010 6  3
537011 6  3
537012 6  3
537013 6  3
537014 6  3
537015 6  3
537016 6  3
537017 6  3
537018 6  3
537019 6  3
537020 6  3
537021 6  3
537022 6  3
537023 6  3
537024 6  3
537025 6  3
537026 6  3
537027 6  3
537028 6  3
537029 6  3
537030 6  3
537031 6  3
537032 6  3
537033 6  3
537034 6  3
537035 6  3
537036 6  3
537037 6  3
537038 6  3
537039 6  3
537040 6  3
537041 6  3
537042 6  3
537043 6  3
537044 6  3
537045 6  3
537046 6  3
537047 6  3
537048 6  3
537049 6  3
537050 6  3
537051 6  3
537052 6  3
537053 6  3
537054 6  3
537055 6  3
537056 6  3
537057 6  3
537058 6  3
537059 6  3
537060 6  3
537061 6  3
537062 6  3
537063 6  3
537064 6  3
537065 6  3
537066 6  3
537067 6  3
537068 6  3
537069 6  3
537070 6  3
537071 6  3
537072 6  3
537073 6  3
537074 6  3
537075 6  3
537076 6  3
537077 6  3
537078 6  3
537079 6  3
537080 6  3
537081 6  3
537082 6  3
537083 6  3
537084 6  3
537085 6  3
537086 6  3
537087 6  3
537088 6  3
537089 6  3
537090 6  3
537091 6  3
537092 6  3
537093 6  3
537094 6  3
537095 6  3
537096 6  3
537097 6  3
537098 6  3
537099 6  3
537100 6  3
537101 6  3
537102 6  3
537103 6  3
537104 6  3
537105 6  3
537106 6  3
537107 6  3
537108 6  3
537109 6  3
537110 6  3
537111 6  3
537112 6  3
537113 6  3
537114 6  3
537115 6  3
537116 6  3
537117 6  3
537118 6  3
537119 6  3
537120 6  3
537121 6  3
537122 6  3
537123 6  3
537124 6  3
537125 6  3
537126 6  3
537127 6  3
537128 6  3
537129 6  3
537130 6  3
537131 6  3
537132 6  3
537133 6  3
537134 6  3
537135 6  3
537136 6  3
537137 6  3
537138 6  3
537139 6  3
537140 6  3
537141 6  3
537142 6  3
537143 6  3
537144 6  3
537145 6  3
537146 6  3
537147 6  3
537148 6  3
537149 6  3
537150 6  3
537151 6  3
537152 6  3
537153 6  3
537154 6  3
537155 6  3
537156 6  3
537157 6  3
537158 6  3
537159 6  3
537160 6  3
537161 6  3
537162 6  3
537163 6  3
537164 6  3
537165 6  3
537166 6  3
537167 6  3
537168 6  3
537169 6  3
537170 6  3
537171 6  3
537172 6  3
537173 6  3
537174 6  3
537175 6  3
537176 6  3
537177 6  3
537178 6  3
537179 6  3
537180 6  3
537181 6  3
537182 6  3
537183 6  3
537184 6  3
537185 6  3
537186 6  3
537187 6  3
537188 6  3
537189 6  3
537190 6  3
537191 6  3
537192 6  3
537193 6  3
537194 6  3
537195 6  3
537196 6  3
537197 6  3
537198 6  3
537199 6  3
537200 6  3
537201 6  3
537202 6  3
537203 6  3
537204 6  3
537205 6  3
537206 6  3
537207 6  3
537208 6  3
537209 6  3
537210 6  3
537211 6  3
537212 6  3
537213 6  3
537214 6  3
537215 6  3
537216 6  3
537217 6  3
537218 6  3
537219 6  3
537220 6  3
537221 6  3
537222 6  3
537223 6  3
537224 6  3
537225 6  3
537226 6  3
537227 6  3
537228 6  3
537229 6  3
537230 6  3
537231 6  3
537232 6  3
537233 6  3
537234 6  3
537235 6  3
537236 6  3
537237 6  3
537238 6  3
537239 6  3
537240 6  3
537241 6  3
537242 6  3
537243 6  3
537244 6  3
537245 6  3
537246 6  3
537247 6  3
537248 6  3
537249 6  3
537250 6  3
537251 6  3
537252 6  3
537253 6  3
537254 6  3
537255 6  3
537256 6  3
537257 6  3
537258 6  3
537259 6  3
537260 6  3
537261 6  3
537262 6  3
537263 6  3
537264 6  3
537265 6  3
537266 6  3
537267 6  3
537268 6  3
537269 6  3
537270 6  3
537271 6  3
537272 6  3
537273 6  3
537274 6  3
537275 6  3
537276 6  3
537277 6  3
537278 6  3
537279 6  3
537280 6  3
537281 6  3
537282 6  3
537283 6  3
537284 6  3
537285 6  3
537286 6  3
537287 6  3
537288 6  3
537289 6  3
537290 6  3
537291 6  3
537292 6  3
537293 6  3
537294 6  3
537295 6  3
537296 6  3
537297 6  3
537298 6  3
537299 6  3
537300 6  3
537301 6  3
537302 6  3
537303 6  3
537304 6  3
537305 6  3
537306 6  3
537307 6  3
537308 6  3
537309 6  3
537310 6  3
537311 6  3
537312 6  3
537313 6  3
537314 6  3
537315 6  3
537316 6  3
537317 6  3
537318 6  3
537319 6  3
537320 6  3
537321 6  3
537322 6  3
537323 6  3
537324 6  3
537325 6  3
537326 6  3
537327 6  3
537328 6  3
537329 6  3
537330 6  3
537331 6  3
537332 6  3
537333 6  3
537334 6  3
537335 6  3
537336 6  3
537337 6  3
537338 6  3
537339 6  3
537340 6  3
537341 6  3
537342 6  3
537343 6  3
537344 6  3
537345 6  3
537346 6  3
537347 6  3
537348 6  3
537349 6  3
537350 6  3
537351 6  3
537352 6  3
537353 6  3
537354 6  3
537355 6  3
537356 6  3
537357 6  3
537358 6  3
537359 6  3
537360 6  3
537361 6  3
537362 6  3
537363 6  3
537364 6  3
537365 6  3
537366 6  3
537367 6  3
537368 6  3
537369 6  3
537370 6  3
537371 6  3
537372 6  3
537373 6  3
537374 6  3
537375 6  3
537376 6  3
537377 6  3
537378 6  3
537379 6  3
537380 6  3
537381 6  3
537382 6  3
537383 6  3
537384 6  3
537385 6  3
537386 6  3
537387 6  3
537388 6  3
537389 6  3
537390 6  3
537391 6  3
537392 6  3
537393 6  3
537394 6  3
537395 6  3
537396 6  3
537397 6  3
537398 6  3
537399 6  3
537400 6  3
537401 6  3
537402 6  3
537403 6  3
537404 6  3
537405 6  3
537406 6  3
537407 6  3
537408 6  3
537409 6  3
537410 6  3
537411 6  3
537412 6  3
537413 6  3
537414 6  3
537415 6  3
537416 6  3
537417 6  3
537418 6  3
537419 6  3
537420 6  3
537421 6  3
537422 6  3
537423 6  3
537424 6  3
537425 6  3
537426 6  3
537427 6  3
537428 6  3
537429 6  3
537430 6  3
537431 6  3
537432 6  3
537433 6  3
537434 6  3
537435 6  3
537436 6  3
537437 6  3
537438 6  3
537439 6  3
537440 6  3
537441 6  3
537442 6  3
537443 6  3
537444 6  3
537445 6  3
537446 6  3
537447 6  3
537448 6  3
537449 6  3
537450 6  3
537451 6  3
537452 6  3
537453 6  3
537454 6  3
537455 6  3
537456 6  3
537457 6  3
537458 6  3
537459 6  3
537460 6  3
537461 6  3
537462 6  3
537463 6  3
537464 6  3
537465 6  3
537466 6  3
537467 6  3
537468 6  3
537469 6  3
537470 6  3
537471 6  3
537472 6  3
537473 6  3
537474 6  3
537475 6  3
537476 6  3
537477 6  3
537478 6  3
537479 6  3
537480 6  3
537481 6  3
537482 6  3
537483 6  3
537484 6  3
537485 6  3
537486 6  3
537487 6  3
537488 6  3
537489 6  3
537490 6  3
537491 6  3
537492 6  3
537493 6  3
537494 6  3
537495 6  3
537496 6  3
537497 6  3
537498 6  3
537499 6  3
537500 6  3
537501 6  3
537502 6  3
537503 6  3
537504 6  3
537505 6  3
537506 6  3
537507 6  3
537508 6  3
537509 6  3
537510 6  3
537511 6  3
537512 6  3
537513 6  3
537514 6  3
537515 6  3
537516 6  3
537517 6  3
537518 6  3
537519 6  3
537520 6  3
537521 6  3
537522 6  3
537523 6  3
537524 6  3
537525 6  3
537526 6  3
537527 6  3
537528 6  3
537529 6  3
537530 6  3
537531 6  3
537532 6  3
537533 6  3
537534 6  3
537535 6  3
537536 6  3
537537 6  3
537538 6  3
537539 6  3
537540 6  3
537541 6  3
537542 6  3
537543 6  3
537544 6  3
537545 6  3
537546 6  3
537547 6  3
537548 6  3
537549 6  3
537550 6  3
537551 6  3
537552 6  3
537553 6  3
537554 6  3
537555 6  3
537556 6  3
537557 6  3
537558 6  3
537559 6  3
537560 6  3
537561 6  3
537562 6  3
537563 6  3
537564 6  3
537565 6  3
537566 6  3
537567 6  3
537568 6  3
537569 6  3
537570 6  3
537571 6  3
537572 6  3
537573 6  3
537574 6  3
537575 6  3
537576 6  3
537577 6  3
537578 6  3
537579 6  3
537580 6  3
537581 6  3
537582 6  3
537583 6  3
537584 6  3
537585 6  3
537586 6  3
537587 6  3
537588 6  3
537589 6  3
537590 6  3
537591 6  3
537592 6  3
537593 6  3
537594 6  3
537595 6  3
537596 6  3
537597 6  3
537598 6  3
537599 6  3
537600 6  3
537601 6  3
537602 6  3
537603 6  3
537604 6  3
537605 6  3
537606 6  3
537607 6  3
537608 6  3
537609 6  3
537610 6  3
537611 6  3
537612 6  3
537613 6  3
537614 6  3
537615 6  3
537616 6  3
537617 6  3
537618 6  3
537619 6  3
537620 6  3
537621 6  3
537622 6  3
537623 6  3
537624 6  3
537625 6  3
537626 6  3
537627 6  3
537628 6  3
537629 6  3
537630 6  3
537631 6  3
537632 6  3
537633 6  3
537634 6  3
537635 6  3
537636 6  3
537637 6  3
537638 6  3
537639 6  3
537640 6  3
537641 6  3
537642 6  3
537643 6  3
537644 6  3
537645 6  3
537646 6  3
537647 6  3
537648 6  3
537649 6  3
537650 6  3
537651 6  3
537652 6  3
537653 6  3
537654 6  3
537655 6  3
537656 6  3
537657 6  3
537658 6  3
537659 6  3
537660 6  3
537661 6  3
537662 6  3
537663 6  3
537664 6  3
537665 6  3
537666 6  3
537667 6  3
537668 6  3
537669 6  3
537670 6  3
537671 6  3
537672 6  3
537673 6  3
537674 6  3
537675 6  3
537676 6  3
537677 6  3
537678 6  3
537679 6  3
537680 6  3
537681 6  3
537682 6  3
537683 6  3
537684 6  3
537685 6  3
537686 6  3
537687 6  3
537688 6  3
537689 6  3
537690 6  3
537691 6  3
537692 6  3
537693 6  3
537694 6  3
537695 6  3
537696 6  3
537697 6  3
537698 6  3
537699 6  3
537700 6  3
537701 6  3
537702 6  3
537703 6  3
537704 6  3
537705 6  3
537706 6  3
537707 6  3
537708 6  3
537709 6  3
537710 6  3
537711 6  3
537712 6  3
537713 6  3
537714 6  3
537715 6  3
537716 6  3
537717 6  3
537718 6  3
537719 6  3
537720 6  3
537721 6  3
537722 6  3
537723 6  3
537724 6  3
537725 6  3
537726 6  3
537727 6  3
537728 6  3
537729 6  3
537730 6  3
537731 6  3
537732 6  3
537733 6  3
537734 6  3
537735 6  3
537736 6  3
537737 6  3
537738 6  3
537739 6  3
537740 6  3
537741 6  3
537742 6  3
537743 6  3
537744 6  3
537745 6  3
537746 6  3
537747 6  3
537748 6  3
537749 6  3
537750 6  3
537751 6  3
537752 6  3
537753 6  3
537754 6  3
537755 6  3
537756 6  3
537757 6  3
537758 6  3
537759 6  3
537760 6  3
537761 6  3
537762 6  3
537763 6  3
537764 6  3
537765 6  3
537766 6  3
537767 6  3
537768 6  3
537769 6  3
537770 6  3
537771 6  3
537772 6  3
537773 6  3
537774 6  3
537775 6  3
537776 6  3
537777 6  3
537778 6  3
537779 6  3
537780 6  3
537781 6  3
537782 6  3
537783 6  3
537784 6  3
537785 6  3
537786 6  3
537787 6  3
537788 6  3
537789 6  3
537790 6  3
537791 6  3
537792 6  3
537793 6  3
537794 6  3
537795 6  3
537796 6  3
537797 6  3
537798 6  3
537799 6  3
537800 6  3
537801 6  3
537802 6  3
537803 6  3
537804 6  3
537805 6  3
537806 6  3
537807 6  3
537808 6  3
537809 6  3
537810 6  3
537811 6  3
537812 6  3
537813 6  3
537814 6  3
537815 6  3
537816 6  3
537817 6  3
537818 6  3
537819 6  3
537820 6  3
537821 6  3
537822 6  3
537823 6  3
537824 6  3
537825 6  3
537826 6  3
537827 6  3
537828 6  3
537829 6  3
537830 6  3
537831 6  3
537832 6  3
537833 6  3
537834 6  3
537835 6  3
537836 6  3
537837 6  3
537838 6  3
537839 6  3
537840 6  3
537841 6  3
537842 6  3
537843 6  3
537844 6  3
537845 6  3
537846 6  3
537847 6  3
537848 6  3
537849 6  3
537850 6  3
537851 6  3
537852 6  3
537853 6  3
537854 6  3
537855 6  3
537856 6  3
537857 6  3
537858 6  3
537859 6  3
537860 6  3
537861 6  3
537862 6  3
537863 6  3
537864 6  3
537865 6  3
537866 6  3
537867 6  3
537868 6  3
537869 6  3
537870 6  3
537871 6  3
537872 6  3
537873 6  3
537874 6  3
537875 6  3
537876 6  3
537877 6  3
537878 6  3
537879 6  3
537880 6  3
537881 6  3
537882 6  3
537883 6  3
537884 6  3
537885 6  3
537886 6  3
537887 6  3
537888 6  3
537889 6  3
537890 6  3
537891 6  3
537892 6  3
537893 6  3
537894 6  3
537895 6  3
537896 6  3
537897 6  3
537898 6  3
537899 6  3
537900 6  3
537901 6  3
537902 6  3
537903 6  3
537904 6  3
537905 6  3
537906 6  3
537907 6  3
537908 6  3
537909 6  3
537910 6  3
537911 6  3
537912 6  3
537913 6  3
537914 6  3
537915 6  3
537916 6  3
537917 6  3
537918 6  3
537919 6  3
537920 6  3
537921 6  3
537922 6  3
537923 6  3
537924 6  3
537925 6  3
537926 6  3
537927 6  3
537928 6  3
537929 6  3
537930 6  3
537931 6  3
537932 6  3
537933 6  3
537934 6  3
537935 6  3
537936 6  3
537937 6  3
537938 6  3
537939 6  3
537940 6  3
537941 6  3
537942 6  3
537943 6  3
537944 6  3
537945 6  3
537946 6  3
537947 6  3
537948 6  3
537949 6  3
537950 6  3
537951 6  3
537952 6  3
537953 6  3
537954 6  3
537955 6  3
537956 6  3
537957 6  3
537958 6  3
537959 6  3
537960 6  3
537961 6  3
537962 6  3
537963 6  3
537964 6  3
537965 6  3
537966 6  3
537967 6  3
537968 6  3
537969 6  3
537970 6  3
537971 6  3
537972 6  3
537973 6  3
537974 6  3
537975 6  3
537976 6  3
537977 6  3
537978 6  3
537979 6  3
537980 6  3
537981 6  3
537982 6  3
537983 6  3
537984 6  3
537985 6  3
537986 6  3
537987 6  3
537988 6  3
537989 6  3
537990 6  3
537991 6  3
537992 6  3
537993 6  3
537994 6  3
537995 6  3
537996 6  3
537997 6  3
537998 6  3
537999 6  3
538000 6  3
538001 6  3
538002 6  3
538003 6  3
538004 6  3
538005 6  3
538006 6  3
538007 6  3
538008 6  3
538009 6  3
538010 6  3
538011 6  3
538012 6  3
538013 6  3
538014 6  3
538015 6  3
538016 6  3
538017 6  3
538018 6  3
538019 6  3
538020 6  3
538021 6  3
538022 6  3
538023 6  3
538024 6  3
538025 6  3
538026 6  3
538027 6  3
538028 6  3
538029 6  3
538030 6  3
538031 6  3
538032 6  3
538033 6  3
538034 6  3
538035 6  3
538036 6  3
538037 6  3
538038 6  3
538039 6  3
538040 6  3
538041 6  3
538042 6  3
538043 6  3
538044 6  3
538045 6  3
538046 6  3
538047 6  3
538048 6  3
538049 6  3
538050 6  3
538051 6  3
538052 6  3
538053 6  3
538054 6  3
538055 6  3
538056 6  3
538057 6  3
538058 6  3
538059 6  3
538060 6  3
538061 6  3
538062 6  3
538063 6  3
538064 6  3
538065 6  3
538066 6  3
538067 6  3
538068 6  3
538069 6  3
538070 6  3
538071 6  3
538072 6  3
538073 6  3
538074 6  3
538075 6  3
538076 6  3
538077 6  3
538078 6  3
538079 6  3
538080 6  3
538081 6  3
538082 6  3
538083 6  3
538084 6  3
538085 6  3
538086 6  3
538087 6  3
538088 6  3
538089 6  3
538090 6  3
538091 6  3
538092 6  3
538093 6  3
538094 6  3
538095 6  3
538096 6  3
538097 6  3
538098 6  3
538099 6  3
538100 6  3
538101 6  3
538102 6  3
538103 6  3
538104 6  3
538105 6  3
538106 6  3
538107 6  3
538108 6  3
538109 6  3
538110 6  3
538111 6  3
538112 6  3
538113 6  3
538114 6  3
538115 6  3
538116 6  3
538117 6  3
538118 6  3
538119 6  3
538120 6  3
538121 6  3
538122 6  3
538123 6  3
538124 6  3
538125 6  3
538126 6  3
538127 6  3
538128 6  3
538129 6  3
538130 6  3
538131 6  3
538132 6  3
538133 6  3
538134 6  3
538135 6  3
538136 6  3
538137 6  3
538138 6  3
538139 6  3
538140 6  3
538141 6  3
538142 6  3
538143 6  3
538144 6  3
538145 6  3
538146 6  3
538147 6  3
538148 6  3
538149 6  3
538150 6  3
538151 6  3
538152 6  3
538153 6  3
538154 6  3
538155 6  3
538156 6  3
538157 6  3
538158 6  3
538159 6  3
538160 6  3
538161 6  3
538162 6  3
538163 6  3
538164 6  3
538165 6  3
538166 6  3
538167 6  3
538168 6  3
538169 6  3
538170 6  3
538171 6  3
538172 6  3
538173 6  3
538174 6  3
538175 6  3
538176 6  3
538177 6  3
538178 6  3
538179 6  3
538180 6  3
538181 6  3
538182 6  3
538183 6  3
538184 6  3
538185 6  3
538186 6  3
538187 6  3
538188 6  3
538189 6  3
538190 6  3
538191 6  3
538192 6  3
538193 6  3
538194 6  3
538195 6  3
538196 6  3
538197 6  3
538198 6  3
538199 6  3
538200 6  3
538201 6  3
538202 6  3
538203 6  3
538204 6  3
538205 6  3
538206 6  3
538207 6  3
538208 6  3
538209 6  3
538210 6  3
538211 6  3
538212 6  3
538213 6  3
538214 6  3
538215 6  3
538216 6  3
538217 6  3
538218 6  3
538219 6  3
538220 6  3
538221 6  3
538222 6  3
538223 6  3
538224 6  3
538225 6  3
538226 6  3
538227 6  3
538228 6  3
538229 6  3
538230 6  3
538231 6  3
538232 6  3
538233 6  3
538234 6  3
538235 6  3
538236 6  3
538237 6  3
538238 6  3
538239 6  3
538240 6  3
538241 6  3
538242 6  3
538243 6  3
538244 6  3
538245 6  3
538246 6  3
538247 6  3
538248 6  3
538249 6  3
538250 6  3
538251 6  3
538252 6  3
538253 6  3
538254 6  3
538255 6  3
538256 6  3
538257 6  3
538258 6  3
538259 6  3
538260 6  3
538261 6  3
538262 6  3
538263 6  3
538264 6  3
538265 6  3
538266 6  3
538267 6  3
538268 6  3
538269 6  3
538270 6  3
538271 6  3
538272 6  3
538273 6  3
538274 6  3
538275 6  3
538276 6  3
538277 6  3
538278 6  3
538279 6  3
538280 6  3
538281 6  3
538282 6  3
538283 6  3
538284 6  3
538285 6  3
538286 6  3
538287 6  3
538288 6  3
538289 6  3
538290 6  3
538291 6  3
538292 6  3
538293 6  3
538294 6  3
538295 6  3
538296 6  3
538297 6  3
538298 6  3
538299 6  3
538300 6  3
538301 6  3
538302 6  3
538303 6  3
538304 6  3
538305 6  3
538306 6  3
538307 6  3
538308 6  3
538309 6  3
538310 6  3
538311 6  3
538312 6  3
538313 6  3
538314 6  3
538315 6  3
538316 6  3
538317 6  3
538318 6  3
538319 6  3
538320 6  3
538321 6  3
538322 6  3
538323 6  3
538324 6  3
538325 6  3
538326 6  3
538327 6  3
538328 6  3
538329 6  3
538330 6  3
538331 6  3
538332 6  3
538333 6  3
538334 6  3
538335 6  3
538336 6  3
538337 6  3
538338 6  3
538339 6  3
538340 6  3
538341 6  3
538342 6  3
538343 6  3
538344 6  3
538345 6  3
538346 6  3
538347 6  3
538348 6  3
538349 6  3
538350 6  3
538351 6  3
538352 6  3
538353 6  3
538354 6  3
538355 6  3
538356 6  3
538357 6  3
538358 6  3
538359 6  3
538360 6  3
538361 6  3
538362 6  3
538363 6  3
538364 6  3
538365 6  3
538366 6  3
538367 6  3
538368 6  3
538369 6  3
538370 6  3
538371 6  3
538372 6  3
538373 6  3
538374 6  3
538375 6  3
538376 6  3
538377 6  3
538378 6  3
538379 6  3
538380 6  3
538381 6  3
538382 6  3
538383 6  3
538384 6  3
538385 6  3
538386 6  3
538387 6  3
538388 6  3
538389 6  3
538390 6  3
538391 6  3
538392 6  3
538393 6  3
538394 6  3
538395 6  3
538396 6  3
538397 6  3
538398 6  3
538399 6  3
538400 6  3
538401 6  3
538402 6  3
538403 6  3
538404 6  3
538405 6  3
538406 6  3
538407 6  3
538408 6  3
538409 6  3
538410 6  3
538411 6  3
538412 6  3
538413 6  3
538414 6  3
538415 6  3
538416 6  3
538417 6  3
538418 6  3
538419 6  3
538420 6  3
538421 6  3
538422 6  3
538423 6  3
538424 6  3
538425 6  3
538426 6  3
538427 6  3
538428 6  3
538429 6  3
538430 6  3
538431 6  3
538432 6  3
538433 6  3
538434 6  3
538435 6  3
538436 6  3
538437 6  3
538438 6  3
538439 6  3
538440 6  3
538441 6  3
538442 6  3
538443 6  3
538444 6  3
538445 6  3
538446 6  3
538447 6  3
538448 6  3
538449 6  3
538450 6  3
538451 6  3
538452 6  3
538453 6  3
538454 6  3
538455 6  3
538456 6  3
538457 6  3
538458 6  3
538459 6  3
538460 6  3
538461 6  3
538462 6  3
538463 6  3
538464 6  3
538465 6  3
538466 6  3
538467 6  3
538468 6  3
538469 6  3
538470 6  3
538471 6  3
538472 6  3
538473 6  3
538474 6  3
538475 6  3
538476 6  3
538477 6  3
538478 6  3
538479 6  3
538480 6  3
538481 6  3
538482 6  3
538483 6  3
538484 6  3
538485 6  3
538486 6  3
538487 6  3
538488 6  3
538489 6  3
538490 6  3
538491 6  3
538492 6  3
538493 6  3
538494 6  3
538495 6  3
538496 6  3
538497 6  3
538498 6  3
538499 6  3
538500 6  3
538501 6  3
538502 6  3
538503 6  3
538504 6  3
538505 6  3
538506 6  3
538507 6  3
538508 6  3
538509 6  3
538510 6  3
538511 6  3
538512 6  3
538513 6  3
538514 6  3
538515 6  3
538516 6  3
538517 6  3
538518 6  3
538519 6  3
538520 6  3
538521 6  3
538522 6  3
538523 6  3
538524 6  3
538525 6  3
538526 6  3
538527 6  3
538528 6  3
538529 6  3
538530 6  3
538531 6  3
538532 6  3
538533 6  3
538534 6  3
538535 6  3
538536 6  3
538537 6  3
538538 6  3
538539 6  3
538540 6  3
538541 6  3
538542 6  3
538543 6  3
538544 6  3
538545 6  3
538546 6  3
538547 6  3
538548 6  3
538549 6  3
538550 6  3
538551 6  3
538552 6  3
538553 6  3
538554 6  3
538555 6  3
538556 6  3
538557 6  3
538558 6  3
538559 6  3
538560 6  3
538561 6  3
538562 6  3
538563 6  3
538564 6  3
538565 6  3
538566 6  3
538567 6  3
538568 6  3
538569 6  3
538570 6  3
538571 6  3
538572 6  3
538573 6  3
538574 6  3
538575 6  3
538576 6  3
538577 6  3
538578 6  3
538579 6  3
538580 6  3
538581 6  3
538582 6  3
538583 6  3
538584 6  3
538585 6  3
538586 6  3
538587 6  3
538588 6  3
538589 6  3
538590 6  3
538591 6  3
538592 6  3
538593 6  3
538594 6  3
538595 6  3
538596 6  3
538597 6  3
538598 6  3
538599 6  3
538600 6  3
538601 6  3
538602 6  3
538603 6  3
538604 6  3
538605 6  3
538606 6  3
538607 6  3
538608 6  3
538609 6  3
538610 6  3
538611 6  3
538612 6  3
538613 6  3
538614 6  3
538615 6  3
538616 6  3
538617 6  3
538618 6  3
538619 6  3
538620 6  3
538621 6  3
538622 6  3
538623 6  3
538624 6  3
538625 6  3
538626 6  3
538627 6  3
538628 6  3
538629 6  3
538630 6  3
538631 6  3
538632 6  3
538633 6  3
538634 6  3
538635 6  3
538636 6  3
538637 6  3
538638 6  3
538639 6  3
538640 6  3
538641 6  3
538642 6  3
538643 6  3
538644 6  3
538645 6  3
538646 6  3
538647 6  3
538648 6  3
538649 6  3
538650 6  3
538651 6  3
538652 6  3
538653 6  3
538654 6  3
538655 6  3
538656 6  3
538657 6  3
538658 6  3
538659 6  3
538660 6  3
538661 6  3
538662 6  3
538663 6  3
538664 6  3
538665 6  3
538666 6  3
538667 6  3
538668 6  3
538669 6  3
538670 6  3
538671 6  3
538672 6  3
538673 6  3
538674 6  3
538675 6  3
538676 6  3
538677 6  3
538678 6  3
538679 6  3
538680 6  3
538681 6  3
538682 6  3
538683 6  3
538684 6  3
538685 6  3
538686 6  3
538687 6  3
538688 6  3
538689 6  3
538690 6  3
538691 6  3
538692 6  3
538693 6  3
538694 6  3
538695 6  3
538696 6  3
538697 6  3
538698 6  3
538699 6  3
538700 6  3
538701 6  3
538702 6  3
538703 6  3
538704 6  3
538705 6  3
538706 6  3
538707 6  3
538708 6  3
538709 6  3
538710 6  3
538711 6  3
538712 6  3
538713 6  3
538714 6  3
538715 6  3
538716 6  3
538717 6  3
538718 6  3
538719 6  3
538720 6  3
538721 6  3
538722 6  3
538723 6  3
538724 6  3
538725 6  3
538726 6  3
538727 6  3
538728 6  3
538729 6  3
538730 6  3
538731 6  3
538732 6  3
538733 6  3
538734 6  3
538735 6  3
538736 6  3
538737 6  3
538738 6  3
538739 6  3
538740 6  3
538741 6  3
538742 6  3
538743 6  3
538744 6  3
538745 6  3
538746 6  3
538747 6  3
538748 6  3
538749 6  3
538750 6  3
538751 6  3
538752 6  3
538753 6  3
538754 6  3
538755 6  3
538756 6  3
538757 6  3
538758 6  3
538759 6  3
538760 6  3
538761 6  3
538762 6  3
538763 6  3
538764 6  3
538765 6  3
538766 6  3
538767 6  3
538768 6  3
538769 6  3
538770 6  3
538771 6  3
538772 6  3
538773 6  3
538774 6  3
538775 6  3
538776 6  3
538777 6  3
538778 6  3
538779 6  3
538780 6  3
538781 6  3
538782 6  3
538783 6  3
538784 6  3
538785 6  3
538786 6  3
538787 6  3
538788 6  3
538789 6  3
538790 6  3
538791 6  3
538792 6  3
538793 6  3
538794 6  3
538795 6  3
538796 6  3
538797 6  3
538798 6  3
538799 6  3
538800 6  3
538801 6  3
538802 6  3
538803 6  3
538804 6  3
538805 6  3
538806 6  3
538807 6  3
538808 6  3
538809 6  3
538810 6  3
538811 6  3
538812 6  3
538813 6  3
538814 6  3
538815 6  3
538816 6  3
538817 6  3
538818 6  3
538819 6  3
538820 6  3
538821 6  3
538822 6  3
538823 6  3
538824 6  3
538825 6  3
538826 6  3
538827 6  3
538828 6  3
538829 6  3
538830 6  3
538831 6  3
538832 6  3
538833 6  3
538834 6  3
538835 6  3
538836 6  3
538837 6  3
538838 6  3
538839 6  3
538840 6  3
538841 6  3
538842 6  3
538843 6  3
538844 6  3
538845 6  3
538846 6  3
538847 6  3
538848 6  3
538849 6  3
538850 6  3
538851 6  3
538852 6  3
538853 6  3
538854 6  3
538855 6  3
538856 6  3
538857 6  3
538858 6  3
538859 6  3
538860 6  3
538861 6  3
538862 6  3
538863 6  3
538864 6  3
538865 6  3
538866 6  3
538867 6  3
538868 6  3
538869 6  3
538870 6  3
538871 6  3
538872 6  3
538873 6  3
538874 6  3
538875 6  3
538876 6  3
538877 6  3
538878 6  3
538879 6  3
538880 6  3
538881 6  3
538882 6  3
538883 6  3
538884 6  3
538885 6  3
538886 6  3
538887 6  3
538888 6  3
538889 6  3
538890 6  3
538891 6  3
538892 6  3
538893 6  3
538894 6  3
538895 6  3
538896 6  3
538897 6  3
538898 6  3
538899 6  3
538900 6  3
538901 6  3
538902 6  3
538903 6  3
538904 6  3
538905 6  3
538906 6  3
538907 6  3
538908 6  3
538909 6  3
538910 6  3
538911 6  3
538912 6  3
538913 6  3
538914 6  3
538915 6  3
538916 6  3
538917 6  3
538918 6  3
538919 6  3
538920 6  3
538921 6  3
538922 6  3
538923 6  3
538924 6  3
538925 6  3
538926 6  3
538927 6  3
538928 6  3
538929 6  3
538930 6  3
538931 6  3
538932 6  3
538933 6  3
538934 6  3
538935 6  3
538936 6  3
538937 6  3
538938 6  3
538939 6  3
538940 6  3
538941 6  3
538942 6  3
538943 6  3
538944 6  3
538945 6  3
538946 6  3
538947 6  3
538948 6  3
538949 6  3
538950 6  3
538951 6  3
538952 6  3
538953 6  3
538954 6  3
538955 6  3
538956 6  3
538957 6  3
538958 6  3
538959 6  3
538960 6  3
538961 6  3
538962 6  3
538963 6  3
538964 6  3
538965 6  3
538966 6  3
538967 6  3
538968 6  3
538969 6  3
538970 6  3
538971 6  3
538972 6  3
538973 6  3
538974 6  3
538975 6  3
538976 6  3
538977 6  3
538978 6  3
538979 6  3
538980 6  3
538981 6  3
538982 6  3
538983 6  3
538984 6  3
538985 6  3
538986 6  3
538987 6  3
538988 6  3
538989 6  3
538990 6  3
538991 6  3
538992 6  3
538993 6  3
538994 6  3
538995 6  3
538996 6  3
538997 6  3
538998 6  3
538999 6  3
539000 6  3
539001 6  3
539002 6  3
539003 6  3
539004 6  3
539005 6  3
539006 6  3
539007 6  3
539008 6  3
539009 6  3
539010 6  3
539011 6  3
539012 6  3
539013 6  3
539014 6  3
539015 6  3
539016 6  3
539017 6  3
539018 6  3
539019 6  3
539020 6  3
539021 6  3
539022 6  3
539023 6  3
539024 6  3
539025 6  3
539026 6  3
539027 6  3
539028 6  3
539029 6  3
539030 6  3
539031 6  3
539032 6  3
539033 6  3
539034 6  3
539035 6  3
539036 6  3
539037 6  3
539038 6  3
539039 6  3
539040 6  3
539041 6  3
539042 6  3
539043 6  3
539044 6  3
539045 6  3
539046 6  3
539047 6  3
539048 6  3
539049 6  3
539050 6  3
539051 6  3
539052 6  3
539053 6  3
539054 6  3
539055 6  3
539056 6  3
539057 6  3
539058 6  3
539059 6  3
539060 6  3
539061 6  3
539062 6  3
539063 6  3
539064 6  3
539065 6  3
539066 6  3
539067 6  3
539068 6  3
539069 6  3
539070 6  3
539071 6  3
539072 6  3
539073 6  3
539074 6  3
539075 6  3
539076 6  3
539077 6  3
539078 6  3
539079 6  3
539080 6  3
539081 6  3
539082 6  3
539083 6  3
539084 6  3
539085 6  3
539086 6  3
539087 6  3
539088 6  3
539089 6  3
539090 6  3
539091 6  3
539092 6  3
539093 6  3
539094 6  3
539095 6  3
539096 6  3
539097 6  3
539098 6  3
539099 6  3
539100 6  3
539101 6  3
539102 6  3
539103 6  3
539104 6  3
539105 6  3
539106 6  3
539107 6  3
539108 6  3
539109 6  3
539110 6  3
539111 6  3
539112 6  3
539113 6  3
539114 6  3
539115 6  3
539116 6  3
539117 6  3
539118 6  3
539119 6  3
539120 6  3
539121 6  3
539122 6  3
539123 6  3
539124 6  3
539125 6  3
539126 6  3
539127 6  3
539128 6  3
539129 6  3
539130 6  3
539131 6  3
539132 6  3
539133 6  3
539134 6  3
539135 6  3
539136 6  3
539137 6  3
539138 6  3
539139 6  3
539140 6  3
539141 6  3
539142 6  3
539143 6  3
539144 6  3
539145 6  3
539146 6  3
539147 6  3
539148 6  3
539149 6  3
539150 6  3
539151 6  3
539152 6  3
539153 6  3
539154 6  3
539155 6  3
539156 6  3
539157 6  3
539158 6  3
539159 6  3
539160 6  3
539161 6  3
539162 6  3
539163 6  3
539164 6  3
539165 6  3
539166 6  3
539167 6  3
539168 6  3
539169 6  3
539170 6  3
539171 6  3
539172 6  3
539173 6  3
539174 6  3
539175 6  3
539176 6  3
539177 6  3
539178 6  3
539179 6  3
539180 6  3
539181 6  3
539182 6  3
539183 6  3
539184 6  3
539185 6  3
539186 6  3
539187 6  3
539188 6  3
539189 6  3
539190 6  3
539191 6  3
539192 6  3
539193 6  3
539194 6  3
539195 6  3
539196 6  3
539197 6  3
539198 6  3
539199 6  3
539200 6  3
539201 6  3
539202 6  3
539203 6  3
539204 6  3
539205 6  3
539206 6  3
539207 6  3
539208 6  3
539209 6  3
539210 6  3
539211 6  3
539212 6  3
539213 6  3
539214 6  3
539215 6  3
539216 6  3
539217 6  3
539218 6  3
539219 6  3
539220 6  3
539221 6  3
539222 6  3
539223 6  3
539224 6  3
539225 6  3
539226 6  3
539227 6  3
539228 6  3
539229 6  3
539230 6  3
539231 6  3
539232 6  3
539233 6  3
539234 6  3
539235 6  3
539236 6  3
539237 6  3
539238 6  3
539239 6  3
539240 6  3
539241 6  3
539242 6  3
539243 6  3
539244 6  3
539245 6  3
539246 6  3
539247 6  3
539248 6  3
539249 6  3
539250 6  3
539251 6  3
539252 6  3
539253 6  3
539254 6  3
539255 6  3
539256 6  3
539257 6  3
539258 6  3
539259 6  3
539260 6  3
539261 6  3
539262 6  3
539263 6  3
539264 6  3
539265 6  3
539266 6  3
539267 6  3
539268 6  3
539269 6  3
539270 6  3
539271 6  3
539272 6  3
539273 6  3
539274 6  3
539275 6  3
539276 6  3
539277 6  3
539278 6  3
539279 6  3
539280 6  3
539281 6  3
539282 6  3
539283 6  3
539284 6  3
539285 6  3
539286 6  3
539287 6  3
539288 6  3
539289 6  3
539290 6  3
539291 6  3
539292 6  3
539293 6  3
539294 6  3
539295 6  3
539296 6  3
539297 6  3
539298 6  3
539299 6  3
539300 6  3
539301 6  3
539302 6  3
539303 6  3
539304 6  3
539305 6  3
539306 6  3
539307 6  3
539308 6  3
539309 6  3
539310 6  3
539311 6  3
539312 6  3
539313 6  3
539314 6  3
539315 6  3
539316 6  3
539317 6  3
539318 6  3
539319 6  3
539320 6  3
539321 6  3
539322 6  3
539323 6  3
539324 6  3
539325 6  3
539326 6  3
539327 6  3
539328 6  3
539329 6  3
539330 6  3
539331 6  3
539332 6  3
539333 6  3
539334 6  3
539335 6  3
539336 6  3
539337 6  3
539338 6  3
539339 6  3
539340 6  3
539341 6  3
539342 6  3
539343 6  3
539344 6  3
539345 6  3
539346 6  3
539347 6  3
539348 6  3
539349 6  3
539350 6  3
539351 6  3
539352 6  3
539353 6  3
539354 6  3
539355 6  3
539356 6  3
539357 6  3
539358 6  3
539359 6  3
539360 6  3
539361 6  3
539362 6  3
539363 6  3
539364 6  3
539365 6  3
539366 6  3
539367 6  3
539368 6  3
539369 6  3
539370 6  3
539371 6  3
539372 6  3
539373 6  3
539374 6  3
539375 6  3
539376 6  3
539377 6  3
539378 6  3
539379 6  3
539380 6  3
539381 6  3
539382 6  3
539383 6  3
539384 6  3
539385 6  3
539386 6  3
539387 6  3
539388 6  3
539389 6  3
539390 6  3
539391 6  3
539392 6  3
539393 6  3
539394 6  3
539395 6  3
539396 6  3
539397 6  3
539398 6  3
539399 6  3
539400 6  3
539401 6  3
539402 6  3
539403 6  3
539404 6  3
539405 6  3
539406 6  3
539407 6  3
539408 6  3
539409 6  3
539410 6  3
539411 6  3
539412 6  3
539413 6  3
539414 6  3
539415 6  3
539416 6  3
539417 6  3
539418 6  3
539419 6  3
539420 6  3
539421 6  3
539422 6  3
539423 6  3
539424 6  3
539425 6  3
539426 6  3
539427 6  3
539428 6  3
539429 6  3
539430 6  3
539431 6  3
539432 6  3
539433 6  3
539434 6  3
539435 6  3
539436 6  3
539437 6  3
539438 6  3
539439 6  3
539440 6  3
539441 6  3
539442 6  3
539443 6  3
539444 6  3
539445 6  3
539446 6  3
539447 6  3
539448 6  3
539449 6  3
539450 6  3
539451 6  3
539452 6  3
539453 6  3
539454 6  3
539455 6  3
539456 6  3
539457 6  3
539458 6  3
539459 6  3
539460 6  3
539461 6  3
539462 6  3
539463 6  3
539464 6  3
539465 6  3
539466 6  3
539467 6  3
539468 6  3
539469 6  3
539470 6  3
539471 6  3
539472 6  3
539473 6  3
539474 6  3
539475 6  3
539476 6  3
539477 6  3
539478 6  3
539479 6  3
539480 6  3
539481 6  3
539482 6  3
539483 6  3
539484 6  3
539485 6  3
539486 6  3
539487 6  3
539488 6  3
539489 6  3
539490 6  3
539491 6  3
539492 6  3
539493 6  3
539494 6  3
539495 6  3
539496 6  3
539497 6  3
539498 6  3
539499 6  3
539500 6  3
539501 6  3
539502 6  3
539503 6  3
539504 6  3
539505 6  3
539506 6  3
539507 6  3
539508 6  3
539509 6  3
539510 6  3
539511 6  3
539512 6  3
539513 6  3
539514 6  3
539515 6  3
539516 6  3
539517 6  3
539518 6  3
539519 6  3
539520 6  3
539521 6  3
539522 6  3
539523 6  3
539524 6  3
539525 6  3
539526 6  3
539527 6  3
539528 6  3
539529 6  3
539530 6  3
539531 6  3
539532 6  3
539533 6  3
539534 6  3
539535 6  3
539536 6  3
539537 6  3
539538 6  3
539539 6  3
539540 6  3
539541 6  3
539542 6  3
539543 6  3
539544 6  3
539545 6  3
539546 6  3
539547 6  3
539548 6  3
539549 6  3
539550 6  3
539551 6  3
539552 6  3
539553 6  3
539554 6  3
539555 6  3
539556 6  3
539557 6  3
539558 6  3
539559 6  3
539560 6  3
539561 6  3
539562 6  3
539563 6  3
539564 6  3
539565 6  3
539566 6  3
539567 6  3
539568 6  3
539569 6  3
539570 6  3
539571 6  3
539572 6  3
539573 6  3
539574 6  3
539575 6  3
539576 6  3
539577 6  3
539578 6  3
539579 6  3
539580 6  3
539581 6  3
539582 6  3
539583 6  3
539584 6  3
539585 6  3
539586 6  3
539587 6  3
539588 6  3
539589 6  3
539590 6  3
539591 6  3
539592 6  3
539593 6  3
539594 6  3
539595 6  3
539596 6  3
539597 6  3
539598 6  3
539599 6  3
539600 6  3
539601 6  3
539602 6  3
539603 6  3
539604 6  3
539605 6  3
539606 6  3
539607 6  3
539608 6  3
539609 6  3
539610 6  3
539611 6  3
539612 6  3
539613 6  3
539614 6  3
539615 6  3
539616 6  3
539617 6  3
539618 6  3
539619 6  3
539620 6  3
539621 6  3
539622 6  3
539623 6  3
539624 6  3
539625 6  3
539626 6  3
539627 6  3
539628 6  3
539629 6  3
539630 6  3
539631 6  3
539632 6  3
539633 6  3
539634 6  3
539635 6  3
539636 6  3
539637 6  3
539638 6  3
539639 6  3
539640 6  3
539641 6  3
539642 6  3
539643 6  3
539644 6  3
539645 6  3
539646 6  3
539647 6  3
539648 6  3
539649 6  3
539650 6  3
539651 6  3
539652 6  3
539653 6  3
539654 6  3
539655 6  3
539656 6  3
539657 6  3
539658 6  3
539659 6  3
539660 6  3
539661 6  3
539662 6  3
539663 6  3
539664 6  3
539665 6  3
539666 6  3
539667 6  3
539668 6  3
539669 6  3
539670 6  3
539671 6  3
539672 6  3
539673 6  3
539674 6  3
539675 6  3
539676 6  3
539677 6  3
539678 6  3
539679 6  3
539680 6  3
539681 6  3
539682 6  3
539683 6  3
539684 6  3
539685 6  3
539686 6  3
539687 6  3
539688 6  3
539689 6  3
539690 6  3
539691 6  3
539692 6  3
539693 6  3
539694 6  3
539695 6  3
539696 6  3
539697 6  3
539698 6  3
539699 6  3
539700 6  3
539701 6  3
539702 6  3
539703 6  3
539704 6  3
539705 6  3
539706 6  3
539707 6  3
539708 6  3
539709 6  3
539710 6  3
539711 6  3
539712 6  3
539713 6  3
539714 6  3
539715 6  3
539716 6  3
539717 6  3
539718 6  3
539719 6  3
539720 6  3
539721 6  3
539722 6  3
539723 6  3
539724 6  3
539725 6  3
539726 6  3
539727 6  3
539728 6  3
539729 6  3
539730 6  3
539731 6  3
539732 6  3
539733 6  3
539734 6  3
539735 6  3
539736 6  3
539737 6  3
539738 6  3
539739 6  3
539740 6  3
539741 6  3
539742 6  3
539743 6  3
539744 6  3
539745 6  3
539746 6  3
539747 6  3
539748 6  3
539749 6  3
539750 6  3
539751 6  3
539752 6  3
539753 6  3
539754 6  3
539755 6  3
539756 6  3
539757 6  3
539758 6  3
539759 6  3
539760 6  3
539761 6  3
539762 6  3
539763 6  3
539764 6  3
539765 6  3
539766 6  3
539767 6  3
539768 6  3
539769 6  3
539770 6  3
539771 6  3
539772 6  3
539773 6  3
539774 6  3
539775 6  3
539776 6  3
539777 6  3
539778 6  3
539779 6  3
539780 6  3
539781 6  3
539782 6  3
539783 6  3
539784 6  3
539785 6  3
539786 6  3
539787 6  3
539788 6  3
539789 6  3
539790 6  3
539791 6  3
539792 6  3
539793 6  3
539794 6  3
539795 6  3
539796 6  3
539797 6  3
539798 6  3
539799 6  3
539800 6  3
539801 6  3
539802 6  3
539803 6  3
539804 6  3
539805 6  3
539806 6  3
539807 6  3
539808 6  3
539809 6  3
539810 6  3
539811 6  3
539812 6  3
539813 6  3
539814 6  3
539815 6  3
539816 6  3
539817 6  3
539818 6  3
539819 6  3
539820 6  3
539821 6  3
539822 6  3
539823 6  3
539824 6  3
539825 6  3
539826 6  3
539827 6  3
539828 6  3
539829 6  3
539830 6  3
539831 6  3
539832 6  3
539833 6  3
539834 6  3
539835 6  3
539836 6  3
539837 6  3
539838 6  3
539839 6  3
539840 6  3
539841 6  3
539842 6  3
539843 6  3
539844 6  3
539845 6  3
539846 6  3
539847 6  3
539848 6  3
539849 6  3
539850 6  3
539851 6  3
539852 6  3
539853 6  3
539854 6  3
539855 6  3
539856 6  3
539857 6  3
539858 6  3
539859 6  3
539860 6  3
539861 6  3
539862 6  3
539863 6  3
539864 6  3
539865 6  3
539866 6  3
539867 6  3
539868 6  3
539869 6  3
539870 6  3
539871 6  3
539872 6  3
539873 6  3
539874 6  3
539875 6  3
539876 6  3
539877 6  3
539878 6  3
539879 6  3
539880 6  3
539881 6  3
539882 6  3
539883 6  3
539884 6  3
539885 6  3
539886 6  3
539887 6  3
539888 6  3
539889 6  3
539890 6  3
539891 6  3
539892 6  3
539893 6  3
539894 6  3
539895 6  3
539896 6  3
539897 6  3
539898 6  3
539899 6  3
539900 6  3
539901 6  3
539902 6  3
539903 6  3
539904 6  3
539905 6  3
539906 6  3
539907 6  3
539908 6  3
539909 6  3
539910 6  3
539911 6  3
539912 6  3
539913 6  3
539914 6  3
539915 6  3
539916 6  3
539917 6  3
539918 6  3
539919 6  3
539920 6  3
539921 6  3
539922 6  3
539923 6  3
539924 6  3
539925 6  3
539926 6  3
539927 6  3
539928 6  3
539929 6  3
539930 6  3
539931 6  3
539932 6  3
539933 6  3
539934 6  3
539935 6  3
539936 6  3
539937 6  3
539938 6  3
539939 6  3
539940 6  3
539941 6  3
539942 6  3
539943 6  3
539944 6  3
539945 6  3
539946 6  3
539947 6  3
539948 6  3
539949 6  3
539950 6  3
539951 6  3
539952 6  3
539953 6  3
539954 6  3
539955 6  3
539956 6  3
539957 6  3
539958 6  3
539959 6  3
539960 6  3
539961 6  3
539962 6  3
539963 6  3
539964 6  3
539965 6  3
539966 6  3
539967 6  3
539968 6  3
539969 6  3
539970 6  3
539971 6  3
539972 6  3
539973 6  3
539974 6  3
539975 6  3
539976 6  3
539977 6  3
539978 6  3
539979 6  3
539980 6  3
539981 6  3
539982 6  3
539983 6  3
539984 6  3
539985 6  3
539986 6  3
539987 6  3
539988 6  3
539989 6  3
539990 6  3
539991 6  3
539992 6  3
539993 6  3
539994 6  3
539995 6  3
539996 6  3
539997 6  3
539998 6  3
539999 6  3
540000 6  3
540001 6  3
540002 6  3
540003 6  3
540004 6  3
540005 6  3
540006 6  3
540007 6  3
540008 6  3
540009 6  3
540010 6  3
540011 6  3
540012 6  3
540013 6  3
540014 6  3
540015 6  3
540016 6  3
540017 6  3
540018 6  3
540019 6  3
540020 6  3
540021 6  3
540022 6  3
540023 6  3
540024 6  3
540025 6  3
540026 6  3
540027 6  3
540028 6  3
540029 6  3
540030 6  3
540031 6  3
540032 6  3
540033 6  3
540034 6  3
540035 6  3
540036 6  3
540037 6  3
540038 6  3
540039 6  3
540040 6  3
540041 6  3
540042 6  3
540043 6  3
540044 6  3
540045 6  3
540046 6  3
540047 6  3
540048 6  3
540049 6  3
540050 6  3
540051 6  3
540052 6  3
540053 6  3
540054 6  3
540055 6  3
540056 6  3
540057 6  3
540058 6  3
540059 6  3
540060 6  3
540061 6  3
540062 6  3
540063 6  3
540064 6  3
540065 6  3
540066 6  3
540067 6  3
540068 6  3
540069 6  3
540070 6  3
540071 6  3
540072 6  3
540073 6  3
540074 6  3
540075 6  3
540076 6  3
540077 6  3
540078 6  3
540079 6  3
540080 6  3
540081 6  3
540082 6  3
540083 6  3
540084 6  3
540085 6  3
540086 6  3
540087 6  3
540088 6  3
540089 6  3
540090 6  3
540091 6  3
540092 6  3
540093 6  3
540094 6  3
540095 6  3
540096 6  3
540097 6  3
540098 6  3
540099 6  3
540100 6  3
540101 6  3
540102 6  3
540103 6  3
540104 6  3
540105 6  3
540106 6  3
540107 6  3
540108 6  3
540109 6  3
540110 6  3
540111 6  3
540112 6  3
540113 6  3
540114 6  3
540115 6  3
540116 6  3
540117 6  3
540118 6  3
540119 6  3
540120 6  3
540121 6  3
540122 6  3
540123 6  3
540124 6  3
540125 6  3
540126 6  3
540127 6  3
540128 6  3
540129 6  3
540130 6  3
540131 6  3
540132 6  3
540133 6  3
540134 6  3
540135 6  3
540136 6  3
540137 6  3
540138 6  3
540139 6  3
540140 6  3
540141 6  3
540142 6  3
540143 6  3
540144 6  3
540145 6  3
540146 6  3
540147 6  3
540148 6  3
540149 6  3
540150 6  3
540151 6  3
540152 6  3
540153 6  3
540154 6  3
540155 6  3
540156 6  3
540157 6  3
540158 6  3
540159 6  3
540160 6  3
540161 6  3
540162 6  3
540163 6  3
540164 6  3
540165 6  3
540166 6  3
540167 6  3
540168 6  3
540169 6  3
540170 6  3
540171 6  3
540172 6  3
540173 6  3
540174 6  3
540175 6  3
540176 6  3
540177 6  3
540178 6  3
540179 6  3
540180 6  3
540181 6  3
540182 6  3
540183 6  3
540184 6  3
540185 6  3
540186 6  3
540187 6  3
540188 6  3
540189 6  3
540190 6  3
540191 6  3
540192 6  3
540193 6  3
540194 6  3
540195 6  3
540196 6  3
540197 6  3
540198 6  3
540199 6  3
540200 6  3
540201 6  3
540202 6  3
540203 6  3
540204 6  3
540205 6  3
540206 6  3
540207 6  3
540208 6  3
540209 6  3
540210 6  3
540211 6  3
540212 6  3
540213 6  3
540214 6  3
540215 6  3
540216 6  3
540217 6  3
540218 6  3
540219 6  3
540220 6  3
540221 6  3
540222 6  3
540223 6  3
540224 6  3
540225 6  3
540226 6  3
540227 6  3
540228 6  3
540229 6  3
540230 6  3
540231 6  3
540232 6  3
540233 6  3
540234 6  3
540235 6  3
540236 6  3
540237 6  3
540238 6  3
540239 6  3
540240 6  3
540241 6  3
540242 6  3
540243 6  3
540244 6  3
540245 6  3
540246 6  3
540247 6  3
540248 6  3
540249 6  3
540250 6  3
540251 6  3
540252 6  3
540253 6  3
540254 6  3
540255 6  3
540256 6  3
540257 6  3
540258 6  3
540259 6  3
540260 6  3
540261 6  3
540262 6  3
540263 6  3
540264 6  3
540265 6  3
540266 6  3
540267 6  3
540268 6  3
540269 6  3
540270 6  3
540271 6  3
540272 6  3
540273 6  3
540274 6  3
540275 6  3
540276 6  3
540277 6  3
540278 6  3
540279 6  3
540280 6  3
540281 6  3
540282 6  3
540283 6  3
540284 6  3
540285 6  3
540286 6  3
540287 6  3
540288 6  3
540289 6  3
540290 6  3
540291 6  3
540292 6  3
540293 6  3
540294 6  3
540295 6  3
540296 6  3
540297 6  3
540298 6  3
540299 6  3
540300 6  3
540301 6  3
540302 6  3
540303 6  3
540304 6  3
540305 6  3
540306 6  3
540307 6  3
540308 6  3
540309 6  3
540310 6  3
540311 6  3
540312 6  3
540313 6  3
540314 6  3
540315 6  3
540316 6  3
540317 6  3
540318 6  3
540319 6  3
540320 6  3
540321 6  3
540322 6  3
540323 6  3
540324 6  3
540325 6  3
540326 6  3
540327 6  3
540328 6  3
540329 6  3
540330 6  3
540331 6  3
540332 6  3
540333 6  3
540334 6  3
540335 6  3
540336 6  3
540337 6  3
540338 6  3
540339 6  3
540340 6  3
540341 6  3
540342 6  3
540343 6  3
540344 6  3
540345 6  3
540346 6  3
540347 6  3
540348 6  3
540349 6  3
540350 6  3
540351 6  3
540352 6  3
540353 6  3
540354 6  3
540355 6  3
540356 6  3
540357 6  3
540358 6  3
540359 6  3
540360 6  3
540361 6  3
540362 6  3
540363 6  3
540364 6  3
540365 6  3
540366 6  3
540367 6  3
540368 6  3
540369 6  3
540370 6  3
540371 6  3
540372 6  3
540373 6  3
540374 6  3
540375 6  3
540376 6  3
540377 6  3
540378 6  3
540379 6  3
540380 6  3
540381 6  3
540382 6  3
540383 6  3
540384 6  3
540385 6  3
540386 6  3
540387 6  3
540388 6  3
540389 6  3
540390 6  3
540391 6  3
540392 6  3
540393 6  3
540394 6  3
540395 6  3
540396 6  3
540397 6  3
540398 6  3
540399 6  3
540400 6  3
540401 6  3
540402 6  3
540403 6  3
540404 6  3
540405 6  3
540406 6  3
540407 6  3
540408 6  3
540409 6  3
540410 6  3
540411 6  3
540412 6  3
540413 6  3
540414 6  3
540415 6  3
540416 6  3
540417 6  3
540418 6  3
540419 6  3
540420 6  3
540421 6  3
540422 6  3
540423 6  3
540424 6  3
540425 6  3
540426 6  3
540427 6  3
540428 6  3
540429 6  3
540430 6  3
540431 6  3
540432 6  3
540433 6  3
540434 6  3
540435 6  3
540436 6  3
540437 6  3
540438 6  3
540439 6  3
540440 6  3
540441 6  3
540442 6  3
540443 6  3
540444 6  3
540445 6  3
540446 6  3
540447 6  3
540448 6  3
540449 6  3
540450 6  3
540451 6  3
540452 6  3
540453 6  3
540454 6  3
540455 6  3
540456 6  3
540457 6  3
540458 6  3
540459 6  3
540460 6  3
540461 6  3
540462 6  3
540463 6  3
540464 6  3
540465 6  3
540466 6  3
540467 6  3
540468 6  3
540469 6  3
540470 6  3
540471 6  3
540472 6  3
540473 6  3
540474 6  3
540475 6  3
540476 6  3
540477 6  3
540478 6  3
540479 6  3
540480 6  3
540481 6  3
540482 6  3
540483 6  3
540484 6  3
540485 6  3
540486 6  3
540487 6  3
540488 6  3
540489 6  3
540490 6  3
540491 6  3
540492 6  3
540493 6  3
540494 6  3
540495 6  3
540496 6  3
540497 6  3
540498 6  3
540499 6  3
540500 6  3
540501 6  3
540502 6  3
540503 6  3
540504 6  3
540505 6  3
540506 6  3
540507 6  3
540508 6  3
540509 6  3
540510 6  3
540511 6  3
540512 6  3
540513 6  3
540514 6  3
540515 6  3
540516 6  3
540517 6  3
540518 6  3
540519 6  3
540520 6  3
540521 6  3
540522 6  3
540523 6  3
540524 6  3
540525 6  3
540526 6  3
540527 6  3
540528 6  3
540529 6  3
540530 6  3
540531 6  3
540532 6  3
540533 6  3
540534 6  3
540535 6  3
540536 6  3
540537 6  3
540538 6  3
540539 6  3
540540 6  3
540541 6  3
540542 6  3
540543 6  3
540544 6  3
540545 6  3
540546 6  3
540547 6  3
540548 6  3
540549 6  3
540550 6  3
540551 6  3
540552 6  3
540553 6  3
540554 6  3
540555 6  3
540556 6  3
540557 6  3
540558 6  3
540559 6  3
540560 6  3
540561 6  3
540562 6  3
540563 6  3
540564 6  3
540565 6  3
540566 6  3
540567 6  3
540568 6  3
540569 6  3
540570 6  3
540571 6  3
540572 6  3
540573 6  3
540574 6  3
540575 6  3
540576 6  3
540577 6  3
540578 6  3
540579 6  3
540580 6  3
540581 6  3
540582 6  3
540583 6  3
540584 6  3
540585 6  3
540586 6  3
540587 6  3
540588 6  3
540589 6  3
540590 6  3
540591 6  3
540592 6  3
540593 6  3
540594 6  3
540595 6  3
540596 6  3
540597 6  3
540598 6  3
540599 6  3
540600 6  3
540601 6  3
540602 6  3
540603 6  3
540604 6  3
540605 6  3
540606 6  3
540607 6  3
540608 6  3
540609 6  3
540610 6  3
540611 6  3
540612 6  3
540613 6  3
540614 6  3
540615 6  3
540616 6  3
540617 6  3
540618 6  3
540619 6  3
540620 6  3
540621 6  3
540622 6  3
540623 6  3
540624 6  3
540625 6  3
540626 6  3
540627 6  3
540628 6  3
540629 6  3
540630 6  3
540631 6  3
540632 6  3
540633 6  3
540634 6  3
540635 6  3
540636 6  3
540637 6  3
540638 6  3
540639 6  3
540640 6  3
540641 6  3
540642 6  3
540643 6  3
540644 6  3
540645 6  3
540646 6  3
540647 6  3
540648 6  3
540649 6  3
540650 6  3
540651 6  3
540652 6  3
540653 6  3
540654 6  3
540655 6  3
540656 6  3
540657 6  3
540658 6  3
540659 6  3
540660 6  3
540661 6  3
540662 6  3
540663 6  3
540664 6  3
540665 6  3
540666 6  3
540667 6  3
540668 6  3
540669 6  3
540670 6  3
540671 6  3
540672 6  3
540673 6  3
540674 6  3
540675 6  3
540676 6  3
540677 6  3
540678 6  3
540679 6  3
540680 6  3
540681 6  3
540682 6  3
540683 6  3
540684 6  3
540685 6  3
540686 6  3
540687 6  3
540688 6  3
540689 6  3
540690 6  3
540691 6  3
540692 6  3
540693 6  3
540694 6  3
540695 6  3
540696 6  3
540697 6  3
540698 6  3
540699 6  3
540700 6  3
540701 6  3
540702 6  3
540703 6  3
540704 6  3
540705 6  3
540706 6  3
540707 6  3
540708 6  3
540709 6  3
540710 6  3
540711 6  3
540712 6  3
540713 6  3
540714 6  3
540715 6  3
540716 6  3
540717 6  3
540718 6  3
540719 6  3
540720 6  3
540721 6  3
540722 6  3
540723 6  3
540724 6  3
540725 6  3
540726 6  3
540727 6  3
540728 6  3
540729 6  3
540730 6  3
540731 6  3
540732 6  3
540733 6  3
540734 6  3
540735 6  3
540736 6  3
540737 6  3
540738 6  3
540739 6  3
540740 6  3
540741 6  3
540742 6  3
540743 6  3
540744 6  3
540745 6  3
540746 6  3
540747 6  3
540748 6  3
540749 6  3
540750 6  3
540751 6  3
540752 6  3
540753 6  3
540754 6  3
540755 6  3
540756 6  3
540757 6  3
540758 6  3
540759 6  3
540760 6  3
540761 6  3
540762 6  3
540763 6  3
540764 6  3
540765 6  3
540766 6  3
540767 6  3
540768 6  3
540769 6  3
540770 6  3
540771 6  3
540772 6  3
540773 6  3
540774 6  3
540775 6  3
540776 6  3
540777 6  3
540778 6  3
540779 6  3
540780 6  3
540781 6  3
540782 6  3
540783 6  3
540784 6  3
540785 6  3
540786 6  3
540787 6  3
540788 6  3
540789 6  3
540790 6  3
540791 6  3
540792 6  3
540793 6  3
540794 6  3
540795 6  3
540796 6  3
540797 6  3
540798 6  3
540799 6  3
540800 6  3
540801 6  3
540802 6  3
540803 6  3
540804 6  3
540805 6  3
540806 6  3
540807 6  3
540808 6  3
540809 6  3
540810 6  3
540811 6  3
540812 6  3
540813 6  3
540814 6  3
540815 6  3
540816 6  3
540817 6  3
540818 6  3
540819 6  3
540820 6  3
540821 6  3
540822 6  3
540823 6  3
540824 6  3
540825 6  3
540826 6  3
540827 6  3
540828 6  3
540829 6  3
540830 6  3
540831 6  3
540832 6  3
540833 6  3
540834 6  3
540835 6  3
540836 6  3
540837 6  3
540838 6  3
540839 6  3
540840 6  3
540841 6  3
540842 6  3
540843 6  3
540844 6  3
540845 6  3
540846 6  3
540847 6  3
540848 6  3
540849 6  3
540850 6  3
540851 6  3
540852 6  3
540853 6  3
540854 6  3
540855 6  3
540856 6  3
540857 6  3
540858 6  3
540859 6  3
540860 6  3
540861 6  3
540862 6  3
540863 6  3
540864 6  3
540865 6  3
540866 6  3
540867 6  3
540868 6  3
540869 6  3
540870 6  3
540871 6  3
540872 6  3
540873 6  3
540874 6  3
540875 6  3
540876 6  3
540877 6  3
540878 6  3
540879 6  3
540880 6  3
540881 6  3
540882 6  3
540883 6  3
540884 6  3
540885 6  3
540886 6  3
540887 6  3
540888 6  3
540889 6  3
540890 6  3
540891 6  3
540892 6  3
540893 6  3
540894 6  3
540895 6  3
540896 6  3
540897 6  3
540898 6  3
540899 6  3
540900 6  3
540901 6  3
540902 6  3
540903 6  3
540904 6  3
540905 6  3
540906 6  3
540907 6  3
540908 6  3
540909 6  3
540910 6  3
540911 6  3
540912 6  3
540913 6  3
540914 6  3
540915 6  3
540916 6  3
540917 6  3
540918 6  3
540919 6  3
540920 6  3
540921 6  3
540922 6  3
540923 6  3
540924 6  3
540925 6  3
540926 6  3
540927 6  3
540928 6  3
540929 6  3
540930 6  3
540931 6  3
540932 6  3
540933 6  3
540934 6  3
540935 6  3
540936 6  3
540937 6  3
540938 6  3
540939 6  3
540940 6  3
540941 6  3
540942 6  3
540943 6  3
540944 6  3
540945 6  3
540946 6  3
540947 6  3
540948 6  3
540949 6  3
540950 6  3
540951 6  3
540952 6  3
540953 6  3
540954 6  3
540955 6  3
540956 6  3
540957 6  3
540958 6  3
540959 6  3
540960 6  3
540961 6  3
540962 6  3
540963 6  3
540964 6  3
540965 6  3
540966 6  3
540967 6  3
540968 6  3
540969 6  3
540970 6  3
540971 6  3
540972 6  3
540973 6  3
540974 6  3
540975 6  3
540976 6  3
540977 6  3
540978 6  3
540979 6  3
540980 6  3
540981 6  3
540982 6  3
540983 6  3
540984 6  3
540985 6  3
540986 6  3
540987 6  3
540988 6  3
540989 6  3
540990 6  3
540991 6  3
540992 6  3
540993 6  3
540994 6  3
540995 6  3
540996 6  3
540997 6  3
540998 6  3
540999 6  3
541000 6  3
541001 6  3
541002 6  3
541003 6  3
541004 6  3
541005 6  3
541006 6  3
541007 6  3
541008 6  3
541009 6  3
541010 6  3
541011 6  3
541012 6  3
541013 6  3
541014 6  3
541015 6  3
541016 6  3
541017 6  3
541018 6  3
541019 6  3
541020 6  3
541021 6  3
541022 6  3
541023 6  3
541024 6  3
541025 6  3
541026 6  3
541027 6  3
541028 6  3
541029 6  3
541030 6  3
541031 6  3
541032 6  3
541033 6  3
541034 6  3
541035 6  3
541036 6  3
541037 6  3
541038 6  3
541039 6  3
541040 6  3
541041 6  3
541042 6  3
541043 6  3
541044 6  3
541045 6  3
541046 6  3
541047 6  3
541048 6  3
541049 6  3
541050 6  3
541051 6  3
541052 6  3
541053 6  3
541054 6  3
541055 6  3
541056 6  3
541057 6  3
541058 6  3
541059 6  3
541060 6  3
541061 6  3
541062 6  3
541063 6  3
541064 6  3
541065 6  3
541066 6  3
541067 6  3
541068 6  3
541069 6  3
541070 6  3
541071 6  3
541072 6  3
541073 6  3
541074 6  3
541075 6  3
541076 6  3
541077 6  3
541078 6  3
541079 6  3
541080 6  3
541081 6  3
541082 6  3
541083 6  3
541084 6  3
541085 6  3
541086 6  3
541087 6  3
541088 6  3
541089 6  3
541090 6  3
541091 6  3
541092 6  3
541093 6  3
541094 6  3
541095 6  3
541096 6  3
541097 6  3
541098 6  3
541099 6  3
541100 6  3
541101 6  3
541102 6  3
541103 6  3
541104 6  3
541105 6  3
541106 6  3
541107 6  3
541108 6  3
541109 6  3
541110 6  3
541111 6  3
541112 6  3
541113 6  3
541114 6  3
541115 6  3
541116 6  3
541117 6  3
541118 6  3
541119 6  3
541120 6  3
541121 6  3
541122 6  3
541123 6  3
541124 6  3
541125 6  3
541126 6  3
541127 6  3
541128 6  3
541129 6  3
541130 6  3
541131 6  3
541132 6  3
541133 6  3
541134 6  3
541135 6  3
541136 6  3
541137 6  3
541138 6  3
541139 6  3
541140 6  3
541141 6  3
541142 6  3
541143 6  3
541144 6  3
541145 6  3
541146 6  3
541147 6  3
541148 6  3
541149 6  3
541150 6  3
541151 6  3
541152 6  3
541153 6  3
541154 6  3
541155 6  3
541156 6  3
541157 6  3
541158 6  3
541159 6  3
541160 6  3
541161 6  3
541162 6  3
541163 6  3
541164 6  3
541165 6  3
541166 6  3
541167 6  3
541168 6  3
541169 6  3
541170 6  3
541171 6  3
541172 6  3
541173 6  3
541174 6  3
541175 6  3
541176 6  3
541177 6  3
541178 6  3
541179 6  3
541180 6  3
541181 6  3
541182 6  3
541183 6  3
541184 6  3
541185 6  3
541186 6  3
541187 6  3
541188 6  3
541189 6  3
541190 6  3
541191 6  3
541192 6  3
541193 6  3
541194 6  3
541195 6  3
541196 6  3
541197 6  3
541198 6  3
541199 6  3
541200 6  3
541201 6  3
541202 6  3
541203 6  3
541204 6  3
541205 6  3
541206 6  3
541207 6  3
541208 6  3
541209 6  3
541210 6  3
541211 6  3
541212 6  3
541213 6  3
541214 6  3
541215 6  3
541216 6  3
541217 6  3
541218 6  3
541219 6  3
541220 6  3
541221 6  3
541222 6  3
541223 6  3
541224 6  3
541225 6  3
541226 6  3
541227 6  3
541228 6  3
541229 6  3
541230 6  3
541231 6  3
541232 6  3
541233 6  3
541234 6  3
541235 6  3
541236 6  3
541237 6  3
541238 6  3
541239 6  3
541240 6  3
541241 6  3
541242 6  3
541243 6  3
541244 6  3
541245 6  3
541246 6  3
541247 6  3
541248 6  3
541249 6  3
541250 6  3
541251 6  3
541252 6  3
541253 6  3
541254 6  3
541255 6  3
541256 6  3
541257 6  3
541258 6  3
541259 6  3
541260 6  3
541261 6  3
541262 6  3
541263 6  3
541264 6  3
541265 6  3
541266 6  3
541267 6  3
541268 6  3
541269 6  3
541270 6  3
541271 6  3
541272 6  3
541273 6  3
541274 6  3
541275 6  3
541276 6  3
541277 6  3
541278 6  3
541279 6  3
541280 6  3
541281 6  3
541282 6  3
541283 6  3
541284 6  3
541285 6  3
541286 6  3
541287 6  3
541288 6  3
541289 6  3
541290 6  3
541291 6  3
541292 6  3
541293 6  3
541294 6  3
541295 6  3
541296 6  3
541297 6  3
541298 6  3
541299 6  3
541300 6  3
541301 6  3
541302 6  3
541303 6  3
541304 6  3
541305 6  3
541306 6  3
541307 6  3
541308 6  3
541309 6  3
541310 6  3
541311 6  3
541312 6  3
541313 6  3
541314 6  3
541315 6  3
541316 6  3
541317 6  3
541318 6  3
541319 6  3
541320 6  3
541321 6  3
541322 6  3
541323 6  3
541324 6  3
541325 6  3
541326 6  3
541327 6  3
541328 6  3
541329 6  3
541330 6  3
541331 6  3
541332 6  3
541333 6  3
541334 6  3
541335 6  3
541336 6  3
541337 6  3
541338 6  3
541339 6  3
541340 6  3
541341 6  3
541342 6  3
541343 6  3
541344 6  3
541345 6  3
541346 6  3
541347 6  3
541348 6  3
541349 6  3
541350 6  3
541351 6  3
541352 6  3
541353 6  3
541354 6  3
541355 6  3
541356 6  3
541357 6  3
541358 6  3
541359 6  3
541360 6  3
541361 6  3
541362 6  3
541363 6  3
541364 6  3
541365 6  3
541366 6  3
541367 6  3
541368 6  3
541369 6  3
541370 6  3
541371 6  3
541372 6  3
541373 6  3
541374 6  3
541375 6  3
541376 6  3
541377 6  3
541378 6  3
541379 6  3
541380 6  3
541381 6  3
541382 6  3
541383 6  3
541384 6  3
541385 6  3
541386 6  3
541387 6  3
541388 6  3
541389 6  3
541390 6  3
541391 6  3
541392 6  3
541393 6  3
541394 6  3
541395 6  3
541396 6  3
541397 6  3
541398 6  3
541399 6  3
541400 6  3
541401 6  3
541402 6  3
541403 6  3
541404 6  3
541405 6  3
541406 6  3
541407 6  3
541408 6  3
541409 6  3
541410 6  3
541411 6  3
541412 6  3
541413 6  3
541414 6  3
541415 6  3
541416 6  3
541417 6  3
541418 6  3
541419 6  3
541420 6  3
541421 6  3
541422 6  3
541423 6  3
541424 6  3
541425 6  3
541426 6  3
541427 6  3
541428 6  3
541429 6  3
541430 6  3
541431 6  3
541432 6  3
541433 6  3
541434 6  3
541435 6  3
541436 6  3
541437 6  3
541438 6  3
541439 6  3
541440 6  3
541441 6  3
541442 6  3
541443 6  3
541444 6  3
541445 6  3
541446 6  3
541447 6  3
541448 6  3
541449 6  3
541450 6  3
541451 6  3
541452 6  3
541453 6  3
541454 6  3
541455 6  3
541456 6  3
541457 6  3
541458 6  3
541459 6  3
541460 6  3
541461 6  3
541462 6  3
541463 6  3
541464 6  3
541465 6  3
541466 6  3
541467 6  3
541468 6  3
541469 6  3
541470 6  3
541471 6  3
541472 6  3
541473 6  3
541474 6  3
541475 6  3
541476 6  3
541477 6  3
541478 6  3
541479 6  3
541480 6  3
541481 6  3
541482 6  3
541483 6  3
541484 6  3
541485 6  3
541486 6  3
541487 6  3
541488 6  3
541489 6  3
541490 6  3
541491 6  3
541492 6  3
541493 6  3
541494 6  3
541495 6  3
541496 6  3
541497 6  3
541498 6  3
541499 6  3
541500 6  3
541501 6  3
541502 6  3
541503 6  3
541504 6  3
541505 6  3
541506 6  3
541507 6  3
541508 6  3
541509 6  3
541510 6  3
541511 6  3
541512 6  3
541513 6  3
541514 6  3
541515 6  3
541516 6  3
541517 6  3
541518 6  3
541519 6  3
541520 6  3
541521 6  3
541522 6  3
541523 6  3
541524 6  3
541525 6  3
541526 6  3
541527 6  3
541528 6  3
541529 6  3
541530 6  3
541531 6  3
541532 6  3
541533 6  3
541534 6  3
541535 6  3
541536 6  3
541537 6  3
541538 6  3
541539 6  3
541540 6  3
541541 6  3
541542 6  3
541543 6  3
541544 6  3
541545 6  3
541546 6  3
541547 6  3
541548 6  3
541549 6  3
541550 6  3
541551 6  3
541552 6  3
541553 6  3
541554 6  3
541555 6  3
541556 6  3
541557 6  3
541558 6  3
541559 6  3
541560 6  3
541561 6  3
541562 6  3
541563 6  3
541564 6  3
541565 6  3
541566 6  3
541567 6  3
541568 6  3
541569 6  3
541570 6  3
541571 6  3
541572 6  3
541573 6  3
541574 6  3
541575 6  3
541576 6  3
541577 6  3
541578 6  3
541579 6  3
541580 6  3
541581 6  3
541582 6  3
541583 6  3
541584 6  3
541585 6  3
541586 6  3
541587 6  3
541588 6  3
541589 6  3
541590 6  3
541591 6  3
541592 6  3
541593 6  3
541594 6  3
541595 6  3
541596 6  3
541597 6  3
541598 6  3
541599 6  3
541600 6  3
541601 6  3
541602 6  3
541603 6  3
541604 6  3
541605 6  3
541606 6  3
541607 6  3
541608 6  3
541609 6  3
541610 6  3
541611 6  3
541612 6  3
541613 6  3
541614 6  3
541615 6  3
541616 6  3
541617 6  3
541618 6  3
541619 6  3
541620 6  3
541621 6  3
541622 6  3
541623 6  3
541624 6  3
541625 6  3
541626 6  3
541627 6  3
541628 6  3
541629 6  3
541630 6  3
541631 6  3
541632 6  3
541633 6  3
541634 6  3
541635 6  3
541636 6  3
541637 6  3
541638 6  3
541639 6  3
541640 6  3
541641 6  3
541642 6  3
541643 6  3
541644 6  3
541645 6  3
541646 6  3
541647 6  3
541648 6  3
541649 6  3
541650 6  3
541651 6  3
541652 6  3
541653 6  3
541654 6  3
541655 6  3
541656 6  3
541657 6  3
541658 6  3
541659 6  3
541660 6  3
541661 6  3
541662 6  3
541663 6  3
541664 6  3
541665 6  3
541666 6  3
541667 6  3
541668 6  3
541669 6  3
541670 6  3
541671 6  3
541672 6  3
541673 6  3
541674 6  3
541675 6  3
541676 6  3
541677 6  3
541678 6  3
541679 6  3
541680 6  3
541681 6  3
541682 6  3
541683 6  3
541684 6  3
541685 6  3
541686 6  3
541687 6  3
541688 6  3
541689 6  3
541690 6  3
541691 6  3
541692 6  3
541693 6  3
541694 6  3
541695 6  3
541696 6  3
541697 6  3
541698 6  3
541699 6  3
541700 6  3
541701 6  3
541702 6  3
541703 6  3
541704 6  3
541705 6  3
541706 6  3
541707 6  3
541708 6  3
541709 6  3
541710 6  3
541711 6  3
541712 6  3
541713 6  3
541714 6  3
541715 6  3
541716 6  3
541717 6  3
541718 6  3
541719 6  3
541720 6  3
541721 6  3
541722 6  3
541723 6  3
541724 6  3
541725 6  3
541726 6  3
541727 6  3
541728 6  3
541729 6  3
541730 6  3
541731 6  3
541732 6  3
541733 6  3
541734 6  3
541735 6  3
541736 6  3
541737 6  3
541738 6  3
541739 6  3
541740 6  3
541741 6  3
541742 6  3
541743 6  3
541744 6  3
541745 6  3
541746 6  3
541747 6  3
541748 6  3
541749 6  3
541750 6  3
541751 6  3
541752 6  3
541753 6  3
541754 6  3
541755 6  3
541756 6  3
541757 6  3
541758 6  3
541759 6  3
541760 6  3
541761 6  3
541762 6  3
541763 6  3
541764 6  3
541765 6  3
541766 6  3
541767 6  3
541768 6  3
541769 6  3
541770 6  3
541771 6  3
541772 6  3
541773 6  3
541774 6  3
541775 6  3
541776 6  3
541777 6  3
541778 6  3
541779 6  3
541780 6  3
541781 6  3
541782 6  3
541783 6  3
541784 6  3
541785 6  3
541786 6  3
541787 6  3
541788 6  3
541789 6  3
541790 6  3
541791 6  3
541792 6  3
541793 6  3
541794 6  3
541795 6  3
541796 6  3
541797 6  3
541798 6  3
541799 6  3
541800 6  3
541801 6  3
541802 6  3
541803 6  3
541804 6  3
541805 6  3
541806 6  3
541807 6  3
541808 6  3
541809 6  3
541810 6  3
541811 6  3
541812 6  3
541813 6  3
541814 6  3
541815 6  3
541816 6  3
541817 6  3
541818 6  3
541819 6  3
541820 6  3
541821 6  3
541822 6  3
541823 6  3
541824 6  3
541825 6  3
541826 6  3
541827 6  3
541828 6  3
541829 6  3
541830 6  3
541831 6  3
541832 6  3
541833 6  3
541834 6  3
541835 6  3
541836 6  3
541837 6  3
541838 6  3
541839 6  3
541840 6  3
541841 6  3
541842 6  3
541843 6  3
541844 6  3
541845 6  3
541846 6  3
541847 6  3
541848 6  3
541849 6  3
541850 6  3
541851 6  3
541852 6  3
541853 6  3
541854 6  3
541855 6  3
541856 6  3
541857 6  3
541858 6  3
541859 6  3
541860 6  3
541861 6  3
541862 6  3
541863 6  3
541864 6  3
541865 6  3
541866 6  3
541867 6  3
541868 6  3
541869 6  3
541870 6  3
541871 6  3
541872 6  3
541873 6  3
541874 6  3
541875 6  3
541876 6  3
541877 6  3
541878 6  3
541879 6  3
541880 6  3
541881 6  3
541882 6  3
541883 6  3
541884 6  3
541885 6  3
541886 6  3
541887 6  3
541888 6  3
541889 6  3
541890 6  3
541891 6  3
541892 6  3
541893 6  3
541894 6  3
541895 6  3
541896 6  3
541897 6  3
541898 6  3
541899 6  3
541900 6  3
541901 6  3
541902 6  3
541903 6  3
541904 6  3
541905 6  3
541906 6  3
541907 6  3
541908 6  3
541909 6  3
541910 6  3
541911 6  3
541912 6  3
541913 6  3
541914 6  3
541915 6  3
541916 6  3
541917 6  3
541918 6  3
541919 6  3
541920 6  3
541921 6  3
541922 6  3
541923 6  3
541924 6  3
541925 6  3
541926 6  3
541927 6  3
541928 6  3
541929 6  3
541930 6  3
541931 6  3
541932 6  3
541933 6  3
541934 6  3
541935 6  3
541936 6  3
541937 6  3
541938 6  3
541939 6  3
541940 6  3
541941 6  3
541942 6  3
541943 6  3
541944 6  3
541945 6  3
541946 6  3
541947 6  3
541948 6  3
541949 6  3
541950 6  3
541951 6  3
541952 6  3
541953 6  3
541954 6  3
541955 6  3
541956 6  3
541957 6  3
541958 6  3
541959 6  3
541960 6  3
541961 6  3
541962 6  3
541963 6  3
541964 6  3
541965 6  3
541966 6  3
541967 6  3
541968 6  3
541969 6  3
541970 6  3
541971 6  3
541972 6  3
541973 6  3
541974 6  3
541975 6  3
541976 6  3
541977 6  3
541978 6  3
541979 6  3
541980 6  3
541981 6  3
541982 6  3
541983 6  3
541984 6  3
541985 6  3
541986 6  3
541987 6  3
541988 6  3
541989 6  3
541990 6  3
541991 6  3
541992 6  3
541993 6  3
541994 6  3
541995 6  3
541996 6  3
541997 6  3
541998 6  3
541999 6  3
542000 6  3
542001 6  3
542002 6  3
542003 6  3
542004 6  3
542005 6  3
542006 6  3
542007 6  3
542008 6  3
542009 6  3
542010 6  3
542011 6  3
542012 6  3
542013 6  3
542014 6  3
542015 6  3
542016 6  3
542017 6  3
542018 6  3
542019 6  3
542020 6  3
542021 6  3
542022 6  3
542023 6  3
542024 6  3
542025 6  3
542026 6  3
542027 6  3
542028 6  3
542029 6  3
542030 6  3
542031 6  3
542032 6  3
542033 6  3
542034 6  3
542035 6  3
542036 6  3
542037 6  3
542038 6  3
542039 6  3
542040 6  3
542041 6  3
542042 6  3
542043 6  3
542044 6  3
542045 6  3
542046 6  3
542047 6  3
542048 6  3
542049 6  3
542050 6  3
542051 6  3
542052 6  3
542053 6  3
542054 6  3
542055 6  3
542056 6  3
542057 6  3
542058 6  3
542059 6  3
542060 6  3
542061 6  3
542062 6  3
542063 6  3
542064 6  3
542065 6  3
542066 6  3
542067 6  3
542068 6  3
542069 6  3
542070 6  3
542071 6  3
542072 6  3
542073 6  3
542074 6  3
542075 6  3
542076 6  3
542077 6  3
542078 6  3
542079 6  3
542080 6  3
542081 6  3
542082 6  3
542083 6  3
542084 6  3
542085 6  3
542086 6  3
542087 6  3
542088 6  3
542089 6  3
542090 6  3
542091 6  3
542092 6  3
542093 6  3
542094 6  3
542095 6  3
542096 6  3
542097 6  3
542098 6  3
542099 6  3
542100 6  3
542101 6  3
542102 6  3
542103 6  3
542104 6  3
542105 6  3
542106 6  3
542107 6  3
542108 6  3
542109 6  3
542110 6  3
542111 6  3
542112 6  3
542113 6  3
542114 6  3
542115 6  3
542116 6  3
542117 6  3
542118 6  3
542119 6  3
542120 6  3
542121 6  3
542122 6  3
542123 6  3
542124 6  3
542125 6  3
542126 6  3
542127 6  3
542128 6  3
542129 6  3
542130 6  3
542131 6  3
542132 6  3
542133 6  3
542134 6  3
542135 6  3
542136 6  3
542137 6  3
542138 6  3
542139 6  3
542140 6  3
542141 6  3
542142 6  3
542143 6  3
542144 6  3
542145 6  3
542146 6  3
542147 6  3
542148 6  3
542149 6  3
542150 6  3
542151 6  3
542152 6  3
542153 6  3
542154 6  3
542155 6  3
542156 6  3
542157 6  3
542158 6  3
542159 6  3
542160 6  3
542161 6  3
542162 6  3
542163 6  3
542164 6  3
542165 6  3
542166 6  3
542167 6  3
542168 6  3
542169 6  3
542170 6  3
542171 6  3
542172 6  3
542173 6  3
542174 6  3
542175 6  3
542176 6  3
542177 6  3
542178 6  3
542179 6  3
542180 6  3
542181 6  3
542182 6  3
542183 6  3
542184 6  3
542185 6  3
542186 6  3
542187 6  3
542188 6  3
542189 6  3
542190 6  3
542191 6  3
542192 6  3
542193 6  3
542194 6  3
542195 6  3
542196 6  3
542197 6  3
542198 6  3
542199 6  3
542200 6  3
542201 6  3
542202 6  3
542203 6  3
542204 6  3
542205 6  3
542206 6  3
542207 6  3
542208 6  3
542209 6  3
542210 6  3
542211 6  3
542212 6  3
542213 6  3
542214 6  3
542215 6  3
542216 6  3
542217 6  3
542218 6  3
542219 6  3
542220 6  3
542221 6  3
542222 6  3
542223 6  3
542224 6  3
542225 6  3
542226 6  3
542227 6  3
542228 6  3
542229 6  3
542230 6  3
542231 6  3
542232 6  3
542233 6  3
542234 6  3
542235 6  3
542236 6  3
542237 6  3
542238 6  3
542239 6  3
542240 6  3
542241 6  3
542242 6  3
542243 6  3
542244 6  3
542245 6  3
542246 6  3
542247 6  3
542248 6  3
542249 6  3
542250 6  3
542251 6  3
542252 6  3
542253 6  3
542254 6  3
542255 6  3
542256 6  3
542257 6  3
542258 6  3
542259 6  3
542260 6  3
542261 6  3
542262 6  3
542263 6  3
542264 6  3
542265 6  3
542266 6  3
542267 6  3
542268 6  3
542269 6  3
542270 6  3
542271 6  3
542272 6  3
542273 6  3
542274 6  3
542275 6  3
542276 6  3
542277 6  3
542278 6  3
542279 6  3
542280 6  3
542281 6  3
542282 6  3
542283 6  3
542284 6  3
542285 6  3
542286 6  3
542287 6  3
542288 6  3
542289 6  3
542290 6  3
542291 6  3
542292 6  3
542293 6  3
542294 6  3
542295 6  3
542296 6  3
542297 6  3
542298 6  3
542299 6  3
542300 6  3
542301 6  3
542302 6  3
542303 6  3
542304 6  3
542305 6  3
542306 6  3
542307 6  3
542308 6  3
542309 6  3
542310 6  3
542311 6  3
542312 6  3
542313 6  3
542314 6  3
542315 6  3
542316 6  3
542317 6  3
542318 6  3
542319 6  3
542320 6  3
542321 6  3
542322 6  3
542323 6  3
542324 6  3
542325 6  3
542326 6  3
542327 6  3
542328 6  3
542329 6  3
542330 6  3
542331 6  3
542332 6  3
542333 6  3
542334 6  3
542335 6  3
542336 6  3
542337 6  3
542338 6  3
542339 6  3
542340 6  3
542341 6  3
542342 6  3
542343 6  3
542344 6  3
542345 6  3
542346 6  3
542347 6  3
542348 6  3
542349 6  3
542350 6  3
542351 6  3
542352 6  3
542353 6  3
542354 6  3
542355 6  3
542356 6  3
542357 6  3
542358 6  3
542359 6  3
542360 6  3
542361 6  3
542362 6  3
542363 6  3
542364 6  3
542365 6  3
542366 6  3
542367 6  3
542368 6  3
542369 6  3
542370 6  3
542371 6  3
542372 6  3
542373 6  3
542374 6  3
542375 6  3
542376 6  3
542377 6  3
542378 6  3
542379 6  3
542380 6  3
542381 6  3
542382 6  3
542383 6  3
542384 6  3
542385 6  3
542386 6  3
542387 6  3
542388 6  3
542389 6  3
542390 6  3
542391 6  3
542392 6  3
542393 6  3
542394 6  3
542395 6  3
542396 6  3
542397 6  3
542398 6  3
542399 6  3
542400 6  3
542401 6  3
542402 6  3
542403 6  3
542404 6  3
542405 6  3
542406 6  3
542407 6  3
542408 6  3
542409 6  3
542410 6  3
542411 6  3
542412 6  3
542413 6  3
542414 6  3
542415 6  3
542416 6  3
542417 6  3
542418 6  3
542419 6  3
542420 6  3
542421 6  3
542422 6  3
542423 6  3
542424 6  3
542425 6  3
542426 6  3
542427 6  3
542428 6  3
542429 6  3
542430 6  3
542431 6  3
542432 6  3
542433 6  3
542434 6  3
542435 6  3
542436 6  3
542437 6  3
542438 6  3
542439 6  3
542440 6  3
542441 6  3
542442 6  3
542443 6  3
542444 6  3
542445 6  3
542446 6  3
542447 6  3
542448 6  3
542449 6  3
542450 6  3
542451 6  3
542452 6  3
542453 6  3
542454 6  3
542455 6  3
542456 6  3
542457 6  3
542458 6  3
542459 6  3
542460 6  3
542461 6  3
542462 6  3
542463 6  3
542464 6  3
542465 6  3
542466 6  3
542467 6  3
542468 6  3
542469 6  3
542470 6  3
542471 6  3
542472 6  3
542473 6  3
542474 6  3
542475 6  3
542476 6  3
542477 6  3
542478 6  3
542479 6  3
542480 6  3
542481 6  3
542482 6  3
542483 6  3
542484 6  3
542485 6  3
542486 6  3
542487 6  3
542488 6  3
542489 6  3
542490 6  3
542491 6  3
542492 6  3
542493 6  3
542494 6  3
542495 6  3
542496 6  3
542497 6  3
542498 6  3
542499 6  3
542500 6  3
542501 6  3
542502 6  3
542503 6  3
542504 6  3
542505 6  3
542506 6  3
542507 6  3
542508 6  3
542509 6  3
542510 6  3
542511 6  3
542512 6  3
542513 6  3
542514 6  3
542515 6  3
542516 6  3
542517 6  3
542518 6  3
542519 6  3
542520 6  3
542521 6  3
542522 6  3
542523 6  3
542524 6  3
542525 6  3
542526 6  3
542527 6  3
542528 6  3
542529 6  3
542530 6  3
542531 6  3
542532 6  3
542533 6  3
542534 6  3
542535 6  3
542536 6  3
542537 6  3
542538 6  3
542539 6  3
542540 6  3
542541 6  3
542542 6  3
542543 6  3
542544 6  3
542545 6  3
542546 6  3
542547 6  3
542548 6  3
542549 6  3
542550 6  3
542551 6  3
542552 6  3
542553 6  3
542554 6  3
542555 6  3
542556 6  3
542557 6  3
542558 6  3
542559 6  3
542560 6  3
542561 6  3
542562 6  3
542563 6  3
542564 6  3
542565 6  3
542566 6  3
542567 6  3
542568 6  3
542569 6  3
542570 6  3
542571 6  3
542572 6  3
542573 6  3
542574 6  3
542575 6  3
542576 6  3
542577 6  3
542578 6  3
542579 6  3
542580 6  3
542581 6  3
542582 6  3
542583 6  3
542584 6  3
542585 6  3
542586 6  3
542587 6  3
542588 6  3
542589 6  3
542590 6  3
542591 6  3
542592 6  3
542593 6  3
542594 6  3
542595 6  3
542596 6  3
542597 6  3
542598 6  3
542599 6  3
542600 6  3
542601 6  3
542602 6  3
542603 6  3
542604 6  3
542605 6  3
542606 6  3
542607 6  3
542608 6  3
542609 6  3
542610 6  3
542611 6  3
542612 6  3
542613 6  3
542614 6  3
542615 6  3
542616 6  3
542617 6  3
542618 6  3
542619 6  3
542620 6  3
542621 6  3
542622 6  3
542623 6  3
542624 6  3
542625 6  3
542626 6  3
542627 6  3
542628 6  3
542629 6  3
542630 6  3
542631 6  3
542632 6  3
542633 6  3
542634 6  3
542635 6  3
542636 6  3
542637 6  3
542638 6  3
542639 6  3
542640 6  3
542641 6  3
542642 6  3
542643 6  3
542644 6  3
542645 6  3
542646 6  3
542647 6  3
542648 6  3
542649 6  3
542650 6  3
542651 6  3
542652 6  3
542653 6  3
542654 6  3
542655 6  3
542656 6  3
542657 6  3
542658 6  3
542659 6  3
542660 6  3
542661 6  3
542662 6  3
542663 6  3
542664 6  3
542665 6  3
542666 6  3
542667 6  3
542668 6  3
542669 6  3
542670 6  3
542671 6  3
542672 6  3
542673 6  3
542674 6  3
542675 6  3
542676 6  3
542677 6  3
542678 6  3
542679 6  3
542680 6  3
542681 6  3
542682 6  3
542683 6  3
542684 6  3
542685 6  3
542686 6  3
542687 6  3
542688 6  3
542689 6  3
542690 6  3
542691 6  3
542692 6  3
542693 6  3
542694 6  3
542695 6  3
542696 6  3
542697 6  3
542698 6  3
542699 6  3
542700 6  3
542701 6  3
542702 6  3
542703 6  3
542704 6  3
542705 6  3
542706 6  3
542707 6  3
542708 6  3
542709 6  3
542710 6  3
542711 6  3
542712 6  3
542713 6  3
542714 6  3
542715 6  3
542716 6  3
542717 6  3
542718 6  3
542719 6  3
542720 6  3
542721 6  3
542722 6  3
542723 6  3
542724 6  3
542725 6  3
542726 6  3
542727 6  3
542728 6  3
542729 6  3
542730 6  3
542731 6  3
542732 6  3
542733 6  3
542734 6  3
542735 6  3
542736 6  3
542737 6  3
542738 6  3
542739 6  3
542740 6  3
542741 6  3
542742 6  3
542743 6  3
542744 6  3
542745 6  3
542746 6  3
542747 6  3
542748 6  3
542749 6  3
542750 6  3
542751 6  3
542752 6  3
542753 6  3
542754 6  3
542755 6  3
542756 6  3
542757 6  3
542758 6  3
542759 6  3
542760 6  3
542761 6  3
542762 6  3
542763 6  3
542764 6  3
542765 6  3
542766 6  3
542767 6  3
542768 6  3
542769 6  3
542770 6  3
542771 6  3
542772 6  3
542773 6  3
542774 6  3
542775 6  3
542776 6  3
542777 6  3
542778 6  3
542779 6  3
542780 6  3
542781 6  3
542782 6  3
542783 6  3
542784 6  3
542785 6  3
542786 6  3
542787 6  3
542788 6  3
542789 6  3
542790 6  3
542791 6  3
542792 6  3
542793 6  3
542794 6  3
542795 6  3
542796 6  3
542797 6  3
542798 6  3
542799 6  3
542800 6  3
542801 6  3
542802 6  3
542803 6  3
542804 6  3
542805 6  3
542806 6  3
542807 6  3
542808 6  3
542809 6  3
542810 6  3
542811 6  3
542812 6  3
542813 6  3
542814 6  3
542815 6  3
542816 6  3
542817 6  3
542818 6  3
542819 6  3
542820 6  3
542821 6  3
542822 6  3
542823 6  3
542824 6  3
542825 6  3
542826 6  3
542827 6  3
542828 6  3
542829 6  3
542830 6  3
542831 6  3
542832 6  3
542833 6  3
542834 6  3
542835 6  3
542836 6  3
542837 6  3
542838 6  3
542839 6  3
542840 6  3
542841 6  3
542842 6  3
542843 6  3
542844 6  3
542845 6  3
542846 6  3
542847 6  3
542848 6  3
542849 6  3
542850 6  3
542851 6  3
542852 6  3
542853 6  3
542854 6  3
542855 6  3
542856 6  3
542857 6  3
542858 6  3
542859 6  3
542860 6  3
542861 6  3
542862 6  3
542863 6  3
542864 6  3
542865 6  3
542866 6  3
542867 6  3
542868 6  3
542869 6  3
542870 6  3
542871 6  3
542872 6  3
542873 6  3
542874 6  3
542875 6  3
542876 6  3
542877 6  3
542878 6  3
542879 6  3
542880 6  3
542881 6  3
542882 6  3
542883 6  3
542884 6  3
542885 6  3
542886 6  3
542887 6  3
542888 6  3
542889 6  3
542890 6  3
542891 6  3
542892 6  3
542893 6  3
542894 6  3
542895 6  3
542896 6  3
542897 6  3
542898 6  3
542899 6  3
542900 6  3
542901 6  3
542902 6  3
542903 6  3
542904 6  3
542905 6  3
542906 6  3
542907 6  3
542908 6  3
542909 6  3
542910 6  3
542911 6  3
542912 6  3
542913 6  3
542914 6  3
542915 6  3
542916 6  3
542917 6  3
542918 6  3
542919 6  3
542920 6  3
542921 6  3
542922 6  3
542923 6  3
542924 6  3
542925 6  3
542926 6  3
542927 6  3
542928 6  3
542929 6  3
542930 6  3
542931 6  3
542932 6  3
542933 6  3
542934 6  3
542935 6  3
542936 6  3
542937 6  3
542938 6  3
542939 6  3
542940 6  3
542941 6  3
542942 6  3
542943 6  3
542944 6  3
542945 6  3
542946 6  3
542947 6  3
542948 6  3
542949 6  3
542950 6  3
542951 6  3
542952 6  3
542953 6  3
542954 6  3
542955 6  3
542956 6  3
542957 6  3
542958 6  3
542959 6  3
542960 6  3
542961 6  3
542962 6  3
542963 6  3
542964 6  3
542965 6  3
542966 6  3
542967 6  3
542968 6  3
542969 6  3
542970 6  3
542971 6  3
542972 6  3
542973 6  3
542974 6  3
542975 6  3
542976 6  3
542977 6  3
542978 6  3
542979 6  3
542980 6  3
542981 6  3
542982 6  3
542983 6  3
542984 6  3
542985 6  3
542986 6  3
542987 6  3
542988 6  3
542989 6  3
542990 6  3
542991 6  3
542992 6  3
542993 6  3
542994 6  3
542995 6  3
542996 6  3
542997 6  3
542998 6  3
542999 6  3
543000 6  3
543001 6  3
543002 6  3
543003 6  3
543004 6  3
543005 6  3
543006 6  3
543007 6  3
543008 6  3
543009 6  3
543010 6  3
543011 6  3
543012 6  3
543013 6  3
543014 6  3
543015 6  3
543016 6  3
543017 6  3
543018 6  3
543019 6  3
543020 6  3
543021 6  3
543022 6  3
543023 6  3
543024 6  3
543025 6  3
543026 6  3
543027 6  3
543028 6  3
543029 6  3
543030 6  3
543031 6  3
543032 6  3
543033 6  3
543034 6  3
543035 6  3
543036 6  3
543037 6  3
543038 6  3
543039 6  3
543040 6  3
543041 6  3
543042 6  3
543043 6  3
543044 6  3
543045 6  3
543046 6  3
543047 6  3
543048 6  3
543049 6  3
543050 6  3
543051 6  3
543052 6  3
543053 6  3
543054 6  3
543055 6  3
543056 6  3
543057 6  3
543058 6  3
543059 6  3
543060 6  3
543061 6  3
543062 6  3
543063 6  3
543064 6  3
543065 6  3
543066 6  3
543067 6  3
543068 6  3
543069 6  3
543070 6  3
543071 6  3
543072 6  3
543073 6  3
543074 6  3
543075 6  3
543076 6  3
543077 6  3
543078 6  3
543079 6  3
543080 6  3
543081 6  3
543082 6  3
543083 6  3
543084 6  3
543085 6  3
543086 6  3
543087 6  3
543088 6  3
543089 6  3
543090 6  3
543091 6  3
543092 6  3
543093 6  3
543094 6  3
543095 6  3
543096 6  3
543097 6  3
543098 6  3
543099 6  3
543100 6  3
543101 6  3
543102 6  3
543103 6  3
543104 6  3
543105 6  3
543106 6  3
543107 6  3
543108 6  3
543109 6  3
543110 6  3
543111 6  3
543112 6  3
543113 6  3
543114 6  3
543115 6  3
543116 6  3
543117 6  3
543118 6  3
543119 6  3
543120 6  3
543121 6  3
543122 6  3
543123 6  3
543124 6  3
543125 6  3
543126 6  3
543127 6  3
543128 6  3
543129 6  3
543130 6  3
543131 6  3
543132 6  3
543133 6  3
543134 6  3
543135 6  3
543136 6  3
543137 6  3
543138 6  3
543139 6  3
543140 6  3
543141 6  3
543142 6  3
543143 6  3
543144 6  3
543145 6  3
543146 6  3
543147 6  3
543148 6  3
543149 6  3
543150 6  3
543151 6  3
543152 6  3
543153 6  3
543154 6  3
543155 6  3
543156 6  3
543157 6  3
543158 6  3
543159 6  3
543160 6  3
543161 6  3
543162 6  3
543163 6  3
543164 6  3
543165 6  3
543166 6  3
543167 6  3
543168 6  3
543169 6  3
543170 6  3
543171 6  3
543172 6  3
543173 6  3
543174 6  3
543175 6  3
543176 6  3
543177 6  3
543178 6  3
543179 6  3
543180 6  3
543181 6  3
543182 6  3
543183 6  3
543184 6  3
543185 6  3
543186 6  3
543187 6  3
543188 6  3
543189 6  3
543190 6  3
543191 6  3
543192 6  3
543193 6  3
543194 6  3
543195 6  3
543196 6  3
543197 6  3
543198 6  3
543199 6  3
543200 6  3
543201 6  3
543202 6  3
543203 6  3
543204 6  3
543205 6  3
543206 6  3
543207 6  3
543208 6  3
543209 6  3
543210 6  3
543211 6  3
543212 6  3
543213 6  3
543214 6  3
543215 6  3
543216 6  3
543217 6  3
543218 6  3
543219 6  3
543220 6  3
543221 6  3
543222 6  3
543223 6  3
543224 6  3
543225 6  3
543226 6  3
543227 6  3
543228 6  3
543229 6  3
543230 6  3
543231 6  3
543232 6  3
543233 6  3
543234 6  3
543235 6  3
543236 6  3
543237 6  3
543238 6  3
543239 6  3
543240 6  3
543241 6  3
543242 6  3
543243 6  3
543244 6  3
543245 6  3
543246 6  3
543247 6  3
543248 6  3
543249 6  3
543250 6  3
543251 6  3
543252 6  3
543253 6  3
543254 6  3
543255 6  3
543256 6  3
543257 6  3
543258 6  3
543259 6  3
543260 6  3
543261 6  3
543262 6  3
543263 6  3
543264 6  3
543265 6  3
543266 6  3
543267 6  3
543268 6  3
543269 6  3
543270 6  3
543271 6  3
543272 6  3
543273 6  3
543274 6  3
543275 6  3
543276 6  3
543277 6  3
543278 6  3
543279 6  3
543280 6  3
543281 6  3
543282 6  3
543283 6  3
543284 6  3
543285 6  3
543286 6  3
543287 6  3
543288 6  3
543289 6  3
543290 6  3
543291 6  3
543292 6  3
543293 6  3
543294 6  3
543295 6  3
543296 6  3
543297 6  3
543298 6  3
543299 6  3
543300 6  3
543301 6  3
543302 6  3
543303 6  3
543304 6  3
543305 6  3
543306 6  3
543307 6  3
543308 6  3
543309 6  3
543310 6  3
543311 6  3
543312 6  3
543313 6  3
543314 6  3
543315 6  3
543316 6  3
543317 6  3
543318 6  3
543319 6  3
543320 6  3
543321 6  3
543322 6  3
543323 6  3
543324 6  3
543325 6  3
543326 6  3
543327 6  3
543328 6  3
543329 6  3
543330 6  3
543331 6  3
543332 6  3
543333 6  3
543334 6  3
543335 6  3
543336 6  3
543337 6  3
543338 6  3
543339 6  3
543340 6  3
543341 6  3
543342 6  3
543343 6  3
543344 6  3
543345 6  3
543346 6  3
543347 6  3
543348 6  3
543349 6  3
543350 6  3
543351 6  3
543352 6  3
543353 6  3
543354 6  3
543355 6  3
543356 6  3
543357 6  3
543358 6  3
543359 6  3
543360 6  3
543361 6  3
543362 6  3
543363 6  3
543364 6  3
543365 6  3
543366 6  3
543367 6  3
543368 6  3
543369 6  3
543370 6  3
543371 6  3
543372 6  3
543373 6  3
543374 6  3
543375 6  3
543376 6  3
543377 6  3
543378 6  3
543379 6  3
543380 6  3
543381 6  3
543382 6  3
543383 6  3
543384 6  3
543385 6  3
543386 6  3
543387 6  3
543388 6  3
543389 6  3
543390 6  3
543391 6  3
543392 6  3
543393 6  3
543394 6  3
543395 6  3
543396 6  3
543397 6  3
543398 6  3
543399 6  3
543400 6  3
543401 6  3
543402 6  3
543403 6  3
543404 6  3
543405 6  3
543406 6  3
543407 6  3
543408 6  3
543409 6  3
543410 6  3
543411 6  3
543412 6  3
543413 6  3
543414 6  3
543415 6  3
543416 6  3
543417 6  3
543418 6  3
543419 6  3
543420 6  3
543421 6  3
543422 6  3
543423 6  3
543424 6  3
543425 6  3
543426 6  3
543427 6  3
543428 6  3
543429 6  3
543430 6  3
543431 6  3
543432 6  3
543433 6  3
543434 6  3
543435 6  3
543436 6  3
543437 6  3
543438 6  3
543439 6  3
543440 6  3
543441 6  3
543442 6  3
543443 6  3
543444 6  3
543445 6  3
543446 6  3
543447 6  3
543448 6  3
543449 6  3
543450 6  3
543451 6  3
543452 6  3
543453 6  3
543454 6  3
543455 6  3
543456 6  3
543457 6  3
543458 6  3
543459 6  3
543460 6  3
543461 6  3
543462 6  3
543463 6  3
543464 6  3
543465 6  3
543466 6  3
543467 6  3
543468 6  3
543469 6  3
543470 6  3
543471 6  3
543472 6  3
543473 6  3
543474 6  3
543475 6  3
543476 6  3
543477 6  3
543478 6  3
543479 6  3
543480 6  3
543481 6  3
543482 6  3
543483 6  3
543484 6  3
543485 6  3
543486 6  3
543487 6  3
543488 6  3
543489 6  3
543490 6  3
543491 6  3
543492 6  3
543493 6  3
543494 6  3
543495 6  3
543496 6  3
543497 6  3
543498 6  3
543499 6  3
543500 6  3
543501 6  3
543502 6  3
543503 6  3
543504 6  3
543505 6  3
543506 6  3
543507 6  3
543508 6  3
543509 6  3
543510 6  3
543511 6  3
543512 6  3
543513 6  3
543514 6  3
543515 6  3
543516 6  3
543517 6  3
543518 6  3
543519 6  3
543520 6  3
543521 6  3
543522 6  3
543523 6  3
543524 6  3
543525 6  3
543526 6  3
543527 6  3
543528 6  3
543529 6  3
543530 6  3
543531 6  3
543532 6  3
543533 6  3
543534 6  3
543535 6  3
543536 6  3
543537 6  3
543538 6  3
543539 6  3
543540 6  3
543541 6  3
543542 6  3
543543 6  3
543544 6  3
543545 6  3
543546 6  3
543547 6  3
543548 6  3
543549 6  3
543550 6  3
543551 6  3
543552 6  3
543553 6  3
543554 6  3
543555 6  3
543556 6  3
543557 6  3
543558 6  3
543559 6  3
543560 6  3
543561 6  3
543562 6  3
543563 6  3
543564 6  3
543565 6  3
543566 6  3
543567 6  3
543568 6  3
543569 6  3
543570 6  3
543571 6  3
543572 6  3
543573 6  3
543574 6  3
543575 6  3
543576 6  3
543577 6  3
543578 6  3
543579 6  3
543580 6  3
543581 6  3
543582 6  3
543583 6  3
543584 6  3
543585 6  3
543586 6  3
543587 6  3
543588 6  3
543589 6  3
543590 6  3
543591 6  3
543592 6  3
543593 6  3
543594 6  3
543595 6  3
543596 6  3
543597 6  3
543598 6  3
543599 6  3
543600 6  3
543601 6  3
543602 6  3
543603 6  3
543604 6  3
543605 6  3
543606 6  3
543607 6  3
543608 6  3
543609 6  3
543610 6  3
543611 6  3
543612 6  3
543613 6  3
543614 6  3
543615 6  3
543616 6  3
543617 6  3
543618 6  3
543619 6  3
543620 6  3
543621 6  3
543622 6  3
543623 6  3
543624 6  3
543625 6  3
543626 6  3
543627 6  3
543628 6  3
543629 6  3
543630 6  3
543631 6  3
543632 6  3
543633 6  3
543634 6  3
543635 6  3
543636 6  3
543637 6  3
543638 6  3
543639 6  3
543640 6  3
543641 6  3
543642 6  3
543643 6  3
543644 6  3
543645 6  3
543646 6  3
543647 6  3
543648 6  3
543649 6  3
543650 6  3
543651 6  3
543652 6  3
543653 6  3
543654 6  3
543655 6  3
543656 6  3
543657 6  3
543658 6  3
543659 6  3
543660 6  3
543661 6  3
543662 6  3
543663 6  3
543664 6  3
543665 6  3
543666 6  3
543667 6  3
543668 6  3
543669 6  3
543670 6  3
543671 6  3
543672 6  3
543673 6  3
543674 6  3
543675 6  3
543676 6  3
543677 6  3
543678 6  3
543679 6  3
543680 6  3
543681 6  3
543682 6  3
543683 6  3
543684 6  3
543685 6  3
543686 6  3
543687 6  3
543688 6  3
543689 6  3
543690 6  3
543691 6  3
543692 6  3
543693 6  3
543694 6  3
543695 6  3
543696 6  3
543697 6  3
543698 6  3
543699 6  3
543700 6  3
543701 6  3
543702 6  3
543703 6  3
543704 6  3
543705 6  3
543706 6  3
543707 6  3
543708 6  3
543709 6  3
543710 6  3
543711 6  3
543712 6  3
543713 6  3
543714 6  3
543715 6  3
543716 6  3
543717 6  3
543718 6  3
543719 6  3
543720 6  3
543721 6  3
543722 6  3
543723 6  3
543724 6  3
543725 6  3
543726 6  3
543727 6  3
543728 6  3
543729 6  3
543730 6  3
543731 6  3
543732 6  3
543733 6  3
543734 6  3
543735 6  3
543736 6  3
543737 6  3
543738 6  3
543739 6  3
543740 6  3
543741 6  3
543742 6  3
543743 6  3
543744 6  3
543745 6  3
543746 6  3
543747 6  3
543748 6  3
543749 6  3
543750 6  3
543751 6  3
543752 6  3
543753 6  3
543754 6  3
543755 6  3
543756 6  3
543757 6  3
543758 6  3
543759 6  3
543760 6  3
543761 6  3
543762 6  3
543763 6  3
543764 6  3
543765 6  3
543766 6  3
543767 6  3
543768 6  3
543769 6  3
543770 6  3
543771 6  3
543772 6  3
543773 6  3
543774 6  3
543775 6  3
543776 6  3
543777 6  3
543778 6  3
543779 6  3
543780 6  3
543781 6  3
543782 6  3
543783 6  3
543784 6  3
543785 6  3
543786 6  3
543787 6  3
543788 6  3
543789 6  3
543790 6  3
543791 6  3
543792 6  3
543793 6  3
543794 6  3
543795 6  3
543796 6  3
543797 6  3
543798 6  3
543799 6  3
543800 6  3
543801 6  3
543802 6  3
543803 6  3
543804 6  3
543805 6  3
543806 6  3
543807 6  3
543808 6  3
543809 6  3
543810 6  3
543811 6  3
543812 6  3
543813 6  3
543814 6  3
543815 6  3
543816 6  3
543817 6  3
543818 6  3
543819 6  3
543820 6  3
543821 6  3
543822 6  3
543823 6  3
543824 6  3
543825 6  3
543826 6  3
543827 6  3
543828 6  3
543829 6  3
543830 6  3
543831 6  3
543832 6  3
543833 6  3
543834 6  3
543835 6  3
543836 6  3
543837 6  3
543838 6  3
543839 6  3
543840 6  3
543841 6  3
543842 6  3
543843 6  3
543844 6  3
543845 6  3
543846 6  3
543847 6  3
543848 6  3
543849 6  3
543850 6  3
543851 6  3
543852 6  3
543853 6  3
543854 6  3
543855 6  3
543856 6  3
543857 6  3
543858 6  3
543859 6  3
543860 6  3
543861 6  3
543862 6  3
543863 6  3
543864 6  3
543865 6  3
543866 6  3
543867 6  3
543868 6  3
543869 6  3
543870 6  3
543871 6  3
543872 6  3
543873 6  3
543874 6  3
543875 6  3
543876 6  3
543877 6  3
543878 6  3
543879 6  3
543880 6  3
543881 6  3
543882 6  3
543883 6  3
543884 6  3
543885 6  3
543886 6  3
543887 6  3
543888 6  3
543889 6  3
543890 6  3
543891 6  3
543892 6  3
543893 6  3
543894 6  3
543895 6  3
543896 6  3
543897 6  3
543898 6  3
543899 6  3
543900 6  3
543901 6  3
543902 6  3
543903 6  3
543904 6  3
543905 6  3
543906 6  3
543907 6  3
543908 6  3
543909 6  3
543910 6  3
543911 6  3
543912 6  3
543913 6  3
543914 6  3
543915 6  3
543916 6  3
543917 6  3
543918 6  3
543919 6  3
543920 6  3
543921 6  3
543922 6  3
543923 6  3
543924 6  3
543925 6  3
543926 6  3
543927 6  3
543928 6  3
543929 6  3
543930 6  3
543931 6  3
543932 6  3
543933 6  3
543934 6  3
543935 6  3
543936 6  3
543937 6  3
543938 6  3
543939 6  3
543940 6  3
543941 6  3
543942 6  3
543943 6  3
543944 6  3
543945 6  3
543946 6  3
543947 6  3
543948 6  3
543949 6  3
543950 6  3
543951 6  3
543952 6  3
543953 6  3
543954 6  3
543955 6  3
543956 6  3
543957 6  3
543958 6  3
543959 6  3
543960 6  3
543961 6  3
543962 6  3
543963 6  3
543964 6  3
543965 6  3
543966 6  3
543967 6  3
543968 6  3
543969 6  3
543970 6  3
543971 6  3
543972 6  3
543973 6  3
543974 6  3
543975 6  3
543976 6  3
543977 6  3
543978 6  3
543979 6  3
543980 6  3
543981 6  3
543982 6  3
543983 6  3
543984 6  3
543985 6  3
543986 6  3
543987 6  3
543988 6  3
543989 6  3
543990 6  3
543991 6  3
543992 6  3
543993 6  3
543994 6  3
543995 6  3
543996 6  3
543997 6  3
543998 6  3
543999 6  3
544000 6  3
544001 6  3
544002 6  3
544003 6  3
544004 6  3
544005 6  3
544006 6  3
544007 6  3
544008 6  3
544009 6  3
544010 6  3
544011 6  3
544012 6  3
544013 6  3
544014 6  3
544015 6  3
544016 6  3
544017 6  3
544018 6  3
544019 6  3
544020 6  3
544021 6  3
544022 6  3
544023 6  3
544024 6  3
544025 6  3
544026 6  3
544027 6  3
544028 6  3
544029 6  3
544030 6  3
544031 6  3
544032 6  3
544033 6  3
544034 6  3
544035 6  3
544036 6  3
544037 6  3
544038 6  3
544039 6  3
544040 6  3
544041 6  3
544042 6  3
544043 6  3
544044 6  3
544045 6  3
544046 6  3
544047 6  3
544048 6  3
544049 6  3
544050 6  3
544051 6  3
544052 6  3
544053 6  3
544054 6  3
544055 6  3
544056 6  3
544057 6  3
544058 6  3
544059 6  3
544060 6  3
544061 6  3
544062 6  3
544063 6  3
544064 6  3
544065 6  3
544066 6  3
544067 6  3
544068 6  3
544069 6  3
544070 6  3
544071 6  3
544072 6  3
544073 6  3
544074 6  3
544075 6  3
544076 6  3
544077 6  3
544078 6  3
544079 6  3
544080 6  3
544081 6  3
544082 6  3
544083 6  3
544084 6  3
544085 6  3
544086 6  3
544087 6  3
544088 6  3
544089 6  3
544090 6  3
544091 6  3
544092 6  3
544093 6  3
544094 6  3
544095 6  3
544096 6  3
544097 6  3
544098 6  3
544099 6  3
544100 6  3
544101 6  3
544102 6  3
544103 6  3
544104 6  3
544105 6  3
544106 6  3
544107 6  3
544108 6  3
544109 6  3
544110 6  3
544111 6  3
544112 6  3
544113 6  3
544114 6  3
544115 6  3
544116 6  3
544117 6  3
544118 6  3
544119 6  3
544120 6  3
544121 6  3
544122 6  3
544123 6  3
544124 6  3
544125 6  3
544126 6  3
544127 6  3
544128 6  3
544129 6  3
544130 6  3
544131 6  3
544132 6  3
544133 6  3
544134 6  3
544135 6  3
544136 6  3
544137 6  3
544138 6  3
544139 6  3
544140 6  3
544141 6  3
544142 6  3
544143 6  3
544144 6  3
544145 6  3
544146 6  3
544147 6  3
544148 6  3
544149 6  3
544150 6  3
544151 6  3
544152 6  3
544153 6  3
544154 6  3
544155 6  3
544156 6  3
544157 6  3
544158 6  3
544159 6  3
544160 6  3
544161 6  3
544162 6  3
544163 6  3
544164 6  3
544165 6  3
544166 6  3
544167 6  3
544168 6  3
544169 6  3
544170 6  3
544171 6  3
544172 6  3
544173 6  3
544174 6  3
544175 6  3
544176 6  3
544177 6  3
544178 6  3
544179 6  3
544180 6  3
544181 6  3
544182 6  3
544183 6  3
544184 6  3
544185 6  3
544186 6  3
544187 6  3
544188 6  3
544189 6  3
544190 6  3
544191 6  3
544192 6  3
544193 6  3
544194 6  3
544195 6  3
544196 6  3
544197 6  3
544198 6  3
544199 6  3
544200 6  3
544201 6  3
544202 6  3
544203 6  3
544204 6  3
544205 6  3
544206 6  3
544207 6  3
544208 6  3
544209 6  3
544210 6  3
544211 6  3
544212 6  3
544213 6  3
544214 6  3
544215 6  3
544216 6  3
544217 6  3
544218 6  3
544219 6  3
544220 6  3
544221 6  3
544222 6  3
544223 6  3
544224 6  3
544225 6  3
544226 6  3
544227 6  3
544228 6  3
544229 6  3
544230 6  3
544231 6  3
544232 6  3
544233 6  3
544234 6  3
544235 6  3
544236 6  3
544237 6  3
544238 6  3
544239 6  3
544240 6  3
544241 6  3
544242 6  3
544243 6  3
544244 6  3
544245 6  3
544246 6  3
544247 6  3
544248 6  3
544249 6  3
544250 6  3
544251 6  3
544252 6  3
544253 6  3
544254 6  3
544255 6  3
544256 6  3
544257 6  3
544258 6  3
544259 6  3
544260 6  3
544261 6  3
544262 6  3
544263 6  3
544264 6  3
544265 6  3
544266 6  3
544267 6  3
544268 6  3
544269 6  3
544270 6  3
544271 6  3
544272 6  3
544273 6  3
544274 6  3
544275 6  3
544276 6  3
544277 6  3
544278 6  3
544279 6  3
544280 6  3
544281 6  3
544282 6  3
544283 6  3
544284 6  3
544285 6  3
544286 6  3
544287 6  3
544288 6  3
544289 6  3
544290 6  3
544291 6  3
544292 6  3
544293 6  3
544294 6  3
544295 6  3
544296 6  3
544297 6  3
544298 6  3
544299 6  3
544300 6  3
544301 6  3
544302 6  3
544303 6  3
544304 6  3
544305 6  3
544306 6  3
544307 6  3
544308 6  3
544309 6  3
544310 6  3
544311 6  3
544312 6  3
544313 6  3
544314 6  3
544315 6  3
544316 6  3
544317 6  3
544318 6  3
544319 6  3
544320 6  3
544321 6  3
544322 6  3
544323 6  3
544324 6  3
544325 6  3
544326 6  3
544327 6  3
544328 6  3
544329 6  3
544330 6  3
544331 6  3
544332 6  3
544333 6  3
544334 6  3
544335 6  3
544336 6  3
544337 6  3
544338 6  3
544339 6  3
544340 6  3
544341 6  3
544342 6  3
544343 6  3
544344 6  3
544345 6  3
544346 6  3
544347 6  3
544348 6  3
544349 6  3
544350 6  3
544351 6  3
544352 6  3
544353 6  3
544354 6  3
544355 6  3
544356 6  3
544357 6  3
544358 6  3
544359 6  3
544360 6  3
544361 6  3
544362 6  3
544363 6  3
544364 6  3
544365 6  3
544366 6  3
544367 6  3
544368 6  3
544369 6  3
544370 6  3
544371 6  3
544372 6  3
544373 6  3
544374 6  3
544375 6  3
544376 6  3
544377 6  3
544378 6  3
544379 6  3
544380 6  3
544381 6  3
544382 6  3
544383 6  3
544384 6  3
544385 6  3
544386 6  3
544387 6  3
544388 6  3
544389 6  3
544390 6  3
544391 6  3
544392 6  3
544393 6  3
544394 6  3
544395 6  3
544396 6  3
544397 6  3
544398 6  3
544399 6  3
544400 6  3
544401 6  3
544402 6  3
544403 6  3
544404 6  3
544405 6  3
544406 6  3
544407 6  3
544408 6  3
544409 6  3
544410 6  3
544411 6  3
544412 6  3
544413 6  3
544414 6  3
544415 6  3
544416 6  3
544417 6  3
544418 6  3
544419 6  3
544420 6  3
544421 6  3
544422 6  3
544423 6  3
544424 6  3
544425 6  3
544426 6  3
544427 6  3
544428 6  3
544429 6  3
544430 6  3
544431 6  3
544432 6  3
544433 6  3
544434 6  3
544435 6  3
544436 6  3
544437 6  3
544438 6  3
544439 6  3
544440 6  3
544441 6  3
544442 6  3
544443 6  3
544444 6  3
544445 6  3
544446 6  3
544447 6  3
544448 6  3
544449 6  3
544450 6  3
544451 6  3
544452 6  3
544453 6  3
544454 6  3
544455 6  3
544456 6  3
544457 6  3
544458 6  3
544459 6  3
544460 6  3
544461 6  3
544462 6  3
544463 6  3
544464 6  3
544465 6  3
544466 6  3
544467 6  3
544468 6  3
544469 6  3
544470 6  3
544471 6  3
544472 6  3
544473 6  3
544474 6  3
544475 6  3
544476 6  3
544477 6  3
544478 6  3
544479 6  3
544480 6  3
544481 6  3
544482 6  3
544483 6  3
544484 6  3
544485 6  3
544486 6  3
544487 6  3
544488 6  3
544489 6  3
544490 6  3
544491 6  3
544492 6  3
544493 6  3
544494 6  3
544495 6  3
544496 6  3
544497 6  3
544498 6  3
544499 6  3
544500 6  3
544501 6  3
544502 6  3
544503 6  3
544504 6  3
544505 6  3
544506 6  3
544507 6  3
544508 6  3
544509 6  3
544510 6  3
544511 6  3
544512 6  3
544513 6  3
544514 6  3
544515 6  3
544516 6  3
544517 6  3
544518 6  3
544519 6  3
544520 6  3
544521 6  3
544522 6  3
544523 6  3
544524 6  3
544525 6  3
544526 6  3
544527 6  3
544528 6  3
544529 6  3
544530 6  3
544531 6  3
544532 6  3
544533 6  3
544534 6  3
544535 6  3
544536 6  3
544537 6  3
544538 6  3
544539 6  3
544540 6  3
544541 6  3
544542 6  3
544543 6  3
544544 6  3
544545 6  3
544546 6  3
544547 6  3
544548 6  3
544549 6  3
544550 6  3
544551 6  3
544552 6  3
544553 6  3
544554 6  3
544555 6  3
544556 6  3
544557 6  3
544558 6  3
544559 6  3
544560 6  3
544561 6  3
544562 6  3
544563 6  3
544564 6  3
544565 6  3
544566 6  3
544567 6  3
544568 6  3
544569 6  3
544570 6  3
544571 6  3
544572 6  3
544573 6  3
544574 6  3
544575 6  3
544576 6  3
544577 6  3
544578 6  3
544579 6  3
544580 6  3
544581 6  3
544582 6  3
544583 6  3
544584 6  3
544585 6  3
544586 6  3
544587 6  3
544588 6  3
544589 6  3
544590 6  3
544591 6  3
544592 6  3
544593 6  3
544594 6  3
544595 6  3
544596 6  3
544597 6  3
544598 6  3
544599 6  3
544600 6  3
544601 6  3
544602 6  3
544603 6  3
544604 6  3
544605 6  3
544606 6  3
544607 6  3
544608 6  3
544609 6  3
544610 6  3
544611 6  3
544612 6  3
544613 6  3
544614 6  3
544615 6  3
544616 6  3
544617 6  3
544618 6  3
544619 6  3
544620 6  3
544621 6  3
544622 6  3
544623 6  3
544624 6  3
544625 6  3
544626 6  3
544627 6  3
544628 6  3
544629 6  3
544630 6  3
544631 6  3
544632 6  3
544633 6  3
544634 6  3
544635 6  3
544636 6  3
544637 6  3
544638 6  3
544639 6  3
544640 6  3
544641 6  3
544642 6  3
544643 6  3
544644 6  3
544645 6  3
544646 6  3
544647 6  3
544648 6  3
544649 6  3
544650 6  3
544651 6  3
544652 6  3
544653 6  3
544654 6  3
544655 6  3
544656 6  3
544657 6  3
544658 6  3
544659 6  3
544660 6  3
544661 6  3
544662 6  3
544663 6  3
544664 6  3
544665 6  3
544666 6  3
544667 6  3
544668 6  3
544669 6  3
544670 6  3
544671 6  3
544672 6  3
544673 6  3
544674 6  3
544675 6  3
544676 6  3
544677 6  3
544678 6  3
544679 6  3
544680 6  3
544681 6  3
544682 6  3
544683 6  3
544684 6  3
544685 6  3
544686 6  3
544687 6  3
544688 6  3
544689 6  3
544690 6  3
544691 6  3
544692 6  3
544693 6  3
544694 6  3
544695 6  3
544696 6  3
544697 6  3
544698 6  3
544699 6  3
544700 6  3
544701 6  3
544702 6  3
544703 6  3
544704 6  3
544705 6  3
544706 6  3
544707 6  3
544708 6  3
544709 6  3
544710 6  3
544711 6  3
544712 6  3
544713 6  3
544714 6  3
544715 6  3
544716 6  3
544717 6  3
544718 6  3
544719 6  3
544720 6  3
544721 6  3
544722 6  3
544723 6  3
544724 6  3
544725 6  3
544726 6  3
544727 6  3
544728 6  3
544729 6  3
544730 6  3
544731 6  3
544732 6  3
544733 6  3
544734 6  3
544735 6  3
544736 6  3
544737 6  3
544738 6  3
544739 6  3
544740 6  3
544741 6  3
544742 6  3
544743 6  3
544744 6  3
544745 6  3
544746 6  3
544747 6  3
544748 6  3
544749 6  3
544750 6  3
544751 6  3
544752 6  3
544753 6  3
544754 6  3
544755 6  3
544756 6  3
544757 6  3
544758 6  3
544759 6  3
544760 6  3
544761 6  3
544762 6  3
544763 6  3
544764 6  3
544765 6  3
544766 6  3
544767 6  3
544768 6  3
544769 6  3
544770 6  3
544771 6  3
544772 6  3
544773 6  3
544774 6  3
544775 6  3
544776 6  3
544777 6  3
544778 6  3
544779 6  3
544780 6  3
544781 6  3
544782 6  3
544783 6  3
544784 6  3
544785 6  3
544786 6  3
544787 6  3
544788 6  3
544789 6  3
544790 6  3
544791 6  3
544792 6  3
544793 6  3
544794 6  3
544795 6  3
544796 6  3
544797 6  3
544798 6  3
544799 6  3
544800 6  3
544801 6  3
544802 6  3
544803 6  3
544804 6  3
544805 6  3
544806 6  3
544807 6  3
544808 6  3
544809 6  3
544810 6  3
544811 6  3
544812 6  3
544813 6  3
544814 6  3
544815 6  3
544816 6  3
544817 6  3
544818 6  3
544819 6  3
544820 6  3
544821 6  3
544822 6  3
544823 6  3
544824 6  3
544825 6  3
544826 6  3
544827 6  3
544828 6  3
544829 6  3
544830 6  3
544831 6  3
544832 6  3
544833 6  3
544834 6  3
544835 6  3
544836 6  3
544837 6  3
544838 6  3
544839 6  3
544840 6  3
544841 6  3
544842 6  3
544843 6  3
544844 6  3
544845 6  3
544846 6  3
544847 6  3
544848 6  3
544849 6  3
544850 6  3
544851 6  3
544852 6  3
544853 6  3
544854 6  3
544855 6  3
544856 6  3
544857 6  3
544858 6  3
544859 6  3
544860 6  3
544861 6  3
544862 6  3
544863 6  3
544864 6  3
544865 6  3
544866 6  3
544867 6  3
544868 6  3
544869 6  3
544870 6  3
544871 6  3
544872 6  3
544873 6  3
544874 6  3
544875 6  3
544876 6  3
544877 6  3
544878 6  3
544879 6  3
544880 6  3
544881 6  3
544882 6  3
544883 6  3
544884 6  3
544885 6  3
544886 6  3
544887 6  3
544888 6  3
544889 6  3
544890 6  3
544891 6  3
544892 6  3
544893 6  3
544894 6  3
544895 6  3
544896 6  3
544897 6  3
544898 6  3
544899 6  3
544900 6  3
544901 6  3
544902 6  3
544903 6  3
544904 6  3
544905 6  3
544906 6  3
544907 6  3
544908 6  3
544909 6  3
544910 6  3
544911 6  3
544912 6  3
544913 6  3
544914 6  3
544915 6  3
544916 6  3
544917 6  3
544918 6  3
544919 6  3
544920 6  3
544921 6  3
544922 6  3
544923 6  3
544924 6  3
544925 6  3
544926 6  3
544927 6  3
544928 6  3
544929 6  3
544930 6  3
544931 6  3
544932 6  3
544933 6  3
544934 6  3
544935 6  3
544936 6  3
544937 6  3
544938 6  3
544939 6  3
544940 6  3
544941 6  3
544942 6  3
544943 6  3
544944 6  3
544945 6  3
544946 6  3
544947 6  3
544948 6  3
544949 6  3
544950 6  3
544951 6  3
544952 6  3
544953 6  3
544954 6  3
544955 6  3
544956 6  3
544957 6  3
544958 6  3
544959 6  3
544960 6  3
544961 6  3
544962 6  3
544963 6  3
544964 6  3
544965 6  3
544966 6  3
544967 6  3
544968 6  3
544969 6  3
544970 6  3
544971 6  3
544972 6  3
544973 6  3
544974 6  3
544975 6  3
544976 6  3
544977 6  3
544978 6  3
544979 6  3
544980 6  3
544981 6  3
544982 6  3
544983 6  3
544984 6  3
544985 6  3
544986 6  3
544987 6  3
544988 6  3
544989 6  3
544990 6  3
544991 6  3
544992 6  3
544993 6  3
544994 6  3
544995 6  3
544996 6  3
544997 6  3
544998 6  3
544999 6  3
545000 6  3
545001 6  3
545002 6  3
545003 6  3
545004 6  3
545005 6  3
545006 6  3
545007 6  3
545008 6  3
545009 6  3
545010 6  3
545011 6  3
545012 6  3
545013 6  3
545014 6  3
545015 6  3
545016 6  3
545017 6  3
545018 6  3
545019 6  3
545020 6  3
545021 6  3
545022 6  3
545023 6  3
545024 6  3
545025 6  3
545026 6  3
545027 6  3
545028 6  3
545029 6  3
545030 6  3
545031 6  3
545032 6  3
545033 6  3
545034 6  3
545035 6  3
545036 6  3
545037 6  3
545038 6  3
545039 6  3
545040 6  3
545041 6  3
545042 6  3
545043 6  3
545044 6  3
545045 6  3
545046 6  3
545047 6  3
545048 6  3
545049 6  3
545050 6  3
545051 6  3
545052 6  3
545053 6  3
545054 6  3
545055 6  3
545056 6  3
545057 6  3
545058 6  3
545059 6  3
545060 6  3
545061 6  3
545062 6  3
545063 6  3
545064 6  3
545065 6  3
545066 6  3
545067 6  3
545068 6  3
545069 6  3
545070 6  3
545071 6  3
545072 6  3
545073 6  3
545074 6  3
545075 6  3
545076 6  3
545077 6  3
545078 6  3
545079 6  3
545080 6  3
545081 6  3
545082 6  3
545083 6  3
545084 6  3
545085 6  3
545086 6  3
545087 6  3
545088 6  3
545089 6  3
545090 6  3
545091 6  3
545092 6  3
545093 6  3
545094 6  3
545095 6  3
545096 6  3
545097 6  3
545098 6  3
545099 6  3
545100 6  3
545101 6  3
545102 6  3
545103 6  3
545104 6  3
545105 6  3
545106 6  3
545107 6  3
545108 6  3
545109 6  3
545110 6  3
545111 6  3
545112 6  3
545113 6  3
545114 6  3
545115 6  3
545116 6  3
545117 6  3
545118 6  3
545119 6  3
545120 6  3
545121 6  3
545122 6  3
545123 6  3
545124 6  3
545125 6  3
545126 6  3
545127 6  3
545128 6  3
545129 6  3
545130 6  3
545131 6  3
545132 6  3
545133 6  3
545134 6  3
545135 6  3
545136 6  3
545137 6  3
545138 6  3
545139 6  3
545140 6  3
545141 6  3
545142 6  3
545143 6  3
545144 6  3
545145 6  3
545146 6  3
545147 6  3
545148 6  3
545149 6  3
545150 6  3
545151 6  3
545152 6  3
545153 6  3
545154 6  3
545155 6  3
545156 6  3
545157 6  3
545158 6  3
545159 6  3
545160 6  3
545161 6  3
545162 6  3
545163 6  3
545164 6  3
545165 6  3
545166 6  3
545167 6  3
545168 6  3
545169 6  3
545170 6  3
545171 6  3
545172 6  3
545173 6  3
545174 6  3
545175 6  3
545176 6  3
545177 6  3
545178 6  3
545179 6  3
545180 6  3
545181 6  3
545182 6  3
545183 6  3
545184 6  3
545185 6  3
545186 6  3
545187 6  3
545188 6  3
545189 6  3
545190 6  3
545191 6  3
545192 6  3
545193 6  3
545194 6  3
545195 6  3
545196 6  3
545197 6  3
545198 6  3
545199 6  3
545200 6  3
545201 6  3
545202 6  3
545203 6  3
545204 6  3
545205 6  3
545206 6  3
545207 6  3
545208 6  3
545209 6  3
545210 6  3
545211 6  3
545212 6  3
545213 6  3
545214 6  3
545215 6  3
545216 6  3
545217 6  3
545218 6  3
545219 6  3
545220 6  3
545221 6  3
545222 6  3
545223 6  3
545224 6  3
545225 6  3
545226 6  3
545227 6  3
545228 6  3
545229 6  3
545230 6  3
545231 6  3
545232 6  3
545233 6  3
545234 6  3
545235 6  3
545236 6  3
545237 6  3
545238 6  3
545239 6  3
545240 6  3
545241 6  3
545242 6  3
545243 6  3
545244 6  3
545245 6  3
545246 6  3
545247 6  3
545248 6  3
545249 6  3
545250 6  3
545251 6  3
545252 6  3
545253 6  3
545254 6  3
545255 6  3
545256 6  3
545257 6  3
545258 6  3
545259 6  3
545260 6  3
545261 6  3
545262 6  3
545263 6  3
545264 6  3
545265 6  3
545266 6  3
545267 6  3
545268 6  3
545269 6  3
545270 6  3
545271 6  3
545272 6  3
545273 6  3
545274 6  3
545275 6  3
545276 6  3
545277 6  3
545278 6  3
545279 6  3
545280 6  3
545281 6  3
545282 6  3
545283 6  3
545284 6  3
545285 6  3
545286 6  3
545287 6  3
545288 6  3
545289 6  3
545290 6  3
545291 6  3
545292 6  3
545293 6  3
545294 6  3
545295 6  3
545296 6  3
545297 6  3
545298 6  3
545299 6  3
545300 6  3
545301 6  3
545302 6  3
545303 6  3
545304 6  3
545305 6  3
545306 6  3
545307 6  3
545308 6  3
545309 6  3
545310 6  3
545311 6  3
545312 6  3
545313 6  3
545314 6  3
545315 6  3
545316 6  3
545317 6  3
545318 6  3
545319 6  3
545320 6  3
545321 6  3
545322 6  3
545323 6  3
545324 6  3
545325 6  3
545326 6  3
545327 6  3
545328 6  3
545329 6  3
545330 6  3
545331 6  3
545332 6  3
545333 6  3
545334 6  3
545335 6  3
545336 6  3
545337 6  3
545338 6  3
545339 6  3
545340 6  3
545341 6  3
545342 6  3
545343 6  3
545344 6  3
545345 6  3
545346 6  3
545347 6  3
545348 6  3
545349 6  3
545350 6  3
545351 6  3
545352 6  3
545353 6  3
545354 6  3
545355 6  3
545356 6  3
545357 6  3
545358 6  3
545359 6  3
545360 6  3
545361 6  3
545362 6  3
545363 6  3
545364 6  3
545365 6  3
545366 6  3
545367 6  3
545368 6  3
545369 6  3
545370 6  3
545371 6  3
545372 6  3
545373 6  3
545374 6  3
545375 6  3
545376 6  3
545377 6  3
545378 6  3
545379 6  3
545380 6  3
545381 6  3
545382 6  3
545383 6  3
545384 6  3
545385 6  3
545386 6  3
545387 6  3
545388 6  3
545389 6  3
545390 6  3
545391 6  3
545392 6  3
545393 6  3
545394 6  3
545395 6  3
545396 6  3
545397 6  3
545398 6  3
545399 6  3
545400 6  3
545401 6  3
545402 6  3
545403 6  3
545404 6  3
545405 6  3
545406 6  3
545407 6  3
545408 6  3
545409 6  3
545410 6  3
545411 6  3
545412 6  3
545413 6  3
545414 6  3
545415 6  3
545416 6  3
545417 6  3
545418 6  3
545419 6  3
545420 6  3
545421 6  3
545422 6  3
545423 6  3
545424 6  3
545425 6  3
545426 6  3
545427 6  3
545428 6  3
545429 6  3
545430 6  3
545431 6  3
545432 6  3
545433 6  3
545434 6  3
545435 6  3
545436 6  3
545437 6  3
545438 6  3
545439 6  3
545440 6  3
545441 6  3
545442 6  3
545443 6  3
545444 6  3
545445 6  3
545446 6  3
545447 6  3
545448 6  3
545449 6  3
545450 6  3
545451 6  3
545452 6  3
545453 6  3
545454 6  3
545455 6  3
545456 6  3
545457 6  3
545458 6  3
545459 6  3
545460 6  3
545461 6  3
545462 6  3
545463 6  3
545464 6  3
545465 6  3
545466 6  3
545467 6  3
545468 6  3
545469 6  3
545470 6  3
545471 6  3
545472 6  3
545473 6  3
545474 6  3
545475 6  3
545476 6  3
545477 6  3
545478 6  3
545479 6  3
545480 6  3
545481 6  3
545482 6  3
545483 6  3
545484 6  3
545485 6  3
545486 6  3
545487 6  3
545488 6  3
545489 6  3
545490 6  3
545491 6  3
545492 6  3
545493 6  3
545494 6  3
545495 6  3
545496 6  3
545497 6  3
545498 6  3
545499 6  3
545500 6  3
545501 6  3
545502 6  3
545503 6  3
545504 6  3
545505 6  3
545506 6  3
545507 6  3
545508 6  3
545509 6  3
545510 6  3
545511 6  3
545512 6  3
545513 6  3
545514 6  3
545515 6  3
545516 6  3
545517 6  3
545518 6  3
545519 6  3
545520 6  3
545521 6  3
545522 6  3
545523 6  3
545524 6  3
545525 6  3
545526 6  3
545527 6  3
545528 6  3
545529 6  3
545530 6  3
545531 6  3
545532 6  3
545533 6  3
545534 6  3
545535 6  3
545536 6  3
545537 6  3
545538 6  3
545539 6  3
545540 6  3
545541 6  3
545542 6  3
545543 6  3
545544 6  3
545545 6  3
545546 6  3
545547 6  3
545548 6  3
545549 6  3
545550 6  3
545551 6  3
545552 6  3
545553 6  3
545554 6  3
545555 6  3
545556 6  3
545557 6  3
545558 6  3
545559 6  3
545560 6  3
545561 6  3
545562 6  3
545563 6  3
545564 6  3
545565 6  3
545566 6  3
545567 6  3
545568 6  3
545569 6  3
545570 6  3
545571 6  3
545572 6  3
545573 6  3
545574 6  3
545575 6  3
545576 6  3
545577 6  3
545578 6  3
545579 6  3
545580 6  3
545581 6  3
545582 6  3
545583 6  3
545584 6  3
545585 6  3
545586 6  3
545587 6  3
545588 6  3
545589 6  3
545590 6  3
545591 6  3
545592 6  3
545593 6  3
545594 6  3
545595 6  3
545596 6  3
545597 6  3
545598 6  3
545599 6  3
545600 6  3
545601 6  3
545602 6  3
545603 6  3
545604 6  3
545605 6  3
545606 6  3
545607 6  3
545608 6  3
545609 6  3
545610 6  3
545611 6  3
545612 6  3
545613 6  3
545614 6  3
545615 6  3
545616 6  3
545617 6  3
545618 6  3
545619 6  3
545620 6  3
545621 6  3
545622 6  3
545623 6  3
545624 6  3
545625 6  3
545626 6  3
545627 6  3
545628 6  3
545629 6  3
545630 6  3
545631 6  3
545632 6  3
545633 6  3
545634 6  3
545635 6  3
545636 6  3
545637 6  3
545638 6  3
545639 6  3
545640 6  3
545641 6  3
545642 6  3
545643 6  3
545644 6  3
545645 6  3
545646 6  3
545647 6  3
545648 6  3
545649 6  3
545650 6  3
545651 6  3
545652 6  3
545653 6  3
545654 6  3
545655 6  3
545656 6  3
545657 6  3
545658 6  3
545659 6  3
545660 6  3
545661 6  3
545662 6  3
545663 6  3
545664 6  3
545665 6  3
545666 6  3
545667 6  3
545668 6  3
545669 6  3
545670 6  3
545671 6  3
545672 6  3
545673 6  3
545674 6  3
545675 6  3
545676 6  3
545677 6  3
545678 6  3
545679 6  3
545680 6  3
545681 6  3
545682 6  3
545683 6  3
545684 6  3
545685 6  3
545686 6  3
545687 6  3
545688 6  3
545689 6  3
545690 6  3
545691 6  3
545692 6  3
545693 6  3
545694 6  3
545695 6  3
545696 6  3
545697 6  3
545698 6  3
545699 6  3
545700 6  3
545701 6  3
545702 6  3
545703 6  3
545704 6  3
545705 6  3
545706 6  3
545707 6  3
545708 6  3
545709 6  3
545710 6  3
545711 6  3
545712 6  3
545713 6  3
545714 6  3
545715 6  3
545716 6  3
545717 6  3
545718 6  3
545719 6  3
545720 6  3
545721 6  3
545722 6  3
545723 6  3
545724 6  3
545725 6  3
545726 6  3
545727 6  3
545728 6  3
545729 6  3
545730 6  3
545731 6  3
545732 6  3
545733 6  3
545734 6  3
545735 6  3
545736 6  3
545737 6  3
545738 6  3
545739 6  3
545740 6  3
545741 6  3
545742 6  3
545743 6  3
545744 6  3
545745 6  3
545746 6  3
545747 6  3
545748 6  3
545749 6  3
545750 6  3
545751 6  3
545752 6  3
545753 6  3
545754 6  3
545755 6  3
545756 6  3
545757 6  3
545758 6  3
545759 6  3
545760 6  3
545761 6  3
545762 6  3
545763 6  3
545764 6  3
545765 6  3
545766 6  3
545767 6  3
545768 6  3
545769 6  3
545770 6  3
545771 6  3
545772 6  3
545773 6  3
545774 6  3
545775 6  3
545776 6  3
545777 6  3
545778 6  3
545779 6  3
545780 6  3
545781 6  3
545782 6  3
545783 6  3
545784 6  3
545785 6  3
545786 6  3
545787 6  3
545788 6  3
545789 6  3
545790 6  3
545791 6  3
545792 6  3
545793 6  3
545794 6  3
545795 6  3
545796 6  3
545797 6  3
545798 6  3
545799 6  3
545800 6  3
545801 6  3
545802 6  3
545803 6  3
545804 6  3
545805 6  3
545806 6  3
545807 6  3
545808 6  3
545809 6  3
545810 6  3
545811 6  3
545812 6  3
545813 6  3
545814 6  3
545815 6  3
545816 6  3
545817 6  3
545818 6  3
545819 6  3
545820 6  3
545821 6  3
545822 6  3
545823 6  3
545824 6  3
545825 6  3
545826 6  3
545827 6  3
545828 6  3
545829 6  3
545830 6  3
545831 6  3
545832 6  3
545833 6  3
545834 6  3
545835 6  3
545836 6  3
545837 6  3
545838 6  3
545839 6  3
545840 6  3
545841 6  3
545842 6  3
545843 6  3
545844 6  3
545845 6  3
545846 6  3
545847 6  3
545848 6  3
545849 6  3
545850 6  3
545851 6  3
545852 6  3
545853 6  3
545854 6  3
545855 6  3
545856 6  3
545857 6  3
545858 6  3
545859 6  3
545860 6  3
545861 6  3
545862 6  3
545863 6  3
545864 6  3
545865 6  3
545866 6  3
545867 6  3
545868 6  3
545869 6  3
545870 6  3
545871 6  3
545872 6  3
545873 6  3
545874 6  3
545875 6  3
545876 6  3
545877 6  3
545878 6  3
545879 6  3
545880 6  3
545881 6  3
545882 6  3
545883 6  3
545884 6  3
545885 6  3
545886 6  3
545887 6  3
545888 6  3
545889 6  3
545890 6  3
545891 6  3
545892 6  3
545893 6  3
545894 6  3
545895 6  3
545896 6  3
545897 6  3
545898 6  3
545899 6  3
545900 6  3
545901 6  3
545902 6  3
545903 6  3
545904 6  3
545905 6  3
545906 6  3
545907 6  3
545908 6  3
545909 6  3
545910 6  3
545911 6  3
545912 6  3
545913 6  3
545914 6  3
545915 6  3
545916 6  3
545917 6  3
545918 6  3
545919 6  3
545920 6  3
545921 6  3
545922 6  3
545923 6  3
545924 6  3
545925 6  3
545926 6  3
545927 6  3
545928 6  3
545929 6  3
545930 6  3
545931 6  3
545932 6  3
545933 6  3
545934 6  3
545935 6  3
545936 6  3
545937 6  3
545938 6  3
545939 6  3
545940 6  3
545941 6  3
545942 6  3
545943 6  3
545944 6  3
545945 6  3
545946 6  3
545947 6  3
545948 6  3
545949 6  3
545950 6  3
545951 6  3
545952 6  3
545953 6  3
545954 6  3
545955 6  3
545956 6  3
545957 6  3
545958 6  3
545959 6  3
545960 6  3
545961 6  3
545962 6  3
545963 6  3
545964 6  3
545965 6  3
545966 6  3
545967 6  3
545968 6  3
545969 6  3
545970 6  3
545971 6  3
545972 6  3
545973 6  3
545974 6  3
545975 6  3
545976 6  3
545977 6  3
545978 6  3
545979 6  3
545980 6  3
545981 6  3
545982 6  3
545983 6  3
545984 6  3
545985 6  3
545986 6  3
545987 6  3
545988 6  3
545989 6  3
545990 6  3
545991 6  3
545992 6  3
545993 6  3
545994 6  3
545995 6  3
545996 6  3
545997 6  3
545998 6  3
545999 6  3
546000 6  3
546001 6  3
546002 6  3
546003 6  3
546004 6  3
546005 6  3
546006 6  3
546007 6  3
546008 6  3
546009 6  3
546010 6  3
546011 6  3
546012 6  3
546013 6  3
546014 6  3
546015 6  3
546016 6  3
546017 6  3
546018 6  3
546019 6  3
546020 6  3
546021 6  3
546022 6  3
546023 6  3
546024 6  3
546025 6  3
546026 6  3
546027 6  3
546028 6  3
546029 6  3
546030 6  3
546031 6  3
546032 6  3
546033 6  3
546034 6  3
546035 6  3
546036 6  3
546037 6  3
546038 6  3
546039 6  3
546040 6  3
546041 6  3
546042 6  3
546043 6  3
546044 6  3
546045 6  3
546046 6  3
546047 6  3
546048 6  3
546049 6  3
546050 6  3
546051 6  3
546052 6  3
546053 6  3
546054 6  3
546055 6  3
546056 6  3
546057 6  3
546058 6  3
546059 6  3
546060 6  3
546061 6  3
546062 6  3
546063 6  3
546064 6  3
546065 6  3
546066 6  3
546067 6  3
546068 6  3
546069 6  3
546070 6  3
546071 6  3
546072 6  3
546073 6  3
546074 6  3
546075 6  3
546076 6  3
546077 6  3
546078 6  3
546079 6  3
546080 6  3
546081 6  3
546082 6  3
546083 6  3
546084 6  3
546085 6  3
546086 6  3
546087 6  3
546088 6  3
546089 6  3
546090 6  3
546091 6  3
546092 6  3
546093 6  3
546094 6  3
546095 6  3
546096 6  3
546097 6  3
546098 6  3
546099 6  3
546100 6  3
546101 6  3
546102 6  3
546103 6  3
546104 6  3
546105 6  3
546106 6  3
546107 6  3
546108 6  3
546109 6  3
546110 6  3
546111 6  3
546112 6  3
546113 6  3
546114 6  3
546115 6  3
546116 6  3
546117 6  3
546118 6  3
546119 6  3
546120 6  3
546121 6  3
546122 6  3
546123 6  3
546124 6  3
546125 6  3
546126 6  3
546127 6  3
546128 6  3
546129 6  3
546130 6  3
546131 6  3
546132 6  3
546133 6  3
546134 6  3
546135 6  3
546136 6  3
546137 6  3
546138 6  3
546139 6  3
546140 6  3
546141 6  3
546142 6  3
546143 6  3
546144 6  3
546145 6  3
546146 6  3
546147 6  3
546148 6  3
546149 6  3
546150 6  3
546151 6  3
546152 6  3
546153 6  3
546154 6  3
546155 6  3
546156 6  3
546157 6  3
546158 6  3
546159 6  3
546160 6  3
546161 6  3
546162 6  3
546163 6  3
546164 6  3
546165 6  3
546166 6  3
546167 6  3
546168 6  3
546169 6  3
546170 6  3
546171 6  3
546172 6  3
546173 6  3
546174 6  3
546175 6  3
546176 6  3
546177 6  3
546178 6  3
546179 6  3
546180 6  3
546181 6  3
546182 6  3
546183 6  3
546184 6  3
546185 6  3
546186 6  3
546187 6  3
546188 6  3
546189 6  3
546190 6  3
546191 6  3
546192 6  3
546193 6  3
546194 6  3
546195 6  3
546196 6  3
546197 6  3
546198 6  3
546199 6  3
546200 6  3
546201 6  3
546202 6  3
546203 6  3
546204 6  3
546205 6  3
546206 6  3
546207 6  3
546208 6  3
546209 6  3
546210 6  3
546211 6  3
546212 6  3
546213 6  3
546214 6  3
546215 6  3
546216 6  3
546217 6  3
546218 6  3
546219 6  3
546220 6  3
546221 6  3
546222 6  3
546223 6  3
546224 6  3
546225 6  3
546226 6  3
546227 6  3
546228 6  3
546229 6  3
546230 6  3
546231 6  3
546232 6  3
546233 6  3
546234 6  3
546235 6  3
546236 6  3
546237 6  3
546238 6  3
546239 6  3
546240 6  3
546241 6  3
546242 6  3
546243 6  3
546244 6  3
546245 6  3
546246 6  3
546247 6  3
546248 6  3
546249 6  3
546250 6  3
546251 6  3
546252 6  3
546253 6  3
546254 6  3
546255 6  3
546256 6  3
546257 6  3
546258 6  3
546259 6  3
546260 6  3
546261 6  3
546262 6  3
546263 6  3
546264 6  3
546265 6  3
546266 6  3
546267 6  3
546268 6  3
546269 6  3
546270 6  3
546271 6  3
546272 6  3
546273 6  3
546274 6  3
546275 6  3
546276 6  3
546277 6  3
546278 6  3
546279 6  3
546280 6  3
546281 6  3
546282 6  3
546283 6  3
546284 6  3
546285 6  3
546286 6  3
546287 6  3
546288 6  3
546289 6  3
546290 6  3
546291 6  3
546292 6  3
546293 6  3
546294 6  3
546295 6  3
546296 6  3
546297 6  3
546298 6  3
546299 6  3
546300 6  3
546301 6  3
546302 6  3
546303 6  3
546304 6  3
546305 6  3
546306 6  3
546307 6  3
546308 6  3
546309 6  3
546310 6  3
546311 6  3
546312 6  3
546313 6  3
546314 6  3
546315 6  3
546316 6  3
546317 6  3
546318 6  3
546319 6  3
546320 6  3
546321 6  3
546322 6  3
546323 6  3
546324 6  3
546325 6  3
546326 6  3
546327 6  3
546328 6  3
546329 6  3
546330 6  3
546331 6  3
546332 6  3
546333 6  3
546334 6  3
546335 6  3
546336 6  3
546337 6  3
546338 6  3
546339 6  3
546340 6  3
546341 6  3
546342 6  3
546343 6  3
546344 6  3
546345 6  3
546346 6  3
546347 6  3
546348 6  3
546349 6  3
546350 6  3
546351 6  3
546352 6  3
546353 6  3
546354 6  3
546355 6  3
546356 6  3
546357 6  3
546358 6  3
546359 6  3
546360 6  3
546361 6  3
546362 6  3
546363 6  3
546364 6  3
546365 6  3
546366 6  3
546367 6  3
546368 6  3
546369 6  3
546370 6  3
546371 6  3
546372 6  3
546373 6  3
546374 6  3
546375 6  3
546376 6  3
546377 6  3
546378 6  3
546379 6  3
546380 6  3
546381 6  3
546382 6  3
546383 6  3
546384 6  3
546385 6  3
546386 6  3
546387 6  3
546388 6  3
546389 6  3
546390 6  3
546391 6  3
546392 6  3
546393 6  3
546394 6  3
546395 6  3
546396 6  3
546397 6  3
546398 6  3
546399 6  3
546400 6  3
546401 6  3
546402 6  3
546403 6  3
546404 6  3
546405 6  3
546406 6  3
546407 6  3
546408 6  3
546409 6  3
546410 6  3
546411 6  3
546412 6  3
546413 6  3
546414 6  3
546415 6  3
546416 6  3
546417 6  3
546418 6  3
546419 6  3
546420 6  3
546421 6  3
546422 6  3
546423 6  3
546424 6  3
546425 6  3
546426 6  3
546427 6  3
546428 6  3
546429 6  3
546430 6  3
546431 6  3
546432 6  3
546433 6  3
546434 6  3
546435 6  3
546436 6  3
546437 6  3
546438 6  3
546439 6  3
546440 6  3
546441 6  3
546442 6  3
546443 6  3
546444 6  3
546445 6  3
546446 6  3
546447 6  3
546448 6  3
546449 6  3
546450 6  3
546451 6  3
546452 6  3
546453 6  3
546454 6  3
546455 6  3
546456 6  3
546457 6  3
546458 6  3
546459 6  3
546460 6  3
546461 6  3
546462 6  3
546463 6  3
546464 6  3
546465 6  3
546466 6  3
546467 6  3
546468 6  3
546469 6  3
546470 6  3
546471 6  3
546472 6  3
546473 6  3
546474 6  3
546475 6  3
546476 6  3
546477 6  3
546478 6  3
546479 6  3
546480 6  3
546481 6  3
546482 6  3
546483 6  3
546484 6  3
546485 6  3
546486 6  3
546487 6  3
546488 6  3
546489 6  3
546490 6  3
546491 6  3
546492 6  3
546493 6  3
546494 6  3
546495 6  3
546496 6  3
546497 6  3
546498 6  3
546499 6  3
546500 6  3
546501 6  3
546502 6  3
546503 6  3
546504 6  3
546505 6  3
546506 6  3
546507 6  3
546508 6  3
546509 6  3
546510 6  3
546511 6  3
546512 6  3
546513 6  3
546514 6  3
546515 6  3
546516 6  3
546517 6  3
546518 6  3
546519 6  3
546520 6  3
546521 6  3
546522 6  3
546523 6  3
546524 6  3
546525 6  3
546526 6  3
546527 6  3
546528 6  3
546529 6  3
546530 6  3
546531 6  3
546532 6  3
546533 6  3
546534 6  3
546535 6  3
546536 6  3
546537 6  3
546538 6  3
546539 6  3
546540 6  3
546541 6  3
546542 6  3
546543 6  3
546544 6  3
546545 6  3
546546 6  3
546547 6  3
546548 6  3
546549 6  3
546550 6  3
546551 6  3
546552 6  3
546553 6  3
546554 6  3
546555 6  3
546556 6  3
546557 6  3
546558 6  3
546559 6  3
546560 6  3
546561 6  3
546562 6  3
546563 6  3
546564 6  3
546565 6  3
546566 6  3
546567 6  3
546568 6  3
546569 6  3
546570 6  3
546571 6  3
546572 6  3
546573 6  3
546574 6  3
546575 6  3
546576 6  3
546577 6  3
546578 6  3
546579 6  3
546580 6  3
546581 6  3
546582 6  3
546583 6  3
546584 6  3
546585 6  3
546586 6  3
546587 6  3
546588 6  3
546589 6  3
546590 6  3
546591 6  3
546592 6  3
546593 6  3
546594 6  3
546595 6  3
546596 6  3
546597 6  3
546598 6  3
546599 6  3
546600 6  3
546601 6  3
546602 6  3
546603 6  3
546604 6  3
546605 6  3
546606 6  3
546607 6  3
546608 6  3
546609 6  3
546610 6  3
546611 6  3
546612 6  3
546613 6  3
546614 6  3
546615 6  3
546616 6  3
546617 6  3
546618 6  3
546619 6  3
546620 6  3
546621 6  3
546622 6  3
546623 6  3
546624 6  3
546625 6  3
546626 6  3
546627 6  3
546628 6  3
546629 6  3
546630 6  3
546631 6  3
546632 6  3
546633 6  3
546634 6  3
546635 6  3
546636 6  3
546637 6  3
546638 6  3
546639 6  3
546640 6  3
546641 6  3
546642 6  3
546643 6  3
546644 6  3
546645 6  3
546646 6  3
546647 6  3
546648 6  3
546649 6  3
546650 6  3
546651 6  3
546652 6  3
546653 6  3
546654 6  3
546655 6  3
546656 6  3
546657 6  3
546658 6  3
546659 6  3
546660 6  3
546661 6  3
546662 6  3
546663 6  3
546664 6  3
546665 6  3
546666 6  3
546667 6  3
546668 6  3
546669 6  3
546670 6  3
546671 6  3
546672 6  3
546673 6  3
546674 6  3
546675 6  3
546676 6  3
546677 6  3
546678 6  3
546679 6  3
546680 6  3
546681 6  3
546682 6  3
546683 6  3
546684 6  3
546685 6  3
546686 6  3
546687 6  3
546688 6  3
546689 6  3
546690 6  3
546691 6  3
546692 6  3
546693 6  3
546694 6  3
546695 6  3
546696 6  3
546697 6  3
546698 6  3
546699 6  3
546700 6  3
546701 6  3
546702 6  3
546703 6  3
546704 6  3
546705 6  3
546706 6  3
546707 6  3
546708 6  3
546709 6  3
546710 6  3
546711 6  3
546712 6  3
546713 6  3
546714 6  3
546715 6  3
546716 6  3
546717 6  3
546718 6  3
546719 6  3
546720 6  3
546721 6  3
546722 6  3
546723 6  3
546724 6  3
546725 6  3
546726 6  3
546727 6  3
546728 6  3
546729 6  3
546730 6  3
546731 6  3
546732 6  3
546733 6  3
546734 6  3
546735 6  3
546736 6  3
546737 6  3
546738 6  3
546739 6  3
546740 6  3
546741 6  3
546742 6  3
546743 6  3
546744 6  3
546745 6  3
546746 6  3
546747 6  3
546748 6  3
546749 6  3
546750 6  3
546751 6  3
546752 6  3
546753 6  3
546754 6  3
546755 6  3
546756 6  3
546757 6  3
546758 6  3
546759 6  3
546760 6  3
546761 6  3
546762 6  3
546763 6  3
546764 6  3
546765 6  3
546766 6  3
546767 6  3
546768 6  3
546769 6  3
546770 6  3
546771 6  3
546772 6  3
546773 6  3
546774 6  3
546775 6  3
546776 6  3
546777 6  3
546778 6  3
546779 6  3
546780 6  3
546781 6  3
546782 6  3
546783 6  3
546784 6  3
546785 6  3
546786 6  3
546787 6  3
546788 6  3
546789 6  3
546790 6  3
546791 6  3
546792 6  3
546793 6  3
546794 6  3
546795 6  3
546796 6  3
546797 6  3
546798 6  3
546799 6  3
546800 6  3
546801 6  3
546802 6  3
546803 6  3
546804 6  3
546805 6  3
546806 6  3
546807 6  3
546808 6  3
546809 6  3
546810 6  3
546811 6  3
546812 6  3
546813 6  3
546814 6  3
546815 6  3
546816 6  3
546817 6  3
546818 6  3
546819 6  3
546820 6  3
546821 6  3
546822 6  3
546823 6  3
546824 6  3
546825 6  3
546826 6  3
546827 6  3
546828 6  3
546829 6  3
546830 6  3
546831 6  3
546832 6  3
546833 6  3
546834 6  3
546835 6  3
546836 6  3
546837 6  3
546838 6  3
546839 6  3
546840 6  3
546841 6  3
546842 6  3
546843 6  3
546844 6  3
546845 6  3
546846 6  3
546847 6  3
546848 6  3
546849 6  3
546850 6  3
546851 6  3
546852 6  3
546853 6  3
546854 6  3
546855 6  3
546856 6  3
546857 6  3
546858 6  3
546859 6  3
546860 6  3
546861 6  3
546862 6  3
546863 6  3
546864 6  3
546865 6  3
546866 6  3
546867 6  3
546868 6  3
546869 6  3
546870 6  3
546871 6  3
546872 6  3
546873 6  3
546874 6  3
546875 6  3
546876 6  3
546877 6  3
546878 6  3
546879 6  3
546880 6  3
546881 6  3
546882 6  3
546883 6  3
546884 6  3
546885 6  3
546886 6  3
546887 6  3
546888 6  3
546889 6  3
546890 6  3
546891 6  3
546892 6  3
546893 6  3
546894 6  3
546895 6  3
546896 6  3
546897 6  3
546898 6  3
546899 6  3
546900 6  3
546901 6  3
546902 6  3
546903 6  3
546904 6  3
546905 6  3
546906 6  3
546907 6  3
546908 6  3
546909 6  3
546910 6  3
546911 6  3
546912 6  3
546913 6  3
546914 6  3
546915 6  3
546916 6  3
546917 6  3
546918 6  3
546919 6  3
546920 6  3
546921 6  3
546922 6  3
546923 6  3
546924 6  3
546925 6  3
546926 6  3
546927 6  3
546928 6  3
546929 6  3
546930 6  3
546931 6  3
546932 6  3
546933 6  3
546934 6  3
546935 6  3
546936 6  3
546937 6  3
546938 6  3
546939 6  3
546940 6  3
546941 6  3
546942 6  3
546943 6  3
546944 6  3
546945 6  3
546946 6  3
546947 6  3
546948 6  3
546949 6  3
546950 6  3
546951 6  3
546952 6  3
546953 6  3
546954 6  3
546955 6  3
546956 6  3
546957 6  3
546958 6  3
546959 6  3
546960 6  3
546961 6  3
546962 6  3
546963 6  3
546964 6  3
546965 6  3
546966 6  3
546967 6  3
546968 6  3
546969 6  3
546970 6  3
546971 6  3
546972 6  3
546973 6  3
546974 6  3
546975 6  3
546976 6  3
546977 6  3
546978 6  3
546979 6  3
546980 6  3
546981 6  3
546982 6  3
546983 6  3
546984 6  3
546985 6  3
546986 6  3
546987 6  3
546988 6  3
546989 6  3
546990 6  3
546991 6  3
546992 6  3
546993 6  3
546994 6  3
546995 6  3
546996 6  3
546997 6  3
546998 6  3
546999 6  3
547000 6  3
547001 6  3
547002 6  3
547003 6  3
547004 6  3
547005 6  3
547006 6  3
547007 6  3
547008 6  3
547009 6  3
547010 6  3
547011 6  3
547012 6  3
547013 6  3
547014 6  3
547015 6  3
547016 6  3
547017 6  3
547018 6  3
547019 6  3
547020 6  3
547021 6  3
547022 6  3
547023 6  3
547024 6  3
547025 6  3
547026 6  3
547027 6  3
547028 6  3
547029 6  3
547030 6  3
547031 6  3
547032 6  3
547033 6  3
547034 6  3
547035 6  3
547036 6  3
547037 6  3
547038 6  3
547039 6  3
547040 6  3
547041 6  3
547042 6  3
547043 6  3
547044 6  3
547045 6  3
547046 6  3
547047 6  3
547048 6  3
547049 6  3
547050 6  3
547051 6  3
547052 6  3
547053 6  3
547054 6  3
547055 6  3
547056 6  3
547057 6  3
547058 6  3
547059 6  3
547060 6  3
547061 6  3
547062 6  3
547063 6  3
547064 6  3
547065 6  3
547066 6  3
547067 6  3
547068 6  3
547069 6  3
547070 6  3
547071 6  3
547072 6  3
547073 6  3
547074 6  3
547075 6  3
547076 6  3
547077 6  3
547078 6  3
547079 6  3
547080 6  3
547081 6  3
547082 6  3
547083 6  3
547084 6  3
547085 6  3
547086 6  3
547087 6  3
547088 6  3
547089 6  3
547090 6  3
547091 6  3
547092 6  3
547093 6  3
547094 6  3
547095 6  3
547096 6  3
547097 6  3
547098 6  3
547099 6  3
547100 6  3
547101 6  3
547102 6  3
547103 6  3
547104 6  3
547105 6  3
547106 6  3
547107 6  3
547108 6  3
547109 6  3
547110 6  3
547111 6  3
547112 6  3
547113 6  3
547114 6  3
547115 6  3
547116 6  3
547117 6  3
547118 6  3
547119 6  3
547120 6  3
547121 6  3
547122 6  3
547123 6  3
547124 6  3
547125 6  3
547126 6  3
547127 6  3
547128 6  3
547129 6  3
547130 6  3
547131 6  3
547132 6  3
547133 6  3
547134 6  3
547135 6  3
547136 6  3
547137 6  3
547138 6  3
547139 6  3
547140 6  3
547141 6  3
547142 6  3
547143 6  3
547144 6  3
547145 6  3
547146 6  3
547147 6  3
547148 6  3
547149 6  3
547150 6  3
547151 6  3
547152 6  3
547153 6  3
547154 6  3
547155 6  3
547156 6  3
547157 6  3
547158 6  3
547159 6  3
547160 6  3
547161 6  3
547162 6  3
547163 6  3
547164 6  3
547165 6  3
547166 6  3
547167 6  3
547168 6  3
547169 6  3
547170 6  3
547171 6  3
547172 6  3
547173 6  3
547174 6  3
547175 6  3
547176 6  3
547177 6  3
547178 6  3
547179 6  3
547180 6  3
547181 6  3
547182 6  3
547183 6  3
547184 6  3
547185 6  3
547186 6  3
547187 6  3
547188 6  3
547189 6  3
547190 6  3
547191 6  3
547192 6  3
547193 6  3
547194 6  3
547195 6  3
547196 6  3
547197 6  3
547198 6  3
547199 6  3
547200 6  3
547201 6  3
547202 6  3
547203 6  3
547204 6  3
547205 6  3
547206 6  3
547207 6  3
547208 6  3
547209 6  3
547210 6  3
547211 6  3
547212 6  3
547213 6  3
547214 6  3
547215 6  3
547216 6  3
547217 6  3
547218 6  3
547219 6  3
547220 6  3
547221 6  3
547222 6  3
547223 6  3
547224 6  3
547225 6  3
547226 6  3
547227 6  3
547228 6  3
547229 6  3
547230 6  3
547231 6  3
547232 6  3
547233 6  3
547234 6  3
547235 6  3
547236 6  3
547237 6  3
547238 6  3
547239 6  3
547240 6  3
547241 6  3
547242 6  3
547243 6  3
547244 6  3
547245 6  3
547246 6  3
547247 6  3
547248 6  3
547249 6  3
547250 6  3
547251 6  3
547252 6  3
547253 6  3
547254 6  3
547255 6  3
547256 6  3
547257 6  3
547258 6  3
547259 6  3
547260 6  3
547261 6  3
547262 6  3
547263 6  3
547264 6  3
547265 6  3
547266 6  3
547267 6  3
547268 6  3
547269 6  3
547270 6  3
547271 6  3
547272 6  3
547273 6  3
547274 6  3
547275 6  3
547276 6  3
547277 6  3
547278 6  3
547279 6  3
547280 6  3
547281 6  3
547282 6  3
547283 6  3
547284 6  3
547285 6  3
547286 6  3
547287 6  3
547288 6  3
547289 6  3
547290 6  3
547291 6  3
547292 6  3
547293 6  3
547294 6  3
547295 6  3
547296 6  3
547297 6  3
547298 6  3
547299 6  3
547300 6  3
547301 6  3
547302 6  3
547303 6  3
547304 6  3
547305 6  3
547306 6  3
547307 6  3
547308 6  3
547309 6  3
547310 6  3
547311 6  3
547312 6  3
547313 6  3
547314 6  3
547315 6  3
547316 6  3
547317 6  3
547318 6  3
547319 6  3
547320 6  3
547321 6  3
547322 6  3
547323 6  3
547324 6  3
547325 6  3
547326 6  3
547327 6  3
547328 6  3
547329 6  3
547330 6  3
547331 6  3
547332 6  3
547333 6  3
547334 6  3
547335 6  3
547336 6  3
547337 6  3
547338 6  3
547339 6  3
547340 6  3
547341 6  3
547342 6  3
547343 6  3
547344 6  3
547345 6  3
547346 6  3
547347 6  3
547348 6  3
547349 6  3
547350 6  3
547351 6  3
547352 6  3
547353 6  3
547354 6  3
547355 6  3
547356 6  3
547357 6  3
547358 6  3
547359 6  3
547360 6  3
547361 6  3
547362 6  3
547363 6  3
547364 6  3
547365 6  3
547366 6  3
547367 6  3
547368 6  3
547369 6  3
547370 6  3
547371 6  3
547372 6  3
547373 6  3
547374 6  3
547375 6  3
547376 6  3
547377 6  3
547378 6  3
547379 6  3
547380 6  3
547381 6  3
547382 6  3
547383 6  3
547384 6  3
547385 6  3
547386 6  3
547387 6  3
547388 6  3
547389 6  3
547390 6  3
547391 6  3
547392 6  3
547393 6  3
547394 6  3
547395 6  3
547396 6  3
547397 6  3
547398 6  3
547399 6  3
547400 6  3
547401 6  3
547402 6  3
547403 6  3
547404 6  3
547405 6  3
547406 6  3
547407 6  3
547408 6  3
547409 6  3
547410 6  3
547411 6  3
547412 6  3
547413 6  3
547414 6  3
547415 6  3
547416 6  3
547417 6  3
547418 6  3
547419 6  3
547420 6  3
547421 6  3
547422 6  3
547423 6  3
547424 6  3
547425 6  3
547426 6  3
547427 6  3
547428 6  3
547429 6  3
547430 6  3
547431 6  3
547432 6  3
547433 6  3
547434 6  3
547435 6  3
547436 6  3
547437 6  3
547438 6  3
547439 6  3
547440 6  3
547441 6  3
547442 6  3
547443 6  3
547444 6  3
547445 6  3
547446 6  3
547447 6  3
547448 6  3
547449 6  3
547450 6  3
547451 6  3
547452 6  3
547453 6  3
547454 6  3
547455 6  3
547456 6  3
547457 6  3
547458 6  3
547459 6  3
547460 6  3
547461 6  3
547462 6  3
547463 6  3
547464 6  3
547465 6  3
547466 6  3
547467 6  3
547468 6  3
547469 6  3
547470 6  3
547471 6  3
547472 6  3
547473 6  3
547474 6  3
547475 6  3
547476 6  3
547477 6  3
547478 6  3
547479 6  3
547480 6  3
547481 6  3
547482 6  3
547483 6  3
547484 6  3
547485 6  3
547486 6  3
547487 6  3
547488 6  3
547489 6  3
547490 6  3
547491 6  3
547492 6  3
547493 6  3
547494 6  3
547495 6  3
547496 6  3
547497 6  3
547498 6  3
547499 6  3
547500 6  3
547501 6  3
547502 6  3
547503 6  3
547504 6  3
547505 6  3
547506 6  3
547507 6  3
547508 6  3
547509 6  3
547510 6  3
547511 6  3
547512 6  3
547513 6  3
547514 6  3
547515 6  3
547516 6  3
547517 6  3
547518 6  3
547519 6  3
547520 6  3
547521 6  3
547522 6  3
547523 6  3
547524 6  3
547525 6  3
547526 6  3
547527 6  3
547528 6  3
547529 6  3
547530 6  3
547531 6  3
547532 6  3
547533 6  3
547534 6  3
547535 6  3
547536 6  3
547537 6  3
547538 6  3
547539 6  3
547540 6  3
547541 6  3
547542 6  3
547543 6  3
547544 6  3
547545 6  3
547546 6  3
547547 6  3
547548 6  3
547549 6  3
547550 6  3
547551 6  3
547552 6  3
547553 6  3
547554 6  3
547555 6  3
547556 6  3
547557 6  3
547558 6  3
547559 6  3
547560 6  3
547561 6  3
547562 6  3
547563 6  3
547564 6  3
547565 6  3
547566 6  3
547567 6  3
547568 6  3
547569 6  3
547570 6  3
547571 6  3
547572 6  3
547573 6  3
547574 6  3
547575 6  3
547576 6  3
547577 6  3
547578 6  3
547579 6  3
547580 6  3
547581 6  3
547582 6  3
547583 6  3
547584 6  3
547585 6  3
547586 6  3
547587 6  3
547588 6  3
547589 6  3
547590 6  3
547591 6  3
547592 6  3
547593 6  3
547594 6  3
547595 6  3
547596 6  3
547597 6  3
547598 6  3
547599 6  3
547600 6  3
547601 6  3
547602 6  3
547603 6  3
547604 6  3
547605 6  3
547606 6  3
547607 6  3
547608 6  3
547609 6  3
547610 6  3
547611 6  3
547612 6  3
547613 6  3
547614 6  3
547615 6  3
547616 6  3
547617 6  3
547618 6  3
547619 6  3
547620 6  3
547621 6  3
547622 6  3
547623 6  3
547624 6  3
547625 6  3
547626 6  3
547627 6  3
547628 6  3
547629 6  3
547630 6  3
547631 6  3
547632 6  3
547633 6  3
547634 6  3
547635 6  3
547636 6  3
547637 6  3
547638 6  3
547639 6  3
547640 6  3
547641 6  3
547642 6  3
547643 6  3
547644 6  3
547645 6  3
547646 6  3
547647 6  3
547648 6  3
547649 6  3
547650 6  3
547651 6  3
547652 6  3
547653 6  3
547654 6  3
547655 6  3
547656 6  3
547657 6  3
547658 6  3
547659 6  3
547660 6  3
547661 6  3
547662 6  3
547663 6  3
547664 6  3
547665 6  3
547666 6  3
547667 6  3
547668 6  3
547669 6  3
547670 6  3
547671 6  3
547672 6  3
547673 6  3
547674 6  3
547675 6  3
547676 6  3
547677 6  3
547678 6  3
547679 6  3
547680 6  3
547681 6  3
547682 6  3
547683 6  3
547684 6  3
547685 6  3
547686 6  3
547687 6  3
547688 6  3
547689 6  3
547690 6  3
547691 6  3
547692 6  3
547693 6  3
547694 6  3
547695 6  3
547696 6  3
547697 6  3
547698 6  3
547699 6  3
547700 6  3
547701 6  3
547702 6  3
547703 6  3
547704 6  3
547705 6  3
547706 6  3
547707 6  3
547708 6  3
547709 6  3
547710 6  3
547711 6  3
547712 6  3
547713 6  3
547714 6  3
547715 6  3
547716 6  3
547717 6  3
547718 6  3
547719 6  3
547720 6  3
547721 6  3
547722 6  3
547723 6  3
547724 6  3
547725 6  3
547726 6  3
547727 6  3
547728 6  3
547729 6  3
547730 6  3
547731 6  3
547732 6  3
547733 6  3
547734 6  3
547735 6  3
547736 6  3
547737 6  3
547738 6  3
547739 6  3
547740 6  3
547741 6  3
547742 6  3
547743 6  3
547744 6  3
547745 6  3
547746 6  3
547747 6  3
547748 6  3
547749 6  3
547750 6  3
547751 6  3
547752 6  3
547753 6  3
547754 6  3
547755 6  3
547756 6  3
547757 6  3
547758 6  3
547759 6  3
547760 6  3
547761 6  3
547762 6  3
547763 6  3
547764 6  3
547765 6  3
547766 6  3
547767 6  3
547768 6  3
547769 6  3
547770 6  3
547771 6  3
547772 6  3
547773 6  3
547774 6  3
547775 6  3
547776 6  3
547777 6  3
547778 6  3
547779 6  3
547780 6  3
547781 6  3
547782 6  3
547783 6  3
547784 6  3
547785 6  3
547786 6  3
547787 6  3
547788 6  3
547789 6  3
547790 6  3
547791 6  3
547792 6  3
547793 6  3
547794 6  3
547795 6  3
547796 6  3
547797 6  3
547798 6  3
547799 6  3
547800 6  3
547801 6  3
547802 6  3
547803 6  3
547804 6  3
547805 6  3
547806 6  3
547807 6  3
547808 6  3
547809 6  3
547810 6  3
547811 6  3
547812 6  3
547813 6  3
547814 6  3
547815 6  3
547816 6  3
547817 6  3
547818 6  3
547819 6  3
547820 6  3
547821 6  3
547822 6  3
547823 6  3
547824 6  3
547825 6  3
547826 6  3
547827 6  3
547828 6  3
547829 6  3
547830 6  3
547831 6  3
547832 6  3
547833 6  3
547834 6  3
547835 6  3
547836 6  3
547837 6  3
547838 6  3
547839 6  3
547840 6  3
547841 6  3
547842 6  3
547843 6  3
547844 6  3
547845 6  3
547846 6  3
547847 6  3
547848 6  3
547849 6  3
547850 6  3
547851 6  3
547852 6  3
547853 6  3
547854 6  3
547855 6  3
547856 6  3
547857 6  3
547858 6  3
547859 6  3
547860 6  3
547861 6  3
547862 6  3
547863 6  3
547864 6  3
547865 6  3
547866 6  3
547867 6  3
547868 6  3
547869 6  3
547870 6  3
547871 6  3
547872 6  3
547873 6  3
547874 6  3
547875 6  3
547876 6  3
547877 6  3
547878 6  3
547879 6  3
547880 6  3
547881 6  3
547882 6  3
547883 6  3
547884 6  3
547885 6  3
547886 6  3
547887 6  3
547888 6  3
547889 6  3
547890 6  3
547891 6  3
547892 6  3
547893 6  3
547894 6  3
547895 6  3
547896 6  3
547897 6  3
547898 6  3
547899 6  3
547900 6  3
547901 6  3
547902 6  3
547903 6  3
547904 6  3
547905 6  3
547906 6  3
547907 6  3
547908 6  3
547909 6  3
547910 6  3
547911 6  3
547912 6  3
547913 6  3
547914 6  3
547915 6  3
547916 6  3
547917 6  3
547918 6  3
547919 6  3
547920 6  3
547921 6  3
547922 6  3
547923 6  3
547924 6  3
547925 6  3
547926 6  3
547927 6  3
547928 6  3
547929 6  3
547930 6  3
547931 6  3
547932 6  3
547933 6  3
547934 6  3
547935 6  3
547936 6  3
547937 6  3
547938 6  3
547939 6  3
547940 6  3
547941 6  3
547942 6  3
547943 6  3
547944 6  3
547945 6  3
547946 6  3
547947 6  3
547948 6  3
547949 6  3
547950 6  3
547951 6  3
547952 6  3
547953 6  3
547954 6  3
547955 6  3
547956 6  3
547957 6  3
547958 6  3
547959 6  3
547960 6  3
547961 6  3
547962 6  3
547963 6  3
547964 6  3
547965 6  3
547966 6  3
547967 6  3
547968 6  3
547969 6  3
547970 6  3
547971 6  3
547972 6  3
547973 6  3
547974 6  3
547975 6  3
547976 6  3
547977 6  3
547978 6  3
547979 6  3
547980 6  3
547981 6  3
547982 6  3
547983 6  3
547984 6  3
547985 6  3
547986 6  3
547987 6  3
547988 6  3
547989 6  3
547990 6  3
547991 6  3
547992 6  3
547993 6  3
547994 6  3
547995 6  3
547996 6  3
547997 6  3
547998 6  3
547999 6  3
548000 6  3
548001 6  3
548002 6  3
548003 6  3
548004 6  3
548005 6  3
548006 6  3
548007 6  3
548008 6  3
548009 6  3
548010 6  3
548011 6  3
548012 6  3
548013 6  3
548014 6  3
548015 6  3
548016 6  3
548017 6  3
548018 6  3
548019 6  3
548020 6  3
548021 6  3
548022 6  3
548023 6  3
548024 6  3
548025 6  3
548026 6  3
548027 6  3
548028 6  3
548029 6  3
548030 6  3
548031 6  3
548032 6  3
548033 6  3
548034 6  3
548035 6  3
548036 6  3
548037 6  3
548038 6  3
548039 6  3
548040 6  3
548041 6  3
548042 6  3
548043 6  3
548044 6  3
548045 6  3
548046 6  3
548047 6  3
548048 6  3
548049 6  3
548050 6  3
548051 6  3
548052 6  3
548053 6  3
548054 6  3
548055 6  3
548056 6  3
548057 6  3
548058 6  3
548059 6  3
548060 6  3
548061 6  3
548062 6  3
548063 6  3
548064 6  3
548065 6  3
548066 6  3
548067 6  3
548068 6  3
548069 6  3
548070 6  3
548071 6  3
548072 6  3
548073 6  3
548074 6  3
548075 6  3
548076 6  3
548077 6  3
548078 6  3
548079 6  3
548080 6  3
548081 6  3
548082 6  3
548083 6  3
548084 6  3
548085 6  3
548086 6  3
548087 6  3
548088 6  3
548089 6  3
548090 6  3
548091 6  3
548092 6  3
548093 6  3
548094 6  3
548095 6  3
548096 6  3
548097 6  3
548098 6  3
548099 6  3
548100 6  3
548101 6  3
548102 6  3
548103 6  3
548104 6  3
548105 6  3
548106 6  3
548107 6  3
548108 6  3
548109 6  3
548110 6  3
548111 6  3
548112 6  3
548113 6  3
548114 6  3
548115 6  3
548116 6  3
548117 6  3
548118 6  3
548119 6  3
548120 6  3
548121 6  3
548122 6  3
548123 6  3
548124 6  3
548125 6  3
548126 6  3
548127 6  3
548128 6  3
548129 6  3
548130 6  3
548131 6  3
548132 6  3
548133 6  3
548134 6  3
548135 6  3
548136 6  3
548137 6  3
548138 6  3
548139 6  3
548140 6  3
548141 6  3
548142 6  3
548143 6  3
548144 6  3
548145 6  3
548146 6  3
548147 6  3
548148 6  3
548149 6  3
548150 6  3
548151 6  3
548152 6  3
548153 6  3
548154 6  3
548155 6  3
548156 6  3
548157 6  3
548158 6  3
548159 6  3
548160 6  3
548161 6  3
548162 6  3
548163 6  3
548164 6  3
548165 6  3
548166 6  3
548167 6  3
548168 6  3
548169 6  3
548170 6  3
548171 6  3
548172 6  3
548173 6  3
548174 6  3
548175 6  3
548176 6  3
548177 6  3
548178 6  3
548179 6  3
548180 6  3
548181 6  3
548182 6  3
548183 6  3
548184 6  3
548185 6  3
548186 6  3
548187 6  3
548188 6  3
548189 6  3
548190 6  3
548191 6  3
548192 6  3
548193 6  3
548194 6  3
548195 6  3
548196 6  3
548197 6  3
548198 6  3
548199 6  3
548200 6  3
548201 6  3
548202 6  3
548203 6  3
548204 6  3
548205 6  3
548206 6  3
548207 6  3
548208 6  3
548209 6  3
548210 6  3
548211 6  3
548212 6  3
548213 6  3
548214 6  3
548215 6  3
548216 6  3
548217 6  3
548218 6  3
548219 6  3
548220 6  3
548221 6  3
548222 6  3
548223 6  3
548224 6  3
548225 6  3
548226 6  3
548227 6  3
548228 6  3
548229 6  3
548230 6  3
548231 6  3
548232 6  3
548233 6  3
548234 6  3
548235 6  3
548236 6  3
548237 6  3
548238 6  3
548239 6  3
548240 6  3
548241 6  3
548242 6  3
548243 6  3
548244 6  3
548245 6  3
548246 6  3
548247 6  3
548248 6  3
548249 6  3
548250 6  3
548251 6  3
548252 6  3
548253 6  3
548254 6  3
548255 6  3
548256 6  3
548257 6  3
548258 6  3
548259 6  3
548260 6  3
548261 6  3
548262 6  3
548263 6  3
548264 6  3
548265 6  3
548266 6  3
548267 6  3
548268 6  3
548269 6  3
548270 6  3
548271 6  3
548272 6  3
548273 6  3
548274 6  3
548275 6  3
548276 6  3
548277 6  3
548278 6  3
548279 6  3
548280 6  3
548281 6  3
548282 6  3
548283 6  3
548284 6  3
548285 6  3
548286 6  3
548287 6  3
548288 6  3
548289 6  3
548290 6  3
548291 6  3
548292 6  3
548293 6  3
548294 6  3
548295 6  3
548296 6  3
548297 6  3
548298 6  3
548299 6  3
548300 6  3
548301 6  3
548302 6  3
548303 6  3
548304 6  3
548305 6  3
548306 6  3
548307 6  3
548308 6  3
548309 6  3
548310 6  3
548311 6  3
548312 6  3
548313 6  3
548314 6  3
548315 6  3
548316 6  3
548317 6  3
548318 6  3
548319 6  3
548320 6  3
548321 6  3
548322 6  3
548323 6  3
548324 6  3
548325 6  3
548326 6  3
548327 6  3
548328 6  3
548329 6  3
548330 6  3
548331 6  3
548332 6  3
548333 6  3
548334 6  3
548335 6  3
548336 6  3
548337 6  3
548338 6  3
548339 6  3
548340 6  3
548341 6  3
548342 6  3
548343 6  3
548344 6  3
548345 6  3
548346 6  3
548347 6  3
548348 6  3
548349 6  3
548350 6  3
548351 6  3
548352 6  3
548353 6  3
548354 6  3
548355 6  3
548356 6  3
548357 6  3
548358 6  3
548359 6  3
548360 6  3
548361 6  3
548362 6  3
548363 6  3
548364 6  3
548365 6  3
548366 6  3
548367 6  3
548368 6  3
548369 6  3
548370 6  3
548371 6  3
548372 6  3
548373 6  3
548374 6  3
548375 6  3
548376 6  3
548377 6  3
548378 6  3
548379 6  3
548380 6  3
548381 6  3
548382 6  3
548383 6  3
548384 6  3
548385 6  3
548386 6  3
548387 6  3
548388 6  3
548389 6  3
548390 6  3
548391 6  3
548392 6  3
548393 6  3
548394 6  3
548395 6  3
548396 6  3
548397 6  3
548398 6  3
548399 6  3
548400 6  3
548401 6  3
548402 6  3
548403 6  3
548404 6  3
548405 6  3
548406 6  3
548407 6  3
548408 6  3
548409 6  3
548410 6  3
548411 6  3
548412 6  3
548413 6  3
548414 6  3
548415 6  3
548416 6  3
548417 6  3
548418 6  3
548419 6  3
548420 6  3
548421 6  3
548422 6  3
548423 6  3
548424 6  3
548425 6  3
548426 6  3
548427 6  3
548428 6  3
548429 6  3
548430 6  3
548431 6  3
548432 6  3
548433 6  3
548434 6  3
548435 6  3
548436 6  3
548437 6  3
548438 6  3
548439 6  3
548440 6  3
548441 6  3
548442 6  3
548443 6  3
548444 6  3
548445 6  3
548446 6  3
548447 6  3
548448 6  3
548449 6  3
548450 6  3
548451 6  3
548452 6  3
548453 6  3
548454 6  3
548455 6  3
548456 6  3
548457 6  3
548458 6  3
548459 6  3
548460 6  3
548461 6  3
548462 6  3
548463 6  3
548464 6  3
548465 6  3
548466 6  3
548467 6  3
548468 6  3
548469 6  3
548470 6  3
548471 6  3
548472 6  3
548473 6  3
548474 6  3
548475 6  3
548476 6  3
548477 6  3
548478 6  3
548479 6  3
548480 6  3
548481 6  3
548482 6  3
548483 6  3
548484 6  3
548485 6  3
548486 6  3
548487 6  3
548488 6  3
548489 6  3
548490 6  3
548491 6  3
548492 6  3
548493 6  3
548494 6  3
548495 6  3
548496 6  3
548497 6  3
548498 6  3
548499 6  3
548500 6  3
548501 6  3
548502 6  3
548503 6  3
548504 6  3
548505 6  3
548506 6  3
548507 6  3
548508 6  3
548509 6  3
548510 6  3
548511 6  3
548512 6  3
548513 6  3
548514 6  3
548515 6  3
548516 6  3
548517 6  3
548518 6  3
548519 6  3
548520 6  3
548521 6  3
548522 6  3
548523 6  3
548524 6  3
548525 6  3
548526 6  3
548527 6  3
548528 6  3
548529 6  3
548530 6  3
548531 6  3
548532 6  3
548533 6  3
548534 6  3
548535 6  3
548536 6  3
548537 6  3
548538 6  3
548539 6  3
548540 6  3
548541 6  3
548542 6  3
548543 6  3
548544 6  3
548545 6  3
548546 6  3
548547 6  3
548548 6  3
548549 6  3
548550 6  3
548551 6  3
548552 6  3
548553 6  3
548554 6  3
548555 6  3
548556 6  3
548557 6  3
548558 6  3
548559 6  3
548560 6  3
548561 6  3
548562 6  3
548563 6  3
548564 6  3
548565 6  3
548566 6  3
548567 6  3
548568 6  3
548569 6  3
548570 6  3
548571 6  3
548572 6  3
548573 6  3
548574 6  3
548575 6  3
548576 6  3
548577 6  3
548578 6  3
548579 6  3
548580 6  3
548581 6  3
548582 6  3
548583 6  3
548584 6  3
548585 6  3
548586 6  3
548587 6  3
548588 6  3
548589 6  3
548590 6  3
548591 6  3
548592 6  3
548593 6  3
548594 6  3
548595 6  3
548596 6  3
548597 6  3
548598 6  3
548599 6  3
548600 6  3
548601 6  3
548602 6  3
548603 6  3
548604 6  3
548605 6  3
548606 6  3
548607 6  3
548608 6  3
548609 6  3
548610 6  3
548611 6  3
548612 6  3
548613 6  3
548614 6  3
548615 6  3
548616 6  3
548617 6  3
548618 6  3
548619 6  3
548620 6  3
548621 6  3
548622 6  3
548623 6  3
548624 6  3
548625 6  3
548626 6  3
548627 6  3
548628 6  3
548629 6  3
548630 6  3
548631 6  3
548632 6  3
548633 6  3
548634 6  3
548635 6  3
548636 6  3
548637 6  3
548638 6  3
548639 6  3
548640 6  3
548641 6  3
548642 6  3
548643 6  3
548644 6  3
548645 6  3
548646 6  3
548647 6  3
548648 6  3
548649 6  3
548650 6  3
548651 6  3
548652 6  3
548653 6  3
548654 6  3
548655 6  3
548656 6  3
548657 6  3
548658 6  3
548659 6  3
548660 6  3
548661 6  3
548662 6  3
548663 6  3
548664 6  3
548665 6  3
548666 6  3
548667 6  3
548668 6  3
548669 6  3
548670 6  3
548671 6  3
548672 6  3
548673 6  3
548674 6  3
548675 6  3
548676 6  3
548677 6  3
548678 6  3
548679 6  3
548680 6  3
548681 6  3
548682 6  3
548683 6  3
548684 6  3
548685 6  3
548686 6  3
548687 6  3
548688 6  3
548689 6  3
548690 6  3
548691 6  3
548692 6  3
548693 6  3
548694 6  3
548695 6  3
548696 6  3
548697 6  3
548698 6  3
548699 6  3
548700 6  3
548701 6  3
548702 6  3
548703 6  3
548704 6  3
548705 6  3
548706 6  3
548707 6  3
548708 6  3
548709 6  3
548710 6  3
548711 6  3
548712 6  3
548713 6  3
548714 6  3
548715 6  3
548716 6  3
548717 6  3
548718 6  3
548719 6  3
548720 6  3
548721 6  3
548722 6  3
548723 6  3
548724 6  3
548725 6  3
548726 6  3
548727 6  3
548728 6  3
548729 6  3
548730 6  3
548731 6  3
548732 6  3
548733 6  3
548734 6  3
548735 6  3
548736 6  3
548737 6  3
548738 6  3
548739 6  3
548740 6  3
548741 6  3
548742 6  3
548743 6  3
548744 6  3
548745 6  3
548746 6  3
548747 6  3
548748 6  3
548749 6  3
548750 6  3
548751 6  3
548752 6  3
548753 6  3
548754 6  3
548755 6  3
548756 6  3
548757 6  3
548758 6  3
548759 6  3
548760 6  3
548761 6  3
548762 6  3
548763 6  3
548764 6  3
548765 6  3
548766 6  3
548767 6  3
548768 6  3
548769 6  3
548770 6  3
548771 6  3
548772 6  3
548773 6  3
548774 6  3
548775 6  3
548776 6  3
548777 6  3
548778 6  3
548779 6  3
548780 6  3
548781 6  3
548782 6  3
548783 6  3
548784 6  3
548785 6  3
548786 6  3
548787 6  3
548788 6  3
548789 6  3
548790 6  3
548791 6  3
548792 6  3
548793 6  3
548794 6  3
548795 6  3
548796 6  3
548797 6  3
548798 6  3
548799 6  3
548800 6  3
548801 6  3
548802 6  3
548803 6  3
548804 6  3
548805 6  3
548806 6  3
548807 6  3
548808 6  3
548809 6  3
548810 6  3
548811 6  3
548812 6  3
548813 6  3
548814 6  3
548815 6  3
548816 6  3
548817 6  3
548818 6  3
548819 6  3
548820 6  3
548821 6  3
548822 6  3
548823 6  3
548824 6  3
548825 6  3
548826 6  3
548827 6  3
548828 6  3
548829 6  3
548830 6  3
548831 6  3
548832 6  3
548833 6  3
548834 6  3
548835 6  3
548836 6  3
548837 6  3
548838 6  3
548839 6  3
548840 6  3
548841 6  3
548842 6  3
548843 6  3
548844 6  3
548845 6  3
548846 6  3
548847 6  3
548848 6  3
548849 6  3
548850 6  3
548851 6  3
548852 6  3
548853 6  3
548854 6  3
548855 6  3
548856 6  3
548857 6  3
548858 6  3
548859 6  3
548860 6  3
548861 6  3
548862 6  3
548863 6  3
548864 6  3
548865 6  3
548866 6  3
548867 6  3
548868 6  3
548869 6  3
548870 6  3
548871 6  3
548872 6  3
548873 6  3
548874 6  3
548875 6  3
548876 6  3
548877 6  3
548878 6  3
548879 6  3
548880 6  3
548881 6  3
548882 6  3
548883 6  3
548884 6  3
548885 6  3
548886 6  3
548887 6  3
548888 6  3
548889 6  3
548890 6  3
548891 6  3
548892 6  3
548893 6  3
548894 6  3
548895 6  3
548896 6  3
548897 6  3
548898 6  3
548899 6  3
548900 6  3
548901 6  3
548902 6  3
548903 6  3
548904 6  3
548905 6  3
548906 6  3
548907 6  3
548908 6  3
548909 6  3
548910 6  3
548911 6  3
548912 6  3
548913 6  3
548914 6  3
548915 6  3
548916 6  3
548917 6  3
548918 6  3
548919 6  3
548920 6  3
548921 6  3
548922 6  3
548923 6  3
548924 6  3
548925 6  3
548926 6  3
548927 6  3
548928 6  3
548929 6  3
548930 6  3
548931 6  3
548932 6  3
548933 6  3
548934 6  3
548935 6  3
548936 6  3
548937 6  3
548938 6  3
548939 6  3
548940 6  3
548941 6  3
548942 6  3
548943 6  3
548944 6  3
548945 6  3
548946 6  3
548947 6  3
548948 6  3
548949 6  3
548950 6  3
548951 6  3
548952 6  3
548953 6  3
548954 6  3
548955 6  3
548956 6  3
548957 6  3
548958 6  3
548959 6  3
548960 6  3
548961 6  3
548962 6  3
548963 6  3
548964 6  3
548965 6  3
548966 6  3
548967 6  3
548968 6  3
548969 6  3
548970 6  3
548971 6  3
548972 6  3
548973 6  3
548974 6  3
548975 6  3
548976 6  3
548977 6  3
548978 6  3
548979 6  3
548980 6  3
548981 6  3
548982 6  3
548983 6  3
548984 6  3
548985 6  3
548986 6  3
548987 6  3
548988 6  3
548989 6  3
548990 6  3
548991 6  3
548992 6  3
548993 6  3
548994 6  3
548995 6  3
548996 6  3
548997 6  3
548998 6  3
548999 6  3
549000 6  3
549001 6  3
549002 6  3
549003 6  3
549004 6  3
549005 6  3
549006 6  3
549007 6  3
549008 6  3
549009 6  3
549010 6  3
549011 6  3
549012 6  3
549013 6  3
549014 6  3
549015 6  3
549016 6  3
549017 6  3
549018 6  3
549019 6  3
549020 6  3
549021 6  3
549022 6  3
549023 6  3
549024 6  3
549025 6  3
549026 6  3
549027 6  3
549028 6  3
549029 6  3
549030 6  3
549031 6  3
549032 6  3
549033 6  3
549034 6  3
549035 6  3
549036 6  3
549037 6  3
549038 6  3
549039 6  3
549040 6  3
549041 6  3
549042 6  3
549043 6  3
549044 6  3
549045 6  3
549046 6  3
549047 6  3
549048 6  3
549049 6  3
549050 6  3
549051 6  3
549052 6  3
549053 6  3
549054 6  3
549055 6  3
549056 6  3
549057 6  3
549058 6  3
549059 6  3
549060 6  3
549061 6  3
549062 6  3
549063 6  3
549064 6  3
549065 6  3
549066 6  3
549067 6  3
549068 6  3
549069 6  3
549070 6  3
549071 6  3
549072 6  3
549073 6  3
549074 6  3
549075 6  3
549076 6  3
549077 6  3
549078 6  3
549079 6  3
549080 6  3
549081 6  3
549082 6  3
549083 6  3
549084 6  3
549085 6  3
549086 6  3
549087 6  3
549088 6  3
549089 6  3
549090 6  3
549091 6  3
549092 6  3
549093 6  3
549094 6  3
549095 6  3
549096 6  3
549097 6  3
549098 6  3
549099 6  3
549100 6  3
549101 6  3
549102 6  3
549103 6  3
549104 6  3
549105 6  3
549106 6  3
549107 6  3
549108 6  3
549109 6  3
549110 6  3
549111 6  3
549112 6  3
549113 6  3
549114 6  3
549115 6  3
549116 6  3
549117 6  3
549118 6  3
549119 6  3
549120 6  3
549121 6  3
549122 6  3
549123 6  3
549124 6  3
549125 6  3
549126 6  3
549127 6  3
549128 6  3
549129 6  3
549130 6  3
549131 6  3
549132 6  3
549133 6  3
549134 6  3
549135 6  3
549136 6  3
549137 6  3
549138 6  3
549139 6  3
549140 6  3
549141 6  3
549142 6  3
549143 6  3
549144 6  3
549145 6  3
549146 6  3
549147 6  3
549148 6  3
549149 6  3
549150 6  3
549151 6  3
549152 6  3
549153 6  3
549154 6  3
549155 6  3
549156 6  3
549157 6  3
549158 6  3
549159 6  3
549160 6  3
549161 6  3
549162 6  3
549163 6  3
549164 6  3
549165 6  3
549166 6  3
549167 6  3
549168 6  3
549169 6  3
549170 6  3
549171 6  3
549172 6  3
549173 6  3
549174 6  3
549175 6  3
549176 6  3
549177 6  3
549178 6  3
549179 6  3
549180 6  3
549181 6  3
549182 6  3
549183 6  3
549184 6  3
549185 6  3
549186 6  3
549187 6  3
549188 6  3
549189 6  3
549190 6  3
549191 6  3
549192 6  3
549193 6  3
549194 6  3
549195 6  3
549196 6  3
549197 6  3
549198 6  3
549199 6  3
549200 6  3
549201 6  3
549202 6  3
549203 6  3
549204 6  3
549205 6  3
549206 6  3
549207 6  3
549208 6  3
549209 6  3
549210 6  3
549211 6  3
549212 6  3
549213 6  3
549214 6  3
549215 6  3
549216 6  3
549217 6  3
549218 6  3
549219 6  3
549220 6  3
549221 6  3
549222 6  3
549223 6  3
549224 6  3
549225 6  3
549226 6  3
549227 6  3
549228 6  3
549229 6  3
549230 6  3
549231 6  3
549232 6  3
549233 6  3
549234 6  3
549235 6  3
549236 6  3
549237 6  3
549238 6  3
549239 6  3
549240 6  3
549241 6  3
549242 6  3
549243 6  3
549244 6  3
549245 6  3
549246 6  3
549247 6  3
549248 6  3
549249 6  3
549250 6  3
549251 6  3
549252 6  3
549253 6  3
549254 6  3
549255 6  3
549256 6  3
549257 6  3
549258 6  3
549259 6  3
549260 6  3
549261 6  3
549262 6  3
549263 6  3
549264 6  3
549265 6  3
549266 6  3
549267 6  3
549268 6  3
549269 6  3
549270 6  3
549271 6  3
549272 6  3
549273 6  3
549274 6  3
549275 6  3
549276 6  3
549277 6  3
549278 6  3
549279 6  3
549280 6  3
549281 6  3
549282 6  3
549283 6  3
549284 6  3
549285 6  3
549286 6  3
549287 6  3
549288 6  3
549289 6  3
549290 6  3
549291 6  3
549292 6  3
549293 6  3
549294 6  3
549295 6  3
549296 6  3
549297 6  3
549298 6  3
549299 6  3
549300 6  3
549301 6  3
549302 6  3
549303 6  3
549304 6  3
549305 6  3
549306 6  3
549307 6  3
549308 6  3
549309 6  3
549310 6  3
549311 6  3
549312 6  3
549313 6  3
549314 6  3
549315 6  3
549316 6  3
549317 6  3
549318 6  3
549319 6  3
549320 6  3
549321 6  3
549322 6  3
549323 6  3
549324 6  3
549325 6  3
549326 6  3
549327 6  3
549328 6  3
549329 6  3
549330 6  3
549331 6  3
549332 6  3
549333 6  3
549334 6  3
549335 6  3
549336 6  3
549337 6  3
549338 6  3
549339 6  3
549340 6  3
549341 6  3
549342 6  3
549343 6  3
549344 6  3
549345 6  3
549346 6  3
549347 6  3
549348 6  3
549349 6  3
549350 6  3
549351 6  3
549352 6  3
549353 6  3
549354 6  3
549355 6  3
549356 6  3
549357 6  3
549358 6  3
549359 6  3
549360 6  3
549361 6  3
549362 6  3
549363 6  3
549364 6  3
549365 6  3
549366 6  3
549367 6  3
549368 6  3
549369 6  3
549370 6  3
549371 6  3
549372 6  3
549373 6  3
549374 6  3
549375 6  3
549376 6  3
549377 6  3
549378 6  3
549379 6  3
549380 6  3
549381 6  3
549382 6  3
549383 6  3
549384 6  3
549385 6  3
549386 6  3
549387 6  3
549388 6  3
549389 6  3
549390 6  3
549391 6  3
549392 6  3
549393 6  3
549394 6  3
549395 6  3
549396 6  3
549397 6  3
549398 6  3
549399 6  3
549400 6  3
549401 6  3
549402 6  3
549403 6  3
549404 6  3
549405 6  3
549406 6  3
549407 6  3
549408 6  3
549409 6  3
549410 6  3
549411 6  3
549412 6  3
549413 6  3
549414 6  3
549415 6  3
549416 6  3
549417 6  3
549418 6  3
549419 6  3
549420 6  3
549421 6  3
549422 6  3
549423 6  3
549424 6  3
549425 6  3
549426 6  3
549427 6  3
549428 6  3
549429 6  3
549430 6  3
549431 6  3
549432 6  3
549433 6  3
549434 6  3
549435 6  3
549436 6  3
549437 6  3
549438 6  3
549439 6  3
549440 6  3
549441 6  3
549442 6  3
549443 6  3
549444 6  3
549445 6  3
549446 6  3
549447 6  3
549448 6  3
549449 6  3
549450 6  3
549451 6  3
549452 6  3
549453 6  3
549454 6  3
549455 6  3
549456 6  3
549457 6  3
549458 6  3
549459 6  3
549460 6  3
549461 6  3
549462 6  3
549463 6  3
549464 6  3
549465 6  3
549466 6  3
549467 6  3
549468 6  3
549469 6  3
549470 6  3
549471 6  3
549472 6  3
549473 6  3
549474 6  3
549475 6  3
549476 6  3
549477 6  3
549478 6  3
549479 6  3
549480 6  3
549481 6  3
549482 6  3
549483 6  3
549484 6  3
549485 6  3
549486 6  3
549487 6  3
549488 6  3
549489 6  3
549490 6  3
549491 6  3
549492 6  3
549493 6  3
549494 6  3
549495 6  3
549496 6  3
549497 6  3
549498 6  3
549499 6  3
549500 6  3
549501 6  3
549502 6  3
549503 6  3
549504 6  3
549505 6  3
549506 6  3
549507 6  3
549508 6  3
549509 6  3
549510 6  3
549511 6  3
549512 6  3
549513 6  3
549514 6  3
549515 6  3
549516 6  3
549517 6  3
549518 6  3
549519 6  3
549520 6  3
549521 6  3
549522 6  3
549523 6  3
549524 6  3
549525 6  3
549526 6  3
549527 6  3
549528 6  3
549529 6  3
549530 6  3
549531 6  3
549532 6  3
549533 6  3
549534 6  3
549535 6  3
549536 6  3
549537 6  3
549538 6  3
549539 6  3
549540 6  3
549541 6  3
549542 6  3
549543 6  3
549544 6  3
549545 6  3
549546 6  3
549547 6  3
549548 6  3
549549 6  3
549550 6  3
549551 6  3
549552 6  3
549553 6  3
549554 6  3
549555 6  3
549556 6  3
549557 6  3
549558 6  3
549559 6  3
549560 6  3
549561 6  3
549562 6  3
549563 6  3
549564 6  3
549565 6  3
549566 6  3
549567 6  3
549568 6  3
549569 6  3
549570 6  3
549571 6  3
549572 6  3
549573 6  3
549574 6  3
549575 6  3
549576 6  3
549577 6  3
549578 6  3
549579 6  3
549580 6  3
549581 6  3
549582 6  3
549583 6  3
549584 6  3
549585 6  3
549586 6  3
549587 6  3
549588 6  3
549589 6  3
549590 6  3
549591 6  3
549592 6  3
549593 6  3
549594 6  3
549595 6  3
549596 6  3
549597 6  3
549598 6  3
549599 6  3
549600 6  3
549601 6  3
549602 6  3
549603 6  3
549604 6  3
549605 6  3
549606 6  3
549607 6  3
549608 6  3
549609 6  3
549610 6  3
549611 6  3
549612 6  3
549613 6  3
549614 6  3
549615 6  3
549616 6  3
549617 6  3
549618 6  3
549619 6  3
549620 6  3
549621 6  3
549622 6  3
549623 6  3
549624 6  3
549625 6  3
549626 6  3
549627 6  3
549628 6  3
549629 6  3
549630 6  3
549631 6  3
549632 6  3
549633 6  3
549634 6  3
549635 6  3
549636 6  3
549637 6  3
549638 6  3
549639 6  3
549640 6  3
549641 6  3
549642 6  3
549643 6  3
549644 6  3
549645 6  3
549646 6  3
549647 6  3
549648 6  3
549649 6  3
549650 6  3
549651 6  3
549652 6  3
549653 6  3
549654 6  3
549655 6  3
549656 6  3
549657 6  3
549658 6  3
549659 6  3
549660 6  3
549661 6  3
549662 6  3
549663 6  3
549664 6  3
549665 6  3
549666 6  3
549667 6  3
549668 6  3
549669 6  3
549670 6  3
549671 6  3
549672 6  3
549673 6  3
549674 6  3
549675 6  3
549676 6  3
549677 6  3
549678 6  3
549679 6  3
549680 6  3
549681 6  3
549682 6  3
549683 6  3
549684 6  3
549685 6  3
549686 6  3
549687 6  3
549688 6  3
549689 6  3
549690 6  3
549691 6  3
549692 6  3
549693 6  3
549694 6  3
549695 6  3
549696 6  3
549697 6  3
549698 6  3
549699 6  3
549700 6  3
549701 6  3
549702 6  3
549703 6  3
549704 6  3
549705 6  3
549706 6  3
549707 6  3
549708 6  3
549709 6  3
549710 6  3
549711 6  3
549712 6  3
549713 6  3
549714 6  3
549715 6  3
549716 6  3
549717 6  3
549718 6  3
549719 6  3
549720 6  3
549721 6  3
549722 6  3
549723 6  3
549724 6  3
549725 6  3
549726 6  3
549727 6  3
549728 6  3
549729 6  3
549730 6  3
549731 6  3
549732 6  3
549733 6  3
549734 6  3
549735 6  3
549736 6  3
549737 6  3
549738 6  3
549739 6  3
549740 6  3
549741 6  3
549742 6  3
549743 6  3
549744 6  3
549745 6  3
549746 6  3
549747 6  3
549748 6  3
549749 6  3
549750 6  3
549751 6  3
549752 6  3
549753 6  3
549754 6  3
549755 6  3
549756 6  3
549757 6  3
549758 6  3
549759 6  3
549760 6  3
549761 6  3
549762 6  3
549763 6  3
549764 6  3
549765 6  3
549766 6  3
549767 6  3
549768 6  3
549769 6  3
549770 6  3
549771 6  3
549772 6  3
549773 6  3
549774 6  3
549775 6  3
549776 6  3
549777 6  3
549778 6  3
549779 6  3
549780 6  3
549781 6  3
549782 6  3
549783 6  3
549784 6  3
549785 6  3
549786 6  3
549787 6  3
549788 6  3
549789 6  3
549790 6  3
549791 6  3
549792 6  3
549793 6  3
549794 6  3
549795 6  3
549796 6  3
549797 6  3
549798 6  3
549799 6  3
549800 6  3
549801 6  3
549802 6  3
549803 6  3
549804 6  3
549805 6  3
549806 6  3
549807 6  3
549808 6  3
549809 6  3
549810 6  3
549811 6  3
549812 6  3
549813 6  3
549814 6  3
549815 6  3
549816 6  3
549817 6  3
549818 6  3
549819 6  3
549820 6  3
549821 6  3
549822 6  3
549823 6  3
549824 6  3
549825 6  3
549826 6  3
549827 6  3
549828 6  3
549829 6  3
549830 6  3
549831 6  3
549832 6  3
549833 6  3
549834 6  3
549835 6  3
549836 6  3
549837 6  3
549838 6  3
549839 6  3
549840 6  3
549841 6  3
549842 6  3
549843 6  3
549844 6  3
549845 6  3
549846 6  3
549847 6  3
549848 6  3
549849 6  3
549850 6  3
549851 6  3
549852 6  3
549853 6  3
549854 6  3
549855 6  3
549856 6  3
549857 6  3
549858 6  3
549859 6  3
549860 6  3
549861 6  3
549862 6  3
549863 6  3
549864 6  3
549865 6  3
549866 6  3
549867 6  3
549868 6  3
549869 6  3
549870 6  3
549871 6  3
549872 6  3
549873 6  3
549874 6  3
549875 6  3
549876 6  3
549877 6  3
549878 6  3
549879 6  3
549880 6  3
549881 6  3
549882 6  3
549883 6  3
549884 6  3
549885 6  3
549886 6  3
549887 6  3
549888 6  3
549889 6  3
549890 6  3
549891 6  3
549892 6  3
549893 6  3
549894 6  3
549895 6  3
549896 6  3
549897 6  3
549898 6  3
549899 6  3
549900 6  3
549901 6  3
549902 6  3
549903 6  3
549904 6  3
549905 6  3
549906 6  3
549907 6  3
549908 6  3
549909 6  3
549910 6  3
549911 6  3
549912 6  3
549913 6  3
549914 6  3
549915 6  3
549916 6  3
549917 6  3
549918 6  3
549919 6  3
549920 6  3
549921 6  3
549922 6  3
549923 6  3
549924 6  3
549925 6  3
549926 6  3
549927 6  3
549928 6  3
549929 6  3
549930 6  3
549931 6  3
549932 6  3
549933 6  3
549934 6  3
549935 6  3
549936 6  3
549937 6  3
549938 6  3
549939 6  3
549940 6  3
549941 6  3
549942 6  3
549943 6  3
549944 6  3
549945 6  3
549946 6  3
549947 6  3
549948 6  3
549949 6  3
549950 6  3
549951 6  3
549952 6  3
549953 6  3
549954 6  3
549955 6  3
549956 6  3
549957 6  3
549958 6  3
549959 6  3
549960 6  3
549961 6  3
549962 6  3
549963 6  3
549964 6  3
549965 6  3
549966 6  3
549967 6  3
549968 6  3
549969 6  3
549970 6  3
549971 6  3
549972 6  3
549973 6  3
549974 6  3
549975 6  3
549976 6  3
549977 6  3
549978 6  3
549979 6  3
549980 6  3
549981 6  3
549982 6  3
549983 6  3
549984 6  3
549985 6  3
549986 6  3
549987 6  3
549988 6  3
549989 6  3
549990 6  3
549991 6  3
549992 6  3
549993 6  3
549994 6  3
549995 6  3
549996 6  3
549997 6  3
549998 6  3
549999 6  3
550000 6  3
550001 6  3
550002 6  3
550003 6  3
550004 6  3
550005 6  3
550006 6  3
550007 6  3
550008 6  3
550009 6  3
550010 6  3
550011 6  3
550012 6  3
550013 6  3
550014 6  3
550015 6  3
550016 6  3
550017 6  3
550018 6  3
550019 6  3
550020 6  3
550021 6  3
550022 6  3
550023 6  3
550024 6  3
550025 6  3
550026 6  3
550027 6  3
550028 6  3
550029 6  3
550030 6  3
550031 6  3
550032 6  3
550033 6  3
550034 6  3
550035 6  3
550036 6  3
550037 6  3
550038 6  3
550039 6  3
550040 6  3
550041 6  3
550042 6  3
550043 6  3
550044 6  3
550045 6  3
550046 6  3
550047 6  3
550048 6  3
550049 6  3
550050 6  3
550051 6  3
550052 6  3
550053 6  3
550054 6  3
550055 6  3
550056 6  3
550057 6  3
550058 6  3
550059 6  3
550060 6  3
550061 6  3
550062 6  3
550063 6  3
550064 6  3
550065 6  3
550066 6  3
550067 6  3
550068 6  3
550069 6  3
550070 6  3
550071 6  3
550072 6  3
550073 6  3
550074 6  3
550075 6  3
550076 6  3
550077 6  3
550078 6  3
550079 6  3
550080 6  3
550081 6  3
550082 6  3
550083 6  3
550084 6  3
550085 6  3
550086 6  3
550087 6  3
550088 6  3
550089 6  3
550090 6  3
550091 6  3
550092 6  3
550093 6  3
550094 6  3
550095 6  3
550096 6  3
550097 6  3
550098 6  3
550099 6  3
550100 6  3
550101 6  3
550102 6  3
550103 6  3
550104 6  3
550105 6  3
550106 6  3
550107 6  3
550108 6  3
550109 6  3
550110 6  3
550111 6  3
550112 6  3
550113 6  3
550114 6  3
550115 6  3
550116 6  3
550117 6  3
550118 6  3
550119 6  3
550120 6  3
550121 6  3
550122 6  3
550123 6  3
550124 6  3
550125 6  3
550126 6  3
550127 6  3
550128 6  3
550129 6  3
550130 6  3
550131 6  3
550132 6  3
550133 6  3
550134 6  3
550135 6  3
550136 6  3
550137 6  3
550138 6  3
550139 6  3
550140 6  3
550141 6  3
550142 6  3
550143 6  3
550144 6  3
550145 6  3
550146 6  3
550147 6  3
550148 6  3
550149 6  3
550150 6  3
550151 6  3
550152 6  3
550153 6  3
550154 6  3
550155 6  3
550156 6  3
550157 6  3
550158 6  3
550159 6  3
550160 6  3
550161 6  3
550162 6  3
550163 6  3
550164 6  3
550165 6  3
550166 6  3
550167 6  3
550168 6  3
550169 6  3
550170 6  3
550171 6  3
550172 6  3
550173 6  3
550174 6  3
550175 6  3
550176 6  3
550177 6  3
550178 6  3
550179 6  3
550180 6  3
550181 6  3
550182 6  3
550183 6  3
550184 6  3
550185 6  3
550186 6  3
550187 6  3
550188 6  3
550189 6  3
550190 6  3
550191 6  3
550192 6  3
550193 6  3
550194 6  3
550195 6  3
550196 6  3
550197 6  3
550198 6  3
550199 6  3
550200 6  3
550201 6  3
550202 6  3
550203 6  3
550204 6  3
550205 6  3
550206 6  3
550207 6  3
550208 6  3
550209 6  3
550210 6  3
550211 6  3
550212 6  3
550213 6  3
550214 6  3
550215 6  3
550216 6  3
550217 6  3
550218 6  3
550219 6  3
550220 6  3
550221 6  3
550222 6  3
550223 6  3
550224 6  3
550225 6  3
550226 6  3
550227 6  3
550228 6  3
550229 6  3
550230 6  3
550231 6  3
550232 6  3
550233 6  3
550234 6  3
550235 6  3
550236 6  3
550237 6  3
550238 6  3
550239 6  3
550240 6  3
550241 6  3
550242 6  3
550243 6  3
550244 6  3
550245 6  3
550246 6  3
550247 6  3
550248 6  3
550249 6  3
550250 6  3
550251 6  3
550252 6  3
550253 6  3
550254 6  3
550255 6  3
550256 6  3
550257 6  3
550258 6  3
550259 6  3
550260 6  3
550261 6  3
550262 6  3
550263 6  3
550264 6  3
550265 6  3
550266 6  3
550267 6  3
550268 6  3
550269 6  3
550270 6  3
550271 6  3
550272 6  3
550273 6  3
550274 6  3
550275 6  3
550276 6  3
550277 6  3
550278 6  3
550279 6  3
550280 6  3
550281 6  3
550282 6  3
550283 6  3
550284 6  3
550285 6  3
550286 6  3
550287 6  3
550288 6  3
550289 6  3
550290 6  3
550291 6  3
550292 6  3
550293 6  3
550294 6  3
550295 6  3
550296 6  3
550297 6  3
550298 6  3
550299 6  3
550300 6  3
550301 6  3
550302 6  3
550303 6  3
550304 6  3
550305 6  3
550306 6  3
550307 6  3
550308 6  3
550309 6  3
550310 6  3
550311 6  3
550312 6  3
550313 6  3
550314 6  3
550315 6  3
550316 6  3
550317 6  3
550318 6  3
550319 6  3
550320 6  3
550321 6  3
550322 6  3
550323 6  3
550324 6  3
550325 6  3
550326 6  3
550327 6  3
550328 6  3
550329 6  3
550330 6  3
550331 6  3
550332 6  3
550333 6  3
550334 6  3
550335 6  3
550336 6  3
550337 6  3
550338 6  3
550339 6  3
550340 6  3
550341 6  3
550342 6  3
550343 6  3
550344 6  3
550345 6  3
550346 6  3
550347 6  3
550348 6  3
550349 6  3
550350 6  3
550351 6  3
550352 6  3
550353 6  3
550354 6  3
550355 6  3
550356 6  3
550357 6  3
550358 6  3
550359 6  3
550360 6  3
550361 6  3
550362 6  3
550363 6  3
550364 6  3
550365 6  3
550366 6  3
550367 6  3
550368 6  3
550369 6  3
550370 6  3
550371 6  3
550372 6  3
550373 6  3
550374 6  3
550375 6  3
550376 6  3
550377 6  3
550378 6  3
550379 6  3
550380 6  3
550381 6  3
550382 6  3
550383 6  3
550384 6  3
550385 6  3
550386 6  3
550387 6  3
550388 6  3
550389 6  3
550390 6  3
550391 6  3
550392 6  3
550393 6  3
550394 6  3
550395 6  3
550396 6  3
550397 6  3
550398 6  3
550399 6  3
550400 6  3
550401 6  3
550402 6  3
550403 6  3
550404 6  3
550405 6  3
550406 6  3
550407 6  3
550408 6  3
550409 6  3
550410 6  3
550411 6  3
550412 6  3
550413 6  3
550414 6  3
550415 6  3
550416 6  3
550417 6  3
550418 6  3
550419 6  3
550420 6  3
550421 6  3
550422 6  3
550423 6  3
550424 6  3
550425 6  3
550426 6  3
550427 6  3
550428 6  3
550429 6  3
550430 6  3
550431 6  3
550432 6  3
550433 6  3
550434 6  3
550435 6  3
550436 6  3
550437 6  3
550438 6  3
550439 6  3
550440 6  3
550441 6  3
550442 6  3
550443 6  3
550444 6  3
550445 6  3
550446 6  3
550447 6  3
550448 6  3
550449 6  3
550450 6  3
550451 6  3
550452 6  3
550453 6  3
550454 6  3
550455 6  3
550456 6  3
550457 6  3
550458 6  3
550459 6  3
550460 6  3
550461 6  3
550462 6  3
550463 6  3
550464 6  3
550465 6  3
550466 6  3
550467 6  3
550468 6  3
550469 6  3
550470 6  3
550471 6  3
550472 6  3
550473 6  3
550474 6  3
550475 6  3
550476 6  3
550477 6  3
550478 6  3
550479 6  3
550480 6  3
550481 6  3
550482 6  3
550483 6  3
550484 6  3
550485 6  3
550486 6  3
550487 6  3
550488 6  3
550489 6  3
550490 6  3
550491 6  3
550492 6  3
550493 6  3
550494 6  3
550495 6  3
550496 6  3
550497 6  3
550498 6  3
550499 6  3
550500 6  3
550501 6  3
550502 6  3
550503 6  3
550504 6  3
550505 6  3
550506 6  3
550507 6  3
550508 6  3
550509 6  3
550510 6  3
550511 6  3
550512 6  3
550513 6  3
550514 6  3
550515 6  3
550516 6  3
550517 6  3
550518 6  3
550519 6  3
550520 6  3
550521 6  3
550522 6  3
550523 6  3
550524 6  3
550525 6  3
550526 6  3
550527 6  3
550528 6  3
550529 6  3
550530 6  3
550531 6  3
550532 6  3
550533 6  3
550534 6  3
550535 6  3
550536 6  3
550537 6  3
550538 6  3
550539 6  3
550540 6  3
550541 6  3
550542 6  3
550543 6  3
550544 6  3
550545 6  3
550546 6  3
550547 6  3
550548 6  3
550549 6  3
550550 6  3
550551 6  3
550552 6  3
550553 6  3
550554 6  3
550555 6  3
550556 6  3
550557 6  3
550558 6  3
550559 6  3
550560 6  3
550561 6  3
550562 6  3
550563 6  3
550564 6  3
550565 6  3
550566 6  3
550567 6  3
550568 6  3
550569 6  3
550570 6  3
550571 6  3
550572 6  3
550573 6  3
550574 6  3
550575 6  3
550576 6  3
550577 6  3
550578 6  3
550579 6  3
550580 6  3
550581 6  3
550582 6  3
550583 6  3
550584 6  3
550585 6  3
550586 6  3
550587 6  3
550588 6  3
550589 6  3
550590 6  3
550591 6  3
550592 6  3
550593 6  3
550594 6  3
550595 6  3
550596 6  3
550597 6  3
550598 6  3
550599 6  3
550600 6  3
550601 6  3
550602 6  3
550603 6  3
550604 6  3
550605 6  3
550606 6  3
550607 6  3
550608 6  3
550609 6  3
550610 6  3
550611 6  3
550612 6  3
550613 6  3
550614 6  3
550615 6  3
550616 6  3
550617 6  3
550618 6  3
550619 6  3
550620 6  3
550621 6  3
550622 6  3
550623 6  3
550624 6  3
550625 6  3
550626 6  3
550627 6  3
550628 6  3
550629 6  3
550630 6  3
550631 6  3
550632 6  3
550633 6  3
550634 6  3
550635 6  3
550636 6  3
550637 6  3
550638 6  3
550639 6  3
550640 6  3
550641 6  3
550642 6  3
550643 6  3
550644 6  3
550645 6  3
550646 6  3
550647 6  3
550648 6  3
550649 6  3
550650 6  3
550651 6  3
550652 6  3
550653 6  3
550654 6  3
550655 6  3
550656 6  3
550657 6  3
550658 6  3
550659 6  3
550660 6  3
550661 6  3
550662 6  3
550663 6  3
550664 6  3
550665 6  3
550666 6  3
550667 6  3
550668 6  3
550669 6  3
550670 6  3
550671 6  3
550672 6  3
550673 6  3
550674 6  3
550675 6  3
550676 6  3
550677 6  3
550678 6  3
550679 6  3
550680 6  3
550681 6  3
550682 6  3
550683 6  3
550684 6  3
550685 6  3
550686 6  3
550687 6  3
550688 6  3
550689 6  3
550690 6  3
550691 6  3
550692 6  3
550693 6  3
550694 6  3
550695 6  3
550696 6  3
550697 6  3
550698 6  3
550699 6  3
550700 6  3
550701 6  3
550702 6  3
550703 6  3
550704 6  3
550705 6  3
550706 6  3
550707 6  3
550708 6  3
550709 6  3
550710 6  3
550711 6  3
550712 6  3
550713 6  3
550714 6  3
550715 6  3
550716 6  3
550717 6  3
550718 6  3
550719 6  3
550720 6  3
550721 6  3
550722 6  3
550723 6  3
550724 6  3
550725 6  3
550726 6  3
550727 6  3
550728 6  3
550729 6  3
550730 6  3
550731 6  3
550732 6  3
550733 6  3
550734 6  3
550735 6  3
550736 6  3
550737 6  3
550738 6  3
550739 6  3
550740 6  3
550741 6  3
550742 6  3
550743 6  3
550744 6  3
550745 6  3
550746 6  3
550747 6  3
550748 6  3
550749 6  3
550750 6  3
550751 6  3
550752 6  3
550753 6  3
550754 6  3
550755 6  3
550756 6  3
550757 6  3
550758 6  3
550759 6  3
550760 6  3
550761 6  3
550762 6  3
550763 6  3
550764 6  3
550765 6  3
550766 6  3
550767 6  3
550768 6  3
550769 6  3
550770 6  3
550771 6  3
550772 6  3
550773 6  3
550774 6  3
550775 6  3
550776 6  3
550777 6  3
550778 6  3
550779 6  3
550780 6  3
550781 6  3
550782 6  3
550783 6  3
550784 6  3
550785 6  3
550786 6  3
550787 6  3
550788 6  3
550789 6  3
550790 6  3
550791 6  3
550792 6  3
550793 6  3
550794 6  3
550795 6  3
550796 6  3
550797 6  3
550798 6  3
550799 6  3
550800 6  3
550801 6  3
550802 6  3
550803 6  3
550804 6  3
550805 6  3
550806 6  3
550807 6  3
550808 6  3
550809 6  3
550810 6  3
550811 6  3
550812 6  3
550813 6  3
550814 6  3
550815 6  3
550816 6  3
550817 6  3
550818 6  3
550819 6  3
550820 6  3
550821 6  3
550822 6  3
550823 6  3
550824 6  3
550825 6  3
550826 6  3
550827 6  3
550828 6  3
550829 6  3
550830 6  3
550831 6  3
550832 6  3
550833 6  3
550834 6  3
550835 6  3
550836 6  3
550837 6  3
550838 6  3
550839 6  3
550840 6  3
550841 6  3
550842 6  3
550843 6  3
550844 6  3
550845 6  3
550846 6  3
550847 6  3
550848 6  3
550849 6  3
550850 6  3
550851 6  3
550852 6  3
550853 6  3
550854 6  3
550855 6  3
550856 6  3
550857 6  3
550858 6  3
550859 6  3
550860 6  3
550861 6  3
550862 6  3
550863 6  3
550864 6  3
550865 6  3
550866 6  3
550867 6  3
550868 6  3
550869 6  3
550870 6  3
550871 6  3
550872 6  3
550873 6  3
550874 6  3
550875 6  3
550876 6  3
550877 6  3
550878 6  3
550879 6  3
550880 6  3
550881 6  3
550882 6  3
550883 6  3
550884 6  3
550885 6  3
550886 6  3
550887 6  3
550888 6  3
550889 6  3
550890 6  3
550891 6  3
550892 6  3
550893 6  3
550894 6  3
550895 6  3
550896 6  3
550897 6  3
550898 6  3
550899 6  3
550900 6  3
550901 6  3
550902 6  3
550903 6  3
550904 6  3
550905 6  3
550906 6  3
550907 6  3
550908 6  3
550909 6  3
550910 6  3
550911 6  3
550912 6  3
550913 6  3
550914 6  3
550915 6  3
550916 6  3
550917 6  3
550918 6  3
550919 6  3
550920 6  3
550921 6  3
550922 6  3
550923 6  3
550924 6  3
550925 6  3
550926 6  3
550927 6  3
550928 6  3
550929 6  3
550930 6  3
550931 6  3
550932 6  3
550933 6  3
550934 6  3
550935 6  3
550936 6  3
550937 6  3
550938 6  3
550939 6  3
550940 6  3
550941 6  3
550942 6  3
550943 6  3
550944 6  3
550945 6  3
550946 6  3
550947 6  3
550948 6  3
550949 6  3
550950 6  3
550951 6  3
550952 6  3
550953 6  3
550954 6  3
550955 6  3
550956 6  3
550957 6  3
550958 6  3
550959 6  3
550960 6  3
550961 6  3
550962 6  3
550963 6  3
550964 6  3
550965 6  3
550966 6  3
550967 6  3
550968 6  3
550969 6  3
550970 6  3
550971 6  3
550972 6  3
550973 6  3
550974 6  3
550975 6  3
550976 6  3
550977 6  3
550978 6  3
550979 6  3
550980 6  3
550981 6  3
550982 6  3
550983 6  3
550984 6  3
550985 6  3
550986 6  3
550987 6  3
550988 6  3
550989 6  3
550990 6  3
550991 6  3
550992 6  3
550993 6  3
550994 6  3
550995 6  3
550996 6  3
550997 6  3
550998 6  3
550999 6  3
551000 6  3
551001 6  3
551002 6  3
551003 6  3
551004 6  3
551005 6  3
551006 6  3
551007 6  3
551008 6  3
551009 6  3
551010 6  3
551011 6  3
551012 6  3
551013 6  3
551014 6  3
551015 6  3
551016 6  3
551017 6  3
551018 6  3
551019 6  3
551020 6  3
551021 6  3
551022 6  3
551023 6  3
551024 6  3
551025 6  3
551026 6  3
551027 6  3
551028 6  3
551029 6  3
551030 6  3
551031 6  3
551032 6  3
551033 6  3
551034 6  3
551035 6  3
551036 6  3
551037 6  3
551038 6  3
551039 6  3
551040 6  3
551041 6  3
551042 6  3
551043 6  3
551044 6  3
551045 6  3
551046 6  3
551047 6  3
551048 6  3
551049 6  3
551050 6  3
551051 6  3
551052 6  3
551053 6  3
551054 6  3
551055 6  3
551056 6  3
551057 6  3
551058 6  3
551059 6  3
551060 6  3
551061 6  3
551062 6  3
551063 6  3
551064 6  3
551065 6  3
551066 6  3
551067 6  3
551068 6  3
551069 6  3
551070 6  3
551071 6  3
551072 6  3
551073 6  3
551074 6  3
551075 6  3
551076 6  3
551077 6  3
551078 6  3
551079 6  3
551080 6  3
551081 6  3
551082 6  3
551083 6  3
551084 6  3
551085 6  3
551086 6  3
551087 6  3
551088 6  3
551089 6  3
551090 6  3
551091 6  3
551092 6  3
551093 6  3
551094 6  3
551095 6  3
551096 6  3
551097 6  3
551098 6  3
551099 6  3
551100 6  3
551101 6  3
551102 6  3
551103 6  3
551104 6  3
551105 6  3
551106 6  3
551107 6  3
551108 6  3
551109 6  3
551110 6  3
551111 6  3
551112 6  3
551113 6  3
551114 6  3
551115 6  3
551116 6  3
551117 6  3
551118 6  3
551119 6  3
551120 6  3
551121 6  3
551122 6  3
551123 6  3
551124 6  3
551125 6  3
551126 6  3
551127 6  3
551128 6  3
551129 6  3
551130 6  3
551131 6  3
551132 6  3
551133 6  3
551134 6  3
551135 6  3
551136 6  3
551137 6  3
551138 6  3
551139 6  3
551140 6  3
551141 6  3
551142 6  3
551143 6  3
551144 6  3
551145 6  3
551146 6  3
551147 6  3
551148 6  3
551149 6  3
551150 6  3
551151 6  3
551152 6  3
551153 6  3
551154 6  3
551155 6  3
551156 6  3
551157 6  3
551158 6  3
551159 6  3
551160 6  3
551161 6  3
551162 6  3
551163 6  3
551164 6  3
551165 6  3
551166 6  3
551167 6  3
551168 6  3
551169 6  3
551170 6  3
551171 6  3
551172 6  3
551173 6  3
551174 6  3
551175 6  3
551176 6  3
551177 6  3
551178 6  3
551179 6  3
551180 6  3
551181 6  3
551182 6  3
551183 6  3
551184 6  3
551185 6  3
551186 6  3
551187 6  3
551188 6  3
551189 6  3
551190 6  3
551191 6  3
551192 6  3
551193 6  3
551194 6  3
551195 6  3
551196 6  3
551197 6  3
551198 6  3
551199 6  3
551200 6  3
551201 6  3
551202 6  3
551203 6  3
551204 6  3
551205 6  3
551206 6  3
551207 6  3
551208 6  3
551209 6  3
551210 6  3
551211 6  3
551212 6  3
551213 6  3
551214 6  3
551215 6  3
551216 6  3
551217 6  3
551218 6  3
551219 6  3
551220 6  3
551221 6  3
551222 6  3
551223 6  3
551224 6  3
551225 6  3
551226 6  3
551227 6  3
551228 6  3
551229 6  3
551230 6  3
551231 6  3
551232 6  3
551233 6  3
551234 6  3
551235 6  3
551236 6  3
551237 6  3
551238 6  3
551239 6  3
551240 6  3
551241 6  3
551242 6  3
551243 6  3
551244 6  3
551245 6  3
551246 6  3
551247 6  3
551248 6  3
551249 6  3
551250 6  3
551251 6  3
551252 6  3
551253 6  3
551254 6  3
551255 6  3
551256 6  3
551257 6  3
551258 6  3
551259 6  3
551260 6  3
551261 6  3
551262 6  3
551263 6  3
551264 6  3
551265 6  3
551266 6  3
551267 6  3
551268 6  3
551269 6  3
551270 6  3
551271 6  3
551272 6  3
551273 6  3
551274 6  3
551275 6  3
551276 6  3
551277 6  3
551278 6  3
551279 6  3
551280 6  3
551281 6  3
551282 6  3
551283 6  3
551284 6  3
551285 6  3
551286 6  3
551287 6  3
551288 6  3
551289 6  3
551290 6  3
551291 6  3
551292 6  3
551293 6  3
551294 6  3
551295 6  3
551296 6  3
551297 6  3
551298 6  3
551299 6  3
551300 6  3
551301 6  3
551302 6  3
551303 6  3
551304 6  3
551305 6  3
551306 6  3
551307 6  3
551308 6  3
551309 6  3
551310 6  3
551311 6  3
551312 6  3
551313 6  3
551314 6  3
551315 6  3
551316 6  3
551317 6  3
551318 6  3
551319 6  3
551320 6  3
551321 6  3
551322 6  3
551323 6  3
551324 6  3
551325 6  3
551326 6  3
551327 6  3
551328 6  3
551329 6  3
551330 6  3
551331 6  3
551332 6  3
551333 6  3
551334 6  3
551335 6  3
551336 6  3
551337 6  3
551338 6  3
551339 6  3
551340 6  3
551341 6  3
551342 6  3
551343 6  3
551344 6  3
551345 6  3
551346 6  3
551347 6  3
551348 6  3
551349 6  3
551350 6  3
551351 6  3
551352 6  3
551353 6  3
551354 6  3
551355 6  3
551356 6  3
551357 6  3
551358 6  3
551359 6  3
551360 6  3
551361 6  3
551362 6  3
551363 6  3
551364 6  3
551365 6  3
551366 6  3
551367 6  3
551368 6  3
551369 6  3
551370 6  3
551371 6  3
551372 6  3
551373 6  3
551374 6  3
551375 6  3
551376 6  3
551377 6  3
551378 6  3
551379 6  3
551380 6  3
551381 6  3
551382 6  3
551383 6  3
551384 6  3
551385 6  3
551386 6  3
551387 6  3
551388 6  3
551389 6  3
551390 6  3
551391 6  3
551392 6  3
551393 6  3
551394 6  3
551395 6  3
551396 6  3
551397 6  3
551398 6  3
551399 6  3
551400 6  3
551401 6  3
551402 6  3
551403 6  3
551404 6  3
551405 6  3
551406 6  3
551407 6  3
551408 6  3
551409 6  3
551410 6  3
551411 6  3
551412 6  3
551413 6  3
551414 6  3
551415 6  3
551416 6  3
551417 6  3
551418 6  3
551419 6  3
551420 6  3
551421 6  3
551422 6  3
551423 6  3
551424 6  3
551425 6  3
551426 6  3
551427 6  3
551428 6  3
551429 6  3
551430 6  3
551431 6  3
551432 6  3
551433 6  3
551434 6  3
551435 6  3
551436 6  3
551437 6  3
551438 6  3
551439 6  3
551440 6  3
551441 6  3
551442 6  3
551443 6  3
551444 6  3
551445 6  3
551446 6  3
551447 6  3
551448 6  3
551449 6  3
551450 6  3
551451 6  3
551452 6  3
551453 6  3
551454 6  3
551455 6  3
551456 6  3
551457 6  3
551458 6  3
551459 6  3
551460 6  3
551461 6  3
551462 6  3
551463 6  3
551464 6  3
551465 6  3
551466 6  3
551467 6  3
551468 6  3
551469 6  3
551470 6  3
551471 6  3
551472 6  3
551473 6  3
551474 6  3
551475 6  3
551476 6  3
551477 6  3
551478 6  3
551479 6  3
551480 6  3
551481 6  3
551482 6  3
551483 6  3
551484 6  3
551485 6  3
551486 6  3
551487 6  3
551488 6  3
551489 6  3
551490 6  3
551491 6  3
551492 6  3
551493 6  3
551494 6  3
551495 6  3
551496 6  3
551497 6  3
551498 6  3
551499 6  3
551500 6  3
551501 6  3
551502 6  3
551503 6  3
551504 6  3
551505 6  3
551506 6  3
551507 6  3
551508 6  3
551509 6  3
551510 6  3
551511 6  3
551512 6  3
551513 6  3
551514 6  3
551515 6  3
551516 6  3
551517 6  3
551518 6  3
551519 6  3
551520 6  3
551521 6  3
551522 6  3
551523 6  3
551524 6  3
551525 6  3
551526 6  3
551527 6  3
551528 6  3
551529 6  3
551530 6  3
551531 6  3
551532 6  3
551533 6  3
551534 6  3
551535 6  3
551536 6  3
551537 6  3
551538 6  3
551539 6  3
551540 6  3
551541 6  3
551542 6  3
551543 6  3
551544 6  3
551545 6  3
551546 6  3
551547 6  3
551548 6  3
551549 6  3
551550 6  3
551551 6  3
551552 6  3
551553 6  3
551554 6  3
551555 6  3
551556 6  3
551557 6  3
551558 6  3
551559 6  3
551560 6  3
551561 6  3
551562 6  3
551563 6  3
551564 6  3
551565 6  3
551566 6  3
551567 6  3
551568 6  3
551569 6  3
551570 6  3
551571 6  3
551572 6  3
551573 6  3
551574 6  3
551575 6  3
551576 6  3
551577 6  3
551578 6  3
551579 6  3
551580 6  3
551581 6  3
551582 6  3
551583 6  3
551584 6  3
551585 6  3
551586 6  3
551587 6  3
551588 6  3
551589 6  3
551590 6  3
551591 6  3
551592 6  3
551593 6  3
551594 6  3
551595 6  3
551596 6  3
551597 6  3
551598 6  3
551599 6  3
551600 6  3
551601 6  3
551602 6  3
551603 6  3
551604 6  3
551605 6  3
551606 6  3
551607 6  3
551608 6  3
551609 6  3
551610 6  3
551611 6  3
551612 6  3
551613 6  3
551614 6  3
551615 6  3
551616 6  3
551617 6  3
551618 6  3
551619 6  3
551620 6  3
551621 6  3
551622 6  3
551623 6  3
551624 6  3
551625 6  3
551626 6  3
551627 6  3
551628 6  3
551629 6  3
551630 6  3
551631 6  3
551632 6  3
551633 6  3
551634 6  3
551635 6  3
551636 6  3
551637 6  3
551638 6  3
551639 6  3
551640 6  3
551641 6  3
551642 6  3
551643 6  3
551644 6  3
551645 6  3
551646 6  3
551647 6  3
551648 6  3
551649 6  3
551650 6  3
551651 6  3
551652 6  3
551653 6  3
551654 6  3
551655 6  3
551656 6  3
551657 6  3
551658 6  3
551659 6  3
551660 6  3
551661 6  3
551662 6  3
551663 6  3
551664 6  3
551665 6  3
551666 6  3
551667 6  3
551668 6  3
551669 6  3
551670 6  3
551671 6  3
551672 6  3
551673 6  3
551674 6  3
551675 6  3
551676 6  3
551677 6  3
551678 6  3
551679 6  3
551680 6  3
551681 6  3
551682 6  3
551683 6  3
551684 6  3
551685 6  3
551686 6  3
551687 6  3
551688 6  3
551689 6  3
551690 6  3
551691 6  3
551692 6  3
551693 6  3
551694 6  3
551695 6  3
551696 6  3
551697 6  3
551698 6  3
551699 6  3
551700 6  3
551701 6  3
551702 6  3
551703 6  3
551704 6  3
551705 6  3
551706 6  3
551707 6  3
551708 6  3
551709 6  3
551710 6  3
551711 6  3
551712 6  3
551713 6  3
551714 6  3
551715 6  3
551716 6  3
551717 6  3
551718 6  3
551719 6  3
551720 6  3
551721 6  3
551722 6  3
551723 6  3
551724 6  3
551725 6  3
551726 6  3
551727 6  3
551728 6  3
551729 6  3
551730 6  3
551731 6  3
551732 6  3
551733 6  3
551734 6  3
551735 6  3
551736 6  3
551737 6  3
551738 6  3
551739 6  3
551740 6  3
551741 6  3
551742 6  3
551743 6  3
551744 6  3
551745 6  3
551746 6  3
551747 6  3
551748 6  3
551749 6  3
551750 6  3
551751 6  3
551752 6  3
551753 6  3
551754 6  3
551755 6  3
551756 6  3
551757 6  3
551758 6  3
551759 6  3
551760 6  3
551761 6  3
551762 6  3
551763 6  3
551764 6  3
551765 6  3
551766 6  3
551767 6  3
551768 6  3
551769 6  3
551770 6  3
551771 6  3
551772 6  3
551773 6  3
551774 6  3
551775 6  3
551776 6  3
551777 6  3
551778 6  3
551779 6  3
551780 6  3
551781 6  3
551782 6  3
551783 6  3
551784 6  3
551785 6  3
551786 6  3
551787 6  3
551788 6  3
551789 6  3
551790 6  3
551791 6  3
551792 6  3
551793 6  3
551794 6  3
551795 6  3
551796 6  3
551797 6  3
551798 6  3
551799 6  3
551800 6  3
551801 6  3
551802 6  3
551803 6  3
551804 6  3
551805 6  3
551806 6  3
551807 6  3
551808 6  3
551809 6  3
551810 6  3
551811 6  3
551812 6  3
551813 6  3
551814 6  3
551815 6  3
551816 6  3
551817 6  3
551818 6  3
551819 6  3
551820 6  3
551821 6  3
551822 6  3
551823 6  3
551824 6  3
551825 6  3
551826 6  3
551827 6  3
551828 6  3
551829 6  3
551830 6  3
551831 6  3
551832 6  3
551833 6  3
551834 6  3
551835 6  3
551836 6  3
551837 6  3
551838 6  3
551839 6  3
551840 6  3
551841 6  3
551842 6  3
551843 6  3
551844 6  3
551845 6  3
551846 6  3
551847 6  3
551848 6  3
551849 6  3
551850 6  3
551851 6  3
551852 6  3
551853 6  3
551854 6  3
551855 6  3
551856 6  3
551857 6  3
551858 6  3
551859 6  3
551860 6  3
551861 6  3
551862 6  3
551863 6  3
551864 6  3
551865 6  3
551866 6  3
551867 6  3
551868 6  3
551869 6  3
551870 6  3
551871 6  3
551872 6  3
551873 6  3
551874 6  3
551875 6  3
551876 6  3
551877 6  3
551878 6  3
551879 6  3
551880 6  3
551881 6  3
551882 6  3
551883 6  3
551884 6  3
551885 6  3
551886 6  3
551887 6  3
551888 6  3
551889 6  3
551890 6  3
551891 6  3
551892 6  3
551893 6  3
551894 6  3
551895 6  3
551896 6  3
551897 6  3
551898 6  3
551899 6  3
551900 6  3
551901 6  3
551902 6  3
551903 6  3
551904 6  3
551905 6  3
551906 6  3
551907 6  3
551908 6  3
551909 6  3
551910 6  3
551911 6  3
551912 6  3
551913 6  3
551914 6  3
551915 6  3
551916 6  3
551917 6  3
551918 6  3
551919 6  3
551920 6  3
551921 6  3
551922 6  3
551923 6  3
551924 6  3
551925 6  3
551926 6  3
551927 6  3
551928 6  3
551929 6  3
551930 6  3
551931 6  3
551932 6  3
551933 6  3
551934 6  3
551935 6  3
551936 6  3
551937 6  3
551938 6  3
551939 6  3
551940 6  3
551941 6  3
551942 6  3
551943 6  3
551944 6  3
551945 6  3
551946 6  3
551947 6  3
551948 6  3
551949 6  3
551950 6  3
551951 6  3
551952 6  3
551953 6  3
551954 6  3
551955 6  3
551956 6  3
551957 6  3
551958 6  3
551959 6  3
551960 6  3
551961 6  3
551962 6  3
551963 6  3
551964 6  3
551965 6  3
551966 6  3
551967 6  3
551968 6  3
551969 6  3
551970 6  3
551971 6  3
551972 6  3
551973 6  3
551974 6  3
551975 6  3
551976 6  3
551977 6  3
551978 6  3
551979 6  3
551980 6  3
551981 6  3
551982 6  3
551983 6  3
551984 6  3
551985 6  3
551986 6  3
551987 6  3
551988 6  3
551989 6  3
551990 6  3
551991 6  3
551992 6  3
551993 6  3
551994 6  3
551995 6  3
551996 6  3
551997 6  3
551998 6  3
551999 6  3
552000 6  3
552001 6  3
552002 6  3
552003 6  3
552004 6  3
552005 6  3
552006 6  3
552007 6  3
552008 6  3
552009 6  3
552010 6  3
552011 6  3
552012 6  3
552013 6  3
552014 6  3
552015 6  3
552016 6  3
552017 6  3
552018 6  3
552019 6  3
552020 6  3
552021 6  3
552022 6  3
552023 6  3
552024 6  3
552025 6  3
552026 6  3
552027 6  3
552028 6  3
552029 6  3
552030 6  3
552031 6  3
552032 6  3
552033 6  3
552034 6  3
552035 6  3
552036 6  3
552037 6  3
552038 6  3
552039 6  3
552040 6  3
552041 6  3
552042 6  3
552043 6  3
552044 6  3
552045 6  3
552046 6  3
552047 6  3
552048 6  3
552049 6  3
552050 6  3
552051 6  3
552052 6  3
552053 6  3
552054 6  3
552055 6  3
552056 6  3
552057 6  3
552058 6  3
552059 6  3
552060 6  3
552061 6  3
552062 6  3
552063 6  3
552064 6  3
552065 6  3
552066 6  3
552067 6  3
552068 6  3
552069 6  3
552070 6  3
552071 6  3
552072 6  3
552073 6  3
552074 6  3
552075 6  3
552076 6  3
552077 6  3
552078 6  3
552079 6  3
552080 6  3
552081 6  3
552082 6  3
552083 6  3
552084 6  3
552085 6  3
552086 6  3
552087 6  3
552088 6  3
552089 6  3
552090 6  3
552091 6  3
552092 6  3
552093 6  3
552094 6  3
552095 6  3
552096 6  3
552097 6  3
552098 6  3
552099 6  3
552100 6  3
552101 6  3
552102 6  3
552103 6  3
552104 6  3
552105 6  3
552106 6  3
552107 6  3
552108 6  3
552109 6  3
552110 6  3
552111 6  3
552112 6  3
552113 6  3
552114 6  3
552115 6  3
552116 6  3
552117 6  3
552118 6  3
552119 6  3
552120 6  3
552121 6  3
552122 6  3
552123 6  3
552124 6  3
552125 6  3
552126 6  3
552127 6  3
552128 6  3
552129 6  3
552130 6  3
552131 6  3
552132 6  3
552133 6  3
552134 6  3
552135 6  3
552136 6  3
552137 6  3
552138 6  3
552139 6  3
552140 6  3
552141 6  3
552142 6  3
552143 6  3
552144 6  3
552145 6  3
552146 6  3
552147 6  3
552148 6  3
552149 6  3
552150 6  3
552151 6  3
552152 6  3
552153 6  3
552154 6  3
552155 6  3
552156 6  3
552157 6  3
552158 6  3
552159 6  3
552160 6  3
552161 6  3
552162 6  3
552163 6  3
552164 6  3
552165 6  3
552166 6  3
552167 6  3
552168 6  3
552169 6  3
552170 6  3
552171 6  3
552172 6  3
552173 6  3
552174 6  3
552175 6  3
552176 6  3
552177 6  3
552178 6  3
552179 6  3
552180 6  3
552181 6  3
552182 6  3
552183 6  3
552184 6  3
552185 6  3
552186 6  3
552187 6  3
552188 6  3
552189 6  3
552190 6  3
552191 6  3
552192 6  3
552193 6  3
552194 6  3
552195 6  3
552196 6  3
552197 6  3
552198 6  3
552199 6  3
552200 6  3
552201 6  3
552202 6  3
552203 6  3
552204 6  3
552205 6  3
552206 6  3
552207 6  3
552208 6  3
552209 6  3
552210 6  3
552211 6  3
552212 6  3
552213 6  3
552214 6  3
552215 6  3
552216 6  3
552217 6  3
552218 6  3
552219 6  3
552220 6  3
552221 6  3
552222 6  3
552223 6  3
552224 6  3
552225 6  3
552226 6  3
552227 6  3
552228 6  3
552229 6  3
552230 6  3
552231 6  3
552232 6  3
552233 6  3
552234 6  3
552235 6  3
552236 6  3
552237 6  3
552238 6  3
552239 6  3
552240 6  3
552241 6  3
552242 6  3
552243 6  3
552244 6  3
552245 6  3
552246 6  3
552247 6  3
552248 6  3
552249 6  3
552250 6  3
552251 6  3
552252 6  3
552253 6  3
552254 6  3
552255 6  3
552256 6  3
552257 6  3
552258 6  3
552259 6  3
552260 6  3
552261 6  3
552262 6  3
552263 6  3
552264 6  3
552265 6  3
552266 6  3
552267 6  3
552268 6  3
552269 6  3
552270 6  3
552271 6  3
552272 6  3
552273 6  3
552274 6  3
552275 6  3
552276 6  3
552277 6  3
552278 6  3
552279 6  3
552280 6  3
552281 6  3
552282 6  3
552283 6  3
552284 6  3
552285 6  3
552286 6  3
552287 6  3
552288 6  3
552289 6  3
552290 6  3
552291 6  3
552292 6  3
552293 6  3
552294 6  3
552295 6  3
552296 6  3
552297 6  3
552298 6  3
552299 6  3
552300 6  3
552301 6  3
552302 6  3
552303 6  3
552304 6  3
552305 6  3
552306 6  3
552307 6  3
552308 6  3
552309 6  3
552310 6  3
552311 6  3
552312 6  3
552313 6  3
552314 6  3
552315 6  3
552316 6  3
552317 6  3
552318 6  3
552319 6  3
552320 6  3
552321 6  3
552322 6  3
552323 6  3
552324 6  3
552325 6  3
552326 6  3
552327 6  3
552328 6  3
552329 6  3
552330 6  3
552331 6  3
552332 6  3
552333 6  3
552334 6  3
552335 6  3
552336 6  3
552337 6  3
552338 6  3
552339 6  3
552340 6  3
552341 6  3
552342 6  3
552343 6  3
552344 6  3
552345 6  3
552346 6  3
552347 6  3
552348 6  3
552349 6  3
552350 6  3
552351 6  3
552352 6  3
552353 6  3
552354 6  3
552355 6  3
552356 6  3
552357 6  3
552358 6  3
552359 6  3
552360 6  3
552361 6  3
552362 6  3
552363 6  3
552364 6  3
552365 6  3
552366 6  3
552367 6  3
552368 6  3
552369 6  3
552370 6  3
552371 6  3
552372 6  3
552373 6  3
552374 6  3
552375 6  3
552376 6  3
552377 6  3
552378 6  3
552379 6  3
552380 6  3
552381 6  3
552382 6  3
552383 6  3
552384 6  3
552385 6  3
552386 6  3
552387 6  3
552388 6  3
552389 6  3
552390 6  3
552391 6  3
552392 6  3
552393 6  3
552394 6  3
552395 6  3
552396 6  3
552397 6  3
552398 6  3
552399 6  3
552400 6  3
552401 6  3
552402 6  3
552403 6  3
552404 6  3
552405 6  3
552406 6  3
552407 6  3
552408 6  3
552409 6  3
552410 6  3
552411 6  3
552412 6  3
552413 6  3
552414 6  3
552415 6  3
552416 6  3
552417 6  3
552418 6  3
552419 6  3
552420 6  3
552421 6  3
552422 6  3
552423 6  3
552424 6  3
552425 6  3
552426 6  3
552427 6  3
552428 6  3
552429 6  3
552430 6  3
552431 6  3
552432 6  3
552433 6  3
552434 6  3
552435 6  3
552436 6  3
552437 6  3
552438 6  3
552439 6  3
552440 6  3
552441 6  3
552442 6  3
552443 6  3
552444 6  3
552445 6  3
552446 6  3
552447 6  3
552448 6  3
552449 6  3
552450 6  3
552451 6  3
552452 6  3
552453 6  3
552454 6  3
552455 6  3
552456 6  3
552457 6  3
552458 6  3
552459 6  3
552460 6  3
552461 6  3
552462 6  3
552463 6  3
552464 6  3
552465 6  3
552466 6  3
552467 6  3
552468 6  3
552469 6  3
552470 6  3
552471 6  3
552472 6  3
552473 6  3
552474 6  3
552475 6  3
552476 6  3
552477 6  3
552478 6  3
552479 6  3
552480 6  3
552481 6  3
552482 6  3
552483 6  3
552484 6  3
552485 6  3
552486 6  3
552487 6  3
552488 6  3
552489 6  3
552490 6  3
552491 6  3
552492 6  3
552493 6  3
552494 6  3
552495 6  3
552496 6  3
552497 6  3
552498 6  3
552499 6  3
552500 6  3
552501 6  3
552502 6  3
552503 6  3
552504 6  3
552505 6  3
552506 6  3
552507 6  3
552508 6  3
552509 6  3
552510 6  3
552511 6  3
552512 6  3
552513 6  3
552514 6  3
552515 6  3
552516 6  3
552517 6  3
552518 6  3
552519 6  3
552520 6  3
552521 6  3
552522 6  3
552523 6  3
552524 6  3
552525 6  3
552526 6  3
552527 6  3
552528 6  3
552529 6  3
552530 6  3
552531 6  3
552532 6  3
552533 6  3
552534 6  3
552535 6  3
552536 6  3
552537 6  3
552538 6  3
552539 6  3
552540 6  3
552541 6  3
552542 6  3
552543 6  3
552544 6  3
552545 6  3
552546 6  3
552547 6  3
552548 6  3
552549 6  3
552550 6  3
552551 6  3
552552 6  3
552553 6  3
552554 6  3
552555 6  3
552556 6  3
552557 6  3
552558 6  3
552559 6  3
552560 6  3
552561 6  3
552562 6  3
552563 6  3
552564 6  3
552565 6  3
552566 6  3
552567 6  3
552568 6  3
552569 6  3
552570 6  3
552571 6  3
552572 6  3
552573 6  3
552574 6  3
552575 6  3
552576 6  3
552577 6  3
552578 6  3
552579 6  3
552580 6  3
552581 6  3
552582 6  3
552583 6  3
552584 6  3
552585 6  3
552586 6  3
552587 6  3
552588 6  3
552589 6  3
552590 6  3
552591 6  3
552592 6  3
552593 6  3
552594 6  3
552595 6  3
552596 6  3
552597 6  3
552598 6  3
552599 6  3
552600 6  3
552601 6  3
552602 6  3
552603 6  3
552604 6  3
552605 6  3
552606 6  3
552607 6  3
552608 6  3
552609 6  3
552610 6  3
552611 6  3
552612 6  3
552613 6  3
552614 6  3
552615 6  3
552616 6  3
552617 6  3
552618 6  3
552619 6  3
552620 6  3
552621 6  3
552622 6  3
552623 6  3
552624 6  3
552625 6  3
552626 6  3
552627 6  3
552628 6  3
552629 6  3
552630 6  3
552631 6  3
552632 6  3
552633 6  3
552634 6  3
552635 6  3
552636 6  3
552637 6  3
552638 6  3
552639 6  3
552640 6  3
552641 6  3
552642 6  3
552643 6  3
552644 6  3
552645 6  3
552646 6  3
552647 6  3
552648 6  3
552649 6  3
552650 6  3
552651 6  3
552652 6  3
552653 6  3
552654 6  3
552655 6  3
552656 6  3
552657 6  3
552658 6  3
552659 6  3
552660 6  3
552661 6  3
552662 6  3
552663 6  3
552664 6  3
552665 6  3
552666 6  3
552667 6  3
552668 6  3
552669 6  3
552670 6  3
552671 6  3
552672 6  3
552673 6  3
552674 6  3
552675 6  3
552676 6  3
552677 6  3
552678 6  3
552679 6  3
552680 6  3
552681 6  3
552682 6  3
552683 6  3
552684 6  3
552685 6  3
552686 6  3
552687 6  3
552688 6  3
552689 6  3
552690 6  3
552691 6  3
552692 6  3
552693 6  3
552694 6  3
552695 6  3
552696 6  3
552697 6  3
552698 6  3
552699 6  3
552700 6  3
552701 6  3
552702 6  3
552703 6  3
552704 6  3
552705 6  3
552706 6  3
552707 6  3
552708 6  3
552709 6  3
552710 6  3
552711 6  3
552712 6  3
552713 6  3
552714 6  3
552715 6  3
552716 6  3
552717 6  3
552718 6  3
552719 6  3
552720 6  3
552721 6  3
552722 6  3
552723 6  3
552724 6  3
552725 6  3
552726 6  3
552727 6  3
552728 6  3
552729 6  3
552730 6  3
552731 6  3
552732 6  3
552733 6  3
552734 6  3
552735 6  3
552736 6  3
552737 6  3
552738 6  3
552739 6  3
552740 6  3
552741 6  3
552742 6  3
552743 6  3
552744 6  3
552745 6  3
552746 6  3
552747 6  3
552748 6  3
552749 6  3
552750 6  3
552751 6  3
552752 6  3
552753 6  3
552754 6  3
552755 6  3
552756 6  3
552757 6  3
552758 6  3
552759 6  3
552760 6  3
552761 6  3
552762 6  3
552763 6  3
552764 6  3
552765 6  3
552766 6  3
552767 6  3
552768 6  3
552769 6  3
552770 6  3
552771 6  3
552772 6  3
552773 6  3
552774 6  3
552775 6  3
552776 6  3
552777 6  3
552778 6  3
552779 6  3
552780 6  3
552781 6  3
552782 6  3
552783 6  3
552784 6  3
552785 6  3
552786 6  3
552787 6  3
552788 6  3
552789 6  3
552790 6  3
552791 6  3
552792 6  3
552793 6  3
552794 6  3
552795 6  3
552796 6  3
552797 6  3
552798 6  3
552799 6  3
552800 6  3
552801 6  3
552802 6  3
552803 6  3
552804 6  3
552805 6  3
552806 6  3
552807 6  3
552808 6  3
552809 6  3
552810 6  3
552811 6  3
552812 6  3
552813 6  3
552814 6  3
552815 6  3
552816 6  3
552817 6  3
552818 6  3
552819 6  3
552820 6  3
552821 6  3
552822 6  3
552823 6  3
552824 6  3
552825 6  3
552826 6  3
552827 6  3
552828 6  3
552829 6  3
552830 6  3
552831 6  3
552832 6  3
552833 6  3
552834 6  3
552835 6  3
552836 6  3
552837 6  3
552838 6  3
552839 6  3
552840 6  3
552841 6  3
552842 6  3
552843 6  3
552844 6  3
552845 6  3
552846 6  3
552847 6  3
552848 6  3
552849 6  3
552850 6  3
552851 6  3
552852 6  3
552853 6  3
552854 6  3
552855 6  3
552856 6  3
552857 6  3
552858 6  3
552859 6  3
552860 6  3
552861 6  3
552862 6  3
552863 6  3
552864 6  3
552865 6  3
552866 6  3
552867 6  3
552868 6  3
552869 6  3
552870 6  3
552871 6  3
552872 6  3
552873 6  3
552874 6  3
552875 6  3
552876 6  3
552877 6  3
552878 6  3
552879 6  3
552880 6  3
552881 6  3
552882 6  3
552883 6  3
552884 6  3
552885 6  3
552886 6  3
552887 6  3
552888 6  3
552889 6  3
552890 6  3
552891 6  3
552892 6  3
552893 6  3
552894 6  3
552895 6  3
552896 6  3
552897 6  3
552898 6  3
552899 6  3
552900 6  3
552901 6  3
552902 6  3
552903 6  3
552904 6  3
552905 6  3
552906 6  3
552907 6  3
552908 6  3
552909 6  3
552910 6  3
552911 6  3
552912 6  3
552913 6  3
552914 6  3
552915 6  3
552916 6  3
552917 6  3
552918 6  3
552919 6  3
552920 6  3
552921 6  3
552922 6  3
552923 6  3
552924 6  3
552925 6  3
552926 6  3
552927 6  3
552928 6  3
552929 6  3
552930 6  3
552931 6  3
552932 6  3
552933 6  3
552934 6  3
552935 6  3
552936 6  3
552937 6  3
552938 6  3
552939 6  3
552940 6  3
552941 6  3
552942 6  3
552943 6  3
552944 6  3
552945 6  3
552946 6  3
552947 6  3
552948 6  3
552949 6  3
552950 6  3
552951 6  3
552952 6  3
552953 6  3
552954 6  3
552955 6  3
552956 6  3
552957 6  3
552958 6  3
552959 6  3
552960 6  3
552961 6  3
552962 6  3
552963 6  3
552964 6  3
552965 6  3
552966 6  3
552967 6  3
552968 6  3
552969 6  3
552970 6  3
552971 6  3
552972 6  3
552973 6  3
552974 6  3
552975 6  3
552976 6  3
552977 6  3
552978 6  3
552979 6  3
552980 6  3
552981 6  3
552982 6  3
552983 6  3
552984 6  3
552985 6  3
552986 6  3
552987 6  3
552988 6  3
552989 6  3
552990 6  3
552991 6  3
552992 6  3
552993 6  3
552994 6  3
552995 6  3
552996 6  3
552997 6  3
552998 6  3
552999 6  3
553000 6  3
553001 6  3
553002 6  3
553003 6  3
553004 6  3
553005 6  3
553006 6  3
553007 6  3
553008 6  3
553009 6  3
553010 6  3
553011 6  3
553012 6  3
553013 6  3
553014 6  3
553015 6  3
553016 6  3
553017 6  3
553018 6  3
553019 6  3
553020 6  3
553021 6  3
553022 6  3
553023 6  3
553024 6  3
553025 6  3
553026 6  3
553027 6  3
553028 6  3
553029 6  3
553030 6  3
553031 6  3
553032 6  3
553033 6  3
553034 6  3
553035 6  3
553036 6  3
553037 6  3
553038 6  3
553039 6  3
553040 6  3
553041 6  3
553042 6  3
553043 6  3
553044 6  3
553045 6  3
553046 6  3
553047 6  3
553048 6  3
553049 6  3
553050 6  3
553051 6  3
553052 6  3
553053 6  3
553054 6  3
553055 6  3
553056 6  3
553057 6  3
553058 6  3
553059 6  3
553060 6  3
553061 6  3
553062 6  3
553063 6  3
553064 6  3
553065 6  3
553066 6  3
553067 6  3
553068 6  3
553069 6  3
553070 6  3
553071 6  3
553072 6  3
553073 6  3
553074 6  3
553075 6  3
553076 6  3
553077 6  3
553078 6  3
553079 6  3
553080 6  3
553081 6  3
553082 6  3
553083 6  3
553084 6  3
553085 6  3
553086 6  3
553087 6  3
553088 6  3
553089 6  3
553090 6  3
553091 6  3
553092 6  3
553093 6  3
553094 6  3
553095 6  3
553096 6  3
553097 6  3
553098 6  3
553099 6  3
553100 6  3
553101 6  3
553102 6  3
553103 6  3
553104 6  3
553105 6  3
553106 6  3
553107 6  3
553108 6  3
553109 6  3
553110 6  3
553111 6  3
553112 6  3
553113 6  3
553114 6  3
553115 6  3
553116 6  3
553117 6  3
553118 6  3
553119 6  3
553120 6  3
553121 6  3
553122 6  3
553123 6  3
553124 6  3
553125 6  3
553126 6  3
553127 6  3
553128 6  3
553129 6  3
553130 6  3
553131 6  3
553132 6  3
553133 6  3
553134 6  3
553135 6  3
553136 6  3
553137 6  3
553138 6  3
553139 6  3
553140 6  3
553141 6  3
553142 6  3
553143 6  3
553144 6  3
553145 6  3
553146 6  3
553147 6  3
553148 6  3
553149 6  3
553150 6  3
553151 6  3
553152 6  3
553153 6  3
553154 6  3
553155 6  3
553156 6  3
553157 6  3
553158 6  3
553159 6  3
553160 6  3
553161 6  3
553162 6  3
553163 6  3
553164 6  3
553165 6  3
553166 6  3
553167 6  3
553168 6  3
553169 6  3
553170 6  3
553171 6  3
553172 6  3
553173 6  3
553174 6  3
553175 6  3
553176 6  3
553177 6  3
553178 6  3
553179 6  3
553180 6  3
553181 6  3
553182 6  3
553183 6  3
553184 6  3
553185 6  3
553186 6  3
553187 6  3
553188 6  3
553189 6  3
553190 6  3
553191 6  3
553192 6  3
553193 6  3
553194 6  3
553195 6  3
553196 6  3
553197 6  3
553198 6  3
553199 6  3
553200 6  3
553201 6  3
553202 6  3
553203 6  3
553204 6  3
553205 6  3
553206 6  3
553207 6  3
553208 6  3
553209 6  3
553210 6  3
553211 6  3
553212 6  3
553213 6  3
553214 6  3
553215 6  3
553216 6  3
553217 6  3
553218 6  3
553219 6  3
553220 6  3
553221 6  3
553222 6  3
553223 6  3
553224 6  3
553225 6  3
553226 6  3
553227 6  3
553228 6  3
553229 6  3
553230 6  3
553231 6  3
553232 6  3
553233 6  3
553234 6  3
553235 6  3
553236 6  3
553237 6  3
553238 6  3
553239 6  3
553240 6  3
553241 6  3
553242 6  3
553243 6  3
553244 6  3
553245 6  3
553246 6  3
553247 6  3
553248 6  3
553249 6  3
553250 6  3
553251 6  3
553252 6  3
553253 6  3
553254 6  3
553255 6  3
553256 6  3
553257 6  3
553258 6  3
553259 6  3
553260 6  3
553261 6  3
553262 6  3
553263 6  3
553264 6  3
553265 6  3
553266 6  3
553267 6  3
553268 6  3
553269 6  3
553270 6  3
553271 6  3
553272 6  3
553273 6  3
553274 6  3
553275 6  3
553276 6  3
553277 6  3
553278 6  3
553279 6  3
553280 6  3
553281 6  3
553282 6  3
553283 6  3
553284 6  3
553285 6  3
553286 6  3
553287 6  3
553288 6  3
553289 6  3
553290 6  3
553291 6  3
553292 6  3
553293 6  3
553294 6  3
553295 6  3
553296 6  3
553297 6  3
553298 6  3
553299 6  3
553300 6  3
553301 6  3
553302 6  3
553303 6  3
553304 6  3
553305 6  3
553306 6  3
553307 6  3
553308 6  3
553309 6  3
553310 6  3
553311 6  3
553312 6  3
553313 6  3
553314 6  3
553315 6  3
553316 6  3
553317 6  3
553318 6  3
553319 6  3
553320 6  3
553321 6  3
553322 6  3
553323 6  3
553324 6  3
553325 6  3
553326 6  3
553327 6  3
553328 6  3
553329 6  3
553330 6  3
553331 6  3
553332 6  3
553333 6  3
553334 6  3
553335 6  3
553336 6  3
553337 6  3
553338 6  3
553339 6  3
553340 6  3
553341 6  3
553342 6  3
553343 6  3
553344 6  3
553345 6  3
553346 6  3
553347 6  3
553348 6  3
553349 6  3
553350 6  3
553351 6  3
553352 6  3
553353 6  3
553354 6  3
553355 6  3
553356 6  3
553357 6  3
553358 6  3
553359 6  3
553360 6  3
553361 6  3
553362 6  3
553363 6  3
553364 6  3
553365 6  3
553366 6  3
553367 6  3
553368 6  3
553369 6  3
553370 6  3
553371 6  3
553372 6  3
553373 6  3
553374 6  3
553375 6  3
553376 6  3
553377 6  3
553378 6  3
553379 6  3
553380 6  3
553381 6  3
553382 6  3
553383 6  3
553384 6  3
553385 6  3
553386 6  3
553387 6  3
553388 6  3
553389 6  3
553390 6  3
553391 6  3
553392 6  3
553393 6  3
553394 6  3
553395 6  3
553396 6  3
553397 6  3
553398 6  3
553399 6  3
553400 6  3
553401 6  3
553402 6  3
553403 6  3
553404 6  3
553405 6  3
553406 6  3
553407 6  3
553408 6  3
553409 6  3
553410 6  3
553411 6  3
553412 6  3
553413 6  3
553414 6  3
553415 6  3
553416 6  3
553417 6  3
553418 6  3
553419 6  3
553420 6  3
553421 6  3
553422 6  3
553423 6  3
553424 6  3
553425 6  3
553426 6  3
553427 6  3
553428 6  3
553429 6  3
553430 6  3
553431 6  3
553432 6  3
553433 6  3
553434 6  3
553435 6  3
553436 6  3
553437 6  3
553438 6  3
553439 6  3
553440 6  3
553441 6  3
553442 6  3
553443 6  3
553444 6  3
553445 6  3
553446 6  3
553447 6  3
553448 6  3
553449 6  3
553450 6  3
553451 6  3
553452 6  3
553453 6  3
553454 6  3
553455 6  3
553456 6  3
553457 6  3
553458 6  3
553459 6  3
553460 6  3
553461 6  3
553462 6  3
553463 6  3
553464 6  3
553465 6  3
553466 6  3
553467 6  3
553468 6  3
553469 6  3
553470 6  3
553471 6  3
553472 6  3
553473 6  3
553474 6  3
553475 6  3
553476 6  3
553477 6  3
553478 6  3
553479 6  3
553480 6  3
553481 6  3
553482 6  3
553483 6  3
553484 6  3
553485 6  3
553486 6  3
553487 6  3
553488 6  3
553489 6  3
553490 6  3
553491 6  3
553492 6  3
553493 6  3
553494 6  3
553495 6  3
553496 6  3
553497 6  3
553498 6  3
553499 6  3
553500 6  3
553501 6  3
553502 6  3
553503 6  3
553504 6  3
553505 6  3
553506 6  3
553507 6  3
553508 6  3
553509 6  3
553510 6  3
553511 6  3
553512 6  3
553513 6  3
553514 6  3
553515 6  3
553516 6  3
553517 6  3
553518 6  3
553519 6  3
553520 6  3
553521 6  3
553522 6  3
553523 6  3
553524 6  3
553525 6  3
553526 6  3
553527 6  3
553528 6  3
553529 6  3
553530 6  3
553531 6  3
553532 6  3
553533 6  3
553534 6  3
553535 6  3
553536 6  3
553537 6  3
553538 6  3
553539 6  3
553540 6  3
553541 6  3
553542 6  3
553543 6  3
553544 6  3
553545 6  3
553546 6  3
553547 6  3
553548 6  3
553549 6  3
553550 6  3
553551 6  3
553552 6  3
553553 6  3
553554 6  3
553555 6  3
553556 6  3
553557 6  3
553558 6  3
553559 6  3
553560 6  3
553561 6  3
553562 6  3
553563 6  3
553564 6  3
553565 6  3
553566 6  3
553567 6  3
553568 6  3
553569 6  3
553570 6  3
553571 6  3
553572 6  3
553573 6  3
553574 6  3
553575 6  3
553576 6  3
553577 6  3
553578 6  3
553579 6  3
553580 6  3
553581 6  3
553582 6  3
553583 6  3
553584 6  3
553585 6  3
553586 6  3
553587 6  3
553588 6  3
553589 6  3
553590 6  3
553591 6  3
553592 6  3
553593 6  3
553594 6  3
553595 6  3
553596 6  3
553597 6  3
553598 6  3
553599 6  3
553600 6  3
553601 6  3
553602 6  3
553603 6  3
553604 6  3
553605 6  3
553606 6  3
553607 6  3
553608 6  3
553609 6  3
553610 6  3
553611 6  3
553612 6  3
553613 6  3
553614 6  3
553615 6  3
553616 6  3
553617 6  3
553618 6  3
553619 6  3
553620 6  3
553621 6  3
553622 6  3
553623 6  3
553624 6  3
553625 6  3
553626 6  3
553627 6  3
553628 6  3
553629 6  3
553630 6  3
553631 6  3
553632 6  3
553633 6  3
553634 6  3
553635 6  3
553636 6  3
553637 6  3
553638 6  3
553639 6  3
553640 6  3
553641 6  3
553642 6  3
553643 6  3
553644 6  3
553645 6  3
553646 6  3
553647 6  3
553648 6  3
553649 6  3
553650 6  3
553651 6  3
553652 6  3
553653 6  3
553654 6  3
553655 6  3
553656 6  3
553657 6  3
553658 6  3
553659 6  3
553660 6  3
553661 6  3
553662 6  3
553663 6  3
553664 6  3
553665 6  3
553666 6  3
553667 6  3
553668 6  3
553669 6  3
553670 6  3
553671 6  3
553672 6  3
553673 6  3
553674 6  3
553675 6  3
553676 6  3
553677 6  3
553678 6  3
553679 6  3
553680 6  3
553681 6  3
553682 6  3
553683 6  3
553684 6  3
553685 6  3
553686 6  3
553687 6  3
553688 6  3
553689 6  3
553690 6  3
553691 6  3
553692 6  3
553693 6  3
553694 6  3
553695 6  3
553696 6  3
553697 6  3
553698 6  3
553699 6  3
553700 6  3
553701 6  3
553702 6  3
553703 6  3
553704 6  3
553705 6  3
553706 6  3
553707 6  3
553708 6  3
553709 6  3
553710 6  3
553711 6  3
553712 6  3
553713 6  3
553714 6  3
553715 6  3
553716 6  3
553717 6  3
553718 6  3
553719 6  3
553720 6  3
553721 6  3
553722 6  3
553723 6  3
553724 6  3
553725 6  3
553726 6  3
553727 6  3
553728 6  3
553729 6  3
553730 6  3
553731 6  3
553732 6  3
553733 6  3
553734 6  3
553735 6  3
553736 6  3
553737 6  3
553738 6  3
553739 6  3
553740 6  3
553741 6  3
553742 6  3
553743 6  3
553744 6  3
553745 6  3
553746 6  3
553747 6  3
553748 6  3
553749 6  3
553750 6  3
553751 6  3
553752 6  3
553753 6  3
553754 6  3
553755 6  3
553756 6  3
553757 6  3
553758 6  3
553759 6  3
553760 6  3
553761 6  3
553762 6  3
553763 6  3
553764 6  3
553765 6  3
553766 6  3
553767 6  3
553768 6  3
553769 6  3
553770 6  3
553771 6  3
553772 6  3
553773 6  3
553774 6  3
553775 6  3
553776 6  3
553777 6  3
553778 6  3
553779 6  3
553780 6  3
553781 6  3
553782 6  3
553783 6  3
553784 6  3
553785 6  3
553786 6  3
553787 6  3
553788 6  3
553789 6  3
553790 6  3
553791 6  3
553792 6  3
553793 6  3
553794 6  3
553795 6  3
553796 6  3
553797 6  3
553798 6  3
553799 6  3
553800 6  3
553801 6  3
553802 6  3
553803 6  3
553804 6  3
553805 6  3
553806 6  3
553807 6  3
553808 6  3
553809 6  3
553810 6  3
553811 6  3
553812 6  3
553813 6  3
553814 6  3
553815 6  3
553816 6  3
553817 6  3
553818 6  3
553819 6  3
553820 6  3
553821 6  3
553822 6  3
553823 6  3
553824 6  3
553825 6  3
553826 6  3
553827 6  3
553828 6  3
553829 6  3
553830 6  3
553831 6  3
553832 6  3
553833 6  3
553834 6  3
553835 6  3
553836 6  3
553837 6  3
553838 6  3
553839 6  3
553840 6  3
553841 6  3
553842 6  3
553843 6  3
553844 6  3
553845 6  3
553846 6  3
553847 6  3
553848 6  3
553849 6  3
553850 6  3
553851 6  3
553852 6  3
553853 6  3
553854 6  3
553855 6  3
553856 6  3
553857 6  3
553858 6  3
553859 6  3
553860 6  3
553861 6  3
553862 6  3
553863 6  3
553864 6  3
553865 6  3
553866 6  3
553867 6  3
553868 6  3
553869 6  3
553870 6  3
553871 6  3
553872 6  3
553873 6  3
553874 6  3
553875 6  3
553876 6  3
553877 6  3
553878 6  3
553879 6  3
553880 6  3
553881 6  3
553882 6  3
553883 6  3
553884 6  3
553885 6  3
553886 6  3
553887 6  3
553888 6  3
553889 6  3
553890 6  3
553891 6  3
553892 6  3
553893 6  3
553894 6  3
553895 6  3
553896 6  3
553897 6  3
553898 6  3
553899 6  3
553900 6  3
553901 6  3
553902 6  3
553903 6  3
553904 6  3
553905 6  3
553906 6  3
553907 6  3
553908 6  3
553909 6  3
553910 6  3
553911 6  3
553912 6  3
553913 6  3
553914 6  3
553915 6  3
553916 6  3
553917 6  3
553918 6  3
553919 6  3
553920 6  3
553921 6  3
553922 6  3
553923 6  3
553924 6  3
553925 6  3
553926 6  3
553927 6  3
553928 6  3
553929 6  3
553930 6  3
553931 6  3
553932 6  3
553933 6  3
553934 6  3
553935 6  3
553936 6  3
553937 6  3
553938 6  3
553939 6  3
553940 6  3
553941 6  3
553942 6  3
553943 6  3
553944 6  3
553945 6  3
553946 6  3
553947 6  3
553948 6  3
553949 6  3
553950 6  3
553951 6  3
553952 6  3
553953 6  3
553954 6  3
553955 6  3
553956 6  3
553957 6  3
553958 6  3
553959 6  3
553960 6  3
553961 6  3
553962 6  3
553963 6  3
553964 6  3
553965 6  3
553966 6  3
553967 6  3
553968 6  3
553969 6  3
553970 6  3
553971 6  3
553972 6  3
553973 6  3
553974 6  3
553975 6  3
553976 6  3
553977 6  3
553978 6  3
553979 6  3
553980 6  3
553981 6  3
553982 6  3
553983 6  3
553984 6  3
553985 6  3
553986 6  3
553987 6  3
553988 6  3
553989 6  3
553990 6  3
553991 6  3
553992 6  3
553993 6  3
553994 6  3
553995 6  3
553996 6  3
553997 6  3
553998 6  3
553999 6  3
554000 6  3
554001 6  3
554002 6  3
554003 6  3
554004 6  3
554005 6  3
554006 6  3
554007 6  3
554008 6  3
554009 6  3
554010 6  3
554011 6  3
554012 6  3
554013 6  3
554014 6  3
554015 6  3
554016 6  3
554017 6  3
554018 6  3
554019 6  3
554020 6  3
554021 6  3
554022 6  3
554023 6  3
554024 6  3
554025 6  3
554026 6  3
554027 6  3
554028 6  3
554029 6  3
554030 6  3
554031 6  3
554032 6  3
554033 6  3
554034 6  3
554035 6  3
554036 6  3
554037 6  3
554038 6  3
554039 6  3
554040 6  3
554041 6  3
554042 6  3
554043 6  3
554044 6  3
554045 6  3
554046 6  3
554047 6  3
554048 6  3
554049 6  3
554050 6  3
554051 6  3
554052 6  3
554053 6  3
554054 6  3
554055 6  3
554056 6  3
554057 6  3
554058 6  3
554059 6  3
554060 6  3
554061 6  3
554062 6  3
554063 6  3
554064 6  3
554065 6  3
554066 6  3
554067 6  3
554068 6  3
554069 6  3
554070 6  3
554071 6  3
554072 6  3
554073 6  3
554074 6  3
554075 6  3
554076 6  3
554077 6  3
554078 6  3
554079 6  3
554080 6  3
554081 6  3
554082 6  3
554083 6  3
554084 6  3
554085 6  3
554086 6  3
554087 6  3
554088 6  3
554089 6  3
554090 6  3
554091 6  3
554092 6  3
554093 6  3
554094 6  3
554095 6  3
554096 6  3
554097 6  3
554098 6  3
554099 6  3
554100 6  3
554101 6  3
554102 6  3
554103 6  3
554104 6  3
554105 6  3
554106 6  3
554107 6  3
554108 6  3
554109 6  3
554110 6  3
554111 6  3
554112 6  3
554113 6  3
554114 6  3
554115 6  3
554116 6  3
554117 6  3
554118 6  3
554119 6  3
554120 6  3
554121 6  3
554122 6  3
554123 6  3
554124 6  3
554125 6  3
554126 6  3
554127 6  3
554128 6  3
554129 6  3
554130 6  3
554131 6  3
554132 6  3
554133 6  3
554134 6  3
554135 6  3
554136 6  3
554137 6  3
554138 6  3
554139 6  3
554140 6  3
554141 6  3
554142 6  3
554143 6  3
554144 6  3
554145 6  3
554146 6  3
554147 6  3
554148 6  3
554149 6  3
554150 6  3
554151 6  3
554152 6  3
554153 6  3
554154 6  3
554155 6  3
554156 6  3
554157 6  3
554158 6  3
554159 6  3
554160 6  3
554161 6  3
554162 6  3
554163 6  3
554164 6  3
554165 6  3
554166 6  3
554167 6  3
554168 6  3
554169 6  3
554170 6  3
554171 6  3
554172 6  3
554173 6  3
554174 6  3
554175 6  3
554176 6  3
554177 6  3
554178 6  3
554179 6  3
554180 6  3
554181 6  3
554182 6  3
554183 6  3
554184 6  3
554185 6  3
554186 6  3
554187 6  3
554188 6  3
554189 6  3
554190 6  3
554191 6  3
554192 6  3
554193 6  3
554194 6  3
554195 6  3
554196 6  3
554197 6  3
554198 6  3
554199 6  3
554200 6  3
554201 6  3
554202 6  3
554203 6  3
554204 6  3
554205 6  3
554206 6  3
554207 6  3
554208 6  3
554209 6  3
554210 6  3
554211 6  3
554212 6  3
554213 6  3
554214 6  3
554215 6  3
554216 6  3
554217 6  3
554218 6  3
554219 6  3
554220 6  3
554221 6  3
554222 6  3
554223 6  3
554224 6  3
554225 6  3
554226 6  3
554227 6  3
554228 6  3
554229 6  3
554230 6  3
554231 6  3
554232 6  3
554233 6  3
554234 6  3
554235 6  3
554236 6  3
554237 6  3
554238 6  3
554239 6  3
554240 6  3
554241 6  3
554242 6  3
554243 6  3
554244 6  3
554245 6  3
554246 6  3
554247 6  3
554248 6  3
554249 6  3
554250 6  3
554251 6  3
554252 6  3
554253 6  3
554254 6  3
554255 6  3
554256 6  3
554257 6  3
554258 6  3
554259 6  3
554260 6  3
554261 6  3
554262 6  3
554263 6  3
554264 6  3
554265 6  3
554266 6  3
554267 6  3
554268 6  3
554269 6  3
554270 6  3
554271 6  3
554272 6  3
554273 6  3
554274 6  3
554275 6  3
554276 6  3
554277 6  3
554278 6  3
554279 6  3
554280 6  3
554281 6  3
554282 6  3
554283 6  3
554284 6  3
554285 6  3
554286 6  3
554287 6  3
554288 6  3
554289 6  3
554290 6  3
554291 6  3
554292 6  3
554293 6  3
554294 6  3
554295 6  3
554296 6  3
554297 6  3
554298 6  3
554299 6  3
554300 6  3
554301 6  3
554302 6  3
554303 6  3
554304 6  3
554305 6  3
554306 6  3
554307 6  3
554308 6  3
554309 6  3
554310 6  3
554311 6  3
554312 6  3
554313 6  3
554314 6  3
554315 6  3
554316 6  3
554317 6  3
554318 6  3
554319 6  3
554320 6  3
554321 6  3
554322 6  3
554323 6  3
554324 6  3
554325 6  3
554326 6  3
554327 6  3
554328 6  3
554329 6  3
554330 6  3
554331 6  3
554332 6  3
554333 6  3
554334 6  3
554335 6  3
554336 6  3
554337 6  3
554338 6  3
554339 6  3
554340 6  3
554341 6  3
554342 6  3
554343 6  3
554344 6  3
554345 6  3
554346 6  3
554347 6  3
554348 6  3
554349 6  3
554350 6  3
554351 6  3
554352 6  3
554353 6  3
554354 6  3
554355 6  3
554356 6  3
554357 6  3
554358 6  3
554359 6  3
554360 6  3
554361 6  3
554362 6  3
554363 6  3
554364 6  3
554365 6  3
554366 6  3
554367 6  3
554368 6  3
554369 6  3
554370 6  3
554371 6  3
554372 6  3
554373 6  3
554374 6  3
554375 6  3
554376 6  3
554377 6  3
554378 6  3
554379 6  3
554380 6  3
554381 6  3
554382 6  3
554383 6  3
554384 6  3
554385 6  3
554386 6  3
554387 6  3
554388 6  3
554389 6  3
554390 6  3
554391 6  3
554392 6  3
554393 6  3
554394 6  3
554395 6  3
554396 6  3
554397 6  3
554398 6  3
554399 6  3
554400 6  3
554401 6  3
554402 6  3
554403 6  3
554404 6  3
554405 6  3
554406 6  3
554407 6  3
554408 6  3
554409 6  3
554410 6  3
554411 6  3
554412 6  3
554413 6  3
554414 6  3
554415 6  3
554416 6  3
554417 6  3
554418 6  3
554419 6  3
554420 6  3
554421 6  3
554422 6  3
554423 6  3
554424 6  3
554425 6  3
554426 6  3
554427 6  3
554428 6  3
554429 6  3
554430 6  3
554431 6  3
554432 6  3
554433 6  3
554434 6  3
554435 6  3
554436 6  3
554437 6  3
554438 6  3
554439 6  3
554440 6  3
554441 6  3
554442 6  3
554443 6  3
554444 6  3
554445 6  3
554446 6  3
554447 6  3
554448 6  3
554449 6  3
554450 6  3
554451 6  3
554452 6  3
554453 6  3
554454 6  3
554455 6  3
554456 6  3
554457 6  3
554458 6  3
554459 6  3
554460 6  3
554461 6  3
554462 6  3
554463 6  3
554464 6  3
554465 6  3
554466 6  3
554467 6  3
554468 6  3
554469 6  3
554470 6  3
554471 6  3
554472 6  3
554473 6  3
554474 6  3
554475 6  3
554476 6  3
554477 6  3
554478 6  3
554479 6  3
554480 6  3
554481 6  3
554482 6  3
554483 6  3
554484 6  3
554485 6  3
554486 6  3
554487 6  3
554488 6  3
554489 6  3
554490 6  3
554491 6  3
554492 6  3
554493 6  3
554494 6  3
554495 6  3
554496 6  3
554497 6  3
554498 6  3
554499 6  3
554500 6  3
554501 6  3
554502 6  3
554503 6  3
554504 6  3
554505 6  3
554506 6  3
554507 6  3
554508 6  3
554509 6  3
554510 6  3
554511 6  3
554512 6  3
554513 6  3
554514 6  3
554515 6  3
554516 6  3
554517 6  3
554518 6  3
554519 6  3
554520 6  3
554521 6  3
554522 6  3
554523 6  3
554524 6  3
554525 6  3
554526 6  3
554527 6  3
554528 6  3
554529 6  3
554530 6  3
554531 6  3
554532 6  3
554533 6  3
554534 6  3
554535 6  3
554536 6  3
554537 6  3
554538 6  3
554539 6  3
554540 6  3
554541 6  3
554542 6  3
554543 6  3
554544 6  3
554545 6  3
554546 6  3
554547 6  3
554548 6  3
554549 6  3
554550 6  3
554551 6  3
554552 6  3
554553 6  3
554554 6  3
554555 6  3
554556 6  3
554557 6  3
554558 6  3
554559 6  3
554560 6  3
554561 6  3
554562 6  3
554563 6  3
554564 6  3
554565 6  3
554566 6  3
554567 6  3
554568 6  3
554569 6  3
554570 6  3
554571 6  3
554572 6  3
554573 6  3
554574 6  3
554575 6  3
554576 6  3
554577 6  3
554578 6  3
554579 6  3
554580 6  3
554581 6  3
554582 6  3
554583 6  3
554584 6  3
554585 6  3
554586 6  3
554587 6  3
554588 6  3
554589 6  3
554590 6  3
554591 6  3
554592 6  3
554593 6  3
554594 6  3
554595 6  3
554596 6  3
554597 6  3
554598 6  3
554599 6  3
554600 6  3
554601 6  3
554602 6  3
554603 6  3
554604 6  3
554605 6  3
554606 6  3
554607 6  3
554608 6  3
554609 6  3
554610 6  3
554611 6  3
554612 6  3
554613 6  3
554614 6  3
554615 6  3
554616 6  3
554617 6  3
554618 6  3
554619 6  3
554620 6  3
554621 6  3
554622 6  3
554623 6  3
554624 6  3
554625 6  3
554626 6  3
554627 6  3
554628 6  3
554629 6  3
554630 6  3
554631 6  3
554632 6  3
554633 6  3
554634 6  3
554635 6  3
554636 6  3
554637 6  3
554638 6  3
554639 6  3
554640 6  3
554641 6  3
554642 6  3
554643 6  3
554644 6  3
554645 6  3
554646 6  3
554647 6  3
554648 6  3
554649 6  3
554650 6  3
554651 6  3
554652 6  3
554653 6  3
554654 6  3
554655 6  3
554656 6  3
554657 6  3
554658 6  3
554659 6  3
554660 6  3
554661 6  3
554662 6  3
554663 6  3
554664 6  3
554665 6  3
554666 6  3
554667 6  3
554668 6  3
554669 6  3
554670 6  3
554671 6  3
554672 6  3
554673 6  3
554674 6  3
554675 6  3
554676 6  3
554677 6  3
554678 6  3
554679 6  3
554680 6  3
554681 6  3
554682 6  3
554683 6  3
554684 6  3
554685 6  3
554686 6  3
554687 6  3
554688 6  3
554689 6  3
554690 6  3
554691 6  3
554692 6  3
554693 6  3
554694 6  3
554695 6  3
554696 6  3
554697 6  3
554698 6  3
554699 6  3
554700 6  3
554701 6  3
554702 6  3
554703 6  3
554704 6  3
554705 6  3
554706 6  3
554707 6  3
554708 6  3
554709 6  3
554710 6  3
554711 6  3
554712 6  3
554713 6  3
554714 6  3
554715 6  3
554716 6  3
554717 6  3
554718 6  3
554719 6  3
554720 6  3
554721 6  3
554722 6  3
554723 6  3
554724 6  3
554725 6  3
554726 6  3
554727 6  3
554728 6  3
554729 6  3
554730 6  3
554731 6  3
554732 6  3
554733 6  3
554734 6  3
554735 6  3
554736 6  3
554737 6  3
554738 6  3
554739 6  3
554740 6  3
554741 6  3
554742 6  3
554743 6  3
554744 6  3
554745 6  3
554746 6  3
554747 6  3
554748 6  3
554749 6  3
554750 6  3
554751 6  3
554752 6  3
554753 6  3
554754 6  3
554755 6  3
554756 6  3
554757 6  3
554758 6  3
554759 6  3
554760 6  3
554761 6  3
554762 6  3
554763 6  3
554764 6  3
554765 6  3
554766 6  3
554767 6  3
554768 6  3
554769 6  3
554770 6  3
554771 6  3
554772 6  3
554773 6  3
554774 6  3
554775 6  3
554776 6  3
554777 6  3
554778 6  3
554779 6  3
554780 6  3
554781 6  3
554782 6  3
554783 6  3
554784 6  3
554785 6  3
554786 6  3
554787 6  3
554788 6  3
554789 6  3
554790 6  3
554791 6  3
554792 6  3
554793 6  3
554794 6  3
554795 6  3
554796 6  3
554797 6  3
554798 6  3
554799 6  3
554800 6  3
554801 6  3
554802 6  3
554803 6  3
554804 6  3
554805 6  3
554806 6  3
554807 6  3
554808 6  3
554809 6  3
554810 6  3
554811 6  3
554812 6  3
554813 6  3
554814 6  3
554815 6  3
554816 6  3
554817 6  3
554818 6  3
554819 6  3
554820 6  3
554821 6  3
554822 6  3
554823 6  3
554824 6  3
554825 6  3
554826 6  3
554827 6  3
554828 6  3
554829 6  3
554830 6  3
554831 6  3
554832 6  3
554833 6  3
554834 6  3
554835 6  3
554836 6  3
554837 6  3
554838 6  3
554839 6  3
554840 6  3
554841 6  3
554842 6  3
554843 6  3
554844 6  3
554845 6  3
554846 6  3
554847 6  3
554848 6  3
554849 6  3
554850 6  3
554851 6  3
554852 6  3
554853 6  3
554854 6  3
554855 6  3
554856 6  3
554857 6  3
554858 6  3
554859 6  3
554860 6  3
554861 6  3
554862 6  3
554863 6  3
554864 6  3
554865 6  3
554866 6  3
554867 6  3
554868 6  3
554869 6  3
554870 6  3
554871 6  3
554872 6  3
554873 6  3
554874 6  3
554875 6  3
554876 6  3
554877 6  3
554878 6  3
554879 6  3
554880 6  3
554881 6  3
554882 6  3
554883 6  3
554884 6  3
554885 6  3
554886 6  3
554887 6  3
554888 6  3
554889 6  3
554890 6  3
554891 6  3
554892 6  3
554893 6  3
554894 6  3
554895 6  3
554896 6  3
554897 6  3
554898 6  3
554899 6  3
554900 6  3
554901 6  3
554902 6  3
554903 6  3
554904 6  3
554905 6  3
554906 6  3
554907 6  3
554908 6  3
554909 6  3
554910 6  3
554911 6  3
554912 6  3
554913 6  3
554914 6  3
554915 6  3
554916 6  3
554917 6  3
554918 6  3
554919 6  3
554920 6  3
554921 6  3
554922 6  3
554923 6  3
554924 6  3
554925 6  3
554926 6  3
554927 6  3
554928 6  3
554929 6  3
554930 6  3
554931 6  3
554932 6  3
554933 6  3
554934 6  3
554935 6  3
554936 6  3
554937 6  3
554938 6  3
554939 6  3
554940 6  3
554941 6  3
554942 6  3
554943 6  3
554944 6  3
554945 6  3
554946 6  3
554947 6  3
554948 6  3
554949 6  3
554950 6  3
554951 6  3
554952 6  3
554953 6  3
554954 6  3
554955 6  3
554956 6  3
554957 6  3
554958 6  3
554959 6  3
554960 6  3
554961 6  3
554962 6  3
554963 6  3
554964 6  3
554965 6  3
554966 6  3
554967 6  3
554968 6  3
554969 6  3
554970 6  3
554971 6  3
554972 6  3
554973 6  3
554974 6  3
554975 6  3
554976 6  3
554977 6  3
554978 6  3
554979 6  3
554980 6  3
554981 6  3
554982 6  3
554983 6  3
554984 6  3
554985 6  3
554986 6  3
554987 6  3
554988 6  3
554989 6  3
554990 6  3
554991 6  3
554992 6  3
554993 6  3
554994 6  3
554995 6  3
554996 6  3
554997 6  3
554998 6  3
554999 6  3
555000 6  3
555001 6  3
555002 6  3
555003 6  3
555004 6  3
555005 6  3
555006 6  3
555007 6  3
555008 6  3
555009 6  3
555010 6  3
555011 6  3
555012 6  3
555013 6  3
555014 6  3
555015 6  3
555016 6  3
555017 6  3
555018 6  3
555019 6  3
555020 6  3
555021 6  3
555022 6  3
555023 6  3
555024 6  3
555025 6  3
555026 6  3
555027 6  3
555028 6  3
555029 6  3
555030 6  3
555031 6  3
555032 6  3
555033 6  3
555034 6  3
555035 6  3
555036 6  3
555037 6  3
555038 6  3
555039 6  3
555040 6  3
555041 6  3
555042 6  3
555043 6  3
555044 6  3
555045 6  3
555046 6  3
555047 6  3
555048 6  3
555049 6  3
555050 6  3
555051 6  3
555052 6  3
555053 6  3
555054 6  3
555055 6  3
555056 6  3
555057 6  3
555058 6  3
555059 6  3
555060 6  3
555061 6  3
555062 6  3
555063 6  3
555064 6  3
555065 6  3
555066 6  3
555067 6  3
555068 6  3
555069 6  3
555070 6  3
555071 6  3
555072 6  3
555073 6  3
555074 6  3
555075 6  3
555076 6  3
555077 6  3
555078 6  3
555079 6  3
555080 6  3
555081 6  3
555082 6  3
555083 6  3
555084 6  3
555085 6  3
555086 6  3
555087 6  3
555088 6  3
555089 6  3
555090 6  3
555091 6  3
555092 6  3
555093 6  3
555094 6  3
555095 6  3
555096 6  3
555097 6  3
555098 6  3
555099 6  3
555100 6  3
555101 6  3
555102 6  3
555103 6  3
555104 6  3
555105 6  3
555106 6  3
555107 6  3
555108 6  3
555109 6  3
555110 6  3
555111 6  3
555112 6  3
555113 6  3
555114 6  3
555115 6  3
555116 6  3
555117 6  3
555118 6  3
555119 6  3
555120 6  3
555121 6  3
555122 6  3
555123 6  3
555124 6  3
555125 6  3
555126 6  3
555127 6  3
555128 6  3
555129 6  3
555130 6  3
555131 6  3
555132 6  3
555133 6  3
555134 6  3
555135 6  3
555136 6  3
555137 6  3
555138 6  3
555139 6  3
555140 6  3
555141 6  3
555142 6  3
555143 6  3
555144 6  3
555145 6  3
555146 6  3
555147 6  3
555148 6  3
555149 6  3
555150 6  3
555151 6  3
555152 6  3
555153 6  3
555154 6  3
555155 6  3
555156 6  3
555157 6  3
555158 6  3
555159 6  3
555160 6  3
555161 6  3
555162 6  3
555163 6  3
555164 6  3
555165 6  3
555166 6  3
555167 6  3
555168 6  3
555169 6  3
555170 6  3
555171 6  3
555172 6  3
555173 6  3
555174 6  3
555175 6  3
555176 6  3
555177 6  3
555178 6  3
555179 6  3
555180 6  3
555181 6  3
555182 6  3
555183 6  3
555184 6  3
555185 6  3
555186 6  3
555187 6  3
555188 6  3
555189 6  3
555190 6  3
555191 6  3
555192 6  3
555193 6  3
555194 6  3
555195 6  3
555196 6  3
555197 6  3
555198 6  3
555199 6  3
555200 6  3
555201 6  3
555202 6  3
555203 6  3
555204 6  3
555205 6  3
555206 6  3
555207 6  3
555208 6  3
555209 6  3
555210 6  3
555211 6  3
555212 6  3
555213 6  3
555214 6  3
555215 6  3
555216 6  3
555217 6  3
555218 6  3
555219 6  3
555220 6  3
555221 6  3
555222 6  3
555223 6  3
555224 6  3
555225 6  3
555226 6  3
555227 6  3
555228 6  3
555229 6  3
555230 6  3
555231 6  3
555232 6  3
555233 6  3
555234 6  3
555235 6  3
555236 6  3
555237 6  3
555238 6  3
555239 6  3
555240 6  3
555241 6  3
555242 6  3
555243 6  3
555244 6  3
555245 6  3
555246 6  3
555247 6  3
555248 6  3
555249 6  3
555250 6  3
555251 6  3
555252 6  3
555253 6  3
555254 6  3
555255 6  3
555256 6  3
555257 6  3
555258 6  3
555259 6  3
555260 6  3
555261 6  3
555262 6  3
555263 6  3
555264 6  3
555265 6  3
555266 6  3
555267 6  3
555268 6  3
555269 6  3
555270 6  3
555271 6  3
555272 6  3
555273 6  3
555274 6  3
555275 6  3
555276 6  3
555277 6  3
555278 6  3
555279 6  3
555280 6  3
555281 6  3
555282 6  3
555283 6  3
555284 6  3
555285 6  3
555286 6  3
555287 6  3
555288 6  3
555289 6  3
555290 6  3
555291 6  3
555292 6  3
555293 6  3
555294 6  3
555295 6  3
555296 6  3
555297 6  3
555298 6  3
555299 6  3
555300 6  3
555301 6  3
555302 6  3
555303 6  3
555304 6  3
555305 6  3
555306 6  3
555307 6  3
555308 6  3
555309 6  3
555310 6  3
555311 6  3
555312 6  3
555313 6  3
555314 6  3
555315 6  3
555316 6  3
555317 6  3
555318 6  3
555319 6  3
555320 6  3
555321 6  3
555322 6  3
555323 6  3
555324 6  3
555325 6  3
555326 6  3
555327 6  3
555328 6  3
555329 6  3
555330 6  3
555331 6  3
555332 6  3
555333 6  3
555334 6  3
555335 6  3
555336 6  3
555337 6  3
555338 6  3
555339 6  3
555340 6  3
555341 6  3
555342 6  3
555343 6  3
555344 6  3
555345 6  3
555346 6  3
555347 6  3
555348 6  3
555349 6  3
555350 6  3
555351 6  3
555352 6  3
555353 6  3
555354 6  3
555355 6  3
555356 6  3
555357 6  3
555358 6  3
555359 6  3
555360 6  3
555361 6  3
555362 6  3
555363 6  3
555364 6  3
555365 6  3
555366 6  3
555367 6  3
555368 6  3
555369 6  3
555370 6  3
555371 6  3
555372 6  3
555373 6  3
555374 6  3
555375 6  3
555376 6  3
555377 6  3
555378 6  3
555379 6  3
555380 6  3
555381 6  3
555382 6  3
555383 6  3
555384 6  3
555385 6  3
555386 6  3
555387 6  3
555388 6  3
555389 6  3
555390 6  3
555391 6  3
555392 6  3
555393 6  3
555394 6  3
555395 6  3
555396 6  3
555397 6  3
555398 6  3
555399 6  3
555400 6  3
555401 6  3
555402 6  3
555403 6  3
555404 6  3
555405 6  3
555406 6  3
555407 6  3
555408 6  3
555409 6  3
555410 6  3
555411 6  3
555412 6  3
555413 6  3
555414 6  3
555415 6  3
555416 6  3
555417 6  3
555418 6  3
555419 6  3
555420 6  3
555421 6  3
555422 6  3
555423 6  3
555424 6  3
555425 6  3
555426 6  3
555427 6  3
555428 6  3
555429 6  3
555430 6  3
555431 6  3
555432 6  3
555433 6  3
555434 6  3
555435 6  3
555436 6  3
555437 6  3
555438 6  3
555439 6  3
555440 6  3
555441 6  3
555442 6  3
555443 6  3
555444 6  3
555445 6  3
555446 6  3
555447 6  3
555448 6  3
555449 6  3
555450 6  3
555451 6  3
555452 6  3
555453 6  3
555454 6  3
555455 6  3
555456 6  3
555457 6  3
555458 6  3
555459 6  3
555460 6  3
555461 6  3
555462 6  3
555463 6  3
555464 6  3
555465 6  3
555466 6  3
555467 6  3
555468 6  3
555469 6  3
555470 6  3
555471 6  3
555472 6  3
555473 6  3
555474 6  3
555475 6  3
555476 6  3
555477 6  3
555478 6  3
555479 6  3
555480 6  3
555481 6  3
555482 6  3
555483 6  3
555484 6  3
555485 6  3
555486 6  3
555487 6  3
555488 6  3
555489 6  3
555490 6  3
555491 6  3
555492 6  3
555493 6  3
555494 6  3
555495 6  3
555496 6  3
555497 6  3
555498 6  3
555499 6  3
555500 6  3
555501 6  3
555502 6  3
555503 6  3
555504 6  3
555505 6  3
555506 6  3
555507 6  3
555508 6  3
555509 6  3
555510 6  3
555511 6  3
555512 6  3
555513 6  3
555514 6  3
555515 6  3
555516 6  3
555517 6  3
555518 6  3
555519 6  3
555520 6  3
555521 6  3
555522 6  3
555523 6  3
555524 6  3
555525 6  3
555526 6  3
555527 6  3
555528 6  3
555529 6  3
555530 6  3
555531 6  3
555532 6  3
555533 6  3
555534 6  3
555535 6  3
555536 6  3
555537 6  3
555538 6  3
555539 6  3
555540 6  3
555541 6  3
555542 6  3
555543 6  3
555544 6  3
555545 6  3
555546 6  3
555547 6  3
555548 6  3
555549 6  3
555550 6  3
555551 6  3
555552 6  3
555553 6  3
555554 6  3
555555 6  3
555556 6  3
555557 6  3
555558 6  3
555559 6  3
555560 6  3
555561 6  3
555562 6  3
555563 6  3
555564 6  3
555565 6  3
555566 6  3
555567 6  3
555568 6  3
555569 6  3
555570 6  3
555571 6  3
555572 6  3
555573 6  3
555574 6  3
555575 6  3
555576 6  3
555577 6  3
555578 6  3
555579 6  3
555580 6  3
555581 6  3
555582 6  3
555583 6  3
555584 6  3
555585 6  3
555586 6  3
555587 6  3
555588 6  3
555589 6  3
555590 6  3
555591 6  3
555592 6  3
555593 6  3
555594 6  3
555595 6  3
555596 6  3
555597 6  3
555598 6  3
555599 6  3
555600 6  3
555601 6  3
555602 6  3
555603 6  3
555604 6  3
555605 6  3
555606 6  3
555607 6  3
555608 6  3
555609 6  3
555610 6  3
555611 6  3
555612 6  3
555613 6  3
555614 6  3
555615 6  3
555616 6  3
555617 6  3
555618 6  3
555619 6  3
555620 6  3
555621 6  3
555622 6  3
555623 6  3
555624 6  3
555625 6  3
555626 6  3
555627 6  3
555628 6  3
555629 6  3
555630 6  3
555631 6  3
555632 6  3
555633 6  3
555634 6  3
555635 6  3
555636 6  3
555637 6  3
555638 6  3
555639 6  3
555640 6  3
555641 6  3
555642 6  3
555643 6  3
555644 6  3
555645 6  3
555646 6  3
555647 6  3
555648 6  3
555649 6  3
555650 6  3
555651 6  3
555652 6  3
555653 6  3
555654 6  3
555655 6  3
555656 6  3
555657 6  3
555658 6  3
555659 6  3
555660 6  3
555661 6  3
555662 6  3
555663 6  3
555664 6  3
555665 6  3
555666 6  3
555667 6  3
555668 6  3
555669 6  3
555670 6  3
555671 6  3
555672 6  3
555673 6  3
555674 6  3
555675 6  3
555676 6  3
555677 6  3
555678 6  3
555679 6  3
555680 6  3
555681 6  3
555682 6  3
555683 6  3
555684 6  3
555685 6  3
555686 6  3
555687 6  3
555688 6  3
555689 6  3
555690 6  3
555691 6  3
555692 6  3
555693 6  3
555694 6  3
555695 6  3
555696 6  3
555697 6  3
555698 6  3
555699 6  3
555700 6  3
555701 6  3
555702 6  3
555703 6  3
555704 6  3
555705 6  3
555706 6  3
555707 6  3
555708 6  3
555709 6  3
555710 6  3
555711 6  3
555712 6  3
555713 6  3
555714 6  3
555715 6  3
555716 6  3
555717 6  3
555718 6  3
555719 6  3
555720 6  3
555721 6  3
555722 6  3
555723 6  3
555724 6  3
555725 6  3
555726 6  3
555727 6  3
555728 6  3
555729 6  3
555730 6  3
555731 6  3
555732 6  3
555733 6  3
555734 6  3
555735 6  3
555736 6  3
555737 6  3
555738 6  3
555739 6  3
555740 6  3
555741 6  3
555742 6  3
555743 6  3
555744 6  3
555745 6  3
555746 6  3
555747 6  3
555748 6  3
555749 6  3
555750 6  3
555751 6  3
555752 6  3
555753 6  3
555754 6  3
555755 6  3
555756 6  3
555757 6  3
555758 6  3
555759 6  3
555760 6  3
555761 6  3
555762 6  3
555763 6  3
555764 6  3
555765 6  3
555766 6  3
555767 6  3
555768 6  3
555769 6  3
555770 6  3
555771 6  3
555772 6  3
555773 6  3
555774 6  3
555775 6  3
555776 6  3
555777 6  3
555778 6  3
555779 6  3
555780 6  3
555781 6  3
555782 6  3
555783 6  3
555784 6  3
555785 6  3
555786 6  3
555787 6  3
555788 6  3
555789 6  3
555790 6  3
555791 6  3
555792 6  3
555793 6  3
555794 6  3
555795 6  3
555796 6  3
555797 6  3
555798 6  3
555799 6  3
555800 6  3
555801 6  3
555802 6  3
555803 6  3
555804 6  3
555805 6  3
555806 6  3
555807 6  3
555808 6  3
555809 6  3
555810 6  3
555811 6  3
555812 6  3
555813 6  3
555814 6  3
555815 6  3
555816 6  3
555817 6  3
555818 6  3
555819 6  3
555820 6  3
555821 6  3
555822 6  3
555823 6  3
555824 6  3
555825 6  3
555826 6  3
555827 6  3
555828 6  3
555829 6  3
555830 6  3
555831 6  3
555832 6  3
555833 6  3
555834 6  3
555835 6  3
555836 6  3
555837 6  3
555838 6  3
555839 6  3
555840 6  3
555841 6  3
555842 6  3
555843 6  3
555844 6  3
555845 6  3
555846 6  3
555847 6  3
555848 6  3
555849 6  3
555850 6  3
555851 6  3
555852 6  3
555853 6  3
555854 6  3
555855 6  3
555856 6  3
555857 6  3
555858 6  3
555859 6  3
555860 6  3
555861 6  3
555862 6  3
555863 6  3
555864 6  3
555865 6  3
555866 6  3
555867 6  3
555868 6  3
555869 6  3
555870 6  3
555871 6  3
555872 6  3
555873 6  3
555874 6  3
555875 6  3
555876 6  3
555877 6  3
555878 6  3
555879 6  3
555880 6  3
555881 6  3
555882 6  3
555883 6  3
555884 6  3
555885 6  3
555886 6  3
555887 6  3
555888 6  3
555889 6  3
555890 6  3
555891 6  3
555892 6  3
555893 6  3
555894 6  3
555895 6  3
555896 6  3
555897 6  3
555898 6  3
555899 6  3
555900 6  3
555901 6  3
555902 6  3
555903 6  3
555904 6  3
555905 6  3
555906 6  3
555907 6  3
555908 6  3
555909 6  3
555910 6  3
555911 6  3
555912 6  3
555913 6  3
555914 6  3
555915 6  3
555916 6  3
555917 6  3
555918 6  3
555919 6  3
555920 6  3
555921 6  3
555922 6  3
555923 6  3
555924 6  3
555925 6  3
555926 6  3
555927 6  3
555928 6  3
555929 6  3
555930 6  3
555931 6  3
555932 6  3
555933 6  3
555934 6  3
555935 6  3
555936 6  3
555937 6  3
555938 6  3
555939 6  3
555940 6  3
555941 6  3
555942 6  3
555943 6  3
555944 6  3
555945 6  3
555946 6  3
555947 6  3
555948 6  3
555949 6  3
555950 6  3
555951 6  3
555952 6  3
555953 6  3
555954 6  3
555955 6  3
555956 6  3
555957 6  3
555958 6  3
555959 6  3
555960 6  3
555961 6  3
555962 6  3
555963 6  3
555964 6  3
555965 6  3
555966 6  3
555967 6  3
555968 6  3
555969 6  3
555970 6  3
555971 6  3
555972 6  3
555973 6  3
555974 6  3
555975 6  3
555976 6  3
555977 6  3
555978 6  3
555979 6  3
555980 6  3
555981 6  3
555982 6  3
555983 6  3
555984 6  3
555985 6  3
555986 6  3
555987 6  3
555988 6  3
555989 6  3
555990 6  3
555991 6  3
555992 6  3
555993 6  3
555994 6  3
555995 6  3
555996 6  3
555997 6  3
555998 6  3
555999 6  3
556000 6  3
556001 6  3
556002 6  3
556003 6  3
556004 6  3
556005 6  3
556006 6  3
556007 6  3
556008 6  3
556009 6  3
556010 6  3
556011 6  3
556012 6  3
556013 6  3
556014 6  3
556015 6  3
556016 6  3
556017 6  3
556018 6  3
556019 6  3
556020 6  3
556021 6  3
556022 6  3
556023 6  3
556024 6  3
556025 6  3
556026 6  3
556027 6  3
556028 6  3
556029 6  3
556030 6  3
556031 6  3
556032 6  3
556033 6  3
556034 6  3
556035 6  3
556036 6  3
556037 6  3
556038 6  3
556039 6  3
556040 6  3
556041 6  3
556042 6  3
556043 6  3
556044 6  3
556045 6  3
556046 6  3
556047 6  3
556048 6  3
556049 6  3
556050 6  3
556051 6  3
556052 6  3
556053 6  3
556054 6  3
556055 6  3
556056 6  3
556057 6  3
556058 6  3
556059 6  3
556060 6  3
556061 6  3
556062 6  3
556063 6  3
556064 6  3
556065 6  3
556066 6  3
556067 6  3
556068 6  3
556069 6  3
556070 6  3
556071 6  3
556072 6  3
556073 6  3
556074 6  3
556075 6  3
556076 6  3
556077 6  3
556078 6  3
556079 6  3
556080 6  3
556081 6  3
556082 6  3
556083 6  3
556084 6  3
556085 6  3
556086 6  3
556087 6  3
556088 6  3
556089 6  3
556090 6  3
556091 6  3
556092 6  3
556093 6  3
556094 6  3
556095 6  3
556096 6  3
556097 6  3
556098 6  3
556099 6  3
556100 6  3
556101 6  3
556102 6  3
556103 6  3
556104 6  3
556105 6  3
556106 6  3
556107 6  3
556108 6  3
556109 6  3
556110 6  3
556111 6  3
556112 6  3
556113 6  3
556114 6  3
556115 6  3
556116 6  3
556117 6  3
556118 6  3
556119 6  3
556120 6  3
556121 6  3
556122 6  3
556123 6  3
556124 6  3
556125 6  3
556126 6  3
556127 6  3
556128 6  3
556129 6  3
556130 6  3
556131 6  3
556132 6  3
556133 6  3
556134 6  3
556135 6  3
556136 6  3
556137 6  3
556138 6  3
556139 6  3
556140 6  3
556141 6  3
556142 6  3
556143 6  3
556144 6  3
556145 6  3
556146 6  3
556147 6  3
556148 6  3
556149 6  3
556150 6  3
556151 6  3
556152 6  3
556153 6  3
556154 6  3
556155 6  3
556156 6  3
556157 6  3
556158 6  3
556159 6  3
556160 6  3
556161 6  3
556162 6  3
556163 6  3
556164 6  3
556165 6  3
556166 6  3
556167 6  3
556168 6  3
556169 6  3
556170 6  3
556171 6  3
556172 6  3
556173 6  3
556174 6  3
556175 6  3
556176 6  3
556177 6  3
556178 6  3
556179 6  3
556180 6  3
556181 6  3
556182 6  3
556183 6  3
556184 6  3
556185 6  3
556186 6  3
556187 6  3
556188 6  3
556189 6  3
556190 6  3
556191 6  3
556192 6  3
556193 6  3
556194 6  3
556195 6  3
556196 6  3
556197 6  3
556198 6  3
556199 6  3
556200 6  3
556201 6  3
556202 6  3
556203 6  3
556204 6  3
556205 6  3
556206 6  3
556207 6  3
556208 6  3
556209 6  3
556210 6  3
556211 6  3
556212 6  3
556213 6  3
556214 6  3
556215 6  3
556216 6  3
556217 6  3
556218 6  3
556219 6  3
556220 6  3
556221 6  3
556222 6  3
556223 6  3
556224 6  3
556225 6  3
556226 6  3
556227 6  3
556228 6  3
556229 6  3
556230 6  3
556231 6  3
556232 6  3
556233 6  3
556234 6  3
556235 6  3
556236 6  3
556237 6  3
556238 6  3
556239 6  3
556240 6  3
556241 6  3
556242 6  3
556243 6  3
556244 6  3
556245 6  3
556246 6  3
556247 6  3
556248 6  3
556249 6  3
556250 6  3
556251 6  3
556252 6  3
556253 6  3
556254 6  3
556255 6  3
556256 6  3
556257 6  3
556258 6  3
556259 6  3
556260 6  3
556261 6  3
556262 6  3
556263 6  3
556264 6  3
556265 6  3
556266 6  3
556267 6  3
556268 6  3
556269 6  3
556270 6  3
556271 6  3
556272 6  3
556273 6  3
556274 6  3
556275 6  3
556276 6  3
556277 6  3
556278 6  3
556279 6  3
556280 6  3
556281 6  3
556282 6  3
556283 6  3
556284 6  3
556285 6  3
556286 6  3
556287 6  3
556288 6  3
556289 6  3
556290 6  3
556291 6  3
556292 6  3
556293 6  3
556294 6  3
556295 6  3
556296 6  3
556297 6  3
556298 6  3
556299 6  3
556300 6  3
556301 6  3
556302 6  3
556303 6  3
556304 6  3
556305 6  3
556306 6  3
556307 6  3
556308 6  3
556309 6  3
556310 6  3
556311 6  3
556312 6  3
556313 6  3
556314 6  3
556315 6  3
556316 6  3
556317 6  3
556318 6  3
556319 6  3
556320 6  3
556321 6  3
556322 6  3
556323 6  3
556324 6  3
556325 6  3
556326 6  3
556327 6  3
556328 6  3
556329 6  3
556330 6  3
556331 6  3
556332 6  3
556333 6  3
556334 6  3
556335 6  3
556336 6  3
556337 6  3
556338 6  3
556339 6  3
556340 6  3
556341 6  3
556342 6  3
556343 6  3
556344 6  3
556345 6  3
556346 6  3
556347 6  3
556348 6  3
556349 6  3
556350 6  3
556351 6  3
556352 6  3
556353 6  3
556354 6  3
556355 6  3
556356 6  3
556357 6  3
556358 6  3
556359 6  3
556360 6  3
556361 6  3
556362 6  3
556363 6  3
556364 6  3
556365 6  3
556366 6  3
556367 6  3
556368 6  3
556369 6  3
556370 6  3
556371 6  3
556372 6  3
556373 6  3
556374 6  3
556375 6  3
556376 6  3
556377 6  3
556378 6  3
556379 6  3
556380 6  3
556381 6  3
556382 6  3
556383 6  3
556384 6  3
556385 6  3
556386 6  3
556387 6  3
556388 6  3
556389 6  3
556390 6  3
556391 6  3
556392 6  3
556393 6  3
556394 6  3
556395 6  3
556396 6  3
556397 6  3
556398 6  3
556399 6  3
556400 6  3
556401 6  3
556402 6  3
556403 6  3
556404 6  3
556405 6  3
556406 6  3
556407 6  3
556408 6  3
556409 6  3
556410 6  3
556411 6  3
556412 6  3
556413 6  3
556414 6  3
556415 6  3
556416 6  3
556417 6  3
556418 6  3
556419 6  3
556420 6  3
556421 6  3
556422 6  3
556423 6  3
556424 6  3
556425 6  3
556426 6  3
556427 6  3
556428 6  3
556429 6  3
556430 6  3
556431 6  3
556432 6  3
556433 6  3
556434 6  3
556435 6  3
556436 6  3
556437 6  3
556438 6  3
556439 6  3
556440 6  3
556441 6  3
556442 6  3
556443 6  3
556444 6  3
556445 6  3
556446 6  3
556447 6  3
556448 6  3
556449 6  3
556450 6  3
556451 6  3
556452 6  3
556453 6  3
556454 6  3
556455 6  3
556456 6  3
556457 6  3
556458 6  3
556459 6  3
556460 6  3
556461 6  3
556462 6  3
556463 6  3
556464 6  3
556465 6  3
556466 6  3
556467 6  3
556468 6  3
556469 6  3
556470 6  3
556471 6  3
556472 6  3
556473 6  3
556474 6  3
556475 6  3
556476 6  3
556477 6  3
556478 6  3
556479 6  3
556480 6  3
556481 6  3
556482 6  3
556483 6  3
556484 6  3
556485 6  3
556486 6  3
556487 6  3
556488 6  3
556489 6  3
556490 6  3
556491 6  3
556492 6  3
556493 6  3
556494 6  3
556495 6  3
556496 6  3
556497 6  3
556498 6  3
556499 6  3
556500 6  3
556501 6  3
556502 6  3
556503 6  3
556504 6  3
556505 6  3
556506 6  3
556507 6  3
556508 6  3
556509 6  3
556510 6  3
556511 6  3
556512 6  3
556513 6  3
556514 6  3
556515 6  3
556516 6  3
556517 6  3
556518 6  3
556519 6  3
556520 6  3
556521 6  3
556522 6  3
556523 6  3
556524 6  3
556525 6  3
556526 6  3
556527 6  3
556528 6  3
556529 6  3
556530 6  3
556531 6  3
556532 6  3
556533 6  3
556534 6  3
556535 6  3
556536 6  3
556537 6  3
556538 6  3
556539 6  3
556540 6  3
556541 6  3
556542 6  3
556543 6  3
556544 6  3
556545 6  3
556546 6  3
556547 6  3
556548 6  3
556549 6  3
556550 6  3
556551 6  3
556552 6  3
556553 6  3
556554 6  3
556555 6  3
556556 6  3
556557 6  3
556558 6  3
556559 6  3
556560 6  3
556561 6  3
556562 6  3
556563 6  3
556564 6  3
556565 6  3
556566 6  3
556567 6  3
556568 6  3
556569 6  3
556570 6  3
556571 6  3
556572 6  3
556573 6  3
556574 6  3
556575 6  3
556576 6  3
556577 6  3
556578 6  3
556579 6  3
556580 6  3
556581 6  3
556582 6  3
556583 6  3
556584 6  3
556585 6  3
556586 6  3
556587 6  3
556588 6  3
556589 6  3
556590 6  3
556591 6  3
556592 6  3
556593 6  3
556594 6  3
556595 6  3
556596 6  3
556597 6  3
556598 6  3
556599 6  3
556600 6  3
556601 6  3
556602 6  3
556603 6  3
556604 6  3
556605 6  3
556606 6  3
556607 6  3
556608 6  3
556609 6  3
556610 6  3
556611 6  3
556612 6  3
556613 6  3
556614 6  3
556615 6  3
556616 6  3
556617 6  3
556618 6  3
556619 6  3
556620 6  3
556621 6  3
556622 6  3
556623 6  3
556624 6  3
556625 6  3
556626 6  3
556627 6  3
556628 6  3
556629 6  3
556630 6  3
556631 6  3
556632 6  3
556633 6  3
556634 6  3
556635 6  3
556636 6  3
556637 6  3
556638 6  3
556639 6  3
556640 6  3
556641 6  3
556642 6  3
556643 6  3
556644 6  3
556645 6  3
556646 6  3
556647 6  3
556648 6  3
556649 6  3
556650 6  3
556651 6  3
556652 6  3
556653 6  3
556654 6  3
556655 6  3
556656 6  3
556657 6  3
556658 6  3
556659 6  3
556660 6  3
556661 6  3
556662 6  3
556663 6  3
556664 6  3
556665 6  3
556666 6  3
556667 6  3
556668 6  3
556669 6  3
556670 6  3
556671 6  3
556672 6  3
556673 6  3
556674 6  3
556675 6  3
556676 6  3
556677 6  3
556678 6  3
556679 6  3
556680 6  3
556681 6  3
556682 6  3
556683 6  3
556684 6  3
556685 6  3
556686 6  3
556687 6  3
556688 6  3
556689 6  3
556690 6  3
556691 6  3
556692 6  3
556693 6  3
556694 6  3
556695 6  3
556696 6  3
556697 6  3
556698 6  3
556699 6  3
556700 6  3
556701 6  3
556702 6  3
556703 6  3
556704 6  3
556705 6  3
556706 6  3
556707 6  3
556708 6  3
556709 6  3
556710 6  3
556711 6  3
556712 6  3
556713 6  3
556714 6  3
556715 6  3
556716 6  3
556717 6  3
556718 6  3
556719 6  3
556720 6  3
556721 6  3
556722 6  3
556723 6  3
556724 6  3
556725 6  3
556726 6  3
556727 6  3
556728 6  3
556729 6  3
556730 6  3
556731 6  3
556732 6  3
556733 6  3
556734 6  3
556735 6  3
556736 6  3
556737 6  3
556738 6  3
556739 6  3
556740 6  3
556741 6  3
556742 6  3
556743 6  3
556744 6  3
556745 6  3
556746 6  3
556747 6  3
556748 6  3
556749 6  3
556750 6  3
556751 6  3
556752 6  3
556753 6  3
556754 6  3
556755 6  3
556756 6  3
556757 6  3
556758 6  3
556759 6  3
556760 6  3
556761 6  3
556762 6  3
556763 6  3
556764 6  3
556765 6  3
556766 6  3
556767 6  3
556768 6  3
556769 6  3
556770 6  3
556771 6  3
556772 6  3
556773 6  3
556774 6  3
556775 6  3
556776 6  3
556777 6  3
556778 6  3
556779 6  3
556780 6  3
556781 6  3
556782 6  3
556783 6  3
556784 6  3
556785 6  3
556786 6  3
556787 6  3
556788 6  3
556789 6  3
556790 6  3
556791 6  3
556792 6  3
556793 6  3
556794 6  3
556795 6  3
556796 6  3
556797 6  3
556798 6  3
556799 6  3
556800 6  3
556801 6  3
556802 6  3
556803 6  3
556804 6  3
556805 6  3
556806 6  3
556807 6  3
556808 6  3
556809 6  3
556810 6  3
556811 6  3
556812 6  3
556813 6  3
556814 6  3
556815 6  3
556816 6  3
556817 6  3
556818 6  3
556819 6  3
556820 6  3
556821 6  3
556822 6  3
556823 6  3
556824 6  3
556825 6  3
556826 6  3
556827 6  3
556828 6  3
556829 6  3
556830 6  3
556831 6  3
556832 6  3
556833 6  3
556834 6  3
556835 6  3
556836 6  3
556837 6  3
556838 6  3
556839 6  3
556840 6  3
556841 6  3
556842 6  3
556843 6  3
556844 6  3
556845 6  3
556846 6  3
556847 6  3
556848 6  3
556849 6  3
556850 6  3
556851 6  3
556852 6  3
556853 6  3
556854 6  3
556855 6  3
556856 6  3
556857 6  3
556858 6  3
556859 6  3
556860 6  3
556861 6  3
556862 6  3
556863 6  3
556864 6  3
556865 6  3
556866 6  3
556867 6  3
556868 6  3
556869 6  3
556870 6  3
556871 6  3
556872 6  3
556873 6  3
556874 6  3
556875 6  3
556876 6  3
556877 6  3
556878 6  3
556879 6  3
556880 6  3
556881 6  3
556882 6  3
556883 6  3
556884 6  3
556885 6  3
556886 6  3
556887 6  3
556888 6  3
556889 6  3
556890 6  3
556891 6  3
556892 6  3
556893 6  3
556894 6  3
556895 6  3
556896 6  3
556897 6  3
556898 6  3
556899 6  3
556900 6  3
556901 6  3
556902 6  3
556903 6  3
556904 6  3
556905 6  3
556906 6  3
556907 6  3
556908 6  3
556909 6  3
556910 6  3
556911 6  3
556912 6  3
556913 6  3
556914 6  3
556915 6  3
556916 6  3
556917 6  3
556918 6  3
556919 6  3
556920 6  3
556921 6  3
556922 6  3
556923 6  3
556924 6  3
556925 6  3
556926 6  3
556927 6  3
556928 6  3
556929 6  3
556930 6  3
556931 6  3
556932 6  3
556933 6  3
556934 6  3
556935 6  3
556936 6  3
556937 6  3
556938 6  3
556939 6  3
556940 6  3
556941 6  3
556942 6  3
556943 6  3
556944 6  3
556945 6  3
556946 6  3
556947 6  3
556948 6  3
556949 6  3
556950 6  3
556951 6  3
556952 6  3
556953 6  3
556954 6  3
556955 6  3
556956 6  3
556957 6  3
556958 6  3
556959 6  3
556960 6  3
556961 6  3
556962 6  3
556963 6  3
556964 6  3
556965 6  3
556966 6  3
556967 6  3
556968 6  3
556969 6  3
556970 6  3
556971 6  3
556972 6  3
556973 6  3
556974 6  3
556975 6  3
556976 6  3
556977 6  3
556978 6  3
556979 6  3
556980 6  3
556981 6  3
556982 6  3
556983 6  3
556984 6  3
556985 6  3
556986 6  3
556987 6  3
556988 6  3
556989 6  3
556990 6  3
556991 6  3
556992 6  3
556993 6  3
556994 6  3
556995 6  3
556996 6  3
556997 6  3
556998 6  3
556999 6  3
557000 6  3
557001 6  3
557002 6  3
557003 6  3
557004 6  3
557005 6  3
557006 6  3
557007 6  3
557008 6  3
557009 6  3
557010 6  3
557011 6  3
557012 6  3
557013 6  3
557014 6  3
557015 6  3
557016 6  3
557017 6  3
557018 6  3
557019 6  3
557020 6  3
557021 6  3
557022 6  3
557023 6  3
557024 6  3
557025 6  3
557026 6  3
557027 6  3
557028 6  3
557029 6  3
557030 6  3
557031 6  3
557032 6  3
557033 6  3
557034 6  3
557035 6  3
557036 6  3
557037 6  3
557038 6  3
557039 6  3
557040 6  3
557041 6  3
557042 6  3
557043 6  3
557044 6  3
557045 6  3
557046 6  3
557047 6  3
557048 6  3
557049 6  3
557050 6  3
557051 6  3
557052 6  3
557053 6  3
557054 6  3
557055 6  3
557056 6  3
557057 6  3
557058 6  3
557059 6  3
557060 6  3
557061 6  3
557062 6  3
557063 6  3
557064 6  3
557065 6  3
557066 6  3
557067 6  3
557068 6  3
557069 6  3
557070 6  3
557071 6  3
557072 6  3
557073 6  3
557074 6  3
557075 6  3
557076 6  3
557077 6  3
557078 6  3
557079 6  3
557080 6  3
557081 6  3
557082 6  3
557083 6  3
557084 6  3
557085 6  3
557086 6  3
557087 6  3
557088 6  3
557089 6  3
557090 6  3
557091 6  3
557092 6  3
557093 6  3
557094 6  3
557095 6  3
557096 6  3
557097 6  3
557098 6  3
557099 6  3
557100 6  3
557101 6  3
557102 6  3
557103 6  3
557104 6  3
557105 6  3
557106 6  3
557107 6  3
557108 6  3
557109 6  3
557110 6  3
557111 6  3
557112 6  3
557113 6  3
557114 6  3
557115 6  3
557116 6  3
557117 6  3
557118 6  3
557119 6  3
557120 6  3
557121 6  3
557122 6  3
557123 6  3
557124 6  3
557125 6  3
557126 6  3
557127 6  3
557128 6  3
557129 6  3
557130 6  3
557131 6  3
557132 6  3
557133 6  3
557134 6  3
557135 6  3
557136 6  3
557137 6  3
557138 6  3
557139 6  3
557140 6  3
557141 6  3
557142 6  3
557143 6  3
557144 6  3
557145 6  3
557146 6  3
557147 6  3
557148 6  3
557149 6  3
557150 6  3
557151 6  3
557152 6  3
557153 6  3
557154 6  3
557155 6  3
557156 6  3
557157 6  3
557158 6  3
557159 6  3
557160 6  3
557161 6  3
557162 6  3
557163 6  3
557164 6  3
557165 6  3
557166 6  3
557167 6  3
557168 6  3
557169 6  3
557170 6  3
557171 6  3
557172 6  3
557173 6  3
557174 6  3
557175 6  3
557176 6  3
557177 6  3
557178 6  3
557179 6  3
557180 6  3
557181 6  3
557182 6  3
557183 6  3
557184 6  3
557185 6  3
557186 6  3
557187 6  3
557188 6  3
557189 6  3
557190 6  3
557191 6  3
557192 6  3
557193 6  3
557194 6  3
557195 6  3
557196 6  3
557197 6  3
557198 6  3
557199 6  3
557200 6  3
557201 6  3
557202 6  3
557203 6  3
557204 6  3
557205 6  3
557206 6  3
557207 6  3
557208 6  3
557209 6  3
557210 6  3
557211 6  3
557212 6  3
557213 6  3
557214 6  3
557215 6  3
557216 6  3
557217 6  3
557218 6  3
557219 6  3
557220 6  3
557221 6  3
557222 6  3
557223 6  3
557224 6  3
557225 6  3
557226 6  3
557227 6  3
557228 6  3
557229 6  3
557230 6  3
557231 6  3
557232 6  3
557233 6  3
557234 6  3
557235 6  3
557236 6  3
557237 6  3
557238 6  3
557239 6  3
557240 6  3
557241 6  3
557242 6  3
557243 6  3
557244 6  3
557245 6  3
557246 6  3
557247 6  3
557248 6  3
557249 6  3
557250 6  3
557251 6  3
557252 6  3
557253 6  3
557254 6  3
557255 6  3
557256 6  3
557257 6  3
557258 6  3
557259 6  3
557260 6  3
557261 6  3
557262 6  3
557263 6  3
557264 6  3
557265 6  3
557266 6  3
557267 6  3
557268 6  3
557269 6  3
557270 6  3
557271 6  3
557272 6  3
557273 6  3
557274 6  3
557275 6  3
557276 6  3
557277 6  3
557278 6  3
557279 6  3
557280 6  3
557281 6  3
557282 6  3
557283 6  3
557284 6  3
557285 6  3
557286 6  3
557287 6  3
557288 6  3
557289 6  3
557290 6  3
557291 6  3
557292 6  3
557293 6  3
557294 6  3
557295 6  3
557296 6  3
557297 6  3
557298 6  3
557299 6  3
557300 6  3
557301 6  3
557302 6  3
557303 6  3
557304 6  3
557305 6  3
557306 6  3
557307 6  3
557308 6  3
557309 6  3
557310 6  3
557311 6  3
557312 6  3
557313 6  3
557314 6  3
557315 6  3
557316 6  3
557317 6  3
557318 6  3
557319 6  3
557320 6  3
557321 6  3
557322 6  3
557323 6  3
557324 6  3
557325 6  3
557326 6  3
557327 6  3
557328 6  3
557329 6  3
557330 6  3
557331 6  3
557332 6  3
557333 6  3
557334 6  3
557335 6  3
557336 6  3
557337 6  3
557338 6  3
557339 6  3
557340 6  3
557341 6  3
557342 6  3
557343 6  3
557344 6  3
557345 6  3
557346 6  3
557347 6  3
557348 6  3
557349 6  3
557350 6  3
557351 6  3
557352 6  3
557353 6  3
557354 6  3
557355 6  3
557356 6  3
557357 6  3
557358 6  3
557359 6  3
557360 6  3
557361 6  3
557362 6  3
557363 6  3
557364 6  3
557365 6  3
557366 6  3
557367 6  3
557368 6  3
557369 6  3
557370 6  3
557371 6  3
557372 6  3
557373 6  3
557374 6  3
557375 6  3
557376 6  3
557377 6  3
557378 6  3
557379 6  3
557380 6  3
557381 6  3
557382 6  3
557383 6  3
557384 6  3
557385 6  3
557386 6  3
557387 6  3
557388 6  3
557389 6  3
557390 6  3
557391 6  3
557392 6  3
557393 6  3
557394 6  3
557395 6  3
557396 6  3
557397 6  3
557398 6  3
557399 6  3
557400 6  3
557401 6  3
557402 6  3
557403 6  3
557404 6  3
557405 6  3
557406 6  3
557407 6  3
557408 6  3
557409 6  3
557410 6  3
557411 6  3
557412 6  3
557413 6  3
557414 6  3
557415 6  3
557416 6  3
557417 6  3
557418 6  3
557419 6  3
557420 6  3
557421 6  3
557422 6  3
557423 6  3
557424 6  3
557425 6  3
557426 6  3
557427 6  3
557428 6  3
557429 6  3
557430 6  3
557431 6  3
557432 6  3
557433 6  3
557434 6  3
557435 6  3
557436 6  3
557437 6  3
557438 6  3
557439 6  3
557440 6  3
557441 6  3
557442 6  3
557443 6  3
557444 6  3
557445 6  3
557446 6  3
557447 6  3
557448 6  3
557449 6  3
557450 6  3
557451 6  3
557452 6  3
557453 6  3
557454 6  3
557455 6  3
557456 6  3
557457 6  3
557458 6  3
557459 6  3
557460 6  3
557461 6  3
557462 6  3
557463 6  3
557464 6  3
557465 6  3
557466 6  3
557467 6  3
557468 6  3
557469 6  3
557470 6  3
557471 6  3
557472 6  3
557473 6  3
557474 6  3
557475 6  3
557476 6  3
557477 6  3
557478 6  3
557479 6  3
557480 6  3
557481 6  3
557482 6  3
557483 6  3
557484 6  3
557485 6  3
557486 6  3
557487 6  3
557488 6  3
557489 6  3
557490 6  3
557491 6  3
557492 6  3
557493 6  3
557494 6  3
557495 6  3
557496 6  3
557497 6  3
557498 6  3
557499 6  3
557500 6  3
557501 6  3
557502 6  3
557503 6  3
557504 6  3
557505 6  3
557506 6  3
557507 6  3
557508 6  3
557509 6  3
557510 6  3
557511 6  3
557512 6  3
557513 6  3
557514 6  3
557515 6  3
557516 6  3
557517 6  3
557518 6  3
557519 6  3
557520 6  3
557521 6  3
557522 6  3
557523 6  3
557524 6  3
557525 6  3
557526 6  3
557527 6  3
557528 6  3
557529 6  3
557530 6  3
557531 6  3
557532 6  3
557533 6  3
557534 6  3
557535 6  3
557536 6  3
557537 6  3
557538 6  3
557539 6  3
557540 6  3
557541 6  3
557542 6  3
557543 6  3
557544 6  3
557545 6  3
557546 6  3
557547 6  3
557548 6  3
557549 6  3
557550 6  3
557551 6  3
557552 6  3
557553 6  3
557554 6  3
557555 6  3
557556 6  3
557557 6  3
557558 6  3
557559 6  3
557560 6  3
557561 6  3
557562 6  3
557563 6  3
557564 6  3
557565 6  3
557566 6  3
557567 6  3
557568 6  3
557569 6  3
557570 6  3
557571 6  3
557572 6  3
557573 6  3
557574 6  3
557575 6  3
557576 6  3
557577 6  3
557578 6  3
557579 6  3
557580 6  3
557581 6  3
557582 6  3
557583 6  3
557584 6  3
557585 6  3
557586 6  3
557587 6  3
557588 6  3
557589 6  3
557590 6  3
557591 6  3
557592 6  3
557593 6  3
557594 6  3
557595 6  3
557596 6  3
557597 6  3
557598 6  3
557599 6  3
557600 6  3
557601 6  3
557602 6  3
557603 6  3
557604 6  3
557605 6  3
557606 6  3
557607 6  3
557608 6  3
557609 6  3
557610 6  3
557611 6  3
557612 6  3
557613 6  3
557614 6  3
557615 6  3
557616 6  3
557617 6  3
557618 6  3
557619 6  3
557620 6  3
557621 6  3
557622 6  3
557623 6  3
557624 6  3
557625 6  3
557626 6  3
557627 6  3
557628 6  3
557629 6  3
557630 6  3
557631 6  3
557632 6  3
557633 6  3
557634 6  3
557635 6  3
557636 6  3
557637 6  3
557638 6  3
557639 6  3
557640 6  3
557641 6  3
557642 6  3
557643 6  3
557644 6  3
557645 6  3
557646 6  3
557647 6  3
557648 6  3
557649 6  3
557650 6  3
557651 6  3
557652 6  3
557653 6  3
557654 6  3
557655 6  3
557656 6  3
557657 6  3
557658 6  3
557659 6  3
557660 6  3
557661 6  3
557662 6  3
557663 6  3
557664 6  3
557665 6  3
557666 6  3
557667 6  3
557668 6  3
557669 6  3
557670 6  3
557671 6  3
557672 6  3
557673 6  3
557674 6  3
557675 6  3
557676 6  3
557677 6  3
557678 6  3
557679 6  3
557680 6  3
557681 6  3
557682 6  3
557683 6  3
557684 6  3
557685 6  3
557686 6  3
557687 6  3
557688 6  3
557689 6  3
557690 6  3
557691 6  3
557692 6  3
557693 6  3
557694 6  3
557695 6  3
557696 6  3
557697 6  3
557698 6  3
557699 6  3
557700 6  3
557701 6  3
557702 6  3
557703 6  3
557704 6  3
557705 6  3
557706 6  3
557707 6  3
557708 6  3
557709 6  3
557710 6  3
557711 6  3
557712 6  3
557713 6  3
557714 6  3
557715 6  3
557716 6  3
557717 6  3
557718 6  3
557719 6  3
557720 6  3
557721 6  3
557722 6  3
557723 6  3
557724 6  3
557725 6  3
557726 6  3
557727 6  3
557728 6  3
557729 6  3
557730 6  3
557731 6  3
557732 6  3
557733 6  3
557734 6  3
557735 6  3
557736 6  3
557737 6  3
557738 6  3
557739 6  3
557740 6  3
557741 6  3
557742 6  3
557743 6  3
557744 6  3
557745 6  3
557746 6  3
557747 6  3
557748 6  3
557749 6  3
557750 6  3
557751 6  3
557752 6  3
557753 6  3
557754 6  3
557755 6  3
557756 6  3
557757 6  3
557758 6  3
557759 6  3
557760 6  3
557761 6  3
557762 6  3
557763 6  3
557764 6  3
557765 6  3
557766 6  3
557767 6  3
557768 6  3
557769 6  3
557770 6  3
557771 6  3
557772 6  3
557773 6  3
557774 6  3
557775 6  3
557776 6  3
557777 6  3
557778 6  3
557779 6  3
557780 6  3
557781 6  3
557782 6  3
557783 6  3
557784 6  3
557785 6  3
557786 6  3
557787 6  3
557788 6  3
557789 6  3
557790 6  3
557791 6  3
557792 6  3
557793 6  3
557794 6  3
557795 6  3
557796 6  3
557797 6  3
557798 6  3
557799 6  3
557800 6  3
557801 6  3
557802 6  3
557803 6  3
557804 6  3
557805 6  3
557806 6  3
557807 6  3
557808 6  3
557809 6  3
557810 6  3
557811 6  3
557812 6  3
557813 6  3
557814 6  3
557815 6  3
557816 6  3
557817 6  3
557818 6  3
557819 6  3
557820 6  3
557821 6  3
557822 6  3
557823 6  3
557824 6  3
557825 6  3
557826 6  3
557827 6  3
557828 6  3
557829 6  3
557830 6  3
557831 6  3
557832 6  3
557833 6  3
557834 6  3
557835 6  3
557836 6  3
557837 6  3
557838 6  3
557839 6  3
557840 6  3
557841 6  3
557842 6  3
557843 6  3
557844 6  3
557845 6  3
557846 6  3
557847 6  3
557848 6  3
557849 6  3
557850 6  3
557851 6  3
557852 6  3
557853 6  3
557854 6  3
557855 6  3
557856 6  3
557857 6  3
557858 6  3
557859 6  3
557860 6  3
557861 6  3
557862 6  3
557863 6  3
557864 6  3
557865 6  3
557866 6  3
557867 6  3
557868 6  3
557869 6  3
557870 6  3
557871 6  3
557872 6  3
557873 6  3
557874 6  3
557875 6  3
557876 6  3
557877 6  3
557878 6  3
557879 6  3
557880 6  3
557881 6  3
557882 6  3
557883 6  3
557884 6  3
557885 6  3
557886 6  3
557887 6  3
557888 6  3
557889 6  3
557890 6  3
557891 6  3
557892 6  3
557893 6  3
557894 6  3
557895 6  3
557896 6  3
557897 6  3
557898 6  3
557899 6  3
557900 6  3
557901 6  3
557902 6  3
557903 6  3
557904 6  3
557905 6  3
557906 6  3
557907 6  3
557908 6  3
557909 6  3
557910 6  3
557911 6  3
557912 6  3
557913 6  3
557914 6  3
557915 6  3
557916 6  3
557917 6  3
557918 6  3
557919 6  3
557920 6  3
557921 6  3
557922 6  3
557923 6  3
557924 6  3
557925 6  3
557926 6  3
557927 6  3
557928 6  3
557929 6  3
557930 6  3
557931 6  3
557932 6  3
557933 6  3
557934 6  3
557935 6  3
557936 6  3
557937 6  3
557938 6  3
557939 6  3
557940 6  3
557941 6  3
557942 6  3
557943 6  3
557944 6  3
557945 6  3
557946 6  3
557947 6  3
557948 6  3
557949 6  3
557950 6  3
557951 6  3
557952 6  3
557953 6  3
557954 6  3
557955 6  3
557956 6  3
557957 6  3
557958 6  3
557959 6  3
557960 6  3
557961 6  3
557962 6  3
557963 6  3
557964 6  3
557965 6  3
557966 6  3
557967 6  3
557968 6  3
557969 6  3
557970 6  3
557971 6  3
557972 6  3
557973 6  3
557974 6  3
557975 6  3
557976 6  3
557977 6  3
557978 6  3
557979 6  3
557980 6  3
557981 6  3
557982 6  3
557983 6  3
557984 6  3
557985 6  3
557986 6  3
557987 6  3
557988 6  3
557989 6  3
557990 6  3
557991 6  3
557992 6  3
557993 6  3
557994 6  3
557995 6  3
557996 6  3
557997 6  3
557998 6  3
557999 6  3
558000 6  3
558001 6  3
558002 6  3
558003 6  3
558004 6  3
558005 6  3
558006 6  3
558007 6  3
558008 6  3
558009 6  3
558010 6  3
558011 6  3
558012 6  3
558013 6  3
558014 6  3
558015 6  3
558016 6  3
558017 6  3
558018 6  3
558019 6  3
558020 6  3
558021 6  3
558022 6  3
558023 6  3
558024 6  3
558025 6  3
558026 6  3
558027 6  3
558028 6  3
558029 6  3
558030 6  3
558031 6  3
558032 6  3
558033 6  3
558034 6  3
558035 6  3
558036 6  3
558037 6  3
558038 6  3
558039 6  3
558040 6  3
558041 6  3
558042 6  3
558043 6  3
558044 6  3
558045 6  3
558046 6  3
558047 6  3
558048 6  3
558049 6  3
558050 6  3
558051 6  3
558052 6  3
558053 6  3
558054 6  3
558055 6  3
558056 6  3
558057 6  3
558058 6  3
558059 6  3
558060 6  3
558061 6  3
558062 6  3
558063 6  3
558064 6  3
558065 6  3
558066 6  3
558067 6  3
558068 6  3
558069 6  3
558070 6  3
558071 6  3
558072 6  3
558073 6  3
558074 6  3
558075 6  3
558076 6  3
558077 6  3
558078 6  3
558079 6  3
558080 6  3
558081 6  3
558082 6  3
558083 6  3
558084 6  3
558085 6  3
558086 6  3
558087 6  3
558088 6  3
558089 6  3
558090 6  3
558091 6  3
558092 6  3
558093 6  3
558094 6  3
558095 6  3
558096 6  3
558097 6  3
558098 6  3
558099 6  3
558100 6  3
558101 6  3
558102 6  3
558103 6  3
558104 6  3
558105 6  3
558106 6  3
558107 6  3
558108 6  3
558109 6  3
558110 6  3
558111 6  3
558112 6  3
558113 6  3
558114 6  3
558115 6  3
558116 6  3
558117 6  3
558118 6  3
558119 6  3
558120 6  3
558121 6  3
558122 6  3
558123 6  3
558124 6  3
558125 6  3
558126 6  3
558127 6  3
558128 6  3
558129 6  3
558130 6  3
558131 6  3
558132 6  3
558133 6  3
558134 6  3
558135 6  3
558136 6  3
558137 6  3
558138 6  3
558139 6  3
558140 6  3
558141 6  3
558142 6  3
558143 6  3
558144 6  3
558145 6  3
558146 6  3
558147 6  3
558148 6  3
558149 6  3
558150 6  3
558151 6  3
558152 6  3
558153 6  3
558154 6  3
558155 6  3
558156 6  3
558157 6  3
558158 6  3
558159 6  3
558160 6  3
558161 6  3
558162 6  3
558163 6  3
558164 6  3
558165 6  3
558166 6  3
558167 6  3
558168 6  3
558169 6  3
558170 6  3
558171 6  3
558172 6  3
558173 6  3
558174 6  3
558175 6  3
558176 6  3
558177 6  3
558178 6  3
558179 6  3
558180 6  3
558181 6  3
558182 6  3
558183 6  3
558184 6  3
558185 6  3
558186 6  3
558187 6  3
558188 6  3
558189 6  3
558190 6  3
558191 6  3
558192 6  3
558193 6  3
558194 6  3
558195 6  3
558196 6  3
558197 6  3
558198 6  3
558199 6  3
558200 6  3
558201 6  3
558202 6  3
558203 6  3
558204 6  3
558205 6  3
558206 6  3
558207 6  3
558208 6  3
558209 6  3
558210 6  3
558211 6  3
558212 6  3
558213 6  3
558214 6  3
558215 6  3
558216 6  3
558217 6  3
558218 6  3
558219 6  3
558220 6  3
558221 6  3
558222 6  3
558223 6  3
558224 6  3
558225 6  3
558226 6  3
558227 6  3
558228 6  3
558229 6  3
558230 6  3
558231 6  3
558232 6  3
558233 6  3
558234 6  3
558235 6  3
558236 6  3
558237 6  3
558238 6  3
558239 6  3
558240 6  3
558241 6  3
558242 6  3
558243 6  3
558244 6  3
558245 6  3
558246 6  3
558247 6  3
558248 6  3
558249 6  3
558250 6  3
558251 6  3
558252 6  3
558253 6  3
558254 6  3
558255 6  3
558256 6  3
558257 6  3
558258 6  3
558259 6  3
558260 6  3
558261 6  3
558262 6  3
558263 6  3
558264 6  3
558265 6  3
558266 6  3
558267 6  3
558268 6  3
558269 6  3
558270 6  3
558271 6  3
558272 6  3
558273 6  3
558274 6  3
558275 6  3
558276 6  3
558277 6  3
558278 6  3
558279 6  3
558280 6  3
558281 6  3
558282 6  3
558283 6  3
558284 6  3
558285 6  3
558286 6  3
558287 6  3
558288 6  3
558289 6  3
558290 6  3
558291 6  3
558292 6  3
558293 6  3
558294 6  3
558295 6  3
558296 6  3
558297 6  3
558298 6  3
558299 6  3
558300 6  3
558301 6  3
558302 6  3
558303 6  3
558304 6  3
558305 6  3
558306 6  3
558307 6  3
558308 6  3
558309 6  3
558310 6  3
558311 6  3
558312 6  3
558313 6  3
558314 6  3
558315 6  3
558316 6  3
558317 6  3
558318 6  3
558319 6  3
558320 6  3
558321 6  3
558322 6  3
558323 6  3
558324 6  3
558325 6  3
558326 6  3
558327 6  3
558328 6  3
558329 6  3
558330 6  3
558331 6  3
558332 6  3
558333 6  3
558334 6  3
558335 6  3
558336 6  3
558337 6  3
558338 6  3
558339 6  3
558340 6  3
558341 6  3
558342 6  3
558343 6  3
558344 6  3
558345 6  3
558346 6  3
558347 6  3
558348 6  3
558349 6  3
558350 6  3
558351 6  3
558352 6  3
558353 6  3
558354 6  3
558355 6  3
558356 6  3
558357 6  3
558358 6  3
558359 6  3
558360 6  3
558361 6  3
558362 6  3
558363 6  3
558364 6  3
558365 6  3
558366 6  3
558367 6  3
558368 6  3
558369 6  3
558370 6  3
558371 6  3
558372 6  3
558373 6  3
558374 6  3
558375 6  3
558376 6  3
558377 6  3
558378 6  3
558379 6  3
558380 6  3
558381 6  3
558382 6  3
558383 6  3
558384 6  3
558385 6  3
558386 6  3
558387 6  3
558388 6  3
558389 6  3
558390 6  3
558391 6  3
558392 6  3
558393 6  3
558394 6  3
558395 6  3
558396 6  3
558397 6  3
558398 6  3
558399 6  3
558400 6  3
558401 6  3
558402 6  3
558403 6  3
558404 6  3
558405 6  3
558406 6  3
558407 6  3
558408 6  3
558409 6  3
558410 6  3
558411 6  3
558412 6  3
558413 6  3
558414 6  3
558415 6  3
558416 6  3
558417 6  3
558418 6  3
558419 6  3
558420 6  3
558421 6  3
558422 6  3
558423 6  3
558424 6  3
558425 6  3
558426 6  3
558427 6  3
558428 6  3
558429 6  3
558430 6  3
558431 6  3
558432 6  3
558433 6  3
558434 6  3
558435 6  3
558436 6  3
558437 6  3
558438 6  3
558439 6  3
558440 6  3
558441 6  3
558442 6  3
558443 6  3
558444 6  3
558445 6  3
558446 6  3
558447 6  3
558448 6  3
558449 6  3
558450 6  3
558451 6  3
558452 6  3
558453 6  3
558454 6  3
558455 6  3
558456 6  3
558457 6  3
558458 6  3
558459 6  3
558460 6  3
558461 6  3
558462 6  3
558463 6  3
558464 6  3
558465 6  3
558466 6  3
558467 6  3
558468 6  3
558469 6  3
558470 6  3
558471 6  3
558472 6  3
558473 6  3
558474 6  3
558475 6  3
558476 6  3
558477 6  3
558478 6  3
558479 6  3
558480 6  3
558481 6  3
558482 6  3
558483 6  3
558484 6  3
558485 6  3
558486 6  3
558487 6  3
558488 6  3
558489 6  3
558490 6  3
558491 6  3
558492 6  3
558493 6  3
558494 6  3
558495 6  3
558496 6  3
558497 6  3
558498 6  3
558499 6  3
558500 6  3
558501 6  3
558502 6  3
558503 6  3
558504 6  3
558505 6  3
558506 6  3
558507 6  3
558508 6  3
558509 6  3
558510 6  3
558511 6  3
558512 6  3
558513 6  3
558514 6  3
558515 6  3
558516 6  3
558517 6  3
558518 6  3
558519 6  3
558520 6  3
558521 6  3
558522 6  3
558523 6  3
558524 6  3
558525 6  3
558526 6  3
558527 6  3
558528 6  3
558529 6  3
558530 6  3
558531 6  3
558532 6  3
558533 6  3
558534 6  3
558535 6  3
558536 6  3
558537 6  3
558538 6  3
558539 6  3
558540 6  3
558541 6  3
558542 6  3
558543 6  3
558544 6  3
558545 6  3
558546 6  3
558547 6  3
558548 6  3
558549 6  3
558550 6  3
558551 6  3
558552 6  3
558553 6  3
558554 6  3
558555 6  3
558556 6  3
558557 6  3
558558 6  3
558559 6  3
558560 6  3
558561 6  3
558562 6  3
558563 6  3
558564 6  3
558565 6  3
558566 6  3
558567 6  3
558568 6  3
558569 6  3
558570 6  3
558571 6  3
558572 6  3
558573 6  3
558574 6  3
558575 6  3
558576 6  3
558577 6  3
558578 6  3
558579 6  3
558580 6  3
558581 6  3
558582 6  3
558583 6  3
558584 6  3
558585 6  3
558586 6  3
558587 6  3
558588 6  3
558589 6  3
558590 6  3
558591 6  3
558592 6  3
558593 6  3
558594 6  3
558595 6  3
558596 6  3
558597 6  3
558598 6  3
558599 6  3
558600 6  3
558601 6  3
558602 6  3
558603 6  3
558604 6  3
558605 6  3
558606 6  3
558607 6  3
558608 6  3
558609 6  3
558610 6  3
558611 6  3
558612 6  3
558613 6  3
558614 6  3
558615 6  3
558616 6  3
558617 6  3
558618 6  3
558619 6  3
558620 6  3
558621 6  3
558622 6  3
558623 6  3
558624 6  3
558625 6  3
558626 6  3
558627 6  3
558628 6  3
558629 6  3
558630 6  3
558631 6  3
558632 6  3
558633 6  3
558634 6  3
558635 6  3
558636 6  3
558637 6  3
558638 6  3
558639 6  3
558640 6  3
558641 6  3
558642 6  3
558643 6  3
558644 6  3
558645 6  3
558646 6  3
558647 6  3
558648 6  3
558649 6  3
558650 6  3
558651 6  3
558652 6  3
558653 6  3
558654 6  3
558655 6  3
558656 6  3
558657 6  3
558658 6  3
558659 6  3
558660 6  3
558661 6  3
558662 6  3
558663 6  3
558664 6  3
558665 6  3
558666 6  3
558667 6  3
558668 6  3
558669 6  3
558670 6  3
558671 6  3
558672 6  3
558673 6  3
558674 6  3
558675 6  3
558676 6  3
558677 6  3
558678 6  3
558679 6  3
558680 6  3
558681 6  3
558682 6  3
558683 6  3
558684 6  3
558685 6  3
558686 6  3
558687 6  3
558688 6  3
558689 6  3
558690 6  3
558691 6  3
558692 6  3
558693 6  3
558694 6  3
558695 6  3
558696 6  3
558697 6  3
558698 6  3
558699 6  3
558700 6  3
558701 6  3
558702 6  3
558703 6  3
558704 6  3
558705 6  3
558706 6  3
558707 6  3
558708 6  3
558709 6  3
558710 6  3
558711 6  3
558712 6  3
558713 6  3
558714 6  3
558715 6  3
558716 6  3
558717 6  3
558718 6  3
558719 6  3
558720 6  3
558721 6  3
558722 6  3
558723 6  3
558724 6  3
558725 6  3
558726 6  3
558727 6  3
558728 6  3
558729 6  3
558730 6  3
558731 6  3
558732 6  3
558733 6  3
558734 6  3
558735 6  3
558736 6  3
558737 6  3
558738 6  3
558739 6  3
558740 6  3
558741 6  3
558742 6  3
558743 6  3
558744 6  3
558745 6  3
558746 6  3
558747 6  3
558748 6  3
558749 6  3
558750 6  3
558751 6  3
558752 6  3
558753 6  3
558754 6  3
558755 6  3
558756 6  3
558757 6  3
558758 6  3
558759 6  3
558760 6  3
558761 6  3
558762 6  3
558763 6  3
558764 6  3
558765 6  3
558766 6  3
558767 6  3
558768 6  3
558769 6  3
558770 6  3
558771 6  3
558772 6  3
558773 6  3
558774 6  3
558775 6  3
558776 6  3
558777 6  3
558778 6  3
558779 6  3
558780 6  3
558781 6  3
558782 6  3
558783 6  3
558784 6  3
558785 6  3
558786 6  3
558787 6  3
558788 6  3
558789 6  3
558790 6  3
558791 6  3
558792 6  3
558793 6  3
558794 6  3
558795 6  3
558796 6  3
558797 6  3
558798 6  3
558799 6  3
558800 6  3
558801 6  3
558802 6  3
558803 6  3
558804 6  3
558805 6  3
558806 6  3
558807 6  3
558808 6  3
558809 6  3
558810 6  3
558811 6  3
558812 6  3
558813 6  3
558814 6  3
558815 6  3
558816 6  3
558817 6  3
558818 6  3
558819 6  3
558820 6  3
558821 6  3
558822 6  3
558823 6  3
558824 6  3
558825 6  3
558826 6  3
558827 6  3
558828 6  3
558829 6  3
558830 6  3
558831 6  3
558832 6  3
558833 6  3
558834 6  3
558835 6  3
558836 6  3
558837 6  3
558838 6  3
558839 6  3
558840 6  3
558841 6  3
558842 6  3
558843 6  3
558844 6  3
558845 6  3
558846 6  3
558847 6  3
558848 6  3
558849 6  3
558850 6  3
558851 6  3
558852 6  3
558853 6  3
558854 6  3
558855 6  3
558856 6  3
558857 6  3
558858 6  3
558859 6  3
558860 6  3
558861 6  3
558862 6  3
558863 6  3
558864 6  3
558865 6  3
558866 6  3
558867 6  3
558868 6  3
558869 6  3
558870 6  3
558871 6  3
558872 6  3
558873 6  3
558874 6  3
558875 6  3
558876 6  3
558877 6  3
558878 6  3
558879 6  3
558880 6  3
558881 6  3
558882 6  3
558883 6  3
558884 6  3
558885 6  3
558886 6  3
558887 6  3
558888 6  3
558889 6  3
558890 6  3
558891 6  3
558892 6  3
558893 6  3
558894 6  3
558895 6  3
558896 6  3
558897 6  3
558898 6  3
558899 6  3
558900 6  3
558901 6  3
558902 6  3
558903 6  3
558904 6  3
558905 6  3
558906 6  3
558907 6  3
558908 6  3
558909 6  3
558910 6  3
558911 6  3
558912 6  3
558913 6  3
558914 6  3
558915 6  3
558916 6  3
558917 6  3
558918 6  3
558919 6  3
558920 6  3
558921 6  3
558922 6  3
558923 6  3
558924 6  3
558925 6  3
558926 6  3
558927 6  3
558928 6  3
558929 6  3
558930 6  3
558931 6  3
558932 6  3
558933 6  3
558934 6  3
558935 6  3
558936 6  3
558937 6  3
558938 6  3
558939 6  3
558940 6  3
558941 6  3
558942 6  3
558943 6  3
558944 6  3
558945 6  3
558946 6  3
558947 6  3
558948 6  3
558949 6  3
558950 6  3
558951 6  3
558952 6  3
558953 6  3
558954 6  3
558955 6  3
558956 6  3
558957 6  3
558958 6  3
558959 6  3
558960 6  3
558961 6  3
558962 6  3
558963 6  3
558964 6  3
558965 6  3
558966 6  3
558967 6  3
558968 6  3
558969 6  3
558970 6  3
558971 6  3
558972 6  3
558973 6  3
558974 6  3
558975 6  3
558976 6  3
558977 6  3
558978 6  3
558979 6  3
558980 6  3
558981 6  3
558982 6  3
558983 6  3
558984 6  3
558985 6  3
558986 6  3
558987 6  3
558988 6  3
558989 6  3
558990 6  3
558991 6  3
558992 6  3
558993 6  3
558994 6  3
558995 6  3
558996 6  3
558997 6  3
558998 6  3
558999 6  3
559000 6  3
559001 6  3
559002 6  3
559003 6  3
559004 6  3
559005 6  3
559006 6  3
559007 6  3
559008 6  3
559009 6  3
559010 6  3
559011 6  3
559012 6  3
559013 6  3
559014 6  3
559015 6  3
559016 6  3
559017 6  3
559018 6  3
559019 6  3
559020 6  3
559021 6  3
559022 6  3
559023 6  3
559024 6  3
559025 6  3
559026 6  3
559027 6  3
559028 6  3
559029 6  3
559030 6  3
559031 6  3
559032 6  3
559033 6  3
559034 6  3
559035 6  3
559036 6  3
559037 6  3
559038 6  3
559039 6  3
559040 6  3
559041 6  3
559042 6  3
559043 6  3
559044 6  3
559045 6  3
559046 6  3
559047 6  3
559048 6  3
559049 6  3
559050 6  3
559051 6  3
559052 6  3
559053 6  3
559054 6  3
559055 6  3
559056 6  3
559057 6  3
559058 6  3
559059 6  3
559060 6  3
559061 6  3
559062 6  3
559063 6  3
559064 6  3
559065 6  3
559066 6  3
559067 6  3
559068 6  3
559069 6  3
559070 6  3
559071 6  3
559072 6  3
559073 6  3
559074 6  3
559075 6  3
559076 6  3
559077 6  3
559078 6  3
559079 6  3
559080 6  3
559081 6  3
559082 6  3
559083 6  3
559084 6  3
559085 6  3
559086 6  3
559087 6  3
559088 6  3
559089 6  3
559090 6  3
559091 6  3
559092 6  3
559093 6  3
559094 6  3
559095 6  3
559096 6  3
559097 6  3
559098 6  3
559099 6  3
559100 6  3
559101 6  3
559102 6  3
559103 6  3
559104 6  3
559105 6  3
559106 6  3
559107 6  3
559108 6  3
559109 6  3
559110 6  3
559111 6  3
559112 6  3
559113 6  3
559114 6  3
559115 6  3
559116 6  3
559117 6  3
559118 6  3
559119 6  3
559120 6  3
559121 6  3
559122 6  3
559123 6  3
559124 6  3
559125 6  3
559126 6  3
559127 6  3
559128 6  3
559129 6  3
559130 6  3
559131 6  3
559132 6  3
559133 6  3
559134 6  3
559135 6  3
559136 6  3
559137 6  3
559138 6  3
559139 6  3
559140 6  3
559141 6  3
559142 6  3
559143 6  3
559144 6  3
559145 6  3
559146 6  3
559147 6  3
559148 6  3
559149 6  3
559150 6  3
559151 6  3
559152 6  3
559153 6  3
559154 6  3
559155 6  3
559156 6  3
559157 6  3
559158 6  3
559159 6  3
559160 6  3
559161 6  3
559162 6  3
559163 6  3
559164 6  3
559165 6  3
559166 6  3
559167 6  3
559168 6  3
559169 6  3
559170 6  3
559171 6  3
559172 6  3
559173 6  3
559174 6  3
559175 6  3
559176 6  3
559177 6  3
559178 6  3
559179 6  3
559180 6  3
559181 6  3
559182 6  3
559183 6  3
559184 6  3
559185 6  3
559186 6  3
559187 6  3
559188 6  3
559189 6  3
559190 6  3
559191 6  3
559192 6  3
559193 6  3
559194 6  3
559195 6  3
559196 6  3
559197 6  3
559198 6  3
559199 6  3
559200 6  3
559201 6  3
559202 6  3
559203 6  3
559204 6  3
559205 6  3
559206 6  3
559207 6  3
559208 6  3
559209 6  3
559210 6  3
559211 6  3
559212 6  3
559213 6  3
559214 6  3
559215 6  3
559216 6  3
559217 6  3
559218 6  3
559219 6  3
559220 6  3
559221 6  3
559222 6  3
559223 6  3
559224 6  3
559225 6  3
559226 6  3
559227 6  3
559228 6  3
559229 6  3
559230 6  3
559231 6  3
559232 6  3
559233 6  3
559234 6  3
559235 6  3
559236 6  3
559237 6  3
559238 6  3
559239 6  3
559240 6  3
559241 6  3
559242 6  3
559243 6  3
559244 6  3
559245 6  3
559246 6  3
559247 6  3
559248 6  3
559249 6  3
559250 6  3
559251 6  3
559252 6  3
559253 6  3
559254 6  3
559255 6  3
559256 6  3
559257 6  3
559258 6  3
559259 6  3
559260 6  3
559261 6  3
559262 6  3
559263 6  3
559264 6  3
559265 6  3
559266 6  3
559267 6  3
559268 6  3
559269 6  3
559270 6  3
559271 6  3
559272 6  3
559273 6  3
559274 6  3
559275 6  3
559276 6  3
559277 6  3
559278 6  3
559279 6  3
559280 6  3
559281 6  3
559282 6  3
559283 6  3
559284 6  3
559285 6  3
559286 6  3
559287 6  3
559288 6  3
559289 6  3
559290 6  3
559291 6  3
559292 6  3
559293 6  3
559294 6  3
559295 6  3
559296 6  3
559297 6  3
559298 6  3
559299 6  3
559300 6  3
559301 6  3
559302 6  3
559303 6  3
559304 6  3
559305 6  3
559306 6  3
559307 6  3
559308 6  3
559309 6  3
559310 6  3
559311 6  3
559312 6  3
559313 6  3
559314 6  3
559315 6  3
559316 6  3
559317 6  3
559318 6  3
559319 6  3
559320 6  3
559321 6  3
559322 6  3
559323 6  3
559324 6  3
559325 6  3
559326 6  3
559327 6  3
559328 6  3
559329 6  3
559330 6  3
559331 6  3
559332 6  3
559333 6  3
559334 6  3
559335 6  3
559336 6  3
559337 6  3
559338 6  3
559339 6  3
559340 6  3
559341 6  3
559342 6  3
559343 6  3
559344 6  3
559345 6  3
559346 6  3
559347 6  3
559348 6  3
559349 6  3
559350 6  3
559351 6  3
559352 6  3
559353 6  3
559354 6  3
559355 6  3
559356 6  3
559357 6  3
559358 6  3
559359 6  3
559360 6  3
559361 6  3
559362 6  3
559363 6  3
559364 6  3
559365 6  3
559366 6  3
559367 6  3
559368 6  3
559369 6  3
559370 6  3
559371 6  3
559372 6  3
559373 6  3
559374 6  3
559375 6  3
559376 6  3
559377 6  3
559378 6  3
559379 6  3
559380 6  3
559381 6  3
559382 6  3
559383 6  3
559384 6  3
559385 6  3
559386 6  3
559387 6  3
559388 6  3
559389 6  3
559390 6  3
559391 6  3
559392 6  3
559393 6  3
559394 6  3
559395 6  3
559396 6  3
559397 6  3
559398 6  3
559399 6  3
559400 6  3
559401 6  3
559402 6  3
559403 6  3
559404 6  3
559405 6  3
559406 6  3
559407 6  3
559408 6  3
559409 6  3
559410 6  3
559411 6  3
559412 6  3
559413 6  3
559414 6  3
559415 6  3
559416 6  3
559417 6  3
559418 6  3
559419 6  3
559420 6  3
559421 6  3
559422 6  3
559423 6  3
559424 6  3
559425 6  3
559426 6  3
559427 6  3
559428 6  3
559429 6  3
559430 6  3
559431 6  3
559432 6  3
559433 6  3
559434 6  3
559435 6  3
559436 6  3
559437 6  3
559438 6  3
559439 6  3
559440 6  3
559441 6  3
559442 6  3
559443 6  3
559444 6  3
559445 6  3
559446 6  3
559447 6  3
559448 6  3
559449 6  3
559450 6  3
559451 6  3
559452 6  3
559453 6  3
559454 6  3
559455 6  3
559456 6  3
559457 6  3
559458 6  3
559459 6  3
559460 6  3
559461 6  3
559462 6  3
559463 6  3
559464 6  3
559465 6  3
559466 6  3
559467 6  3
559468 6  3
559469 6  3
559470 6  3
559471 6  3
559472 6  3
559473 6  3
559474 6  3
559475 6  3
559476 6  3
559477 6  3
559478 6  3
559479 6  3
559480 6  3
559481 6  3
559482 6  3
559483 6  3
559484 6  3
559485 6  3
559486 6  3
559487 6  3
559488 6  3
559489 6  3
559490 6  3
559491 6  3
559492 6  3
559493 6  3
559494 6  3
559495 6  3
559496 6  3
559497 6  3
559498 6  3
559499 6  3
559500 6  3
559501 6  3
559502 6  3
559503 6  3
559504 6  3
559505 6  3
559506 6  3
559507 6  3
559508 6  3
559509 6  3
559510 6  3
559511 6  3
559512 6  3
559513 6  3
559514 6  3
559515 6  3
559516 6  3
559517 6  3
559518 6  3
559519 6  3
559520 6  3
559521 6  3
559522 6  3
559523 6  3
559524 6  3
559525 6  3
559526 6  3
559527 6  3
559528 6  3
559529 6  3
559530 6  3
559531 6  3
559532 6  3
559533 6  3
559534 6  3
559535 6  3
559536 6  3
559537 6  3
559538 6  3
559539 6  3
559540 6  3
559541 6  3
559542 6  3
559543 6  3
559544 6  3
559545 6  3
559546 6  3
559547 6  3
559548 6  3
559549 6  3
559550 6  3
559551 6  3
559552 6  3
559553 6  3
559554 6  3
559555 6  3
559556 6  3
559557 6  3
559558 6  3
559559 6  3
559560 6  3
559561 6  3
559562 6  3
559563 6  3
559564 6  3
559565 6  3
559566 6  3
559567 6  3
559568 6  3
559569 6  3
559570 6  3
559571 6  3
559572 6  3
559573 6  3
559574 6  3
559575 6  3
559576 6  3
559577 6  3
559578 6  3
559579 6  3
559580 6  3
559581 6  3
559582 6  3
559583 6  3
559584 6  3
559585 6  3
559586 6  3
559587 6  3
559588 6  3
559589 6  3
559590 6  3
559591 6  3
559592 6  3
559593 6  3
559594 6  3
559595 6  3
559596 6  3
559597 6  3
559598 6  3
559599 6  3
559600 6  3
559601 6  3
559602 6  3
559603 6  3
559604 6  3
559605 6  3
559606 6  3
559607 6  3
559608 6  3
559609 6  3
559610 6  3
559611 6  3
559612 6  3
559613 6  3
559614 6  3
559615 6  3
559616 6  3
559617 6  3
559618 6  3
559619 6  3
559620 6  3
559621 6  3
559622 6  3
559623 6  3
559624 6  3
559625 6  3
559626 6  3
559627 6  3
559628 6  3
559629 6  3
559630 6  3
559631 6  3
559632 6  3
559633 6  3
559634 6  3
559635 6  3
559636 6  3
559637 6  3
559638 6  3
559639 6  3
559640 6  3
559641 6  3
559642 6  3
559643 6  3
559644 6  3
559645 6  3
559646 6  3
559647 6  3
559648 6  3
559649 6  3
559650 6  3
559651 6  3
559652 6  3
559653 6  3
559654 6  3
559655 6  3
559656 6  3
559657 6  3
559658 6  3
559659 6  3
559660 6  3
559661 6  3
559662 6  3
559663 6  3
559664 6  3
559665 6  3
559666 6  3
559667 6  3
559668 6  3
559669 6  3
559670 6  3
559671 6  3
559672 6  3
559673 6  3
559674 6  3
559675 6  3
559676 6  3
559677 6  3
559678 6  3
559679 6  3
559680 6  3
559681 6  3
559682 6  3
559683 6  3
559684 6  3
559685 6  3
559686 6  3
559687 6  3
559688 6  3
559689 6  3
559690 6  3
559691 6  3
559692 6  3
559693 6  3
559694 6  3
559695 6  3
559696 6  3
559697 6  3
559698 6  3
559699 6  3
559700 6  3
559701 6  3
559702 6  3
559703 6  3
559704 6  3
559705 6  3
559706 6  3
559707 6  3
559708 6  3
559709 6  3
559710 6  3
559711 6  3
559712 6  3
559713 6  3
559714 6  3
559715 6  3
559716 6  3
559717 6  3
559718 6  3
559719 6  3
559720 6  3
559721 6  3
559722 6  3
559723 6  3
559724 6  3
559725 6  3
559726 6  3
559727 6  3
559728 6  3
559729 6  3
559730 6  3
559731 6  3
559732 6  3
559733 6  3
559734 6  3
559735 6  3
559736 6  3
559737 6  3
559738 6  3
559739 6  3
559740 6  3
559741 6  3
559742 6  3
559743 6  3
559744 6  3
559745 6  3
559746 6  3
559747 6  3
559748 6  3
559749 6  3
559750 6  3
559751 6  3
559752 6  3
559753 6  3
559754 6  3
559755 6  3
559756 6  3
559757 6  3
559758 6  3
559759 6  3
559760 6  3
559761 6  3
559762 6  3
559763 6  3
559764 6  3
559765 6  3
559766 6  3
559767 6  3
559768 6  3
559769 6  3
559770 6  3
559771 6  3
559772 6  3
559773 6  3
559774 6  3
559775 6  3
559776 6  3
559777 6  3
559778 6  3
559779 6  3
559780 6  3
559781 6  3
559782 6  3
559783 6  3
559784 6  3
559785 6  3
559786 6  3
559787 6  3
559788 6  3
559789 6  3
559790 6  3
559791 6  3
559792 6  3
559793 6  3
559794 6  3
559795 6  3
559796 6  3
559797 6  3
559798 6  3
559799 6  3
559800 6  3
559801 6  3
559802 6  3
559803 6  3
559804 6  3
559805 6  3
559806 6  3
559807 6  3
559808 6  3
559809 6  3
559810 6  3
559811 6  3
559812 6  3
559813 6  3
559814 6  3
559815 6  3
559816 6  3
559817 6  3
559818 6  3
559819 6  3
559820 6  3
559821 6  3
559822 6  3
559823 6  3
559824 6  3
559825 6  3
559826 6  3
559827 6  3
559828 6  3
559829 6  3
559830 6  3
559831 6  3
559832 6  3
559833 6  3
559834 6  3
559835 6  3
559836 6  3
559837 6  3
559838 6  3
559839 6  3
559840 6  3
559841 6  3
559842 6  3
559843 6  3
559844 6  3
559845 6  3
559846 6  3
559847 6  3
559848 6  3
559849 6  3
559850 6  3
559851 6  3
559852 6  3
559853 6  3
559854 6  3
559855 6  3
559856 6  3
559857 6  3
559858 6  3
559859 6  3
559860 6  3
559861 6  3
559862 6  3
559863 6  3
559864 6  3
559865 6  3
559866 6  3
559867 6  3
559868 6  3
559869 6  3
559870 6  3
559871 6  3
559872 6  3
559873 6  3
559874 6  3
559875 6  3
559876 6  3
559877 6  3
559878 6  3
559879 6  3
559880 6  3
559881 6  3
559882 6  3
559883 6  3
559884 6  3
559885 6  3
559886 6  3
559887 6  3
559888 6  3
559889 6  3
559890 6  3
559891 6  3
559892 6  3
559893 6  3
559894 6  3
559895 6  3
559896 6  3
559897 6  3
559898 6  3
559899 6  3
559900 6  3
559901 6  3
559902 6  3
559903 6  3
559904 6  3
559905 6  3
559906 6  3
559907 6  3
559908 6  3
559909 6  3
559910 6  3
559911 6  3
559912 6  3
559913 6  3
559914 6  3
559915 6  3
559916 6  3
559917 6  3
559918 6  3
559919 6  3
559920 6  3
559921 6  3
559922 6  3
559923 6  3
559924 6  3
559925 6  3
559926 6  3
559927 6  3
559928 6  3
559929 6  3
559930 6  3
559931 6  3
559932 6  3
559933 6  3
559934 6  3
559935 6  3
559936 6  3
559937 6  3
559938 6  3
559939 6  3
559940 6  3
559941 6  3
559942 6  3
559943 6  3
559944 6  3
559945 6  3
559946 6  3
559947 6  3
559948 6  3
559949 6  3
559950 6  3
559951 6  3
559952 6  3
559953 6  3
559954 6  3
559955 6  3
559956 6  3
559957 6  3
559958 6  3
559959 6  3
559960 6  3
559961 6  3
559962 6  3
559963 6  3
559964 6  3
559965 6  3
559966 6  3
559967 6  3
559968 6  3
559969 6  3
559970 6  3
559971 6  3
559972 6  3
559973 6  3
559974 6  3
559975 6  3
559976 6  3
559977 6  3
559978 6  3
559979 6  3
559980 6  3
559981 6  3
559982 6  3
559983 6  3
559984 6  3
559985 6  3
559986 6  3
559987 6  3
559988 6  3
559989 6  3
559990 6  3
559991 6  3
559992 6  3
559993 6  3
559994 6  3
559995 6  3
559996 6  3
559997 6  3
559998 6  3
559999 6  3
560000 6  3
560001 6  3
560002 6  3
560003 6  3
560004 6  3
560005 6  3
560006 6  3
560007 6  3
560008 6  3
560009 6  3
560010 6  3
560011 6  3
560012 6  3
560013 6  3
560014 6  3
560015 6  3
560016 6  3
560017 6  3
560018 6  3
560019 6  3
560020 6  3
560021 6  3
560022 6  3
560023 6  3
560024 6  3
560025 6  3
560026 6  3
560027 6  3
560028 6  3
560029 6  3
560030 6  3
560031 6  3
560032 6  3
560033 6  3
560034 6  3
560035 6  3
560036 6  3
560037 6  3
560038 6  3
560039 6  3
560040 6  3
560041 6  3
560042 6  3
560043 6  3
560044 6  3
560045 6  3
560046 6  3
560047 6  3
560048 6  3
560049 6  3
560050 6  3
560051 6  3
560052 6  3
560053 6  3
560054 6  3
560055 6  3
560056 6  3
560057 6  3
560058 6  3
560059 6  3
560060 6  3
560061 6  3
560062 6  3
560063 6  3
560064 6  3
560065 6  3
560066 6  3
560067 6  3
560068 6  3
560069 6  3
560070 6  3
560071 6  3
560072 6  3
560073 6  3
560074 6  3
560075 6  3
560076 6  3
560077 6  3
560078 6  3
560079 6  3
560080 6  3
560081 6  3
560082 6  3
560083 6  3
560084 6  3
560085 6  3
560086 6  3
560087 6  3
560088 6  3
560089 6  3
560090 6  3
560091 6  3
560092 6  3
560093 6  3
560094 6  3
560095 6  3
560096 6  3
560097 6  3
560098 6  3
560099 6  3
560100 6  3
560101 6  3
560102 6  3
560103 6  3
560104 6  3
560105 6  3
560106 6  3
560107 6  3
560108 6  3
560109 6  3
560110 6  3
560111 6  3
560112 6  3
560113 6  3
560114 6  3
560115 6  3
560116 6  3
560117 6  3
560118 6  3
560119 6  3
560120 6  3
560121 6  3
560122 6  3
560123 6  3
560124 6  3
560125 6  3
560126 6  3
560127 6  3
560128 6  3
560129 6  3
560130 6  3
560131 6  3
560132 6  3
560133 6  3
560134 6  3
560135 6  3
560136 6  3
560137 6  3
560138 6  3
560139 6  3
560140 6  3
560141 6  3
560142 6  3
560143 6  3
560144 6  3
560145 6  3
560146 6  3
560147 6  3
560148 6  3
560149 6  3
560150 6  3
560151 6  3
560152 6  3
560153 6  3
560154 6  3
560155 6  3
560156 6  3
560157 6  3
560158 6  3
560159 6  3
560160 6  3
560161 6  3
560162 6  3
560163 6  3
560164 6  3
560165 6  3
560166 6  3
560167 6  3
560168 6  3
560169 6  3
560170 6  3
560171 6  3
560172 6  3
560173 6  3
560174 6  3
560175 6  3
560176 6  3
560177 6  3
560178 6  3
560179 6  3
560180 6  3
560181 6  3
560182 6  3
560183 6  3
560184 6  3
560185 6  3
560186 6  3
560187 6  3
560188 6  3
560189 6  3
560190 6  3
560191 6  3
560192 6  3
560193 6  3
560194 6  3
560195 6  3
560196 6  3
560197 6  3
560198 6  3
560199 6  3
560200 6  3
560201 6  3
560202 6  3
560203 6  3
560204 6  3
560205 6  3
560206 6  3
560207 6  3
560208 6  3
560209 6  3
560210 6  3
560211 6  3
560212 6  3
560213 6  3
560214 6  3
560215 6  3
560216 6  3
560217 6  3
560218 6  3
560219 6  3
560220 6  3
560221 6  3
560222 6  3
560223 6  3
560224 6  3
560225 6  3
560226 6  3
560227 6  3
560228 6  3
560229 6  3
560230 6  3
560231 6  3
560232 6  3
560233 6  3
560234 6  3
560235 6  3
560236 6  3
560237 6  3
560238 6  3
560239 6  3
560240 6  3
560241 6  3
560242 6  3
560243 6  3
560244 6  3
560245 6  3
560246 6  3
560247 6  3
560248 6  3
560249 6  3
560250 6  3
560251 6  3
560252 6  3
560253 6  3
560254 6  3
560255 6  3
560256 6  3
560257 6  3
560258 6  3
560259 6  3
560260 6  3
560261 6  3
560262 6  3
560263 6  3
560264 6  3
560265 6  3
560266 6  3
560267 6  3
560268 6  3
560269 6  3
560270 6  3
560271 6  3
560272 6  3
560273 6  3
560274 6  3
560275 6  3
560276 6  3
560277 6  3
560278 6  3
560279 6  3
560280 6  3
560281 6  3
560282 6  3
560283 6  3
560284 6  3
560285 6  3
560286 6  3
560287 6  3
560288 6  3
560289 6  3
560290 6  3
560291 6  3
560292 6  3
560293 6  3
560294 6  3
560295 6  3
560296 6  3
560297 6  3
560298 6  3
560299 6  3
560300 6  3
560301 6  3
560302 6  3
560303 6  3
560304 6  3
560305 6  3
560306 6  3
560307 6  3
560308 6  3
560309 6  3
560310 6  3
560311 6  3
560312 6  3
560313 6  3
560314 6  3
560315 6  3
560316 6  3
560317 6  3
560318 6  3
560319 6  3
560320 6  3
560321 6  3
560322 6  3
560323 6  3
560324 6  3
560325 6  3
560326 6  3
560327 6  3
560328 6  3
560329 6  3
560330 6  3
560331 6  3
560332 6  3
560333 6  3
560334 6  3
560335 6  3
560336 6  3
560337 6  3
560338 6  3
560339 6  3
560340 6  3
560341 6  3
560342 6  3
560343 6  3
560344 6  3
560345 6  3
560346 6  3
560347 6  3
560348 6  3
560349 6  3
560350 6  3
560351 6  3
560352 6  3
560353 6  3
560354 6  3
560355 6  3
560356 6  3
560357 6  3
560358 6  3
560359 6  3
560360 6  3
560361 6  3
560362 6  3
560363 6  3
560364 6  3
560365 6  3
560366 6  3
560367 6  3
560368 6  3
560369 6  3
560370 6  3
560371 6  3
560372 6  3
560373 6  3
560374 6  3
560375 6  3
560376 6  3
560377 6  3
560378 6  3
560379 6  3
560380 6  3
560381 6  3
560382 6  3
560383 6  3
560384 6  3
560385 6  3
560386 6  3
560387 6  3
560388 6  3
560389 6  3
560390 6  3
560391 6  3
560392 6  3
560393 6  3
560394 6  3
560395 6  3
560396 6  3
560397 6  3
560398 6  3
560399 6  3
560400 6  3
560401 6  3
560402 6  3
560403 6  3
560404 6  3
560405 6  3
560406 6  3
560407 6  3
560408 6  3
560409 6  3
560410 6  3
560411 6  3
560412 6  3
560413 6  3
560414 6  3
560415 6  3
560416 6  3
560417 6  3
560418 6  3
560419 6  3
560420 6  3
560421 6  3
560422 6  3
560423 6  3
560424 6  3
560425 6  3
560426 6  3
560427 6  3
560428 6  3
560429 6  3
560430 6  3
560431 6  3
560432 6  3
560433 6  3
560434 6  3
560435 6  3
560436 6  3
560437 6  3
560438 6  3
560439 6  3
560440 6  3
560441 6  3
560442 6  3
560443 6  3
560444 6  3
560445 6  3
560446 6  3
560447 6  3
560448 6  3
560449 6  3
560450 6  3
560451 6  3
560452 6  3
560453 6  3
560454 6  3
560455 6  3
560456 6  3
560457 6  3
560458 6  3
560459 6  3
560460 6  3
560461 6  3
560462 6  3
560463 6  3
560464 6  3
560465 6  3
560466 6  3
560467 6  3
560468 6  3
560469 6  3
560470 6  3
560471 6  3
560472 6  3
560473 6  3
560474 6  3
560475 6  3
560476 6  3
560477 6  3
560478 6  3
560479 6  3
560480 6  3
560481 6  3
560482 6  3
560483 6  3
560484 6  3
560485 6  3
560486 6  3
560487 6  3
560488 6  3
560489 6  3
560490 6  3
560491 6  3
560492 6  3
560493 6  3
560494 6  3
560495 6  3
560496 6  3
560497 6  3
560498 6  3
560499 6  3
560500 6  3
560501 6  3
560502 6  3
560503 6  3
560504 6  3
560505 6  3
560506 6  3
560507 6  3
560508 6  3
560509 6  3
560510 6  3
560511 6  3
560512 6  3
560513 6  3
560514 6  3
560515 6  3
560516 6  3
560517 6  3
560518 6  3
560519 6  3
560520 6  3
560521 6  3
560522 6  3
560523 6  3
560524 6  3
560525 6  3
560526 6  3
560527 6  3
560528 6  3
560529 6  3
560530 6  3
560531 6  3
560532 6  3
560533 6  3
560534 6  3
560535 6  3
560536 6  3
560537 6  3
560538 6  3
560539 6  3
560540 6  3
560541 6  3
560542 6  3
560543 6  3
560544 6  3
560545 6  3
560546 6  3
560547 6  3
560548 6  3
560549 6  3
560550 6  3
560551 6  3
560552 6  3
560553 6  3
560554 6  3
560555 6  3
560556 6  3
560557 6  3
560558 6  3
560559 6  3
560560 6  3
560561 6  3
560562 6  3
560563 6  3
560564 6  3
560565 6  3
560566 6  3
560567 6  3
560568 6  3
560569 6  3
560570 6  3
560571 6  3
560572 6  3
560573 6  3
560574 6  3
560575 6  3
560576 6  3
560577 6  3
560578 6  3
560579 6  3
560580 6  3
560581 6  3
560582 6  3
560583 6  3
560584 6  3
560585 6  3
560586 6  3
560587 6  3
560588 6  3
560589 6  3
560590 6  3
560591 6  3
560592 6  3
560593 6  3
560594 6  3
560595 6  3
560596 6  3
560597 6  3
560598 6  3
560599 6  3
560600 6  3
560601 6  3
560602 6  3
560603 6  3
560604 6  3
560605 6  3
560606 6  3
560607 6  3
560608 6  3
560609 6  3
560610 6  3
560611 6  3
560612 6  3
560613 6  3
560614 6  3
560615 6  3
560616 6  3
560617 6  3
560618 6  3
560619 6  3
560620 6  3
560621 6  3
560622 6  3
560623 6  3
560624 6  3
560625 6  3
560626 6  3
560627 6  3
560628 6  3
560629 6  3
560630 6  3
560631 6  3
560632 6  3
560633 6  3
560634 6  3
560635 6  3
560636 6  3
560637 6  3
560638 6  3
560639 6  3
560640 6  3
560641 6  3
560642 6  3
560643 6  3
560644 6  3
560645 6  3
560646 6  3
560647 6  3
560648 6  3
560649 6  3
560650 6  3
560651 6  3
560652 6  3
560653 6  3
560654 6  3
560655 6  3
560656 6  3
560657 6  3
560658 6  3
560659 6  3
560660 6  3
560661 6  3
560662 6  3
560663 6  3
560664 6  3
560665 6  3
560666 6  3
560667 6  3
560668 6  3
560669 6  3
560670 6  3
560671 6  3
560672 6  3
560673 6  3
560674 6  3
560675 6  3
560676 6  3
560677 6  3
560678 6  3
560679 6  3
560680 6  3
560681 6  3
560682 6  3
560683 6  3
560684 6  3
560685 6  3
560686 6  3
560687 6  3
560688 6  3
560689 6  3
560690 6  3
560691 6  3
560692 6  3
560693 6  3
560694 6  3
560695 6  3
560696 6  3
560697 6  3
560698 6  3
560699 6  3
560700 6  3
560701 6  3
560702 6  3
560703 6  3
560704 6  3
560705 6  3
560706 6  3
560707 6  3
560708 6  3
560709 6  3
560710 6  3
560711 6  3
560712 6  3
560713 6  3
560714 6  3
560715 6  3
560716 6  3
560717 6  3
560718 6  3
560719 6  3
560720 6  3
560721 6  3
560722 6  3
560723 6  3
560724 6  3
560725 6  3
560726 6  3
560727 6  3
560728 6  3
560729 6  3
560730 6  3
560731 6  3
560732 6  3
560733 6  3
560734 6  3
560735 6  3
560736 6  3
560737 6  3
560738 6  3
560739 6  3
560740 6  3
560741 6  3
560742 6  3
560743 6  3
560744 6  3
560745 6  3
560746 6  3
560747 6  3
560748 6  3
560749 6  3
560750 6  3
560751 6  3
560752 6  3
560753 6  3
560754 6  3
560755 6  3
560756 6  3
560757 6  3
560758 6  3
560759 6  3
560760 6  3
560761 6  3
560762 6  3
560763 6  3
560764 6  3
560765 6  3
560766 6  3
560767 6  3
560768 6  3
560769 6  3
560770 6  3
560771 6  3
560772 6  3
560773 6  3
560774 6  3
560775 6  3
560776 6  3
560777 6  3
560778 6  3
560779 6  3
560780 6  3
560781 6  3
560782 6  3
560783 6  3
560784 6  3
560785 6  3
560786 6  3
560787 6  3
560788 6  3
560789 6  3
560790 6  3
560791 6  3
560792 6  3
560793 6  3
560794 6  3
560795 6  3
560796 6  3
560797 6  3
560798 6  3
560799 6  3
560800 6  3
560801 6  3
560802 6  3
560803 6  3
560804 6  3
560805 6  3
560806 6  3
560807 6  3
560808 6  3
560809 6  3
560810 6  3
560811 6  3
560812 6  3
560813 6  3
560814 6  3
560815 6  3
560816 6  3
560817 6  3
560818 6  3
560819 6  3
560820 6  3
560821 6  3
560822 6  3
560823 6  3
560824 6  3
560825 6  3
560826 6  3
560827 6  3
560828 6  3
560829 6  3
560830 6  3
560831 6  3
560832 6  3
560833 6  3
560834 6  3
560835 6  3
560836 6  3
560837 6  3
560838 6  3
560839 6  3
560840 6  3
560841 6  3
560842 6  3
560843 6  3
560844 6  3
560845 6  3
560846 6  3
560847 6  3
560848 6  3
560849 6  3
560850 6  3
560851 6  3
560852 6  3
560853 6  3
560854 6  3
560855 6  3
560856 6  3
560857 6  3
560858 6  3
560859 6  3
560860 6  3
560861 6  3
560862 6  3
560863 6  3
560864 6  3
560865 6  3
560866 6  3
560867 6  3
560868 6  3
560869 6  3
560870 6  3
560871 6  3
560872 6  3
560873 6  3
560874 6  3
560875 6  3
560876 6  3
560877 6  3
560878 6  3
560879 6  3
560880 6  3
560881 6  3
560882 6  3
560883 6  3
560884 6  3
560885 6  3
560886 6  3
560887 6  3
560888 6  3
560889 6  3
560890 6  3
560891 6  3
560892 6  3
560893 6  3
560894 6  3
560895 6  3
560896 6  3
560897 6  3
560898 6  3
560899 6  3
560900 6  3
560901 6  3
560902 6  3
560903 6  3
560904 6  3
560905 6  3
560906 6  3
560907 6  3
560908 6  3
560909 6  3
560910 6  3
560911 6  3
560912 6  3
560913 6  3
560914 6  3
560915 6  3
560916 6  3
560917 6  3
560918 6  3
560919 6  3
560920 6  3
560921 6  3
560922 6  3
560923 6  3
560924 6  3
560925 6  3
560926 6  3
560927 6  3
560928 6  3
560929 6  3
560930 6  3
560931 6  3
560932 6  3
560933 6  3
560934 6  3
560935 6  3
560936 6  3
560937 6  3
560938 6  3
560939 6  3
560940 6  3
560941 6  3
560942 6  3
560943 6  3
560944 6  3
560945 6  3
560946 6  3
560947 6  3
560948 6  3
560949 6  3
560950 6  3
560951 6  3
560952 6  3
560953 6  3
560954 6  3
560955 6  3
560956 6  3
560957 6  3
560958 6  3
560959 6  3
560960 6  3
560961 6  3
560962 6  3
560963 6  3
560964 6  3
560965 6  3
560966 6  3
560967 6  3
560968 6  3
560969 6  3
560970 6  3
560971 6  3
560972 6  3
560973 6  3
560974 6  3
560975 6  3
560976 6  3
560977 6  3
560978 6  3
560979 6  3
560980 6  3
560981 6  3
560982 6  3
560983 6  3
560984 6  3
560985 6  3
560986 6  3
560987 6  3
560988 6  3
560989 6  3
560990 6  3
560991 6  3
560992 6  3
560993 6  3
560994 6  3
560995 6  3
560996 6  3
560997 6  3
560998 6  3
560999 6  3
561000 6  3
561001 6  3
561002 6  3
561003 6  3
561004 6  3
561005 6  3
561006 6  3
561007 6  3
561008 6  3
561009 6  3
561010 6  3
561011 6  3
561012 6  3
561013 6  3
561014 6  3
561015 6  3
561016 6  3
561017 6  3
561018 6  3
561019 6  3
561020 6  3
561021 6  3
561022 6  3
561023 6  3
561024 6  3
561025 6  3
561026 6  3
561027 6  3
561028 6  3
561029 6  3
561030 6  3
561031 6  3
561032 6  3
561033 6  3
561034 6  3
561035 6  3
561036 6  3
561037 6  3
561038 6  3
561039 6  3
561040 6  3
561041 6  3
561042 6  3
561043 6  3
561044 6  3
561045 6  3
561046 6  3
561047 6  3
561048 6  3
561049 6  3
561050 6  3
561051 6  3
561052 6  3
561053 6  3
561054 6  3
561055 6  3
561056 6  3
561057 6  3
561058 6  3
561059 6  3
561060 6  3
561061 6  3
561062 6  3
561063 6  3
561064 6  3
561065 6  3
561066 6  3
561067 6  3
561068 6  3
561069 6  3
561070 6  3
561071 6  3
561072 6  3
561073 6  3
561074 6  3
561075 6  3
561076 6  3
561077 6  3
561078 6  3
561079 6  3
561080 6  3
561081 6  3
561082 6  3
561083 6  3
561084 6  3
561085 6  3
561086 6  3
561087 6  3
561088 6  3
561089 6  3
561090 6  3
561091 6  3
561092 6  3
561093 6  3
561094 6  3
561095 6  3
561096 6  3
561097 6  3
561098 6  3
561099 6  3
561100 6  3
561101 6  3
561102 6  3
561103 6  3
561104 6  3
561105 6  3
561106 6  3
561107 6  3
561108 6  3
561109 6  3
561110 6  3
561111 6  3
561112 6  3
561113 6  3
561114 6  3
561115 6  3
561116 6  3
561117 6  3
561118 6  3
561119 6  3
561120 6  3
561121 6  3
561122 6  3
561123 6  3
561124 6  3
561125 6  3
561126 6  3
561127 6  3
561128 6  3
561129 6  3
561130 6  3
561131 6  3
561132 6  3
561133 6  3
561134 6  3
561135 6  3
561136 6  3
561137 6  3
561138 6  3
561139 6  3
561140 6  3
561141 6  3
561142 6  3
561143 6  3
561144 6  3
561145 6  3
561146 6  3
561147 6  3
561148 6  3
561149 6  3
561150 6  3
561151 6  3
561152 6  3
561153 6  3
561154 6  3
561155 6  3
561156 6  3
561157 6  3
561158 6  3
561159 6  3
561160 6  3
561161 6  3
561162 6  3
561163 6  3
561164 6  3
561165 6  3
561166 6  3
561167 6  3
561168 6  3
561169 6  3
561170 6  3
561171 6  3
561172 6  3
561173 6  3
561174 6  3
561175 6  3
561176 6  3
561177 6  3
561178 6  3
561179 6  3
561180 6  3
561181 6  3
561182 6  3
561183 6  3
561184 6  3
561185 6  3
561186 6  3
561187 6  3
561188 6  3
561189 6  3
561190 6  3
561191 6  3
561192 6  3
561193 6  3
561194 6  3
561195 6  3
561196 6  3
561197 6  3
561198 6  3
561199 6  3
561200 6  3
561201 6  3
561202 6  3
561203 6  3
561204 6  3
561205 6  3
561206 6  3
561207 6  3
561208 6  3
561209 6  3
561210 6  3
561211 6  3
561212 6  3
561213 6  3
561214 6  3
561215 6  3
561216 6  3
561217 6  3
561218 6  3
561219 6  3
561220 6  3
561221 6  3
561222 6  3
561223 6  3
561224 6  3
561225 6  3
561226 6  3
561227 6  3
561228 6  3
561229 6  3
561230 6  3
561231 6  3
561232 6  3
561233 6  3
561234 6  3
561235 6  3
561236 6  3
561237 6  3
561238 6  3
561239 6  3
561240 6  3
561241 6  3
561242 6  3
561243 6  3
561244 6  3
561245 6  3
561246 6  3
561247 6  3
561248 6  3
561249 6  3
561250 6  3
561251 6  3
561252 6  3
561253 6  3
561254 6  3
561255 6  3
561256 6  3
561257 6  3
561258 6  3
561259 6  3
561260 6  3
561261 6  3
561262 6  3
561263 6  3
561264 6  3
561265 6  3
561266 6  3
561267 6  3
561268 6  3
561269 6  3
561270 6  3
561271 6  3
561272 6  3
561273 6  3
561274 6  3
561275 6  3
561276 6  3
561277 6  3
561278 6  3
561279 6  3
561280 6  3
561281 6  3
561282 6  3
561283 6  3
561284 6  3
561285 6  3
561286 6  3
561287 6  3
561288 6  3
561289 6  3
561290 6  3
561291 6  3
561292 6  3
561293 6  3
561294 6  3
561295 6  3
561296 6  3
561297 6  3
561298 6  3
561299 6  3
561300 6  3
561301 6  3
561302 6  3
561303 6  3
561304 6  3
561305 6  3
561306 6  3
561307 6  3
561308 6  3
561309 6  3
561310 6  3
561311 6  3
561312 6  3
561313 6  3
561314 6  3
561315 6  3
561316 6  3
561317 6  3
561318 6  3
561319 6  3
561320 6  3
561321 6  3
561322 6  3
561323 6  3
561324 6  3
561325 6  3
561326 6  3
561327 6  3
561328 6  3
561329 6  3
561330 6  3
561331 6  3
561332 6  3
561333 6  3
561334 6  3
561335 6  3
561336 6  3
561337 6  3
561338 6  3
561339 6  3
561340 6  3
561341 6  3
561342 6  3
561343 6  3
561344 6  3
561345 6  3
561346 6  3
561347 6  3
561348 6  3
561349 6  3
561350 6  3
561351 6  3
561352 6  3
561353 6  3
561354 6  3
561355 6  3
561356 6  3
561357 6  3
561358 6  3
561359 6  3
561360 6  3
561361 6  3
561362 6  3
561363 6  3
561364 6  3
561365 6  3
561366 6  3
561367 6  3
561368 6  3
561369 6  3
561370 6  3
561371 6  3
561372 6  3
561373 6  3
561374 6  3
561375 6  3
561376 6  3
561377 6  3
561378 6  3
561379 6  3
561380 6  3
561381 6  3
561382 6  3
561383 6  3
561384 6  3
561385 6  3
561386 6  3
561387 6  3
561388 6  3
561389 6  3
561390 6  3
561391 6  3
561392 6  3
561393 6  3
561394 6  3
561395 6  3
561396 6  3
561397 6  3
561398 6  3
561399 6  3
561400 6  3
561401 6  3
561402 6  3
561403 6  3
561404 6  3
561405 6  3
561406 6  3
561407 6  3
561408 6  3
561409 6  3
561410 6  3
561411 6  3
561412 6  3
561413 6  3
561414 6  3
561415 6  3
561416 6  3
561417 6  3
561418 6  3
561419 6  3
561420 6  3
561421 6  3
561422 6  3
561423 6  3
561424 6  3
561425 6  3
561426 6  3
561427 6  3
561428 6  3
561429 6  3
561430 6  3
561431 6  3
561432 6  3
561433 6  3
561434 6  3
561435 6  3
561436 6  3
561437 6  3
561438 6  3
561439 6  3
561440 6  3
561441 6  3
561442 6  3
561443 6  3
561444 6  3
561445 6  3
561446 6  3
561447 6  3
561448 6  3
561449 6  3
561450 6  3
561451 6  3
561452 6  3
561453 6  3
561454 6  3
561455 6  3
561456 6  3
561457 6  3
561458 6  3
561459 6  3
561460 6  3
561461 6  3
561462 6  3
561463 6  3
561464 6  3
561465 6  3
561466 6  3
561467 6  3
561468 6  3
561469 6  3
561470 6  3
561471 6  3
561472 6  3
561473 6  3
561474 6  3
561475 6  3
561476 6  3
561477 6  3
561478 6  3
561479 6  3
561480 6  3
561481 6  3
561482 6  3
561483 6  3
561484 6  3
561485 6  3
561486 6  3
561487 6  3
561488 6  3
561489 6  3
561490 6  3
561491 6  3
561492 6  3
561493 6  3
561494 6  3
561495 6  3
561496 6  3
561497 6  3
561498 6  3
561499 6  3
561500 6  3
561501 6  3
561502 6  3
561503 6  3
561504 6  3
561505 6  3
561506 6  3
561507 6  3
561508 6  3
561509 6  3
561510 6  3
561511 6  3
561512 6  3
561513 6  3
561514 6  3
561515 6  3
561516 6  3
561517 6  3
561518 6  3
561519 6  3
561520 6  3
561521 6  3
561522 6  3
561523 6  3
561524 6  3
561525 6  3
561526 6  3
561527 6  3
561528 6  3
561529 6  3
561530 6  3
561531 6  3
561532 6  3
561533 6  3
561534 6  3
561535 6  3
561536 6  3
561537 6  3
561538 6  3
561539 6  3
561540 6  3
561541 6  3
561542 6  3
561543 6  3
561544 6  3
561545 6  3
561546 6  3
561547 6  3
561548 6  3
561549 6  3
561550 6  3
561551 6  3
561552 6  3
561553 6  3
561554 6  3
561555 6  3
561556 6  3
561557 6  3
561558 6  3
561559 6  3
561560 6  3
561561 6  3
561562 6  3
561563 6  3
561564 6  3
561565 6  3
561566 6  3
561567 6  3
561568 6  3
561569 6  3
561570 6  3
561571 6  3
561572 6  3
561573 6  3
561574 6  3
561575 6  3
561576 6  3
561577 6  3
561578 6  3
561579 6  3
561580 6  3
561581 6  3
561582 6  3
561583 6  3
561584 6  3
561585 6  3
561586 6  3
561587 6  3
561588 6  3
561589 6  3
561590 6  3
561591 6  3
561592 6  3
561593 6  3
561594 6  3
561595 6  3
561596 6  3
561597 6  3
561598 6  3
561599 6  3
561600 6  3
561601 6  3
561602 6  3
561603 6  3
561604 6  3
561605 6  3
561606 6  3
561607 6  3
561608 6  3
561609 6  3
561610 6  3
561611 6  3
561612 6  3
561613 6  3
561614 6  3
561615 6  3
561616 6  3
561617 6  3
561618 6  3
561619 6  3
561620 6  3
561621 6  3
561622 6  3
561623 6  3
561624 6  3
561625 6  3
561626 6  3
561627 6  3
561628 6  3
561629 6  3
561630 6  3
561631 6  3
561632 6  3
561633 6  3
561634 6  3
561635 6  3
561636 6  3
561637 6  3
561638 6  3
561639 6  3
561640 6  3
561641 6  3
561642 6  3
561643 6  3
561644 6  3
561645 6  3
561646 6  3
561647 6  3
561648 6  3
561649 6  3
561650 6  3
561651 6  3
561652 6  3
561653 6  3
561654 6  3
561655 6  3
561656 6  3
561657 6  3
561658 6  3
561659 6  3
561660 6  3
561661 6  3
561662 6  3
561663 6  3
561664 6  3
561665 6  3
561666 6  3
561667 6  3
561668 6  3
561669 6  3
561670 6  3
561671 6  3
561672 6  3
561673 6  3
561674 6  3
561675 6  3
561676 6  3
561677 6  3
561678 6  3
561679 6  3
561680 6  3
561681 6  3
561682 6  3
561683 6  3
561684 6  3
561685 6  3
561686 6  3
561687 6  3
561688 6  3
561689 6  3
561690 6  3
561691 6  3
561692 6  3
561693 6  3
561694 6  3
561695 6  3
561696 6  3
561697 6  3
561698 6  3
561699 6  3
561700 6  3
561701 6  3
561702 6  3
561703 6  3
561704 6  3
561705 6  3
561706 6  3
561707 6  3
561708 6  3
561709 6  3
561710 6  3
561711 6  3
561712 6  3
561713 6  3
561714 6  3
561715 6  3
561716 6  3
561717 6  3
561718 6  3
561719 6  3
561720 6  3
561721 6  3
561722 6  3
561723 6  3
561724 6  3
561725 6  3
561726 6  3
561727 6  3
561728 6  3
561729 6  3
561730 6  3
561731 6  3
561732 6  3
561733 6  3
561734 6  3
561735 6  3
561736 6  3
561737 6  3
561738 6  3
561739 6  3
561740 6  3
561741 6  3
561742 6  3
561743 6  3
561744 6  3
561745 6  3
561746 6  3
561747 6  3
561748 6  3
561749 6  3
561750 6  3
561751 6  3
561752 6  3
561753 6  3
561754 6  3
561755 6  3
561756 6  3
561757 6  3
561758 6  3
561759 6  3
561760 6  3
561761 6  3
561762 6  3
561763 6  3
561764 6  3
561765 6  3
561766 6  3
561767 6  3
561768 6  3
561769 6  3
561770 6  3
561771 6  3
561772 6  3
561773 6  3
561774 6  3
561775 6  3
561776 6  3
561777 6  3
561778 6  3
561779 6  3
561780 6  3
561781 6  3
561782 6  3
561783 6  3
561784 6  3
561785 6  3
561786 6  3
561787 6  3
561788 6  3
561789 6  3
561790 6  3
561791 6  3
561792 6  3
561793 6  3
561794 6  3
561795 6  3
561796 6  3
561797 6  3
561798 6  3
561799 6  3
561800 6  3
561801 6  3
561802 6  3
561803 6  3
561804 6  3
561805 6  3
561806 6  3
561807 6  3
561808 6  3
561809 6  3
561810 6  3
561811 6  3
561812 6  3
561813 6  3
561814 6  3
561815 6  3
561816 6  3
561817 6  3
561818 6  3
561819 6  3
561820 6  3
561821 6  3
561822 6  3
561823 6  3
561824 6  3
561825 6  3
561826 6  3
561827 6  3
561828 6  3
561829 6  3
561830 6  3
561831 6  3
561832 6  3
561833 6  3
561834 6  3
561835 6  3
561836 6  3
561837 6  3
561838 6  3
561839 6  3
561840 6  3
561841 6  3
561842 6  3
561843 6  3
561844 6  3
561845 6  3
561846 6  3
561847 6  3
561848 6  3
561849 6  3
561850 6  3
561851 6  3
561852 6  3
561853 6  3
561854 6  3
561855 6  3
561856 6  3
561857 6  3
561858 6  3
561859 6  3
561860 6  3
561861 6  3
561862 6  3
561863 6  3
561864 6  3
561865 6  3
561866 6  3
561867 6  3
561868 6  3
561869 6  3
561870 6  3
561871 6  3
561872 6  3
561873 6  3
561874 6  3
561875 6  3
561876 6  3
561877 6  3
561878 6  3
561879 6  3
561880 6  3
561881 6  3
561882 6  3
561883 6  3
561884 6  3
561885 6  3
561886 6  3
561887 6  3
561888 6  3
561889 6  3
561890 6  3
561891 6  3
561892 6  3
561893 6  3
561894 6  3
561895 6  3
561896 6  3
561897 6  3
561898 6  3
561899 6  3
561900 6  3
561901 6  3
561902 6  3
561903 6  3
561904 6  3
561905 6  3
561906 6  3
561907 6  3
561908 6  3
561909 6  3
561910 6  3
561911 6  3
561912 6  3
561913 6  3
561914 6  3
561915 6  3
561916 6  3
561917 6  3
561918 6  3
561919 6  3
561920 6  3
561921 6  3
561922 6  3
561923 6  3
561924 6  3
561925 6  3
561926 6  3
561927 6  3
561928 6  3
561929 6  3
561930 6  3
561931 6  3
561932 6  3
561933 6  3
561934 6  3
561935 6  3
561936 6  3
561937 6  3
561938 6  3
561939 6  3
561940 6  3
561941 6  3
561942 6  3
561943 6  3
561944 6  3
561945 6  3
561946 6  3
561947 6  3
561948 6  3
561949 6  3
561950 6  3
561951 6  3
561952 6  3
561953 6  3
561954 6  3
561955 6  3
561956 6  3
561957 6  3
561958 6  3
561959 6  3
561960 6  3
561961 6  3
561962 6  3
561963 6  3
561964 6  3
561965 6  3
561966 6  3
561967 6  3
561968 6  3
561969 6  3
561970 6  3
561971 6  3
561972 6  3
561973 6  3
561974 6  3
561975 6  3
561976 6  3
561977 6  3
561978 6  3
561979 6  3
561980 6  3
561981 6  3
561982 6  3
561983 6  3
561984 6  3
561985 6  3
561986 6  3
561987 6  3
561988 6  3
561989 6  3
561990 6  3
561991 6  3
561992 6  3
561993 6  3
561994 6  3
561995 6  3
561996 6  3
561997 6  3
561998 6  3
561999 6  3
562000 6  3
562001 6  3
562002 6  3
562003 6  3
562004 6  3
562005 6  3
562006 6  3
562007 6  3
562008 6  3
562009 6  3
562010 6  3
562011 6  3
562012 6  3
562013 6  3
562014 6  3
562015 6  3
562016 6  3
562017 6  3
562018 6  3
562019 6  3
562020 6  3
562021 6  3
562022 6  3
562023 6  3
562024 6  3
562025 6  3
562026 6  3
562027 6  3
562028 6  3
562029 6  3
562030 6  3
562031 6  3
562032 6  3
562033 6  3
562034 6  3
562035 6  3
562036 6  3
562037 6  3
562038 6  3
562039 6  3
562040 6  3
562041 6  3
562042 6  3
562043 6  3
562044 6  3
562045 6  3
562046 6  3
562047 6  3
562048 6  3
562049 6  3
562050 6  3
562051 6  3
562052 6  3
562053 6  3
562054 6  3
562055 6  3
562056 6  3
562057 6  3
562058 6  3
562059 6  3
562060 6  3
562061 6  3
562062 6  3
562063 6  3
562064 6  3
562065 6  3
562066 6  3
562067 6  3
562068 6  3
562069 6  3
562070 6  3
562071 6  3
562072 6  3
562073 6  3
562074 6  3
562075 6  3
562076 6  3
562077 6  3
562078 6  3
562079 6  3
562080 6  3
562081 6  3
562082 6  3
562083 6  3
562084 6  3
562085 6  3
562086 6  3
562087 6  3
562088 6  3
562089 6  3
562090 6  3
562091 6  3
562092 6  3
562093 6  3
562094 6  3
562095 6  3
562096 6  3
562097 6  3
562098 6  3
562099 6  3
562100 6  3
562101 6  3
562102 6  3
562103 6  3
562104 6  3
562105 6  3
562106 6  3
562107 6  3
562108 6  3
562109 6  3
562110 6  3
562111 6  3
562112 6  3
562113 6  3
562114 6  3
562115 6  3
562116 6  3
562117 6  3
562118 6  3
562119 6  3
562120 6  3
562121 6  3
562122 6  3
562123 6  3
562124 6  3
562125 6  3
562126 6  3
562127 6  3
562128 6  3
562129 6  3
562130 6  3
562131 6  3
562132 6  3
562133 6  3
562134 6  3
562135 6  3
562136 6  3
562137 6  3
562138 6  3
562139 6  3
562140 6  3
562141 6  3
562142 6  3
562143 6  3
562144 6  3
562145 6  3
562146 6  3
562147 6  3
562148 6  3
562149 6  3
562150 6  3
562151 6  3
562152 6  3
562153 6  3
562154 6  3
562155 6  3
562156 6  3
562157 6  3
562158 6  3
562159 6  3
562160 6  3
562161 6  3
562162 6  3
562163 6  3
562164 6  3
562165 6  3
562166 6  3
562167 6  3
562168 6  3
562169 6  3
562170 6  3
562171 6  3
562172 6  3
562173 6  3
562174 6  3
562175 6  3
562176 6  3
562177 6  3
562178 6  3
562179 6  3
562180 6  3
562181 6  3
562182 6  3
562183 6  3
562184 6  3
562185 6  3
562186 6  3
562187 6  3
562188 6  3
562189 6  3
562190 6  3
562191 6  3
562192 6  3
562193 6  3
562194 6  3
562195 6  3
562196 6  3
562197 6  3
562198 6  3
562199 6  3
562200 6  3
562201 6  3
562202 6  3
562203 6  3
562204 6  3
562205 6  3
562206 6  3
562207 6  3
562208 6  3
562209 6  3
562210 6  3
562211 6  3
562212 6  3
562213 6  3
562214 6  3
562215 6  3
562216 6  3
562217 6  3
562218 6  3
562219 6  3
562220 6  3
562221 6  3
562222 6  3
562223 6  3
562224 6  3
562225 6  3
562226 6  3
562227 6  3
562228 6  3
562229 6  3
562230 6  3
562231 6  3
562232 6  3
562233 6  3
562234 6  3
562235 6  3
562236 6  3
562237 6  3
562238 6  3
562239 6  3
562240 6  3
562241 6  3
562242 6  3
562243 6  3
562244 6  3
562245 6  3
562246 6  3
562247 6  3
562248 6  3
562249 6  3
562250 6  3
562251 6  3
562252 6  3
562253 6  3
562254 6  3
562255 6  3
562256 6  3
562257 6  3
562258 6  3
562259 6  3
562260 6  3
562261 6  3
562262 6  3
562263 6  3
562264 6  3
562265 6  3
562266 6  3
562267 6  3
562268 6  3
562269 6  3
562270 6  3
562271 6  3
562272 6  3
562273 6  3
562274 6  3
562275 6  3
562276 6  3
562277 6  3
562278 6  3
562279 6  3
562280 6  3
562281 6  3
562282 6  3
562283 6  3
562284 6  3
562285 6  3
562286 6  3
562287 6  3
562288 6  3
562289 6  3
562290 6  3
562291 6  3
562292 6  3
562293 6  3
562294 6  3
562295 6  3
562296 6  3
562297 6  3
562298 6  3
562299 6  3
562300 6  3
562301 6  3
562302 6  3
562303 6  3
562304 6  3
562305 6  3
562306 6  3
562307 6  3
562308 6  3
562309 6  3
562310 6  3
562311 6  3
562312 6  3
562313 6  3
562314 6  3
562315 6  3
562316 6  3
562317 6  3
562318 6  3
562319 6  3
562320 6  3
562321 6  3
562322 6  3
562323 6  3
562324 6  3
562325 6  3
562326 6  3
562327 6  3
562328 6  3
562329 6  3
562330 6  3
562331 6  3
562332 6  3
562333 6  3
562334 6  3
562335 6  3
562336 6  3
562337 6  3
562338 6  3
562339 6  3
562340 6  3
562341 6  3
562342 6  3
562343 6  3
562344 6  3
562345 6  3
562346 6  3
562347 6  3
562348 6  3
562349 6  3
562350 6  3
562351 6  3
562352 6  3
562353 6  3
562354 6  3
562355 6  3
562356 6  3
562357 6  3
562358 6  3
562359 6  3
562360 6  3
562361 6  3
562362 6  3
562363 6  3
562364 6  3
562365 6  3
562366 6  3
562367 6  3
562368 6  3
562369 6  3
562370 6  3
562371 6  3
562372 6  3
562373 6  3
562374 6  3
562375 6  3
562376 6  3
562377 6  3
562378 6  3
562379 6  3
562380 6  3
562381 6  3
562382 6  3
562383 6  3
562384 6  3
562385 6  3
562386 6  3
562387 6  3
562388 6  3
562389 6  3
562390 6  3
562391 6  3
562392 6  3
562393 6  3
562394 6  3
562395 6  3
562396 6  3
562397 6  3
562398 6  3
562399 6  3
562400 6  3
562401 6  3
562402 6  3
562403 6  3
562404 6  3
562405 6  3
562406 6  3
562407 6  3
562408 6  3
562409 6  3
562410 6  3
562411 6  3
562412 6  3
562413 6  3
562414 6  3
562415 6  3
562416 6  3
562417 6  3
562418 6  3
562419 6  3
562420 6  3
562421 6  3
562422 6  3
562423 6  3
562424 6  3
562425 6  3
562426 6  3
562427 6  3
562428 6  3
562429 6  3
562430 6  3
562431 6  3
562432 6  3
562433 6  3
562434 6  3
562435 6  3
562436 6  3
562437 6  3
562438 6  3
562439 6  3
562440 6  3
562441 6  3
562442 6  3
562443 6  3
562444 6  3
562445 6  3
562446 6  3
562447 6  3
562448 6  3
562449 6  3
562450 6  3
562451 6  3
562452 6  3
562453 6  3
562454 6  3
562455 6  3
562456 6  3
562457 6  3
562458 6  3
562459 6  3
562460 6  3
562461 6  3
562462 6  3
562463 6  3
562464 6  3
562465 6  3
562466 6  3
562467 6  3
562468 6  3
562469 6  3
562470 6  3
562471 6  3
562472 6  3
562473 6  3
562474 6  3
562475 6  3
562476 6  3
562477 6  3
562478 6  3
562479 6  3
562480 6  3
562481 6  3
562482 6  3
562483 6  3
562484 6  3
562485 6  3
562486 6  3
562487 6  3
562488 6  3
562489 6  3
562490 6  3
562491 6  3
562492 6  3
562493 6  3
562494 6  3
562495 6  3
562496 6  3
562497 6  3
562498 6  3
562499 6  3
562500 6  3
562501 6  3
562502 6  3
562503 6  3
562504 6  3
562505 6  3
562506 6  3
562507 6  3
562508 6  3
562509 6  3
562510 6  3
562511 6  3
562512 6  3
562513 6  3
562514 6  3
562515 6  3
562516 6  3
562517 6  3
562518 6  3
562519 6  3
562520 6  3
562521 6  3
562522 6  3
562523 6  3
562524 6  3
562525 6  3
562526 6  3
562527 6  3
562528 6  3
562529 6  3
562530 6  3
562531 6  3
562532 6  3
562533 6  3
562534 6  3
562535 6  3
562536 6  3
562537 6  3
562538 6  3
562539 6  3
562540 6  3
562541 6  3
562542 6  3
562543 6  3
562544 6  3
562545 6  3
562546 6  3
562547 6  3
562548 6  3
562549 6  3
562550 6  3
562551 6  3
562552 6  3
562553 6  3
562554 6  3
562555 6  3
562556 6  3
562557 6  3
562558 6  3
562559 6  3
562560 6  3
562561 6  3
562562 6  3
562563 6  3
562564 6  3
562565 6  3
562566 6  3
562567 6  3
562568 6  3
562569 6  3
562570 6  3
562571 6  3
562572 6  3
562573 6  3
562574 6  3
562575 6  3
562576 6  3
562577 6  3
562578 6  3
562579 6  3
562580 6  3
562581 6  3
562582 6  3
562583 6  3
562584 6  3
562585 6  3
562586 6  3
562587 6  3
562588 6  3
562589 6  3
562590 6  3
562591 6  3
562592 6  3
562593 6  3
562594 6  3
562595 6  3
562596 6  3
562597 6  3
562598 6  3
562599 6  3
562600 6  3
562601 6  3
562602 6  3
562603 6  3
562604 6  3
562605 6  3
562606 6  3
562607 6  3
562608 6  3
562609 6  3
562610 6  3
562611 6  3
562612 6  3
562613 6  3
562614 6  3
562615 6  3
562616 6  3
562617 6  3
562618 6  3
562619 6  3
562620 6  3
562621 6  3
562622 6  3
562623 6  3
562624 6  3
562625 6  3
562626 6  3
562627 6  3
562628 6  3
562629 6  3
562630 6  3
562631 6  3
562632 6  3
562633 6  3
562634 6  3
562635 6  3
562636 6  3
562637 6  3
562638 6  3
562639 6  3
562640 6  3
562641 6  3
562642 6  3
562643 6  3
562644 6  3
562645 6  3
562646 6  3
562647 6  3
562648 6  3
562649 6  3
562650 6  3
562651 6  3
562652 6  3
562653 6  3
562654 6  3
562655 6  3
562656 6  3
562657 6  3
562658 6  3
562659 6  3
562660 6  3
562661 6  3
562662 6  3
562663 6  3
562664 6  3
562665 6  3
562666 6  3
562667 6  3
562668 6  3
562669 6  3
562670 6  3
562671 6  3
562672 6  3
562673 6  3
562674 6  3
562675 6  3
562676 6  3
562677 6  3
562678 6  3
562679 6  3
562680 6  3
562681 6  3
562682 6  3
562683 6  3
562684 6  3
562685 6  3
562686 6  3
562687 6  3
562688 6  3
562689 6  3
562690 6  3
562691 6  3
562692 6  3
562693 6  3
562694 6  3
562695 6  3
562696 6  3
562697 6  3
562698 6  3
562699 6  3
562700 6  3
562701 6  3
562702 6  3
562703 6  3
562704 6  3
562705 6  3
562706 6  3
562707 6  3
562708 6  3
562709 6  3
562710 6  3
562711 6  3
562712 6  3
562713 6  3
562714 6  3
562715 6  3
562716 6  3
562717 6  3
562718 6  3
562719 6  3
562720 6  3
562721 6  3
562722 6  3
562723 6  3
562724 6  3
562725 6  3
562726 6  3
562727 6  3
562728 6  3
562729 6  3
562730 6  3
562731 6  3
562732 6  3
562733 6  3
562734 6  3
562735 6  3
562736 6  3
562737 6  3
562738 6  3
562739 6  3
562740 6  3
562741 6  3
562742 6  3
562743 6  3
562744 6  3
562745 6  3
562746 6  3
562747 6  3
562748 6  3
562749 6  3
562750 6  3
562751 6  3
562752 6  3
562753 6  3
562754 6  3
562755 6  3
562756 6  3
562757 6  3
562758 6  3
562759 6  3
562760 6  3
562761 6  3
562762 6  3
562763 6  3
562764 6  3
562765 6  3
562766 6  3
562767 6  3
562768 6  3
562769 6  3
562770 6  3
562771 6  3
562772 6  3
562773 6  3
562774 6  3
562775 6  3
562776 6  3
562777 6  3
562778 6  3
562779 6  3
562780 6  3
562781 6  3
562782 6  3
562783 6  3
562784 6  3
562785 6  3
562786 6  3
562787 6  3
562788 6  3
562789 6  3
562790 6  3
562791 6  3
562792 6  3
562793 6  3
562794 6  3
562795 6  3
562796 6  3
562797 6  3
562798 6  3
562799 6  3
562800 6  3
562801 6  3
562802 6  3
562803 6  3
562804 6  3
562805 6  3
562806 6  3
562807 6  3
562808 6  3
562809 6  3
562810 6  3
562811 6  3
562812 6  3
562813 6  3
562814 6  3
562815 6  3
562816 6  3
562817 6  3
562818 6  3
562819 6  3
562820 6  3
562821 6  3
562822 6  3
562823 6  3
562824 6  3
562825 6  3
562826 6  3
562827 6  3
562828 6  3
562829 6  3
562830 6  3
562831 6  3
562832 6  3
562833 6  3
562834 6  3
562835 6  3
562836 6  3
562837 6  3
562838 6  3
562839 6  3
562840 6  3
562841 6  3
562842 6  3
562843 6  3
562844 6  3
562845 6  3
562846 6  3
562847 6  3
562848 6  3
562849 6  3
562850 6  3
562851 6  3
562852 6  3
562853 6  3
562854 6  3
562855 6  3
562856 6  3
562857 6  3
562858 6  3
562859 6  3
562860 6  3
562861 6  3
562862 6  3
562863 6  3
562864 6  3
562865 6  3
562866 6  3
562867 6  3
562868 6  3
562869 6  3
562870 6  3
562871 6  3
562872 6  3
562873 6  3
562874 6  3
562875 6  3
562876 6  3
562877 6  3
562878 6  3
562879 6  3
562880 6  3
562881 6  3
562882 6  3
562883 6  3
562884 6  3
562885 6  3
562886 6  3
562887 6  3
562888 6  3
562889 6  3
562890 6  3
562891 6  3
562892 6  3
562893 6  3
562894 6  3
562895 6  3
562896 6  3
562897 6  3
562898 6  3
562899 6  3
562900 6  3
562901 6  3
562902 6  3
562903 6  3
562904 6  3
562905 6  3
562906 6  3
562907 6  3
562908 6  3
562909 6  3
562910 6  3
562911 6  3
562912 6  3
562913 6  3
562914 6  3
562915 6  3
562916 6  3
562917 6  3
562918 6  3
562919 6  3
562920 6  3
562921 6  3
562922 6  3
562923 6  3
562924 6  3
562925 6  3
562926 6  3
562927 6  3
562928 6  3
562929 6  3
562930 6  3
562931 6  3
562932 6  3
562933 6  3
562934 6  3
562935 6  3
562936 6  3
562937 6  3
562938 6  3
562939 6  3
562940 6  3
562941 6  3
562942 6  3
562943 6  3
562944 6  3
562945 6  3
562946 6  3
562947 6  3
562948 6  3
562949 6  3
562950 6  3
562951 6  3
562952 6  3
562953 6  3
562954 6  3
562955 6  3
562956 6  3
562957 6  3
562958 6  3
562959 6  3
562960 6  3
562961 6  3
562962 6  3
562963 6  3
562964 6  3
562965 6  3
562966 6  3
562967 6  3
562968 6  3
562969 6  3
562970 6  3
562971 6  3
562972 6  3
562973 6  3
562974 6  3
562975 6  3
562976 6  3
562977 6  3
562978 6  3
562979 6  3
562980 6  3
562981 6  3
562982 6  3
562983 6  3
562984 6  3
562985 6  3
562986 6  3
562987 6  3
562988 6  3
562989 6  3
562990 6  3
562991 6  3
562992 6  3
562993 6  3
562994 6  3
562995 6  3
562996 6  3
562997 6  3
562998 6  3
562999 6  3
563000 6  3
563001 6  3
563002 6  3
563003 6  3
563004 6  3
563005 6  3
563006 6  3
563007 6  3
563008 6  3
563009 6  3
563010 6  3
563011 6  3
563012 6  3
563013 6  3
563014 6  3
563015 6  3
563016 6  3
563017 6  3
563018 6  3
563019 6  3
563020 6  3
563021 6  3
563022 6  3
563023 6  3
563024 6  3
563025 6  3
563026 6  3
563027 6  3
563028 6  3
563029 6  3
563030 6  3
563031 6  3
563032 6  3
563033 6  3
563034 6  3
563035 6  3
563036 6  3
563037 6  3
563038 6  3
563039 6  3
563040 6  3
563041 6  3
563042 6  3
563043 6  3
563044 6  3
563045 6  3
563046 6  3
563047 6  3
563048 6  3
563049 6  3
563050 6  3
563051 6  3
563052 6  3
563053 6  3
563054 6  3
563055 6  3
563056 6  3
563057 6  3
563058 6  3
563059 6  3
563060 6  3
563061 6  3
563062 6  3
563063 6  3
563064 6  3
563065 6  3
563066 6  3
563067 6  3
563068 6  3
563069 6  3
563070 6  3
563071 6  3
563072 6  3
563073 6  3
563074 6  3
563075 6  3
563076 6  3
563077 6  3
563078 6  3
563079 6  3
563080 6  3
563081 6  3
563082 6  3
563083 6  3
563084 6  3
563085 6  3
563086 6  3
563087 6  3
563088 6  3
563089 6  3
563090 6  3
563091 6  3
563092 6  3
563093 6  3
563094 6  3
563095 6  3
563096 6  3
563097 6  3
563098 6  3
563099 6  3
563100 6  3
563101 6  3
563102 6  3
563103 6  3
563104 6  3
563105 6  3
563106 6  3
563107 6  3
563108 6  3
563109 6  3
563110 6  3
563111 6  3
563112 6  3
563113 6  3
563114 6  3
563115 6  3
563116 6  3
563117 6  3
563118 6  3
563119 6  3
563120 6  3
563121 6  3
563122 6  3
563123 6  3
563124 6  3
563125 6  3
563126 6  3
563127 6  3
563128 6  3
563129 6  3
563130 6  3
563131 6  3
563132 6  3
563133 6  3
563134 6  3
563135 6  3
563136 6  3
563137 6  3
563138 6  3
563139 6  3
563140 6  3
563141 6  3
563142 6  3
563143 6  3
563144 6  3
563145 6  3
563146 6  3
563147 6  3
563148 6  3
563149 6  3
563150 6  3
563151 6  3
563152 6  3
563153 6  3
563154 6  3
563155 6  3
563156 6  3
563157 6  3
563158 6  3
563159 6  3
563160 6  3
563161 6  3
563162 6  3
563163 6  3
563164 6  3
563165 6  3
563166 6  3
563167 6  3
563168 6  3
563169 6  3
563170 6  3
563171 6  3
563172 6  3
563173 6  3
563174 6  3
563175 6  3
563176 6  3
563177 6  3
563178 6  3
563179 6  3
563180 6  3
563181 6  3
563182 6  3
563183 6  3
563184 6  3
563185 6  3
563186 6  3
563187 6  3
563188 6  3
563189 6  3
563190 6  3
563191 6  3
563192 6  3
563193 6  3
563194 6  3
563195 6  3
563196 6  3
563197 6  3
563198 6  3
563199 6  3
563200 6  3
563201 6  3
563202 6  3
563203 6  3
563204 6  3
563205 6  3
563206 6  3
563207 6  3
563208 6  3
563209 6  3
563210 6  3
563211 6  3
563212 6  3
563213 6  3
563214 6  3
563215 6  3
563216 6  3
563217 6  3
563218 6  3
563219 6  3
563220 6  3
563221 6  3
563222 6  3
563223 6  3
563224 6  3
563225 6  3
563226 6  3
563227 6  3
563228 6  3
563229 6  3
563230 6  3
563231 6  3
563232 6  3
563233 6  3
563234 6  3
563235 6  3
563236 6  3
563237 6  3
563238 6  3
563239 6  3
563240 6  3
563241 6  3
563242 6  3
563243 6  3
563244 6  3
563245 6  3
563246 6  3
563247 6  3
563248 6  3
563249 6  3
563250 6  3
563251 6  3
563252 6  3
563253 6  3
563254 6  3
563255 6  3
563256 6  3
563257 6  3
563258 6  3
563259 6  3
563260 6  3
563261 6  3
563262 6  3
563263 6  3
563264 6  3
563265 6  3
563266 6  3
563267 6  3
563268 6  3
563269 6  3
563270 6  3
563271 6  3
563272 6  3
563273 6  3
563274 6  3
563275 6  3
563276 6  3
563277 6  3
563278 6  3
563279 6  3
563280 6  3
563281 6  3
563282 6  3
563283 6  3
563284 6  3
563285 6  3
563286 6  3
563287 6  3
563288 6  3
563289 6  3
563290 6  3
563291 6  3
563292 6  3
563293 6  3
563294 6  3
563295 6  3
563296 6  3
563297 6  3
563298 6  3
563299 6  3
563300 6  3
563301 6  3
563302 6  3
563303 6  3
563304 6  3
563305 6  3
563306 6  3
563307 6  3
563308 6  3
563309 6  3
563310 6  3
563311 6  3
563312 6  3
563313 6  3
563314 6  3
563315 6  3
563316 6  3
563317 6  3
563318 6  3
563319 6  3
563320 6  3
563321 6  3
563322 6  3
563323 6  3
563324 6  3
563325 6  3
563326 6  3
563327 6  3
563328 6  3
563329 6  3
563330 6  3
563331 6  3
563332 6  3
563333 6  3
563334 6  3
563335 6  3
563336 6  3
563337 6  3
563338 6  3
563339 6  3
563340 6  3
563341 6  3
563342 6  3
563343 6  3
563344 6  3
563345 6  3
563346 6  3
563347 6  3
563348 6  3
563349 6  3
563350 6  3
563351 6  3
563352 6  3
563353 6  3
563354 6  3
563355 6  3
563356 6  3
563357 6  3
563358 6  3
563359 6  3
563360 6  3
563361 6  3
563362 6  3
563363 6  3
563364 6  3
563365 6  3
563366 6  3
563367 6  3
563368 6  3
563369 6  3
563370 6  3
563371 6  3
563372 6  3
563373 6  3
563374 6  3
563375 6  3
563376 6  3
563377 6  3
563378 6  3
563379 6  3
563380 6  3
563381 6  3
563382 6  3
563383 6  3
563384 6  3
563385 6  3
563386 6  3
563387 6  3
563388 6  3
563389 6  3
563390 6  3
563391 6  3
563392 6  3
563393 6  3
563394 6  3
563395 6  3
563396 6  3
563397 6  3
563398 6  3
563399 6  3
563400 6  3
563401 6  3
563402 6  3
563403 6  3
563404 6  3
563405 6  3
563406 6  3
563407 6  3
563408 6  3
563409 6  3
563410 6  3
563411 6  3
563412 6  3
563413 6  3
563414 6  3
563415 6  3
563416 6  3
563417 6  3
563418 6  3
563419 6  3
563420 6  3
563421 6  3
563422 6  3
563423 6  3
563424 6  3
563425 6  3
563426 6  3
563427 6  3
563428 6  3
563429 6  3
563430 6  3
563431 6  3
563432 6  3
563433 6  3
563434 6  3
563435 6  3
563436 6  3
563437 6  3
563438 6  3
563439 6  3
563440 6  3
563441 6  3
563442 6  3
563443 6  3
563444 6  3
563445 6  3
563446 6  3
563447 6  3
563448 6  3
563449 6  3
563450 6  3
563451 6  3
563452 6  3
563453 6  3
563454 6  3
563455 6  3
563456 6  3
563457 6  3
563458 6  3
563459 6  3
563460 6  3
563461 6  3
563462 6  3
563463 6  3
563464 6  3
563465 6  3
563466 6  3
563467 6  3
563468 6  3
563469 6  3
563470 6  3
563471 6  3
563472 6  3
563473 6  3
563474 6  3
563475 6  3
563476 6  3
563477 6  3
563478 6  3
563479 6  3
563480 6  3
563481 6  3
563482 6  3
563483 6  3
563484 6  3
563485 6  3
563486 6  3
563487 6  3
563488 6  3
563489 6  3
563490 6  3
563491 6  3
563492 6  3
563493 6  3
563494 6  3
563495 6  3
563496 6  3
563497 6  3
563498 6  3
563499 6  3
563500 6  3
563501 6  3
563502 6  3
563503 6  3
563504 6  3
563505 6  3
563506 6  3
563507 6  3
563508 6  3
563509 6  3
563510 6  3
563511 6  3
563512 6  3
563513 6  3
563514 6  3
563515 6  3
563516 6  3
563517 6  3
563518 6  3
563519 6  3
563520 6  3
563521 6  3
563522 6  3
563523 6  3
563524 6  3
563525 6  3
563526 6  3
563527 6  3
563528 6  3
563529 6  3
563530 6  3
563531 6  3
563532 6  3
563533 6  3
563534 6  3
563535 6  3
563536 6  3
563537 6  3
563538 6  3
563539 6  3
563540 6  3
563541 6  3
563542 6  3
563543 6  3
563544 6  3
563545 6  3
563546 6  3
563547 6  3
563548 6  3
563549 6  3
563550 6  3
563551 6  3
563552 6  3
563553 6  3
563554 6  3
563555 6  3
563556 6  3
563557 6  3
563558 6  3
563559 6  3
563560 6  3
563561 6  3
563562 6  3
563563 6  3
563564 6  3
563565 6  3
563566 6  3
563567 6  3
563568 6  3
563569 6  3
563570 6  3
563571 6  3
563572 6  3
563573 6  3
563574 6  3
563575 6  3
563576 6  3
563577 6  3
563578 6  3
563579 6  3
563580 6  3
563581 6  3
563582 6  3
563583 6  3
563584 6  3
563585 6  3
563586 6  3
563587 6  3
563588 6  3
563589 6  3
563590 6  3
563591 6  3
563592 6  3
563593 6  3
563594 6  3
563595 6  3
563596 6  3
563597 6  3
563598 6  3
563599 6  3
563600 6  3
563601 6  3
563602 6  3
563603 6  3
563604 6  3
563605 6  3
563606 6  3
563607 6  3
563608 6  3
563609 6  3
563610 6  3
563611 6  3
563612 6  3
563613 6  3
563614 6  3
563615 6  3
563616 6  3
563617 6  3
563618 6  3
563619 6  3
563620 6  3
563621 6  3
563622 6  3
563623 6  3
563624 6  3
563625 6  3
563626 6  3
563627 6  3
563628 6  3
563629 6  3
563630 6  3
563631 6  3
563632 6  3
563633 6  3
563634 6  3
563635 6  3
563636 6  3
563637 6  3
563638 6  3
563639 6  3
563640 6  3
563641 6  3
563642 6  3
563643 6  3
563644 6  3
563645 6  3
563646 6  3
563647 6  3
563648 6  3
563649 6  3
563650 6  3
563651 6  3
563652 6  3
563653 6  3
563654 6  3
563655 6  3
563656 6  3
563657 6  3
563658 6  3
563659 6  3
563660 6  3
563661 6  3
563662 6  3
563663 6  3
563664 6  3
563665 6  3
563666 6  3
563667 6  3
563668 6  3
563669 6  3
563670 6  3
563671 6  3
563672 6  3
563673 6  3
563674 6  3
563675 6  3
563676 6  3
563677 6  3
563678 6  3
563679 6  3
563680 6  3
563681 6  3
563682 6  3
563683 6  3
563684 6  3
563685 6  3
563686 6  3
563687 6  3
563688 6  3
563689 6  3
563690 6  3
563691 6  3
563692 6  3
563693 6  3
563694 6  3
563695 6  3
563696 6  3
563697 6  3
563698 6  3
563699 6  3
563700 6  3
563701 6  3
563702 6  3
563703 6  3
563704 6  3
563705 6  3
563706 6  3
563707 6  3
563708 6  3
563709 6  3
563710 6  3
563711 6  3
563712 6  3
563713 6  3
563714 6  3
563715 6  3
563716 6  3
563717 6  3
563718 6  3
563719 6  3
563720 6  3
563721 6  3
563722 6  3
563723 6  3
563724 6  3
563725 6  3
563726 6  3
563727 6  3
563728 6  3
563729 6  3
563730 6  3
563731 6  3
563732 6  3
563733 6  3
563734 6  3
563735 6  3
563736 6  3
563737 6  3
563738 6  3
563739 6  3
563740 6  3
563741 6  3
563742 6  3
563743 6  3
563744 6  3
563745 6  3
563746 6  3
563747 6  3
563748 6  3
563749 6  3
563750 6  3
563751 6  3
563752 6  3
563753 6  3
563754 6  3
563755 6  3
563756 6  3
563757 6  3
563758 6  3
563759 6  3
563760 6  3
563761 6  3
563762 6  3
563763 6  3
563764 6  3
563765 6  3
563766 6  3
563767 6  3
563768 6  3
563769 6  3
563770 6  3
563771 6  3
563772 6  3
563773 6  3
563774 6  3
563775 6  3
563776 6  3
563777 6  3
563778 6  3
563779 6  3
563780 6  3
563781 6  3
563782 6  3
563783 6  3
563784 6  3
563785 6  3
563786 6  3
563787 6  3
563788 6  3
563789 6  3
563790 6  3
563791 6  3
563792 6  3
563793 6  3
563794 6  3
563795 6  3
563796 6  3
563797 6  3
563798 6  3
563799 6  3
563800 6  3
563801 6  3
563802 6  3
563803 6  3
563804 6  3
563805 6  3
563806 6  3
563807 6  3
563808 6  3
563809 6  3
563810 6  3
563811 6  3
563812 6  3
563813 6  3
563814 6  3
563815 6  3
563816 6  3
563817 6  3
563818 6  3
563819 6  3
563820 6  3
563821 6  3
563822 6  3
563823 6  3
563824 6  3
563825 6  3
563826 6  3
563827 6  3
563828 6  3
563829 6  3
563830 6  3
563831 6  3
563832 6  3
563833 6  3
563834 6  3
563835 6  3
563836 6  3
563837 6  3
563838 6  3
563839 6  3
563840 6  3
563841 6  3
563842 6  3
563843 6  3
563844 6  3
563845 6  3
563846 6  3
563847 6  3
563848 6  3
563849 6  3
563850 6  3
563851 6  3
563852 6  3
563853 6  3
563854 6  3
563855 6  3
563856 6  3
563857 6  3
563858 6  3
563859 6  3
563860 6  3
563861 6  3
563862 6  3
563863 6  3
563864 6  3
563865 6  3
563866 6  3
563867 6  3
563868 6  3
563869 6  3
563870 6  3
563871 6  3
563872 6  3
563873 6  3
563874 6  3
563875 6  3
563876 6  3
563877 6  3
563878 6  3
563879 6  3
563880 6  3
563881 6  3
563882 6  3
563883 6  3
563884 6  3
563885 6  3
563886 6  3
563887 6  3
563888 6  3
563889 6  3
563890 6  3
563891 6  3
563892 6  3
563893 6  3
563894 6  3
563895 6  3
563896 6  3
563897 6  3
563898 6  3
563899 6  3
563900 6  3
563901 6  3
563902 6  3
563903 6  3
563904 6  3
563905 6  3
563906 6  3
563907 6  3
563908 6  3
563909 6  3
563910 6  3
563911 6  3
563912 6  3
563913 6  3
563914 6  3
563915 6  3
563916 6  3
563917 6  3
563918 6  3
563919 6  3
563920 6  3
563921 6  3
563922 6  3
563923 6  3
563924 6  3
563925 6  3
563926 6  3
563927 6  3
563928 6  3
563929 6  3
563930 6  3
563931 6  3
563932 6  3
563933 6  3
563934 6  3
563935 6  3
563936 6  3
563937 6  3
563938 6  3
563939 6  3
563940 6  3
563941 6  3
563942 6  3
563943 6  3
563944 6  3
563945 6  3
563946 6  3
563947 6  3
563948 6  3
563949 6  3
563950 6  3
563951 6  3
563952 6  3
563953 6  3
563954 6  3
563955 6  3
563956 6  3
563957 6  3
563958 6  3
563959 6  3
563960 6  3
563961 6  3
563962 6  3
563963 6  3
563964 6  3
563965 6  3
563966 6  3
563967 6  3
563968 6  3
563969 6  3
563970 6  3
563971 6  3
563972 6  3
563973 6  3
563974 6  3
563975 6  3
563976 6  3
563977 6  3
563978 6  3
563979 6  3
563980 6  3
563981 6  3
563982 6  3
563983 6  3
563984 6  3
563985 6  3
563986 6  3
563987 6  3
563988 6  3
563989 6  3
563990 6  3
563991 6  3
563992 6  3
563993 6  3
563994 6  3
563995 6  3
563996 6  3
563997 6  3
563998 6  3
563999 6  3
564000 6  3
564001 6  3
564002 6  3
564003 6  3
564004 6  3
564005 6  3
564006 6  3
564007 6  3
564008 6  3
564009 6  3
564010 6  3
564011 6  3
564012 6  3
564013 6  3
564014 6  3
564015 6  3
564016 6  3
564017 6  3
564018 6  3
564019 6  3
564020 6  3
564021 6  3
564022 6  3
564023 6  3
564024 6  3
564025 6  3
564026 6  3
564027 6  3
564028 6  3
564029 6  3
564030 6  3
564031 6  3
564032 6  3
564033 6  3
564034 6  3
564035 6  3
564036 6  3
