18081
0.000000000000000
0.000000000000000
-0.500000000000000
-0.500000000000000
0.000000000000000
0.000000000000000
-0.500000000000000
-0.500000000000000
-0.500000000000000
-0.500000000000000
0.000000000000000
0.000000000000000
0.000000000000000
-0.500000000000000
-0.500000000000000
0.000000000000000
0.000000000000000
-0.500000000000000
0.500000000000000
0.500000000000000
0.500000000000000
0.500000000000000
0.500000000000000
0.500000000000000
0.500000000000000
0.500000000000000
0.500000000000000
-1.000000000000000
-1.000000000000000
-2.000000000000000
-2.000000000000000
-0.944444444444445
-0.944444444444445
-1.950617283950620
-1.950617283950620
-1.000000000000000
-2.000000000000000
-0.947368421052631
-1.953216374269010
-1.000000000000000
-2.000000000000000
-0.950292397660819
-1.955815464587400
-1.000000000000000
-2.000000000000000
-0.953216374269006
-1.958414554905780
-1.000000000000000
-2.000000000000000
-0.956140350877193
-1.961013645224170
-1.000000000000000
-2.000000000000000
-0.959064327485380
-1.963612735542560
-1.000000000000000
-2.000000000000000
-0.961988304093567
-1.966211825860950
-1.000000000000000
-2.000000000000000
-0.964912280701754
-1.968810916179340
-1.000000000000000
-2.000000000000000
-0.967836257309942
-1.971410006497730
-1.000000000000000
-2.000000000000000
-0.970760233918129
-1.974009096816110
-1.000000000000000
-2.000000000000000
-0.973684210526316
-1.976608187134500
-1.000000000000000
-2.000000000000000
-0.976608187134503
-1.979207277452890
-1.000000000000000
-2.000000000000000
-0.979532163742690
-1.981806367771280
-1.000000000000000
-2.000000000000000
-0.982456140350877
-1.984405458089670
-1.000000000000000
-2.000000000000000
-0.985380116959064
-1.987004548408060
-1.000000000000000
-2.000000000000000
-0.988304093567251
-1.989603638726440
-1.000000000000000
-2.000000000000000
-0.991228070175438
-1.992202729044830
-1.000000000000000
-2.000000000000000
-0.994152046783626
-1.994801819363220
-1.000000000000000
-2.000000000000000
-0.997076023391813
-1.997400909681610
-1.000000000000000
-2.000000000000000
-1.000000000000000
-2.000000000000000
-3.000000000000000
-3.000000000000000
-2.956790123456790
-2.956790123456790
-3.000000000000000
-2.959064327485380
-3.000000000000000
-2.961338531513970
-3.000000000000000
-2.963612735542560
-3.000000000000000
-2.965886939571150
-3.000000000000000
-2.968161143599740
-3.000000000000000
-2.970435347628330
-3.000000000000000
-2.972709551656920
-3.000000000000000
-2.974983755685510
-3.000000000000000
-2.977257959714100
-3.000000000000000
-2.979532163742690
-3.000000000000000
-2.981806367771280
-3.000000000000000
-2.984080571799870
-3.000000000000000
-2.986354775828460
-3.000000000000000
-2.988628979857050
-3.000000000000000
-2.990903183885640
-3.000000000000000
-2.993177387914230
-3.000000000000000
-2.995451591942820
-3.000000000000000
-2.997725795971410
-3.000000000000000
-3.000000000000000
-4.000000000000000
-4.000000000000000
-3.962962962962960
-3.962962962962960
-4.000000000000000
-3.964912280701750
-4.000000000000000
-3.966861598440550
-4.000000000000000
-3.968810916179340
-4.000000000000000
-3.970760233918130
-4.000000000000000
-3.972709551656920
-4.000000000000000
-3.974658869395710
-4.000000000000000
-3.976608187134500
-4.000000000000000
-3.978557504873290
-4.000000000000000
-3.980506822612090
-4.000000000000000
-3.982456140350880
-4.000000000000000
-3.984405458089670
-4.000000000000000
-3.986354775828460
-4.000000000000000
-3.988304093567250
-4.000000000000000
-3.990253411306040
-4.000000000000000
-3.992202729044830
-4.000000000000000
-3.994152046783620
-4.000000000000000
-3.996101364522420
-4.000000000000000
-3.998050682261210
-4.000000000000000
-4.000000000000000
-5.000000000000000
-5.000000000000000
-4.969135802469140
-4.969135802469140
-5.000000000000000
-4.970760233918130
-5.000000000000000
-4.972384665367120
-5.000000000000000
-4.974009096816110
-5.000000000000000
-4.975633528265110
-5.000000000000000
-4.977257959714100
-5.000000000000000
-4.978882391163090
-5.000000000000000
-4.980506822612090
-5.000000000000000
-4.982131254061080
-5.000000000000000
-4.983755685510070
-5.000000000000000
-4.985380116959070
-5.000000000000000
-4.987004548408060
-5.000000000000000
-4.988628979857050
-5.000000000000000
-4.990253411306040
-5.000000000000000
-4.991877842755040
-5.000000000000000
-4.993502274204030
-5.000000000000000
-4.995126705653020
-5.000000000000000
-4.996751137102010
-5.000000000000000
-4.998375568551010
-5.000000000000000
-5.000000000000000
-6.000000000000000
-6.000000000000000
-5.975308641975310
-5.975308641975310
-6.000000000000000
-5.976608187134500
-6.000000000000000
-5.977907732293700
-6.000000000000000
-5.979207277452890
-6.000000000000000
-5.980506822612090
-6.000000000000000
-5.981806367771280
-6.000000000000000
-5.983105912930470
-6.000000000000000
-5.984405458089670
-6.000000000000000
-5.985705003248860
-6.000000000000000
-5.987004548408050
-6.000000000000000
-5.988304093567250
-6.000000000000000
-5.989603638726440
-6.000000000000000
-5.990903183885640
-6.000000000000000
-5.992202729044830
-6.000000000000000
-5.993502274204030
-6.000000000000000
-5.994801819363220
-6.000000000000000
-5.996101364522420
-6.000000000000000
-5.997400909681610
-6.000000000000000
-5.998700454840810
-6.000000000000000
-6.000000000000000
-7.000000000000000
-7.000000000000000
-6.981481481481480
-6.981481481481480
-7.000000000000000
-6.982456140350880
-7.000000000000000
-6.983430799220280
-7.000000000000000
-6.984405458089670
-7.000000000000000
-6.985380116959070
-7.000000000000000
-6.986354775828460
-7.000000000000000
-6.987329434697860
-7.000000000000000
-6.988304093567250
-7.000000000000000
-6.989278752436650
-7.000000000000000
-6.990253411306050
-7.000000000000000
-6.991228070175440
-7.000000000000000
-6.992202729044840
-7.000000000000000
-6.993177387914230
-7.000000000000000
-6.994152046783630
-7.000000000000000
-6.995126705653020
-7.000000000000000
-6.996101364522420
-7.000000000000000
-6.997076023391820
-7.000000000000000
-6.998050682261210
-7.000000000000000
-6.999025341130610
-7.000000000000000
-7.000000000000000
-8.000000000000000
-8.000000000000000
-7.987654320987650
-7.987654320987650
-8.000000000000000
-7.988304093567250
-8.000000000000000
-7.988953866146850
-8.000000000000000
-7.989603638726440
-8.000000000000000
-7.990253411306040
-8.000000000000000
-7.990903183885640
-8.000000000000000
-7.991552956465240
-8.000000000000000
-7.992202729044830
-8.000000000000000
-7.992852501624430
-8.000000000000000
-7.993502274204030
-8.000000000000000
-7.994152046783620
-8.000000000000000
-7.994801819363220
-8.000000000000000
-7.995451591942820
-8.000000000000000
-7.996101364522420
-8.000000000000000
-7.996751137102010
-8.000000000000000
-7.997400909681610
-8.000000000000000
-7.998050682261210
-8.000000000000000
-7.998700454840800
-8.000000000000000
-7.999350227420400
-8.000000000000000
-8.000000000000000
-9.000000000000000
-9.000000000000000
-8.993827160493829
-8.993827160493829
-9.000000000000000
-8.994152046783629
-9.000000000000000
-8.994476933073420
-9.000000000000000
-8.994801819363220
-9.000000000000000
-8.995126705653020
-9.000000000000000
-8.995451591942819
-9.000000000000000
-8.995776478232621
-9.000000000000000
-8.996101364522421
-9.000000000000000
-8.996426250812220
-9.000000000000000
-8.996751137102009
-9.000000000000000
-8.997076023391809
-9.000000000000000
-8.997400909681611
-9.000000000000000
-8.997725795971411
-9.000000000000000
-8.998050682261210
-9.000000000000000
-8.998375568551010
-9.000000000000000
-8.998700454840799
-9.000000000000000
-8.999025341130610
-9.000000000000000
-8.999350227420400
-9.000000000000000
-8.999675113710200
-9.000000000000000
-9.000000000000000
-10.000000000000000
-10.000000000000000
-10.000000000000000
-10.000000000000000
-10.000000000000000
-10.000000000000000
-10.000000000000000
-10.000000000000000
-10.000000000000000
-10.000000000000000
-10.000000000000000
-10.000000000000000
-10.000000000000000
-10.000000000000000
-10.000000000000000
-10.000000000000000
-10.000000000000000
-10.000000000000000
-10.000000000000000
-10.000000000000000
-10.000000000000000
-10.000000000000000
-10.000000000000000
-10.000000000000000
-10.000000000000000
-10.000000000000000
-10.000000000000000
-10.000000000000000
-10.000000000000000
-10.000000000000000
-10.000000000000000
-10.000000000000000
-10.000000000000000
-10.000000000000000
-10.000000000000000
-10.000000000000000
-10.000000000000000
-10.000000000000000
-10.000000000000000
-10.000000000000000
-10.000000000000000
-10.000000000000000
-0.888888888888889
-0.888888888888889
-1.901234567901230
-1.901234567901230
-0.894736842105263
-1.906432748538010
-0.900584795321638
-1.911630929174790
-0.906432748538012
-1.916829109811570
-0.912280701754386
-1.922027290448340
-0.918128654970761
-1.927225471085120
-0.923976608187135
-1.932423651721900
-0.929824561403509
-1.937621832358670
-0.935672514619883
-1.942820012995450
-0.941520467836258
-1.948018193632230
-0.947368421052632
-1.953216374269010
-0.953216374269006
-1.958414554905780
-0.959064327485380
-1.963612735542560
-0.964912280701754
-1.968810916179340
-0.970760233918129
-1.974009096816110
-0.976608187134503
-1.979207277452890
-0.982456140350877
-1.984405458089670
-0.988304093567252
-1.989603638726450
-0.994152046783626
-1.994801819363220
-1.000000000000000
-2.000000000000000
-2.913580246913580
-2.913580246913580
-2.918128654970760
-2.922677063027940
-2.927225471085120
-2.931773879142300
-2.936322287199480
-2.940870695256660
-2.945419103313840
-2.949967511371020
-2.954515919428200
-2.959064327485380
-2.963612735542560
-2.968161143599740
-2.972709551656920
-2.977257959714100
-2.981806367771280
-2.986354775828460
-2.990903183885640
-2.995451591942820
-3.000000000000000
-3.925925925925930
-3.925925925925930
-3.929824561403510
-3.933723196881090
-3.937621832358670
-3.941520467836260
-3.945419103313840
-3.949317738791420
-3.953216374269000
-3.957115009746590
-3.961013645224170
-3.964912280701750
-3.968810916179340
-3.972709551656920
-3.976608187134500
-3.980506822612090
-3.984405458089670
-3.988304093567250
-3.992202729044830
-3.996101364522420
-4.000000000000000
-4.938271604938270
-4.938271604938270
-4.941520467836260
-4.944769330734240
-4.948018193632230
-4.951267056530210
-4.954515919428200
-4.957764782326190
-4.961013645224170
-4.964262508122160
-4.967511371020140
-4.970760233918130
-4.974009096816120
-4.977257959714100
-4.980506822612080
-4.983755685510070
-4.987004548408060
-4.990253411306040
-4.993502274204030
-4.996751137102020
-5.000000000000000
-5.950617283950620
-5.950617283950620
-5.953216374269000
-5.955815464587390
-5.958414554905780
-5.961013645224170
-5.963612735542560
-5.966211825860950
-5.968810916179340
-5.971410006497730
-5.974009096816110
-5.976608187134500
-5.979207277452890
-5.981806367771280
-5.984405458089670
-5.987004548408060
-5.989603638726450
-5.992202729044830
-5.994801819363220
-5.997400909681610
-6.000000000000000
-6.962962962962960
-6.962962962962960
-6.964912280701760
-6.966861598440550
-6.968810916179340
-6.970760233918130
-6.972709551656920
-6.974658869395710
-6.976608187134500
-6.978557504873300
-6.980506822612090
-6.982456140350880
-6.984405458089670
-6.986354775828460
-6.988304093567250
-6.990253411306050
-6.992202729044840
-6.994152046783630
-6.996101364522420
-6.998050682261210
-7.000000000000000
-7.975308641975310
-7.975308641975310
-7.976608187134500
-7.977907732293700
-7.979207277452890
-7.980506822612080
-7.981806367771280
-7.983105912930470
-7.984405458089670
-7.985705003248860
-7.987004548408060
-7.988304093567250
-7.989603638726440
-7.990903183885640
-7.992202729044830
-7.993502274204030
-7.994801819363220
-7.996101364522420
-7.997400909681610
-7.998700454840800
-8.000000000000000
-8.987654320987660
-8.987654320987650
-8.988304093567249
-8.988953866146840
-8.989603638726440
-8.990253411306041
-8.990903183885640
-8.991552956465240
-8.992202729044831
-8.992852501624430
-8.993502274204030
-8.994152046783620
-8.994801819363220
-8.995451591942819
-8.996101364522410
-8.996751137102009
-8.997400909681611
-8.998050682261210
-8.998700454840799
-8.999350227420400
-9.000000000000000
-10.000000000000000
-10.000000000000000
-10.000000000000000
-10.000000000000000
-10.000000000000000
-10.000000000000000
-10.000000000000000
-10.000000000000000
-10.000000000000000
-10.000000000000000
-10.000000000000000
-10.000000000000000
-10.000000000000000
-10.000000000000000
-10.000000000000000
-10.000000000000000
-10.000000000000000
-10.000000000000000
-10.000000000000000
-10.000000000000000
-10.000000000000000
-0.833333333333333
-0.833333333333334
-1.851851851851850
-1.851851851851850
-0.842105263157895
-1.859649122807020
-0.850877192982456
-1.867446393762180
-0.859649122807018
-1.875243664717350
-0.868421052631579
-1.883040935672510
-0.877192982456141
-1.890838206627680
-0.885964912280702
-1.898635477582850
-0.894736842105263
-1.906432748538010
-0.903508771929825
-1.914230019493180
-0.912280701754386
-1.922027290448340
-0.921052631578947
-1.929824561403510
-0.929824561403509
-1.937621832358670
-0.938596491228070
-1.945419103313840
-0.947368421052632
-1.953216374269010
-0.956140350877193
-1.961013645224170
-0.964912280701755
-1.968810916179340
-0.973684210526316
-1.976608187134500
-0.982456140350877
-1.984405458089670
-0.991228070175439
-1.992202729044830
-1.000000000000000
-2.000000000000000
-2.870370370370370
-2.870370370370370
-2.877192982456140
-2.884015594541910
-2.890838206627680
-2.897660818713450
-2.904483430799220
-2.911306042884990
-2.918128654970760
-2.924951267056530
-2.931773879142300
-2.938596491228070
-2.945419103313840
-2.952241715399610
-2.959064327485380
-2.965886939571150
-2.972709551656920
-2.979532163742690
-2.986354775828460
-2.993177387914230
-3.000000000000000
-3.888888888888890
-3.888888888888890
-3.894736842105260
-3.900584795321640
-3.906432748538010
-3.912280701754380
-3.918128654970760
-3.923976608187130
-3.929824561403510
-3.935672514619880
-3.941520467836260
-3.947368421052630
-3.953216374269010
-3.959064327485380
-3.964912280701750
-3.970760233918130
-3.976608187134500
-3.982456140350880
-3.988304093567250
-3.994152046783630
-4.000000000000000
-4.907407407407410
-4.907407407407410
-4.912280701754390
-4.917153996101370
-4.922027290448340
-4.926900584795320
-4.931773879142300
-4.936647173489280
-4.941520467836260
-4.946393762183240
-4.951267056530210
-4.956140350877190
-4.961013645224170
-4.965886939571150
-4.970760233918130
-4.975633528265110
-4.980506822612090
-4.985380116959060
-4.990253411306040
-4.995126705653020
-5.000000000000000
-5.925925925925920
-5.925925925925920
-5.929824561403510
-5.933723196881090
-5.937621832358670
-5.941520467836250
-5.945419103313840
-5.949317738791420
-5.953216374269000
-5.957115009746590
-5.961013645224170
-5.964912280701750
-5.968810916179340
-5.972709551656920
-5.976608187134500
-5.980506822612090
-5.984405458089670
-5.988304093567250
-5.992202729044830
-5.996101364522420
-6.000000000000000
-6.944444444444440
-6.944444444444440
-6.947368421052630
-6.950292397660820
-6.953216374269010
-6.956140350877190
-6.959064327485380
-6.961988304093570
-6.964912280701750
-6.967836257309940
-6.970760233918130
-6.973684210526320
-6.976608187134510
-6.979532163742690
-6.982456140350870
-6.985380116959060
-6.988304093567250
-6.991228070175440
-6.994152046783630
-6.997076023391810
-7.000000000000000
-7.962962962962960
-7.962962962962960
-7.964912280701750
-7.966861598440540
-7.968810916179330
-7.970760233918130
-7.972709551656920
-7.974658869395710
-7.976608187134500
-7.978557504873290
-7.980506822612090
-7.982456140350870
-7.984405458089670
-7.986354775828460
-7.988304093567250
-7.990253411306040
-7.992202729044830
-7.994152046783620
-7.996101364522420
-7.998050682261210
-8.000000000000000
-8.981481481481479
-8.981481481481479
-8.982456140350880
-8.983430799220271
-8.984405458089670
-8.985380116959069
-8.986354775828460
-8.987329434697861
-8.988304093567249
-8.989278752436650
-8.990253411306041
-8.991228070175440
-8.992202729044831
-8.993177387914230
-8.994152046783629
-8.995126705653020
-8.996101364522421
-8.997076023391809
-8.998050682261210
-8.999025341130601
-9.000000000000000
-10.000000000000000
-10.000000000000000
-10.000000000000000
-10.000000000000000
-10.000000000000000
-10.000000000000000
-10.000000000000000
-10.000000000000000
-10.000000000000000
-10.000000000000000
-10.000000000000000
-10.000000000000000
-10.000000000000000
-10.000000000000000
-10.000000000000000
-10.000000000000000
-10.000000000000000
-10.000000000000000
-10.000000000000000
-10.000000000000000
-10.000000000000000
-0.777777777777778
-0.777777777777778
-1.802469135802470
-1.802469135802470
-0.789473684210526
-1.812865497076020
-0.801169590643275
-1.823261858349580
-0.812865497076024
-1.833658219623130
-0.824561403508772
-1.844054580896690
-0.836257309941521
-1.854450942170240
-0.847953216374269
-1.864847303443790
-0.859649122807018
-1.875243664717350
-0.871345029239766
-1.885640025990900
-0.883040935672515
-1.896036387264460
-0.894736842105263
-1.906432748538010
-0.906432748538012
-1.916829109811570
-0.918128654970760
-1.927225471085120
-0.929824561403509
-1.937621832358670
-0.941520467836257
-1.948018193632230
-0.953216374269006
-1.958414554905780
-0.964912280701754
-1.968810916179340
-0.976608187134503
-1.979207277452890
-0.988304093567252
-1.989603638726450
-1.000000000000000
-2.000000000000000
-2.827160493827160
-2.827160493827160
-2.836257309941520
-2.845354126055880
-2.854450942170240
-2.863547758284600
-2.872644574398960
-2.881741390513320
-2.890838206627680
-2.899935022742040
-2.909031838856400
-2.918128654970760
-2.927225471085120
-2.936322287199480
-2.945419103313840
-2.954515919428200
-2.963612735542560
-2.972709551656920
-2.981806367771280
-2.990903183885640
-3.000000000000000
-3.851851851851850
-3.851851851851850
-3.859649122807020
-3.867446393762180
-3.875243664717350
-3.883040935672510
-3.890838206627680
-3.898635477582840
-3.906432748538010
-3.914230019493180
-3.922027290448340
-3.929824561403510
-3.937621832358670
-3.945419103313840
-3.953216374269010
-3.961013645224170
-3.968810916179340
-3.976608187134500
-3.984405458089670
-3.992202729044830
-4.000000000000000
-4.876543209876540
-4.876543209876540
-4.883040935672520
-4.889538661468480
-4.896036387264460
-4.902534113060430
-4.909031838856400
-4.915529564652370
-4.922027290448340
-4.928525016244310
-4.935022742040290
-4.941520467836260
-4.948018193632230
-4.954515919428200
-4.961013645224170
-4.967511371020140
-4.974009096816110
-4.980506822612090
-4.987004548408060
-4.993502274204030
-5.000000000000000
-5.901234567901230
-5.901234567901240
-5.906432748538010
-5.911630929174790
-5.916829109811570
-5.922027290448340
-5.927225471085120
-5.932423651721900
-5.937621832358680
-5.942820012995450
-5.948018193632230
-5.953216374269010
-5.958414554905780
-5.963612735542560
-5.968810916179340
-5.974009096816110
-5.979207277452890
-5.984405458089670
-5.989603638726440
-5.994801819363220
-6.000000000000000
-6.925925925925920
-6.925925925925930
-6.929824561403510
-6.933723196881090
-6.937621832358680
-6.941520467836260
-6.945419103313840
-6.949317738791420
-6.953216374269000
-6.957115009746590
-6.961013645224170
-6.964912280701760
-6.968810916179330
-6.972709551656920
-6.976608187134500
-6.980506822612090
-6.984405458089670
-6.988304093567250
-6.992202729044830
-6.996101364522420
-7.000000000000000
-7.950617283950620
-7.950617283950620
-7.953216374269000
-7.955815464587390
-7.958414554905780
-7.961013645224170
-7.963612735542560
-7.966211825860950
-7.968810916179330
-7.971410006497720
-7.974009096816110
-7.976608187134500
-7.979207277452890
-7.981806367771280
-7.984405458089670
-7.987004548408060
-7.989603638726440
-7.992202729044830
-7.994801819363220
-7.997400909681610
-8.000000000000000
-8.975308641975310
-8.975308641975310
-8.976608187134500
-8.977907732293691
-8.979207277452890
-8.980506822612091
-8.981806367771281
-8.983105912930469
-8.984405458089670
-8.985705003248871
-8.987004548408059
-8.988304093567249
-8.989603638726440
-8.990903183885640
-8.992202729044831
-8.993502274204030
-8.994801819363220
-8.996101364522421
-8.997400909681611
-8.998700454840799
-9.000000000000000
-10.000000000000000
-10.000000000000000
-10.000000000000000
-10.000000000000000
-10.000000000000000
-10.000000000000000
-10.000000000000000
-10.000000000000000
-10.000000000000000
-10.000000000000000
-10.000000000000000
-10.000000000000000
-10.000000000000000
-10.000000000000000
-10.000000000000000
-10.000000000000000
-10.000000000000000
-10.000000000000000
-10.000000000000000
-10.000000000000000
-10.000000000000000
-0.722222222222222
-0.722222222222222
-1.753086419753090
-1.753086419753090
-0.736842105263158
-1.766081871345030
-0.751461988304094
-1.779077322936970
-0.766081871345029
-1.792072774528910
-0.780701754385965
-1.805068226120860
-0.795321637426901
-1.818063677712800
-0.809941520467836
-1.831059129304740
-0.824561403508772
-1.844054580896690
-0.839181286549708
-1.857050032488630
-0.853801169590644
-1.870045484080570
-0.868421052631579
-1.883040935672520
-0.883040935672515
-1.896036387264460
-0.897660818713450
-1.909031838856400
-0.912280701754386
-1.922027290448340
-0.926900584795322
-1.935022742040290
-0.941520467836257
-1.948018193632230
-0.956140350877193
-1.961013645224170
-0.970760233918128
-1.974009096816110
-0.985380116959064
-1.987004548408060
-1.000000000000000
-2.000000000000000
-2.783950617283950
-2.783950617283950
-2.795321637426900
-2.806692657569850
-2.818063677712800
-2.829434697855750
-2.840805717998700
-2.852176738141650
-2.863547758284600
-2.874918778427550
-2.886289798570500
-2.897660818713450
-2.909031838856400
-2.920402858999350
-2.931773879142300
-2.943144899285250
-2.954515919428200
-2.965886939571150
-2.977257959714100
-2.988628979857050
-3.000000000000000
-3.814814814814810
-3.814814814814810
-3.824561403508770
-3.834307992202730
-3.844054580896680
-3.853801169590640
-3.863547758284600
-3.873294346978560
-3.883040935672510
-3.892787524366470
-3.902534113060430
-3.912280701754390
-3.922027290448340
-3.931773879142300
-3.941520467836260
-3.951267056530210
-3.961013645224170
-3.970760233918130
-3.980506822612090
-3.990253411306040
-4.000000000000000
-4.845679012345680
-4.845679012345680
-4.853801169590640
-4.861923326835610
-4.870045484080570
-4.878167641325540
-4.886289798570500
-4.894411955815460
-4.902534113060430
-4.910656270305390
-4.918778427550360
-4.926900584795320
-4.935022742040290
-4.943144899285250
-4.951267056530210
-4.959389213775180
-4.967511371020140
-4.975633528265110
-4.983755685510070
-4.991877842755040
-5.000000000000000
-5.876543209876540
-5.876543209876540
-5.883040935672520
-5.889538661468490
-5.896036387264460
-5.902534113060430
-5.909031838856400
-5.915529564652370
-5.922027290448340
-5.928525016244310
-5.935022742040280
-5.941520467836250
-5.948018193632230
-5.954515919428200
-5.961013645224170
-5.967511371020140
-5.974009096816110
-5.980506822612090
-5.987004548408060
-5.993502274204030
-6.000000000000000
-6.907407407407410
-6.907407407407410
-6.912280701754390
-6.917153996101370
-6.922027290448340
-6.926900584795320
-6.931773879142300
-6.936647173489280
-6.941520467836260
-6.946393762183240
-6.951267056530210
-6.956140350877200
-6.961013645224170
-6.965886939571150
-6.970760233918130
-6.975633528265110
-6.980506822612090
-6.985380116959060
-6.990253411306040
-6.995126705653020
-7.000000000000000
-7.938271604938270
-7.938271604938270
-7.941520467836260
-7.944769330734240
-7.948018193632230
-7.951267056530210
-7.954515919428200
-7.957764782326180
-7.961013645224170
-7.964262508122160
-7.967511371020140
-7.970760233918130
-7.974009096816110
-7.977257959714100
-7.980506822612080
-7.983755685510070
-7.987004548408050
-7.990253411306040
-7.993502274204030
-7.996751137102010
-8.000000000000000
-8.969135802469131
-8.969135802469140
-8.970760233918130
-8.972384665367120
-8.974009096816109
-8.975633528265110
-8.977257959714100
-8.978882391163090
-8.980506822612080
-8.982131254061080
-8.983755685510070
-8.985380116959060
-8.987004548408059
-8.988628979857049
-8.990253411306041
-8.991877842755031
-8.993502274204030
-8.995126705653020
-8.996751137102009
-8.998375568550999
-9.000000000000000
-10.000000000000000
-10.000000000000000
-10.000000000000000
-10.000000000000000
-10.000000000000000
-10.000000000000000
-10.000000000000000
-10.000000000000000
-10.000000000000000
-10.000000000000000
-10.000000000000000
-10.000000000000000
-10.000000000000000
-10.000000000000000
-10.000000000000000
-10.000000000000000
-10.000000000000000
-10.000000000000000
-10.000000000000000
-10.000000000000000
-10.000000000000000
-0.666666666666667
-0.666666666666667
-1.703703703703700
-1.703703703703700
-0.684210526315789
-1.719298245614030
-0.701754385964912
-1.734892787524370
-0.719298245614035
-1.750487329434700
-0.736842105263158
-1.766081871345030
-0.754385964912281
-1.781676413255360
-0.771929824561403
-1.797270955165690
-0.789473684210527
-1.812865497076020
-0.807017543859649
-1.828460038986350
-0.824561403508772
-1.844054580896690
-0.842105263157895
-1.859649122807020
-0.859649122807017
-1.875243664717350
-0.877192982456141
-1.890838206627680
-0.894736842105263
-1.906432748538010
-0.912280701754386
-1.922027290448340
-0.929824561403509
-1.937621832358670
-0.947368421052632
-1.953216374269010
-0.964912280701754
-1.968810916179340
-0.982456140350877
-1.984405458089670
-1.000000000000000
-2.000000000000000
-2.740740740740740
-2.740740740740740
-2.754385964912280
-2.768031189083820
-2.781676413255360
-2.795321637426900
-2.808966861598440
-2.822612085769980
-2.836257309941520
-2.849902534113060
-2.863547758284600
-2.877192982456140
-2.890838206627680
-2.904483430799220
-2.918128654970760
-2.931773879142300
-2.945419103313840
-2.959064327485380
-2.972709551656920
-2.986354775828460
-3.000000000000000
-3.777777777777780
-3.777777777777780
-3.789473684210530
-3.801169590643270
-3.812865497076020
-3.824561403508770
-3.836257309941520
-3.847953216374270
-3.859649122807020
-3.871345029239760
-3.883040935672510
-3.894736842105260
-3.906432748538010
-3.918128654970760
-3.929824561403510
-3.941520467836260
-3.953216374269000
-3.964912280701750
-3.976608187134500
-3.988304093567250
-4.000000000000000
-4.814814814814810
-4.814814814814810
-4.824561403508770
-4.834307992202730
-4.844054580896690
-4.853801169590640
-4.863547758284600
-4.873294346978560
-4.883040935672510
-4.892787524366470
-4.902534113060430
-4.912280701754390
-4.922027290448340
-4.931773879142300
-4.941520467836260
-4.951267056530210
-4.961013645224170
-4.970760233918130
-4.980506822612080
-4.990253411306040
-5.000000000000000
-5.851851851851850
-5.851851851851850
-5.859649122807020
-5.867446393762180
-5.875243664717350
-5.883040935672510
-5.890838206627680
-5.898635477582850
-5.906432748538010
-5.914230019493170
-5.922027290448340
-5.929824561403510
-5.937621832358670
-5.945419103313840
-5.953216374269010
-5.961013645224170
-5.968810916179340
-5.976608187134500
-5.984405458089670
-5.992202729044830
-6.000000000000000
-6.888888888888890
-6.888888888888890
-6.894736842105260
-6.900584795321640
-6.906432748538010
-6.912280701754380
-6.918128654970760
-6.923976608187140
-6.929824561403510
-6.935672514619880
-6.941520467836260
-6.947368421052630
-6.953216374269010
-6.959064327485380
-6.964912280701760
-6.970760233918130
-6.976608187134510
-6.982456140350880
-6.988304093567250
-6.994152046783630
-7.000000000000000
-7.925925925925920
-7.925925925925930
-7.929824561403510
-7.933723196881090
-7.937621832358670
-7.941520467836260
-7.945419103313840
-7.949317738791420
-7.953216374269010
-7.957115009746590
-7.961013645224170
-7.964912280701750
-7.968810916179340
-7.972709551656920
-7.976608187134500
-7.980506822612090
-7.984405458089660
-7.988304093567250
-7.992202729044830
-7.996101364522420
-8.000000000000000
-8.962962962962960
-8.962962962962960
-8.964912280701739
-8.966861598440540
-8.968810916179329
-8.970760233918121
-8.972709551656919
-8.974658869395700
-8.976608187134500
-8.978557504873290
-8.980506822612080
-8.982456140350870
-8.984405458089670
-8.986354775828460
-8.988304093567249
-8.990253411306041
-8.992202729044831
-8.994152046783629
-8.996101364522421
-8.998050682261200
-9.000000000000000
-10.000000000000000
-10.000000000000000
-10.000000000000000
-10.000000000000000
-10.000000000000000
-10.000000000000000
-10.000000000000000
-10.000000000000000
-10.000000000000000
-10.000000000000000
-10.000000000000000
-10.000000000000000
-10.000000000000000
-10.000000000000000
-10.000000000000000
-10.000000000000000
-10.000000000000000
-10.000000000000000
-10.000000000000000
-10.000000000000000
-10.000000000000000
-0.611111111111111
-0.611111111111111
-1.654320987654320
-1.654320987654320
-0.631578947368421
-1.672514619883040
-0.652046783625731
-1.690708252111760
-0.672514619883041
-1.708901884340480
-0.692982456140351
-1.727095516569200
-0.713450292397661
-1.745289148797920
-0.733918128654971
-1.763482781026640
-0.754385964912281
-1.781676413255360
-0.774853801169590
-1.799870045484080
-0.795321637426901
-1.818063677712800
-0.815789473684210
-1.836257309941520
-0.836257309941520
-1.854450942170240
-0.856725146198830
-1.872644574398960
-0.877192982456140
-1.890838206627680
-0.897660818713450
-1.909031838856400
-0.918128654970760
-1.927225471085120
-0.938596491228070
-1.945419103313840
-0.959064327485380
-1.963612735542560
-0.979532163742690
-1.981806367771280
-1.000000000000000
-2.000000000000000
-2.697530864197530
-2.697530864197530
-2.713450292397660
-2.729369720597790
-2.745289148797920
-2.761208576998050
-2.777128005198180
-2.793047433398310
-2.808966861598440
-2.824886289798570
-2.840805717998700
-2.856725146198830
-2.872644574398960
-2.888564002599090
-2.904483430799220
-2.920402858999350
-2.936322287199480
-2.952241715399610
-2.968161143599740
-2.984080571799870
-3.000000000000000
-3.740740740740740
-3.740740740740740
-3.754385964912280
-3.768031189083820
-3.781676413255360
-3.795321637426900
-3.808966861598440
-3.822612085769980
-3.836257309941520
-3.849902534113060
-3.863547758284600
-3.877192982456140
-3.890838206627680
-3.904483430799220
-3.918128654970760
-3.931773879142300
-3.945419103313840
-3.959064327485380
-3.972709551656920
-3.986354775828460
-4.000000000000000
-4.783950617283950
-4.783950617283950
-4.795321637426900
-4.806692657569850
-4.818063677712800
-4.829434697855750
-4.840805717998700
-4.852176738141650
-4.863547758284600
-4.874918778427550
-4.886289798570500
-4.897660818713450
-4.909031838856400
-4.920402858999350
-4.931773879142300
-4.943144899285250
-4.954515919428200
-4.965886939571150
-4.977257959714100
-4.988628979857050
-5.000000000000000
-5.827160493827160
-5.827160493827160
-5.836257309941520
-5.845354126055880
-5.854450942170240
-5.863547758284600
-5.872644574398960
-5.881741390513320
-5.890838206627680
-5.899935022742040
-5.909031838856400
-5.918128654970760
-5.927225471085120
-5.936322287199480
-5.945419103313840
-5.954515919428200
-5.963612735542560
-5.972709551656910
-5.981806367771280
-5.990903183885640
-6.000000000000000
-6.870370370370370
-6.870370370370370
-6.877192982456140
-6.884015594541910
-6.890838206627680
-6.897660818713450
-6.904483430799220
-6.911306042884990
-6.918128654970760
-6.924951267056530
-6.931773879142300
-6.938596491228070
-6.945419103313840
-6.952241715399610
-6.959064327485380
-6.965886939571150
-6.972709551656920
-6.979532163742690
-6.986354775828470
-6.993177387914230
-7.000000000000000
-7.913580246913580
-7.913580246913580
-7.918128654970760
-7.922677063027940
-7.927225471085120
-7.931773879142300
-7.936322287199470
-7.940870695256660
-7.945419103313840
-7.949967511371020
-7.954515919428200
-7.959064327485380
-7.963612735542560
-7.968161143599740
-7.972709551656920
-7.977257959714100
-7.981806367771270
-7.986354775828460
-7.990903183885640
-7.995451591942820
-8.000000000000000
-8.956790123456781
-8.956790123456789
-8.959064327485381
-8.961338531513960
-8.963612735542551
-8.965886939571140
-8.968161143599730
-8.970435347628330
-8.972709551656919
-8.974983755685511
-8.977257959714100
-8.979532163742689
-8.981806367771281
-8.984080571799870
-8.986354775828460
-8.988628979857049
-8.990903183885640
-8.993177387914230
-8.995451591942819
-8.997725795971411
-9.000000000000000
-10.000000000000000
-10.000000000000000
-10.000000000000000
-10.000000000000000
-10.000000000000000
-10.000000000000000
-10.000000000000000
-10.000000000000000
-10.000000000000000
-10.000000000000000
-10.000000000000000
-10.000000000000000
-10.000000000000000
-10.000000000000000
-10.000000000000000
-10.000000000000000
-10.000000000000000
-10.000000000000000
-10.000000000000000
-10.000000000000000
-10.000000000000000
-0.555555555555556
-0.555555555555556
-1.604938271604940
-1.604938271604940
-0.578947368421053
-1.625730994152050
-0.602339181286550
-1.646523716699150
-0.625730994152046
-1.667316439246260
-0.649122807017544
-1.688109161793370
-0.672514619883041
-1.708901884340480
-0.695906432748538
-1.729694606887590
-0.719298245614035
-1.750487329434700
-0.742690058479532
-1.771280051981810
-0.766081871345029
-1.792072774528910
-0.789473684210526
-1.812865497076020
-0.812865497076023
-1.833658219623130
-0.836257309941521
-1.854450942170240
-0.859649122807017
-1.875243664717350
-0.883040935672514
-1.896036387264460
-0.906432748538012
-1.916829109811570
-0.929824561403509
-1.937621832358670
-0.953216374269006
-1.958414554905780
-0.976608187134503
-1.979207277452890
-1.000000000000000
-2.000000000000000
-2.654320987654320
-2.654320987654320
-2.672514619883040
-2.690708252111760
-2.708901884340480
-2.727095516569200
-2.745289148797920
-2.763482781026640
-2.781676413255360
-2.799870045484080
-2.818063677712800
-2.836257309941520
-2.854450942170240
-2.872644574398960
-2.890838206627680
-2.909031838856400
-2.927225471085120
-2.945419103313840
-2.963612735542560
-2.981806367771280
-3.000000000000000
-3.703703703703700
-3.703703703703700
-3.719298245614030
-3.734892787524370
-3.750487329434700
-3.766081871345030
-3.781676413255360
-3.797270955165690
-3.812865497076020
-3.828460038986350
-3.844054580896680
-3.859649122807020
-3.875243664717350
-3.890838206627680
-3.906432748538010
-3.922027290448340
-3.937621832358670
-3.953216374269000
-3.968810916179340
-3.984405458089670
-4.000000000000000
-4.753086419753080
-4.753086419753090
-4.766081871345030
-4.779077322936970
-4.792072774528910
-4.805068226120850
-4.818063677712800
-4.831059129304740
-4.844054580896690
-4.857050032488630
-4.870045484080570
-4.883040935672510
-4.896036387264460
-4.909031838856400
-4.922027290448340
-4.935022742040290
-4.948018193632230
-4.961013645224170
-4.974009096816110
-4.987004548408060
-5.000000000000000
-5.802469135802470
-5.802469135802470
-5.812865497076020
-5.823261858349580
-5.833658219623130
-5.844054580896680
-5.854450942170240
-5.864847303443790
-5.875243664717350
-5.885640025990900
-5.896036387264460
-5.906432748538010
-5.916829109811560
-5.927225471085120
-5.937621832358670
-5.948018193632230
-5.958414554905780
-5.968810916179340
-5.979207277452890
-5.989603638726450
-6.000000000000000
-6.851851851851850
-6.851851851851850
-6.859649122807010
-6.867446393762180
-6.875243664717350
-6.883040935672510
-6.890838206627680
-6.898635477582840
-6.906432748538010
-6.914230019493180
-6.922027290448340
-6.929824561403510
-6.937621832358670
-6.945419103313840
-6.953216374269010
-6.961013645224170
-6.968810916179340
-6.976608187134500
-6.984405458089670
-6.992202729044830
-7.000000000000000
-7.901234567901230
-7.901234567901230
-7.906432748538000
-7.911630929174790
-7.916829109811570
-7.922027290448340
-7.927225471085120
-7.932423651721890
-7.937621832358670
-7.942820012995450
-7.948018193632220
-7.953216374269000
-7.958414554905780
-7.963612735542560
-7.968810916179330
-7.974009096816110
-7.979207277452890
-7.984405458089660
-7.989603638726450
-7.994801819363220
-8.000000000000000
-8.950617283950621
-8.950617283950621
-8.953216374268999
-8.955815464587390
-8.958414554905779
-8.961013645224170
-8.963612735542551
-8.966211825860951
-8.968810916179340
-8.971410006497729
-8.974009096816109
-8.976608187134500
-8.979207277452890
-8.981806367771281
-8.984405458089670
-8.987004548408059
-8.989603638726450
-8.992202729044831
-8.994801819363230
-8.997400909681611
-9.000000000000000
-10.000000000000000
-10.000000000000000
-10.000000000000000
-10.000000000000000
-10.000000000000000
-10.000000000000000
-10.000000000000000
-10.000000000000000
-10.000000000000000
-10.000000000000000
-10.000000000000000
-10.000000000000000
-10.000000000000000
-10.000000000000000
-10.000000000000000
-10.000000000000000
-10.000000000000000
-10.000000000000000
-10.000000000000000
-10.000000000000000
-10.000000000000000
-1.555555555555560
-1.555555555555560
-0.526315789473684
-1.578947368421050
-0.552631578947369
-1.602339181286550
-0.578947368421053
-1.625730994152050
-0.605263157894737
-1.649122807017540
-0.631578947368421
-1.672514619883040
-0.657894736842105
-1.695906432748540
-0.684210526315789
-1.719298245614030
-0.710526315789474
-1.742690058479530
-0.736842105263158
-1.766081871345030
-0.763157894736842
-1.789473684210530
-0.789473684210526
-1.812865497076020
-0.815789473684211
-1.836257309941520
-0.842105263157895
-1.859649122807020
-0.868421052631579
-1.883040935672510
-0.894736842105264
-1.906432748538010
-0.921052631578948
-1.929824561403510
-0.947368421052632
-1.953216374269010
-0.973684210526316
-1.976608187134500
-1.000000000000000
-2.000000000000000
-2.611111111111110
-2.611111111111110
-2.631578947368420
-2.652046783625730
-2.672514619883040
-2.692982456140350
-2.713450292397660
-2.733918128654970
-2.754385964912280
-2.774853801169590
-2.795321637426900
-2.815789473684210
-2.836257309941520
-2.856725146198830
-2.877192982456140
-2.897660818713450
-2.918128654970760
-2.938596491228070
-2.959064327485380
-2.979532163742690
-3.000000000000000
-3.666666666666670
-3.666666666666670
-3.684210526315790
-3.701754385964910
-3.719298245614030
-3.736842105263160
-3.754385964912280
-3.771929824561400
-3.789473684210520
-3.807017543859650
-3.824561403508770
-3.842105263157890
-3.859649122807020
-3.877192982456140
-3.894736842105260
-3.912280701754390
-3.929824561403510
-3.947368421052630
-3.964912280701750
-3.982456140350880
-4.000000000000000
-4.722222222222220
-4.722222222222220
-4.736842105263160
-4.751461988304090
-4.766081871345030
-4.780701754385960
-4.795321637426900
-4.809941520467840
-4.824561403508770
-4.839181286549700
-4.853801169590640
-4.868421052631580
-4.883040935672510
-4.897660818713450
-4.912280701754390
-4.926900584795320
-4.941520467836260
-4.956140350877200
-4.970760233918130
-4.985380116959060
-5.000000000000000
-5.777777777777780
-5.777777777777780
-5.789473684210530
-5.801169590643270
-5.812865497076020
-5.824561403508770
-5.836257309941520
-5.847953216374270
-5.859649122807020
-5.871345029239760
-5.883040935672510
-5.894736842105260
-5.906432748538010
-5.918128654970760
-5.929824561403510
-5.941520467836260
-5.953216374269010
-5.964912280701750
-5.976608187134500
-5.988304093567250
-6.000000000000000
-6.833333333333330
-6.833333333333330
-6.842105263157890
-6.850877192982450
-6.859649122807020
-6.868421052631570
-6.877192982456140
-6.885964912280700
-6.894736842105260
-6.903508771929820
-6.912280701754390
-6.921052631578950
-6.929824561403510
-6.938596491228070
-6.947368421052630
-6.956140350877190
-6.964912280701760
-6.973684210526320
-6.982456140350880
-6.991228070175440
-7.000000000000000
-7.888888888888890
-7.888888888888890
-7.894736842105260
-7.900584795321640
-7.906432748538010
-7.912280701754390
-7.918128654970760
-7.923976608187130
-7.929824561403510
-7.935672514619880
-7.941520467836250
-7.947368421052630
-7.953216374269000
-7.959064327485380
-7.964912280701750
-7.970760233918130
-7.976608187134500
-7.982456140350870
-7.988304093567250
-7.994152046783620
-8.000000000000000
-8.944444444444439
-8.944444444444439
-8.947368421052619
-8.950292397660810
-8.953216374268999
-8.956140350877190
-8.959064327485381
-8.961988304093561
-8.964912280701750
-8.967836257309930
-8.970760233918121
-8.973684210526310
-8.976608187134500
-8.979532163742689
-8.982456140350870
-8.985380116959060
-8.988304093567249
-8.991228070175440
-8.994152046783629
-8.997076023391809
-9.000000000000000
-10.000000000000000
-10.000000000000000
-10.000000000000000
-10.000000000000000
-10.000000000000000
-10.000000000000000
-10.000000000000000
-10.000000000000000
-10.000000000000000
-10.000000000000000
-10.000000000000000
-10.000000000000000
-10.000000000000000
-10.000000000000000
-10.000000000000000
-10.000000000000000
-10.000000000000000
-10.000000000000000
-10.000000000000000
-10.000000000000000
-10.000000000000000
-1.555555555555560
-1.555555555555560
-0.526315789473684
-1.578947368421050
-0.552631578947368
-1.602339181286550
-0.578947368421053
-1.625730994152050
-0.605263157894737
-1.649122807017540
-0.631578947368421
-1.672514619883040
-0.657894736842105
-1.695906432748540
-0.684210526315790
-1.719298245614030
-0.710526315789474
-1.742690058479530
-0.736842105263158
-1.766081871345030
-0.763157894736842
-1.789473684210530
-0.789473684210526
-1.812865497076020
-0.815789473684210
-1.836257309941520
-0.842105263157895
-1.859649122807020
-0.868421052631579
-1.883040935672510
-0.894736842105263
-1.906432748538010
-0.921052631578947
-1.929824561403510
-0.947368421052631
-1.953216374269010
-0.973684210526316
-1.976608187134500
-1.000000000000000
-2.000000000000000
-2.611111111111110
-2.611111111111110
-2.631578947368420
-2.652046783625730
-2.672514619883040
-2.692982456140350
-2.713450292397660
-2.733918128654970
-2.754385964912280
-2.774853801169590
-2.795321637426900
-2.815789473684210
-2.836257309941520
-2.856725146198830
-2.877192982456140
-2.897660818713450
-2.918128654970760
-2.938596491228070
-2.959064327485380
-2.979532163742690
-3.000000000000000
-3.666666666666670
-3.666666666666670
-3.684210526315790
-3.701754385964910
-3.719298245614030
-3.736842105263160
-3.754385964912280
-3.771929824561400
-3.789473684210530
-3.807017543859650
-3.824561403508770
-3.842105263157890
-3.859649122807020
-3.877192982456140
-3.894736842105260
-3.912280701754390
-3.929824561403510
-3.947368421052630
-3.964912280701760
-3.982456140350880
-4.000000000000000
-4.722222222222220
-4.722222222222220
-4.736842105263160
-4.751461988304090
-4.766081871345030
-4.780701754385960
-4.795321637426900
-4.809941520467840
-4.824561403508770
-4.839181286549710
-4.853801169590640
-4.868421052631580
-4.883040935672510
-4.897660818713450
-4.912280701754390
-4.926900584795320
-4.941520467836260
-4.956140350877190
-4.970760233918130
-4.985380116959060
-5.000000000000000
-5.777777777777780
-5.777777777777780
-5.789473684210530
-5.801169590643280
-5.812865497076020
-5.824561403508770
-5.836257309941520
-5.847953216374270
-5.859649122807020
-5.871345029239760
-5.883040935672510
-5.894736842105260
-5.906432748538010
-5.918128654970760
-5.929824561403510
-5.941520467836260
-5.953216374269000
-5.964912280701750
-5.976608187134500
-5.988304093567250
-6.000000000000000
-6.833333333333330
-6.833333333333330
-6.842105263157890
-6.850877192982450
-6.859649122807020
-6.868421052631580
-6.877192982456140
-6.885964912280700
-6.894736842105260
-6.903508771929820
-6.912280701754390
-6.921052631578950
-6.929824561403510
-6.938596491228070
-6.947368421052630
-6.956140350877190
-6.964912280701750
-6.973684210526320
-6.982456140350880
-6.991228070175440
-7.000000000000000
-7.888888888888890
-7.888888888888890
-7.894736842105260
-7.900584795321630
-7.906432748538010
-7.912280701754380
-7.918128654970760
-7.923976608187130
-7.929824561403510
-7.935672514619880
-7.941520467836250
-7.947368421052630
-7.953216374269000
-7.959064327485380
-7.964912280701750
-7.970760233918130
-7.976608187134500
-7.982456140350880
-7.988304093567250
-7.994152046783630
-8.000000000000000
-8.944444444444439
-8.944444444444439
-8.947368421052630
-8.950292397660810
-8.953216374268999
-8.956140350877190
-8.959064327485381
-8.961988304093561
-8.964912280701750
-8.967836257309941
-8.970760233918130
-8.973684210526310
-8.976608187134500
-8.979532163742689
-8.982456140350880
-8.985380116959060
-8.988304093567249
-8.991228070175440
-8.994152046783629
-8.997076023391809
-9.000000000000000
-10.000000000000000
-10.000000000000000
-10.000000000000000
-10.000000000000000
-10.000000000000000
-10.000000000000000
-10.000000000000000
-10.000000000000000
-10.000000000000000
-10.000000000000000
-10.000000000000000
-10.000000000000000
-10.000000000000000
-10.000000000000000
-10.000000000000000
-10.000000000000000
-10.000000000000000
-10.000000000000000
-10.000000000000000
-10.000000000000000
-10.000000000000000
0.000000000000000
0.000000000000000
0.000000000000000
0.000000000000000
0.000000000000000
0.000000000000000
0.000000000000000
0.000000000000000
0.000000000000000
0.000000000000000
0.000000000000000
0.000000000000000
0.000000000000000
0.000000000000000
0.000000000000000
0.000000000000000
0.000000000000000
0.000000000000000
0.000000000000000
0.000000000000000
0.000000000000000
0.000000000000000
0.000000000000000
0.000000000000000
0.000000000000000
0.000000000000000
0.000000000000000
0.000000000000000
0.000000000000000
0.000000000000000
0.000000000000000
0.000000000000000
0.000000000000000
0.000000000000000
0.000000000000000
0.000000000000000
0.000000000000000
0.000000000000000
0.000000000000000
0.000000000000000
0.000000000000000
0.000000000000000
0.000000000000000
0.000000000000000
0.000000000000000
0.000000000000000
0.000000000000000
0.000000000000000
0.000000000000000
0.000000000000000
0.000000000000000
0.000000000000000
0.000000000000000
0.000000000000000
0.000000000000000
0.000000000000000
0.000000000000000
0.000000000000000
0.000000000000000
0.000000000000000
0.000000000000000
0.000000000000000
0.000000000000000
0.000000000000000
0.000000000000000
0.000000000000000
0.000000000000000
0.000000000000000
0.000000000000000
0.000000000000000
0.000000000000000
0.000000000000000
0.000000000000000
0.000000000000000
0.000000000000000
0.000000000000000
0.000000000000000
0.000000000000000
0.000000000000000
0.000000000000000
0.000000000000000
0.000000000000000
0.000000000000000
0.000000000000000
0.000000000000000
0.000000000000000
0.000000000000000
0.000000000000000
0.000000000000000
0.000000000000000
0.000000000000000
0.000000000000000
0.000000000000000
0.000000000000000
0.000000000000000
0.000000000000000
0.000000000000000
0.000000000000000
0.000000000000000
0.000000000000000
0.000000000000000
0.000000000000000
0.000000000000000
0.000000000000000
0.000000000000000
0.000000000000000
0.000000000000000
0.000000000000000
0.000000000000000
0.000000000000000
0.000000000000000
0.000000000000000
0.000000000000000
0.000000000000000
0.000000000000000
0.000000000000000
0.000000000000000
0.000000000000000
0.000000000000000
0.000000000000000
0.000000000000000
0.000000000000000
0.000000000000000
0.000000000000000
0.000000000000000
0.000000000000000
0.000000000000000
0.000000000000000
0.000000000000000
0.000000000000000
0.000000000000000
0.000000000000000
0.000000000000000
0.000000000000000
0.000000000000000
0.000000000000000
0.000000000000000
0.000000000000000
0.000000000000000
0.000000000000000
0.000000000000000
0.000000000000000
0.000000000000000
0.000000000000000
0.000000000000000
0.000000000000000
0.000000000000000
0.000000000000000
0.000000000000000
0.000000000000000
0.000000000000000
0.000000000000000
0.000000000000000
0.000000000000000
0.000000000000000
0.000000000000000
0.000000000000000
0.000000000000000
0.000000000000000
0.000000000000000
0.000000000000000
0.000000000000000
0.000000000000000
0.000000000000000
0.000000000000000
0.000000000000000
0.000000000000000
0.000000000000000
0.000000000000000
0.000000000000000
0.000000000000000
0.000000000000000
0.000000000000000
0.000000000000000
0.000000000000000
0.000000000000000
0.000000000000000
0.000000000000000
0.000000000000000
0.000000000000000
0.000000000000000
0.000000000000000
0.000000000000000
0.000000000000000
0.000000000000000
0.000000000000000
0.000000000000000
0.000000000000000
0.000000000000000
0.000000000000000
0.000000000000000
0.000000000000000
0.000000000000000
0.000000000000000
0.000000000000000
0.000000000000000
0.000000000000000
0.000000000000000
0.000000000000000
0.000000000000000
0.000000000000000
0.000000000000000
0.000000000000000
0.000000000000000
0.000000000000000
0.000000000000000
0.000000000000000
0.000000000000000
0.000000000000000
0.000000000000000
0.000000000000000
0.000000000000000
0.000000000000000
0.000000000000000
0.000000000000000
0.000000000000000
0.000000000000000
0.000000000000000
0.000000000000000
0.000000000000000
0.000000000000000
0.000000000000000
0.000000000000000
0.000000000000000
0.000000000000000
0.000000000000000
0.000000000000000
0.000000000000000
-1.000000000000000
-1.000000000000000
0.000000000000000
0.000000000000000
-0.944444444444444
-0.947368421052632
0.000000000000000
-2.000000000000000
-2.000000000000000
-1.950617283950620
-1.953216374269000
-3.000000000000000
-3.000000000000000
-2.956790123456790
-2.959064327485380
-4.000000000000000
-4.000000000000000
-3.962962962962960
-3.964912280701750
-5.000000000000000
-5.000000000000000
-4.969135802469140
-4.970760233918130
-6.000000000000000
-6.000000000000000
-5.975308641975310
-5.976608187134500
-7.000000000000000
-7.000000000000000
-6.981481481481480
-6.982456140350880
-8.000000000000000
-8.000000000000000
-7.987654320987650
-7.988304093567250
-9.000000000000000
-9.000000000000000
-8.993827160493820
-8.994152046783620
-10.000000000000000
-10.000000000000000
-10.000000000000000
-10.000000000000000
-1.000000000000000
0.000000000000000
-0.950292397660819
0.000000000000000
-2.000000000000000
-1.955815464587390
-3.000000000000000
-2.961338531513970
-4.000000000000000
-3.966861598440550
-5.000000000000000
-4.972384665367120
-6.000000000000000
-5.977907732293700
-7.000000000000000
-6.983430799220270
-8.000000000000000
-7.988953866146850
-9.000000000000000
-8.994476933073420
-10.000000000000000
-10.000000000000000
-1.000000000000000
0.000000000000000
-0.953216374269006
0.000000000000000
-2.000000000000000
-1.958414554905780
-3.000000000000000
-2.963612735542560
-4.000000000000000
-3.968810916179340
-5.000000000000000
-4.974009096816120
-6.000000000000000
-5.979207277452890
-7.000000000000000
-6.984405458089670
-8.000000000000000
-7.989603638726440
-9.000000000000000
-8.994801819363220
-10.000000000000000
-10.000000000000000
-1.000000000000000
0.000000000000000
-0.956140350877193
0.000000000000000
-2.000000000000000
-1.961013645224170
-3.000000000000000
-2.965886939571150
-4.000000000000000
-3.970760233918130
-5.000000000000000
-4.975633528265110
-6.000000000000000
-5.980506822612090
-7.000000000000000
-6.985380116959060
-8.000000000000000
-7.990253411306040
-9.000000000000000
-8.995126705653020
-10.000000000000000
-10.000000000000000
-1.000000000000000
0.000000000000000
-0.959064327485380
0.000000000000000
-2.000000000000000
-1.963612735542560
-3.000000000000000
-2.968161143599740
-4.000000000000000
-3.972709551656920
-5.000000000000000
-4.977257959714100
-6.000000000000000
-5.981806367771280
-7.000000000000000
-6.986354775828460
-8.000000000000000
-7.990903183885640
-9.000000000000000
-8.995451591942819
-10.000000000000000
-10.000000000000000
-1.000000000000000
0.000000000000000
-0.961988304093567
0.000000000000000
-2.000000000000000
-1.966211825860950
-3.000000000000000
-2.970435347628330
-4.000000000000000
-3.974658869395710
-5.000000000000000
-4.978882391163090
-6.000000000000000
-5.983105912930470
-7.000000000000000
-6.987329434697860
-8.000000000000000
-7.991552956465240
-9.000000000000000
-8.995776478232621
-10.000000000000000
-10.000000000000000
-1.000000000000000
0.000000000000000
-0.964912280701754
0.000000000000000
-2.000000000000000
-1.968810916179340
-3.000000000000000
-2.972709551656920
-4.000000000000000
-3.976608187134500
-5.000000000000000
-4.980506822612090
-6.000000000000000
-5.984405458089670
-7.000000000000000
-6.988304093567260
-8.000000000000000
-7.992202729044830
-9.000000000000000
-8.996101364522421
-10.000000000000000
-10.000000000000000
-1.000000000000000
0.000000000000000
-0.967836257309941
0.000000000000000
-2.000000000000000
-1.971410006497730
-3.000000000000000
-2.974983755685510
-4.000000000000000
-3.978557504873290
-5.000000000000000
-4.982131254061080
-6.000000000000000
-5.985705003248860
-7.000000000000000
-6.989278752436650
-8.000000000000000
-7.992852501624430
-9.000000000000000
-8.996426250812220
-10.000000000000000
-10.000000000000000
-1.000000000000000
0.000000000000000
-0.970760233918129
0.000000000000000
-2.000000000000000
-1.974009096816110
-3.000000000000000
-2.977257959714100
-4.000000000000000
-3.980506822612090
-5.000000000000000
-4.983755685510070
-6.000000000000000
-5.987004548408060
-7.000000000000000
-6.990253411306040
-8.000000000000000
-7.993502274204030
-9.000000000000000
-8.996751137102009
-10.000000000000000
-10.000000000000000
-1.000000000000000
0.000000000000000
-0.973684210526316
0.000000000000000
-2.000000000000000
-1.976608187134500
-3.000000000000000
-2.979532163742690
-4.000000000000000
-3.982456140350880
-5.000000000000000
-4.985380116959060
-6.000000000000000
-5.988304093567250
-7.000000000000000
-6.991228070175440
-8.000000000000000
-7.994152046783630
-9.000000000000000
-8.997076023391809
-10.000000000000000
-10.000000000000000
-1.000000000000000
0.000000000000000
-0.976608187134503
0.000000000000000
-2.000000000000000
-1.979207277452890
-3.000000000000000
-2.981806367771280
-4.000000000000000
-3.984405458089670
-5.000000000000000
-4.987004548408060
-6.000000000000000
-5.989603638726450
-7.000000000000000
-6.992202729044830
-8.000000000000000
-7.994801819363220
-9.000000000000000
-8.997400909681611
-10.000000000000000
-10.000000000000000
-1.000000000000000
0.000000000000000
-0.979532163742690
0.000000000000000
-2.000000000000000
-1.981806367771280
-3.000000000000000
-2.984080571799870
-4.000000000000000
-3.986354775828460
-5.000000000000000
-4.988628979857050
-6.000000000000000
-5.990903183885640
-7.000000000000000
-6.993177387914230
-8.000000000000000
-7.995451591942820
-9.000000000000000
-8.997725795971411
-10.000000000000000
-10.000000000000000
-1.000000000000000
0.000000000000000
-0.982456140350877
0.000000000000000
-2.000000000000000
-1.984405458089670
-3.000000000000000
-2.986354775828460
-4.000000000000000
-3.988304093567250
-5.000000000000000
-4.990253411306040
-6.000000000000000
-5.992202729044830
-7.000000000000000
-6.994152046783630
-8.000000000000000
-7.996101364522420
-9.000000000000000
-8.998050682261210
-10.000000000000000
-10.000000000000000
-1.000000000000000
0.000000000000000
-0.985380116959064
0.000000000000000
-2.000000000000000
-1.987004548408060
-3.000000000000000
-2.988628979857050
-4.000000000000000
-3.990253411306040
-5.000000000000000
-4.991877842755040
-6.000000000000000
-5.993502274204030
-7.000000000000000
-6.995126705653020
-8.000000000000000
-7.996751137102010
-9.000000000000000
-8.998375568551010
-10.000000000000000
-10.000000000000000
-1.000000000000000
0.000000000000000
-0.988304093567251
0.000000000000000
-2.000000000000000
-1.989603638726450
-3.000000000000000
-2.990903183885640
-4.000000000000000
-3.992202729044830
-5.000000000000000
-4.993502274204030
-6.000000000000000
-5.994801819363220
-7.000000000000000
-6.996101364522420
-8.000000000000000
-7.997400909681610
-9.000000000000000
-8.998700454840799
-10.000000000000000
-10.000000000000000
-1.000000000000000
0.000000000000000
-0.991228070175438
0.000000000000000
-2.000000000000000
-1.992202729044830
-3.000000000000000
-2.993177387914230
-4.000000000000000
-3.994152046783620
-5.000000000000000
-4.995126705653020
-6.000000000000000
-5.996101364522420
-7.000000000000000
-6.997076023391820
-8.000000000000000
-7.998050682261210
-9.000000000000000
-8.999025341130601
-10.000000000000000
-10.000000000000000
-1.000000000000000
0.000000000000000
-0.994152046783625
0.000000000000000
-2.000000000000000
-1.994801819363220
-3.000000000000000
-2.995451591942820
-4.000000000000000
-3.996101364522420
-5.000000000000000
-4.996751137102010
-6.000000000000000
-5.997400909681610
-7.000000000000000
-6.998050682261210
-8.000000000000000
-7.998700454840800
-9.000000000000000
-8.999350227420409
-10.000000000000000
-10.000000000000000
-1.000000000000000
0.000000000000000
-0.997076023391813
0.000000000000000
-2.000000000000000
-1.997400909681610
-3.000000000000000
-2.997725795971410
-4.000000000000000
-3.998050682261210
-5.000000000000000
-4.998375568551010
-6.000000000000000
-5.998700454840810
-7.000000000000000
-6.999025341130610
-8.000000000000000
-7.999350227420400
-9.000000000000000
-8.999675113710200
-10.000000000000000
-10.000000000000000
-1.000000000000000
0.000000000000000
-1.000000000000000
0.000000000000000
-2.000000000000000
-2.000000000000000
-3.000000000000000
-3.000000000000000
-4.000000000000000
-4.000000000000000
-5.000000000000000
-5.000000000000000
-6.000000000000000
-6.000000000000000
-7.000000000000000
-7.000000000000000
-8.000000000000000
-8.000000000000000
-9.000000000000000
-9.000000000000000
-10.000000000000000
-10.000000000000000
0.000000000000000
-0.888888888888889
-0.894736842105263
0.000000000000000
-1.901234567901240
-1.906432748538010
-2.913580246913580
-2.918128654970760
-3.925925925925930
-3.929824561403510
-4.938271604938270
-4.941520467836260
-5.950617283950620
-5.953216374269010
-6.962962962962960
-6.964912280701750
-7.975308641975310
-7.976608187134500
-8.987654320987650
-8.988304093567249
-10.000000000000000
-10.000000000000000
-0.900584795321637
0.000000000000000
-1.911630929174790
-2.922677063027940
-3.933723196881090
-4.944769330734240
-5.955815464587400
-6.966861598440550
-7.977907732293690
-8.988953866146851
-10.000000000000000
-0.906432748538012
0.000000000000000
-1.916829109811570
-2.927225471085120
-3.937621832358670
-4.948018193632230
-5.958414554905780
-6.968810916179340
-7.979207277452890
-8.989603638726440
-10.000000000000000
-0.912280701754386
0.000000000000000
-1.922027290448340
-2.931773879142300
-3.941520467836260
-4.951267056530210
-5.961013645224170
-6.970760233918130
-7.980506822612090
-8.990253411306041
-10.000000000000000
-0.918128654970760
0.000000000000000
-1.927225471085120
-2.936322287199480
-3.945419103313840
-4.954515919428200
-5.963612735542560
-6.972709551656920
-7.981806367771280
-8.990903183885640
-10.000000000000000
-0.923976608187135
0.000000000000000
-1.932423651721900
-2.940870695256660
-3.949317738791420
-4.957764782326190
-5.966211825860950
-6.974658869395710
-7.983105912930470
-8.991552956465240
-10.000000000000000
-0.929824561403508
0.000000000000000
-1.937621832358670
-2.945419103313840
-3.953216374269010
-4.961013645224170
-5.968810916179340
-6.976608187134500
-7.984405458089660
-8.992202729044831
-10.000000000000000
-0.935672514619883
0.000000000000000
-1.942820012995450
-2.949967511371020
-3.957115009746590
-4.964262508122160
-5.971410006497730
-6.978557504873290
-7.985705003248860
-8.992852501624430
-10.000000000000000
-0.941520467836257
0.000000000000000
-1.948018193632230
-2.954515919428200
-3.961013645224170
-4.967511371020140
-5.974009096816110
-6.980506822612090
-7.987004548408050
-8.993502274204030
-10.000000000000000
-0.947368421052632
0.000000000000000
-1.953216374269010
-2.959064327485380
-3.964912280701750
-4.970760233918130
-5.976608187134510
-6.982456140350880
-7.988304093567250
-8.994152046783629
-10.000000000000000
-0.953216374269005
0.000000000000000
-1.958414554905780
-2.963612735542560
-3.968810916179330
-4.974009096816120
-5.979207277452890
-6.984405458089670
-7.989603638726440
-8.994801819363220
-10.000000000000000
-0.959064327485380
0.000000000000000
-1.963612735542560
-2.968161143599740
-3.972709551656920
-4.977257959714100
-5.981806367771280
-6.986354775828460
-7.990903183885640
-8.995451591942819
-10.000000000000000
-0.964912280701754
0.000000000000000
-1.968810916179340
-2.972709551656920
-3.976608187134500
-4.980506822612090
-5.984405458089670
-6.988304093567250
-7.992202729044830
-8.996101364522421
-10.000000000000000
-0.970760233918128
0.000000000000000
-1.974009096816110
-2.977257959714100
-3.980506822612090
-4.983755685510070
-5.987004548408060
-6.990253411306050
-7.993502274204030
-8.996751137102009
-10.000000000000000
-0.976608187134503
0.000000000000000
-1.979207277452890
-2.981806367771280
-3.984405458089670
-4.987004548408060
-5.989603638726450
-6.992202729044840
-7.994801819363220
-8.997400909681611
-10.000000000000000
-0.982456140350877
0.000000000000000
-1.984405458089670
-2.986354775828460
-3.988304093567250
-4.990253411306040
-5.992202729044840
-6.994152046783630
-7.996101364522420
-8.998050682261210
-10.000000000000000
-0.988304093567251
0.000000000000000
-1.989603638726440
-2.990903183885640
-3.992202729044830
-4.993502274204030
-5.994801819363220
-6.996101364522420
-7.997400909681610
-8.998700454840799
-10.000000000000000
-0.994152046783626
0.000000000000000
-1.994801819363220
-2.995451591942820
-3.996101364522420
-4.996751137102010
-5.997400909681610
-6.998050682261210
-7.998700454840800
-8.999350227420400
-10.000000000000000
-1.000000000000000
0.000000000000000
-2.000000000000000
-3.000000000000000
-4.000000000000000
-5.000000000000000
-6.000000000000000
-7.000000000000000
-8.000000000000000
-9.000000000000000
-10.000000000000000
0.000000000000000
-0.833333333333333
-0.842105263157895
0.000000000000000
-1.851851851851850
-1.859649122807020
-2.870370370370370
-2.877192982456140
-3.888888888888890
-3.894736842105260
-4.907407407407410
-4.912280701754390
-5.925925925925930
-5.929824561403510
-6.944444444444440
-6.947368421052630
-7.962962962962960
-7.964912280701750
-8.981481481481479
-8.982456140350870
-10.000000000000000
-10.000000000000000
-0.850877192982456
0.000000000000000
-1.867446393762180
-2.884015594541910
-3.900584795321640
-4.917153996101370
-5.933723196881090
-6.950292397660820
-7.966861598440540
-8.983430799220271
-10.000000000000000
-0.859649122807017
0.000000000000000
-1.875243664717350
-2.890838206627680
-3.906432748538010
-4.922027290448340
-5.937621832358680
-6.953216374269010
-7.968810916179340
-8.984405458089670
-10.000000000000000
-0.868421052631579
0.000000000000000
-1.883040935672510
-2.897660818713450
-3.912280701754390
-4.926900584795320
-5.941520467836260
-6.956140350877190
-7.970760233918130
-8.985380116959060
-10.000000000000000
-0.877192982456140
0.000000000000000
-1.890838206627680
-2.904483430799220
-3.918128654970760
-4.931773879142300
-5.945419103313840
-6.959064327485380
-7.972709551656920
-8.986354775828460
-10.000000000000000
-0.885964912280702
0.000000000000000
-1.898635477582850
-2.911306042884990
-3.923976608187130
-4.936647173489280
-5.949317738791420
-6.961988304093570
-7.974658869395710
-8.987329434697850
-10.000000000000000
-0.894736842105263
0.000000000000000
-1.906432748538010
-2.918128654970760
-3.929824561403510
-4.941520467836260
-5.953216374269010
-6.964912280701750
-7.976608187134500
-8.988304093567249
-10.000000000000000
-0.903508771929824
0.000000000000000
-1.914230019493180
-2.924951267056530
-3.935672514619880
-4.946393762183240
-5.957115009746590
-6.967836257309940
-7.978557504873290
-8.989278752436650
-10.000000000000000
-0.912280701754386
0.000000000000000
-1.922027290448340
-2.931773879142300
-3.941520467836260
-4.951267056530210
-5.961013645224170
-6.970760233918130
-7.980506822612090
-8.990253411306041
-10.000000000000000
-0.921052631578947
0.000000000000000
-1.929824561403510
-2.938596491228070
-3.947368421052630
-4.956140350877190
-5.964912280701750
-6.973684210526320
-7.982456140350880
-8.991228070175429
-10.000000000000000
-0.929824561403509
0.000000000000000
-1.937621832358670
-2.945419103313840
-3.953216374269010
-4.961013645224170
-5.968810916179340
-6.976608187134500
-7.984405458089670
-8.992202729044831
-10.000000000000000
-0.938596491228070
0.000000000000000
-1.945419103313840
-2.952241715399610
-3.959064327485380
-4.965886939571150
-5.972709551656920
-6.979532163742690
-7.986354775828460
-8.993177387914230
-10.000000000000000
-0.947368421052631
0.000000000000000
-1.953216374269010
-2.959064327485380
-3.964912280701750
-4.970760233918130
-5.976608187134500
-6.982456140350880
-7.988304093567250
-8.994152046783620
-10.000000000000000
-0.956140350877193
0.000000000000000
-1.961013645224170
-2.965886939571150
-3.970760233918130
-4.975633528265110
-5.980506822612090
-6.985380116959060
-7.990253411306040
-8.995126705653020
-10.000000000000000
-0.964912280701754
0.000000000000000
-1.968810916179340
-2.972709551656920
-3.976608187134500
-4.980506822612090
-5.984405458089670
-6.988304093567250
-7.992202729044840
-8.996101364522421
-10.000000000000000
-0.973684210526316
0.000000000000000
-1.976608187134500
-2.979532163742690
-3.982456140350880
-4.985380116959070
-5.988304093567250
-6.991228070175440
-7.994152046783620
-8.997076023391809
-10.000000000000000
-0.982456140350877
0.000000000000000
-1.984405458089670
-2.986354775828460
-3.988304093567250
-4.990253411306040
-5.992202729044830
-6.994152046783620
-7.996101364522420
-8.998050682261210
-10.000000000000000
-0.991228070175439
0.000000000000000
-1.992202729044830
-2.993177387914230
-3.994152046783620
-4.995126705653020
-5.996101364522420
-6.997076023391810
-7.998050682261210
-8.999025341130601
-10.000000000000000
-1.000000000000000
0.000000000000000
-2.000000000000000
-3.000000000000000
-4.000000000000000
-5.000000000000000
-6.000000000000000
-7.000000000000000
-8.000000000000000
-9.000000000000000
-10.000000000000000
0.000000000000000
-0.777777777777778
-0.789473684210526
0.000000000000000
-1.802469135802470
-1.812865497076020
-2.827160493827160
-2.836257309941520
-3.851851851851850
-3.859649122807020
-4.876543209876540
-4.883040935672510
-5.901234567901240
-5.906432748538010
-6.925925925925920
-6.929824561403510
-7.950617283950620
-7.953216374269000
-8.975308641975300
-8.976608187134490
-10.000000000000000
-10.000000000000000
-0.801169590643275
0.000000000000000
-1.823261858349580
-2.845354126055880
-3.867446393762180
-4.889538661468490
-5.911630929174790
-6.933723196881090
-7.955815464587390
-8.977907732293691
-10.000000000000000
-0.812865497076023
0.000000000000000
-1.833658219623130
-2.854450942170240
-3.875243664717350
-4.896036387264460
-5.916829109811570
-6.937621832358680
-7.958414554905780
-8.979207277452890
-10.000000000000000
-0.824561403508772
0.000000000000000
-1.844054580896690
-2.863547758284600
-3.883040935672510
-4.902534113060430
-5.922027290448350
-6.941520467836260
-7.961013645224170
-8.980506822612091
-10.000000000000000
-0.836257309941520
0.000000000000000
-1.854450942170240
-2.872644574398960
-3.890838206627680
-4.909031838856400
-5.927225471085120
-6.945419103313840
-7.963612735542560
-8.981806367771281
-10.000000000000000
-0.847953216374269
0.000000000000000
-1.864847303443790
-2.881741390513320
-3.898635477582840
-4.915529564652370
-5.932423651721900
-6.949317738791420
-7.966211825860950
-8.983105912930469
-10.000000000000000
-0.859649122807017
0.000000000000000
-1.875243664717350
-2.890838206627680
-3.906432748538010
-4.922027290448340
-5.937621832358680
-6.953216374269000
-7.968810916179340
-8.984405458089659
-10.000000000000000
-0.871345029239766
0.000000000000000
-1.885640025990900
-2.899935022742040
-3.914230019493180
-4.928525016244310
-5.942820012995450
-6.957115009746590
-7.971410006497730
-8.985705003248860
-10.000000000000000
-0.883040935672515
0.000000000000000
-1.896036387264460
-2.909031838856400
-3.922027290448340
-4.935022742040290
-5.948018193632230
-6.961013645224170
-7.974009096816110
-8.987004548408050
-10.000000000000000
-0.894736842105263
0.000000000000000
-1.906432748538010
-2.918128654970760
-3.929824561403510
-4.941520467836260
-5.953216374269010
-6.964912280701750
-7.976608187134500
-8.988304093567249
-10.000000000000000
-0.906432748538011
0.000000000000000
-1.916829109811570
-2.927225471085120
-3.937621832358670
-4.948018193632230
-5.958414554905780
-6.968810916179340
-7.979207277452890
-8.989603638726440
-10.000000000000000
-0.918128654970760
0.000000000000000
-1.927225471085120
-2.936322287199480
-3.945419103313840
-4.954515919428200
-5.963612735542560
-6.972709551656920
-7.981806367771280
-8.990903183885640
-10.000000000000000
-0.929824561403509
0.000000000000000
-1.937621832358670
-2.945419103313840
-3.953216374269010
-4.961013645224170
-5.968810916179340
-6.976608187134500
-7.984405458089670
-8.992202729044831
-10.000000000000000
-0.941520467836257
0.000000000000000
-1.948018193632230
-2.954515919428200
-3.961013645224170
-4.967511371020140
-5.974009096816110
-6.980506822612090
-7.987004548408060
-8.993502274204030
-10.000000000000000
-0.953216374269005
0.000000000000000
-1.958414554905780
-2.963612735542560
-3.968810916179340
-4.974009096816110
-5.979207277452890
-6.984405458089670
-7.989603638726440
-8.994801819363220
-10.000000000000000
-0.964912280701754
0.000000000000000
-1.968810916179340
-2.972709551656920
-3.976608187134500
-4.980506822612090
-5.984405458089670
-6.988304093567250
-7.992202729044830
-8.996101364522410
-10.000000000000000
-0.976608187134502
0.000000000000000
-1.979207277452890
-2.981806367771280
-3.984405458089670
-4.987004548408060
-5.989603638726450
-6.992202729044830
-7.994801819363220
-8.997400909681611
-10.000000000000000
-0.988304093567251
0.000000000000000
-1.989603638726450
-2.990903183885640
-3.992202729044830
-4.993502274204030
-5.994801819363220
-6.996101364522420
-7.997400909681610
-8.998700454840799
-10.000000000000000
-1.000000000000000
0.000000000000000
-2.000000000000000
-3.000000000000000
-4.000000000000000
-5.000000000000000
-6.000000000000000
-7.000000000000000
-8.000000000000000
-9.000000000000000
-10.000000000000000
0.000000000000000
-0.722222222222222
-0.736842105263157
0.000000000000000
-1.753086419753090
-1.766081871345030
-2.783950617283950
-2.795321637426900
-3.814814814814810
-3.824561403508770
-4.845679012345680
-4.853801169590640
-5.876543209876540
-5.883040935672510
-6.907407407407410
-6.912280701754390
-7.938271604938270
-7.941520467836260
-8.969135802469131
-8.970760233918121
-10.000000000000000
-10.000000000000000
-0.751461988304093
0.000000000000000
-1.779077322936970
-2.806692657569850
-3.834307992202730
-4.861923326835610
-5.889538661468490
-6.917153996101360
-7.944769330734240
-8.972384665367120
-10.000000000000000
-0.766081871345029
0.000000000000000
-1.792072774528910
-2.818063677712800
-3.844054580896690
-4.870045484080570
-5.896036387264460
-6.922027290448340
-7.948018193632230
-8.974009096816109
-10.000000000000000
-0.780701754385965
0.000000000000000
-1.805068226120860
-2.829434697855750
-3.853801169590640
-4.878167641325540
-5.902534113060430
-6.926900584795320
-7.951267056530210
-8.975633528265110
-10.000000000000000
-0.795321637426900
0.000000000000000
-1.818063677712800
-2.840805717998700
-3.863547758284600
-4.886289798570500
-5.909031838856400
-6.931773879142300
-7.954515919428200
-8.977257959714100
-10.000000000000000
-0.809941520467836
0.000000000000000
-1.831059129304740
-2.852176738141650
-3.873294346978560
-4.894411955815460
-5.915529564652370
-6.936647173489280
-7.957764782326190
-8.978882391163079
-10.000000000000000
-0.824561403508772
0.000000000000000
-1.844054580896690
-2.863547758284600
-3.883040935672510
-4.902534113060430
-5.922027290448340
-6.941520467836260
-7.961013645224170
-8.980506822612091
-10.000000000000000
-0.839181286549707
0.000000000000000
-1.857050032488630
-2.874918778427550
-3.892787524366470
-4.910656270305390
-5.928525016244310
-6.946393762183240
-7.964262508122160
-8.982131254061080
-10.000000000000000
-0.853801169590643
0.000000000000000
-1.870045484080570
-2.886289798570500
-3.902534113060430
-4.918778427550360
-5.935022742040290
-6.951267056530210
-7.967511371020140
-8.983755685510070
-10.000000000000000
-0.868421052631579
0.000000000000000
-1.883040935672510
-2.897660818713450
-3.912280701754390
-4.926900584795320
-5.941520467836260
-6.956140350877190
-7.970760233918130
-8.985380116959060
-10.000000000000000
-0.883040935672515
0.000000000000000
-1.896036387264460
-2.909031838856400
-3.922027290448340
-4.935022742040290
-5.948018193632230
-6.961013645224170
-7.974009096816110
-8.987004548408059
-10.000000000000000
-0.897660818713450
0.000000000000000
-1.909031838856400
-2.920402858999350
-3.931773879142300
-4.943144899285250
-5.954515919428200
-6.965886939571150
-7.977257959714100
-8.988628979857049
-10.000000000000000
-0.912280701754385
0.000000000000000
-1.922027290448340
-2.931773879142300
-3.941520467836260
-4.951267056530220
-5.961013645224170
-6.970760233918130
-7.980506822612090
-8.990253411306041
-10.000000000000000
-0.926900584795321
0.000000000000000
-1.935022742040290
-2.943144899285250
-3.951267056530210
-4.959389213775180
-5.967511371020140
-6.975633528265110
-7.983755685510070
-8.991877842755031
-10.000000000000000
-0.941520467836257
0.000000000000000
-1.948018193632230
-2.954515919428200
-3.961013645224170
-4.967511371020140
-5.974009096816110
-6.980506822612090
-7.987004548408060
-8.993502274204030
-10.000000000000000
-0.956140350877193
0.000000000000000
-1.961013645224170
-2.965886939571150
-3.970760233918130
-4.975633528265110
-5.980506822612090
-6.985380116959070
-7.990253411306040
-8.995126705653020
-10.000000000000000
-0.970760233918128
0.000000000000000
-1.974009096816110
-2.977257959714100
-3.980506822612090
-4.983755685510070
-5.987004548408060
-6.990253411306040
-7.993502274204030
-8.996751137102009
-10.000000000000000
-0.985380116959064
0.000000000000000
-1.987004548408060
-2.988628979857050
-3.990253411306040
-4.991877842755030
-5.993502274204030
-6.995126705653020
-7.996751137102020
-8.998375568550999
-10.000000000000000
-1.000000000000000
0.000000000000000
-2.000000000000000
-3.000000000000000
-4.000000000000000
-5.000000000000000
-6.000000000000000
-7.000000000000000
-8.000000000000000
-9.000000000000000
-10.000000000000000
0.000000000000000
-0.666666666666667
-0.684210526315789
0.000000000000000
-1.703703703703700
-1.719298245614030
-2.740740740740740
-2.754385964912280
-3.777777777777780
-3.789473684210530
-4.814814814814810
-4.824561403508770
-5.851851851851850
-5.859649122807020
-6.888888888888890
-6.894736842105270
-7.925925925925920
-7.929824561403510
-8.962962962962960
-8.964912280701760
-10.000000000000000
-10.000000000000000
-0.701754385964912
0.000000000000000
-1.734892787524370
-2.768031189083820
-3.801169590643270
-4.834307992202730
-5.867446393762180
-6.900584795321640
-7.933723196881090
-8.966861598440540
-10.000000000000000
-0.719298245614035
0.000000000000000
-1.750487329434700
-2.781676413255360
-3.812865497076020
-4.844054580896690
-5.875243664717350
-6.906432748538020
-7.937621832358670
-8.968810916179340
-10.000000000000000
-0.736842105263158
0.000000000000000
-1.766081871345030
-2.795321637426900
-3.824561403508770
-4.853801169590640
-5.883040935672510
-6.912280701754390
-7.941520467836260
-8.970760233918130
-10.000000000000000
-0.754385964912281
0.000000000000000
-1.781676413255360
-2.808966861598440
-3.836257309941520
-4.863547758284600
-5.890838206627680
-6.918128654970760
-7.945419103313840
-8.972709551656919
-10.000000000000000
-0.771929824561403
0.000000000000000
-1.797270955165690
-2.822612085769980
-3.847953216374270
-4.873294346978560
-5.898635477582840
-6.923976608187140
-7.949317738791420
-8.974658869395711
-10.000000000000000
-0.789473684210526
0.000000000000000
-1.812865497076020
-2.836257309941520
-3.859649122807020
-4.883040935672510
-5.906432748538010
-6.929824561403510
-7.953216374269010
-8.976608187134500
-10.000000000000000
-0.807017543859649
0.000000000000000
-1.828460038986350
-2.849902534113060
-3.871345029239760
-4.892787524366470
-5.914230019493180
-6.935672514619880
-7.957115009746590
-8.978557504873290
-10.000000000000000
-0.824561403508772
0.000000000000000
-1.844054580896690
-2.863547758284600
-3.883040935672510
-4.902534113060430
-5.922027290448340
-6.941520467836260
-7.961013645224170
-8.980506822612091
-10.000000000000000
-0.842105263157895
0.000000000000000
-1.859649122807020
-2.877192982456140
-3.894736842105260
-4.912280701754390
-5.929824561403500
-6.947368421052640
-7.964912280701750
-8.982456140350880
-10.000000000000000
-0.859649122807017
0.000000000000000
-1.875243664717350
-2.890838206627680
-3.906432748538010
-4.922027290448340
-5.937621832358670
-6.953216374269010
-7.968810916179330
-8.984405458089670
-10.000000000000000
-0.877192982456140
0.000000000000000
-1.890838206627680
-2.904483430799220
-3.918128654970760
-4.931773879142300
-5.945419103313840
-6.959064327485380
-7.972709551656920
-8.986354775828460
-10.000000000000000
-0.894736842105263
0.000000000000000
-1.906432748538010
-2.918128654970760
-3.929824561403510
-4.941520467836260
-5.953216374269010
-6.964912280701760
-7.976608187134500
-8.988304093567249
-10.000000000000000
-0.912280701754386
0.000000000000000
-1.922027290448340
-2.931773879142300
-3.941520467836260
-4.951267056530210
-5.961013645224170
-6.970760233918130
-7.980506822612080
-8.990253411306041
-10.000000000000000
-0.929824561403508
0.000000000000000
-1.937621832358670
-2.945419103313840
-3.953216374269000
-4.961013645224170
-5.968810916179340
-6.976608187134500
-7.984405458089670
-8.992202729044831
-10.000000000000000
-0.947368421052631
0.000000000000000
-1.953216374269010
-2.959064327485380
-3.964912280701750
-4.970760233918130
-5.976608187134500
-6.982456140350880
-7.988304093567250
-8.994152046783629
-10.000000000000000
-0.964912280701754
0.000000000000000
-1.968810916179340
-2.972709551656920
-3.976608187134500
-4.980506822612090
-5.984405458089670
-6.988304093567250
-7.992202729044830
-8.996101364522421
-10.000000000000000
-0.982456140350877
0.000000000000000
-1.984405458089670
-2.986354775828460
-3.988304093567250
-4.990253411306040
-5.992202729044830
-6.994152046783630
-7.996101364522410
-8.998050682261210
-10.000000000000000
-1.000000000000000
0.000000000000000
-2.000000000000000
-3.000000000000000
-4.000000000000000
-5.000000000000000
-6.000000000000000
-7.000000000000000
-8.000000000000000
-9.000000000000000
-10.000000000000000
0.000000000000000
-0.611111111111111
-0.631578947368421
0.000000000000000
-1.654320987654320
-1.672514619883040
-2.697530864197530
-2.713450292397660
-3.740740740740740
-3.754385964912280
-4.783950617283950
-4.795321637426900
-5.827160493827160
-5.836257309941520
-6.870370370370370
-6.877192982456140
-7.913580246913580
-7.918128654970760
-8.956790123456789
-8.959064327485381
-10.000000000000000
-10.000000000000000
-0.652046783625731
0.000000000000000
-1.690708252111760
-2.729369720597790
-3.768031189083820
-4.806692657569850
-5.845354126055880
-6.884015594541910
-7.922677063027940
-8.961338531513970
-10.000000000000000
-0.672514619883041
0.000000000000000
-1.708901884340480
-2.745289148797920
-3.781676413255360
-4.818063677712800
-5.854450942170240
-6.890838206627680
-7.927225471085120
-8.963612735542560
-10.000000000000000
-0.692982456140351
0.000000000000000
-1.727095516569200
-2.761208576998050
-3.795321637426900
-4.829434697855750
-5.863547758284600
-6.897660818713450
-7.931773879142300
-8.965886939571149
-10.000000000000000
-0.713450292397661
0.000000000000000
-1.745289148797920
-2.777128005198180
-3.808966861598440
-4.840805717998700
-5.872644574398960
-6.904483430799220
-7.936322287199480
-8.968161143599740
-10.000000000000000
-0.733918128654971
0.000000000000000
-1.763482781026640
-2.793047433398310
-3.822612085769980
-4.852176738141650
-5.881741390513320
-6.911306042884990
-7.940870695256660
-8.970435347628319
-10.000000000000000
-0.754385964912280
0.000000000000000
-1.781676413255360
-2.808966861598440
-3.836257309941520
-4.863547758284600
-5.890838206627680
-6.918128654970760
-7.945419103313840
-8.972709551656919
-10.000000000000000
-0.774853801169591
0.000000000000000
-1.799870045484080
-2.824886289798570
-3.849902534113060
-4.874918778427550
-5.899935022742040
-6.924951267056530
-7.949967511371020
-8.974983755685511
-10.000000000000000
-0.795321637426901
0.000000000000000
-1.818063677712800
-2.840805717998700
-3.863547758284600
-4.886289798570500
-5.909031838856400
-6.931773879142300
-7.954515919428200
-8.977257959714089
-10.000000000000000
-0.815789473684210
0.000000000000000
-1.836257309941520
-2.856725146198830
-3.877192982456140
-4.897660818713450
-5.918128654970760
-6.938596491228070
-7.959064327485380
-8.979532163742689
-10.000000000000000
-0.836257309941520
0.000000000000000
-1.854450942170240
-2.872644574398960
-3.890838206627680
-4.909031838856400
-5.927225471085120
-6.945419103313840
-7.963612735542560
-8.981806367771281
-10.000000000000000
-0.856725146198830
0.000000000000000
-1.872644574398960
-2.888564002599090
-3.904483430799220
-4.920402858999350
-5.936322287199480
-6.952241715399610
-7.968161143599740
-8.984080571799870
-10.000000000000000
-0.877192982456140
0.000000000000000
-1.890838206627680
-2.904483430799220
-3.918128654970760
-4.931773879142300
-5.945419103313840
-6.959064327485380
-7.972709551656920
-8.986354775828460
-10.000000000000000
-0.897660818713450
0.000000000000000
-1.909031838856400
-2.920402858999350
-3.931773879142300
-4.943144899285250
-5.954515919428200
-6.965886939571150
-7.977257959714100
-8.988628979857049
-10.000000000000000
-0.918128654970760
0.000000000000000
-1.927225471085120
-2.936322287199480
-3.945419103313840
-4.954515919428200
-5.963612735542560
-6.972709551656920
-7.981806367771280
-8.990903183885640
-10.000000000000000
-0.938596491228070
0.000000000000000
-1.945419103313840
-2.952241715399610
-3.959064327485380
-4.965886939571150
-5.972709551656920
-6.979532163742690
-7.986354775828460
-8.993177387914230
-10.000000000000000
-0.959064327485380
0.000000000000000
-1.963612735542560
-2.968161143599740
-3.972709551656920
-4.977257959714100
-5.981806367771280
-6.986354775828460
-7.990903183885640
-8.995451591942810
-10.000000000000000
-0.979532163742690
0.000000000000000
-1.981806367771280
-2.984080571799870
-3.986354775828460
-4.988628979857050
-5.990903183885640
-6.993177387914230
-7.995451591942820
-8.997725795971411
-10.000000000000000
-1.000000000000000
0.000000000000000
-2.000000000000000
-3.000000000000000
-4.000000000000000
-5.000000000000000
-6.000000000000000
-7.000000000000000
-8.000000000000000
-9.000000000000000
-10.000000000000000
0.000000000000000
-0.555555555555556
-0.578947368421053
0.000000000000000
-1.604938271604940
-1.625730994152050
-2.654320987654320
-2.672514619883040
-3.703703703703710
-3.719298245614040
-4.753086419753080
-4.766081871345030
-5.802469135802470
-5.812865497076020
-6.851851851851850
-6.859649122807010
-7.901234567901240
-7.906432748538010
-8.950617283950621
-8.953216374269010
-10.000000000000000
-10.000000000000000
-0.602339181286550
0.000000000000000
-1.646523716699160
-2.690708252111760
-3.734892787524370
-4.779077322936970
-5.823261858349580
-6.867446393762180
-7.911630929174790
-8.955815464587390
-10.000000000000000
-0.625730994152047
0.000000000000000
-1.667316439246260
-2.708901884340480
-3.750487329434700
-4.792072774528910
-5.833658219623130
-6.875243664717350
-7.916829109811570
-8.958414554905790
-10.000000000000000
-0.649122807017544
0.000000000000000
-1.688109161793370
-2.727095516569200
-3.766081871345030
-4.805068226120860
-5.844054580896680
-6.883040935672510
-7.922027290448340
-8.961013645224170
-10.000000000000000
-0.672514619883041
0.000000000000000
-1.708901884340480
-2.745289148797920
-3.781676413255360
-4.818063677712800
-5.854450942170240
-6.890838206627680
-7.927225471085120
-8.963612735542560
-10.000000000000000
-0.695906432748538
0.000000000000000
-1.729694606887590
-2.763482781026640
-3.797270955165690
-4.831059129304740
-5.864847303443800
-6.898635477582840
-7.932423651721900
-8.966211825860951
-10.000000000000000
-0.719298245614035
0.000000000000000
-1.750487329434700
-2.781676413255360
-3.812865497076020
-4.844054580896680
-5.875243664717350
-6.906432748538010
-7.937621832358670
-8.968810916179340
-10.000000000000000
-0.742690058479532
0.000000000000000
-1.771280051981810
-2.799870045484080
-3.828460038986350
-4.857050032488630
-5.885640025990900
-6.914230019493180
-7.942820012995450
-8.971410006497729
-10.000000000000000
-0.766081871345029
0.000000000000000
-1.792072774528910
-2.818063677712800
-3.844054580896690
-4.870045484080570
-5.896036387264460
-6.922027290448340
-7.948018193632230
-8.974009096816109
-10.000000000000000
-0.789473684210526
0.000000000000000
-1.812865497076020
-2.836257309941520
-3.859649122807020
-4.883040935672510
-5.906432748538010
-6.929824561403510
-7.953216374269000
-8.976608187134500
-10.000000000000000
-0.812865497076023
0.000000000000000
-1.833658219623130
-2.854450942170240
-3.875243664717350
-4.896036387264460
-5.916829109811560
-6.937621832358680
-7.958414554905780
-8.979207277452900
-10.000000000000000
-0.836257309941520
0.000000000000000
-1.854450942170240
-2.872644574398960
-3.890838206627680
-4.909031838856400
-5.927225471085120
-6.945419103313840
-7.963612735542560
-8.981806367771281
-10.000000000000000
-0.859649122807017
0.000000000000000
-1.875243664717350
-2.890838206627680
-3.906432748538010
-4.922027290448340
-5.937621832358670
-6.953216374269010
-7.968810916179330
-8.984405458089670
-10.000000000000000
-0.883040935672514
0.000000000000000
-1.896036387264460
-2.909031838856400
-3.922027290448340
-4.935022742040280
-5.948018193632230
-6.961013645224170
-7.974009096816110
-8.987004548408059
-10.000000000000000
-0.906432748538012
0.000000000000000
-1.916829109811570
-2.927225471085120
-3.937621832358670
-4.948018193632230
-5.958414554905780
-6.968810916179340
-7.979207277452890
-8.989603638726450
-10.000000000000000
-0.929824561403508
0.000000000000000
-1.937621832358670
-2.945419103313840
-3.953216374269010
-4.961013645224170
-5.968810916179340
-6.976608187134510
-7.984405458089660
-8.992202729044839
-10.000000000000000
-0.953216374269005
0.000000000000000
-1.958414554905780
-2.963612735542560
-3.968810916179340
-4.974009096816110
-5.979207277452890
-6.984405458089670
-7.989603638726440
-8.994801819363220
-10.000000000000000
-0.976608187134503
0.000000000000000
-1.979207277452890
-2.981806367771280
-3.984405458089670
-4.987004548408060
-5.989603638726450
-6.992202729044840
-7.994801819363220
-8.997400909681611
-10.000000000000000
-1.000000000000000
0.000000000000000
-2.000000000000000
-3.000000000000000
-4.000000000000000
-5.000000000000000
-6.000000000000000
-7.000000000000000
-8.000000000000000
-9.000000000000000
-10.000000000000000
-0.526315789473684
0.000000000000000
-1.555555555555560
-1.578947368421050
-2.611111111111110
-2.631578947368420
-3.666666666666670
-3.684210526315790
-4.722222222222220
-4.736842105263160
-5.777777777777780
-5.789473684210530
-6.833333333333330
-6.842105263157890
-7.888888888888890
-7.894736842105260
-8.944444444444439
-8.947368421052630
-10.000000000000000
-10.000000000000000
-0.552631578947368
0.000000000000000
-1.602339181286550
-2.652046783625730
-3.701754385964910
-4.751461988304090
-5.801169590643280
-6.850877192982460
-7.900584795321640
-8.950292397660810
-10.000000000000000
-0.578947368421053
0.000000000000000
-1.625730994152050
-2.672514619883040
-3.719298245614030
-4.766081871345030
-5.812865497076020
-6.859649122807020
-7.906432748538010
-8.953216374269010
-10.000000000000000
-0.605263157894737
0.000000000000000
-1.649122807017540
-2.692982456140350
-3.736842105263160
-4.780701754385960
-5.824561403508770
-6.868421052631580
-7.912280701754390
-8.956140350877201
-10.000000000000000
-0.631578947368421
0.000000000000000
-1.672514619883040
-2.713450292397660
-3.754385964912280
-4.795321637426900
-5.836257309941520
-6.877192982456140
-7.918128654970760
-8.959064327485381
-10.000000000000000
-0.657894736842105
0.000000000000000
-1.695906432748540
-2.733918128654970
-3.771929824561400
-4.809941520467840
-5.847953216374270
-6.885964912280700
-7.923976608187130
-8.961988304093561
-10.000000000000000
-0.684210526315789
0.000000000000000
-1.719298245614040
-2.754385964912280
-3.789473684210530
-4.824561403508770
-5.859649122807020
-6.894736842105270
-7.929824561403510
-8.964912280701750
-10.000000000000000
-0.710526315789473
0.000000000000000
-1.742690058479530
-2.774853801169590
-3.807017543859650
-4.839181286549710
-5.871345029239770
-6.903508771929820
-7.935672514619880
-8.967836257309941
-10.000000000000000
-0.736842105263158
0.000000000000000
-1.766081871345030
-2.795321637426900
-3.824561403508770
-4.853801169590640
-5.883040935672520
-6.912280701754390
-7.941520467836260
-8.970760233918121
-10.000000000000000
-0.763157894736842
0.000000000000000
-1.789473684210530
-2.815789473684210
-3.842105263157890
-4.868421052631580
-5.894736842105260
-6.921052631578950
-7.947368421052630
-8.973684210526310
-10.000000000000000
-0.789473684210526
0.000000000000000
-1.812865497076020
-2.836257309941520
-3.859649122807020
-4.883040935672510
-5.906432748538010
-6.929824561403510
-7.953216374269000
-8.976608187134500
-10.000000000000000
-0.815789473684211
0.000000000000000
-1.836257309941520
-2.856725146198830
-3.877192982456140
-4.897660818713450
-5.918128654970760
-6.938596491228070
-7.959064327485380
-8.979532163742689
-10.000000000000000
-0.842105263157895
0.000000000000000
-1.859649122807020
-2.877192982456140
-3.894736842105260
-4.912280701754380
-5.929824561403510
-6.947368421052640
-7.964912280701750
-8.982456140350880
-10.000000000000000
-0.868421052631579
0.000000000000000
-1.883040935672510
-2.897660818713450
-3.912280701754390
-4.926900584795320
-5.941520467836260
-6.956140350877190
-7.970760233918130
-8.985380116959060
-10.000000000000000
-0.894736842105263
0.000000000000000
-1.906432748538010
-2.918128654970760
-3.929824561403510
-4.941520467836260
-5.953216374269000
-6.964912280701760
-7.976608187134500
-8.988304093567249
-10.000000000000000
-0.921052631578947
0.000000000000000
-1.929824561403510
-2.938596491228070
-3.947368421052630
-4.956140350877190
-5.964912280701760
-6.973684210526320
-7.982456140350880
-8.991228070175440
-10.000000000000000
-0.947368421052632
0.000000000000000
-1.953216374269010
-2.959064327485380
-3.964912280701750
-4.970760233918130
-5.976608187134500
-6.982456140350880
-7.988304093567250
-8.994152046783629
-10.000000000000000
-0.973684210526316
0.000000000000000
-1.976608187134500
-2.979532163742690
-3.982456140350880
-4.985380116959060
-5.988304093567250
-6.991228070175440
-7.994152046783620
-8.997076023391820
-10.000000000000000
-1.000000000000000
0.000000000000000
-2.000000000000000
-3.000000000000000
-4.000000000000000
-5.000000000000000
-6.000000000000000
-7.000000000000000
-8.000000000000000
-9.000000000000000
-10.000000000000000
-0.526315789473684
0.000000000000000
-1.555555555555560
-1.578947368421050
-2.611111111111110
-2.631578947368420
-3.666666666666670
-3.684210526315790
-4.722222222222220
-4.736842105263160
-5.777777777777780
-5.789473684210520
-6.833333333333330
-6.842105263157890
-7.888888888888890
-7.894736842105260
-8.944444444444439
-8.947368421052630
-10.000000000000000
-10.000000000000000
-0.552631578947368
0.000000000000000
-1.602339181286550
-2.652046783625730
-3.701754385964910
-4.751461988304090
-5.801169590643270
-6.850877192982450
-7.900584795321630
-8.950292397660810
-10.000000000000000
-0.578947368421053
0.000000000000000
-1.625730994152050
-2.672514619883040
-3.719298245614030
-4.766081871345030
-5.812865497076020
-6.859649122807020
-7.906432748538010
-8.953216374269010
-10.000000000000000
-0.605263157894737
0.000000000000000
-1.649122807017540
-2.692982456140350
-3.736842105263160
-4.780701754385960
-5.824561403508770
-6.868421052631580
-7.912280701754380
-8.956140350877190
-10.000000000000000
-0.631578947368421
0.000000000000000
-1.672514619883040
-2.713450292397660
-3.754385964912280
-4.795321637426900
-5.836257309941520
-6.877192982456140
-7.918128654970760
-8.959064327485381
-10.000000000000000
-0.657894736842105
0.000000000000000
-1.695906432748540
-2.733918128654970
-3.771929824561400
-4.809941520467840
-5.847953216374270
-6.885964912280700
-7.923976608187130
-8.961988304093561
-10.000000000000000
-0.684210526315789
0.000000000000000
-1.719298245614030
-2.754385964912280
-3.789473684210530
-4.824561403508770
-5.859649122807020
-6.894736842105260
-7.929824561403510
-8.964912280701750
-10.000000000000000
-0.710526315789474
0.000000000000000
-1.742690058479530
-2.774853801169590
-3.807017543859650
-4.839181286549710
-5.871345029239760
-6.903508771929820
-7.935672514619880
-8.967836257309941
-10.000000000000000
-0.736842105263158
0.000000000000000
-1.766081871345030
-2.795321637426900
-3.824561403508770
-4.853801169590640
-5.883040935672510
-6.912280701754390
-7.941520467836250
-8.970760233918121
-10.000000000000000
-0.763157894736842
0.000000000000000
-1.789473684210530
-2.815789473684210
-3.842105263157890
-4.868421052631580
-5.894736842105260
-6.921052631578950
-7.947368421052630
-8.973684210526310
-10.000000000000000
-0.789473684210526
0.000000000000000
-1.812865497076020
-2.836257309941520
-3.859649122807020
-4.883040935672510
-5.906432748538010
-6.929824561403510
-7.953216374269000
-8.976608187134500
-10.000000000000000
-0.815789473684211
0.000000000000000
-1.836257309941520
-2.856725146198830
-3.877192982456140
-4.897660818713450
-5.918128654970760
-6.938596491228070
-7.959064327485380
-8.979532163742689
-10.000000000000000
-0.842105263157895
0.000000000000000
-1.859649122807020
-2.877192982456140
-3.894736842105260
-4.912280701754390
-5.929824561403510
-6.947368421052630
-7.964912280701750
-8.982456140350880
-10.000000000000000
-0.868421052631579
0.000000000000000
-1.883040935672510
-2.897660818713450
-3.912280701754390
-4.926900584795320
-5.941520467836260
-6.956140350877190
-7.970760233918130
-8.985380116959060
-10.000000000000000
-0.894736842105263
0.000000000000000
-1.906432748538010
-2.918128654970760
-3.929824561403510
-4.941520467836260
-5.953216374269000
-6.964912280701750
-7.976608187134500
-8.988304093567249
-10.000000000000000
-0.921052631578947
0.000000000000000
-1.929824561403510
-2.938596491228070
-3.947368421052630
-4.956140350877190
-5.964912280701750
-6.973684210526320
-7.982456140350880
-8.991228070175440
-10.000000000000000
-0.947368421052632
0.000000000000000
-1.953216374269010
-2.959064327485380
-3.964912280701750
-4.970760233918130
-5.976608187134500
-6.982456140350880
-7.988304093567250
-8.994152046783629
-10.000000000000000
-0.973684210526316
0.000000000000000
-1.976608187134500
-2.979532163742690
-3.982456140350880
-4.985380116959060
-5.988304093567250
-6.991228070175440
-7.994152046783630
-8.997076023391809
-10.000000000000000
-1.000000000000000
0.000000000000000
-2.000000000000000
-3.000000000000000
-4.000000000000000
-5.000000000000000
-6.000000000000000
-7.000000000000000
-8.000000000000000
-9.000000000000000
-10.000000000000000
10.000000000000000
10.000000000000000
9.000000000000000
9.000000000000000
10.000000000000000
10.000000000000000
8.993827160493820
8.993827160493820
10.000000000000000
9.000000000000000
10.000000000000000
8.994152046783620
10.000000000000000
9.000000000000000
10.000000000000000
8.994476933073420
10.000000000000000
9.000000000000000
10.000000000000000
8.994801819363220
10.000000000000000
9.000000000000000
10.000000000000000
8.995126705653020
10.000000000000000
9.000000000000000
10.000000000000000
8.995451591942819
10.000000000000000
9.000000000000000
10.000000000000000
8.995776478232610
10.000000000000000
9.000000000000000
10.000000000000000
8.996101364522410
10.000000000000000
9.000000000000000
10.000000000000000
8.996426250812220
10.000000000000000
9.000000000000000
10.000000000000000
8.996751137102009
10.000000000000000
9.000000000000000
10.000000000000000
8.997076023391809
10.000000000000000
9.000000000000000
10.000000000000000
8.997400909681611
10.000000000000000
9.000000000000000
10.000000000000000
8.997725795971411
10.000000000000000
9.000000000000000
10.000000000000000
8.998050682261210
10.000000000000000
9.000000000000000
10.000000000000000
8.998375568551010
10.000000000000000
9.000000000000000
10.000000000000000
8.998700454840799
10.000000000000000
9.000000000000000
10.000000000000000
8.999025341130601
10.000000000000000
9.000000000000000
10.000000000000000
8.999350227420400
10.000000000000000
9.000000000000000
10.000000000000000
8.999675113710200
10.000000000000000
9.000000000000000
10.000000000000000
9.000000000000000
8.000000000000000
8.000000000000000
7.987654320987650
7.987654320987650
8.000000000000000
7.988304093567250
8.000000000000000
7.988953866146840
8.000000000000000
7.989603638726440
8.000000000000000
7.990253411306040
8.000000000000000
7.990903183885640
8.000000000000000
7.991552956465240
8.000000000000000
7.992202729044830
8.000000000000000
7.992852501624430
8.000000000000000
7.993502274204030
8.000000000000000
7.994152046783620
8.000000000000000
7.994801819363220
8.000000000000000
7.995451591942820
8.000000000000000
7.996101364522420
8.000000000000000
7.996751137102010
8.000000000000000
7.997400909681610
8.000000000000000
7.998050682261200
8.000000000000000
7.998700454840800
8.000000000000000
7.999350227420400
8.000000000000000
8.000000000000000
7.000000000000000
7.000000000000000
6.981481481481480
6.981481481481480
7.000000000000000
6.982456140350880
7.000000000000000
6.983430799220280
7.000000000000000
6.984405458089670
7.000000000000000
6.985380116959070
7.000000000000000
6.986354775828460
7.000000000000000
6.987329434697860
7.000000000000000
6.988304093567250
7.000000000000000
6.989278752436650
7.000000000000000
6.990253411306050
7.000000000000000
6.991228070175440
7.000000000000000
6.992202729044830
7.000000000000000
6.993177387914230
7.000000000000000
6.994152046783630
7.000000000000000
6.995126705653020
7.000000000000000
6.996101364522420
7.000000000000000
6.997076023391820
7.000000000000000
6.998050682261210
7.000000000000000
6.999025341130610
7.000000000000000
7.000000000000000
6.000000000000000
6.000000000000000
5.975308641975310
5.975308641975310
6.000000000000000
5.976608187134500
6.000000000000000
5.977907732293700
6.000000000000000
5.979207277452890
6.000000000000000
5.980506822612080
6.000000000000000
5.981806367771280
6.000000000000000
5.983105912930470
6.000000000000000
5.984405458089670
6.000000000000000
5.985705003248860
6.000000000000000
5.987004548408060
6.000000000000000
5.988304093567250
6.000000000000000
5.989603638726450
6.000000000000000
5.990903183885640
6.000000000000000
5.992202729044830
6.000000000000000
5.993502274204030
6.000000000000000
5.994801819363220
6.000000000000000
5.996101364522420
6.000000000000000
5.997400909681610
6.000000000000000
5.998700454840800
6.000000000000000
6.000000000000000
5.000000000000000
5.000000000000000
4.969135802469130
4.969135802469130
5.000000000000000
4.970760233918130
5.000000000000000
4.972384665367120
5.000000000000000
4.974009096816110
5.000000000000000
4.975633528265110
5.000000000000000
4.977257959714100
5.000000000000000
4.978882391163090
5.000000000000000
4.980506822612090
5.000000000000000
4.982131254061080
5.000000000000000
4.983755685510070
5.000000000000000
4.985380116959070
5.000000000000000
4.987004548408050
5.000000000000000
4.988628979857050
5.000000000000000
4.990253411306040
5.000000000000000
4.991877842755040
5.000000000000000
4.993502274204030
5.000000000000000
4.995126705653020
5.000000000000000
4.996751137102010
5.000000000000000
4.998375568551010
5.000000000000000
5.000000000000000
4.000000000000000
4.000000000000000
3.962962962962960
3.962962962962960
4.000000000000000
3.964912280701750
4.000000000000000
3.966861598440540
4.000000000000000
3.968810916179330
4.000000000000000
3.970760233918130
4.000000000000000
3.972709551656920
4.000000000000000
3.974658869395710
4.000000000000000
3.976608187134500
4.000000000000000
3.978557504873290
4.000000000000000
3.980506822612090
4.000000000000000
3.982456140350880
4.000000000000000
3.984405458089670
4.000000000000000
3.986354775828460
4.000000000000000
3.988304093567250
4.000000000000000
3.990253411306040
4.000000000000000
3.992202729044830
4.000000000000000
3.994152046783620
4.000000000000000
3.996101364522420
4.000000000000000
3.998050682261210
4.000000000000000
4.000000000000000
3.000000000000000
3.000000000000000
2.956790123456790
2.956790123456790
3.000000000000000
2.959064327485380
3.000000000000000
2.961338531513970
3.000000000000000
2.963612735542560
3.000000000000000
2.965886939571150
3.000000000000000
2.968161143599740
3.000000000000000
2.970435347628330
3.000000000000000
2.972709551656920
3.000000000000000
2.974983755685510
3.000000000000000
2.977257959714100
3.000000000000000
2.979532163742690
3.000000000000000
2.981806367771280
3.000000000000000
2.984080571799870
3.000000000000000
2.986354775828460
3.000000000000000
2.988628979857050
3.000000000000000
2.990903183885640
3.000000000000000
2.993177387914230
3.000000000000000
2.995451591942820
3.000000000000000
2.997725795971410
3.000000000000000
3.000000000000000
2.000000000000000
2.000000000000000
1.950617283950620
1.950617283950620
2.000000000000000
1.953216374269010
2.000000000000000
1.955815464587400
2.000000000000000
1.958414554905780
2.000000000000000
1.961013645224170
2.000000000000000
1.963612735542560
2.000000000000000
1.966211825860950
2.000000000000000
1.968810916179340
2.000000000000000
1.971410006497730
2.000000000000000
1.974009096816120
2.000000000000000
1.976608187134500
2.000000000000000
1.979207277452890
2.000000000000000
1.981806367771280
2.000000000000000
1.984405458089670
2.000000000000000
1.987004548408060
2.000000000000000
1.989603638726450
2.000000000000000
1.992202729044830
2.000000000000000
1.994801819363220
2.000000000000000
1.997400909681610
2.000000000000000
2.000000000000000
1.000000000000000
1.000000000000000
0.944444444444445
0.944444444444444
1.000000000000000
0.947368421052632
1.000000000000000
0.950292397660819
1.000000000000000
0.953216374269006
1.000000000000000
0.956140350877193
1.000000000000000
0.959064327485380
1.000000000000000
0.961988304093568
1.000000000000000
0.964912280701754
1.000000000000000
0.967836257309942
1.000000000000000
0.970760233918129
1.000000000000000
0.973684210526316
1.000000000000000
0.976608187134503
1.000000000000000
0.979532163742690
1.000000000000000
0.982456140350877
1.000000000000000
0.985380116959064
1.000000000000000
0.988304093567251
1.000000000000000
0.991228070175438
1.000000000000000
0.994152046783626
1.000000000000000
0.997076023391813
1.000000000000000
1.000000000000000
10.000000000000000
10.000000000000000
8.987654320987650
8.987654320987650
10.000000000000000
8.988304093567240
10.000000000000000
8.988953866146840
10.000000000000000
8.989603638726440
10.000000000000000
8.990253411306041
10.000000000000000
8.990903183885640
10.000000000000000
8.991552956465229
10.000000000000000
8.992202729044831
10.000000000000000
8.992852501624430
10.000000000000000
8.993502274204030
10.000000000000000
8.994152046783620
10.000000000000000
8.994801819363220
10.000000000000000
8.995451591942819
10.000000000000000
8.996101364522421
10.000000000000000
8.996751137102020
10.000000000000000
8.997400909681611
10.000000000000000
8.998050682261210
10.000000000000000
8.998700454840799
10.000000000000000
8.999350227420400
10.000000000000000
9.000000000000000
7.975308641975300
7.975308641975310
7.976608187134500
7.977907732293690
7.979207277452890
7.980506822612080
7.981806367771280
7.983105912930470
7.984405458089670
7.985705003248860
7.987004548408050
7.988304093567250
7.989603638726440
7.990903183885640
7.992202729044830
7.993502274204030
7.994801819363220
7.996101364522420
7.997400909681610
7.998700454840800
8.000000000000000
6.962962962962960
6.962962962962960
6.964912280701760
6.966861598440550
6.968810916179340
6.970760233918130
6.972709551656920
6.974658869395710
6.976608187134500
6.978557504873290
6.980506822612090
6.982456140350880
6.984405458089670
6.986354775828460
6.988304093567260
6.990253411306040
6.992202729044840
6.994152046783630
6.996101364522420
6.998050682261210
7.000000000000000
5.950617283950620
5.950617283950620
5.953216374269000
5.955815464587390
5.958414554905780
5.961013645224170
5.963612735542560
5.966211825860950
5.968810916179340
5.971410006497720
5.974009096816110
5.976608187134500
5.979207277452890
5.981806367771280
5.984405458089670
5.987004548408060
5.989603638726450
5.992202729044830
5.994801819363220
5.997400909681610
6.000000000000000
4.938271604938270
4.938271604938270
4.941520467836250
4.944769330734240
4.948018193632220
4.951267056530210
4.954515919428200
4.957764782326180
4.961013645224170
4.964262508122160
4.967511371020140
4.970760233918130
4.974009096816110
4.977257959714100
4.980506822612090
4.983755685510070
4.987004548408060
4.990253411306040
4.993502274204030
4.996751137102010
5.000000000000000
3.925925925925930
3.925925925925930
3.929824561403510
3.933723196881090
3.937621832358670
3.941520467836260
3.945419103313840
3.949317738791420
3.953216374269000
3.957115009746590
3.961013645224170
3.964912280701760
3.968810916179340
3.972709551656920
3.976608187134500
3.980506822612090
3.984405458089670
3.988304093567250
3.992202729044830
3.996101364522420
4.000000000000000
2.913580246913580
2.913580246913580
2.918128654970760
2.922677063027940
2.927225471085120
2.931773879142300
2.936322287199480
2.940870695256660
2.945419103313840
2.949967511371020
2.954515919428200
2.959064327485380
2.963612735542560
2.968161143599740
2.972709551656920
2.977257959714100
2.981806367771280
2.986354775828460
2.990903183885640
2.995451591942820
3.000000000000000
1.901234567901230
1.901234567901240
1.906432748538010
1.911630929174790
1.916829109811570
1.922027290448340
1.927225471085120
1.932423651721900
1.937621832358670
1.942820012995450
1.948018193632230
1.953216374269010
1.958414554905780
1.963612735542560
1.968810916179340
1.974009096816110
1.979207277452890
1.984405458089670
1.989603638726450
1.994801819363220
2.000000000000000
0.888888888888889
0.888888888888889
0.894736842105263
0.900584795321638
0.906432748538012
0.912280701754386
0.918128654970761
0.923976608187134
0.929824561403509
0.935672514619883
0.941520467836257
0.947368421052632
0.953216374269006
0.959064327485380
0.964912280701754
0.970760233918128
0.976608187134503
0.982456140350877
0.988304093567251
0.994152046783626
1.000000000000000
10.000000000000000
10.000000000000000
8.981481481481479
8.981481481481479
10.000000000000000
8.982456140350880
10.000000000000000
8.983430799220271
10.000000000000000
8.984405458089670
10.000000000000000
8.985380116959069
10.000000000000000
8.986354775828460
10.000000000000000
8.987329434697850
10.000000000000000
8.988304093567249
10.000000000000000
8.989278752436650
10.000000000000000
8.990253411306050
10.000000000000000
8.991228070175440
10.000000000000000
8.992202729044831
10.000000000000000
8.993177387914230
10.000000000000000
8.994152046783620
10.000000000000000
8.995126705653020
10.000000000000000
8.996101364522421
10.000000000000000
8.997076023391809
10.000000000000000
8.998050682261210
10.000000000000000
8.999025341130601
10.000000000000000
9.000000000000000
7.962962962962960
7.962962962962960
7.964912280701750
7.966861598440540
7.968810916179330
7.970760233918130
7.972709551656920
7.974658869395710
7.976608187134500
7.978557504873290
7.980506822612090
7.982456140350880
7.984405458089670
7.986354775828460
7.988304093567250
7.990253411306040
7.992202729044830
7.994152046783620
7.996101364522420
7.998050682261210
8.000000000000000
6.944444444444440
6.944444444444440
6.947368421052630
6.950292397660820
6.953216374269010
6.956140350877190
6.959064327485380
6.961988304093570
6.964912280701750
6.967836257309940
6.970760233918130
6.973684210526320
6.976608187134500
6.979532163742690
6.982456140350880
6.985380116959070
6.988304093567250
6.991228070175440
6.994152046783630
6.997076023391810
7.000000000000000
5.925925925925920
5.925925925925930
5.929824561403510
5.933723196881090
5.937621832358670
5.941520467836250
5.945419103313840
5.949317738791420
5.953216374269000
5.957115009746590
5.961013645224170
5.964912280701750
5.968810916179340
5.972709551656920
5.976608187134500
5.980506822612080
5.984405458089670
5.988304093567250
5.992202729044830
5.996101364522420
6.000000000000000
4.907407407407410
4.907407407407410
4.912280701754390
4.917153996101370
4.922027290448340
4.926900584795320
4.931773879142300
4.936647173489280
4.941520467836260
4.946393762183240
4.951267056530210
4.956140350877190
4.961013645224170
4.965886939571150
4.970760233918130
4.975633528265110
4.980506822612090
4.985380116959070
4.990253411306040
4.995126705653020
5.000000000000000
3.888888888888890
3.888888888888890
3.894736842105260
3.900584795321640
3.906432748538010
3.912280701754390
3.918128654970760
3.923976608187140
3.929824561403510
3.935672514619880
3.941520467836260
3.947368421052630
3.953216374269010
3.959064327485380
3.964912280701750
3.970760233918130
3.976608187134500
3.982456140350880
3.988304093567250
3.994152046783630
4.000000000000000
2.870370370370370
2.870370370370370
2.877192982456140
2.884015594541910
2.890838206627680
2.897660818713450
2.904483430799220
2.911306042884990
2.918128654970760
2.924951267056530
2.931773879142300
2.938596491228070
2.945419103313840
2.952241715399610
2.959064327485380
2.965886939571150
2.972709551656920
2.979532163742690
2.986354775828460
2.993177387914230
3.000000000000000
1.851851851851850
1.851851851851850
1.859649122807020
1.867446393762180
1.875243664717350
1.883040935672510
1.890838206627680
1.898635477582850
1.906432748538010
1.914230019493180
1.922027290448340
1.929824561403510
1.937621832358670
1.945419103313840
1.953216374269010
1.961013645224170
1.968810916179340
1.976608187134500
1.984405458089670
1.992202729044830
2.000000000000000
0.833333333333334
0.833333333333333
0.842105263157895
0.850877192982456
0.859649122807018
0.868421052631579
0.877192982456141
0.885964912280702
0.894736842105263
0.903508771929825
0.912280701754386
0.921052631578948
0.929824561403509
0.938596491228070
0.947368421052632
0.956140350877193
0.964912280701754
0.973684210526316
0.982456140350877
0.991228070175439
1.000000000000000
10.000000000000000
10.000000000000000
8.975308641975300
8.975308641975310
10.000000000000000
8.976608187134500
10.000000000000000
8.977907732293691
10.000000000000000
8.979207277452890
10.000000000000000
8.980506822612091
10.000000000000000
8.981806367771281
10.000000000000000
8.983105912930469
10.000000000000000
8.984405458089659
10.000000000000000
8.985705003248860
10.000000000000000
8.987004548408050
10.000000000000000
8.988304093567249
10.000000000000000
8.989603638726440
10.000000000000000
8.990903183885640
10.000000000000000
8.992202729044839
10.000000000000000
8.993502274204030
10.000000000000000
8.994801819363220
10.000000000000000
8.996101364522410
10.000000000000000
8.997400909681611
10.000000000000000
8.998700454840810
10.000000000000000
9.000000000000000
7.950617283950610
7.950617283950610
7.953216374269000
7.955815464587390
7.958414554905780
7.961013645224170
7.963612735542560
7.966211825860950
7.968810916179330
7.971410006497720
7.974009096816110
7.976608187134500
7.979207277452890
7.981806367771280
7.984405458089660
7.987004548408050
7.989603638726440
7.992202729044830
7.994801819363220
7.997400909681610
8.000000000000000
6.925925925925920
6.925925925925920
6.929824561403510
6.933723196881090
6.937621832358670
6.941520467836260
6.945419103313840
6.949317738791420
6.953216374269010
6.957115009746590
6.961013645224170
6.964912280701760
6.968810916179340
6.972709551656920
6.976608187134500
6.980506822612090
6.984405458089670
6.988304093567250
6.992202729044830
6.996101364522420
7.000000000000000
5.901234567901240
5.901234567901240
5.906432748538010
5.911630929174790
5.916829109811570
5.922027290448340
5.927225471085120
5.932423651721900
5.937621832358680
5.942820012995450
5.948018193632230
5.953216374269010
5.958414554905780
5.963612735542560
5.968810916179340
5.974009096816110
5.979207277452890
5.984405458089670
5.989603638726440
5.994801819363220
6.000000000000000
4.876543209876540
4.876543209876540
4.883040935672520
4.889538661468480
4.896036387264460
4.902534113060430
4.909031838856400
4.915529564652370
4.922027290448340
4.928525016244320
4.935022742040290
4.941520467836260
4.948018193632230
4.954515919428200
4.961013645224170
4.967511371020140
4.974009096816120
4.980506822612090
4.987004548408060
4.993502274204030
5.000000000000000
3.851851851851850
3.851851851851850
3.859649122807020
3.867446393762180
3.875243664717350
3.883040935672510
3.890838206627680
3.898635477582840
3.906432748538010
3.914230019493180
3.922027290448340
3.929824561403510
3.937621832358670
3.945419103313840
3.953216374269000
3.961013645224170
3.968810916179340
3.976608187134500
3.984405458089670
3.992202729044830
4.000000000000000
2.827160493827160
2.827160493827160
2.836257309941520
2.845354126055880
2.854450942170240
2.863547758284600
2.872644574398960
2.881741390513320
2.890838206627680
2.899935022742040
2.909031838856400
2.918128654970760
2.927225471085120
2.936322287199480
2.945419103313840
2.954515919428200
2.963612735542560
2.972709551656920
2.981806367771280
2.990903183885640
3.000000000000000
1.802469135802470
1.802469135802470
1.812865497076020
1.823261858349580
1.833658219623130
1.844054580896690
1.854450942170240
1.864847303443790
1.875243664717350
1.885640025990900
1.896036387264460
1.906432748538010
1.916829109811570
1.927225471085120
1.937621832358670
1.948018193632230
1.958414554905780
1.968810916179340
1.979207277452890
1.989603638726450
2.000000000000000
0.777777777777778
0.777777777777778
0.789473684210526
0.801169590643275
0.812865497076023
0.824561403508772
0.836257309941521
0.847953216374269
0.859649122807018
0.871345029239766
0.883040935672514
0.894736842105263
0.906432748538012
0.918128654970760
0.929824561403509
0.941520467836257
0.953216374269006
0.964912280701754
0.976608187134503
0.988304093567251
1.000000000000000
10.000000000000000
10.000000000000000
8.969135802469131
8.969135802469131
10.000000000000000
8.970760233918121
10.000000000000000
8.972384665367120
10.000000000000000
8.974009096816109
10.000000000000000
8.975633528265110
10.000000000000000
8.977257959714100
10.000000000000000
8.978882391163090
10.000000000000000
8.980506822612091
10.000000000000000
8.982131254061080
10.000000000000000
8.983755685510070
10.000000000000000
8.985380116959060
10.000000000000000
8.987004548408059
10.000000000000000
8.988628979857049
10.000000000000000
8.990253411306041
10.000000000000000
8.991877842755040
10.000000000000000
8.993502274204030
10.000000000000000
8.995126705653020
10.000000000000000
8.996751137102009
10.000000000000000
8.998375568551010
10.000000000000000
9.000000000000000
7.938271604938270
7.938271604938270
7.941520467836260
7.944769330734240
7.948018193632230
7.951267056530210
7.954515919428200
7.957764782326180
7.961013645224170
7.964262508122150
7.967511371020140
7.970760233918130
7.974009096816110
7.977257959714100
7.980506822612080
7.983755685510070
7.987004548408050
7.990253411306040
7.993502274204030
7.996751137102010
8.000000000000000
6.907407407407400
6.907407407407410
6.912280701754380
6.917153996101360
6.922027290448340
6.926900584795320
6.931773879142300
6.936647173489280
6.941520467836260
6.946393762183230
6.951267056530210
6.956140350877190
6.961013645224170
6.965886939571150
6.970760233918130
6.975633528265110
6.980506822612080
6.985380116959060
6.990253411306040
6.995126705653020
7.000000000000000
5.876543209876540
5.876543209876540
5.883040935672520
5.889538661468490
5.896036387264450
5.902534113060430
5.909031838856400
5.915529564652370
5.922027290448340
5.928525016244310
5.935022742040280
5.941520467836260
5.948018193632230
5.954515919428200
5.961013645224170
5.967511371020140
5.974009096816110
5.980506822612090
5.987004548408050
5.993502274204030
6.000000000000000
4.845679012345680
4.845679012345680
4.853801169590640
4.861923326835610
4.870045484080570
4.878167641325530
4.886289798570500
4.894411955815460
4.902534113060430
4.910656270305390
4.918778427550360
4.926900584795320
4.935022742040290
4.943144899285250
4.951267056530210
4.959389213775180
4.967511371020140
4.975633528265110
4.983755685510070
4.991877842755040
5.000000000000000
3.814814814814810
3.814814814814810
3.824561403508770
3.834307992202730
3.844054580896680
3.853801169590640
3.863547758284600
3.873294346978560
3.883040935672510
3.892787524366470
3.902534113060430
3.912280701754380
3.922027290448340
3.931773879142300
3.941520467836260
3.951267056530220
3.961013645224170
3.970760233918130
3.980506822612090
3.990253411306040
4.000000000000000
2.783950617283950
2.783950617283950
2.795321637426900
2.806692657569850
2.818063677712800
2.829434697855750
2.840805717998700
2.852176738141650
2.863547758284600
2.874918778427550
2.886289798570500
2.897660818713450
2.909031838856400
2.920402858999350
2.931773879142300
2.943144899285250
2.954515919428200
2.965886939571150
2.977257959714100
2.988628979857050
3.000000000000000
1.753086419753090
1.753086419753090
1.766081871345030
1.779077322936970
1.792072774528920
1.805068226120860
1.818063677712800
1.831059129304740
1.844054580896690
1.857050032488630
1.870045484080570
1.883040935672510
1.896036387264460
1.909031838856400
1.922027290448340
1.935022742040290
1.948018193632230
1.961013645224170
1.974009096816110
1.987004548408060
2.000000000000000
0.722222222222222
0.722222222222222
0.736842105263158
0.751461988304093
0.766081871345029
0.780701754385965
0.795321637426901
0.809941520467836
0.824561403508772
0.839181286549708
0.853801169590643
0.868421052631579
0.883040935672515
0.897660818713450
0.912280701754386
0.926900584795321
0.941520467836257
0.956140350877193
0.970760233918128
0.985380116959065
1.000000000000000
10.000000000000000
10.000000000000000
8.962962962962960
8.962962962962960
10.000000000000000
8.964912280701739
10.000000000000000
8.966861598440540
10.000000000000000
8.968810916179329
10.000000000000000
8.970760233918121
10.000000000000000
8.972709551656919
10.000000000000000
8.974658869395711
10.000000000000000
8.976608187134500
10.000000000000000
8.978557504873290
10.000000000000000
8.980506822612080
10.000000000000000
8.982456140350870
10.000000000000000
8.984405458089659
10.000000000000000
8.986354775828460
10.000000000000000
8.988304093567249
10.000000000000000
8.990253411306041
10.000000000000000
8.992202729044831
10.000000000000000
8.994152046783620
10.000000000000000
8.996101364522421
10.000000000000000
8.998050682261200
10.000000000000000
9.000000000000000
7.925925925925920
7.925925925925920
7.929824561403500
7.933723196881090
7.937621832358670
7.941520467836250
7.945419103313840
7.949317738791420
7.953216374269000
7.957115009746590
7.961013645224170
7.964912280701750
7.968810916179330
7.972709551656920
7.976608187134500
7.980506822612080
7.984405458089670
7.988304093567250
7.992202729044830
7.996101364522420
8.000000000000000
6.888888888888880
6.888888888888890
6.894736842105260
6.900584795321640
6.906432748538010
6.912280701754380
6.918128654970760
6.923976608187130
6.929824561403510
6.935672514619880
6.941520467836260
6.947368421052630
6.953216374269000
6.959064327485380
6.964912280701750
6.970760233918130
6.976608187134500
6.982456140350880
6.988304093567250
6.994152046783630
7.000000000000000
5.851851851851850
5.851851851851850
5.859649122807020
5.867446393762180
5.875243664717350
5.883040935672510
5.890838206627680
5.898635477582840
5.906432748538010
5.914230019493170
5.922027290448340
5.929824561403510
5.937621832358670
5.945419103313840
5.953216374269000
5.961013645224170
5.968810916179330
5.976608187134500
5.984405458089670
5.992202729044830
6.000000000000000
4.814814814814810
4.814814814814810
4.824561403508770
4.834307992202730
4.844054580896690
4.853801169590640
4.863547758284600
4.873294346978560
4.883040935672510
4.892787524366470
4.902534113060430
4.912280701754390
4.922027290448340
4.931773879142300
4.941520467836260
4.951267056530220
4.961013645224170
4.970760233918130
4.980506822612090
4.990253411306040
5.000000000000000
3.777777777777780
3.777777777777780
3.789473684210530
3.801169590643270
3.812865497076020
3.824561403508770
3.836257309941520
3.847953216374270
3.859649122807010
3.871345029239770
3.883040935672510
3.894736842105260
3.906432748538010
3.918128654970760
3.929824561403510
3.941520467836260
3.953216374269010
3.964912280701750
3.976608187134500
3.988304093567250
4.000000000000000
2.740740740740740
2.740740740740740
2.754385964912280
2.768031189083820
2.781676413255360
2.795321637426900
2.808966861598440
2.822612085769980
2.836257309941520
2.849902534113060
2.863547758284600
2.877192982456140
2.890838206627680
2.904483430799220
2.918128654970760
2.931773879142300
2.945419103313840
2.959064327485380
2.972709551656920
2.986354775828460
3.000000000000000
1.703703703703700
1.703703703703700
1.719298245614040
1.734892787524370
1.750487329434700
1.766081871345030
1.781676413255360
1.797270955165690
1.812865497076020
1.828460038986350
1.844054580896690
1.859649122807020
1.875243664717350
1.890838206627680
1.906432748538010
1.922027290448340
1.937621832358670
1.953216374269010
1.968810916179340
1.984405458089670
2.000000000000000
0.666666666666667
0.666666666666667
0.684210526315789
0.701754385964912
0.719298245614035
0.736842105263158
0.754385964912281
0.771929824561403
0.789473684210526
0.807017543859649
0.824561403508772
0.842105263157895
0.859649122807017
0.877192982456140
0.894736842105263
0.912280701754386
0.929824561403509
0.947368421052631
0.964912280701754
0.982456140350877
1.000000000000000
10.000000000000000
10.000000000000000
8.956790123456781
8.956790123456789
10.000000000000000
8.959064327485370
10.000000000000000
8.961338531513960
10.000000000000000
8.963612735542560
10.000000000000000
8.965886939571140
10.000000000000000
8.968161143599740
10.000000000000000
8.970435347628319
10.000000000000000
8.972709551656919
10.000000000000000
8.974983755685500
10.000000000000000
8.977257959714089
10.000000000000000
8.979532163742689
10.000000000000000
8.981806367771281
10.000000000000000
8.984080571799870
10.000000000000000
8.986354775828460
10.000000000000000
8.988628979857049
10.000000000000000
8.990903183885640
10.000000000000000
8.993177387914230
10.000000000000000
8.995451591942819
10.000000000000000
8.997725795971411
10.000000000000000
9.000000000000000
7.913580246913580
7.913580246913580
7.918128654970750
7.922677063027940
7.927225471085120
7.931773879142300
7.936322287199470
7.940870695256660
7.945419103313840
7.949967511371020
7.954515919428200
7.959064327485380
7.963612735542560
7.968161143599740
7.972709551656920
7.977257959714100
7.981806367771280
7.986354775828460
7.990903183885640
7.995451591942820
8.000000000000000
6.870370370370370
6.870370370370370
6.877192982456140
6.884015594541910
6.890838206627680
6.897660818713450
6.904483430799220
6.911306042884990
6.918128654970760
6.924951267056530
6.931773879142300
6.938596491228070
6.945419103313840
6.952241715399610
6.959064327485380
6.965886939571150
6.972709551656920
6.979532163742690
6.986354775828460
6.993177387914230
7.000000000000000
5.827160493827160
5.827160493827160
5.836257309941520
5.845354126055880
5.854450942170240
5.863547758284600
5.872644574398960
5.881741390513320
5.890838206627680
5.899935022742040
5.909031838856400
5.918128654970760
5.927225471085120
5.936322287199480
5.945419103313840
5.954515919428200
5.963612735542560
5.972709551656920
5.981806367771280
5.990903183885640
6.000000000000000
4.783950617283950
4.783950617283950
4.795321637426900
4.806692657569850
4.818063677712800
4.829434697855750
4.840805717998700
4.852176738141650
4.863547758284600
4.874918778427550
4.886289798570500
4.897660818713450
4.909031838856400
4.920402858999350
4.931773879142300
4.943144899285250
4.954515919428200
4.965886939571150
4.977257959714100
4.988628979857050
5.000000000000000
3.740740740740740
3.740740740740740
3.754385964912280
3.768031189083820
3.781676413255360
3.795321637426900
3.808966861598440
3.822612085769980
3.836257309941520
3.849902534113060
3.863547758284600
3.877192982456140
3.890838206627680
3.904483430799220
3.918128654970760
3.931773879142300
3.945419103313840
3.959064327485380
3.972709551656920
3.986354775828460
4.000000000000000
2.697530864197530
2.697530864197530
2.713450292397660
2.729369720597790
2.745289148797920
2.761208576998050
2.777128005198180
2.793047433398310
2.808966861598440
2.824886289798570
2.840805717998700
2.856725146198830
2.872644574398960
2.888564002599090
2.904483430799220
2.920402858999350
2.936322287199480
2.952241715399610
2.968161143599740
2.984080571799870
3.000000000000000
1.654320987654320
1.654320987654320
1.672514619883040
1.690708252111760
1.708901884340480
1.727095516569200
1.745289148797920
1.763482781026640
1.781676413255360
1.799870045484080
1.818063677712800
1.836257309941520
1.854450942170240
1.872644574398960
1.890838206627680
1.909031838856400
1.927225471085120
1.945419103313840
1.963612735542560
1.981806367771280
2.000000000000000
0.611111111111111
0.611111111111111
0.631578947368421
0.652046783625731
0.672514619883041
0.692982456140351
0.713450292397660
0.733918128654971
0.754385964912281
0.774853801169591
0.795321637426901
0.815789473684211
0.836257309941520
0.856725146198831
0.877192982456140
0.897660818713450
0.918128654970760
0.938596491228070
0.959064327485380
0.979532163742690
1.000000000000000
10.000000000000000
10.000000000000000
8.950617283950610
8.950617283950610
10.000000000000000
8.953216374268990
10.000000000000000
8.955815464587380
10.000000000000000
8.958414554905779
10.000000000000000
8.961013645224170
10.000000000000000
8.963612735542551
10.000000000000000
8.966211825860940
10.000000000000000
8.968810916179329
10.000000000000000
8.971410006497720
10.000000000000000
8.974009096816109
10.000000000000000
8.976608187134500
10.000000000000000
8.979207277452890
10.000000000000000
8.981806367771281
10.000000000000000
8.984405458089659
10.000000000000000
8.987004548408050
10.000000000000000
8.989603638726440
10.000000000000000
8.992202729044831
10.000000000000000
8.994801819363220
10.000000000000000
8.997400909681611
10.000000000000000
9.000000000000000
7.901234567901230
7.901234567901230
7.906432748538010
7.911630929174780
7.916829109811570
7.922027290448340
7.927225471085120
7.932423651721900
7.937621832358670
7.942820012995450
7.948018193632220
7.953216374269000
7.958414554905780
7.963612735542560
7.968810916179330
7.974009096816110
7.979207277452890
7.984405458089660
7.989603638726440
7.994801819363220
8.000000000000000
6.851851851851850
6.851851851851850
6.859649122807010
6.867446393762180
6.875243664717350
6.883040935672510
6.890838206627670
6.898635477582840
6.906432748538010
6.914230019493170
6.922027290448340
6.929824561403510
6.937621832358670
6.945419103313840
6.953216374269010
6.961013645224170
6.968810916179340
6.976608187134500
6.984405458089670
6.992202729044830
7.000000000000000
5.802469135802470
5.802469135802470
5.812865497076020
5.823261858349570
5.833658219623130
5.844054580896690
5.854450942170240
5.864847303443800
5.875243664717350
5.885640025990900
5.896036387264460
5.906432748538010
5.916829109811560
5.927225471085120
5.937621832358670
5.948018193632230
5.958414554905780
5.968810916179340
5.979207277452890
5.989603638726450
6.000000000000000
4.753086419753080
4.753086419753090
4.766081871345030
4.779077322936970
4.792072774528910
4.805068226120860
4.818063677712800
4.831059129304740
4.844054580896680
4.857050032488630
4.870045484080570
4.883040935672510
4.896036387264460
4.909031838856400
4.922027290448340
4.935022742040290
4.948018193632230
4.961013645224170
4.974009096816110
4.987004548408060
5.000000000000000
3.703703703703700
3.703703703703700
3.719298245614030
3.734892787524370
3.750487329434700
3.766081871345030
3.781676413255360
3.797270955165690
3.812865497076020
3.828460038986350
3.844054580896680
3.859649122807020
3.875243664717350
3.890838206627680
3.906432748538010
3.922027290448340
3.937621832358670
3.953216374269000
3.968810916179330
3.984405458089670
4.000000000000000
2.654320987654320
2.654320987654320
2.672514619883040
2.690708252111760
2.708901884340480
2.727095516569200
2.745289148797920
2.763482781026640
2.781676413255360
2.799870045484080
2.818063677712800
2.836257309941520
2.854450942170240
2.872644574398960
2.890838206627680
2.909031838856400
2.927225471085120
2.945419103313840
2.963612735542560
2.981806367771280
3.000000000000000
1.604938271604940
1.604938271604940
1.625730994152050
1.646523716699150
1.667316439246260
1.688109161793370
1.708901884340480
1.729694606887590
1.750487329434700
1.771280051981810
1.792072774528910
1.812865497076020
1.833658219623130
1.854450942170240
1.875243664717350
1.896036387264460
1.916829109811560
1.937621832358670
1.958414554905780
1.979207277452890
2.000000000000000
0.555555555555556
0.555555555555556
0.578947368421053
0.602339181286550
0.625730994152047
0.649122807017544
0.672514619883041
0.695906432748538
0.719298245614035
0.742690058479532
0.766081871345029
0.789473684210527
0.812865497076023
0.836257309941520
0.859649122807017
0.883040935672514
0.906432748538011
0.929824561403508
0.953216374269005
0.976608187134503
1.000000000000000
10.000000000000000
10.000000000000000
8.944444444444439
8.944444444444439
10.000000000000000
8.947368421052619
10.000000000000000
8.950292397660810
10.000000000000000
8.953216374268999
10.000000000000000
8.956140350877190
10.000000000000000
8.959064327485381
10.000000000000000
8.961988304093561
10.000000000000000
8.964912280701750
10.000000000000000
8.967836257309930
10.000000000000000
8.970760233918130
10.000000000000000
8.973684210526310
10.000000000000000
8.976608187134500
10.000000000000000
8.979532163742689
10.000000000000000
8.982456140350870
10.000000000000000
8.985380116959060
10.000000000000000
8.988304093567249
10.000000000000000
8.991228070175440
10.000000000000000
8.994152046783620
10.000000000000000
8.997076023391809
10.000000000000000
9.000000000000000
7.888888888888880
7.888888888888890
7.894736842105260
7.900584795321630
7.906432748538010
7.912280701754380
7.918128654970760
7.923976608187130
7.929824561403500
7.935672514619880
7.941520467836250
7.947368421052630
7.953216374269000
7.959064327485380
7.964912280701760
7.970760233918130
7.976608187134500
7.982456140350870
7.988304093567250
7.994152046783620
8.000000000000000
6.833333333333330
6.833333333333330
6.842105263157890
6.850877192982450
6.859649122807010
6.868421052631570
6.877192982456130
6.885964912280700
6.894736842105260
6.903508771929820
6.912280701754380
6.921052631578950
6.929824561403510
6.938596491228070
6.947368421052630
6.956140350877200
6.964912280701750
6.973684210526320
6.982456140350880
6.991228070175440
7.000000000000000
5.777777777777770
5.777777777777780
5.789473684210520
5.801169590643270
5.812865497076020
5.824561403508770
5.836257309941520
5.847953216374270
5.859649122807020
5.871345029239760
5.883040935672510
5.894736842105260
5.906432748538010
5.918128654970760
5.929824561403510
5.941520467836250
5.953216374269010
5.964912280701750
5.976608187134500
5.988304093567250
6.000000000000000
4.722222222222220
4.722222222222220
4.736842105263160
4.751461988304090
4.766081871345030
4.780701754385960
4.795321637426900
4.809941520467830
4.824561403508770
4.839181286549700
4.853801169590640
4.868421052631580
4.883040935672510
4.897660818713450
4.912280701754390
4.926900584795320
4.941520467836260
4.956140350877190
4.970760233918130
4.985380116959070
5.000000000000000
3.666666666666670
3.666666666666670
3.684210526315790
3.701754385964910
3.719298245614040
3.736842105263160
3.754385964912280
3.771929824561400
3.789473684210520
3.807017543859650
3.824561403508770
3.842105263157890
3.859649122807020
3.877192982456140
3.894736842105260
3.912280701754390
3.929824561403510
3.947368421052630
3.964912280701750
3.982456140350880
4.000000000000000
2.611111111111110
2.611111111111110
2.631578947368420
2.652046783625730
2.672514619883040
2.692982456140350
2.713450292397660
2.733918128654970
2.754385964912280
2.774853801169590
2.795321637426900
2.815789473684210
2.836257309941520
2.856725146198830
2.877192982456140
2.897660818713450
2.918128654970760
2.938596491228070
2.959064327485380
2.979532163742690
3.000000000000000
1.555555555555560
1.555555555555560
1.578947368421050
1.602339181286550
1.625730994152050
1.649122807017540
1.672514619883040
1.695906432748540
1.719298245614030
1.742690058479530
1.766081871345030
1.789473684210530
1.812865497076020
1.836257309941520
1.859649122807020
1.883040935672510
1.906432748538010
1.929824561403510
1.953216374269010
1.976608187134500
2.000000000000000
0.526315789473684
0.552631578947368
0.578947368421053
0.605263157894737
0.631578947368421
0.657894736842105
0.684210526315789
0.710526315789473
0.736842105263158
0.763157894736842
0.789473684210526
0.815789473684211
0.842105263157895
0.868421052631579
0.894736842105263
0.921052631578947
0.947368421052631
0.973684210526316
1.000000000000000
10.000000000000000
10.000000000000000
8.944444444444439
8.944444444444439
10.000000000000000
8.947368421052630
10.000000000000000
8.950292397660810
10.000000000000000
8.953216374269010
10.000000000000000
8.956140350877190
10.000000000000000
8.959064327485381
10.000000000000000
8.961988304093561
10.000000000000000
8.964912280701750
10.000000000000000
8.967836257309941
10.000000000000000
8.970760233918121
10.000000000000000
8.973684210526310
10.000000000000000
8.976608187134500
10.000000000000000
8.979532163742689
10.000000000000000
8.982456140350880
10.000000000000000
8.985380116959060
10.000000000000000
8.988304093567249
10.000000000000000
8.991228070175440
10.000000000000000
8.994152046783629
10.000000000000000
8.997076023391809
10.000000000000000
9.000000000000000
7.888888888888890
7.888888888888890
7.894736842105260
7.900584795321630
7.906432748538010
7.912280701754380
7.918128654970760
7.923976608187130
7.929824561403510
7.935672514619880
7.941520467836250
7.947368421052630
7.953216374269000
7.959064327485380
7.964912280701750
7.970760233918130
7.976608187134500
7.982456140350880
7.988304093567250
7.994152046783630
8.000000000000000
6.833333333333330
6.833333333333330
6.842105263157890
6.850877192982450
6.859649122807020
6.868421052631580
6.877192982456140
6.885964912280700
6.894736842105260
6.903508771929820
6.912280701754390
6.921052631578950
6.929824561403510
6.938596491228070
6.947368421052630
6.956140350877190
6.964912280701750
6.973684210526320
6.982456140350880
6.991228070175440
7.000000000000000
5.777777777777780
5.777777777777780
5.789473684210520
5.801169590643270
5.812865497076020
5.824561403508770
5.836257309941520
5.847953216374270
5.859649122807020
5.871345029239760
5.883040935672510
5.894736842105260
5.906432748538010
5.918128654970760
5.929824561403510
5.941520467836260
5.953216374269000
5.964912280701750
5.976608187134500
5.988304093567250
6.000000000000000
4.722222222222220
4.722222222222220
4.736842105263160
4.751461988304090
4.766081871345030
4.780701754385960
4.795321637426900
4.809941520467840
4.824561403508770
4.839181286549710
4.853801169590640
4.868421052631580
4.883040935672510
4.897660818713450
4.912280701754390
4.926900584795320
4.941520467836260
4.956140350877190
4.970760233918130
4.985380116959060
5.000000000000000
3.666666666666670
3.666666666666670
3.684210526315790
3.701754385964910
3.719298245614030
3.736842105263160
3.754385964912280
3.771929824561400
3.789473684210520
3.807017543859650
3.824561403508770
3.842105263157890
3.859649122807020
3.877192982456140
3.894736842105260
3.912280701754390
3.929824561403510
3.947368421052630
3.964912280701750
3.982456140350880
4.000000000000000
2.611111111111110
2.611111111111110
2.631578947368420
2.652046783625730
2.672514619883040
2.692982456140350
2.713450292397660
2.733918128654970
2.754385964912280
2.774853801169590
2.795321637426900
2.815789473684210
2.836257309941520
2.856725146198830
2.877192982456140
2.897660818713450
2.918128654970760
2.938596491228070
2.959064327485380
2.979532163742690
3.000000000000000
1.555555555555560
1.555555555555560
1.578947368421050
1.602339181286550
1.625730994152050
1.649122807017540
1.672514619883040
1.695906432748540
1.719298245614030
1.742690058479530
1.766081871345030
1.789473684210530
1.812865497076020
1.836257309941520
1.859649122807020
1.883040935672510
1.906432748538010
1.929824561403510
1.953216374269010
1.976608187134500
2.000000000000000
0.526315789473684
0.552631578947368
0.578947368421053
0.605263157894737
0.631578947368421
0.657894736842105
0.684210526315790
0.710526315789474
0.736842105263158
0.763157894736842
0.789473684210526
0.815789473684211
0.842105263157895
0.868421052631579
0.894736842105263
0.921052631578947
0.947368421052632
0.973684210526316
1.000000000000000
9.000000000000000
10.000000000000000
8.993827160493820
10.000000000000000
8.000000000000000
7.987654320987650
7.000000000000000
6.981481481481480
6.000000000000000
5.975308641975310
5.000000000000000
4.969135802469130
4.000000000000000
3.962962962962960
3.000000000000000
2.956790123456790
2.000000000000000
1.950617283950620
1.000000000000000
0.944444444444445
9.000000000000000
10.000000000000000
8.994152046783620
10.000000000000000
8.000000000000000
7.988304093567250
7.000000000000000
6.982456140350880
6.000000000000000
5.976608187134500
5.000000000000000
4.970760233918130
4.000000000000000
3.964912280701750
3.000000000000000
2.959064327485380
2.000000000000000
1.953216374269010
1.000000000000000
0.947368421052631
9.000000000000000
10.000000000000000
8.994476933073420
10.000000000000000
8.000000000000000
7.988953866146850
7.000000000000000
6.983430799220270
6.000000000000000
5.977907732293700
5.000000000000000
4.972384665367120
4.000000000000000
3.966861598440540
3.000000000000000
2.961338531513970
2.000000000000000
1.955815464587400
1.000000000000000
0.950292397660819
9.000000000000000
10.000000000000000
8.994801819363211
10.000000000000000
8.000000000000000
7.989603638726440
7.000000000000000
6.984405458089670
6.000000000000000
5.979207277452890
5.000000000000000
4.974009096816110
4.000000000000000
3.968810916179330
3.000000000000000
2.963612735542560
2.000000000000000
1.958414554905780
1.000000000000000
0.953216374269006
9.000000000000000
10.000000000000000
8.995126705653020
10.000000000000000
8.000000000000000
7.990253411306040
7.000000000000000
6.985380116959070
6.000000000000000
5.980506822612080
5.000000000000000
4.975633528265110
4.000000000000000
3.970760233918130
3.000000000000000
2.965886939571150
2.000000000000000
1.961013645224170
1.000000000000000
0.956140350877193
9.000000000000000
10.000000000000000
8.995451591942819
10.000000000000000
8.000000000000000
7.990903183885640
7.000000000000000
6.986354775828460
6.000000000000000
5.981806367771280
5.000000000000000
4.977257959714100
4.000000000000000
3.972709551656920
3.000000000000000
2.968161143599740
2.000000000000000
1.963612735542560
1.000000000000000
0.959064327485380
9.000000000000000
10.000000000000000
8.995776478232621
10.000000000000000
8.000000000000000
7.991552956465240
7.000000000000000
6.987329434697860
6.000000000000000
5.983105912930470
5.000000000000000
4.978882391163090
4.000000000000000
3.974658869395710
3.000000000000000
2.970435347628330
2.000000000000000
1.966211825860950
1.000000000000000
0.961988304093567
9.000000000000000
10.000000000000000
8.996101364522410
10.000000000000000
8.000000000000000
7.992202729044830
7.000000000000000
6.988304093567250
6.000000000000000
5.984405458089670
5.000000000000000
4.980506822612080
4.000000000000000
3.976608187134500
3.000000000000000
2.972709551656920
2.000000000000000
1.968810916179340
1.000000000000000
0.964912280701754
9.000000000000000
10.000000000000000
8.996426250812210
10.000000000000000
8.000000000000000
7.992852501624430
7.000000000000000
6.989278752436650
6.000000000000000
5.985705003248860
5.000000000000000
4.982131254061080
4.000000000000000
3.978557504873290
3.000000000000000
2.974983755685510
2.000000000000000
1.971410006497730
1.000000000000000
0.967836257309942
9.000000000000000
10.000000000000000
8.996751137102009
10.000000000000000
8.000000000000000
7.993502274204030
7.000000000000000
6.990253411306050
6.000000000000000
5.987004548408060
5.000000000000000
4.983755685510070
4.000000000000000
3.980506822612080
3.000000000000000
2.977257959714100
2.000000000000000
1.974009096816120
1.000000000000000
0.970760233918129
9.000000000000000
10.000000000000000
8.997076023391809
10.000000000000000
8.000000000000000
7.994152046783620
7.000000000000000
6.991228070175440
6.000000000000000
5.988304093567250
5.000000000000000
4.985380116959070
4.000000000000000
3.982456140350880
3.000000000000000
2.979532163742690
2.000000000000000
1.976608187134500
1.000000000000000
0.973684210526316
9.000000000000000
10.000000000000000
8.997400909681611
10.000000000000000
8.000000000000000
7.994801819363220
7.000000000000000
6.992202729044840
6.000000000000000
5.989603638726450
5.000000000000000
4.987004548408060
4.000000000000000
3.984405458089670
3.000000000000000
2.981806367771280
2.000000000000000
1.979207277452890
1.000000000000000
0.976608187134503
9.000000000000000
10.000000000000000
8.997725795971400
10.000000000000000
8.000000000000000
7.995451591942820
7.000000000000000
6.993177387914230
6.000000000000000
5.990903183885640
5.000000000000000
4.988628979857050
4.000000000000000
3.986354775828460
3.000000000000000
2.984080571799870
2.000000000000000
1.981806367771280
1.000000000000000
0.979532163742690
9.000000000000000
10.000000000000000
8.998050682261210
10.000000000000000
8.000000000000000
7.996101364522420
7.000000000000000
6.994152046783620
6.000000000000000
5.992202729044830
5.000000000000000
4.990253411306040
4.000000000000000
3.988304093567250
3.000000000000000
2.986354775828460
2.000000000000000
1.984405458089670
1.000000000000000
0.982456140350877
9.000000000000000
10.000000000000000
8.998375568551010
10.000000000000000
8.000000000000000
7.996751137102010
7.000000000000000
6.995126705653020
6.000000000000000
5.993502274204030
5.000000000000000
4.991877842755040
4.000000000000000
3.990253411306040
3.000000000000000
2.988628979857050
2.000000000000000
1.987004548408060
1.000000000000000
0.985380116959065
9.000000000000000
10.000000000000000
8.998700454840799
10.000000000000000
8.000000000000000
7.997400909681610
7.000000000000000
6.996101364522420
6.000000000000000
5.994801819363220
5.000000000000000
4.993502274204030
4.000000000000000
3.992202729044830
3.000000000000000
2.990903183885640
2.000000000000000
1.989603638726450
1.000000000000000
0.988304093567251
9.000000000000000
10.000000000000000
8.999025341130610
10.000000000000000
8.000000000000000
7.998050682261210
7.000000000000000
6.997076023391820
6.000000000000000
5.996101364522420
5.000000000000000
4.995126705653020
4.000000000000000
3.994152046783620
3.000000000000000
2.993177387914230
2.000000000000000
1.992202729044830
1.000000000000000
0.991228070175438
9.000000000000000
10.000000000000000
8.999350227420400
10.000000000000000
8.000000000000000
7.998700454840800
7.000000000000000
6.998050682261210
6.000000000000000
5.997400909681610
5.000000000000000
4.996751137102020
4.000000000000000
3.996101364522420
3.000000000000000
2.995451591942820
2.000000000000000
1.994801819363220
1.000000000000000
0.994152046783626
9.000000000000000
10.000000000000000
8.999675113710190
10.000000000000000
8.000000000000000
7.999350227420400
7.000000000000000
6.999025341130600
6.000000000000000
5.998700454840810
5.000000000000000
4.998375568551010
4.000000000000000
3.998050682261210
3.000000000000000
2.997725795971410
2.000000000000000
1.997400909681610
1.000000000000000
0.997076023391813
9.000000000000000
10.000000000000000
9.000000000000000
10.000000000000000
8.000000000000000
8.000000000000000
7.000000000000000
7.000000000000000
6.000000000000000
6.000000000000000
5.000000000000000
5.000000000000000
4.000000000000000
4.000000000000000
3.000000000000000
3.000000000000000
2.000000000000000
2.000000000000000
1.000000000000000
1.000000000000000
8.987654320987650
10.000000000000000
7.975308641975300
6.962962962962960
5.950617283950620
4.938271604938270
3.925925925925930
2.913580246913580
1.901234567901230
0.888888888888889
8.988304093567249
10.000000000000000
7.976608187134500
6.964912280701760
5.953216374269000
4.941520467836260
3.929824561403510
2.918128654970760
1.906432748538010
0.894736842105263
8.988953866146840
10.000000000000000
7.977907732293690
6.966861598440550
5.955815464587390
4.944769330734240
3.933723196881090
2.922677063027940
1.911630929174790
0.900584795321638
8.989603638726440
10.000000000000000
7.979207277452890
6.968810916179340
5.958414554905780
4.948018193632230
3.937621832358670
2.927225471085120
1.916829109811570
0.906432748538012
8.990253411306041
10.000000000000000
7.980506822612080
6.970760233918130
5.961013645224170
4.951267056530210
3.941520467836260
2.931773879142300
1.922027290448340
0.912280701754386
8.990903183885640
10.000000000000000
7.981806367771280
6.972709551656920
5.963612735542560
4.954515919428200
3.945419103313840
2.936322287199480
1.927225471085120
0.918128654970761
8.991552956465240
10.000000000000000
7.983105912930470
6.974658869395710
5.966211825860950
4.957764782326180
3.949317738791420
2.940870695256660
1.932423651721900
0.923976608187135
8.992202729044831
10.000000000000000
7.984405458089670
6.976608187134500
5.968810916179340
4.961013645224170
3.953216374269000
2.945419103313840
1.937621832358670
0.929824561403509
8.992852501624430
10.000000000000000
7.985705003248860
6.978557504873290
5.971410006497730
4.964262508122150
3.957115009746590
2.949967511371020
1.942820012995450
0.935672514619884
8.993502274204030
10.000000000000000
7.987004548408050
6.980506822612080
5.974009096816110
4.967511371020140
3.961013645224170
2.954515919428200
1.948018193632230
0.941520467836257
8.994152046783620
10.000000000000000
7.988304093567250
6.982456140350880
5.976608187134500
4.970760233918130
3.964912280701750
2.959064327485380
1.953216374269010
0.947368421052632
8.994801819363220
10.000000000000000
7.989603638726440
6.984405458089670
5.979207277452890
4.974009096816120
3.968810916179340
2.963612735542560
1.958414554905780
0.953216374269006
8.995451591942819
10.000000000000000
7.990903183885640
6.986354775828460
5.981806367771280
4.977257959714100
3.972709551656920
2.968161143599740
1.963612735542560
0.959064327485380
8.996101364522421
10.000000000000000
7.992202729044830
6.988304093567250
5.984405458089670
4.980506822612090
3.976608187134500
2.972709551656920
1.968810916179340
0.964912280701755
8.996751137102009
10.000000000000000
7.993502274204030
6.990253411306040
5.987004548408060
4.983755685510070
3.980506822612090
2.977257959714100
1.974009096816110
0.970760233918129
8.997400909681611
10.000000000000000
7.994801819363220
6.992202729044840
5.989603638726440
4.987004548408060
3.984405458089670
2.981806367771280
1.979207277452890
0.976608187134503
8.998050682261210
10.000000000000000
7.996101364522410
6.994152046783630
5.992202729044830
4.990253411306040
3.988304093567250
2.986354775828460
1.984405458089670
0.982456140350877
8.998700454840799
10.000000000000000
7.997400909681610
6.996101364522420
5.994801819363220
4.993502274204030
3.992202729044830
2.990903183885640
1.989603638726440
0.988304093567251
8.999350227420400
10.000000000000000
7.998700454840800
6.998050682261210
5.997400909681610
4.996751137102020
3.996101364522420
2.995451591942820
1.994801819363220
0.994152046783626
9.000000000000000
10.000000000000000
8.000000000000000
7.000000000000000
6.000000000000000
5.000000000000000
4.000000000000000
3.000000000000000
2.000000000000000
1.000000000000000
8.981481481481479
10.000000000000000
7.962962962962960
6.944444444444440
5.925925925925920
4.907407407407410
3.888888888888890
2.870370370370370
1.851851851851850
0.833333333333334
8.982456140350880
10.000000000000000
7.964912280701750
6.947368421052630
5.929824561403510
4.912280701754390
3.894736842105260
2.877192982456140
1.859649122807020
0.842105263157895
8.983430799220280
10.000000000000000
7.966861598440550
6.950292397660820
5.933723196881090
4.917153996101370
3.900584795321640
2.884015594541910
1.867446393762180
0.850877192982456
8.984405458089670
10.000000000000000
7.968810916179330
6.953216374269010
5.937621832358670
4.922027290448340
3.906432748538010
2.890838206627680
1.875243664717350
0.859649122807018
8.985380116959069
10.000000000000000
7.970760233918130
6.956140350877190
5.941520467836250
4.926900584795320
3.912280701754390
2.897660818713450
1.883040935672510
0.868421052631579
8.986354775828460
10.000000000000000
7.972709551656920
6.959064327485380
5.945419103313840
4.931773879142300
3.918128654970760
2.904483430799220
1.890838206627680
0.877192982456141
8.987329434697861
10.000000000000000
7.974658869395710
6.961988304093570
5.949317738791420
4.936647173489280
3.923976608187130
2.911306042884990
1.898635477582850
0.885964912280702
8.988304093567249
10.000000000000000
7.976608187134500
6.964912280701750
5.953216374269010
4.941520467836260
3.929824561403510
2.918128654970760
1.906432748538010
0.894736842105263
8.989278752436650
10.000000000000000
7.978557504873290
6.967836257309940
5.957115009746590
4.946393762183240
3.935672514619880
2.924951267056530
1.914230019493180
0.903508771929825
8.990253411306041
10.000000000000000
7.980506822612090
6.970760233918130
5.961013645224170
4.951267056530210
3.941520467836260
2.931773879142300
1.922027290448340
0.912280701754386
8.991228070175440
10.000000000000000
7.982456140350880
6.973684210526320
5.964912280701750
4.956140350877190
3.947368421052630
2.938596491228070
1.929824561403510
0.921052631578947
8.992202729044831
10.000000000000000
7.984405458089670
6.976608187134510
5.968810916179340
4.961013645224170
3.953216374269010
2.945419103313840
1.937621832358670
0.929824561403509
8.993177387914230
10.000000000000000
7.986354775828460
6.979532163742690
5.972709551656920
4.965886939571150
3.959064327485380
2.952241715399610
1.945419103313840
0.938596491228070
8.994152046783629
10.000000000000000
7.988304093567250
6.982456140350880
5.976608187134500
4.970760233918130
3.964912280701750
2.959064327485380
1.953216374269010
0.947368421052632
8.995126705653020
10.000000000000000
7.990253411306040
6.985380116959060
5.980506822612080
4.975633528265110
3.970760233918130
2.965886939571150
1.961013645224170
0.956140350877193
8.996101364522421
10.000000000000000
7.992202729044830
6.988304093567250
5.984405458089670
4.980506822612090
3.976608187134500
2.972709551656920
1.968810916179340
0.964912280701754
8.997076023391809
10.000000000000000
7.994152046783620
6.991228070175440
5.988304093567250
4.985380116959070
3.982456140350880
2.979532163742690
1.976608187134500
0.973684210526316
8.998050682261210
10.000000000000000
7.996101364522420
6.994152046783620
5.992202729044830
4.990253411306040
3.988304093567250
2.986354775828460
1.984405458089670
0.982456140350877
8.999025341130601
10.000000000000000
7.998050682261210
6.997076023391820
5.996101364522420
4.995126705653020
3.994152046783620
2.993177387914230
1.992202729044830
0.991228070175439
9.000000000000000
10.000000000000000
8.000000000000000
7.000000000000000
6.000000000000000
5.000000000000000
4.000000000000000
3.000000000000000
2.000000000000000
1.000000000000000
8.975308641975310
10.000000000000000
7.950617283950610
6.925925925925920
5.901234567901240
4.876543209876540
3.851851851851850
2.827160493827160
1.802469135802470
0.777777777777778
8.976608187134500
10.000000000000000
7.953216374269000
6.929824561403510
5.906432748538010
4.883040935672520
3.859649122807020
2.836257309941520
1.812865497076020
0.789473684210526
8.977907732293691
10.000000000000000
7.955815464587390
6.933723196881090
5.911630929174790
4.889538661468490
3.867446393762180
2.845354126055880
1.823261858349580
0.801169590643275
8.979207277452890
10.000000000000000
7.958414554905780
6.937621832358670
5.916829109811570
4.896036387264460
3.875243664717350
2.854450942170240
1.833658219623130
0.812865497076023
8.980506822612080
10.000000000000000
7.961013645224170
6.941520467836260
5.922027290448340
4.902534113060430
3.883040935672510
2.863547758284600
1.844054580896690
0.824561403508772
8.981806367771281
10.000000000000000
7.963612735542560
6.945419103313840
5.927225471085120
4.909031838856400
3.890838206627680
2.872644574398960
1.854450942170240
0.836257309941521
8.983105912930469
10.000000000000000
7.966211825860940
6.949317738791420
5.932423651721900
4.915529564652370
3.898635477582840
2.881741390513320
1.864847303443800
0.847953216374269
8.984405458089670
10.000000000000000
7.968810916179330
6.953216374269000
5.937621832358670
4.922027290448340
3.906432748538010
2.890838206627680
1.875243664717350
0.859649122807018
8.985705003248860
10.000000000000000
7.971410006497720
6.957115009746590
5.942820012995450
4.928525016244320
3.914230019493180
2.899935022742040
1.885640025990900
0.871345029239766
8.987004548408050
10.000000000000000
7.974009096816110
6.961013645224170
5.948018193632230
4.935022742040290
3.922027290448340
2.909031838856400
1.896036387264460
0.883040935672515
8.988304093567249
10.000000000000000
7.976608187134500
6.964912280701760
5.953216374269010
4.941520467836260
3.929824561403510
2.918128654970760
1.906432748538010
0.894736842105263
8.989603638726440
10.000000000000000
7.979207277452890
6.968810916179340
5.958414554905780
4.948018193632230
3.937621832358670
2.927225471085120
1.916829109811570
0.906432748538012
8.990903183885640
10.000000000000000
7.981806367771280
6.972709551656920
5.963612735542560
4.954515919428200
3.945419103313840
2.936322287199480
1.927225471085120
0.918128654970760
8.992202729044831
10.000000000000000
7.984405458089670
6.976608187134500
5.968810916179340
4.961013645224170
3.953216374269000
2.945419103313840
1.937621832358670
0.929824561403509
8.993502274204030
10.000000000000000
7.987004548408050
6.980506822612090
5.974009096816110
4.967511371020140
3.961013645224170
2.954515919428200
1.948018193632230
0.941520467836258
8.994801819363220
10.000000000000000
7.989603638726440
6.984405458089670
5.979207277452890
4.974009096816110
3.968810916179340
2.963612735542560
1.958414554905780
0.953216374269006
8.996101364522421
10.000000000000000
7.992202729044830
6.988304093567250
5.984405458089670
4.980506822612090
3.976608187134500
2.972709551656920
1.968810916179340
0.964912280701754
8.997400909681611
10.000000000000000
7.994801819363220
6.992202729044830
5.989603638726450
4.987004548408060
3.984405458089670
2.981806367771280
1.979207277452890
0.976608187134503
8.998700454840799
10.000000000000000
7.997400909681610
6.996101364522420
5.994801819363220
4.993502274204030
3.992202729044830
2.990903183885640
1.989603638726450
0.988304093567252
9.000000000000000
10.000000000000000
8.000000000000000
7.000000000000000
6.000000000000000
5.000000000000000
4.000000000000000
3.000000000000000
2.000000000000000
1.000000000000000
8.969135802469131
10.000000000000000
7.938271604938260
6.907407407407400
5.876543209876540
4.845679012345680
3.814814814814810
2.783950617283950
1.753086419753090
0.722222222222222
8.970760233918121
10.000000000000000
7.941520467836250
6.912280701754380
5.883040935672520
4.853801169590640
3.824561403508770
2.795321637426900
1.766081871345030
0.736842105263158
8.972384665367120
10.000000000000000
7.944769330734240
6.917153996101360
5.889538661468490
4.861923326835600
3.834307992202730
2.806692657569850
1.779077322936970
0.751461988304094
8.974009096816109
10.000000000000000
7.948018193632230
6.922027290448340
5.896036387264460
4.870045484080570
3.844054580896680
2.818063677712800
1.792072774528920
0.766081871345029
8.975633528265110
10.000000000000000
7.951267056530210
6.926900584795320
5.902534113060430
4.878167641325530
3.853801169590640
2.829434697855750
1.805068226120860
0.780701754385965
8.977257959714100
10.000000000000000
7.954515919428200
6.931773879142300
5.909031838856400
4.886289798570500
3.863547758284600
2.840805717998700
1.818063677712800
0.795321637426901
8.978882391163090
10.000000000000000
7.957764782326180
6.936647173489280
5.915529564652370
4.894411955815460
3.873294346978560
2.852176738141650
1.831059129304740
0.809941520467836
8.980506822612091
10.000000000000000
7.961013645224170
6.941520467836250
5.922027290448340
4.902534113060430
3.883040935672510
2.863547758284600
1.844054580896690
0.824561403508772
8.982131254061080
10.000000000000000
7.964262508122150
6.946393762183230
5.928525016244310
4.910656270305390
3.892787524366470
2.874918778427550
1.857050032488630
0.839181286549708
8.983755685510070
10.000000000000000
7.967511371020140
6.951267056530210
5.935022742040280
4.918778427550350
3.902534113060430
2.886289798570500
1.870045484080570
0.853801169590643
8.985380116959060
10.000000000000000
7.970760233918130
6.956140350877200
5.941520467836260
4.926900584795320
3.912280701754380
2.897660818713450
1.883040935672510
0.868421052631579
8.987004548408059
10.000000000000000
7.974009096816110
6.961013645224170
5.948018193632230
4.935022742040290
3.922027290448340
2.909031838856400
1.896036387264460
0.883040935672515
8.988628979857049
10.000000000000000
7.977257959714100
6.965886939571150
5.954515919428200
4.943144899285250
3.931773879142300
2.920402858999350
1.909031838856400
0.897660818713450
8.990253411306041
10.000000000000000
7.980506822612080
6.970760233918130
5.961013645224170
4.951267056530210
3.941520467836260
2.931773879142300
1.922027290448340
0.912280701754386
8.991877842755040
10.000000000000000
7.983755685510070
6.975633528265110
5.967511371020140
4.959389213775180
3.951267056530210
2.943144899285250
1.935022742040290
0.926900584795322
8.993502274204030
10.000000000000000
7.987004548408050
6.980506822612090
5.974009096816110
4.967511371020140
3.961013645224170
2.954515919428200
1.948018193632230
0.941520467836257
8.995126705653020
10.000000000000000
7.990253411306040
6.985380116959060
5.980506822612080
4.975633528265110
3.970760233918130
2.965886939571150
1.961013645224170
0.956140350877193
8.996751137102009
10.000000000000000
7.993502274204030
6.990253411306040
5.987004548408060
4.983755685510070
3.980506822612080
2.977257959714100
1.974009096816110
0.970760233918128
8.998375568551010
10.000000000000000
7.996751137102010
6.995126705653020
5.993502274204030
4.991877842755040
3.990253411306040
2.988628979857050
1.987004548408060
0.985380116959064
9.000000000000000
10.000000000000000
8.000000000000000
7.000000000000000
6.000000000000000
5.000000000000000
4.000000000000000
3.000000000000000
2.000000000000000
1.000000000000000
8.962962962962949
10.000000000000000
7.925925925925920
6.888888888888880
5.851851851851850
4.814814814814810
3.777777777777780
2.740740740740740
1.703703703703700
0.666666666666667
8.964912280701739
10.000000000000000
7.929824561403500
6.894736842105260
5.859649122807010
4.824561403508770
3.789473684210530
2.754385964912280
1.719298245614030
0.684210526315789
8.966861598440540
10.000000000000000
7.933723196881090
6.900584795321630
5.867446393762180
4.834307992202730
3.801169590643270
2.768031189083820
1.734892787524370
0.701754385964912
8.968810916179329
10.000000000000000
7.937621832358670
6.906432748538010
5.875243664717350
4.844054580896680
3.812865497076020
2.781676413255360
1.750487329434700
0.719298245614035
8.970760233918121
10.000000000000000
7.941520467836250
6.912280701754380
5.883040935672510
4.853801169590640
3.824561403508770
2.795321637426900
1.766081871345030
0.736842105263158
8.972709551656910
10.000000000000000
7.945419103313830
6.918128654970760
5.890838206627680
4.863547758284600
3.836257309941520
2.808966861598440
1.781676413255360
0.754385964912280
8.974658869395711
10.000000000000000
7.949317738791420
6.923976608187130
5.898635477582840
4.873294346978560
3.847953216374270
2.822612085769980
1.797270955165690
0.771929824561403
8.976608187134500
10.000000000000000
7.953216374269000
6.929824561403510
5.906432748538010
4.883040935672510
3.859649122807020
2.836257309941520
1.812865497076020
0.789473684210527
8.978557504873290
10.000000000000000
7.957115009746590
6.935672514619880
5.914230019493170
4.892787524366470
3.871345029239760
2.849902534113060
1.828460038986350
0.807017543859649
8.980506822612080
10.000000000000000
7.961013645224170
6.941520467836250
5.922027290448340
4.902534113060430
3.883040935672510
2.863547758284600
1.844054580896690
0.824561403508772
8.982456140350870
10.000000000000000
7.964912280701750
6.947368421052630
5.929824561403510
4.912280701754380
3.894736842105260
2.877192982456140
1.859649122807020
0.842105263157894
8.984405458089659
10.000000000000000
7.968810916179330
6.953216374269000
5.937621832358670
4.922027290448340
3.906432748538010
2.890838206627680
1.875243664717350
0.859649122807017
8.986354775828460
10.000000000000000
7.972709551656920
6.959064327485380
5.945419103313840
4.931773879142300
3.918128654970760
2.904483430799220
1.890838206627680
0.877192982456140
8.988304093567249
10.000000000000000
7.976608187134500
6.964912280701760
5.953216374269010
4.941520467836260
3.929824561403510
2.918128654970760
1.906432748538010
0.894736842105263
8.990253411306041
10.000000000000000
7.980506822612090
6.970760233918130
5.961013645224170
4.951267056530210
3.941520467836260
2.931773879142300
1.922027290448340
0.912280701754386
8.992202729044831
10.000000000000000
7.984405458089670
6.976608187134500
5.968810916179340
4.961013645224170
3.953216374269000
2.945419103313840
1.937621832358670
0.929824561403509
8.994152046783629
10.000000000000000
7.988304093567250
6.982456140350880
5.976608187134500
4.970760233918130
3.964912280701750
2.959064327485380
1.953216374269010
0.947368421052632
8.996101364522421
10.000000000000000
7.992202729044830
6.988304093567250
5.984405458089670
4.980506822612090
3.976608187134500
2.972709551656920
1.968810916179340
0.964912280701754
8.998050682261200
10.000000000000000
7.996101364522420
6.994152046783630
5.992202729044830
4.990253411306040
3.988304093567250
2.986354775828460
1.984405458089670
0.982456140350877
9.000000000000000
10.000000000000000
8.000000000000000
7.000000000000000
6.000000000000000
5.000000000000000
4.000000000000000
3.000000000000000
2.000000000000000
1.000000000000000
8.956790123456781
10.000000000000000
7.913580246913580
6.870370370370370
5.827160493827160
4.783950617283950
3.740740740740740
2.697530864197530
1.654320987654320
0.611111111111111
8.959064327485370
10.000000000000000
7.918128654970760
6.877192982456140
5.836257309941520
4.795321637426900
3.754385964912280
2.713450292397660
1.672514619883040
0.631578947368421
8.961338531513960
10.000000000000000
7.922677063027940
6.884015594541910
5.845354126055880
4.806692657569850
3.768031189083820
2.729369720597790
1.690708252111760
0.652046783625731
8.963612735542551
10.000000000000000
7.927225471085120
6.890838206627680
5.854450942170240
4.818063677712800
3.781676413255360
2.745289148797920
1.708901884340480
0.672514619883041
8.965886939571140
10.000000000000000
7.931773879142300
6.897660818713450
5.863547758284600
4.829434697855750
3.795321637426900
2.761208576998050
1.727095516569200
0.692982456140351
8.968161143599730
10.000000000000000
7.936322287199470
6.904483430799220
5.872644574398960
4.840805717998700
3.808966861598440
2.777128005198180
1.745289148797920
0.713450292397660
8.970435347628319
10.000000000000000
7.940870695256660
6.911306042884990
5.881741390513320
4.852176738141650
3.822612085769980
2.793047433398310
1.763482781026640
0.733918128654971
8.972709551656919
10.000000000000000
7.945419103313840
6.918128654970760
5.890838206627680
4.863547758284600
3.836257309941520
2.808966861598440
1.781676413255360
0.754385964912281
8.974983755685500
10.000000000000000
7.949967511371020
6.924951267056530
5.899935022742040
4.874918778427550
3.849902534113060
2.824886289798570
1.799870045484080
0.774853801169591
8.977257959714089
10.000000000000000
7.954515919428200
6.931773879142300
5.909031838856400
4.886289798570500
3.863547758284600
2.840805717998700
1.818063677712800
0.795321637426900
8.979532163742689
10.000000000000000
7.959064327485370
6.938596491228070
5.918128654970760
4.897660818713450
3.877192982456140
2.856725146198830
1.836257309941520
0.815789473684211
8.981806367771281
10.000000000000000
7.963612735542560
6.945419103313840
5.927225471085120
4.909031838856400
3.890838206627680
2.872644574398960
1.854450942170240
0.836257309941520
8.984080571799870
10.000000000000000
7.968161143599740
6.952241715399610
5.936322287199480
4.920402858999350
3.904483430799220
2.888564002599090
1.872644574398960
0.856725146198830
8.986354775828460
10.000000000000000
7.972709551656920
6.959064327485380
5.945419103313840
4.931773879142300
3.918128654970760
2.904483430799220
1.890838206627680
0.877192982456140
8.988628979857049
10.000000000000000
7.977257959714100
6.965886939571150
5.954515919428200
4.943144899285250
3.931773879142300
2.920402858999350
1.909031838856400
0.897660818713450
8.990903183885640
10.000000000000000
7.981806367771280
6.972709551656920
5.963612735542560
4.954515919428200
3.945419103313840
2.936322287199480
1.927225471085120
0.918128654970760
8.993177387914230
10.000000000000000
7.986354775828460
6.979532163742690
5.972709551656920
4.965886939571150
3.959064327485380
2.952241715399610
1.945419103313840
0.938596491228070
8.995451591942819
10.000000000000000
7.990903183885640
6.986354775828460
5.981806367771280
4.977257959714100
3.972709551656920
2.968161143599740
1.963612735542560
0.959064327485380
8.997725795971411
10.000000000000000
7.995451591942820
6.993177387914230
5.990903183885640
4.988628979857050
3.986354775828460
2.984080571799870
1.981806367771280
0.979532163742690
9.000000000000000
10.000000000000000
8.000000000000000
7.000000000000000
6.000000000000000
5.000000000000000
4.000000000000000
3.000000000000000
2.000000000000000
1.000000000000000
8.950617283950610
10.000000000000000
7.901234567901230
6.851851851851850
5.802469135802470
4.753086419753080
3.703703703703700
2.654320987654320
1.604938271604940
0.555555555555556
8.953216374268999
10.000000000000000
7.906432748538010
6.859649122807010
5.812865497076020
4.766081871345030
3.719298245614030
2.672514619883040
1.625730994152050
0.578947368421052
8.955815464587380
10.000000000000000
7.911630929174790
6.867446393762180
5.823261858349580
4.779077322936970
3.734892787524370
2.690708252111760
1.646523716699150
0.602339181286550
8.958414554905771
10.000000000000000
7.916829109811570
6.875243664717350
5.833658219623130
4.792072774528910
3.750487329434700
2.708901884340480
1.667316439246260
0.625730994152047
8.961013645224170
10.000000000000000
7.922027290448340
6.883040935672510
5.844054580896680
4.805068226120860
3.766081871345030
2.727095516569200
1.688109161793370
0.649122807017544
8.963612735542551
10.000000000000000
7.927225471085120
6.890838206627680
5.854450942170240
4.818063677712800
3.781676413255360
2.745289148797920
1.708901884340480
0.672514619883041
8.966211825860940
10.000000000000000
7.932423651721900
6.898635477582840
5.864847303443790
4.831059129304740
3.797270955165690
2.763482781026640
1.729694606887590
0.695906432748538
8.968810916179329
10.000000000000000
7.937621832358670
6.906432748538010
5.875243664717350
4.844054580896680
3.812865497076020
2.781676413255360
1.750487329434700
0.719298245614035
8.971410006497720
10.000000000000000
7.942820012995450
6.914230019493170
5.885640025990900
4.857050032488630
3.828460038986350
2.799870045484080
1.771280051981810
0.742690058479532
8.974009096816109
10.000000000000000
7.948018193632220
6.922027290448340
5.896036387264460
4.870045484080570
3.844054580896690
2.818063677712800
1.792072774528910
0.766081871345030
8.976608187134500
10.000000000000000
7.953216374269000
6.929824561403510
5.906432748538010
4.883040935672510
3.859649122807020
2.836257309941520
1.812865497076020
0.789473684210527
8.979207277452890
10.000000000000000
7.958414554905780
6.937621832358670
5.916829109811560
4.896036387264460
3.875243664717350
2.854450942170240
1.833658219623130
0.812865497076023
8.981806367771281
10.000000000000000
7.963612735542560
6.945419103313840
5.927225471085120
4.909031838856400
3.890838206627680
2.872644574398960
1.854450942170240
0.836257309941520
8.984405458089659
10.000000000000000
7.968810916179330
6.953216374269010
5.937621832358670
4.922027290448340
3.906432748538010
2.890838206627680
1.875243664717350
0.859649122807017
8.987004548408059
10.000000000000000
7.974009096816110
6.961013645224170
5.948018193632230
4.935022742040290
3.922027290448340
2.909031838856400
1.896036387264460
0.883040935672515
8.989603638726440
10.000000000000000
7.979207277452890
6.968810916179340
5.958414554905780
4.948018193632230
3.937621832358670
2.927225471085120
1.916829109811560
0.906432748538012
8.992202729044831
10.000000000000000
7.984405458089660
6.976608187134500
5.968810916179340
4.961013645224170
3.953216374269000
2.945419103313840
1.937621832358670
0.929824561403509
8.994801819363220
10.000000000000000
7.989603638726450
6.984405458089670
5.979207277452890
4.974009096816110
3.968810916179340
2.963612735542560
1.958414554905780
0.953216374269006
8.997400909681611
10.000000000000000
7.994801819363220
6.992202729044830
5.989603638726450
4.987004548408060
3.984405458089670
2.981806367771280
1.979207277452890
0.976608187134503
9.000000000000000
10.000000000000000
8.000000000000000
7.000000000000000
6.000000000000000
5.000000000000000
4.000000000000000
3.000000000000000
2.000000000000000
1.000000000000000
8.944444444444439
10.000000000000000
7.888888888888880
6.833333333333330
5.777777777777770
4.722222222222220
3.666666666666660
2.611111111111110
1.555555555555560
8.947368421052630
10.000000000000000
7.894736842105260
6.842105263157890
5.789473684210520
4.736842105263160
3.684210526315790
2.631578947368420
1.578947368421050
0.526315789473684
8.950292397660810
10.000000000000000
7.900584795321630
6.850877192982450
5.801169590643270
4.751461988304090
3.701754385964910
2.652046783625730
1.602339181286550
0.552631578947368
8.953216374268999
10.000000000000000
7.906432748538010
6.859649122807020
5.812865497076020
4.766081871345030
3.719298245614030
2.672514619883040
1.625730994152050
0.578947368421052
8.956140350877190
10.000000000000000
7.912280701754380
6.868421052631570
5.824561403508770
4.780701754385960
3.736842105263160
2.692982456140350
1.649122807017540
0.605263157894737
8.959064327485381
10.000000000000000
7.918128654970760
6.877192982456140
5.836257309941520
4.795321637426900
3.754385964912280
2.713450292397660
1.672514619883040
0.631578947368421
8.961988304093561
10.000000000000000
7.923976608187130
6.885964912280700
5.847953216374270
4.809941520467830
3.771929824561400
2.733918128654970
1.695906432748540
0.657894736842106
8.964912280701750
10.000000000000000
7.929824561403500
6.894736842105260
5.859649122807010
4.824561403508770
3.789473684210520
2.754385964912280
1.719298245614030
0.684210526315789
8.967836257309930
10.000000000000000
7.935672514619880
6.903508771929830
5.871345029239760
4.839181286549710
3.807017543859650
2.774853801169590
1.742690058479530
0.710526315789474
8.970760233918121
10.000000000000000
7.941520467836250
6.912280701754380
5.883040935672510
4.853801169590640
3.824561403508770
2.795321637426900
1.766081871345030
0.736842105263158
8.973684210526310
10.000000000000000
7.947368421052630
6.921052631578950
5.894736842105260
4.868421052631580
3.842105263157890
2.815789473684210
1.789473684210530
0.763157894736842
8.976608187134500
10.000000000000000
7.953216374269000
6.929824561403510
5.906432748538010
4.883040935672510
3.859649122807020
2.836257309941520
1.812865497076020
0.789473684210527
8.979532163742689
10.000000000000000
7.959064327485380
6.938596491228070
5.918128654970760
4.897660818713450
3.877192982456140
2.856725146198830
1.836257309941520
0.815789473684210
8.982456140350870
10.000000000000000
7.964912280701750
6.947368421052630
5.929824561403510
4.912280701754390
3.894736842105260
2.877192982456140
1.859649122807020
0.842105263157895
8.985380116959060
10.000000000000000
7.970760233918130
6.956140350877190
5.941520467836250
4.926900584795320
3.912280701754380
2.897660818713450
1.883040935672510
0.868421052631579
8.988304093567249
10.000000000000000
7.976608187134500
6.964912280701760
5.953216374269010
4.941520467836260
3.929824561403510
2.918128654970760
1.906432748538010
0.894736842105263
8.991228070175440
10.000000000000000
7.982456140350870
6.973684210526320
5.964912280701750
4.956140350877190
3.947368421052630
2.938596491228070
1.929824561403510
0.921052631578947
8.994152046783620
10.000000000000000
7.988304093567250
6.982456140350880
5.976608187134500
4.970760233918130
3.964912280701750
2.959064327485380
1.953216374269010
0.947368421052632
8.997076023391809
10.000000000000000
7.994152046783620
6.991228070175440
5.988304093567250
4.985380116959060
3.982456140350880
2.979532163742690
1.976608187134500
0.973684210526316
9.000000000000000
10.000000000000000
8.000000000000000
7.000000000000000
6.000000000000000
5.000000000000000
4.000000000000000
3.000000000000000
2.000000000000000
1.000000000000000
8.944444444444439
10.000000000000000
7.888888888888890
6.833333333333330
5.777777777777780
4.722222222222220
3.666666666666670
2.611111111111110
1.555555555555560
8.947368421052630
10.000000000000000
7.894736842105260
6.842105263157890
5.789473684210530
4.736842105263160
3.684210526315790
2.631578947368420
1.578947368421050
0.526315789473684
8.950292397660810
10.000000000000000
7.900584795321630
6.850877192982450
5.801169590643280
4.751461988304090
3.701754385964910
2.652046783625730
1.602339181286550
0.552631578947368
8.953216374268999
10.000000000000000
7.906432748538010
6.859649122807020
5.812865497076020
4.766081871345030
3.719298245614030
2.672514619883040
1.625730994152050
0.578947368421053
8.956140350877190
10.000000000000000
7.912280701754380
6.868421052631580
5.824561403508770
4.780701754385960
3.736842105263160
2.692982456140350
1.649122807017540
0.605263157894737
8.959064327485381
10.000000000000000
7.918128654970760
6.877192982456140
5.836257309941520
4.795321637426900
3.754385964912280
2.713450292397660
1.672514619883040
0.631578947368421
8.961988304093561
10.000000000000000
7.923976608187130
6.885964912280700
5.847953216374270
4.809941520467830
3.771929824561400
2.733918128654970
1.695906432748540
0.657894736842106
8.964912280701750
10.000000000000000
7.929824561403510
6.894736842105260
5.859649122807020
4.824561403508770
3.789473684210520
2.754385964912280
1.719298245614030
0.684210526315790
8.967836257309941
10.000000000000000
7.935672514619880
6.903508771929820
5.871345029239760
4.839181286549710
3.807017543859650
2.774853801169590
1.742690058479530
0.710526315789474
8.970760233918130
10.000000000000000
7.941520467836250
6.912280701754390
5.883040935672510
4.853801169590640
3.824561403508770
2.795321637426900
1.766081871345030
0.736842105263158
8.973684210526310
10.000000000000000
7.947368421052630
6.921052631578950
5.894736842105260
4.868421052631580
3.842105263157890
2.815789473684210
1.789473684210530
0.763157894736842
8.976608187134500
10.000000000000000
7.953216374269000
6.929824561403510
5.906432748538010
4.883040935672510
3.859649122807020
2.836257309941520
1.812865497076020
0.789473684210526
8.979532163742689
10.000000000000000
7.959064327485380
6.938596491228070
5.918128654970760
4.897660818713450
3.877192982456140
2.856725146198830
1.836257309941520
0.815789473684211
8.982456140350880
10.000000000000000
7.964912280701750
6.947368421052630
5.929824561403510
4.912280701754390
3.894736842105260
2.877192982456140
1.859649122807020
0.842105263157895
8.985380116959060
10.000000000000000
7.970760233918130
6.956140350877190
5.941520467836260
4.926900584795320
3.912280701754390
2.897660818713450
1.883040935672510
0.868421052631579
8.988304093567249
10.000000000000000
7.976608187134500
6.964912280701750
5.953216374269000
4.941520467836260
3.929824561403510
2.918128654970760
1.906432748538010
0.894736842105263
8.991228070175440
10.000000000000000
7.982456140350880
6.973684210526320
5.964912280701750
4.956140350877190
3.947368421052630
2.938596491228070
1.929824561403510
0.921052631578947
8.994152046783629
10.000000000000000
7.988304093567250
6.982456140350880
5.976608187134500
4.970760233918130
3.964912280701750
2.959064327485380
1.953216374269010
0.947368421052632
8.997076023391809
10.000000000000000
7.994152046783630
6.991228070175440
5.988304093567250
4.985380116959070
3.982456140350880
2.979532163742690
1.976608187134500
0.973684210526316
9.000000000000000
10.000000000000000
8.000000000000000
7.000000000000000
6.000000000000000
5.000000000000000
4.000000000000000
3.000000000000000
2.000000000000000
1.000000000000000
0.000000000000000
-1.000000000000000
-1.000000000000000
0.000000000000000
0.000000000000000
-0.944444444444444
-0.947368421052631
0.000000000000000
-2.000000000000000
-2.000000000000000
-1.950617283950620
-1.953216374269000
-3.000000000000000
-3.000000000000000
-2.956790123456790
-2.959064327485380
-4.000000000000000
-4.000000000000000
-3.962962962962960
-3.964912280701750
-5.000000000000000
-5.000000000000000
-4.969135802469140
-4.970760233918130
-6.000000000000000
-6.000000000000000
-5.975308641975310
-5.976608187134500
-7.000000000000000
-7.000000000000000
-6.981481481481480
-6.982456140350870
-8.000000000000000
-8.000000000000000
-7.987654320987650
-7.988304093567250
-9.000000000000000
-9.000000000000000
-8.993827160493820
-8.994152046783620
-10.000000000000000
-10.000000000000000
-10.000000000000000
-10.000000000000000
-1.000000000000000
0.000000000000000
-0.950292397660818
0.000000000000000
-2.000000000000000
-1.955815464587390
-3.000000000000000
-2.961338531513970
-4.000000000000000
-3.966861598440550
-5.000000000000000
-4.972384665367120
-6.000000000000000
-5.977907732293700
-7.000000000000000
-6.983430799220270
-8.000000000000000
-7.988953866146850
-9.000000000000000
-8.994476933073420
-10.000000000000000
-10.000000000000000
-1.000000000000000
0.000000000000000
-0.953216374269005
0.000000000000000
-2.000000000000000
-1.958414554905780
-3.000000000000000
-2.963612735542560
-4.000000000000000
-3.968810916179340
-5.000000000000000
-4.974009096816120
-6.000000000000000
-5.979207277452890
-7.000000000000000
-6.984405458089670
-8.000000000000000
-7.989603638726440
-9.000000000000000
-8.994801819363230
-10.000000000000000
-10.000000000000000
-1.000000000000000
0.000000000000000
-0.956140350877192
0.000000000000000
-2.000000000000000
-1.961013645224170
-3.000000000000000
-2.965886939571150
-4.000000000000000
-3.970760233918130
-5.000000000000000
-4.975633528265110
-6.000000000000000
-5.980506822612090
-7.000000000000000
-6.985380116959070
-8.000000000000000
-7.990253411306040
-9.000000000000000
-8.995126705653020
-10.000000000000000
-10.000000000000000
-1.000000000000000
0.000000000000000
-0.959064327485380
0.000000000000000
-2.000000000000000
-1.963612735542560
-3.000000000000000
-2.968161143599740
-4.000000000000000
-3.972709551656920
-5.000000000000000
-4.977257959714100
-6.000000000000000
-5.981806367771280
-7.000000000000000
-6.986354775828460
-8.000000000000000
-7.990903183885640
-9.000000000000000
-8.995451591942819
-10.000000000000000
-10.000000000000000
-1.000000000000000
0.000000000000000
-0.961988304093567
0.000000000000000
-2.000000000000000
-1.966211825860950
-3.000000000000000
-2.970435347628330
-4.000000000000000
-3.974658869395710
-5.000000000000000
-4.978882391163090
-6.000000000000000
-5.983105912930470
-7.000000000000000
-6.987329434697850
-8.000000000000000
-7.991552956465240
-9.000000000000000
-8.995776478232621
-10.000000000000000
-10.000000000000000
-1.000000000000000
0.000000000000000
-0.964912280701754
0.000000000000000
-2.000000000000000
-1.968810916179340
-3.000000000000000
-2.972709551656920
-4.000000000000000
-3.976608187134500
-5.000000000000000
-4.980506822612090
-6.000000000000000
-5.984405458089670
-7.000000000000000
-6.988304093567250
-8.000000000000000
-7.992202729044830
-9.000000000000000
-8.996101364522421
-10.000000000000000
-10.000000000000000
-1.000000000000000
0.000000000000000
-0.967836257309941
0.000000000000000
-2.000000000000000
-1.971410006497730
-3.000000000000000
-2.974983755685510
-4.000000000000000
-3.978557504873290
-5.000000000000000
-4.982131254061080
-6.000000000000000
-5.985705003248860
-7.000000000000000
-6.989278752436650
-8.000000000000000
-7.992852501624430
-9.000000000000000
-8.996426250812210
-10.000000000000000
-10.000000000000000
-1.000000000000000
0.000000000000000
-0.970760233918129
0.000000000000000
-2.000000000000000
-1.974009096816110
-3.000000000000000
-2.977257959714100
-4.000000000000000
-3.980506822612080
-5.000000000000000
-4.983755685510070
-6.000000000000000
-5.987004548408060
-7.000000000000000
-6.990253411306040
-8.000000000000000
-7.993502274204020
-9.000000000000000
-8.996751137102009
-10.000000000000000
-10.000000000000000
-1.000000000000000
0.000000000000000
-0.973684210526315
0.000000000000000
-2.000000000000000
-1.976608187134500
-3.000000000000000
-2.979532163742690
-4.000000000000000
-3.982456140350880
-5.000000000000000
-4.985380116959060
-6.000000000000000
-5.988304093567250
-7.000000000000000
-6.991228070175440
-8.000000000000000
-7.994152046783620
-9.000000000000000
-8.997076023391809
-10.000000000000000
-10.000000000000000
-1.000000000000000
0.000000000000000
-0.976608187134503
0.000000000000000
-2.000000000000000
-1.979207277452890
-3.000000000000000
-2.981806367771280
-4.000000000000000
-3.984405458089670
-5.000000000000000
-4.987004548408060
-6.000000000000000
-5.989603638726450
-7.000000000000000
-6.992202729044830
-8.000000000000000
-7.994801819363220
-9.000000000000000
-8.997400909681611
-10.000000000000000
-10.000000000000000
-1.000000000000000
0.000000000000000
-0.979532163742690
0.000000000000000
-2.000000000000000
-1.981806367771280
-3.000000000000000
-2.984080571799870
-4.000000000000000
-3.986354775828460
-5.000000000000000
-4.988628979857050
-6.000000000000000
-5.990903183885640
-7.000000000000000
-6.993177387914230
-8.000000000000000
-7.995451591942820
-9.000000000000000
-8.997725795971411
-10.000000000000000
-10.000000000000000
-1.000000000000000
0.000000000000000
-0.982456140350877
0.000000000000000
-2.000000000000000
-1.984405458089670
-3.000000000000000
-2.986354775828460
-4.000000000000000
-3.988304093567250
-5.000000000000000
-4.990253411306040
-6.000000000000000
-5.992202729044830
-7.000000000000000
-6.994152046783630
-8.000000000000000
-7.996101364522420
-9.000000000000000
-8.998050682261210
-10.000000000000000
-10.000000000000000
-1.000000000000000
0.000000000000000
-0.985380116959064
0.000000000000000
-2.000000000000000
-1.987004548408060
-3.000000000000000
-2.988628979857050
-4.000000000000000
-3.990253411306040
-5.000000000000000
-4.991877842755040
-6.000000000000000
-5.993502274204030
-7.000000000000000
-6.995126705653020
-8.000000000000000
-7.996751137102010
-9.000000000000000
-8.998375568551010
-10.000000000000000
-10.000000000000000
-1.000000000000000
0.000000000000000
-0.988304093567251
0.000000000000000
-2.000000000000000
-1.989603638726440
-3.000000000000000
-2.990903183885640
-4.000000000000000
-3.992202729044830
-5.000000000000000
-4.993502274204030
-6.000000000000000
-5.994801819363230
-7.000000000000000
-6.996101364522420
-8.000000000000000
-7.997400909681610
-9.000000000000000
-8.998700454840810
-10.000000000000000
-10.000000000000000
-1.000000000000000
0.000000000000000
-0.991228070175438
0.000000000000000
-2.000000000000000
-1.992202729044830
-3.000000000000000
-2.993177387914230
-4.000000000000000
-3.994152046783630
-5.000000000000000
-4.995126705653020
-6.000000000000000
-5.996101364522420
-7.000000000000000
-6.997076023391810
-8.000000000000000
-7.998050682261200
-9.000000000000000
-8.999025341130601
-10.000000000000000
-10.000000000000000
-1.000000000000000
0.000000000000000
-0.994152046783625
0.000000000000000
-2.000000000000000
-1.994801819363220
-3.000000000000000
-2.995451591942820
-4.000000000000000
-3.996101364522410
-5.000000000000000
-4.996751137102010
-6.000000000000000
-5.997400909681610
-7.000000000000000
-6.998050682261210
-8.000000000000000
-7.998700454840800
-9.000000000000000
-8.999350227420400
-10.000000000000000
-10.000000000000000
-1.000000000000000
0.000000000000000
-0.997076023391813
0.000000000000000
-2.000000000000000
-1.997400909681610
-3.000000000000000
-2.997725795971410
-4.000000000000000
-3.998050682261210
-5.000000000000000
-4.998375568551010
-6.000000000000000
-5.998700454840800
-7.000000000000000
-6.999025341130600
-8.000000000000000
-7.999350227420400
-9.000000000000000
-8.999675113710200
-10.000000000000000
-10.000000000000000
-1.000000000000000
0.000000000000000
-1.000000000000000
0.000000000000000
-2.000000000000000
-2.000000000000000
-3.000000000000000
-3.000000000000000
-4.000000000000000
-4.000000000000000
-5.000000000000000
-5.000000000000000
-6.000000000000000
-6.000000000000000
-7.000000000000000
-7.000000000000000
-8.000000000000000
-8.000000000000000
-9.000000000000000
-9.000000000000000
-10.000000000000000
-10.000000000000000
0.000000000000000
-0.888888888888889
-0.894736842105263
0.000000000000000
-1.901234567901230
-1.906432748538010
-2.913580246913580
-2.918128654970760
-3.925925925925930
-3.929824561403510
-4.938271604938270
-4.941520467836260
-5.950617283950620
-5.953216374269010
-6.962962962962960
-6.964912280701760
-7.975308641975310
-7.976608187134500
-8.987654320987650
-8.988304093567240
-10.000000000000000
-10.000000000000000
-0.900584795321637
0.000000000000000
-1.911630929174790
-2.922677063027940
-3.933723196881090
-4.944769330734240
-5.955815464587400
-6.966861598440550
-7.977907732293700
-8.988953866146851
-10.000000000000000
-0.906432748538011
0.000000000000000
-1.916829109811570
-2.927225471085120
-3.937621832358670
-4.948018193632230
-5.958414554905790
-6.968810916179340
-7.979207277452890
-8.989603638726440
-10.000000000000000
-0.912280701754386
0.000000000000000
-1.922027290448340
-2.931773879142300
-3.941520467836260
-4.951267056530220
-5.961013645224170
-6.970760233918130
-7.980506822612090
-8.990253411306041
-10.000000000000000
-0.918128654970760
0.000000000000000
-1.927225471085120
-2.936322287199480
-3.945419103313840
-4.954515919428200
-5.963612735542560
-6.972709551656920
-7.981806367771280
-8.990903183885640
-10.000000000000000
-0.923976608187134
0.000000000000000
-1.932423651721900
-2.940870695256660
-3.949317738791420
-4.957764782326190
-5.966211825860950
-6.974658869395710
-7.983105912930480
-8.991552956465229
-10.000000000000000
-0.929824561403509
0.000000000000000
-1.937621832358670
-2.945419103313840
-3.953216374269000
-4.961013645224170
-5.968810916179340
-6.976608187134500
-7.984405458089670
-8.992202729044831
-10.000000000000000
-0.935672514619883
0.000000000000000
-1.942820012995450
-2.949967511371020
-3.957115009746590
-4.964262508122160
-5.971410006497730
-6.978557504873300
-7.985705003248860
-8.992852501624430
-10.000000000000000
-0.941520467836257
0.000000000000000
-1.948018193632230
-2.954515919428200
-3.961013645224170
-4.967511371020140
-5.974009096816110
-6.980506822612080
-7.987004548408060
-8.993502274204030
-10.000000000000000
-0.947368421052632
0.000000000000000
-1.953216374269010
-2.959064327485380
-3.964912280701750
-4.970760233918130
-5.976608187134500
-6.982456140350880
-7.988304093567250
-8.994152046783620
-10.000000000000000
-0.953216374269006
0.000000000000000
-1.958414554905780
-2.963612735542560
-3.968810916179340
-4.974009096816120
-5.979207277452890
-6.984405458089670
-7.989603638726440
-8.994801819363220
-10.000000000000000
-0.959064327485380
0.000000000000000
-1.963612735542560
-2.968161143599740
-3.972709551656920
-4.977257959714100
-5.981806367771280
-6.986354775828460
-7.990903183885640
-8.995451591942819
-10.000000000000000
-0.964912280701754
0.000000000000000
-1.968810916179340
-2.972709551656920
-3.976608187134500
-4.980506822612090
-5.984405458089670
-6.988304093567250
-7.992202729044830
-8.996101364522410
-10.000000000000000
-0.970760233918128
0.000000000000000
-1.974009096816110
-2.977257959714100
-3.980506822612080
-4.983755685510070
-5.987004548408060
-6.990253411306040
-7.993502274204030
-8.996751137102009
-10.000000000000000
-0.976608187134503
0.000000000000000
-1.979207277452890
-2.981806367771280
-3.984405458089670
-4.987004548408060
-5.989603638726450
-6.992202729044840
-7.994801819363220
-8.997400909681611
-10.000000000000000
-0.982456140350877
0.000000000000000
-1.984405458089670
-2.986354775828460
-3.988304093567250
-4.990253411306040
-5.992202729044830
-6.994152046783630
-7.996101364522420
-8.998050682261210
-10.000000000000000
-0.988304093567251
0.000000000000000
-1.989603638726440
-2.990903183885640
-3.992202729044830
-4.993502274204030
-5.994801819363230
-6.996101364522420
-7.997400909681610
-8.998700454840810
-10.000000000000000
-0.994152046783626
0.000000000000000
-1.994801819363220
-2.995451591942820
-3.996101364522420
-4.996751137102010
-5.997400909681610
-6.998050682261210
-7.998700454840800
-8.999350227420400
-10.000000000000000
-1.000000000000000
0.000000000000000
-2.000000000000000
-3.000000000000000
-4.000000000000000
-5.000000000000000
-6.000000000000000
-7.000000000000000
-8.000000000000000
-9.000000000000000
-10.000000000000000
0.000000000000000
-0.833333333333333
-0.842105263157894
0.000000000000000
-1.851851851851850
-1.859649122807020
-2.870370370370370
-2.877192982456140
-3.888888888888890
-3.894736842105260
-4.907407407407410
-4.912280701754390
-5.925925925925930
-5.929824561403510
-6.944444444444440
-6.947368421052630
-7.962962962962960
-7.964912280701750
-8.981481481481479
-8.982456140350870
-10.000000000000000
-10.000000000000000
-0.850877192982456
0.000000000000000
-1.867446393762180
-2.884015594541910
-3.900584795321640
-4.917153996101360
-5.933723196881090
-6.950292397660820
-7.966861598440540
-8.983430799220271
-10.000000000000000
-0.859649122807017
0.000000000000000
-1.875243664717350
-2.890838206627680
-3.906432748538010
-4.922027290448340
-5.937621832358680
-6.953216374269010
-7.968810916179330
-8.984405458089659
-10.000000000000000
-0.868421052631579
0.000000000000000
-1.883040935672510
-2.897660818713450
-3.912280701754390
-4.926900584795320
-5.941520467836260
-6.956140350877200
-7.970760233918130
-8.985380116959060
-10.000000000000000
-0.877192982456140
0.000000000000000
-1.890838206627680
-2.904483430799220
-3.918128654970760
-4.931773879142300
-5.945419103313840
-6.959064327485380
-7.972709551656920
-8.986354775828460
-10.000000000000000
-0.885964912280702
0.000000000000000
-1.898635477582840
-2.911306042884990
-3.923976608187130
-4.936647173489280
-5.949317738791420
-6.961988304093570
-7.974658869395710
-8.987329434697850
-10.000000000000000
-0.894736842105263
0.000000000000000
-1.906432748538010
-2.918128654970760
-3.929824561403510
-4.941520467836260
-5.953216374269010
-6.964912280701760
-7.976608187134500
-8.988304093567249
-10.000000000000000
-0.903508771929824
0.000000000000000
-1.914230019493180
-2.924951267056530
-3.935672514619880
-4.946393762183240
-5.957115009746590
-6.967836257309940
-7.978557504873300
-8.989278752436650
-10.000000000000000
-0.912280701754386
0.000000000000000
-1.922027290448340
-2.931773879142300
-3.941520467836260
-4.951267056530210
-5.961013645224170
-6.970760233918130
-7.980506822612090
-8.990253411306041
-10.000000000000000
-0.921052631578947
0.000000000000000
-1.929824561403510
-2.938596491228070
-3.947368421052630
-4.956140350877200
-5.964912280701760
-6.973684210526320
-7.982456140350880
-8.991228070175429
-10.000000000000000
-0.929824561403509
0.000000000000000
-1.937621832358670
-2.945419103313840
-3.953216374269000
-4.961013645224170
-5.968810916179340
-6.976608187134500
-7.984405458089670
-8.992202729044831
-10.000000000000000
-0.938596491228070
0.000000000000000
-1.945419103313840
-2.952241715399610
-3.959064327485380
-4.965886939571150
-5.972709551656920
-6.979532163742690
-7.986354775828460
-8.993177387914230
-10.000000000000000
-0.947368421052632
0.000000000000000
-1.953216374269010
-2.959064327485380
-3.964912280701750
-4.970760233918130
-5.976608187134500
-6.982456140350880
-7.988304093567250
-8.994152046783620
-10.000000000000000
-0.956140350877193
0.000000000000000
-1.961013645224170
-2.965886939571150
-3.970760233918130
-4.975633528265110
-5.980506822612090
-6.985380116959060
-7.990253411306040
-8.995126705653020
-10.000000000000000
-0.964912280701754
0.000000000000000
-1.968810916179340
-2.972709551656920
-3.976608187134500
-4.980506822612090
-5.984405458089670
-6.988304093567250
-7.992202729044830
-8.996101364522421
-10.000000000000000
-0.973684210526316
0.000000000000000
-1.976608187134500
-2.979532163742690
-3.982456140350880
-4.985380116959060
-5.988304093567250
-6.991228070175440
-7.994152046783630
-8.997076023391809
-10.000000000000000
-0.982456140350877
0.000000000000000
-1.984405458089670
-2.986354775828460
-3.988304093567250
-4.990253411306040
-5.992202729044830
-6.994152046783630
-7.996101364522420
-8.998050682261210
-10.000000000000000
-0.991228070175439
0.000000000000000
-1.992202729044830
-2.993177387914230
-3.994152046783630
-4.995126705653020
-5.996101364522420
-6.997076023391810
-7.998050682261210
-8.999025341130601
-10.000000000000000
-1.000000000000000
0.000000000000000
-2.000000000000000
-3.000000000000000
-4.000000000000000
-5.000000000000000
-6.000000000000000
-7.000000000000000
-8.000000000000000
-9.000000000000000
-10.000000000000000
0.000000000000000
-0.777777777777778
-0.789473684210526
0.000000000000000
-1.802469135802470
-1.812865497076020
-2.827160493827160
-2.836257309941520
-3.851851851851850
-3.859649122807020
-4.876543209876540
-4.883040935672510
-5.901234567901240
-5.906432748538010
-6.925925925925920
-6.929824561403510
-7.950617283950620
-7.953216374269000
-8.975308641975300
-8.976608187134490
-10.000000000000000
-10.000000000000000
-0.801169590643275
0.000000000000000
-1.823261858349580
-2.845354126055880
-3.867446393762180
-4.889538661468480
-5.911630929174790
-6.933723196881090
-7.955815464587390
-8.977907732293691
-10.000000000000000
-0.812865497076023
0.000000000000000
-1.833658219623130
-2.854450942170240
-3.875243664717350
-4.896036387264460
-5.916829109811570
-6.937621832358670
-7.958414554905780
-8.979207277452890
-10.000000000000000
-0.824561403508772
0.000000000000000
-1.844054580896690
-2.863547758284600
-3.883040935672510
-4.902534113060430
-5.922027290448350
-6.941520467836260
-7.961013645224170
-8.980506822612080
-10.000000000000000
-0.836257309941520
0.000000000000000
-1.854450942170240
-2.872644574398960
-3.890838206627680
-4.909031838856400
-5.927225471085120
-6.945419103313840
-7.963612735542560
-8.981806367771281
-10.000000000000000
-0.847953216374269
0.000000000000000
-1.864847303443790
-2.881741390513320
-3.898635477582840
-4.915529564652370
-5.932423651721900
-6.949317738791420
-7.966211825860950
-8.983105912930469
-10.000000000000000
-0.859649122807017
0.000000000000000
-1.875243664717350
-2.890838206627680
-3.906432748538010
-4.922027290448340
-5.937621832358680
-6.953216374269000
-7.968810916179330
-8.984405458089670
-10.000000000000000
-0.871345029239766
0.000000000000000
-1.885640025990900
-2.899935022742040
-3.914230019493180
-4.928525016244310
-5.942820012995450
-6.957115009746590
-7.971410006497730
-8.985705003248860
-10.000000000000000
-0.883040935672515
0.000000000000000
-1.896036387264460
-2.909031838856400
-3.922027290448340
-4.935022742040290
-5.948018193632230
-6.961013645224170
-7.974009096816110
-8.987004548408059
-10.000000000000000
-0.894736842105263
0.000000000000000
-1.906432748538010
-2.918128654970760
-3.929824561403510
-4.941520467836260
-5.953216374269010
-6.964912280701750
-7.976608187134500
-8.988304093567249
-10.000000000000000
-0.906432748538011
0.000000000000000
-1.916829109811570
-2.927225471085120
-3.937621832358670
-4.948018193632230
-5.958414554905780
-6.968810916179340
-7.979207277452890
-8.989603638726440
-10.000000000000000
-0.918128654970760
0.000000000000000
-1.927225471085120
-2.936322287199480
-3.945419103313840
-4.954515919428200
-5.963612735542560
-6.972709551656920
-7.981806367771280
-8.990903183885640
-10.000000000000000
-0.929824561403509
0.000000000000000
-1.937621832358670
-2.945419103313840
-3.953216374269010
-4.961013645224170
-5.968810916179340
-6.976608187134500
-7.984405458089670
-8.992202729044831
-10.000000000000000
-0.941520467836257
0.000000000000000
-1.948018193632230
-2.954515919428200
-3.961013645224170
-4.967511371020140
-5.974009096816110
-6.980506822612080
-7.987004548408060
-8.993502274204030
-10.000000000000000
-0.953216374269006
0.000000000000000
-1.958414554905780
-2.963612735542560
-3.968810916179340
-4.974009096816110
-5.979207277452890
-6.984405458089670
-7.989603638726440
-8.994801819363220
-10.000000000000000
-0.964912280701754
0.000000000000000
-1.968810916179340
-2.972709551656920
-3.976608187134500
-4.980506822612090
-5.984405458089670
-6.988304093567250
-7.992202729044830
-8.996101364522410
-10.000000000000000
-0.976608187134503
0.000000000000000
-1.979207277452890
-2.981806367771280
-3.984405458089670
-4.987004548408060
-5.989603638726440
-6.992202729044830
-7.994801819363220
-8.997400909681611
-10.000000000000000
-0.988304093567251
0.000000000000000
-1.989603638726450
-2.990903183885640
-3.992202729044830
-4.993502274204030
-5.994801819363220
-6.996101364522420
-7.997400909681610
-8.998700454840799
-10.000000000000000
-1.000000000000000
0.000000000000000
-2.000000000000000
-3.000000000000000
-4.000000000000000
-5.000000000000000
-6.000000000000000
-7.000000000000000
-8.000000000000000
-9.000000000000000
-10.000000000000000
0.000000000000000
-0.722222222222222
-0.736842105263158
0.000000000000000
-1.753086419753090
-1.766081871345030
-2.783950617283950
-2.795321637426900
-3.814814814814810
-3.824561403508770
-4.845679012345680
-4.853801169590640
-5.876543209876540
-5.883040935672510
-6.907407407407410
-6.912280701754390
-7.938271604938270
-7.941520467836260
-8.969135802469131
-8.970760233918130
-10.000000000000000
-10.000000000000000
-0.751461988304094
0.000000000000000
-1.779077322936970
-2.806692657569850
-3.834307992202730
-4.861923326835610
-5.889538661468490
-6.917153996101360
-7.944769330734240
-8.972384665367120
-10.000000000000000
-0.766081871345029
0.000000000000000
-1.792072774528910
-2.818063677712800
-3.844054580896680
-4.870045484080570
-5.896036387264460
-6.922027290448350
-7.948018193632230
-8.974009096816109
-10.000000000000000
-0.780701754385965
0.000000000000000
-1.805068226120860
-2.829434697855750
-3.853801169590640
-4.878167641325540
-5.902534113060430
-6.926900584795320
-7.951267056530210
-8.975633528265099
-10.000000000000000
-0.795321637426901
0.000000000000000
-1.818063677712800
-2.840805717998700
-3.863547758284600
-4.886289798570500
-5.909031838856400
-6.931773879142300
-7.954515919428200
-8.977257959714100
-10.000000000000000
-0.809941520467836
0.000000000000000
-1.831059129304740
-2.852176738141650
-3.873294346978560
-4.894411955815460
-5.915529564652370
-6.936647173489280
-7.957764782326190
-8.978882391163090
-10.000000000000000
-0.824561403508772
0.000000000000000
-1.844054580896690
-2.863547758284600
-3.883040935672510
-4.902534113060430
-5.922027290448340
-6.941520467836260
-7.961013645224170
-8.980506822612091
-10.000000000000000
-0.839181286549707
0.000000000000000
-1.857050032488630
-2.874918778427550
-3.892787524366470
-4.910656270305390
-5.928525016244310
-6.946393762183240
-7.964262508122160
-8.982131254061080
-10.000000000000000
-0.853801169590644
0.000000000000000
-1.870045484080570
-2.886289798570500
-3.902534113060430
-4.918778427550360
-5.935022742040290
-6.951267056530220
-7.967511371020140
-8.983755685510070
-10.000000000000000
-0.868421052631579
0.000000000000000
-1.883040935672510
-2.897660818713450
-3.912280701754390
-4.926900584795320
-5.941520467836260
-6.956140350877200
-7.970760233918130
-8.985380116959060
-10.000000000000000
-0.883040935672514
0.000000000000000
-1.896036387264460
-2.909031838856400
-3.922027290448340
-4.935022742040290
-5.948018193632230
-6.961013645224170
-7.974009096816110
-8.987004548408059
-10.000000000000000
-0.897660818713450
0.000000000000000
-1.909031838856400
-2.920402858999350
-3.931773879142300
-4.943144899285250
-5.954515919428200
-6.965886939571150
-7.977257959714100
-8.988628979857049
-10.000000000000000
-0.912280701754386
0.000000000000000
-1.922027290448340
-2.931773879142300
-3.941520467836260
-4.951267056530210
-5.961013645224170
-6.970760233918130
-7.980506822612090
-8.990253411306041
-10.000000000000000
-0.926900584795321
0.000000000000000
-1.935022742040290
-2.943144899285250
-3.951267056530210
-4.959389213775180
-5.967511371020140
-6.975633528265110
-7.983755685510070
-8.991877842755031
-10.000000000000000
-0.941520467836257
0.000000000000000
-1.948018193632230
-2.954515919428200
-3.961013645224170
-4.967511371020140
-5.974009096816110
-6.980506822612090
-7.987004548408060
-8.993502274204030
-10.000000000000000
-0.956140350877193
0.000000000000000
-1.961013645224170
-2.965886939571150
-3.970760233918130
-4.975633528265110
-5.980506822612080
-6.985380116959070
-7.990253411306040
-8.995126705653020
-10.000000000000000
-0.970760233918128
0.000000000000000
-1.974009096816110
-2.977257959714100
-3.980506822612090
-4.983755685510070
-5.987004548408060
-6.990253411306040
-7.993502274204030
-8.996751137102009
-10.000000000000000
-0.985380116959064
0.000000000000000
-1.987004548408060
-2.988628979857050
-3.990253411306040
-4.991877842755030
-5.993502274204030
-6.995126705653020
-7.996751137102020
-8.998375568550999
-10.000000000000000
-1.000000000000000
0.000000000000000
-2.000000000000000
-3.000000000000000
-4.000000000000000
-5.000000000000000
-6.000000000000000
-7.000000000000000
-8.000000000000000
-9.000000000000000
-10.000000000000000
0.000000000000000
-0.666666666666667
-0.684210526315789
0.000000000000000
-1.703703703703700
-1.719298245614030
-2.740740740740740
-2.754385964912280
-3.777777777777780
-3.789473684210520
-4.814814814814810
-4.824561403508770
-5.851851851851850
-5.859649122807020
-6.888888888888890
-6.894736842105260
-7.925925925925930
-7.929824561403510
-8.962962962962960
-8.964912280701760
-10.000000000000000
-10.000000000000000
-0.701754385964912
0.000000000000000
-1.734892787524370
-2.768031189083820
-3.801169590643270
-4.834307992202730
-5.867446393762180
-6.900584795321640
-7.933723196881090
-8.966861598440540
-10.000000000000000
-0.719298245614035
0.000000000000000
-1.750487329434700
-2.781676413255360
-3.812865497076020
-4.844054580896690
-5.875243664717350
-6.906432748538010
-7.937621832358670
-8.968810916179340
-10.000000000000000
-0.736842105263157
0.000000000000000
-1.766081871345030
-2.795321637426900
-3.824561403508770
-4.853801169590640
-5.883040935672510
-6.912280701754380
-7.941520467836260
-8.970760233918130
-10.000000000000000
-0.754385964912281
0.000000000000000
-1.781676413255360
-2.808966861598440
-3.836257309941520
-4.863547758284600
-5.890838206627680
-6.918128654970760
-7.945419103313840
-8.972709551656919
-10.000000000000000
-0.771929824561403
0.000000000000000
-1.797270955165690
-2.822612085769980
-3.847953216374270
-4.873294346978560
-5.898635477582840
-6.923976608187130
-7.949317738791420
-8.974658869395711
-10.000000000000000
-0.789473684210526
0.000000000000000
-1.812865497076020
-2.836257309941520
-3.859649122807020
-4.883040935672510
-5.906432748538010
-6.929824561403510
-7.953216374269000
-8.976608187134509
-10.000000000000000
-0.807017543859649
0.000000000000000
-1.828460038986350
-2.849902534113060
-3.871345029239760
-4.892787524366470
-5.914230019493180
-6.935672514619890
-7.957115009746590
-8.978557504873290
-10.000000000000000
-0.824561403508772
0.000000000000000
-1.844054580896690
-2.863547758284600
-3.883040935672510
-4.902534113060430
-5.922027290448340
-6.941520467836260
-7.961013645224170
-8.980506822612091
-10.000000000000000
-0.842105263157895
0.000000000000000
-1.859649122807020
-2.877192982456140
-3.894736842105260
-4.912280701754390
-5.929824561403510
-6.947368421052630
-7.964912280701750
-8.982456140350880
-10.000000000000000
-0.859649122807017
0.000000000000000
-1.875243664717350
-2.890838206627680
-3.906432748538010
-4.922027290448340
-5.937621832358670
-6.953216374269010
-7.968810916179330
-8.984405458089670
-10.000000000000000
-0.877192982456140
0.000000000000000
-1.890838206627680
-2.904483430799220
-3.918128654970760
-4.931773879142300
-5.945419103313840
-6.959064327485380
-7.972709551656920
-8.986354775828460
-10.000000000000000
-0.894736842105263
0.000000000000000
-1.906432748538010
-2.918128654970760
-3.929824561403510
-4.941520467836260
-5.953216374269010
-6.964912280701760
-7.976608187134500
-8.988304093567249
-10.000000000000000
-0.912280701754386
0.000000000000000
-1.922027290448340
-2.931773879142300
-3.941520467836260
-4.951267056530210
-5.961013645224170
-6.970760233918130
-7.980506822612080
-8.990253411306041
-10.000000000000000
-0.929824561403509
0.000000000000000
-1.937621832358670
-2.945419103313840
-3.953216374269000
-4.961013645224170
-5.968810916179340
-6.976608187134500
-7.984405458089670
-8.992202729044831
-10.000000000000000
-0.947368421052631
0.000000000000000
-1.953216374269010
-2.959064327485380
-3.964912280701750
-4.970760233918130
-5.976608187134500
-6.982456140350880
-7.988304093567250
-8.994152046783629
-10.000000000000000
-0.964912280701754
0.000000000000000
-1.968810916179340
-2.972709551656920
-3.976608187134500
-4.980506822612090
-5.984405458089670
-6.988304093567250
-7.992202729044830
-8.996101364522421
-10.000000000000000
-0.982456140350877
0.000000000000000
-1.984405458089670
-2.986354775828460
-3.988304093567250
-4.990253411306040
-5.992202729044830
-6.994152046783630
-7.996101364522420
-8.998050682261210
-10.000000000000000
-1.000000000000000
0.000000000000000
-2.000000000000000
-3.000000000000000
-4.000000000000000
-5.000000000000000
-6.000000000000000
-7.000000000000000
-8.000000000000000
-9.000000000000000
-10.000000000000000
0.000000000000000
-0.611111111111111
-0.631578947368421
0.000000000000000
-1.654320987654320
-1.672514619883040
-2.697530864197530
-2.713450292397660
-3.740740740740740
-3.754385964912280
-4.783950617283950
-4.795321637426900
-5.827160493827160
-5.836257309941520
-6.870370370370370
-6.877192982456140
-7.913580246913580
-7.918128654970760
-8.956790123456789
-8.959064327485381
-10.000000000000000
-10.000000000000000
-0.652046783625731
0.000000000000000
-1.690708252111760
-2.729369720597790
-3.768031189083820
-4.806692657569850
-5.845354126055880
-6.884015594541910
-7.922677063027940
-8.961338531513970
-10.000000000000000
-0.672514619883041
0.000000000000000
-1.708901884340480
-2.745289148797920
-3.781676413255360
-4.818063677712800
-5.854450942170250
-6.890838206627680
-7.927225471085120
-8.963612735542560
-10.000000000000000
-0.692982456140351
0.000000000000000
-1.727095516569200
-2.761208576998050
-3.795321637426900
-4.829434697855750
-5.863547758284600
-6.897660818713450
-7.931773879142300
-8.965886939571149
-10.000000000000000
-0.713450292397661
0.000000000000000
-1.745289148797920
-2.777128005198180
-3.808966861598440
-4.840805717998700
-5.872644574398960
-6.904483430799220
-7.936322287199480
-8.968161143599740
-10.000000000000000
-0.733918128654971
0.000000000000000
-1.763482781026640
-2.793047433398310
-3.822612085769980
-4.852176738141650
-5.881741390513320
-6.911306042884990
-7.940870695256660
-8.970435347628319
-10.000000000000000
-0.754385964912280
0.000000000000000
-1.781676413255360
-2.808966861598440
-3.836257309941520
-4.863547758284600
-5.890838206627680
-6.918128654970760
-7.945419103313840
-8.972709551656919
-10.000000000000000
-0.774853801169591
0.000000000000000
-1.799870045484080
-2.824886289798570
-3.849902534113060
-4.874918778427550
-5.899935022742040
-6.924951267056530
-7.949967511371020
-8.974983755685511
-10.000000000000000
-0.795321637426901
0.000000000000000
-1.818063677712800
-2.840805717998700
-3.863547758284600
-4.886289798570500
-5.909031838856400
-6.931773879142300
-7.954515919428200
-8.977257959714100
-10.000000000000000
-0.815789473684211
0.000000000000000
-1.836257309941520
-2.856725146198830
-3.877192982456140
-4.897660818713450
-5.918128654970760
-6.938596491228070
-7.959064327485380
-8.979532163742689
-10.000000000000000
-0.836257309941520
0.000000000000000
-1.854450942170240
-2.872644574398960
-3.890838206627680
-4.909031838856400
-5.927225471085120
-6.945419103313840
-7.963612735542560
-8.981806367771281
-10.000000000000000
-0.856725146198830
0.000000000000000
-1.872644574398960
-2.888564002599090
-3.904483430799220
-4.920402858999350
-5.936322287199480
-6.952241715399610
-7.968161143599740
-8.984080571799870
-10.000000000000000
-0.877192982456140
0.000000000000000
-1.890838206627680
-2.904483430799220
-3.918128654970760
-4.931773879142300
-5.945419103313840
-6.959064327485380
-7.972709551656920
-8.986354775828460
-10.000000000000000
-0.897660818713450
0.000000000000000
-1.909031838856400
-2.920402858999350
-3.931773879142300
-4.943144899285250
-5.954515919428200
-6.965886939571150
-7.977257959714100
-8.988628979857049
-10.000000000000000
-0.918128654970760
0.000000000000000
-1.927225471085120
-2.936322287199480
-3.945419103313840
-4.954515919428200
-5.963612735542560
-6.972709551656920
-7.981806367771280
-8.990903183885640
-10.000000000000000
-0.938596491228070
0.000000000000000
-1.945419103313840
-2.952241715399610
-3.959064327485380
-4.965886939571150
-5.972709551656920
-6.979532163742690
-7.986354775828460
-8.993177387914230
-10.000000000000000
-0.959064327485380
0.000000000000000
-1.963612735542560
-2.968161143599740
-3.972709551656920
-4.977257959714100
-5.981806367771280
-6.986354775828460
-7.990903183885640
-8.995451591942819
-10.000000000000000
-0.979532163742690
0.000000000000000
-1.981806367771280
-2.984080571799870
-3.986354775828460
-4.988628979857050
-5.990903183885640
-6.993177387914230
-7.995451591942820
-8.997725795971411
-10.000000000000000
-1.000000000000000
0.000000000000000
-2.000000000000000
-3.000000000000000
-4.000000000000000
-5.000000000000000
-6.000000000000000
-7.000000000000000
-8.000000000000000
-9.000000000000000
-10.000000000000000
0.000000000000000
-0.555555555555556
-0.578947368421053
0.000000000000000
-1.604938271604940
-1.625730994152050
-2.654320987654320
-2.672514619883040
-3.703703703703710
-3.719298245614040
-4.753086419753080
-4.766081871345030
-5.802469135802470
-5.812865497076020
-6.851851851851850
-6.859649122807010
-7.901234567901240
-7.906432748538010
-8.950617283950621
-8.953216374268999
-10.000000000000000
-10.000000000000000
-0.602339181286550
0.000000000000000
-1.646523716699150
-2.690708252111760
-3.734892787524370
-4.779077322936970
-5.823261858349580
-6.867446393762180
-7.911630929174790
-8.955815464587390
-10.000000000000000
-0.625730994152047
0.000000000000000
-1.667316439246260
-2.708901884340480
-3.750487329434700
-4.792072774528910
-5.833658219623130
-6.875243664717350
-7.916829109811570
-8.958414554905779
-10.000000000000000
-0.649122807017544
0.000000000000000
-1.688109161793370
-2.727095516569200
-3.766081871345030
-4.805068226120860
-5.844054580896690
-6.883040935672510
-7.922027290448340
-8.961013645224170
-10.000000000000000
-0.672514619883041
0.000000000000000
-1.708901884340480
-2.745289148797920
-3.781676413255360
-4.818063677712800
-5.854450942170240
-6.890838206627680
-7.927225471085120
-8.963612735542560
-10.000000000000000
-0.695906432748538
0.000000000000000
-1.729694606887590
-2.763482781026640
-3.797270955165690
-4.831059129304740
-5.864847303443790
-6.898635477582850
-7.932423651721900
-8.966211825860951
-10.000000000000000
-0.719298245614035
0.000000000000000
-1.750487329434700
-2.781676413255360
-3.812865497076020
-4.844054580896690
-5.875243664717350
-6.906432748538010
-7.937621832358670
-8.968810916179340
-10.000000000000000
-0.742690058479532
0.000000000000000
-1.771280051981810
-2.799870045484080
-3.828460038986350
-4.857050032488630
-5.885640025990900
-6.914230019493180
-7.942820012995450
-8.971410006497729
-10.000000000000000
-0.766081871345029
0.000000000000000
-1.792072774528910
-2.818063677712800
-3.844054580896690
-4.870045484080570
-5.896036387264460
-6.922027290448340
-7.948018193632230
-8.974009096816109
-10.000000000000000
-0.789473684210526
0.000000000000000
-1.812865497076020
-2.836257309941520
-3.859649122807020
-4.883040935672510
-5.906432748538010
-6.929824561403510
-7.953216374269000
-8.976608187134500
-10.000000000000000
-0.812865497076023
0.000000000000000
-1.833658219623130
-2.854450942170240
-3.875243664717350
-4.896036387264460
-5.916829109811560
-6.937621832358670
-7.958414554905780
-8.979207277452890
-10.000000000000000
-0.836257309941520
0.000000000000000
-1.854450942170240
-2.872644574398960
-3.890838206627680
-4.909031838856400
-5.927225471085120
-6.945419103313840
-7.963612735542560
-8.981806367771281
-10.000000000000000
-0.859649122807017
0.000000000000000
-1.875243664717350
-2.890838206627680
-3.906432748538010
-4.922027290448340
-5.937621832358670
-6.953216374269010
-7.968810916179330
-8.984405458089670
-10.000000000000000
-0.883040935672514
0.000000000000000
-1.896036387264460
-2.909031838856400
-3.922027290448340
-4.935022742040280
-5.948018193632230
-6.961013645224170
-7.974009096816110
-8.987004548408059
-10.000000000000000
-0.906432748538011
0.000000000000000
-1.916829109811570
-2.927225471085120
-3.937621832358670
-4.948018193632230
-5.958414554905780
-6.968810916179340
-7.979207277452890
-8.989603638726450
-10.000000000000000
-0.929824561403509
0.000000000000000
-1.937621832358670
-2.945419103313840
-3.953216374269010
-4.961013645224170
-5.968810916179340
-6.976608187134500
-7.984405458089670
-8.992202729044831
-10.000000000000000
-0.953216374269005
0.000000000000000
-1.958414554905780
-2.963612735542560
-3.968810916179340
-4.974009096816110
-5.979207277452890
-6.984405458089670
-7.989603638726450
-8.994801819363220
-10.000000000000000
-0.976608187134503
0.000000000000000
-1.979207277452890
-2.981806367771280
-3.984405458089670
-4.987004548408060
-5.989603638726450
-6.992202729044830
-7.994801819363220
-8.997400909681611
-10.000000000000000
-1.000000000000000
0.000000000000000
-2.000000000000000
-3.000000000000000
-4.000000000000000
-5.000000000000000
-6.000000000000000
-7.000000000000000
-8.000000000000000
-9.000000000000000
-10.000000000000000
-0.526315789473684
0.000000000000000
-1.555555555555560
-1.578947368421050
-2.611111111111110
-2.631578947368420
-3.666666666666670
-3.684210526315790
-4.722222222222220
-4.736842105263160
-5.777777777777780
-5.789473684210530
-6.833333333333330
-6.842105263157900
-7.888888888888890
-7.894736842105260
-8.944444444444439
-8.947368421052630
-10.000000000000000
-10.000000000000000
-0.552631578947368
0.000000000000000
-1.602339181286550
-2.652046783625730
-3.701754385964910
-4.751461988304090
-5.801169590643280
-6.850877192982460
-7.900584795321630
-8.950292397660810
-10.000000000000000
-0.578947368421053
0.000000000000000
-1.625730994152050
-2.672514619883040
-3.719298245614030
-4.766081871345030
-5.812865497076030
-6.859649122807020
-7.906432748538010
-8.953216374269010
-10.000000000000000
-0.605263157894737
0.000000000000000
-1.649122807017540
-2.692982456140350
-3.736842105263160
-4.780701754385960
-5.824561403508770
-6.868421052631580
-7.912280701754390
-8.956140350877201
-10.000000000000000
-0.631578947368421
0.000000000000000
-1.672514619883040
-2.713450292397660
-3.754385964912280
-4.795321637426900
-5.836257309941520
-6.877192982456140
-7.918128654970760
-8.959064327485381
-10.000000000000000
-0.657894736842105
0.000000000000000
-1.695906432748540
-2.733918128654970
-3.771929824561400
-4.809941520467840
-5.847953216374270
-6.885964912280700
-7.923976608187130
-8.961988304093561
-10.000000000000000
-0.684210526315790
0.000000000000000
-1.719298245614040
-2.754385964912280
-3.789473684210530
-4.824561403508770
-5.859649122807020
-6.894736842105260
-7.929824561403510
-8.964912280701750
-10.000000000000000
-0.710526315789473
0.000000000000000
-1.742690058479530
-2.774853801169590
-3.807017543859650
-4.839181286549710
-5.871345029239770
-6.903508771929830
-7.935672514619880
-8.967836257309941
-10.000000000000000
-0.736842105263158
0.000000000000000
-1.766081871345030
-2.795321637426900
-3.824561403508770
-4.853801169590640
-5.883040935672510
-6.912280701754390
-7.941520467836250
-8.970760233918130
-10.000000000000000
-0.763157894736842
0.000000000000000
-1.789473684210530
-2.815789473684210
-3.842105263157890
-4.868421052631580
-5.894736842105260
-6.921052631578950
-7.947368421052630
-8.973684210526310
-10.000000000000000
-0.789473684210526
0.000000000000000
-1.812865497076020
-2.836257309941520
-3.859649122807020
-4.883040935672510
-5.906432748538010
-6.929824561403510
-7.953216374269000
-8.976608187134500
-10.000000000000000
-0.815789473684210
0.000000000000000
-1.836257309941520
-2.856725146198830
-3.877192982456140
-4.897660818713450
-5.918128654970760
-6.938596491228070
-7.959064327485380
-8.979532163742689
-10.000000000000000
-0.842105263157895
0.000000000000000
-1.859649122807020
-2.877192982456140
-3.894736842105260
-4.912280701754380
-5.929824561403510
-6.947368421052630
-7.964912280701750
-8.982456140350880
-10.000000000000000
-0.868421052631579
0.000000000000000
-1.883040935672510
-2.897660818713450
-3.912280701754390
-4.926900584795320
-5.941520467836260
-6.956140350877190
-7.970760233918130
-8.985380116959060
-10.000000000000000
-0.894736842105263
0.000000000000000
-1.906432748538010
-2.918128654970760
-3.929824561403510
-4.941520467836260
-5.953216374269010
-6.964912280701750
-7.976608187134500
-8.988304093567249
-10.000000000000000
-0.921052631578947
0.000000000000000
-1.929824561403510
-2.938596491228070
-3.947368421052630
-4.956140350877190
-5.964912280701750
-6.973684210526310
-7.982456140350880
-8.991228070175429
-10.000000000000000
-0.947368421052631
0.000000000000000
-1.953216374269010
-2.959064327485380
-3.964912280701750
-4.970760233918130
-5.976608187134500
-6.982456140350880
-7.988304093567250
-8.994152046783629
-10.000000000000000
-0.973684210526316
0.000000000000000
-1.976608187134500
-2.979532163742690
-3.982456140350880
-4.985380116959060
-5.988304093567250
-6.991228070175440
-7.994152046783630
-8.997076023391820
-10.000000000000000
-1.000000000000000
0.000000000000000
-2.000000000000000
-3.000000000000000
-4.000000000000000
-5.000000000000000
-6.000000000000000
-7.000000000000000
-8.000000000000000
-9.000000000000000
-10.000000000000000
0.000000000000000
-1.000000000000000
0.000000000000000
-0.944444444444444
-2.000000000000000
-1.950617283950620
-3.000000000000000
-2.956790123456790
-4.000000000000000
-3.962962962962960
-5.000000000000000
-4.969135802469140
-6.000000000000000
-5.975308641975310
-7.000000000000000
-6.981481481481480
-8.000000000000000
-7.987654320987650
-9.000000000000000
-8.993827160493829
-10.000000000000000
-10.000000000000000
0.000000000000000
-0.888888888888889
-1.901234567901230
-2.913580246913580
-3.925925925925920
-4.938271604938270
-5.950617283950620
-6.962962962962960
-7.975308641975310
-8.987654320987650
-10.000000000000000
0.000000000000000
-0.833333333333333
-1.851851851851850
-2.870370370370370
-3.888888888888890
-4.907407407407410
-5.925925925925930
-6.944444444444440
-7.962962962962960
-8.981481481481479
-10.000000000000000
0.000000000000000
-0.777777777777778
-1.802469135802470
-2.827160493827160
-3.851851851851850
-4.876543209876540
-5.901234567901230
-6.925925925925930
-7.950617283950620
-8.975308641975310
-10.000000000000000
0.000000000000000
-0.722222222222222
-1.753086419753090
-2.783950617283950
-3.814814814814810
-4.845679012345680
-5.876543209876540
-6.907407407407410
-7.938271604938270
-8.969135802469140
-10.000000000000000
0.000000000000000
-0.666666666666667
-1.703703703703700
-2.740740740740740
-3.777777777777780
-4.814814814814810
-5.851851851851850
-6.888888888888890
-7.925925925925920
-8.962962962962960
-10.000000000000000
0.000000000000000
-0.611111111111111
-1.654320987654320
-2.697530864197530
-3.740740740740740
-4.783950617283950
-5.827160493827160
-6.870370370370370
-7.913580246913580
-8.956790123456789
-10.000000000000000
0.000000000000000
-0.555555555555556
-1.604938271604940
-2.654320987654320
-3.703703703703700
-4.753086419753090
-5.802469135802470
-6.851851851851850
-7.901234567901230
-8.950617283950610
-10.000000000000000
-1.555555555555560
-2.611111111111110
-3.666666666666670
-4.722222222222220
-5.777777777777780
-6.833333333333330
-7.888888888888890
-8.944444444444439
-10.000000000000000
-1.000000000000000
-2.000000000000000
-0.944444444444444
-1.950617283950620
-1.000000000000000
-2.000000000000000
-0.947368421052631
-1.953216374269010
-1.000000000000000
-2.000000000000000
-0.950292397660819
-1.955815464587390
-1.000000000000000
-2.000000000000000
-0.953216374269006
-1.958414554905780
-1.000000000000000
-2.000000000000000
-0.956140350877193
-1.961013645224170
-1.000000000000000
-2.000000000000000
-0.959064327485380
-1.963612735542560
-1.000000000000000
-2.000000000000000
-0.961988304093567
-1.966211825860950
-1.000000000000000
-2.000000000000000
-0.964912280701755
-1.968810916179340
-1.000000000000000
-2.000000000000000
-0.967836257309941
-1.971410006497730
-1.000000000000000
-2.000000000000000
-0.970760233918128
-1.974009096816110
-1.000000000000000
-2.000000000000000
-0.973684210526315
-1.976608187134500
-1.000000000000000
-2.000000000000000
-0.976608187134502
-1.979207277452890
-1.000000000000000
-2.000000000000000
-0.979532163742690
-1.981806367771280
-1.000000000000000
-2.000000000000000
-0.982456140350877
-1.984405458089670
-1.000000000000000
-2.000000000000000
-0.985380116959064
-1.987004548408060
-1.000000000000000
-2.000000000000000
-0.988304093567251
-1.989603638726440
-1.000000000000000
-2.000000000000000
-0.991228070175439
-1.992202729044830
-1.000000000000000
-2.000000000000000
-0.994152046783626
-1.994801819363220
-1.000000000000000
-2.000000000000000
-0.997076023391813
-1.997400909681610
-1.000000000000000
-2.000000000000000
-1.000000000000000
-2.000000000000000
-3.000000000000000
-2.956790123456790
-3.000000000000000
-2.959064327485380
-3.000000000000000
-2.961338531513970
-3.000000000000000
-2.963612735542560
-3.000000000000000
-2.965886939571150
-3.000000000000000
-2.968161143599740
-3.000000000000000
-2.970435347628330
-3.000000000000000
-2.972709551656920
-3.000000000000000
-2.974983755685510
-3.000000000000000
-2.977257959714100
-3.000000000000000
-2.979532163742690
-3.000000000000000
-2.981806367771280
-3.000000000000000
-2.984080571799870
-3.000000000000000
-2.986354775828460
-3.000000000000000
-2.988628979857050
-3.000000000000000
-2.990903183885640
-3.000000000000000
-2.993177387914230
-3.000000000000000
-2.995451591942820
-3.000000000000000
-2.997725795971410
-3.000000000000000
-3.000000000000000
-4.000000000000000
-3.962962962962960
-4.000000000000000
-3.964912280701750
-4.000000000000000
-3.966861598440550
-4.000000000000000
-3.968810916179340
-4.000000000000000
-3.970760233918130
-4.000000000000000
-3.972709551656920
-4.000000000000000
-3.974658869395710
-4.000000000000000
-3.976608187134500
-4.000000000000000
-3.978557504873290
-4.000000000000000
-3.980506822612090
-4.000000000000000
-3.982456140350880
-4.000000000000000
-3.984405458089670
-4.000000000000000
-3.986354775828460
-4.000000000000000
-3.988304093567250
-4.000000000000000
-3.990253411306040
-4.000000000000000
-3.992202729044830
-4.000000000000000
-3.994152046783620
-4.000000000000000
-3.996101364522420
-4.000000000000000
-3.998050682261210
-4.000000000000000
-4.000000000000000
-5.000000000000000
-4.969135802469140
-5.000000000000000
-4.970760233918130
-5.000000000000000
-4.972384665367120
-5.000000000000000
-4.974009096816110
-5.000000000000000
-4.975633528265110
-5.000000000000000
-4.977257959714100
-5.000000000000000
-4.978882391163090
-5.000000000000000
-4.980506822612090
-5.000000000000000
-4.982131254061080
-5.000000000000000
-4.983755685510070
-5.000000000000000
-4.985380116959060
-5.000000000000000
-4.987004548408060
-5.000000000000000
-4.988628979857050
-5.000000000000000
-4.990253411306040
-5.000000000000000
-4.991877842755040
-5.000000000000000
-4.993502274204030
-5.000000000000000
-4.995126705653020
-5.000000000000000
-4.996751137102010
-5.000000000000000
-4.998375568551010
-5.000000000000000
-5.000000000000000
-6.000000000000000
-5.975308641975310
-6.000000000000000
-5.976608187134500
-6.000000000000000
-5.977907732293700
-6.000000000000000
-5.979207277452890
-6.000000000000000
-5.980506822612090
-6.000000000000000
-5.981806367771280
-6.000000000000000
-5.983105912930470
-6.000000000000000
-5.984405458089670
-6.000000000000000
-5.985705003248860
-6.000000000000000
-5.987004548408060
-6.000000000000000
-5.988304093567250
-6.000000000000000
-5.989603638726440
-6.000000000000000
-5.990903183885640
-6.000000000000000
-5.992202729044830
-6.000000000000000
-5.993502274204030
-6.000000000000000
-5.994801819363220
-6.000000000000000
-5.996101364522420
-6.000000000000000
-5.997400909681610
-6.000000000000000
-5.998700454840810
-6.000000000000000
-6.000000000000000
-7.000000000000000
-6.981481481481480
-7.000000000000000
-6.982456140350870
-7.000000000000000
-6.983430799220270
-7.000000000000000
-6.984405458089670
-7.000000000000000
-6.985380116959060
-7.000000000000000
-6.986354775828460
-7.000000000000000
-6.987329434697850
-7.000000000000000
-6.988304093567250
-7.000000000000000
-6.989278752436650
-7.000000000000000
-6.990253411306040
-7.000000000000000
-6.991228070175440
-7.000000000000000
-6.992202729044830
-7.000000000000000
-6.993177387914230
-7.000000000000000
-6.994152046783620
-7.000000000000000
-6.995126705653020
-7.000000000000000
-6.996101364522420
-7.000000000000000
-6.997076023391810
-7.000000000000000
-6.998050682261210
-7.000000000000000
-6.999025341130600
-7.000000000000000
-7.000000000000000
-8.000000000000000
-7.987654320987650
-8.000000000000000
-7.988304093567250
-8.000000000000000
-7.988953866146850
-8.000000000000000
-7.989603638726440
-8.000000000000000
-7.990253411306040
-8.000000000000000
-7.990903183885640
-8.000000000000000
-7.991552956465230
-8.000000000000000
-7.992202729044830
-8.000000000000000
-7.992852501624430
-8.000000000000000
-7.993502274204030
-8.000000000000000
-7.994152046783620
-8.000000000000000
-7.994801819363220
-8.000000000000000
-7.995451591942820
-8.000000000000000
-7.996101364522420
-8.000000000000000
-7.996751137102010
-8.000000000000000
-7.997400909681610
-8.000000000000000
-7.998050682261200
-8.000000000000000
-7.998700454840800
-8.000000000000000
-7.999350227420400
-8.000000000000000
-8.000000000000000
-9.000000000000000
-8.993827160493829
-9.000000000000000
-8.994152046783620
-9.000000000000000
-8.994476933073420
-9.000000000000000
-8.994801819363220
-9.000000000000000
-8.995126705653020
-9.000000000000000
-8.995451591942810
-9.000000000000000
-8.995776478232621
-9.000000000000000
-8.996101364522410
-9.000000000000000
-8.996426250812210
-9.000000000000000
-8.996751137102020
-9.000000000000000
-8.997076023391809
-9.000000000000000
-8.997400909681611
-9.000000000000000
-8.997725795971411
-9.000000000000000
-8.998050682261210
-9.000000000000000
-8.998375568551010
-9.000000000000000
-8.998700454840799
-9.000000000000000
-8.999025341130610
-9.000000000000000
-8.999350227420400
-9.000000000000000
-8.999675113710190
-9.000000000000000
-9.000000000000000
-10.000000000000000
-10.000000000000000
-10.000000000000000
-10.000000000000000
-10.000000000000000
-10.000000000000000
-10.000000000000000
-10.000000000000000
-10.000000000000000
-10.000000000000000
-10.000000000000000
-10.000000000000000
-10.000000000000000
-10.000000000000000
-10.000000000000000
-10.000000000000000
-10.000000000000000
-10.000000000000000
-10.000000000000000
-10.000000000000000
-10.000000000000000
-10.000000000000000
-10.000000000000000
-10.000000000000000
-10.000000000000000
-10.000000000000000
-10.000000000000000
-10.000000000000000
-10.000000000000000
-10.000000000000000
-10.000000000000000
-10.000000000000000
-10.000000000000000
-10.000000000000000
-10.000000000000000
-10.000000000000000
-10.000000000000000
-10.000000000000000
-10.000000000000000
-10.000000000000000
-0.888888888888889
-1.901234567901230
-0.894736842105263
-1.906432748538010
-0.900584795321637
-1.911630929174790
-0.906432748538011
-1.916829109811570
-0.912280701754386
-1.922027290448340
-0.918128654970760
-1.927225471085120
-0.923976608187134
-1.932423651721900
-0.929824561403509
-1.937621832358670
-0.935672514619883
-1.942820012995450
-0.941520467836257
-1.948018193632230
-0.947368421052631
-1.953216374269010
-0.953216374269006
-1.958414554905780
-0.959064327485380
-1.963612735542560
-0.964912280701754
-1.968810916179340
-0.970760233918128
-1.974009096816110
-0.976608187134503
-1.979207277452890
-0.982456140350877
-1.984405458089670
-0.988304093567252
-1.989603638726450
-0.994152046783626
-1.994801819363220
-1.000000000000000
-2.000000000000000
-2.913580246913580
-2.918128654970760
-2.922677063027940
-2.927225471085120
-2.931773879142300
-2.936322287199480
-2.940870695256660
-2.945419103313840
-2.949967511371020
-2.954515919428200
-2.959064327485380
-2.963612735542560
-2.968161143599740
-2.972709551656920
-2.977257959714100
-2.981806367771280
-2.986354775828460
-2.990903183885640
-2.995451591942820
-3.000000000000000
-3.925925925925920
-3.929824561403510
-3.933723196881090
-3.937621832358670
-3.941520467836250
-3.945419103313840
-3.949317738791420
-3.953216374269000
-3.957115009746590
-3.961013645224170
-3.964912280701750
-3.968810916179340
-3.972709551656920
-3.976608187134500
-3.980506822612090
-3.984405458089670
-3.988304093567250
-3.992202729044830
-3.996101364522420
-4.000000000000000
-4.938271604938270
-4.941520467836260
-4.944769330734240
-4.948018193632230
-4.951267056530210
-4.954515919428200
-4.957764782326190
-4.961013645224170
-4.964262508122160
-4.967511371020140
-4.970760233918130
-4.974009096816120
-4.977257959714100
-4.980506822612080
-4.983755685510070
-4.987004548408060
-4.990253411306040
-4.993502274204030
-4.996751137102010
-5.000000000000000
-5.950617283950620
-5.953216374269000
-5.955815464587390
-5.958414554905780
-5.961013645224170
-5.963612735542560
-5.966211825860950
-5.968810916179340
-5.971410006497720
-5.974009096816110
-5.976608187134500
-5.979207277452890
-5.981806367771280
-5.984405458089670
-5.987004548408060
-5.989603638726450
-5.992202729044830
-5.994801819363220
-5.997400909681610
-6.000000000000000
-6.962962962962960
-6.964912280701760
-6.966861598440540
-6.968810916179340
-6.970760233918130
-6.972709551656920
-6.974658869395710
-6.976608187134500
-6.978557504873290
-6.980506822612080
-6.982456140350880
-6.984405458089670
-6.986354775828460
-6.988304093567250
-6.990253411306050
-6.992202729044840
-6.994152046783630
-6.996101364522420
-6.998050682261210
-7.000000000000000
-7.975308641975300
-7.976608187134500
-7.977907732293700
-7.979207277452890
-7.980506822612080
-7.981806367771280
-7.983105912930470
-7.984405458089670
-7.985705003248860
-7.987004548408060
-7.988304093567250
-7.989603638726440
-7.990903183885640
-7.992202729044830
-7.993502274204030
-7.994801819363220
-7.996101364522410
-7.997400909681610
-7.998700454840800
-8.000000000000000
-8.987654320987650
-8.988304093567249
-8.988953866146840
-8.989603638726440
-8.990253411306041
-8.990903183885640
-8.991552956465229
-8.992202729044831
-8.992852501624430
-8.993502274204030
-8.994152046783620
-8.994801819363220
-8.995451591942819
-8.996101364522421
-8.996751137102009
-8.997400909681611
-8.998050682261210
-8.998700454840799
-8.999350227420400
-9.000000000000000
-10.000000000000000
-10.000000000000000
-10.000000000000000
-10.000000000000000
-10.000000000000000
-10.000000000000000
-10.000000000000000
-10.000000000000000
-10.000000000000000
-10.000000000000000
-10.000000000000000
-10.000000000000000
-10.000000000000000
-10.000000000000000
-10.000000000000000
-10.000000000000000
-10.000000000000000
-10.000000000000000
-10.000000000000000
-10.000000000000000
-0.833333333333333
-1.851851851851850
-0.842105263157894
-1.859649122807020
-0.850877192982456
-1.867446393762180
-0.859649122807017
-1.875243664717350
-0.868421052631579
-1.883040935672510
-0.877192982456140
-1.890838206627680
-0.885964912280702
-1.898635477582840
-0.894736842105263
-1.906432748538010
-0.903508771929824
-1.914230019493180
-0.912280701754386
-1.922027290448340
-0.921052631578947
-1.929824561403510
-0.929824561403509
-1.937621832358670
-0.938596491228070
-1.945419103313840
-0.947368421052631
-1.953216374269010
-0.956140350877193
-1.961013645224170
-0.964912280701754
-1.968810916179340
-0.973684210526316
-1.976608187134500
-0.982456140350877
-1.984405458089670
-0.991228070175439
-1.992202729044830
-1.000000000000000
-2.000000000000000
-2.870370370370370
-2.877192982456140
-2.884015594541910
-2.890838206627680
-2.897660818713450
-2.904483430799220
-2.911306042884990
-2.918128654970760
-2.924951267056530
-2.931773879142300
-2.938596491228070
-2.945419103313840
-2.952241715399610
-2.959064327485380
-2.965886939571150
-2.972709551656920
-2.979532163742690
-2.986354775828460
-2.993177387914230
-3.000000000000000
-3.888888888888890
-3.894736842105260
-3.900584795321640
-3.906432748538010
-3.912280701754380
-3.918128654970760
-3.923976608187130
-3.929824561403510
-3.935672514619880
-3.941520467836260
-3.947368421052630
-3.953216374269000
-3.959064327485380
-3.964912280701750
-3.970760233918130
-3.976608187134500
-3.982456140350880
-3.988304093567250
-3.994152046783620
-4.000000000000000
-4.907407407407400
-4.912280701754390
-4.917153996101360
-4.922027290448340
-4.926900584795320
-4.931773879142300
-4.936647173489280
-4.941520467836260
-4.946393762183240
-4.951267056530210
-4.956140350877190
-4.961013645224170
-4.965886939571150
-4.970760233918130
-4.975633528265110
-4.980506822612090
-4.985380116959060
-4.990253411306040
-4.995126705653020
-5.000000000000000
-5.925925925925930
-5.929824561403510
-5.933723196881090
-5.937621832358670
-5.941520467836260
-5.945419103313840
-5.949317738791420
-5.953216374269010
-5.957115009746580
-5.961013645224170
-5.964912280701750
-5.968810916179340
-5.972709551656920
-5.976608187134500
-5.980506822612090
-5.984405458089670
-5.988304093567250
-5.992202729044830
-5.996101364522420
-6.000000000000000
-6.944444444444440
-6.947368421052630
-6.950292397660820
-6.953216374269010
-6.956140350877190
-6.959064327485380
-6.961988304093570
-6.964912280701750
-6.967836257309940
-6.970760233918130
-6.973684210526320
-6.976608187134500
-6.979532163742690
-6.982456140350880
-6.985380116959070
-6.988304093567250
-6.991228070175440
-6.994152046783630
-6.997076023391810
-7.000000000000000
-7.962962962962960
-7.964912280701750
-7.966861598440540
-7.968810916179330
-7.970760233918130
-7.972709551656920
-7.974658869395710
-7.976608187134500
-7.978557504873290
-7.980506822612090
-7.982456140350880
-7.984405458089670
-7.986354775828460
-7.988304093567250
-7.990253411306040
-7.992202729044830
-7.994152046783620
-7.996101364522420
-7.998050682261200
-8.000000000000000
-8.981481481481479
-8.982456140350870
-8.983430799220271
-8.984405458089659
-8.985380116959069
-8.986354775828460
-8.987329434697861
-8.988304093567249
-8.989278752436650
-8.990253411306041
-8.991228070175440
-8.992202729044831
-8.993177387914230
-8.994152046783620
-8.995126705653020
-8.996101364522421
-8.997076023391820
-8.998050682261210
-8.999025341130601
-9.000000000000000
-10.000000000000000
-10.000000000000000
-10.000000000000000
-10.000000000000000
-10.000000000000000
-10.000000000000000
-10.000000000000000
-10.000000000000000
-10.000000000000000
-10.000000000000000
-10.000000000000000
-10.000000000000000
-10.000000000000000
-10.000000000000000
-10.000000000000000
-10.000000000000000
-10.000000000000000
-10.000000000000000
-10.000000000000000
-10.000000000000000
-0.777777777777777
-1.802469135802470
-0.789473684210526
-1.812865497076020
-0.801169590643274
-1.823261858349580
-0.812865497076023
-1.833658219623130
-0.824561403508772
-1.844054580896690
-0.836257309941520
-1.854450942170240
-0.847953216374269
-1.864847303443790
-0.859649122807017
-1.875243664717350
-0.871345029239766
-1.885640025990900
-0.883040935672514
-1.896036387264460
-0.894736842105263
-1.906432748538010
-0.906432748538011
-1.916829109811570
-0.918128654970760
-1.927225471085120
-0.929824561403509
-1.937621832358670
-0.941520467836257
-1.948018193632230
-0.953216374269006
-1.958414554905780
-0.964912280701754
-1.968810916179340
-0.976608187134503
-1.979207277452890
-0.988304093567252
-1.989603638726450
-1.000000000000000
-2.000000000000000
-2.827160493827160
-2.836257309941520
-2.845354126055880
-2.854450942170240
-2.863547758284600
-2.872644574398960
-2.881741390513320
-2.890838206627680
-2.899935022742040
-2.909031838856400
-2.918128654970760
-2.927225471085120
-2.936322287199480
-2.945419103313840
-2.954515919428200
-2.963612735542560
-2.972709551656920
-2.981806367771280
-2.990903183885640
-3.000000000000000
-3.851851851851850
-3.859649122807020
-3.867446393762180
-3.875243664717350
-3.883040935672510
-3.890838206627680
-3.898635477582840
-3.906432748538010
-3.914230019493180
-3.922027290448340
-3.929824561403510
-3.937621832358670
-3.945419103313840
-3.953216374269000
-3.961013645224170
-3.968810916179340
-3.976608187134500
-3.984405458089670
-3.992202729044830
-4.000000000000000
-4.876543209876540
-4.883040935672510
-4.889538661468480
-4.896036387264450
-4.902534113060430
-4.909031838856400
-4.915529564652370
-4.922027290448340
-4.928525016244320
-4.935022742040290
-4.941520467836260
-4.948018193632230
-4.954515919428200
-4.961013645224170
-4.967511371020140
-4.974009096816110
-4.980506822612090
-4.987004548408060
-4.993502274204030
-5.000000000000000
-5.901234567901230
-5.906432748538010
-5.911630929174790
-5.916829109811560
-5.922027290448340
-5.927225471085120
-5.932423651721900
-5.937621832358670
-5.942820012995450
-5.948018193632230
-5.953216374269010
-5.958414554905780
-5.963612735542560
-5.968810916179340
-5.974009096816110
-5.979207277452890
-5.984405458089670
-5.989603638726440
-5.994801819363220
-6.000000000000000
-6.925925925925930
-6.929824561403510
-6.933723196881090
-6.937621832358680
-6.941520467836260
-6.945419103313840
-6.949317738791420
-6.953216374269000
-6.957115009746580
-6.961013645224170
-6.964912280701760
-6.968810916179340
-6.972709551656920
-6.976608187134500
-6.980506822612090
-6.984405458089670
-6.988304093567250
-6.992202729044830
-6.996101364522420
-7.000000000000000
-7.950617283950620
-7.953216374269010
-7.955815464587390
-7.958414554905780
-7.961013645224170
-7.963612735542560
-7.966211825860950
-7.968810916179330
-7.971410006497730
-7.974009096816110
-7.976608187134500
-7.979207277452890
-7.981806367771280
-7.984405458089660
-7.987004548408050
-7.989603638726440
-7.992202729044830
-7.994801819363220
-7.997400909681610
-8.000000000000000
-8.975308641975300
-8.976608187134500
-8.977907732293691
-8.979207277452890
-8.980506822612091
-8.981806367771281
-8.983105912930469
-8.984405458089659
-8.985705003248860
-8.987004548408050
-8.988304093567249
-8.989603638726440
-8.990903183885640
-8.992202729044831
-8.993502274204030
-8.994801819363220
-8.996101364522421
-8.997400909681611
-8.998700454840799
-9.000000000000000
-10.000000000000000
-10.000000000000000
-10.000000000000000
-10.000000000000000
-10.000000000000000
-10.000000000000000
-10.000000000000000
-10.000000000000000
-10.000000000000000
-10.000000000000000
-10.000000000000000
-10.000000000000000
-10.000000000000000
-10.000000000000000
-10.000000000000000
-10.000000000000000
-10.000000000000000
-10.000000000000000
-10.000000000000000
-10.000000000000000
-0.722222222222222
-1.753086419753090
-0.736842105263158
-1.766081871345030
-0.751461988304093
-1.779077322936970
-0.766081871345029
-1.792072774528910
-0.780701754385965
-1.805068226120860
-0.795321637426900
-1.818063677712800
-0.809941520467836
-1.831059129304740
-0.824561403508771
-1.844054580896690
-0.839181286549707
-1.857050032488630
-0.853801169590643
-1.870045484080570
-0.868421052631579
-1.883040935672510
-0.883040935672514
-1.896036387264460
-0.897660818713450
-1.909031838856400
-0.912280701754386
-1.922027290448340
-0.926900584795322
-1.935022742040290
-0.941520467836257
-1.948018193632230
-0.956140350877193
-1.961013645224170
-0.970760233918128
-1.974009096816110
-0.985380116959065
-1.987004548408060
-1.000000000000000
-2.000000000000000
-2.783950617283950
-2.795321637426900
-2.806692657569850
-2.818063677712800
-2.829434697855750
-2.840805717998700
-2.852176738141650
-2.863547758284600
-2.874918778427550
-2.886289798570500
-2.897660818713450
-2.909031838856400
-2.920402858999350
-2.931773879142300
-2.943144899285250
-2.954515919428200
-2.965886939571150
-2.977257959714100
-2.988628979857050
-3.000000000000000
-3.814814814814810
-3.824561403508770
-3.834307992202730
-3.844054580896680
-3.853801169590640
-3.863547758284600
-3.873294346978560
-3.883040935672510
-3.892787524366470
-3.902534113060430
-3.912280701754390
-3.922027290448340
-3.931773879142300
-3.941520467836260
-3.951267056530210
-3.961013645224170
-3.970760233918130
-3.980506822612080
-3.990253411306040
-4.000000000000000
-4.845679012345680
-4.853801169590640
-4.861923326835610
-4.870045484080570
-4.878167641325530
-4.886289798570500
-4.894411955815460
-4.902534113060430
-4.910656270305390
-4.918778427550360
-4.926900584795320
-4.935022742040290
-4.943144899285250
-4.951267056530210
-4.959389213775180
-4.967511371020140
-4.975633528265110
-4.983755685510070
-4.991877842755040
-5.000000000000000
-5.876543209876540
-5.883040935672520
-5.889538661468480
-5.896036387264460
-5.902534113060430
-5.909031838856400
-5.915529564652370
-5.922027290448350
-5.928525016244310
-5.935022742040290
-5.941520467836260
-5.948018193632230
-5.954515919428200
-5.961013645224170
-5.967511371020140
-5.974009096816110
-5.980506822612090
-5.987004548408060
-5.993502274204030
-6.000000000000000
-6.907407407407410
-6.912280701754380
-6.917153996101360
-6.922027290448340
-6.926900584795320
-6.931773879142300
-6.936647173489280
-6.941520467836260
-6.946393762183230
-6.951267056530210
-6.956140350877190
-6.961013645224170
-6.965886939571150
-6.970760233918130
-6.975633528265110
-6.980506822612080
-6.985380116959070
-6.990253411306040
-6.995126705653020
-7.000000000000000
-7.938271604938270
-7.941520467836260
-7.944769330734240
-7.948018193632230
-7.951267056530210
-7.954515919428200
-7.957764782326180
-7.961013645224170
-7.964262508122160
-7.967511371020140
-7.970760233918130
-7.974009096816110
-7.977257959714100
-7.980506822612080
-7.983755685510070
-7.987004548408050
-7.990253411306040
-7.993502274204030
-7.996751137102010
-8.000000000000000
-8.969135802469131
-8.970760233918130
-8.972384665367120
-8.974009096816109
-8.975633528265110
-8.977257959714100
-8.978882391163090
-8.980506822612091
-8.982131254061080
-8.983755685510070
-8.985380116959060
-8.987004548408059
-8.988628979857049
-8.990253411306041
-8.991877842755040
-8.993502274204030
-8.995126705653020
-8.996751137102009
-8.998375568550999
-9.000000000000000
-10.000000000000000
-10.000000000000000
-10.000000000000000
-10.000000000000000
-10.000000000000000
-10.000000000000000
-10.000000000000000
-10.000000000000000
-10.000000000000000
-10.000000000000000
-10.000000000000000
-10.000000000000000
-10.000000000000000
-10.000000000000000
-10.000000000000000
-10.000000000000000
-10.000000000000000
-10.000000000000000
-10.000000000000000
-10.000000000000000
-0.666666666666666
-1.703703703703700
-0.684210526315789
-1.719298245614030
-0.701754385964912
-1.734892787524370
-0.719298245614035
-1.750487329434700
-0.736842105263158
-1.766081871345030
-0.754385964912281
-1.781676413255360
-0.771929824561403
-1.797270955165690
-0.789473684210526
-1.812865497076020
-0.807017543859649
-1.828460038986350
-0.824561403508772
-1.844054580896690
-0.842105263157894
-1.859649122807020
-0.859649122807017
-1.875243664717350
-0.877192982456140
-1.890838206627680
-0.894736842105263
-1.906432748538010
-0.912280701754385
-1.922027290448340
-0.929824561403509
-1.937621832358670
-0.947368421052631
-1.953216374269010
-0.964912280701754
-1.968810916179340
-0.982456140350877
-1.984405458089670
-1.000000000000000
-2.000000000000000
-2.740740740740740
-2.754385964912280
-2.768031189083820
-2.781676413255360
-2.795321637426900
-2.808966861598440
-2.822612085769980
-2.836257309941520
-2.849902534113060
-2.863547758284600
-2.877192982456140
-2.890838206627680
-2.904483430799220
-2.918128654970760
-2.931773879142300
-2.945419103313840
-2.959064327485380
-2.972709551656920
-2.986354775828460
-3.000000000000000
-3.777777777777780
-3.789473684210530
-3.801169590643270
-3.812865497076020
-3.824561403508770
-3.836257309941520
-3.847953216374270
-3.859649122807020
-3.871345029239760
-3.883040935672510
-3.894736842105260
-3.906432748538010
-3.918128654970760
-3.929824561403510
-3.941520467836260
-3.953216374269000
-3.964912280701750
-3.976608187134500
-3.988304093567250
-4.000000000000000
-4.814814814814810
-4.824561403508770
-4.834307992202730
-4.844054580896680
-4.853801169590640
-4.863547758284600
-4.873294346978560
-4.883040935672510
-4.892787524366470
-4.902534113060430
-4.912280701754390
-4.922027290448340
-4.931773879142300
-4.941520467836260
-4.951267056530220
-4.961013645224170
-4.970760233918130
-4.980506822612080
-4.990253411306040
-5.000000000000000
-5.851851851851850
-5.859649122807010
-5.867446393762180
-5.875243664717350
-5.883040935672510
-5.890838206627680
-5.898635477582840
-5.906432748538010
-5.914230019493170
-5.922027290448340
-5.929824561403510
-5.937621832358670
-5.945419103313840
-5.953216374269000
-5.961013645224170
-5.968810916179340
-5.976608187134500
-5.984405458089670
-5.992202729044830
-6.000000000000000
-6.888888888888880
-6.894736842105260
-6.900584795321640
-6.906432748538010
-6.912280701754380
-6.918128654970760
-6.923976608187130
-6.929824561403510
-6.935672514619880
-6.941520467836260
-6.947368421052630
-6.953216374269000
-6.959064327485380
-6.964912280701750
-6.970760233918130
-6.976608187134510
-6.982456140350880
-6.988304093567250
-6.994152046783630
-7.000000000000000
-7.925925925925920
-7.929824561403510
-7.933723196881090
-7.937621832358670
-7.941520467836250
-7.945419103313840
-7.949317738791420
-7.953216374269000
-7.957115009746590
-7.961013645224170
-7.964912280701750
-7.968810916179340
-7.972709551656920
-7.976608187134500
-7.980506822612090
-7.984405458089660
-7.988304093567250
-7.992202729044830
-7.996101364522420
-8.000000000000000
-8.962962962962960
-8.964912280701750
-8.966861598440540
-8.968810916179340
-8.970760233918130
-8.972709551656919
-8.974658869395700
-8.976608187134500
-8.978557504873290
-8.980506822612080
-8.982456140350870
-8.984405458089670
-8.986354775828460
-8.988304093567249
-8.990253411306041
-8.992202729044831
-8.994152046783629
-8.996101364522421
-8.998050682261210
-9.000000000000000
-10.000000000000000
-10.000000000000000
-10.000000000000000
-10.000000000000000
-10.000000000000000
-10.000000000000000
-10.000000000000000
-10.000000000000000
-10.000000000000000
-10.000000000000000
-10.000000000000000
-10.000000000000000
-10.000000000000000
-10.000000000000000
-10.000000000000000
-10.000000000000000
-10.000000000000000
-10.000000000000000
-10.000000000000000
-10.000000000000000
-0.611111111111111
-1.654320987654320
-0.631578947368421
-1.672514619883040
-0.652046783625731
-1.690708252111760
-0.672514619883041
-1.708901884340480
-0.692982456140351
-1.727095516569200
-0.713450292397661
-1.745289148797920
-0.733918128654971
-1.763482781026640
-0.754385964912280
-1.781676413255360
-0.774853801169591
-1.799870045484080
-0.795321637426901
-1.818063677712800
-0.815789473684211
-1.836257309941520
-0.836257309941520
-1.854450942170240
-0.856725146198831
-1.872644574398960
-0.877192982456140
-1.890838206627680
-0.897660818713450
-1.909031838856400
-0.918128654970761
-1.927225471085120
-0.938596491228070
-1.945419103313840
-0.959064327485380
-1.963612735542560
-0.979532163742690
-1.981806367771280
-1.000000000000000
-2.000000000000000
-2.697530864197530
-2.713450292397660
-2.729369720597790
-2.745289148797920
-2.761208576998050
-2.777128005198180
-2.793047433398310
-2.808966861598440
-2.824886289798570
-2.840805717998700
-2.856725146198830
-2.872644574398960
-2.888564002599090
-2.904483430799220
-2.920402858999350
-2.936322287199480
-2.952241715399610
-2.968161143599740
-2.984080571799870
-3.000000000000000
-3.740740740740740
-3.754385964912280
-3.768031189083820
-3.781676413255360
-3.795321637426900
-3.808966861598440
-3.822612085769980
-3.836257309941520
-3.849902534113060
-3.863547758284600
-3.877192982456140
-3.890838206627680
-3.904483430799220
-3.918128654970760
-3.931773879142300
-3.945419103313840
-3.959064327485380
-3.972709551656920
-3.986354775828460
-4.000000000000000
-4.783950617283950
-4.795321637426900
-4.806692657569850
-4.818063677712800
-4.829434697855750
-4.840805717998700
-4.852176738141650
-4.863547758284600
-4.874918778427550
-4.886289798570500
-4.897660818713450
-4.909031838856400
-4.920402858999350
-4.931773879142300
-4.943144899285250
-4.954515919428200
-4.965886939571150
-4.977257959714100
-4.988628979857050
-5.000000000000000
-5.827160493827160
-5.836257309941520
-5.845354126055880
-5.854450942170240
-5.863547758284600
-5.872644574398960
-5.881741390513320
-5.890838206627680
-5.899935022742040
-5.909031838856400
-5.918128654970760
-5.927225471085120
-5.936322287199480
-5.945419103313840
-5.954515919428200
-5.963612735542560
-5.972709551656920
-5.981806367771280
-5.990903183885640
-6.000000000000000
-6.870370370370370
-6.877192982456140
-6.884015594541910
-6.890838206627680
-6.897660818713450
-6.904483430799220
-6.911306042884990
-6.918128654970760
-6.924951267056530
-6.931773879142300
-6.938596491228070
-6.945419103313840
-6.952241715399610
-6.959064327485380
-6.965886939571150
-6.972709551656920
-6.979532163742690
-6.986354775828460
-6.993177387914230
-7.000000000000000
-7.913580246913580
-7.918128654970760
-7.922677063027930
-7.927225471085120
-7.931773879142300
-7.936322287199470
-7.940870695256660
-7.945419103313840
-7.949967511371020
-7.954515919428200
-7.959064327485380
-7.963612735542560
-7.968161143599740
-7.972709551656920
-7.977257959714100
-7.981806367771280
-7.986354775828460
-7.990903183885640
-7.995451591942820
-8.000000000000000
-8.956790123456789
-8.959064327485381
-8.961338531513970
-8.963612735542560
-8.965886939571149
-8.968161143599740
-8.970435347628319
-8.972709551656919
-8.974983755685511
-8.977257959714100
-8.979532163742689
-8.981806367771281
-8.984080571799870
-8.986354775828460
-8.988628979857049
-8.990903183885640
-8.993177387914230
-8.995451591942819
-8.997725795971411
-9.000000000000000
-10.000000000000000
-10.000000000000000
-10.000000000000000
-10.000000000000000
-10.000000000000000
-10.000000000000000
-10.000000000000000
-10.000000000000000
-10.000000000000000
-10.000000000000000
-10.000000000000000
-10.000000000000000
-10.000000000000000
-10.000000000000000
-10.000000000000000
-10.000000000000000
-10.000000000000000
-10.000000000000000
-10.000000000000000
-10.000000000000000
-0.555555555555556
-1.604938271604940
-0.578947368421052
-1.625730994152050
-0.602339181286550
-1.646523716699150
-0.625730994152047
-1.667316439246260
-0.649122807017544
-1.688109161793370
-0.672514619883041
-1.708901884340480
-0.695906432748538
-1.729694606887590
-0.719298245614035
-1.750487329434700
-0.742690058479532
-1.771280051981810
-0.766081871345030
-1.792072774528910
-0.789473684210527
-1.812865497076020
-0.812865497076023
-1.833658219623130
-0.836257309941520
-1.854450942170240
-0.859649122807017
-1.875243664717350
-0.883040935672515
-1.896036387264460
-0.906432748538012
-1.916829109811570
-0.929824561403509
-1.937621832358670
-0.953216374269006
-1.958414554905780
-0.976608187134503
-1.979207277452890
-1.000000000000000
-2.000000000000000
-2.654320987654320
-2.672514619883040
-2.690708252111760
-2.708901884340480
-2.727095516569200
-2.745289148797920
-2.763482781026640
-2.781676413255360
-2.799870045484080
-2.818063677712800
-2.836257309941520
-2.854450942170240
-2.872644574398960
-2.890838206627680
-2.909031838856400
-2.927225471085120
-2.945419103313840
-2.963612735542560
-2.981806367771280
-3.000000000000000
-3.703703703703700
-3.719298245614030
-3.734892787524370
-3.750487329434690
-3.766081871345030
-3.781676413255360
-3.797270955165690
-3.812865497076020
-3.828460038986350
-3.844054580896680
-3.859649122807020
-3.875243664717350
-3.890838206627680
-3.906432748538010
-3.922027290448340
-3.937621832358670
-3.953216374269000
-3.968810916179340
-3.984405458089670
-4.000000000000000
-4.753086419753080
-4.766081871345020
-4.779077322936970
-4.792072774528910
-4.805068226120860
-4.818063677712800
-4.831059129304740
-4.844054580896690
-4.857050032488630
-4.870045484080570
-4.883040935672510
-4.896036387264460
-4.909031838856400
-4.922027290448340
-4.935022742040290
-4.948018193632230
-4.961013645224170
-4.974009096816110
-4.987004548408060
-5.000000000000000
-5.802469135802470
-5.812865497076020
-5.823261858349570
-5.833658219623130
-5.844054580896680
-5.854450942170240
-5.864847303443800
-5.875243664717350
-5.885640025990900
-5.896036387264460
-5.906432748538010
-5.916829109811560
-5.927225471085120
-5.937621832358670
-5.948018193632230
-5.958414554905780
-5.968810916179340
-5.979207277452890
-5.989603638726450
-6.000000000000000
-6.851851851851850
-6.859649122807010
-6.867446393762180
-6.875243664717350
-6.883040935672510
-6.890838206627680
-6.898635477582840
-6.906432748538010
-6.914230019493170
-6.922027290448340
-6.929824561403510
-6.937621832358670
-6.945419103313840
-6.953216374269000
-6.961013645224170
-6.968810916179340
-6.976608187134500
-6.984405458089670
-6.992202729044830
-7.000000000000000
-7.901234567901230
-7.906432748538000
-7.911630929174790
-7.916829109811560
-7.922027290448340
-7.927225471085110
-7.932423651721890
-7.937621832358670
-7.942820012995450
-7.948018193632220
-7.953216374269000
-7.958414554905780
-7.963612735542560
-7.968810916179330
-7.974009096816110
-7.979207277452890
-7.984405458089660
-7.989603638726440
-7.994801819363220
-8.000000000000000
-8.950617283950610
-8.953216374268999
-8.955815464587390
-8.958414554905779
-8.961013645224170
-8.963612735542551
-8.966211825860940
-8.968810916179329
-8.971410006497720
-8.974009096816109
-8.976608187134500
-8.979207277452890
-8.981806367771281
-8.984405458089659
-8.987004548408050
-8.989603638726440
-8.992202729044831
-8.994801819363230
-8.997400909681611
-9.000000000000000
-10.000000000000000
-10.000000000000000
-10.000000000000000
-10.000000000000000
-10.000000000000000
-10.000000000000000
-10.000000000000000
-10.000000000000000
-10.000000000000000
-10.000000000000000
-10.000000000000000
-10.000000000000000
-10.000000000000000
-10.000000000000000
-10.000000000000000
-10.000000000000000
-10.000000000000000
-10.000000000000000
-10.000000000000000
-10.000000000000000
-1.555555555555550
-0.526315789473684
-1.578947368421050
-0.552631578947369
-1.602339181286550
-0.578947368421053
-1.625730994152050
-0.605263157894737
-1.649122807017540
-0.631578947368421
-1.672514619883040
-0.657894736842105
-1.695906432748540
-0.684210526315789
-1.719298245614030
-0.710526315789474
-1.742690058479530
-0.736842105263158
-1.766081871345030
-0.763157894736842
-1.789473684210530
-0.789473684210526
-1.812865497076020
-0.815789473684211
-1.836257309941520
-0.842105263157895
-1.859649122807020
-0.868421052631579
-1.883040935672510
-0.894736842105263
-1.906432748538010
-0.921052631578947
-1.929824561403510
-0.947368421052631
-1.953216374269010
-0.973684210526316
-1.976608187134500
-1.000000000000000
-2.000000000000000
-2.611111111111110
-2.631578947368420
-2.652046783625730
-2.672514619883040
-2.692982456140350
-2.713450292397660
-2.733918128654970
-2.754385964912280
-2.774853801169590
-2.795321637426900
-2.815789473684210
-2.836257309941520
-2.856725146198830
-2.877192982456140
-2.897660818713450
-2.918128654970760
-2.938596491228070
-2.959064327485380
-2.979532163742690
-3.000000000000000
-3.666666666666660
-3.684210526315790
-3.701754385964910
-3.719298245614030
-3.736842105263160
-3.754385964912280
-3.771929824561400
-3.789473684210520
-3.807017543859650
-3.824561403508770
-3.842105263157890
-3.859649122807020
-3.877192982456140
-3.894736842105260
-3.912280701754390
-3.929824561403510
-3.947368421052630
-3.964912280701750
-3.982456140350880
-4.000000000000000
-4.722222222222220
-4.736842105263150
-4.751461988304090
-4.766081871345020
-4.780701754385960
-4.795321637426900
-4.809941520467840
-4.824561403508770
-4.839181286549710
-4.853801169590640
-4.868421052631580
-4.883040935672510
-4.897660818713450
-4.912280701754390
-4.926900584795320
-4.941520467836260
-4.956140350877190
-4.970760233918130
-4.985380116959060
-5.000000000000000
-5.777777777777770
-5.789473684210520
-5.801169590643270
-5.812865497076020
-5.824561403508770
-5.836257309941520
-5.847953216374270
-5.859649122807020
-5.871345029239760
-5.883040935672510
-5.894736842105260
-5.906432748538010
-5.918128654970760
-5.929824561403510
-5.941520467836250
-5.953216374269010
-5.964912280701750
-5.976608187134500
-5.988304093567250
-6.000000000000000
-6.833333333333330
-6.842105263157890
-6.850877192982450
-6.859649122807010
-6.868421052631570
-6.877192982456140
-6.885964912280700
-6.894736842105260
-6.903508771929820
-6.912280701754380
-6.921052631578950
-6.929824561403510
-6.938596491228070
-6.947368421052630
-6.956140350877190
-6.964912280701750
-6.973684210526320
-6.982456140350880
-6.991228070175440
-7.000000000000000
-7.888888888888880
-7.894736842105260
-7.900584795321630
-7.906432748538010
-7.912280701754380
-7.918128654970760
-7.923976608187130
-7.929824561403500
-7.935672514619880
-7.941520467836250
-7.947368421052630
-7.953216374269000
-7.959064327485380
-7.964912280701750
-7.970760233918130
-7.976608187134500
-7.982456140350880
-7.988304093567250
-7.994152046783620
-8.000000000000000
-8.944444444444439
-8.947368421052619
-8.950292397660810
-8.953216374268999
-8.956140350877190
-8.959064327485381
-8.961988304093561
-8.964912280701750
-8.967836257309930
-8.970760233918121
-8.973684210526310
-8.976608187134500
-8.979532163742689
-8.982456140350870
-8.985380116959060
-8.988304093567249
-8.991228070175440
-8.994152046783629
-8.997076023391820
-9.000000000000000
-10.000000000000000
-10.000000000000000
-10.000000000000000
-10.000000000000000
-10.000000000000000
-10.000000000000000
-10.000000000000000
-10.000000000000000
-10.000000000000000
-10.000000000000000
-10.000000000000000
-10.000000000000000
-10.000000000000000
-10.000000000000000
-10.000000000000000
-10.000000000000000
-10.000000000000000
-10.000000000000000
-10.000000000000000
-10.000000000000000
0.000000000000000
0.000000000000000
0.000000000000000
0.000000000000000
0.000000000000000
0.000000000000000
0.000000000000000
0.000000000000000
0.000000000000000
0.000000000000000
0.000000000000000
0.000000000000000
0.000000000000000
0.000000000000000
0.000000000000000
0.000000000000000
0.000000000000000
0.000000000000000
0.000000000000000
0.000000000000000
0.000000000000000
0.000000000000000
0.000000000000000
0.000000000000000
0.000000000000000
0.000000000000000
0.000000000000000
0.000000000000000
0.000000000000000
0.000000000000000
0.000000000000000
0.000000000000000
0.000000000000000
0.000000000000000
0.000000000000000
0.000000000000000
0.000000000000000
0.000000000000000
0.000000000000000
0.000000000000000
0.000000000000000
0.000000000000000
0.000000000000000
0.000000000000000
0.000000000000000
0.000000000000000
0.000000000000000
0.000000000000000
0.000000000000000
0.000000000000000
0.000000000000000
0.000000000000000
0.000000000000000
0.000000000000000
0.000000000000000
0.000000000000000
0.000000000000000
0.000000000000000
0.000000000000000
0.000000000000000
0.000000000000000
0.000000000000000
0.000000000000000
0.000000000000000
0.000000000000000
0.000000000000000
0.000000000000000
0.000000000000000
0.000000000000000
0.000000000000000
0.000000000000000
0.000000000000000
0.000000000000000
0.000000000000000
0.000000000000000
0.000000000000000
0.000000000000000
0.000000000000000
0.000000000000000
0.000000000000000
0.000000000000000
0.000000000000000
0.000000000000000
0.000000000000000
0.000000000000000
0.000000000000000
0.000000000000000
0.000000000000000
0.000000000000000
0.000000000000000
0.000000000000000
0.000000000000000
0.000000000000000
0.000000000000000
0.000000000000000
0.000000000000000
0.000000000000000
0.000000000000000
0.000000000000000
0.000000000000000
0.000000000000000
0.000000000000000
0.000000000000000
0.000000000000000
0.000000000000000
0.000000000000000
0.000000000000000
0.000000000000000
0.000000000000000
0.000000000000000
0.000000000000000
0.000000000000000
0.000000000000000
0.000000000000000
0.000000000000000
0.000000000000000
0.000000000000000
0.000000000000000
0.000000000000000
0.000000000000000
0.000000000000000
0.000000000000000
0.000000000000000
0.000000000000000
0.000000000000000
0.000000000000000
0.000000000000000
0.000000000000000
0.000000000000000
0.000000000000000
0.000000000000000
0.000000000000000
0.000000000000000
0.000000000000000
0.000000000000000
0.000000000000000
0.000000000000000
0.000000000000000
0.000000000000000
0.000000000000000
0.000000000000000
0.000000000000000
0.000000000000000
0.000000000000000
0.000000000000000
0.000000000000000
0.000000000000000
0.000000000000000
0.000000000000000
0.000000000000000
0.000000000000000
0.000000000000000
0.000000000000000
0.000000000000000
0.000000000000000
0.000000000000000
0.000000000000000
0.000000000000000
0.000000000000000
0.000000000000000
0.000000000000000
0.000000000000000
0.000000000000000
0.000000000000000
0.000000000000000
0.000000000000000
0.000000000000000
0.000000000000000
0.000000000000000
0.000000000000000
0.000000000000000
0.000000000000000
0.000000000000000
0.000000000000000
0.000000000000000
0.000000000000000
0.000000000000000
0.000000000000000
0.000000000000000
0.000000000000000
0.000000000000000
0.000000000000000
0.000000000000000
0.000000000000000
0.000000000000000
0.000000000000000
0.000000000000000
0.000000000000000
0.000000000000000
0.000000000000000
0.000000000000000
0.000000000000000
0.000000000000000
0.000000000000000
0.000000000000000
0.000000000000000
0.000000000000000
0.000000000000000
0.000000000000000
10.000000000000000
9.000000000000000
9.000000000000000
10.000000000000000
10.000000000000000
8.993827160493829
8.993827160493820
10.000000000000000
8.000000000000000
8.000000000000000
7.987654320987650
7.987654320987650
7.000000000000000
7.000000000000000
6.981481481481480
6.981481481481480
6.000000000000000
6.000000000000000
5.975308641975310
5.975308641975310
5.000000000000000
5.000000000000000
4.969135802469130
4.969135802469140
4.000000000000000
4.000000000000000
3.962962962962960
3.962962962962960
3.000000000000000
3.000000000000000
2.956790123456790
2.956790123456790
2.000000000000000
2.000000000000000
1.950617283950620
1.950617283950620
1.000000000000000
1.000000000000000
0.944444444444444
0.944444444444444
9.000000000000000
10.000000000000000
8.994152046783620
10.000000000000000
8.000000000000000
7.988304093567250
7.000000000000000
6.982456140350880
6.000000000000000
5.976608187134500
5.000000000000000
4.970760233918130
4.000000000000000
3.964912280701750
3.000000000000000
2.959064327485380
2.000000000000000
1.953216374269010
1.000000000000000
0.947368421052631
9.000000000000000
10.000000000000000
8.994476933073420
10.000000000000000
8.000000000000000
7.988953866146850
7.000000000000000
6.983430799220280
6.000000000000000
5.977907732293700
5.000000000000000
4.972384665367120
4.000000000000000
3.966861598440540
3.000000000000000
2.961338531513970
2.000000000000000
1.955815464587400
1.000000000000000
0.950292397660819
9.000000000000000
10.000000000000000
8.994801819363220
10.000000000000000
8.000000000000000
7.989603638726440
7.000000000000000
6.984405458089670
6.000000000000000
5.979207277452890
5.000000000000000
4.974009096816120
4.000000000000000
3.968810916179340
3.000000000000000
2.963612735542560
2.000000000000000
1.958414554905780
1.000000000000000
0.953216374269006
9.000000000000000
10.000000000000000
8.995126705653020
10.000000000000000
8.000000000000000
7.990253411306040
7.000000000000000
6.985380116959070
6.000000000000000
5.980506822612080
5.000000000000000
4.975633528265110
4.000000000000000
3.970760233918130
3.000000000000000
2.965886939571150
2.000000000000000
1.961013645224170
1.000000000000000
0.956140350877193
9.000000000000000
10.000000000000000
8.995451591942819
10.000000000000000
8.000000000000000
7.990903183885640
7.000000000000000
6.986354775828460
6.000000000000000
5.981806367771280
5.000000000000000
4.977257959714100
4.000000000000000
3.972709551656920
3.000000000000000
2.968161143599740
2.000000000000000
1.963612735542560
1.000000000000000
0.959064327485380
9.000000000000000
10.000000000000000
8.995776478232621
10.000000000000000
8.000000000000000
7.991552956465240
7.000000000000000
6.987329434697860
6.000000000000000
5.983105912930470
5.000000000000000
4.978882391163090
4.000000000000000
3.974658869395710
3.000000000000000
2.970435347628330
2.000000000000000
1.966211825860950
1.000000000000000
0.961988304093567
9.000000000000000
10.000000000000000
8.996101364522421
10.000000000000000
8.000000000000000
7.992202729044830
7.000000000000000
6.988304093567250
6.000000000000000
5.984405458089670
5.000000000000000
4.980506822612090
4.000000000000000
3.976608187134500
3.000000000000000
2.972709551656920
2.000000000000000
1.968810916179340
1.000000000000000
0.964912280701755
9.000000000000000
10.000000000000000
8.996426250812220
10.000000000000000
8.000000000000000
7.992852501624430
7.000000000000000
6.989278752436650
6.000000000000000
5.985705003248860
5.000000000000000
4.982131254061080
4.000000000000000
3.978557504873290
3.000000000000000
2.974983755685510
2.000000000000000
1.971410006497730
1.000000000000000
0.967836257309941
9.000000000000000
10.000000000000000
8.996751137102020
10.000000000000000
8.000000000000000
7.993502274204030
7.000000000000000
6.990253411306050
6.000000000000000
5.987004548408060
5.000000000000000
4.983755685510070
4.000000000000000
3.980506822612090
3.000000000000000
2.977257959714100
2.000000000000000
1.974009096816110
1.000000000000000
0.970760233918128
9.000000000000000
10.000000000000000
8.997076023391809
10.000000000000000
8.000000000000000
7.994152046783620
7.000000000000000
6.991228070175440
6.000000000000000
5.988304093567250
5.000000000000000
4.985380116959060
4.000000000000000
3.982456140350880
3.000000000000000
2.979532163742690
2.000000000000000
1.976608187134500
1.000000000000000
0.973684210526315
9.000000000000000
10.000000000000000
8.997400909681611
10.000000000000000
8.000000000000000
7.994801819363220
7.000000000000000
6.992202729044830
6.000000000000000
5.989603638726450
5.000000000000000
4.987004548408060
4.000000000000000
3.984405458089670
3.000000000000000
2.981806367771280
2.000000000000000
1.979207277452890
1.000000000000000
0.976608187134502
9.000000000000000
10.000000000000000
8.997725795971411
10.000000000000000
8.000000000000000
7.995451591942820
7.000000000000000
6.993177387914230
6.000000000000000
5.990903183885640
5.000000000000000
4.988628979857050
4.000000000000000
3.986354775828460
3.000000000000000
2.984080571799870
2.000000000000000
1.981806367771280
1.000000000000000
0.979532163742690
9.000000000000000
10.000000000000000
8.998050682261210
10.000000000000000
8.000000000000000
7.996101364522420
7.000000000000000
6.994152046783630
6.000000000000000
5.992202729044830
5.000000000000000
4.990253411306040
4.000000000000000
3.988304093567250
3.000000000000000
2.986354775828460
2.000000000000000
1.984405458089670
1.000000000000000
0.982456140350877
9.000000000000000
10.000000000000000
8.998375568551010
10.000000000000000
8.000000000000000
7.996751137102010
7.000000000000000
6.995126705653020
6.000000000000000
5.993502274204030
5.000000000000000
4.991877842755040
4.000000000000000
3.990253411306040
3.000000000000000
2.988628979857050
2.000000000000000
1.987004548408060
1.000000000000000
0.985380116959064
9.000000000000000
10.000000000000000
8.998700454840799
10.000000000000000
8.000000000000000
7.997400909681610
7.000000000000000
6.996101364522420
6.000000000000000
5.994801819363220
5.000000000000000
4.993502274204030
4.000000000000000
3.992202729044830
3.000000000000000
2.990903183885640
2.000000000000000
1.989603638726450
1.000000000000000
0.988304093567251
9.000000000000000
10.000000000000000
8.999025341130610
10.000000000000000
8.000000000000000
7.998050682261210
7.000000000000000
6.997076023391820
6.000000000000000
5.996101364522420
5.000000000000000
4.995126705653020
4.000000000000000
3.994152046783620
3.000000000000000
2.993177387914230
2.000000000000000
1.992202729044830
1.000000000000000
0.991228070175439
9.000000000000000
10.000000000000000
8.999350227420409
10.000000000000000
8.000000000000000
7.998700454840800
7.000000000000000
6.998050682261210
6.000000000000000
5.997400909681610
5.000000000000000
4.996751137102010
4.000000000000000
3.996101364522420
3.000000000000000
2.995451591942820
2.000000000000000
1.994801819363220
1.000000000000000
0.994152046783626
9.000000000000000
10.000000000000000
8.999675113710190
10.000000000000000
8.000000000000000
7.999350227420400
7.000000000000000
6.999025341130600
6.000000000000000
5.998700454840800
5.000000000000000
4.998375568551010
4.000000000000000
3.998050682261210
3.000000000000000
2.997725795971410
2.000000000000000
1.997400909681610
1.000000000000000
0.997076023391813
9.000000000000000
10.000000000000000
9.000000000000000
10.000000000000000
8.000000000000000
8.000000000000000
7.000000000000000
7.000000000000000
6.000000000000000
6.000000000000000
5.000000000000000
5.000000000000000
4.000000000000000
4.000000000000000
3.000000000000000
3.000000000000000
2.000000000000000
2.000000000000000
1.000000000000000
1.000000000000000
10.000000000000000
8.987654320987650
8.987654320987650
10.000000000000000
7.975308641975310
7.975308641975310
6.962962962962960
6.962962962962960
5.950617283950620
5.950617283950610
4.938271604938270
4.938271604938270
3.925925925925930
3.925925925925930
2.913580246913580
2.913580246913580
1.901234567901240
1.901234567901240
0.888888888888889
0.888888888888889
8.988304093567249
10.000000000000000
7.976608187134500
6.964912280701760
5.953216374269010
4.941520467836260
3.929824561403510
2.918128654970760
1.906432748538010
0.894736842105263
8.988953866146840
10.000000000000000
7.977907732293700
6.966861598440540
5.955815464587390
4.944769330734240
3.933723196881090
2.922677063027940
1.911630929174790
0.900584795321637
8.989603638726440
10.000000000000000
7.979207277452890
6.968810916179340
5.958414554905780
4.948018193632230
3.937621832358670
2.927225471085120
1.916829109811570
0.906432748538011
8.990253411306041
10.000000000000000
7.980506822612080
6.970760233918130
5.961013645224170
4.951267056530220
3.941520467836260
2.931773879142300
1.922027290448340
0.912280701754386
8.990903183885640
10.000000000000000
7.981806367771280
6.972709551656920
5.963612735542560
4.954515919428200
3.945419103313840
2.936322287199480
1.927225471085120
0.918128654970760
8.991552956465229
10.000000000000000
7.983105912930470
6.974658869395710
5.966211825860950
4.957764782326190
3.949317738791420
2.940870695256660
1.932423651721900
0.923976608187134
8.992202729044831
10.000000000000000
7.984405458089670
6.976608187134500
5.968810916179340
4.961013645224170
3.953216374269000
2.945419103313840
1.937621832358670
0.929824561403509
8.992852501624430
10.000000000000000
7.985705003248860
6.978557504873300
5.971410006497730
4.964262508122160
3.957115009746590
2.949967511371020
1.942820012995450
0.935672514619883
8.993502274204030
10.000000000000000
7.987004548408050
6.980506822612090
5.974009096816110
4.967511371020140
3.961013645224170
2.954515919428200
1.948018193632230
0.941520467836257
8.994152046783620
10.000000000000000
7.988304093567250
6.982456140350880
5.976608187134500
4.970760233918130
3.964912280701750
2.959064327485380
1.953216374269010
0.947368421052631
8.994801819363220
10.000000000000000
7.989603638726440
6.984405458089670
5.979207277452890
4.974009096816120
3.968810916179340
2.963612735542560
1.958414554905780
0.953216374269006
8.995451591942819
10.000000000000000
7.990903183885640
6.986354775828460
5.981806367771280
4.977257959714100
3.972709551656920
2.968161143599740
1.963612735542560
0.959064327485380
8.996101364522421
10.000000000000000
7.992202729044830
6.988304093567250
5.984405458089670
4.980506822612090
3.976608187134500
2.972709551656920
1.968810916179340
0.964912280701754
8.996751137102009
10.000000000000000
7.993502274204030
6.990253411306050
5.987004548408060
4.983755685510070
3.980506822612090
2.977257959714100
1.974009096816110
0.970760233918128
8.997400909681611
10.000000000000000
7.994801819363220
6.992202729044840
5.989603638726440
4.987004548408060
3.984405458089670
2.981806367771280
1.979207277452890
0.976608187134503
8.998050682261210
10.000000000000000
7.996101364522410
6.994152046783630
5.992202729044830
4.990253411306040
3.988304093567250
2.986354775828460
1.984405458089670
0.982456140350877
8.998700454840799
10.000000000000000
7.997400909681610
6.996101364522420
5.994801819363220
4.993502274204030
3.992202729044830
2.990903183885640
1.989603638726450
0.988304093567252
8.999350227420400
10.000000000000000
7.998700454840800
6.998050682261210
5.997400909681610
4.996751137102010
3.996101364522420
2.995451591942820
1.994801819363220
0.994152046783626
9.000000000000000
10.000000000000000
8.000000000000000
7.000000000000000
6.000000000000000
5.000000000000000
4.000000000000000
3.000000000000000
2.000000000000000
1.000000000000000
10.000000000000000
8.981481481481479
8.981481481481479
10.000000000000000
7.962962962962960
7.962962962962960
6.944444444444450
6.944444444444450
5.925925925925930
5.925925925925930
4.907407407407410
4.907407407407410
3.888888888888890
3.888888888888890
2.870370370370370
2.870370370370370
1.851851851851850
1.851851851851850
0.833333333333333
0.833333333333333
8.982456140350880
10.000000000000000
7.964912280701750
6.947368421052630
5.929824561403510
4.912280701754390
3.894736842105260
2.877192982456140
1.859649122807020
0.842105263157895
8.983430799220271
10.000000000000000
7.966861598440540
6.950292397660820
5.933723196881090
4.917153996101370
3.900584795321640
2.884015594541910
1.867446393762180
0.850877192982456
8.984405458089670
10.000000000000000
7.968810916179330
6.953216374269010
5.937621832358680
4.922027290448340
3.906432748538010
2.890838206627680
1.875243664717350
0.859649122807017
8.985380116959069
10.000000000000000
7.970760233918120
6.956140350877190
5.941520467836260
4.926900584795320
3.912280701754390
2.897660818713450
1.883040935672510
0.868421052631579
8.986354775828460
10.000000000000000
7.972709551656910
6.959064327485380
5.945419103313840
4.931773879142300
3.918128654970760
2.904483430799220
1.890838206627680
0.877192982456140
8.987329434697861
10.000000000000000
7.974658869395710
6.961988304093570
5.949317738791420
4.936647173489280
3.923976608187130
2.911306042884990
1.898635477582840
0.885964912280702
8.988304093567249
10.000000000000000
7.976608187134500
6.964912280701750
5.953216374269010
4.941520467836260
3.929824561403510
2.918128654970760
1.906432748538010
0.894736842105263
8.989278752436640
10.000000000000000
7.978557504873290
6.967836257309940
5.957115009746590
4.946393762183240
3.935672514619880
2.924951267056530
1.914230019493180
0.903508771929824
8.990253411306041
10.000000000000000
7.980506822612080
6.970760233918130
5.961013645224170
4.951267056530210
3.941520467836260
2.931773879142300
1.922027290448340
0.912280701754386
8.991228070175440
10.000000000000000
7.982456140350870
6.973684210526320
5.964912280701750
4.956140350877190
3.947368421052630
2.938596491228070
1.929824561403510
0.921052631578947
8.992202729044831
10.000000000000000
7.984405458089670
6.976608187134500
5.968810916179340
4.961013645224170
3.953216374269010
2.945419103313840
1.937621832358670
0.929824561403509
8.993177387914230
10.000000000000000
7.986354775828460
6.979532163742690
5.972709551656920
4.965886939571150
3.959064327485380
2.952241715399610
1.945419103313840
0.938596491228070
8.994152046783620
10.000000000000000
7.988304093567250
6.982456140350880
5.976608187134500
4.970760233918130
3.964912280701760
2.959064327485380
1.953216374269010
0.947368421052632
8.995126705653020
10.000000000000000
7.990253411306040
6.985380116959070
5.980506822612090
4.975633528265110
3.970760233918130
2.965886939571150
1.961013645224170
0.956140350877193
8.996101364522421
10.000000000000000
7.992202729044830
6.988304093567250
5.984405458089670
4.980506822612090
3.976608187134500
2.972709551656920
1.968810916179340
0.964912280701754
8.997076023391809
10.000000000000000
7.994152046783620
6.991228070175440
5.988304093567250
4.985380116959060
3.982456140350880
2.979532163742690
1.976608187134500
0.973684210526316
8.998050682261210
10.000000000000000
7.996101364522420
6.994152046783630
5.992202729044830
4.990253411306040
3.988304093567250
2.986354775828460
1.984405458089670
0.982456140350877
8.999025341130601
10.000000000000000
7.998050682261210
6.997076023391810
5.996101364522420
4.995126705653020
3.994152046783620
2.993177387914230
1.992202729044830
0.991228070175439
9.000000000000000
10.000000000000000
8.000000000000000
7.000000000000000
6.000000000000000
5.000000000000000
4.000000000000000
3.000000000000000
2.000000000000000
1.000000000000000
10.000000000000000
8.975308641975310
8.975308641975300
10.000000000000000
7.950617283950620
7.950617283950610
6.925925925925920
6.925925925925920
5.901234567901230
5.901234567901230
4.876543209876540
4.876543209876540
3.851851851851850
3.851851851851850
2.827160493827160
2.827160493827160
1.802469135802470
1.802469135802470
0.777777777777777
0.777777777777777
8.976608187134500
10.000000000000000
7.953216374269000
6.929824561403510
5.906432748538010
4.883040935672520
3.859649122807020
2.836257309941520
1.812865497076020
0.789473684210526
8.977907732293691
10.000000000000000
7.955815464587390
6.933723196881090
5.911630929174790
4.889538661468490
3.867446393762180
2.845354126055880
1.823261858349580
0.801169590643274
8.979207277452890
10.000000000000000
7.958414554905780
6.937621832358670
5.916829109811570
4.896036387264460
3.875243664717350
2.854450942170240
1.833658219623130
0.812865497076023
8.980506822612091
10.000000000000000
7.961013645224170
6.941520467836260
5.922027290448340
4.902534113060430
3.883040935672510
2.863547758284600
1.844054580896690
0.824561403508772
8.981806367771281
10.000000000000000
7.963612735542560
6.945419103313840
5.927225471085120
4.909031838856400
3.890838206627680
2.872644574398960
1.854450942170240
0.836257309941520
8.983105912930469
10.000000000000000
7.966211825860940
6.949317738791420
5.932423651721900
4.915529564652370
3.898635477582850
2.881741390513320
1.864847303443790
0.847953216374269
8.984405458089670
10.000000000000000
7.968810916179330
6.953216374269000
5.937621832358670
4.922027290448340
3.906432748538010
2.890838206627680
1.875243664717350
0.859649122807017
8.985705003248860
10.000000000000000
7.971410006497730
6.957115009746590
5.942820012995450
4.928525016244320
3.914230019493180
2.899935022742040
1.885640025990900
0.871345029239766
8.987004548408050
10.000000000000000
7.974009096816110
6.961013645224170
5.948018193632230
4.935022742040290
3.922027290448340
2.909031838856400
1.896036387264460
0.883040935672514
8.988304093567249
10.000000000000000
7.976608187134500
6.964912280701750
5.953216374269000
4.941520467836260
3.929824561403510
2.918128654970760
1.906432748538010
0.894736842105263
8.989603638726440
10.000000000000000
7.979207277452890
6.968810916179340
5.958414554905780
4.948018193632230
3.937621832358670
2.927225471085120
1.916829109811570
0.906432748538011
8.990903183885640
10.000000000000000
7.981806367771280
6.972709551656920
5.963612735542560
4.954515919428200
3.945419103313840
2.936322287199480
1.927225471085120
0.918128654970760
8.992202729044839
10.000000000000000
7.984405458089670
6.976608187134500
5.968810916179340
4.961013645224170
3.953216374269010
2.945419103313840
1.937621832358670
0.929824561403509
8.993502274204030
10.000000000000000
7.987004548408050
6.980506822612090
5.974009096816110
4.967511371020140
3.961013645224170
2.954515919428200
1.948018193632230
0.941520467836257
8.994801819363220
10.000000000000000
7.989603638726440
6.984405458089670
5.979207277452890
4.974009096816120
3.968810916179340
2.963612735542560
1.958414554905780
0.953216374269006
8.996101364522421
10.000000000000000
7.992202729044830
6.988304093567250
5.984405458089670
4.980506822612080
3.976608187134500
2.972709551656920
1.968810916179340
0.964912280701754
8.997400909681611
10.000000000000000
7.994801819363220
6.992202729044830
5.989603638726440
4.987004548408060
3.984405458089670
2.981806367771280
1.979207277452890
0.976608187134503
8.998700454840810
10.000000000000000
7.997400909681610
6.996101364522420
5.994801819363220
4.993502274204030
3.992202729044830
2.990903183885640
1.989603638726450
0.988304093567251
9.000000000000000
10.000000000000000
8.000000000000000
7.000000000000000
6.000000000000000
5.000000000000000
4.000000000000000
3.000000000000000
2.000000000000000
1.000000000000000
10.000000000000000
8.969135802469140
8.969135802469140
10.000000000000000
7.938271604938270
7.938271604938270
6.907407407407410
6.907407407407410
5.876543209876540
5.876543209876540
4.845679012345680
4.845679012345680
3.814814814814810
3.814814814814810
2.783950617283950
2.783950617283950
1.753086419753090
1.753086419753090
0.722222222222222
0.722222222222222
8.970760233918130
10.000000000000000
7.941520467836260
6.912280701754390
5.883040935672520
4.853801169590640
3.824561403508770
2.795321637426900
1.766081871345030
0.736842105263158
8.972384665367120
10.000000000000000
7.944769330734240
6.917153996101370
5.889538661468490
4.861923326835610
3.834307992202730
2.806692657569850
1.779077322936970
0.751461988304093
8.974009096816109
10.000000000000000
7.948018193632230
6.922027290448350
5.896036387264460
4.870045484080570
3.844054580896680
2.818063677712800
1.792072774528910
0.766081871345029
8.975633528265110
10.000000000000000
7.951267056530210
6.926900584795320
5.902534113060430
4.878167641325540
3.853801169590640
2.829434697855750
1.805068226120860
0.780701754385964
8.977257959714100
10.000000000000000
7.954515919428200
6.931773879142300
5.909031838856400
4.886289798570500
3.863547758284600
2.840805717998700
1.818063677712800
0.795321637426900
8.978882391163090
10.000000000000000
7.957764782326190
6.936647173489280
5.915529564652370
4.894411955815460
3.873294346978550
2.852176738141650
1.831059129304740
0.809941520467836
8.980506822612080
10.000000000000000
7.961013645224170
6.941520467836260
5.922027290448350
4.902534113060430
3.883040935672510
2.863547758284600
1.844054580896690
0.824561403508772
8.982131254061080
10.000000000000000
7.964262508122160
6.946393762183240
5.928525016244310
4.910656270305390
3.892787524366470
2.874918778427550
1.857050032488630
0.839181286549707
8.983755685510070
10.000000000000000
7.967511371020140
6.951267056530210
5.935022742040290
4.918778427550360
3.902534113060430
2.886289798570500
1.870045484080570
0.853801169590643
8.985380116959069
10.000000000000000
7.970760233918130
6.956140350877200
5.941520467836260
4.926900584795320
3.912280701754380
2.897660818713450
1.883040935672510
0.868421052631579
8.987004548408059
10.000000000000000
7.974009096816110
6.961013645224170
5.948018193632230
4.935022742040290
3.922027290448340
2.909031838856400
1.896036387264460
0.883040935672514
8.988628979857049
10.000000000000000
7.977257959714100
6.965886939571150
5.954515919428200
4.943144899285250
3.931773879142300
2.920402858999350
1.909031838856400
0.897660818713450
8.990253411306041
10.000000000000000
7.980506822612090
6.970760233918130
5.961013645224170
4.951267056530210
3.941520467836260
2.931773879142300
1.922027290448340
0.912280701754386
8.991877842755040
10.000000000000000
7.983755685510070
6.975633528265110
5.967511371020140
4.959389213775180
3.951267056530210
2.943144899285250
1.935022742040290
0.926900584795321
8.993502274204030
10.000000000000000
7.987004548408050
6.980506822612090
5.974009096816110
4.967511371020140
3.961013645224170
2.954515919428200
1.948018193632230
0.941520467836257
8.995126705653020
10.000000000000000
7.990253411306040
6.985380116959070
5.980506822612080
4.975633528265110
3.970760233918130
2.965886939571150
1.961013645224170
0.956140350877193
8.996751137102009
10.000000000000000
7.993502274204030
6.990253411306040
5.987004548408050
4.983755685510070
3.980506822612090
2.977257959714100
1.974009096816110
0.970760233918128
8.998375568551010
10.000000000000000
7.996751137102010
6.995126705653020
5.993502274204030
4.991877842755040
3.990253411306040
2.988628979857050
1.987004548408060
0.985380116959064
9.000000000000000
10.000000000000000
8.000000000000000
7.000000000000000
6.000000000000000
5.000000000000000
4.000000000000000
3.000000000000000
2.000000000000000
1.000000000000000
10.000000000000000
8.962962962962971
8.962962962962960
10.000000000000000
7.925925925925920
7.925925925925920
6.888888888888890
6.888888888888880
5.851851851851850
5.851851851851850
4.814814814814810
4.814814814814810
3.777777777777780
3.777777777777780
2.740740740740740
2.740740740740740
1.703703703703700
1.703703703703700
0.666666666666666
0.666666666666666
8.964912280701750
10.000000000000000
7.929824561403500
6.894736842105260
5.859649122807020
4.824561403508770
3.789473684210530
2.754385964912280
1.719298245614040
0.684210526315789
8.966861598440540
10.000000000000000
7.933723196881090
6.900584795321630
5.867446393762180
4.834307992202730
3.801169590643270
2.768031189083820
1.734892787524370
0.701754385964912
8.968810916179340
10.000000000000000
7.937621832358670
6.906432748538010
5.875243664717350
4.844054580896680
3.812865497076020
2.781676413255360
1.750487329434700
0.719298245614035
8.970760233918130
10.000000000000000
7.941520467836250
6.912280701754380
5.883040935672510
4.853801169590640
3.824561403508770
2.795321637426900
1.766081871345030
0.736842105263158
8.972709551656919
10.000000000000000
7.945419103313830
6.918128654970750
5.890838206627680
4.863547758284600
3.836257309941520
2.808966861598440
1.781676413255360
0.754385964912281
8.974658869395711
10.000000000000000
7.949317738791410
6.923976608187130
5.898635477582840
4.873294346978560
3.847953216374270
2.822612085769980
1.797270955165690
0.771929824561403
8.976608187134500
10.000000000000000
7.953216374269000
6.929824561403510
5.906432748538010
4.883040935672510
3.859649122807020
2.836257309941520
1.812865497076020
0.789473684210526
8.978557504873301
10.000000000000000
7.957115009746580
6.935672514619880
5.914230019493180
4.892787524366470
3.871345029239770
2.849902534113060
1.828460038986360
0.807017543859649
8.980506822612091
10.000000000000000
7.961013645224170
6.941520467836260
5.922027290448340
4.902534113060430
3.883040935672510
2.863547758284600
1.844054580896690
0.824561403508772
8.982456140350880
10.000000000000000
7.964912280701750
6.947368421052630
5.929824561403510
4.912280701754380
3.894736842105260
2.877192982456140
1.859649122807020
0.842105263157894
8.984405458089659
10.000000000000000
7.968810916179330
6.953216374269000
5.937621832358670
4.922027290448340
3.906432748538010
2.890838206627680
1.875243664717350
0.859649122807017
8.986354775828460
10.000000000000000
7.972709551656920
6.959064327485380
5.945419103313840
4.931773879142300
3.918128654970760
2.904483430799220
1.890838206627680
0.877192982456140
8.988304093567249
10.000000000000000
7.976608187134500
6.964912280701750
5.953216374269010
4.941520467836260
3.929824561403510
2.918128654970760
1.906432748538010
0.894736842105263
8.990253411306050
10.000000000000000
7.980506822612080
6.970760233918130
5.961013645224170
4.951267056530220
3.941520467836260
2.931773879142300
1.922027290448340
0.912280701754386
8.992202729044839
10.000000000000000
7.984405458089670
6.976608187134500
5.968810916179340
4.961013645224170
3.953216374269000
2.945419103313840
1.937621832358670
0.929824561403509
8.994152046783629
10.000000000000000
7.988304093567250
6.982456140350880
5.976608187134500
4.970760233918130
3.964912280701750
2.959064327485380
1.953216374269010
0.947368421052632
8.996101364522421
10.000000000000000
7.992202729044830
6.988304093567250
5.984405458089670
4.980506822612090
3.976608187134500
2.972709551656920
1.968810916179340
0.964912280701754
8.998050682261210
10.000000000000000
7.996101364522420
6.994152046783630
5.992202729044830
4.990253411306040
3.988304093567250
2.986354775828460
1.984405458089670
0.982456140350877
9.000000000000000
10.000000000000000
8.000000000000000
7.000000000000000
6.000000000000000
5.000000000000000
4.000000000000000
3.000000000000000
2.000000000000000
1.000000000000000
10.000000000000000
8.956790123456789
8.956790123456789
10.000000000000000
7.913580246913580
7.913580246913580
6.870370370370370
6.870370370370370
5.827160493827160
5.827160493827160
4.783950617283950
4.783950617283950
3.740740740740740
3.740740740740740
2.697530864197530
2.697530864197530
1.654320987654320
1.654320987654320
0.611111111111111
0.611111111111111
8.959064327485381
10.000000000000000
7.918128654970760
6.877192982456140
5.836257309941520
4.795321637426900
3.754385964912280
2.713450292397660
1.672514619883040
0.631578947368421
8.961338531513960
10.000000000000000
7.922677063027940
6.884015594541910
5.845354126055880
4.806692657569850
3.768031189083820
2.729369720597790
1.690708252111760
0.652046783625731
8.963612735542560
10.000000000000000
7.927225471085120
6.890838206627680
5.854450942170240
4.818063677712800
3.781676413255360
2.745289148797920
1.708901884340480
0.672514619883041
8.965886939571149
10.000000000000000
7.931773879142300
6.897660818713450
5.863547758284600
4.829434697855750
3.795321637426900
2.761208576998050
1.727095516569200
0.692982456140351
8.968161143599740
10.000000000000000
7.936322287199480
6.904483430799210
5.872644574398960
4.840805717998700
3.808966861598440
2.777128005198180
1.745289148797920
0.713450292397661
8.970435347628330
10.000000000000000
7.940870695256660
6.911306042884990
5.881741390513320
4.852176738141650
3.822612085769980
2.793047433398310
1.763482781026640
0.733918128654971
8.972709551656919
10.000000000000000
7.945419103313840
6.918128654970760
5.890838206627680
4.863547758284600
3.836257309941520
2.808966861598440
1.781676413255360
0.754385964912281
8.974983755685511
10.000000000000000
7.949967511371020
6.924951267056530
5.899935022742040
4.874918778427550
3.849902534113060
2.824886289798570
1.799870045484080
0.774853801169591
8.977257959714100
10.000000000000000
7.954515919428200
6.931773879142300
5.909031838856400
4.886289798570500
3.863547758284600
2.840805717998700
1.818063677712800
0.795321637426901
8.979532163742689
10.000000000000000
7.959064327485380
6.938596491228070
5.918128654970760
4.897660818713450
3.877192982456140
2.856725146198830
1.836257309941520
0.815789473684211
8.981806367771281
10.000000000000000
7.963612735542560
6.945419103313840
5.927225471085120
4.909031838856400
3.890838206627680
2.872644574398960
1.854450942170240
0.836257309941520
8.984080571799870
10.000000000000000
7.968161143599740
6.952241715399610
5.936322287199480
4.920402858999350
3.904483430799220
2.888564002599090
1.872644574398960
0.856725146198831
8.986354775828460
10.000000000000000
7.972709551656920
6.959064327485380
5.945419103313840
4.931773879142300
3.918128654970760
2.904483430799220
1.890838206627680
0.877192982456140
8.988628979857049
10.000000000000000
7.977257959714100
6.965886939571150
5.954515919428200
4.943144899285250
3.931773879142300
2.920402858999350
1.909031838856400
0.897660818713450
8.990903183885640
10.000000000000000
7.981806367771280
6.972709551656920
5.963612735542560
4.954515919428200
3.945419103313840
2.936322287199480
1.927225471085120
0.918128654970760
8.993177387914230
10.000000000000000
7.986354775828460
6.979532163742690
5.972709551656920
4.965886939571150
3.959064327485380
2.952241715399610
1.945419103313840
0.938596491228070
8.995451591942819
10.000000000000000
7.990903183885640
6.986354775828460
5.981806367771280
4.977257959714100
3.972709551656920
2.968161143599740
1.963612735542560
0.959064327485380
8.997725795971411
10.000000000000000
7.995451591942820
6.993177387914230
5.990903183885640
4.988628979857050
3.986354775828460
2.984080571799870
1.981806367771280
0.979532163742690
9.000000000000000
10.000000000000000
8.000000000000000
7.000000000000000
6.000000000000000
5.000000000000000
4.000000000000000
3.000000000000000
2.000000000000000
1.000000000000000
10.000000000000000
8.950617283950621
8.950617283950610
10.000000000000000
7.901234567901230
7.901234567901230
6.851851851851850
6.851851851851840
5.802469135802470
5.802469135802470
4.753086419753090
4.753086419753090
3.703703703703700
3.703703703703700
2.654320987654320
2.654320987654320
1.604938271604940
1.604938271604940
0.555555555555556
0.555555555555556
8.953216374268999
10.000000000000000
7.906432748538010
6.859649122807010
5.812865497076020
4.766081871345030
3.719298245614030
2.672514619883040
1.625730994152050
0.578947368421053
8.955815464587390
10.000000000000000
7.911630929174780
6.867446393762180
5.823261858349580
4.779077322936970
3.734892787524370
2.690708252111760
1.646523716699150
0.602339181286550
8.958414554905779
10.000000000000000
7.916829109811560
6.875243664717350
5.833658219623130
4.792072774528910
3.750487329434700
2.708901884340480
1.667316439246260
0.625730994152047
8.961013645224179
10.000000000000000
7.922027290448340
6.883040935672510
5.844054580896690
4.805068226120860
3.766081871345030
2.727095516569200
1.688109161793370
0.649122807017544
8.963612735542560
10.000000000000000
7.927225471085120
6.890838206627670
5.854450942170240
4.818063677712800
3.781676413255360
2.745289148797920
1.708901884340480
0.672514619883041
8.966211825860940
10.000000000000000
7.932423651721890
6.898635477582840
5.864847303443790
4.831059129304740
3.797270955165690
2.763482781026640
1.729694606887590
0.695906432748538
8.968810916179329
10.000000000000000
7.937621832358670
6.906432748538010
5.875243664717350
4.844054580896690
3.812865497076020
2.781676413255360
1.750487329434700
0.719298245614035
8.971410006497720
10.000000000000000
7.942820012995450
6.914230019493170
5.885640025990900
4.857050032488630
3.828460038986360
2.799870045484080
1.771280051981810
0.742690058479532
8.974009096816109
10.000000000000000
7.948018193632220
6.922027290448340
5.896036387264460
4.870045484080570
3.844054580896690
2.818063677712800
1.792072774528910
0.766081871345029
8.976608187134500
10.000000000000000
7.953216374269000
6.929824561403510
5.906432748538010
4.883040935672510
3.859649122807020
2.836257309941520
1.812865497076020
0.789473684210527
8.979207277452890
10.000000000000000
7.958414554905780
6.937621832358670
5.916829109811570
4.896036387264460
3.875243664717350
2.854450942170240
1.833658219623130
0.812865497076023
8.981806367771281
10.000000000000000
7.963612735542560
6.945419103313840
5.927225471085120
4.909031838856400
3.890838206627680
2.872644574398960
1.854450942170240
0.836257309941521
8.984405458089670
10.000000000000000
7.968810916179330
6.953216374269000
5.937621832358670
4.922027290448340
3.906432748538010
2.890838206627680
1.875243664717350
0.859649122807017
8.987004548408050
10.000000000000000
7.974009096816110
6.961013645224170
5.948018193632230
4.935022742040290
3.922027290448340
2.909031838856400
1.896036387264460
0.883040935672515
8.989603638726440
10.000000000000000
7.979207277452890
6.968810916179340
5.958414554905780
4.948018193632230
3.937621832358670
2.927225471085120
1.916829109811570
0.906432748538012
8.992202729044831
10.000000000000000
7.984405458089660
6.976608187134500
5.968810916179340
4.961013645224170
3.953216374269000
2.945419103313840
1.937621832358670
0.929824561403508
8.994801819363230
10.000000000000000
7.989603638726440
6.984405458089670
5.979207277452890
4.974009096816110
3.968810916179340
2.963612735542560
1.958414554905780
0.953216374269006
8.997400909681611
10.000000000000000
7.994801819363220
6.992202729044830
5.989603638726450
4.987004548408060
3.984405458089670
2.981806367771280
1.979207277452890
0.976608187134503
9.000000000000000
10.000000000000000
8.000000000000000
7.000000000000000
6.000000000000000
5.000000000000000
4.000000000000000
3.000000000000000
2.000000000000000
1.000000000000000
10.000000000000000
8.944444444444439
8.944444444444439
10.000000000000000
7.888888888888890
7.888888888888890
6.833333333333330
6.833333333333330
5.777777777777780
5.777777777777780
4.722222222222220
4.722222222222220
3.666666666666670
3.666666666666670
2.611111111111110
2.611111111111110
1.555555555555550
1.555555555555550
8.947368421052619
10.000000000000000
7.894736842105260
6.842105263157890
5.789473684210520
4.736842105263160
3.684210526315790
2.631578947368420
1.578947368421050
0.526315789473684
8.950292397660810
10.000000000000000
7.900584795321640
6.850877192982450
5.801169590643280
4.751461988304090
3.701754385964910
2.652046783625730
1.602339181286550
0.552631578947368
8.953216374268999
10.000000000000000
7.906432748538010
6.859649122807020
5.812865497076020
4.766081871345030
3.719298245614030
2.672514619883040
1.625730994152050
0.578947368421053
8.956140350877201
10.000000000000000
7.912280701754390
6.868421052631580
5.824561403508770
4.780701754385960
3.736842105263160
2.692982456140350
1.649122807017540
0.605263157894737
8.959064327485381
10.000000000000000
7.918128654970760
6.877192982456140
5.836257309941520
4.795321637426900
3.754385964912280
2.713450292397660
1.672514619883040
0.631578947368421
8.961988304093561
10.000000000000000
7.923976608187130
6.885964912280700
5.847953216374270
4.809941520467840
3.771929824561400
2.733918128654970
1.695906432748540
0.657894736842105
8.964912280701750
10.000000000000000
7.929824561403510
6.894736842105270
5.859649122807020
4.824561403508770
3.789473684210520
2.754385964912280
1.719298245614030
0.684210526315789
8.967836257309941
10.000000000000000
7.935672514619880
6.903508771929820
5.871345029239770
4.839181286549710
3.807017543859650
2.774853801169590
1.742690058479530
0.710526315789473
8.970760233918121
10.000000000000000
7.941520467836250
6.912280701754390
5.883040935672520
4.853801169590640
3.824561403508770
2.795321637426900
1.766081871345030
0.736842105263158
8.973684210526310
10.000000000000000
7.947368421052630
6.921052631578950
5.894736842105260
4.868421052631580
3.842105263157890
2.815789473684210
1.789473684210530
0.763157894736842
8.976608187134500
10.000000000000000
7.953216374269010
6.929824561403510
5.906432748538010
4.883040935672510
3.859649122807020
2.836257309941520
1.812865497076020
0.789473684210526
8.979532163742689
10.000000000000000
7.959064327485380
6.938596491228070
5.918128654970760
4.897660818713450
3.877192982456140
2.856725146198830
1.836257309941520
0.815789473684211
8.982456140350870
10.000000000000000
7.964912280701760
6.947368421052630
5.929824561403510
4.912280701754390
3.894736842105260
2.877192982456140
1.859649122807020
0.842105263157895
8.985380116959060
10.000000000000000
7.970760233918130
6.956140350877200
5.941520467836260
4.926900584795320
3.912280701754390
2.897660818713450
1.883040935672510
0.868421052631579
8.988304093567249
10.000000000000000
7.976608187134500
6.964912280701750
5.953216374269010
4.941520467836260
3.929824561403510
2.918128654970760
1.906432748538010
0.894736842105263
8.991228070175440
10.000000000000000
7.982456140350880
6.973684210526320
5.964912280701750
4.956140350877190
3.947368421052630
2.938596491228070
1.929824561403510
0.921052631578947
8.994152046783620
10.000000000000000
7.988304093567250
6.982456140350880
5.976608187134500
4.970760233918130
3.964912280701750
2.959064327485380
1.953216374269010
0.947368421052631
8.997076023391809
10.000000000000000
7.994152046783620
6.991228070175440
5.988304093567250
4.985380116959070
3.982456140350880
2.979532163742690
1.976608187134500
0.973684210526316
9.000000000000000
10.000000000000000
8.000000000000000
7.000000000000000
6.000000000000000
5.000000000000000
4.000000000000000
3.000000000000000
2.000000000000000
1.000000000000000
10.000000000000000
9.000000000000000
10.000000000000000
8.993827160493820
10.000000000000000
9.000000000000000
10.000000000000000
8.994152046783620
10.000000000000000
9.000000000000000
10.000000000000000
8.994476933073420
10.000000000000000
9.000000000000000
10.000000000000000
8.994801819363220
10.000000000000000
9.000000000000000
10.000000000000000
8.995126705653020
10.000000000000000
9.000000000000000
10.000000000000000
8.995451591942819
10.000000000000000
9.000000000000000
10.000000000000000
8.995776478232621
10.000000000000000
9.000000000000000
10.000000000000000
8.996101364522421
10.000000000000000
9.000000000000000
10.000000000000000
8.996426250812220
10.000000000000000
9.000000000000000
10.000000000000000
8.996751137102020
10.000000000000000
9.000000000000000
10.000000000000000
8.997076023391809
10.000000000000000
9.000000000000000
10.000000000000000
8.997400909681611
10.000000000000000
9.000000000000000
10.000000000000000
8.997725795971411
10.000000000000000
9.000000000000000
10.000000000000000
8.998050682261210
10.000000000000000
9.000000000000000
10.000000000000000
8.998375568551010
10.000000000000000
9.000000000000000
10.000000000000000
8.998700454840810
10.000000000000000
9.000000000000000
10.000000000000000
8.999025341130610
10.000000000000000
9.000000000000000
10.000000000000000
8.999350227420409
10.000000000000000
9.000000000000000
10.000000000000000
8.999675113710200
10.000000000000000
9.000000000000000
10.000000000000000
9.000000000000000
8.000000000000000
7.987654320987650
8.000000000000000
7.988304093567250
8.000000000000000
7.988953866146840
8.000000000000000
7.989603638726440
8.000000000000000
7.990253411306040
8.000000000000000
7.990903183885640
8.000000000000000
7.991552956465240
8.000000000000000
7.992202729044830
8.000000000000000
7.992852501624430
8.000000000000000
7.993502274204030
8.000000000000000
7.994152046783620
8.000000000000000
7.994801819363220
8.000000000000000
7.995451591942820
8.000000000000000
7.996101364522420
8.000000000000000
7.996751137102010
8.000000000000000
7.997400909681610
8.000000000000000
7.998050682261210
8.000000000000000
7.998700454840800
8.000000000000000
7.999350227420400
8.000000000000000
8.000000000000000
7.000000000000000
6.981481481481480
7.000000000000000
6.982456140350880
7.000000000000000
6.983430799220280
7.000000000000000
6.984405458089670
7.000000000000000
6.985380116959070
7.000000000000000
6.986354775828460
7.000000000000000
6.987329434697860
7.000000000000000
6.988304093567250
7.000000000000000
6.989278752436650
7.000000000000000
6.990253411306050
7.000000000000000
6.991228070175440
7.000000000000000
6.992202729044830
7.000000000000000
6.993177387914230
7.000000000000000
6.994152046783630
7.000000000000000
6.995126705653020
7.000000000000000
6.996101364522420
7.000000000000000
6.997076023391820
7.000000000000000
6.998050682261210
7.000000000000000
6.999025341130610
7.000000000000000
7.000000000000000
6.000000000000000
5.975308641975310
6.000000000000000
5.976608187134500
6.000000000000000
5.977907732293700
6.000000000000000
5.979207277452890
6.000000000000000
5.980506822612080
6.000000000000000
5.981806367771280
6.000000000000000
5.983105912930480
6.000000000000000
5.984405458089670
6.000000000000000
5.985705003248860
6.000000000000000
5.987004548408060
6.000000000000000
5.988304093567250
6.000000000000000
5.989603638726450
6.000000000000000
5.990903183885640
6.000000000000000
5.992202729044830
6.000000000000000
5.993502274204030
6.000000000000000
5.994801819363220
6.000000000000000
5.996101364522420
6.000000000000000
5.997400909681610
6.000000000000000
5.998700454840810
6.000000000000000
6.000000000000000
5.000000000000000
4.969135802469140
5.000000000000000
4.970760233918130
5.000000000000000
4.972384665367120
5.000000000000000
4.974009096816110
5.000000000000000
4.975633528265110
5.000000000000000
4.977257959714100
5.000000000000000
4.978882391163090
5.000000000000000
4.980506822612080
5.000000000000000
4.982131254061080
5.000000000000000
4.983755685510070
5.000000000000000
4.985380116959060
5.000000000000000
4.987004548408060
5.000000000000000
4.988628979857050
5.000000000000000
4.990253411306040
5.000000000000000
4.991877842755040
5.000000000000000
4.993502274204030
5.000000000000000
4.995126705653020
5.000000000000000
4.996751137102010
5.000000000000000
4.998375568551010
5.000000000000000
5.000000000000000
4.000000000000000
3.962962962962960
4.000000000000000
3.964912280701750
4.000000000000000
3.966861598440550
4.000000000000000
3.968810916179340
4.000000000000000
3.970760233918130
4.000000000000000
3.972709551656920
4.000000000000000
3.974658869395710
4.000000000000000
3.976608187134500
4.000000000000000
3.978557504873290
4.000000000000000
3.980506822612090
4.000000000000000
3.982456140350880
4.000000000000000
3.984405458089670
4.000000000000000
3.986354775828460
4.000000000000000
3.988304093567250
4.000000000000000
3.990253411306040
4.000000000000000
3.992202729044830
4.000000000000000
3.994152046783620
4.000000000000000
3.996101364522420
4.000000000000000
3.998050682261210
4.000000000000000
4.000000000000000
3.000000000000000
2.956790123456790
3.000000000000000
2.959064327485380
3.000000000000000
2.961338531513970
3.000000000000000
2.963612735542560
3.000000000000000
2.965886939571150
3.000000000000000
2.968161143599740
3.000000000000000
2.970435347628330
3.000000000000000
2.972709551656920
3.000000000000000
2.974983755685510
3.000000000000000
2.977257959714100
3.000000000000000
2.979532163742690
3.000000000000000
2.981806367771280
3.000000000000000
2.984080571799870
3.000000000000000
2.986354775828460
3.000000000000000
2.988628979857050
3.000000000000000
2.990903183885640
3.000000000000000
2.993177387914230
3.000000000000000
2.995451591942820
3.000000000000000
2.997725795971410
3.000000000000000
3.000000000000000
2.000000000000000
1.950617283950620
2.000000000000000
1.953216374269010
2.000000000000000
1.955815464587400
2.000000000000000
1.958414554905780
2.000000000000000
1.961013645224170
2.000000000000000
1.963612735542560
2.000000000000000
1.966211825860950
2.000000000000000
1.968810916179340
2.000000000000000
1.971410006497730
2.000000000000000
1.974009096816110
2.000000000000000
1.976608187134500
2.000000000000000
1.979207277452890
2.000000000000000
1.981806367771280
2.000000000000000
1.984405458089670
2.000000000000000
1.987004548408060
2.000000000000000
1.989603638726450
2.000000000000000
1.992202729044830
2.000000000000000
1.994801819363220
2.000000000000000
1.997400909681610
2.000000000000000
2.000000000000000
1.000000000000000
0.944444444444444
1.000000000000000
0.947368421052631
1.000000000000000
0.950292397660819
1.000000000000000
0.953216374269006
1.000000000000000
0.956140350877193
1.000000000000000
0.959064327485380
1.000000000000000
0.961988304093567
1.000000000000000
0.964912280701754
1.000000000000000
0.967836257309941
1.000000000000000
0.970760233918128
1.000000000000000
0.973684210526315
1.000000000000000
0.976608187134502
1.000000000000000
0.979532163742690
1.000000000000000
0.982456140350877
1.000000000000000
0.985380116959064
1.000000000000000
0.988304093567251
1.000000000000000
0.991228070175439
1.000000000000000
0.994152046783625
1.000000000000000
0.997076023391813
1.000000000000000
1.000000000000000
10.000000000000000
8.987654320987650
10.000000000000000
8.988304093567240
10.000000000000000
8.988953866146840
10.000000000000000
8.989603638726440
10.000000000000000
8.990253411306041
10.000000000000000
8.990903183885630
10.000000000000000
8.991552956465229
10.000000000000000
8.992202729044831
10.000000000000000
8.992852501624430
10.000000000000000
8.993502274204030
10.000000000000000
8.994152046783620
10.000000000000000
8.994801819363220
10.000000000000000
8.995451591942819
10.000000000000000
8.996101364522421
10.000000000000000
8.996751137102009
10.000000000000000
8.997400909681611
10.000000000000000
8.998050682261200
10.000000000000000
8.998700454840810
10.000000000000000
8.999350227420400
10.000000000000000
9.000000000000000
7.975308641975300
7.976608187134500
7.977907732293690
7.979207277452890
7.980506822612080
7.981806367771280
7.983105912930470
7.984405458089660
7.985705003248860
7.987004548408050
7.988304093567250
7.989603638726450
7.990903183885640
7.992202729044830
7.993502274204030
7.994801819363220
7.996101364522420
7.997400909681610
7.998700454840800
8.000000000000000
6.962962962962960
6.964912280701760
6.966861598440550
6.968810916179340
6.970760233918130
6.972709551656920
6.974658869395710
6.976608187134500
6.978557504873300
6.980506822612090
6.982456140350880
6.984405458089670
6.986354775828460
6.988304093567260
6.990253411306050
6.992202729044840
6.994152046783630
6.996101364522420
6.998050682261210
7.000000000000000
5.950617283950620
5.953216374269000
5.955815464587390
5.958414554905780
5.961013645224170
5.963612735542560
5.966211825860950
5.968810916179340
5.971410006497720
5.974009096816110
5.976608187134500
5.979207277452890
5.981806367771280
5.984405458089670
5.987004548408060
5.989603638726450
5.992202729044830
5.994801819363220
5.997400909681610
6.000000000000000
4.938271604938270
4.941520467836260
4.944769330734240
4.948018193632230
4.951267056530220
4.954515919428200
4.957764782326180
4.961013645224170
4.964262508122160
4.967511371020140
4.970760233918130
4.974009096816120
4.977257959714100
4.980506822612090
4.983755685510070
4.987004548408060
4.990253411306040
4.993502274204030
4.996751137102010
5.000000000000000
3.925925925925930
3.929824561403510
3.933723196881090
3.937621832358670
3.941520467836260
3.945419103313840
3.949317738791420
3.953216374269000
3.957115009746590
3.961013645224170
3.964912280701750
3.968810916179340
3.972709551656920
3.976608187134500
3.980506822612090
3.984405458089670
3.988304093567250
3.992202729044830
3.996101364522420
4.000000000000000
2.913580246913580
2.918128654970760
2.922677063027940
2.927225471085120
2.931773879142300
2.936322287199480
2.940870695256660
2.945419103313840
2.949967511371020
2.954515919428200
2.959064327485380
2.963612735542560
2.968161143599740
2.972709551656920
2.977257959714100
2.981806367771280
2.986354775828460
2.990903183885640
2.995451591942820
3.000000000000000
1.901234567901230
1.906432748538010
1.911630929174790
1.916829109811570
1.922027290448340
1.927225471085120
1.932423651721900
1.937621832358670
1.942820012995450
1.948018193632230
1.953216374269010
1.958414554905780
1.963612735542560
1.968810916179340
1.974009096816110
1.979207277452890
1.984405458089670
1.989603638726440
1.994801819363220
2.000000000000000
0.888888888888889
0.894736842105263
0.900584795321637
0.906432748538011
0.912280701754386
0.918128654970760
0.923976608187134
0.929824561403509
0.935672514619883
0.941520467836257
0.947368421052631
0.953216374269006
0.959064327485380
0.964912280701754
0.970760233918128
0.976608187134503
0.982456140350877
0.988304093567251
0.994152046783626
1.000000000000000
10.000000000000000
8.981481481481479
10.000000000000000
8.982456140350870
10.000000000000000
8.983430799220280
10.000000000000000
8.984405458089659
10.000000000000000
8.985380116959069
10.000000000000000
8.986354775828460
10.000000000000000
8.987329434697850
10.000000000000000
8.988304093567249
10.000000000000000
8.989278752436650
10.000000000000000
8.990253411306041
10.000000000000000
8.991228070175440
10.000000000000000
8.992202729044831
10.000000000000000
8.993177387914219
10.000000000000000
8.994152046783620
10.000000000000000
8.995126705653020
10.000000000000000
8.996101364522421
10.000000000000000
8.997076023391809
10.000000000000000
8.998050682261210
10.000000000000000
8.999025341130601
10.000000000000000
9.000000000000000
7.962962962962960
7.964912280701750
7.966861598440540
7.968810916179330
7.970760233918120
7.972709551656910
7.974658869395710
7.976608187134500
7.978557504873290
7.980506822612080
7.982456140350870
7.984405458089660
7.986354775828460
7.988304093567250
7.990253411306050
7.992202729044830
7.994152046783620
7.996101364522420
7.998050682261210
8.000000000000000
6.944444444444440
6.947368421052630
6.950292397660820
6.953216374269010
6.956140350877190
6.959064327485380
6.961988304093570
6.964912280701760
6.967836257309940
6.970760233918130
6.973684210526320
6.976608187134500
6.979532163742690
6.982456140350880
6.985380116959070
6.988304093567250
6.991228070175440
6.994152046783620
6.997076023391810
7.000000000000000
5.925925925925930
5.929824561403510
5.933723196881090
5.937621832358680
5.941520467836260
5.945419103313840
5.949317738791420
5.953216374269000
5.957115009746590
5.961013645224170
5.964912280701750
5.968810916179340
5.972709551656920
5.976608187134500
5.980506822612090
5.984405458089670
5.988304093567250
5.992202729044830
5.996101364522420
6.000000000000000
4.907407407407410
4.912280701754390
4.917153996101370
4.922027290448340
4.926900584795320
4.931773879142300
4.936647173489280
4.941520467836260
4.946393762183240
4.951267056530220
4.956140350877190
4.961013645224170
4.965886939571150
4.970760233918130
4.975633528265110
4.980506822612090
4.985380116959060
4.990253411306040
4.995126705653020
5.000000000000000
3.888888888888890
3.894736842105260
3.900584795321640
3.906432748538010
3.912280701754390
3.918128654970760
3.923976608187140
3.929824561403510
3.935672514619880
3.941520467836260
3.947368421052630
3.953216374269010
3.959064327485380
3.964912280701750
3.970760233918130
3.976608187134500
3.982456140350880
3.988304093567250
3.994152046783630
4.000000000000000
2.870370370370370
2.877192982456140
2.884015594541910
2.890838206627680
2.897660818713450
2.904483430799220
2.911306042884990
2.918128654970760
2.924951267056530
2.931773879142300
2.938596491228070
2.945419103313840
2.952241715399610
2.959064327485380
2.965886939571150
2.972709551656920
2.979532163742690
2.986354775828460
2.993177387914230
3.000000000000000
1.851851851851850
1.859649122807020
1.867446393762180
1.875243664717350
1.883040935672510
1.890838206627680
1.898635477582850
1.906432748538010
1.914230019493180
1.922027290448340
1.929824561403510
1.937621832358670
1.945419103313840
1.953216374269010
1.961013645224170
1.968810916179340
1.976608187134500
1.984405458089670
1.992202729044830
2.000000000000000
0.833333333333333
0.842105263157894
0.850877192982456
0.859649122807017
0.868421052631579
0.877192982456140
0.885964912280702
0.894736842105263
0.903508771929825
0.912280701754386
0.921052631578947
0.929824561403509
0.938596491228070
0.947368421052632
0.956140350877193
0.964912280701754
0.973684210526316
0.982456140350877
0.991228070175439
1.000000000000000
10.000000000000000
8.975308641975300
10.000000000000000
8.976608187134500
10.000000000000000
8.977907732293691
10.000000000000000
8.979207277452890
10.000000000000000
8.980506822612091
10.000000000000000
8.981806367771281
10.000000000000000
8.983105912930469
10.000000000000000
8.984405458089670
10.000000000000000
8.985705003248860
10.000000000000000
8.987004548408059
10.000000000000000
8.988304093567249
10.000000000000000
8.989603638726440
10.000000000000000
8.990903183885640
10.000000000000000
8.992202729044839
10.000000000000000
8.993502274204030
10.000000000000000
8.994801819363220
10.000000000000000
8.996101364522410
10.000000000000000
8.997400909681611
10.000000000000000
8.998700454840810
10.000000000000000
9.000000000000000
7.950617283950610
7.953216374269000
7.955815464587390
7.958414554905780
7.961013645224170
7.963612735542560
7.966211825860950
7.968810916179330
7.971410006497720
7.974009096816110
7.976608187134500
7.979207277452890
7.981806367771280
7.984405458089670
7.987004548408050
7.989603638726440
7.992202729044830
7.994801819363220
7.997400909681610
8.000000000000000
6.925925925925920
6.929824561403510
6.933723196881090
6.937621832358670
6.941520467836260
6.945419103313840
6.949317738791420
6.953216374269000
6.957115009746590
6.961013645224170
6.964912280701760
6.968810916179330
6.972709551656920
6.976608187134500
6.980506822612090
6.984405458089670
6.988304093567250
6.992202729044830
6.996101364522420
7.000000000000000
5.901234567901230
5.906432748538010
5.911630929174790
5.916829109811560
5.922027290448340
5.927225471085120
5.932423651721900
5.937621832358670
5.942820012995450
5.948018193632230
5.953216374269010
5.958414554905780
5.963612735542560
5.968810916179330
5.974009096816110
5.979207277452890
5.984405458089670
5.989603638726450
5.994801819363220
6.000000000000000
4.876543209876540
4.883040935672520
4.889538661468480
4.896036387264460
4.902534113060430
4.909031838856400
4.915529564652370
4.922027290448340
4.928525016244320
4.935022742040290
4.941520467836260
4.948018193632230
4.954515919428200
4.961013645224170
4.967511371020140
4.974009096816110
4.980506822612090
4.987004548408060
4.993502274204030
5.000000000000000
3.851851851851850
3.859649122807020
3.867446393762180
3.875243664717350
3.883040935672520
3.890838206627680
3.898635477582850
3.906432748538010
3.914230019493180
3.922027290448340
3.929824561403510
3.937621832358670
3.945419103313840
3.953216374269010
3.961013645224170
3.968810916179340
3.976608187134500
3.984405458089670
3.992202729044830
4.000000000000000
2.827160493827160
2.836257309941520
2.845354126055880
2.854450942170240
2.863547758284600
2.872644574398960
2.881741390513320
2.890838206627680
2.899935022742040
2.909031838856400
2.918128654970760
2.927225471085120
2.936322287199480
2.945419103313840
2.954515919428200
2.963612735542560
2.972709551656920
2.981806367771280
2.990903183885640
3.000000000000000
1.802469135802470
1.812865497076020
1.823261858349580
1.833658219623130
1.844054580896690
1.854450942170240
1.864847303443790
1.875243664717350
1.885640025990900
1.896036387264460
1.906432748538010
1.916829109811560
1.927225471085120
1.937621832358670
1.948018193632230
1.958414554905780
1.968810916179340
1.979207277452890
1.989603638726450
2.000000000000000
0.777777777777777
0.789473684210526
0.801169590643274
0.812865497076023
0.824561403508772
0.836257309941520
0.847953216374269
0.859649122807017
0.871345029239766
0.883040935672514
0.894736842105263
0.906432748538011
0.918128654970760
0.929824561403509
0.941520467836257
0.953216374269006
0.964912280701754
0.976608187134503
0.988304093567251
1.000000000000000
10.000000000000000
8.969135802469131
10.000000000000000
8.970760233918130
10.000000000000000
8.972384665367120
10.000000000000000
8.974009096816109
10.000000000000000
8.975633528265110
10.000000000000000
8.977257959714100
10.000000000000000
8.978882391163090
10.000000000000000
8.980506822612091
10.000000000000000
8.982131254061080
10.000000000000000
8.983755685510070
10.000000000000000
8.985380116959060
10.000000000000000
8.987004548408059
10.000000000000000
8.988628979857049
10.000000000000000
8.990253411306041
10.000000000000000
8.991877842755040
10.000000000000000
8.993502274204030
10.000000000000000
8.995126705653020
10.000000000000000
8.996751137102020
10.000000000000000
8.998375568551010
10.000000000000000
9.000000000000000
7.938271604938270
7.941520467836260
7.944769330734240
7.948018193632230
7.951267056530210
7.954515919428200
7.957764782326190
7.961013645224170
7.964262508122160
7.967511371020140
7.970760233918130
7.974009096816110
7.977257959714100
7.980506822612090
7.983755685510070
7.987004548408060
7.990253411306040
7.993502274204030
7.996751137102010
8.000000000000000
6.907407407407410
6.912280701754380
6.917153996101370
6.922027290448350
6.926900584795320
6.931773879142300
6.936647173489280
6.941520467836260
6.946393762183240
6.951267056530220
6.956140350877200
6.961013645224170
6.965886939571150
6.970760233918130
6.975633528265110
6.980506822612090
6.985380116959070
6.990253411306050
6.995126705653020
7.000000000000000
5.876543209876540
5.883040935672520
5.889538661468490
5.896036387264460
5.902534113060430
5.909031838856400
5.915529564652370
5.922027290448340
5.928525016244310
5.935022742040290
5.941520467836260
5.948018193632230
5.954515919428200
5.961013645224170
5.967511371020140
5.974009096816110
5.980506822612080
5.987004548408050
5.993502274204030
6.000000000000000
4.845679012345680
4.853801169590640
4.861923326835610
4.870045484080570
4.878167641325540
4.886289798570500
4.894411955815460
4.902534113060430
4.910656270305390
4.918778427550360
4.926900584795320
4.935022742040290
4.943144899285250
4.951267056530210
4.959389213775180
4.967511371020140
4.975633528265110
4.983755685510070
4.991877842755040
5.000000000000000
3.814814814814810
3.824561403508770
3.834307992202730
3.844054580896680
3.853801169590640
3.863547758284600
3.873294346978560
3.883040935672510
3.892787524366470
3.902534113060430
3.912280701754380
3.922027290448340
3.931773879142300
3.941520467836260
3.951267056530210
3.961013645224170
3.970760233918130
3.980506822612090
3.990253411306040
4.000000000000000
2.783950617283950
2.795321637426900
2.806692657569850
2.818063677712800
2.829434697855750
2.840805717998700
2.852176738141650
2.863547758284600
2.874918778427550
2.886289798570500
2.897660818713450
2.909031838856400
2.920402858999350
2.931773879142300
2.943144899285250
2.954515919428200
2.965886939571150
2.977257959714100
2.988628979857050
3.000000000000000
1.753086419753090
1.766081871345030
1.779077322936970
1.792072774528910
1.805068226120860
1.818063677712800
1.831059129304740
1.844054580896690
1.857050032488630
1.870045484080570
1.883040935672510
1.896036387264460
1.909031838856400
1.922027290448340
1.935022742040290
1.948018193632230
1.961013645224170
1.974009096816110
1.987004548408060
2.000000000000000
0.722222222222222
0.736842105263157
0.751461988304093
0.766081871345029
0.780701754385965
0.795321637426900
0.809941520467836
0.824561403508771
0.839181286549707
0.853801169590643
0.868421052631579
0.883040935672514
0.897660818713450
0.912280701754386
0.926900584795322
0.941520467836257
0.956140350877193
0.970760233918128
0.985380116959065
1.000000000000000
10.000000000000000
8.962962962962971
10.000000000000000
8.964912280701750
10.000000000000000
8.966861598440540
10.000000000000000
8.968810916179340
10.000000000000000
8.970760233918130
10.000000000000000
8.972709551656919
10.000000000000000
8.974658869395711
10.000000000000000
8.976608187134509
10.000000000000000
8.978557504873290
10.000000000000000
8.980506822612091
10.000000000000000
8.982456140350880
10.000000000000000
8.984405458089670
10.000000000000000
8.986354775828460
10.000000000000000
8.988304093567249
10.000000000000000
8.990253411306041
10.000000000000000
8.992202729044839
10.000000000000000
8.994152046783629
10.000000000000000
8.996101364522421
10.000000000000000
8.998050682261210
10.000000000000000
9.000000000000000
7.925925925925920
7.929824561403500
7.933723196881080
7.937621832358670
7.941520467836250
7.945419103313830
7.949317738791420
7.953216374269000
7.957115009746580
7.961013645224170
7.964912280701750
7.968810916179330
7.972709551656920
7.976608187134500
7.980506822612080
7.984405458089670
7.988304093567250
7.992202729044830
7.996101364522420
8.000000000000000
6.888888888888880
6.894736842105260
6.900584795321640
6.906432748538010
6.912280701754380
6.918128654970760
6.923976608187130
6.929824561403510
6.935672514619880
6.941520467836260
6.947368421052630
6.953216374269000
6.959064327485380
6.964912280701750
6.970760233918130
6.976608187134500
6.982456140350880
6.988304093567250
6.994152046783630
7.000000000000000
5.851851851851850
5.859649122807020
5.867446393762180
5.875243664717350
5.883040935672510
5.890838206627680
5.898635477582840
5.906432748538010
5.914230019493170
5.922027290448340
5.929824561403510
5.937621832358670
5.945419103313840
5.953216374269000
5.961013645224170
5.968810916179340
5.976608187134500
5.984405458089670
5.992202729044830
6.000000000000000
4.814814814814810
4.824561403508770
4.834307992202730
4.844054580896690
4.853801169590640
4.863547758284600
4.873294346978560
4.883040935672520
4.892787524366470
4.902534113060430
4.912280701754390
4.922027290448340
4.931773879142300
4.941520467836260
4.951267056530210
4.961013645224170
4.970760233918130
4.980506822612090
4.990253411306040
5.000000000000000
3.777777777777780
3.789473684210530
3.801169590643280
3.812865497076020
3.824561403508770
3.836257309941520
3.847953216374270
3.859649122807020
3.871345029239770
3.883040935672510
3.894736842105260
3.906432748538010
3.918128654970760
3.929824561403510
3.941520467836260
3.953216374269010
3.964912280701750
3.976608187134500
3.988304093567250
4.000000000000000
2.740740740740740
2.754385964912280
2.768031189083820
2.781676413255360
2.795321637426900
2.808966861598440
2.822612085769980
2.836257309941520
2.849902534113060
2.863547758284600
2.877192982456140
2.890838206627680
2.904483430799220
2.918128654970760
2.931773879142300
2.945419103313840
2.959064327485380
2.972709551656920
2.986354775828460
3.000000000000000
1.703703703703700
1.719298245614040
1.734892787524370
1.750487329434700
1.766081871345030
1.781676413255360
1.797270955165690
1.812865497076020
1.828460038986360
1.844054580896690
1.859649122807020
1.875243664717350
1.890838206627680
1.906432748538010
1.922027290448340
1.937621832358670
1.953216374269000
1.968810916179340
1.984405458089670
2.000000000000000
0.666666666666666
0.684210526315789
0.701754385964912
0.719298245614035
0.736842105263158
0.754385964912280
0.771929824561403
0.789473684210526
0.807017543859649
0.824561403508772
0.842105263157894
0.859649122807018
0.877192982456140
0.894736842105263
0.912280701754386
0.929824561403509
0.947368421052631
0.964912280701754
0.982456140350877
1.000000000000000
10.000000000000000
8.956790123456781
10.000000000000000
8.959064327485381
10.000000000000000
8.961338531513960
10.000000000000000
8.963612735542560
10.000000000000000
8.965886939571149
10.000000000000000
8.968161143599740
10.000000000000000
8.970435347628319
10.000000000000000
8.972709551656919
10.000000000000000
8.974983755685511
10.000000000000000
8.977257959714100
10.000000000000000
8.979532163742689
10.000000000000000
8.981806367771281
10.000000000000000
8.984080571799881
10.000000000000000
8.986354775828460
10.000000000000000
8.988628979857049
10.000000000000000
8.990903183885640
10.000000000000000
8.993177387914230
10.000000000000000
8.995451591942819
10.000000000000000
8.997725795971411
10.000000000000000
9.000000000000000
7.913580246913580
7.918128654970760
7.922677063027940
7.927225471085120
7.931773879142300
7.936322287199480
7.940870695256660
7.945419103313840
7.949967511371020
7.954515919428200
7.959064327485380
7.963612735542560
7.968161143599740
7.972709551656920
7.977257959714100
7.981806367771280
7.986354775828460
7.990903183885640
7.995451591942820
8.000000000000000
6.870370370370370
6.877192982456140
6.884015594541910
6.890838206627680
6.897660818713450
6.904483430799220
6.911306042884990
6.918128654970760
6.924951267056530
6.931773879142300
6.938596491228070
6.945419103313840
6.952241715399610
6.959064327485380
6.965886939571150
6.972709551656920
6.979532163742690
6.986354775828460
6.993177387914230
7.000000000000000
5.827160493827160
5.836257309941520
5.845354126055880
5.854450942170240
5.863547758284600
5.872644574398960
5.881741390513320
5.890838206627680
5.899935022742040
5.909031838856400
5.918128654970760
5.927225471085120
5.936322287199480
5.945419103313840
5.954515919428200
5.963612735542560
5.972709551656920
5.981806367771280
5.990903183885640
6.000000000000000
4.783950617283950
4.795321637426900
4.806692657569850
4.818063677712800
4.829434697855750
4.840805717998700
4.852176738141650
4.863547758284600
4.874918778427550
4.886289798570500
4.897660818713450
4.909031838856400
4.920402858999350
4.931773879142300
4.943144899285250
4.954515919428200
4.965886939571150
4.977257959714100
4.988628979857050
5.000000000000000
3.740740740740740
3.754385964912280
3.768031189083820
3.781676413255360
3.795321637426900
3.808966861598440
3.822612085769980
3.836257309941520
3.849902534113060
3.863547758284600
3.877192982456140
3.890838206627680
3.904483430799220
3.918128654970760
3.931773879142300
3.945419103313840
3.959064327485380
3.972709551656920
3.986354775828460
4.000000000000000
2.697530864197530
2.713450292397660
2.729369720597790
2.745289148797920
2.761208576998050
2.777128005198180
2.793047433398310
2.808966861598440
2.824886289798570
2.840805717998700
2.856725146198830
2.872644574398960
2.888564002599090
2.904483430799220
2.920402858999350
2.936322287199480
2.952241715399610
2.968161143599740
2.984080571799870
3.000000000000000
1.654320987654320
1.672514619883040
1.690708252111760
1.708901884340480
1.727095516569200
1.745289148797920
1.763482781026640
1.781676413255360
1.799870045484080
1.818063677712800
1.836257309941520
1.854450942170240
1.872644574398960
1.890838206627680
1.909031838856400
1.927225471085120
1.945419103313840
1.963612735542560
1.981806367771280
2.000000000000000
0.611111111111111
0.631578947368421
0.652046783625731
0.672514619883041
0.692982456140351
0.713450292397661
0.733918128654971
0.754385964912281
0.774853801169591
0.795321637426901
0.815789473684211
0.836257309941520
0.856725146198830
0.877192982456140
0.897660818713450
0.918128654970760
0.938596491228070
0.959064327485380
0.979532163742690
1.000000000000000
10.000000000000000
8.950617283950610
10.000000000000000
8.953216374268999
10.000000000000000
8.955815464587390
10.000000000000000
8.958414554905779
10.000000000000000
8.961013645224170
10.000000000000000
8.963612735542560
10.000000000000000
8.966211825860940
10.000000000000000
8.968810916179329
10.000000000000000
8.971410006497720
10.000000000000000
8.974009096816109
10.000000000000000
8.976608187134500
10.000000000000000
8.979207277452890
10.000000000000000
8.981806367771281
10.000000000000000
8.984405458089659
10.000000000000000
8.987004548408059
10.000000000000000
8.989603638726450
10.000000000000000
8.992202729044831
10.000000000000000
8.994801819363220
10.000000000000000
8.997400909681611
10.000000000000000
9.000000000000000
7.901234567901230
7.906432748538010
7.911630929174780
7.916829109811560
7.922027290448340
7.927225471085120
7.932423651721890
7.937621832358670
7.942820012995450
7.948018193632220
7.953216374269000
7.958414554905780
7.963612735542560
7.968810916179330
7.974009096816110
7.979207277452890
7.984405458089660
7.989603638726440
7.994801819363220
8.000000000000000
6.851851851851840
6.859649122807010
6.867446393762180
6.875243664717350
6.883040935672510
6.890838206627680
6.898635477582840
6.906432748538010
6.914230019493170
6.922027290448340
6.929824561403510
6.937621832358670
6.945419103313840
6.953216374269010
6.961013645224170
6.968810916179340
6.976608187134500
6.984405458089670
6.992202729044830
7.000000000000000
5.802469135802470
5.812865497076020
5.823261858349580
5.833658219623130
5.844054580896690
5.854450942170240
5.864847303443790
5.875243664717350
5.885640025990900
5.896036387264460
5.906432748538010
5.916829109811560
5.927225471085120
5.937621832358670
5.948018193632230
5.958414554905780
5.968810916179340
5.979207277452890
5.989603638726440
6.000000000000000
4.753086419753090
4.766081871345030
4.779077322936970
4.792072774528910
4.805068226120860
4.818063677712800
4.831059129304740
4.844054580896690
4.857050032488630
4.870045484080570
4.883040935672510
4.896036387264460
4.909031838856400
4.922027290448340
4.935022742040290
4.948018193632230
4.961013645224170
4.974009096816110
4.987004548408060
5.000000000000000
3.703703703703700
3.719298245614040
3.734892787524370
3.750487329434700
3.766081871345030
3.781676413255360
3.797270955165690
3.812865497076020
3.828460038986350
3.844054580896690
3.859649122807020
3.875243664717350
3.890838206627680
3.906432748538010
3.922027290448340
3.937621832358670
3.953216374269000
3.968810916179340
3.984405458089670
4.000000000000000
2.654320987654320
2.672514619883040
2.690708252111760
2.708901884340480
2.727095516569200
2.745289148797920
2.763482781026640
2.781676413255360
2.799870045484080
2.818063677712800
2.836257309941520
2.854450942170240
2.872644574398960
2.890838206627680
2.909031838856400
2.927225471085120
2.945419103313840
2.963612735542560
2.981806367771280
3.000000000000000
1.604938271604940
1.625730994152050
1.646523716699150
1.667316439246260
1.688109161793370
1.708901884340480
1.729694606887590
1.750487329434700
1.771280051981810
1.792072774528910
1.812865497076020
1.833658219623130
1.854450942170240
1.875243664717350
1.896036387264460
1.916829109811570
1.937621832358670
1.958414554905780
1.979207277452890
2.000000000000000
0.555555555555556
0.578947368421052
0.602339181286550
0.625730994152047
0.649122807017544
0.672514619883041
0.695906432748538
0.719298245614035
0.742690058479532
0.766081871345029
0.789473684210526
0.812865497076023
0.836257309941520
0.859649122807017
0.883040935672514
0.906432748538012
0.929824561403508
0.953216374269006
0.976608187134503
1.000000000000000
10.000000000000000
8.944444444444439
10.000000000000000
8.947368421052619
10.000000000000000
8.950292397660810
10.000000000000000
8.953216374268999
10.000000000000000
8.956140350877190
10.000000000000000
8.959064327485381
10.000000000000000
8.961988304093561
10.000000000000000
8.964912280701750
10.000000000000000
8.967836257309941
10.000000000000000
8.970760233918130
10.000000000000000
8.973684210526310
10.000000000000000
8.976608187134500
10.000000000000000
8.979532163742689
10.000000000000000
8.982456140350870
10.000000000000000
8.985380116959060
10.000000000000000
8.988304093567249
10.000000000000000
8.991228070175429
10.000000000000000
8.994152046783620
10.000000000000000
8.997076023391809
10.000000000000000
9.000000000000000
7.888888888888890
7.894736842105260
7.900584795321640
7.906432748538010
7.912280701754390
7.918128654970760
7.923976608187130
7.929824561403510
7.935672514619880
7.941520467836250
7.947368421052630
7.953216374269010
7.959064327485380
7.964912280701750
7.970760233918130
7.976608187134500
7.982456140350880
7.988304093567250
7.994152046783620
8.000000000000000
6.833333333333330
6.842105263157890
6.850877192982450
6.859649122807010
6.868421052631570
6.877192982456140
6.885964912280700
6.894736842105260
6.903508771929820
6.912280701754380
6.921052631578950
6.929824561403510
6.938596491228070
6.947368421052630
6.956140350877190
6.964912280701750
6.973684210526320
6.982456140350880
6.991228070175440
7.000000000000000
5.777777777777780
5.789473684210530
5.801169590643280
5.812865497076020
5.824561403508770
5.836257309941520
5.847953216374270
5.859649122807020
5.871345029239770
5.883040935672510
5.894736842105260
5.906432748538010
5.918128654970760
5.929824561403510
5.941520467836260
5.953216374269010
5.964912280701750
5.976608187134500
5.988304093567250
6.000000000000000
4.722222222222220
4.736842105263160
4.751461988304090
4.766081871345030
4.780701754385960
4.795321637426900
4.809941520467840
4.824561403508770
4.839181286549710
4.853801169590640
4.868421052631580
4.883040935672520
4.897660818713450
4.912280701754390
4.926900584795320
4.941520467836260
4.956140350877200
4.970760233918130
4.985380116959060
5.000000000000000
3.666666666666670
3.684210526315790
3.701754385964910
3.719298245614030
3.736842105263160
3.754385964912280
3.771929824561400
3.789473684210530
3.807017543859650
3.824561403508770
3.842105263157890
3.859649122807020
3.877192982456140
3.894736842105260
3.912280701754390
3.929824561403510
3.947368421052630
3.964912280701750
3.982456140350880
4.000000000000000
2.611111111111110
2.631578947368420
2.652046783625730
2.672514619883040
2.692982456140350
2.713450292397660
2.733918128654970
2.754385964912280
2.774853801169590
2.795321637426900
2.815789473684210
2.836257309941520
2.856725146198830
2.877192982456140
2.897660818713450
2.918128654970760
2.938596491228070
2.959064327485380
2.979532163742690
3.000000000000000
1.555555555555550
1.578947368421050
1.602339181286550
1.625730994152050
1.649122807017540
1.672514619883040
1.695906432748540
1.719298245614030
1.742690058479530
1.766081871345030
1.789473684210530
1.812865497076020
1.836257309941520
1.859649122807020
1.883040935672510
1.906432748538010
1.929824561403510
1.953216374269010
1.976608187134500
2.000000000000000
0.526315789473684
0.552631578947368
0.578947368421052
0.605263157894737
0.631578947368421
0.657894736842106
0.684210526315789
0.710526315789474
0.736842105263158
0.763157894736842
0.789473684210526
0.815789473684210
0.842105263157894
0.868421052631579
0.894736842105263
0.921052631578947
0.947368421052632
0.973684210526316
1.000000000000000
