200 .000
19200
260401 6  3
260402 6  3
260403 6  3
260404 6  3
260405 6  3
260406 6  3
260407 6  3
260408 6  3
260409 6  3
260410 6  3
260411 6  3
260412 6  3
260413 6  3
260414 6  3
260415 6  3
260416 6  3
260417 6  3
260418 6  3
260419 6  3
260420 6  3
260421 6  3
260422 6  3
260423 6  3
260424 6  3
260425 6  3
260426 6  3
260427 6  3
260428 6  3
260429 6  3
260430 6  3
260431 6  3
260432 6  3
260433 6  3
260434 6  3
260435 6  3
260436 6  3
260437 6  3
260438 6  3
260439 6  3
260440 6  3
260441 6  3
260442 6  3
260443 6  3
260444 6  3
260445 6  3
260446 6  3
260447 6  3
260448 6  3
260449 6  3
260450 6  3
260451 6  3
260452 6  3
260453 6  3
260454 6  3
260455 6  3
260456 6  3
260457 6  3
260458 6  3
260459 6  3
260460 6  3
260461 6  3
260462 6  3
260463 6  3
260464 6  3
260465 6  3
260466 6  3
260467 6  3
260468 6  3
260469 6  3
260470 6  3
260471 6  3
260472 6  3
260473 6  3
260474 6  3
260475 6  3
260476 6  3
260477 6  3
260478 6  3
260479 6  3
260480 6  3
260481 6  3
260482 6  3
260483 6  3
260484 6  3
260485 6  3
260486 6  3
260487 6  3
260488 6  3
260489 6  3
260490 6  3
260491 6  3
260492 6  3
260493 6  3
260494 6  3
260495 6  3
260496 6  3
260497 6  3
260498 6  3
260499 6  3
260500 6  3
260501 6  3
260502 6  3
260503 6  3
260504 6  3
260505 6  3
260506 6  3
260507 6  3
260508 6  3
260509 6  3
260510 6  3
260511 6  3
260512 6  3
260513 6  3
260514 6  3
260515 6  3
260516 6  3
260517 6  3
260518 6  3
260519 6  3
260520 6  3
260521 6  3
260522 6  3
260523 6  3
260524 6  3
260525 6  3
260526 6  3
260527 6  3
260528 6  3
260529 6  3
260530 6  3
260531 6  3
260532 6  3
260533 6  3
260534 6  3
260535 6  3
260536 6  3
260537 6  3
260538 6  3
260539 6  3
260540 6  3
260541 6  3
260542 6  3
260543 6  3
260544 6  3
260545 6  3
260546 6  3
260547 6  3
260548 6  3
260549 6  3
260550 6  3
260551 6  3
260552 6  3
260553 6  3
260554 6  3
260555 6  3
260556 6  3
260557 6  3
260558 6  3
260559 6  3
260560 6  3
260561 6  3
260562 6  3
260563 6  3
260564 6  3
260565 6  3
260566 6  3
260567 6  3
260568 6  3
260569 6  3
260570 6  3
260571 6  3
260572 6  3
260573 6  3
260574 6  3
260575 6  3
260576 6  3
260577 6  3
260578 6  3
260579 6  3
260580 6  3
260581 6  3
260582 6  3
260583 6  3
260584 6  3
260585 6  3
260586 6  3
260587 6  3
260588 6  3
260589 6  3
260590 6  3
260591 6  3
260592 6  3
260593 6  3
260594 6  3
260595 6  3
260596 6  3
260597 6  3
260598 6  3
260599 6  3
260600 6  3
260601 6  3
260602 6  3
260603 6  3
260604 6  3
260605 6  3
260606 6  3
260607 6  3
260608 6  3
260609 6  3
260610 6  3
260611 6  3
260612 6  3
260613 6  3
260614 6  3
260615 6  3
260616 6  3
260617 6  3
260618 6  3
260619 6  3
260620 6  3
260621 6  3
260622 6  3
260623 6  3
260624 6  3
260625 6  3
260626 6  3
260627 6  3
260628 6  3
260629 6  3
260630 6  3
260631 6  3
260632 6  3
260633 6  3
260634 6  3
260635 6  3
260636 6  3
260637 6  3
260638 6  3
260639 6  3
260640 6  3
260641 6  3
260642 6  3
260643 6  3
260644 6  3
260645 6  3
260646 6  3
260647 6  3
260648 6  3
260649 6  3
260650 6  3
260651 6  3
260652 6  3
260653 6  3
260654 6  3
260655 6  3
260656 6  3
260657 6  3
260658 6  3
260659 6  3
260660 6  3
260661 6  3
260662 6  3
260663 6  3
260664 6  3
260665 6  3
260666 6  3
260667 6  3
260668 6  3
260669 6  3
260670 6  3
260671 6  3
260672 6  3
260673 6  3
260674 6  3
260675 6  3
260676 6  3
260677 6  3
260678 6  3
260679 6  3
260680 6  3
260681 6  3
260682 6  3
260683 6  3
260684 6  3
260685 6  3
260686 6  3
260687 6  3
260688 6  3
260689 6  3
260690 6  3
260691 6  3
260692 6  3
260693 6  3
260694 6  3
260695 6  3
260696 6  3
260697 6  3
260698 6  3
260699 6  3
260700 6  3
260701 6  3
260702 6  3
260703 6  3
260704 6  3
260705 6  3
260706 6  3
260707 6  3
260708 6  3
260709 6  3
260710 6  3
260711 6  3
260712 6  3
260713 6  3
260714 6  3
260715 6  3
260716 6  3
260717 6  3
260718 6  3
260719 6  3
260720 6  3
260721 6  3
260722 6  3
260723 6  3
260724 6  3
260725 6  3
260726 6  3
260727 6  3
260728 6  3
260729 6  3
260730 6  3
260731 6  3
260732 6  3
260733 6  3
260734 6  3
260735 6  3
260736 6  3
260737 6  3
260738 6  3
260739 6  3
260740 6  3
260741 6  3
260742 6  3
260743 6  3
260744 6  3
260745 6  3
260746 6  3
260747 6  3
260748 6  3
260749 6  3
260750 6  3
260751 6  3
260752 6  3
260753 6  3
260754 6  3
260755 6  3
260756 6  3
260757 6  3
260758 6  3
260759 6  3
260760 6  3
260761 6  3
260762 6  3
260763 6  3
260764 6  3
260765 6  3
260766 6  3
260767 6  3
260768 6  3
260769 6  3
260770 6  3
260771 6  3
260772 6  3
260773 6  3
260774 6  3
260775 6  3
260776 6  3
260777 6  3
260778 6  3
260779 6  3
260780 6  3
260781 6  3
260782 6  3
260783 6  3
260784 6  3
260785 6  3
260786 6  3
260787 6  3
260788 6  3
260789 6  3
260790 6  3
260791 6  3
260792 6  3
260793 6  3
260794 6  3
260795 6  3
260796 6  3
260797 6  3
260798 6  3
260799 6  3
260800 6  3
260801 6  3
260802 6  3
260803 6  3
260804 6  3
260805 6  3
260806 6  3
260807 6  3
260808 6  3
260809 6  3
260810 6  3
260811 6  3
260812 6  3
260813 6  3
260814 6  3
260815 6  3
260816 6  3
260817 6  3
260818 6  3
260819 6  3
260820 6  3
260821 6  3
260822 6  3
260823 6  3
260824 6  3
260825 6  3
260826 6  3
260827 6  3
260828 6  3
260829 6  3
260830 6  3
260831 6  3
260832 6  3
260833 6  3
260834 6  3
260835 6  3
260836 6  3
260837 6  3
260838 6  3
260839 6  3
260840 6  3
260841 6  3
260842 6  3
260843 6  3
260844 6  3
260845 6  3
260846 6  3
260847 6  3
260848 6  3
260849 6  3
260850 6  3
260851 6  3
260852 6  3
260853 6  3
260854 6  3
260855 6  3
260856 6  3
260857 6  3
260858 6  3
260859 6  3
260860 6  3
260861 6  3
260862 6  3
260863 6  3
260864 6  3
260865 6  3
260866 6  3
260867 6  3
260868 6  3
260869 6  3
260870 6  3
260871 6  3
260872 6  3
260873 6  3
260874 6  3
260875 6  3
260876 6  3
260877 6  3
260878 6  3
260879 6  3
260880 6  3
260881 6  3
260882 6  3
260883 6  3
260884 6  3
260885 6  3
260886 6  3
260887 6  3
260888 6  3
260889 6  3
260890 6  3
260891 6  3
260892 6  3
260893 6  3
260894 6  3
260895 6  3
260896 6  3
260897 6  3
260898 6  3
260899 6  3
260900 6  3
260901 6  3
260902 6  3
260903 6  3
260904 6  3
260905 6  3
260906 6  3
260907 6  3
260908 6  3
260909 6  3
260910 6  3
260911 6  3
260912 6  3
260913 6  3
260914 6  3
260915 6  3
260916 6  3
260917 6  3
260918 6  3
260919 6  3
260920 6  3
260921 6  3
260922 6  3
260923 6  3
260924 6  3
260925 6  3
260926 6  3
260927 6  3
260928 6  3
260929 6  3
260930 6  3
260931 6  3
260932 6  3
260933 6  3
260934 6  3
260935 6  3
260936 6  3
260937 6  3
260938 6  3
260939 6  3
260940 6  3
260941 6  3
260942 6  3
260943 6  3
260944 6  3
260945 6  3
260946 6  3
260947 6  3
260948 6  3
260949 6  3
260950 6  3
260951 6  3
260952 6  3
260953 6  3
260954 6  3
260955 6  3
260956 6  3
260957 6  3
260958 6  3
260959 6  3
260960 6  3
260961 6  3
260962 6  3
260963 6  3
260964 6  3
260965 6  3
260966 6  3
260967 6  3
260968 6  3
260969 6  3
260970 6  3
260971 6  3
260972 6  3
260973 6  3
260974 6  3
260975 6  3
260976 6  3
260977 6  3
260978 6  3
260979 6  3
260980 6  3
260981 6  3
260982 6  3
260983 6  3
260984 6  3
260985 6  3
260986 6  3
260987 6  3
260988 6  3
260989 6  3
260990 6  3
260991 6  3
260992 6  3
260993 6  3
260994 6  3
260995 6  3
260996 6  3
260997 6  3
260998 6  3
260999 6  3
261000 6  3
261001 6  3
261002 6  3
261003 6  3
261004 6  3
261005 6  3
261006 6  3
261007 6  3
261008 6  3
261009 6  3
261010 6  3
261011 6  3
261012 6  3
261013 6  3
261014 6  3
261015 6  3
261016 6  3
261017 6  3
261018 6  3
261019 6  3
261020 6  3
261021 6  3
261022 6  3
261023 6  3
261024 6  3
261025 6  3
261026 6  3
261027 6  3
261028 6  3
261029 6  3
261030 6  3
261031 6  3
261032 6  3
261033 6  3
261034 6  3
261035 6  3
261036 6  3
261037 6  3
261038 6  3
261039 6  3
261040 6  3
261041 6  3
261042 6  3
261043 6  3
261044 6  3
261045 6  3
261046 6  3
261047 6  3
261048 6  3
261049 6  3
261050 6  3
261051 6  3
261052 6  3
261053 6  3
261054 6  3
261055 6  3
261056 6  3
261057 6  3
261058 6  3
261059 6  3
261060 6  3
261061 6  3
261062 6  3
261063 6  3
261064 6  3
261065 6  3
261066 6  3
261067 6  3
261068 6  3
261069 6  3
261070 6  3
261071 6  3
261072 6  3
261073 6  3
261074 6  3
261075 6  3
261076 6  3
261077 6  3
261078 6  3
261079 6  3
261080 6  3
261081 6  3
261082 6  3
261083 6  3
261084 6  3
261085 6  3
261086 6  3
261087 6  3
261088 6  3
261089 6  3
261090 6  3
261091 6  3
261092 6  3
261093 6  3
261094 6  3
261095 6  3
261096 6  3
261097 6  3
261098 6  3
261099 6  3
261100 6  3
261101 6  3
261102 6  3
261103 6  3
261104 6  3
261105 6  3
261106 6  3
261107 6  3
261108 6  3
261109 6  3
261110 6  3
261111 6  3
261112 6  3
261113 6  3
261114 6  3
261115 6  3
261116 6  3
261117 6  3
261118 6  3
261119 6  3
261120 6  3
261121 6  3
261122 6  3
261123 6  3
261124 6  3
261125 6  3
261126 6  3
261127 6  3
261128 6  3
261129 6  3
261130 6  3
261131 6  3
261132 6  3
261133 6  3
261134 6  3
261135 6  3
261136 6  3
261137 6  3
261138 6  3
261139 6  3
261140 6  3
261141 6  3
261142 6  3
261143 6  3
261144 6  3
261145 6  3
261146 6  3
261147 6  3
261148 6  3
261149 6  3
261150 6  3
261151 6  3
261152 6  3
261153 6  3
261154 6  3
261155 6  3
261156 6  3
261157 6  3
261158 6  3
261159 6  3
261160 6  3
261161 6  3
261162 6  3
261163 6  3
261164 6  3
261165 6  3
261166 6  3
261167 6  3
261168 6  3
261169 6  3
261170 6  3
261171 6  3
261172 6  3
261173 6  3
261174 6  3
261175 6  3
261176 6  3
261177 6  3
261178 6  3
261179 6  3
261180 6  3
261181 6  3
261182 6  3
261183 6  3
261184 6  3
261185 6  3
261186 6  3
261187 6  3
261188 6  3
261189 6  3
261190 6  3
261191 6  3
261192 6  3
261193 6  3
261194 6  3
261195 6  3
261196 6  3
261197 6  3
261198 6  3
261199 6  3
261200 6  3
261201 6  3
261202 6  3
261203 6  3
261204 6  3
261205 6  3
261206 6  3
261207 6  3
261208 6  3
261209 6  3
261210 6  3
261211 6  3
261212 6  3
261213 6  3
261214 6  3
261215 6  3
261216 6  3
261217 6  3
261218 6  3
261219 6  3
261220 6  3
261221 6  3
261222 6  3
261223 6  3
261224 6  3
261225 6  3
261226 6  3
261227 6  3
261228 6  3
261229 6  3
261230 6  3
261231 6  3
261232 6  3
261233 6  3
261234 6  3
261235 6  3
261236 6  3
261237 6  3
261238 6  3
261239 6  3
261240 6  3
261241 6  3
261242 6  3
261243 6  3
261244 6  3
261245 6  3
261246 6  3
261247 6  3
261248 6  3
261249 6  3
261250 6  3
261251 6  3
261252 6  3
261253 6  3
261254 6  3
261255 6  3
261256 6  3
261257 6  3
261258 6  3
261259 6  3
261260 6  3
261261 6  3
261262 6  3
261263 6  3
261264 6  3
261265 6  3
261266 6  3
261267 6  3
261268 6  3
261269 6  3
261270 6  3
261271 6  3
261272 6  3
261273 6  3
261274 6  3
261275 6  3
261276 6  3
261277 6  3
261278 6  3
261279 6  3
261280 6  3
261281 6  3
261282 6  3
261283 6  3
261284 6  3
261285 6  3
261286 6  3
261287 6  3
261288 6  3
261289 6  3
261290 6  3
261291 6  3
261292 6  3
261293 6  3
261294 6  3
261295 6  3
261296 6  3
261297 6  3
261298 6  3
261299 6  3
261300 6  3
261301 6  3
261302 6  3
261303 6  3
261304 6  3
261305 6  3
261306 6  3
261307 6  3
261308 6  3
261309 6  3
261310 6  3
261311 6  3
261312 6  3
261313 6  3
261314 6  3
261315 6  3
261316 6  3
261317 6  3
261318 6  3
261319 6  3
261320 6  3
261321 6  3
261322 6  3
261323 6  3
261324 6  3
261325 6  3
261326 6  3
261327 6  3
261328 6  3
261329 6  3
261330 6  3
261331 6  3
261332 6  3
261333 6  3
261334 6  3
261335 6  3
261336 6  3
261337 6  3
261338 6  3
261339 6  3
261340 6  3
261341 6  3
261342 6  3
261343 6  3
261344 6  3
261345 6  3
261346 6  3
261347 6  3
261348 6  3
261349 6  3
261350 6  3
261351 6  3
261352 6  3
261353 6  3
261354 6  3
261355 6  3
261356 6  3
261357 6  3
261358 6  3
261359 6  3
261360 6  3
261361 6  3
261362 6  3
261363 6  3
261364 6  3
261365 6  3
261366 6  3
261367 6  3
261368 6  3
261369 6  3
261370 6  3
261371 6  3
261372 6  3
261373 6  3
261374 6  3
261375 6  3
261376 6  3
261377 6  3
261378 6  3
261379 6  3
261380 6  3
261381 6  3
261382 6  3
261383 6  3
261384 6  3
261385 6  3
261386 6  3
261387 6  3
261388 6  3
261389 6  3
261390 6  3
261391 6  3
261392 6  3
261393 6  3
261394 6  3
261395 6  3
261396 6  3
261397 6  3
261398 6  3
261399 6  3
261400 6  3
261401 6  3
261402 6  3
261403 6  3
261404 6  3
261405 6  3
261406 6  3
261407 6  3
261408 6  3
261409 6  3
261410 6  3
261411 6  3
261412 6  3
261413 6  3
261414 6  3
261415 6  3
261416 6  3
261417 6  3
261418 6  3
261419 6  3
261420 6  3
261421 6  3
261422 6  3
261423 6  3
261424 6  3
261425 6  3
261426 6  3
261427 6  3
261428 6  3
261429 6  3
261430 6  3
261431 6  3
261432 6  3
261433 6  3
261434 6  3
261435 6  3
261436 6  3
261437 6  3
261438 6  3
261439 6  3
261440 6  3
261441 6  3
261442 6  3
261443 6  3
261444 6  3
261445 6  3
261446 6  3
261447 6  3
261448 6  3
261449 6  3
261450 6  3
261451 6  3
261452 6  3
261453 6  3
261454 6  3
261455 6  3
261456 6  3
261457 6  3
261458 6  3
261459 6  3
261460 6  3
261461 6  3
261462 6  3
261463 6  3
261464 6  3
261465 6  3
261466 6  3
261467 6  3
261468 6  3
261469 6  3
261470 6  3
261471 6  3
261472 6  3
261473 6  3
261474 6  3
261475 6  3
261476 6  3
261477 6  3
261478 6  3
261479 6  3
261480 6  3
261481 6  3
261482 6  3
261483 6  3
261484 6  3
261485 6  3
261486 6  3
261487 6  3
261488 6  3
261489 6  3
261490 6  3
261491 6  3
261492 6  3
261493 6  3
261494 6  3
261495 6  3
261496 6  3
261497 6  3
261498 6  3
261499 6  3
261500 6  3
261501 6  3
261502 6  3
261503 6  3
261504 6  3
261505 6  3
261506 6  3
261507 6  3
261508 6  3
261509 6  3
261510 6  3
261511 6  3
261512 6  3
261513 6  3
261514 6  3
261515 6  3
261516 6  3
261517 6  3
261518 6  3
261519 6  3
261520 6  3
261521 6  3
261522 6  3
261523 6  3
261524 6  3
261525 6  3
261526 6  3
261527 6  3
261528 6  3
261529 6  3
261530 6  3
261531 6  3
261532 6  3
261533 6  3
261534 6  3
261535 6  3
261536 6  3
261537 6  3
261538 6  3
261539 6  3
261540 6  3
261541 6  3
261542 6  3
261543 6  3
261544 6  3
261545 6  3
261546 6  3
261547 6  3
261548 6  3
261549 6  3
261550 6  3
261551 6  3
261552 6  3
261553 6  3
261554 6  3
261555 6  3
261556 6  3
261557 6  3
261558 6  3
261559 6  3
261560 6  3
261561 6  3
261562 6  3
261563 6  3
261564 6  3
261565 6  3
261566 6  3
261567 6  3
261568 6  3
261569 6  3
261570 6  3
261571 6  3
261572 6  3
261573 6  3
261574 6  3
261575 6  3
261576 6  3
261577 6  3
261578 6  3
261579 6  3
261580 6  3
261581 6  3
261582 6  3
261583 6  3
261584 6  3
261585 6  3
261586 6  3
261587 6  3
261588 6  3
261589 6  3
261590 6  3
261591 6  3
261592 6  3
261593 6  3
261594 6  3
261595 6  3
261596 6  3
261597 6  3
261598 6  3
261599 6  3
261600 6  3
261601 6  3
261602 6  3
261603 6  3
261604 6  3
261605 6  3
261606 6  3
261607 6  3
261608 6  3
261609 6  3
261610 6  3
261611 6  3
261612 6  3
261613 6  3
261614 6  3
261615 6  3
261616 6  3
261617 6  3
261618 6  3
261619 6  3
261620 6  3
261621 6  3
261622 6  3
261623 6  3
261624 6  3
261625 6  3
261626 6  3
261627 6  3
261628 6  3
261629 6  3
261630 6  3
261631 6  3
261632 6  3
261633 6  3
261634 6  3
261635 6  3
261636 6  3
261637 6  3
261638 6  3
261639 6  3
261640 6  3
261641 6  3
261642 6  3
261643 6  3
261644 6  3
261645 6  3
261646 6  3
261647 6  3
261648 6  3
261649 6  3
261650 6  3
261651 6  3
261652 6  3
261653 6  3
261654 6  3
261655 6  3
261656 6  3
261657 6  3
261658 6  3
261659 6  3
261660 6  3
261661 6  3
261662 6  3
261663 6  3
261664 6  3
261665 6  3
261666 6  3
261667 6  3
261668 6  3
261669 6  3
261670 6  3
261671 6  3
261672 6  3
261673 6  3
261674 6  3
261675 6  3
261676 6  3
261677 6  3
261678 6  3
261679 6  3
261680 6  3
261681 6  3
261682 6  3
261683 6  3
261684 6  3
261685 6  3
261686 6  3
261687 6  3
261688 6  3
261689 6  3
261690 6  3
261691 6  3
261692 6  3
261693 6  3
261694 6  3
261695 6  3
261696 6  3
261697 6  3
261698 6  3
261699 6  3
261700 6  3
261701 6  3
261702 6  3
261703 6  3
261704 6  3
261705 6  3
261706 6  3
261707 6  3
261708 6  3
261709 6  3
261710 6  3
261711 6  3
261712 6  3
261713 6  3
261714 6  3
261715 6  3
261716 6  3
261717 6  3
261718 6  3
261719 6  3
261720 6  3
261721 6  3
261722 6  3
261723 6  3
261724 6  3
261725 6  3
261726 6  3
261727 6  3
261728 6  3
261729 6  3
261730 6  3
261731 6  3
261732 6  3
261733 6  3
261734 6  3
261735 6  3
261736 6  3
261737 6  3
261738 6  3
261739 6  3
261740 6  3
261741 6  3
261742 6  3
261743 6  3
261744 6  3
261745 6  3
261746 6  3
261747 6  3
261748 6  3
261749 6  3
261750 6  3
261751 6  3
261752 6  3
261753 6  3
261754 6  3
261755 6  3
261756 6  3
261757 6  3
261758 6  3
261759 6  3
261760 6  3
261761 6  3
261762 6  3
261763 6  3
261764 6  3
261765 6  3
261766 6  3
261767 6  3
261768 6  3
261769 6  3
261770 6  3
261771 6  3
261772 6  3
261773 6  3
261774 6  3
261775 6  3
261776 6  3
261777 6  3
261778 6  3
261779 6  3
261780 6  3
261781 6  3
261782 6  3
261783 6  3
261784 6  3
261785 6  3
261786 6  3
261787 6  3
261788 6  3
261789 6  3
261790 6  3
261791 6  3
261792 6  3
261793 6  3
261794 6  3
261795 6  3
261796 6  3
261797 6  3
261798 6  3
261799 6  3
261800 6  3
261801 6  3
261802 6  3
261803 6  3
261804 6  3
261805 6  3
261806 6  3
261807 6  3
261808 6  3
261809 6  3
261810 6  3
261811 6  3
261812 6  3
261813 6  3
261814 6  3
261815 6  3
261816 6  3
261817 6  3
261818 6  3
261819 6  3
261820 6  3
261821 6  3
261822 6  3
261823 6  3
261824 6  3
261825 6  3
261826 6  3
261827 6  3
261828 6  3
261829 6  3
261830 6  3
261831 6  3
261832 6  3
261833 6  3
261834 6  3
261835 6  3
261836 6  3
261837 6  3
261838 6  3
261839 6  3
261840 6  3
261841 6  3
261842 6  3
261843 6  3
261844 6  3
261845 6  3
261846 6  3
261847 6  3
261848 6  3
261849 6  3
261850 6  3
261851 6  3
261852 6  3
261853 6  3
261854 6  3
261855 6  3
261856 6  3
261857 6  3
261858 6  3
261859 6  3
261860 6  3
261861 6  3
261862 6  3
261863 6  3
261864 6  3
261865 6  3
261866 6  3
261867 6  3
261868 6  3
261869 6  3
261870 6  3
261871 6  3
261872 6  3
261873 6  3
261874 6  3
261875 6  3
261876 6  3
261877 6  3
261878 6  3
261879 6  3
261880 6  3
261881 6  3
261882 6  3
261883 6  3
261884 6  3
261885 6  3
261886 6  3
261887 6  3
261888 6  3
261889 6  3
261890 6  3
261891 6  3
261892 6  3
261893 6  3
261894 6  3
261895 6  3
261896 6  3
261897 6  3
261898 6  3
261899 6  3
261900 6  3
261901 6  3
261902 6  3
261903 6  3
261904 6  3
261905 6  3
261906 6  3
261907 6  3
261908 6  3
261909 6  3
261910 6  3
261911 6  3
261912 6  3
261913 6  3
261914 6  3
261915 6  3
261916 6  3
261917 6  3
261918 6  3
261919 6  3
261920 6  3
261921 6  3
261922 6  3
261923 6  3
261924 6  3
261925 6  3
261926 6  3
261927 6  3
261928 6  3
261929 6  3
261930 6  3
261931 6  3
261932 6  3
261933 6  3
261934 6  3
261935 6  3
261936 6  3
261937 6  3
261938 6  3
261939 6  3
261940 6  3
261941 6  3
261942 6  3
261943 6  3
261944 6  3
261945 6  3
261946 6  3
261947 6  3
261948 6  3
261949 6  3
261950 6  3
261951 6  3
261952 6  3
261953 6  3
261954 6  3
261955 6  3
261956 6  3
261957 6  3
261958 6  3
261959 6  3
261960 6  3
261961 6  3
261962 6  3
261963 6  3
261964 6  3
261965 6  3
261966 6  3
261967 6  3
261968 6  3
261969 6  3
261970 6  3
261971 6  3
261972 6  3
261973 6  3
261974 6  3
261975 6  3
261976 6  3
261977 6  3
261978 6  3
261979 6  3
261980 6  3
261981 6  3
261982 6  3
261983 6  3
261984 6  3
261985 6  3
261986 6  3
261987 6  3
261988 6  3
261989 6  3
261990 6  3
261991 6  3
261992 6  3
261993 6  3
261994 6  3
261995 6  3
261996 6  3
261997 6  3
261998 6  3
261999 6  3
262000 6  3
262001 6  3
262002 6  3
262003 6  3
262004 6  3
262005 6  3
262006 6  3
262007 6  3
262008 6  3
262009 6  3
262010 6  3
262011 6  3
262012 6  3
262013 6  3
262014 6  3
262015 6  3
262016 6  3
262017 6  3
262018 6  3
262019 6  3
262020 6  3
262021 6  3
262022 6  3
262023 6  3
262024 6  3
262025 6  3
262026 6  3
262027 6  3
262028 6  3
262029 6  3
262030 6  3
262031 6  3
262032 6  3
262033 6  3
262034 6  3
262035 6  3
262036 6  3
262037 6  3
262038 6  3
262039 6  3
262040 6  3
262041 6  3
262042 6  3
262043 6  3
262044 6  3
262045 6  3
262046 6  3
262047 6  3
262048 6  3
262049 6  3
262050 6  3
262051 6  3
262052 6  3
262053 6  3
262054 6  3
262055 6  3
262056 6  3
262057 6  3
262058 6  3
262059 6  3
262060 6  3
262061 6  3
262062 6  3
262063 6  3
262064 6  3
262065 6  3
262066 6  3
262067 6  3
262068 6  3
262069 6  3
262070 6  3
262071 6  3
262072 6  3
262073 6  3
262074 6  3
262075 6  3
262076 6  3
262077 6  3
262078 6  3
262079 6  3
262080 6  3
262081 6  3
262082 6  3
262083 6  3
262084 6  3
262085 6  3
262086 6  3
262087 6  3
262088 6  3
262089 6  3
262090 6  3
262091 6  3
262092 6  3
262093 6  3
262094 6  3
262095 6  3
262096 6  3
262097 6  3
262098 6  3
262099 6  3
262100 6  3
262101 6  3
262102 6  3
262103 6  3
262104 6  3
262105 6  3
262106 6  3
262107 6  3
262108 6  3
262109 6  3
262110 6  3
262111 6  3
262112 6  3
262113 6  3
262114 6  3
262115 6  3
262116 6  3
262117 6  3
262118 6  3
262119 6  3
262120 6  3
262121 6  3
262122 6  3
262123 6  3
262124 6  3
262125 6  3
262126 6  3
262127 6  3
262128 6  3
262129 6  3
262130 6  3
262131 6  3
262132 6  3
262133 6  3
262134 6  3
262135 6  3
262136 6  3
262137 6  3
262138 6  3
262139 6  3
262140 6  3
262141 6  3
262142 6  3
262143 6  3
262144 6  3
262145 6  3
262146 6  3
262147 6  3
262148 6  3
262149 6  3
262150 6  3
262151 6  3
262152 6  3
262153 6  3
262154 6  3
262155 6  3
262156 6  3
262157 6  3
262158 6  3
262159 6  3
262160 6  3
262161 6  3
262162 6  3
262163 6  3
262164 6  3
262165 6  3
262166 6  3
262167 6  3
262168 6  3
262169 6  3
262170 6  3
262171 6  3
262172 6  3
262173 6  3
262174 6  3
262175 6  3
262176 6  3
262177 6  3
262178 6  3
262179 6  3
262180 6  3
262181 6  3
262182 6  3
262183 6  3
262184 6  3
262185 6  3
262186 6  3
262187 6  3
262188 6  3
262189 6  3
262190 6  3
262191 6  3
262192 6  3
262193 6  3
262194 6  3
262195 6  3
262196 6  3
262197 6  3
262198 6  3
262199 6  3
262200 6  3
262201 6  3
262202 6  3
262203 6  3
262204 6  3
262205 6  3
262206 6  3
262207 6  3
262208 6  3
262209 6  3
262210 6  3
262211 6  3
262212 6  3
262213 6  3
262214 6  3
262215 6  3
262216 6  3
262217 6  3
262218 6  3
262219 6  3
262220 6  3
262221 6  3
262222 6  3
262223 6  3
262224 6  3
262225 6  3
262226 6  3
262227 6  3
262228 6  3
262229 6  3
262230 6  3
262231 6  3
262232 6  3
262233 6  3
262234 6  3
262235 6  3
262236 6  3
262237 6  3
262238 6  3
262239 6  3
262240 6  3
262241 6  3
262242 6  3
262243 6  3
262244 6  3
262245 6  3
262246 6  3
262247 6  3
262248 6  3
262249 6  3
262250 6  3
262251 6  3
262252 6  3
262253 6  3
262254 6  3
262255 6  3
262256 6  3
262257 6  3
262258 6  3
262259 6  3
262260 6  3
262261 6  3
262262 6  3
262263 6  3
262264 6  3
262265 6  3
262266 6  3
262267 6  3
262268 6  3
262269 6  3
262270 6  3
262271 6  3
262272 6  3
262273 6  3
262274 6  3
262275 6  3
262276 6  3
262277 6  3
262278 6  3
262279 6  3
262280 6  3
262281 6  3
262282 6  3
262283 6  3
262284 6  3
262285 6  3
262286 6  3
262287 6  3
262288 6  3
262289 6  3
262290 6  3
262291 6  3
262292 6  3
262293 6  3
262294 6  3
262295 6  3
262296 6  3
262297 6  3
262298 6  3
262299 6  3
262300 6  3
262301 6  3
262302 6  3
262303 6  3
262304 6  3
262305 6  3
262306 6  3
262307 6  3
262308 6  3
262309 6  3
262310 6  3
262311 6  3
262312 6  3
262313 6  3
262314 6  3
262315 6  3
262316 6  3
262317 6  3
262318 6  3
262319 6  3
262320 6  3
262321 6  3
262322 6  3
262323 6  3
262324 6  3
262325 6  3
262326 6  3
262327 6  3
262328 6  3
262329 6  3
262330 6  3
262331 6  3
262332 6  3
262333 6  3
262334 6  3
262335 6  3
262336 6  3
262337 6  3
262338 6  3
262339 6  3
262340 6  3
262341 6  3
262342 6  3
262343 6  3
262344 6  3
262345 6  3
262346 6  3
262347 6  3
262348 6  3
262349 6  3
262350 6  3
262351 6  3
262352 6  3
262353 6  3
262354 6  3
262355 6  3
262356 6  3
262357 6  3
262358 6  3
262359 6  3
262360 6  3
262361 6  3
262362 6  3
262363 6  3
262364 6  3
262365 6  3
262366 6  3
262367 6  3
262368 6  3
262369 6  3
262370 6  3
262371 6  3
262372 6  3
262373 6  3
262374 6  3
262375 6  3
262376 6  3
262377 6  3
262378 6  3
262379 6  3
262380 6  3
262381 6  3
262382 6  3
262383 6  3
262384 6  3
262385 6  3
262386 6  3
262387 6  3
262388 6  3
262389 6  3
262390 6  3
262391 6  3
262392 6  3
262393 6  3
262394 6  3
262395 6  3
262396 6  3
262397 6  3
262398 6  3
262399 6  3
262400 6  3
262401 6  3
262402 6  3
262403 6  3
262404 6  3
262405 6  3
262406 6  3
262407 6  3
262408 6  3
262409 6  3
262410 6  3
262411 6  3
262412 6  3
262413 6  3
262414 6  3
262415 6  3
262416 6  3
262417 6  3
262418 6  3
262419 6  3
262420 6  3
262421 6  3
262422 6  3
262423 6  3
262424 6  3
262425 6  3
262426 6  3
262427 6  3
262428 6  3
262429 6  3
262430 6  3
262431 6  3
262432 6  3
262433 6  3
262434 6  3
262435 6  3
262436 6  3
262437 6  3
262438 6  3
262439 6  3
262440 6  3
262441 6  3
262442 6  3
262443 6  3
262444 6  3
262445 6  3
262446 6  3
262447 6  3
262448 6  3
262449 6  3
262450 6  3
262451 6  3
262452 6  3
262453 6  3
262454 6  3
262455 6  3
262456 6  3
262457 6  3
262458 6  3
262459 6  3
262460 6  3
262461 6  3
262462 6  3
262463 6  3
262464 6  3
262465 6  3
262466 6  3
262467 6  3
262468 6  3
262469 6  3
262470 6  3
262471 6  3
262472 6  3
262473 6  3
262474 6  3
262475 6  3
262476 6  3
262477 6  3
262478 6  3
262479 6  3
262480 6  3
262481 6  3
262482 6  3
262483 6  3
262484 6  3
262485 6  3
262486 6  3
262487 6  3
262488 6  3
262489 6  3
262490 6  3
262491 6  3
262492 6  3
262493 6  3
262494 6  3
262495 6  3
262496 6  3
262497 6  3
262498 6  3
262499 6  3
262500 6  3
262501 6  3
262502 6  3
262503 6  3
262504 6  3
262505 6  3
262506 6  3
262507 6  3
262508 6  3
262509 6  3
262510 6  3
262511 6  3
262512 6  3
262513 6  3
262514 6  3
262515 6  3
262516 6  3
262517 6  3
262518 6  3
262519 6  3
262520 6  3
262521 6  3
262522 6  3
262523 6  3
262524 6  3
262525 6  3
262526 6  3
262527 6  3
262528 6  3
262529 6  3
262530 6  3
262531 6  3
262532 6  3
262533 6  3
262534 6  3
262535 6  3
262536 6  3
262537 6  3
262538 6  3
262539 6  3
262540 6  3
262541 6  3
262542 6  3
262543 6  3
262544 6  3
262545 6  3
262546 6  3
262547 6  3
262548 6  3
262549 6  3
262550 6  3
262551 6  3
262552 6  3
262553 6  3
262554 6  3
262555 6  3
262556 6  3
262557 6  3
262558 6  3
262559 6  3
262560 6  3
262561 6  3
262562 6  3
262563 6  3
262564 6  3
262565 6  3
262566 6  3
262567 6  3
262568 6  3
262569 6  3
262570 6  3
262571 6  3
262572 6  3
262573 6  3
262574 6  3
262575 6  3
262576 6  3
262577 6  3
262578 6  3
262579 6  3
262580 6  3
262581 6  3
262582 6  3
262583 6  3
262584 6  3
262585 6  3
262586 6  3
262587 6  3
262588 6  3
262589 6  3
262590 6  3
262591 6  3
262592 6  3
262593 6  3
262594 6  3
262595 6  3
262596 6  3
262597 6  3
262598 6  3
262599 6  3
262600 6  3
262601 6  3
262602 6  3
262603 6  3
262604 6  3
262605 6  3
262606 6  3
262607 6  3
262608 6  3
262609 6  3
262610 6  3
262611 6  3
262612 6  3
262613 6  3
262614 6  3
262615 6  3
262616 6  3
262617 6  3
262618 6  3
262619 6  3
262620 6  3
262621 6  3
262622 6  3
262623 6  3
262624 6  3
262625 6  3
262626 6  3
262627 6  3
262628 6  3
262629 6  3
262630 6  3
262631 6  3
262632 6  3
262633 6  3
262634 6  3
262635 6  3
262636 6  3
262637 6  3
262638 6  3
262639 6  3
262640 6  3
262641 6  3
262642 6  3
262643 6  3
262644 6  3
262645 6  3
262646 6  3
262647 6  3
262648 6  3
262649 6  3
262650 6  3
262651 6  3
262652 6  3
262653 6  3
262654 6  3
262655 6  3
262656 6  3
262657 6  3
262658 6  3
262659 6  3
262660 6  3
262661 6  3
262662 6  3
262663 6  3
262664 6  3
262665 6  3
262666 6  3
262667 6  3
262668 6  3
262669 6  3
262670 6  3
262671 6  3
262672 6  3
262673 6  3
262674 6  3
262675 6  3
262676 6  3
262677 6  3
262678 6  3
262679 6  3
262680 6  3
262681 6  3
262682 6  3
262683 6  3
262684 6  3
262685 6  3
262686 6  3
262687 6  3
262688 6  3
262689 6  3
262690 6  3
262691 6  3
262692 6  3
262693 6  3
262694 6  3
262695 6  3
262696 6  3
262697 6  3
262698 6  3
262699 6  3
262700 6  3
262701 6  3
262702 6  3
262703 6  3
262704 6  3
262705 6  3
262706 6  3
262707 6  3
262708 6  3
262709 6  3
262710 6  3
262711 6  3
262712 6  3
262713 6  3
262714 6  3
262715 6  3
262716 6  3
262717 6  3
262718 6  3
262719 6  3
262720 6  3
262721 6  3
262722 6  3
262723 6  3
262724 6  3
262725 6  3
262726 6  3
262727 6  3
262728 6  3
262729 6  3
262730 6  3
262731 6  3
262732 6  3
262733 6  3
262734 6  3
262735 6  3
262736 6  3
262737 6  3
262738 6  3
262739 6  3
262740 6  3
262741 6  3
262742 6  3
262743 6  3
262744 6  3
262745 6  3
262746 6  3
262747 6  3
262748 6  3
262749 6  3
262750 6  3
262751 6  3
262752 6  3
262753 6  3
262754 6  3
262755 6  3
262756 6  3
262757 6  3
262758 6  3
262759 6  3
262760 6  3
262761 6  3
262762 6  3
262763 6  3
262764 6  3
262765 6  3
262766 6  3
262767 6  3
262768 6  3
262769 6  3
262770 6  3
262771 6  3
262772 6  3
262773 6  3
262774 6  3
262775 6  3
262776 6  3
262777 6  3
262778 6  3
262779 6  3
262780 6  3
262781 6  3
262782 6  3
262783 6  3
262784 6  3
262785 6  3
262786 6  3
262787 6  3
262788 6  3
262789 6  3
262790 6  3
262791 6  3
262792 6  3
262793 6  3
262794 6  3
262795 6  3
262796 6  3
262797 6  3
262798 6  3
262799 6  3
262800 6  3
262801 6  3
262802 6  3
262803 6  3
262804 6  3
262805 6  3
262806 6  3
262807 6  3
262808 6  3
262809 6  3
262810 6  3
262811 6  3
262812 6  3
262813 6  3
262814 6  3
262815 6  3
262816 6  3
262817 6  3
262818 6  3
262819 6  3
262820 6  3
262821 6  3
262822 6  3
262823 6  3
262824 6  3
262825 6  3
262826 6  3
262827 6  3
262828 6  3
262829 6  3
262830 6  3
262831 6  3
262832 6  3
262833 6  3
262834 6  3
262835 6  3
262836 6  3
262837 6  3
262838 6  3
262839 6  3
262840 6  3
262841 6  3
262842 6  3
262843 6  3
262844 6  3
262845 6  3
262846 6  3
262847 6  3
262848 6  3
262849 6  3
262850 6  3
262851 6  3
262852 6  3
262853 6  3
262854 6  3
262855 6  3
262856 6  3
262857 6  3
262858 6  3
262859 6  3
262860 6  3
262861 6  3
262862 6  3
262863 6  3
262864 6  3
262865 6  3
262866 6  3
262867 6  3
262868 6  3
262869 6  3
262870 6  3
262871 6  3
262872 6  3
262873 6  3
262874 6  3
262875 6  3
262876 6  3
262877 6  3
262878 6  3
262879 6  3
262880 6  3
262881 6  3
262882 6  3
262883 6  3
262884 6  3
262885 6  3
262886 6  3
262887 6  3
262888 6  3
262889 6  3
262890 6  3
262891 6  3
262892 6  3
262893 6  3
262894 6  3
262895 6  3
262896 6  3
262897 6  3
262898 6  3
262899 6  3
262900 6  3
262901 6  3
262902 6  3
262903 6  3
262904 6  3
262905 6  3
262906 6  3
262907 6  3
262908 6  3
262909 6  3
262910 6  3
262911 6  3
262912 6  3
262913 6  3
262914 6  3
262915 6  3
262916 6  3
262917 6  3
262918 6  3
262919 6  3
262920 6  3
262921 6  3
262922 6  3
262923 6  3
262924 6  3
262925 6  3
262926 6  3
262927 6  3
262928 6  3
262929 6  3
262930 6  3
262931 6  3
262932 6  3
262933 6  3
262934 6  3
262935 6  3
262936 6  3
262937 6  3
262938 6  3
262939 6  3
262940 6  3
262941 6  3
262942 6  3
262943 6  3
262944 6  3
262945 6  3
262946 6  3
262947 6  3
262948 6  3
262949 6  3
262950 6  3
262951 6  3
262952 6  3
262953 6  3
262954 6  3
262955 6  3
262956 6  3
262957 6  3
262958 6  3
262959 6  3
262960 6  3
262961 6  3
262962 6  3
262963 6  3
262964 6  3
262965 6  3
262966 6  3
262967 6  3
262968 6  3
262969 6  3
262970 6  3
262971 6  3
262972 6  3
262973 6  3
262974 6  3
262975 6  3
262976 6  3
262977 6  3
262978 6  3
262979 6  3
262980 6  3
262981 6  3
262982 6  3
262983 6  3
262984 6  3
262985 6  3
262986 6  3
262987 6  3
262988 6  3
262989 6  3
262990 6  3
262991 6  3
262992 6  3
262993 6  3
262994 6  3
262995 6  3
262996 6  3
262997 6  3
262998 6  3
262999 6  3
263000 6  3
263001 6  3
263002 6  3
263003 6  3
263004 6  3
263005 6  3
263006 6  3
263007 6  3
263008 6  3
263009 6  3
263010 6  3
263011 6  3
263012 6  3
263013 6  3
263014 6  3
263015 6  3
263016 6  3
263017 6  3
263018 6  3
263019 6  3
263020 6  3
263021 6  3
263022 6  3
263023 6  3
263024 6  3
263025 6  3
263026 6  3
263027 6  3
263028 6  3
263029 6  3
263030 6  3
263031 6  3
263032 6  3
263033 6  3
263034 6  3
263035 6  3
263036 6  3
263037 6  3
263038 6  3
263039 6  3
263040 6  3
263041 6  3
263042 6  3
263043 6  3
263044 6  3
263045 6  3
263046 6  3
263047 6  3
263048 6  3
263049 6  3
263050 6  3
263051 6  3
263052 6  3
263053 6  3
263054 6  3
263055 6  3
263056 6  3
263057 6  3
263058 6  3
263059 6  3
263060 6  3
263061 6  3
263062 6  3
263063 6  3
263064 6  3
263065 6  3
263066 6  3
263067 6  3
263068 6  3
263069 6  3
263070 6  3
263071 6  3
263072 6  3
263073 6  3
263074 6  3
263075 6  3
263076 6  3
263077 6  3
263078 6  3
263079 6  3
263080 6  3
263081 6  3
263082 6  3
263083 6  3
263084 6  3
263085 6  3
263086 6  3
263087 6  3
263088 6  3
263089 6  3
263090 6  3
263091 6  3
263092 6  3
263093 6  3
263094 6  3
263095 6  3
263096 6  3
263097 6  3
263098 6  3
263099 6  3
263100 6  3
263101 6  3
263102 6  3
263103 6  3
263104 6  3
263105 6  3
263106 6  3
263107 6  3
263108 6  3
263109 6  3
263110 6  3
263111 6  3
263112 6  3
263113 6  3
263114 6  3
263115 6  3
263116 6  3
263117 6  3
263118 6  3
263119 6  3
263120 6  3
263121 6  3
263122 6  3
263123 6  3
263124 6  3
263125 6  3
263126 6  3
263127 6  3
263128 6  3
263129 6  3
263130 6  3
263131 6  3
263132 6  3
263133 6  3
263134 6  3
263135 6  3
263136 6  3
263137 6  3
263138 6  3
263139 6  3
263140 6  3
263141 6  3
263142 6  3
263143 6  3
263144 6  3
263145 6  3
263146 6  3
263147 6  3
263148 6  3
263149 6  3
263150 6  3
263151 6  3
263152 6  3
263153 6  3
263154 6  3
263155 6  3
263156 6  3
263157 6  3
263158 6  3
263159 6  3
263160 6  3
263161 6  3
263162 6  3
263163 6  3
263164 6  3
263165 6  3
263166 6  3
263167 6  3
263168 6  3
263169 6  3
263170 6  3
263171 6  3
263172 6  3
263173 6  3
263174 6  3
263175 6  3
263176 6  3
263177 6  3
263178 6  3
263179 6  3
263180 6  3
263181 6  3
263182 6  3
263183 6  3
263184 6  3
263185 6  3
263186 6  3
263187 6  3
263188 6  3
263189 6  3
263190 6  3
263191 6  3
263192 6  3
263193 6  3
263194 6  3
263195 6  3
263196 6  3
263197 6  3
263198 6  3
263199 6  3
263200 6  3
263201 6  3
263202 6  3
263203 6  3
263204 6  3
263205 6  3
263206 6  3
263207 6  3
263208 6  3
263209 6  3
263210 6  3
263211 6  3
263212 6  3
263213 6  3
263214 6  3
263215 6  3
263216 6  3
263217 6  3
263218 6  3
263219 6  3
263220 6  3
263221 6  3
263222 6  3
263223 6  3
263224 6  3
263225 6  3
263226 6  3
263227 6  3
263228 6  3
263229 6  3
263230 6  3
263231 6  3
263232 6  3
263233 6  3
263234 6  3
263235 6  3
263236 6  3
263237 6  3
263238 6  3
263239 6  3
263240 6  3
263241 6  3
263242 6  3
263243 6  3
263244 6  3
263245 6  3
263246 6  3
263247 6  3
263248 6  3
263249 6  3
263250 6  3
263251 6  3
263252 6  3
263253 6  3
263254 6  3
263255 6  3
263256 6  3
263257 6  3
263258 6  3
263259 6  3
263260 6  3
263261 6  3
263262 6  3
263263 6  3
263264 6  3
263265 6  3
263266 6  3
263267 6  3
263268 6  3
263269 6  3
263270 6  3
263271 6  3
263272 6  3
263273 6  3
263274 6  3
263275 6  3
263276 6  3
263277 6  3
263278 6  3
263279 6  3
263280 6  3
263281 6  3
263282 6  3
263283 6  3
263284 6  3
263285 6  3
263286 6  3
263287 6  3
263288 6  3
263289 6  3
263290 6  3
263291 6  3
263292 6  3
263293 6  3
263294 6  3
263295 6  3
263296 6  3
263297 6  3
263298 6  3
263299 6  3
263300 6  3
263301 6  3
263302 6  3
263303 6  3
263304 6  3
263305 6  3
263306 6  3
263307 6  3
263308 6  3
263309 6  3
263310 6  3
263311 6  3
263312 6  3
263313 6  3
263314 6  3
263315 6  3
263316 6  3
263317 6  3
263318 6  3
263319 6  3
263320 6  3
263321 6  3
263322 6  3
263323 6  3
263324 6  3
263325 6  3
263326 6  3
263327 6  3
263328 6  3
263329 6  3
263330 6  3
263331 6  3
263332 6  3
263333 6  3
263334 6  3
263335 6  3
263336 6  3
263337 6  3
263338 6  3
263339 6  3
263340 6  3
263341 6  3
263342 6  3
263343 6  3
263344 6  3
263345 6  3
263346 6  3
263347 6  3
263348 6  3
263349 6  3
263350 6  3
263351 6  3
263352 6  3
263353 6  3
263354 6  3
263355 6  3
263356 6  3
263357 6  3
263358 6  3
263359 6  3
263360 6  3
263361 6  3
263362 6  3
263363 6  3
263364 6  3
263365 6  3
263366 6  3
263367 6  3
263368 6  3
263369 6  3
263370 6  3
263371 6  3
263372 6  3
263373 6  3
263374 6  3
263375 6  3
263376 6  3
263377 6  3
263378 6  3
263379 6  3
263380 6  3
263381 6  3
263382 6  3
263383 6  3
263384 6  3
263385 6  3
263386 6  3
263387 6  3
263388 6  3
263389 6  3
263390 6  3
263391 6  3
263392 6  3
263393 6  3
263394 6  3
263395 6  3
263396 6  3
263397 6  3
263398 6  3
263399 6  3
263400 6  3
263401 6  3
263402 6  3
263403 6  3
263404 6  3
263405 6  3
263406 6  3
263407 6  3
263408 6  3
263409 6  3
263410 6  3
263411 6  3
263412 6  3
263413 6  3
263414 6  3
263415 6  3
263416 6  3
263417 6  3
263418 6  3
263419 6  3
263420 6  3
263421 6  3
263422 6  3
263423 6  3
263424 6  3
263425 6  3
263426 6  3
263427 6  3
263428 6  3
263429 6  3
263430 6  3
263431 6  3
263432 6  3
263433 6  3
263434 6  3
263435 6  3
263436 6  3
263437 6  3
263438 6  3
263439 6  3
263440 6  3
263441 6  3
263442 6  3
263443 6  3
263444 6  3
263445 6  3
263446 6  3
263447 6  3
263448 6  3
263449 6  3
263450 6  3
263451 6  3
263452 6  3
263453 6  3
263454 6  3
263455 6  3
263456 6  3
263457 6  3
263458 6  3
263459 6  3
263460 6  3
263461 6  3
263462 6  3
263463 6  3
263464 6  3
263465 6  3
263466 6  3
263467 6  3
263468 6  3
263469 6  3
263470 6  3
263471 6  3
263472 6  3
263473 6  3
263474 6  3
263475 6  3
263476 6  3
263477 6  3
263478 6  3
263479 6  3
263480 6  3
263481 6  3
263482 6  3
263483 6  3
263484 6  3
263485 6  3
263486 6  3
263487 6  3
263488 6  3
263489 6  3
263490 6  3
263491 6  3
263492 6  3
263493 6  3
263494 6  3
263495 6  3
263496 6  3
263497 6  3
263498 6  3
263499 6  3
263500 6  3
263501 6  3
263502 6  3
263503 6  3
263504 6  3
263505 6  3
263506 6  3
263507 6  3
263508 6  3
263509 6  3
263510 6  3
263511 6  3
263512 6  3
263513 6  3
263514 6  3
263515 6  3
263516 6  3
263517 6  3
263518 6  3
263519 6  3
263520 6  3
263521 6  3
263522 6  3
263523 6  3
263524 6  3
263525 6  3
263526 6  3
263527 6  3
263528 6  3
263529 6  3
263530 6  3
263531 6  3
263532 6  3
263533 6  3
263534 6  3
263535 6  3
263536 6  3
263537 6  3
263538 6  3
263539 6  3
263540 6  3
263541 6  3
263542 6  3
263543 6  3
263544 6  3
263545 6  3
263546 6  3
263547 6  3
263548 6  3
263549 6  3
263550 6  3
263551 6  3
263552 6  3
263553 6  3
263554 6  3
263555 6  3
263556 6  3
263557 6  3
263558 6  3
263559 6  3
263560 6  3
263561 6  3
263562 6  3
263563 6  3
263564 6  3
263565 6  3
263566 6  3
263567 6  3
263568 6  3
263569 6  3
263570 6  3
263571 6  3
263572 6  3
263573 6  3
263574 6  3
263575 6  3
263576 6  3
263577 6  3
263578 6  3
263579 6  3
263580 6  3
263581 6  3
263582 6  3
263583 6  3
263584 6  3
263585 6  3
263586 6  3
263587 6  3
263588 6  3
263589 6  3
263590 6  3
263591 6  3
263592 6  3
263593 6  3
263594 6  3
263595 6  3
263596 6  3
263597 6  3
263598 6  3
263599 6  3
263600 6  3
263601 6  3
263602 6  3
263603 6  3
263604 6  3
263605 6  3
263606 6  3
263607 6  3
263608 6  3
263609 6  3
263610 6  3
263611 6  3
263612 6  3
263613 6  3
263614 6  3
263615 6  3
263616 6  3
263617 6  3
263618 6  3
263619 6  3
263620 6  3
263621 6  3
263622 6  3
263623 6  3
263624 6  3
263625 6  3
263626 6  3
263627 6  3
263628 6  3
263629 6  3
263630 6  3
263631 6  3
263632 6  3
263633 6  3
263634 6  3
263635 6  3
263636 6  3
263637 6  3
263638 6  3
263639 6  3
263640 6  3
263641 6  3
263642 6  3
263643 6  3
263644 6  3
263645 6  3
263646 6  3
263647 6  3
263648 6  3
263649 6  3
263650 6  3
263651 6  3
263652 6  3
263653 6  3
263654 6  3
263655 6  3
263656 6  3
263657 6  3
263658 6  3
263659 6  3
263660 6  3
263661 6  3
263662 6  3
263663 6  3
263664 6  3
263665 6  3
263666 6  3
263667 6  3
263668 6  3
263669 6  3
263670 6  3
263671 6  3
263672 6  3
263673 6  3
263674 6  3
263675 6  3
263676 6  3
263677 6  3
263678 6  3
263679 6  3
263680 6  3
263681 6  3
263682 6  3
263683 6  3
263684 6  3
263685 6  3
263686 6  3
263687 6  3
263688 6  3
263689 6  3
263690 6  3
263691 6  3
263692 6  3
263693 6  3
263694 6  3
263695 6  3
263696 6  3
263697 6  3
263698 6  3
263699 6  3
263700 6  3
263701 6  3
263702 6  3
263703 6  3
263704 6  3
263705 6  3
263706 6  3
263707 6  3
263708 6  3
263709 6  3
263710 6  3
263711 6  3
263712 6  3
263713 6  3
263714 6  3
263715 6  3
263716 6  3
263717 6  3
263718 6  3
263719 6  3
263720 6  3
263721 6  3
263722 6  3
263723 6  3
263724 6  3
263725 6  3
263726 6  3
263727 6  3
263728 6  3
263729 6  3
263730 6  3
263731 6  3
263732 6  3
263733 6  3
263734 6  3
263735 6  3
263736 6  3
263737 6  3
263738 6  3
263739 6  3
263740 6  3
263741 6  3
263742 6  3
263743 6  3
263744 6  3
263745 6  3
263746 6  3
263747 6  3
263748 6  3
263749 6  3
263750 6  3
263751 6  3
263752 6  3
263753 6  3
263754 6  3
263755 6  3
263756 6  3
263757 6  3
263758 6  3
263759 6  3
263760 6  3
263761 6  3
263762 6  3
263763 6  3
263764 6  3
263765 6  3
263766 6  3
263767 6  3
263768 6  3
263769 6  3
263770 6  3
263771 6  3
263772 6  3
263773 6  3
263774 6  3
263775 6  3
263776 6  3
263777 6  3
263778 6  3
263779 6  3
263780 6  3
263781 6  3
263782 6  3
263783 6  3
263784 6  3
263785 6  3
263786 6  3
263787 6  3
263788 6  3
263789 6  3
263790 6  3
263791 6  3
263792 6  3
263793 6  3
263794 6  3
263795 6  3
263796 6  3
263797 6  3
263798 6  3
263799 6  3
263800 6  3
263801 6  3
263802 6  3
263803 6  3
263804 6  3
263805 6  3
263806 6  3
263807 6  3
263808 6  3
263809 6  3
263810 6  3
263811 6  3
263812 6  3
263813 6  3
263814 6  3
263815 6  3
263816 6  3
263817 6  3
263818 6  3
263819 6  3
263820 6  3
263821 6  3
263822 6  3
263823 6  3
263824 6  3
263825 6  3
263826 6  3
263827 6  3
263828 6  3
263829 6  3
263830 6  3
263831 6  3
263832 6  3
263833 6  3
263834 6  3
263835 6  3
263836 6  3
263837 6  3
263838 6  3
263839 6  3
263840 6  3
263841 6  3
263842 6  3
263843 6  3
263844 6  3
263845 6  3
263846 6  3
263847 6  3
263848 6  3
263849 6  3
263850 6  3
263851 6  3
263852 6  3
263853 6  3
263854 6  3
263855 6  3
263856 6  3
263857 6  3
263858 6  3
263859 6  3
263860 6  3
263861 6  3
263862 6  3
263863 6  3
263864 6  3
263865 6  3
263866 6  3
263867 6  3
263868 6  3
263869 6  3
263870 6  3
263871 6  3
263872 6  3
263873 6  3
263874 6  3
263875 6  3
263876 6  3
263877 6  3
263878 6  3
263879 6  3
263880 6  3
263881 6  3
263882 6  3
263883 6  3
263884 6  3
263885 6  3
263886 6  3
263887 6  3
263888 6  3
263889 6  3
263890 6  3
263891 6  3
263892 6  3
263893 6  3
263894 6  3
263895 6  3
263896 6  3
263897 6  3
263898 6  3
263899 6  3
263900 6  3
263901 6  3
263902 6  3
263903 6  3
263904 6  3
263905 6  3
263906 6  3
263907 6  3
263908 6  3
263909 6  3
263910 6  3
263911 6  3
263912 6  3
263913 6  3
263914 6  3
263915 6  3
263916 6  3
263917 6  3
263918 6  3
263919 6  3
263920 6  3
263921 6  3
263922 6  3
263923 6  3
263924 6  3
263925 6  3
263926 6  3
263927 6  3
263928 6  3
263929 6  3
263930 6  3
263931 6  3
263932 6  3
263933 6  3
263934 6  3
263935 6  3
263936 6  3
263937 6  3
263938 6  3
263939 6  3
263940 6  3
263941 6  3
263942 6  3
263943 6  3
263944 6  3
263945 6  3
263946 6  3
263947 6  3
263948 6  3
263949 6  3
263950 6  3
263951 6  3
263952 6  3
263953 6  3
263954 6  3
263955 6  3
263956 6  3
263957 6  3
263958 6  3
263959 6  3
263960 6  3
263961 6  3
263962 6  3
263963 6  3
263964 6  3
263965 6  3
263966 6  3
263967 6  3
263968 6  3
263969 6  3
263970 6  3
263971 6  3
263972 6  3
263973 6  3
263974 6  3
263975 6  3
263976 6  3
263977 6  3
263978 6  3
263979 6  3
263980 6  3
263981 6  3
263982 6  3
263983 6  3
263984 6  3
263985 6  3
263986 6  3
263987 6  3
263988 6  3
263989 6  3
263990 6  3
263991 6  3
263992 6  3
263993 6  3
263994 6  3
263995 6  3
263996 6  3
263997 6  3
263998 6  3
263999 6  3
264000 6  3
264001 6  3
264002 6  3
264003 6  3
264004 6  3
264005 6  3
264006 6  3
264007 6  3
264008 6  3
264009 6  3
264010 6  3
264011 6  3
264012 6  3
264013 6  3
264014 6  3
264015 6  3
264016 6  3
264017 6  3
264018 6  3
264019 6  3
264020 6  3
264021 6  3
264022 6  3
264023 6  3
264024 6  3
264025 6  3
264026 6  3
264027 6  3
264028 6  3
264029 6  3
264030 6  3
264031 6  3
264032 6  3
264033 6  3
264034 6  3
264035 6  3
264036 6  3
264037 6  3
264038 6  3
264039 6  3
264040 6  3
264041 6  3
264042 6  3
264043 6  3
264044 6  3
264045 6  3
264046 6  3
264047 6  3
264048 6  3
264049 6  3
264050 6  3
264051 6  3
264052 6  3
264053 6  3
264054 6  3
264055 6  3
264056 6  3
264057 6  3
264058 6  3
264059 6  3
264060 6  3
264061 6  3
264062 6  3
264063 6  3
264064 6  3
264065 6  3
264066 6  3
264067 6  3
264068 6  3
264069 6  3
264070 6  3
264071 6  3
264072 6  3
264073 6  3
264074 6  3
264075 6  3
264076 6  3
264077 6  3
264078 6  3
264079 6  3
264080 6  3
264081 6  3
264082 6  3
264083 6  3
264084 6  3
264085 6  3
264086 6  3
264087 6  3
264088 6  3
264089 6  3
264090 6  3
264091 6  3
264092 6  3
264093 6  3
264094 6  3
264095 6  3
264096 6  3
264097 6  3
264098 6  3
264099 6  3
264100 6  3
264101 6  3
264102 6  3
264103 6  3
264104 6  3
264105 6  3
264106 6  3
264107 6  3
264108 6  3
264109 6  3
264110 6  3
264111 6  3
264112 6  3
264113 6  3
264114 6  3
264115 6  3
264116 6  3
264117 6  3
264118 6  3
264119 6  3
264120 6  3
264121 6  3
264122 6  3
264123 6  3
264124 6  3
264125 6  3
264126 6  3
264127 6  3
264128 6  3
264129 6  3
264130 6  3
264131 6  3
264132 6  3
264133 6  3
264134 6  3
264135 6  3
264136 6  3
264137 6  3
264138 6  3
264139 6  3
264140 6  3
264141 6  3
264142 6  3
264143 6  3
264144 6  3
264145 6  3
264146 6  3
264147 6  3
264148 6  3
264149 6  3
264150 6  3
264151 6  3
264152 6  3
264153 6  3
264154 6  3
264155 6  3
264156 6  3
264157 6  3
264158 6  3
264159 6  3
264160 6  3
264161 6  3
264162 6  3
264163 6  3
264164 6  3
264165 6  3
264166 6  3
264167 6  3
264168 6  3
264169 6  3
264170 6  3
264171 6  3
264172 6  3
264173 6  3
264174 6  3
264175 6  3
264176 6  3
264177 6  3
264178 6  3
264179 6  3
264180 6  3
264181 6  3
264182 6  3
264183 6  3
264184 6  3
264185 6  3
264186 6  3
264187 6  3
264188 6  3
264189 6  3
264190 6  3
264191 6  3
264192 6  3
264193 6  3
264194 6  3
264195 6  3
264196 6  3
264197 6  3
264198 6  3
264199 6  3
264200 6  3
264201 6  3
264202 6  3
264203 6  3
264204 6  3
264205 6  3
264206 6  3
264207 6  3
264208 6  3
264209 6  3
264210 6  3
264211 6  3
264212 6  3
264213 6  3
264214 6  3
264215 6  3
264216 6  3
264217 6  3
264218 6  3
264219 6  3
264220 6  3
264221 6  3
264222 6  3
264223 6  3
264224 6  3
264225 6  3
264226 6  3
264227 6  3
264228 6  3
264229 6  3
264230 6  3
264231 6  3
264232 6  3
264233 6  3
264234 6  3
264235 6  3
264236 6  3
264237 6  3
264238 6  3
264239 6  3
264240 6  3
264241 6  3
264242 6  3
264243 6  3
264244 6  3
264245 6  3
264246 6  3
264247 6  3
264248 6  3
264249 6  3
264250 6  3
264251 6  3
264252 6  3
264253 6  3
264254 6  3
264255 6  3
264256 6  3
264257 6  3
264258 6  3
264259 6  3
264260 6  3
264261 6  3
264262 6  3
264263 6  3
264264 6  3
264265 6  3
264266 6  3
264267 6  3
264268 6  3
264269 6  3
264270 6  3
264271 6  3
264272 6  3
264273 6  3
264274 6  3
264275 6  3
264276 6  3
264277 6  3
264278 6  3
264279 6  3
264280 6  3
264281 6  3
264282 6  3
264283 6  3
264284 6  3
264285 6  3
264286 6  3
264287 6  3
264288 6  3
264289 6  3
264290 6  3
264291 6  3
264292 6  3
264293 6  3
264294 6  3
264295 6  3
264296 6  3
264297 6  3
264298 6  3
264299 6  3
264300 6  3
264301 6  3
264302 6  3
264303 6  3
264304 6  3
264305 6  3
264306 6  3
264307 6  3
264308 6  3
264309 6  3
264310 6  3
264311 6  3
264312 6  3
264313 6  3
264314 6  3
264315 6  3
264316 6  3
264317 6  3
264318 6  3
264319 6  3
264320 6  3
264321 6  3
264322 6  3
264323 6  3
264324 6  3
264325 6  3
264326 6  3
264327 6  3
264328 6  3
264329 6  3
264330 6  3
264331 6  3
264332 6  3
264333 6  3
264334 6  3
264335 6  3
264336 6  3
264337 6  3
264338 6  3
264339 6  3
264340 6  3
264341 6  3
264342 6  3
264343 6  3
264344 6  3
264345 6  3
264346 6  3
264347 6  3
264348 6  3
264349 6  3
264350 6  3
264351 6  3
264352 6  3
264353 6  3
264354 6  3
264355 6  3
264356 6  3
264357 6  3
264358 6  3
264359 6  3
264360 6  3
264361 6  3
264362 6  3
264363 6  3
264364 6  3
264365 6  3
264366 6  3
264367 6  3
264368 6  3
264369 6  3
264370 6  3
264371 6  3
264372 6  3
264373 6  3
264374 6  3
264375 6  3
264376 6  3
264377 6  3
264378 6  3
264379 6  3
264380 6  3
264381 6  3
264382 6  3
264383 6  3
264384 6  3
264385 6  3
264386 6  3
264387 6  3
264388 6  3
264389 6  3
264390 6  3
264391 6  3
264392 6  3
264393 6  3
264394 6  3
264395 6  3
264396 6  3
264397 6  3
264398 6  3
264399 6  3
264400 6  3
264401 6  3
264402 6  3
264403 6  3
264404 6  3
264405 6  3
264406 6  3
264407 6  3
264408 6  3
264409 6  3
264410 6  3
264411 6  3
264412 6  3
264413 6  3
264414 6  3
264415 6  3
264416 6  3
264417 6  3
264418 6  3
264419 6  3
264420 6  3
264421 6  3
264422 6  3
264423 6  3
264424 6  3
264425 6  3
264426 6  3
264427 6  3
264428 6  3
264429 6  3
264430 6  3
264431 6  3
264432 6  3
264433 6  3
264434 6  3
264435 6  3
264436 6  3
264437 6  3
264438 6  3
264439 6  3
264440 6  3
264441 6  3
264442 6  3
264443 6  3
264444 6  3
264445 6  3
264446 6  3
264447 6  3
264448 6  3
264449 6  3
264450 6  3
264451 6  3
264452 6  3
264453 6  3
264454 6  3
264455 6  3
264456 6  3
264457 6  3
264458 6  3
264459 6  3
264460 6  3
264461 6  3
264462 6  3
264463 6  3
264464 6  3
264465 6  3
264466 6  3
264467 6  3
264468 6  3
264469 6  3
264470 6  3
264471 6  3
264472 6  3
264473 6  3
264474 6  3
264475 6  3
264476 6  3
264477 6  3
264478 6  3
264479 6  3
264480 6  3
264481 6  3
264482 6  3
264483 6  3
264484 6  3
264485 6  3
264486 6  3
264487 6  3
264488 6  3
264489 6  3
264490 6  3
264491 6  3
264492 6  3
264493 6  3
264494 6  3
264495 6  3
264496 6  3
264497 6  3
264498 6  3
264499 6  3
264500 6  3
264501 6  3
264502 6  3
264503 6  3
264504 6  3
264505 6  3
264506 6  3
264507 6  3
264508 6  3
264509 6  3
264510 6  3
264511 6  3
264512 6  3
264513 6  3
264514 6  3
264515 6  3
264516 6  3
264517 6  3
264518 6  3
264519 6  3
264520 6  3
264521 6  3
264522 6  3
264523 6  3
264524 6  3
264525 6  3
264526 6  3
264527 6  3
264528 6  3
264529 6  3
264530 6  3
264531 6  3
264532 6  3
264533 6  3
264534 6  3
264535 6  3
264536 6  3
264537 6  3
264538 6  3
264539 6  3
264540 6  3
264541 6  3
264542 6  3
264543 6  3
264544 6  3
264545 6  3
264546 6  3
264547 6  3
264548 6  3
264549 6  3
264550 6  3
264551 6  3
264552 6  3
264553 6  3
264554 6  3
264555 6  3
264556 6  3
264557 6  3
264558 6  3
264559 6  3
264560 6  3
264561 6  3
264562 6  3
264563 6  3
264564 6  3
264565 6  3
264566 6  3
264567 6  3
264568 6  3
264569 6  3
264570 6  3
264571 6  3
264572 6  3
264573 6  3
264574 6  3
264575 6  3
264576 6  3
264577 6  3
264578 6  3
264579 6  3
264580 6  3
264581 6  3
264582 6  3
264583 6  3
264584 6  3
264585 6  3
264586 6  3
264587 6  3
264588 6  3
264589 6  3
264590 6  3
264591 6  3
264592 6  3
264593 6  3
264594 6  3
264595 6  3
264596 6  3
264597 6  3
264598 6  3
264599 6  3
264600 6  3
264601 6  3
264602 6  3
264603 6  3
264604 6  3
264605 6  3
264606 6  3
264607 6  3
264608 6  3
264609 6  3
264610 6  3
264611 6  3
264612 6  3
264613 6  3
264614 6  3
264615 6  3
264616 6  3
264617 6  3
264618 6  3
264619 6  3
264620 6  3
264621 6  3
264622 6  3
264623 6  3
264624 6  3
264625 6  3
264626 6  3
264627 6  3
264628 6  3
264629 6  3
264630 6  3
264631 6  3
264632 6  3
264633 6  3
264634 6  3
264635 6  3
264636 6  3
264637 6  3
264638 6  3
264639 6  3
264640 6  3
264641 6  3
264642 6  3
264643 6  3
264644 6  3
264645 6  3
264646 6  3
264647 6  3
264648 6  3
264649 6  3
264650 6  3
264651 6  3
264652 6  3
264653 6  3
264654 6  3
264655 6  3
264656 6  3
264657 6  3
264658 6  3
264659 6  3
264660 6  3
264661 6  3
264662 6  3
264663 6  3
264664 6  3
264665 6  3
264666 6  3
264667 6  3
264668 6  3
264669 6  3
264670 6  3
264671 6  3
264672 6  3
264673 6  3
264674 6  3
264675 6  3
264676 6  3
264677 6  3
264678 6  3
264679 6  3
264680 6  3
264681 6  3
264682 6  3
264683 6  3
264684 6  3
264685 6  3
264686 6  3
264687 6  3
264688 6  3
264689 6  3
264690 6  3
264691 6  3
264692 6  3
264693 6  3
264694 6  3
264695 6  3
264696 6  3
264697 6  3
264698 6  3
264699 6  3
264700 6  3
264701 6  3
264702 6  3
264703 6  3
264704 6  3
264705 6  3
264706 6  3
264707 6  3
264708 6  3
264709 6  3
264710 6  3
264711 6  3
264712 6  3
264713 6  3
264714 6  3
264715 6  3
264716 6  3
264717 6  3
264718 6  3
264719 6  3
264720 6  3
264721 6  3
264722 6  3
264723 6  3
264724 6  3
264725 6  3
264726 6  3
264727 6  3
264728 6  3
264729 6  3
264730 6  3
264731 6  3
264732 6  3
264733 6  3
264734 6  3
264735 6  3
264736 6  3
264737 6  3
264738 6  3
264739 6  3
264740 6  3
264741 6  3
264742 6  3
264743 6  3
264744 6  3
264745 6  3
264746 6  3
264747 6  3
264748 6  3
264749 6  3
264750 6  3
264751 6  3
264752 6  3
264753 6  3
264754 6  3
264755 6  3
264756 6  3
264757 6  3
264758 6  3
264759 6  3
264760 6  3
264761 6  3
264762 6  3
264763 6  3
264764 6  3
264765 6  3
264766 6  3
264767 6  3
264768 6  3
264769 6  3
264770 6  3
264771 6  3
264772 6  3
264773 6  3
264774 6  3
264775 6  3
264776 6  3
264777 6  3
264778 6  3
264779 6  3
264780 6  3
264781 6  3
264782 6  3
264783 6  3
264784 6  3
264785 6  3
264786 6  3
264787 6  3
264788 6  3
264789 6  3
264790 6  3
264791 6  3
264792 6  3
264793 6  3
264794 6  3
264795 6  3
264796 6  3
264797 6  3
264798 6  3
264799 6  3
264800 6  3
264801 6  3
264802 6  3
264803 6  3
264804 6  3
264805 6  3
264806 6  3
264807 6  3
264808 6  3
264809 6  3
264810 6  3
264811 6  3
264812 6  3
264813 6  3
264814 6  3
264815 6  3
264816 6  3
264817 6  3
264818 6  3
264819 6  3
264820 6  3
264821 6  3
264822 6  3
264823 6  3
264824 6  3
264825 6  3
264826 6  3
264827 6  3
264828 6  3
264829 6  3
264830 6  3
264831 6  3
264832 6  3
264833 6  3
264834 6  3
264835 6  3
264836 6  3
264837 6  3
264838 6  3
264839 6  3
264840 6  3
264841 6  3
264842 6  3
264843 6  3
264844 6  3
264845 6  3
264846 6  3
264847 6  3
264848 6  3
264849 6  3
264850 6  3
264851 6  3
264852 6  3
264853 6  3
264854 6  3
264855 6  3
264856 6  3
264857 6  3
264858 6  3
264859 6  3
264860 6  3
264861 6  3
264862 6  3
264863 6  3
264864 6  3
264865 6  3
264866 6  3
264867 6  3
264868 6  3
264869 6  3
264870 6  3
264871 6  3
264872 6  3
264873 6  3
264874 6  3
264875 6  3
264876 6  3
264877 6  3
264878 6  3
264879 6  3
264880 6  3
264881 6  3
264882 6  3
264883 6  3
264884 6  3
264885 6  3
264886 6  3
264887 6  3
264888 6  3
264889 6  3
264890 6  3
264891 6  3
264892 6  3
264893 6  3
264894 6  3
264895 6  3
264896 6  3
264897 6  3
264898 6  3
264899 6  3
264900 6  3
264901 6  3
264902 6  3
264903 6  3
264904 6  3
264905 6  3
264906 6  3
264907 6  3
264908 6  3
264909 6  3
264910 6  3
264911 6  3
264912 6  3
264913 6  3
264914 6  3
264915 6  3
264916 6  3
264917 6  3
264918 6  3
264919 6  3
264920 6  3
264921 6  3
264922 6  3
264923 6  3
264924 6  3
264925 6  3
264926 6  3
264927 6  3
264928 6  3
264929 6  3
264930 6  3
264931 6  3
264932 6  3
264933 6  3
264934 6  3
264935 6  3
264936 6  3
264937 6  3
264938 6  3
264939 6  3
264940 6  3
264941 6  3
264942 6  3
264943 6  3
264944 6  3
264945 6  3
264946 6  3
264947 6  3
264948 6  3
264949 6  3
264950 6  3
264951 6  3
264952 6  3
264953 6  3
264954 6  3
264955 6  3
264956 6  3
264957 6  3
264958 6  3
264959 6  3
264960 6  3
264961 6  3
264962 6  3
264963 6  3
264964 6  3
264965 6  3
264966 6  3
264967 6  3
264968 6  3
264969 6  3
264970 6  3
264971 6  3
264972 6  3
264973 6  3
264974 6  3
264975 6  3
264976 6  3
264977 6  3
264978 6  3
264979 6  3
264980 6  3
264981 6  3
264982 6  3
264983 6  3
264984 6  3
264985 6  3
264986 6  3
264987 6  3
264988 6  3
264989 6  3
264990 6  3
264991 6  3
264992 6  3
264993 6  3
264994 6  3
264995 6  3
264996 6  3
264997 6  3
264998 6  3
264999 6  3
265000 6  3
265001 6  3
265002 6  3
265003 6  3
265004 6  3
265005 6  3
265006 6  3
265007 6  3
265008 6  3
265009 6  3
265010 6  3
265011 6  3
265012 6  3
265013 6  3
265014 6  3
265015 6  3
265016 6  3
265017 6  3
265018 6  3
265019 6  3
265020 6  3
265021 6  3
265022 6  3
265023 6  3
265024 6  3
265025 6  3
265026 6  3
265027 6  3
265028 6  3
265029 6  3
265030 6  3
265031 6  3
265032 6  3
265033 6  3
265034 6  3
265035 6  3
265036 6  3
265037 6  3
265038 6  3
265039 6  3
265040 6  3
265041 6  3
265042 6  3
265043 6  3
265044 6  3
265045 6  3
265046 6  3
265047 6  3
265048 6  3
265049 6  3
265050 6  3
265051 6  3
265052 6  3
265053 6  3
265054 6  3
265055 6  3
265056 6  3
265057 6  3
265058 6  3
265059 6  3
265060 6  3
265061 6  3
265062 6  3
265063 6  3
265064 6  3
265065 6  3
265066 6  3
265067 6  3
265068 6  3
265069 6  3
265070 6  3
265071 6  3
265072 6  3
265073 6  3
265074 6  3
265075 6  3
265076 6  3
265077 6  3
265078 6  3
265079 6  3
265080 6  3
265081 6  3
265082 6  3
265083 6  3
265084 6  3
265085 6  3
265086 6  3
265087 6  3
265088 6  3
265089 6  3
265090 6  3
265091 6  3
265092 6  3
265093 6  3
265094 6  3
265095 6  3
265096 6  3
265097 6  3
265098 6  3
265099 6  3
265100 6  3
265101 6  3
265102 6  3
265103 6  3
265104 6  3
265105 6  3
265106 6  3
265107 6  3
265108 6  3
265109 6  3
265110 6  3
265111 6  3
265112 6  3
265113 6  3
265114 6  3
265115 6  3
265116 6  3
265117 6  3
265118 6  3
265119 6  3
265120 6  3
265121 6  3
265122 6  3
265123 6  3
265124 6  3
265125 6  3
265126 6  3
265127 6  3
265128 6  3
265129 6  3
265130 6  3
265131 6  3
265132 6  3
265133 6  3
265134 6  3
265135 6  3
265136 6  3
265137 6  3
265138 6  3
265139 6  3
265140 6  3
265141 6  3
265142 6  3
265143 6  3
265144 6  3
265145 6  3
265146 6  3
265147 6  3
265148 6  3
265149 6  3
265150 6  3
265151 6  3
265152 6  3
265153 6  3
265154 6  3
265155 6  3
265156 6  3
265157 6  3
265158 6  3
265159 6  3
265160 6  3
265161 6  3
265162 6  3
265163 6  3
265164 6  3
265165 6  3
265166 6  3
265167 6  3
265168 6  3
265169 6  3
265170 6  3
265171 6  3
265172 6  3
265173 6  3
265174 6  3
265175 6  3
265176 6  3
265177 6  3
265178 6  3
265179 6  3
265180 6  3
265181 6  3
265182 6  3
265183 6  3
265184 6  3
265185 6  3
265186 6  3
265187 6  3
265188 6  3
265189 6  3
265190 6  3
265191 6  3
265192 6  3
265193 6  3
265194 6  3
265195 6  3
265196 6  3
265197 6  3
265198 6  3
265199 6  3
265200 6  3
265201 6  3
265202 6  3
265203 6  3
265204 6  3
265205 6  3
265206 6  3
265207 6  3
265208 6  3
265209 6  3
265210 6  3
265211 6  3
265212 6  3
265213 6  3
265214 6  3
265215 6  3
265216 6  3
265217 6  3
265218 6  3
265219 6  3
265220 6  3
265221 6  3
265222 6  3
265223 6  3
265224 6  3
265225 6  3
265226 6  3
265227 6  3
265228 6  3
265229 6  3
265230 6  3
265231 6  3
265232 6  3
265233 6  3
265234 6  3
265235 6  3
265236 6  3
265237 6  3
265238 6  3
265239 6  3
265240 6  3
265241 6  3
265242 6  3
265243 6  3
265244 6  3
265245 6  3
265246 6  3
265247 6  3
265248 6  3
265249 6  3
265250 6  3
265251 6  3
265252 6  3
265253 6  3
265254 6  3
265255 6  3
265256 6  3
265257 6  3
265258 6  3
265259 6  3
265260 6  3
265261 6  3
265262 6  3
265263 6  3
265264 6  3
265265 6  3
265266 6  3
265267 6  3
265268 6  3
265269 6  3
265270 6  3
265271 6  3
265272 6  3
265273 6  3
265274 6  3
265275 6  3
265276 6  3
265277 6  3
265278 6  3
265279 6  3
265280 6  3
265281 6  3
265282 6  3
265283 6  3
265284 6  3
265285 6  3
265286 6  3
265287 6  3
265288 6  3
265289 6  3
265290 6  3
265291 6  3
265292 6  3
265293 6  3
265294 6  3
265295 6  3
265296 6  3
265297 6  3
265298 6  3
265299 6  3
265300 6  3
265301 6  3
265302 6  3
265303 6  3
265304 6  3
265305 6  3
265306 6  3
265307 6  3
265308 6  3
265309 6  3
265310 6  3
265311 6  3
265312 6  3
265313 6  3
265314 6  3
265315 6  3
265316 6  3
265317 6  3
265318 6  3
265319 6  3
265320 6  3
265321 6  3
265322 6  3
265323 6  3
265324 6  3
265325 6  3
265326 6  3
265327 6  3
265328 6  3
265329 6  3
265330 6  3
265331 6  3
265332 6  3
265333 6  3
265334 6  3
265335 6  3
265336 6  3
265337 6  3
265338 6  3
265339 6  3
265340 6  3
265341 6  3
265342 6  3
265343 6  3
265344 6  3
265345 6  3
265346 6  3
265347 6  3
265348 6  3
265349 6  3
265350 6  3
265351 6  3
265352 6  3
265353 6  3
265354 6  3
265355 6  3
265356 6  3
265357 6  3
265358 6  3
265359 6  3
265360 6  3
265361 6  3
265362 6  3
265363 6  3
265364 6  3
265365 6  3
265366 6  3
265367 6  3
265368 6  3
265369 6  3
265370 6  3
265371 6  3
265372 6  3
265373 6  3
265374 6  3
265375 6  3
265376 6  3
265377 6  3
265378 6  3
265379 6  3
265380 6  3
265381 6  3
265382 6  3
265383 6  3
265384 6  3
265385 6  3
265386 6  3
265387 6  3
265388 6  3
265389 6  3
265390 6  3
265391 6  3
265392 6  3
265393 6  3
265394 6  3
265395 6  3
265396 6  3
265397 6  3
265398 6  3
265399 6  3
265400 6  3
265401 6  3
265402 6  3
265403 6  3
265404 6  3
265405 6  3
265406 6  3
265407 6  3
265408 6  3
265409 6  3
265410 6  3
265411 6  3
265412 6  3
265413 6  3
265414 6  3
265415 6  3
265416 6  3
265417 6  3
265418 6  3
265419 6  3
265420 6  3
265421 6  3
265422 6  3
265423 6  3
265424 6  3
265425 6  3
265426 6  3
265427 6  3
265428 6  3
265429 6  3
265430 6  3
265431 6  3
265432 6  3
265433 6  3
265434 6  3
265435 6  3
265436 6  3
265437 6  3
265438 6  3
265439 6  3
265440 6  3
265441 6  3
265442 6  3
265443 6  3
265444 6  3
265445 6  3
265446 6  3
265447 6  3
265448 6  3
265449 6  3
265450 6  3
265451 6  3
265452 6  3
265453 6  3
265454 6  3
265455 6  3
265456 6  3
265457 6  3
265458 6  3
265459 6  3
265460 6  3
265461 6  3
265462 6  3
265463 6  3
265464 6  3
265465 6  3
265466 6  3
265467 6  3
265468 6  3
265469 6  3
265470 6  3
265471 6  3
265472 6  3
265473 6  3
265474 6  3
265475 6  3
265476 6  3
265477 6  3
265478 6  3
265479 6  3
265480 6  3
265481 6  3
265482 6  3
265483 6  3
265484 6  3
265485 6  3
265486 6  3
265487 6  3
265488 6  3
265489 6  3
265490 6  3
265491 6  3
265492 6  3
265493 6  3
265494 6  3
265495 6  3
265496 6  3
265497 6  3
265498 6  3
265499 6  3
265500 6  3
265501 6  3
265502 6  3
265503 6  3
265504 6  3
265505 6  3
265506 6  3
265507 6  3
265508 6  3
265509 6  3
265510 6  3
265511 6  3
265512 6  3
265513 6  3
265514 6  3
265515 6  3
265516 6  3
265517 6  3
265518 6  3
265519 6  3
265520 6  3
265521 6  3
265522 6  3
265523 6  3
265524 6  3
265525 6  3
265526 6  3
265527 6  3
265528 6  3
265529 6  3
265530 6  3
265531 6  3
265532 6  3
265533 6  3
265534 6  3
265535 6  3
265536 6  3
265537 6  3
265538 6  3
265539 6  3
265540 6  3
265541 6  3
265542 6  3
265543 6  3
265544 6  3
265545 6  3
265546 6  3
265547 6  3
265548 6  3
265549 6  3
265550 6  3
265551 6  3
265552 6  3
265553 6  3
265554 6  3
265555 6  3
265556 6  3
265557 6  3
265558 6  3
265559 6  3
265560 6  3
265561 6  3
265562 6  3
265563 6  3
265564 6  3
265565 6  3
265566 6  3
265567 6  3
265568 6  3
265569 6  3
265570 6  3
265571 6  3
265572 6  3
265573 6  3
265574 6  3
265575 6  3
265576 6  3
265577 6  3
265578 6  3
265579 6  3
265580 6  3
265581 6  3
265582 6  3
265583 6  3
265584 6  3
265585 6  3
265586 6  3
265587 6  3
265588 6  3
265589 6  3
265590 6  3
265591 6  3
265592 6  3
265593 6  3
265594 6  3
265595 6  3
265596 6  3
265597 6  3
265598 6  3
265599 6  3
265600 6  3
265601 6  3
265602 6  3
265603 6  3
265604 6  3
265605 6  3
265606 6  3
265607 6  3
265608 6  3
265609 6  3
265610 6  3
265611 6  3
265612 6  3
265613 6  3
265614 6  3
265615 6  3
265616 6  3
265617 6  3
265618 6  3
265619 6  3
265620 6  3
265621 6  3
265622 6  3
265623 6  3
265624 6  3
265625 6  3
265626 6  3
265627 6  3
265628 6  3
265629 6  3
265630 6  3
265631 6  3
265632 6  3
265633 6  3
265634 6  3
265635 6  3
265636 6  3
265637 6  3
265638 6  3
265639 6  3
265640 6  3
265641 6  3
265642 6  3
265643 6  3
265644 6  3
265645 6  3
265646 6  3
265647 6  3
265648 6  3
265649 6  3
265650 6  3
265651 6  3
265652 6  3
265653 6  3
265654 6  3
265655 6  3
265656 6  3
265657 6  3
265658 6  3
265659 6  3
265660 6  3
265661 6  3
265662 6  3
265663 6  3
265664 6  3
265665 6  3
265666 6  3
265667 6  3
265668 6  3
265669 6  3
265670 6  3
265671 6  3
265672 6  3
265673 6  3
265674 6  3
265675 6  3
265676 6  3
265677 6  3
265678 6  3
265679 6  3
265680 6  3
265681 6  3
265682 6  3
265683 6  3
265684 6  3
265685 6  3
265686 6  3
265687 6  3
265688 6  3
265689 6  3
265690 6  3
265691 6  3
265692 6  3
265693 6  3
265694 6  3
265695 6  3
265696 6  3
265697 6  3
265698 6  3
265699 6  3
265700 6  3
265701 6  3
265702 6  3
265703 6  3
265704 6  3
265705 6  3
265706 6  3
265707 6  3
265708 6  3
265709 6  3
265710 6  3
265711 6  3
265712 6  3
265713 6  3
265714 6  3
265715 6  3
265716 6  3
265717 6  3
265718 6  3
265719 6  3
265720 6  3
265721 6  3
265722 6  3
265723 6  3
265724 6  3
265725 6  3
265726 6  3
265727 6  3
265728 6  3
265729 6  3
265730 6  3
265731 6  3
265732 6  3
265733 6  3
265734 6  3
265735 6  3
265736 6  3
265737 6  3
265738 6  3
265739 6  3
265740 6  3
265741 6  3
265742 6  3
265743 6  3
265744 6  3
265745 6  3
265746 6  3
265747 6  3
265748 6  3
265749 6  3
265750 6  3
265751 6  3
265752 6  3
265753 6  3
265754 6  3
265755 6  3
265756 6  3
265757 6  3
265758 6  3
265759 6  3
265760 6  3
265761 6  3
265762 6  3
265763 6  3
265764 6  3
265765 6  3
265766 6  3
265767 6  3
265768 6  3
265769 6  3
265770 6  3
265771 6  3
265772 6  3
265773 6  3
265774 6  3
265775 6  3
265776 6  3
265777 6  3
265778 6  3
265779 6  3
265780 6  3
265781 6  3
265782 6  3
265783 6  3
265784 6  3
265785 6  3
265786 6  3
265787 6  3
265788 6  3
265789 6  3
265790 6  3
265791 6  3
265792 6  3
265793 6  3
265794 6  3
265795 6  3
265796 6  3
265797 6  3
265798 6  3
265799 6  3
265800 6  3
265801 6  3
265802 6  3
265803 6  3
265804 6  3
265805 6  3
265806 6  3
265807 6  3
265808 6  3
265809 6  3
265810 6  3
265811 6  3
265812 6  3
265813 6  3
265814 6  3
265815 6  3
265816 6  3
265817 6  3
265818 6  3
265819 6  3
265820 6  3
265821 6  3
265822 6  3
265823 6  3
265824 6  3
265825 6  3
265826 6  3
265827 6  3
265828 6  3
265829 6  3
265830 6  3
265831 6  3
265832 6  3
265833 6  3
265834 6  3
265835 6  3
265836 6  3
265837 6  3
265838 6  3
265839 6  3
265840 6  3
265841 6  3
265842 6  3
265843 6  3
265844 6  3
265845 6  3
265846 6  3
265847 6  3
265848 6  3
265849 6  3
265850 6  3
265851 6  3
265852 6  3
265853 6  3
265854 6  3
265855 6  3
265856 6  3
265857 6  3
265858 6  3
265859 6  3
265860 6  3
265861 6  3
265862 6  3
265863 6  3
265864 6  3
265865 6  3
265866 6  3
265867 6  3
265868 6  3
265869 6  3
265870 6  3
265871 6  3
265872 6  3
265873 6  3
265874 6  3
265875 6  3
265876 6  3
265877 6  3
265878 6  3
265879 6  3
265880 6  3
265881 6  3
265882 6  3
265883 6  3
265884 6  3
265885 6  3
265886 6  3
265887 6  3
265888 6  3
265889 6  3
265890 6  3
265891 6  3
265892 6  3
265893 6  3
265894 6  3
265895 6  3
265896 6  3
265897 6  3
265898 6  3
265899 6  3
265900 6  3
265901 6  3
265902 6  3
265903 6  3
265904 6  3
265905 6  3
265906 6  3
265907 6  3
265908 6  3
265909 6  3
265910 6  3
265911 6  3
265912 6  3
265913 6  3
265914 6  3
265915 6  3
265916 6  3
265917 6  3
265918 6  3
265919 6  3
265920 6  3
265921 6  3
265922 6  3
265923 6  3
265924 6  3
265925 6  3
265926 6  3
265927 6  3
265928 6  3
265929 6  3
265930 6  3
265931 6  3
265932 6  3
265933 6  3
265934 6  3
265935 6  3
265936 6  3
265937 6  3
265938 6  3
265939 6  3
265940 6  3
265941 6  3
265942 6  3
265943 6  3
265944 6  3
265945 6  3
265946 6  3
265947 6  3
265948 6  3
265949 6  3
265950 6  3
265951 6  3
265952 6  3
265953 6  3
265954 6  3
265955 6  3
265956 6  3
265957 6  3
265958 6  3
265959 6  3
265960 6  3
265961 6  3
265962 6  3
265963 6  3
265964 6  3
265965 6  3
265966 6  3
265967 6  3
265968 6  3
265969 6  3
265970 6  3
265971 6  3
265972 6  3
265973 6  3
265974 6  3
265975 6  3
265976 6  3
265977 6  3
265978 6  3
265979 6  3
265980 6  3
265981 6  3
265982 6  3
265983 6  3
265984 6  3
265985 6  3
265986 6  3
265987 6  3
265988 6  3
265989 6  3
265990 6  3
265991 6  3
265992 6  3
265993 6  3
265994 6  3
265995 6  3
265996 6  3
265997 6  3
265998 6  3
265999 6  3
266000 6  3
266001 6  3
266002 6  3
266003 6  3
266004 6  3
266005 6  3
266006 6  3
266007 6  3
266008 6  3
266009 6  3
266010 6  3
266011 6  3
266012 6  3
266013 6  3
266014 6  3
266015 6  3
266016 6  3
266017 6  3
266018 6  3
266019 6  3
266020 6  3
266021 6  3
266022 6  3
266023 6  3
266024 6  3
266025 6  3
266026 6  3
266027 6  3
266028 6  3
266029 6  3
266030 6  3
266031 6  3
266032 6  3
266033 6  3
266034 6  3
266035 6  3
266036 6  3
266037 6  3
266038 6  3
266039 6  3
266040 6  3
266041 6  3
266042 6  3
266043 6  3
266044 6  3
266045 6  3
266046 6  3
266047 6  3
266048 6  3
266049 6  3
266050 6  3
266051 6  3
266052 6  3
266053 6  3
266054 6  3
266055 6  3
266056 6  3
266057 6  3
266058 6  3
266059 6  3
266060 6  3
266061 6  3
266062 6  3
266063 6  3
266064 6  3
266065 6  3
266066 6  3
266067 6  3
266068 6  3
266069 6  3
266070 6  3
266071 6  3
266072 6  3
266073 6  3
266074 6  3
266075 6  3
266076 6  3
266077 6  3
266078 6  3
266079 6  3
266080 6  3
266081 6  3
266082 6  3
266083 6  3
266084 6  3
266085 6  3
266086 6  3
266087 6  3
266088 6  3
266089 6  3
266090 6  3
266091 6  3
266092 6  3
266093 6  3
266094 6  3
266095 6  3
266096 6  3
266097 6  3
266098 6  3
266099 6  3
266100 6  3
266101 6  3
266102 6  3
266103 6  3
266104 6  3
266105 6  3
266106 6  3
266107 6  3
266108 6  3
266109 6  3
266110 6  3
266111 6  3
266112 6  3
266113 6  3
266114 6  3
266115 6  3
266116 6  3
266117 6  3
266118 6  3
266119 6  3
266120 6  3
266121 6  3
266122 6  3
266123 6  3
266124 6  3
266125 6  3
266126 6  3
266127 6  3
266128 6  3
266129 6  3
266130 6  3
266131 6  3
266132 6  3
266133 6  3
266134 6  3
266135 6  3
266136 6  3
266137 6  3
266138 6  3
266139 6  3
266140 6  3
266141 6  3
266142 6  3
266143 6  3
266144 6  3
266145 6  3
266146 6  3
266147 6  3
266148 6  3
266149 6  3
266150 6  3
266151 6  3
266152 6  3
266153 6  3
266154 6  3
266155 6  3
266156 6  3
266157 6  3
266158 6  3
266159 6  3
266160 6  3
266161 6  3
266162 6  3
266163 6  3
266164 6  3
266165 6  3
266166 6  3
266167 6  3
266168 6  3
266169 6  3
266170 6  3
266171 6  3
266172 6  3
266173 6  3
266174 6  3
266175 6  3
266176 6  3
266177 6  3
266178 6  3
266179 6  3
266180 6  3
266181 6  3
266182 6  3
266183 6  3
266184 6  3
266185 6  3
266186 6  3
266187 6  3
266188 6  3
266189 6  3
266190 6  3
266191 6  3
266192 6  3
266193 6  3
266194 6  3
266195 6  3
266196 6  3
266197 6  3
266198 6  3
266199 6  3
266200 6  3
266201 6  3
266202 6  3
266203 6  3
266204 6  3
266205 6  3
266206 6  3
266207 6  3
266208 6  3
266209 6  3
266210 6  3
266211 6  3
266212 6  3
266213 6  3
266214 6  3
266215 6  3
266216 6  3
266217 6  3
266218 6  3
266219 6  3
266220 6  3
266221 6  3
266222 6  3
266223 6  3
266224 6  3
266225 6  3
266226 6  3
266227 6  3
266228 6  3
266229 6  3
266230 6  3
266231 6  3
266232 6  3
266233 6  3
266234 6  3
266235 6  3
266236 6  3
266237 6  3
266238 6  3
266239 6  3
266240 6  3
266241 6  3
266242 6  3
266243 6  3
266244 6  3
266245 6  3
266246 6  3
266247 6  3
266248 6  3
266249 6  3
266250 6  3
266251 6  3
266252 6  3
266253 6  3
266254 6  3
266255 6  3
266256 6  3
266257 6  3
266258 6  3
266259 6  3
266260 6  3
266261 6  3
266262 6  3
266263 6  3
266264 6  3
266265 6  3
266266 6  3
266267 6  3
266268 6  3
266269 6  3
266270 6  3
266271 6  3
266272 6  3
266273 6  3
266274 6  3
266275 6  3
266276 6  3
266277 6  3
266278 6  3
266279 6  3
266280 6  3
266281 6  3
266282 6  3
266283 6  3
266284 6  3
266285 6  3
266286 6  3
266287 6  3
266288 6  3
266289 6  3
266290 6  3
266291 6  3
266292 6  3
266293 6  3
266294 6  3
266295 6  3
266296 6  3
266297 6  3
266298 6  3
266299 6  3
266300 6  3
266301 6  3
266302 6  3
266303 6  3
266304 6  3
266305 6  3
266306 6  3
266307 6  3
266308 6  3
266309 6  3
266310 6  3
266311 6  3
266312 6  3
266313 6  3
266314 6  3
266315 6  3
266316 6  3
266317 6  3
266318 6  3
266319 6  3
266320 6  3
266321 6  3
266322 6  3
266323 6  3
266324 6  3
266325 6  3
266326 6  3
266327 6  3
266328 6  3
266329 6  3
266330 6  3
266331 6  3
266332 6  3
266333 6  3
266334 6  3
266335 6  3
266336 6  3
266337 6  3
266338 6  3
266339 6  3
266340 6  3
266341 6  3
266342 6  3
266343 6  3
266344 6  3
266345 6  3
266346 6  3
266347 6  3
266348 6  3
266349 6  3
266350 6  3
266351 6  3
266352 6  3
266353 6  3
266354 6  3
266355 6  3
266356 6  3
266357 6  3
266358 6  3
266359 6  3
266360 6  3
266361 6  3
266362 6  3
266363 6  3
266364 6  3
266365 6  3
266366 6  3
266367 6  3
266368 6  3
266369 6  3
266370 6  3
266371 6  3
266372 6  3
266373 6  3
266374 6  3
266375 6  3
266376 6  3
266377 6  3
266378 6  3
266379 6  3
266380 6  3
266381 6  3
266382 6  3
266383 6  3
266384 6  3
266385 6  3
266386 6  3
266387 6  3
266388 6  3
266389 6  3
266390 6  3
266391 6  3
266392 6  3
266393 6  3
266394 6  3
266395 6  3
266396 6  3
266397 6  3
266398 6  3
266399 6  3
266400 6  3
266401 6  3
266402 6  3
266403 6  3
266404 6  3
266405 6  3
266406 6  3
266407 6  3
266408 6  3
266409 6  3
266410 6  3
266411 6  3
266412 6  3
266413 6  3
266414 6  3
266415 6  3
266416 6  3
266417 6  3
266418 6  3
266419 6  3
266420 6  3
266421 6  3
266422 6  3
266423 6  3
266424 6  3
266425 6  3
266426 6  3
266427 6  3
266428 6  3
266429 6  3
266430 6  3
266431 6  3
266432 6  3
266433 6  3
266434 6  3
266435 6  3
266436 6  3
266437 6  3
266438 6  3
266439 6  3
266440 6  3
266441 6  3
266442 6  3
266443 6  3
266444 6  3
266445 6  3
266446 6  3
266447 6  3
266448 6  3
266449 6  3
266450 6  3
266451 6  3
266452 6  3
266453 6  3
266454 6  3
266455 6  3
266456 6  3
266457 6  3
266458 6  3
266459 6  3
266460 6  3
266461 6  3
266462 6  3
266463 6  3
266464 6  3
266465 6  3
266466 6  3
266467 6  3
266468 6  3
266469 6  3
266470 6  3
266471 6  3
266472 6  3
266473 6  3
266474 6  3
266475 6  3
266476 6  3
266477 6  3
266478 6  3
266479 6  3
266480 6  3
266481 6  3
266482 6  3
266483 6  3
266484 6  3
266485 6  3
266486 6  3
266487 6  3
266488 6  3
266489 6  3
266490 6  3
266491 6  3
266492 6  3
266493 6  3
266494 6  3
266495 6  3
266496 6  3
266497 6  3
266498 6  3
266499 6  3
266500 6  3
266501 6  3
266502 6  3
266503 6  3
266504 6  3
266505 6  3
266506 6  3
266507 6  3
266508 6  3
266509 6  3
266510 6  3
266511 6  3
266512 6  3
266513 6  3
266514 6  3
266515 6  3
266516 6  3
266517 6  3
266518 6  3
266519 6  3
266520 6  3
266521 6  3
266522 6  3
266523 6  3
266524 6  3
266525 6  3
266526 6  3
266527 6  3
266528 6  3
266529 6  3
266530 6  3
266531 6  3
266532 6  3
266533 6  3
266534 6  3
266535 6  3
266536 6  3
266537 6  3
266538 6  3
266539 6  3
266540 6  3
266541 6  3
266542 6  3
266543 6  3
266544 6  3
266545 6  3
266546 6  3
266547 6  3
266548 6  3
266549 6  3
266550 6  3
266551 6  3
266552 6  3
266553 6  3
266554 6  3
266555 6  3
266556 6  3
266557 6  3
266558 6  3
266559 6  3
266560 6  3
266561 6  3
266562 6  3
266563 6  3
266564 6  3
266565 6  3
266566 6  3
266567 6  3
266568 6  3
266569 6  3
266570 6  3
266571 6  3
266572 6  3
266573 6  3
266574 6  3
266575 6  3
266576 6  3
266577 6  3
266578 6  3
266579 6  3
266580 6  3
266581 6  3
266582 6  3
266583 6  3
266584 6  3
266585 6  3
266586 6  3
266587 6  3
266588 6  3
266589 6  3
266590 6  3
266591 6  3
266592 6  3
266593 6  3
266594 6  3
266595 6  3
266596 6  3
266597 6  3
266598 6  3
266599 6  3
266600 6  3
266601 6  3
266602 6  3
266603 6  3
266604 6  3
266605 6  3
266606 6  3
266607 6  3
266608 6  3
266609 6  3
266610 6  3
266611 6  3
266612 6  3
266613 6  3
266614 6  3
266615 6  3
266616 6  3
266617 6  3
266618 6  3
266619 6  3
266620 6  3
266621 6  3
266622 6  3
266623 6  3
266624 6  3
266625 6  3
266626 6  3
266627 6  3
266628 6  3
266629 6  3
266630 6  3
266631 6  3
266632 6  3
266633 6  3
266634 6  3
266635 6  3
266636 6  3
266637 6  3
266638 6  3
266639 6  3
266640 6  3
266641 6  3
266642 6  3
266643 6  3
266644 6  3
266645 6  3
266646 6  3
266647 6  3
266648 6  3
266649 6  3
266650 6  3
266651 6  3
266652 6  3
266653 6  3
266654 6  3
266655 6  3
266656 6  3
266657 6  3
266658 6  3
266659 6  3
266660 6  3
266661 6  3
266662 6  3
266663 6  3
266664 6  3
266665 6  3
266666 6  3
266667 6  3
266668 6  3
266669 6  3
266670 6  3
266671 6  3
266672 6  3
266673 6  3
266674 6  3
266675 6  3
266676 6  3
266677 6  3
266678 6  3
266679 6  3
266680 6  3
266681 6  3
266682 6  3
266683 6  3
266684 6  3
266685 6  3
266686 6  3
266687 6  3
266688 6  3
266689 6  3
266690 6  3
266691 6  3
266692 6  3
266693 6  3
266694 6  3
266695 6  3
266696 6  3
266697 6  3
266698 6  3
266699 6  3
266700 6  3
266701 6  3
266702 6  3
266703 6  3
266704 6  3
266705 6  3
266706 6  3
266707 6  3
266708 6  3
266709 6  3
266710 6  3
266711 6  3
266712 6  3
266713 6  3
266714 6  3
266715 6  3
266716 6  3
266717 6  3
266718 6  3
266719 6  3
266720 6  3
266721 6  3
266722 6  3
266723 6  3
266724 6  3
266725 6  3
266726 6  3
266727 6  3
266728 6  3
266729 6  3
266730 6  3
266731 6  3
266732 6  3
266733 6  3
266734 6  3
266735 6  3
266736 6  3
266737 6  3
266738 6  3
266739 6  3
266740 6  3
266741 6  3
266742 6  3
266743 6  3
266744 6  3
266745 6  3
266746 6  3
266747 6  3
266748 6  3
266749 6  3
266750 6  3
266751 6  3
266752 6  3
266753 6  3
266754 6  3
266755 6  3
266756 6  3
266757 6  3
266758 6  3
266759 6  3
266760 6  3
266761 6  3
266762 6  3
266763 6  3
266764 6  3
266765 6  3
266766 6  3
266767 6  3
266768 6  3
266769 6  3
266770 6  3
266771 6  3
266772 6  3
266773 6  3
266774 6  3
266775 6  3
266776 6  3
266777 6  3
266778 6  3
266779 6  3
266780 6  3
266781 6  3
266782 6  3
266783 6  3
266784 6  3
266785 6  3
266786 6  3
266787 6  3
266788 6  3
266789 6  3
266790 6  3
266791 6  3
266792 6  3
266793 6  3
266794 6  3
266795 6  3
266796 6  3
266797 6  3
266798 6  3
266799 6  3
266800 6  3
266801 6  3
266802 6  3
266803 6  3
266804 6  3
266805 6  3
266806 6  3
266807 6  3
266808 6  3
266809 6  3
266810 6  3
266811 6  3
266812 6  3
266813 6  3
266814 6  3
266815 6  3
266816 6  3
266817 6  3
266818 6  3
266819 6  3
266820 6  3
266821 6  3
266822 6  3
266823 6  3
266824 6  3
266825 6  3
266826 6  3
266827 6  3
266828 6  3
266829 6  3
266830 6  3
266831 6  3
266832 6  3
266833 6  3
266834 6  3
266835 6  3
266836 6  3
266837 6  3
266838 6  3
266839 6  3
266840 6  3
266841 6  3
266842 6  3
266843 6  3
266844 6  3
266845 6  3
266846 6  3
266847 6  3
266848 6  3
266849 6  3
266850 6  3
266851 6  3
266852 6  3
266853 6  3
266854 6  3
266855 6  3
266856 6  3
266857 6  3
266858 6  3
266859 6  3
266860 6  3
266861 6  3
266862 6  3
266863 6  3
266864 6  3
266865 6  3
266866 6  3
266867 6  3
266868 6  3
266869 6  3
266870 6  3
266871 6  3
266872 6  3
266873 6  3
266874 6  3
266875 6  3
266876 6  3
266877 6  3
266878 6  3
266879 6  3
266880 6  3
266881 6  3
266882 6  3
266883 6  3
266884 6  3
266885 6  3
266886 6  3
266887 6  3
266888 6  3
266889 6  3
266890 6  3
266891 6  3
266892 6  3
266893 6  3
266894 6  3
266895 6  3
266896 6  3
266897 6  3
266898 6  3
266899 6  3
266900 6  3
266901 6  3
266902 6  3
266903 6  3
266904 6  3
266905 6  3
266906 6  3
266907 6  3
266908 6  3
266909 6  3
266910 6  3
266911 6  3
266912 6  3
266913 6  3
266914 6  3
266915 6  3
266916 6  3
266917 6  3
266918 6  3
266919 6  3
266920 6  3
266921 6  3
266922 6  3
266923 6  3
266924 6  3
266925 6  3
266926 6  3
266927 6  3
266928 6  3
266929 6  3
266930 6  3
266931 6  3
266932 6  3
266933 6  3
266934 6  3
266935 6  3
266936 6  3
266937 6  3
266938 6  3
266939 6  3
266940 6  3
266941 6  3
266942 6  3
266943 6  3
266944 6  3
266945 6  3
266946 6  3
266947 6  3
266948 6  3
266949 6  3
266950 6  3
266951 6  3
266952 6  3
266953 6  3
266954 6  3
266955 6  3
266956 6  3
266957 6  3
266958 6  3
266959 6  3
266960 6  3
266961 6  3
266962 6  3
266963 6  3
266964 6  3
266965 6  3
266966 6  3
266967 6  3
266968 6  3
266969 6  3
266970 6  3
266971 6  3
266972 6  3
266973 6  3
266974 6  3
266975 6  3
266976 6  3
266977 6  3
266978 6  3
266979 6  3
266980 6  3
266981 6  3
266982 6  3
266983 6  3
266984 6  3
266985 6  3
266986 6  3
266987 6  3
266988 6  3
266989 6  3
266990 6  3
266991 6  3
266992 6  3
266993 6  3
266994 6  3
266995 6  3
266996 6  3
266997 6  3
266998 6  3
266999 6  3
267000 6  3
267001 6  3
267002 6  3
267003 6  3
267004 6  3
267005 6  3
267006 6  3
267007 6  3
267008 6  3
267009 6  3
267010 6  3
267011 6  3
267012 6  3
267013 6  3
267014 6  3
267015 6  3
267016 6  3
267017 6  3
267018 6  3
267019 6  3
267020 6  3
267021 6  3
267022 6  3
267023 6  3
267024 6  3
267025 6  3
267026 6  3
267027 6  3
267028 6  3
267029 6  3
267030 6  3
267031 6  3
267032 6  3
267033 6  3
267034 6  3
267035 6  3
267036 6  3
267037 6  3
267038 6  3
267039 6  3
267040 6  3
267041 6  3
267042 6  3
267043 6  3
267044 6  3
267045 6  3
267046 6  3
267047 6  3
267048 6  3
267049 6  3
267050 6  3
267051 6  3
267052 6  3
267053 6  3
267054 6  3
267055 6  3
267056 6  3
267057 6  3
267058 6  3
267059 6  3
267060 6  3
267061 6  3
267062 6  3
267063 6  3
267064 6  3
267065 6  3
267066 6  3
267067 6  3
267068 6  3
267069 6  3
267070 6  3
267071 6  3
267072 6  3
267073 6  3
267074 6  3
267075 6  3
267076 6  3
267077 6  3
267078 6  3
267079 6  3
267080 6  3
267081 6  3
267082 6  3
267083 6  3
267084 6  3
267085 6  3
267086 6  3
267087 6  3
267088 6  3
267089 6  3
267090 6  3
267091 6  3
267092 6  3
267093 6  3
267094 6  3
267095 6  3
267096 6  3
267097 6  3
267098 6  3
267099 6  3
267100 6  3
267101 6  3
267102 6  3
267103 6  3
267104 6  3
267105 6  3
267106 6  3
267107 6  3
267108 6  3
267109 6  3
267110 6  3
267111 6  3
267112 6  3
267113 6  3
267114 6  3
267115 6  3
267116 6  3
267117 6  3
267118 6  3
267119 6  3
267120 6  3
267121 6  3
267122 6  3
267123 6  3
267124 6  3
267125 6  3
267126 6  3
267127 6  3
267128 6  3
267129 6  3
267130 6  3
267131 6  3
267132 6  3
267133 6  3
267134 6  3
267135 6  3
267136 6  3
267137 6  3
267138 6  3
267139 6  3
267140 6  3
267141 6  3
267142 6  3
267143 6  3
267144 6  3
267145 6  3
267146 6  3
267147 6  3
267148 6  3
267149 6  3
267150 6  3
267151 6  3
267152 6  3
267153 6  3
267154 6  3
267155 6  3
267156 6  3
267157 6  3
267158 6  3
267159 6  3
267160 6  3
267161 6  3
267162 6  3
267163 6  3
267164 6  3
267165 6  3
267166 6  3
267167 6  3
267168 6  3
267169 6  3
267170 6  3
267171 6  3
267172 6  3
267173 6  3
267174 6  3
267175 6  3
267176 6  3
267177 6  3
267178 6  3
267179 6  3
267180 6  3
267181 6  3
267182 6  3
267183 6  3
267184 6  3
267185 6  3
267186 6  3
267187 6  3
267188 6  3
267189 6  3
267190 6  3
267191 6  3
267192 6  3
267193 6  3
267194 6  3
267195 6  3
267196 6  3
267197 6  3
267198 6  3
267199 6  3
267200 6  3
267201 6  3
267202 6  3
267203 6  3
267204 6  3
267205 6  3
267206 6  3
267207 6  3
267208 6  3
267209 6  3
267210 6  3
267211 6  3
267212 6  3
267213 6  3
267214 6  3
267215 6  3
267216 6  3
267217 6  3
267218 6  3
267219 6  3
267220 6  3
267221 6  3
267222 6  3
267223 6  3
267224 6  3
267225 6  3
267226 6  3
267227 6  3
267228 6  3
267229 6  3
267230 6  3
267231 6  3
267232 6  3
267233 6  3
267234 6  3
267235 6  3
267236 6  3
267237 6  3
267238 6  3
267239 6  3
267240 6  3
267241 6  3
267242 6  3
267243 6  3
267244 6  3
267245 6  3
267246 6  3
267247 6  3
267248 6  3
267249 6  3
267250 6  3
267251 6  3
267252 6  3
267253 6  3
267254 6  3
267255 6  3
267256 6  3
267257 6  3
267258 6  3
267259 6  3
267260 6  3
267261 6  3
267262 6  3
267263 6  3
267264 6  3
267265 6  3
267266 6  3
267267 6  3
267268 6  3
267269 6  3
267270 6  3
267271 6  3
267272 6  3
267273 6  3
267274 6  3
267275 6  3
267276 6  3
267277 6  3
267278 6  3
267279 6  3
267280 6  3
267281 6  3
267282 6  3
267283 6  3
267284 6  3
267285 6  3
267286 6  3
267287 6  3
267288 6  3
267289 6  3
267290 6  3
267291 6  3
267292 6  3
267293 6  3
267294 6  3
267295 6  3
267296 6  3
267297 6  3
267298 6  3
267299 6  3
267300 6  3
267301 6  3
267302 6  3
267303 6  3
267304 6  3
267305 6  3
267306 6  3
267307 6  3
267308 6  3
267309 6  3
267310 6  3
267311 6  3
267312 6  3
267313 6  3
267314 6  3
267315 6  3
267316 6  3
267317 6  3
267318 6  3
267319 6  3
267320 6  3
267321 6  3
267322 6  3
267323 6  3
267324 6  3
267325 6  3
267326 6  3
267327 6  3
267328 6  3
267329 6  3
267330 6  3
267331 6  3
267332 6  3
267333 6  3
267334 6  3
267335 6  3
267336 6  3
267337 6  3
267338 6  3
267339 6  3
267340 6  3
267341 6  3
267342 6  3
267343 6  3
267344 6  3
267345 6  3
267346 6  3
267347 6  3
267348 6  3
267349 6  3
267350 6  3
267351 6  3
267352 6  3
267353 6  3
267354 6  3
267355 6  3
267356 6  3
267357 6  3
267358 6  3
267359 6  3
267360 6  3
267361 6  3
267362 6  3
267363 6  3
267364 6  3
267365 6  3
267366 6  3
267367 6  3
267368 6  3
267369 6  3
267370 6  3
267371 6  3
267372 6  3
267373 6  3
267374 6  3
267375 6  3
267376 6  3
267377 6  3
267378 6  3
267379 6  3
267380 6  3
267381 6  3
267382 6  3
267383 6  3
267384 6  3
267385 6  3
267386 6  3
267387 6  3
267388 6  3
267389 6  3
267390 6  3
267391 6  3
267392 6  3
267393 6  3
267394 6  3
267395 6  3
267396 6  3
267397 6  3
267398 6  3
267399 6  3
267400 6  3
267401 6  3
267402 6  3
267403 6  3
267404 6  3
267405 6  3
267406 6  3
267407 6  3
267408 6  3
267409 6  3
267410 6  3
267411 6  3
267412 6  3
267413 6  3
267414 6  3
267415 6  3
267416 6  3
267417 6  3
267418 6  3
267419 6  3
267420 6  3
267421 6  3
267422 6  3
267423 6  3
267424 6  3
267425 6  3
267426 6  3
267427 6  3
267428 6  3
267429 6  3
267430 6  3
267431 6  3
267432 6  3
267433 6  3
267434 6  3
267435 6  3
267436 6  3
267437 6  3
267438 6  3
267439 6  3
267440 6  3
267441 6  3
267442 6  3
267443 6  3
267444 6  3
267445 6  3
267446 6  3
267447 6  3
267448 6  3
267449 6  3
267450 6  3
267451 6  3
267452 6  3
267453 6  3
267454 6  3
267455 6  3
267456 6  3
267457 6  3
267458 6  3
267459 6  3
267460 6  3
267461 6  3
267462 6  3
267463 6  3
267464 6  3
267465 6  3
267466 6  3
267467 6  3
267468 6  3
267469 6  3
267470 6  3
267471 6  3
267472 6  3
267473 6  3
267474 6  3
267475 6  3
267476 6  3
267477 6  3
267478 6  3
267479 6  3
267480 6  3
267481 6  3
267482 6  3
267483 6  3
267484 6  3
267485 6  3
267486 6  3
267487 6  3
267488 6  3
267489 6  3
267490 6  3
267491 6  3
267492 6  3
267493 6  3
267494 6  3
267495 6  3
267496 6  3
267497 6  3
267498 6  3
267499 6  3
267500 6  3
267501 6  3
267502 6  3
267503 6  3
267504 6  3
267505 6  3
267506 6  3
267507 6  3
267508 6  3
267509 6  3
267510 6  3
267511 6  3
267512 6  3
267513 6  3
267514 6  3
267515 6  3
267516 6  3
267517 6  3
267518 6  3
267519 6  3
267520 6  3
267521 6  3
267522 6  3
267523 6  3
267524 6  3
267525 6  3
267526 6  3
267527 6  3
267528 6  3
267529 6  3
267530 6  3
267531 6  3
267532 6  3
267533 6  3
267534 6  3
267535 6  3
267536 6  3
267537 6  3
267538 6  3
267539 6  3
267540 6  3
267541 6  3
267542 6  3
267543 6  3
267544 6  3
267545 6  3
267546 6  3
267547 6  3
267548 6  3
267549 6  3
267550 6  3
267551 6  3
267552 6  3
267553 6  3
267554 6  3
267555 6  3
267556 6  3
267557 6  3
267558 6  3
267559 6  3
267560 6  3
267561 6  3
267562 6  3
267563 6  3
267564 6  3
267565 6  3
267566 6  3
267567 6  3
267568 6  3
267569 6  3
267570 6  3
267571 6  3
267572 6  3
267573 6  3
267574 6  3
267575 6  3
267576 6  3
267577 6  3
267578 6  3
267579 6  3
267580 6  3
267581 6  3
267582 6  3
267583 6  3
267584 6  3
267585 6  3
267586 6  3
267587 6  3
267588 6  3
267589 6  3
267590 6  3
267591 6  3
267592 6  3
267593 6  3
267594 6  3
267595 6  3
267596 6  3
267597 6  3
267598 6  3
267599 6  3
267600 6  3
267601 6  3
267602 6  3
267603 6  3
267604 6  3
267605 6  3
267606 6  3
267607 6  3
267608 6  3
267609 6  3
267610 6  3
267611 6  3
267612 6  3
267613 6  3
267614 6  3
267615 6  3
267616 6  3
267617 6  3
267618 6  3
267619 6  3
267620 6  3
267621 6  3
267622 6  3
267623 6  3
267624 6  3
267625 6  3
267626 6  3
267627 6  3
267628 6  3
267629 6  3
267630 6  3
267631 6  3
267632 6  3
267633 6  3
267634 6  3
267635 6  3
267636 6  3
267637 6  3
267638 6  3
267639 6  3
267640 6  3
267641 6  3
267642 6  3
267643 6  3
267644 6  3
267645 6  3
267646 6  3
267647 6  3
267648 6  3
267649 6  3
267650 6  3
267651 6  3
267652 6  3
267653 6  3
267654 6  3
267655 6  3
267656 6  3
267657 6  3
267658 6  3
267659 6  3
267660 6  3
267661 6  3
267662 6  3
267663 6  3
267664 6  3
267665 6  3
267666 6  3
267667 6  3
267668 6  3
267669 6  3
267670 6  3
267671 6  3
267672 6  3
267673 6  3
267674 6  3
267675 6  3
267676 6  3
267677 6  3
267678 6  3
267679 6  3
267680 6  3
267681 6  3
267682 6  3
267683 6  3
267684 6  3
267685 6  3
267686 6  3
267687 6  3
267688 6  3
267689 6  3
267690 6  3
267691 6  3
267692 6  3
267693 6  3
267694 6  3
267695 6  3
267696 6  3
267697 6  3
267698 6  3
267699 6  3
267700 6  3
267701 6  3
267702 6  3
267703 6  3
267704 6  3
267705 6  3
267706 6  3
267707 6  3
267708 6  3
267709 6  3
267710 6  3
267711 6  3
267712 6  3
267713 6  3
267714 6  3
267715 6  3
267716 6  3
267717 6  3
267718 6  3
267719 6  3
267720 6  3
267721 6  3
267722 6  3
267723 6  3
267724 6  3
267725 6  3
267726 6  3
267727 6  3
267728 6  3
267729 6  3
267730 6  3
267731 6  3
267732 6  3
267733 6  3
267734 6  3
267735 6  3
267736 6  3
267737 6  3
267738 6  3
267739 6  3
267740 6  3
267741 6  3
267742 6  3
267743 6  3
267744 6  3
267745 6  3
267746 6  3
267747 6  3
267748 6  3
267749 6  3
267750 6  3
267751 6  3
267752 6  3
267753 6  3
267754 6  3
267755 6  3
267756 6  3
267757 6  3
267758 6  3
267759 6  3
267760 6  3
267761 6  3
267762 6  3
267763 6  3
267764 6  3
267765 6  3
267766 6  3
267767 6  3
267768 6  3
267769 6  3
267770 6  3
267771 6  3
267772 6  3
267773 6  3
267774 6  3
267775 6  3
267776 6  3
267777 6  3
267778 6  3
267779 6  3
267780 6  3
267781 6  3
267782 6  3
267783 6  3
267784 6  3
267785 6  3
267786 6  3
267787 6  3
267788 6  3
267789 6  3
267790 6  3
267791 6  3
267792 6  3
267793 6  3
267794 6  3
267795 6  3
267796 6  3
267797 6  3
267798 6  3
267799 6  3
267800 6  3
267801 6  3
267802 6  3
267803 6  3
267804 6  3
267805 6  3
267806 6  3
267807 6  3
267808 6  3
267809 6  3
267810 6  3
267811 6  3
267812 6  3
267813 6  3
267814 6  3
267815 6  3
267816 6  3
267817 6  3
267818 6  3
267819 6  3
267820 6  3
267821 6  3
267822 6  3
267823 6  3
267824 6  3
267825 6  3
267826 6  3
267827 6  3
267828 6  3
267829 6  3
267830 6  3
267831 6  3
267832 6  3
267833 6  3
267834 6  3
267835 6  3
267836 6  3
267837 6  3
267838 6  3
267839 6  3
267840 6  3
267841 6  3
267842 6  3
267843 6  3
267844 6  3
267845 6  3
267846 6  3
267847 6  3
267848 6  3
267849 6  3
267850 6  3
267851 6  3
267852 6  3
267853 6  3
267854 6  3
267855 6  3
267856 6  3
267857 6  3
267858 6  3
267859 6  3
267860 6  3
267861 6  3
267862 6  3
267863 6  3
267864 6  3
267865 6  3
267866 6  3
267867 6  3
267868 6  3
267869 6  3
267870 6  3
267871 6  3
267872 6  3
267873 6  3
267874 6  3
267875 6  3
267876 6  3
267877 6  3
267878 6  3
267879 6  3
267880 6  3
267881 6  3
267882 6  3
267883 6  3
267884 6  3
267885 6  3
267886 6  3
267887 6  3
267888 6  3
267889 6  3
267890 6  3
267891 6  3
267892 6  3
267893 6  3
267894 6  3
267895 6  3
267896 6  3
267897 6  3
267898 6  3
267899 6  3
267900 6  3
267901 6  3
267902 6  3
267903 6  3
267904 6  3
267905 6  3
267906 6  3
267907 6  3
267908 6  3
267909 6  3
267910 6  3
267911 6  3
267912 6  3
267913 6  3
267914 6  3
267915 6  3
267916 6  3
267917 6  3
267918 6  3
267919 6  3
267920 6  3
267921 6  3
267922 6  3
267923 6  3
267924 6  3
267925 6  3
267926 6  3
267927 6  3
267928 6  3
267929 6  3
267930 6  3
267931 6  3
267932 6  3
267933 6  3
267934 6  3
267935 6  3
267936 6  3
267937 6  3
267938 6  3
267939 6  3
267940 6  3
267941 6  3
267942 6  3
267943 6  3
267944 6  3
267945 6  3
267946 6  3
267947 6  3
267948 6  3
267949 6  3
267950 6  3
267951 6  3
267952 6  3
267953 6  3
267954 6  3
267955 6  3
267956 6  3
267957 6  3
267958 6  3
267959 6  3
267960 6  3
267961 6  3
267962 6  3
267963 6  3
267964 6  3
267965 6  3
267966 6  3
267967 6  3
267968 6  3
267969 6  3
267970 6  3
267971 6  3
267972 6  3
267973 6  3
267974 6  3
267975 6  3
267976 6  3
267977 6  3
267978 6  3
267979 6  3
267980 6  3
267981 6  3
267982 6  3
267983 6  3
267984 6  3
267985 6  3
267986 6  3
267987 6  3
267988 6  3
267989 6  3
267990 6  3
267991 6  3
267992 6  3
267993 6  3
267994 6  3
267995 6  3
267996 6  3
267997 6  3
267998 6  3
267999 6  3
268000 6  3
268001 6  3
268002 6  3
268003 6  3
268004 6  3
268005 6  3
268006 6  3
268007 6  3
268008 6  3
268009 6  3
268010 6  3
268011 6  3
268012 6  3
268013 6  3
268014 6  3
268015 6  3
268016 6  3
268017 6  3
268018 6  3
268019 6  3
268020 6  3
268021 6  3
268022 6  3
268023 6  3
268024 6  3
268025 6  3
268026 6  3
268027 6  3
268028 6  3
268029 6  3
268030 6  3
268031 6  3
268032 6  3
268033 6  3
268034 6  3
268035 6  3
268036 6  3
268037 6  3
268038 6  3
268039 6  3
268040 6  3
268041 6  3
268042 6  3
268043 6  3
268044 6  3
268045 6  3
268046 6  3
268047 6  3
268048 6  3
268049 6  3
268050 6  3
268051 6  3
268052 6  3
268053 6  3
268054 6  3
268055 6  3
268056 6  3
268057 6  3
268058 6  3
268059 6  3
268060 6  3
268061 6  3
268062 6  3
268063 6  3
268064 6  3
268065 6  3
268066 6  3
268067 6  3
268068 6  3
268069 6  3
268070 6  3
268071 6  3
268072 6  3
268073 6  3
268074 6  3
268075 6  3
268076 6  3
268077 6  3
268078 6  3
268079 6  3
268080 6  3
268081 6  3
268082 6  3
268083 6  3
268084 6  3
268085 6  3
268086 6  3
268087 6  3
268088 6  3
268089 6  3
268090 6  3
268091 6  3
268092 6  3
268093 6  3
268094 6  3
268095 6  3
268096 6  3
268097 6  3
268098 6  3
268099 6  3
268100 6  3
268101 6  3
268102 6  3
268103 6  3
268104 6  3
268105 6  3
268106 6  3
268107 6  3
268108 6  3
268109 6  3
268110 6  3
268111 6  3
268112 6  3
268113 6  3
268114 6  3
268115 6  3
268116 6  3
268117 6  3
268118 6  3
268119 6  3
268120 6  3
268121 6  3
268122 6  3
268123 6  3
268124 6  3
268125 6  3
268126 6  3
268127 6  3
268128 6  3
268129 6  3
268130 6  3
268131 6  3
268132 6  3
268133 6  3
268134 6  3
268135 6  3
268136 6  3
268137 6  3
268138 6  3
268139 6  3
268140 6  3
268141 6  3
268142 6  3
268143 6  3
268144 6  3
268145 6  3
268146 6  3
268147 6  3
268148 6  3
268149 6  3
268150 6  3
268151 6  3
268152 6  3
268153 6  3
268154 6  3
268155 6  3
268156 6  3
268157 6  3
268158 6  3
268159 6  3
268160 6  3
268161 6  3
268162 6  3
268163 6  3
268164 6  3
268165 6  3
268166 6  3
268167 6  3
268168 6  3
268169 6  3
268170 6  3
268171 6  3
268172 6  3
268173 6  3
268174 6  3
268175 6  3
268176 6  3
268177 6  3
268178 6  3
268179 6  3
268180 6  3
268181 6  3
268182 6  3
268183 6  3
268184 6  3
268185 6  3
268186 6  3
268187 6  3
268188 6  3
268189 6  3
268190 6  3
268191 6  3
268192 6  3
268193 6  3
268194 6  3
268195 6  3
268196 6  3
268197 6  3
268198 6  3
268199 6  3
268200 6  3
268201 6  3
268202 6  3
268203 6  3
268204 6  3
268205 6  3
268206 6  3
268207 6  3
268208 6  3
268209 6  3
268210 6  3
268211 6  3
268212 6  3
268213 6  3
268214 6  3
268215 6  3
268216 6  3
268217 6  3
268218 6  3
268219 6  3
268220 6  3
268221 6  3
268222 6  3
268223 6  3
268224 6  3
268225 6  3
268226 6  3
268227 6  3
268228 6  3
268229 6  3
268230 6  3
268231 6  3
268232 6  3
268233 6  3
268234 6  3
268235 6  3
268236 6  3
268237 6  3
268238 6  3
268239 6  3
268240 6  3
268241 6  3
268242 6  3
268243 6  3
268244 6  3
268245 6  3
268246 6  3
268247 6  3
268248 6  3
268249 6  3
268250 6  3
268251 6  3
268252 6  3
268253 6  3
268254 6  3
268255 6  3
268256 6  3
268257 6  3
268258 6  3
268259 6  3
268260 6  3
268261 6  3
268262 6  3
268263 6  3
268264 6  3
268265 6  3
268266 6  3
268267 6  3
268268 6  3
268269 6  3
268270 6  3
268271 6  3
268272 6  3
268273 6  3
268274 6  3
268275 6  3
268276 6  3
268277 6  3
268278 6  3
268279 6  3
268280 6  3
268281 6  3
268282 6  3
268283 6  3
268284 6  3
268285 6  3
268286 6  3
268287 6  3
268288 6  3
268289 6  3
268290 6  3
268291 6  3
268292 6  3
268293 6  3
268294 6  3
268295 6  3
268296 6  3
268297 6  3
268298 6  3
268299 6  3
268300 6  3
268301 6  3
268302 6  3
268303 6  3
268304 6  3
268305 6  3
268306 6  3
268307 6  3
268308 6  3
268309 6  3
268310 6  3
268311 6  3
268312 6  3
268313 6  3
268314 6  3
268315 6  3
268316 6  3
268317 6  3
268318 6  3
268319 6  3
268320 6  3
268321 6  3
268322 6  3
268323 6  3
268324 6  3
268325 6  3
268326 6  3
268327 6  3
268328 6  3
268329 6  3
268330 6  3
268331 6  3
268332 6  3
268333 6  3
268334 6  3
268335 6  3
268336 6  3
268337 6  3
268338 6  3
268339 6  3
268340 6  3
268341 6  3
268342 6  3
268343 6  3
268344 6  3
268345 6  3
268346 6  3
268347 6  3
268348 6  3
268349 6  3
268350 6  3
268351 6  3
268352 6  3
268353 6  3
268354 6  3
268355 6  3
268356 6  3
268357 6  3
268358 6  3
268359 6  3
268360 6  3
268361 6  3
268362 6  3
268363 6  3
268364 6  3
268365 6  3
268366 6  3
268367 6  3
268368 6  3
268369 6  3
268370 6  3
268371 6  3
268372 6  3
268373 6  3
268374 6  3
268375 6  3
268376 6  3
268377 6  3
268378 6  3
268379 6  3
268380 6  3
268381 6  3
268382 6  3
268383 6  3
268384 6  3
268385 6  3
268386 6  3
268387 6  3
268388 6  3
268389 6  3
268390 6  3
268391 6  3
268392 6  3
268393 6  3
268394 6  3
268395 6  3
268396 6  3
268397 6  3
268398 6  3
268399 6  3
268400 6  3
268401 6  3
268402 6  3
268403 6  3
268404 6  3
268405 6  3
268406 6  3
268407 6  3
268408 6  3
268409 6  3
268410 6  3
268411 6  3
268412 6  3
268413 6  3
268414 6  3
268415 6  3
268416 6  3
268417 6  3
268418 6  3
268419 6  3
268420 6  3
268421 6  3
268422 6  3
268423 6  3
268424 6  3
268425 6  3
268426 6  3
268427 6  3
268428 6  3
268429 6  3
268430 6  3
268431 6  3
268432 6  3
268433 6  3
268434 6  3
268435 6  3
268436 6  3
268437 6  3
268438 6  3
268439 6  3
268440 6  3
268441 6  3
268442 6  3
268443 6  3
268444 6  3
268445 6  3
268446 6  3
268447 6  3
268448 6  3
268449 6  3
268450 6  3
268451 6  3
268452 6  3
268453 6  3
268454 6  3
268455 6  3
268456 6  3
268457 6  3
268458 6  3
268459 6  3
268460 6  3
268461 6  3
268462 6  3
268463 6  3
268464 6  3
268465 6  3
268466 6  3
268467 6  3
268468 6  3
268469 6  3
268470 6  3
268471 6  3
268472 6  3
268473 6  3
268474 6  3
268475 6  3
268476 6  3
268477 6  3
268478 6  3
268479 6  3
268480 6  3
268481 6  3
268482 6  3
268483 6  3
268484 6  3
268485 6  3
268486 6  3
268487 6  3
268488 6  3
268489 6  3
268490 6  3
268491 6  3
268492 6  3
268493 6  3
268494 6  3
268495 6  3
268496 6  3
268497 6  3
268498 6  3
268499 6  3
268500 6  3
268501 6  3
268502 6  3
268503 6  3
268504 6  3
268505 6  3
268506 6  3
268507 6  3
268508 6  3
268509 6  3
268510 6  3
268511 6  3
268512 6  3
268513 6  3
268514 6  3
268515 6  3
268516 6  3
268517 6  3
268518 6  3
268519 6  3
268520 6  3
268521 6  3
268522 6  3
268523 6  3
268524 6  3
268525 6  3
268526 6  3
268527 6  3
268528 6  3
268529 6  3
268530 6  3
268531 6  3
268532 6  3
268533 6  3
268534 6  3
268535 6  3
268536 6  3
268537 6  3
268538 6  3
268539 6  3
268540 6  3
268541 6  3
268542 6  3
268543 6  3
268544 6  3
268545 6  3
268546 6  3
268547 6  3
268548 6  3
268549 6  3
268550 6  3
268551 6  3
268552 6  3
268553 6  3
268554 6  3
268555 6  3
268556 6  3
268557 6  3
268558 6  3
268559 6  3
268560 6  3
268561 6  3
268562 6  3
268563 6  3
268564 6  3
268565 6  3
268566 6  3
268567 6  3
268568 6  3
268569 6  3
268570 6  3
268571 6  3
268572 6  3
268573 6  3
268574 6  3
268575 6  3
268576 6  3
268577 6  3
268578 6  3
268579 6  3
268580 6  3
268581 6  3
268582 6  3
268583 6  3
268584 6  3
268585 6  3
268586 6  3
268587 6  3
268588 6  3
268589 6  3
268590 6  3
268591 6  3
268592 6  3
268593 6  3
268594 6  3
268595 6  3
268596 6  3
268597 6  3
268598 6  3
268599 6  3
268600 6  3
268601 6  3
268602 6  3
268603 6  3
268604 6  3
268605 6  3
268606 6  3
268607 6  3
268608 6  3
268609 6  3
268610 6  3
268611 6  3
268612 6  3
268613 6  3
268614 6  3
268615 6  3
268616 6  3
268617 6  3
268618 6  3
268619 6  3
268620 6  3
268621 6  3
268622 6  3
268623 6  3
268624 6  3
268625 6  3
268626 6  3
268627 6  3
268628 6  3
268629 6  3
268630 6  3
268631 6  3
268632 6  3
268633 6  3
268634 6  3
268635 6  3
268636 6  3
268637 6  3
268638 6  3
268639 6  3
268640 6  3
268641 6  3
268642 6  3
268643 6  3
268644 6  3
268645 6  3
268646 6  3
268647 6  3
268648 6  3
268649 6  3
268650 6  3
268651 6  3
268652 6  3
268653 6  3
268654 6  3
268655 6  3
268656 6  3
268657 6  3
268658 6  3
268659 6  3
268660 6  3
268661 6  3
268662 6  3
268663 6  3
268664 6  3
268665 6  3
268666 6  3
268667 6  3
268668 6  3
268669 6  3
268670 6  3
268671 6  3
268672 6  3
268673 6  3
268674 6  3
268675 6  3
268676 6  3
268677 6  3
268678 6  3
268679 6  3
268680 6  3
268681 6  3
268682 6  3
268683 6  3
268684 6  3
268685 6  3
268686 6  3
268687 6  3
268688 6  3
268689 6  3
268690 6  3
268691 6  3
268692 6  3
268693 6  3
268694 6  3
268695 6  3
268696 6  3
268697 6  3
268698 6  3
268699 6  3
268700 6  3
268701 6  3
268702 6  3
268703 6  3
268704 6  3
268705 6  3
268706 6  3
268707 6  3
268708 6  3
268709 6  3
268710 6  3
268711 6  3
268712 6  3
268713 6  3
268714 6  3
268715 6  3
268716 6  3
268717 6  3
268718 6  3
268719 6  3
268720 6  3
268721 6  3
268722 6  3
268723 6  3
268724 6  3
268725 6  3
268726 6  3
268727 6  3
268728 6  3
268729 6  3
268730 6  3
268731 6  3
268732 6  3
268733 6  3
268734 6  3
268735 6  3
268736 6  3
268737 6  3
268738 6  3
268739 6  3
268740 6  3
268741 6  3
268742 6  3
268743 6  3
268744 6  3
268745 6  3
268746 6  3
268747 6  3
268748 6  3
268749 6  3
268750 6  3
268751 6  3
268752 6  3
268753 6  3
268754 6  3
268755 6  3
268756 6  3
268757 6  3
268758 6  3
268759 6  3
268760 6  3
268761 6  3
268762 6  3
268763 6  3
268764 6  3
268765 6  3
268766 6  3
268767 6  3
268768 6  3
268769 6  3
268770 6  3
268771 6  3
268772 6  3
268773 6  3
268774 6  3
268775 6  3
268776 6  3
268777 6  3
268778 6  3
268779 6  3
268780 6  3
268781 6  3
268782 6  3
268783 6  3
268784 6  3
268785 6  3
268786 6  3
268787 6  3
268788 6  3
268789 6  3
268790 6  3
268791 6  3
268792 6  3
268793 6  3
268794 6  3
268795 6  3
268796 6  3
268797 6  3
268798 6  3
268799 6  3
268800 6  3
268801 6  3
268802 6  3
268803 6  3
268804 6  3
268805 6  3
268806 6  3
268807 6  3
268808 6  3
268809 6  3
268810 6  3
268811 6  3
268812 6  3
268813 6  3
268814 6  3
268815 6  3
268816 6  3
268817 6  3
268818 6  3
268819 6  3
268820 6  3
268821 6  3
268822 6  3
268823 6  3
268824 6  3
268825 6  3
268826 6  3
268827 6  3
268828 6  3
268829 6  3
268830 6  3
268831 6  3
268832 6  3
268833 6  3
268834 6  3
268835 6  3
268836 6  3
268837 6  3
268838 6  3
268839 6  3
268840 6  3
268841 6  3
268842 6  3
268843 6  3
268844 6  3
268845 6  3
268846 6  3
268847 6  3
268848 6  3
268849 6  3
268850 6  3
268851 6  3
268852 6  3
268853 6  3
268854 6  3
268855 6  3
268856 6  3
268857 6  3
268858 6  3
268859 6  3
268860 6  3
268861 6  3
268862 6  3
268863 6  3
268864 6  3
268865 6  3
268866 6  3
268867 6  3
268868 6  3
268869 6  3
268870 6  3
268871 6  3
268872 6  3
268873 6  3
268874 6  3
268875 6  3
268876 6  3
268877 6  3
268878 6  3
268879 6  3
268880 6  3
268881 6  3
268882 6  3
268883 6  3
268884 6  3
268885 6  3
268886 6  3
268887 6  3
268888 6  3
268889 6  3
268890 6  3
268891 6  3
268892 6  3
268893 6  3
268894 6  3
268895 6  3
268896 6  3
268897 6  3
268898 6  3
268899 6  3
268900 6  3
268901 6  3
268902 6  3
268903 6  3
268904 6  3
268905 6  3
268906 6  3
268907 6  3
268908 6  3
268909 6  3
268910 6  3
268911 6  3
268912 6  3
268913 6  3
268914 6  3
268915 6  3
268916 6  3
268917 6  3
268918 6  3
268919 6  3
268920 6  3
268921 6  3
268922 6  3
268923 6  3
268924 6  3
268925 6  3
268926 6  3
268927 6  3
268928 6  3
268929 6  3
268930 6  3
268931 6  3
268932 6  3
268933 6  3
268934 6  3
268935 6  3
268936 6  3
268937 6  3
268938 6  3
268939 6  3
268940 6  3
268941 6  3
268942 6  3
268943 6  3
268944 6  3
268945 6  3
268946 6  3
268947 6  3
268948 6  3
268949 6  3
268950 6  3
268951 6  3
268952 6  3
268953 6  3
268954 6  3
268955 6  3
268956 6  3
268957 6  3
268958 6  3
268959 6  3
268960 6  3
268961 6  3
268962 6  3
268963 6  3
268964 6  3
268965 6  3
268966 6  3
268967 6  3
268968 6  3
268969 6  3
268970 6  3
268971 6  3
268972 6  3
268973 6  3
268974 6  3
268975 6  3
268976 6  3
268977 6  3
268978 6  3
268979 6  3
268980 6  3
268981 6  3
268982 6  3
268983 6  3
268984 6  3
268985 6  3
268986 6  3
268987 6  3
268988 6  3
268989 6  3
268990 6  3
268991 6  3
268992 6  3
268993 6  3
268994 6  3
268995 6  3
268996 6  3
268997 6  3
268998 6  3
268999 6  3
269000 6  3
269001 6  3
269002 6  3
269003 6  3
269004 6  3
269005 6  3
269006 6  3
269007 6  3
269008 6  3
269009 6  3
269010 6  3
269011 6  3
269012 6  3
269013 6  3
269014 6  3
269015 6  3
269016 6  3
269017 6  3
269018 6  3
269019 6  3
269020 6  3
269021 6  3
269022 6  3
269023 6  3
269024 6  3
269025 6  3
269026 6  3
269027 6  3
269028 6  3
269029 6  3
269030 6  3
269031 6  3
269032 6  3
269033 6  3
269034 6  3
269035 6  3
269036 6  3
269037 6  3
269038 6  3
269039 6  3
269040 6  3
269041 6  3
269042 6  3
269043 6  3
269044 6  3
269045 6  3
269046 6  3
269047 6  3
269048 6  3
269049 6  3
269050 6  3
269051 6  3
269052 6  3
269053 6  3
269054 6  3
269055 6  3
269056 6  3
269057 6  3
269058 6  3
269059 6  3
269060 6  3
269061 6  3
269062 6  3
269063 6  3
269064 6  3
269065 6  3
269066 6  3
269067 6  3
269068 6  3
269069 6  3
269070 6  3
269071 6  3
269072 6  3
269073 6  3
269074 6  3
269075 6  3
269076 6  3
269077 6  3
269078 6  3
269079 6  3
269080 6  3
269081 6  3
269082 6  3
269083 6  3
269084 6  3
269085 6  3
269086 6  3
269087 6  3
269088 6  3
269089 6  3
269090 6  3
269091 6  3
269092 6  3
269093 6  3
269094 6  3
269095 6  3
269096 6  3
269097 6  3
269098 6  3
269099 6  3
269100 6  3
269101 6  3
269102 6  3
269103 6  3
269104 6  3
269105 6  3
269106 6  3
269107 6  3
269108 6  3
269109 6  3
269110 6  3
269111 6  3
269112 6  3
269113 6  3
269114 6  3
269115 6  3
269116 6  3
269117 6  3
269118 6  3
269119 6  3
269120 6  3
269121 6  3
269122 6  3
269123 6  3
269124 6  3
269125 6  3
269126 6  3
269127 6  3
269128 6  3
269129 6  3
269130 6  3
269131 6  3
269132 6  3
269133 6  3
269134 6  3
269135 6  3
269136 6  3
269137 6  3
269138 6  3
269139 6  3
269140 6  3
269141 6  3
269142 6  3
269143 6  3
269144 6  3
269145 6  3
269146 6  3
269147 6  3
269148 6  3
269149 6  3
269150 6  3
269151 6  3
269152 6  3
269153 6  3
269154 6  3
269155 6  3
269156 6  3
269157 6  3
269158 6  3
269159 6  3
269160 6  3
269161 6  3
269162 6  3
269163 6  3
269164 6  3
269165 6  3
269166 6  3
269167 6  3
269168 6  3
269169 6  3
269170 6  3
269171 6  3
269172 6  3
269173 6  3
269174 6  3
269175 6  3
269176 6  3
269177 6  3
269178 6  3
269179 6  3
269180 6  3
269181 6  3
269182 6  3
269183 6  3
269184 6  3
269185 6  3
269186 6  3
269187 6  3
269188 6  3
269189 6  3
269190 6  3
269191 6  3
269192 6  3
269193 6  3
269194 6  3
269195 6  3
269196 6  3
269197 6  3
269198 6  3
269199 6  3
269200 6  3
269201 6  3
269202 6  3
269203 6  3
269204 6  3
269205 6  3
269206 6  3
269207 6  3
269208 6  3
269209 6  3
269210 6  3
269211 6  3
269212 6  3
269213 6  3
269214 6  3
269215 6  3
269216 6  3
269217 6  3
269218 6  3
269219 6  3
269220 6  3
269221 6  3
269222 6  3
269223 6  3
269224 6  3
269225 6  3
269226 6  3
269227 6  3
269228 6  3
269229 6  3
269230 6  3
269231 6  3
269232 6  3
269233 6  3
269234 6  3
269235 6  3
269236 6  3
269237 6  3
269238 6  3
269239 6  3
269240 6  3
269241 6  3
269242 6  3
269243 6  3
269244 6  3
269245 6  3
269246 6  3
269247 6  3
269248 6  3
269249 6  3
269250 6  3
269251 6  3
269252 6  3
269253 6  3
269254 6  3
269255 6  3
269256 6  3
269257 6  3
269258 6  3
269259 6  3
269260 6  3
269261 6  3
269262 6  3
269263 6  3
269264 6  3
269265 6  3
269266 6  3
269267 6  3
269268 6  3
269269 6  3
269270 6  3
269271 6  3
269272 6  3
269273 6  3
269274 6  3
269275 6  3
269276 6  3
269277 6  3
269278 6  3
269279 6  3
269280 6  3
269281 6  3
269282 6  3
269283 6  3
269284 6  3
269285 6  3
269286 6  3
269287 6  3
269288 6  3
269289 6  3
269290 6  3
269291 6  3
269292 6  3
269293 6  3
269294 6  3
269295 6  3
269296 6  3
269297 6  3
269298 6  3
269299 6  3
269300 6  3
269301 6  3
269302 6  3
269303 6  3
269304 6  3
269305 6  3
269306 6  3
269307 6  3
269308 6  3
269309 6  3
269310 6  3
269311 6  3
269312 6  3
269313 6  3
269314 6  3
269315 6  3
269316 6  3
269317 6  3
269318 6  3
269319 6  3
269320 6  3
269321 6  3
269322 6  3
269323 6  3
269324 6  3
269325 6  3
269326 6  3
269327 6  3
269328 6  3
269329 6  3
269330 6  3
269331 6  3
269332 6  3
269333 6  3
269334 6  3
269335 6  3
269336 6  3
269337 6  3
269338 6  3
269339 6  3
269340 6  3
269341 6  3
269342 6  3
269343 6  3
269344 6  3
269345 6  3
269346 6  3
269347 6  3
269348 6  3
269349 6  3
269350 6  3
269351 6  3
269352 6  3
269353 6  3
269354 6  3
269355 6  3
269356 6  3
269357 6  3
269358 6  3
269359 6  3
269360 6  3
269361 6  3
269362 6  3
269363 6  3
269364 6  3
269365 6  3
269366 6  3
269367 6  3
269368 6  3
269369 6  3
269370 6  3
269371 6  3
269372 6  3
269373 6  3
269374 6  3
269375 6  3
269376 6  3
269377 6  3
269378 6  3
269379 6  3
269380 6  3
269381 6  3
269382 6  3
269383 6  3
269384 6  3
269385 6  3
269386 6  3
269387 6  3
269388 6  3
269389 6  3
269390 6  3
269391 6  3
269392 6  3
269393 6  3
269394 6  3
269395 6  3
269396 6  3
269397 6  3
269398 6  3
269399 6  3
269400 6  3
269401 6  3
269402 6  3
269403 6  3
269404 6  3
269405 6  3
269406 6  3
269407 6  3
269408 6  3
269409 6  3
269410 6  3
269411 6  3
269412 6  3
269413 6  3
269414 6  3
269415 6  3
269416 6  3
269417 6  3
269418 6  3
269419 6  3
269420 6  3
269421 6  3
269422 6  3
269423 6  3
269424 6  3
269425 6  3
269426 6  3
269427 6  3
269428 6  3
269429 6  3
269430 6  3
269431 6  3
269432 6  3
269433 6  3
269434 6  3
269435 6  3
269436 6  3
269437 6  3
269438 6  3
269439 6  3
269440 6  3
269441 6  3
269442 6  3
269443 6  3
269444 6  3
269445 6  3
269446 6  3
269447 6  3
269448 6  3
269449 6  3
269450 6  3
269451 6  3
269452 6  3
269453 6  3
269454 6  3
269455 6  3
269456 6  3
269457 6  3
269458 6  3
269459 6  3
269460 6  3
269461 6  3
269462 6  3
269463 6  3
269464 6  3
269465 6  3
269466 6  3
269467 6  3
269468 6  3
269469 6  3
269470 6  3
269471 6  3
269472 6  3
269473 6  3
269474 6  3
269475 6  3
269476 6  3
269477 6  3
269478 6  3
269479 6  3
269480 6  3
269481 6  3
269482 6  3
269483 6  3
269484 6  3
269485 6  3
269486 6  3
269487 6  3
269488 6  3
269489 6  3
269490 6  3
269491 6  3
269492 6  3
269493 6  3
269494 6  3
269495 6  3
269496 6  3
269497 6  3
269498 6  3
269499 6  3
269500 6  3
269501 6  3
269502 6  3
269503 6  3
269504 6  3
269505 6  3
269506 6  3
269507 6  3
269508 6  3
269509 6  3
269510 6  3
269511 6  3
269512 6  3
269513 6  3
269514 6  3
269515 6  3
269516 6  3
269517 6  3
269518 6  3
269519 6  3
269520 6  3
269521 6  3
269522 6  3
269523 6  3
269524 6  3
269525 6  3
269526 6  3
269527 6  3
269528 6  3
269529 6  3
269530 6  3
269531 6  3
269532 6  3
269533 6  3
269534 6  3
269535 6  3
269536 6  3
269537 6  3
269538 6  3
269539 6  3
269540 6  3
269541 6  3
269542 6  3
269543 6  3
269544 6  3
269545 6  3
269546 6  3
269547 6  3
269548 6  3
269549 6  3
269550 6  3
269551 6  3
269552 6  3
269553 6  3
269554 6  3
269555 6  3
269556 6  3
269557 6  3
269558 6  3
269559 6  3
269560 6  3
269561 6  3
269562 6  3
269563 6  3
269564 6  3
269565 6  3
269566 6  3
269567 6  3
269568 6  3
269569 6  3
269570 6  3
269571 6  3
269572 6  3
269573 6  3
269574 6  3
269575 6  3
269576 6  3
269577 6  3
269578 6  3
269579 6  3
269580 6  3
269581 6  3
269582 6  3
269583 6  3
269584 6  3
269585 6  3
269586 6  3
269587 6  3
269588 6  3
269589 6  3
269590 6  3
269591 6  3
269592 6  3
269593 6  3
269594 6  3
269595 6  3
269596 6  3
269597 6  3
269598 6  3
269599 6  3
269600 6  3
269601 6  3
269602 6  3
269603 6  3
269604 6  3
269605 6  3
269606 6  3
269607 6  3
269608 6  3
269609 6  3
269610 6  3
269611 6  3
269612 6  3
269613 6  3
269614 6  3
269615 6  3
269616 6  3
269617 6  3
269618 6  3
269619 6  3
269620 6  3
269621 6  3
269622 6  3
269623 6  3
269624 6  3
269625 6  3
269626 6  3
269627 6  3
269628 6  3
269629 6  3
269630 6  3
269631 6  3
269632 6  3
269633 6  3
269634 6  3
269635 6  3
269636 6  3
269637 6  3
269638 6  3
269639 6  3
269640 6  3
269641 6  3
269642 6  3
269643 6  3
269644 6  3
269645 6  3
269646 6  3
269647 6  3
269648 6  3
269649 6  3
269650 6  3
269651 6  3
269652 6  3
269653 6  3
269654 6  3
269655 6  3
269656 6  3
269657 6  3
269658 6  3
269659 6  3
269660 6  3
269661 6  3
269662 6  3
269663 6  3
269664 6  3
269665 6  3
269666 6  3
269667 6  3
269668 6  3
269669 6  3
269670 6  3
269671 6  3
269672 6  3
269673 6  3
269674 6  3
269675 6  3
269676 6  3
269677 6  3
269678 6  3
269679 6  3
269680 6  3
269681 6  3
269682 6  3
269683 6  3
269684 6  3
269685 6  3
269686 6  3
269687 6  3
269688 6  3
269689 6  3
269690 6  3
269691 6  3
269692 6  3
269693 6  3
269694 6  3
269695 6  3
269696 6  3
269697 6  3
269698 6  3
269699 6  3
269700 6  3
269701 6  3
269702 6  3
269703 6  3
269704 6  3
269705 6  3
269706 6  3
269707 6  3
269708 6  3
269709 6  3
269710 6  3
269711 6  3
269712 6  3
269713 6  3
269714 6  3
269715 6  3
269716 6  3
269717 6  3
269718 6  3
269719 6  3
269720 6  3
269721 6  3
269722 6  3
269723 6  3
269724 6  3
269725 6  3
269726 6  3
269727 6  3
269728 6  3
269729 6  3
269730 6  3
269731 6  3
269732 6  3
269733 6  3
269734 6  3
269735 6  3
269736 6  3
269737 6  3
269738 6  3
269739 6  3
269740 6  3
269741 6  3
269742 6  3
269743 6  3
269744 6  3
269745 6  3
269746 6  3
269747 6  3
269748 6  3
269749 6  3
269750 6  3
269751 6  3
269752 6  3
269753 6  3
269754 6  3
269755 6  3
269756 6  3
269757 6  3
269758 6  3
269759 6  3
269760 6  3
269761 6  3
269762 6  3
269763 6  3
269764 6  3
269765 6  3
269766 6  3
269767 6  3
269768 6  3
269769 6  3
269770 6  3
269771 6  3
269772 6  3
269773 6  3
269774 6  3
269775 6  3
269776 6  3
269777 6  3
269778 6  3
269779 6  3
269780 6  3
269781 6  3
269782 6  3
269783 6  3
269784 6  3
269785 6  3
269786 6  3
269787 6  3
269788 6  3
269789 6  3
269790 6  3
269791 6  3
269792 6  3
269793 6  3
269794 6  3
269795 6  3
269796 6  3
269797 6  3
269798 6  3
269799 6  3
269800 6  3
269801 6  3
269802 6  3
269803 6  3
269804 6  3
269805 6  3
269806 6  3
269807 6  3
269808 6  3
269809 6  3
269810 6  3
269811 6  3
269812 6  3
269813 6  3
269814 6  3
269815 6  3
269816 6  3
269817 6  3
269818 6  3
269819 6  3
269820 6  3
269821 6  3
269822 6  3
269823 6  3
269824 6  3
269825 6  3
269826 6  3
269827 6  3
269828 6  3
269829 6  3
269830 6  3
269831 6  3
269832 6  3
269833 6  3
269834 6  3
269835 6  3
269836 6  3
269837 6  3
269838 6  3
269839 6  3
269840 6  3
269841 6  3
269842 6  3
269843 6  3
269844 6  3
269845 6  3
269846 6  3
269847 6  3
269848 6  3
269849 6  3
269850 6  3
269851 6  3
269852 6  3
269853 6  3
269854 6  3
269855 6  3
269856 6  3
269857 6  3
269858 6  3
269859 6  3
269860 6  3
269861 6  3
269862 6  3
269863 6  3
269864 6  3
269865 6  3
269866 6  3
269867 6  3
269868 6  3
269869 6  3
269870 6  3
269871 6  3
269872 6  3
269873 6  3
269874 6  3
269875 6  3
269876 6  3
269877 6  3
269878 6  3
269879 6  3
269880 6  3
269881 6  3
269882 6  3
269883 6  3
269884 6  3
269885 6  3
269886 6  3
269887 6  3
269888 6  3
269889 6  3
269890 6  3
269891 6  3
269892 6  3
269893 6  3
269894 6  3
269895 6  3
269896 6  3
269897 6  3
269898 6  3
269899 6  3
269900 6  3
269901 6  3
269902 6  3
269903 6  3
269904 6  3
269905 6  3
269906 6  3
269907 6  3
269908 6  3
269909 6  3
269910 6  3
269911 6  3
269912 6  3
269913 6  3
269914 6  3
269915 6  3
269916 6  3
269917 6  3
269918 6  3
269919 6  3
269920 6  3
269921 6  3
269922 6  3
269923 6  3
269924 6  3
269925 6  3
269926 6  3
269927 6  3
269928 6  3
269929 6  3
269930 6  3
269931 6  3
269932 6  3
269933 6  3
269934 6  3
269935 6  3
269936 6  3
269937 6  3
269938 6  3
269939 6  3
269940 6  3
269941 6  3
269942 6  3
269943 6  3
269944 6  3
269945 6  3
269946 6  3
269947 6  3
269948 6  3
269949 6  3
269950 6  3
269951 6  3
269952 6  3
269953 6  3
269954 6  3
269955 6  3
269956 6  3
269957 6  3
269958 6  3
269959 6  3
269960 6  3
269961 6  3
269962 6  3
269963 6  3
269964 6  3
269965 6  3
269966 6  3
269967 6  3
269968 6  3
269969 6  3
269970 6  3
269971 6  3
269972 6  3
269973 6  3
269974 6  3
269975 6  3
269976 6  3
269977 6  3
269978 6  3
269979 6  3
269980 6  3
269981 6  3
269982 6  3
269983 6  3
269984 6  3
269985 6  3
269986 6  3
269987 6  3
269988 6  3
269989 6  3
269990 6  3
269991 6  3
269992 6  3
269993 6  3
269994 6  3
269995 6  3
269996 6  3
269997 6  3
269998 6  3
269999 6  3
270000 6  3
270001 6  3
270002 6  3
270003 6  3
270004 6  3
270005 6  3
270006 6  3
270007 6  3
270008 6  3
270009 6  3
270010 6  3
270011 6  3
270012 6  3
270013 6  3
270014 6  3
270015 6  3
270016 6  3
270017 6  3
270018 6  3
270019 6  3
270020 6  3
270021 6  3
270022 6  3
270023 6  3
270024 6  3
270025 6  3
270026 6  3
270027 6  3
270028 6  3
270029 6  3
270030 6  3
270031 6  3
270032 6  3
270033 6  3
270034 6  3
270035 6  3
270036 6  3
270037 6  3
270038 6  3
270039 6  3
270040 6  3
270041 6  3
270042 6  3
270043 6  3
270044 6  3
270045 6  3
270046 6  3
270047 6  3
270048 6  3
270049 6  3
270050 6  3
270051 6  3
270052 6  3
270053 6  3
270054 6  3
270055 6  3
270056 6  3
270057 6  3
270058 6  3
270059 6  3
270060 6  3
270061 6  3
270062 6  3
270063 6  3
270064 6  3
270065 6  3
270066 6  3
270067 6  3
270068 6  3
270069 6  3
270070 6  3
270071 6  3
270072 6  3
270073 6  3
270074 6  3
270075 6  3
270076 6  3
270077 6  3
270078 6  3
270079 6  3
270080 6  3
270081 6  3
270082 6  3
270083 6  3
270084 6  3
270085 6  3
270086 6  3
270087 6  3
270088 6  3
270089 6  3
270090 6  3
270091 6  3
270092 6  3
270093 6  3
270094 6  3
270095 6  3
270096 6  3
270097 6  3
270098 6  3
270099 6  3
270100 6  3
270101 6  3
270102 6  3
270103 6  3
270104 6  3
270105 6  3
270106 6  3
270107 6  3
270108 6  3
270109 6  3
270110 6  3
270111 6  3
270112 6  3
270113 6  3
270114 6  3
270115 6  3
270116 6  3
270117 6  3
270118 6  3
270119 6  3
270120 6  3
270121 6  3
270122 6  3
270123 6  3
270124 6  3
270125 6  3
270126 6  3
270127 6  3
270128 6  3
270129 6  3
270130 6  3
270131 6  3
270132 6  3
270133 6  3
270134 6  3
270135 6  3
270136 6  3
270137 6  3
270138 6  3
270139 6  3
270140 6  3
270141 6  3
270142 6  3
270143 6  3
270144 6  3
270145 6  3
270146 6  3
270147 6  3
270148 6  3
270149 6  3
270150 6  3
270151 6  3
270152 6  3
270153 6  3
270154 6  3
270155 6  3
270156 6  3
270157 6  3
270158 6  3
270159 6  3
270160 6  3
270161 6  3
270162 6  3
270163 6  3
270164 6  3
270165 6  3
270166 6  3
270167 6  3
270168 6  3
270169 6  3
270170 6  3
270171 6  3
270172 6  3
270173 6  3
270174 6  3
270175 6  3
270176 6  3
270177 6  3
270178 6  3
270179 6  3
270180 6  3
270181 6  3
270182 6  3
270183 6  3
270184 6  3
270185 6  3
270186 6  3
270187 6  3
270188 6  3
270189 6  3
270190 6  3
270191 6  3
270192 6  3
270193 6  3
270194 6  3
270195 6  3
270196 6  3
270197 6  3
270198 6  3
270199 6  3
270200 6  3
270201 6  3
270202 6  3
270203 6  3
270204 6  3
270205 6  3
270206 6  3
270207 6  3
270208 6  3
270209 6  3
270210 6  3
270211 6  3
270212 6  3
270213 6  3
270214 6  3
270215 6  3
270216 6  3
270217 6  3
270218 6  3
270219 6  3
270220 6  3
270221 6  3
270222 6  3
270223 6  3
270224 6  3
270225 6  3
270226 6  3
270227 6  3
270228 6  3
270229 6  3
270230 6  3
270231 6  3
270232 6  3
270233 6  3
270234 6  3
270235 6  3
270236 6  3
270237 6  3
270238 6  3
270239 6  3
270240 6  3
270241 6  3
270242 6  3
270243 6  3
270244 6  3
270245 6  3
270246 6  3
270247 6  3
270248 6  3
270249 6  3
270250 6  3
270251 6  3
270252 6  3
270253 6  3
270254 6  3
270255 6  3
270256 6  3
270257 6  3
270258 6  3
270259 6  3
270260 6  3
270261 6  3
270262 6  3
270263 6  3
270264 6  3
270265 6  3
270266 6  3
270267 6  3
270268 6  3
270269 6  3
270270 6  3
270271 6  3
270272 6  3
270273 6  3
270274 6  3
270275 6  3
270276 6  3
270277 6  3
270278 6  3
270279 6  3
270280 6  3
270281 6  3
270282 6  3
270283 6  3
270284 6  3
270285 6  3
270286 6  3
270287 6  3
270288 6  3
270289 6  3
270290 6  3
270291 6  3
270292 6  3
270293 6  3
270294 6  3
270295 6  3
270296 6  3
270297 6  3
270298 6  3
270299 6  3
270300 6  3
270301 6  3
270302 6  3
270303 6  3
270304 6  3
270305 6  3
270306 6  3
270307 6  3
270308 6  3
270309 6  3
270310 6  3
270311 6  3
270312 6  3
270313 6  3
270314 6  3
270315 6  3
270316 6  3
270317 6  3
270318 6  3
270319 6  3
270320 6  3
270321 6  3
270322 6  3
270323 6  3
270324 6  3
270325 6  3
270326 6  3
270327 6  3
270328 6  3
270329 6  3
270330 6  3
270331 6  3
270332 6  3
270333 6  3
270334 6  3
270335 6  3
270336 6  3
270337 6  3
270338 6  3
270339 6  3
270340 6  3
270341 6  3
270342 6  3
270343 6  3
270344 6  3
270345 6  3
270346 6  3
270347 6  3
270348 6  3
270349 6  3
270350 6  3
270351 6  3
270352 6  3
270353 6  3
270354 6  3
270355 6  3
270356 6  3
270357 6  3
270358 6  3
270359 6  3
270360 6  3
270361 6  3
270362 6  3
270363 6  3
270364 6  3
270365 6  3
270366 6  3
270367 6  3
270368 6  3
270369 6  3
270370 6  3
270371 6  3
270372 6  3
270373 6  3
270374 6  3
270375 6  3
270376 6  3
270377 6  3
270378 6  3
270379 6  3
270380 6  3
270381 6  3
270382 6  3
270383 6  3
270384 6  3
270385 6  3
270386 6  3
270387 6  3
270388 6  3
270389 6  3
270390 6  3
270391 6  3
270392 6  3
270393 6  3
270394 6  3
270395 6  3
270396 6  3
270397 6  3
270398 6  3
270399 6  3
270400 6  3
270401 6  3
270402 6  3
270403 6  3
270404 6  3
270405 6  3
270406 6  3
270407 6  3
270408 6  3
270409 6  3
270410 6  3
270411 6  3
270412 6  3
270413 6  3
270414 6  3
270415 6  3
270416 6  3
270417 6  3
270418 6  3
270419 6  3
270420 6  3
270421 6  3
270422 6  3
270423 6  3
270424 6  3
270425 6  3
270426 6  3
270427 6  3
270428 6  3
270429 6  3
270430 6  3
270431 6  3
270432 6  3
270433 6  3
270434 6  3
270435 6  3
270436 6  3
270437 6  3
270438 6  3
270439 6  3
270440 6  3
270441 6  3
270442 6  3
270443 6  3
270444 6  3
270445 6  3
270446 6  3
270447 6  3
270448 6  3
270449 6  3
270450 6  3
270451 6  3
270452 6  3
270453 6  3
270454 6  3
270455 6  3
270456 6  3
270457 6  3
270458 6  3
270459 6  3
270460 6  3
270461 6  3
270462 6  3
270463 6  3
270464 6  3
270465 6  3
270466 6  3
270467 6  3
270468 6  3
270469 6  3
270470 6  3
270471 6  3
270472 6  3
270473 6  3
270474 6  3
270475 6  3
270476 6  3
270477 6  3
270478 6  3
270479 6  3
270480 6  3
270481 6  3
270482 6  3
270483 6  3
270484 6  3
270485 6  3
270486 6  3
270487 6  3
270488 6  3
270489 6  3
270490 6  3
270491 6  3
270492 6  3
270493 6  3
270494 6  3
270495 6  3
270496 6  3
270497 6  3
270498 6  3
270499 6  3
270500 6  3
270501 6  3
270502 6  3
270503 6  3
270504 6  3
270505 6  3
270506 6  3
270507 6  3
270508 6  3
270509 6  3
270510 6  3
270511 6  3
270512 6  3
270513 6  3
270514 6  3
270515 6  3
270516 6  3
270517 6  3
270518 6  3
270519 6  3
270520 6  3
270521 6  3
270522 6  3
270523 6  3
270524 6  3
270525 6  3
270526 6  3
270527 6  3
270528 6  3
270529 6  3
270530 6  3
270531 6  3
270532 6  3
270533 6  3
270534 6  3
270535 6  3
270536 6  3
270537 6  3
270538 6  3
270539 6  3
270540 6  3
270541 6  3
270542 6  3
270543 6  3
270544 6  3
270545 6  3
270546 6  3
270547 6  3
270548 6  3
270549 6  3
270550 6  3
270551 6  3
270552 6  3
270553 6  3
270554 6  3
270555 6  3
270556 6  3
270557 6  3
270558 6  3
270559 6  3
270560 6  3
270561 6  3
270562 6  3
270563 6  3
270564 6  3
270565 6  3
270566 6  3
270567 6  3
270568 6  3
270569 6  3
270570 6  3
270571 6  3
270572 6  3
270573 6  3
270574 6  3
270575 6  3
270576 6  3
270577 6  3
270578 6  3
270579 6  3
270580 6  3
270581 6  3
270582 6  3
270583 6  3
270584 6  3
270585 6  3
270586 6  3
270587 6  3
270588 6  3
270589 6  3
270590 6  3
270591 6  3
270592 6  3
270593 6  3
270594 6  3
270595 6  3
270596 6  3
270597 6  3
270598 6  3
270599 6  3
270600 6  3
270601 6  3
270602 6  3
270603 6  3
270604 6  3
270605 6  3
270606 6  3
270607 6  3
270608 6  3
270609 6  3
270610 6  3
270611 6  3
270612 6  3
270613 6  3
270614 6  3
270615 6  3
270616 6  3
270617 6  3
270618 6  3
270619 6  3
270620 6  3
270621 6  3
270622 6  3
270623 6  3
270624 6  3
270625 6  3
270626 6  3
270627 6  3
270628 6  3
270629 6  3
270630 6  3
270631 6  3
270632 6  3
270633 6  3
270634 6  3
270635 6  3
270636 6  3
270637 6  3
270638 6  3
270639 6  3
270640 6  3
270641 6  3
270642 6  3
270643 6  3
270644 6  3
270645 6  3
270646 6  3
270647 6  3
270648 6  3
270649 6  3
270650 6  3
270651 6  3
270652 6  3
270653 6  3
270654 6  3
270655 6  3
270656 6  3
270657 6  3
270658 6  3
270659 6  3
270660 6  3
270661 6  3
270662 6  3
270663 6  3
270664 6  3
270665 6  3
270666 6  3
270667 6  3
270668 6  3
270669 6  3
270670 6  3
270671 6  3
270672 6  3
270673 6  3
270674 6  3
270675 6  3
270676 6  3
270677 6  3
270678 6  3
270679 6  3
270680 6  3
270681 6  3
270682 6  3
270683 6  3
270684 6  3
270685 6  3
270686 6  3
270687 6  3
270688 6  3
270689 6  3
270690 6  3
270691 6  3
270692 6  3
270693 6  3
270694 6  3
270695 6  3
270696 6  3
270697 6  3
270698 6  3
270699 6  3
270700 6  3
270701 6  3
270702 6  3
270703 6  3
270704 6  3
270705 6  3
270706 6  3
270707 6  3
270708 6  3
270709 6  3
270710 6  3
270711 6  3
270712 6  3
270713 6  3
270714 6  3
270715 6  3
270716 6  3
270717 6  3
270718 6  3
270719 6  3
270720 6  3
270721 6  3
270722 6  3
270723 6  3
270724 6  3
270725 6  3
270726 6  3
270727 6  3
270728 6  3
270729 6  3
270730 6  3
270731 6  3
270732 6  3
270733 6  3
270734 6  3
270735 6  3
270736 6  3
270737 6  3
270738 6  3
270739 6  3
270740 6  3
270741 6  3
270742 6  3
270743 6  3
270744 6  3
270745 6  3
270746 6  3
270747 6  3
270748 6  3
270749 6  3
270750 6  3
270751 6  3
270752 6  3
270753 6  3
270754 6  3
270755 6  3
270756 6  3
270757 6  3
270758 6  3
270759 6  3
270760 6  3
270761 6  3
270762 6  3
270763 6  3
270764 6  3
270765 6  3
270766 6  3
270767 6  3
270768 6  3
270769 6  3
270770 6  3
270771 6  3
270772 6  3
270773 6  3
270774 6  3
270775 6  3
270776 6  3
270777 6  3
270778 6  3
270779 6  3
270780 6  3
270781 6  3
270782 6  3
270783 6  3
270784 6  3
270785 6  3
270786 6  3
270787 6  3
270788 6  3
270789 6  3
270790 6  3
270791 6  3
270792 6  3
270793 6  3
270794 6  3
270795 6  3
270796 6  3
270797 6  3
270798 6  3
270799 6  3
270800 6  3
270801 6  3
270802 6  3
270803 6  3
270804 6  3
270805 6  3
270806 6  3
270807 6  3
270808 6  3
270809 6  3
270810 6  3
270811 6  3
270812 6  3
270813 6  3
270814 6  3
270815 6  3
270816 6  3
270817 6  3
270818 6  3
270819 6  3
270820 6  3
270821 6  3
270822 6  3
270823 6  3
270824 6  3
270825 6  3
270826 6  3
270827 6  3
270828 6  3
270829 6  3
270830 6  3
270831 6  3
270832 6  3
270833 6  3
270834 6  3
270835 6  3
270836 6  3
270837 6  3
270838 6  3
270839 6  3
270840 6  3
270841 6  3
270842 6  3
270843 6  3
270844 6  3
270845 6  3
270846 6  3
270847 6  3
270848 6  3
270849 6  3
270850 6  3
270851 6  3
270852 6  3
270853 6  3
270854 6  3
270855 6  3
270856 6  3
270857 6  3
270858 6  3
270859 6  3
270860 6  3
270861 6  3
270862 6  3
270863 6  3
270864 6  3
270865 6  3
270866 6  3
270867 6  3
270868 6  3
270869 6  3
270870 6  3
270871 6  3
270872 6  3
270873 6  3
270874 6  3
270875 6  3
270876 6  3
270877 6  3
270878 6  3
270879 6  3
270880 6  3
270881 6  3
270882 6  3
270883 6  3
270884 6  3
270885 6  3
270886 6  3
270887 6  3
270888 6  3
270889 6  3
270890 6  3
270891 6  3
270892 6  3
270893 6  3
270894 6  3
270895 6  3
270896 6  3
270897 6  3
270898 6  3
270899 6  3
270900 6  3
270901 6  3
270902 6  3
270903 6  3
270904 6  3
270905 6  3
270906 6  3
270907 6  3
270908 6  3
270909 6  3
270910 6  3
270911 6  3
270912 6  3
270913 6  3
270914 6  3
270915 6  3
270916 6  3
270917 6  3
270918 6  3
270919 6  3
270920 6  3
270921 6  3
270922 6  3
270923 6  3
270924 6  3
270925 6  3
270926 6  3
270927 6  3
270928 6  3
270929 6  3
270930 6  3
270931 6  3
270932 6  3
270933 6  3
270934 6  3
270935 6  3
270936 6  3
270937 6  3
270938 6  3
270939 6  3
270940 6  3
270941 6  3
270942 6  3
270943 6  3
270944 6  3
270945 6  3
270946 6  3
270947 6  3
270948 6  3
270949 6  3
270950 6  3
270951 6  3
270952 6  3
270953 6  3
270954 6  3
270955 6  3
270956 6  3
270957 6  3
270958 6  3
270959 6  3
270960 6  3
270961 6  3
270962 6  3
270963 6  3
270964 6  3
270965 6  3
270966 6  3
270967 6  3
270968 6  3
270969 6  3
270970 6  3
270971 6  3
270972 6  3
270973 6  3
270974 6  3
270975 6  3
270976 6  3
270977 6  3
270978 6  3
270979 6  3
270980 6  3
270981 6  3
270982 6  3
270983 6  3
270984 6  3
270985 6  3
270986 6  3
270987 6  3
270988 6  3
270989 6  3
270990 6  3
270991 6  3
270992 6  3
270993 6  3
270994 6  3
270995 6  3
270996 6  3
270997 6  3
270998 6  3
270999 6  3
271000 6  3
271001 6  3
271002 6  3
271003 6  3
271004 6  3
271005 6  3
271006 6  3
271007 6  3
271008 6  3
271009 6  3
271010 6  3
271011 6  3
271012 6  3
271013 6  3
271014 6  3
271015 6  3
271016 6  3
271017 6  3
271018 6  3
271019 6  3
271020 6  3
271021 6  3
271022 6  3
271023 6  3
271024 6  3
271025 6  3
271026 6  3
271027 6  3
271028 6  3
271029 6  3
271030 6  3
271031 6  3
271032 6  3
271033 6  3
271034 6  3
271035 6  3
271036 6  3
271037 6  3
271038 6  3
271039 6  3
271040 6  3
271041 6  3
271042 6  3
271043 6  3
271044 6  3
271045 6  3
271046 6  3
271047 6  3
271048 6  3
271049 6  3
271050 6  3
271051 6  3
271052 6  3
271053 6  3
271054 6  3
271055 6  3
271056 6  3
271057 6  3
271058 6  3
271059 6  3
271060 6  3
271061 6  3
271062 6  3
271063 6  3
271064 6  3
271065 6  3
271066 6  3
271067 6  3
271068 6  3
271069 6  3
271070 6  3
271071 6  3
271072 6  3
271073 6  3
271074 6  3
271075 6  3
271076 6  3
271077 6  3
271078 6  3
271079 6  3
271080 6  3
271081 6  3
271082 6  3
271083 6  3
271084 6  3
271085 6  3
271086 6  3
271087 6  3
271088 6  3
271089 6  3
271090 6  3
271091 6  3
271092 6  3
271093 6  3
271094 6  3
271095 6  3
271096 6  3
271097 6  3
271098 6  3
271099 6  3
271100 6  3
271101 6  3
271102 6  3
271103 6  3
271104 6  3
271105 6  3
271106 6  3
271107 6  3
271108 6  3
271109 6  3
271110 6  3
271111 6  3
271112 6  3
271113 6  3
271114 6  3
271115 6  3
271116 6  3
271117 6  3
271118 6  3
271119 6  3
271120 6  3
271121 6  3
271122 6  3
271123 6  3
271124 6  3
271125 6  3
271126 6  3
271127 6  3
271128 6  3
271129 6  3
271130 6  3
271131 6  3
271132 6  3
271133 6  3
271134 6  3
271135 6  3
271136 6  3
271137 6  3
271138 6  3
271139 6  3
271140 6  3
271141 6  3
271142 6  3
271143 6  3
271144 6  3
271145 6  3
271146 6  3
271147 6  3
271148 6  3
271149 6  3
271150 6  3
271151 6  3
271152 6  3
271153 6  3
271154 6  3
271155 6  3
271156 6  3
271157 6  3
271158 6  3
271159 6  3
271160 6  3
271161 6  3
271162 6  3
271163 6  3
271164 6  3
271165 6  3
271166 6  3
271167 6  3
271168 6  3
271169 6  3
271170 6  3
271171 6  3
271172 6  3
271173 6  3
271174 6  3
271175 6  3
271176 6  3
271177 6  3
271178 6  3
271179 6  3
271180 6  3
271181 6  3
271182 6  3
271183 6  3
271184 6  3
271185 6  3
271186 6  3
271187 6  3
271188 6  3
271189 6  3
271190 6  3
271191 6  3
271192 6  3
271193 6  3
271194 6  3
271195 6  3
271196 6  3
271197 6  3
271198 6  3
271199 6  3
271200 6  3
271201 6  3
271202 6  3
271203 6  3
271204 6  3
271205 6  3
271206 6  3
271207 6  3
271208 6  3
271209 6  3
271210 6  3
271211 6  3
271212 6  3
271213 6  3
271214 6  3
271215 6  3
271216 6  3
271217 6  3
271218 6  3
271219 6  3
271220 6  3
271221 6  3
271222 6  3
271223 6  3
271224 6  3
271225 6  3
271226 6  3
271227 6  3
271228 6  3
271229 6  3
271230 6  3
271231 6  3
271232 6  3
271233 6  3
271234 6  3
271235 6  3
271236 6  3
271237 6  3
271238 6  3
271239 6  3
271240 6  3
271241 6  3
271242 6  3
271243 6  3
271244 6  3
271245 6  3
271246 6  3
271247 6  3
271248 6  3
271249 6  3
271250 6  3
271251 6  3
271252 6  3
271253 6  3
271254 6  3
271255 6  3
271256 6  3
271257 6  3
271258 6  3
271259 6  3
271260 6  3
271261 6  3
271262 6  3
271263 6  3
271264 6  3
271265 6  3
271266 6  3
271267 6  3
271268 6  3
271269 6  3
271270 6  3
271271 6  3
271272 6  3
271273 6  3
271274 6  3
271275 6  3
271276 6  3
271277 6  3
271278 6  3
271279 6  3
271280 6  3
271281 6  3
271282 6  3
271283 6  3
271284 6  3
271285 6  3
271286 6  3
271287 6  3
271288 6  3
271289 6  3
271290 6  3
271291 6  3
271292 6  3
271293 6  3
271294 6  3
271295 6  3
271296 6  3
271297 6  3
271298 6  3
271299 6  3
271300 6  3
271301 6  3
271302 6  3
271303 6  3
271304 6  3
271305 6  3
271306 6  3
271307 6  3
271308 6  3
271309 6  3
271310 6  3
271311 6  3
271312 6  3
271313 6  3
271314 6  3
271315 6  3
271316 6  3
271317 6  3
271318 6  3
271319 6  3
271320 6  3
271321 6  3
271322 6  3
271323 6  3
271324 6  3
271325 6  3
271326 6  3
271327 6  3
271328 6  3
271329 6  3
271330 6  3
271331 6  3
271332 6  3
271333 6  3
271334 6  3
271335 6  3
271336 6  3
271337 6  3
271338 6  3
271339 6  3
271340 6  3
271341 6  3
271342 6  3
271343 6  3
271344 6  3
271345 6  3
271346 6  3
271347 6  3
271348 6  3
271349 6  3
271350 6  3
271351 6  3
271352 6  3
271353 6  3
271354 6  3
271355 6  3
271356 6  3
271357 6  3
271358 6  3
271359 6  3
271360 6  3
271361 6  3
271362 6  3
271363 6  3
271364 6  3
271365 6  3
271366 6  3
271367 6  3
271368 6  3
271369 6  3
271370 6  3
271371 6  3
271372 6  3
271373 6  3
271374 6  3
271375 6  3
271376 6  3
271377 6  3
271378 6  3
271379 6  3
271380 6  3
271381 6  3
271382 6  3
271383 6  3
271384 6  3
271385 6  3
271386 6  3
271387 6  3
271388 6  3
271389 6  3
271390 6  3
271391 6  3
271392 6  3
271393 6  3
271394 6  3
271395 6  3
271396 6  3
271397 6  3
271398 6  3
271399 6  3
271400 6  3
271401 6  3
271402 6  3
271403 6  3
271404 6  3
271405 6  3
271406 6  3
271407 6  3
271408 6  3
271409 6  3
271410 6  3
271411 6  3
271412 6  3
271413 6  3
271414 6  3
271415 6  3
271416 6  3
271417 6  3
271418 6  3
271419 6  3
271420 6  3
271421 6  3
271422 6  3
271423 6  3
271424 6  3
271425 6  3
271426 6  3
271427 6  3
271428 6  3
271429 6  3
271430 6  3
271431 6  3
271432 6  3
271433 6  3
271434 6  3
271435 6  3
271436 6  3
271437 6  3
271438 6  3
271439 6  3
271440 6  3
271441 6  3
271442 6  3
271443 6  3
271444 6  3
271445 6  3
271446 6  3
271447 6  3
271448 6  3
271449 6  3
271450 6  3
271451 6  3
271452 6  3
271453 6  3
271454 6  3
271455 6  3
271456 6  3
271457 6  3
271458 6  3
271459 6  3
271460 6  3
271461 6  3
271462 6  3
271463 6  3
271464 6  3
271465 6  3
271466 6  3
271467 6  3
271468 6  3
271469 6  3
271470 6  3
271471 6  3
271472 6  3
271473 6  3
271474 6  3
271475 6  3
271476 6  3
271477 6  3
271478 6  3
271479 6  3
271480 6  3
271481 6  3
271482 6  3
271483 6  3
271484 6  3
271485 6  3
271486 6  3
271487 6  3
271488 6  3
271489 6  3
271490 6  3
271491 6  3
271492 6  3
271493 6  3
271494 6  3
271495 6  3
271496 6  3
271497 6  3
271498 6  3
271499 6  3
271500 6  3
271501 6  3
271502 6  3
271503 6  3
271504 6  3
271505 6  3
271506 6  3
271507 6  3
271508 6  3
271509 6  3
271510 6  3
271511 6  3
271512 6  3
271513 6  3
271514 6  3
271515 6  3
271516 6  3
271517 6  3
271518 6  3
271519 6  3
271520 6  3
271521 6  3
271522 6  3
271523 6  3
271524 6  3
271525 6  3
271526 6  3
271527 6  3
271528 6  3
271529 6  3
271530 6  3
271531 6  3
271532 6  3
271533 6  3
271534 6  3
271535 6  3
271536 6  3
271537 6  3
271538 6  3
271539 6  3
271540 6  3
271541 6  3
271542 6  3
271543 6  3
271544 6  3
271545 6  3
271546 6  3
271547 6  3
271548 6  3
271549 6  3
271550 6  3
271551 6  3
271552 6  3
271553 6  3
271554 6  3
271555 6  3
271556 6  3
271557 6  3
271558 6  3
271559 6  3
271560 6  3
271561 6  3
271562 6  3
271563 6  3
271564 6  3
271565 6  3
271566 6  3
271567 6  3
271568 6  3
271569 6  3
271570 6  3
271571 6  3
271572 6  3
271573 6  3
271574 6  3
271575 6  3
271576 6  3
271577 6  3
271578 6  3
271579 6  3
271580 6  3
271581 6  3
271582 6  3
271583 6  3
271584 6  3
271585 6  3
271586 6  3
271587 6  3
271588 6  3
271589 6  3
271590 6  3
271591 6  3
271592 6  3
271593 6  3
271594 6  3
271595 6  3
271596 6  3
271597 6  3
271598 6  3
271599 6  3
271600 6  3
271601 6  3
271602 6  3
271603 6  3
271604 6  3
271605 6  3
271606 6  3
271607 6  3
271608 6  3
271609 6  3
271610 6  3
271611 6  3
271612 6  3
271613 6  3
271614 6  3
271615 6  3
271616 6  3
271617 6  3
271618 6  3
271619 6  3
271620 6  3
271621 6  3
271622 6  3
271623 6  3
271624 6  3
271625 6  3
271626 6  3
271627 6  3
271628 6  3
271629 6  3
271630 6  3
271631 6  3
271632 6  3
271633 6  3
271634 6  3
271635 6  3
271636 6  3
271637 6  3
271638 6  3
271639 6  3
271640 6  3
271641 6  3
271642 6  3
271643 6  3
271644 6  3
271645 6  3
271646 6  3
271647 6  3
271648 6  3
271649 6  3
271650 6  3
271651 6  3
271652 6  3
271653 6  3
271654 6  3
271655 6  3
271656 6  3
271657 6  3
271658 6  3
271659 6  3
271660 6  3
271661 6  3
271662 6  3
271663 6  3
271664 6  3
271665 6  3
271666 6  3
271667 6  3
271668 6  3
271669 6  3
271670 6  3
271671 6  3
271672 6  3
271673 6  3
271674 6  3
271675 6  3
271676 6  3
271677 6  3
271678 6  3
271679 6  3
271680 6  3
271681 6  3
271682 6  3
271683 6  3
271684 6  3
271685 6  3
271686 6  3
271687 6  3
271688 6  3
271689 6  3
271690 6  3
271691 6  3
271692 6  3
271693 6  3
271694 6  3
271695 6  3
271696 6  3
271697 6  3
271698 6  3
271699 6  3
271700 6  3
271701 6  3
271702 6  3
271703 6  3
271704 6  3
271705 6  3
271706 6  3
271707 6  3
271708 6  3
271709 6  3
271710 6  3
271711 6  3
271712 6  3
271713 6  3
271714 6  3
271715 6  3
271716 6  3
271717 6  3
271718 6  3
271719 6  3
271720 6  3
271721 6  3
271722 6  3
271723 6  3
271724 6  3
271725 6  3
271726 6  3
271727 6  3
271728 6  3
271729 6  3
271730 6  3
271731 6  3
271732 6  3
271733 6  3
271734 6  3
271735 6  3
271736 6  3
271737 6  3
271738 6  3
271739 6  3
271740 6  3
271741 6  3
271742 6  3
271743 6  3
271744 6  3
271745 6  3
271746 6  3
271747 6  3
271748 6  3
271749 6  3
271750 6  3
271751 6  3
271752 6  3
271753 6  3
271754 6  3
271755 6  3
271756 6  3
271757 6  3
271758 6  3
271759 6  3
271760 6  3
271761 6  3
271762 6  3
271763 6  3
271764 6  3
271765 6  3
271766 6  3
271767 6  3
271768 6  3
271769 6  3
271770 6  3
271771 6  3
271772 6  3
271773 6  3
271774 6  3
271775 6  3
271776 6  3
271777 6  3
271778 6  3
271779 6  3
271780 6  3
271781 6  3
271782 6  3
271783 6  3
271784 6  3
271785 6  3
271786 6  3
271787 6  3
271788 6  3
271789 6  3
271790 6  3
271791 6  3
271792 6  3
271793 6  3
271794 6  3
271795 6  3
271796 6  3
271797 6  3
271798 6  3
271799 6  3
271800 6  3
271801 6  3
271802 6  3
271803 6  3
271804 6  3
271805 6  3
271806 6  3
271807 6  3
271808 6  3
271809 6  3
271810 6  3
271811 6  3
271812 6  3
271813 6  3
271814 6  3
271815 6  3
271816 6  3
271817 6  3
271818 6  3
271819 6  3
271820 6  3
271821 6  3
271822 6  3
271823 6  3
271824 6  3
271825 6  3
271826 6  3
271827 6  3
271828 6  3
271829 6  3
271830 6  3
271831 6  3
271832 6  3
271833 6  3
271834 6  3
271835 6  3
271836 6  3
271837 6  3
271838 6  3
271839 6  3
271840 6  3
271841 6  3
271842 6  3
271843 6  3
271844 6  3
271845 6  3
271846 6  3
271847 6  3
271848 6  3
271849 6  3
271850 6  3
271851 6  3
271852 6  3
271853 6  3
271854 6  3
271855 6  3
271856 6  3
271857 6  3
271858 6  3
271859 6  3
271860 6  3
271861 6  3
271862 6  3
271863 6  3
271864 6  3
271865 6  3
271866 6  3
271867 6  3
271868 6  3
271869 6  3
271870 6  3
271871 6  3
271872 6  3
271873 6  3
271874 6  3
271875 6  3
271876 6  3
271877 6  3
271878 6  3
271879 6  3
271880 6  3
271881 6  3
271882 6  3
271883 6  3
271884 6  3
271885 6  3
271886 6  3
271887 6  3
271888 6  3
271889 6  3
271890 6  3
271891 6  3
271892 6  3
271893 6  3
271894 6  3
271895 6  3
271896 6  3
271897 6  3
271898 6  3
271899 6  3
271900 6  3
271901 6  3
271902 6  3
271903 6  3
271904 6  3
271905 6  3
271906 6  3
271907 6  3
271908 6  3
271909 6  3
271910 6  3
271911 6  3
271912 6  3
271913 6  3
271914 6  3
271915 6  3
271916 6  3
271917 6  3
271918 6  3
271919 6  3
271920 6  3
271921 6  3
271922 6  3
271923 6  3
271924 6  3
271925 6  3
271926 6  3
271927 6  3
271928 6  3
271929 6  3
271930 6  3
271931 6  3
271932 6  3
271933 6  3
271934 6  3
271935 6  3
271936 6  3
271937 6  3
271938 6  3
271939 6  3
271940 6  3
271941 6  3
271942 6  3
271943 6  3
271944 6  3
271945 6  3
271946 6  3
271947 6  3
271948 6  3
271949 6  3
271950 6  3
271951 6  3
271952 6  3
271953 6  3
271954 6  3
271955 6  3
271956 6  3
271957 6  3
271958 6  3
271959 6  3
271960 6  3
271961 6  3
271962 6  3
271963 6  3
271964 6  3
271965 6  3
271966 6  3
271967 6  3
271968 6  3
271969 6  3
271970 6  3
271971 6  3
271972 6  3
271973 6  3
271974 6  3
271975 6  3
271976 6  3
271977 6  3
271978 6  3
271979 6  3
271980 6  3
271981 6  3
271982 6  3
271983 6  3
271984 6  3
271985 6  3
271986 6  3
271987 6  3
271988 6  3
271989 6  3
271990 6  3
271991 6  3
271992 6  3
271993 6  3
271994 6  3
271995 6  3
271996 6  3
271997 6  3
271998 6  3
271999 6  3
272000 6  3
272001 6  3
272002 6  3
272003 6  3
272004 6  3
272005 6  3
272006 6  3
272007 6  3
272008 6  3
272009 6  3
272010 6  3
272011 6  3
272012 6  3
272013 6  3
272014 6  3
272015 6  3
272016 6  3
272017 6  3
272018 6  3
272019 6  3
272020 6  3
272021 6  3
272022 6  3
272023 6  3
272024 6  3
272025 6  3
272026 6  3
272027 6  3
272028 6  3
272029 6  3
272030 6  3
272031 6  3
272032 6  3
272033 6  3
272034 6  3
272035 6  3
272036 6  3
272037 6  3
272038 6  3
272039 6  3
272040 6  3
272041 6  3
272042 6  3
272043 6  3
272044 6  3
272045 6  3
272046 6  3
272047 6  3
272048 6  3
272049 6  3
272050 6  3
272051 6  3
272052 6  3
272053 6  3
272054 6  3
272055 6  3
272056 6  3
272057 6  3
272058 6  3
272059 6  3
272060 6  3
272061 6  3
272062 6  3
272063 6  3
272064 6  3
272065 6  3
272066 6  3
272067 6  3
272068 6  3
272069 6  3
272070 6  3
272071 6  3
272072 6  3
272073 6  3
272074 6  3
272075 6  3
272076 6  3
272077 6  3
272078 6  3
272079 6  3
272080 6  3
272081 6  3
272082 6  3
272083 6  3
272084 6  3
272085 6  3
272086 6  3
272087 6  3
272088 6  3
272089 6  3
272090 6  3
272091 6  3
272092 6  3
272093 6  3
272094 6  3
272095 6  3
272096 6  3
272097 6  3
272098 6  3
272099 6  3
272100 6  3
272101 6  3
272102 6  3
272103 6  3
272104 6  3
272105 6  3
272106 6  3
272107 6  3
272108 6  3
272109 6  3
272110 6  3
272111 6  3
272112 6  3
272113 6  3
272114 6  3
272115 6  3
272116 6  3
272117 6  3
272118 6  3
272119 6  3
272120 6  3
272121 6  3
272122 6  3
272123 6  3
272124 6  3
272125 6  3
272126 6  3
272127 6  3
272128 6  3
272129 6  3
272130 6  3
272131 6  3
272132 6  3
272133 6  3
272134 6  3
272135 6  3
272136 6  3
272137 6  3
272138 6  3
272139 6  3
272140 6  3
272141 6  3
272142 6  3
272143 6  3
272144 6  3
272145 6  3
272146 6  3
272147 6  3
272148 6  3
272149 6  3
272150 6  3
272151 6  3
272152 6  3
272153 6  3
272154 6  3
272155 6  3
272156 6  3
272157 6  3
272158 6  3
272159 6  3
272160 6  3
272161 6  3
272162 6  3
272163 6  3
272164 6  3
272165 6  3
272166 6  3
272167 6  3
272168 6  3
272169 6  3
272170 6  3
272171 6  3
272172 6  3
272173 6  3
272174 6  3
272175 6  3
272176 6  3
272177 6  3
272178 6  3
272179 6  3
272180 6  3
272181 6  3
272182 6  3
272183 6  3
272184 6  3
272185 6  3
272186 6  3
272187 6  3
272188 6  3
272189 6  3
272190 6  3
272191 6  3
272192 6  3
272193 6  3
272194 6  3
272195 6  3
272196 6  3
272197 6  3
272198 6  3
272199 6  3
272200 6  3
272201 6  3
272202 6  3
272203 6  3
272204 6  3
272205 6  3
272206 6  3
272207 6  3
272208 6  3
272209 6  3
272210 6  3
272211 6  3
272212 6  3
272213 6  3
272214 6  3
272215 6  3
272216 6  3
272217 6  3
272218 6  3
272219 6  3
272220 6  3
272221 6  3
272222 6  3
272223 6  3
272224 6  3
272225 6  3
272226 6  3
272227 6  3
272228 6  3
272229 6  3
272230 6  3
272231 6  3
272232 6  3
272233 6  3
272234 6  3
272235 6  3
272236 6  3
272237 6  3
272238 6  3
272239 6  3
272240 6  3
272241 6  3
272242 6  3
272243 6  3
272244 6  3
272245 6  3
272246 6  3
272247 6  3
272248 6  3
272249 6  3
272250 6  3
272251 6  3
272252 6  3
272253 6  3
272254 6  3
272255 6  3
272256 6  3
272257 6  3
272258 6  3
272259 6  3
272260 6  3
272261 6  3
272262 6  3
272263 6  3
272264 6  3
272265 6  3
272266 6  3
272267 6  3
272268 6  3
272269 6  3
272270 6  3
272271 6  3
272272 6  3
272273 6  3
272274 6  3
272275 6  3
272276 6  3
272277 6  3
272278 6  3
272279 6  3
272280 6  3
272281 6  3
272282 6  3
272283 6  3
272284 6  3
272285 6  3
272286 6  3
272287 6  3
272288 6  3
272289 6  3
272290 6  3
272291 6  3
272292 6  3
272293 6  3
272294 6  3
272295 6  3
272296 6  3
272297 6  3
272298 6  3
272299 6  3
272300 6  3
272301 6  3
272302 6  3
272303 6  3
272304 6  3
272305 6  3
272306 6  3
272307 6  3
272308 6  3
272309 6  3
272310 6  3
272311 6  3
272312 6  3
272313 6  3
272314 6  3
272315 6  3
272316 6  3
272317 6  3
272318 6  3
272319 6  3
272320 6  3
272321 6  3
272322 6  3
272323 6  3
272324 6  3
272325 6  3
272326 6  3
272327 6  3
272328 6  3
272329 6  3
272330 6  3
272331 6  3
272332 6  3
272333 6  3
272334 6  3
272335 6  3
272336 6  3
272337 6  3
272338 6  3
272339 6  3
272340 6  3
272341 6  3
272342 6  3
272343 6  3
272344 6  3
272345 6  3
272346 6  3
272347 6  3
272348 6  3
272349 6  3
272350 6  3
272351 6  3
272352 6  3
272353 6  3
272354 6  3
272355 6  3
272356 6  3
272357 6  3
272358 6  3
272359 6  3
272360 6  3
272361 6  3
272362 6  3
272363 6  3
272364 6  3
272365 6  3
272366 6  3
272367 6  3
272368 6  3
272369 6  3
272370 6  3
272371 6  3
272372 6  3
272373 6  3
272374 6  3
272375 6  3
272376 6  3
272377 6  3
272378 6  3
272379 6  3
272380 6  3
272381 6  3
272382 6  3
272383 6  3
272384 6  3
272385 6  3
272386 6  3
272387 6  3
272388 6  3
272389 6  3
272390 6  3
272391 6  3
272392 6  3
272393 6  3
272394 6  3
272395 6  3
272396 6  3
272397 6  3
272398 6  3
272399 6  3
272400 6  3
272401 6  3
272402 6  3
272403 6  3
272404 6  3
272405 6  3
272406 6  3
272407 6  3
272408 6  3
272409 6  3
272410 6  3
272411 6  3
272412 6  3
272413 6  3
272414 6  3
272415 6  3
272416 6  3
272417 6  3
272418 6  3
272419 6  3
272420 6  3
272421 6  3
272422 6  3
272423 6  3
272424 6  3
272425 6  3
272426 6  3
272427 6  3
272428 6  3
272429 6  3
272430 6  3
272431 6  3
272432 6  3
272433 6  3
272434 6  3
272435 6  3
272436 6  3
272437 6  3
272438 6  3
272439 6  3
272440 6  3
272441 6  3
272442 6  3
272443 6  3
272444 6  3
272445 6  3
272446 6  3
272447 6  3
272448 6  3
272449 6  3
272450 6  3
272451 6  3
272452 6  3
272453 6  3
272454 6  3
272455 6  3
272456 6  3
272457 6  3
272458 6  3
272459 6  3
272460 6  3
272461 6  3
272462 6  3
272463 6  3
272464 6  3
272465 6  3
272466 6  3
272467 6  3
272468 6  3
272469 6  3
272470 6  3
272471 6  3
272472 6  3
272473 6  3
272474 6  3
272475 6  3
272476 6  3
272477 6  3
272478 6  3
272479 6  3
272480 6  3
272481 6  3
272482 6  3
272483 6  3
272484 6  3
272485 6  3
272486 6  3
272487 6  3
272488 6  3
272489 6  3
272490 6  3
272491 6  3
272492 6  3
272493 6  3
272494 6  3
272495 6  3
272496 6  3
272497 6  3
272498 6  3
272499 6  3
272500 6  3
272501 6  3
272502 6  3
272503 6  3
272504 6  3
272505 6  3
272506 6  3
272507 6  3
272508 6  3
272509 6  3
272510 6  3
272511 6  3
272512 6  3
272513 6  3
272514 6  3
272515 6  3
272516 6  3
272517 6  3
272518 6  3
272519 6  3
272520 6  3
272521 6  3
272522 6  3
272523 6  3
272524 6  3
272525 6  3
272526 6  3
272527 6  3
272528 6  3
272529 6  3
272530 6  3
272531 6  3
272532 6  3
272533 6  3
272534 6  3
272535 6  3
272536 6  3
272537 6  3
272538 6  3
272539 6  3
272540 6  3
272541 6  3
272542 6  3
272543 6  3
272544 6  3
272545 6  3
272546 6  3
272547 6  3
272548 6  3
272549 6  3
272550 6  3
272551 6  3
272552 6  3
272553 6  3
272554 6  3
272555 6  3
272556 6  3
272557 6  3
272558 6  3
272559 6  3
272560 6  3
272561 6  3
272562 6  3
272563 6  3
272564 6  3
272565 6  3
272566 6  3
272567 6  3
272568 6  3
272569 6  3
272570 6  3
272571 6  3
272572 6  3
272573 6  3
272574 6  3
272575 6  3
272576 6  3
272577 6  3
272578 6  3
272579 6  3
272580 6  3
272581 6  3
272582 6  3
272583 6  3
272584 6  3
272585 6  3
272586 6  3
272587 6  3
272588 6  3
272589 6  3
272590 6  3
272591 6  3
272592 6  3
272593 6  3
272594 6  3
272595 6  3
272596 6  3
272597 6  3
272598 6  3
272599 6  3
272600 6  3
272601 6  3
272602 6  3
272603 6  3
272604 6  3
272605 6  3
272606 6  3
272607 6  3
272608 6  3
272609 6  3
272610 6  3
272611 6  3
272612 6  3
272613 6  3
272614 6  3
272615 6  3
272616 6  3
272617 6  3
272618 6  3
272619 6  3
272620 6  3
272621 6  3
272622 6  3
272623 6  3
272624 6  3
272625 6  3
272626 6  3
272627 6  3
272628 6  3
272629 6  3
272630 6  3
272631 6  3
272632 6  3
272633 6  3
272634 6  3
272635 6  3
272636 6  3
272637 6  3
272638 6  3
272639 6  3
272640 6  3
272641 6  3
272642 6  3
272643 6  3
272644 6  3
272645 6  3
272646 6  3
272647 6  3
272648 6  3
272649 6  3
272650 6  3
272651 6  3
272652 6  3
272653 6  3
272654 6  3
272655 6  3
272656 6  3
272657 6  3
272658 6  3
272659 6  3
272660 6  3
272661 6  3
272662 6  3
272663 6  3
272664 6  3
272665 6  3
272666 6  3
272667 6  3
272668 6  3
272669 6  3
272670 6  3
272671 6  3
272672 6  3
272673 6  3
272674 6  3
272675 6  3
272676 6  3
272677 6  3
272678 6  3
272679 6  3
272680 6  3
272681 6  3
272682 6  3
272683 6  3
272684 6  3
272685 6  3
272686 6  3
272687 6  3
272688 6  3
272689 6  3
272690 6  3
272691 6  3
272692 6  3
272693 6  3
272694 6  3
272695 6  3
272696 6  3
272697 6  3
272698 6  3
272699 6  3
272700 6  3
272701 6  3
272702 6  3
272703 6  3
272704 6  3
272705 6  3
272706 6  3
272707 6  3
272708 6  3
272709 6  3
272710 6  3
272711 6  3
272712 6  3
272713 6  3
272714 6  3
272715 6  3
272716 6  3
272717 6  3
272718 6  3
272719 6  3
272720 6  3
272721 6  3
272722 6  3
272723 6  3
272724 6  3
272725 6  3
272726 6  3
272727 6  3
272728 6  3
272729 6  3
272730 6  3
272731 6  3
272732 6  3
272733 6  3
272734 6  3
272735 6  3
272736 6  3
272737 6  3
272738 6  3
272739 6  3
272740 6  3
272741 6  3
272742 6  3
272743 6  3
272744 6  3
272745 6  3
272746 6  3
272747 6  3
272748 6  3
272749 6  3
272750 6  3
272751 6  3
272752 6  3
272753 6  3
272754 6  3
272755 6  3
272756 6  3
272757 6  3
272758 6  3
272759 6  3
272760 6  3
272761 6  3
272762 6  3
272763 6  3
272764 6  3
272765 6  3
272766 6  3
272767 6  3
272768 6  3
272769 6  3
272770 6  3
272771 6  3
272772 6  3
272773 6  3
272774 6  3
272775 6  3
272776 6  3
272777 6  3
272778 6  3
272779 6  3
272780 6  3
272781 6  3
272782 6  3
272783 6  3
272784 6  3
272785 6  3
272786 6  3
272787 6  3
272788 6  3
272789 6  3
272790 6  3
272791 6  3
272792 6  3
272793 6  3
272794 6  3
272795 6  3
272796 6  3
272797 6  3
272798 6  3
272799 6  3
272800 6  3
272801 6  3
272802 6  3
272803 6  3
272804 6  3
272805 6  3
272806 6  3
272807 6  3
272808 6  3
272809 6  3
272810 6  3
272811 6  3
272812 6  3
272813 6  3
272814 6  3
272815 6  3
272816 6  3
272817 6  3
272818 6  3
272819 6  3
272820 6  3
272821 6  3
272822 6  3
272823 6  3
272824 6  3
272825 6  3
272826 6  3
272827 6  3
272828 6  3
272829 6  3
272830 6  3
272831 6  3
272832 6  3
272833 6  3
272834 6  3
272835 6  3
272836 6  3
272837 6  3
272838 6  3
272839 6  3
272840 6  3
272841 6  3
272842 6  3
272843 6  3
272844 6  3
272845 6  3
272846 6  3
272847 6  3
272848 6  3
272849 6  3
272850 6  3
272851 6  3
272852 6  3
272853 6  3
272854 6  3
272855 6  3
272856 6  3
272857 6  3
272858 6  3
272859 6  3
272860 6  3
272861 6  3
272862 6  3
272863 6  3
272864 6  3
272865 6  3
272866 6  3
272867 6  3
272868 6  3
272869 6  3
272870 6  3
272871 6  3
272872 6  3
272873 6  3
272874 6  3
272875 6  3
272876 6  3
272877 6  3
272878 6  3
272879 6  3
272880 6  3
272881 6  3
272882 6  3
272883 6  3
272884 6  3
272885 6  3
272886 6  3
272887 6  3
272888 6  3
272889 6  3
272890 6  3
272891 6  3
272892 6  3
272893 6  3
272894 6  3
272895 6  3
272896 6  3
272897 6  3
272898 6  3
272899 6  3
272900 6  3
272901 6  3
272902 6  3
272903 6  3
272904 6  3
272905 6  3
272906 6  3
272907 6  3
272908 6  3
272909 6  3
272910 6  3
272911 6  3
272912 6  3
272913 6  3
272914 6  3
272915 6  3
272916 6  3
272917 6  3
272918 6  3
272919 6  3
272920 6  3
272921 6  3
272922 6  3
272923 6  3
272924 6  3
272925 6  3
272926 6  3
272927 6  3
272928 6  3
272929 6  3
272930 6  3
272931 6  3
272932 6  3
272933 6  3
272934 6  3
272935 6  3
272936 6  3
272937 6  3
272938 6  3
272939 6  3
272940 6  3
272941 6  3
272942 6  3
272943 6  3
272944 6  3
272945 6  3
272946 6  3
272947 6  3
272948 6  3
272949 6  3
272950 6  3
272951 6  3
272952 6  3
272953 6  3
272954 6  3
272955 6  3
272956 6  3
272957 6  3
272958 6  3
272959 6  3
272960 6  3
272961 6  3
272962 6  3
272963 6  3
272964 6  3
272965 6  3
272966 6  3
272967 6  3
272968 6  3
272969 6  3
272970 6  3
272971 6  3
272972 6  3
272973 6  3
272974 6  3
272975 6  3
272976 6  3
272977 6  3
272978 6  3
272979 6  3
272980 6  3
272981 6  3
272982 6  3
272983 6  3
272984 6  3
272985 6  3
272986 6  3
272987 6  3
272988 6  3
272989 6  3
272990 6  3
272991 6  3
272992 6  3
272993 6  3
272994 6  3
272995 6  3
272996 6  3
272997 6  3
272998 6  3
272999 6  3
273000 6  3
273001 6  3
273002 6  3
273003 6  3
273004 6  3
273005 6  3
273006 6  3
273007 6  3
273008 6  3
273009 6  3
273010 6  3
273011 6  3
273012 6  3
273013 6  3
273014 6  3
273015 6  3
273016 6  3
273017 6  3
273018 6  3
273019 6  3
273020 6  3
273021 6  3
273022 6  3
273023 6  3
273024 6  3
273025 6  3
273026 6  3
273027 6  3
273028 6  3
273029 6  3
273030 6  3
273031 6  3
273032 6  3
273033 6  3
273034 6  3
273035 6  3
273036 6  3
273037 6  3
273038 6  3
273039 6  3
273040 6  3
273041 6  3
273042 6  3
273043 6  3
273044 6  3
273045 6  3
273046 6  3
273047 6  3
273048 6  3
273049 6  3
273050 6  3
273051 6  3
273052 6  3
273053 6  3
273054 6  3
273055 6  3
273056 6  3
273057 6  3
273058 6  3
273059 6  3
273060 6  3
273061 6  3
273062 6  3
273063 6  3
273064 6  3
273065 6  3
273066 6  3
273067 6  3
273068 6  3
273069 6  3
273070 6  3
273071 6  3
273072 6  3
273073 6  3
273074 6  3
273075 6  3
273076 6  3
273077 6  3
273078 6  3
273079 6  3
273080 6  3
273081 6  3
273082 6  3
273083 6  3
273084 6  3
273085 6  3
273086 6  3
273087 6  3
273088 6  3
273089 6  3
273090 6  3
273091 6  3
273092 6  3
273093 6  3
273094 6  3
273095 6  3
273096 6  3
273097 6  3
273098 6  3
273099 6  3
273100 6  3
273101 6  3
273102 6  3
273103 6  3
273104 6  3
273105 6  3
273106 6  3
273107 6  3
273108 6  3
273109 6  3
273110 6  3
273111 6  3
273112 6  3
273113 6  3
273114 6  3
273115 6  3
273116 6  3
273117 6  3
273118 6  3
273119 6  3
273120 6  3
273121 6  3
273122 6  3
273123 6  3
273124 6  3
273125 6  3
273126 6  3
273127 6  3
273128 6  3
273129 6  3
273130 6  3
273131 6  3
273132 6  3
273133 6  3
273134 6  3
273135 6  3
273136 6  3
273137 6  3
273138 6  3
273139 6  3
273140 6  3
273141 6  3
273142 6  3
273143 6  3
273144 6  3
273145 6  3
273146 6  3
273147 6  3
273148 6  3
273149 6  3
273150 6  3
273151 6  3
273152 6  3
273153 6  3
273154 6  3
273155 6  3
273156 6  3
273157 6  3
273158 6  3
273159 6  3
273160 6  3
273161 6  3
273162 6  3
273163 6  3
273164 6  3
273165 6  3
273166 6  3
273167 6  3
273168 6  3
273169 6  3
273170 6  3
273171 6  3
273172 6  3
273173 6  3
273174 6  3
273175 6  3
273176 6  3
273177 6  3
273178 6  3
273179 6  3
273180 6  3
273181 6  3
273182 6  3
273183 6  3
273184 6  3
273185 6  3
273186 6  3
273187 6  3
273188 6  3
273189 6  3
273190 6  3
273191 6  3
273192 6  3
273193 6  3
273194 6  3
273195 6  3
273196 6  3
273197 6  3
273198 6  3
273199 6  3
273200 6  3
273201 6  3
273202 6  3
273203 6  3
273204 6  3
273205 6  3
273206 6  3
273207 6  3
273208 6  3
273209 6  3
273210 6  3
273211 6  3
273212 6  3
273213 6  3
273214 6  3
273215 6  3
273216 6  3
273217 6  3
273218 6  3
273219 6  3
273220 6  3
273221 6  3
273222 6  3
273223 6  3
273224 6  3
273225 6  3
273226 6  3
273227 6  3
273228 6  3
273229 6  3
273230 6  3
273231 6  3
273232 6  3
273233 6  3
273234 6  3
273235 6  3
273236 6  3
273237 6  3
273238 6  3
273239 6  3
273240 6  3
273241 6  3
273242 6  3
273243 6  3
273244 6  3
273245 6  3
273246 6  3
273247 6  3
273248 6  3
273249 6  3
273250 6  3
273251 6  3
273252 6  3
273253 6  3
273254 6  3
273255 6  3
273256 6  3
273257 6  3
273258 6  3
273259 6  3
273260 6  3
273261 6  3
273262 6  3
273263 6  3
273264 6  3
273265 6  3
273266 6  3
273267 6  3
273268 6  3
273269 6  3
273270 6  3
273271 6  3
273272 6  3
273273 6  3
273274 6  3
273275 6  3
273276 6  3
273277 6  3
273278 6  3
273279 6  3
273280 6  3
273281 6  3
273282 6  3
273283 6  3
273284 6  3
273285 6  3
273286 6  3
273287 6  3
273288 6  3
273289 6  3
273290 6  3
273291 6  3
273292 6  3
273293 6  3
273294 6  3
273295 6  3
273296 6  3
273297 6  3
273298 6  3
273299 6  3
273300 6  3
273301 6  3
273302 6  3
273303 6  3
273304 6  3
273305 6  3
273306 6  3
273307 6  3
273308 6  3
273309 6  3
273310 6  3
273311 6  3
273312 6  3
273313 6  3
273314 6  3
273315 6  3
273316 6  3
273317 6  3
273318 6  3
273319 6  3
273320 6  3
273321 6  3
273322 6  3
273323 6  3
273324 6  3
273325 6  3
273326 6  3
273327 6  3
273328 6  3
273329 6  3
273330 6  3
273331 6  3
273332 6  3
273333 6  3
273334 6  3
273335 6  3
273336 6  3
273337 6  3
273338 6  3
273339 6  3
273340 6  3
273341 6  3
273342 6  3
273343 6  3
273344 6  3
273345 6  3
273346 6  3
273347 6  3
273348 6  3
273349 6  3
273350 6  3
273351 6  3
273352 6  3
273353 6  3
273354 6  3
273355 6  3
273356 6  3
273357 6  3
273358 6  3
273359 6  3
273360 6  3
273361 6  3
273362 6  3
273363 6  3
273364 6  3
273365 6  3
273366 6  3
273367 6  3
273368 6  3
273369 6  3
273370 6  3
273371 6  3
273372 6  3
273373 6  3
273374 6  3
273375 6  3
273376 6  3
273377 6  3
273378 6  3
273379 6  3
273380 6  3
273381 6  3
273382 6  3
273383 6  3
273384 6  3
273385 6  3
273386 6  3
273387 6  3
273388 6  3
273389 6  3
273390 6  3
273391 6  3
273392 6  3
273393 6  3
273394 6  3
273395 6  3
273396 6  3
273397 6  3
273398 6  3
273399 6  3
273400 6  3
273401 6  3
273402 6  3
273403 6  3
273404 6  3
273405 6  3
273406 6  3
273407 6  3
273408 6  3
273409 6  3
273410 6  3
273411 6  3
273412 6  3
273413 6  3
273414 6  3
273415 6  3
273416 6  3
273417 6  3
273418 6  3
273419 6  3
273420 6  3
273421 6  3
273422 6  3
273423 6  3
273424 6  3
273425 6  3
273426 6  3
273427 6  3
273428 6  3
273429 6  3
273430 6  3
273431 6  3
273432 6  3
273433 6  3
273434 6  3
273435 6  3
273436 6  3
273437 6  3
273438 6  3
273439 6  3
273440 6  3
273441 6  3
273442 6  3
273443 6  3
273444 6  3
273445 6  3
273446 6  3
273447 6  3
273448 6  3
273449 6  3
273450 6  3
273451 6  3
273452 6  3
273453 6  3
273454 6  3
273455 6  3
273456 6  3
273457 6  3
273458 6  3
273459 6  3
273460 6  3
273461 6  3
273462 6  3
273463 6  3
273464 6  3
273465 6  3
273466 6  3
273467 6  3
273468 6  3
273469 6  3
273470 6  3
273471 6  3
273472 6  3
273473 6  3
273474 6  3
273475 6  3
273476 6  3
273477 6  3
273478 6  3
273479 6  3
273480 6  3
273481 6  3
273482 6  3
273483 6  3
273484 6  3
273485 6  3
273486 6  3
273487 6  3
273488 6  3
273489 6  3
273490 6  3
273491 6  3
273492 6  3
273493 6  3
273494 6  3
273495 6  3
273496 6  3
273497 6  3
273498 6  3
273499 6  3
273500 6  3
273501 6  3
273502 6  3
273503 6  3
273504 6  3
273505 6  3
273506 6  3
273507 6  3
273508 6  3
273509 6  3
273510 6  3
273511 6  3
273512 6  3
273513 6  3
273514 6  3
273515 6  3
273516 6  3
273517 6  3
273518 6  3
273519 6  3
273520 6  3
273521 6  3
273522 6  3
273523 6  3
273524 6  3
273525 6  3
273526 6  3
273527 6  3
273528 6  3
273529 6  3
273530 6  3
273531 6  3
273532 6  3
273533 6  3
273534 6  3
273535 6  3
273536 6  3
273537 6  3
273538 6  3
273539 6  3
273540 6  3
273541 6  3
273542 6  3
273543 6  3
273544 6  3
273545 6  3
273546 6  3
273547 6  3
273548 6  3
273549 6  3
273550 6  3
273551 6  3
273552 6  3
273553 6  3
273554 6  3
273555 6  3
273556 6  3
273557 6  3
273558 6  3
273559 6  3
273560 6  3
273561 6  3
273562 6  3
273563 6  3
273564 6  3
273565 6  3
273566 6  3
273567 6  3
273568 6  3
273569 6  3
273570 6  3
273571 6  3
273572 6  3
273573 6  3
273574 6  3
273575 6  3
273576 6  3
273577 6  3
273578 6  3
273579 6  3
273580 6  3
273581 6  3
273582 6  3
273583 6  3
273584 6  3
273585 6  3
273586 6  3
273587 6  3
273588 6  3
273589 6  3
273590 6  3
273591 6  3
273592 6  3
273593 6  3
273594 6  3
273595 6  3
273596 6  3
273597 6  3
273598 6  3
273599 6  3
273600 6  3
273601 6  3
273602 6  3
273603 6  3
273604 6  3
273605 6  3
273606 6  3
273607 6  3
273608 6  3
273609 6  3
273610 6  3
273611 6  3
273612 6  3
273613 6  3
273614 6  3
273615 6  3
273616 6  3
273617 6  3
273618 6  3
273619 6  3
273620 6  3
273621 6  3
273622 6  3
273623 6  3
273624 6  3
273625 6  3
273626 6  3
273627 6  3
273628 6  3
273629 6  3
273630 6  3
273631 6  3
273632 6  3
273633 6  3
273634 6  3
273635 6  3
273636 6  3
273637 6  3
273638 6  3
273639 6  3
273640 6  3
273641 6  3
273642 6  3
273643 6  3
273644 6  3
273645 6  3
273646 6  3
273647 6  3
273648 6  3
273649 6  3
273650 6  3
273651 6  3
273652 6  3
273653 6  3
273654 6  3
273655 6  3
273656 6  3
273657 6  3
273658 6  3
273659 6  3
273660 6  3
273661 6  3
273662 6  3
273663 6  3
273664 6  3
273665 6  3
273666 6  3
273667 6  3
273668 6  3
273669 6  3
273670 6  3
273671 6  3
273672 6  3
273673 6  3
273674 6  3
273675 6  3
273676 6  3
273677 6  3
273678 6  3
273679 6  3
273680 6  3
273681 6  3
273682 6  3
273683 6  3
273684 6  3
273685 6  3
273686 6  3
273687 6  3
273688 6  3
273689 6  3
273690 6  3
273691 6  3
273692 6  3
273693 6  3
273694 6  3
273695 6  3
273696 6  3
273697 6  3
273698 6  3
273699 6  3
273700 6  3
273701 6  3
273702 6  3
273703 6  3
273704 6  3
273705 6  3
273706 6  3
273707 6  3
273708 6  3
273709 6  3
273710 6  3
273711 6  3
273712 6  3
273713 6  3
273714 6  3
273715 6  3
273716 6  3
273717 6  3
273718 6  3
273719 6  3
273720 6  3
273721 6  3
273722 6  3
273723 6  3
273724 6  3
273725 6  3
273726 6  3
273727 6  3
273728 6  3
273729 6  3
273730 6  3
273731 6  3
273732 6  3
273733 6  3
273734 6  3
273735 6  3
273736 6  3
273737 6  3
273738 6  3
273739 6  3
273740 6  3
273741 6  3
273742 6  3
273743 6  3
273744 6  3
273745 6  3
273746 6  3
273747 6  3
273748 6  3
273749 6  3
273750 6  3
273751 6  3
273752 6  3
273753 6  3
273754 6  3
273755 6  3
273756 6  3
273757 6  3
273758 6  3
273759 6  3
273760 6  3
273761 6  3
273762 6  3
273763 6  3
273764 6  3
273765 6  3
273766 6  3
273767 6  3
273768 6  3
273769 6  3
273770 6  3
273771 6  3
273772 6  3
273773 6  3
273774 6  3
273775 6  3
273776 6  3
273777 6  3
273778 6  3
273779 6  3
273780 6  3
273781 6  3
273782 6  3
273783 6  3
273784 6  3
273785 6  3
273786 6  3
273787 6  3
273788 6  3
273789 6  3
273790 6  3
273791 6  3
273792 6  3
273793 6  3
273794 6  3
273795 6  3
273796 6  3
273797 6  3
273798 6  3
273799 6  3
273800 6  3
273801 6  3
273802 6  3
273803 6  3
273804 6  3
273805 6  3
273806 6  3
273807 6  3
273808 6  3
273809 6  3
273810 6  3
273811 6  3
273812 6  3
273813 6  3
273814 6  3
273815 6  3
273816 6  3
273817 6  3
273818 6  3
273819 6  3
273820 6  3
273821 6  3
273822 6  3
273823 6  3
273824 6  3
273825 6  3
273826 6  3
273827 6  3
273828 6  3
273829 6  3
273830 6  3
273831 6  3
273832 6  3
273833 6  3
273834 6  3
273835 6  3
273836 6  3
273837 6  3
273838 6  3
273839 6  3
273840 6  3
273841 6  3
273842 6  3
273843 6  3
273844 6  3
273845 6  3
273846 6  3
273847 6  3
273848 6  3
273849 6  3
273850 6  3
273851 6  3
273852 6  3
273853 6  3
273854 6  3
273855 6  3
273856 6  3
273857 6  3
273858 6  3
273859 6  3
273860 6  3
273861 6  3
273862 6  3
273863 6  3
273864 6  3
273865 6  3
273866 6  3
273867 6  3
273868 6  3
273869 6  3
273870 6  3
273871 6  3
273872 6  3
273873 6  3
273874 6  3
273875 6  3
273876 6  3
273877 6  3
273878 6  3
273879 6  3
273880 6  3
273881 6  3
273882 6  3
273883 6  3
273884 6  3
273885 6  3
273886 6  3
273887 6  3
273888 6  3
273889 6  3
273890 6  3
273891 6  3
273892 6  3
273893 6  3
273894 6  3
273895 6  3
273896 6  3
273897 6  3
273898 6  3
273899 6  3
273900 6  3
273901 6  3
273902 6  3
273903 6  3
273904 6  3
273905 6  3
273906 6  3
273907 6  3
273908 6  3
273909 6  3
273910 6  3
273911 6  3
273912 6  3
273913 6  3
273914 6  3
273915 6  3
273916 6  3
273917 6  3
273918 6  3
273919 6  3
273920 6  3
273921 6  3
273922 6  3
273923 6  3
273924 6  3
273925 6  3
273926 6  3
273927 6  3
273928 6  3
273929 6  3
273930 6  3
273931 6  3
273932 6  3
273933 6  3
273934 6  3
273935 6  3
273936 6  3
273937 6  3
273938 6  3
273939 6  3
273940 6  3
273941 6  3
273942 6  3
273943 6  3
273944 6  3
273945 6  3
273946 6  3
273947 6  3
273948 6  3
273949 6  3
273950 6  3
273951 6  3
273952 6  3
273953 6  3
273954 6  3
273955 6  3
273956 6  3
273957 6  3
273958 6  3
273959 6  3
273960 6  3
273961 6  3
273962 6  3
273963 6  3
273964 6  3
273965 6  3
273966 6  3
273967 6  3
273968 6  3
273969 6  3
273970 6  3
273971 6  3
273972 6  3
273973 6  3
273974 6  3
273975 6  3
273976 6  3
273977 6  3
273978 6  3
273979 6  3
273980 6  3
273981 6  3
273982 6  3
273983 6  3
273984 6  3
273985 6  3
273986 6  3
273987 6  3
273988 6  3
273989 6  3
273990 6  3
273991 6  3
273992 6  3
273993 6  3
273994 6  3
273995 6  3
273996 6  3
273997 6  3
273998 6  3
273999 6  3
274000 6  3
274001 6  3
274002 6  3
274003 6  3
274004 6  3
274005 6  3
274006 6  3
274007 6  3
274008 6  3
274009 6  3
274010 6  3
274011 6  3
274012 6  3
274013 6  3
274014 6  3
274015 6  3
274016 6  3
274017 6  3
274018 6  3
274019 6  3
274020 6  3
274021 6  3
274022 6  3
274023 6  3
274024 6  3
274025 6  3
274026 6  3
274027 6  3
274028 6  3
274029 6  3
274030 6  3
274031 6  3
274032 6  3
274033 6  3
274034 6  3
274035 6  3
274036 6  3
274037 6  3
274038 6  3
274039 6  3
274040 6  3
274041 6  3
274042 6  3
274043 6  3
274044 6  3
274045 6  3
274046 6  3
274047 6  3
274048 6  3
274049 6  3
274050 6  3
274051 6  3
274052 6  3
274053 6  3
274054 6  3
274055 6  3
274056 6  3
274057 6  3
274058 6  3
274059 6  3
274060 6  3
274061 6  3
274062 6  3
274063 6  3
274064 6  3
274065 6  3
274066 6  3
274067 6  3
274068 6  3
274069 6  3
274070 6  3
274071 6  3
274072 6  3
274073 6  3
274074 6  3
274075 6  3
274076 6  3
274077 6  3
274078 6  3
274079 6  3
274080 6  3
274081 6  3
274082 6  3
274083 6  3
274084 6  3
274085 6  3
274086 6  3
274087 6  3
274088 6  3
274089 6  3
274090 6  3
274091 6  3
274092 6  3
274093 6  3
274094 6  3
274095 6  3
274096 6  3
274097 6  3
274098 6  3
274099 6  3
274100 6  3
274101 6  3
274102 6  3
274103 6  3
274104 6  3
274105 6  3
274106 6  3
274107 6  3
274108 6  3
274109 6  3
274110 6  3
274111 6  3
274112 6  3
274113 6  3
274114 6  3
274115 6  3
274116 6  3
274117 6  3
274118 6  3
274119 6  3
274120 6  3
274121 6  3
274122 6  3
274123 6  3
274124 6  3
274125 6  3
274126 6  3
274127 6  3
274128 6  3
274129 6  3
274130 6  3
274131 6  3
274132 6  3
274133 6  3
274134 6  3
274135 6  3
274136 6  3
274137 6  3
274138 6  3
274139 6  3
274140 6  3
274141 6  3
274142 6  3
274143 6  3
274144 6  3
274145 6  3
274146 6  3
274147 6  3
274148 6  3
274149 6  3
274150 6  3
274151 6  3
274152 6  3
274153 6  3
274154 6  3
274155 6  3
274156 6  3
274157 6  3
274158 6  3
274159 6  3
274160 6  3
274161 6  3
274162 6  3
274163 6  3
274164 6  3
274165 6  3
274166 6  3
274167 6  3
274168 6  3
274169 6  3
274170 6  3
274171 6  3
274172 6  3
274173 6  3
274174 6  3
274175 6  3
274176 6  3
274177 6  3
274178 6  3
274179 6  3
274180 6  3
274181 6  3
274182 6  3
274183 6  3
274184 6  3
274185 6  3
274186 6  3
274187 6  3
274188 6  3
274189 6  3
274190 6  3
274191 6  3
274192 6  3
274193 6  3
274194 6  3
274195 6  3
274196 6  3
274197 6  3
274198 6  3
274199 6  3
274200 6  3
274201 6  3
274202 6  3
274203 6  3
274204 6  3
274205 6  3
274206 6  3
274207 6  3
274208 6  3
274209 6  3
274210 6  3
274211 6  3
274212 6  3
274213 6  3
274214 6  3
274215 6  3
274216 6  3
274217 6  3
274218 6  3
274219 6  3
274220 6  3
274221 6  3
274222 6  3
274223 6  3
274224 6  3
274225 6  3
274226 6  3
274227 6  3
274228 6  3
274229 6  3
274230 6  3
274231 6  3
274232 6  3
274233 6  3
274234 6  3
274235 6  3
274236 6  3
274237 6  3
274238 6  3
274239 6  3
274240 6  3
274241 6  3
274242 6  3
274243 6  3
274244 6  3
274245 6  3
274246 6  3
274247 6  3
274248 6  3
274249 6  3
274250 6  3
274251 6  3
274252 6  3
274253 6  3
274254 6  3
274255 6  3
274256 6  3
274257 6  3
274258 6  3
274259 6  3
274260 6  3
274261 6  3
274262 6  3
274263 6  3
274264 6  3
274265 6  3
274266 6  3
274267 6  3
274268 6  3
274269 6  3
274270 6  3
274271 6  3
274272 6  3
274273 6  3
274274 6  3
274275 6  3
274276 6  3
274277 6  3
274278 6  3
274279 6  3
274280 6  3
274281 6  3
274282 6  3
274283 6  3
274284 6  3
274285 6  3
274286 6  3
274287 6  3
274288 6  3
274289 6  3
274290 6  3
274291 6  3
274292 6  3
274293 6  3
274294 6  3
274295 6  3
274296 6  3
274297 6  3
274298 6  3
274299 6  3
274300 6  3
274301 6  3
274302 6  3
274303 6  3
274304 6  3
274305 6  3
274306 6  3
274307 6  3
274308 6  3
274309 6  3
274310 6  3
274311 6  3
274312 6  3
274313 6  3
274314 6  3
274315 6  3
274316 6  3
274317 6  3
274318 6  3
274319 6  3
274320 6  3
274321 6  3
274322 6  3
274323 6  3
274324 6  3
274325 6  3
274326 6  3
274327 6  3
274328 6  3
274329 6  3
274330 6  3
274331 6  3
274332 6  3
274333 6  3
274334 6  3
274335 6  3
274336 6  3
274337 6  3
274338 6  3
274339 6  3
274340 6  3
274341 6  3
274342 6  3
274343 6  3
274344 6  3
274345 6  3
274346 6  3
274347 6  3
274348 6  3
274349 6  3
274350 6  3
274351 6  3
274352 6  3
274353 6  3
274354 6  3
274355 6  3
274356 6  3
274357 6  3
274358 6  3
274359 6  3
274360 6  3
274361 6  3
274362 6  3
274363 6  3
274364 6  3
274365 6  3
274366 6  3
274367 6  3
274368 6  3
274369 6  3
274370 6  3
274371 6  3
274372 6  3
274373 6  3
274374 6  3
274375 6  3
274376 6  3
274377 6  3
274378 6  3
274379 6  3
274380 6  3
274381 6  3
274382 6  3
274383 6  3
274384 6  3
274385 6  3
274386 6  3
274387 6  3
274388 6  3
274389 6  3
274390 6  3
274391 6  3
274392 6  3
274393 6  3
274394 6  3
274395 6  3
274396 6  3
274397 6  3
274398 6  3
274399 6  3
274400 6  3
274401 6  3
274402 6  3
274403 6  3
274404 6  3
274405 6  3
274406 6  3
274407 6  3
274408 6  3
274409 6  3
274410 6  3
274411 6  3
274412 6  3
274413 6  3
274414 6  3
274415 6  3
274416 6  3
274417 6  3
274418 6  3
274419 6  3
274420 6  3
274421 6  3
274422 6  3
274423 6  3
274424 6  3
274425 6  3
274426 6  3
274427 6  3
274428 6  3
274429 6  3
274430 6  3
274431 6  3
274432 6  3
274433 6  3
274434 6  3
274435 6  3
274436 6  3
274437 6  3
274438 6  3
274439 6  3
274440 6  3
274441 6  3
274442 6  3
274443 6  3
274444 6  3
274445 6  3
274446 6  3
274447 6  3
274448 6  3
274449 6  3
274450 6  3
274451 6  3
274452 6  3
274453 6  3
274454 6  3
274455 6  3
274456 6  3
274457 6  3
274458 6  3
274459 6  3
274460 6  3
274461 6  3
274462 6  3
274463 6  3
274464 6  3
274465 6  3
274466 6  3
274467 6  3
274468 6  3
274469 6  3
274470 6  3
274471 6  3
274472 6  3
274473 6  3
274474 6  3
274475 6  3
274476 6  3
274477 6  3
274478 6  3
274479 6  3
274480 6  3
274481 6  3
274482 6  3
274483 6  3
274484 6  3
274485 6  3
274486 6  3
274487 6  3
274488 6  3
274489 6  3
274490 6  3
274491 6  3
274492 6  3
274493 6  3
274494 6  3
274495 6  3
274496 6  3
274497 6  3
274498 6  3
274499 6  3
274500 6  3
274501 6  3
274502 6  3
274503 6  3
274504 6  3
274505 6  3
274506 6  3
274507 6  3
274508 6  3
274509 6  3
274510 6  3
274511 6  3
274512 6  3
274513 6  3
274514 6  3
274515 6  3
274516 6  3
274517 6  3
274518 6  3
274519 6  3
274520 6  3
274521 6  3
274522 6  3
274523 6  3
274524 6  3
274525 6  3
274526 6  3
274527 6  3
274528 6  3
274529 6  3
274530 6  3
274531 6  3
274532 6  3
274533 6  3
274534 6  3
274535 6  3
274536 6  3
274537 6  3
274538 6  3
274539 6  3
274540 6  3
274541 6  3
274542 6  3
274543 6  3
274544 6  3
274545 6  3
274546 6  3
274547 6  3
274548 6  3
274549 6  3
274550 6  3
274551 6  3
274552 6  3
274553 6  3
274554 6  3
274555 6  3
274556 6  3
274557 6  3
274558 6  3
274559 6  3
274560 6  3
274561 6  3
274562 6  3
274563 6  3
274564 6  3
274565 6  3
274566 6  3
274567 6  3
274568 6  3
274569 6  3
274570 6  3
274571 6  3
274572 6  3
274573 6  3
274574 6  3
274575 6  3
274576 6  3
274577 6  3
274578 6  3
274579 6  3
274580 6  3
274581 6  3
274582 6  3
274583 6  3
274584 6  3
274585 6  3
274586 6  3
274587 6  3
274588 6  3
274589 6  3
274590 6  3
274591 6  3
274592 6  3
274593 6  3
274594 6  3
274595 6  3
274596 6  3
274597 6  3
274598 6  3
274599 6  3
274600 6  3
274601 6  3
274602 6  3
274603 6  3
274604 6  3
274605 6  3
274606 6  3
274607 6  3
274608 6  3
274609 6  3
274610 6  3
274611 6  3
274612 6  3
274613 6  3
274614 6  3
274615 6  3
274616 6  3
274617 6  3
274618 6  3
274619 6  3
274620 6  3
274621 6  3
274622 6  3
274623 6  3
274624 6  3
274625 6  3
274626 6  3
274627 6  3
274628 6  3
274629 6  3
274630 6  3
274631 6  3
274632 6  3
274633 6  3
274634 6  3
274635 6  3
274636 6  3
274637 6  3
274638 6  3
274639 6  3
274640 6  3
274641 6  3
274642 6  3
274643 6  3
274644 6  3
274645 6  3
274646 6  3
274647 6  3
274648 6  3
274649 6  3
274650 6  3
274651 6  3
274652 6  3
274653 6  3
274654 6  3
274655 6  3
274656 6  3
274657 6  3
274658 6  3
274659 6  3
274660 6  3
274661 6  3
274662 6  3
274663 6  3
274664 6  3
274665 6  3
274666 6  3
274667 6  3
274668 6  3
274669 6  3
274670 6  3
274671 6  3
274672 6  3
274673 6  3
274674 6  3
274675 6  3
274676 6  3
274677 6  3
274678 6  3
274679 6  3
274680 6  3
274681 6  3
274682 6  3
274683 6  3
274684 6  3
274685 6  3
274686 6  3
274687 6  3
274688 6  3
274689 6  3
274690 6  3
274691 6  3
274692 6  3
274693 6  3
274694 6  3
274695 6  3
274696 6  3
274697 6  3
274698 6  3
274699 6  3
274700 6  3
274701 6  3
274702 6  3
274703 6  3
274704 6  3
274705 6  3
274706 6  3
274707 6  3
274708 6  3
274709 6  3
274710 6  3
274711 6  3
274712 6  3
274713 6  3
274714 6  3
274715 6  3
274716 6  3
274717 6  3
274718 6  3
274719 6  3
274720 6  3
274721 6  3
274722 6  3
274723 6  3
274724 6  3
274725 6  3
274726 6  3
274727 6  3
274728 6  3
274729 6  3
274730 6  3
274731 6  3
274732 6  3
274733 6  3
274734 6  3
274735 6  3
274736 6  3
274737 6  3
274738 6  3
274739 6  3
274740 6  3
274741 6  3
274742 6  3
274743 6  3
274744 6  3
274745 6  3
274746 6  3
274747 6  3
274748 6  3
274749 6  3
274750 6  3
274751 6  3
274752 6  3
274753 6  3
274754 6  3
274755 6  3
274756 6  3
274757 6  3
274758 6  3
274759 6  3
274760 6  3
274761 6  3
274762 6  3
274763 6  3
274764 6  3
274765 6  3
274766 6  3
274767 6  3
274768 6  3
274769 6  3
274770 6  3
274771 6  3
274772 6  3
274773 6  3
274774 6  3
274775 6  3
274776 6  3
274777 6  3
274778 6  3
274779 6  3
274780 6  3
274781 6  3
274782 6  3
274783 6  3
274784 6  3
274785 6  3
274786 6  3
274787 6  3
274788 6  3
274789 6  3
274790 6  3
274791 6  3
274792 6  3
274793 6  3
274794 6  3
274795 6  3
274796 6  3
274797 6  3
274798 6  3
274799 6  3
274800 6  3
274801 6  3
274802 6  3
274803 6  3
274804 6  3
274805 6  3
274806 6  3
274807 6  3
274808 6  3
274809 6  3
274810 6  3
274811 6  3
274812 6  3
274813 6  3
274814 6  3
274815 6  3
274816 6  3
274817 6  3
274818 6  3
274819 6  3
274820 6  3
274821 6  3
274822 6  3
274823 6  3
274824 6  3
274825 6  3
274826 6  3
274827 6  3
274828 6  3
274829 6  3
274830 6  3
274831 6  3
274832 6  3
274833 6  3
274834 6  3
274835 6  3
274836 6  3
274837 6  3
274838 6  3
274839 6  3
274840 6  3
274841 6  3
274842 6  3
274843 6  3
274844 6  3
274845 6  3
274846 6  3
274847 6  3
274848 6  3
274849 6  3
274850 6  3
274851 6  3
274852 6  3
274853 6  3
274854 6  3
274855 6  3
274856 6  3
274857 6  3
274858 6  3
274859 6  3
274860 6  3
274861 6  3
274862 6  3
274863 6  3
274864 6  3
274865 6  3
274866 6  3
274867 6  3
274868 6  3
274869 6  3
274870 6  3
274871 6  3
274872 6  3
274873 6  3
274874 6  3
274875 6  3
274876 6  3
274877 6  3
274878 6  3
274879 6  3
274880 6  3
274881 6  3
274882 6  3
274883 6  3
274884 6  3
274885 6  3
274886 6  3
274887 6  3
274888 6  3
274889 6  3
274890 6  3
274891 6  3
274892 6  3
274893 6  3
274894 6  3
274895 6  3
274896 6  3
274897 6  3
274898 6  3
274899 6  3
274900 6  3
274901 6  3
274902 6  3
274903 6  3
274904 6  3
274905 6  3
274906 6  3
274907 6  3
274908 6  3
274909 6  3
274910 6  3
274911 6  3
274912 6  3
274913 6  3
274914 6  3
274915 6  3
274916 6  3
274917 6  3
274918 6  3
274919 6  3
274920 6  3
274921 6  3
274922 6  3
274923 6  3
274924 6  3
274925 6  3
274926 6  3
274927 6  3
274928 6  3
274929 6  3
274930 6  3
274931 6  3
274932 6  3
274933 6  3
274934 6  3
274935 6  3
274936 6  3
274937 6  3
274938 6  3
274939 6  3
274940 6  3
274941 6  3
274942 6  3
274943 6  3
274944 6  3
274945 6  3
274946 6  3
274947 6  3
274948 6  3
274949 6  3
274950 6  3
274951 6  3
274952 6  3
274953 6  3
274954 6  3
274955 6  3
274956 6  3
274957 6  3
274958 6  3
274959 6  3
274960 6  3
274961 6  3
274962 6  3
274963 6  3
274964 6  3
274965 6  3
274966 6  3
274967 6  3
274968 6  3
274969 6  3
274970 6  3
274971 6  3
274972 6  3
274973 6  3
274974 6  3
274975 6  3
274976 6  3
274977 6  3
274978 6  3
274979 6  3
274980 6  3
274981 6  3
274982 6  3
274983 6  3
274984 6  3
274985 6  3
274986 6  3
274987 6  3
274988 6  3
274989 6  3
274990 6  3
274991 6  3
274992 6  3
274993 6  3
274994 6  3
274995 6  3
274996 6  3
274997 6  3
274998 6  3
274999 6  3
275000 6  3
275001 6  3
275002 6  3
275003 6  3
275004 6  3
275005 6  3
275006 6  3
275007 6  3
275008 6  3
275009 6  3
275010 6  3
275011 6  3
275012 6  3
275013 6  3
275014 6  3
275015 6  3
275016 6  3
275017 6  3
275018 6  3
275019 6  3
275020 6  3
275021 6  3
275022 6  3
275023 6  3
275024 6  3
275025 6  3
275026 6  3
275027 6  3
275028 6  3
275029 6  3
275030 6  3
275031 6  3
275032 6  3
275033 6  3
275034 6  3
275035 6  3
275036 6  3
275037 6  3
275038 6  3
275039 6  3
275040 6  3
275041 6  3
275042 6  3
275043 6  3
275044 6  3
275045 6  3
275046 6  3
275047 6  3
275048 6  3
275049 6  3
275050 6  3
275051 6  3
275052 6  3
275053 6  3
275054 6  3
275055 6  3
275056 6  3
275057 6  3
275058 6  3
275059 6  3
275060 6  3
275061 6  3
275062 6  3
275063 6  3
275064 6  3
275065 6  3
275066 6  3
275067 6  3
275068 6  3
275069 6  3
275070 6  3
275071 6  3
275072 6  3
275073 6  3
275074 6  3
275075 6  3
275076 6  3
275077 6  3
275078 6  3
275079 6  3
275080 6  3
275081 6  3
275082 6  3
275083 6  3
275084 6  3
275085 6  3
275086 6  3
275087 6  3
275088 6  3
275089 6  3
275090 6  3
275091 6  3
275092 6  3
275093 6  3
275094 6  3
275095 6  3
275096 6  3
275097 6  3
275098 6  3
275099 6  3
275100 6  3
275101 6  3
275102 6  3
275103 6  3
275104 6  3
275105 6  3
275106 6  3
275107 6  3
275108 6  3
275109 6  3
275110 6  3
275111 6  3
275112 6  3
275113 6  3
275114 6  3
275115 6  3
275116 6  3
275117 6  3
275118 6  3
275119 6  3
275120 6  3
275121 6  3
275122 6  3
275123 6  3
275124 6  3
275125 6  3
275126 6  3
275127 6  3
275128 6  3
275129 6  3
275130 6  3
275131 6  3
275132 6  3
275133 6  3
275134 6  3
275135 6  3
275136 6  3
275137 6  3
275138 6  3
275139 6  3
275140 6  3
275141 6  3
275142 6  3
275143 6  3
275144 6  3
275145 6  3
275146 6  3
275147 6  3
275148 6  3
275149 6  3
275150 6  3
275151 6  3
275152 6  3
275153 6  3
275154 6  3
275155 6  3
275156 6  3
275157 6  3
275158 6  3
275159 6  3
275160 6  3
275161 6  3
275162 6  3
275163 6  3
275164 6  3
275165 6  3
275166 6  3
275167 6  3
275168 6  3
275169 6  3
275170 6  3
275171 6  3
275172 6  3
275173 6  3
275174 6  3
275175 6  3
275176 6  3
275177 6  3
275178 6  3
275179 6  3
275180 6  3
275181 6  3
275182 6  3
275183 6  3
275184 6  3
275185 6  3
275186 6  3
275187 6  3
275188 6  3
275189 6  3
275190 6  3
275191 6  3
275192 6  3
275193 6  3
275194 6  3
275195 6  3
275196 6  3
275197 6  3
275198 6  3
275199 6  3
275200 6  3
275201 6  3
275202 6  3
275203 6  3
275204 6  3
275205 6  3
275206 6  3
275207 6  3
275208 6  3
275209 6  3
275210 6  3
275211 6  3
275212 6  3
275213 6  3
275214 6  3
275215 6  3
275216 6  3
275217 6  3
275218 6  3
275219 6  3
275220 6  3
275221 6  3
275222 6  3
275223 6  3
275224 6  3
275225 6  3
275226 6  3
275227 6  3
275228 6  3
275229 6  3
275230 6  3
275231 6  3
275232 6  3
275233 6  3
275234 6  3
275235 6  3
275236 6  3
275237 6  3
275238 6  3
275239 6  3
275240 6  3
275241 6  3
275242 6  3
275243 6  3
275244 6  3
275245 6  3
275246 6  3
275247 6  3
275248 6  3
275249 6  3
275250 6  3
275251 6  3
275252 6  3
275253 6  3
275254 6  3
275255 6  3
275256 6  3
275257 6  3
275258 6  3
275259 6  3
275260 6  3
275261 6  3
275262 6  3
275263 6  3
275264 6  3
275265 6  3
275266 6  3
275267 6  3
275268 6  3
275269 6  3
275270 6  3
275271 6  3
275272 6  3
275273 6  3
275274 6  3
275275 6  3
275276 6  3
275277 6  3
275278 6  3
275279 6  3
275280 6  3
275281 6  3
275282 6  3
275283 6  3
275284 6  3
275285 6  3
275286 6  3
275287 6  3
275288 6  3
275289 6  3
275290 6  3
275291 6  3
275292 6  3
275293 6  3
275294 6  3
275295 6  3
275296 6  3
275297 6  3
275298 6  3
275299 6  3
275300 6  3
275301 6  3
275302 6  3
275303 6  3
275304 6  3
275305 6  3
275306 6  3
275307 6  3
275308 6  3
275309 6  3
275310 6  3
275311 6  3
275312 6  3
275313 6  3
275314 6  3
275315 6  3
275316 6  3
275317 6  3
275318 6  3
275319 6  3
275320 6  3
275321 6  3
275322 6  3
275323 6  3
275324 6  3
275325 6  3
275326 6  3
275327 6  3
275328 6  3
275329 6  3
275330 6  3
275331 6  3
275332 6  3
275333 6  3
275334 6  3
275335 6  3
275336 6  3
275337 6  3
275338 6  3
275339 6  3
275340 6  3
275341 6  3
275342 6  3
275343 6  3
275344 6  3
275345 6  3
275346 6  3
275347 6  3
275348 6  3
275349 6  3
275350 6  3
275351 6  3
275352 6  3
275353 6  3
275354 6  3
275355 6  3
275356 6  3
275357 6  3
275358 6  3
275359 6  3
275360 6  3
275361 6  3
275362 6  3
275363 6  3
275364 6  3
275365 6  3
275366 6  3
275367 6  3
275368 6  3
275369 6  3
275370 6  3
275371 6  3
275372 6  3
275373 6  3
275374 6  3
275375 6  3
275376 6  3
275377 6  3
275378 6  3
275379 6  3
275380 6  3
275381 6  3
275382 6  3
275383 6  3
275384 6  3
275385 6  3
275386 6  3
275387 6  3
275388 6  3
275389 6  3
275390 6  3
275391 6  3
275392 6  3
275393 6  3
275394 6  3
275395 6  3
275396 6  3
275397 6  3
275398 6  3
275399 6  3
275400 6  3
275401 6  3
275402 6  3
275403 6  3
275404 6  3
275405 6  3
275406 6  3
275407 6  3
275408 6  3
275409 6  3
275410 6  3
275411 6  3
275412 6  3
275413 6  3
275414 6  3
275415 6  3
275416 6  3
275417 6  3
275418 6  3
275419 6  3
275420 6  3
275421 6  3
275422 6  3
275423 6  3
275424 6  3
275425 6  3
275426 6  3
275427 6  3
275428 6  3
275429 6  3
275430 6  3
275431 6  3
275432 6  3
275433 6  3
275434 6  3
275435 6  3
275436 6  3
275437 6  3
275438 6  3
275439 6  3
275440 6  3
275441 6  3
275442 6  3
275443 6  3
275444 6  3
275445 6  3
275446 6  3
275447 6  3
275448 6  3
275449 6  3
275450 6  3
275451 6  3
275452 6  3
275453 6  3
275454 6  3
275455 6  3
275456 6  3
275457 6  3
275458 6  3
275459 6  3
275460 6  3
275461 6  3
275462 6  3
275463 6  3
275464 6  3
275465 6  3
275466 6  3
275467 6  3
275468 6  3
275469 6  3
275470 6  3
275471 6  3
275472 6  3
275473 6  3
275474 6  3
275475 6  3
275476 6  3
275477 6  3
275478 6  3
275479 6  3
275480 6  3
275481 6  3
275482 6  3
275483 6  3
275484 6  3
275485 6  3
275486 6  3
275487 6  3
275488 6  3
275489 6  3
275490 6  3
275491 6  3
275492 6  3
275493 6  3
275494 6  3
275495 6  3
275496 6  3
275497 6  3
275498 6  3
275499 6  3
275500 6  3
275501 6  3
275502 6  3
275503 6  3
275504 6  3
275505 6  3
275506 6  3
275507 6  3
275508 6  3
275509 6  3
275510 6  3
275511 6  3
275512 6  3
275513 6  3
275514 6  3
275515 6  3
275516 6  3
275517 6  3
275518 6  3
275519 6  3
275520 6  3
275521 6  3
275522 6  3
275523 6  3
275524 6  3
275525 6  3
275526 6  3
275527 6  3
275528 6  3
275529 6  3
275530 6  3
275531 6  3
275532 6  3
275533 6  3
275534 6  3
275535 6  3
275536 6  3
275537 6  3
275538 6  3
275539 6  3
275540 6  3
275541 6  3
275542 6  3
275543 6  3
275544 6  3
275545 6  3
275546 6  3
275547 6  3
275548 6  3
275549 6  3
275550 6  3
275551 6  3
275552 6  3
275553 6  3
275554 6  3
275555 6  3
275556 6  3
275557 6  3
275558 6  3
275559 6  3
275560 6  3
275561 6  3
275562 6  3
275563 6  3
275564 6  3
275565 6  3
275566 6  3
275567 6  3
275568 6  3
275569 6  3
275570 6  3
275571 6  3
275572 6  3
275573 6  3
275574 6  3
275575 6  3
275576 6  3
275577 6  3
275578 6  3
275579 6  3
275580 6  3
275581 6  3
275582 6  3
275583 6  3
275584 6  3
275585 6  3
275586 6  3
275587 6  3
275588 6  3
275589 6  3
275590 6  3
275591 6  3
275592 6  3
275593 6  3
275594 6  3
275595 6  3
275596 6  3
275597 6  3
275598 6  3
275599 6  3
275600 6  3
275601 6  3
275602 6  3
275603 6  3
275604 6  3
275605 6  3
275606 6  3
275607 6  3
275608 6  3
275609 6  3
275610 6  3
275611 6  3
275612 6  3
275613 6  3
275614 6  3
275615 6  3
275616 6  3
275617 6  3
275618 6  3
275619 6  3
275620 6  3
275621 6  3
275622 6  3
275623 6  3
275624 6  3
275625 6  3
275626 6  3
275627 6  3
275628 6  3
275629 6  3
275630 6  3
275631 6  3
275632 6  3
275633 6  3
275634 6  3
275635 6  3
275636 6  3
275637 6  3
275638 6  3
275639 6  3
275640 6  3
275641 6  3
275642 6  3
275643 6  3
275644 6  3
275645 6  3
275646 6  3
275647 6  3
275648 6  3
275649 6  3
275650 6  3
275651 6  3
275652 6  3
275653 6  3
275654 6  3
275655 6  3
275656 6  3
275657 6  3
275658 6  3
275659 6  3
275660 6  3
275661 6  3
275662 6  3
275663 6  3
275664 6  3
275665 6  3
275666 6  3
275667 6  3
275668 6  3
275669 6  3
275670 6  3
275671 6  3
275672 6  3
275673 6  3
275674 6  3
275675 6  3
275676 6  3
275677 6  3
275678 6  3
275679 6  3
275680 6  3
275681 6  3
275682 6  3
275683 6  3
275684 6  3
275685 6  3
275686 6  3
275687 6  3
275688 6  3
275689 6  3
275690 6  3
275691 6  3
275692 6  3
275693 6  3
275694 6  3
275695 6  3
275696 6  3
275697 6  3
275698 6  3
275699 6  3
275700 6  3
275701 6  3
275702 6  3
275703 6  3
275704 6  3
275705 6  3
275706 6  3
275707 6  3
275708 6  3
275709 6  3
275710 6  3
275711 6  3
275712 6  3
275713 6  3
275714 6  3
275715 6  3
275716 6  3
275717 6  3
275718 6  3
275719 6  3
275720 6  3
275721 6  3
275722 6  3
275723 6  3
275724 6  3
275725 6  3
275726 6  3
275727 6  3
275728 6  3
275729 6  3
275730 6  3
275731 6  3
275732 6  3
275733 6  3
275734 6  3
275735 6  3
275736 6  3
275737 6  3
275738 6  3
275739 6  3
275740 6  3
275741 6  3
275742 6  3
275743 6  3
275744 6  3
275745 6  3
275746 6  3
275747 6  3
275748 6  3
275749 6  3
275750 6  3
275751 6  3
275752 6  3
275753 6  3
275754 6  3
275755 6  3
275756 6  3
275757 6  3
275758 6  3
275759 6  3
275760 6  3
275761 6  3
275762 6  3
275763 6  3
275764 6  3
275765 6  3
275766 6  3
275767 6  3
275768 6  3
275769 6  3
275770 6  3
275771 6  3
275772 6  3
275773 6  3
275774 6  3
275775 6  3
275776 6  3
275777 6  3
275778 6  3
275779 6  3
275780 6  3
275781 6  3
275782 6  3
275783 6  3
275784 6  3
275785 6  3
275786 6  3
275787 6  3
275788 6  3
275789 6  3
275790 6  3
275791 6  3
275792 6  3
275793 6  3
275794 6  3
275795 6  3
275796 6  3
275797 6  3
275798 6  3
275799 6  3
275800 6  3
275801 6  3
275802 6  3
275803 6  3
275804 6  3
275805 6  3
275806 6  3
275807 6  3
275808 6  3
275809 6  3
275810 6  3
275811 6  3
275812 6  3
275813 6  3
275814 6  3
275815 6  3
275816 6  3
275817 6  3
275818 6  3
275819 6  3
275820 6  3
275821 6  3
275822 6  3
275823 6  3
275824 6  3
275825 6  3
275826 6  3
275827 6  3
275828 6  3
275829 6  3
275830 6  3
275831 6  3
275832 6  3
275833 6  3
275834 6  3
275835 6  3
275836 6  3
275837 6  3
275838 6  3
275839 6  3
275840 6  3
275841 6  3
275842 6  3
275843 6  3
275844 6  3
275845 6  3
275846 6  3
275847 6  3
275848 6  3
275849 6  3
275850 6  3
275851 6  3
275852 6  3
275853 6  3
275854 6  3
275855 6  3
275856 6  3
275857 6  3
275858 6  3
275859 6  3
275860 6  3
275861 6  3
275862 6  3
275863 6  3
275864 6  3
275865 6  3
275866 6  3
275867 6  3
275868 6  3
275869 6  3
275870 6  3
275871 6  3
275872 6  3
275873 6  3
275874 6  3
275875 6  3
275876 6  3
275877 6  3
275878 6  3
275879 6  3
275880 6  3
275881 6  3
275882 6  3
275883 6  3
275884 6  3
275885 6  3
275886 6  3
275887 6  3
275888 6  3
275889 6  3
275890 6  3
275891 6  3
275892 6  3
275893 6  3
275894 6  3
275895 6  3
275896 6  3
275897 6  3
275898 6  3
275899 6  3
275900 6  3
275901 6  3
275902 6  3
275903 6  3
275904 6  3
275905 6  3
275906 6  3
275907 6  3
275908 6  3
275909 6  3
275910 6  3
275911 6  3
275912 6  3
275913 6  3
275914 6  3
275915 6  3
275916 6  3
275917 6  3
275918 6  3
275919 6  3
275920 6  3
275921 6  3
275922 6  3
275923 6  3
275924 6  3
275925 6  3
275926 6  3
275927 6  3
275928 6  3
275929 6  3
275930 6  3
275931 6  3
275932 6  3
275933 6  3
275934 6  3
275935 6  3
275936 6  3
275937 6  3
275938 6  3
275939 6  3
275940 6  3
275941 6  3
275942 6  3
275943 6  3
275944 6  3
275945 6  3
275946 6  3
275947 6  3
275948 6  3
275949 6  3
275950 6  3
275951 6  3
275952 6  3
275953 6  3
275954 6  3
275955 6  3
275956 6  3
275957 6  3
275958 6  3
275959 6  3
275960 6  3
275961 6  3
275962 6  3
275963 6  3
275964 6  3
275965 6  3
275966 6  3
275967 6  3
275968 6  3
275969 6  3
275970 6  3
275971 6  3
275972 6  3
275973 6  3
275974 6  3
275975 6  3
275976 6  3
275977 6  3
275978 6  3
275979 6  3
275980 6  3
275981 6  3
275982 6  3
275983 6  3
275984 6  3
275985 6  3
275986 6  3
275987 6  3
275988 6  3
275989 6  3
275990 6  3
275991 6  3
275992 6  3
275993 6  3
275994 6  3
275995 6  3
275996 6  3
275997 6  3
275998 6  3
275999 6  3
276000 6  3
276001 6  3
276002 6  3
276003 6  3
276004 6  3
276005 6  3
276006 6  3
276007 6  3
276008 6  3
276009 6  3
276010 6  3
276011 6  3
276012 6  3
276013 6  3
276014 6  3
276015 6  3
276016 6  3
276017 6  3
276018 6  3
276019 6  3
276020 6  3
276021 6  3
276022 6  3
276023 6  3
276024 6  3
276025 6  3
276026 6  3
276027 6  3
276028 6  3
276029 6  3
276030 6  3
276031 6  3
276032 6  3
276033 6  3
276034 6  3
276035 6  3
276036 6  3
276037 6  3
276038 6  3
276039 6  3
276040 6  3
276041 6  3
276042 6  3
276043 6  3
276044 6  3
276045 6  3
276046 6  3
276047 6  3
276048 6  3
276049 6  3
276050 6  3
276051 6  3
276052 6  3
276053 6  3
276054 6  3
276055 6  3
276056 6  3
276057 6  3
276058 6  3
276059 6  3
276060 6  3
276061 6  3
276062 6  3
276063 6  3
276064 6  3
276065 6  3
276066 6  3
276067 6  3
276068 6  3
276069 6  3
276070 6  3
276071 6  3
276072 6  3
276073 6  3
276074 6  3
276075 6  3
276076 6  3
276077 6  3
276078 6  3
276079 6  3
276080 6  3
276081 6  3
276082 6  3
276083 6  3
276084 6  3
276085 6  3
276086 6  3
276087 6  3
276088 6  3
276089 6  3
276090 6  3
276091 6  3
276092 6  3
276093 6  3
276094 6  3
276095 6  3
276096 6  3
276097 6  3
276098 6  3
276099 6  3
276100 6  3
276101 6  3
276102 6  3
276103 6  3
276104 6  3
276105 6  3
276106 6  3
276107 6  3
276108 6  3
276109 6  3
276110 6  3
276111 6  3
276112 6  3
276113 6  3
276114 6  3
276115 6  3
276116 6  3
276117 6  3
276118 6  3
276119 6  3
276120 6  3
276121 6  3
276122 6  3
276123 6  3
276124 6  3
276125 6  3
276126 6  3
276127 6  3
276128 6  3
276129 6  3
276130 6  3
276131 6  3
276132 6  3
276133 6  3
276134 6  3
276135 6  3
276136 6  3
276137 6  3
276138 6  3
276139 6  3
276140 6  3
276141 6  3
276142 6  3
276143 6  3
276144 6  3
276145 6  3
276146 6  3
276147 6  3
276148 6  3
276149 6  3
276150 6  3
276151 6  3
276152 6  3
276153 6  3
276154 6  3
276155 6  3
276156 6  3
276157 6  3
276158 6  3
276159 6  3
276160 6  3
276161 6  3
276162 6  3
276163 6  3
276164 6  3
276165 6  3
276166 6  3
276167 6  3
276168 6  3
276169 6  3
276170 6  3
276171 6  3
276172 6  3
276173 6  3
276174 6  3
276175 6  3
276176 6  3
276177 6  3
276178 6  3
276179 6  3
276180 6  3
276181 6  3
276182 6  3
276183 6  3
276184 6  3
276185 6  3
276186 6  3
276187 6  3
276188 6  3
276189 6  3
276190 6  3
276191 6  3
276192 6  3
276193 6  3
276194 6  3
276195 6  3
276196 6  3
276197 6  3
276198 6  3
276199 6  3
276200 6  3
276201 6  3
276202 6  3
276203 6  3
276204 6  3
276205 6  3
276206 6  3
276207 6  3
276208 6  3
276209 6  3
276210 6  3
276211 6  3
276212 6  3
276213 6  3
276214 6  3
276215 6  3
276216 6  3
276217 6  3
276218 6  3
276219 6  3
276220 6  3
276221 6  3
276222 6  3
276223 6  3
276224 6  3
276225 6  3
276226 6  3
276227 6  3
276228 6  3
276229 6  3
276230 6  3
276231 6  3
276232 6  3
276233 6  3
276234 6  3
276235 6  3
276236 6  3
276237 6  3
276238 6  3
276239 6  3
276240 6  3
276241 6  3
276242 6  3
276243 6  3
276244 6  3
276245 6  3
276246 6  3
276247 6  3
276248 6  3
276249 6  3
276250 6  3
276251 6  3
276252 6  3
276253 6  3
276254 6  3
276255 6  3
276256 6  3
276257 6  3
276258 6  3
276259 6  3
276260 6  3
276261 6  3
276262 6  3
276263 6  3
276264 6  3
276265 6  3
276266 6  3
276267 6  3
276268 6  3
276269 6  3
276270 6  3
276271 6  3
276272 6  3
276273 6  3
276274 6  3
276275 6  3
276276 6  3
276277 6  3
276278 6  3
276279 6  3
276280 6  3
276281 6  3
276282 6  3
276283 6  3
276284 6  3
276285 6  3
276286 6  3
276287 6  3
276288 6  3
276289 6  3
276290 6  3
276291 6  3
276292 6  3
276293 6  3
276294 6  3
276295 6  3
276296 6  3
276297 6  3
276298 6  3
276299 6  3
276300 6  3
276301 6  3
276302 6  3
276303 6  3
276304 6  3
276305 6  3
276306 6  3
276307 6  3
276308 6  3
276309 6  3
276310 6  3
276311 6  3
276312 6  3
276313 6  3
276314 6  3
276315 6  3
276316 6  3
276317 6  3
276318 6  3
276319 6  3
276320 6  3
276321 6  3
276322 6  3
276323 6  3
276324 6  3
276325 6  3
276326 6  3
276327 6  3
276328 6  3
276329 6  3
276330 6  3
276331 6  3
276332 6  3
276333 6  3
276334 6  3
276335 6  3
276336 6  3
276337 6  3
276338 6  3
276339 6  3
276340 6  3
276341 6  3
276342 6  3
276343 6  3
276344 6  3
276345 6  3
276346 6  3
276347 6  3
276348 6  3
276349 6  3
276350 6  3
276351 6  3
276352 6  3
276353 6  3
276354 6  3
276355 6  3
276356 6  3
276357 6  3
276358 6  3
276359 6  3
276360 6  3
276361 6  3
276362 6  3
276363 6  3
276364 6  3
276365 6  3
276366 6  3
276367 6  3
276368 6  3
276369 6  3
276370 6  3
276371 6  3
276372 6  3
276373 6  3
276374 6  3
276375 6  3
276376 6  3
276377 6  3
276378 6  3
276379 6  3
276380 6  3
276381 6  3
276382 6  3
276383 6  3
276384 6  3
276385 6  3
276386 6  3
276387 6  3
276388 6  3
276389 6  3
276390 6  3
276391 6  3
276392 6  3
276393 6  3
276394 6  3
276395 6  3
276396 6  3
276397 6  3
276398 6  3
276399 6  3
276400 6  3
276401 6  3
276402 6  3
276403 6  3
276404 6  3
276405 6  3
276406 6  3
276407 6  3
276408 6  3
276409 6  3
276410 6  3
276411 6  3
276412 6  3
276413 6  3
276414 6  3
276415 6  3
276416 6  3
276417 6  3
276418 6  3
276419 6  3
276420 6  3
276421 6  3
276422 6  3
276423 6  3
276424 6  3
276425 6  3
276426 6  3
276427 6  3
276428 6  3
276429 6  3
276430 6  3
276431 6  3
276432 6  3
276433 6  3
276434 6  3
276435 6  3
276436 6  3
276437 6  3
276438 6  3
276439 6  3
276440 6  3
276441 6  3
276442 6  3
276443 6  3
276444 6  3
276445 6  3
276446 6  3
276447 6  3
276448 6  3
276449 6  3
276450 6  3
276451 6  3
276452 6  3
276453 6  3
276454 6  3
276455 6  3
276456 6  3
276457 6  3
276458 6  3
276459 6  3
276460 6  3
276461 6  3
276462 6  3
276463 6  3
276464 6  3
276465 6  3
276466 6  3
276467 6  3
276468 6  3
276469 6  3
276470 6  3
276471 6  3
276472 6  3
276473 6  3
276474 6  3
276475 6  3
276476 6  3
276477 6  3
276478 6  3
276479 6  3
276480 6  3
276481 6  3
276482 6  3
276483 6  3
276484 6  3
276485 6  3
276486 6  3
276487 6  3
276488 6  3
276489 6  3
276490 6  3
276491 6  3
276492 6  3
276493 6  3
276494 6  3
276495 6  3
276496 6  3
276497 6  3
276498 6  3
276499 6  3
276500 6  3
276501 6  3
276502 6  3
276503 6  3
276504 6  3
276505 6  3
276506 6  3
276507 6  3
276508 6  3
276509 6  3
276510 6  3
276511 6  3
276512 6  3
276513 6  3
276514 6  3
276515 6  3
276516 6  3
276517 6  3
276518 6  3
276519 6  3
276520 6  3
276521 6  3
276522 6  3
276523 6  3
276524 6  3
276525 6  3
276526 6  3
276527 6  3
276528 6  3
276529 6  3
276530 6  3
276531 6  3
276532 6  3
276533 6  3
276534 6  3
276535 6  3
276536 6  3
276537 6  3
276538 6  3
276539 6  3
276540 6  3
276541 6  3
276542 6  3
276543 6  3
276544 6  3
276545 6  3
276546 6  3
276547 6  3
276548 6  3
276549 6  3
276550 6  3
276551 6  3
276552 6  3
276553 6  3
276554 6  3
276555 6  3
276556 6  3
276557 6  3
276558 6  3
276559 6  3
276560 6  3
276561 6  3
276562 6  3
276563 6  3
276564 6  3
276565 6  3
276566 6  3
276567 6  3
276568 6  3
276569 6  3
276570 6  3
276571 6  3
276572 6  3
276573 6  3
276574 6  3
276575 6  3
276576 6  3
276577 6  3
276578 6  3
276579 6  3
276580 6  3
276581 6  3
276582 6  3
276583 6  3
276584 6  3
276585 6  3
276586 6  3
276587 6  3
276588 6  3
276589 6  3
276590 6  3
276591 6  3
276592 6  3
276593 6  3
276594 6  3
276595 6  3
276596 6  3
276597 6  3
276598 6  3
276599 6  3
276600 6  3
276601 6  3
276602 6  3
276603 6  3
276604 6  3
276605 6  3
276606 6  3
276607 6  3
276608 6  3
276609 6  3
276610 6  3
276611 6  3
276612 6  3
276613 6  3
276614 6  3
276615 6  3
276616 6  3
276617 6  3
276618 6  3
276619 6  3
276620 6  3
276621 6  3
276622 6  3
276623 6  3
276624 6  3
276625 6  3
276626 6  3
276627 6  3
276628 6  3
276629 6  3
276630 6  3
276631 6  3
276632 6  3
276633 6  3
276634 6  3
276635 6  3
276636 6  3
276637 6  3
276638 6  3
276639 6  3
276640 6  3
276641 6  3
276642 6  3
276643 6  3
276644 6  3
276645 6  3
276646 6  3
276647 6  3
276648 6  3
276649 6  3
276650 6  3
276651 6  3
276652 6  3
276653 6  3
276654 6  3
276655 6  3
276656 6  3
276657 6  3
276658 6  3
276659 6  3
276660 6  3
276661 6  3
276662 6  3
276663 6  3
276664 6  3
276665 6  3
276666 6  3
276667 6  3
276668 6  3
276669 6  3
276670 6  3
276671 6  3
276672 6  3
276673 6  3
276674 6  3
276675 6  3
276676 6  3
276677 6  3
276678 6  3
276679 6  3
276680 6  3
276681 6  3
276682 6  3
276683 6  3
276684 6  3
276685 6  3
276686 6  3
276687 6  3
276688 6  3
276689 6  3
276690 6  3
276691 6  3
276692 6  3
276693 6  3
276694 6  3
276695 6  3
276696 6  3
276697 6  3
276698 6  3
276699 6  3
276700 6  3
276701 6  3
276702 6  3
276703 6  3
276704 6  3
276705 6  3
276706 6  3
276707 6  3
276708 6  3
276709 6  3
276710 6  3
276711 6  3
276712 6  3
276713 6  3
276714 6  3
276715 6  3
276716 6  3
276717 6  3
276718 6  3
276719 6  3
276720 6  3
276721 6  3
276722 6  3
276723 6  3
276724 6  3
276725 6  3
276726 6  3
276727 6  3
276728 6  3
276729 6  3
276730 6  3
276731 6  3
276732 6  3
276733 6  3
276734 6  3
276735 6  3
276736 6  3
276737 6  3
276738 6  3
276739 6  3
276740 6  3
276741 6  3
276742 6  3
276743 6  3
276744 6  3
276745 6  3
276746 6  3
276747 6  3
276748 6  3
276749 6  3
276750 6  3
276751 6  3
276752 6  3
276753 6  3
276754 6  3
276755 6  3
276756 6  3
276757 6  3
276758 6  3
276759 6  3
276760 6  3
276761 6  3
276762 6  3
276763 6  3
276764 6  3
276765 6  3
276766 6  3
276767 6  3
276768 6  3
276769 6  3
276770 6  3
276771 6  3
276772 6  3
276773 6  3
276774 6  3
276775 6  3
276776 6  3
276777 6  3
276778 6  3
276779 6  3
276780 6  3
276781 6  3
276782 6  3
276783 6  3
276784 6  3
276785 6  3
276786 6  3
276787 6  3
276788 6  3
276789 6  3
276790 6  3
276791 6  3
276792 6  3
276793 6  3
276794 6  3
276795 6  3
276796 6  3
276797 6  3
276798 6  3
276799 6  3
276800 6  3
276801 6  3
276802 6  3
276803 6  3
276804 6  3
276805 6  3
276806 6  3
276807 6  3
276808 6  3
276809 6  3
276810 6  3
276811 6  3
276812 6  3
276813 6  3
276814 6  3
276815 6  3
276816 6  3
276817 6  3
276818 6  3
276819 6  3
276820 6  3
276821 6  3
276822 6  3
276823 6  3
276824 6  3
276825 6  3
276826 6  3
276827 6  3
276828 6  3
276829 6  3
276830 6  3
276831 6  3
276832 6  3
276833 6  3
276834 6  3
276835 6  3
276836 6  3
276837 6  3
276838 6  3
276839 6  3
276840 6  3
276841 6  3
276842 6  3
276843 6  3
276844 6  3
276845 6  3
276846 6  3
276847 6  3
276848 6  3
276849 6  3
276850 6  3
276851 6  3
276852 6  3
276853 6  3
276854 6  3
276855 6  3
276856 6  3
276857 6  3
276858 6  3
276859 6  3
276860 6  3
276861 6  3
276862 6  3
276863 6  3
276864 6  3
276865 6  3
276866 6  3
276867 6  3
276868 6  3
276869 6  3
276870 6  3
276871 6  3
276872 6  3
276873 6  3
276874 6  3
276875 6  3
276876 6  3
276877 6  3
276878 6  3
276879 6  3
276880 6  3
276881 6  3
276882 6  3
276883 6  3
276884 6  3
276885 6  3
276886 6  3
276887 6  3
276888 6  3
276889 6  3
276890 6  3
276891 6  3
276892 6  3
276893 6  3
276894 6  3
276895 6  3
276896 6  3
276897 6  3
276898 6  3
276899 6  3
276900 6  3
276901 6  3
276902 6  3
276903 6  3
276904 6  3
276905 6  3
276906 6  3
276907 6  3
276908 6  3
276909 6  3
276910 6  3
276911 6  3
276912 6  3
276913 6  3
276914 6  3
276915 6  3
276916 6  3
276917 6  3
276918 6  3
276919 6  3
276920 6  3
276921 6  3
276922 6  3
276923 6  3
276924 6  3
276925 6  3
276926 6  3
276927 6  3
276928 6  3
276929 6  3
276930 6  3
276931 6  3
276932 6  3
276933 6  3
276934 6  3
276935 6  3
276936 6  3
276937 6  3
276938 6  3
276939 6  3
276940 6  3
276941 6  3
276942 6  3
276943 6  3
276944 6  3
276945 6  3
276946 6  3
276947 6  3
276948 6  3
276949 6  3
276950 6  3
276951 6  3
276952 6  3
276953 6  3
276954 6  3
276955 6  3
276956 6  3
276957 6  3
276958 6  3
276959 6  3
276960 6  3
276961 6  3
276962 6  3
276963 6  3
276964 6  3
276965 6  3
276966 6  3
276967 6  3
276968 6  3
276969 6  3
276970 6  3
276971 6  3
276972 6  3
276973 6  3
276974 6  3
276975 6  3
276976 6  3
276977 6  3
276978 6  3
276979 6  3
276980 6  3
276981 6  3
276982 6  3
276983 6  3
276984 6  3
276985 6  3
276986 6  3
276987 6  3
276988 6  3
276989 6  3
276990 6  3
276991 6  3
276992 6  3
276993 6  3
276994 6  3
276995 6  3
276996 6  3
276997 6  3
276998 6  3
276999 6  3
277000 6  3
277001 6  3
277002 6  3
277003 6  3
277004 6  3
277005 6  3
277006 6  3
277007 6  3
277008 6  3
277009 6  3
277010 6  3
277011 6  3
277012 6  3
277013 6  3
277014 6  3
277015 6  3
277016 6  3
277017 6  3
277018 6  3
277019 6  3
277020 6  3
277021 6  3
277022 6  3
277023 6  3
277024 6  3
277025 6  3
277026 6  3
277027 6  3
277028 6  3
277029 6  3
277030 6  3
277031 6  3
277032 6  3
277033 6  3
277034 6  3
277035 6  3
277036 6  3
277037 6  3
277038 6  3
277039 6  3
277040 6  3
277041 6  3
277042 6  3
277043 6  3
277044 6  3
277045 6  3
277046 6  3
277047 6  3
277048 6  3
277049 6  3
277050 6  3
277051 6  3
277052 6  3
277053 6  3
277054 6  3
277055 6  3
277056 6  3
277057 6  3
277058 6  3
277059 6  3
277060 6  3
277061 6  3
277062 6  3
277063 6  3
277064 6  3
277065 6  3
277066 6  3
277067 6  3
277068 6  3
277069 6  3
277070 6  3
277071 6  3
277072 6  3
277073 6  3
277074 6  3
277075 6  3
277076 6  3
277077 6  3
277078 6  3
277079 6  3
277080 6  3
277081 6  3
277082 6  3
277083 6  3
277084 6  3
277085 6  3
277086 6  3
277087 6  3
277088 6  3
277089 6  3
277090 6  3
277091 6  3
277092 6  3
277093 6  3
277094 6  3
277095 6  3
277096 6  3
277097 6  3
277098 6  3
277099 6  3
277100 6  3
277101 6  3
277102 6  3
277103 6  3
277104 6  3
277105 6  3
277106 6  3
277107 6  3
277108 6  3
277109 6  3
277110 6  3
277111 6  3
277112 6  3
277113 6  3
277114 6  3
277115 6  3
277116 6  3
277117 6  3
277118 6  3
277119 6  3
277120 6  3
277121 6  3
277122 6  3
277123 6  3
277124 6  3
277125 6  3
277126 6  3
277127 6  3
277128 6  3
277129 6  3
277130 6  3
277131 6  3
277132 6  3
277133 6  3
277134 6  3
277135 6  3
277136 6  3
277137 6  3
277138 6  3
277139 6  3
277140 6  3
277141 6  3
277142 6  3
277143 6  3
277144 6  3
277145 6  3
277146 6  3
277147 6  3
277148 6  3
277149 6  3
277150 6  3
277151 6  3
277152 6  3
277153 6  3
277154 6  3
277155 6  3
277156 6  3
277157 6  3
277158 6  3
277159 6  3
277160 6  3
277161 6  3
277162 6  3
277163 6  3
277164 6  3
277165 6  3
277166 6  3
277167 6  3
277168 6  3
277169 6  3
277170 6  3
277171 6  3
277172 6  3
277173 6  3
277174 6  3
277175 6  3
277176 6  3
277177 6  3
277178 6  3
277179 6  3
277180 6  3
277181 6  3
277182 6  3
277183 6  3
277184 6  3
277185 6  3
277186 6  3
277187 6  3
277188 6  3
277189 6  3
277190 6  3
277191 6  3
277192 6  3
277193 6  3
277194 6  3
277195 6  3
277196 6  3
277197 6  3
277198 6  3
277199 6  3
277200 6  3
277201 6  3
277202 6  3
277203 6  3
277204 6  3
277205 6  3
277206 6  3
277207 6  3
277208 6  3
277209 6  3
277210 6  3
277211 6  3
277212 6  3
277213 6  3
277214 6  3
277215 6  3
277216 6  3
277217 6  3
277218 6  3
277219 6  3
277220 6  3
277221 6  3
277222 6  3
277223 6  3
277224 6  3
277225 6  3
277226 6  3
277227 6  3
277228 6  3
277229 6  3
277230 6  3
277231 6  3
277232 6  3
277233 6  3
277234 6  3
277235 6  3
277236 6  3
277237 6  3
277238 6  3
277239 6  3
277240 6  3
277241 6  3
277242 6  3
277243 6  3
277244 6  3
277245 6  3
277246 6  3
277247 6  3
277248 6  3
277249 6  3
277250 6  3
277251 6  3
277252 6  3
277253 6  3
277254 6  3
277255 6  3
277256 6  3
277257 6  3
277258 6  3
277259 6  3
277260 6  3
277261 6  3
277262 6  3
277263 6  3
277264 6  3
277265 6  3
277266 6  3
277267 6  3
277268 6  3
277269 6  3
277270 6  3
277271 6  3
277272 6  3
277273 6  3
277274 6  3
277275 6  3
277276 6  3
277277 6  3
277278 6  3
277279 6  3
277280 6  3
277281 6  3
277282 6  3
277283 6  3
277284 6  3
277285 6  3
277286 6  3
277287 6  3
277288 6  3
277289 6  3
277290 6  3
277291 6  3
277292 6  3
277293 6  3
277294 6  3
277295 6  3
277296 6  3
277297 6  3
277298 6  3
277299 6  3
277300 6  3
277301 6  3
277302 6  3
277303 6  3
277304 6  3
277305 6  3
277306 6  3
277307 6  3
277308 6  3
277309 6  3
277310 6  3
277311 6  3
277312 6  3
277313 6  3
277314 6  3
277315 6  3
277316 6  3
277317 6  3
277318 6  3
277319 6  3
277320 6  3
277321 6  3
277322 6  3
277323 6  3
277324 6  3
277325 6  3
277326 6  3
277327 6  3
277328 6  3
277329 6  3
277330 6  3
277331 6  3
277332 6  3
277333 6  3
277334 6  3
277335 6  3
277336 6  3
277337 6  3
277338 6  3
277339 6  3
277340 6  3
277341 6  3
277342 6  3
277343 6  3
277344 6  3
277345 6  3
277346 6  3
277347 6  3
277348 6  3
277349 6  3
277350 6  3
277351 6  3
277352 6  3
277353 6  3
277354 6  3
277355 6  3
277356 6  3
277357 6  3
277358 6  3
277359 6  3
277360 6  3
277361 6  3
277362 6  3
277363 6  3
277364 6  3
277365 6  3
277366 6  3
277367 6  3
277368 6  3
277369 6  3
277370 6  3
277371 6  3
277372 6  3
277373 6  3
277374 6  3
277375 6  3
277376 6  3
277377 6  3
277378 6  3
277379 6  3
277380 6  3
277381 6  3
277382 6  3
277383 6  3
277384 6  3
277385 6  3
277386 6  3
277387 6  3
277388 6  3
277389 6  3
277390 6  3
277391 6  3
277392 6  3
277393 6  3
277394 6  3
277395 6  3
277396 6  3
277397 6  3
277398 6  3
277399 6  3
277400 6  3
277401 6  3
277402 6  3
277403 6  3
277404 6  3
277405 6  3
277406 6  3
277407 6  3
277408 6  3
277409 6  3
277410 6  3
277411 6  3
277412 6  3
277413 6  3
277414 6  3
277415 6  3
277416 6  3
277417 6  3
277418 6  3
277419 6  3
277420 6  3
277421 6  3
277422 6  3
277423 6  3
277424 6  3
277425 6  3
277426 6  3
277427 6  3
277428 6  3
277429 6  3
277430 6  3
277431 6  3
277432 6  3
277433 6  3
277434 6  3
277435 6  3
277436 6  3
277437 6  3
277438 6  3
277439 6  3
277440 6  3
277441 6  3
277442 6  3
277443 6  3
277444 6  3
277445 6  3
277446 6  3
277447 6  3
277448 6  3
277449 6  3
277450 6  3
277451 6  3
277452 6  3
277453 6  3
277454 6  3
277455 6  3
277456 6  3
277457 6  3
277458 6  3
277459 6  3
277460 6  3
277461 6  3
277462 6  3
277463 6  3
277464 6  3
277465 6  3
277466 6  3
277467 6  3
277468 6  3
277469 6  3
277470 6  3
277471 6  3
277472 6  3
277473 6  3
277474 6  3
277475 6  3
277476 6  3
277477 6  3
277478 6  3
277479 6  3
277480 6  3
277481 6  3
277482 6  3
277483 6  3
277484 6  3
277485 6  3
277486 6  3
277487 6  3
277488 6  3
277489 6  3
277490 6  3
277491 6  3
277492 6  3
277493 6  3
277494 6  3
277495 6  3
277496 6  3
277497 6  3
277498 6  3
277499 6  3
277500 6  3
277501 6  3
277502 6  3
277503 6  3
277504 6  3
277505 6  3
277506 6  3
277507 6  3
277508 6  3
277509 6  3
277510 6  3
277511 6  3
277512 6  3
277513 6  3
277514 6  3
277515 6  3
277516 6  3
277517 6  3
277518 6  3
277519 6  3
277520 6  3
277521 6  3
277522 6  3
277523 6  3
277524 6  3
277525 6  3
277526 6  3
277527 6  3
277528 6  3
277529 6  3
277530 6  3
277531 6  3
277532 6  3
277533 6  3
277534 6  3
277535 6  3
277536 6  3
277537 6  3
277538 6  3
277539 6  3
277540 6  3
277541 6  3
277542 6  3
277543 6  3
277544 6  3
277545 6  3
277546 6  3
277547 6  3
277548 6  3
277549 6  3
277550 6  3
277551 6  3
277552 6  3
277553 6  3
277554 6  3
277555 6  3
277556 6  3
277557 6  3
277558 6  3
277559 6  3
277560 6  3
277561 6  3
277562 6  3
277563 6  3
277564 6  3
277565 6  3
277566 6  3
277567 6  3
277568 6  3
277569 6  3
277570 6  3
277571 6  3
277572 6  3
277573 6  3
277574 6  3
277575 6  3
277576 6  3
277577 6  3
277578 6  3
277579 6  3
277580 6  3
277581 6  3
277582 6  3
277583 6  3
277584 6  3
277585 6  3
277586 6  3
277587 6  3
277588 6  3
277589 6  3
277590 6  3
277591 6  3
277592 6  3
277593 6  3
277594 6  3
277595 6  3
277596 6  3
277597 6  3
277598 6  3
277599 6  3
277600 6  3
277601 6  3
277602 6  3
277603 6  3
277604 6  3
277605 6  3
277606 6  3
277607 6  3
277608 6  3
277609 6  3
277610 6  3
277611 6  3
277612 6  3
277613 6  3
277614 6  3
277615 6  3
277616 6  3
277617 6  3
277618 6  3
277619 6  3
277620 6  3
277621 6  3
277622 6  3
277623 6  3
277624 6  3
277625 6  3
277626 6  3
277627 6  3
277628 6  3
277629 6  3
277630 6  3
277631 6  3
277632 6  3
277633 6  3
277634 6  3
277635 6  3
277636 6  3
277637 6  3
277638 6  3
277639 6  3
277640 6  3
277641 6  3
277642 6  3
277643 6  3
277644 6  3
277645 6  3
277646 6  3
277647 6  3
277648 6  3
277649 6  3
277650 6  3
277651 6  3
277652 6  3
277653 6  3
277654 6  3
277655 6  3
277656 6  3
277657 6  3
277658 6  3
277659 6  3
277660 6  3
277661 6  3
277662 6  3
277663 6  3
277664 6  3
277665 6  3
277666 6  3
277667 6  3
277668 6  3
277669 6  3
277670 6  3
277671 6  3
277672 6  3
277673 6  3
277674 6  3
277675 6  3
277676 6  3
277677 6  3
277678 6  3
277679 6  3
277680 6  3
277681 6  3
277682 6  3
277683 6  3
277684 6  3
277685 6  3
277686 6  3
277687 6  3
277688 6  3
277689 6  3
277690 6  3
277691 6  3
277692 6  3
277693 6  3
277694 6  3
277695 6  3
277696 6  3
277697 6  3
277698 6  3
277699 6  3
277700 6  3
277701 6  3
277702 6  3
277703 6  3
277704 6  3
277705 6  3
277706 6  3
277707 6  3
277708 6  3
277709 6  3
277710 6  3
277711 6  3
277712 6  3
277713 6  3
277714 6  3
277715 6  3
277716 6  3
277717 6  3
277718 6  3
277719 6  3
277720 6  3
277721 6  3
277722 6  3
277723 6  3
277724 6  3
277725 6  3
277726 6  3
277727 6  3
277728 6  3
277729 6  3
277730 6  3
277731 6  3
277732 6  3
277733 6  3
277734 6  3
277735 6  3
277736 6  3
277737 6  3
277738 6  3
277739 6  3
277740 6  3
277741 6  3
277742 6  3
277743 6  3
277744 6  3
277745 6  3
277746 6  3
277747 6  3
277748 6  3
277749 6  3
277750 6  3
277751 6  3
277752 6  3
277753 6  3
277754 6  3
277755 6  3
277756 6  3
277757 6  3
277758 6  3
277759 6  3
277760 6  3
277761 6  3
277762 6  3
277763 6  3
277764 6  3
277765 6  3
277766 6  3
277767 6  3
277768 6  3
277769 6  3
277770 6  3
277771 6  3
277772 6  3
277773 6  3
277774 6  3
277775 6  3
277776 6  3
277777 6  3
277778 6  3
277779 6  3
277780 6  3
277781 6  3
277782 6  3
277783 6  3
277784 6  3
277785 6  3
277786 6  3
277787 6  3
277788 6  3
277789 6  3
277790 6  3
277791 6  3
277792 6  3
277793 6  3
277794 6  3
277795 6  3
277796 6  3
277797 6  3
277798 6  3
277799 6  3
277800 6  3
277801 6  3
277802 6  3
277803 6  3
277804 6  3
277805 6  3
277806 6  3
277807 6  3
277808 6  3
277809 6  3
277810 6  3
277811 6  3
277812 6  3
277813 6  3
277814 6  3
277815 6  3
277816 6  3
277817 6  3
277818 6  3
277819 6  3
277820 6  3
277821 6  3
277822 6  3
277823 6  3
277824 6  3
277825 6  3
277826 6  3
277827 6  3
277828 6  3
277829 6  3
277830 6  3
277831 6  3
277832 6  3
277833 6  3
277834 6  3
277835 6  3
277836 6  3
277837 6  3
277838 6  3
277839 6  3
277840 6  3
277841 6  3
277842 6  3
277843 6  3
277844 6  3
277845 6  3
277846 6  3
277847 6  3
277848 6  3
277849 6  3
277850 6  3
277851 6  3
277852 6  3
277853 6  3
277854 6  3
277855 6  3
277856 6  3
277857 6  3
277858 6  3
277859 6  3
277860 6  3
277861 6  3
277862 6  3
277863 6  3
277864 6  3
277865 6  3
277866 6  3
277867 6  3
277868 6  3
277869 6  3
277870 6  3
277871 6  3
277872 6  3
277873 6  3
277874 6  3
277875 6  3
277876 6  3
277877 6  3
277878 6  3
277879 6  3
277880 6  3
277881 6  3
277882 6  3
277883 6  3
277884 6  3
277885 6  3
277886 6  3
277887 6  3
277888 6  3
277889 6  3
277890 6  3
277891 6  3
277892 6  3
277893 6  3
277894 6  3
277895 6  3
277896 6  3
277897 6  3
277898 6  3
277899 6  3
277900 6  3
277901 6  3
277902 6  3
277903 6  3
277904 6  3
277905 6  3
277906 6  3
277907 6  3
277908 6  3
277909 6  3
277910 6  3
277911 6  3
277912 6  3
277913 6  3
277914 6  3
277915 6  3
277916 6  3
277917 6  3
277918 6  3
277919 6  3
277920 6  3
277921 6  3
277922 6  3
277923 6  3
277924 6  3
277925 6  3
277926 6  3
277927 6  3
277928 6  3
277929 6  3
277930 6  3
277931 6  3
277932 6  3
277933 6  3
277934 6  3
277935 6  3
277936 6  3
277937 6  3
277938 6  3
277939 6  3
277940 6  3
277941 6  3
277942 6  3
277943 6  3
277944 6  3
277945 6  3
277946 6  3
277947 6  3
277948 6  3
277949 6  3
277950 6  3
277951 6  3
277952 6  3
277953 6  3
277954 6  3
277955 6  3
277956 6  3
277957 6  3
277958 6  3
277959 6  3
277960 6  3
277961 6  3
277962 6  3
277963 6  3
277964 6  3
277965 6  3
277966 6  3
277967 6  3
277968 6  3
277969 6  3
277970 6  3
277971 6  3
277972 6  3
277973 6  3
277974 6  3
277975 6  3
277976 6  3
277977 6  3
277978 6  3
277979 6  3
277980 6  3
277981 6  3
277982 6  3
277983 6  3
277984 6  3
277985 6  3
277986 6  3
277987 6  3
277988 6  3
277989 6  3
277990 6  3
277991 6  3
277992 6  3
277993 6  3
277994 6  3
277995 6  3
277996 6  3
277997 6  3
277998 6  3
277999 6  3
278000 6  3
278001 6  3
278002 6  3
278003 6  3
278004 6  3
278005 6  3
278006 6  3
278007 6  3
278008 6  3
278009 6  3
278010 6  3
278011 6  3
278012 6  3
278013 6  3
278014 6  3
278015 6  3
278016 6  3
278017 6  3
278018 6  3
278019 6  3
278020 6  3
278021 6  3
278022 6  3
278023 6  3
278024 6  3
278025 6  3
278026 6  3
278027 6  3
278028 6  3
278029 6  3
278030 6  3
278031 6  3
278032 6  3
278033 6  3
278034 6  3
278035 6  3
278036 6  3
278037 6  3
278038 6  3
278039 6  3
278040 6  3
278041 6  3
278042 6  3
278043 6  3
278044 6  3
278045 6  3
278046 6  3
278047 6  3
278048 6  3
278049 6  3
278050 6  3
278051 6  3
278052 6  3
278053 6  3
278054 6  3
278055 6  3
278056 6  3
278057 6  3
278058 6  3
278059 6  3
278060 6  3
278061 6  3
278062 6  3
278063 6  3
278064 6  3
278065 6  3
278066 6  3
278067 6  3
278068 6  3
278069 6  3
278070 6  3
278071 6  3
278072 6  3
278073 6  3
278074 6  3
278075 6  3
278076 6  3
278077 6  3
278078 6  3
278079 6  3
278080 6  3
278081 6  3
278082 6  3
278083 6  3
278084 6  3
278085 6  3
278086 6  3
278087 6  3
278088 6  3
278089 6  3
278090 6  3
278091 6  3
278092 6  3
278093 6  3
278094 6  3
278095 6  3
278096 6  3
278097 6  3
278098 6  3
278099 6  3
278100 6  3
278101 6  3
278102 6  3
278103 6  3
278104 6  3
278105 6  3
278106 6  3
278107 6  3
278108 6  3
278109 6  3
278110 6  3
278111 6  3
278112 6  3
278113 6  3
278114 6  3
278115 6  3
278116 6  3
278117 6  3
278118 6  3
278119 6  3
278120 6  3
278121 6  3
278122 6  3
278123 6  3
278124 6  3
278125 6  3
278126 6  3
278127 6  3
278128 6  3
278129 6  3
278130 6  3
278131 6  3
278132 6  3
278133 6  3
278134 6  3
278135 6  3
278136 6  3
278137 6  3
278138 6  3
278139 6  3
278140 6  3
278141 6  3
278142 6  3
278143 6  3
278144 6  3
278145 6  3
278146 6  3
278147 6  3
278148 6  3
278149 6  3
278150 6  3
278151 6  3
278152 6  3
278153 6  3
278154 6  3
278155 6  3
278156 6  3
278157 6  3
278158 6  3
278159 6  3
278160 6  3
278161 6  3
278162 6  3
278163 6  3
278164 6  3
278165 6  3
278166 6  3
278167 6  3
278168 6  3
278169 6  3
278170 6  3
278171 6  3
278172 6  3
278173 6  3
278174 6  3
278175 6  3
278176 6  3
278177 6  3
278178 6  3
278179 6  3
278180 6  3
278181 6  3
278182 6  3
278183 6  3
278184 6  3
278185 6  3
278186 6  3
278187 6  3
278188 6  3
278189 6  3
278190 6  3
278191 6  3
278192 6  3
278193 6  3
278194 6  3
278195 6  3
278196 6  3
278197 6  3
278198 6  3
278199 6  3
278200 6  3
278201 6  3
278202 6  3
278203 6  3
278204 6  3
278205 6  3
278206 6  3
278207 6  3
278208 6  3
278209 6  3
278210 6  3
278211 6  3
278212 6  3
278213 6  3
278214 6  3
278215 6  3
278216 6  3
278217 6  3
278218 6  3
278219 6  3
278220 6  3
278221 6  3
278222 6  3
278223 6  3
278224 6  3
278225 6  3
278226 6  3
278227 6  3
278228 6  3
278229 6  3
278230 6  3
278231 6  3
278232 6  3
278233 6  3
278234 6  3
278235 6  3
278236 6  3
278237 6  3
278238 6  3
278239 6  3
278240 6  3
278241 6  3
278242 6  3
278243 6  3
278244 6  3
278245 6  3
278246 6  3
278247 6  3
278248 6  3
278249 6  3
278250 6  3
278251 6  3
278252 6  3
278253 6  3
278254 6  3
278255 6  3
278256 6  3
278257 6  3
278258 6  3
278259 6  3
278260 6  3
278261 6  3
278262 6  3
278263 6  3
278264 6  3
278265 6  3
278266 6  3
278267 6  3
278268 6  3
278269 6  3
278270 6  3
278271 6  3
278272 6  3
278273 6  3
278274 6  3
278275 6  3
278276 6  3
278277 6  3
278278 6  3
278279 6  3
278280 6  3
278281 6  3
278282 6  3
278283 6  3
278284 6  3
278285 6  3
278286 6  3
278287 6  3
278288 6  3
278289 6  3
278290 6  3
278291 6  3
278292 6  3
278293 6  3
278294 6  3
278295 6  3
278296 6  3
278297 6  3
278298 6  3
278299 6  3
278300 6  3
278301 6  3
278302 6  3
278303 6  3
278304 6  3
278305 6  3
278306 6  3
278307 6  3
278308 6  3
278309 6  3
278310 6  3
278311 6  3
278312 6  3
278313 6  3
278314 6  3
278315 6  3
278316 6  3
278317 6  3
278318 6  3
278319 6  3
278320 6  3
278321 6  3
278322 6  3
278323 6  3
278324 6  3
278325 6  3
278326 6  3
278327 6  3
278328 6  3
278329 6  3
278330 6  3
278331 6  3
278332 6  3
278333 6  3
278334 6  3
278335 6  3
278336 6  3
278337 6  3
278338 6  3
278339 6  3
278340 6  3
278341 6  3
278342 6  3
278343 6  3
278344 6  3
278345 6  3
278346 6  3
278347 6  3
278348 6  3
278349 6  3
278350 6  3
278351 6  3
278352 6  3
278353 6  3
278354 6  3
278355 6  3
278356 6  3
278357 6  3
278358 6  3
278359 6  3
278360 6  3
278361 6  3
278362 6  3
278363 6  3
278364 6  3
278365 6  3
278366 6  3
278367 6  3
278368 6  3
278369 6  3
278370 6  3
278371 6  3
278372 6  3
278373 6  3
278374 6  3
278375 6  3
278376 6  3
278377 6  3
278378 6  3
278379 6  3
278380 6  3
278381 6  3
278382 6  3
278383 6  3
278384 6  3
278385 6  3
278386 6  3
278387 6  3
278388 6  3
278389 6  3
278390 6  3
278391 6  3
278392 6  3
278393 6  3
278394 6  3
278395 6  3
278396 6  3
278397 6  3
278398 6  3
278399 6  3
278400 6  3
278401 6  3
278402 6  3
278403 6  3
278404 6  3
278405 6  3
278406 6  3
278407 6  3
278408 6  3
278409 6  3
278410 6  3
278411 6  3
278412 6  3
278413 6  3
278414 6  3
278415 6  3
278416 6  3
278417 6  3
278418 6  3
278419 6  3
278420 6  3
278421 6  3
278422 6  3
278423 6  3
278424 6  3
278425 6  3
278426 6  3
278427 6  3
278428 6  3
278429 6  3
278430 6  3
278431 6  3
278432 6  3
278433 6  3
278434 6  3
278435 6  3
278436 6  3
278437 6  3
278438 6  3
278439 6  3
278440 6  3
278441 6  3
278442 6  3
278443 6  3
278444 6  3
278445 6  3
278446 6  3
278447 6  3
278448 6  3
278449 6  3
278450 6  3
278451 6  3
278452 6  3
278453 6  3
278454 6  3
278455 6  3
278456 6  3
278457 6  3
278458 6  3
278459 6  3
278460 6  3
278461 6  3
278462 6  3
278463 6  3
278464 6  3
278465 6  3
278466 6  3
278467 6  3
278468 6  3
278469 6  3
278470 6  3
278471 6  3
278472 6  3
278473 6  3
278474 6  3
278475 6  3
278476 6  3
278477 6  3
278478 6  3
278479 6  3
278480 6  3
278481 6  3
278482 6  3
278483 6  3
278484 6  3
278485 6  3
278486 6  3
278487 6  3
278488 6  3
278489 6  3
278490 6  3
278491 6  3
278492 6  3
278493 6  3
278494 6  3
278495 6  3
278496 6  3
278497 6  3
278498 6  3
278499 6  3
278500 6  3
278501 6  3
278502 6  3
278503 6  3
278504 6  3
278505 6  3
278506 6  3
278507 6  3
278508 6  3
278509 6  3
278510 6  3
278511 6  3
278512 6  3
278513 6  3
278514 6  3
278515 6  3
278516 6  3
278517 6  3
278518 6  3
278519 6  3
278520 6  3
278521 6  3
278522 6  3
278523 6  3
278524 6  3
278525 6  3
278526 6  3
278527 6  3
278528 6  3
278529 6  3
278530 6  3
278531 6  3
278532 6  3
278533 6  3
278534 6  3
278535 6  3
278536 6  3
278537 6  3
278538 6  3
278539 6  3
278540 6  3
278541 6  3
278542 6  3
278543 6  3
278544 6  3
278545 6  3
278546 6  3
278547 6  3
278548 6  3
278549 6  3
278550 6  3
278551 6  3
278552 6  3
278553 6  3
278554 6  3
278555 6  3
278556 6  3
278557 6  3
278558 6  3
278559 6  3
278560 6  3
278561 6  3
278562 6  3
278563 6  3
278564 6  3
278565 6  3
278566 6  3
278567 6  3
278568 6  3
278569 6  3
278570 6  3
278571 6  3
278572 6  3
278573 6  3
278574 6  3
278575 6  3
278576 6  3
278577 6  3
278578 6  3
278579 6  3
278580 6  3
278581 6  3
278582 6  3
278583 6  3
278584 6  3
278585 6  3
278586 6  3
278587 6  3
278588 6  3
278589 6  3
278590 6  3
278591 6  3
278592 6  3
278593 6  3
278594 6  3
278595 6  3
278596 6  3
278597 6  3
278598 6  3
278599 6  3
278600 6  3
278601 6  3
278602 6  3
278603 6  3
278604 6  3
278605 6  3
278606 6  3
278607 6  3
278608 6  3
278609 6  3
278610 6  3
278611 6  3
278612 6  3
278613 6  3
278614 6  3
278615 6  3
278616 6  3
278617 6  3
278618 6  3
278619 6  3
278620 6  3
278621 6  3
278622 6  3
278623 6  3
278624 6  3
278625 6  3
278626 6  3
278627 6  3
278628 6  3
278629 6  3
278630 6  3
278631 6  3
278632 6  3
278633 6  3
278634 6  3
278635 6  3
278636 6  3
278637 6  3
278638 6  3
278639 6  3
278640 6  3
278641 6  3
278642 6  3
278643 6  3
278644 6  3
278645 6  3
278646 6  3
278647 6  3
278648 6  3
278649 6  3
278650 6  3
278651 6  3
278652 6  3
278653 6  3
278654 6  3
278655 6  3
278656 6  3
278657 6  3
278658 6  3
278659 6  3
278660 6  3
278661 6  3
278662 6  3
278663 6  3
278664 6  3
278665 6  3
278666 6  3
278667 6  3
278668 6  3
278669 6  3
278670 6  3
278671 6  3
278672 6  3
278673 6  3
278674 6  3
278675 6  3
278676 6  3
278677 6  3
278678 6  3
278679 6  3
278680 6  3
278681 6  3
278682 6  3
278683 6  3
278684 6  3
278685 6  3
278686 6  3
278687 6  3
278688 6  3
278689 6  3
278690 6  3
278691 6  3
278692 6  3
278693 6  3
278694 6  3
278695 6  3
278696 6  3
278697 6  3
278698 6  3
278699 6  3
278700 6  3
278701 6  3
278702 6  3
278703 6  3
278704 6  3
278705 6  3
278706 6  3
278707 6  3
278708 6  3
278709 6  3
278710 6  3
278711 6  3
278712 6  3
278713 6  3
278714 6  3
278715 6  3
278716 6  3
278717 6  3
278718 6  3
278719 6  3
278720 6  3
278721 6  3
278722 6  3
278723 6  3
278724 6  3
278725 6  3
278726 6  3
278727 6  3
278728 6  3
278729 6  3
278730 6  3
278731 6  3
278732 6  3
278733 6  3
278734 6  3
278735 6  3
278736 6  3
278737 6  3
278738 6  3
278739 6  3
278740 6  3
278741 6  3
278742 6  3
278743 6  3
278744 6  3
278745 6  3
278746 6  3
278747 6  3
278748 6  3
278749 6  3
278750 6  3
278751 6  3
278752 6  3
278753 6  3
278754 6  3
278755 6  3
278756 6  3
278757 6  3
278758 6  3
278759 6  3
278760 6  3
278761 6  3
278762 6  3
278763 6  3
278764 6  3
278765 6  3
278766 6  3
278767 6  3
278768 6  3
278769 6  3
278770 6  3
278771 6  3
278772 6  3
278773 6  3
278774 6  3
278775 6  3
278776 6  3
278777 6  3
278778 6  3
278779 6  3
278780 6  3
278781 6  3
278782 6  3
278783 6  3
278784 6  3
278785 6  3
278786 6  3
278787 6  3
278788 6  3
278789 6  3
278790 6  3
278791 6  3
278792 6  3
278793 6  3
278794 6  3
278795 6  3
278796 6  3
278797 6  3
278798 6  3
278799 6  3
278800 6  3
278801 6  3
278802 6  3
278803 6  3
278804 6  3
278805 6  3
278806 6  3
278807 6  3
278808 6  3
278809 6  3
278810 6  3
278811 6  3
278812 6  3
278813 6  3
278814 6  3
278815 6  3
278816 6  3
278817 6  3
278818 6  3
278819 6  3
278820 6  3
278821 6  3
278822 6  3
278823 6  3
278824 6  3
278825 6  3
278826 6  3
278827 6  3
278828 6  3
278829 6  3
278830 6  3
278831 6  3
278832 6  3
278833 6  3
278834 6  3
278835 6  3
278836 6  3
278837 6  3
278838 6  3
278839 6  3
278840 6  3
278841 6  3
278842 6  3
278843 6  3
278844 6  3
278845 6  3
278846 6  3
278847 6  3
278848 6  3
278849 6  3
278850 6  3
278851 6  3
278852 6  3
278853 6  3
278854 6  3
278855 6  3
278856 6  3
278857 6  3
278858 6  3
278859 6  3
278860 6  3
278861 6  3
278862 6  3
278863 6  3
278864 6  3
278865 6  3
278866 6  3
278867 6  3
278868 6  3
278869 6  3
278870 6  3
278871 6  3
278872 6  3
278873 6  3
278874 6  3
278875 6  3
278876 6  3
278877 6  3
278878 6  3
278879 6  3
278880 6  3
278881 6  3
278882 6  3
278883 6  3
278884 6  3
278885 6  3
278886 6  3
278887 6  3
278888 6  3
278889 6  3
278890 6  3
278891 6  3
278892 6  3
278893 6  3
278894 6  3
278895 6  3
278896 6  3
278897 6  3
278898 6  3
278899 6  3
278900 6  3
278901 6  3
278902 6  3
278903 6  3
278904 6  3
278905 6  3
278906 6  3
278907 6  3
278908 6  3
278909 6  3
278910 6  3
278911 6  3
278912 6  3
278913 6  3
278914 6  3
278915 6  3
278916 6  3
278917 6  3
278918 6  3
278919 6  3
278920 6  3
278921 6  3
278922 6  3
278923 6  3
278924 6  3
278925 6  3
278926 6  3
278927 6  3
278928 6  3
278929 6  3
278930 6  3
278931 6  3
278932 6  3
278933 6  3
278934 6  3
278935 6  3
278936 6  3
278937 6  3
278938 6  3
278939 6  3
278940 6  3
278941 6  3
278942 6  3
278943 6  3
278944 6  3
278945 6  3
278946 6  3
278947 6  3
278948 6  3
278949 6  3
278950 6  3
278951 6  3
278952 6  3
278953 6  3
278954 6  3
278955 6  3
278956 6  3
278957 6  3
278958 6  3
278959 6  3
278960 6  3
278961 6  3
278962 6  3
278963 6  3
278964 6  3
278965 6  3
278966 6  3
278967 6  3
278968 6  3
278969 6  3
278970 6  3
278971 6  3
278972 6  3
278973 6  3
278974 6  3
278975 6  3
278976 6  3
278977 6  3
278978 6  3
278979 6  3
278980 6  3
278981 6  3
278982 6  3
278983 6  3
278984 6  3
278985 6  3
278986 6  3
278987 6  3
278988 6  3
278989 6  3
278990 6  3
278991 6  3
278992 6  3
278993 6  3
278994 6  3
278995 6  3
278996 6  3
278997 6  3
278998 6  3
278999 6  3
279000 6  3
279001 6  3
279002 6  3
279003 6  3
279004 6  3
279005 6  3
279006 6  3
279007 6  3
279008 6  3
279009 6  3
279010 6  3
279011 6  3
279012 6  3
279013 6  3
279014 6  3
279015 6  3
279016 6  3
279017 6  3
279018 6  3
279019 6  3
279020 6  3
279021 6  3
279022 6  3
279023 6  3
279024 6  3
279025 6  3
279026 6  3
279027 6  3
279028 6  3
279029 6  3
279030 6  3
279031 6  3
279032 6  3
279033 6  3
279034 6  3
279035 6  3
279036 6  3
279037 6  3
279038 6  3
279039 6  3
279040 6  3
279041 6  3
279042 6  3
279043 6  3
279044 6  3
279045 6  3
279046 6  3
279047 6  3
279048 6  3
279049 6  3
279050 6  3
279051 6  3
279052 6  3
279053 6  3
279054 6  3
279055 6  3
279056 6  3
279057 6  3
279058 6  3
279059 6  3
279060 6  3
279061 6  3
279062 6  3
279063 6  3
279064 6  3
279065 6  3
279066 6  3
279067 6  3
279068 6  3
279069 6  3
279070 6  3
279071 6  3
279072 6  3
279073 6  3
279074 6  3
279075 6  3
279076 6  3
279077 6  3
279078 6  3
279079 6  3
279080 6  3
279081 6  3
279082 6  3
279083 6  3
279084 6  3
279085 6  3
279086 6  3
279087 6  3
279088 6  3
279089 6  3
279090 6  3
279091 6  3
279092 6  3
279093 6  3
279094 6  3
279095 6  3
279096 6  3
279097 6  3
279098 6  3
279099 6  3
279100 6  3
279101 6  3
279102 6  3
279103 6  3
279104 6  3
279105 6  3
279106 6  3
279107 6  3
279108 6  3
279109 6  3
279110 6  3
279111 6  3
279112 6  3
279113 6  3
279114 6  3
279115 6  3
279116 6  3
279117 6  3
279118 6  3
279119 6  3
279120 6  3
279121 6  3
279122 6  3
279123 6  3
279124 6  3
279125 6  3
279126 6  3
279127 6  3
279128 6  3
279129 6  3
279130 6  3
279131 6  3
279132 6  3
279133 6  3
279134 6  3
279135 6  3
279136 6  3
279137 6  3
279138 6  3
279139 6  3
279140 6  3
279141 6  3
279142 6  3
279143 6  3
279144 6  3
279145 6  3
279146 6  3
279147 6  3
279148 6  3
279149 6  3
279150 6  3
279151 6  3
279152 6  3
279153 6  3
279154 6  3
279155 6  3
279156 6  3
279157 6  3
279158 6  3
279159 6  3
279160 6  3
279161 6  3
279162 6  3
279163 6  3
279164 6  3
279165 6  3
279166 6  3
279167 6  3
279168 6  3
279169 6  3
279170 6  3
279171 6  3
279172 6  3
279173 6  3
279174 6  3
279175 6  3
279176 6  3
279177 6  3
279178 6  3
279179 6  3
279180 6  3
279181 6  3
279182 6  3
279183 6  3
279184 6  3
279185 6  3
279186 6  3
279187 6  3
279188 6  3
279189 6  3
279190 6  3
279191 6  3
279192 6  3
279193 6  3
279194 6  3
279195 6  3
279196 6  3
279197 6  3
279198 6  3
279199 6  3
279200 6  3
279201 6  3
279202 6  3
279203 6  3
279204 6  3
279205 6  3
279206 6  3
279207 6  3
279208 6  3
279209 6  3
279210 6  3
279211 6  3
279212 6  3
279213 6  3
279214 6  3
279215 6  3
279216 6  3
279217 6  3
279218 6  3
279219 6  3
279220 6  3
279221 6  3
279222 6  3
279223 6  3
279224 6  3
279225 6  3
279226 6  3
279227 6  3
279228 6  3
279229 6  3
279230 6  3
279231 6  3
279232 6  3
279233 6  3
279234 6  3
279235 6  3
279236 6  3
279237 6  3
279238 6  3
279239 6  3
279240 6  3
279241 6  3
279242 6  3
279243 6  3
279244 6  3
279245 6  3
279246 6  3
279247 6  3
279248 6  3
279249 6  3
279250 6  3
279251 6  3
279252 6  3
279253 6  3
279254 6  3
279255 6  3
279256 6  3
279257 6  3
279258 6  3
279259 6  3
279260 6  3
279261 6  3
279262 6  3
279263 6  3
279264 6  3
279265 6  3
279266 6  3
279267 6  3
279268 6  3
279269 6  3
279270 6  3
279271 6  3
279272 6  3
279273 6  3
279274 6  3
279275 6  3
279276 6  3
279277 6  3
279278 6  3
279279 6  3
279280 6  3
279281 6  3
279282 6  3
279283 6  3
279284 6  3
279285 6  3
279286 6  3
279287 6  3
279288 6  3
279289 6  3
279290 6  3
279291 6  3
279292 6  3
279293 6  3
279294 6  3
279295 6  3
279296 6  3
279297 6  3
279298 6  3
279299 6  3
279300 6  3
279301 6  3
279302 6  3
279303 6  3
279304 6  3
279305 6  3
279306 6  3
279307 6  3
279308 6  3
279309 6  3
279310 6  3
279311 6  3
279312 6  3
279313 6  3
279314 6  3
279315 6  3
279316 6  3
279317 6  3
279318 6  3
279319 6  3
279320 6  3
279321 6  3
279322 6  3
279323 6  3
279324 6  3
279325 6  3
279326 6  3
279327 6  3
279328 6  3
279329 6  3
279330 6  3
279331 6  3
279332 6  3
279333 6  3
279334 6  3
279335 6  3
279336 6  3
279337 6  3
279338 6  3
279339 6  3
279340 6  3
279341 6  3
279342 6  3
279343 6  3
279344 6  3
279345 6  3
279346 6  3
279347 6  3
279348 6  3
279349 6  3
279350 6  3
279351 6  3
279352 6  3
279353 6  3
279354 6  3
279355 6  3
279356 6  3
279357 6  3
279358 6  3
279359 6  3
279360 6  3
279361 6  3
279362 6  3
279363 6  3
279364 6  3
279365 6  3
279366 6  3
279367 6  3
279368 6  3
279369 6  3
279370 6  3
279371 6  3
279372 6  3
279373 6  3
279374 6  3
279375 6  3
279376 6  3
279377 6  3
279378 6  3
279379 6  3
279380 6  3
279381 6  3
279382 6  3
279383 6  3
279384 6  3
279385 6  3
279386 6  3
279387 6  3
279388 6  3
279389 6  3
279390 6  3
279391 6  3
279392 6  3
279393 6  3
279394 6  3
279395 6  3
279396 6  3
279397 6  3
279398 6  3
279399 6  3
279400 6  3
279401 6  3
279402 6  3
279403 6  3
279404 6  3
279405 6  3
279406 6  3
279407 6  3
279408 6  3
279409 6  3
279410 6  3
279411 6  3
279412 6  3
279413 6  3
279414 6  3
279415 6  3
279416 6  3
279417 6  3
279418 6  3
279419 6  3
279420 6  3
279421 6  3
279422 6  3
279423 6  3
279424 6  3
279425 6  3
279426 6  3
279427 6  3
279428 6  3
279429 6  3
279430 6  3
279431 6  3
279432 6  3
279433 6  3
279434 6  3
279435 6  3
279436 6  3
279437 6  3
279438 6  3
279439 6  3
279440 6  3
279441 6  3
279442 6  3
279443 6  3
279444 6  3
279445 6  3
279446 6  3
279447 6  3
279448 6  3
279449 6  3
279450 6  3
279451 6  3
279452 6  3
279453 6  3
279454 6  3
279455 6  3
279456 6  3
279457 6  3
279458 6  3
279459 6  3
279460 6  3
279461 6  3
279462 6  3
279463 6  3
279464 6  3
279465 6  3
279466 6  3
279467 6  3
279468 6  3
279469 6  3
279470 6  3
279471 6  3
279472 6  3
279473 6  3
279474 6  3
279475 6  3
279476 6  3
279477 6  3
279478 6  3
279479 6  3
279480 6  3
279481 6  3
279482 6  3
279483 6  3
279484 6  3
279485 6  3
279486 6  3
279487 6  3
279488 6  3
279489 6  3
279490 6  3
279491 6  3
279492 6  3
279493 6  3
279494 6  3
279495 6  3
279496 6  3
279497 6  3
279498 6  3
279499 6  3
279500 6  3
279501 6  3
279502 6  3
279503 6  3
279504 6  3
279505 6  3
279506 6  3
279507 6  3
279508 6  3
279509 6  3
279510 6  3
279511 6  3
279512 6  3
279513 6  3
279514 6  3
279515 6  3
279516 6  3
279517 6  3
279518 6  3
279519 6  3
279520 6  3
279521 6  3
279522 6  3
279523 6  3
279524 6  3
279525 6  3
279526 6  3
279527 6  3
279528 6  3
279529 6  3
279530 6  3
279531 6  3
279532 6  3
279533 6  3
279534 6  3
279535 6  3
279536 6  3
279537 6  3
279538 6  3
279539 6  3
279540 6  3
279541 6  3
279542 6  3
279543 6  3
279544 6  3
279545 6  3
279546 6  3
279547 6  3
279548 6  3
279549 6  3
279550 6  3
279551 6  3
279552 6  3
279553 6  3
279554 6  3
279555 6  3
279556 6  3
279557 6  3
279558 6  3
279559 6  3
279560 6  3
279561 6  3
279562 6  3
279563 6  3
279564 6  3
279565 6  3
279566 6  3
279567 6  3
279568 6  3
279569 6  3
279570 6  3
279571 6  3
279572 6  3
279573 6  3
279574 6  3
279575 6  3
279576 6  3
279577 6  3
279578 6  3
279579 6  3
279580 6  3
279581 6  3
279582 6  3
279583 6  3
279584 6  3
279585 6  3
279586 6  3
279587 6  3
279588 6  3
279589 6  3
279590 6  3
279591 6  3
279592 6  3
279593 6  3
279594 6  3
279595 6  3
279596 6  3
279597 6  3
279598 6  3
279599 6  3
279600 6  3
