12201
-20.000000000000000
-20.000000000000000
-19.000000000000000
-19.000000000000000
-20.000000000000000
-20.000000000000000
-19.000000000000000
-19.000000000000000
-20.000000000000000
-19.000000000000000
-20.000000000000000
-19.000000000000000
-20.000000000000000
-19.000000000000000
-20.000000000000000
-19.000000000000000
-20.000000000000000
-19.000000000000000
-20.000000000000000
-19.000000000000000
-20.000000000000000
-19.000000000000000
-20.000000000000000
-19.000000000000000
-20.000000000000000
-19.000000000000000
-20.000000000000000
-19.000000000000000
-20.000000000000000
-19.000000000000000
-20.000000000000000
-19.000000000000000
-20.000000000000000
-18.999998982747400
-20.000000000000000
-19.000000000000000
-20.000000000000000
-18.999991912841800
-20.000000000000000
-19.000000000000000
-20.000000000000000
-18.999975958930101
-20.000000000000000
-19.000000000000000
-20.000000000000000
-18.999959637959801
-20.000000000000000
-19.000000000000000
-20.000000000000000
-18.999953532430901
-20.000000000000000
-19.000000000000000
-20.000000000000000
-18.999958563884100
-20.000000000000000
-19.000000000000000
-20.000000000000000
-18.999969204068201
-20.000000000000000
-19.000000000000000
-20.000000000000000
-18.999980022857599
-20.000000000000000
-19.000000000000000
-20.000000000000000
-18.999988337107599
-20.000000000000000
-19.000000000000000
-20.000000000000000
-18.999993740070501
-20.000000000000000
-19.000000000000000
-20.000000000000000
-18.999996862987800
-20.000000000000000
-19.000000000000000
-20.000000000000000
-18.999998515288102
-20.000000000000000
-19.000000000000000
-20.000000000000000
-19.000000000000000
-20.000000000000000
-19.000000000000000
-18.000000000000000
-18.000000000000000
-18.000000000000000
-18.000000000000000
-18.000000000000000
-18.000000000000000
-18.000000000000000
-18.000000000000000
-18.000000000000000
-18.000000000000000
-18.000000000000000
-18.000000000000000
-18.000000000000000
-18.000000000000000
-18.000000000000000
-18.000000000000000
-17.999995930989598
-18.000000000000000
-17.999968668619800
-18.000000000000000
-17.999911922878699
-18.000000000000000
-17.999862592909100
-18.000000000000000
-17.999854491763600
-18.000000000000000
-17.999880723105498
-18.000000000000000
-17.999918252388600
-18.000000000000000
-17.999950887362200
-18.000000000000000
-17.999973325572899
-18.000000000000000
-17.999986623174198
-18.000000000000000
-17.999993711880901
-18.000000000000000
-17.999997198164699
-18.000000000000000
-18.000000000000000
-18.000000000000000
-17.000000000000000
-17.000000000000000
-17.000000000000000
-17.000000000000000
-17.000000000000000
-17.000000000000000
-17.000000000000000
-17.000000000000000
-17.000000000000000
-17.000000000000000
-17.000000000000000
-17.000000000000000
-17.000000000000000
-17.000000000000000
-17.000000000000000
-17.000000000000000
-16.999983723958302
-17.000000000000000
-16.999878743489599
-17.000000000000000
-16.999679022894998
-17.000000000000000
-16.999538448757601
-17.000000000000000
-16.999555374145501
-17.000000000000000
-16.999668400658500
-17.000000000000000
-16.999792286449001
-17.000000000000000
-16.999885297060001
-17.000000000000000
-16.999942414929500
-17.000000000000000
-16.999973167123901
-17.000000000000000
-16.999988224349298
-17.000000000000000
-16.999995080778000
-17.000000000000000
-17.000000000000000
-17.000000000000000
-16.000000000000000
-16.000000000000000
-16.000000000000000
-16.000000000000000
-16.000000000000000
-16.000000000000000
-16.000000000000000
-16.000000000000000
-16.000000000000000
-16.000000000000000
-16.000000000000000
-16.000000000000000
-16.000000000000000
-16.000000000000000
-16.000000000000000
-16.000000000000000
-15.999934895833301
-16.000000000000000
-15.999531250000000
-16.000000000000000
-15.998837348090300
-16.000000000000000
-15.998474772135401
-16.000000000000000
-15.998683047824400
-16.000000000000000
-15.999118228488500
-16.000000000000000
-15.999500745137500
-16.000000000000000
-15.999748901791000
-16.000000000000000
-15.999884362657900
-16.000000000000000
-15.999950253566100
-16.000000000000000
-15.999979730273299
-16.000000000000000
-15.999992098762799
-16.000000000000000
-16.000000000000000
-16.000000000000000
-15.000000000000000
-15.000000000000000
-15.000000000000000
-15.000000000000000
-15.000000000000000
-15.000000000000000
-15.000000000000000
-15.000000000000000
-15.000000000000000
-15.000000000000000
-15.000000000000000
-15.000000000000000
-15.000000000000000
-15.000000000000000
-15.000000000000000
-15.000000000000000
-14.999739583333300
-15.000000000000000
-14.998190104166699
-15.000000000000000
-14.995818142361101
-15.000000000000000
-14.995061740451400
-15.000000000000000
-14.996257419162299
-15.000000000000000
-14.997789866129599
-15.000000000000000
-14.998884752061601
-15.000000000000000
-14.999494862026600
-15.000000000000000
-14.999788548840399
-15.000000000000000
-14.999916651606600
-15.000000000000000
-14.999968667527000
-15.000000000000000
-14.999988664777700
-15.000000000000000
-15.000000000000000
-15.000000000000000
-14.000000000000000
-14.000000000000000
-14.000000000000000
-14.000000000000000
-14.000000000000000
-14.000000000000000
-14.000000000000000
-14.000000000000000
-14.000000000000000
-14.000000000000000
-14.000000000000000
-14.000000000000000
-14.000000000000000
-14.000000000000000
-14.000000000000000
-14.000000000000000
-13.998958333333301
-14.000000000000000
-13.993020833333301
-14.000000000000000
-13.967487859692101
-14.000000000000000
-13.967423619348001
-14.000000000000000
-13.981847441852400
-14.000000000000000
-13.994902045355900
-14.000000000000000
-13.997749142117000
-14.000000000000000
-13.999094696044899
-14.000000000000000
-13.999659333335000
-14.000000000000000
-13.999878057585800
-14.000000000000000
-13.999958018501600
-14.000000000000000
-13.999985991583900
-14.000000000000000
-14.000000000000000
-14.000000000000000
-13.000000000000000
-13.000000000000000
-13.000000000000000
-13.000000000000000
-13.000000000000000
-13.000000000000000
-13.000000000000000
-13.000000000000000
-13.000000000000000
-13.000000000000000
-13.000000000000000
-13.000000000000000
-13.000000000000000
-13.000000000000000
-13.000000000000000
-13.000000000000000
-12.995833333333300
-13.000000000000000
-12.942858770572100
-13.000000000000000
-12.904325010000500
-13.000000000000000
-12.925297435396301
-13.000000000000000
-12.955811952995600
-13.000000000000000
-12.979249090444901
-13.000000000000000
-12.996094523111999
-13.000000000000000
-12.998629642062699
-13.000000000000000
-12.999542637295200
-13.000000000000000
-12.999852897008299
-13.000000000000000
-12.999954016420601
-13.000000000000000
-12.999985947834100
-13.000000000000000
-13.000000000000000
-13.000000000000000
-12.000000000000000
-12.000000000000000
-12.000000000000000
-12.000000000000000
-12.000000000000000
-12.000000000000000
-12.000000000000000
-12.000000000000000
-12.000000000000000
-12.000000000000000
-12.000000000000000
-12.000000000000000
-12.000000000000000
-12.000000000000000
-12.000000000000000
-12.000000000000000
-11.953913920958700
-11.954651845811600
-11.859274371992900
-12.044167148652299
-11.781655974341600
-11.995540375536599
-11.856967573624001
-12.042168951174199
-11.933780353840600
-11.949543769142400
-11.968360859990099
-12.000000000000000
-11.988595800056901
-12.000000000000000
-11.998424045138901
-12.000000000000000
-11.999540907118099
-12.000000000000000
-11.999868950737900
-12.000000000000000
-11.999963168674100
-12.000000000000000
-11.999989774915999
-12.000000000000000
-12.000000000000000
-12.000000000000000
-11.000000000000000
-11.000000000000000
-11.000000000000000
-11.000000000000000
-11.000000000000000
-11.000000000000000
-11.000000000000000
-11.000000000000000
-11.000000000000000
-11.000000000000000
-11.000000000000000
-11.000000000000000
-11.000000000000000
-11.000000000000000
-11.000000000000000
-11.000000000000000
-10.947488091242301
-11.008723256544300
-10.971818195617900
-10.939860086634200
-11.000000000000000
-11.005663332728600
-10.988272980725601
-11.000000000000000
-10.998958333333400
-11.000000000000000
-10.999739583333399
-11.000000000000000
-10.999934895833499
-11.000000000000000
-10.999983723958501
-11.000000000000000
-10.999995930989799
-11.000000000000000
-11.000000000000000
-11.000000000000000
-10.000000000000000
-10.000000000000000
-10.000000000000000
-10.000000000000000
-10.000000000000000
-10.000000000000000
-10.000000000000000
-10.000000000000000
-10.000000000000000
-10.000000000000000
-10.000000000000000
-10.000000000000000
-10.000000000000000
-10.000000000000000
-10.000000000000000
-10.000000000000000
-9.988035493827160
-10.002264943571801
-9.986189009860880
-9.984307807607770
-10.000000000000000
-9.999773030652110
-9.993719593894239
-10.000000000000000
-10.000000000000201
-10.000000000000000
-10.000000000000300
-10.000000000000000
-10.000000000000499
-10.000000000000000
-10.000000000000600
-10.000000000000000
-10.000000000000700
-10.000000000000000
-10.000000000000000
-10.000000000000000
-9.000000000000000
-9.000000000000000
-9.000000000000000
-9.000000000000000
-9.000000000000000
-9.000000000000011
-9.000000000000000
-9.000000000000000
-9.000000000000000
-9.000000000000000
-9.000000000000000
-9.000000000000000
-9.000000000000000
-9.000000000000011
-9.000000000000000
-9.000000000000000
-8.997459362139921
-9.002168588038360
-8.994254518015939
-8.995817922698491
-9.000000000000000
-9.000527104894140
-8.996913837442859
-9.000000000000000
-9.000000000000639
-9.000000000000000
-9.000000000001149
-9.000000000000011
-9.000000000001631
-9.000000000000000
-9.000000000001959
-9.000000000000011
-9.000000000002039
-9.000000000000000
-9.000000000000000
-9.000000000000000
-8.000000000000000
-8.000000000000000
-8.000000000000000
-8.000000000000000
-8.000000000000000
-8.000000000000000
-8.000000000000000
-8.000000000000000
-8.000000000000000
-8.000000000000000
-8.000000000000000
-8.000000000000000
-8.000000000000000
-8.000000000000000
-8.000000000000000
-8.000000000000000
-7.999691358024700
-8.000926553999950
-7.997883284758340
-7.998900815671800
-8.000000000000000
-8.000024113325081
-7.999025313552890
-8.000000000000000
-8.000000000002290
-8.000000000000000
-8.000000000003951
-8.000000000000000
-8.000000000005389
-8.000000000000000
-8.000000000006191
-8.000000000000011
-8.000000000006210
-8.000000000000000
-8.000000000000000
-8.000000000000000
-7.000000000000000
-7.000000000000000
-7.000000000000000
-7.000000000000000
-7.000000000000000
-7.000000000000000
-7.000000000000000
-7.000000000000000
-7.000000000000000
-7.000000000000000
-7.000000000000000
-7.000000000000000
-7.000000000000000
-7.000000000000000
-7.000000000000000
-7.000000000000000
-7.000000000000040
-7.000327748665290
-6.999352491792730
-6.999814855579970
-7.000000000000000
-6.999998132449050
-6.999630327374540
-7.000000000000000
-7.000000000008230
-7.000000000000000
-7.000000000013510
-7.000000000000000
-7.000000000017620
-7.000000000000000
-7.000000000019380
-7.000000000000000
-7.000000000018660
-7.000000000000000
-7.000000000000000
-7.000000000000000
-6.000000000000000
-6.000000000000000
-6.000000000000000
-6.000000000000000
-6.000000000000000
-6.000000000000000
-6.000000000000000
-6.000000000000000
-6.000000000000000
-6.000000000000000
-6.000000000000000
-6.000000000000000
-6.000000000000000
-6.000000000000000
-6.000000000000000
-6.000000000000000
-6.000000000000200
-6.000115795167570
-5.999867482154850
-5.999986933268940
-6.000000000000000
-6.000021594898110
-5.999943359239270
-6.000000000000000
-6.000000000029350
-6.000000000000000
-6.000000000045800
-6.000000000000000
-6.000000000056960
-6.000000000000000
-6.000000000059900
-6.000000000000000
-6.000000000055260
-6.000000000000000
-6.000000000000000
-6.000000000000000
-5.000000000000000
-5.000000000000000
-5.000000000000000
-5.000000000000000
-5.000000000000000
-5.000000000000000
-5.000000000000000
-5.000000000000000
-5.000000000000000
-5.000000000000000
-5.000000000000000
-5.000000000000000
-5.000000000000000
-5.000000000000000
-5.000000000000000
-5.000000000000000
-5.000000000001070
-5.000048555310230
-4.999986999413420
-5.000000001857680
-5.000000000000000
-5.000010406491340
-5.000000008396730
-5.000000000000000
-5.000000000103980
-5.000000000000000
-5.000000000153850
-5.000000000000000
-5.000000000182030
-5.000000000000000
-5.000000000182630
-5.000000000000000
-5.000000000161130
-5.000000000000000
-5.000000000000000
-5.000000000000000
-4.000000000000000
-4.000000000000000
-4.000000000000000
-4.000000000000000
-4.000000000000000
-4.000000000000000
-4.000000000000000
-4.000000000000000
-4.000000000000000
-4.000000000000000
-4.000000000000000
-4.000000000000000
-4.000000000000000
-4.000000000000000
-4.000000000000000
-4.000000000000000
-4.000000000005520
-4.000035296284900
-4.000000030341880
-4.000000005582690
-4.000000000000000
-4.000004269464410
-4.000000023773890
-4.000000000000000
-4.000000000365540
-4.000000000000000
-4.000000000511430
-4.000000000000010
-4.000000000574290
-4.000000000000000
-4.000000000548500
-4.000000000000000
-4.000000000461880
-4.000000000000000
-4.000000000000000
-4.000000000000000
-3.000000000000000
-3.000000000000000
-3.000000000000000
-3.000000000000000
-3.000000000000000
-3.000000000000000
-3.000000000000000
-3.000000000000000
-3.000000000000000
-3.000000000000000
-3.000000000000000
-3.000000000000000
-3.000000000000000
-3.000000000000000
-3.000000000000000
-3.000000000000000
-3.000000000028300
-3.000035622446330
-3.000000084120890
-3.000000016617660
-3.000000000000000
-3.000004108755610
-3.000000066566950
-3.000000000000000
-3.000000001273970
-3.000000000000000
-3.000000001680170
-3.000000000000000
-3.000000001785730
-3.000000000000000
-3.000000001619720
-3.000000000000000
-3.000000001299020
-3.000000000000000
-3.000000000000000
-3.000000000000000
-2.000000000000000
-2.000000000000000
-2.000000000000000
-2.000000000000000
-2.000000000000000
-2.000000000000000
-2.000000000000000
-2.000000000000000
-2.000000000000000
-2.000000000000000
-2.000000000000000
-2.000000000000000
-2.000000000000000
-2.000000000000000
-2.000000000000000
-2.000000000000000
-2.000000000143690
-2.000036261478480
-2.000000230531930
-2.000000048975880
-2.000000000000000
-2.000004186624310
-2.000000184172040
-2.000000000000000
-2.000000004396420
-2.000000000000000
-2.000000005446690
-2.000000000000000
-2.000000005462750
-2.000000000000000
-2.000000004693160
-2.000000000000000
-2.000000003576350
-2.000000000000000
-2.000000000000000
-2.000000000000000
-1.000000000000000
-1.000000000000000
-1.000000000000000
-1.000000000000000
-1.000000000000000
-0.999999999999999
-0.999999999999999
-1.000000000000000
-0.999999999999999
-1.000000000000000
-0.999999999999999
-0.999999999999999
-0.999999999999999
-0.999999999999998
-0.999999999999999
-0.999999999999998
-1.000000000722300
-1.000036357023020
-1.000000624003220
-1.000000142875490
-0.999999999999998
-1.000004161024240
-1.000000502990980
-1.000000000000000
-1.000000015000670
-0.999999999999998
-1.000000017390330
-0.999999999999999
-1.000000016404320
-1.000000000000000
-1.000000013309900
-0.999999999999999
-1.000000009612220
-1.000000000000000
-1.000000000000000
-1.000000000000000
-0.000000000000000
0.000000000000000
0.000000000000000
0.000000000000000
0.000000000000000
-0.000000000000001
-0.000000000000000
0.000000000000001
0.000000000000000
0.000000000000000
0.000000000000000
0.000000000000000
0.000000000000000
0.000000000000000
0.000000000000001
0.000000000000000
-0.000000003590001
-0.000036371242995
-0.000001666867764
-0.000000412527476
0.000000000000000
-0.000004301997901
-0.000001354333218
0.000000000000000
-0.000000050513051
0.000000000000000
-0.000000054560652
0.000000000000000
-0.000000048226943
0.000000000000000
-0.000000036835275
0.000000000000000
-0.000000025138968
0.000000000000000
0.000000000000000
0.000000000000000
1.000000000000000
1.000000000000000
1.000000000000000
1.000000000000000
1.000000000000000
0.999999999999999
1.000000000000000
1.000000000000000
0.999999999999999
0.999999999999999
1.000000000000000
0.999999999999998
0.999999999999999
0.999999999999999
1.000000000000000
0.999999999999997
0.999999982385779
0.999963605469742
0.999995609920238
0.999998820878242
0.999999999999998
0.999995224425365
0.999996410658113
1.000000000000000
0.999999832510155
0.999999999999998
0.999999832270442
0.999999999999999
0.999999861652881
0.999999999999999
0.999999900885841
1.000000000000000
0.999999936279404
1.000000000000000
1.000000000000000
1.000000000000000
2.000000000000000
2.000000000000000
2.000000000000000
2.000000000000000
2.000000000000000
2.000000000000000
2.000000000000000
2.000000000000000
2.000000000000000
2.000000000000000
2.000000000000000
2.000000000000000
2.000000000000000
2.000000000000000
2.000000000000000
2.000000000000000
1.999999914849750
1.999963432303920
1.999988611294440
1.999996661271610
2.000000000000000
1.999993754747130
1.999990657363470
2.000000000000000
1.999999454739410
2.000000000000000
1.999999496571610
2.000000000000000
1.999999614341080
2.000000000000000
1.999999741890480
2.000000000000000
1.999999844231770
2.000000000000000
2.000000000000000
2.000000000000000
3.000000000000000
3.000000000000000
3.000000000000000
3.000000000000000
3.000000000000000
3.000000000000000
3.000000000000000
3.000000000000000
3.000000000000000
3.000000000000000
3.000000000000000
3.000000000000000
3.000000000000000
3.000000000000000
3.000000000000000
3.000000000000000
2.999999595410590
2.999962202740130
2.999970927905720
2.999990621157730
3.000000000000000
2.999988697885550
2.999976192227870
3.000000000000000
2.999998263752740
3.000000000000000
2.999998531547050
3.000000000000000
2.999998960792720
3.000000000000000
2.999999353220840
3.000000000000000
2.999999635036610
3.000000000000000
3.000000000000000
3.000000000000000
4.000000000000000
4.000000000000000
4.000000000000000
4.000000000000000
4.000000000000000
4.000000000000000
4.000000000000000
4.000000000000000
4.000000000000000
4.000000000000000
4.000000000000000
4.000000000000000
4.000000000000000
4.000000000000000
4.000000000000000
4.000000000000000
3.999998116264140
3.999958621449460
3.999927038877810
3.999973797843300
4.000000000000000
3.999973058912270
3.999940885749870
4.000000000000000
3.999994619406950
4.000000000000000
3.999995862435450
4.000000000000000
3.999997311623820
4.000000000000000
3.999998452090630
4.000000000000000
3.999999186925600
4.000000000000000
4.000000000000000
4.000000000000000
5.000000000000000
5.000000000000000
5.000000000000000
5.000000000000000
5.000000000000000
5.000000000000000
5.000000000000000
5.000000000000000
5.000000000000000
5.000000000000000
5.000000000000000
5.000000000000000
5.000000000000000
5.000000000000000
5.000000000000000
5.000000000000000
4.999991439863020
4.999957769828880
4.999820077063940
4.999926928932600
5.000000000000000
4.999933074520560
4.999858075699510
5.000000000000000
4.999983883367150
5.000000000000000
4.999988830334860
5.000000000000000
4.999993384059810
5.000000000000000
4.999996496738720
5.000000000000000
4.999998295611770
5.000000000000000
5.000000000000000
5.000000000000000
6.000000000000000
6.000000000000000
6.000000000000000
6.000000000000000
6.000000000000000
6.000000000000000
6.000000000000000
6.000000000000000
6.000000000000000
6.000000000000000
6.000000000000000
6.000000000000000
6.000000000000000
6.000000000000000
6.000000000000000
6.000000000000000
5.999962233083170
5.999975609771960
5.999563859574540
5.999795632387800
6.000000000000000
5.999828767462670
5.999674915392790
6.000000000000000
5.999953792807500
6.000000000000000
5.999971437972270
6.000000000000000
5.999984705904380
6.000000000000000
5.999992602895070
6.000000000000000
5.999996685708380
6.000000000000000
6.000000000000000
6.000000000000000
7.000000000000000
7.000000000000000
7.000000000000000
7.000000000000000
7.000000000000000
7.000000000000000
7.000000000000000
7.000000000000000
7.000000000000000
7.000000000000000
7.000000000000000
7.000000000000000
7.000000000000000
7.000000000000000
7.000000000000000
7.000000000000000
6.999839380940090
7.000070514722440
6.998958102223000
6.999424153558550
7.000000000000000
6.999592020265300
6.999247314075470
7.000000000000000
6.999875016671640
7.000000000000000
6.999931959081580
7.000000000000000
6.999967385645270
7.000000000000000
6.999985705675900
7.000000000000000
6.999994139938440
7.000000000000000
7.000000000000000
7.000000000000000
8.000000000000000
8.000000000000000
8.000000000000000
8.000000000000000
8.000000000000000
8.000000000000000
8.000000000000000
8.000000000000000
8.000000000000000
8.000000000000000
8.000000000000000
8.000000000000000
8.000000000000000
8.000000000000000
8.000000000000000
8.000000000000000
7.999348023633060
8.000564589708249
7.997589082608340
7.998362812404840
8.000000000000000
7.999450441409320
7.998367693570740
8.000000000000000
7.999688256157770
8.000000000000000
7.999852819654680
8.000000000000000
7.999937583499490
8.000000000000000
7.999975437058340
8.000000000000011
7.999990854077870
8.000000000000000
8.000000000000000
8.000000000000000
9.000000000000000
9.000000000000000
9.000000000000000
9.000000000000000
9.000000000000000
9.000000000000000
9.000000000000000
9.000000000000000
9.000000000000000
9.000000000000000
9.000000000000000
9.000000000000000
9.000000000000000
9.000000000000000
9.000000000000000
9.000000000000000
8.997503129462499
9.002098474571600
8.994593171055669
8.995190766999521
9.000000000000000
9.000069493245441
8.996798079123989
9.000000000000000
8.999310465494791
9.000000000000000
8.999723022460939
9.000000000000011
8.999897514343260
9.000000000000000
8.999964164733891
9.000000000000000
8.999987979253129
9.000000000000000
9.000000000000000
9.000000000000000
10.000000000000000
10.000000000000000
10.000000000000000
10.000000000000000
10.000000000000000
10.000000000000000
10.000000000000000
10.000000000000000
10.000000000000000
10.000000000000000
10.000000000000000
10.000000000000000
10.000000000000000
10.000000000000000
10.000000000000000
10.000000000000000
9.990682370911900
10.003843427283600
9.988713233008649
9.985480846410850
10.000000000000000
10.000747406429801
9.994756733444300
10.000000000000000
9.998747070312501
10.000000000000000
9.999581624348959
10.000000000000000
9.999867034912111
10.000000000000000
9.999959144592291
10.000000000000000
9.999987752278651
10.000000000000000
10.000000000000000
10.000000000000000
11.000000000000000
11.000000000000000
11.000000000000000
11.000000000000000
11.000000000000000
11.000000000000000
11.000000000000000
11.000000000000000
11.000000000000000
11.000000000000000
11.000000000000000
11.000000000000000
11.000000000000000
11.000000000000000
11.000000000000000
11.000000000000000
10.958617476851900
11.013142436302500
10.979738944369000
10.944170845167999
11.000000000000000
11.008648429256500
10.994338541666700
11.000000000000000
10.998451171875001
11.000000000000000
10.999579427083299
11.000000000000000
10.999886515299499
11.000000000000000
10.999969543457000
11.000000000000000
10.999991864522300
11.000000000000000
11.000000000000000
11.000000000000000
12.000000000000000
12.000000000000000
12.000000000000000
12.000000000000000
12.000000000000000
12.000000000000000
12.000000000000000
12.000000000000000
12.000000000000000
12.000000000000000
12.000000000000000
12.000000000000000
12.000000000000000
12.000000000000000
12.000000000000000
12.000000000000000
12.000000000000000
11.967297343710500
11.991458333333300
11.948217098043999
12.000000000000000
11.956199384529199
11.997864583333300
12.000000000000000
11.999466145833299
12.000000000000000
11.999866536458301
12.000000000000000
11.999966634114600
12.000000000000000
11.999991658528600
12.000000000000000
11.999997914632200
12.000000000000000
12.000000000000000
12.000000000000000
13.000000000000000
13.000000000000000
13.000000000000000
13.000000000000000
13.000000000000000
13.000000000000000
13.000000000000000
13.000000000000000
13.000000000000000
13.000000000000000
13.000000000000000
13.000000000000000
13.000000000000000
13.000000000000000
13.000000000000000
13.000000000000000
13.000000000000000
13.000000000000000
11.879329936128300
13.000000000000000
12.055127721657399
13.000000000000000
11.793629399401199
13.000000000000000
12.006510027159500
13.000000000000000
11.865605852812200
13.000000000000000
12.051867300165000
13.000000000000000
13.000000000000000
13.000000000000000
13.000000000000000
13.000000000000000
13.000000000000000
13.000000000000000
13.000000000000000
13.000000000000000
13.000000000000000
13.000000000000000
13.000000000000000
13.000000000000000
13.000000000000000
13.000000000000000
13.000000000000000
13.000000000000000
13.000000000000000
13.000000000000000
14.000000000000000
14.000000000000000
14.000000000000000
14.000000000000000
14.000000000000000
14.000000000000000
14.000000000000000
14.000000000000000
14.000000000000000
14.000000000000000
14.000000000000000
14.000000000000000
14.000000000000000
14.000000000000000
14.000000000000000
14.000000000000000
14.000000000000000
14.000000000000000
14.000000000000000
14.000000000000000
14.000000000000000
14.000000000000000
14.000000000000000
14.000000000000000
14.000000000000000
14.000000000000000
14.000000000000000
14.000000000000000
14.000000000000000
14.000000000000000
14.000000000000000
14.000000000000000
14.000000000000000
14.000000000000000
14.000000000000000
14.000000000000000
14.000000000000000
14.000000000000000
14.000000000000000
14.000000000000000
14.000000000000000
14.000000000000000
15.000000000000000
15.000000000000000
15.000000000000000
15.000000000000000
15.000000000000000
15.000000000000000
15.000000000000000
15.000000000000000
15.000000000000000
15.000000000000000
15.000000000000000
15.000000000000000
15.000000000000000
15.000000000000000
15.000000000000000
15.000000000000000
15.000000000000000
15.000000000000000
15.000000000000000
15.000000000000000
15.000000000000000
15.000000000000000
15.000000000000000
15.000000000000000
15.000000000000000
15.000000000000000
15.000000000000000
15.000000000000000
15.000000000000000
15.000000000000000
15.000000000000000
15.000000000000000
15.000000000000000
15.000000000000000
15.000000000000000
15.000000000000000
15.000000000000000
15.000000000000000
15.000000000000000
15.000000000000000
15.000000000000000
15.000000000000000
16.000000000000000
16.000000000000000
16.000000000000000
16.000000000000000
16.000000000000000
16.000000000000000
16.000000000000000
16.000000000000000
16.000000000000000
16.000000000000000
16.000000000000000
16.000000000000000
16.000000000000000
16.000000000000000
16.000000000000000
16.000000000000000
16.000000000000000
16.000000000000000
16.000000000000000
16.000000000000000
16.000000000000000
16.000000000000000
16.000000000000000
16.000000000000000
16.000000000000000
16.000000000000000
16.000000000000000
16.000000000000000
16.000000000000000
16.000000000000000
16.000000000000000
16.000000000000000
16.000000000000000
16.000000000000000
16.000000000000000
16.000000000000000
16.000000000000000
16.000000000000000
16.000000000000000
16.000000000000000
16.000000000000000
16.000000000000000
17.000000000000000
17.000000000000000
17.000000000000000
17.000000000000000
17.000000000000000
17.000000000000000
17.000000000000000
17.000000000000000
17.000000000000000
17.000000000000000
17.000000000000000
17.000000000000000
17.000000000000000
17.000000000000000
17.000000000000000
17.000000000000000
17.000000000000000
17.000000000000000
17.000000000000000
17.000000000000000
17.000000000000000
17.000000000000000
17.000000000000000
17.000000000000000
17.000000000000000
17.000000000000000
17.000000000000000
17.000000000000000
17.000000000000000
17.000000000000000
17.000000000000000
17.000000000000000
17.000000000000000
17.000000000000000
17.000000000000000
17.000000000000000
17.000000000000000
17.000000000000000
17.000000000000000
17.000000000000000
17.000000000000000
17.000000000000000
18.000000000000000
18.000000000000000
18.000000000000000
18.000000000000000
18.000000000000000
18.000000000000000
18.000000000000000
18.000000000000000
18.000000000000000
18.000000000000000
18.000000000000000
18.000000000000000
18.000000000000000
18.000000000000000
18.000000000000000
18.000000000000000
18.000000000000000
18.000000000000000
18.000000000000000
18.000000000000000
18.000000000000000
18.000000000000000
18.000000000000000
18.000000000000000
18.000000000000000
18.000000000000000
18.000000000000000
18.000000000000000
18.000000000000000
18.000000000000000
18.000000000000000
18.000000000000000
18.000000000000000
18.000000000000000
18.000000000000000
18.000000000000000
18.000000000000000
18.000000000000000
18.000000000000000
18.000000000000000
18.000000000000000
18.000000000000000
19.000000000000000
19.000000000000000
19.000000000000000
19.000000000000000
19.000000000000000
19.000000000000000
19.000000000000000
19.000000000000000
19.000000000000000
19.000000000000000
19.000000000000000
19.000000000000000
19.000000000000000
19.000000000000000
19.000000000000000
19.000000000000000
19.000000000000000
19.000000000000000
19.000000000000000
19.000000000000000
19.000000000000000
19.000000000000000
19.000000000000000
19.000000000000000
19.000000000000000
19.000000000000000
19.000000000000000
19.000000000000000
19.000000000000000
19.000000000000000
19.000000000000000
19.000000000000000
19.000000000000000
19.000000000000000
19.000000000000000
19.000000000000000
19.000000000000000
19.000000000000000
19.000000000000000
19.000000000000000
19.000000000000000
19.000000000000000
20.000000000000000
20.000000000000000
20.000000000000000
20.000000000000000
20.000000000000000
20.000000000000000
20.000000000000000
20.000000000000000
20.000000000000000
20.000000000000000
20.000000000000000
20.000000000000000
20.000000000000000
20.000000000000000
20.000000000000000
20.000000000000000
20.000000000000000
20.000000000000000
20.000000000000000
20.000000000000000
20.000000000000000
20.000000000000000
20.000000000000000
20.000000000000000
20.000000000000000
20.000000000000000
20.000000000000000
20.000000000000000
20.000000000000000
20.000000000000000
20.000000000000000
20.000000000000000
20.000000000000000
20.000000000000000
20.000000000000000
20.000000000000000
20.000000000000000
20.000000000000000
20.000000000000000
20.000000000000000
20.000000000000000
20.000000000000000
-20.000000000000000
-20.000000000000000
-19.000000000000000
-19.000000000000000
-20.000000000000000
-19.000000000000000
-20.000000000000000
-19.000000000000000
-20.000000000000000
-19.000000000000000
-20.000000000000000
-19.000000000000000
-20.000000000000000
-19.000000000000000
-20.000000000000000
-19.000000000000000
-20.000000000000000
-19.000000000000000
-20.000000000000000
-19.000000000000000
-20.000000000000000
-19.000000000000000
-20.000000000000000
-19.000000000000000
-20.000000000000000
-19.000000000000000
-20.000000000000000
-19.000000000000000
-20.000000000000000
-19.000000000000000
-20.000000000000000
-19.000000000000000
-20.000000000000000
-19.000000000000000
-20.000000000000000
-19.000000000000000
-20.000000000000000
-19.000000000000000
-20.000000000000000
-19.000000000000000
-20.000000000000000
-19.000000000000000
-18.000000000000000
-18.000000000000000
-18.000000000000000
-18.000000000000000
-18.000000000000000
-18.000000000000000
-18.000000000000000
-18.000000000000000
-18.000000000000000
-18.000000000000000
-18.000000000000000
-18.000000000000000
-18.000000000000000
-18.000000000000000
-18.000000000000000
-18.000000000000000
-18.000000000000000
-18.000000000000000
-18.000000000000000
-18.000000000000000
-18.000000000000000
-17.000000000000000
-17.000000000000000
-17.000000000000000
-17.000000000000000
-17.000000000000000
-17.000000000000000
-17.000000000000000
-17.000000000000000
-17.000000000000000
-17.000000000000000
-17.000000000000000
-17.000000000000000
-17.000000000000000
-17.000000000000000
-17.000000000000000
-17.000000000000000
-17.000000000000000
-17.000000000000000
-17.000000000000000
-17.000000000000000
-17.000000000000000
-16.000000000000000
-16.000000000000000
-16.000000000000000
-16.000000000000000
-16.000000000000000
-16.000000000000000
-16.000000000000000
-16.000000000000000
-16.000000000000000
-16.000000000000000
-16.000000000000000
-16.000000000000000
-16.000000000000000
-16.000000000000000
-16.000000000000000
-16.000000000000000
-16.000000000000000
-16.000000000000000
-16.000000000000000
-16.000000000000000
-16.000000000000000
-15.000000000000000
-15.000000000000000
-15.000000000000000
-15.000000000000000
-15.000000000000000
-15.000000000000000
-15.000000000000000
-15.000000000000000
-15.000000000000000
-15.000000000000000
-15.000000000000000
-15.000000000000000
-15.000000000000000
-15.000000000000000
-15.000000000000000
-15.000000000000000
-15.000000000000000
-15.000000000000000
-15.000000000000000
-15.000000000000000
-15.000000000000000
-14.000000000000000
-14.000000000000000
-14.000000000000000
-14.000000000000000
-14.000000000000000
-14.000000000000000
-14.000000000000000
-14.000000000000000
-14.000000000000000
-14.000000000000000
-14.000000000000000
-14.000000000000000
-14.000000000000000
-14.000000000000000
-14.000000000000000
-14.000000000000000
-14.000000000000000
-14.000000000000000
-14.000000000000000
-14.000000000000000
-14.000000000000000
-13.000000000000000
-13.000000000000000
-13.000000000000000
-13.000000000000000
-13.000000000000000
-13.000000000000000
-13.000000000000000
-13.000000000000000
-13.000000000000000
-13.000000000000000
-13.000000000000000
-13.000000000000000
-13.000000000000000
-13.000000000000000
-13.000000000000000
-13.000000000000000
-13.000000000000000
-13.000000000000000
-13.000000000000000
-13.000000000000000
-13.000000000000000
-12.000000000000000
-12.000000000000000
-12.000000000000000
-12.000000000000000
-12.000000000000000
-12.000000000000000
-12.000000000000000
-12.000000000000000
-12.000000000000000
-12.000000000000000
-12.000000000000000
-12.000000000000000
-12.000000000000000
-12.000000000000000
-12.000000000000000
-12.000000000000000
-12.000000000000000
-12.000000000000000
-12.000000000000000
-12.000000000000000
-12.000000000000000
-11.000000000000000
-11.000000000000000
-11.000000000000000
-11.000000000000000
-11.000000000000000
-11.000000000000000
-11.000000000000000
-11.000000000000000
-11.000000000000000
-11.000000000000000
-11.000000000000000
-11.000000000000000
-11.000000000000000
-11.000000000000000
-11.000000000000000
-11.000000000000000
-11.000000000000000
-11.000000000000000
-10.000000000000000
-10.000000000000000
-10.000000000000000
-10.000000000000000
-10.000000000000000
-10.000000000000000
-10.000000000000000
-10.000000000000000
-10.000000000000000
-10.000000000000000
-10.000000000000000
-10.000000000000000
-10.000000000000000
-10.000000000000000
-10.000000000000000
-10.000000000000000
-10.000000000000000
-10.000000000000000
-9.000000000000000
-9.000000000000000
-9.000000000000000
-9.000000000000000
-9.000000000000000
-9.000000000000000
-9.000000000000000
-9.000000000000000
-9.000000000000000
-9.000000000000000
-9.000000000000000
-9.000000000000000
-9.000000000000000
-9.000000000000000
-9.000000000000000
-9.000000000000000
-9.000000000000000
-9.000000000000000
-8.000000000000000
-8.000000000000000
-8.000000000000000
-8.000000000000000
-8.000000000000000
-8.000000000000000
-8.000000000000000
-8.000000000000000
-8.000000000000000
-8.000000000000000
-8.000000000000000
-8.000000000000000
-8.000000000000000
-8.000000000000000
-8.000000000000000
-8.000000000000000
-8.000000000000000
-8.000000000000000
-7.000000000000000
-7.000000000000000
-7.000000000000000
-7.000000000000000
-7.000000000000000
-7.000000000000000
-7.000000000000000
-7.000000000000000
-7.000000000000000
-7.000000000000000
-7.000000000000000
-7.000000000000000
-7.000000000000000
-7.000000000000000
-7.000000000000000
-7.000000000000000
-7.000000000000000
-7.000000000000000
-6.000000000000000
-6.000000000000000
-6.000000000000000
-6.000000000000000
-6.000000000000000
-6.000000000000000
-6.000000000000000
-6.000000000000000
-6.000000000000000
-6.000000000000000
-6.000000000000000
-6.000000000000000
-6.000000000000000
-6.000000000000000
-6.000000000000000
-6.000000000000000
-6.000000000000000
-6.000000000000000
-5.000000000000000
-5.000000000000000
-5.000000000000000
-5.000000000000000
-5.000000000000000
-5.000000000000000
-5.000000000000000
-5.000000000000000
-5.000000000000000
-5.000000000000000
-5.000000000000000
-5.000000000000000
-5.000000000000000
-5.000000000000000
-5.000000000000000
-5.000000000000000
-5.000000000000000
-5.000000000000000
-4.000000000000000
-4.000000000000000
-4.000000000000000
-4.000000000000000
-4.000000000000000
-4.000000000000000
-4.000000000000000
-4.000000000000000
-4.000000000000000
-4.000000000000000
-4.000000000000000
-4.000000000000000
-4.000000000000000
-4.000000000000000
-4.000000000000000
-4.000000000000000
-4.000000000000000
-4.000000000000000
-3.000000000000000
-3.000000000000000
-3.000000000000000
-3.000000000000000
-3.000000000000000
-3.000000000000000
-3.000000000000000
-3.000000000000000
-3.000000000000000
-3.000000000000000
-3.000000000000000
-3.000000000000000
-3.000000000000000
-3.000000000000000
-3.000000000000000
-3.000000000000000
-3.000000000000000
-3.000000000000000
-2.000000000000000
-2.000000000000000
-2.000000000000000
-2.000000000000000
-2.000000000000000
-2.000000000000000
-2.000000000000000
-2.000000000000000
-2.000000000000000
-2.000000000000000
-2.000000000000000
-2.000000000000000
-2.000000000000000
-2.000000000000000
-2.000000000000000
-2.000000000000000
-2.000000000000000
-2.000000000000000
-1.000000000000000
-1.000000000000000
-1.000000000000000
-1.000000000000000
-1.000000000000000
-1.000000000000000
-0.999999999999999
-1.000000000000000
-0.999999999999999
-1.000000000000000
-0.999999999999999
-0.999999999999999
-1.000000000000000
-1.000000000000000
-1.000000000000000
-0.999999999999999
-1.000000000000000
-1.000000000000000
-0.000000000000000
0.000000000000000
0.000000000000000
0.000000000000000
-0.000000000000000
0.000000000000000
0.000000000000000
0.000000000000000
0.000000000000000
-0.000000000000000
-0.000000000000000
0.000000000000000
0.000000000000000
-0.000000000000000
-0.000000000000000
0.000000000000000
0.000000000000000
0.000000000000000
1.000000000000000
1.000000000000000
0.999999999999999
1.000000000000000
1.000000000000000
0.999999999999999
0.999999999999999
0.999999999999999
0.999999999999999
0.999999999999999
0.999999999999999
0.999999999999999
0.999999999999999
1.000000000000000
1.000000000000000
1.000000000000000
1.000000000000000
1.000000000000000
2.000000000000000
2.000000000000000
2.000000000000000
2.000000000000000
2.000000000000000
2.000000000000000
2.000000000000000
2.000000000000000
2.000000000000000
2.000000000000000
2.000000000000000
2.000000000000000
2.000000000000000
2.000000000000000
2.000000000000000
2.000000000000000
2.000000000000000
2.000000000000000
3.000000000000000
3.000000000000000
3.000000000000000
3.000000000000000
3.000000000000000
3.000000000000000
3.000000000000000
3.000000000000000
3.000000000000000
3.000000000000000
3.000000000000000
3.000000000000000
3.000000000000000
3.000000000000000
3.000000000000000
3.000000000000000
3.000000000000000
3.000000000000000
4.000000000000000
4.000000000000000
4.000000000000000
4.000000000000000
4.000000000000000
4.000000000000000
4.000000000000000
4.000000000000000
4.000000000000000
4.000000000000000
4.000000000000000
4.000000000000000
4.000000000000000
4.000000000000000
4.000000000000000
4.000000000000000
4.000000000000000
4.000000000000000
5.000000000000000
5.000000000000000
5.000000000000000
5.000000000000000
5.000000000000000
5.000000000000000
5.000000000000000
5.000000000000000
5.000000000000000
5.000000000000000
5.000000000000000
5.000000000000000
5.000000000000000
5.000000000000000
5.000000000000000
5.000000000000000
5.000000000000000
5.000000000000000
6.000000000000000
6.000000000000000
6.000000000000000
6.000000000000000
6.000000000000000
6.000000000000000
6.000000000000000
6.000000000000000
6.000000000000000
6.000000000000000
6.000000000000000
6.000000000000000
6.000000000000000
6.000000000000000
6.000000000000000
6.000000000000000
6.000000000000000
6.000000000000000
7.000000000000000
7.000000000000000
7.000000000000000
7.000000000000000
7.000000000000000
7.000000000000000
7.000000000000000
7.000000000000000
7.000000000000000
7.000000000000000
7.000000000000000
7.000000000000000
7.000000000000000
7.000000000000000
7.000000000000000
7.000000000000000
7.000000000000000
7.000000000000000
8.000000000000000
8.000000000000000
8.000000000000000
8.000000000000000
8.000000000000000
8.000000000000000
8.000000000000000
8.000000000000000
8.000000000000000
8.000000000000000
8.000000000000000
8.000000000000000
8.000000000000000
8.000000000000000
8.000000000000000
8.000000000000000
8.000000000000000
8.000000000000000
9.000000000000000
9.000000000000000
9.000000000000000
9.000000000000000
9.000000000000000
9.000000000000000
9.000000000000000
9.000000000000000
9.000000000000000
9.000000000000000
9.000000000000000
9.000000000000000
9.000000000000000
9.000000000000000
9.000000000000000
9.000000000000000
9.000000000000000
9.000000000000000
10.000000000000000
10.000000000000000
10.000000000000000
10.000000000000000
10.000000000000000
10.000000000000000
10.000000000000000
10.000000000000000
10.000000000000000
10.000000000000000
10.000000000000000
10.000000000000000
10.000000000000000
10.000000000000000
10.000000000000000
10.000000000000000
10.000000000000000
10.000000000000000
11.000000000000000
11.000000000000000
11.000000000000000
11.000000000000000
11.000000000000000
11.000000000000000
11.000000000000000
11.000000000000000
11.000000000000000
11.000000000000000
11.000000000000000
11.000000000000000
11.000000000000000
11.000000000000000
11.000000000000000
11.000000000000000
11.000000000000000
11.000000000000000
12.000000000000000
12.000000000000000
12.000000000000000
12.000000000000000
12.000000000000000
12.000000000000000
12.000000000000000
12.000000000000000
12.000000000000000
12.000000000000000
12.000000000000000
12.000000000000000
12.000000000000000
12.000000000000000
12.000000000000000
12.000000000000000
12.000000000000000
12.000000000000000
13.000000000000000
13.000000000000000
13.000000000000000
13.000000000000000
13.000000000000000
13.000000000000000
13.000000000000000
13.000000000000000
13.000000000000000
12.000000000000000
13.000000000000000
12.000000000000000
13.000000000000000
12.000000000000000
13.000000000000000
13.000000000000000
13.000000000000000
13.000000000000000
13.000000000000000
13.000000000000000
13.000000000000000
13.000000000000000
13.000000000000000
13.000000000000000
14.000000000000000
14.000000000000000
14.000000000000000
14.000000000000000
14.000000000000000
14.000000000000000
14.000000000000000
14.000000000000000
14.000000000000000
14.000000000000000
14.000000000000000
14.000000000000000
14.000000000000000
14.000000000000000
14.000000000000000
14.000000000000000
14.000000000000000
14.000000000000000
14.000000000000000
14.000000000000000
14.000000000000000
15.000000000000000
15.000000000000000
15.000000000000000
15.000000000000000
15.000000000000000
15.000000000000000
15.000000000000000
15.000000000000000
15.000000000000000
15.000000000000000
15.000000000000000
15.000000000000000
15.000000000000000
15.000000000000000
15.000000000000000
15.000000000000000
15.000000000000000
15.000000000000000
15.000000000000000
15.000000000000000
15.000000000000000
16.000000000000000
16.000000000000000
16.000000000000000
16.000000000000000
16.000000000000000
16.000000000000000
16.000000000000000
16.000000000000000
16.000000000000000
16.000000000000000
16.000000000000000
16.000000000000000
16.000000000000000
16.000000000000000
16.000000000000000
16.000000000000000
16.000000000000000
16.000000000000000
16.000000000000000
16.000000000000000
16.000000000000000
17.000000000000000
17.000000000000000
17.000000000000000
17.000000000000000
17.000000000000000
17.000000000000000
17.000000000000000
17.000000000000000
17.000000000000000
17.000000000000000
17.000000000000000
17.000000000000000
17.000000000000000
17.000000000000000
17.000000000000000
17.000000000000000
17.000000000000000
17.000000000000000
17.000000000000000
17.000000000000000
17.000000000000000
18.000000000000000
18.000000000000000
18.000000000000000
18.000000000000000
18.000000000000000
18.000000000000000
18.000000000000000
18.000000000000000
18.000000000000000
18.000000000000000
18.000000000000000
18.000000000000000
18.000000000000000
18.000000000000000
18.000000000000000
18.000000000000000
18.000000000000000
18.000000000000000
18.000000000000000
18.000000000000000
18.000000000000000
19.000000000000000
19.000000000000000
19.000000000000000
19.000000000000000
19.000000000000000
19.000000000000000
19.000000000000000
19.000000000000000
19.000000000000000
19.000000000000000
19.000000000000000
19.000000000000000
19.000000000000000
19.000000000000000
19.000000000000000
19.000000000000000
19.000000000000000
19.000000000000000
19.000000000000000
19.000000000000000
19.000000000000000
20.000000000000000
20.000000000000000
20.000000000000000
20.000000000000000
20.000000000000000
20.000000000000000
20.000000000000000
20.000000000000000
20.000000000000000
20.000000000000000
20.000000000000000
20.000000000000000
20.000000000000000
20.000000000000000
20.000000000000000
20.000000000000000
20.000000000000000
20.000000000000000
20.000000000000000
20.000000000000000
20.000000000000000
-11.228522746096900
-11.000000000000000
-11.227091655617500
-11.000000000000000
11.235378008835800
11.000000000000000
11.232619211640600
11.000000000000000
8.998800729336489
8.999566114185511
9.333130560980900
9.331940219627031
9.003184633303659
9.004568958999281
9.338470917805539
9.329717996922961
8.999933044998730
9.333282640245230
9.005207205156220
9.341078525797689
8.999980092931681
9.333320660061309
9.005349875926310
9.341601847114410
9.666203502437931
9.665061631313151
9.681702028350600
9.685291255168799
9.666538690637660
9.681352658960680
9.666634895183419
9.681334381613899
10.000093044224901
10.000027863737200
10.020837264411700
10.015256991782200
9.999997287326391
10.022755394413901
10.000013563368100
10.023590546516200
9.005833851511660
9.007900768524919
9.342584262681481
9.332336219832500
9.008868644731200
9.345929614435580
9.009011265498801
9.346695370185749
9.691092909446599
9.693834238361131
9.691345490650900
9.691229000020140
10.033305301411600
10.024887693503500
10.036490631339900
10.037274315900500
9.006570840530779
9.009053179375259
9.341648717959471
9.330632470460500
9.009997655155280
9.344412071553061
9.009741247847611
9.345862331456599
9.697114489158780
9.700028447572210
9.697858277407629
9.696034437847061
10.038151530983299
10.029078341458000
10.041097611241200
10.039755737612399
8.999994231153419
9.333330165015330
9.005127986265970
9.340943682768550
8.999998359768480
9.333332541253830
9.004407477477860
9.338187782390900
8.998525966674380
9.331958269008251
9.002590299581300
9.328975147151329
9.666659669522881
9.681007620153910
9.666665376336489
9.681090206771580
9.664874404493620
9.684430943890041
10.000006951226100
10.022405525180700
10.000002627902600
10.019856758203501
9.997995976396000
10.013061791310200
9.008684418217110
9.345675979089290
9.007482049650360
9.342032623514120
9.004920534798600
9.331302857426980
9.690955092913700
9.690275623154170
9.692529050481820
10.036027896880100
10.032166782544600
10.022745865797299
9.009793873557010
9.344139638412740
9.008586344673990
9.341062264479460
9.005702209338340
9.329621296054899
9.697506198327780
9.696320144043399
9.698784336711711
10.040679200085600
10.037143765298200
10.027391737036501
10.334244791666700
10.346372122358501
10.366656278701400
10.355048186710800
10.333561197916699
10.370596225987001
10.333390299479200
10.373990400038499
10.723441129999900
10.724132018443500
10.732037962721201
10.738067170958400
10.725260233928200
10.732301846464701
10.740889024032800
10.746287254963400
11.116837187430200
11.166470712420301
11.080049530600300
11.114274399432601
11.110607098332499
11.073707683643599
11.191084308095601
11.133117447864199
10.382898042356899
10.366842641053699
10.388346024523100
10.391605751665900
10.751497562627000
10.758371926015800
10.751340533473600
10.762780936640700
11.105039092442100
11.143713490042900
11.098155578406301
11.153110755195300
10.389047705846000
10.372187591083900
10.393684002647300
10.394877054431200
10.777295563332199
10.789756580053901
10.776700825209900
10.781177505633700
11.167191676100600
11.157628024024101
11.208369261674500
10.333347574869800
10.370406353915801
10.333336893717400
10.365258954385300
10.341723395114601
10.351574979841100
10.727523493656401
10.732791938464599
10.722795367292600
10.730511832035999
10.716584569005400
10.733241213064300
11.124109700927500
11.075755029566800
11.119626235009701
11.078957624801401
11.157315484613100
11.108154426739301
10.387872576813001
10.381446893159801
10.364060552645000
10.750951669846300
10.749772226541101
10.754853204717801
11.097859270608000
11.103114752006700
11.139443124564499
10.393185156710000
10.387813956292099
10.370168764553100
10.776151900558601
10.775829083485901
10.787387629776200
11.157030725666900
11.165553392652001
6.999933340234930
6.999978638284870
7.333326690524450
7.333237782257180
7.000203290426900
7.000244867996090
7.331338698203120
7.324506702192070
6.999997950718190
7.333331672631110
7.000246397163330
7.333052494759170
6.999999383885660
7.333332918157780
7.000264196060610
7.333380865141250
7.666612996208730
7.666485101192330
7.669825643229190
7.676296638637660
7.666656924035290
7.668226028857150
7.666663211161450
7.667897240146160
7.999897659426800
7.999695843739140
8.001068911431011
8.000780117090679
7.999987801725480
8.001193052259501
7.999996335786070
8.001236627995899
7.000314447468580
7.000430666074100
7.330544952055000
7.323100992787510
7.000473872612590
7.332481897877750
7.000475570262890
7.333000914406950
7.671343760436140
7.678341292870120
7.669610888321100
7.669107491144110
8.001863589081800
8.001388618947830
8.002080741025020
8.002109214822740
7.000347684579980
7.000495090063260
7.327869513836580
7.320063291032740
7.000542086216160
7.329243969602220
7.000519797189990
7.330851199576490
7.674287730735180
7.681598027415840
7.673116576842490
7.671478719118220
8.002141503010700
8.001558222238399
8.002356071308039
8.002291713510511
6.999999820022940
7.333333229539440
7.000255111602350
7.333062411845350
6.999999948518620
7.333333307384860
7.000201421028060
7.331281143663750
6.999906340545450
7.333275157667320
7.000057119182790
7.324166522876280
7.666665509413190
7.668128722193020
7.666666294405170
7.669719769923610
7.666580113984030
7.676490394508870
7.999998930285190
8.001185465882260
7.999999694155970
8.001001354630370
7.999628817563800
8.000522868582920
7.000440921483620
7.332440823346810
7.000336082307890
7.330419378027220
7.000101440313740
7.322784562253070
7.669530272743230
7.671198618779180
7.678182697911580
8.002008171507210
8.001674093108480
8.000936997027440
7.000496732316500
7.329180097215630
7.000386830588200
7.327734084084610
7.000137493906110
7.319763606441740
7.673041977138080
7.674108211519500
7.681335795499910
8.002261652684330
8.001914460802981
8.001104857171830
8.333293996033850
8.332902623210430
8.332686066763269
8.325486243011881
8.333323499008459
8.334583672952460
8.333330874752111
8.334958032975800
8.666400121425889
8.665893246764780
8.672001680914690
8.677886100389721
8.666611393145571
8.670710518975350
8.666647256874009
8.670446738735629
8.332864886488061
8.324903876876091
8.335083344582380
8.335652292675420
8.675138063408410
8.681314070213530
8.673846047093670
8.673426435028320
8.330542802102601
8.322115495320840
8.332188517048650
8.333772013300820
8.678708202674560
8.685091401674891
8.677962283579349
8.676312015319390
8.333332718688030
8.334574251232659
8.333333179672010
8.332607420264070
8.333039380910520
8.325110108606770
8.666660218345530
8.670576072080380
8.666664606113169
8.671850341451320
8.666216648771620
8.677922820268600
8.334992040920550
8.332633873198469
8.324381251268740
8.673690258773080
8.674834832295360
8.680849312462540
8.332062509525571
8.330267056366621
8.321567142664820
8.677803271573710
8.678344224198320
8.684505194982970
4.999997130815160
4.999999136849630
5.333333148564220
5.333329248083500
5.000032329292920
4.999999496520210
5.330943048867110
5.324210286565960
4.999999943029260
5.333333287141060
4.999968388397690
5.332607619693990
4.999999982870300
5.333333321785260
4.999982838236330
5.332926955497320
5.666664799972870
5.666658569137120
5.669189238515910
5.675821613055580
5.666666394527340
5.667504880144820
5.666666570052240
5.667160104347110
5.999995668616180
5.999985991446980
6.000049621413340
6.000067900589190
5.999999658199340
6.000024395010510
5.999999897229710
6.000038234378280
5.000001386468020
5.000009430528510
5.329869639164690
5.322576265574080
5.000004416578020
5.331730210833060
5.000005296853100
5.332241246087290
5.670240317350360
5.677470019384840
5.668386112329260
5.667864762549110
6.000094563474970
6.000063730331390
6.000098387534550
6.000097585203440
4.999998926498960
5.000011777299660
5.327094206604450
5.319470143820540
5.000014363364830
5.328395412921790
5.000012924247540
5.330017804423850
5.673003460766670
5.680579619751730
5.671715852476500
5.670086479390050
6.000108750008760
6.000067763715270
6.000119505723240
6.000111468365620
4.999999994995820
5.333333330446320
4.999993777685820
5.332634055514440
4.999999998568520
5.333333332611580
4.999993383673840
5.330917624031650
4.999993521126160
5.333330829929220
4.999991987581120
5.323924279993790
5.666666634285660
5.667429012330040
5.666666656243930
5.669125047144530
5.666663168859390
5.676117135472920
5.999999969977400
6.000043413707750
5.999999991411840
6.000028890973630
5.999975679125000
5.999992124996690
5.000005074063110
5.331728769737700
4.999997397574590
5.329835010632060
4.999978189651720
5.322439632819150
5.668354954864520
5.670213270032300
5.677557744017740
6.000087425788170
6.000054985746300
5.999982531905250
5.000009213240530
5.328381261453500
4.999999975262040
5.327076253214740
4.999980754025520
5.319386569003530
5.671704239740980
5.672971647722530
5.680597184472610
6.000100924711080
6.000066274319970
5.999991836445450
6.333332224845510
6.333313311868960
6.331023357607530
6.324270690436820
6.333333056211380
6.332696360581340
6.333333264052840
6.333015793622720
6.666656571661930
6.666627672728500
6.669313868656120
6.675916552062350
6.666665034607620
6.667645018117440
6.666666087303200
6.667301373071260
6.330005036106130
6.322682335587390
6.331879579452100
6.332389502282400
6.670455942142750
6.677638819636080
6.668623115318900
6.668101718355470
6.327249628343020
6.319588393473870
6.328563794342060
6.330179931106190
6.673253472376890
6.680777325564010
6.671986162687500
6.670351715816180
6.333333316013210
6.332715658601840
6.333333329003300
6.330982253540940
6.333321460508190
6.323956343468620
6.666666472501500
6.667560122527390
6.666666604172520
6.669229286165410
6.666649542853080
6.676166945783990
6.331863663358510
6.329937425099200
6.322483127569760
6.668573834182790
6.670385462250410
6.677639134453050
6.328532454324590
6.327192247935530
6.319434803848980
6.671952370866490
6.673170343320370
6.680700076504870
2.999999886192960
2.999999967072480
3.333333328200800
3.333333172290010
3.000027436200920
2.999990630709170
3.330924270475240
3.324196943998510
2.999999998417470
3.333333332050200
2.999958221807860
3.332586747544700
2.999999999524170
3.333333333012550
2.999973494123270
3.332907034243600
3.666666604629490
3.666666339124630
3.669154317289270
3.675796088273150
3.666666659106870
3.667466262304160
3.666666663982780
3.667122573459660
3.999999830395310
3.999999423908800
3.999990389759610
4.000026537192720
3.999999990504810
3.999958126803660
3.999999997145030
3.999973132403610
2.999993118989880
2.999995117649650
3.329839048607570
3.322554585240980
2.999988091513460
3.331696116378480
2.999990444890440
3.332209053877770
3.670181778098750
3.677425495586400
3.668321810527510
3.667803013443940
3.999994542047360
3.999991672983520
3.999987689287840
3.999989622027930
2.999990405676700
2.999996118152770
3.327060527845640
3.319447436160810
2.999996862033980
3.328358430859920
2.999997748393830
3.329984037427340
3.672936968180680
3.680529769881730
3.671643978861640
3.670018923141650
3.999995319395780
3.999988738552200
3.999996199707890
3.999996642206070
2.999999999860990
3.333333333253140
2.999987342814080
3.332617981771150
2.999999999960240
3.333333333313280
2.999992990605640
3.330909259719870
2.999999514722520
3.333333211054010
3.000005558166520
3.323928863683520
3.666666665767140
3.667397207841720
3.666666666377130
3.669105503155160
3.666666505421680
3.676121271929290
3.999999999165960
3.999986266477630
3.999999999761420
3.999990517793310
3.999998239205420
3.999999897469550
2.999995291928140
3.331703560028210
2.999997789289690
3.329823657636380
2.999998543410570
3.322451684271060
3.668302869664330
3.670182232110100
3.677563517529590
3.999993174863680
3.999993417357840
3.999989866456650
2.999999154382310
3.328354452471640
3.000000039981800
3.327064158187170
2.999999697562040
3.319399500258730
3.671646652225870
3.672935614700160
3.680599690039170
3.999996546438450
3.999995236931100
3.999991235630270
4.333333302538150
4.333332515799050
4.330925400810700
4.324197210046520
4.333333325634540
4.332588144115710
4.333333331408630
4.332908110955740
4.666666324989890
4.666665023209870
4.669158336344690
4.675798462983040
4.666666621308090
4.667470854440570
4.666666650563420
4.667126726009520
4.329840586176630
4.322554639371510
4.331698124580170
4.332210441587370
4.670188217358900
4.677429359827910
4.668329093161150
4.667809488088640
4.327061882573780
4.319447056920350
4.328360156061830
4.329985062445950
4.672943840807050
4.680533928716040
4.671651742830720
4.670025582779150
4.333333332852160
4.332618064213250
4.333333333213040
4.330907551960850
4.333332788216010
4.323924321348260
4.666666661269520
4.667399854123100
4.666666664929430
4.669105160094340
4.666665927852930
4.676115504153390
4.331703170528640
4.329820100606170
4.322443030728040
4.668306731409800
4.670181146213500
4.677554103573770
4.328353450701490
4.327059902585410
4.319390125056560
4.671650444595840
4.672934335128250
4.680590224238400
0.999999995727177
0.999999998795683
1.333333333190760
1.333333327315000
1.000028236419260
0.999991356555202
1.330925200290070
1.324198009627950
0.999999999956040
1.333333333297690
0.999958972302366
1.332587723126390
0.999999999986782
1.333333333324420
0.999974390701607
1.332908202586890
1.666666664660590
1.666666654199930
1.669155395272310
1.675797417713070
1.666666666456670
1.667467315496050
1.666666666592110
1.667123886745310
1.999999993673860
1.999999977820700
1.999991187254580
2.000028070961960
1.999999999736240
1.999958786731360
1.999999999920690
1.999974166552450
0.999994438799682
0.999996350945983
1.329840704510830
1.322556360539450
0.999989418308161
1.331697850352210
0.999992008108307
1.332211140760430
1.670183676475810
1.677427803581530
1.668323754933260
1.667805437945670
1.999996064515530
1.999994167960170
1.999989095345950
1.999991619642080
0.999991778551191
0.999997527245606
1.327062460451360
1.319449438949960
0.999998398919743
1.328360526031530
0.999999516777099
1.329986484368650
1.672939255429490
1.680532319943330
1.671646378934770
1.670021818572820
1.999997202440630
1.999991499776640
1.999998027788970
1.999999080711600
0.999999999996138
1.333333333331110
0.999988526893470
1.332619548390140
0.999999999998894
1.333333333332780
0.999994716868808
1.330911471151150
0.999999962331149
1.333333326716020
1.000008509459550
1.323932086567760
1.666666666641680
1.667399155979130
1.666666666658620
1.669108601237780
1.666666658300750
1.676126325567900
1.999999999976830
1.999988232384410
1.999999999993370
1.999994294480210
1.999999865096810
2.000007797444970
0.999997376045857
1.331706366351970
1.000000696436620
1.329827571356430
1.000003046717390
1.322457289480370
1.668306380536310
1.670187534091420
1.677571728921600
1.999996862824990
1.999999989657390
2.000001971213820
1.000001550580820
1.328357762520090
1.000003191251330
1.327068544103960
1.000003997165490
1.319405367147230
1.671650861445120
1.672941530637190
1.680608172904080
2.000000963551500
2.000002430881780
2.000002985661390
2.333333332477910
2.333333302025880
2.330924946073510
2.324197753393590
2.333333333119480
2.332587447306650
2.333333333279870
2.332907873537120
2.666666655478680
2.666666602360120
2.669155007715960
2.675797001277300
2.666666665406700
2.667466906637150
2.666666666219350
2.667123408683480
2.329840271336980
2.322555938734420
2.331697371435860
2.332210567740940
2.670183013347600
2.677427131680850
2.668323044706930
2.667804591023030
2.327061964229000
2.319448988648420
2.328359967088780
2.329985825488390
2.672938496061620
2.680531575399760
2.671645540354750
2.670020837910280
2.333333333319970
2.332619125537250
2.333333333329990
2.330910897566960
2.333333305187570
2.323931287788820
2.666666666516740
2.667398525823760
2.666666666618410
2.669107708455660
2.666666630407180
2.676124977770050
2.331705620635230
2.329826576160020
2.322455913675990
2.668305282077500
2.670186028203300
2.677569590169390
2.328356901180620
2.327067440198320
2.319403959654520
2.671649574606510
2.672939877140130
2.680605968279100
-1.000000000154120
-1.000000000042640
-0.666666666670626
-0.666666666882972
-0.999971708199722
-1.000008579625250
-0.669074707366596
-0.675801908870198
-1.000000000001220
-0.666666666667656
-1.000040952268850
-0.667412167848890
-1.000000000000370
-0.666666666666914
-1.000025515302750
-0.667091662040867
-0.333333333396913
-0.333333333787597
-0.330844463140057
-0.324202450530806
-0.333333333339166
-0.332532521980056
-0.333333333335404
-0.332875915218263
-0.000000000227422
-0.000000000815020
-0.000008596557315
0.000028277053383
-0.000000000007327
-0.000040972143800
-0.000000000002203
-0.000025539674203
-1.000005469214780
-1.000003539830020
-0.670159136982171
-0.677443503893485
-1.000010450219120
-0.668301960151792
-1.000007828802960
-0.667788623607365
-0.329816081351630
-0.322571982819326
-0.331675963054515
-0.332194212857303
-0.000003569059532
-0.000005494436955
-0.000010484883235
-0.000007871180755
-1.000008124920380
-1.000002347020170
-0.672937355200283
-0.680550413237130
-1.000001449335040
-0.671639252185378
-1.000000300227830
-0.670013245021520
-0.327060462471924
-0.319467439349807
-0.328353290067958
-0.329977778883589
-0.000002380967283
-0.000008152146270
-0.000001489478162
-0.000000347883119
-1.000000000000110
-0.666666666666728
-1.000011348928870
-0.667380276099371
-1.000000000000030
-0.666666666666681
-1.000005106070320
-0.669088291619492
-1.000000002943370
-0.666666667049671
-0.999991189026619
-0.676067585842966
-0.333333333334027
-0.332600580936094
-0.333333333333556
-0.330891027112145
-0.333333333805362
-0.323873115343131
-0.000000000000644
-0.000011380372632
-0.000000000000184
-0.000005149650902
-0.000000010533047
0.000008738027842
-1.000002407530650
-0.668293323309957
-0.999999006368920
-0.670172015530375
-0.999996500629712
-0.677542140848723
-0.331693161617746
-0.329811840748141
-0.322427390746250
-0.000002462418129
0.000000920136429
0.000003389565121
-0.999998201490624
-0.671641879136940
-0.999996488885123
-0.672930995998211
-0.999995580691970
-0.680594050959885
-0.328348604485982
-0.327057783048619
-0.319390923394489
0.000001735391844
0.000003431840420
0.000004317710184
0.333333333309571
0.333333332187547
0.330925271404004
0.324198072773856
0.333333333327393
0.332587806423356
0.333333333331848
0.332908305596805
0.666666666308752
0.666666664275779
0.669155505789429
0.675797522355302
0.666666666631667
0.667467440737161
0.666666666654241
0.667124038141602
0.329840826505540
0.322556465868525
0.331697995200322
0.332211320029267
0.670183865523817
0.677427972975440
0.668323972229783
0.667805705005121
0.327062602371518
0.319449553260716
0.328360695563019
0.329986690285084
0.672939475392999
0.680532510581878
0.671646634085120
0.670022126519014
0.333333333332962
0.332619681777049
0.333333333333240
0.330911651516819
0.333333331751382
0.323932335403707
0.666666666662502
0.667399356429931
0.666666666665325
0.669108883685161
0.666666664695627
0.676126749551838
0.331706602192508
0.329827885052236
0.322457721853304
0.668306729340754
0.670188009368889
0.677572396148037
0.328358034860865
0.327068893372196
0.319405808363062
0.671651268607916
0.672942052435136
0.680608858591153
-3.000000000005390
-3.000000000001470
-2.666666666666780
-2.666666666674210
-2.999971564101180
-3.000008458979420
-2.669074618976980
-2.675801807620810
-3.000000000000030
-2.666666666666690
-3.000040829784200
-2.667412076942870
-3.000000000000010
-2.666666666666670
-3.000025372850210
-2.667091565242510
-2.333333333335320
-2.333333333349350
-2.330844402725310
-2.324202385996930
-2.333333333333500
-2.332532461290900
-2.333333333333390
-2.332875849490000
-2.000000000007940
-2.000000000028920
-2.000008551448800
-1.999971677094200
-2.000000000000200
-2.000040925288520
-2.000000000000060
-2.000025487117360
-3.000005178550680
-3.000003316350550
-2.670158974184670
-2.677443322103820
-3.000010221637480
-2.668301802686760
-3.000007578441490
-2.667788451348570
-2.329815975916310
-2.322571866876240
-2.331675857743500
-2.332194099332020
-2.000003490567890
-2.000005411414230
-2.000010403416240
-2.000007779955580
-3.000007768677090
-3.000002063158480
-2.672937164169900
-2.680550190407490
-3.000001182222660
-2.671639064651170
-3.000000008399780
-2.670013044206450
-2.327060337159440
-2.319467305069930
-2.328353169361440
-2.329977647847100
-2.000002288861520
-2.000008057924320
-2.000001396259960
-2.000000244839240
-3.000000000000000
-2.666666666666670
-3.000011188962910
-2.667380169063930
-3.000000000000000
-2.666666666666670
-3.000004931164650
-2.669088181347700
-3.000000000228300
-2.666666666689700
-2.999991016732650
-2.676067475129930
-2.333333333333350
-2.332600508548810
-2.333333333333340
-2.330890946931350
-2.333333333361330
-2.323873025275930
-2.000000000000020
-2.000011318723300
-2.000000000000000
-2.000005074291410
-2.000000000820880
-1.999991157442170
-3.000002117643240
-2.668293137242460
-2.999998705254640
-2.670171821582340
-2.999996187729890
-2.677541956469480
-2.331693035136990
-2.329811706462250
-2.322427246897970
-2.000002354891980
-1.999998953190390
-1.999996448242710
-2.999997857213030
-2.671641655298490
-2.999996152799630
-2.672930784971610
-2.999995278568010
-2.680593848685350
-2.328348458453880
-2.327057636780070
-2.319390786563030
-1.999998140001760
-1.999996432300320
-1.999995537059030
-1.666666666667330
-1.666666666707200
-1.669074688023480
-1.675801888611490
-1.666666666666830
-1.667412147708780
-1.666666666666710
-1.667091640393360
-1.333333333344580
-1.333333333418940
-1.330844446781180
-1.324202435605340
-1.333333333334300
-1.332532503843290
-1.333333333333680
-1.332875894223690
-1.670159102209710
-1.677443469146620
-1.668301925164290
-1.667788585323710
-1.329816052820520
-1.322571956245620
-1.331675931237220
-1.332194176052910
-1.672937313769460
-1.680550370774040
-1.671639210983470
-1.670013200694270
-1.327060428088220
-1.319467408552810
-1.328353252836930
-1.329977736145180
-1.666666666666680
-1.667380251985970
-1.666666666666670
-1.669088265566790
-1.666666666760270
-1.676067557012960
-1.333333333333450
-1.332600555702680
-1.333333333333370
-1.330890995050480
-1.333333333447770
-1.323873071835910
-1.668293280731760
-1.670171968897680
-1.677542092564450
-1.331693117031340
-1.329811786416500
-1.322427320847220
-1.671641828374490
-1.672930943960510
-1.680593998647410
-1.328348552400160
-1.327057722371620
-1.319390853038930
-5.000000000000180
-5.000000000000050
-4.666666666666670
-4.666666666666920
-4.999983179851670
-5.000020506820200
-4.669080549836710
-4.675807618624210
-5.000000000000000
-4.666666666666670
-5.000052700395500
-4.667417841857220
-5.000000000000000
-4.666666666666670
-5.000036523424480
-4.667096881618740
-4.333333333333390
-4.333333333333880
-4.330846864875040
-4.324204733672430
-4.333333333333340
-4.332534837347430
-4.333333333333330
-4.332877992646230
-4.000000000000270
-4.000000000001000
-4.000009384810220
-3.999972396673080
-4.000000000000010
-4.000041694987850
-4.000000000000000
-4.000026104524150
-5.000023084698690
-5.000022664885840
-4.670168388056700
-4.677451998015080
-5.000029715522640
-4.668311142250500
-5.000025890738090
-4.667797121014180
-4.329819689423060
-4.322575098559400
-4.331679608756680
-4.332197440194160
-4.000004659272620
-4.000006349459750
-4.000011532004440
-4.000008706978470
-5.000025650008660
-5.000023070451090
-4.672947185080070
-4.680559095669690
-5.000022542252880
-4.671649281675160
-5.000019367450860
-4.670022320751320
-4.327064081153120
-4.319470083649150
-4.328357006845090
-4.329981028019080
-4.000003368382120
-4.000008680874280
-4.000002532771200
-4.000001140046860
-5.000000000000000
-4.666666666666670
-5.000021220579990
-4.667384867435630
-5.000000000000000
-4.666666666666670
-5.000013410111100
-4.669092063534250
-5.000000000017490
-4.666666666668080
-4.999997289451180
-4.676070357725530
-4.333333333333330
-4.332602275422570
-4.333333333333330
-4.330892274029010
-4.333333333335040
-4.323873825400400
-4.000000000000000
-4.000011743989120
-4.000000000000000
-4.000005293059920
-4.000000000063290
-3.999991147289390
-5.000018616870910
-4.668300714547880
-5.000012221348090
-4.670177912861460
-5.000005379160520
-4.677545998046570
-4.331695773916190
-4.329813602806940
-4.322428089101960
-4.000002920831340
-3.999999149558990
-3.999996226792780
-5.000015844865460
-4.671649853166570
-5.000011168661200
-4.672937389549180
-5.000004790214700
-4.680598089429560
-4.328351170420620
-4.327059565644090
-4.319391408440470
-3.999998627774170
-3.999996571218670
-3.999995227854630
-3.666666666666690
-3.666666666668060
-3.669074809972090
-3.675802024846010
-3.666666666666670
-3.667412236426290
-3.666666666666670
-3.667091651206710
-3.333333333333680
-3.333333333336310
-3.330844359801700
-3.324202315436670
-3.333333333333360
-3.332532388979350
-3.333333333333340
-3.332875745078880
-3.670159204073110
-3.677443432534720
-3.668301985864600
-3.667788534532880
-3.329815827232850
-3.322571686319820
-3.331675703475800
-3.332193886063100
-3.672937291619600
-3.680550217003440
-3.671639194004620
-3.670013073814670
-3.327060115069690
-3.319466975326760
-3.328352941095200
-3.329977374317780
-3.666666666666670
-3.667380169075770
-3.666666666666670
-3.669088093898410
-3.666666666672360
-3.676067345457740
-3.333333333333340
-3.332600360355290
-3.333333333333330
-3.330890773739020
-3.333333333340230
-3.323872817197260
-3.668293059769920
-3.670171605725890
-3.677541564251030
-3.331692754474900
-3.329811366042160
-3.322426872018730
-3.671641481578540
-3.672930480521070
-3.680593397445730
-3.328348089913250
-3.327057242602210
-3.319390347398130
-7.000000000000010
-7.000000000000000
-6.666666666666670
-6.666666666666670
-7.000193029841220
-7.000255665311470
-6.669233100622400
-6.675950696777230
-7.000000000000000
-6.666666666666670
-7.000299155614760
-6.667574799137670
-7.000000000000000
-6.666666666666670
-7.000280934534450
-6.667250899843760
-6.333333333333330
-6.333333333333350
-6.330944242552790
-6.324294376317210
-6.333333333333330
-6.332634623026760
-6.333333333333330
-6.332975299604770
-6.000000000000010
-6.000000000000030
-6.000071852606700
-6.000031664996030
-6.000000000000000
-6.000104804635470
-6.000000000000000
-6.000086966946980
-7.000364099991340
-7.000414350602980
-6.670423917479680
-6.677682696916000
-7.000444202450410
-6.668575709278270
-7.000435177029880
-6.668056177832120
-6.329981542553000
-6.322721918410800
-6.331847200799240
-6.332360487853590
-6.000108019974970
-6.000100765859630
-6.000117285498730
-6.000110469126400
-7.000391360748300
-7.000467609983130
-6.673239356520670
-6.680816600668130
-7.000487526558930
-6.671950099773140
-7.000461010334970
-6.670311683047160
-6.327247910724910
-6.319629702737590
-6.328546012072770
-6.330159834187010
-6.000119229495520
-6.000108065268790
-6.000120681366460
-6.000110168147560
-7.000000000000000
-6.666666666666670
-7.000251238462730
-6.667529599452440
-7.000000000000000
-6.666666666666670
-7.000211362584790
-6.669217236536790
-7.000000000001320
-6.666666666666750
-7.000124108573640
-6.676162238461530
-6.333333333333330
-6.332693145873870
-6.333333333333330
-6.330970755744020
-6.333333333333440
-6.323931776491670
-6.000000000000000
-6.000068232769100
-6.000000000000000
-6.000053956906480
-6.000000000004810
-6.000025824905770
-7.000405559729130
-6.668544464901960
-7.000338252166720
-6.670386343002090
-7.000209976583110
-6.677691470047320
-6.331848097669440
-6.329942655138790
-6.322518998581040
-6.000097804837730
-6.000079213942750
-6.000049866581720
-7.000450190702780
-6.671926967223380
-7.000383242596800
-6.673177727792970
-7.000232694145000
-6.680766678521590
-6.328523154147050
-6.327207229512710
-6.319491962039330
-6.000104664264110
-6.000087563122700
-6.000053532631460
-5.666666666666670
-5.666666666666710
-5.669113235612990
-5.675838998312120
-5.666666666666670
-5.667450469573510
-5.666666666666670
-5.667128303878000
-5.333333333333340
-5.333333333333430
-5.330866246311550
-5.324223142640850
-5.333333333333330
-5.332554319595520
-5.333333333333330
-5.332896641231900
-5.670222525756030
-5.677502818813920
-5.668366034738160
-5.667849777454210
-5.329851506264090
-5.322604475125770
-5.331711982858190
-5.332228406828080
-5.673008450185640
-5.680614149247660
-5.671711283383990
-5.670080661098090
-5.327099403638500
-5.319501012026430
-5.328393023397490
-5.330014534753420
-5.666666666666670
-5.667414076700850
-5.666666666666670
-5.669117582114240
-5.666666666667020
-5.676089821245620
-5.333333333333330
-5.332619477387940
-5.333333333333330
-5.330907041792070
-5.333333333333760
-5.323885074372610
-5.668349886775780
-5.670220047442510
-5.677577150836270
-5.331724326809050
-5.329837744593020
-5.322445498571180
-5.671705366230310
-5.672985743066110
-5.680632771319990
-5.328382948663190
-5.327086730032420
-5.319410253431740
-8.999498456790120
-8.999874614197530
-8.666666666666661
-8.666512345679010
-9.002564426048639
-9.003852788508350
-8.671555541617341
-8.677708030683929
-9.000000000000000
-8.666666666666670
-9.004463851580200
-8.670180685916350
-9.000000000000000
-8.666666666666670
-9.004571449759810
-8.669925582268631
-8.333333333333330
-8.333294753086420
-8.332395016871519
-8.325448845826999
-8.333333333333330
-8.334251451905921
-8.333333333333330
-8.334634609422929
-8.000000000000000
-8.000000000000000
-8.000990643237751
-8.000771252879380
-8.000000000000000
-8.001114133522220
-8.000000000000000
-8.001113402191390
-9.004881582376440
-9.006699119188511
-8.674411809832129
-8.680804585209930
-9.007588643373330
-8.673033297589431
-9.007734359291000
-8.672612924331650
-8.332440167827199
-8.324670831105720
-8.334588921840560
-8.335153211021670
-8.001653567045540
-8.001329242301320
-8.001819846433911
-8.001832578793209
-9.005678849074240
-9.007829192853411
-8.677929623390281
-8.684516480743421
-9.008664789023920
-8.677091906215550
-9.008455822341251
-8.675443540621350
-8.330089253497571
-8.321842551298269
-8.331658646065851
-8.333243101189611
-8.001888953153109
-8.001465563286850
-8.002041206667370
-8.001978169310370
-9.000000000000000
-8.666666666666670
-9.004382783812860
-8.670111066039549
-9.000000000000000
-8.666666666666670
-9.003795100668061
-8.671500420140029
-8.999428434390939
-8.666666666666670
-9.002340138961911
-8.677847316818610
-8.333333333333330
-8.334291770416961
-8.333333333333330
-8.332401568949511
-8.333333333333339
-8.325071211322321
-8.000000000000000
-8.001054284400720
-8.000000000000000
-8.000923749571861
-8.000000000000361
-8.000609931381829
-9.007494272738020
-8.672950709071021
-9.006492854153169
-8.674250688007570
-9.004333435205440
-8.680538361931379
-8.334544942149460
-8.332298761213400
-8.324247437576981
-8.001756544596580
-8.001510956144170
-8.000982987319430
-9.008559511035291
-8.677001911338110
-9.007558647704620
-8.677697072596651
-9.005097276807369
-8.684121900447130
-8.331577223099540
-8.329896892532480
-8.321406454271090
-8.001973277322319
-8.001718586113240
-8.001112495569689
-7.666666666666670
-7.666666666666670
-7.669697257051660
-7.676344330738860
-7.666666666666670
-7.668076317728160
-7.666666666666670
-7.667760325295900
-7.333333333333330
-7.333333333333340
-7.331229686474570
-7.324541034032030
-7.333333333333330
-7.332943033224710
-7.333333333333330
-7.333287175490770
-7.671201156321450
-7.678331350567010
-7.669422929162380
-7.668914995524370
-7.330460013265430
-7.323122025970690
-7.332366056438440
-7.332882803142310
-7.674138825711620
-7.681556304015140
-7.672917726989730
-7.671272263051130
-7.327794411962270
-7.320075826239190
-7.329131137297300
-7.330733175050890
-7.666666666666670
-7.668019061262680
-7.666666666666670
-7.669651050461550
-7.666666666666690
-7.676479375933570
-7.333333333333330
-7.332990033907010
-7.333333333333330
-7.331230156160610
-7.333333333333360
-7.324125241474850
-7.669367573600700
-7.671101141460640
-7.678199949415360
-7.332344843104560
-7.330367748729760
-7.322810248859030
-7.672864917568530
-7.674001509910820
-7.681357043214190
-7.329082578124410
-7.327689220651700
-7.319815887120920
-11.149348712726900
-11.093460263310400
-10.665277777777799
-10.698650052122501
-11.098726291319601
-11.062967532548500
-10.710270418582500
-10.722199064039300
-11.090996186341400
-10.666319444444399
-11.056581339606399
-10.708842817620500
-11.156414110821300
-10.666579861111099
-11.111962739653499
-10.719210380214401
-10.332715473693099
-10.336232977244700
-10.356276980165800
-10.344987137794000
-10.333159722222200
-10.359950495111001
-10.333268229166700
-10.362688752984401
-9.998287336435830
-9.995001197595160
-10.015420635554300
-10.009458198175301
-10.000000000000000
-10.017701264902700
-10.000000000000000
-10.018467277963000
-11.132218899557900
-11.092574711037100
-10.739227826675901
-10.747908124044701
-11.085337795373199
-10.738181220675701
-11.139171145163500
-10.748680824338701
-10.374263883755100
-10.359102086907100
-10.379215475310600
-10.382194189588301
-10.027771552040900
-10.019881241366900
-10.030793547443000
-10.031548457624901
-11.158858436405300
-10.769408887946801
-10.783221017890300
-11.148880082536200
-10.768234988679000
-11.199761650960500
-10.772772053205200
-10.382914836077500
-10.367081321291900
-10.387121107480700
-10.388430230873301
-10.033836209380601
-10.025639081492701
-10.036510880651500
-10.035338088780501
-11.088971847255801
-10.666644965277801
-11.055757143798100
-10.708700532151500
-11.090759684381799
-10.666661241319400
-11.061508005272399
-10.710060080233299
-11.146975690798200
-10.700315418552799
-11.096720964537900
-10.722234919539099
-10.333311631944399
-10.359977127783999
-10.333326551649300
-10.356549575826200
-10.337502431641900
-10.345530728100901
-10.000000000000000
-10.017602599761799
-10.000000000000000
-10.015716556255700
-9.997053215746339
-10.009812456413201
-11.084794307494301
-10.737877242621700
-11.091400633688099
-10.738586215804601
-11.130386724058001
-10.746962309048699
-10.379064065267301
-10.373991977475800
-10.358575113440200
-10.030653189588399
-10.027558104755901
-10.019286756668899
-11.148483162612500
-10.767935070351600
-11.157937928156700
-10.768712556018500
-10.782162918001401
-10.386909412608301
-10.382428662435800
-10.366202591580100
-10.036350027031901
-10.033432194348800
-10.024802014721100
-9.666666666666670
-9.663904742959099
-9.678886042477370
-9.682330856901171
-9.666666666666670
-9.678611870860450
-9.666666666666670
-9.678659620400669
-9.333333333333330
-9.332198535558129
-9.336947813369321
-9.328318586426850
-9.333333333333330
-9.339554710561011
-9.333333333333330
-9.340124077661439
-9.687630518220290
-9.690636479966290
-9.687795971569789
-9.687713712584859
-9.340503671835810
-9.330501867389721
-9.343771823915571
-9.344566505560270
-9.694061638303440
-9.697412160748510
-9.694631934530481
-9.692860301977120
-9.339686101279909
-9.329030762466660
-9.342319952486539
-9.343818371496949
-9.666666666666670
-9.678528368375719
-9.666666666666670
-9.678929027095810
-9.664866107841251
-9.682669783310301
-9.333333333333330
-9.339580247725380
-9.333333333333330
-9.337008864813900
-9.333333333333339
-9.328164842069190
-9.687680113486660
-9.687438468433481
-9.690285322085270
-9.343699469361320
-9.340328315788319
-9.330003052503621
-9.694496070540740
-9.693721598387819
-9.696808987448840
-9.342199283484620
-9.339398784544301
-9.328414725171919
11.000000000000000
11.575700131576101
11.591310870903200
11.132964216331301
11.588336673119700
11.597413532760500
11.136257982081100
11.589976436750300
11.598191796650500
11.137090951652500
11.576459529058900
11.591808437704801
11.133483452600400
10.717482226408899
10.701143409066701
10.720529183553699
10.362920210495300
10.352552491507900
10.367048601008300
10.000000000000000
10.000000000000000
10.032314027660901
10.381846910911699
10.379090060772100
10.030725672519599
10.376163308897700
10.768589866702900
10.717228633524300
10.769544791694800
10.000000000000000
10.031342935791701
10.377056434246700
10.367800602587099
10.032678123238600
10.382259316799100
10.770550666355300
10.721453958978600
10.769084976934700
10.702554055832101
10.720575701863099
10.353828440422101
10.365611205844500
9.677259131059589
9.676453718226080
9.679521419681530
9.337704837422709
9.334029418356300
9.340110465364550
9.000000000000000
9.000000000000000
9.007897159214490
9.339334965097001
9.349673589291850
9.007331418746951
9.335495150423229
9.697717840425151
9.674961164694359
9.698849140495790
9.000000000000000
9.007652485785560
9.335973750446071
9.340460011864590
9.008090060961241
9.339568125039531
9.699452412948920
9.680142076069449
9.698027246669890
9.677421387502230
9.679192990492011
9.334784834388319
9.339174088333319
8.670246744142650
8.671840994671710
8.670577758108680
8.332630953223020
8.330183290428520
8.333889601432089
8.000000000000000
8.000000000000000
8.001824254991069
8.328650913534940
8.341841306397910
8.001658244940440
8.325691030353161
8.680180426965720
8.664098848579700
8.682347517066169
8.000000000000000
8.001819190972840
8.325929054835241
8.334000242149880
8.001917713029940
8.328759310512750
8.682647449126160
8.670970988445619
8.680339891916050
8.672432300012559
8.671443342243821
8.330592246191641
8.333346544127121
7.668532438441840
7.670812604571410
7.668451804427910
7.331565157373360
7.329347412131380
7.332444161972050
7.000000000000000
7.000000000000000
7.000395504550810
7.326085319149580
7.339930937582550
7.000342467762690
7.323367356394530
7.675895324643970
7.661428215263030
7.678364491723520
7.000000000000000
7.000418950771260
7.323484140077350
7.332421815695450
7.000439670381590
7.326132954086820
7.678513658891660
7.668725079484700
7.675977583702140
7.671136688182320
7.669244027687370
7.329522577194680
7.331813772463990
6.668329735977150
6.670684102765850
6.667996930912010
6.331488803211140
6.329250856535520
6.332158115769010
6.000000000000000
6.000000000000000
6.000078364892260
6.325512528935900
6.339497306147610
6.000061361168290
6.322868743722580
6.674913803821230
6.660808351023700
6.677475063139960
6.000000000000000
6.000091130661400
6.322917335956000
6.332060215580980
6.000095804512750
6.325527506143460
6.677541246103300
6.668198179240590
6.674956629989760
6.670838567344980
6.668713352135870
6.329283794017290
6.331468570900670
5.668372660190730
5.670693990447870
5.667905380972820
5.331521668038090
5.329255356008750
5.332103763840970
5.000000000000000
5.000000000000000
5.000006996533960
5.325380340844790
5.339394615610370
5.000002048352020
5.322761001787730
5.674691028897660
5.660661100712880
5.677284087032440
5.000000000000000
5.000010118136930
5.322776172370020
5.331970788747120
5.000011582753200
5.325378817094580
5.677306830347920
5.668068931269990
5.674712743416590
5.670768488803890
5.668593658847420
5.329225606226590
5.331385458064970
4.668406198304490
4.670709242326710
4.667892223377600
4.331547493977970
4.329266792119670
4.332099352626810
4.000000000000000
4.000000000000000
3.999998027591270
4.325357238190020
4.339374474393650
3.999996977224700
4.322746087714080
4.674644284447420
4.660629330929130
4.677248300978900
4.000000000000000
3.999996719250110
4.322747929380060
4.331953057154180
3.999997492327700
4.325348776504590
4.677252450679470
4.668040280191130
4.674656330033680
4.670754568507720
4.668567847732440
4.329215009680420
4.331370676435100
3.668425602083100
3.670719471883580
3.667895581130550
3.331562547313510
3.329275044992290
3.332103717780690
3.000000000000000
3.000000000000000
3.000000540223050
3.325358749775110
3.339374275851370
3.000000566281310
3.322750031916200
3.674641758193140
3.660627059970670
3.677249114455340
3.000000000000000
2.999997453586380
3.322747224342870
3.331952911822550
2.999998216181970
3.325347779594400
3.677246495858960
3.668038182202210
3.674650099175450
3.670755291385570
3.668568223737490
3.329216225077880
3.331372718270220
2.668433951941610
2.670723879995840
2.667898487958710
2.331568417711050
2.329278383893870
2.332106200508970
2.000000000000000
2.000000000000000
2.000002117520730
2.325361073497420
2.339375606504600
2.000002417879990
2.322752951719370
2.674644605623080
2.660628485632220
2.677252865483970
2.000000000000000
1.999998374243430
2.322748621967670
2.331953933410030
1.999999206035470
2.325349270835060
2.677247985959280
2.668039296841260
2.674651681366140
2.670756698407060
2.668570658330650
2.329217350861660
2.331374469430700
1.668436541540430
1.670725242054230
1.667899498543790
1.331570186090890
1.329279375179520
1.332106999176190
0.999999999999999
0.999999999999999
1.000002624240050
1.325361873981900
1.339376077288950
1.000003006871280
1.322753916149220
1.674645810999870
1.660629082357480
1.677254325903490
1.000000000000000
0.999998653685257
1.322749085800550
1.331954251833400
0.999999516443993
1.325349795579030
1.677248708719200
1.668039723334060
1.674652471082640
1.670757081601730
1.668571344836690
1.329217615543340
1.331374875557000
0.668437315814523
0.670725657132267
0.667899814938645
0.331570739703588
0.329279683861909
0.332107252041793
0.000000000000000
-0.000000000000000
0.000002783768298
0.325362127103083
0.339376224231760
0.000003193328362
0.322754221833149
0.674646190907760
0.660629267514595
0.677254786189040
0.000000000000000
-0.000001265524943
0.322749220927262
0.331954340539447
-0.000000390652826
0.325349954843905
0.677248919890426
0.668039841887536
0.674652710409541
0.670757161344513
0.668571471402667
0.329217674509551
0.331374959324261
-0.331562433372659
-0.329274209265626
-0.332100085248337
-0.668429083813211
-0.670720217454571
-0.667892667946044
-1.000000000000000
-1.000000000000000
-0.999997161644754
-0.674637793090844
-0.660623730401441
-0.999996744246757
-0.677245681185732
-0.325353690816414
-0.339370676202723
-0.322745069144510
-1.000000000000000
-1.000001235617100
-0.677250738462752
-0.668045634088297
-1.000000357030560
-0.674649996131744
-0.322751019991147
-0.331960125603579
-0.325347218660437
-0.329242819305876
-0.331428499424620
-0.670782309393173
-0.668625016857972
-1.331562364455230
-1.329274171431660
-1.332100048622090
-1.668429055796060
-1.670720192566230
-1.667892635290100
-2.000000000000000
-2.000000000000000
-1.999997109343150
-1.674637745706660
-1.660623702325170
-1.999996695346320
-1.677245632395430
-1.325353641657570
-1.339370648820590
-1.322745014690280
-2.000000000000000
-2.000001187841130
-1.677250699178610
-1.668045609732410
-2.000000311268870
-1.674649957534200
-1.322750987350050
-1.331960104125150
-1.325347183627530
-1.329242802242550
-1.331428473049080
-1.670782286801480
-1.668624973319170
-2.331562349427820
-2.329274155868420
-2.332099999939860
-2.668429012110570
-2.670720146688600
-2.667892555202540
-3.000000000000000
-3.000000000000000
-2.999996861982660
-2.674637583345500
-2.660623613488980
-2.999996454044930
-2.677245479313080
-2.325353554834840
-2.339370587939580
-2.322744938264500
-3.000000000000000
-3.000000997003320
-2.677250555172180
-2.668045520266360
-3.000000120739390
-2.674649821689980
-2.322750906073380
-2.331960038978200
-2.325347106222270
-2.329242719578640
-2.331428334258800
-2.670782158066010
-2.668624696445480
-3.331561999353740
-3.329273879168280
-3.332099706850460
-3.668428635341330
-3.670719785072100
-3.667892242976720
-4.000000000000000
-4.000000000000000
-3.999997366934430
-3.674637346716290
-3.660623468221210
-3.999996764254090
-3.677245169011000
-3.325353191033260
-3.339370366259640
-3.322744545501550
-4.000000000000000
-4.000001986095310
-3.677250609782760
-3.668045410184890
-4.000001140626800
-3.674649873864850
-3.322750648351450
-3.331959820634650
-3.325346864309640
-3.329242338197350
-3.331427762061840
-3.670781785312010
-3.668624106957450
-4.331562883766740
-4.329274292104070
-4.332100734434280
-4.668431837929150
-4.670720750012320
-4.667894773455940
-5.000000000000000
-5.000000000000000
-5.000010776141010
-4.674644382507440
-4.660627750722790
-5.000008804209830
-4.677251336998390
-4.325355660754200
-4.339372643816220
-4.322746342836730
-5.000000000000000
-5.000017768264310
-4.677259269313600
-4.668049696201180
-5.000017086983740
-4.674658533570170
-4.322753789599460
-4.331961926268140
-4.325350211709780
-4.329243693436860
-4.331430120754330
-4.670784549069750
-4.668630674185210
-5.331577606314520
-5.329284159371450
-5.332115782423500
-5.668453300116380
-5.670732151871150
-5.667917691595270
-6.000000000000000
-6.000000000000000
-6.000081432739090
-5.674693453764220
-5.660659221860320
-6.000073520361320
-5.677295896369730
-5.325383250368350
-5.339394320769610
-5.322770544427070
-6.000000000000000
-6.000096544254030
-5.677314535542920
-5.668081032505030
-6.000096438159330
-5.674713708512130
-5.322784703084390
-5.331983041843750
-5.325381630474570
-5.329261891965910
-5.331459079928090
-5.670808481620820
-5.668678569860120
-6.331627822472330
-6.329320848827310
-6.332182838410920
-6.668509743368930
-6.670770221463100
-6.668013156774980
-7.000000000000000
-7.000000000000000
-7.000359674906440
-6.674893118500810
-6.660788555573700
-7.000327775723940
-6.677477390933370
-6.325507676984840
-6.339488465854250
-6.322881441408280
-7.000000000000000
-7.000387349033970
-6.677528410814880
-6.668204259467770
-7.000395470241800
-6.674929506433630
-6.322918871122260
-6.332073160866210
-6.325517896912090
-6.329337535157940
-6.331578300374760
-6.670899016052200
-6.668848602291860
-7.331798473277940
-7.329452782948170
-7.332449449874110
-7.668768017303890
-7.670929118258000
-7.668414252383370
-8.000000000000000
-8.000000000000000
-8.001591202607770
-7.675735925290430
-7.661313639650960
-8.001469535149351
-7.678252363793110
-7.326003549846030
-7.339861155656740
-7.323323439217150
-8.000000000000000
-8.001589249230200
-7.678367662935370
-7.668664188542050
-8.001659511269860
-7.675800415294550
-7.323415453981800
-7.332399550466630
-7.326038965707530
-7.329586855545630
-7.331964854906010
-7.671198081523210
-7.669406877752360
-8.332825742288810
-8.330210852601320
-8.333712742784410
-8.670322714267170
-8.671836934364210
-8.670256513458339
-9.000000000000000
-9.000000000000000
-9.006932741492029
-8.679462189234959
-8.663612904123630
-9.006465924776441
-8.681727038154980
-8.328222075650720
-8.341502656518401
-8.325341069270040
-9.000000000000000
-9.006656646002780
-8.681925841383221
-8.670580262243210
-9.007043833849240
-8.679563561445850
-8.325512415857951
-8.333757866444239
-8.328292559885959
-8.330536303960500
-8.333352207905691
-8.672313310762069
-8.671311127214469
-9.337116429204070
-9.333538560149149
-9.339225592580460
-9.676078843350300
-9.675780751246039
-9.678275659035350
-10.000000000000000
-10.000000000000000
-10.029416551079800
-9.695264754762670
-9.673313888149810
-10.028089535527100
-9.696645277770390
-9.337692938608489
-9.348403935231580
-9.334040180725250
-10.000000000000000
-10.028373094266099
-9.696941351354500
-9.678669372471839
-10.029594452463201
-9.695413544420020
-9.334302414273781
-9.339379182862240
-9.337807726631221
-9.334070051893280
-9.338113709837030
-9.676486125927379
-9.677470734629050
-10.360155594709800
-10.350838854921699
-10.364686239416200
-10.713921171672800
-10.699144177146000
-10.717701921722499
-11.000000000000000
-11.128093375958899
-10.763013436452599
-10.713494749638199
-11.131791000553701
-10.764592705069299
-10.377352051252300
-10.375807726314999
-10.372181484939100
-11.132261671163500
-10.765096636952901
-10.718208306784501
-11.128433047314200
-10.763289480811000
-10.372604199255100
-10.365020908087400
-10.377552653567500
-10.351620831521499
-10.361709362411201
-10.700056004633501
-10.715706992327100
-11.586485711527001
-11.566729733644300
-11.592602724325600
-11.579711340454701
-11.593194279981700
-11.580795872812200
-11.586758739833201
-11.567222520749301
10.894691343563300
11.523146892783400
11.623219621686300
10.916557849406701
11.544616888474399
11.673750140361600
11.479182377517199
11.380933268243300
11.458204766948301
11.366631397972300
11.603181647201900
11.420776343050701
11.408448734310200
11.661746763959799
11.430095164609099
11.364636093876999
11.472961793275701
11.381624284680701
11.629485758566499
11.409014527290401
11.422637102185901
11.677861661098600
11.539667645533100
10.903568597613500
11.554684061944499
10.922710255737901
10.325907502381400
10.333135491637300
9.993815672265120
10.657157889368101
10.667131956832300
10.348075419132201
9.999903912542900
10.684705099924400
10.668058816683301
10.673058532381800
10.327083815586400
10.338193363522601
9.997604373084590
10.689202630651099
10.351821536861699
10.003589792691701
9.329085557113901
9.327294470701149
8.998560663967460
9.659892108062561
9.675978051823710
9.332937329104340
8.999949600905101
9.679370815315220
9.662074939450440
9.677278053333101
9.330653781969360
9.329488951692969
9.000516701075609
9.681473151210630
9.334642988967349
9.002331631575871
8.332157378731170
8.325589087770300
7.999080334003350
8.664593440591220
8.674697413241431
8.328626654566190
7.999241708848650
8.673673008891530
8.665469513086300
8.674801600014760
8.332628834544479
8.326991443183680
8.000059399191070
8.674830949889261
8.329463913239080
8.000533787738281
7.332934821237110
7.325315720669570
6.999477136099310
7.666058187564670
7.674392037920470
7.327748898560390
6.999494126461700
7.672213850479000
7.666393782564290
7.673927456332950
7.333176457505340
7.326359482761310
6.999913307227720
7.672818933543270
7.328089206656530
7.000029357047180
6.333209918090000
6.325312876668570
5.999742773962620
6.666485781906620
6.674472129453490
6.327700520142660
5.999786114397120
6.672086164277250
6.666607467148170
6.673710582075460
6.333299890003000
6.326211760436910
5.999891397626190
6.672338217074950
6.327775114751890
5.999939782101820
5.333294244371150
5.325347231504210
4.999846690414980
5.666611959757810
5.674563656455910
5.327741706074670
4.999902710427810
5.672147239489440
5.666654237045140
5.673661980447760
5.333326405418570
5.326172232540410
4.999888135208050
5.672225964446580
5.327699483724520
4.999918740354310
4.333320749920440
4.325367686162470
3.999885785077200
4.666649865148580
4.674604460785230
4.327769323540900
3.999948333924240
4.672186422252720
4.666664121235380
4.673649814159180
4.333331929691060
4.326164475116810
3.999890023102580
4.672201171024450
4.327684733064470
3.999918515051780
3.333329244527500
3.325378438643440
2.999900780292000
3.666661451293530
3.674623025762170
3.327784925432630
2.999966816702130
3.672207645668280
3.666666155670220
3.673649964980980
3.333333054001500
3.326165458160740
2.999892357184560
3.672200876710820
3.327686190418390
2.999922028230200
2.333332000241880
2.325382697730730
1.999905976770800
2.666665038788850
2.674630760814350
2.327791223492250
1.999973078932460
2.672216818197410
2.666666565742980
2.673651482436160
2.333333278563810
2.326166436363780
1.999893232935840
2.672203017127010
2.327687861453960
1.999923316275020
1.333332899161170
1.325384076033530
0.999907657105270
1.666666157975630
1.674633356808680
1.327793202818630
0.999975023994858
1.672219852706310
1.666666647003450
1.673651960060800
1.333333322727870
1.326166707157560
0.999893396456336
1.672203730036250
1.327688286255880
0.999923561509031
0.333333192499826
0.325384517714731
-0.000091778985044
0.666666508043004
0.674634186205556
0.327793830188172
-0.000024338305199
0.672220799642527
0.666666662879641
0.673652057318201
0.333333331301529
0.326166767202309
-0.000106571643269
0.672203879070917
0.327688378885951
-0.000076389884119
-0.666666712080864
-0.674615340154163
-1.000091593854670
-0.333333382583863
-0.325365538879752
-0.672205966956030
-1.000024135440380
-0.327778891737511
-0.333333334055483
-0.326347919139101
-0.666666667052342
-0.673833216129186
-1.000106558936500
-0.327796085227489
-0.672311594716224
-1.000076369950390
-1.666666681210260
-1.674615305462880
-2.000091553726550
-1.333333348538650
-1.325365451825610
-1.672205914558950
-2.000024100449860
-1.327778798945120
-1.333333333469860
-1.326347904066950
-1.666666666739290
-1.673833195584450
-2.000106513338200
-1.327796059977580
-1.672311555581140
-2.000076296395240
-2.666666671289790
-2.674615249286730
-3.000091462143150
-2.333333337997760
-2.325365411463380
-2.672205825596270
-3.000023919909510
-2.327778749358850
-2.333333333358950
-2.326347843188510
-2.666666666680240
-2.673833073118420
-3.000106245562910
-2.327795946259540
-2.672311344245360
-3.000075867982980
-3.666666668125220
-3.674615081387560
-4.000091668445510
-3.333333334754590
-3.325365252122310
-3.672205526546040
-4.000023775874260
-3.327778375076420
-3.333333333338110
-3.326347729396860
-3.666666666669190
-3.673833045696340
-4.000106656858490
-3.327795567971900
-3.672311247665820
-4.000076178318270
-4.666666667123400
-4.674617636177540
-5.000095720187570
-4.333333333763450
-4.325366068252670
-4.672208799953440
-5.000029672523110
-4.327779394741960
-4.333333333334220
-4.326349899305920
-4.666666666667130
-4.673838387525700
-5.000116018650600
-4.327798691049490
-4.672318781886650
-5.000091164771280
-5.666666666808650
-5.674630381316070
-6.000100461355900
-5.333333333462630
-5.325375070362080
-5.672228681766840
-6.000041518989710
-5.327793321999490
-5.333333333333500
-5.326368189201600
-5.666666666666750
-5.673869157549640
-6.000160421493830
-5.327827662124810
-5.672366164472020
-6.000161361189510
-6.666640532023290
-6.674647917730580
-7.000040955995900
-6.333333333371950
-6.325403472086880
-6.672278069984190
-7.000003366026730
-6.327837541614980
-6.333333333333360
-6.326438785279520
-6.666666666666680
-6.673971209640580
-7.000296715480700
-6.327939716789500
-6.672530348917180
-7.000368475177910
-7.666374483200420
-7.674684757894350
-7.999741546932780
-7.333286290907830
-7.325479636600510
-7.672466586840550
-7.999883879877590
-7.327984581614600
-7.333333333333340
-7.326657177474180
-7.666666666666670
-7.674277847965310
-8.000577203670890
-7.328300280507730
-7.673043932642970
-8.000954287284371
-8.665416158204669
-8.675109674576991
-8.999064709264960
-8.332775369871460
-8.325872990829760
-8.673794333416280
-9.000379772412341
-8.328851902103089
-8.333333333333330
-8.327336855170680
-8.666049382716050
-8.674996279711641
-9.000654356871090
-8.329535676784930
-8.674729735651690
-9.002322908320741
-9.660132755721190
-9.674915616690161
-9.992054637660701
-9.329989530942539
-9.326899546478410
-9.677831023090169
-9.998008571502471
-9.332211660907159
-9.331481481481481
-9.328552521652860
-9.661752572016461
-9.675215726417450
-9.994068580960910
-9.333307420566671
-9.679085433429870
-10.000549770988201
-10.652957647813899
-10.660347583454399
-10.887976164314800
-10.325434800986001
-10.328807532033700
-10.678950242888201
-10.910731258980700
-10.343889380590401
-10.320034593621401
-10.329511272595100
-10.643740740740700
-10.659992605271601
-10.891486678917300
-10.345300287846801
-10.680629657843699
-10.913951699418000
-11.610796246092701
-11.513030131701701
-11.661596898856400
-11.535588849091100
-11.444631039037899
-11.351690623054401
-11.589690622912199
-11.463265295516100
-11.366197130084601
-11.396085104323699
-11.648525540241399
-11.408687420279399
-11.468594481365001
-11.368228347280001
-11.613208112688501
-11.449594139118000
-11.352942259774700
-11.410128660101700
-11.663815257893500
-11.396776530656901
-11.519653482801299
-11.540064001911100
-20.000000000000000
-19.000000000000000
-20.000000000000000
-19.000000000000000
-20.000000000000000
-19.000000000000000
-20.000000000000000
-19.000000000000000
-20.000000000000000
-19.000000000000000
-20.000000000000000
-19.000000000000000
-20.000000000000000
-19.000000000000000
-20.000000000000000
-19.000000000000000
-20.000000000000000
-19.000000000000000
-20.000000000000000
-19.000000000000000
-20.000000000000000
-19.000000000000000
-20.000000000000000
-19.000000000000000
-20.000000000000000
-19.000000000000000
-20.000000000000000
-19.000000000000000
-20.000000000000000
-19.000000000000000
-20.000000000000000
-19.000000000000000
-18.000000000000000
-18.000000000000000
-18.000000000000000
-18.000000000000000
-18.000000000000000
-18.000000000000000
-18.000000000000000
-18.000000000000000
-18.000000000000000
-18.000000000000000
-18.000000000000000
-18.000000000000000
-18.000000000000000
-18.000000000000000
-18.000000000000000
-18.000000000000000
-17.000000000000000
-17.000000000000000
-17.000000000000000
-17.000000000000000
-17.000000000000000
-17.000000000000000
-17.000000000000000
-17.000000000000000
-17.000000000000000
-17.000000000000000
-17.000000000000000
-17.000000000000000
-17.000000000000000
-17.000000000000000
-17.000000000000000
-17.000000000000000
-16.000000000000000
-16.000000000000000
-16.000000000000000
-16.000000000000000
-16.000000000000000
-16.000000000000000
-16.000000000000000
-16.000000000000000
-16.000000000000000
-16.000000000000000
-16.000000000000000
-16.000000000000000
-16.000000000000000
-16.000000000000000
-16.000000000000000
-16.000000000000000
-15.000000000000000
-15.000000000000000
-15.000000000000000
-15.000000000000000
-15.000000000000000
-15.000000000000000
-15.000000000000000
-15.000000000000000
-15.000000000000000
-15.000000000000000
-15.000000000000000
-15.000000000000000
-15.000000000000000
-15.000000000000000
-15.000000000000000
-15.000000000000000
-14.000000000000000
-14.000000000000000
-14.000000000000000
-14.000000000000000
-14.000000000000000
-14.000000000000000
-14.000000000000000
-14.000000000000000
-14.000000000000000
-14.000000000000000
-14.000000000000000
-14.000000000000000
-14.000000000000000
-14.000000000000000
-14.000000000000000
-14.000000000000000
-13.000000000000000
-13.000000000000000
-13.000000000000000
-13.000000000000000
-13.000000000000000
-13.000000000000000
-13.000000000000000
-13.000000000000000
-13.000000000000000
-13.000000000000000
-13.000000000000000
-13.000000000000000
-13.000000000000000
-13.000000000000000
-13.000000000000000
-13.000000000000000
-12.000000000000000
-12.000000000000000
-12.000000000000000
-12.000000000000000
-12.000000000000000
-12.000000000000000
-12.000000000000000
-12.000000000000000
-12.000000000000000
-12.000000000000000
-12.000000000000000
-12.000000000000000
-12.000000000000000
-12.000000000000000
-12.000000000000000
-12.000000000000000
-11.000000000000000
-11.000000000000000
-11.000000000000000
-11.000000000000000
-11.000000000000000
-11.000000000000000
-11.000000000000000
-11.000000000000000
-11.000000000000000
-11.000000000000000
-11.000000000000000
-11.000000000000000
-11.000000000000000
-11.000000000000000
-11.000000000000000
-11.000000000000000
-10.000000000000000
-10.000000000000000
-10.000000000000000
-10.000000000000000
-10.000000000000000
-10.000000000000000
-10.000000000000000
-10.000000000000000
-10.000000000000000
-10.000000000000000
-10.000000000000000
-10.000000000000000
-10.000000000000000
-10.000000000000000
-10.000000000000000
-10.000000000000000
-9.000000000000000
-9.000000000000000
-9.000000000000000
-9.000000000000000
-9.000000000000000
-9.000000000000000
-9.000000000000000
-9.000000000000000
-9.000000000000000
-9.000000000000000
-9.000000000000000
-8.999999999999989
-9.000000000000000
-9.000000000000000
-9.000000000000000
-9.000000000000000
-8.000000000000000
-8.000000000000011
-8.000000000000000
-8.000000000000000
-8.000000000000000
-8.000000000000000
-8.000000000000000
-8.000000000000000
-8.000000000000000
-8.000000000000000
-8.000000000000000
-8.000000000000011
-8.000000000000000
-8.000000000000011
-8.000000000000000
-8.000000000000000
-7.000000000000000
-7.000000000000000
-7.000000000000000
-7.000000000000000
-7.000000000000000
-7.000000000000000
-7.000000000000000
-7.000000000000000
-7.000000000000000
-7.000000000000000
-7.000000000000000
-7.000000000000000
-7.000000000000000
-6.999999999999990
-7.000000000000000
-7.000000000000000
-6.000000000000000
-5.999999999999990
-6.000000000000000
-6.000000000000000
-6.000000000000000
-6.000000000000000
-6.000000000000000
-6.000000000000000
-6.000000000000000
-6.000000000000000
-6.000000000000000
-6.000000000000000
-6.000000000000000
-6.000000000000000
-6.000000000000000
-6.000000000000000
-5.000000000000000
-5.000000000000000
-5.000000000000000
-5.000000000000000
-5.000000000000000
-5.000000000000000
-5.000000000000000
-5.000000000000000
-5.000000000000000
-5.000000000000000
-5.000000000000000
-5.000000000000000
-5.000000000000000
-5.000000000000000
-5.000000000000000
-5.000000000000000
-4.000000000000000
-4.000000000000000
-4.000000000000000
-4.000000000000000
-4.000000000000000
-4.000000000000000
-4.000000000000000
-4.000000000000000
-4.000000000000000
-4.000000000000000
-4.000000000000000
-4.000000000000000
-4.000000000000000
-4.000000000000010
-4.000000000000000
-4.000000000000000
-3.000000000000000
-3.000000000000000
-3.000000000000000
-3.000000000000000
-3.000000000000000
-3.000000000000000
-3.000000000000000
-3.000000000000000
-3.000000000000000
-3.000000000000000
-3.000000000000000
-3.000000000000000
-3.000000000000000
-3.000000000000000
-3.000000000000000
-3.000000000000000
-2.000000000000000
-2.000000000000000
-2.000000000000000
-2.000000000000000
-2.000000000000000
-2.000000000000000
-2.000000000000000
-2.000000000000000
-2.000000000000000
-2.000000000000000
-2.000000000000000
-2.000000000000000
-2.000000000000000
-2.000000000000000
-2.000000000000000
-2.000000000000000
-1.000000000000000
-1.000000000000000
-0.999999999999999
-0.999999999999998
-1.000000000000000
-1.000000000000000
-1.000000000000000
-1.000000000000000
-1.000000000000000
-1.000000000000000
-0.999999999999999
-0.999999999999999
-1.000000000000000
-1.000000000000000
-1.000000000000000
-1.000000000000000
0.000000000000000
0.000000000000000
0.000000000000000
0.000000000000000
0.000000000000000
0.000000000000000
0.000000000000000
0.000000000000000
0.000000000000000
0.000000000000000
0.000000000000000
0.000000000000000
0.000000000000000
0.000000000000000
0.000000000000000
0.000000000000000
1.000000000000000
1.000000000000000
0.999999999999999
1.000000000000000
1.000000000000000
1.000000000000000
1.000000000000000
1.000000000000000
1.000000000000000
1.000000000000000
0.999999999999999
1.000000000000000
1.000000000000000
1.000000000000000
1.000000000000000
1.000000000000000
2.000000000000000
2.000000000000000
2.000000000000000
2.000000000000000
2.000000000000000
2.000000000000000
2.000000000000000
2.000000000000000
2.000000000000000
2.000000000000000
2.000000000000000
2.000000000000000
2.000000000000000
2.000000000000000
2.000000000000000
2.000000000000000
3.000000000000000
3.000000000000000
3.000000000000000
3.000000000000000
3.000000000000000
3.000000000000000
3.000000000000000
3.000000000000000
3.000000000000000
3.000000000000000
3.000000000000000
3.000000000000000
3.000000000000000
3.000000000000010
3.000000000000000
3.000000000000000
4.000000000000000
4.000000000000000
4.000000000000000
4.000000000000000
4.000000000000000
4.000000000000000
4.000000000000000
4.000000000000000
4.000000000000000
4.000000000000000
4.000000000000000
4.000000000000000
4.000000000000000
4.000000000000010
4.000000000000000
4.000000000000000
5.000000000000000
5.000000000000000
5.000000000000000
5.000000000000000
5.000000000000000
5.000000000000000
5.000000000000000
5.000000000000000
5.000000000000000
5.000000000000000
5.000000000000000
5.000000000000000
5.000000000000000
5.000000000000000
5.000000000000000
5.000000000000000
6.000000000000000
6.000000000000000
6.000000000000000
6.000000000000000
6.000000000000000
6.000000000000000
6.000000000000000
6.000000000000000
6.000000000000000
6.000000000000000
6.000000000000000
6.000000000000000
6.000000000000000
6.000000000000000
6.000000000000000
6.000000000000000
7.000000000000000
6.999999999999990
7.000000000000000
7.000000000000000
7.000000000000000
7.000000000000000
7.000000000000000
7.000000000000000
7.000000000000000
7.000000000000000
7.000000000000000
7.000000000000000
7.000000000000000
6.999999999999990
7.000000000000000
7.000000000000000
8.000000000000000
8.000000000000000
8.000000000000000
8.000000000000011
8.000000000000000
8.000000000000000
8.000000000000000
8.000000000000000
8.000000000000000
8.000000000000000
8.000000000000000
8.000000000000011
8.000000000000000
8.000000000000000
8.000000000000000
8.000000000000000
9.000000000000000
9.000000000000000
9.000000000000000
9.000000000000000
9.000000000000000
9.000000000000000
9.000000000000000
9.000000000000000
9.000000000000000
9.000000000000000
9.000000000000000
9.000000000000000
9.000000000000000
9.000000000000000
9.000000000000000
9.000000000000000
10.000000000000000
10.000000000000000
10.000000000000000
10.000000000000000
10.000000000000000
10.000000000000000
10.000000000000000
10.000000000000000
10.000000000000000
10.000000000000000
10.000000000000000
10.000000000000000
10.000000000000000
10.000000000000000
10.000000000000000
10.000000000000000
11.000000000000000
11.000000000000000
11.000000000000000
11.000000000000000
11.000000000000000
11.000000000000000
11.000000000000000
11.000000000000000
11.000000000000000
11.000000000000000
11.000000000000000
11.000000000000000
11.000000000000000
11.000000000000000
11.000000000000000
11.000000000000000
12.000000000000000
12.000000000000000
12.000000000000000
12.000000000000000
12.000000000000000
12.000000000000000
12.000000000000000
12.000000000000000
12.000000000000000
12.000000000000000
12.000000000000000
12.000000000000000
12.000000000000000
12.000000000000000
12.000000000000000
12.000000000000000
13.000000000000000
13.000000000000000
13.000000000000000
13.000000000000000
13.000000000000000
13.000000000000000
13.000000000000000
13.000000000000000
13.000000000000000
13.000000000000000
13.000000000000000
13.000000000000000
13.000000000000000
13.000000000000000
13.000000000000000
13.000000000000000
14.000000000000000
14.000000000000000
14.000000000000000
14.000000000000000
14.000000000000000
14.000000000000000
14.000000000000000
14.000000000000000
14.000000000000000
14.000000000000000
14.000000000000000
14.000000000000000
14.000000000000000
14.000000000000000
14.000000000000000
14.000000000000000
15.000000000000000
15.000000000000000
15.000000000000000
15.000000000000000
15.000000000000000
15.000000000000000
15.000000000000000
15.000000000000000
15.000000000000000
15.000000000000000
15.000000000000000
15.000000000000000
15.000000000000000
15.000000000000000
15.000000000000000
15.000000000000000
16.000000000000000
16.000000000000000
16.000000000000000
16.000000000000000
16.000000000000000
16.000000000000000
16.000000000000000
16.000000000000000
16.000000000000000
16.000000000000000
16.000000000000000
16.000000000000000
16.000000000000000
16.000000000000000
16.000000000000000
16.000000000000000
17.000000000000000
17.000000000000000
17.000000000000000
17.000000000000000
17.000000000000000
17.000000000000000
17.000000000000000
17.000000000000000
17.000000000000000
17.000000000000000
17.000000000000000
17.000000000000000
17.000000000000000
17.000000000000000
17.000000000000000
17.000000000000000
18.000000000000000
18.000000000000000
18.000000000000000
18.000000000000000
18.000000000000000
18.000000000000000
18.000000000000000
18.000000000000000
18.000000000000000
18.000000000000000
18.000000000000000
18.000000000000000
18.000000000000000
18.000000000000000
18.000000000000000
18.000000000000000
19.000000000000000
19.000000000000000
19.000000000000000
19.000000000000000
19.000000000000000
19.000000000000000
19.000000000000000
19.000000000000000
19.000000000000000
19.000000000000000
19.000000000000000
19.000000000000000
19.000000000000000
19.000000000000000
19.000000000000000
19.000000000000000
20.000000000000000
20.000000000000000
20.000000000000000
20.000000000000000
20.000000000000000
20.000000000000000
20.000000000000000
20.000000000000000
20.000000000000000
20.000000000000000
20.000000000000000
20.000000000000000
20.000000000000000
20.000000000000000
20.000000000000000
20.000000000000000
-20.000000000000000
-19.000000000000000
-20.000000000000000
-19.000000000000000
-20.000000000000000
-19.000000000000000
-20.000000000000000
-19.000000000000000
-20.000000000000000
-19.000000000000000
-20.000000000000000
-19.000000000000000
-20.000000000000000
-19.000000000000000
-20.000000000000000
-19.000000000000000
-18.000000000000000
-18.000000000000000
-18.000000000000000
-18.000000000000000
-18.000000000000000
-18.000000000000000
-18.000000000000000
-18.000000000000000
-17.000000000000000
-17.000000000000000
-17.000000000000000
-17.000000000000000
-17.000000000000000
-17.000000000000000
-17.000000000000000
-17.000000000000000
-16.000000000000000
-16.000000000000000
-16.000000000000000
-16.000000000000000
-16.000000000000000
-16.000000000000000
-16.000000000000000
-16.000000000000000
-15.000000000000000
-15.000000000000000
-15.000000000000000
-15.000000000000000
-15.000000000000000
-15.000000000000000
-15.000000000000000
-15.000000000000000
-14.000000000000000
-14.000000000000000
-14.000000000000000
-14.000000000000000
-14.000000000000000
-14.000000000000000
-14.000000000000000
-14.000000000000000
-13.000000000000000
-13.000000000000000
-13.000000000000000
-13.000000000000000
-13.000000000000000
-13.000000000000000
-13.000000000000000
-13.000000000000000
-12.000000000000000
-12.000000000000000
-12.000000000000000
-12.000000000000000
-12.000000000000000
-12.000000000000000
-12.000000000000000
-12.000000000000000
-11.000000000000000
-11.000000000000000
-11.000000000000000
-11.000000000000000
-11.000000000000000
-11.000000000000000
-11.000000000000000
-11.000000000000000
-10.000000000000000
-10.000000000000000
-10.000000000000000
-10.000000000000000
-10.000000000000000
-10.000000000000000
-10.000000000000000
-10.000000000000000
-9.000000000000000
-9.000000000000000
-9.000000000000000
-9.000000000000000
-9.000000000000000
-9.000000000000000
-9.000000000000011
-9.000000000000000
-8.000000000000011
-8.000000000000011
-8.000000000000000
-8.000000000000000
-8.000000000000000
-8.000000000000011
-8.000000000000011
-8.000000000000000
-7.000000000000000
-7.000000000000000
-7.000000000000000
-7.000000000000010
-7.000000000000000
-7.000000000000000
-7.000000000000000
-7.000000000000000
-6.000000000000000
-6.000000000000000
-6.000000000000000
-6.000000000000000
-6.000000000000000
-6.000000000000000
-6.000000000000000
-6.000000000000000
-5.000000000000000
-5.000000000000000
-5.000000000000000
-5.000000000000000
-5.000000000000000
-5.000000000000000
-5.000000000000000
-5.000000000000000
-4.000000000000000
-4.000000000000000
-4.000000000000000
-4.000000000000000
-4.000000000000000
-4.000000000000000
-4.000000000000000
-4.000000000000000
-3.000000000000000
-3.000000000000000
-3.000000000000000
-3.000000000000000
-3.000000000000000
-3.000000000000000
-3.000000000000010
-3.000000000000000
-1.999999999999990
-2.000000000000000
-2.000000000000000
-2.000000000000000
-2.000000000000000
-2.000000000000000
-1.999999999999990
-2.000000000000000
-0.999999999999997
-0.999999999999999
-0.999999999999998
-1.000000000000000
-1.000000000000000
-0.999999999999999
-1.000000000000000
-1.000000000000000
0.000000000000000
0.000000000000000
0.000000000000000
0.000000000000000
0.000000000000000
0.000000000000000
0.000000000000000
0.000000000000000
1.000000000000000
1.000000000000000
1.000000000000000
1.000000000000000
1.000000000000000
0.999999999999998
1.000000000000000
1.000000000000000
1.999999999999990
2.000000000000000
2.000000000000000
2.000000000000000
2.000000000000000
2.000000000000000
2.000000000000000
2.000000000000000
3.000000000000010
3.000000000000000
3.000000000000000
3.000000000000000
3.000000000000000
3.000000000000000
3.000000000000010
3.000000000000000
4.000000000000000
4.000000000000000
4.000000000000000
4.000000000000000
4.000000000000000
4.000000000000000
4.000000000000000
4.000000000000000
5.000000000000000
5.000000000000000
5.000000000000000
5.000000000000000
5.000000000000000
5.000000000000000
5.000000000000000
5.000000000000000
6.000000000000000
6.000000000000000
6.000000000000000
6.000000000000000
6.000000000000000
6.000000000000000
6.000000000000000
6.000000000000000
7.000000000000000
7.000000000000000
7.000000000000000
7.000000000000000
7.000000000000000
7.000000000000000
6.999999999999990
7.000000000000000
8.000000000000011
8.000000000000000
8.000000000000000
8.000000000000000
8.000000000000000
8.000000000000011
8.000000000000011
8.000000000000000
9.000000000000000
9.000000000000000
9.000000000000000
9.000000000000000
9.000000000000000
9.000000000000000
9.000000000000011
9.000000000000000
10.000000000000000
10.000000000000000
10.000000000000000
10.000000000000000
10.000000000000000
10.000000000000000
10.000000000000000
10.000000000000000
11.000000000000000
11.000000000000000
11.000000000000000
11.000000000000000
11.000000000000000
11.000000000000000
11.000000000000000
11.000000000000000
12.000000000000000
12.000000000000000
12.000000000000000
12.000000000000000
12.000000000000000
12.000000000000000
12.000000000000000
12.000000000000000
13.000000000000000
13.000000000000000
13.000000000000000
13.000000000000000
13.000000000000000
13.000000000000000
13.000000000000000
13.000000000000000
14.000000000000000
14.000000000000000
14.000000000000000
14.000000000000000
14.000000000000000
14.000000000000000
14.000000000000000
14.000000000000000
15.000000000000000
15.000000000000000
15.000000000000000
15.000000000000000
15.000000000000000
15.000000000000000
15.000000000000000
15.000000000000000
16.000000000000000
16.000000000000000
16.000000000000000
16.000000000000000
16.000000000000000
16.000000000000000
16.000000000000000
16.000000000000000
17.000000000000000
17.000000000000000
17.000000000000000
17.000000000000000
17.000000000000000
17.000000000000000
17.000000000000000
17.000000000000000
18.000000000000000
18.000000000000000
18.000000000000000
18.000000000000000
18.000000000000000
18.000000000000000
18.000000000000000
18.000000000000000
19.000000000000000
19.000000000000000
19.000000000000000
19.000000000000000
19.000000000000000
19.000000000000000
19.000000000000000
19.000000000000000
20.000000000000000
20.000000000000000
20.000000000000000
20.000000000000000
20.000000000000000
20.000000000000000
20.000000000000000
20.000000000000000
-20.000000000000000
-19.000000000000000
-20.000000000000000
-19.000000000000000
-20.000000000000000
-19.000000000000000
-20.000000000000000
-19.000000000000000
-20.000000000000000
-19.000000000000000
-20.000000000000000
-19.000000000000000
-20.000000000000000
-19.000000000000000
-20.000000000000000
-19.000000000000000
-18.000000000000000
-18.000000000000000
-18.000000000000000
-18.000000000000000
-18.000000000000000
-18.000000000000000
-18.000000000000000
-18.000000000000000
-17.000000000000000
-17.000000000000000
-17.000000000000000
-17.000000000000000
-17.000000000000000
-17.000000000000000
-17.000000000000000
-17.000000000000000
-16.000000000000000
-16.000000000000000
-16.000000000000000
-16.000000000000000
-16.000000000000000
-16.000000000000000
-16.000000000000000
-16.000000000000000
-15.000000000000000
-15.000000000000000
-15.000000000000000
-15.000000000000000
-15.000000000000000
-15.000000000000000
-15.000000000000000
-15.000000000000000
-14.000000000000000
-14.000000000000000
-14.000000000000000
-14.000000000000000
-14.000000000000000
-14.000000000000000
-14.000000000000000
-14.000000000000000
-13.000000000000000
-13.000000000000000
-13.000000000000000
-13.000000000000000
-13.000000000000000
-13.000000000000000
-13.000000000000000
-13.000000000000000
-12.000000000000000
-12.000000000000000
-12.000000000000000
-12.000000000000000
-12.000000000000000
-12.000000000000000
-12.000000000000000
-12.000000000000000
-11.000000000000000
-11.000000000000000
-11.000000000000000
-11.000000000000000
-11.000000000000000
-11.000000000000000
-11.000000000000000
-11.000000000000000
-10.000000000000000
-10.000000000000000
-10.000000000000000
-10.000000000000000
-10.000000000000000
-10.000000000000000
-10.000000000000000
-10.000000000000000
-9.000000000000000
-9.000000000000000
-9.000000000000000
-9.000000000000000
-9.000000000000000
-9.000000000000000
-8.999999999999989
-9.000000000000000
-8.000000000000000
-8.000000000000000
-8.000000000000000
-8.000000000000000
-8.000000000000000
-8.000000000000000
-8.000000000000000
-8.000000000000000
-6.999999999999990
-7.000000000000000
-7.000000000000000
-7.000000000000000
-7.000000000000000
-7.000000000000000
-6.999999999999990
-7.000000000000000
-5.999999999999990
-6.000000000000000
-5.999999999999990
-6.000000000000000
-6.000000000000000
-6.000000000000000
-5.999999999999990
-6.000000000000000
-5.000000000000000
-5.000000000000000
-5.000000000000000
-5.000000000000000
-5.000000000000000
-5.000000000000000
-5.000000000000000
-5.000000000000000
-4.000000000000000
-4.000000000000000
-4.000000000000000
-4.000000000000000
-4.000000000000000
-4.000000000000000
-4.000000000000000
-4.000000000000000
-3.000000000000010
-3.000000000000000
-3.000000000000000
-3.000000000000000
-3.000000000000010
-3.000000000000010
-3.000000000000010
-3.000000000000000
-1.999999999999990
-2.000000000000000
-2.000000000000000
-2.000000000000000
-2.000000000000000
-2.000000000000000
-1.999999999999990
-2.000000000000000
-0.999999999999999
-0.999999999999996
-0.999999999999998
-1.000000000000000
-1.000000000000000
-1.000000000000000
-1.000000000000000
-1.000000000000000
0.000000000000000
-0.000000000000001
0.000000000000000
0.000000000000000
0.000000000000000
0.000000000000000
0.000000000000000
0.000000000000000
1.000000000000000
1.000000000000000
1.000000000000000
1.000000000000000
0.999999999999996
0.999999999999996
0.999999999999999
1.000000000000000
2.000000000000000
2.000000000000000
2.000000000000000
2.000000000000000
2.000000000000000
2.000000000000000
1.999999999999990
2.000000000000000
3.000000000000000
3.000000000000000
3.000000000000000
3.000000000000000
3.000000000000000
3.000000000000000
3.000000000000000
3.000000000000000
4.000000000000000
4.000000000000000
4.000000000000000
4.000000000000000
4.000000000000000
4.000000000000000
4.000000000000000
4.000000000000000
5.000000000000000
5.000000000000000
5.000000000000000
5.000000000000000
5.000000000000000
5.000000000000000
5.000000000000000
5.000000000000000
6.000000000000000
6.000000000000000
6.000000000000000
6.000000000000000
6.000000000000000
6.000000000000000
6.000000000000000
6.000000000000000
7.000000000000000
7.000000000000000
7.000000000000000
7.000000000000000
7.000000000000000
7.000000000000000
7.000000000000000
7.000000000000000
8.000000000000000
8.000000000000000
8.000000000000000
8.000000000000000
8.000000000000000
8.000000000000000
8.000000000000011
8.000000000000000
9.000000000000000
9.000000000000000
9.000000000000000
9.000000000000000
9.000000000000000
9.000000000000000
9.000000000000000
9.000000000000000
10.000000000000000
10.000000000000000
10.000000000000000
10.000000000000000
10.000000000000000
10.000000000000000
10.000000000000000
10.000000000000000
11.000000000000000
11.000000000000000
11.000000000000000
11.000000000000000
11.000000000000000
11.000000000000000
11.000000000000000
11.000000000000000
12.000000000000000
12.000000000000000
12.000000000000000
12.000000000000000
12.000000000000000
12.000000000000000
12.000000000000000
12.000000000000000
13.000000000000000
13.000000000000000
13.000000000000000
13.000000000000000
13.000000000000000
13.000000000000000
13.000000000000000
13.000000000000000
14.000000000000000
14.000000000000000
14.000000000000000
14.000000000000000
14.000000000000000
14.000000000000000
14.000000000000000
14.000000000000000
15.000000000000000
15.000000000000000
15.000000000000000
15.000000000000000
15.000000000000000
15.000000000000000
15.000000000000000
15.000000000000000
16.000000000000000
16.000000000000000
16.000000000000000
16.000000000000000
16.000000000000000
16.000000000000000
16.000000000000000
16.000000000000000
17.000000000000000
17.000000000000000
17.000000000000000
17.000000000000000
17.000000000000000
17.000000000000000
17.000000000000000
17.000000000000000
18.000000000000000
18.000000000000000
18.000000000000000
18.000000000000000
18.000000000000000
18.000000000000000
18.000000000000000
18.000000000000000
19.000000000000000
19.000000000000000
19.000000000000000
19.000000000000000
19.000000000000000
19.000000000000000
19.000000000000000
19.000000000000000
20.000000000000000
20.000000000000000
20.000000000000000
20.000000000000000
20.000000000000000
20.000000000000000
20.000000000000000
20.000000000000000
-20.000000000000000
-19.000000000000000
-20.000000000000000
-19.000000000000000
-20.000000000000000
-19.000000000000000
-20.000000000000000
-19.000000000000000
-20.000000000000000
-19.000000000000000
-20.000000000000000
-19.000000000000000
-20.000000000000000
-19.000000000000000
-20.000000000000000
-19.000000000000000
-18.000000000000000
-18.000000000000000
-18.000000000000000
-18.000000000000000
-18.000000000000000
-18.000000000000000
-18.000000000000000
-18.000000000000000
-17.000000000000000
-17.000000000000000
-17.000000000000000
-17.000000000000000
-17.000000000000000
-17.000000000000000
-17.000000000000000
-17.000000000000000
-16.000000000000000
-16.000000000000000
-16.000000000000000
-16.000000000000000
-16.000000000000000
-16.000000000000000
-16.000000000000000
-16.000000000000000
-15.000000000000000
-15.000000000000000
-15.000000000000000
-15.000000000000000
-15.000000000000000
-15.000000000000000
-15.000000000000000
-15.000000000000000
-14.000000000000000
-14.000000000000000
-14.000000000000000
-14.000000000000000
-14.000000000000000
-14.000000000000000
-14.000000000000000
-14.000000000000000
-13.000000000000000
-13.000000000000000
-13.000000000000000
-13.000000000000000
-13.000000000000000
-13.000000000000000
-13.000000000000000
-13.000000000000000
-12.000000000000000
-12.000000000000000
-12.000000000000000
-12.000000000000000
-12.000000000000000
-12.000000000000000
-12.000000000000000
-12.000000000000000
-11.000000000000000
-11.000000000000000
-11.000000000000000
-11.000000000000000
-11.000000000000000
-11.000000000000000
-11.000000000000000
-11.000000000000000
-10.000000000000000
-10.000000000000000
-10.000000000000000
-10.000000000000000
-10.000000000000000
-10.000000000000000
-9.999999999999989
-10.000000000000000
-9.000000000000011
-9.000000000000000
-9.000000000000000
-9.000000000000000
-9.000000000000000
-9.000000000000000
-9.000000000000000
-9.000000000000000
-8.000000000000000
-8.000000000000000
-8.000000000000000
-8.000000000000000
-8.000000000000000
-8.000000000000000
-8.000000000000000
-8.000000000000000
-7.000000000000000
-7.000000000000000
-7.000000000000000
-7.000000000000000
-7.000000000000000
-7.000000000000000
-7.000000000000000
-7.000000000000000
-6.000000000000000
-6.000000000000000
-6.000000000000000
-6.000000000000000
-6.000000000000000
-6.000000000000000
-6.000000000000000
-6.000000000000000
-5.000000000000000
-5.000000000000000
-5.000000000000000
-5.000000000000000
-5.000000000000000
-5.000000000000000
-5.000000000000000
-5.000000000000000
-4.000000000000000
-4.000000000000000
-4.000000000000010
-4.000000000000000
-4.000000000000010
-4.000000000000000
-4.000000000000000
-4.000000000000000
-3.000000000000010
-3.000000000000010
-3.000000000000010
-3.000000000000000
-3.000000000000000
-3.000000000000000
-3.000000000000000
-3.000000000000000
-2.000000000000000
-2.000000000000000
-2.000000000000000
-2.000000000000000
-2.000000000000000
-2.000000000000000
-2.000000000000000
-2.000000000000000
-0.999999999999998
-0.999999999999998
-1.000000000000000
-0.999999999999999
-1.000000000000000
-0.999999999999998
-1.000000000000000
-0.999999999999999
0.000000000000000
0.000000000000000
0.000000000000000
0.000000000000000
0.000000000000000
0.000000000000000
0.000000000000000
0.000000000000000
1.000000000000000
1.000000000000000
0.999999999999997
0.999999999999999
0.999999999999999
0.999999999999998
1.000000000000000
0.999999999999999
1.999999999999990
2.000000000000000
2.000000000000000
2.000000000000000
2.000000000000000
2.000000000000000
2.000000000000000
2.000000000000000
3.000000000000010
3.000000000000000
3.000000000000000
3.000000000000000
3.000000000000000
3.000000000000000
3.000000000000010
3.000000000000000
4.000000000000000
4.000000000000000
4.000000000000000
4.000000000000000
4.000000000000000
4.000000000000000
4.000000000000000
4.000000000000000
5.000000000000000
5.000000000000000
5.000000000000000
5.000000000000000
5.000000000000000
5.000000000000000
5.000000000000000
5.000000000000000
6.000000000000000
6.000000000000000
6.000000000000000
6.000000000000000
6.000000000000000
6.000000000000000
6.000000000000000
6.000000000000000
7.000000000000000
7.000000000000000
7.000000000000000
7.000000000000000
7.000000000000000
7.000000000000000
7.000000000000000
7.000000000000000
8.000000000000011
8.000000000000000
8.000000000000000
8.000000000000000
8.000000000000000
8.000000000000000
8.000000000000011
8.000000000000000
9.000000000000000
9.000000000000000
9.000000000000000
9.000000000000000
9.000000000000000
9.000000000000000
9.000000000000000
9.000000000000000
10.000000000000000
10.000000000000000
10.000000000000000
10.000000000000000
10.000000000000000
10.000000000000000
10.000000000000000
10.000000000000000
11.000000000000000
11.000000000000000
11.000000000000000
11.000000000000000
11.000000000000000
11.000000000000000
11.000000000000000
11.000000000000000
12.000000000000000
12.000000000000000
12.000000000000000
12.000000000000000
12.000000000000000
12.000000000000000
12.000000000000000
12.000000000000000
13.000000000000000
13.000000000000000
13.000000000000000
13.000000000000000
13.000000000000000
13.000000000000000
13.000000000000000
13.000000000000000
14.000000000000000
14.000000000000000
14.000000000000000
14.000000000000000
14.000000000000000
14.000000000000000
14.000000000000000
14.000000000000000
15.000000000000000
15.000000000000000
15.000000000000000
15.000000000000000
15.000000000000000
15.000000000000000
15.000000000000000
15.000000000000000
16.000000000000000
16.000000000000000
16.000000000000000
16.000000000000000
16.000000000000000
16.000000000000000
16.000000000000000
16.000000000000000
17.000000000000000
17.000000000000000
17.000000000000000
17.000000000000000
17.000000000000000
17.000000000000000
17.000000000000000
17.000000000000000
18.000000000000000
18.000000000000000
18.000000000000000
18.000000000000000
18.000000000000000
18.000000000000000
18.000000000000000
18.000000000000000
19.000000000000000
19.000000000000000
19.000000000000000
19.000000000000000
19.000000000000000
19.000000000000000
19.000000000000000
19.000000000000000
20.000000000000000
20.000000000000000
20.000000000000000
20.000000000000000
20.000000000000000
20.000000000000000
20.000000000000000
20.000000000000000
-20.000000000000000
-19.000000000000000
-20.000000000000000
-19.000000000000000
-20.000000000000000
-19.000000000000000
-20.000000000000000
-19.000000000000000
-20.000000000000000
-19.000000000000000
-20.000000000000000
-19.000000000000000
-20.000000000000000
-19.000000000000000
-20.000000000000000
-19.000000000000000
-18.000000000000000
-18.000000000000000
-18.000000000000000
-18.000000000000000
-18.000000000000000
-18.000000000000000
-18.000000000000000
-18.000000000000000
-17.000000000000000
-17.000000000000000
-17.000000000000000
-17.000000000000000
-17.000000000000000
-17.000000000000000
-17.000000000000000
-17.000000000000000
-16.000000000000000
-16.000000000000000
-16.000000000000000
-16.000000000000000
-16.000000000000000
-16.000000000000000
-16.000000000000000
-16.000000000000000
-15.000000000000000
-15.000000000000000
-15.000000000000000
-15.000000000000000
-15.000000000000000
-15.000000000000000
-15.000000000000000
-15.000000000000000
-14.000000000000000
-14.000000000000000
-14.000000000000000
-14.000000000000000
-14.000000000000000
-14.000000000000000
-14.000000000000000
-14.000000000000000
-13.000000000000000
-13.000000000000000
-13.000000000000000
-13.000000000000000
-13.000000000000000
-13.000000000000000
-13.000000000000000
-13.000000000000000
-12.000000000000000
-12.000000000000000
-12.000000000000000
-12.000000000000000
-12.000000000000000
-12.000000000000000
-12.000000000000000
-12.000000000000000
-11.000000000000000
-11.000000000000000
-11.000000000000000
-11.000000000000000
-11.000000000000000
-11.000000000000000
-11.000000000000000
-11.000000000000000
-10.000000000000000
-10.000000000000000
-10.000000000000000
-10.000000000000000
-10.000000000000000
-10.000000000000000
-10.000000000000000
-10.000000000000000
-9.000000000000000
-9.000000000000000
-9.000000000000000
-9.000000000000000
-9.000000000000000
-9.000000000000000
-9.000000000000000
-9.000000000000000
-8.000000000000011
-8.000000000000011
-8.000000000000000
-8.000000000000000
-8.000000000000011
-8.000000000000011
-8.000000000000011
-8.000000000000000
-6.999999999999990
-6.999999999999990
-6.999999999999990
-7.000000000000000
-6.999999999999990
-6.999999999999990
-6.999999999999990
-7.000000000000000
-6.000000000000000
-6.000000000000000
-6.000000000000000
-6.000000000000000
-6.000000000000000
-6.000000000000000
-6.000000000000000
-6.000000000000000
-5.000000000000000
-5.000000000000000
-5.000000000000000
-5.000000000000000
-5.000000000000000
-5.000000000000000
-5.000000000000000
-5.000000000000000
-4.000000000000010
-4.000000000000000
-4.000000000000000
-4.000000000000000
-4.000000000000000
-4.000000000000000
-4.000000000000000
-4.000000000000000
-3.000000000000010
-3.000000000000000
-3.000000000000000
-3.000000000000000
-3.000000000000000
-3.000000000000000
-3.000000000000010
-3.000000000000000
-1.999999999999990
-2.000000000000000
-2.000000000000000
-2.000000000000000
-2.000000000000000
-2.000000000000000
-1.999999999999990
-2.000000000000000
-0.999999999999996
-1.000000000000000
-0.999999999999996
-0.999999999999998
-0.999999999999998
-0.999999999999996
-0.999999999999997
-0.999999999999999
0.000000000000000
0.000000000000000
0.000000000000000
0.000000000000000
0.000000000000000
0.000000000000000
0.000000000000000
0.000000000000000
0.999999999999996
1.000000000000000
1.000000000000000
0.999999999999999
0.999999999999997
0.999999999999997
1.000000000000000
0.999999999999998
1.999999999999990
2.000000000000000
2.000000000000000
2.000000000000000
2.000000000000000
2.000000000000000
1.999999999999990
2.000000000000000
3.000000000000010
3.000000000000000
3.000000000000000
3.000000000000000
3.000000000000000
3.000000000000000
3.000000000000010
3.000000000000000
4.000000000000000
4.000000000000000
4.000000000000000
4.000000000000000
4.000000000000000
4.000000000000000
4.000000000000000
4.000000000000000
5.000000000000000
5.000000000000000
5.000000000000000
5.000000000000000
5.000000000000000
5.000000000000000
5.000000000000000
5.000000000000000
6.000000000000000
6.000000000000000
6.000000000000000
6.000000000000000
6.000000000000000
6.000000000000000
6.000000000000000
6.000000000000000
6.999999999999990
6.999999999999990
7.000000000000000
7.000000000000000
7.000000000000000
6.999999999999990
6.999999999999990
7.000000000000000
8.000000000000000
8.000000000000000
8.000000000000000
8.000000000000000
8.000000000000000
8.000000000000000
8.000000000000000
8.000000000000000
9.000000000000000
9.000000000000000
9.000000000000000
9.000000000000000
9.000000000000000
9.000000000000000
9.000000000000000
9.000000000000000
10.000000000000000
10.000000000000000
10.000000000000000
10.000000000000000
10.000000000000000
10.000000000000000
10.000000000000000
10.000000000000000
11.000000000000000
11.000000000000000
11.000000000000000
11.000000000000000
11.000000000000000
11.000000000000000
11.000000000000000
11.000000000000000
12.000000000000000
12.000000000000000
12.000000000000000
12.000000000000000
12.000000000000000
12.000000000000000
12.000000000000000
12.000000000000000
13.000000000000000
13.000000000000000
13.000000000000000
13.000000000000000
13.000000000000000
13.000000000000000
13.000000000000000
13.000000000000000
14.000000000000000
14.000000000000000
14.000000000000000
14.000000000000000
14.000000000000000
14.000000000000000
14.000000000000000
14.000000000000000
15.000000000000000
15.000000000000000
15.000000000000000
15.000000000000000
15.000000000000000
15.000000000000000
15.000000000000000
15.000000000000000
16.000000000000000
16.000000000000000
16.000000000000000
16.000000000000000
16.000000000000000
16.000000000000000
16.000000000000000
16.000000000000000
17.000000000000000
17.000000000000000
17.000000000000000
17.000000000000000
17.000000000000000
17.000000000000000
17.000000000000000
17.000000000000000
18.000000000000000
18.000000000000000
18.000000000000000
18.000000000000000
18.000000000000000
18.000000000000000
18.000000000000000
18.000000000000000
19.000000000000000
19.000000000000000
19.000000000000000
19.000000000000000
19.000000000000000
19.000000000000000
19.000000000000000
19.000000000000000
20.000000000000000
20.000000000000000
20.000000000000000
20.000000000000000
20.000000000000000
20.000000000000000
20.000000000000000
20.000000000000000
-20.000000000000000
-19.000000000000000
-20.000000000000000
-19.000000000000000
-20.000000000000000
-19.000000000000000
-20.000000000000000
-19.000000000000000
-20.000000000000000
-19.000000000000000
-20.000000000000000
-19.000000000000000
-20.000000000000000
-19.000000000000000
-20.000000000000000
-19.000000000000000
-18.000000000000000
-18.000000000000000
-18.000000000000000
-18.000000000000000
-18.000000000000000
-18.000000000000000
-18.000000000000000
-18.000000000000000
-17.000000000000000
-17.000000000000000
-17.000000000000000
-17.000000000000000
-17.000000000000000
-17.000000000000000
-17.000000000000000
-17.000000000000000
-16.000000000000000
-16.000000000000000
-16.000000000000000
-16.000000000000000
-16.000000000000000
-16.000000000000000
-16.000000000000000
-16.000000000000000
-15.000000000000000
-15.000000000000000
-15.000000000000000
-15.000000000000000
-15.000000000000000
-15.000000000000000
-15.000000000000000
-15.000000000000000
-14.000000000000000
-14.000000000000000
-14.000000000000000
-14.000000000000000
-14.000000000000000
-14.000000000000000
-14.000000000000000
-14.000000000000000
-13.000000000000000
-13.000000000000000
-13.000000000000000
-13.000000000000000
-13.000000000000000
-13.000000000000000
-13.000000000000000
-13.000000000000000
-12.000000000000000
-12.000000000000000
-12.000000000000000
-12.000000000000000
-12.000000000000000
-12.000000000000000
-12.000000000000000
-12.000000000000000
-11.000000000000000
-11.000000000000000
-11.000000000000000
-11.000000000000000
-11.000000000000000
-11.000000000000000
-11.000000000000000
-11.000000000000000
-10.000000000000000
-10.000000000000000
-10.000000000000000
-10.000000000000000
-10.000000000000000
-10.000000000000000
-10.000000000000000
-10.000000000000000
-9.000000000000000
-9.000000000000000
-9.000000000000000
-9.000000000000000
-9.000000000000000
-9.000000000000000
-9.000000000000000
-9.000000000000000
-8.000000000000000
-8.000000000000000
-8.000000000000000
-8.000000000000000
-8.000000000000000
-8.000000000000000
-8.000000000000000
-8.000000000000000
-7.000000000000000
-7.000000000000000
-7.000000000000000
-7.000000000000000
-7.000000000000000
-7.000000000000000
-7.000000000000000
-7.000000000000000
-6.000000000000000
-6.000000000000000
-6.000000000000000
-6.000000000000000
-6.000000000000000
-6.000000000000000
-6.000000000000000
-6.000000000000000
-5.000000000000000
-5.000000000000000
-5.000000000000000
-5.000000000000000
-5.000000000000000
-5.000000000000000
-5.000000000000000
-5.000000000000000
-4.000000000000000
-4.000000000000000
-4.000000000000000
-4.000000000000000
-4.000000000000000
-4.000000000000000
-4.000000000000000
-4.000000000000000
-3.000000000000000
-3.000000000000000
-3.000000000000000
-3.000000000000000
-3.000000000000000
-3.000000000000000
-3.000000000000000
-3.000000000000000
-1.999999999999990
-2.000000000000000
-2.000000000000000
-2.000000000000000
-2.000000000000000
-2.000000000000000
-2.000000000000000
-2.000000000000000
-1.000000000000000
-0.999999999999997
-0.999999999999997
-0.999999999999998
-0.999999999999997
-0.999999999999997
-0.999999999999997
-0.999999999999999
-0.000000000000001
-0.000000000000000
0.000000000000000
0.000000000000000
0.000000000000000
-0.000000000000000
-0.000000000000000
0.000000000000000
0.999999999999999
0.999999999999997
0.999999999999998
1.000000000000000
0.999999999999999
0.999999999999997
0.999999999999998
1.000000000000000
1.999999999999990
2.000000000000000
2.000000000000000
2.000000000000000
2.000000000000000
2.000000000000000
1.999999999999990
2.000000000000000
3.000000000000000
3.000000000000000
3.000000000000000
3.000000000000000
3.000000000000000
3.000000000000000
3.000000000000010
3.000000000000000
4.000000000000000
4.000000000000000
4.000000000000000
4.000000000000000
4.000000000000000
4.000000000000000
4.000000000000000
4.000000000000000
5.000000000000000
5.000000000000000
5.000000000000000
5.000000000000000
5.000000000000000
5.000000000000000
5.000000000000000
5.000000000000000
6.000000000000000
6.000000000000000
6.000000000000000
6.000000000000000
6.000000000000000
6.000000000000000
6.000000000000000
6.000000000000000
6.999999999999990
7.000000000000000
7.000000000000000
7.000000000000000
7.000000000000000
7.000000000000000
7.000000000000000
7.000000000000000
8.000000000000011
8.000000000000000
8.000000000000000
8.000000000000000
8.000000000000000
8.000000000000011
8.000000000000011
8.000000000000000
9.000000000000000
9.000000000000000
9.000000000000000
9.000000000000000
9.000000000000000
9.000000000000000
9.000000000000000
9.000000000000000
10.000000000000000
10.000000000000000
10.000000000000000
10.000000000000000
10.000000000000000
10.000000000000000
10.000000000000000
10.000000000000000
11.000000000000000
11.000000000000000
11.000000000000000
11.000000000000000
11.000000000000000
11.000000000000000
11.000000000000000
11.000000000000000
12.000000000000000
12.000000000000000
12.000000000000000
12.000000000000000
12.000000000000000
12.000000000000000
12.000000000000000
12.000000000000000
13.000000000000000
13.000000000000000
13.000000000000000
13.000000000000000
13.000000000000000
13.000000000000000
13.000000000000000
13.000000000000000
14.000000000000000
14.000000000000000
14.000000000000000
14.000000000000000
14.000000000000000
14.000000000000000
14.000000000000000
14.000000000000000
15.000000000000000
15.000000000000000
15.000000000000000
15.000000000000000
15.000000000000000
15.000000000000000
15.000000000000000
15.000000000000000
16.000000000000000
16.000000000000000
16.000000000000000
16.000000000000000
16.000000000000000
16.000000000000000
16.000000000000000
16.000000000000000
17.000000000000000
17.000000000000000
17.000000000000000
17.000000000000000
17.000000000000000
17.000000000000000
17.000000000000000
17.000000000000000
18.000000000000000
18.000000000000000
18.000000000000000
18.000000000000000
18.000000000000000
18.000000000000000
18.000000000000000
18.000000000000000
19.000000000000000
19.000000000000000
19.000000000000000
19.000000000000000
19.000000000000000
19.000000000000000
19.000000000000000
19.000000000000000
20.000000000000000
20.000000000000000
20.000000000000000
20.000000000000000
20.000000000000000
20.000000000000000
20.000000000000000
20.000000000000000
-20.000000000000000
-19.000000000000000
-20.000000000000000
-19.000000000000000
-20.000000000000000
-19.000000000000000
-20.000000000000000
-19.000000000000000
-20.000000000000000
-19.000000000000000
-20.000000000000000
-19.000000000000000
-20.000000000000000
-19.000000000000000
-20.000000000000000
-19.000000000000000
-18.000000000000000
-18.000000000000000
-18.000000000000000
-18.000000000000000
-18.000000000000000
-18.000000000000000
-18.000000000000000
-18.000000000000000
-17.000000000000000
-17.000000000000000
-17.000000000000000
-17.000000000000000
-17.000000000000000
-17.000000000000000
-17.000000000000000
-17.000000000000000
-16.000000000000000
-16.000000000000000
-16.000000000000000
-16.000000000000000
-16.000000000000000
-16.000000000000000
-16.000000000000000
-16.000000000000000
-15.000000000000000
-15.000000000000000
-15.000000000000000
-15.000000000000000
-15.000000000000000
-15.000000000000000
-15.000000000000000
-15.000000000000000
-14.000000000000000
-14.000000000000000
-14.000000000000000
-14.000000000000000
-14.000000000000000
-14.000000000000000
-14.000000000000000
-14.000000000000000
-13.000000000000000
-13.000000000000000
-13.000000000000000
-13.000000000000000
-13.000000000000000
-13.000000000000000
-13.000000000000000
-13.000000000000000
-12.000000000000000
-12.000000000000000
-12.000000000000000
-12.000000000000000
-12.000000000000000
-12.000000000000000
-12.000000000000000
-12.000000000000000
-11.000000000000000
-11.000000000000000
-11.000000000000000
-11.000000000000000
-11.000000000000000
-11.000000000000000
-11.000000000000000
-11.000000000000000
-10.000000000000000
-10.000000000000000
-10.000000000000000
-10.000000000000000
-10.000000000000000
-10.000000000000000
-10.000000000000000
-10.000000000000000
-9.000000000000000
-9.000000000000000
-9.000000000000000
-9.000000000000000
-9.000000000000000
-9.000000000000000
-9.000000000000000
-9.000000000000000
-8.000000000000000
-8.000000000000000
-8.000000000000000
-8.000000000000000
-8.000000000000000
-8.000000000000011
-8.000000000000011
-8.000000000000000
-7.000000000000010
-7.000000000000000
-7.000000000000000
-7.000000000000000
-7.000000000000000
-7.000000000000000
-7.000000000000000
-7.000000000000000
-6.000000000000000
-6.000000000000000
-6.000000000000000
-6.000000000000000
-6.000000000000000
-6.000000000000000
-6.000000000000000
-6.000000000000000
-5.000000000000000
-5.000000000000000
-5.000000000000000
-5.000000000000000
-5.000000000000000
-5.000000000000000
-5.000000000000000
-5.000000000000000
-4.000000000000000
-4.000000000000000
-4.000000000000000
-4.000000000000000
-4.000000000000000
-4.000000000000000
-4.000000000000000
-4.000000000000000
-3.000000000000010
-3.000000000000000
-3.000000000000000
-3.000000000000000
-3.000000000000000
-3.000000000000000
-3.000000000000010
-3.000000000000000
-1.999999999999990
-2.000000000000000
-2.000000000000000
-2.000000000000000
-2.000000000000000
-2.000000000000000
-2.000000000000000
-2.000000000000000
-0.999999999999999
-0.999999999999998
-1.000000000000000
-1.000000000000000
-0.999999999999997
-0.999999999999998
-0.999999999999997
-0.999999999999997
0.000000000000000
0.000000000000000
-0.000000000000001
0.000000000000000
0.000000000000000
-0.000000000000000
-0.000000000000000
0.000000000000000
0.999999999999996
0.999999999999997
0.999999999999996
0.999999999999997
0.999999999999995
0.999999999999995
0.999999999999998
0.999999999999998
2.000000000000000
2.000000000000000
2.000000000000000
2.000000000000000
2.000000000000000
2.000000000000000
1.999999999999990
2.000000000000000
3.000000000000010
3.000000000000000
3.000000000000000
3.000000000000000
3.000000000000000
3.000000000000000
3.000000000000010
3.000000000000000
4.000000000000000
4.000000000000000
4.000000000000000
4.000000000000000
4.000000000000000
4.000000000000000
4.000000000000000
4.000000000000000
5.000000000000000
5.000000000000000
5.000000000000000
5.000000000000000
5.000000000000000
5.000000000000000
5.000000000000000
5.000000000000000
6.000000000000000
6.000000000000000
6.000000000000000
6.000000000000000
6.000000000000000
6.000000000000000
6.000000000000000
6.000000000000000
7.000000000000000
7.000000000000000
7.000000000000000
7.000000000000000
7.000000000000000
7.000000000000000
7.000000000000000
7.000000000000000
8.000000000000000
8.000000000000000
8.000000000000000
8.000000000000000
8.000000000000000
8.000000000000011
8.000000000000011
8.000000000000000
9.000000000000000
9.000000000000000
9.000000000000000
9.000000000000000
9.000000000000000
9.000000000000000
9.000000000000000
9.000000000000000
10.000000000000000
10.000000000000000
10.000000000000000
10.000000000000000
10.000000000000000
10.000000000000000
10.000000000000000
10.000000000000000
11.000000000000000
11.000000000000000
11.000000000000000
11.000000000000000
11.000000000000000
11.000000000000000
11.000000000000000
11.000000000000000
12.000000000000000
12.000000000000000
12.000000000000000
12.000000000000000
12.000000000000000
12.000000000000000
12.000000000000000
12.000000000000000
13.000000000000000
13.000000000000000
13.000000000000000
13.000000000000000
13.000000000000000
13.000000000000000
13.000000000000000
13.000000000000000
14.000000000000000
14.000000000000000
14.000000000000000
14.000000000000000
14.000000000000000
14.000000000000000
14.000000000000000
14.000000000000000
15.000000000000000
15.000000000000000
15.000000000000000
15.000000000000000
15.000000000000000
15.000000000000000
15.000000000000000
15.000000000000000
16.000000000000000
16.000000000000000
16.000000000000000
16.000000000000000
16.000000000000000
16.000000000000000
16.000000000000000
16.000000000000000
17.000000000000000
17.000000000000000
17.000000000000000
17.000000000000000
17.000000000000000
17.000000000000000
17.000000000000000
17.000000000000000
18.000000000000000
18.000000000000000
18.000000000000000
18.000000000000000
18.000000000000000
18.000000000000000
18.000000000000000
18.000000000000000
19.000000000000000
19.000000000000000
19.000000000000000
19.000000000000000
19.000000000000000
19.000000000000000
19.000000000000000
19.000000000000000
20.000000000000000
20.000000000000000
20.000000000000000
20.000000000000000
20.000000000000000
20.000000000000000
20.000000000000000
20.000000000000000
-20.000000000000000
-19.000000000000000
-20.000000000000000
-19.000000000000000
-20.000000000000000
-19.000000000000000
-20.000000000000000
-19.000000000000000
-20.000000000000000
-19.000000000000000
-20.000000000000000
-19.000000000000000
-20.000000000000000
-19.000000000000000
-20.000000000000000
-19.000000000000000
-18.000000000000000
-18.000000000000000
-18.000000000000000
-18.000000000000000
-18.000000000000000
-18.000000000000000
-18.000000000000000
-18.000000000000000
-17.000000000000000
-17.000000000000000
-17.000000000000000
-17.000000000000000
-17.000000000000000
-17.000000000000000
-17.000000000000000
-17.000000000000000
-16.000000000000000
-16.000000000000000
-16.000000000000000
-16.000000000000000
-16.000000000000000
-16.000000000000000
-16.000000000000000
-16.000000000000000
-15.000000000000000
-15.000000000000000
-15.000000000000000
-15.000000000000000
-15.000000000000000
-15.000000000000000
-15.000000000000000
-15.000000000000000
-14.000000000000000
-14.000000000000000
-14.000000000000000
-14.000000000000000
-14.000000000000000
-14.000000000000000
-14.000000000000000
-14.000000000000000
-13.000000000000000
-13.000000000000000
-13.000000000000000
-13.000000000000000
-13.000000000000000
-13.000000000000000
-13.000000000000000
-13.000000000000000
-12.000000000000000
-12.000000000000000
-12.000000000000000
-12.000000000000000
-12.000000000000000
-12.000000000000000
-12.000000000000000
-12.000000000000000
-11.000000000000000
-11.000000000000000
-11.000000000000000
-11.000000000000000
-11.000000000000000
-11.000000000000000
-11.000000000000000
-11.000000000000000
-10.000000000000000
-10.000000000000000
-10.000000000000000
-10.000000000000000
-10.000000000000000
-10.000000000000000
-10.000000000000000
-10.000000000000000
-9.000000000000000
-9.000000000000000
-9.000000000000000
-9.000000000000000
-9.000000000000000
-9.000000000000000
-9.000000000000000
-9.000000000000000
-8.000000000000000
-8.000000000000000
-8.000000000000000
-8.000000000000000
-8.000000000000000
-8.000000000000011
-8.000000000000000
-8.000000000000000
-6.999999999999990
-6.999999999999990
-6.999999999999990
-7.000000000000000
-7.000000000000000
-7.000000000000000
-7.000000000000000
-7.000000000000000
-6.000000000000000
-6.000000000000000
-6.000000000000000
-6.000000000000000
-6.000000000000000
-6.000000000000000
-6.000000000000000
-6.000000000000000
-5.000000000000000
-5.000000000000000
-5.000000000000000
-5.000000000000000
-5.000000000000000
-5.000000000000000
-5.000000000000000
-5.000000000000000
-4.000000000000000
-4.000000000000000
-4.000000000000000
-4.000000000000000
-4.000000000000000
-4.000000000000000
-4.000000000000000
-4.000000000000000
-3.000000000000000
-3.000000000000000
-3.000000000000000
-3.000000000000000
-3.000000000000000
-3.000000000000000
-3.000000000000000
-3.000000000000000
-1.999999999999990
-2.000000000000000
-2.000000000000000
-2.000000000000000
-2.000000000000000
-2.000000000000000
-1.999999999999990
-2.000000000000000
-1.000000000000000
-0.999999999999998
-0.999999999999997
-0.999999999999999
-0.999999999999998
-0.999999999999997
-1.000000000000000
-0.999999999999999
0.000000000000000
0.000000000000000
0.000000000000000
0.000000000000000
0.000000000000000
0.000000000000000
0.000000000000000
0.000000000000000
1.000000000000000
1.000000000000000
0.999999999999999
0.999999999999999
0.999999999999998
0.999999999999997
1.000000000000000
0.999999999999999
1.999999999999990
2.000000000000000
2.000000000000000
2.000000000000000
2.000000000000000
2.000000000000000
1.999999999999990
2.000000000000000
3.000000000000010
3.000000000000000
3.000000000000000
3.000000000000000
3.000000000000000
3.000000000000000
3.000000000000010
3.000000000000000
4.000000000000000
4.000000000000000
4.000000000000000
4.000000000000000
4.000000000000000
4.000000000000000
4.000000000000000
4.000000000000000
5.000000000000000
5.000000000000000
5.000000000000000
5.000000000000000
5.000000000000000
5.000000000000000
5.000000000000000
5.000000000000000
6.000000000000000
6.000000000000000
6.000000000000000
6.000000000000000
6.000000000000000
6.000000000000000
6.000000000000000
6.000000000000000
6.999999999999990
6.999999999999990
7.000000000000000
7.000000000000000
7.000000000000000
6.999999999999990
6.999999999999990
7.000000000000000
8.000000000000000
8.000000000000000
8.000000000000000
8.000000000000000
8.000000000000000
8.000000000000000
8.000000000000000
8.000000000000000
9.000000000000000
9.000000000000000
8.999999999999989
9.000000000000000
9.000000000000000
9.000000000000000
9.000000000000000
9.000000000000000
10.000000000000000
10.000000000000000
10.000000000000000
10.000000000000000
10.000000000000000
10.000000000000000
10.000000000000000
10.000000000000000
11.000000000000000
11.000000000000000
11.000000000000000
11.000000000000000
11.000000000000000
11.000000000000000
11.000000000000000
11.000000000000000
12.000000000000000
12.000000000000000
12.000000000000000
12.000000000000000
12.000000000000000
12.000000000000000
12.000000000000000
12.000000000000000
13.000000000000000
13.000000000000000
13.000000000000000
13.000000000000000
13.000000000000000
13.000000000000000
13.000000000000000
13.000000000000000
14.000000000000000
14.000000000000000
14.000000000000000
14.000000000000000
14.000000000000000
14.000000000000000
14.000000000000000
14.000000000000000
15.000000000000000
15.000000000000000
15.000000000000000
15.000000000000000
15.000000000000000
15.000000000000000
15.000000000000000
15.000000000000000
16.000000000000000
16.000000000000000
16.000000000000000
16.000000000000000
16.000000000000000
16.000000000000000
16.000000000000000
16.000000000000000
17.000000000000000
17.000000000000000
17.000000000000000
17.000000000000000
17.000000000000000
17.000000000000000
17.000000000000000
17.000000000000000
18.000000000000000
18.000000000000000
18.000000000000000
18.000000000000000
18.000000000000000
18.000000000000000
18.000000000000000
18.000000000000000
19.000000000000000
19.000000000000000
19.000000000000000
19.000000000000000
19.000000000000000
19.000000000000000
19.000000000000000
19.000000000000000
20.000000000000000
20.000000000000000
20.000000000000000
20.000000000000000
20.000000000000000
20.000000000000000
20.000000000000000
20.000000000000000
-20.000000000000000
-19.000000000000000
-20.000000000000000
-19.000000000000000
-20.000000000000000
-19.000000000000000
-20.000000000000000
-19.000000000000000
-20.000000000000000
-19.000000000000000
-20.000000000000000
-19.000000000000000
-20.000000000000000
-19.000000000000000
-20.000000000000000
-19.000000000000000
-18.000000000000000
-18.000000000000000
-18.000000000000000
-18.000000000000000
-18.000000000000000
-18.000000000000000
-18.000000000000000
-18.000000000000000
-17.000000000000000
-17.000000000000000
-17.000000000000000
-17.000000000000000
-17.000000000000000
-17.000000000000000
-17.000000000000000
-17.000000000000000
-16.000000000000000
-16.000000000000000
-16.000000000000000
-16.000000000000000
-16.000000000000000
-16.000000000000000
-16.000000000000000
-16.000000000000000
-15.000000000000000
-15.000000000000000
-15.000000000000000
-15.000000000000000
-15.000000000000000
-15.000000000000000
-15.000000000000000
-15.000000000000000
-14.000000000000000
-14.000000000000000
-14.000000000000000
-14.000000000000000
-14.000000000000000
-14.000000000000000
-14.000000000000000
-14.000000000000000
-13.000000000000000
-13.000000000000000
-13.000000000000000
-13.000000000000000
-13.000000000000000
-13.000000000000000
-13.000000000000000
-13.000000000000000
-12.000000000000000
-12.000000000000000
-12.000000000000000
-12.000000000000000
-12.000000000000000
-12.000000000000000
-12.000000000000000
-12.000000000000000
-11.000000000000000
-11.000000000000000
-11.000000000000000
-11.000000000000000
-11.000000000000000
-11.000000000000000
-11.000000000000000
-11.000000000000000
-10.000000000000000
-10.000000000000000
-10.000000000000000
-10.000000000000000
-10.000000000000000
-10.000000000000000
-10.000000000000000
-10.000000000000000
-9.000000000000000
-9.000000000000000
-9.000000000000000
-9.000000000000000
-9.000000000000000
-9.000000000000000
-9.000000000000000
-9.000000000000000
-8.000000000000000
-8.000000000000000
-8.000000000000000
-8.000000000000000
-8.000000000000000
-8.000000000000000
-8.000000000000000
-8.000000000000000
-6.999999999999990
-7.000000000000000
-7.000000000000000
-7.000000000000000
-7.000000000000000
-7.000000000000000
-7.000000000000000
-7.000000000000000
-6.000000000000000
-6.000000000000000
-6.000000000000000
-6.000000000000000
-6.000000000000000
-6.000000000000000
-6.000000000000000
-6.000000000000000
-5.000000000000000
-5.000000000000000
-5.000000000000000
-5.000000000000000
-5.000000000000000
-5.000000000000000
-5.000000000000000
-5.000000000000000
-4.000000000000000
-4.000000000000000
-4.000000000000000
-4.000000000000000
-4.000000000000000
-4.000000000000000
-4.000000000000000
-4.000000000000000
-3.000000000000010
-3.000000000000000
-3.000000000000000
-3.000000000000000
-3.000000000000000
-3.000000000000000
-3.000000000000010
-3.000000000000000
-2.000000000000000
-2.000000000000000
-2.000000000000000
-2.000000000000000
-2.000000000000000
-2.000000000000000
-1.999999999999990
-2.000000000000000
-1.000000000000000
-0.999999999999999
-1.000000000000000
-0.999999999999999
-0.999999999999996
-0.999999999999996
-1.000000000000000
-0.999999999999998
0.000000000000001
0.000000000000000
0.000000000000000
0.000000000000000
0.000000000000000
0.000000000000000
0.000000000000000
0.000000000000000
0.999999999999999
0.999999999999998
0.999999999999998
0.999999999999998
0.999999999999996
0.999999999999996
1.000000000000000
0.999999999999998
1.999999999999990
2.000000000000000
2.000000000000000
2.000000000000000
2.000000000000000
2.000000000000000
2.000000000000000
2.000000000000000
3.000000000000010
3.000000000000000
3.000000000000000
3.000000000000000
3.000000000000000
3.000000000000000
3.000000000000010
3.000000000000000
4.000000000000000
4.000000000000000
4.000000000000000
4.000000000000000
4.000000000000000
4.000000000000000
4.000000000000000
4.000000000000000
5.000000000000000
5.000000000000000
5.000000000000000
5.000000000000000
5.000000000000000
5.000000000000000
5.000000000000000
5.000000000000000
6.000000000000000
6.000000000000000
5.999999999999990
6.000000000000000
6.000000000000000
6.000000000000000
6.000000000000000
6.000000000000000
7.000000000000000
7.000000000000000
6.999999999999990
7.000000000000000
7.000000000000000
6.999999999999990
6.999999999999990
7.000000000000000
8.000000000000011
8.000000000000000
8.000000000000000
8.000000000000000
8.000000000000000
8.000000000000000
8.000000000000011
8.000000000000000
9.000000000000000
9.000000000000000
9.000000000000000
9.000000000000000
9.000000000000000
9.000000000000000
9.000000000000000
9.000000000000000
10.000000000000000
10.000000000000000
10.000000000000000
10.000000000000000
10.000000000000000
10.000000000000000
10.000000000000000
10.000000000000000
11.000000000000000
11.000000000000000
11.000000000000000
11.000000000000000
11.000000000000000
11.000000000000000
11.000000000000000
11.000000000000000
12.000000000000000
12.000000000000000
12.000000000000000
12.000000000000000
12.000000000000000
12.000000000000000
12.000000000000000
12.000000000000000
13.000000000000000
13.000000000000000
13.000000000000000
13.000000000000000
13.000000000000000
13.000000000000000
13.000000000000000
13.000000000000000
14.000000000000000
14.000000000000000
14.000000000000000
14.000000000000000
14.000000000000000
14.000000000000000
14.000000000000000
14.000000000000000
15.000000000000000
15.000000000000000
15.000000000000000
15.000000000000000
15.000000000000000
15.000000000000000
15.000000000000000
15.000000000000000
16.000000000000000
16.000000000000000
16.000000000000000
16.000000000000000
16.000000000000000
16.000000000000000
16.000000000000000
16.000000000000000
17.000000000000000
17.000000000000000
17.000000000000000
17.000000000000000
17.000000000000000
17.000000000000000
17.000000000000000
17.000000000000000
18.000000000000000
18.000000000000000
18.000000000000000
18.000000000000000
18.000000000000000
18.000000000000000
18.000000000000000
18.000000000000000
19.000000000000000
19.000000000000000
19.000000000000000
19.000000000000000
19.000000000000000
19.000000000000000
19.000000000000000
19.000000000000000
20.000000000000000
20.000000000000000
20.000000000000000
20.000000000000000
20.000000000000000
20.000000000000000
20.000000000000000
20.000000000000000
-20.000000000000000
-19.000000000000000
-20.000000000000000
-19.000000000000000
-20.000000000000000
-19.000000000000000
-20.000000000000000
-19.000000000000000
-20.000000000000000
-19.000000000000000
-20.000000000000000
-19.000000000000000
-20.000000000000000
-19.000000000000000
-20.000000000000000
-19.000000000000000
-18.000000000000000
-18.000000000000000
-18.000000000000000
-18.000000000000000
-18.000000000000000
-18.000000000000000
-18.000000000000000
-18.000000000000000
-17.000000000000000
-17.000000000000000
-17.000000000000000
-17.000000000000000
-17.000000000000000
-17.000000000000000
-17.000000000000000
-17.000000000000000
-16.000000000000000
-16.000000000000000
-16.000000000000000
-16.000000000000000
-16.000000000000000
-16.000000000000000
-16.000000000000000
-16.000000000000000
-15.000000000000000
-15.000000000000000
-15.000000000000000
-15.000000000000000
-15.000000000000000
-15.000000000000000
-15.000000000000000
-15.000000000000000
-14.000000000000000
-14.000000000000000
-14.000000000000000
-14.000000000000000
-14.000000000000000
-14.000000000000000
-14.000000000000000
-14.000000000000000
-13.000000000000000
-13.000000000000000
-13.000000000000000
-13.000000000000000
-13.000000000000000
-13.000000000000000
-13.000000000000000
-13.000000000000000
-12.000000000000000
-12.000000000000000
-12.000000000000000
-12.000000000000000
-12.000000000000000
-12.000000000000000
-12.000000000000000
-12.000000000000000
-11.000000000000000
-11.000000000000000
-11.000000000000000
-11.000000000000000
-11.000000000000000
-11.000000000000000
-11.000000000000000
-11.000000000000000
-10.000000000000000
-10.000000000000000
-10.000000000000000
-10.000000000000000
-10.000000000000000
-10.000000000000000
-10.000000000000000
-10.000000000000000
-9.000000000000000
-9.000000000000000
-9.000000000000000
-9.000000000000000
-9.000000000000000
-9.000000000000000
-9.000000000000000
-9.000000000000000
-8.000000000000000
-8.000000000000000
-8.000000000000000
-8.000000000000000
-8.000000000000000
-8.000000000000000
-8.000000000000000
-8.000000000000000
-7.000000000000000
-7.000000000000000
-7.000000000000000
-7.000000000000000
-7.000000000000000
-7.000000000000000
-7.000000000000000
-7.000000000000000
-6.000000000000000
-6.000000000000000
-6.000000000000000
-6.000000000000000
-6.000000000000000
-6.000000000000000
-6.000000000000000
-6.000000000000000
-5.000000000000000
-5.000000000000000
-5.000000000000000
-5.000000000000000
-5.000000000000000
-5.000000000000000
-5.000000000000000
-5.000000000000000
-4.000000000000000
-4.000000000000000
-4.000000000000000
-4.000000000000000
-4.000000000000000
-4.000000000000000
-4.000000000000000
-4.000000000000000
-3.000000000000000
-3.000000000000000
-3.000000000000000
-3.000000000000000
-3.000000000000000
-3.000000000000000
-3.000000000000000
-3.000000000000000
-2.000000000000000
-2.000000000000000
-2.000000000000000
-2.000000000000000
-2.000000000000000
-2.000000000000000
-2.000000000000000
-2.000000000000000
-1.000000000000000
-0.999999999999999
-1.000000000000000
-1.000000000000000
-1.000000000000000
-1.000000000000000
-1.000000000000000
-1.000000000000000
0.000000000000000
0.000000000000000
0.000000000000000
0.000000000000000
0.000000000000000
0.000000000000000
0.000000000000000
0.000000000000000
1.000000000000000
0.999999999999999
1.000000000000000
1.000000000000000
1.000000000000000
0.999999999999999
1.000000000000000
1.000000000000000
2.000000000000000
2.000000000000000
2.000000000000000
2.000000000000000
2.000000000000000
2.000000000000000
2.000000000000000
2.000000000000000
3.000000000000000
3.000000000000000
3.000000000000000
3.000000000000000
3.000000000000000
3.000000000000000
3.000000000000000
3.000000000000000
4.000000000000000
4.000000000000000
4.000000000000000
4.000000000000000
4.000000000000000
4.000000000000000
4.000000000000000
4.000000000000000
5.000000000000000
5.000000000000000
5.000000000000000
5.000000000000000
5.000000000000000
5.000000000000000
5.000000000000000
5.000000000000000
6.000000000000000
6.000000000000000
6.000000000000000
6.000000000000000
6.000000000000000
6.000000000000000
6.000000000000000
6.000000000000000
7.000000000000000
7.000000000000000
7.000000000000000
7.000000000000000
7.000000000000000
7.000000000000000
7.000000000000000
7.000000000000000
8.000000000000000
8.000000000000000
8.000000000000000
8.000000000000000
8.000000000000000
8.000000000000000
8.000000000000000
8.000000000000000
9.000000000000000
9.000000000000000
9.000000000000000
9.000000000000000
9.000000000000000
9.000000000000000
9.000000000000000
9.000000000000000
10.000000000000000
10.000000000000000
10.000000000000000
10.000000000000000
10.000000000000000
10.000000000000000
10.000000000000000
10.000000000000000
11.000000000000000
11.000000000000000
11.000000000000000
11.000000000000000
11.000000000000000
11.000000000000000
11.000000000000000
11.000000000000000
12.000000000000000
12.000000000000000
12.000000000000000
12.000000000000000
12.000000000000000
12.000000000000000
12.000000000000000
12.000000000000000
13.000000000000000
13.000000000000000
13.000000000000000
13.000000000000000
13.000000000000000
13.000000000000000
13.000000000000000
13.000000000000000
14.000000000000000
14.000000000000000
14.000000000000000
14.000000000000000
14.000000000000000
14.000000000000000
14.000000000000000
14.000000000000000
15.000000000000000
15.000000000000000
15.000000000000000
15.000000000000000
15.000000000000000
15.000000000000000
15.000000000000000
15.000000000000000
16.000000000000000
16.000000000000000
16.000000000000000
16.000000000000000
16.000000000000000
16.000000000000000
16.000000000000000
16.000000000000000
17.000000000000000
17.000000000000000
17.000000000000000
17.000000000000000
17.000000000000000
17.000000000000000
17.000000000000000
17.000000000000000
18.000000000000000
18.000000000000000
18.000000000000000
18.000000000000000
18.000000000000000
18.000000000000000
18.000000000000000
18.000000000000000
19.000000000000000
19.000000000000000
19.000000000000000
19.000000000000000
19.000000000000000
19.000000000000000
19.000000000000000
19.000000000000000
20.000000000000000
20.000000000000000
20.000000000000000
20.000000000000000
20.000000000000000
20.000000000000000
20.000000000000000
20.000000000000000
-20.000000000000000
-19.000000000000000
-20.000000000000000
-19.000000000000000
-20.000000000000000
-19.000000000000000
-20.000000000000000
-19.000000000000000
-20.000000000000000
-19.000000000000000
-20.000000000000000
-19.000000000000000
-20.000000000000000
-19.000000000000000
-20.000000000000000
-19.000000000000000
-18.000000000000000
-18.000000000000000
-18.000000000000000
-18.000000000000000
-18.000000000000000
-18.000000000000000
-18.000000000000000
-18.000000000000000
-17.000000000000000
-17.000000000000000
-17.000000000000000
-17.000000000000000
-17.000000000000000
-17.000000000000000
-17.000000000000000
-17.000000000000000
-16.000000000000000
-16.000000000000000
-16.000000000000000
-16.000000000000000
-16.000000000000000
-16.000000000000000
-16.000000000000000
-16.000000000000000
-15.000000000000000
-15.000000000000000
-15.000000000000000
-15.000000000000000
-15.000000000000000
-15.000000000000000
-15.000000000000000
-15.000000000000000
-14.000000000000000
-14.000000000000000
-14.000000000000000
-14.000000000000000
-14.000000000000000
-14.000000000000000
-14.000000000000000
-14.000000000000000
-13.000000000000000
-13.000000000000000
-13.000000000000000
-13.000000000000000
-13.000000000000000
-13.000000000000000
-13.000000000000000
-13.000000000000000
-12.000000000000000
-12.000000000000000
-12.000000000000000
-12.000000000000000
-12.000000000000000
-12.000000000000000
-12.000000000000000
-12.000000000000000
-11.000000000000000
-11.000000000000000
-11.000000000000000
-11.000000000000000
-11.000000000000000
-11.000000000000000
-11.000000000000000
-11.000000000000000
-10.000000000000000
-10.000000000000000
-10.000000000000000
-10.000000000000000
-10.000000000000000
-10.000000000000000
-10.000000000000000
-10.000000000000000
-9.000000000000000
-9.000000000000000
-9.000000000000000
-9.000000000000000
-9.000000000000000
-9.000000000000000
-9.000000000000000
-9.000000000000000
-8.000000000000000
-8.000000000000000
-8.000000000000000
-8.000000000000000
-8.000000000000000
-8.000000000000000
-8.000000000000000
-8.000000000000000
-7.000000000000000
-7.000000000000000
-7.000000000000000
-7.000000000000000
-7.000000000000000
-7.000000000000000
-7.000000000000000
-7.000000000000000
-6.000000000000000
-6.000000000000000
-6.000000000000000
-6.000000000000000
-6.000000000000000
-6.000000000000000
-5.999999999999990
-6.000000000000000
-5.000000000000000
-5.000000000000000
-5.000000000000000
-5.000000000000000
-5.000000000000000
-5.000000000000000
-5.000000000000000
-5.000000000000000
-4.000000000000000
-4.000000000000000
-4.000000000000000
-4.000000000000000
-4.000000000000000
-4.000000000000000
-4.000000000000000
-4.000000000000000
-3.000000000000010
-3.000000000000000
-3.000000000000000
-3.000000000000000
-3.000000000000000
-3.000000000000000
-3.000000000000000
-3.000000000000000
-2.000000000000000
-2.000000000000000
-2.000000000000000
-2.000000000000000
-2.000000000000000
-2.000000000000000
-1.999999999999990
-2.000000000000000
-0.999999999999999
-0.999999999999996
-0.999999999999996
-0.999999999999998
-0.999999999999996
-0.999999999999996
-0.999999999999999
-0.999999999999998
0.000000000000002
0.000000000000000
0.000000000000000
0.000000000000000
0.000000000000000
0.000000000000000
0.000000000000001
0.000000000000000
0.999999999999999
0.999999999999998
0.999999999999998
0.999999999999998
0.999999999999996
0.999999999999996
0.999999999999999
0.999999999999998
1.999999999999990
2.000000000000000
2.000000000000000
2.000000000000000
2.000000000000000
2.000000000000000
2.000000000000000
2.000000000000000
3.000000000000010
3.000000000000000
3.000000000000000
3.000000000000000
3.000000000000000
3.000000000000000
3.000000000000010
3.000000000000000
4.000000000000000
4.000000000000000
4.000000000000000
4.000000000000000
4.000000000000000
4.000000000000000
4.000000000000000
4.000000000000000
5.000000000000000
5.000000000000000
5.000000000000000
5.000000000000000
5.000000000000000
5.000000000000000
5.000000000000000
5.000000000000000
6.000000000000000
6.000000000000000
6.000000000000000
6.000000000000000
6.000000000000000
6.000000000000000
6.000000000000000
6.000000000000000
7.000000000000000
7.000000000000000
7.000000000000000
7.000000000000000
7.000000000000000
6.999999999999990
7.000000000000000
7.000000000000000
8.000000000000000
8.000000000000000
8.000000000000000
8.000000000000000
8.000000000000000
8.000000000000000
8.000000000000000
8.000000000000000
9.000000000000000
9.000000000000000
9.000000000000000
9.000000000000000
9.000000000000000
9.000000000000000
9.000000000000000
9.000000000000000
10.000000000000000
10.000000000000000
10.000000000000000
10.000000000000000
10.000000000000000
10.000000000000000
10.000000000000000
10.000000000000000
11.000000000000000
11.000000000000000
11.000000000000000
11.000000000000000
11.000000000000000
11.000000000000000
11.000000000000000
11.000000000000000
12.000000000000000
12.000000000000000
12.000000000000000
12.000000000000000
12.000000000000000
12.000000000000000
12.000000000000000
12.000000000000000
13.000000000000000
13.000000000000000
13.000000000000000
13.000000000000000
13.000000000000000
13.000000000000000
13.000000000000000
13.000000000000000
14.000000000000000
14.000000000000000
14.000000000000000
14.000000000000000
14.000000000000000
14.000000000000000
14.000000000000000
14.000000000000000
15.000000000000000
15.000000000000000
15.000000000000000
15.000000000000000
15.000000000000000
15.000000000000000
15.000000000000000
15.000000000000000
16.000000000000000
16.000000000000000
16.000000000000000
16.000000000000000
16.000000000000000
16.000000000000000
16.000000000000000
16.000000000000000
17.000000000000000
17.000000000000000
17.000000000000000
17.000000000000000
17.000000000000000
17.000000000000000
17.000000000000000
17.000000000000000
18.000000000000000
18.000000000000000
18.000000000000000
18.000000000000000
18.000000000000000
18.000000000000000
18.000000000000000
18.000000000000000
19.000000000000000
19.000000000000000
19.000000000000000
19.000000000000000
19.000000000000000
19.000000000000000
19.000000000000000
19.000000000000000
20.000000000000000
20.000000000000000
20.000000000000000
20.000000000000000
20.000000000000000
20.000000000000000
20.000000000000000
20.000000000000000
-20.000000000000000
-19.000000000000000
-20.000000000000000
-19.000000000000000
-20.000000000000000
-19.000000000000000
-20.000000000000000
-19.000000000000000
-20.000000000000000
-19.000000000000000
-20.000000000000000
-19.000000000000000
-20.000000000000000
-19.000000000000000
-20.000000000000000
-19.000000000000000
-18.000000000000000
-18.000000000000000
-18.000000000000000
-18.000000000000000
-18.000000000000000
-18.000000000000000
-18.000000000000000
-18.000000000000000
-17.000000000000000
-17.000000000000000
-17.000000000000000
-17.000000000000000
-17.000000000000000
-17.000000000000000
-17.000000000000000
-17.000000000000000
-16.000000000000000
-16.000000000000000
-16.000000000000000
-16.000000000000000
-16.000000000000000
-16.000000000000000
-16.000000000000000
-16.000000000000000
-15.000000000000000
-15.000000000000000
-15.000000000000000
-15.000000000000000
-15.000000000000000
-15.000000000000000
-15.000000000000000
-15.000000000000000
-14.000000000000000
-14.000000000000000
-14.000000000000000
-14.000000000000000
-14.000000000000000
-14.000000000000000
-14.000000000000000
-14.000000000000000
-13.000000000000000
-13.000000000000000
-13.000000000000000
-13.000000000000000
-13.000000000000000
-13.000000000000000
-13.000000000000000
-13.000000000000000
-12.000000000000000
-12.000000000000000
-12.000000000000000
-12.000000000000000
-12.000000000000000
-12.000000000000000
-12.000000000000000
-12.000000000000000
-11.000000000000000
-11.000000000000000
-11.000000000000000
-11.000000000000000
-11.000000000000000
-11.000000000000000
-11.000000000000000
-11.000000000000000
-10.000000000000000
-10.000000000000000
-10.000000000000000
-10.000000000000000
-10.000000000000000
-10.000000000000000
-10.000000000000000
-10.000000000000000
-9.000000000000000
-9.000000000000000
-9.000000000000000
-9.000000000000000
-9.000000000000000
-9.000000000000000
-9.000000000000000
-9.000000000000000
-8.000000000000000
-8.000000000000000
-8.000000000000000
-7.999999999999990
-8.000000000000000
-8.000000000000000
-8.000000000000000
-8.000000000000000
-7.000000000000000
-7.000000000000000
-7.000000000000000
-7.000000000000000
-7.000000000000000
-7.000000000000000
-7.000000000000000
-7.000000000000000
-6.000000000000000
-6.000000000000000
-6.000000000000000
-6.000000000000000
-6.000000000000000
-6.000000000000000
-6.000000000000000
-6.000000000000000
-5.000000000000000
-5.000000000000000
-5.000000000000000
-5.000000000000000
-5.000000000000000
-5.000000000000000
-5.000000000000000
-5.000000000000000
-4.000000000000000
-4.000000000000000
-4.000000000000000
-4.000000000000000
-4.000000000000000
-4.000000000000000
-4.000000000000000
-4.000000000000000
-3.000000000000000
-3.000000000000000
-3.000000000000000
-3.000000000000000
-3.000000000000000
-3.000000000000000
-3.000000000000000
-3.000000000000000
-2.000000000000000
-2.000000000000000
-2.000000000000000
-2.000000000000000
-2.000000000000000
-2.000000000000000
-1.999999999999990
-2.000000000000000
-1.000000000000000
-0.999999999999997
-0.999999999999998
-0.999999999999999
-0.999999999999998
-0.999999999999997
-1.000000000000000
-0.999999999999999
0.000000000000000
0.000000000000001
0.000000000000000
0.000000000000000
0.000000000000000
0.000000000000000
0.000000000000000
0.000000000000000
1.000000000000000
0.999999999999997
0.999999999999997
0.999999999999998
0.999999999999998
0.999999999999997
0.999999999999999
0.999999999999999
1.999999999999990
2.000000000000000
2.000000000000000
2.000000000000000
2.000000000000000
2.000000000000000
1.999999999999990
2.000000000000000
3.000000000000010
3.000000000000000
3.000000000000000
3.000000000000000
3.000000000000000
3.000000000000000
3.000000000000000
3.000000000000000
4.000000000000000
4.000000000000000
4.000000000000000
4.000000000000000
4.000000000000000
4.000000000000000
4.000000000000000
4.000000000000000
5.000000000000000
5.000000000000000
5.000000000000000
5.000000000000000
5.000000000000000
5.000000000000000
5.000000000000000
5.000000000000000
6.000000000000000
6.000000000000000
6.000000000000000
6.000000000000000
6.000000000000000
6.000000000000000
6.000000000000000
6.000000000000000
7.000000000000000
7.000000000000000
7.000000000000000
7.000000000000000
7.000000000000000
7.000000000000000
6.999999999999990
7.000000000000000
8.000000000000011
8.000000000000000
8.000000000000000
8.000000000000000
8.000000000000000
8.000000000000000
8.000000000000000
8.000000000000000
9.000000000000000
9.000000000000000
9.000000000000000
9.000000000000000
9.000000000000000
9.000000000000000
9.000000000000000
9.000000000000000
10.000000000000000
10.000000000000000
10.000000000000000
10.000000000000000
10.000000000000000
10.000000000000000
10.000000000000000
10.000000000000000
11.000000000000000
11.000000000000000
11.000000000000000
11.000000000000000
11.000000000000000
11.000000000000000
11.000000000000000
11.000000000000000
12.000000000000000
12.000000000000000
12.000000000000000
12.000000000000000
12.000000000000000
12.000000000000000
12.000000000000000
12.000000000000000
13.000000000000000
13.000000000000000
13.000000000000000
13.000000000000000
13.000000000000000
13.000000000000000
13.000000000000000
13.000000000000000
14.000000000000000
14.000000000000000
14.000000000000000
14.000000000000000
14.000000000000000
14.000000000000000
14.000000000000000
14.000000000000000
15.000000000000000
15.000000000000000
15.000000000000000
15.000000000000000
15.000000000000000
15.000000000000000
15.000000000000000
15.000000000000000
16.000000000000000
16.000000000000000
16.000000000000000
16.000000000000000
16.000000000000000
16.000000000000000
16.000000000000000
16.000000000000000
17.000000000000000
17.000000000000000
17.000000000000000
17.000000000000000
17.000000000000000
17.000000000000000
17.000000000000000
17.000000000000000
18.000000000000000
18.000000000000000
18.000000000000000
18.000000000000000
18.000000000000000
18.000000000000000
18.000000000000000
18.000000000000000
19.000000000000000
19.000000000000000
19.000000000000000
19.000000000000000
19.000000000000000
19.000000000000000
19.000000000000000
19.000000000000000
20.000000000000000
20.000000000000000
20.000000000000000
20.000000000000000
20.000000000000000
20.000000000000000
20.000000000000000
20.000000000000000
-20.000000000000000
-19.000000000000000
-20.000000000000000
-19.000000000000000
-20.000000000000000
-19.000000000000000
-20.000000000000000
-19.000000000000000
-20.000000000000000
-19.000000000000000
-20.000000000000000
-19.000000000000000
-20.000000000000000
-19.000000000000000
-20.000000000000000
-19.000000000000000
-18.000000000000000
-18.000000000000000
-18.000000000000000
-18.000000000000000
-18.000000000000000
-18.000000000000000
-18.000000000000000
-18.000000000000000
-17.000000000000000
-17.000000000000000
-17.000000000000000
-17.000000000000000
-17.000000000000000
-17.000000000000000
-17.000000000000000
-17.000000000000000
-16.000000000000000
-16.000000000000000
-16.000000000000000
-16.000000000000000
-16.000000000000000
-16.000000000000000
-16.000000000000000
-16.000000000000000
-15.000000000000000
-15.000000000000000
-15.000000000000000
-15.000000000000000
-15.000000000000000
-15.000000000000000
-15.000000000000000
-15.000000000000000
-14.000000000000000
-14.000000000000000
-14.000000000000000
-14.000000000000000
-14.000000000000000
-14.000000000000000
-14.000000000000000
-14.000000000000000
-13.000000000000000
-13.000000000000000
-13.000000000000000
-13.000000000000000
-13.000000000000000
-13.000000000000000
-13.000000000000000
-13.000000000000000
-12.000000000000000
-12.000000000000000
-12.000000000000000
-12.000000000000000
-12.000000000000000
-12.000000000000000
-12.000000000000000
-12.000000000000000
-11.000000000000000
-11.000000000000000
-11.000000000000000
-11.000000000000000
-11.000000000000000
-11.000000000000000
-11.000000000000000
-11.000000000000000
-10.000000000000000
-10.000000000000000
-10.000000000000000
-10.000000000000000
-10.000000000000000
-10.000000000000000
-10.000000000000000
-10.000000000000000
-9.000000000000000
-9.000000000000000
-9.000000000000000
-9.000000000000000
-9.000000000000000
-9.000000000000000
-9.000000000000000
-9.000000000000000
-8.000000000000000
-8.000000000000000
-8.000000000000000
-8.000000000000000
-8.000000000000000
-8.000000000000011
-8.000000000000000
-8.000000000000011
-7.000000000000000
-7.000000000000000
-7.000000000000000
-7.000000000000000
-7.000000000000000
-6.999999999999990
-7.000000000000000
-7.000000000000000
-6.000000000000000
-6.000000000000000
-6.000000000000000
-6.000000000000000
-6.000000000000000
-6.000000000000000
-5.999999999999990
-6.000000000000000
-5.000000000000000
-5.000000000000000
-5.000000000000000
-5.000000000000000
-5.000000000000000
-5.000000000000000
-5.000000000000000
-5.000000000000000
-4.000000000000000
-4.000000000000000
-4.000000000000000
-4.000000000000000
-4.000000000000000
-4.000000000000000
-4.000000000000000
-4.000000000000000
-3.000000000000000
-3.000000000000000
-3.000000000000000
-3.000000000000000
-3.000000000000000
-3.000000000000000
-3.000000000000010
-3.000000000000000
-2.000000000000000
-2.000000000000000
-2.000000000000000
-2.000000000000000
-2.000000000000000
-2.000000000000000
-1.999999999999990
-2.000000000000000
-1.000000000000000
-0.999999999999996
-0.999999999999995
-0.999999999999998
-0.999999999999995
-0.999999999999998
-0.999999999999998
-0.999999999999997
0.000000000000001
-0.000000000000001
0.000000000000000
0.000000000000000
0.000000000000000
0.000000000000000
0.000000000000002
0.000000000000000
1.000000000000000
0.999999999999999
0.999999999999997
0.999999999999997
0.999999999999995
0.999999999999995
0.999999999999996
0.999999999999998
1.999999999999990
2.000000000000000
2.000000000000000
2.000000000000000
2.000000000000000
2.000000000000000
2.000000000000000
2.000000000000000
3.000000000000010
3.000000000000000
3.000000000000000
3.000000000000000
3.000000000000000
3.000000000000000
3.000000000000010
3.000000000000000
4.000000000000000
4.000000000000000
4.000000000000000
4.000000000000000
4.000000000000000
4.000000000000000
4.000000000000000
4.000000000000000
5.000000000000000
5.000000000000000
5.000000000000000
5.000000000000000
5.000000000000000
5.000000000000000
5.000000000000000
5.000000000000000
6.000000000000000
6.000000000000000
6.000000000000000
6.000000000000000
6.000000000000000
6.000000000000000
6.000000000000000
6.000000000000000
7.000000000000000
7.000000000000000
7.000000000000000
7.000000000000000
7.000000000000000
7.000000000000000
7.000000000000000
7.000000000000000
8.000000000000000
8.000000000000000
8.000000000000000
8.000000000000000
8.000000000000000
8.000000000000000
8.000000000000000
8.000000000000000
9.000000000000000
9.000000000000000
9.000000000000000
9.000000000000000
9.000000000000000
9.000000000000000
9.000000000000000
9.000000000000000
10.000000000000000
10.000000000000000
10.000000000000000
10.000000000000000
10.000000000000000
10.000000000000000
10.000000000000000
10.000000000000000
11.000000000000000
11.000000000000000
11.000000000000000
11.000000000000000
11.000000000000000
11.000000000000000
11.000000000000000
11.000000000000000
12.000000000000000
12.000000000000000
12.000000000000000
12.000000000000000
12.000000000000000
12.000000000000000
12.000000000000000
12.000000000000000
13.000000000000000
13.000000000000000
13.000000000000000
13.000000000000000
13.000000000000000
13.000000000000000
13.000000000000000
13.000000000000000
14.000000000000000
14.000000000000000
14.000000000000000
14.000000000000000
14.000000000000000
14.000000000000000
14.000000000000000
14.000000000000000
15.000000000000000
15.000000000000000
15.000000000000000
15.000000000000000
15.000000000000000
15.000000000000000
15.000000000000000
15.000000000000000
16.000000000000000
16.000000000000000
16.000000000000000
16.000000000000000
16.000000000000000
16.000000000000000
16.000000000000000
16.000000000000000
17.000000000000000
17.000000000000000
17.000000000000000
17.000000000000000
17.000000000000000
17.000000000000000
17.000000000000000
17.000000000000000
18.000000000000000
18.000000000000000
18.000000000000000
18.000000000000000
18.000000000000000
18.000000000000000
18.000000000000000
18.000000000000000
19.000000000000000
19.000000000000000
19.000000000000000
19.000000000000000
19.000000000000000
19.000000000000000
19.000000000000000
19.000000000000000
20.000000000000000
20.000000000000000
20.000000000000000
20.000000000000000
20.000000000000000
20.000000000000000
20.000000000000000
20.000000000000000
-20.000000000000000
-19.000000000000000
-20.000000000000000
-19.000000000000000
-20.000000000000000
-19.000000000000000
-20.000000000000000
-19.000000000000000
-20.000000000000000
-19.000000000000000
-20.000000000000000
-19.000000000000000
-20.000000000000000
-19.000000000000000
-20.000000000000000
-19.000000000000000
-18.000000000000000
-18.000000000000000
-18.000000000000000
-18.000000000000000
-18.000000000000000
-18.000000000000000
-18.000000000000000
-18.000000000000000
-17.000000000000000
-17.000000000000000
-17.000000000000000
-17.000000000000000
-17.000000000000000
-17.000000000000000
-17.000000000000000
-17.000000000000000
-16.000000000000000
-16.000000000000000
-16.000000000000000
-16.000000000000000
-16.000000000000000
-16.000000000000000
-16.000000000000000
-16.000000000000000
-15.000000000000000
-15.000000000000000
-15.000000000000000
-15.000000000000000
-15.000000000000000
-15.000000000000000
-15.000000000000000
-15.000000000000000
-14.000000000000000
-14.000000000000000
-14.000000000000000
-14.000000000000000
-14.000000000000000
-14.000000000000000
-14.000000000000000
-14.000000000000000
-13.000000000000000
-13.000000000000000
-13.000000000000000
-13.000000000000000
-13.000000000000000
-13.000000000000000
-13.000000000000000
-13.000000000000000
-12.000000000000000
-12.000000000000000
-12.000000000000000
-12.000000000000000
-12.000000000000000
-12.000000000000000
-12.000000000000000
-12.000000000000000
-11.000000000000000
-11.000000000000000
-11.000000000000000
-11.000000000000000
-11.000000000000000
-11.000000000000000
-11.000000000000000
-11.000000000000000
-10.000000000000000
-10.000000000000000
-10.000000000000000
-10.000000000000000
-10.000000000000000
-10.000000000000000
-10.000000000000000
-10.000000000000000
-9.000000000000000
-9.000000000000000
-9.000000000000000
-9.000000000000000
-9.000000000000000
-9.000000000000000
-9.000000000000000
-9.000000000000000
-8.000000000000000
-8.000000000000000
-8.000000000000000
-8.000000000000000
-8.000000000000000
-8.000000000000000
-8.000000000000000
-8.000000000000000
-6.999999999999990
-7.000000000000000
-7.000000000000000
-7.000000000000000
-7.000000000000000
-7.000000000000000
-6.999999999999990
-7.000000000000000
-6.000000000000000
-6.000000000000000
-6.000000000000000
-6.000000000000000
-6.000000000000000
-6.000000000000000
-6.000000000000000
-6.000000000000000
-5.000000000000000
-5.000000000000000
-5.000000000000000
-5.000000000000000
-5.000000000000000
-5.000000000000000
-5.000000000000000
-5.000000000000000
-4.000000000000000
-4.000000000000000
-4.000000000000000
-4.000000000000000
-4.000000000000000
-4.000000000000000
-4.000000000000000
-4.000000000000000
-3.000000000000000
-3.000000000000000
-3.000000000000000
-3.000000000000000
-3.000000000000000
-3.000000000000000
-3.000000000000000
-3.000000000000000
-1.999999999999990
-2.000000000000000
-1.999999999999990
-2.000000000000000
-2.000000000000000
-2.000000000000000
-2.000000000000000
-2.000000000000000
-0.999999999999996
-0.999999999999998
-0.999999999999999
-1.000000000000000
-0.999999999999998
-0.999999999999998
-1.000000000000000
-1.000000000000000
0.000000000000000
0.000000000000000
0.000000000000000
0.000000000000000
0.000000000000000
0.000000000000001
0.000000000000001
0.000000000000000
0.999999999999998
1.000000000000000
1.000000000000000
0.999999999999999
0.999999999999998
0.999999999999998
1.000000000000000
1.000000000000000
1.999999999999990
2.000000000000000
2.000000000000000
2.000000000000000
2.000000000000000
2.000000000000000
1.999999999999990
2.000000000000000
3.000000000000000
3.000000000000000
3.000000000000000
3.000000000000000
3.000000000000000
3.000000000000000
3.000000000000000
3.000000000000000
4.000000000000000
4.000000000000000
4.000000000000000
4.000000000000000
4.000000000000000
4.000000000000000
4.000000000000000
4.000000000000000
5.000000000000000
5.000000000000000
5.000000000000000
5.000000000000000
5.000000000000000
5.000000000000000
5.000000000000000
5.000000000000000
6.000000000000000
6.000000000000000
6.000000000000000
6.000000000000000
6.000000000000000
6.000000000000000
6.000000000000000
6.000000000000000
7.000000000000000
7.000000000000000
7.000000000000000
7.000000000000000
7.000000000000000
7.000000000000000
7.000000000000000
7.000000000000000
8.000000000000000
8.000000000000000
8.000000000000000
8.000000000000000
8.000000000000000
8.000000000000000
8.000000000000011
8.000000000000000
9.000000000000000
9.000000000000000
8.999999999999989
9.000000000000000
8.999999999999989
9.000000000000000
9.000000000000000
9.000000000000000
10.000000000000000
10.000000000000000
10.000000000000000
10.000000000000000
10.000000000000000
10.000000000000000
10.000000000000000
10.000000000000000
11.000000000000000
11.000000000000000
11.000000000000000
11.000000000000000
11.000000000000000
11.000000000000000
11.000000000000000
11.000000000000000
12.000000000000000
12.000000000000000
12.000000000000000
12.000000000000000
12.000000000000000
12.000000000000000
12.000000000000000
12.000000000000000
13.000000000000000
13.000000000000000
13.000000000000000
13.000000000000000
13.000000000000000
13.000000000000000
13.000000000000000
13.000000000000000
14.000000000000000
14.000000000000000
14.000000000000000
14.000000000000000
14.000000000000000
14.000000000000000
14.000000000000000
14.000000000000000
15.000000000000000
15.000000000000000
15.000000000000000
15.000000000000000
15.000000000000000
15.000000000000000
15.000000000000000
15.000000000000000
16.000000000000000
16.000000000000000
16.000000000000000
16.000000000000000
16.000000000000000
16.000000000000000
16.000000000000000
16.000000000000000
17.000000000000000
17.000000000000000
17.000000000000000
17.000000000000000
17.000000000000000
17.000000000000000
17.000000000000000
17.000000000000000
18.000000000000000
18.000000000000000
18.000000000000000
18.000000000000000
18.000000000000000
18.000000000000000
18.000000000000000
18.000000000000000
19.000000000000000
19.000000000000000
19.000000000000000
19.000000000000000
19.000000000000000
19.000000000000000
19.000000000000000
19.000000000000000
20.000000000000000
20.000000000000000
20.000000000000000
20.000000000000000
20.000000000000000
20.000000000000000
20.000000000000000
20.000000000000000
-20.000000000000000
-19.000000000000000
-20.000000000000000
-19.000000000000000
-20.000000000000000
-19.000000000000000
-20.000000000000000
-19.000000000000000
-20.000000000000000
-19.000000000000000
-20.000000000000000
-19.000000000000000
-20.000000000000000
-19.000000000000000
-20.000000000000000
-19.000000000000000
-18.000000000000000
-18.000000000000000
-18.000000000000000
-18.000000000000000
-18.000000000000000
-18.000000000000000
-18.000000000000000
-18.000000000000000
-17.000000000000000
-17.000000000000000
-17.000000000000000
-17.000000000000000
-17.000000000000000
-17.000000000000000
-17.000000000000000
-17.000000000000000
-16.000000000000000
-16.000000000000000
-16.000000000000000
-16.000000000000000
-16.000000000000000
-16.000000000000000
-16.000000000000000
-16.000000000000000
-15.000000000000000
-15.000000000000000
-15.000000000000000
-15.000000000000000
-15.000000000000000
-15.000000000000000
-15.000000000000000
-15.000000000000000
-14.000000000000000
-14.000000000000000
-14.000000000000000
-14.000000000000000
-14.000000000000000
-14.000000000000000
-14.000000000000000
-14.000000000000000
-13.000000000000000
-13.000000000000000
-13.000000000000000
-13.000000000000000
-13.000000000000000
-13.000000000000000
-13.000000000000000
-13.000000000000000
-12.000000000000000
-12.000000000000000
-12.000000000000000
-12.000000000000000
-12.000000000000000
-12.000000000000000
-12.000000000000000
-12.000000000000000
-11.000000000000000
-11.000000000000000
-11.000000000000000
-11.000000000000000
-11.000000000000000
-11.000000000000000
-11.000000000000000
-11.000000000000000
-10.000000000000000
-10.000000000000000
-10.000000000000000
-10.000000000000000
-10.000000000000000
-10.000000000000000
-10.000000000000000
-10.000000000000000
-9.000000000000000
-9.000000000000000
-9.000000000000000
-9.000000000000000
-9.000000000000000
-9.000000000000000
-9.000000000000000
-9.000000000000000
-8.000000000000000
-8.000000000000000
-8.000000000000000
-8.000000000000000
-8.000000000000000
-8.000000000000000
-8.000000000000011
-8.000000000000000
-6.999999999999990
-7.000000000000000
-7.000000000000000
-7.000000000000000
-7.000000000000000
-6.999999999999990
-6.999999999999990
-7.000000000000000
-6.000000000000000
-6.000000000000000
-6.000000000000000
-6.000000000000000
-6.000000000000000
-6.000000000000000
-6.000000000000000
-6.000000000000000
-5.000000000000000
-5.000000000000000
-5.000000000000000
-5.000000000000000
-5.000000000000000
-5.000000000000000
-5.000000000000000
-5.000000000000000
-4.000000000000000
-4.000000000000000
-4.000000000000000
-4.000000000000000
-4.000000000000000
-4.000000000000000
-4.000000000000000
-4.000000000000000
-3.000000000000000
-3.000000000000000
-3.000000000000000
-3.000000000000000
-3.000000000000000
-3.000000000000000
-3.000000000000000
-3.000000000000000
-2.000000000000000
-2.000000000000000
-2.000000000000000
-2.000000000000000
-2.000000000000000
-2.000000000000000
-1.999999999999990
-2.000000000000000
-1.000000000000000
-0.999999999999997
-0.999999999999997
-0.999999999999999
-0.999999999999998
-0.999999999999997
-1.000000000000000
-0.999999999999999
0.000000000000001
0.000000000000000
0.000000000000000
0.000000000000000
0.000000000000000
0.000000000000000
-0.000000000000001
0.000000000000000
1.000000000000000
0.999999999999996
0.999999999999997
0.999999999999999
0.999999999999998
0.999999999999996
1.000000000000000
0.999999999999998
1.999999999999990
2.000000000000000
2.000000000000000
2.000000000000000
2.000000000000000
2.000000000000000
2.000000000000000
2.000000000000000
3.000000000000010
3.000000000000000
3.000000000000000
3.000000000000000
3.000000000000000
3.000000000000000
3.000000000000010
3.000000000000000
4.000000000000010
4.000000000000000
4.000000000000000
4.000000000000000
4.000000000000000
4.000000000000000
4.000000000000000
4.000000000000000
5.000000000000000
5.000000000000000
5.000000000000000
5.000000000000000
5.000000000000000
5.000000000000000
5.000000000000000
5.000000000000000
6.000000000000000
6.000000000000000
6.000000000000000
6.000000000000000
6.000000000000000
6.000000000000000
6.000000000000000
6.000000000000000
7.000000000000000
6.999999999999990
6.999999999999990
7.000000000000000
7.000000000000000
6.999999999999990
6.999999999999990
7.000000000000000
8.000000000000011
8.000000000000000
8.000000000000000
8.000000000000000
8.000000000000000
8.000000000000011
8.000000000000011
8.000000000000000
9.000000000000000
9.000000000000000
9.000000000000000
9.000000000000000
9.000000000000000
9.000000000000000
9.000000000000000
9.000000000000000
10.000000000000000
10.000000000000000
10.000000000000000
10.000000000000000
10.000000000000000
10.000000000000000
10.000000000000000
10.000000000000000
11.000000000000000
11.000000000000000
11.000000000000000
11.000000000000000
11.000000000000000
11.000000000000000
11.000000000000000
11.000000000000000
12.000000000000000
12.000000000000000
12.000000000000000
12.000000000000000
12.000000000000000
12.000000000000000
12.000000000000000
12.000000000000000
13.000000000000000
13.000000000000000
13.000000000000000
13.000000000000000
13.000000000000000
13.000000000000000
13.000000000000000
13.000000000000000
14.000000000000000
14.000000000000000
14.000000000000000
14.000000000000000
14.000000000000000
14.000000000000000
14.000000000000000
14.000000000000000
15.000000000000000
15.000000000000000
15.000000000000000
15.000000000000000
15.000000000000000
15.000000000000000
15.000000000000000
15.000000000000000
16.000000000000000
16.000000000000000
16.000000000000000
16.000000000000000
16.000000000000000
16.000000000000000
16.000000000000000
16.000000000000000
17.000000000000000
17.000000000000000
17.000000000000000
17.000000000000000
17.000000000000000
17.000000000000000
17.000000000000000
17.000000000000000
18.000000000000000
18.000000000000000
18.000000000000000
18.000000000000000
18.000000000000000
18.000000000000000
18.000000000000000
18.000000000000000
19.000000000000000
19.000000000000000
19.000000000000000
19.000000000000000
19.000000000000000
19.000000000000000
19.000000000000000
19.000000000000000
20.000000000000000
20.000000000000000
20.000000000000000
20.000000000000000
20.000000000000000
20.000000000000000
20.000000000000000
20.000000000000000
-20.000000000000000
-19.000000000000000
-20.000000000000000
-19.000000000000000
-20.000000000000000
-19.000000000000000
-20.000000000000000
-19.000000000000000
-20.000000000000000
-19.000000000000000
-20.000000000000000
-19.000000000000000
-20.000000000000000
-19.000000000000000
-20.000000000000000
-19.000000000000000
-18.000000000000000
-18.000000000000000
-18.000000000000000
-18.000000000000000
-18.000000000000000
-18.000000000000000
-18.000000000000000
-18.000000000000000
-17.000000000000000
-17.000000000000000
-17.000000000000000
-17.000000000000000
-17.000000000000000
-17.000000000000000
-17.000000000000000
-17.000000000000000
-16.000000000000000
-16.000000000000000
-16.000000000000000
-16.000000000000000
-16.000000000000000
-16.000000000000000
-16.000000000000000
-16.000000000000000
-15.000000000000000
-15.000000000000000
-15.000000000000000
-15.000000000000000
-15.000000000000000
-15.000000000000000
-15.000000000000000
-15.000000000000000
-14.000000000000000
-14.000000000000000
-14.000000000000000
-14.000000000000000
-14.000000000000000
-14.000000000000000
-14.000000000000000
-14.000000000000000
-13.000000000000000
-13.000000000000000
-13.000000000000000
-13.000000000000000
-13.000000000000000
-13.000000000000000
-13.000000000000000
-13.000000000000000
-12.000000000000000
-12.000000000000000
-12.000000000000000
-12.000000000000000
-12.000000000000000
-12.000000000000000
-12.000000000000000
-12.000000000000000
-11.000000000000000
-11.000000000000000
-11.000000000000000
-11.000000000000000
-11.000000000000000
-11.000000000000000
-11.000000000000000
-11.000000000000000
-9.999999999999989
-10.000000000000000
-10.000000000000000
-10.000000000000000
-10.000000000000000
-10.000000000000000
-10.000000000000000
-10.000000000000000
-9.000000000000000
-9.000000000000000
-9.000000000000000
-9.000000000000000
-9.000000000000000
-9.000000000000000
-9.000000000000000
-9.000000000000000
-8.000000000000000
-8.000000000000011
-8.000000000000000
-8.000000000000000
-8.000000000000000
-8.000000000000011
-8.000000000000000
-8.000000000000000
-6.999999999999990
-6.999999999999990
-6.999999999999990
-7.000000000000000
-6.999999999999990
-7.000000000000000
-7.000000000000000
-7.000000000000000
-5.999999999999990
-6.000000000000000
-6.000000000000000
-6.000000000000000
-6.000000000000000
-6.000000000000000
-5.999999999999990
-6.000000000000000
-5.000000000000000
-5.000000000000000
-5.000000000000000
-5.000000000000000
-5.000000000000000
-5.000000000000000
-5.000000000000000
-5.000000000000000
-4.000000000000000
-4.000000000000000
-4.000000000000010
-4.000000000000000
-4.000000000000000
-4.000000000000000
-4.000000000000000
-4.000000000000000
-3.000000000000000
-3.000000000000000
-3.000000000000000
-3.000000000000000
-3.000000000000000
-3.000000000000010
-3.000000000000000
-3.000000000000000
-2.000000000000000
-2.000000000000000
-2.000000000000000
-2.000000000000000
-2.000000000000000
-2.000000000000000
-1.999999999999990
-2.000000000000000
-1.000000000000000
-1.000000000000000
-1.000000000000000
-1.000000000000000
-0.999999999999998
-0.999999999999997
-1.000000000000000
-0.999999999999998
0.000000000000001
0.000000000000000
-0.000000000000000
0.000000000000000
0.000000000000000
-0.000000000000001
0.000000000000000
0.000000000000000
1.000000000000000
1.000000000000000
1.000000000000000
0.999999999999999
0.999999999999997
0.999999999999997
1.000000000000000
0.999999999999999
2.000000000000000
2.000000000000000
2.000000000000000
2.000000000000000
2.000000000000000
2.000000000000000
2.000000000000000
2.000000000000000
3.000000000000010
3.000000000000000
3.000000000000000
3.000000000000000
3.000000000000000
3.000000000000000
3.000000000000010
3.000000000000000
4.000000000000000
4.000000000000000
4.000000000000000
4.000000000000000
4.000000000000000
4.000000000000000
4.000000000000000
4.000000000000000
5.000000000000000
5.000000000000000
5.000000000000000
5.000000000000000
5.000000000000000
5.000000000000000
5.000000000000000
5.000000000000000
6.000000000000010
6.000000000000000
6.000000000000000
6.000000000000000
6.000000000000000
6.000000000000000
6.000000000000000
6.000000000000000
7.000000000000000
7.000000000000000
7.000000000000000
7.000000000000000
7.000000000000000
6.999999999999990
7.000000000000000
7.000000000000000
8.000000000000011
8.000000000000000
8.000000000000000
8.000000000000000
8.000000000000000
8.000000000000000
8.000000000000000
8.000000000000000
9.000000000000000
9.000000000000000
9.000000000000000
9.000000000000000
9.000000000000000
9.000000000000000
9.000000000000011
9.000000000000000
10.000000000000000
9.999999999999989
10.000000000000000
10.000000000000000
10.000000000000000
10.000000000000000
10.000000000000000
10.000000000000000
11.000000000000000
11.000000000000000
11.000000000000000
11.000000000000000
11.000000000000000
11.000000000000000
11.000000000000000
11.000000000000000
12.000000000000000
12.000000000000000
12.000000000000000
12.000000000000000
12.000000000000000
12.000000000000000
12.000000000000000
12.000000000000000
13.000000000000000
13.000000000000000
13.000000000000000
13.000000000000000
13.000000000000000
13.000000000000000
13.000000000000000
13.000000000000000
14.000000000000000
14.000000000000000
14.000000000000000
14.000000000000000
14.000000000000000
14.000000000000000
14.000000000000000
14.000000000000000
15.000000000000000
15.000000000000000
15.000000000000000
15.000000000000000
15.000000000000000
15.000000000000000
15.000000000000000
15.000000000000000
16.000000000000000
16.000000000000000
16.000000000000000
16.000000000000000
16.000000000000000
16.000000000000000
16.000000000000000
16.000000000000000
17.000000000000000
17.000000000000000
17.000000000000000
17.000000000000000
17.000000000000000
17.000000000000000
17.000000000000000
17.000000000000000
18.000000000000000
18.000000000000000
18.000000000000000
18.000000000000000
18.000000000000000
18.000000000000000
18.000000000000000
18.000000000000000
19.000000000000000
19.000000000000000
19.000000000000000
19.000000000000000
19.000000000000000
19.000000000000000
19.000000000000000
19.000000000000000
20.000000000000000
20.000000000000000
20.000000000000000
20.000000000000000
20.000000000000000
20.000000000000000
20.000000000000000
20.000000000000000
-20.000000000000000
-19.000000000000000
-20.000000000000000
-19.000000000000000
-20.000000000000000
-19.000000000000000
-20.000000000000000
-19.000000000000000
-20.000000000000000
-19.000000000000000
-20.000000000000000
-19.000000000000000
-20.000000000000000
-19.000000000000000
-20.000000000000000
-19.000000000000000
-18.000000000000000
-18.000000000000000
-18.000000000000000
-18.000000000000000
-18.000000000000000
-18.000000000000000
-18.000000000000000
-18.000000000000000
-17.000000000000000
-17.000000000000000
-17.000000000000000
-17.000000000000000
-17.000000000000000
-17.000000000000000
-17.000000000000000
-17.000000000000000
-16.000000000000000
-16.000000000000000
-16.000000000000000
-16.000000000000000
-16.000000000000000
-16.000000000000000
-16.000000000000000
-16.000000000000000
-15.000000000000000
-15.000000000000000
-15.000000000000000
-15.000000000000000
-15.000000000000000
-15.000000000000000
-15.000000000000000
-15.000000000000000
-14.000000000000000
-14.000000000000000
-14.000000000000000
-14.000000000000000
-14.000000000000000
-14.000000000000000
-14.000000000000000
-14.000000000000000
-13.000000000000000
-13.000000000000000
-13.000000000000000
-13.000000000000000
-13.000000000000000
-13.000000000000000
-13.000000000000000
-13.000000000000000
-12.000000000000000
-12.000000000000000
-12.000000000000000
-12.000000000000000
-12.000000000000000
-12.000000000000000
-12.000000000000000
-12.000000000000000
-11.000000000000000
-11.000000000000000
-11.000000000000000
-11.000000000000000
-11.000000000000000
-11.000000000000000
-11.000000000000000
-11.000000000000000
-10.000000000000000
-10.000000000000000
-10.000000000000000
-10.000000000000000
-10.000000000000000
-10.000000000000000
-10.000000000000000
-10.000000000000000
-9.000000000000000
-9.000000000000000
-9.000000000000000
-9.000000000000000
-9.000000000000000
-9.000000000000000
-9.000000000000000
-9.000000000000000
-8.000000000000000
-8.000000000000000
-8.000000000000000
-8.000000000000000
-8.000000000000000
-8.000000000000000
-8.000000000000000
-8.000000000000000
-7.000000000000000
-7.000000000000000
-7.000000000000000
-7.000000000000000
-7.000000000000000
-7.000000000000000
-7.000000000000000
-7.000000000000000
-5.999999999999990
-6.000000000000000
-6.000000000000000
-6.000000000000000
-6.000000000000000
-6.000000000000000
-5.999999999999990
-6.000000000000000
-5.000000000000000
-5.000000000000000
-5.000000000000000
-5.000000000000000
-5.000000000000000
-5.000000000000000
-5.000000000000000
-5.000000000000000
-4.000000000000000
-4.000000000000000
-4.000000000000000
-4.000000000000000
-4.000000000000000
-4.000000000000000
-4.000000000000000
-4.000000000000000
-3.000000000000010
-3.000000000000000
-3.000000000000000
-3.000000000000000
-3.000000000000010
-3.000000000000010
-3.000000000000010
-3.000000000000000
-1.999999999999990
-2.000000000000000
-2.000000000000000
-2.000000000000000
-2.000000000000000
-2.000000000000000
-1.999999999999990
-2.000000000000000
-1.000000000000000
-1.000000000000000
-0.999999999999999
-1.000000000000000
-1.000000000000000
-0.999999999999998
-1.000000000000000
-1.000000000000000
0.000000000000000
0.000000000000002
0.000000000000002
0.000000000000002
0.000000000000000
0.000000000000000
-0.000000000000001
0.000000000000000
1.000000000000000
0.999999999999998
0.999999999999997
1.000000000000000
1.000000000000000
1.000000000000000
1.000000000000000
1.000000000000000
2.000000000000000
2.000000000000000
2.000000000000000
2.000000000000000
2.000000000000000
2.000000000000000
1.999999999999990
2.000000000000000
3.000000000000000
3.000000000000000
3.000000000000000
3.000000000000000
3.000000000000000
3.000000000000000
3.000000000000010
3.000000000000000
4.000000000000000
4.000000000000000
4.000000000000000
4.000000000000000
4.000000000000000
4.000000000000000
4.000000000000000
4.000000000000000
5.000000000000000
5.000000000000000
5.000000000000000
5.000000000000000
5.000000000000000
5.000000000000000
5.000000000000000
5.000000000000000
6.000000000000000
6.000000000000000
6.000000000000000
6.000000000000000
6.000000000000000
6.000000000000000
6.000000000000000
6.000000000000000
6.999999999999990
7.000000000000000
7.000000000000000
7.000000000000000
7.000000000000000
7.000000000000000
6.999999999999990
7.000000000000000
8.000000000000000
8.000000000000000
8.000000000000000
8.000000000000000
8.000000000000000
8.000000000000011
8.000000000000000
8.000000000000000
8.999999999999989
9.000000000000000
9.000000000000000
9.000000000000000
9.000000000000000
9.000000000000000
8.999999999999989
9.000000000000000
10.000000000000000
10.000000000000000
10.000000000000000
10.000000000000000
10.000000000000000
10.000000000000000
10.000000000000000
10.000000000000000
11.000000000000000
11.000000000000000
11.000000000000000
11.000000000000000
11.000000000000000
11.000000000000000
11.000000000000000
11.000000000000000
12.000000000000000
12.000000000000000
12.000000000000000
12.000000000000000
12.000000000000000
12.000000000000000
12.000000000000000
12.000000000000000
13.000000000000000
13.000000000000000
13.000000000000000
13.000000000000000
13.000000000000000
13.000000000000000
13.000000000000000
13.000000000000000
14.000000000000000
14.000000000000000
14.000000000000000
14.000000000000000
14.000000000000000
14.000000000000000
14.000000000000000
14.000000000000000
15.000000000000000
15.000000000000000
15.000000000000000
15.000000000000000
15.000000000000000
15.000000000000000
15.000000000000000
15.000000000000000
16.000000000000000
16.000000000000000
16.000000000000000
16.000000000000000
16.000000000000000
16.000000000000000
16.000000000000000
16.000000000000000
17.000000000000000
17.000000000000000
17.000000000000000
17.000000000000000
17.000000000000000
17.000000000000000
17.000000000000000
17.000000000000000
18.000000000000000
18.000000000000000
18.000000000000000
18.000000000000000
18.000000000000000
18.000000000000000
18.000000000000000
18.000000000000000
19.000000000000000
19.000000000000000
19.000000000000000
19.000000000000000
19.000000000000000
19.000000000000000
19.000000000000000
19.000000000000000
20.000000000000000
20.000000000000000
20.000000000000000
20.000000000000000
20.000000000000000
20.000000000000000
20.000000000000000
20.000000000000000
-20.000000000000000
-19.000000000000000
-20.000000000000000
-19.000000000000000
-20.000000000000000
-19.000000000000000
-20.000000000000000
-19.000000000000000
-20.000000000000000
-19.000000000000000
-20.000000000000000
-19.000000000000000
-20.000000000000000
-19.000000000000000
-20.000000000000000
-19.000000000000000
-18.000000000000000
-18.000000000000000
-18.000000000000000
-18.000000000000000
-18.000000000000000
-18.000000000000000
-18.000000000000000
-18.000000000000000
-17.000000000000000
-17.000000000000000
-17.000000000000000
-17.000000000000000
-17.000000000000000
-17.000000000000000
-17.000000000000000
-17.000000000000000
-16.000000000000000
-16.000000000000000
-16.000000000000000
-16.000000000000000
-16.000000000000000
-16.000000000000000
-16.000000000000000
-16.000000000000000
-15.000000000000000
-15.000000000000000
-15.000000000000000
-15.000000000000000
-15.000000000000000
-15.000000000000000
-15.000000000000000
-15.000000000000000
-14.000000000000000
-14.000000000000000
-14.000000000000000
-14.000000000000000
-14.000000000000000
-14.000000000000000
-14.000000000000000
-14.000000000000000
-13.000000000000000
-13.000000000000000
-13.000000000000000
-13.000000000000000
-13.000000000000000
-13.000000000000000
-13.000000000000000
-13.000000000000000
-12.000000000000000
-12.000000000000000
-12.000000000000000
-12.000000000000000
-12.000000000000000
-12.000000000000000
-12.000000000000000
-12.000000000000000
-11.000000000000000
-11.000000000000000
-11.000000000000000
-11.000000000000000
-11.000000000000000
-11.000000000000000
-11.000000000000000
-11.000000000000000
-10.000000000000000
-10.000000000000000
-10.000000000000000
-10.000000000000000
-10.000000000000000
-10.000000000000000
-10.000000000000000
-10.000000000000000
-9.000000000000000
-9.000000000000000
-9.000000000000000
-9.000000000000000
-9.000000000000000
-9.000000000000000
-9.000000000000011
-9.000000000000000
-8.000000000000000
-8.000000000000000
-8.000000000000000
-8.000000000000000
-8.000000000000000
-8.000000000000000
-8.000000000000011
-8.000000000000011
-7.000000000000000
-7.000000000000000
-7.000000000000000
-7.000000000000000
-7.000000000000000
-7.000000000000000
-7.000000000000000
-7.000000000000000
-6.000000000000000
-6.000000000000000
-6.000000000000000
-6.000000000000000
-6.000000000000000
-6.000000000000000
-5.999999999999990
-6.000000000000000
-5.000000000000000
-5.000000000000000
-5.000000000000000
-5.000000000000000
-5.000000000000000
-5.000000000000000
-5.000000000000000
-5.000000000000000
-4.000000000000000
-4.000000000000000
-4.000000000000000
-4.000000000000000
-4.000000000000000
-4.000000000000000
-4.000000000000000
-4.000000000000000
-3.000000000000010
-3.000000000000000
-3.000000000000000
-3.000000000000000
-3.000000000000000
-3.000000000000000
-3.000000000000000
-3.000000000000000
-1.999999999999990
-2.000000000000000
-2.000000000000000
-2.000000000000000
-2.000000000000000
-2.000000000000000
-1.999999999999990
-2.000000000000000
-0.999999999999999
-0.999999999999998
-0.999999999999998
-0.999999999999999
-0.999999999999999
-0.999999999999998
-1.000000000000000
-1.000000000000000
-0.000000000000002
-0.000000000000002
-0.000000000000002
-0.000000000000002
0.000000000000000
-0.000000000000001
0.000000000000000
0.000000000000000
1.000000000000000
1.000000000000000
1.000000000000000
1.000000000000000
1.000000000000010
1.000000000000000
1.000000000000000
1.000000000000000
2.000000000000000
2.000000000000000
2.000000000000000
2.000000000000000
2.000000000000000
2.000000000000000
2.000000000000000
2.000000000000000
3.000000000000000
3.000000000000000
3.000000000000000
3.000000000000000
3.000000000000000
3.000000000000000
3.000000000000000
3.000000000000000
4.000000000000000
4.000000000000000
4.000000000000000
4.000000000000000
4.000000000000000
4.000000000000000
4.000000000000000
4.000000000000000
5.000000000000000
5.000000000000000
5.000000000000000
5.000000000000000
5.000000000000000
5.000000000000000
5.000000000000000
5.000000000000000
5.999999999999990
6.000000000000000
6.000000000000000
6.000000000000000
6.000000000000000
6.000000000000000
5.999999999999990
6.000000000000000
7.000000000000000
7.000000000000000
7.000000000000000
7.000000000000000
7.000000000000000
7.000000000000000
7.000000000000000
7.000000000000000
8.000000000000000
8.000000000000000
8.000000000000000
8.000000000000000
8.000000000000000
8.000000000000000
8.000000000000000
8.000000000000000
9.000000000000000
9.000000000000011
9.000000000000000
9.000000000000000
9.000000000000000
9.000000000000000
9.000000000000011
9.000000000000000
10.000000000000000
10.000000000000000
10.000000000000000
10.000000000000000
10.000000000000000
10.000000000000000
10.000000000000000
10.000000000000000
11.000000000000000
11.000000000000000
11.000000000000000
11.000000000000000
11.000000000000000
11.000000000000000
11.000000000000000
11.000000000000000
12.000000000000000
12.000000000000000
12.000000000000000
12.000000000000000
12.000000000000000
12.000000000000000
12.000000000000000
12.000000000000000
13.000000000000000
13.000000000000000
13.000000000000000
13.000000000000000
13.000000000000000
13.000000000000000
13.000000000000000
13.000000000000000
14.000000000000000
14.000000000000000
14.000000000000000
14.000000000000000
14.000000000000000
14.000000000000000
14.000000000000000
14.000000000000000
15.000000000000000
15.000000000000000
15.000000000000000
15.000000000000000
15.000000000000000
15.000000000000000
15.000000000000000
15.000000000000000
16.000000000000000
16.000000000000000
16.000000000000000
16.000000000000000
16.000000000000000
16.000000000000000
16.000000000000000
16.000000000000000
17.000000000000000
17.000000000000000
17.000000000000000
17.000000000000000
17.000000000000000
17.000000000000000
17.000000000000000
17.000000000000000
18.000000000000000
18.000000000000000
18.000000000000000
18.000000000000000
18.000000000000000
18.000000000000000
18.000000000000000
18.000000000000000
19.000000000000000
19.000000000000000
19.000000000000000
19.000000000000000
19.000000000000000
19.000000000000000
19.000000000000000
19.000000000000000
20.000000000000000
20.000000000000000
20.000000000000000
20.000000000000000
20.000000000000000
20.000000000000000
20.000000000000000
20.000000000000000
-20.000000000000000
-19.000000000000000
-20.000000000000000
-19.000000000000000
-20.000000000000000
-19.000000000000000
-20.000000000000000
-19.000000000000000
-20.000000000000000
-19.000000000000000
-20.000000000000000
-19.000000000000000
-20.000000000000000
-19.000000000000000
-20.000000000000000
-19.000000000000000
-18.000000000000000
-18.000000000000000
-18.000000000000000
-18.000000000000000
-18.000000000000000
-18.000000000000000
-18.000000000000000
-18.000000000000000
-17.000000000000000
-17.000000000000000
-17.000000000000000
-17.000000000000000
-17.000000000000000
-17.000000000000000
-17.000000000000000
-17.000000000000000
-16.000000000000000
-16.000000000000000
-16.000000000000000
-16.000000000000000
-16.000000000000000
-16.000000000000000
-16.000000000000000
-16.000000000000000
-15.000000000000000
-15.000000000000000
-15.000000000000000
-15.000000000000000
-15.000000000000000
-15.000000000000000
-15.000000000000000
-15.000000000000000
-14.000000000000000
-14.000000000000000
-14.000000000000000
-14.000000000000000
-14.000000000000000
-14.000000000000000
-14.000000000000000
-14.000000000000000
-13.000000000000000
-13.000000000000000
-13.000000000000000
-13.000000000000000
-13.000000000000000
-13.000000000000000
-13.000000000000000
-13.000000000000000
-12.000000000000000
-12.000000000000000
-12.000000000000000
-12.000000000000000
-12.000000000000000
-12.000000000000000
-12.000000000000000
-12.000000000000000
-11.000000000000000
-11.000000000000000
-11.000000000000000
-11.000000000000000
-11.000000000000000
-11.000000000000000
-11.000000000000000
-11.000000000000000
-10.000000000000000
-10.000000000000000
-10.000000000000000
-10.000000000000000
-10.000000000000000
-10.000000000000000
-10.000000000000000
-10.000000000000000
-9.000000000000000
-9.000000000000000
-9.000000000000000
-9.000000000000000
-9.000000000000000
-9.000000000000000
-9.000000000000000
-9.000000000000000
-8.000000000000000
-8.000000000000000
-8.000000000000000
-8.000000000000000
-8.000000000000000
-8.000000000000000
-8.000000000000000
-8.000000000000000
-7.000000000000000
-7.000000000000000
-7.000000000000000
-7.000000000000000
-7.000000000000000
-7.000000000000000
-6.999999999999990
-7.000000000000000
-6.000000000000000
-6.000000000000000
-6.000000000000000
-6.000000000000000
-6.000000000000000
-6.000000000000000
-6.000000000000000
-6.000000000000000
-5.000000000000000
-5.000000000000000
-5.000000000000000
-5.000000000000000
-5.000000000000000
-5.000000000000000
-5.000000000000000
-5.000000000000000
-4.000000000000000
-4.000000000000000
-4.000000000000000
-4.000000000000000
-4.000000000000000
-4.000000000000000
-4.000000000000000
-4.000000000000000
-3.000000000000010
-3.000000000000000
-3.000000000000000
-3.000000000000000
-3.000000000000010
-3.000000000000000
-3.000000000000010
-3.000000000000000
-2.000000000000000
-2.000000000000000
-2.000000000000000
-2.000000000000000
-2.000000000000000
-2.000000000000000
-1.999999999999990
-2.000000000000000
-1.000000000000000
-1.000000000000000
-0.999999999999998
-0.999999999999999
-1.000000000000000
-1.000000000000000
-1.000000000000000
-1.000000000000000
0.000000000000000
0.000000000000002
0.000000000000002
0.000000000000000
0.000000000000000
0.000000000000000
0.000000000000000
0.000000000000000
1.000000000000000
1.000000000000000
1.000000000000000
1.000000000000000
1.000000000000000
1.000000000000000
1.000000000000000
1.000000000000000
2.000000000000000
2.000000000000000
2.000000000000000
2.000000000000000
2.000000000000000
2.000000000000000
2.000000000000000
2.000000000000000
3.000000000000000
3.000000000000000
3.000000000000000
3.000000000000000
3.000000000000000
3.000000000000000
3.000000000000000
3.000000000000000
4.000000000000000
4.000000000000000
4.000000000000000
4.000000000000000
4.000000000000000
4.000000000000000
4.000000000000000
4.000000000000000
5.000000000000000
5.000000000000000
5.000000000000000
5.000000000000000
5.000000000000000
5.000000000000000
5.000000000000000
5.000000000000000
6.000000000000000
6.000000000000000
6.000000000000000
6.000000000000000
6.000000000000000
6.000000000000000
6.000000000000000
6.000000000000000
6.999999999999990
7.000000000000000
7.000000000000000
7.000000000000000
7.000000000000000
7.000000000000000
7.000000000000000
7.000000000000000
8.000000000000000
8.000000000000000
8.000000000000000
8.000000000000000
8.000000000000000
8.000000000000000
8.000000000000011
8.000000000000000
8.999999999999989
9.000000000000000
9.000000000000000
9.000000000000000
9.000000000000000
9.000000000000000
9.000000000000000
9.000000000000000
10.000000000000000
10.000000000000000
10.000000000000000
10.000000000000000
10.000000000000000
10.000000000000000
10.000000000000000
10.000000000000000
11.000000000000000
11.000000000000000
11.000000000000000
11.000000000000000
11.000000000000000
11.000000000000000
11.000000000000000
11.000000000000000
12.000000000000000
12.000000000000000
12.000000000000000
12.000000000000000
12.000000000000000
12.000000000000000
12.000000000000000
12.000000000000000
13.000000000000000
13.000000000000000
13.000000000000000
13.000000000000000
13.000000000000000
13.000000000000000
13.000000000000000
13.000000000000000
14.000000000000000
14.000000000000000
14.000000000000000
14.000000000000000
14.000000000000000
14.000000000000000
14.000000000000000
14.000000000000000
15.000000000000000
15.000000000000000
15.000000000000000
15.000000000000000
15.000000000000000
15.000000000000000
15.000000000000000
15.000000000000000
16.000000000000000
16.000000000000000
16.000000000000000
16.000000000000000
16.000000000000000
16.000000000000000
16.000000000000000
16.000000000000000
17.000000000000000
17.000000000000000
17.000000000000000
17.000000000000000
17.000000000000000
17.000000000000000
17.000000000000000
17.000000000000000
18.000000000000000
18.000000000000000
18.000000000000000
18.000000000000000
18.000000000000000
18.000000000000000
18.000000000000000
18.000000000000000
19.000000000000000
19.000000000000000
19.000000000000000
19.000000000000000
19.000000000000000
19.000000000000000
19.000000000000000
19.000000000000000
20.000000000000000
20.000000000000000
20.000000000000000
20.000000000000000
20.000000000000000
20.000000000000000
20.000000000000000
20.000000000000000
-20.000000000000000
-19.000000000000000
-20.000000000000000
-19.000000000000000
-20.000000000000000
-19.000000000000000
-20.000000000000000
-19.000000000000000
-20.000000000000000
-19.000000000000000
-20.000000000000000
-19.000000000000000
-20.000000000000000
-19.000000000000000
-20.000000000000000
-19.000000000000000
-18.000000000000000
-18.000000000000000
-18.000000000000000
-18.000000000000000
-18.000000000000000
-18.000000000000000
-18.000000000000000
-18.000000000000000
-17.000000000000000
-17.000000000000000
-17.000000000000000
-17.000000000000000
-17.000000000000000
-17.000000000000000
-17.000000000000000
-17.000000000000000
-16.000000000000000
-16.000000000000000
-16.000000000000000
-16.000000000000000
-16.000000000000000
-16.000000000000000
-16.000000000000000
-16.000000000000000
-15.000000000000000
-15.000000000000000
-15.000000000000000
-15.000000000000000
-15.000000000000000
-15.000000000000000
-15.000000000000000
-15.000000000000000
-14.000000000000000
-14.000000000000000
-14.000000000000000
-14.000000000000000
-14.000000000000000
-14.000000000000000
-14.000000000000000
-14.000000000000000
-13.000000000000000
-13.000000000000000
-13.000000000000000
-13.000000000000000
-13.000000000000000
-13.000000000000000
-13.000000000000000
-13.000000000000000
-12.000000000000000
-12.000000000000000
-12.000000000000000
-12.000000000000000
-12.000000000000000
-12.000000000000000
-12.000000000000000
-12.000000000000000
-11.000000000000000
-11.000000000000000
-11.000000000000000
-11.000000000000000
-11.000000000000000
-11.000000000000000
-11.000000000000000
-11.000000000000000
-10.000000000000000
-10.000000000000000
-10.000000000000000
-10.000000000000000
-10.000000000000000
-10.000000000000000
-10.000000000000000
-10.000000000000000
-9.000000000000000
-9.000000000000000
-9.000000000000000
-9.000000000000000
-9.000000000000000
-9.000000000000000
-9.000000000000000
-9.000000000000000
-8.000000000000000
-8.000000000000000
-8.000000000000000
-8.000000000000000
-8.000000000000000
-8.000000000000000
-8.000000000000000
-8.000000000000000
-7.000000000000000
-7.000000000000000
-7.000000000000000
-7.000000000000000
-7.000000000000000
-7.000000000000000
-7.000000000000000
-7.000000000000000
-6.000000000000000
-6.000000000000000
-6.000000000000000
-6.000000000000000
-6.000000000000000
-6.000000000000000
-6.000000000000000
-6.000000000000000
-5.000000000000000
-5.000000000000000
-5.000000000000000
-5.000000000000000
-5.000000000000000
-5.000000000000000
-5.000000000000000
-5.000000000000000
-4.000000000000000
-4.000000000000000
-4.000000000000000
-4.000000000000000
-4.000000000000000
-4.000000000000000
-4.000000000000000
-4.000000000000000
-3.000000000000000
-3.000000000000000
-3.000000000000000
-3.000000000000000
-3.000000000000000
-3.000000000000000
-3.000000000000000
-3.000000000000000
-2.000000000000000
-2.000000000000000
-2.000000000000000
-2.000000000000000
-2.000000000000000
-2.000000000000000
-2.000000000000000
-2.000000000000000
-1.000000000000000
-0.999999999999999
-1.000000000000000
-1.000000000000000
-1.000000000000000
-0.999999999999999
-1.000000000000000
-1.000000000000000
0.000000000000000
0.000000000000000
0.000000000000000
0.000000000000000
0.000000000000000
0.000000000000000
0.000000000000000
0.000000000000000
1.000000000000000
0.999999999999999
1.000000000000000
1.000000000000000
1.000000000000000
0.999999999999999
1.000000000000000
1.000000000000000
2.000000000000000
2.000000000000000
2.000000000000000
2.000000000000000
2.000000000000000
2.000000000000000
2.000000000000000
2.000000000000000
3.000000000000000
3.000000000000000
3.000000000000000
3.000000000000000
3.000000000000000
3.000000000000000
3.000000000000000
3.000000000000000
4.000000000000000
4.000000000000000
4.000000000000000
4.000000000000000
4.000000000000000
4.000000000000000
4.000000000000000
4.000000000000000
5.000000000000000
5.000000000000000
5.000000000000000
5.000000000000000
5.000000000000000
5.000000000000000
5.000000000000000
5.000000000000000
6.000000000000000
6.000000000000000
6.000000000000000
6.000000000000000
6.000000000000000
6.000000000000000
6.000000000000000
6.000000000000000
7.000000000000000
7.000000000000000
7.000000000000000
7.000000000000000
7.000000000000000
7.000000000000000
7.000000000000000
7.000000000000000
8.000000000000000
8.000000000000000
8.000000000000000
8.000000000000000
8.000000000000000
8.000000000000000
8.000000000000000
8.000000000000000
9.000000000000000
9.000000000000000
9.000000000000000
9.000000000000000
9.000000000000000
9.000000000000000
9.000000000000000
9.000000000000000
10.000000000000000
10.000000000000000
10.000000000000000
10.000000000000000
10.000000000000000
10.000000000000000
10.000000000000000
10.000000000000000
11.000000000000000
11.000000000000000
11.000000000000000
11.000000000000000
11.000000000000000
11.000000000000000
11.000000000000000
11.000000000000000
12.000000000000000
12.000000000000000
12.000000000000000
12.000000000000000
12.000000000000000
12.000000000000000
12.000000000000000
12.000000000000000
13.000000000000000
13.000000000000000
13.000000000000000
13.000000000000000
13.000000000000000
13.000000000000000
13.000000000000000
13.000000000000000
14.000000000000000
14.000000000000000
14.000000000000000
14.000000000000000
14.000000000000000
14.000000000000000
14.000000000000000
14.000000000000000
15.000000000000000
15.000000000000000
15.000000000000000
15.000000000000000
15.000000000000000
15.000000000000000
15.000000000000000
15.000000000000000
16.000000000000000
16.000000000000000
16.000000000000000
16.000000000000000
16.000000000000000
16.000000000000000
16.000000000000000
16.000000000000000
17.000000000000000
17.000000000000000
17.000000000000000
17.000000000000000
17.000000000000000
17.000000000000000
17.000000000000000
17.000000000000000
18.000000000000000
18.000000000000000
18.000000000000000
18.000000000000000
18.000000000000000
18.000000000000000
18.000000000000000
18.000000000000000
19.000000000000000
19.000000000000000
19.000000000000000
19.000000000000000
19.000000000000000
19.000000000000000
19.000000000000000
19.000000000000000
20.000000000000000
20.000000000000000
20.000000000000000
20.000000000000000
20.000000000000000
20.000000000000000
20.000000000000000
20.000000000000000
